pid,x,y,z,T,speed
0,432.8,184.0,257.5,19.43,1.291
0,426.6,185.7,257.1,20.51,1.124
0,420.4,187.4,256.6,20.51,0.805
0,417.7,189.8,265.9,20.26,0.805
0,414.8,192.4,267.0,20.20,1.615
0,411.9,192.1,267.0,20.20,1.703
0,409.0,194.7,267.0,20.20,1.703
0,409.0,194.5,267.0,20.20,1.703
0,409.0,194.2,267.0,20.20,1.703
0,409.0,193.9,267.0,20.20,1.703
0,409.0,193.6,267.0,20.20,1.703
0,409.0,193.4,267.0,20.20,1.703
0,409.0,193.1,267.0,20.20,1.703
0,409.0,192.8,267.0,20.20,1.703
0,409.0,192.5,267.0,20.20,1.703
0,409.0,192.3,267.0,20.20,1.703
0,409.0,192.0,267.0,20.26,1.703
0,409.0,191.7,267.0,20.26,1.615
0,409.0,191.4,267.0,20.26,1.615
0,409.0,191.2,267.0,20.26,1.615
0,409.0,190.9,267.0,20.26,1.615
0,409.0,190.6,267.0,20.26,1.615
0,409.0,193.3,267.0,20.20,1.615
0,409.0,193.0,267.0,20.20,1.703
0,409.0,192.7,267.0,20.20,1.703
0,409.0,192.5,267.0,20.20,1.703
0,409.0,192.2,267.0,20.20,1.703
0,409.0,191.9,267.0,20.26,1.703
0,409.0,191.6,267.0,20.26,1.615
0,409.0,191.3,267.0,20.26,1.615
0,409.0,191.1,267.0,20.26,1.615
0,409.0,190.8,267.0,20.26,1.615
0,409.0,190.5,267.0,20.26,1.615
0,409.0,193.2,267.0,20.20,1.615
0,409.0,192.9,267.0,20.20,1.703
0,409.0,192.7,267.0,20.20,1.703
0,409.0,192.4,267.0,20.20,1.703
0,409.0,192.1,267.0,20.20,1.703
0,409.0,194.8,267.0,20.20,1.703
0,409.0,194.5,267.0,20.20,1.703
0,409.0,194.2,267.0,20.20,1.703
0,409.0,193.9,267.0,20.20,1.703
0,409.0,193.7,267.0,20.20,1.703
0,409.0,193.4,267.0,20.20,1.703
0,409.0,193.1,267.0,20.20,1.703
0,409.0,192.8,267.0,20.20,1.703
0,409.0,192.6,267.0,20.20,1.703
0,409.0,192.3,267.0,20.20,1.703
0,409.0,192.0,267.0,20.20,1.703
0,409.0,194.7,267.0,20.20,1.703
0,409.0,194.4,267.0,20.20,1.703
0,409.0,194.1,267.0,20.20,1.703
0,409.0,193.9,267.0,20.20,1.703
0,409.0,193.6,267.0,20.20,1.703
0,409.0,193.3,267.0,20.20,1.703
0,409.0,193.0,267.0,20.20,1.703
0,409.0,192.8,267.0,20.20,1.703
0,409.0,192.5,267.0,20.20,1.703
0,409.0,192.2,267.0,20.20,1.703
0,409.0,191.9,267.0,20.26,1.703
0,409.0,191.7,267.0,20.26,1.615
0,409.0,191.4,267.0,20.26,1.615
0,409.0,191.1,267.0,20.26,1.615
0,409.0,190.8,267.0,20.26,1.615
0,409.0,190.6,267.0,20.26,1.615
0,409.0,193.2,267.0,20.20,1.615
0,409.0,193.0,267.0,20.20,1.703
0,409.0,192.7,267.0,20.20,1.703
0,409.0,192.4,267.0,20.20,1.703
0,409.0,192.1,267.0,20.20,1.703
0,409.0,194.8,267.0,20.20,1.703
0,409.0,194.5,267.0,20.20,1.703
0,409.0,194.2,267.0,20.20,1.703
0,409.0,194.0,267.0,20.20,1.703
0,409.0,193.7,267.0,20.20,1.703
0,409.0,193.4,267.0,20.20,1.703
0,409.0,193.2,267.0,20.20,1.703
0,409.0,192.9,267.0,20.20,1.703
0,409.0,192.6,267.0,20.20,1.703
0,409.0,192.3,267.0,20.20,1.703
0,409.0,192.1,267.0,20.20,1.703
0,409.0,194.7,267.0,20.20,1.703
0,409.0,194.4,267.0,20.20,1.703
0,409.0,194.2,267.0,20.20,1.703
0,409.0,193.9,267.0,20.20,1.703
0,409.0,193.6,267.0,20.20,1.703
0,409.0,193.3,267.0,20.20,1.703
0,409.0,193.1,267.0,20.20,1.703
0,409.0,192.8,267.0,20.20,1.703
0,409.0,192.5,267.0,20.20,1.703
0,409.0,192.2,267.0,20.20,1.703
0,409.0,192.0,267.0,20.26,1.703
0,409.0,191.7,267.0,20.26,1.615
0,409.0,191.4,267.0,20.26,1.615
0,409.0,191.1,267.0,20.26,1.615
0,409.0,190.9,267.0,20.26,1.615
0,409.0,190.6,267.0,20.26,1.615
0,409.0,193.3,267.0,20.20,1.615
0,409.0,193.0,267.0,20.20,1.703
0,409.0,192.7,267.0,20.20,1.703
0,409.0,192.4,267.0,20.20,1.703
0,409.0,192.2,267.0,20.20,1.703
0,409.0,191.9,267.0,20.26,1.703
0,409.0,191.6,267.0,20.26,1.615
0,409.0,191.3,267.0,20.26,1.615
0,409.0,191.1,267.0,20.26,1.615
0,409.0,190.8,267.0,20.26,1.615
0,409.0,190.5,267.0,20.26,1.615
0,409.0,193.2,267.0,20.20,1.615
0,409.0,192.9,267.0,20.20,1.703
0,409.0,192.6,267.0,20.20,1.703
0,409.0,192.4,267.0,20.20,1.703
0,409.0,192.1,267.0,20.20,1.703
0,409.0,194.8,267.0,20.20,1.703
0,409.0,194.5,267.0,20.20,1.703
0,409.0,194.2,267.0,20.20,1.703
0,409.0,193.9,267.0,20.20,1.703
0,409.0,193.7,267.0,20.20,1.703
0,409.0,193.4,267.0,20.20,1.703
0,409.0,193.1,267.0,20.20,1.703
0,409.0,192.8,267.0,20.20,1.703
0,409.0,192.6,267.0,20.20,1.703
0,409.0,192.3,267.0,20.20,1.703
0,409.0,192.0,267.0,20.20,1.703
0,409.0,194.7,267.0,20.20,1.703
0,409.0,194.4,267.0,20.20,1.703
0,409.0,194.1,267.0,20.20,1.703
0,409.0,193.8,267.0,20.20,1.703
0,409.0,193.6,267.0,20.20,1.703
0,409.0,193.3,267.0,20.20,1.703
0,409.0,193.0,267.0,20.20,1.703
0,409.0,192.8,267.0,20.20,1.703
0,409.0,192.5,267.0,20.20,1.703
0,409.0,192.2,267.0,20.20,1.703
0,409.0,191.9,267.0,20.26,1.703
0,409.0,191.7,267.0,20.26,1.615
0,409.0,191.4,267.0,20.26,1.615
0,409.0,191.1,267.0,20.26,1.615
0,409.0,190.8,267.0,20.26,1.615
0,409.0,190.6,267.0,20.26,1.615
0,409.0,193.2,267.0,20.20,1.615
0,409.0,192.9,267.0,20.20,1.703
0,409.0,192.7,267.0,20.20,1.703
0,409.0,192.4,267.0,20.20,1.703
0,409.0,192.1,267.0,20.20,1.703
0,409.0,194.8,267.0,20.20,1.703
0,409.0,194.5,267.0,20.20,1.703
0,409.0,194.2,267.0,20.20,1.703
0,409.0,194.0,267.0,20.20,1.703
0,409.0,193.7,267.0,20.20,1.703
0,409.0,193.4,267.0,20.20,1.703
0,409.0,193.1,267.0,20.20,1.703
0,409.0,192.9,267.0,20.20,1.703
0,409.0,192.6,267.0,20.20,1.703
0,409.0,192.3,267.0,20.20,1.703
0,409.0,192.0,267.0,20.20,1.703
0,409.0,194.7,267.0,20.20,1.703
0,409.0,194.4,267.0,20.20,1.703
0,409.0,194.2,267.0,20.20,1.703
0,409.0,193.9,267.0,20.20,1.703
6,356.2,214.1,259.9,22.48,0.837
6,359.3,213.5,254.9,22.48,0.744
6,365.4,211.3,254.5,19.42,0.744
6,371.5,209.1,254.1,19.42,0.816
6,376.3,206.5,260.2,20.37,0.816
6,381.0,203.8,266.4,19.71,1.023
6,386.1,203.5,267.0,20.20,1.261
6,389.0,203.2,267.0,20.20,1.703
6,391.9,202.9,267.0,20.20,1.703
6,394.8,202.6,267.0,20.20,1.703
6,394.8,202.3,267.0,20.20,1.703
6,394.8,202.1,267.0,20.20,1.703
6,394.8,201.8,267.0,20.20,1.703
6,394.8,201.5,267.0,20.20,1.703
6,394.8,201.2,267.0,20.20,1.703
6,394.8,201.0,267.0,20.20,1.703
6,394.8,200.7,267.0,20.20,1.703
6,394.8,200.4,267.0,20.20,1.703
6,394.8,200.1,267.0,20.20,1.703
6,394.8,199.9,267.0,20.20,1.703
6,394.8,199.6,267.0,20.20,1.703
6,394.8,199.3,267.0,20.20,1.703
6,394.8,199.0,267.0,20.20,1.703
6,394.8,198.8,267.0,20.20,1.703
6,394.8,198.5,267.0,20.20,1.703
6,394.8,198.2,267.0,20.20,1.703
6,394.8,197.9,267.0,20.20,1.703
6,394.8,197.7,267.0,20.20,1.703
6,394.8,197.4,267.0,20.20,1.703
6,394.8,197.1,267.0,20.20,1.703
6,394.8,196.8,267.0,20.20,1.703
6,394.8,196.6,267.0,20.20,1.703
6,394.8,196.3,267.0,20.20,1.703
6,394.8,196.0,267.0,20.20,1.703
6,394.8,195.7,267.0,20.20,1.703
6,394.8,195.5,267.0,20.20,1.703
6,394.8,195.2,267.0,20.20,1.703
6,394.8,194.9,267.0,20.20,1.703
6,394.8,194.6,267.0,20.20,1.703
6,394.8,194.4,267.0,20.20,1.703
6,394.8,194.1,267.0,20.20,1.703
6,394.8,193.8,267.0,20.20,1.703
6,394.8,193.5,267.0,20.20,1.703
6,394.8,193.3,267.0,20.20,1.703
6,394.8,193.0,267.0,20.20,1.703
6,394.8,192.7,267.0,20.20,1.703
6,394.8,192.4,267.0,20.20,1.703
6,394.8,192.2,267.0,20.20,1.703
6,394.8,191.9,267.0,20.26,1.703
6,394.8,191.6,267.0,20.26,1.615
6,394.8,191.3,267.0,20.26,1.615
6,394.8,191.1,267.0,20.26,1.615
6,394.8,190.8,267.0,20.26,1.615
6,394.8,190.5,267.0,20.26,1.615
6,394.8,193.2,267.0,20.20,1.615
6,394.8,192.9,267.0,20.20,1.703
6,394.8,192.6,267.0,20.20,1.703
6,394.8,192.3,267.0,20.20,1.703
6,394.8,192.1,267.0,20.20,1.703
6,394.8,194.8,267.0,20.20,1.703
6,394.8,194.5,267.0,20.20,1.703
6,394.8,194.2,267.0,20.20,1.703
6,394.8,193.9,267.0,20.20,1.703
6,394.8,193.7,267.0,20.20,1.703
6,394.8,193.4,267.0,20.20,1.703
6,394.8,193.1,267.0,20.20,1.703
6,394.8,192.8,267.0,20.20,1.703
6,394.8,192.6,267.0,20.20,1.703
6,394.8,192.3,267.0,20.20,1.703
6,394.8,192.0,267.0,20.20,1.703
6,394.8,191.7,267.0,20.26,1.615
6,394.8,191.4,267.0,20.26,1.615
6,394.8,191.2,267.0,20.26,1.615
6,394.8,190.9,267.0,20.26,1.615
6,394.8,190.6,267.0,20.26,1.615
6,394.8,193.3,267.0,20.20,1.615
6,394.8,193.0,267.0,20.20,1.703
6,394.8,192.7,267.0,20.20,1.703
6,394.8,192.5,267.0,20.20,1.703
6,394.8,192.2,267.0,20.20,1.703
6,394.8,191.9,267.0,20.26,1.703
6,394.8,191.6,267.0,20.26,1.615
6,394.8,191.4,267.0,20.26,1.615
6,394.8,191.1,267.0,20.26,1.615
6,394.8,190.8,267.0,20.26,1.615
6,394.8,190.5,267.0,20.26,1.615
6,394.8,193.2,267.0,20.20,1.615
6,394.8,192.9,267.0,20.20,1.703
6,394.8,192.7,267.0,20.20,1.703
6,394.8,192.4,267.0,20.20,1.703
6,394.8,192.1,267.0,20.20,1.703
6,394.8,194.8,267.0,20.20,1.703
6,394.8,194.5,267.0,20.20,1.703
6,394.8,194.2,267.0,20.20,1.703
6,394.8,193.9,267.0,20.20,1.703
6,394.8,193.7,267.0,20.20,1.703
6,394.8,193.4,267.0,20.20,1.703
6,394.8,193.1,267.0,20.20,1.703
6,394.8,192.9,267.0,20.20,1.703
6,394.8,192.6,267.0,20.20,1.703
6,394.8,192.3,267.0,20.20,1.703
6,394.8,192.0,267.0,20.20,1.703
6,394.8,194.7,267.0,20.20,1.703
6,394.8,194.4,267.0,20.20,1.703
6,394.8,194.2,267.0,20.20,1.703
6,394.8,193.9,267.0,20.20,1.703
6,394.8,193.6,267.0,20.20,1.703
6,394.8,193.3,267.0,20.20,1.703
6,394.8,193.1,267.0,20.20,1.703
6,394.8,192.8,267.0,20.20,1.703
6,394.8,192.5,267.0,20.20,1.703
6,394.8,192.2,267.0,20.20,1.703
6,394.8,191.9,267.0,20.26,1.703
6,394.8,191.7,267.0,20.26,1.615
6,394.8,191.4,267.0,20.26,1.615
6,394.8,191.1,267.0,20.26,1.615
6,394.8,190.9,267.0,20.26,1.615
6,394.8,190.6,267.0,20.26,1.615
6,394.8,193.2,267.0,20.20,1.615
6,394.8,193.0,267.0,20.20,1.703
6,394.8,192.7,267.0,20.20,1.703
6,394.8,192.4,267.0,20.20,1.703
6,394.8,192.1,267.0,20.20,1.703
6,394.8,194.8,267.0,20.20,1.703
6,394.8,194.5,267.0,20.20,1.703
6,394.8,194.3,267.0,20.20,1.703
6,394.8,194.0,267.0,20.20,1.703
6,394.8,193.7,267.0,20.20,1.703
6,394.8,193.4,267.0,20.20,1.703
6,394.8,193.2,267.0,20.20,1.703
6,394.8,192.9,267.0,20.20,1.703
6,394.8,192.6,267.0,20.20,1.703
6,394.8,192.3,267.0,20.20,1.703
6,394.8,192.1,267.0,20.20,1.703
6,394.8,194.7,267.0,20.20,1.703
6,394.8,194.5,267.0,20.20,1.703
6,394.8,194.2,267.0,20.20,1.703
6,394.8,193.9,267.0,20.20,1.703
6,394.8,193.6,267.0,20.20,1.703
6,394.8,193.4,267.0,20.20,1.703
6,394.8,193.1,267.0,20.20,1.703
6,394.8,192.8,267.0,20.20,1.703
6,394.8,192.5,267.0,20.20,1.703
6,394.8,192.3,267.0,20.20,1.703
6,394.8,192.0,267.0,20.26,1.703
6,394.8,191.7,267.0,20.26,1.615
6,394.8,191.4,267.0,20.26,1.615
6,394.8,191.2,267.0,20.26,1.615
6,394.8,190.9,267.0,20.26,1.615
6,394.8,190.6,267.0,20.26,1.615
6,394.8,193.3,267.0,20.20,1.615
6,394.8,193.0,267.0,20.20,1.703
6,394.8,192.7,267.0,20.20,1.703
6,394.8,192.5,267.0,20.20,1.703
6,394.8,192.2,267.0,20.20,1.703
6,394.8,191.9,267.0,20.26,1.703
6,394.8,191.6,267.0,20.26,1.615
6,394.8,191.3,267.0,20.26,1.615
6,394.8,191.1,267.0,20.26,1.615
6,394.8,190.8,267.0,20.26,1.615
12,351.5,211.8,259.9,22.48,0.837
12,354.6,211.1,254.9,22.48,0.744
12,357.6,210.5,249.8,23.24,0.744
12,360.1,209.7,246.1,20.59,0.568
12,365.1,208.3,244.9,20.59,0.662
12,370.0,206.9,243.8,20.59,0.662
12,373.9,205.0,246.2,20.84,0.662
12,377.7,203.2,248.7,20.46,0.616
12,382.0,202.8,251.1,20.46,0.615
12,384.8,202.5,261.1,20.29,0.615
12,387.7,202.2,267.0,20.20,1.306
12,390.6,201.9,267.0,20.20,1.703
12,393.5,201.6,267.0,20.20,1.703
12,396.5,201.3,267.0,20.33,1.703
12,396.5,201.1,267.0,20.33,1.844
12,396.5,200.8,267.0,20.33,1.844
12,396.5,200.5,267.0,20.33,1.844
12,396.5,200.2,267.0,20.33,1.844
12,396.5,200.0,267.0,20.33,1.844
12,396.5,199.7,267.0,20.33,1.844
12,396.5,199.4,267.0,20.33,1.844
12,396.5,199.1,267.0,20.33,1.844
12,396.5,198.9,267.0,20.33,1.844
12,396.5,198.6,267.0,20.33,1.844
12,396.5,198.3,267.0,20.33,1.844
12,396.5,198.0,267.0,20.33,1.844
12,396.5,197.8,267.0,20.33,1.844
12,396.5,197.5,267.0,20.33,1.844
12,396.5,197.2,267.0,20.33,1.844
12,396.5,196.9,267.0,20.33,1.844
12,396.5,196.7,267.0,20.33,1.844
12,396.5,196.4,267.0,20.33,1.844
12,396.5,196.1,267.0,20.33,1.844
12,396.5,195.8,267.0,20.33,1.844
12,396.5,195.6,267.0,20.33,1.844
12,396.5,195.3,267.0,20.33,1.844
12,396.5,195.0,267.0,20.33,1.844
12,396.5,194.7,267.0,20.33,1.844
12,396.5,194.5,267.0,20.33,1.844
12,396.5,194.2,267.0,20.33,1.844
12,396.5,193.9,267.0,20.33,1.844
12,396.5,193.6,267.0,20.33,1.844
12,396.5,193.4,267.0,20.33,1.844
12,396.5,193.1,267.0,20.33,1.844
12,396.5,192.8,267.0,20.33,1.844
12,396.5,192.5,267.0,20.33,1.844
12,396.5,192.3,267.0,20.33,1.844
12,396.5,192.0,267.0,19.96,1.844
12,396.5,191.7,267.0,19.96,1.720
12,396.5,191.4,267.0,19.96,1.720
12,396.5,191.2,267.0,19.96,1.720
12,396.5,190.9,267.0,19.96,1.720
12,396.5,190.6,267.0,19.96,1.720
12,396.5,193.3,267.0,20.33,1.720
12,396.5,193.0,267.0,20.33,1.844
12,396.5,192.7,267.0,20.33,1.844
12,396.5,192.5,267.0,20.33,1.844
12,396.5,192.2,267.0,20.33,1.844
12,396.5,191.9,267.0,19.96,1.844
12,396.5,191.6,267.0,19.96,1.720
12,396.5,191.3,267.0,19.96,1.720
12,396.5,191.1,267.0,19.96,1.720
12,396.5,190.8,267.0,19.96,1.720
12,396.5,190.5,267.0,19.96,1.720
12,396.5,193.2,267.0,20.33,1.720
12,396.5,192.9,267.0,20.33,1.844
12,396.5,192.6,267.0,20.33,1.844
12,396.5,192.4,267.0,20.33,1.844
12,396.5,192.1,267.0,20.33,1.844
12,396.5,194.8,267.0,20.33,1.844
12,396.5,194.5,267.0,20.33,1.844
12,396.5,194.2,267.0,20.33,1.844
12,396.5,193.9,267.0,20.33,1.844
12,396.5,193.7,267.0,20.33,1.844
12,396.5,193.4,267.0,20.33,1.844
12,396.5,193.1,267.0,20.33,1.844
12,396.5,192.8,267.0,20.33,1.844
12,396.5,192.6,267.0,20.33,1.844
12,396.5,192.3,267.0,20.33,1.844
12,396.5,192.0,267.0,20.33,1.844
12,396.5,194.7,267.0,20.33,1.844
12,396.5,194.4,267.0,20.33,1.844
12,396.5,194.1,267.0,20.33,1.844
12,396.5,193.9,267.0,20.33,1.844
12,396.5,193.6,267.0,20.33,1.844
12,396.5,193.3,267.0,20.33,1.844
12,396.5,193.0,267.0,20.33,1.844
12,396.5,192.8,267.0,20.33,1.844
12,396.5,192.5,267.0,20.33,1.844
12,396.5,192.2,267.0,20.33,1.844
12,396.5,191.9,267.0,19.96,1.844
12,396.5,191.7,267.0,19.96,1.720
12,396.5,191.4,267.0,19.96,1.720
12,396.5,191.1,267.0,19.96,1.720
12,396.5,190.8,267.0,19.96,1.720
12,396.5,190.6,267.0,19.96,1.720
12,396.5,193.2,267.0,20.33,1.720
12,396.5,192.9,267.0,20.33,1.844
12,396.5,192.7,267.0,20.33,1.844
12,396.5,192.4,267.0,20.33,1.844
12,396.5,192.1,267.0,20.33,1.844
12,396.5,194.8,267.0,20.33,1.844
12,396.5,194.5,267.0,20.33,1.844
12,396.5,194.2,267.0,20.33,1.844
12,396.5,194.0,267.0,20.33,1.844
12,396.5,193.7,267.0,20.33,1.844
12,396.5,193.4,267.0,20.33,1.844
12,396.5,193.2,267.0,20.33,1.844
12,396.5,192.9,267.0,20.33,1.844
12,396.5,192.6,267.0,20.33,1.844
12,396.5,192.3,267.0,20.33,1.844
12,396.5,192.1,267.0,20.33,1.844
12,396.5,194.7,267.0,20.33,1.844
12,396.5,194.4,267.0,20.33,1.844
12,396.5,194.2,267.0,20.33,1.844
12,396.5,193.9,267.0,20.33,1.844
12,396.5,193.6,267.0,20.33,1.844
12,396.5,193.3,267.0,20.33,1.844
12,396.5,193.1,267.0,20.33,1.844
12,396.5,192.8,267.0,20.33,1.844
12,396.5,192.5,267.0,20.33,1.844
12,396.5,192.2,267.0,20.33,1.844
12,396.5,192.0,267.0,19.96,1.844
12,396.5,191.7,267.0,19.96,1.720
12,396.5,191.4,267.0,19.96,1.720
12,396.5,191.1,267.0,19.96,1.720
12,396.5,190.9,267.0,19.96,1.720
12,396.5,190.6,267.0,19.96,1.720
12,396.5,193.3,267.0,20.33,1.720
12,396.5,193.0,267.0,20.33,1.844
12,396.5,192.7,267.0,20.33,1.844
12,396.5,192.4,267.0,20.33,1.844
12,396.5,192.2,267.0,20.33,1.844
12,396.5,191.9,267.0,19.96,1.844
12,396.5,191.6,267.0,19.96,1.720
12,396.5,191.3,267.0,19.96,1.720
12,396.5,191.1,267.0,19.96,1.720
12,396.5,190.8,267.0,19.96,1.720
12,396.5,190.5,267.0,19.96,1.720
12,396.5,193.2,267.0,20.33,1.720
12,396.5,192.9,267.0,20.33,1.844
12,396.5,192.6,267.0,20.33,1.844
12,396.5,192.3,267.0,20.33,1.844
12,396.5,192.1,267.0,20.33,1.844
12,396.5,194.8,267.0,20.33,1.844
12,396.5,194.5,267.0,20.33,1.844
12,396.5,194.2,267.0,20.33,1.844
12,396.5,193.9,267.0,20.33,1.844
12,396.5,193.7,267.0,20.33,1.844
12,396.5,193.4,267.0,20.33,1.844
12,396.5,193.1,267.0,20.33,1.844
12,396.5,192.8,267.0,20.33,1.844
12,396.5,192.6,267.0,20.33,1.844
12,396.5,192.3,267.0,20.33,1.844
12,396.5,192.0,267.0,20.33,1.844
12,396.5,191.7,267.0,19.96,1.720
12,396.5,191.5,267.0,19.96,1.720
12,396.5,191.2,267.0,19.96,1.720
12,396.5,190.9,267.0,19.96,1.720
12,396.5,190.6,267.0,19.96,1.720
18,389.5,164.6,257.5,19.01,1.280
18,390.5,169.3,250.0,20.47,1.113
18,391.8,174.1,248.9,20.47,0.630
18,393.0,178.8,247.7,20.47,0.630
18,395.2,180.6,252.1,20.34,0.630
18,395.2,183.1,262.4,20.34,1.247
18,395.2,185.8,267.0,20.26,1.247
18,395.2,188.4,267.0,20.26,1.615
18,395.2,191.1,267.0,20.26,1.615
18,395.2,190.8,267.0,20.26,1.615
18,395.2,190.6,267.0,20.26,1.615
18,395.2,193.2,267.0,20.20,1.615
18,395.2,193.0,267.0,20.20,1.703
18,395.2,192.7,267.0,20.20,1.703
18,395.2,192.4,267.0,20.20,1.703
18,395.2,192.1,267.0,20.20,1.703
18,395.2,194.8,267.0,20.20,1.703
18,395.2,194.5,267.0,20.20,1.703
18,395.2,194.2,267.0,20.20,1.703
18,395.2,194.0,267.0,20.20,1.703
18,395.2,193.7,267.0,20.20,1.703
18,395.2,193.4,267.0,20.20,1.703
18,395.2,193.2,267.0,20.20,1.703
18,395.2,192.9,267.0,20.20,1.703
18,395.2,192.6,267.0,20.20,1.703
18,395.2,192.3,267.0,20.20,1.703
18,395.2,192.1,267.0,20.20,1.703
18,395.2,194.7,267.0,20.20,1.703
18,395.2,194.4,267.0,20.20,1.703
18,395.2,194.2,267.0,20.20,1.703
18,395.2,193.9,267.0,20.20,1.703
18,395.2,193.6,267.0,20.20,1.703
18,395.2,193.3,267.0,20.20,1.703
18,395.2,193.1,267.0,20.20,1.703
18,395.2,192.8,267.0,20.20,1.703
18,395.2,192.5,267.0,20.20,1.703
18,395.2,192.2,267.0,20.20,1.703
18,395.2,192.0,267.0,20.26,1.703
18,395.2,191.7,267.0,20.26,1.615
18,395.2,191.4,267.0,20.26,1.615
18,395.2,191.1,267.0,20.26,1.615
18,395.2,190.9,267.0,20.26,1.615
18,395.2,190.6,267.0,20.26,1.615
18,395.2,193.3,267.0,20.20,1.615
18,395.2,193.0,267.0,20.20,1.703
18,395.2,192.7,267.0,20.20,1.703
18,395.2,192.4,267.0,20.20,1.703
18,395.2,192.2,267.0,20.20,1.703
18,395.2,191.9,267.0,20.26,1.703
18,395.2,191.6,267.0,20.26,1.615
18,395.2,191.3,267.0,20.26,1.615
18,395.2,191.1,267.0,20.26,1.615
18,395.2,190.8,267.0,20.26,1.615
18,395.2,190.5,267.0,20.26,1.615
18,395.2,193.2,267.0,20.20,1.615
18,395.2,192.9,267.0,20.20,1.703
18,395.2,192.6,267.0,20.20,1.703
18,395.2,192.4,267.0,20.20,1.703
18,395.2,192.1,267.0,20.20,1.703
18,395.2,194.8,267.0,20.20,1.703
18,395.2,194.5,267.0,20.20,1.703
18,395.2,194.2,267.0,20.20,1.703
18,395.2,193.9,267.0,20.20,1.703
18,395.2,193.7,267.0,20.20,1.703
18,395.2,193.4,267.0,20.20,1.703
18,395.2,193.1,267.0,20.20,1.703
18,395.2,192.8,267.0,20.20,1.703
18,395.2,192.6,267.0,20.20,1.703
18,395.2,192.3,267.0,20.20,1.703
18,395.2,192.0,267.0,20.20,1.703
18,395.2,194.7,267.0,20.20,1.703
18,395.2,194.4,267.0,20.20,1.703
18,395.2,194.1,267.0,20.20,1.703
18,395.2,193.8,267.0,20.20,1.703
18,395.2,193.6,267.0,20.20,1.703
18,395.2,193.3,267.0,20.20,1.703
18,395.2,193.0,267.0,20.20,1.703
18,395.2,192.8,267.0,20.20,1.703
18,395.2,192.5,267.0,20.20,1.703
18,395.2,192.2,267.0,20.20,1.703
18,395.2,191.9,267.0,20.26,1.703
18,395.2,191.7,267.0,20.26,1.615
18,395.2,191.4,267.0,20.26,1.615
18,395.2,191.1,267.0,20.26,1.615
18,395.2,190.8,267.0,20.26,1.615
18,395.2,190.6,267.0,20.26,1.615
18,395.2,193.2,267.0,20.20,1.615
18,395.2,192.9,267.0,20.20,1.703
18,395.2,192.7,267.0,20.20,1.703
18,395.2,192.4,267.0,20.20,1.703
18,395.2,192.1,267.0,20.20,1.703
18,395.2,194.8,267.0,20.20,1.703
18,395.2,194.5,267.0,20.20,1.703
18,395.2,194.2,267.0,20.20,1.703
18,395.2,194.0,267.0,20.20,1.703
18,395.2,193.7,267.0,20.20,1.703
18,395.2,193.4,267.0,20.20,1.703
18,395.2,193.1,267.0,20.20,1.703
18,395.2,192.9,267.0,20.20,1.703
18,395.2,192.6,267.0,20.20,1.703
18,395.2,192.3,267.0,20.20,1.703
18,395.2,192.0,267.0,20.20,1.703
18,395.2,194.7,267.0,20.20,1.703
18,395.2,194.4,267.0,20.20,1.703
18,395.2,194.2,267.0,20.20,1.703
18,395.2,193.9,267.0,20.20,1.703
18,395.2,193.6,267.0,20.20,1.703
18,395.2,193.3,267.0,20.20,1.703
18,395.2,193.1,267.0,20.20,1.703
18,395.2,192.8,267.0,20.20,1.703
18,395.2,192.5,267.0,20.20,1.703
18,395.2,192.2,267.0,20.20,1.703
18,395.2,191.9,267.0,20.26,1.703
18,395.2,191.7,267.0,20.26,1.615
18,395.2,191.4,267.0,20.26,1.615
18,395.2,191.1,267.0,20.26,1.615
18,395.2,190.9,267.0,20.26,1.615
18,395.2,190.6,267.0,20.26,1.615
18,395.2,193.2,267.0,20.20,1.615
18,395.2,193.0,267.0,20.20,1.703
18,395.2,192.7,267.0,20.20,1.703
18,395.2,192.4,267.0,20.20,1.703
18,395.2,192.2,267.0,20.20,1.703
18,395.2,194.8,267.0,20.20,1.703
18,395.2,194.6,267.0,20.20,1.703
18,395.2,194.3,267.0,20.20,1.703
18,395.2,194.0,267.0,20.20,1.703
18,395.2,193.7,267.0,20.20,1.703
18,395.2,193.4,267.0,20.20,1.703
18,395.2,193.2,267.0,20.20,1.703
18,395.2,192.9,267.0,20.20,1.703
18,395.2,192.6,267.0,20.20,1.703
18,395.2,192.3,267.0,20.20,1.703
18,395.2,192.1,267.0,20.20,1.703
18,395.2,194.7,267.0,20.20,1.703
18,395.2,194.5,267.0,20.20,1.703
18,395.2,194.2,267.0,20.20,1.703
18,395.2,193.9,267.0,20.20,1.703
18,395.2,193.6,267.0,20.20,1.703
18,395.2,193.4,267.0,20.20,1.703
18,395.2,193.1,267.0,20.20,1.703
18,395.2,192.8,267.0,20.20,1.703
18,395.2,192.5,267.0,20.20,1.703
18,395.2,192.3,267.0,20.20,1.703
18,395.2,192.0,267.0,20.26,1.703
18,395.2,191.7,267.0,20.26,1.615
18,395.2,191.4,267.0,20.26,1.615
18,395.2,191.2,267.0,20.26,1.615
18,395.2,190.9,267.0,20.26,1.615
18,395.2,190.6,267.0,20.26,1.615
18,395.2,193.3,267.0,20.20,1.615
18,395.2,193.0,267.0,20.20,1.703
18,395.2,192.7,267.0,20.20,1.703
18,395.2,192.5,267.0,20.20,1.703
18,395.2,192.2,267.0,20.20,1.703
18,395.2,191.9,267.0,20.26,1.703
18,395.2,191.6,267.0,20.26,1.615
18,395.2,191.4,267.0,20.26,1.615
18,395.2,191.1,267.0,20.26,1.615
18,395.2,190.8,267.0,20.26,1.615
24,425.7,227.9,264.5,21.08,1.017
24,419.2,223.2,264.4,20.21,0.997
24,416.3,218.1,267.0,20.21,1.250
24,413.4,214.9,267.0,20.33,1.250
24,410.5,211.8,267.0,20.33,1.595
24,407.6,208.7,267.0,20.21,1.595
24,407.6,205.6,267.0,20.21,1.690
24,407.6,202.5,267.0,20.33,1.690
24,407.6,202.2,267.0,20.33,1.844
24,407.6,201.9,267.0,20.33,1.844
24,407.6,201.6,267.0,20.33,1.844
24,407.6,201.3,267.0,20.33,1.844
24,407.6,201.1,267.0,20.33,1.844
24,407.6,200.8,267.0,20.33,1.844
24,407.6,200.5,267.0,20.33,1.844
24,407.6,200.2,267.0,20.33,1.844
24,407.6,200.0,267.0,20.33,1.844
24,407.6,199.7,267.0,20.33,1.844
24,407.6,199.4,267.0,20.33,1.844
24,407.6,199.2,267.0,20.33,1.844
24,407.6,198.9,267.0,20.33,1.844
24,407.6,198.6,267.0,20.33,1.844
24,407.6,198.3,267.0,20.33,1.844
24,407.6,198.0,267.0,20.33,1.844
24,407.6,197.8,267.0,20.33,1.844
24,407.6,197.5,267.0,20.33,1.844
24,407.6,197.2,267.0,20.33,1.844
24,407.6,196.9,267.0,20.33,1.844
24,407.6,196.7,267.0,20.33,1.844
24,407.6,196.4,267.0,20.33,1.844
24,407.6,196.1,267.0,20.33,1.844
24,407.6,195.8,267.0,20.33,1.844
24,407.6,195.6,267.0,20.33,1.844
24,407.6,195.3,267.0,20.33,1.844
24,407.6,195.0,267.0,20.33,1.844
24,407.6,194.8,267.0,20.33,1.844
24,407.6,194.5,267.0,20.33,1.844
24,407.6,194.2,267.0,20.33,1.844
24,407.6,193.9,267.0,20.33,1.844
24,407.6,193.7,267.0,20.33,1.844
24,407.6,193.4,267.0,20.33,1.844
24,407.6,193.1,267.0,20.33,1.844
24,407.6,192.8,267.0,20.33,1.844
24,407.6,192.6,267.0,20.33,1.844
24,407.6,192.3,267.0,20.33,1.844
24,407.6,192.0,267.0,19.96,1.844
24,407.6,191.7,267.0,19.96,1.720
24,407.6,191.4,267.0,19.96,1.720
24,407.6,191.2,267.0,19.96,1.720
24,407.6,190.9,267.0,19.96,1.720
24,407.6,190.6,267.0,19.96,1.720
24,407.6,193.3,267.0,20.33,1.720
24,407.6,193.0,267.0,20.33,1.844
24,407.6,192.7,267.0,20.33,1.844
24,407.6,192.5,267.0,20.33,1.844
24,407.6,192.2,267.0,20.33,1.844
24,407.6,191.9,267.0,19.96,1.844
24,407.6,191.6,267.0,19.96,1.720
24,407.6,191.4,267.0,19.96,1.720
24,407.6,191.1,267.0,19.96,1.720
24,407.6,190.8,267.0,19.96,1.720
24,407.6,190.5,267.0,19.96,1.720
24,407.6,193.2,267.0,20.33,1.720
24,407.6,192.9,267.0,20.33,1.844
24,407.6,192.7,267.0,20.33,1.844
24,407.6,192.4,267.0,20.33,1.844
24,407.6,192.1,267.0,20.33,1.844
24,407.6,194.8,267.0,20.33,1.844
24,407.6,194.5,267.0,20.33,1.844
24,407.6,194.2,267.0,20.33,1.844
24,407.6,193.9,267.0,20.33,1.844
24,407.6,193.7,267.0,20.33,1.844
24,407.6,193.4,267.0,20.33,1.844
24,407.6,193.1,267.0,20.33,1.844
24,407.6,192.9,267.0,20.33,1.844
24,407.6,192.6,267.0,20.33,1.844
24,407.6,192.3,267.0,20.33,1.844
24,407.6,192.0,267.0,20.33,1.844
24,407.6,194.7,267.0,20.33,1.844
24,407.6,194.4,267.0,20.33,1.844
24,407.6,194.2,267.0,20.33,1.844
24,407.6,193.9,267.0,20.33,1.844
24,407.6,193.6,267.0,20.33,1.844
24,407.6,193.3,267.0,20.33,1.844
24,407.6,193.1,267.0,20.33,1.844
24,407.6,192.8,267.0,20.33,1.844
24,407.6,192.5,267.0,20.33,1.844
24,407.6,192.2,267.0,20.33,1.844
24,407.6,191.9,267.0,19.96,1.844
24,407.6,191.7,267.0,19.96,1.720
24,407.6,191.4,267.0,19.96,1.720
24,407.6,191.1,267.0,19.96,1.720
24,407.6,190.9,267.0,19.96,1.720
24,407.6,190.6,267.0,19.96,1.720
24,407.6,193.2,267.0,20.33,1.720
24,407.6,193.0,267.0,20.33,1.844
24,407.6,192.7,267.0,20.33,1.844
24,407.6,192.4,267.0,20.33,1.844
24,407.6,192.1,267.0,20.33,1.844
24,407.6,191.9,267.0,19.96,1.844
24,407.6,191.6,267.0,19.96,1.720
24,407.6,191.3,267.0,19.96,1.720
24,407.6,191.0,267.0,19.96,1.720
24,407.6,190.8,267.0,19.96,1.720
24,407.6,190.5,267.0,19.96,1.720
24,407.6,193.2,267.0,20.33,1.720
24,407.6,192.9,267.0,20.33,1.844
24,407.6,192.6,267.0,20.33,1.844
24,407.6,192.3,267.0,20.33,1.844
24,407.6,192.1,267.0,20.33,1.844
24,407.6,194.7,267.0,20.33,1.844
24,407.6,194.5,267.0,20.33,1.844
24,407.6,194.2,267.0,20.33,1.844
24,407.6,193.9,267.0,20.33,1.844
24,407.6,193.6,267.0,20.33,1.844
24,407.6,193.4,267.0,20.33,1.844
24,407.6,193.1,267.0,20.33,1.844
24,407.6,192.8,267.0,20.33,1.844
24,407.6,192.5,267.0,20.33,1.844
24,407.6,192.2,267.0,20.33,1.844
24,407.6,192.0,267.0,19.96,1.844
24,407.6,191.7,267.0,19.96,1.720
24,407.6,191.4,267.0,19.96,1.720
24,407.6,191.2,267.0,19.96,1.720
24,407.6,190.9,267.0,19.96,1.720
24,407.6,190.6,267.0,19.96,1.720
24,407.6,193.3,267.0,20.33,1.720
24,407.6,193.0,267.0,20.33,1.844
24,407.6,192.7,267.0,20.33,1.844
24,407.6,192.5,267.0,20.33,1.844
24,407.6,192.2,267.0,20.33,1.844
24,407.6,191.9,267.0,19.96,1.844
24,407.6,191.6,267.0,19.96,1.720
24,407.6,191.3,267.0,19.96,1.720
24,407.6,191.1,267.0,19.96,1.720
24,407.6,190.8,267.0,19.96,1.720
24,407.6,190.5,267.0,19.96,1.720
24,407.6,193.2,267.0,20.33,1.720
24,407.6,192.9,267.0,20.33,1.844
24,407.6,192.6,267.0,20.33,1.844
24,407.6,192.4,267.0,20.33,1.844
24,407.6,192.1,267.0,20.33,1.844
24,407.6,194.8,267.0,20.33,1.844
24,407.6,194.5,267.0,20.33,1.844
24,407.6,194.2,267.0,20.33,1.844
24,407.6,193.9,267.0,20.33,1.844
24,407.6,193.7,267.0,20.33,1.844
24,407.6,193.4,267.0,20.33,1.844
24,407.6,193.1,267.0,20.33,1.844
24,407.6,192.8,267.0,20.33,1.844
24,407.6,192.6,267.0,20.33,1.844
24,407.6,192.3,267.0,20.33,1.844
24,407.6,192.0,267.0,20.33,1.844
24,407.6,194.7,267.0,20.33,1.844
24,407.6,194.4,267.0,20.33,1.844
24,407.6,194.1,267.0,20.33,1.844
24,407.6,193.9,267.0,20.33,1.844
24,407.6,193.6,267.0,20.33,1.844
24,407.6,193.3,267.0,20.33,1.844
24,407.6,193.0,267.0,20.33,1.844
30,373.0,215.4,264.9,20.27,0.997
30,378.0,212.3,267.0,20.27,1.259
30,383.1,209.2,267.0,20.27,1.259
30,386.0,206.1,267.0,20.33,1.259
30,388.9,203.0,267.0,20.20,1.595
30,391.8,202.7,267.0,20.20,1.703
30,394.7,202.4,267.0,20.20,1.703
30,394.7,202.1,267.0,20.20,1.703
30,394.7,201.8,267.0,20.20,1.703
30,394.7,201.6,267.0,20.20,1.703
30,394.7,201.3,267.0,20.20,1.703
30,394.7,201.0,267.0,20.20,1.703
30,394.7,200.7,267.0,20.20,1.703
30,394.7,200.5,267.0,20.20,1.703
30,394.7,200.2,267.0,20.20,1.703
30,394.7,199.9,267.0,20.20,1.703
30,394.7,199.6,267.0,20.20,1.703
30,394.7,199.4,267.0,20.20,1.703
30,394.7,199.1,267.0,20.20,1.703
30,394.7,198.8,267.0,20.20,1.703
30,394.7,198.5,267.0,20.20,1.703
30,394.7,198.3,267.0,20.20,1.703
30,394.7,198.0,267.0,20.20,1.703
30,394.7,197.7,267.0,20.20,1.703
30,394.7,197.4,267.0,20.20,1.703
30,394.7,197.2,267.0,20.20,1.703
30,394.7,196.9,267.0,20.20,1.703
30,394.7,196.6,267.0,20.20,1.703
30,394.7,196.3,267.0,20.20,1.703
30,394.7,196.1,267.0,20.20,1.703
30,394.7,195.8,267.0,20.20,1.703
30,394.7,195.5,267.0,20.20,1.703
30,394.7,195.2,267.0,20.20,1.703
30,394.7,195.0,267.0,20.20,1.703
30,394.7,194.7,267.0,20.20,1.703
30,394.7,194.4,267.0,20.20,1.703
30,394.7,194.1,267.0,20.20,1.703
30,394.7,193.9,267.0,20.20,1.703
30,394.7,193.6,267.0,20.20,1.703
30,394.7,193.3,267.0,20.20,1.703
30,394.7,193.0,267.0,20.20,1.703
30,394.7,192.8,267.0,20.20,1.703
30,394.7,192.5,267.0,20.20,1.703
30,394.7,192.2,267.0,20.20,1.703
30,394.7,191.9,267.0,20.26,1.703
30,394.7,191.7,267.0,20.26,1.615
30,394.7,191.4,267.0,20.26,1.615
30,394.7,191.1,267.0,20.26,1.615
30,394.7,190.8,267.0,20.26,1.615
30,394.7,190.6,267.0,20.26,1.615
30,394.7,193.2,267.0,20.20,1.615
30,394.7,192.9,267.0,20.20,1.703
30,394.7,192.7,267.0,20.20,1.703
30,394.7,192.4,267.0,20.20,1.703
30,394.7,192.1,267.0,20.20,1.703
30,394.7,194.8,267.0,20.20,1.703
30,394.7,194.5,267.0,20.20,1.703
30,394.7,194.2,267.0,20.20,1.703
30,394.7,194.0,267.0,20.20,1.703
30,394.7,193.7,267.0,20.20,1.703
30,394.7,193.4,267.0,20.20,1.703
30,394.7,193.2,267.0,20.20,1.703
30,394.7,192.9,267.0,20.20,1.703
30,394.7,192.6,267.0,20.20,1.703
30,394.7,192.3,267.0,20.20,1.703
30,394.7,192.1,267.0,20.20,1.703
30,394.7,194.7,267.0,20.20,1.703
30,394.7,194.4,267.0,20.20,1.703
30,394.7,194.2,267.0,20.20,1.703
30,394.7,193.9,267.0,20.20,1.703
30,394.7,193.6,267.0,20.20,1.703
30,394.7,193.3,267.0,20.20,1.703
30,394.7,193.1,267.0,20.20,1.703
30,394.7,192.8,267.0,20.20,1.703
30,394.7,192.5,267.0,20.20,1.703
30,394.7,192.2,267.0,20.20,1.703
30,394.7,192.0,267.0,20.26,1.703
30,394.7,191.7,267.0,20.26,1.615
30,394.7,191.4,267.0,20.26,1.615
30,394.7,191.1,267.0,20.26,1.615
30,394.7,190.9,267.0,20.26,1.615
30,394.7,190.6,267.0,20.26,1.615
30,394.7,193.3,267.0,20.20,1.615
30,394.7,193.0,267.0,20.20,1.703
30,394.7,192.7,267.0,20.20,1.703
30,394.7,192.4,267.0,20.20,1.703
30,394.7,192.2,267.0,20.20,1.703
30,394.7,191.9,267.0,20.26,1.703
30,394.7,191.6,267.0,20.26,1.615
30,394.7,191.3,267.0,20.26,1.615
30,394.7,191.1,267.0,20.26,1.615
30,394.7,190.8,267.0,20.26,1.615
30,394.7,190.5,267.0,20.26,1.615
30,394.7,193.2,267.0,20.20,1.615
30,394.7,192.9,267.0,20.20,1.703
30,394.7,192.6,267.0,20.20,1.703
30,394.7,192.4,267.0,20.20,1.703
30,394.7,192.1,267.0,20.20,1.703
30,394.7,194.8,267.0,20.20,1.703
30,394.7,194.5,267.0,20.20,1.703
30,394.7,194.2,267.0,20.20,1.703
30,394.7,193.9,267.0,20.20,1.703
30,394.7,193.7,267.0,20.20,1.703
30,394.7,193.4,267.0,20.20,1.703
30,394.7,193.1,267.0,20.20,1.703
30,394.7,192.8,267.0,20.20,1.703
30,394.7,192.6,267.0,20.20,1.703
30,394.7,192.3,267.0,20.20,1.703
30,394.7,192.0,267.0,20.20,1.703
30,394.7,191.7,267.0,20.26,1.615
30,394.7,191.5,267.0,20.26,1.615
30,394.7,191.2,267.0,20.26,1.615
30,394.7,190.9,267.0,20.26,1.615
30,394.7,190.6,267.0,20.26,1.615
30,394.7,193.3,267.0,20.20,1.615
30,394.7,193.0,267.0,20.20,1.703
30,394.7,192.7,267.0,20.20,1.703
30,394.7,192.5,267.0,20.20,1.703
30,394.7,192.2,267.0,20.20,1.703
30,394.7,191.9,267.0,20.26,1.703
30,394.7,191.6,267.0,20.26,1.615
30,394.7,191.4,267.0,20.26,1.615
30,394.7,191.1,267.0,20.26,1.615
30,394.7,190.8,267.0,20.26,1.615
30,394.7,190.5,267.0,20.26,1.615
30,394.7,193.2,267.0,20.20,1.615
30,394.7,192.9,267.0,20.20,1.703
30,394.7,192.7,267.0,20.20,1.703
30,394.7,192.4,267.0,20.20,1.703
30,394.7,192.1,267.0,20.20,1.703
30,394.7,194.8,267.0,20.20,1.703
30,394.7,194.5,267.0,20.20,1.703
30,394.7,194.2,267.0,20.20,1.703
30,394.7,194.0,267.0,20.20,1.703
30,394.7,193.7,267.0,20.20,1.703
30,394.7,193.4,267.0,20.20,1.703
30,394.7,193.1,267.0,20.20,1.703
30,394.7,192.9,267.0,20.20,1.703
30,394.7,192.6,267.0,20.20,1.703
30,394.7,192.3,267.0,20.20,1.703
30,394.7,192.0,267.0,20.20,1.703
30,394.7,194.7,267.0,20.20,1.703
30,394.7,194.4,267.0,20.20,1.703
30,394.7,194.2,267.0,20.20,1.703
30,394.7,193.9,267.0,20.20,1.703
30,394.7,193.6,267.0,20.20,1.703
30,394.7,193.3,267.0,20.20,1.703
30,394.7,193.1,267.0,20.20,1.703
30,394.7,192.8,267.0,20.20,1.703
30,394.7,192.5,267.0,20.20,1.703
30,394.7,192.2,267.0,20.20,1.703
30,394.7,191.9,267.0,20.26,1.703
30,394.7,191.7,267.0,20.26,1.615
30,394.7,191.4,267.0,20.26,1.615
30,394.7,191.1,267.0,20.26,1.615
30,394.7,190.9,267.0,20.26,1.615
30,394.7,190.6,267.0,20.26,1.615
30,394.7,193.2,267.0,20.20,1.615
30,394.7,193.0,267.0,20.20,1.703
30,394.7,192.7,267.0,20.20,1.703
36,433.0,180.4,257.5,19.43,0.800
36,426.8,182.1,257.1,20.51,1.124
36,420.6,183.8,256.6,20.51,0.805
36,417.9,186.2,265.9,20.26,0.805
36,415.0,188.8,267.0,20.26,1.615
36,412.1,191.4,267.0,20.26,1.615
36,409.2,191.1,267.0,20.26,1.615
36,409.2,190.9,267.0,20.26,1.615
36,409.2,190.6,267.0,20.26,1.615
36,409.2,193.2,267.0,20.20,1.615
36,409.2,193.0,267.0,20.20,1.703
36,409.2,192.7,267.0,20.20,1.703
36,409.2,192.4,267.0,20.20,1.703
36,409.2,192.2,267.0,20.20,1.703
36,409.2,194.8,267.0,20.20,1.703
36,409.2,194.5,267.0,20.20,1.703
36,409.2,194.3,267.0,20.20,1.703
36,409.2,194.0,267.0,20.20,1.703
36,409.2,193.7,267.0,20.20,1.703
36,409.2,193.4,267.0,20.20,1.703
36,409.2,193.2,267.0,20.20,1.703
36,409.2,192.9,267.0,20.20,1.703
36,409.2,192.6,267.0,20.20,1.703
36,409.2,192.3,267.0,20.20,1.703
36,409.2,192.1,267.0,20.20,1.703
36,409.2,194.7,267.0,20.20,1.703
36,409.2,194.5,267.0,20.20,1.703
36,409.2,194.2,267.0,20.20,1.703
36,409.2,193.9,267.0,20.20,1.703
36,409.2,193.6,267.0,20.20,1.703
36,409.2,193.4,267.0,20.20,1.703
36,409.2,193.1,267.0,20.20,1.703
36,409.2,192.8,267.0,20.20,1.703
36,409.2,192.5,267.0,20.20,1.703
36,409.2,192.3,267.0,20.20,1.703
36,409.2,192.0,267.0,20.26,1.703
36,409.2,191.7,267.0,20.26,1.615
36,409.2,191.4,267.0,20.26,1.615
36,409.2,191.2,267.0,20.26,1.615
36,409.2,190.9,267.0,20.26,1.615
36,409.2,190.6,267.0,20.26,1.615
36,409.2,193.3,267.0,20.20,1.615
36,409.2,193.0,267.0,20.20,1.703
36,409.2,192.7,267.0,20.20,1.703
36,409.2,192.5,267.0,20.20,1.703
36,409.2,192.2,267.0,20.20,1.703
36,409.2,191.9,267.0,20.26,1.703
36,409.2,191.6,267.0,20.26,1.615
36,409.2,191.3,267.0,20.26,1.615
36,409.2,191.1,267.0,20.26,1.615
36,409.2,190.8,267.0,20.26,1.615
36,409.2,190.5,267.0,20.26,1.615
36,409.2,193.2,267.0,20.20,1.615
36,409.2,192.9,267.0,20.20,1.703
36,409.2,192.7,267.0,20.20,1.703
36,409.2,192.4,267.0,20.20,1.703
36,409.2,192.1,267.0,20.20,1.703
36,409.2,194.8,267.0,20.20,1.703
36,409.2,194.5,267.0,20.20,1.703
36,409.2,194.2,267.0,20.20,1.703
36,409.2,193.9,267.0,20.20,1.703
36,409.2,193.7,267.0,20.20,1.703
36,409.2,193.4,267.0,20.20,1.703
36,409.2,193.1,267.0,20.20,1.703
36,409.2,192.8,267.0,20.20,1.703
36,409.2,192.6,267.0,20.20,1.703
36,409.2,192.3,267.0,20.20,1.703
36,409.2,192.0,267.0,20.20,1.703
36,409.2,194.7,267.0,20.20,1.703
36,409.2,194.4,267.0,20.20,1.703
36,409.2,194.1,267.0,20.20,1.703
36,409.2,193.9,267.0,20.20,1.703
36,409.2,193.6,267.0,20.20,1.703
36,409.2,193.3,267.0,20.20,1.703
36,409.2,193.0,267.0,20.20,1.703
36,409.2,192.8,267.0,20.20,1.703
36,409.2,192.5,267.0,20.20,1.703
36,409.2,192.2,267.0,20.20,1.703
36,409.2,191.9,267.0,20.26,1.703
36,409.2,191.7,267.0,20.26,1.615
36,409.2,191.4,267.0,20.26,1.615
36,409.2,191.1,267.0,20.26,1.615
36,409.2,190.8,267.0,20.26,1.615
36,409.2,190.6,267.0,20.26,1.615
36,409.2,193.2,267.0,20.20,1.615
36,409.2,193.0,267.0,20.20,1.703
36,409.2,192.7,267.0,20.20,1.703
36,409.2,192.4,267.0,20.20,1.703
36,409.2,192.1,267.0,20.20,1.703
36,409.2,194.8,267.0,20.20,1.703
36,409.2,194.5,267.0,20.20,1.703
36,409.2,194.2,267.0,20.20,1.703
36,409.2,194.0,267.0,20.20,1.703
36,409.2,193.7,267.0,20.20,1.703
36,409.2,193.4,267.0,20.20,1.703
36,409.2,193.2,267.0,20.20,1.703
36,409.2,192.9,267.0,20.20,1.703
36,409.2,192.6,267.0,20.20,1.703
36,409.2,192.3,267.0,20.20,1.703
36,409.2,192.1,267.0,20.20,1.703
36,409.2,194.7,267.0,20.20,1.703
36,409.2,194.4,267.0,20.20,1.703
36,409.2,194.2,267.0,20.20,1.703
36,409.2,193.9,267.0,20.20,1.703
36,409.2,193.6,267.0,20.20,1.703
36,409.2,193.3,267.0,20.20,1.703
36,409.2,193.1,267.0,20.20,1.703
36,409.2,192.8,267.0,20.20,1.703
36,409.2,192.5,267.0,20.20,1.703
36,409.2,192.2,267.0,20.20,1.703
36,409.2,192.0,267.0,20.26,1.703
36,409.2,191.7,267.0,20.26,1.615
36,409.2,191.4,267.0,20.26,1.615
36,409.2,191.1,267.0,20.26,1.615
36,409.2,190.9,267.0,20.26,1.615
36,409.2,190.6,267.0,20.26,1.615
36,409.2,193.3,267.0,20.20,1.615
36,409.2,193.0,267.0,20.20,1.703
36,409.2,192.7,267.0,20.20,1.703
36,409.2,192.4,267.0,20.20,1.703
36,409.2,192.2,267.0,20.20,1.703
36,409.2,191.9,267.0,20.26,1.703
36,409.2,191.6,267.0,20.26,1.615
36,409.2,191.3,267.0,20.26,1.615
36,409.2,191.1,267.0,20.26,1.615
36,409.2,190.8,267.0,20.26,1.615
36,409.2,190.5,267.0,20.26,1.615
36,409.2,193.2,267.0,20.20,1.615
36,409.2,192.9,267.0,20.20,1.703
36,409.2,192.6,267.0,20.20,1.703
36,409.2,192.4,267.0,20.20,1.703
36,409.2,192.1,267.0,20.20,1.703
36,409.2,194.8,267.0,20.20,1.703
36,409.2,194.5,267.0,20.20,1.703
36,409.2,194.2,267.0,20.20,1.703
36,409.2,193.9,267.0,20.20,1.703
36,409.2,193.7,267.0,20.20,1.703
36,409.2,193.4,267.0,20.20,1.703
36,409.2,193.1,267.0,20.20,1.703
36,409.2,192.8,267.0,20.20,1.703
36,409.2,192.6,267.0,20.20,1.703
36,409.2,192.3,267.0,20.20,1.703
36,409.2,192.0,267.0,20.20,1.703
36,409.2,194.7,267.0,20.20,1.703
36,409.2,194.4,267.0,20.20,1.703
36,409.2,194.1,267.0,20.20,1.703
36,409.2,193.8,267.0,20.20,1.703
36,409.2,193.6,267.0,20.20,1.703
36,409.2,193.3,267.0,20.20,1.703
36,409.2,193.0,267.0,20.20,1.703
36,409.2,192.8,267.0,20.20,1.703
36,409.2,192.5,267.0,20.20,1.703
36,409.2,192.2,267.0,20.20,1.703
36,409.2,191.9,267.0,20.26,1.703
36,409.2,191.7,267.0,20.26,1.615
36,409.2,191.4,267.0,20.26,1.615
36,409.2,191.1,267.0,20.26,1.615
36,409.2,190.8,267.0,20.26,1.615
36,409.2,190.6,267.0,20.26,1.615
36,409.2,193.2,267.0,20.20,1.615
42,421.4,166.9,262.4,21.57,0.784
42,416.7,171.2,262.4,19.74,0.635
42,414.6,177.2,262.1,19.74,0.791
42,412.0,179.6,267.0,19.53,0.791
42,409.0,182.2,267.0,20.26,0.871
42,409.0,184.8,267.0,20.26,1.615
42,409.0,187.5,267.0,20.26,1.615
42,409.0,190.2,267.0,20.26,1.615
42,409.0,192.9,267.0,20.20,1.615
42,409.0,192.6,267.0,20.20,1.703
42,409.0,192.3,267.0,20.20,1.703
42,409.0,192.0,267.0,20.20,1.703
42,409.0,194.7,267.0,20.20,1.703
42,409.0,194.4,267.0,20.20,1.703
42,409.0,194.2,267.0,20.20,1.703
42,409.0,193.9,267.0,20.20,1.703
42,409.0,193.6,267.0,20.20,1.703
42,409.0,193.3,267.0,20.20,1.703
42,409.0,193.1,267.0,20.20,1.703
42,409.0,192.8,267.0,20.20,1.703
42,409.0,192.5,267.0,20.20,1.703
42,409.0,192.2,267.0,20.20,1.703
42,409.0,192.0,267.0,20.26,1.703
42,409.0,191.7,267.0,20.26,1.615
42,409.0,191.4,267.0,20.26,1.615
42,409.0,191.1,267.0,20.26,1.615
42,409.0,190.9,267.0,20.26,1.615
42,409.0,190.6,267.0,20.26,1.615
42,409.0,193.2,267.0,20.20,1.615
42,409.0,193.0,267.0,20.20,1.703
42,409.0,192.7,267.0,20.20,1.703
42,409.0,192.4,267.0,20.20,1.703
42,409.0,192.2,267.0,20.20,1.703
42,409.0,191.9,267.0,20.26,1.703
42,409.0,191.6,267.0,20.26,1.615
42,409.0,191.3,267.0,20.26,1.615
42,409.0,191.1,267.0,20.26,1.615
42,409.0,190.8,267.0,20.26,1.615
42,409.0,190.5,267.0,20.26,1.615
42,409.0,193.2,267.0,20.20,1.615
42,409.0,192.9,267.0,20.20,1.703
42,409.0,192.6,267.0,20.20,1.703
42,409.0,192.3,267.0,20.20,1.703
42,409.0,192.1,267.0,20.20,1.703
42,409.0,194.7,267.0,20.20,1.703
42,409.0,194.5,267.0,20.20,1.703
42,409.0,194.2,267.0,20.20,1.703
42,409.0,193.9,267.0,20.20,1.703
42,409.0,193.6,267.0,20.20,1.703
42,409.0,193.4,267.0,20.20,1.703
42,409.0,193.1,267.0,20.20,1.703
42,409.0,192.8,267.0,20.20,1.703
42,409.0,192.5,267.0,20.20,1.703
42,409.0,192.3,267.0,20.20,1.703
42,409.0,192.0,267.0,20.26,1.703
42,409.0,191.7,267.0,20.26,1.615
42,409.0,191.4,267.0,20.26,1.615
42,409.0,191.2,267.0,20.26,1.615
42,409.0,190.9,267.0,20.26,1.615
42,409.0,190.6,267.0,20.26,1.615
42,409.0,193.3,267.0,20.20,1.615
42,409.0,193.0,267.0,20.20,1.703
42,409.0,192.7,267.0,20.20,1.703
42,409.0,192.5,267.0,20.20,1.703
42,409.0,192.2,267.0,20.20,1.703
42,409.0,191.9,267.0,20.26,1.703
42,409.0,191.6,267.0,20.26,1.615
42,409.0,191.4,267.0,20.26,1.615
42,409.0,191.1,267.0,20.26,1.615
42,409.0,190.8,267.0,20.26,1.615
42,409.0,190.5,267.0,20.26,1.615
42,409.0,193.2,267.0,20.20,1.615
42,409.0,192.9,267.0,20.20,1.703
42,409.0,192.7,267.0,20.20,1.703
42,409.0,192.4,267.0,20.20,1.703
42,409.0,192.1,267.0,20.20,1.703
42,409.0,194.8,267.0,20.20,1.703
42,409.0,194.5,267.0,20.20,1.703
42,409.0,194.2,267.0,20.20,1.703
42,409.0,193.9,267.0,20.20,1.703
42,409.0,193.7,267.0,20.20,1.703
42,409.0,193.4,267.0,20.20,1.703
42,409.0,193.1,267.0,20.20,1.703
42,409.0,192.9,267.0,20.20,1.703
42,409.0,192.6,267.0,20.20,1.703
42,409.0,192.3,267.0,20.20,1.703
42,409.0,192.0,267.0,20.20,1.703
42,409.0,194.7,267.0,20.20,1.703
42,409.0,194.4,267.0,20.20,1.703
42,409.0,194.1,267.0,20.20,1.703
42,409.0,193.9,267.0,20.20,1.703
42,409.0,193.6,267.0,20.20,1.703
42,409.0,193.3,267.0,20.20,1.703
42,409.0,193.0,267.0,20.20,1.703
42,409.0,192.8,267.0,20.20,1.703
42,409.0,192.5,267.0,20.20,1.703
42,409.0,192.2,267.0,20.20,1.703
42,409.0,191.9,267.0,20.26,1.703
42,409.0,191.7,267.0,20.26,1.615
42,409.0,191.4,267.0,20.26,1.615
42,409.0,191.1,267.0,20.26,1.615
42,409.0,190.8,267.0,20.26,1.615
42,409.0,190.6,267.0,20.26,1.615
42,409.0,193.2,267.0,20.20,1.615
42,409.0,193.0,267.0,20.20,1.703
42,409.0,192.7,267.0,20.20,1.703
42,409.0,192.4,267.0,20.20,1.703
42,409.0,192.1,267.0,20.20,1.703
42,409.0,194.8,267.0,20.20,1.703
42,409.0,194.5,267.0,20.20,1.703
42,409.0,194.3,267.0,20.20,1.703
42,409.0,194.0,267.0,20.20,1.703
42,409.0,193.7,267.0,20.20,1.703
42,409.0,193.4,267.0,20.20,1.703
42,409.0,193.2,267.0,20.20,1.703
42,409.0,192.9,267.0,20.20,1.703
42,409.0,192.6,267.0,20.20,1.703
42,409.0,192.3,267.0,20.20,1.703
42,409.0,192.1,267.0,20.20,1.703
42,409.0,194.7,267.0,20.20,1.703
42,409.0,194.4,267.0,20.20,1.703
42,409.0,194.2,267.0,20.20,1.703
42,409.0,193.9,267.0,20.20,1.703
42,409.0,193.6,267.0,20.20,1.703
42,409.0,193.3,267.0,20.20,1.703
42,409.0,193.1,267.0,20.20,1.703
42,409.0,192.8,267.0,20.20,1.703
42,409.0,192.5,267.0,20.20,1.703
42,409.0,192.2,267.0,20.20,1.703
42,409.0,192.0,267.0,20.26,1.703
42,409.0,191.7,267.0,20.26,1.615
42,409.0,191.4,267.0,20.26,1.615
42,409.0,191.2,267.0,20.26,1.615
42,409.0,190.9,267.0,20.26,1.615
42,409.0,190.6,267.0,20.26,1.615
42,409.0,193.3,267.0,20.20,1.615
42,409.0,193.0,267.0,20.20,1.703
42,409.0,192.7,267.0,20.20,1.703
42,409.0,192.5,267.0,20.20,1.703
42,409.0,192.2,267.0,20.20,1.703
42,409.0,191.9,267.0,20.26,1.703
42,409.0,191.6,267.0,20.26,1.615
42,409.0,191.3,267.0,20.26,1.615
42,409.0,191.1,267.0,20.26,1.615
42,409.0,190.8,267.0,20.26,1.615
42,409.0,190.5,267.0,20.26,1.615
42,409.0,193.2,267.0,20.20,1.615
42,409.0,192.9,267.0,20.20,1.703
42,409.0,192.6,267.0,20.20,1.703
42,409.0,192.4,267.0,20.20,1.703
42,409.0,192.1,267.0,20.20,1.703
42,409.0,194.8,267.0,20.20,1.703
42,409.0,194.5,267.0,20.20,1.703
42,409.0,194.2,267.0,20.20,1.703
42,409.0,193.9,267.0,20.20,1.703
42,409.0,193.7,267.0,20.20,1.703
42,409.0,193.4,267.0,20.20,1.703
42,409.0,193.1,267.0,20.20,1.703
42,409.0,192.8,267.0,20.20,1.703
42,409.0,192.6,267.0,20.20,1.703
48,364.9,203.7,264.4,18.56,0.841
48,371.5,203.4,263.8,19.04,0.833
48,376.4,203.1,267.0,19.71,0.795
48,381.5,202.8,267.0,19.71,1.261
48,384.4,202.5,267.0,20.20,1.261
48,387.3,202.2,267.0,20.20,1.703
48,390.2,201.9,267.0,20.20,1.703
48,393.2,201.6,267.0,20.20,1.703
48,396.1,201.3,267.0,20.33,1.703
48,396.1,201.0,267.0,20.33,1.844
48,396.1,200.7,267.0,20.33,1.844
48,396.1,200.5,267.0,20.33,1.844
48,396.1,200.2,267.0,20.33,1.844
48,396.1,199.9,267.0,20.33,1.844
48,396.1,199.7,267.0,20.33,1.844
48,396.1,199.4,267.0,20.33,1.844
48,396.1,199.1,267.0,20.33,1.844
48,396.1,198.8,267.0,20.33,1.844
48,396.1,198.6,267.0,20.33,1.844
48,396.1,198.3,267.0,20.33,1.844
48,396.1,198.0,267.0,20.33,1.844
48,396.1,197.7,267.0,20.33,1.844
48,396.1,197.4,267.0,20.33,1.844
48,396.1,197.2,267.0,20.33,1.844
48,396.1,196.9,267.0,20.33,1.844
48,396.1,196.6,267.0,20.33,1.844
48,396.1,196.3,267.0,20.33,1.844
48,396.1,196.1,267.0,20.33,1.844
48,396.1,195.8,267.0,20.33,1.844
48,396.1,195.5,267.0,20.33,1.844
48,396.1,195.2,267.0,20.33,1.844
48,396.1,195.0,267.0,20.33,1.844
48,396.1,194.7,267.0,20.33,1.844
48,396.1,194.4,267.0,20.33,1.844
48,396.1,194.2,267.0,20.33,1.844
48,396.1,193.9,267.0,20.33,1.844
48,396.1,193.6,267.0,20.33,1.844
48,396.1,193.3,267.0,20.33,1.844
48,396.1,193.1,267.0,20.33,1.844
48,396.1,192.8,267.0,20.33,1.844
48,396.1,192.5,267.0,20.33,1.844
48,396.1,192.2,267.0,20.33,1.844
48,396.1,191.9,267.0,19.96,1.844
48,396.1,191.7,267.0,19.96,1.720
48,396.1,191.4,267.0,19.96,1.720
48,396.1,191.1,267.0,19.96,1.720
48,396.1,190.9,267.0,19.96,1.720
48,396.1,190.6,267.0,19.96,1.720
48,396.1,193.2,267.0,20.33,1.720
48,396.1,193.0,267.0,20.33,1.844
48,396.1,192.7,267.0,20.33,1.844
48,396.1,192.4,267.0,20.33,1.844
48,396.1,192.1,267.0,20.33,1.844
48,396.1,191.9,267.0,19.96,1.844
48,396.1,191.6,267.0,19.96,1.720
48,396.1,191.3,267.0,19.96,1.720
48,396.1,191.0,267.0,19.96,1.720
48,396.1,190.8,267.0,19.96,1.720
48,396.1,190.5,267.0,19.96,1.720
48,396.1,193.2,267.0,20.33,1.720
48,396.1,192.9,267.0,20.33,1.844
48,396.1,192.6,267.0,20.33,1.844
48,396.1,192.3,267.0,20.33,1.844
48,396.1,192.1,267.0,20.33,1.844
48,396.1,194.7,267.0,20.33,1.844
48,396.1,194.5,267.0,20.33,1.844
48,396.1,194.2,267.0,20.33,1.844
48,396.1,193.9,267.0,20.33,1.844
48,396.1,193.6,267.0,20.33,1.844
48,396.1,193.4,267.0,20.33,1.844
48,396.1,193.1,267.0,20.33,1.844
48,396.1,192.8,267.0,20.33,1.844
48,396.1,192.5,267.0,20.33,1.844
48,396.1,192.3,267.0,20.33,1.844
48,396.1,192.0,267.0,19.96,1.844
48,396.1,191.7,267.0,19.96,1.720
48,396.1,191.4,267.0,19.96,1.720
48,396.1,191.2,267.0,19.96,1.720
48,396.1,190.9,267.0,19.96,1.720
48,396.1,190.6,267.0,19.96,1.720
48,396.1,193.3,267.0,20.33,1.720
48,396.1,193.0,267.0,20.33,1.844
48,396.1,192.7,267.0,20.33,1.844
48,396.1,192.5,267.0,20.33,1.844
48,396.1,192.2,267.0,20.33,1.844
48,396.1,191.9,267.0,19.96,1.844
48,396.1,191.6,267.0,19.96,1.720
48,396.1,191.3,267.0,19.96,1.720
48,396.1,191.1,267.0,19.96,1.720
48,396.1,190.8,267.0,19.96,1.720
48,396.1,190.5,267.0,19.96,1.720
48,396.1,193.2,267.0,20.33,1.720
48,396.1,192.9,267.0,20.33,1.844
48,396.1,192.7,267.0,20.33,1.844
48,396.1,192.4,267.0,20.33,1.844
48,396.1,192.1,267.0,20.33,1.844
48,396.1,194.8,267.0,20.33,1.844
48,396.1,194.5,267.0,20.33,1.844
48,396.1,194.2,267.0,20.33,1.844
48,396.1,193.9,267.0,20.33,1.844
48,396.1,193.7,267.0,20.33,1.844
48,396.1,193.4,267.0,20.33,1.844
48,396.1,193.1,267.0,20.33,1.844
48,396.1,192.8,267.0,20.33,1.844
48,396.1,192.6,267.0,20.33,1.844
48,396.1,192.3,267.0,20.33,1.844
48,396.1,192.0,267.0,20.33,1.844
48,396.1,194.7,267.0,20.33,1.844
48,396.1,194.4,267.0,20.33,1.844
48,396.1,194.1,267.0,20.33,1.844
48,396.1,193.9,267.0,20.33,1.844
48,396.1,193.6,267.0,20.33,1.844
48,396.1,193.3,267.0,20.33,1.844
48,396.1,193.0,267.0,20.33,1.844
48,396.1,192.8,267.0,20.33,1.844
48,396.1,192.5,267.0,20.33,1.844
48,396.1,192.2,267.0,20.33,1.844
48,396.1,191.9,267.0,19.96,1.844
48,396.1,191.7,267.0,19.96,1.720
48,396.1,191.4,267.0,19.96,1.720
48,396.1,191.1,267.0,19.96,1.720
48,396.1,190.8,267.0,19.96,1.720
48,396.1,190.6,267.0,19.96,1.720
48,396.1,193.2,267.0,20.33,1.720
48,396.1,192.9,267.0,20.33,1.844
48,396.1,192.7,267.0,20.33,1.844
48,396.1,192.4,267.0,20.33,1.844
48,396.1,192.1,267.0,20.33,1.844
48,396.1,194.8,267.0,20.33,1.844
48,396.1,194.5,267.0,20.33,1.844
48,396.1,194.2,267.0,20.33,1.844
48,396.1,194.0,267.0,20.33,1.844
48,396.1,193.7,267.0,20.33,1.844
48,396.1,193.4,267.0,20.33,1.844
48,396.1,193.2,267.0,20.33,1.844
48,396.1,192.9,267.0,20.33,1.844
48,396.1,192.6,267.0,20.33,1.844
48,396.1,192.3,267.0,20.33,1.844
48,396.1,192.1,267.0,20.33,1.844
48,396.1,194.7,267.0,20.33,1.844
48,396.1,194.4,267.0,20.33,1.844
48,396.1,194.2,267.0,20.33,1.844
48,396.1,193.9,267.0,20.33,1.844
48,396.1,193.6,267.0,20.33,1.844
48,396.1,193.3,267.0,20.33,1.844
48,396.1,193.1,267.0,20.33,1.844
48,396.1,192.8,267.0,20.33,1.844
48,396.1,192.5,267.0,20.33,1.844
48,396.1,192.2,267.0,20.33,1.844
48,396.1,192.0,267.0,19.96,1.844
48,396.1,191.7,267.0,19.96,1.720
48,396.1,191.4,267.0,19.96,1.720
48,396.1,191.1,267.0,19.96,1.720
48,396.1,190.9,267.0,19.96,1.720
48,396.1,190.6,267.0,19.96,1.720
48,396.1,193.3,267.0,20.33,1.720
48,396.1,193.0,267.0,20.33,1.844
48,396.1,192.7,267.0,20.33,1.844
48,396.1,192.4,267.0,20.33,1.844
48,396.1,192.2,267.0,20.33,1.844
54,409.2,161.6,257.5,19.01,1.280
54,408.2,166.3,250.0,20.43,1.113
54,408.2,171.3,248.6,20.47,0.881
54,408.2,176.4,247.2,20.47,0.630
54,408.2,181.5,245.8,20.69,0.630
54,408.2,183.5,250.8,20.69,0.652
54,408.2,186.0,261.0,20.34,0.652
54,408.2,188.7,267.0,20.26,1.247
54,408.2,191.4,267.0,20.26,1.615
54,408.2,191.1,267.0,20.26,1.615
54,408.2,190.8,267.0,20.26,1.615
54,408.2,190.5,267.0,20.26,1.615
54,408.2,193.2,267.0,20.20,1.615
54,408.2,192.9,267.0,20.20,1.703
54,408.2,192.7,267.0,20.20,1.703
54,408.2,192.4,267.0,20.20,1.703
54,408.2,192.1,267.0,20.20,1.703
54,408.2,194.8,267.0,20.20,1.703
54,408.2,194.5,267.0,20.20,1.703
54,408.2,194.2,267.0,20.20,1.703
54,408.2,194.0,267.0,20.20,1.703
54,408.2,193.7,267.0,20.20,1.703
54,408.2,193.4,267.0,20.20,1.703
54,408.2,193.1,267.0,20.20,1.703
54,408.2,192.9,267.0,20.20,1.703
54,408.2,192.6,267.0,20.20,1.703
54,408.2,192.3,267.0,20.20,1.703
54,408.2,192.0,267.0,20.20,1.703
54,408.2,194.7,267.0,20.20,1.703
54,408.2,194.4,267.0,20.20,1.703
54,408.2,194.2,267.0,20.20,1.703
54,408.2,193.9,267.0,20.20,1.703
54,408.2,193.6,267.0,20.20,1.703
54,408.2,193.3,267.0,20.20,1.703
54,408.2,193.1,267.0,20.20,1.703
54,408.2,192.8,267.0,20.20,1.703
54,408.2,192.5,267.0,20.20,1.703
54,408.2,192.2,267.0,20.20,1.703
54,408.2,191.9,267.0,20.26,1.703
54,408.2,191.7,267.0,20.26,1.615
54,408.2,191.4,267.0,20.26,1.615
54,408.2,191.1,267.0,20.26,1.615
54,408.2,190.9,267.0,20.26,1.615
54,408.2,190.6,267.0,20.26,1.615
54,408.2,193.2,267.0,20.20,1.615
54,408.2,193.0,267.0,20.20,1.703
54,408.2,192.7,267.0,20.20,1.703
54,408.2,192.4,267.0,20.20,1.703
54,408.2,192.2,267.0,20.20,1.703
54,408.2,194.8,267.0,20.20,1.703
54,408.2,194.5,267.0,20.20,1.703
54,408.2,194.3,267.0,20.20,1.703
54,408.2,194.0,267.0,20.20,1.703
54,408.2,193.7,267.0,20.20,1.703
54,408.2,193.4,267.0,20.20,1.703
54,408.2,193.2,267.0,20.20,1.703
54,408.2,192.9,267.0,20.20,1.703
54,408.2,192.6,267.0,20.20,1.703
54,408.2,192.3,267.0,20.20,1.703
54,408.2,192.1,267.0,20.20,1.703
54,408.2,194.7,267.0,20.20,1.703
54,408.2,194.5,267.0,20.20,1.703
54,408.2,194.2,267.0,20.20,1.703
54,408.2,193.9,267.0,20.20,1.703
54,408.2,193.6,267.0,20.20,1.703
54,408.2,193.4,267.0,20.20,1.703
54,408.2,193.1,267.0,20.20,1.703
54,408.2,192.8,267.0,20.20,1.703
54,408.2,192.5,267.0,20.20,1.703
54,408.2,192.3,267.0,20.20,1.703
54,408.2,192.0,267.0,20.26,1.703
54,408.2,191.7,267.0,20.26,1.615
54,408.2,191.4,267.0,20.26,1.615
54,408.2,191.2,267.0,20.26,1.615
54,408.2,190.9,267.0,20.26,1.615
54,408.2,190.6,267.0,20.26,1.615
54,408.2,193.3,267.0,20.20,1.615
54,408.2,193.0,267.0,20.20,1.703
54,408.2,192.7,267.0,20.20,1.703
54,408.2,192.5,267.0,20.20,1.703
54,408.2,192.2,267.0,20.20,1.703
54,408.2,191.9,267.0,20.26,1.703
54,408.2,191.6,267.0,20.26,1.615
54,408.2,191.3,267.0,20.26,1.615
54,408.2,191.1,267.0,20.26,1.615
54,408.2,190.8,267.0,20.26,1.615
54,408.2,190.5,267.0,20.26,1.615
54,408.2,193.2,267.0,20.20,1.615
54,408.2,192.9,267.0,20.20,1.703
54,408.2,192.7,267.0,20.20,1.703
54,408.2,192.4,267.0,20.20,1.703
54,408.2,192.1,267.0,20.20,1.703
54,408.2,194.8,267.0,20.20,1.703
54,408.2,194.5,267.0,20.20,1.703
54,408.2,194.2,267.0,20.20,1.703
54,408.2,193.9,267.0,20.20,1.703
54,408.2,193.7,267.0,20.20,1.703
54,408.2,193.4,267.0,20.20,1.703
54,408.2,193.1,267.0,20.20,1.703
54,408.2,192.8,267.0,20.20,1.703
54,408.2,192.6,267.0,20.20,1.703
54,408.2,192.3,267.0,20.20,1.703
54,408.2,192.0,267.0,20.20,1.703
54,408.2,194.7,267.0,20.20,1.703
54,408.2,194.4,267.0,20.20,1.703
54,408.2,194.1,267.0,20.20,1.703
54,408.2,193.9,267.0,20.20,1.703
54,408.2,193.6,267.0,20.20,1.703
54,408.2,193.3,267.0,20.20,1.703
54,408.2,193.0,267.0,20.20,1.703
54,408.2,192.8,267.0,20.20,1.703
54,408.2,192.5,267.0,20.20,1.703
54,408.2,192.2,267.0,20.20,1.703
54,408.2,191.9,267.0,20.26,1.703
54,408.2,191.7,267.0,20.26,1.615
54,408.2,191.4,267.0,20.26,1.615
54,408.2,191.1,267.0,20.26,1.615
54,408.2,190.8,267.0,20.26,1.615
54,408.2,190.6,267.0,20.26,1.615
54,408.2,193.2,267.0,20.20,1.615
54,408.2,193.0,267.0,20.20,1.703
54,408.2,192.7,267.0,20.20,1.703
54,408.2,192.4,267.0,20.20,1.703
54,408.2,192.1,267.0,20.20,1.703
54,408.2,194.8,267.0,20.20,1.703
54,408.2,194.5,267.0,20.20,1.703
54,408.2,194.2,267.0,20.20,1.703
54,408.2,194.0,267.0,20.20,1.703
54,408.2,193.7,267.0,20.20,1.703
54,408.2,193.4,267.0,20.20,1.703
54,408.2,193.2,267.0,20.20,1.703
54,408.2,192.9,267.0,20.20,1.703
54,408.2,192.6,267.0,20.20,1.703
54,408.2,192.3,267.0,20.20,1.703
54,408.2,192.1,267.0,20.20,1.703
54,408.2,194.7,267.0,20.20,1.703
54,408.2,194.4,267.0,20.20,1.703
54,408.2,194.2,267.0,20.20,1.703
54,408.2,193.9,267.0,20.20,1.703
54,408.2,193.6,267.0,20.20,1.703
54,408.2,193.3,267.0,20.20,1.703
54,408.2,193.1,267.0,20.20,1.703
54,408.2,192.8,267.0,20.20,1.703
54,408.2,192.5,267.0,20.20,1.703
54,408.2,192.2,267.0,20.20,1.703
54,408.2,192.0,267.0,20.26,1.703
54,408.2,191.7,267.0,20.26,1.615
54,408.2,191.4,267.0,20.26,1.615
54,408.2,191.1,267.0,20.26,1.615
54,408.2,190.9,267.0,20.26,1.615
54,408.2,190.6,267.0,20.26,1.615
54,408.2,193.3,267.0,20.20,1.615
54,408.2,193.0,267.0,20.20,1.703
54,408.2,192.7,267.0,20.20,1.703
54,408.2,192.4,267.0,20.20,1.703
54,408.2,192.2,267.0,20.20,1.703
54,408.2,191.9,267.0,20.26,1.703
54,408.2,191.6,267.0,20.26,1.615
54,408.2,191.3,267.0,20.26,1.615
54,408.2,191.1,267.0,20.26,1.615
60,404.0,250.6,265.1,20.22,0.370
60,404.0,247.3,260.1,20.72,0.841
60,404.0,244.1,255.2,20.72,0.742
60,404.0,240.8,250.3,21.99,0.742
60,404.0,235.3,248.8,20.28,0.553
60,404.0,229.8,247.3,20.28,0.710
60,404.0,225.3,249.6,20.49,0.710
60,404.0,220.8,251.9,20.49,0.632
60,404.0,215.7,258.1,20.30,0.632
60,404.0,212.7,267.0,20.21,1.298
60,404.0,209.5,267.0,20.21,1.690
60,404.0,206.4,267.0,20.21,1.690
60,404.0,203.3,267.0,20.33,1.690
60,404.0,203.0,267.0,20.33,1.844
60,404.0,202.7,267.0,20.33,1.844
60,404.0,202.4,267.0,20.33,1.844
60,404.0,202.2,267.0,20.33,1.844
60,404.0,201.9,267.0,20.33,1.844
60,404.0,201.6,267.0,20.33,1.844
60,404.0,201.3,267.0,20.33,1.844
60,404.0,201.1,267.0,20.33,1.844
60,404.0,200.8,267.0,20.33,1.844
60,404.0,200.5,267.0,20.33,1.844
60,404.0,200.2,267.0,20.33,1.844
60,404.0,200.0,267.0,20.33,1.844
60,404.0,199.7,267.0,20.33,1.844
60,404.0,199.4,267.0,20.33,1.844
60,404.0,199.1,267.0,20.33,1.844
60,404.0,198.9,267.0,20.33,1.844
60,404.0,198.6,267.0,20.33,1.844
60,404.0,198.3,267.0,20.33,1.844
60,404.0,198.0,267.0,20.33,1.844
60,404.0,197.8,267.0,20.33,1.844
60,404.0,197.5,267.0,20.33,1.844
60,404.0,197.2,267.0,20.33,1.844
60,404.0,196.9,267.0,20.33,1.844
60,404.0,196.7,267.0,20.33,1.844
60,404.0,196.4,267.0,20.33,1.844
60,404.0,196.1,267.0,20.33,1.844
60,404.0,195.8,267.0,20.33,1.844
60,404.0,195.6,267.0,20.33,1.844
60,404.0,195.3,267.0,20.33,1.844
60,404.0,195.0,267.0,20.33,1.844
60,404.0,194.7,267.0,20.33,1.844
60,404.0,194.5,267.0,20.33,1.844
60,404.0,194.2,267.0,20.33,1.844
60,404.0,193.9,267.0,20.33,1.844
60,404.0,193.6,267.0,20.33,1.844
60,404.0,193.4,267.0,20.33,1.844
60,404.0,193.1,267.0,20.33,1.844
60,404.0,192.8,267.0,20.33,1.844
60,404.0,192.5,267.0,20.33,1.844
60,404.0,192.3,267.0,20.33,1.844
60,404.0,192.0,267.0,19.96,1.844
60,404.0,191.7,267.0,19.96,1.720
60,404.0,191.4,267.0,19.96,1.720
60,404.0,191.2,267.0,19.96,1.720
60,404.0,190.9,267.0,19.96,1.720
60,404.0,190.6,267.0,19.96,1.720
60,404.0,193.3,267.0,20.33,1.720
60,404.0,193.0,267.0,20.33,1.844
60,404.0,192.7,267.0,20.33,1.844
60,404.0,192.5,267.0,20.33,1.844
60,404.0,192.2,267.0,20.33,1.844
60,404.0,191.9,267.0,19.96,1.844
60,404.0,191.6,267.0,19.96,1.720
60,404.0,191.4,267.0,19.96,1.720
60,404.0,191.1,267.0,19.96,1.720
60,404.0,190.8,267.0,19.96,1.720
60,404.0,190.5,267.0,19.96,1.720
60,404.0,193.2,267.0,20.33,1.720
60,404.0,192.9,267.0,20.33,1.844
60,404.0,192.7,267.0,20.33,1.844
60,404.0,192.4,267.0,20.33,1.844
60,404.0,192.1,267.0,20.33,1.844
60,404.0,194.8,267.0,20.33,1.844
60,404.0,194.5,267.0,20.33,1.844
60,404.0,194.2,267.0,20.33,1.844
60,404.0,193.9,267.0,20.33,1.844
60,404.0,193.7,267.0,20.33,1.844
60,404.0,193.4,267.0,20.33,1.844
60,404.0,193.1,267.0,20.33,1.844
60,404.0,192.8,267.0,20.33,1.844
60,404.0,192.6,267.0,20.33,1.844
60,404.0,192.3,267.0,20.33,1.844
60,404.0,192.0,267.0,20.33,1.844
60,404.0,194.7,267.0,20.33,1.844
60,404.0,194.4,267.0,20.33,1.844
60,404.0,194.1,267.0,20.33,1.844
60,404.0,193.9,267.0,20.33,1.844
60,404.0,193.6,267.0,20.33,1.844
60,404.0,193.3,267.0,20.33,1.844
60,404.0,193.0,267.0,20.33,1.844
60,404.0,192.8,267.0,20.33,1.844
60,404.0,192.5,267.0,20.33,1.844
60,404.0,192.2,267.0,20.33,1.844
60,404.0,191.9,267.0,19.96,1.844
60,404.0,191.7,267.0,19.96,1.720
60,404.0,191.4,267.0,19.96,1.720
60,404.0,191.1,267.0,19.96,1.720
60,404.0,190.8,267.0,19.96,1.720
60,404.0,190.6,267.0,19.96,1.720
60,404.0,193.2,267.0,20.33,1.720
60,404.0,193.0,267.0,20.33,1.844
60,404.0,192.7,267.0,20.33,1.844
60,404.0,192.4,267.0,20.33,1.844
60,404.0,192.1,267.0,20.33,1.844
60,404.0,194.8,267.0,20.33,1.844
60,404.0,194.5,267.0,20.33,1.844
60,404.0,194.2,267.0,20.33,1.844
60,404.0,194.0,267.0,20.33,1.844
60,404.0,193.7,267.0,20.33,1.844
60,404.0,193.4,267.0,20.33,1.844
60,404.0,193.2,267.0,20.33,1.844
60,404.0,192.9,267.0,20.33,1.844
60,404.0,192.6,267.0,20.33,1.844
60,404.0,192.3,267.0,20.33,1.844
60,404.0,192.1,267.0,20.33,1.844
60,404.0,194.7,267.0,20.33,1.844
60,404.0,194.4,267.0,20.33,1.844
60,404.0,194.2,267.0,20.33,1.844
60,404.0,193.9,267.0,20.33,1.844
60,404.0,193.6,267.0,20.33,1.844
60,404.0,193.3,267.0,20.33,1.844
60,404.0,193.1,267.0,20.33,1.844
60,404.0,192.8,267.0,20.33,1.844
60,404.0,192.5,267.0,20.33,1.844
60,404.0,192.2,267.0,20.33,1.844
60,404.0,192.0,267.0,19.96,1.844
60,404.0,191.7,267.0,19.96,1.720
60,404.0,191.4,267.0,19.96,1.720
60,404.0,191.2,267.0,19.96,1.720
60,404.0,190.9,267.0,19.96,1.720
60,404.0,190.6,267.0,19.96,1.720
60,404.0,193.3,267.0,20.33,1.720
60,404.0,193.0,267.0,20.33,1.844
60,404.0,192.7,267.0,20.33,1.844
60,404.0,192.4,267.0,20.33,1.844
60,404.0,192.2,267.0,20.33,1.844
60,404.0,191.9,267.0,19.96,1.844
60,404.0,191.6,267.0,19.96,1.720
60,404.0,191.3,267.0,19.96,1.720
60,404.0,191.1,267.0,19.96,1.720
60,404.0,190.8,267.0,19.96,1.720
60,404.0,190.5,267.0,19.96,1.720
60,404.0,193.2,267.0,20.33,1.720
60,404.0,192.9,267.0,20.33,1.844
60,404.0,192.6,267.0,20.33,1.844
60,404.0,192.4,267.0,20.33,1.844
60,404.0,192.1,267.0,20.33,1.844
60,404.0,194.8,267.0,20.33,1.844
60,404.0,194.5,267.0,20.33,1.844
60,404.0,194.2,267.0,20.33,1.844
60,404.0,193.9,267.0,20.33,1.844
60,404.0,193.7,267.0,20.33,1.844
60,404.0,193.4,267.0,20.33,1.844
60,404.0,193.1,267.0,20.33,1.844
60,404.0,192.8,267.0,20.33,1.844
60,404.0,192.6,267.0,20.33,1.844
60,404.0,192.3,267.0,20.33,1.844
66,377.4,168.5,258.1,21.21,1.196
66,381.1,174.0,258.3,21.21,0.824
66,384.8,179.4,258.5,19.74,0.824
66,387.5,181.8,267.0,20.26,0.791
66,390.4,184.4,267.0,20.26,1.615
66,393.3,187.1,267.0,20.26,1.615
66,396.2,189.7,267.0,19.96,1.615
66,396.2,192.4,267.0,20.33,1.720
66,396.2,192.1,267.0,20.33,1.844
66,396.2,194.8,267.0,20.33,1.844
66,396.2,194.5,267.0,20.33,1.844
66,396.2,194.2,267.0,20.33,1.844
66,396.2,194.0,267.0,20.33,1.844
66,396.2,193.7,267.0,20.33,1.844
66,396.2,193.4,267.0,20.33,1.844
66,396.2,193.1,267.0,20.33,1.844
66,396.2,192.9,267.0,20.33,1.844
66,396.2,192.6,267.0,20.33,1.844
66,396.2,192.3,267.0,20.33,1.844
66,396.2,192.0,267.0,20.33,1.844
66,396.2,194.7,267.0,20.33,1.844
66,396.2,194.4,267.0,20.33,1.844
66,396.2,194.2,267.0,20.33,1.844
66,396.2,193.9,267.0,20.33,1.844
66,396.2,193.6,267.0,20.33,1.844
66,396.2,193.3,267.0,20.33,1.844
66,396.2,193.1,267.0,20.33,1.844
66,396.2,192.8,267.0,20.33,1.844
66,396.2,192.5,267.0,20.33,1.844
66,396.2,192.2,267.0,20.33,1.844
66,396.2,191.9,267.0,19.96,1.844
66,396.2,191.7,267.0,19.96,1.720
66,396.2,191.4,267.0,19.96,1.720
66,396.2,191.1,267.0,19.96,1.720
66,396.2,190.9,267.0,19.96,1.720
66,396.2,190.6,267.0,19.96,1.720
66,396.2,193.2,267.0,20.33,1.720
66,396.2,193.0,267.0,20.33,1.844
66,396.2,192.7,267.0,20.33,1.844
66,396.2,192.4,267.0,20.33,1.844
66,396.2,192.1,267.0,20.33,1.844
66,396.2,191.9,267.0,19.96,1.844
66,396.2,191.6,267.0,19.96,1.720
66,396.2,191.3,267.0,19.96,1.720
66,396.2,191.0,267.0,19.96,1.720
66,396.2,190.8,267.0,19.96,1.720
66,396.2,190.5,267.0,19.96,1.720
66,396.2,193.2,267.0,20.33,1.720
66,396.2,192.9,267.0,20.33,1.844
66,396.2,192.6,267.0,20.33,1.844
66,396.2,192.3,267.0,20.33,1.844
66,396.2,192.1,267.0,20.33,1.844
66,396.2,194.7,267.0,20.33,1.844
66,396.2,194.5,267.0,20.33,1.844
66,396.2,194.2,267.0,20.33,1.844
66,396.2,193.9,267.0,20.33,1.844
66,396.2,193.6,267.0,20.33,1.844
66,396.2,193.4,267.0,20.33,1.844
66,396.2,193.1,267.0,20.33,1.844
66,396.2,192.8,267.0,20.33,1.844
66,396.2,192.5,267.0,20.33,1.844
66,396.2,192.3,267.0,20.33,1.844
66,396.2,192.0,267.0,19.96,1.844
66,396.2,191.7,267.0,19.96,1.720
66,396.2,191.4,267.0,19.96,1.720
66,396.2,191.2,267.0,19.96,1.720
66,396.2,190.9,267.0,19.96,1.720
66,396.2,190.6,267.0,19.96,1.720
66,396.2,193.3,267.0,20.33,1.720
66,396.2,193.0,267.0,20.33,1.844
66,396.2,192.7,267.0,20.33,1.844
66,396.2,192.5,267.0,20.33,1.844
66,396.2,192.2,267.0,20.33,1.844
66,396.2,191.9,267.0,19.96,1.844
66,396.2,191.6,267.0,19.96,1.720
66,396.2,191.3,267.0,19.96,1.720
66,396.2,191.1,267.0,19.96,1.720
66,396.2,190.8,267.0,19.96,1.720
66,396.2,190.5,267.0,19.96,1.720
66,396.2,193.2,267.0,20.33,1.720
66,396.2,192.9,267.0,20.33,1.844
66,396.2,192.6,267.0,20.33,1.844
66,396.2,192.4,267.0,20.33,1.844
66,396.2,192.1,267.0,20.33,1.844
66,396.2,194.8,267.0,20.33,1.844
66,396.2,194.5,267.0,20.33,1.844
66,396.2,194.2,267.0,20.33,1.844
66,396.2,193.9,267.0,20.33,1.844
66,396.2,193.7,267.0,20.33,1.844
66,396.2,193.4,267.0,20.33,1.844
66,396.2,193.1,267.0,20.33,1.844
66,396.2,192.8,267.0,20.33,1.844
66,396.2,192.6,267.0,20.33,1.844
66,396.2,192.3,267.0,20.33,1.844
66,396.2,192.0,267.0,20.33,1.844
66,396.2,194.7,267.0,20.33,1.844
66,396.2,194.4,267.0,20.33,1.844
66,396.2,194.1,267.0,20.33,1.844
66,396.2,193.9,267.0,20.33,1.844
66,396.2,193.6,267.0,20.33,1.844
66,396.2,193.3,267.0,20.33,1.844
66,396.2,193.0,267.0,20.33,1.844
66,396.2,192.8,267.0,20.33,1.844
66,396.2,192.5,267.0,20.33,1.844
66,396.2,192.2,267.0,20.33,1.844
66,396.2,191.9,267.0,19.96,1.844
66,396.2,191.7,267.0,19.96,1.720
66,396.2,191.4,267.0,19.96,1.720
66,396.2,191.1,267.0,19.96,1.720
66,396.2,190.8,267.0,19.96,1.720
66,396.2,190.6,267.0,19.96,1.720
66,396.2,193.2,267.0,20.33,1.720
66,396.2,192.9,267.0,20.33,1.844
66,396.2,192.7,267.0,20.33,1.844
66,396.2,192.4,267.0,20.33,1.844
66,396.2,192.1,267.0,20.33,1.844
66,396.2,194.8,267.0,20.33,1.844
66,396.2,194.5,267.0,20.33,1.844
66,396.2,194.2,267.0,20.33,1.844
66,396.2,194.0,267.0,20.33,1.844
66,396.2,193.7,267.0,20.33,1.844
66,396.2,193.4,267.0,20.33,1.844
66,396.2,193.2,267.0,20.33,1.844
66,396.2,192.9,267.0,20.33,1.844
66,396.2,192.6,267.0,20.33,1.844
66,396.2,192.3,267.0,20.33,1.844
66,396.2,192.1,267.0,20.33,1.844
66,396.2,194.7,267.0,20.33,1.844
66,396.2,194.4,267.0,20.33,1.844
66,396.2,194.2,267.0,20.33,1.844
66,396.2,193.9,267.0,20.33,1.844
66,396.2,193.6,267.0,20.33,1.844
66,396.2,193.3,267.0,20.33,1.844
66,396.2,193.1,267.0,20.33,1.844
66,396.2,192.8,267.0,20.33,1.844
66,396.2,192.5,267.0,20.33,1.844
66,396.2,192.2,267.0,20.33,1.844
66,396.2,192.0,267.0,19.96,1.844
66,396.2,191.7,267.0,19.96,1.720
66,396.2,191.4,267.0,19.96,1.720
66,396.2,191.1,267.0,19.96,1.720
66,396.2,190.9,267.0,19.96,1.720
66,396.2,190.6,267.0,19.96,1.720
66,396.2,193.3,267.0,20.33,1.720
66,396.2,193.0,267.0,20.33,1.844
66,396.2,192.7,267.0,20.33,1.844
66,396.2,192.4,267.0,20.33,1.844
66,396.2,192.2,267.0,20.33,1.844
66,396.2,191.9,267.0,19.96,1.844
66,396.2,191.6,267.0,19.96,1.720
66,396.2,191.3,267.0,19.96,1.720
66,396.2,191.1,267.0,19.96,1.720
66,396.2,190.8,267.0,19.96,1.720
66,396.2,190.5,267.0,19.96,1.720
66,396.2,193.2,267.0,20.33,1.720
66,396.2,192.9,267.0,20.33,1.844
66,396.2,192.6,267.0,20.33,1.844
66,396.2,192.3,267.0,20.33,1.844
66,396.2,192.1,267.0,20.33,1.844
66,396.2,194.8,267.0,20.33,1.844
72,451.3,205.1,259.9,22.48,0.837
72,448.2,204.4,254.9,22.48,0.744
72,445.2,203.8,249.8,23.36,0.744
72,442.6,203.3,246.2,20.57,0.555
72,438.2,203.1,240.7,20.57,0.888
72,435.7,202.6,236.4,21.76,0.888
72,433.2,202.2,232.0,21.76,0.625
72,430.8,201.8,227.7,21.38,0.625
72,428.9,201.3,223.8,21.38,0.541
72,427.0,200.9,220.0,21.38,0.541
72,425.1,200.5,216.1,21.38,0.541
72,423.8,200.0,211.9,21.59,0.541
72,422.5,199.5,207.7,21.59,0.554
72,421.2,199.1,203.5,21.74,0.554
72,420.2,198.6,199.0,21.74,0.571
72,420.0,198.4,194.7,21.74,0.571
72,419.8,198.2,190.3,21.35,0.571
72,419.6,198.0,185.5,21.35,0.605
72,419.5,197.7,180.7,21.35,0.605
72,419.5,197.5,175.2,21.40,0.605
72,419.5,197.3,169.8,21.40,0.677
72,419.5,197.1,164.2,21.43,0.677
72,419.5,196.8,158.6,21.43,0.701
72,419.5,196.6,152.9,21.46,0.701
72,419.5,196.3,147.1,21.46,0.721
72,419.6,196.1,141.3,21.48,0.721
72,419.6,195.8,135.5,21.48,0.737
72,419.7,195.5,129.6,21.54,0.737
72,419.7,195.2,123.6,21.54,0.751
72,419.8,195.0,117.5,21.58,0.751
72,419.9,194.6,111.4,21.58,0.774
72,419.9,194.3,105.2,21.62,0.619
72,419.9,193.7,100.3,21.62,0.619
72,419.9,193.4,94.0,21.65,0.619
72,419.9,192.8,89.1,21.65,0.618
72,419.9,192.2,84.2,21.65,0.618
72,419.8,191.6,79.4,21.54,0.618
72,419.9,191.3,72.9,21.54,0.609
72,420.0,190.6,68.0,21.56,0.609
72,420.0,190.0,63.2,22.49,0.609
72,420.1,189.3,58.4,22.43,0.609
72,420.6,188.8,53.7,22.43,0.593
72,421.1,188.2,49.0,22.43,0.593
72,422.0,187.7,44.6,22.34,0.593
72,422.9,187.2,40.1,22.34,0.569
72,423.8,186.7,35.7,22.22,0.569
72,425.2,186.4,31.7,22.22,0.528
72,426.6,186.0,27.8,22.22,0.528
72,428.0,185.7,23.8,22.06,0.528
72,430.1,185.6,20.7,22.06,0.469
72,432.2,185.4,17.6,22.75,0.469
72,434.7,185.2,15.1,22.75,0.438
72,437.2,185.0,12.7,22.75,0.438
72,440.8,185.0,11.0,22.23,0.438
72,444.4,185.1,9.3,22.45,0.493
72,448.3,185.1,8.1,22.45,0.517
72,452.2,185.1,6.8,22.45,0.517
72,456.1,185.2,5.5,22.65,0.517
72,460.2,185.1,4.5,22.65,0.521
72,464.2,185.1,3.5,22.65,0.521
72,468.3,185.1,3.0,22.81,0.521
72,472.3,185.1,3.0,22.81,0.509
72,476.3,185.1,3.0,22.81,0.509
72,480.3,185.1,3.0,23.02,0.509
72,483.9,185.0,3.0,23.02,0.463
72,487.6,185.0,3.0,23.02,0.463
72,491.3,184.9,3.0,23.02,0.463
72,494.8,184.9,3.0,23.20,0.463
72,498.3,184.8,3.0,23.20,0.438
72,501.8,184.8,3.0,23.20,0.438
72,505.2,184.8,3.0,23.31,0.438
72,508.5,184.7,3.0,23.31,0.413
72,511.8,184.7,3.0,23.31,0.413
72,515.1,184.6,3.0,23.31,0.413
72,518.2,184.5,3.0,23.41,0.413
72,521.3,184.5,3.0,23.41,0.389
72,524.4,184.4,3.0,23.41,0.389
72,527.5,184.4,3.0,23.41,0.389
72,530.5,184.3,3.0,23.50,0.389
72,533.4,184.2,3.0,23.50,0.367
72,536.3,184.2,3.0,23.50,0.367
72,539.2,184.1,3.0,23.50,0.367
72,541.9,184.0,3.0,23.63,0.367
72,544.5,183.9,3.0,23.63,0.327
72,547.1,183.9,3.0,23.63,0.327
72,549.7,183.8,3.0,23.63,0.327
72,552.3,183.7,3.0,23.74,0.327
72,554.8,183.7,3.0,23.74,0.309
72,557.2,183.6,3.0,23.74,0.309
72,559.7,183.5,3.0,23.74,0.309
72,562.2,183.4,3.0,23.74,0.309
72,564.7,183.3,3.0,23.81,0.309
72,567.0,183.2,3.0,23.81,0.292
72,569.3,183.2,3.0,23.81,0.292
72,571.7,183.1,3.0,23.81,0.292
72,574.0,183.0,3.0,23.81,0.292
72,576.3,182.9,3.0,23.89,0.292
72,578.5,182.8,3.0,23.89,0.274
72,580.7,182.6,3.0,23.89,0.274
72,582.9,182.4,3.0,23.89,0.274
72,585.1,182.3,3.0,23.89,0.274
72,587.3,182.1,3.0,23.89,0.274
72,589.3,182.0,3.0,23.99,0.274
72,591.4,181.8,3.0,23.99,0.258
72,593.4,181.7,3.0,23.99,0.258
72,595.5,181.6,3.0,23.99,0.258
72,597.6,181.5,3.0,23.99,0.258
72,599.6,181.4,3.0,23.99,0.258
72,601.5,181.2,3.0,24.04,0.258
72,603.4,181.1,3.0,24.04,0.240
72,605.3,180.9,3.0,24.04,0.240
72,607.2,180.7,3.0,24.04,0.240
72,609.2,180.6,3.0,24.04,0.240
72,611.1,180.4,3.0,24.04,0.240
72,612.9,180.3,3.0,24.14,0.240
72,614.7,180.2,3.0,24.14,0.226
72,616.5,180.1,3.0,24.14,0.226
72,618.3,180.0,3.0,24.08,0.226
72,620.2,179.7,3.0,24.08,0.236
72,622.1,179.5,3.0,24.08,0.236
72,623.9,179.3,3.0,24.08,0.236
72,625.8,179.0,3.0,24.14,0.232
72,627.6,178.7,3.0,24.14,0.232
72,629.4,178.4,3.0,24.14,0.232
72,631.3,178.1,3.0,24.14,0.232
72,633.1,177.8,3.0,24.14,0.232
72,634.9,177.6,3.1,24.14,0.232
72,636.6,177.4,3.1,24.22,0.232
72,638.2,177.2,3.1,24.22,0.206
72,639.9,177.0,3.1,24.22,0.206
72,641.5,176.9,3.1,24.22,0.206
72,643.1,176.7,3.1,24.22,0.206
72,644.8,176.5,3.1,24.22,0.206
72,646.4,176.4,3.2,24.22,0.206
72,648.0,176.2,3.2,24.26,0.206
72,649.6,176.0,3.2,24.26,0.201
72,651.2,175.8,3.2,24.26,0.201
72,652.8,175.6,3.2,24.26,0.201
72,654.4,175.4,3.2,24.26,0.201
72,656.0,175.2,3.3,24.26,0.201
72,657.6,175.0,3.3,24.26,0.201
72,659.2,174.8,3.3,24.26,0.201
72,660.7,174.6,3.3,24.35,0.201
72,662.2,174.5,3.3,24.35,0.190
72,663.8,174.3,3.4,24.35,0.190
72,665.3,174.2,3.4,24.35,0.190
72,666.8,174.0,3.4,24.35,0.190
72,668.3,173.9,3.4,24.35,0.190
72,669.8,173.7,3.4,24.35,0.190
72,671.3,173.6,3.4,24.35,0.190
72,672.8,173.5,3.4,24.39,0.190
72,674.2,173.4,3.5,24.39,0.180
72,675.6,173.3,3.5,24.39,0.180
72,677.1,173.2,3.5,24.39,0.180
72,678.5,173.2,3.5,24.39,0.180
72,680.0,173.1,3.5,24.39,0.180
72,681.4,173.0,3.5,24.39,0.180
72,682.9,172.9,3.5,24.39,0.180
72,684.3,172.8,3.5,24.45,0.180
72,685.6,172.8,3.5,24.45,0.169
78,356.8,205.2,259.9,22.48,0.837
78,359.9,204.6,254.9,22.48,0.744
78,366.2,204.3,254.3,19.42,0.816
78,372.5,204.1,253.7,20.37,0.816
78,377.4,203.8,260.0,19.85,1.023
78,382.4,203.4,266.5,19.71,1.011
78,385.3,203.1,267.0,20.20,1.261
78,388.2,202.9,267.0,20.20,1.703
78,391.1,202.6,267.0,20.20,1.703
78,394.0,202.2,267.0,20.20,1.703
78,397.0,201.9,267.0,20.33,1.703
78,397.0,201.7,267.0,20.33,1.844
78,397.0,201.4,267.0,20.33,1.844
78,397.0,201.1,267.0,20.33,1.844
78,397.0,200.9,267.0,20.33,1.844
78,397.0,200.6,267.0,20.33,1.844
78,397.0,200.3,267.0,20.33,1.844
78,397.0,200.0,267.0,20.33,1.844
78,397.0,199.8,267.0,20.33,1.844
78,397.0,199.5,267.0,20.33,1.844
78,397.0,199.2,267.0,20.33,1.844
78,397.0,198.9,267.0,20.33,1.844
78,397.0,198.7,267.0,20.33,1.844
78,397.0,198.4,267.0,20.33,1.844
78,397.0,198.1,267.0,20.33,1.844
78,397.0,197.8,267.0,20.33,1.844
78,397.0,197.6,267.0,20.33,1.844
78,397.0,197.3,267.0,20.33,1.844
78,397.0,197.0,267.0,20.33,1.844
78,397.0,196.7,267.0,20.33,1.844
78,397.0,196.4,267.0,20.33,1.844
78,397.0,196.2,267.0,20.33,1.844
78,397.0,195.9,267.0,20.33,1.844
78,397.0,195.6,267.0,20.33,1.844
78,397.0,195.3,267.0,20.33,1.844
78,397.0,195.1,267.0,20.33,1.844
78,397.0,194.8,267.0,20.33,1.844
78,397.0,194.5,267.0,20.33,1.844
78,397.0,194.2,267.0,20.33,1.844
78,397.0,194.0,267.0,20.33,1.844
78,397.0,193.7,267.0,20.33,1.844
78,397.0,193.4,267.0,20.33,1.844
78,397.0,193.1,267.0,20.33,1.844
78,397.0,192.9,267.0,20.33,1.844
78,397.0,192.6,267.0,20.33,1.844
78,397.0,192.3,267.0,20.33,1.844
78,397.0,192.0,267.0,20.33,1.844
78,397.0,194.7,267.0,20.33,1.844
78,397.0,194.4,267.0,20.33,1.844
78,397.0,194.2,267.0,20.33,1.844
78,397.0,193.9,267.0,20.33,1.844
78,397.0,193.6,267.0,20.33,1.844
78,397.0,193.3,267.0,20.33,1.844
78,397.0,193.1,267.0,20.33,1.844
78,397.0,192.8,267.0,20.33,1.844
78,397.0,192.5,267.0,20.33,1.844
78,397.0,192.2,267.0,20.33,1.844
78,397.0,192.0,267.0,19.96,1.844
78,397.0,191.7,267.0,19.96,1.720
78,397.0,191.4,267.0,19.96,1.720
78,397.0,191.1,267.0,19.96,1.720
78,397.0,190.9,267.0,19.96,1.720
78,397.0,190.6,267.0,19.96,1.720
78,397.0,193.3,267.0,20.33,1.720
78,397.0,193.0,267.0,20.33,1.844
78,397.0,192.7,267.0,20.33,1.844
78,397.0,192.4,267.0,20.33,1.844
78,397.0,192.2,267.0,20.33,1.844
78,397.0,191.9,267.0,19.96,1.844
78,397.0,191.6,267.0,19.96,1.720
78,397.0,191.3,267.0,19.96,1.720
78,397.0,191.1,267.0,19.96,1.720
78,397.0,190.8,267.0,19.96,1.720
78,397.0,190.5,267.0,19.96,1.720
78,397.0,193.2,267.0,20.33,1.720
78,397.0,192.9,267.0,20.33,1.844
78,397.0,192.6,267.0,20.33,1.844
78,397.0,192.3,267.0,20.33,1.844
78,397.0,192.1,267.0,20.33,1.844
78,397.0,194.8,267.0,20.33,1.844
78,397.0,194.5,267.0,20.33,1.844
78,397.0,194.2,267.0,20.33,1.844
78,397.0,193.9,267.0,20.33,1.844
78,397.0,193.7,267.0,20.33,1.844
78,397.0,193.4,267.0,20.33,1.844
78,397.0,193.1,267.0,20.33,1.844
78,397.0,192.8,267.0,20.33,1.844
78,397.0,192.6,267.0,20.33,1.844
78,397.0,192.3,267.0,20.33,1.844
78,397.0,192.0,267.0,19.96,1.844
78,397.0,191.7,267.0,19.96,1.720
78,397.0,191.4,267.0,19.96,1.720
78,397.0,191.2,267.0,19.96,1.720
78,397.0,190.9,267.0,19.96,1.720
78,397.0,190.6,267.0,19.96,1.720
78,397.0,193.3,267.0,20.33,1.720
78,397.0,193.0,267.0,20.33,1.844
78,397.0,192.7,267.0,20.33,1.844
78,397.0,192.5,267.0,20.33,1.844
78,397.0,192.2,267.0,20.33,1.844
78,397.0,191.9,267.0,19.96,1.844
78,397.0,191.6,267.0,19.96,1.720
78,397.0,191.4,267.0,19.96,1.720
78,397.0,191.1,267.0,19.96,1.720
78,397.0,190.8,267.0,19.96,1.720
78,397.0,190.5,267.0,19.96,1.720
78,397.0,193.2,267.0,20.33,1.720
78,397.0,192.9,267.0,20.33,1.844
78,397.0,192.7,267.0,20.33,1.844
78,397.0,192.4,267.0,20.33,1.844
78,397.0,192.1,267.0,20.33,1.844
78,397.0,194.8,267.0,20.33,1.844
78,397.0,194.5,267.0,20.33,1.844
78,397.0,194.2,267.0,20.33,1.844
78,397.0,193.9,267.0,20.33,1.844
78,397.0,193.7,267.0,20.33,1.844
78,397.0,193.4,267.0,20.33,1.844
78,397.0,193.1,267.0,20.33,1.844
78,397.0,192.9,267.0,20.33,1.844
78,397.0,192.6,267.0,20.33,1.844
78,397.0,192.3,267.0,20.33,1.844
78,397.0,192.0,267.0,20.33,1.844
78,397.0,194.7,267.0,20.33,1.844
78,397.0,194.4,267.0,20.33,1.844
78,397.0,194.2,267.0,20.33,1.844
78,397.0,193.9,267.0,20.33,1.844
78,397.0,193.6,267.0,20.33,1.844
78,397.0,193.3,267.0,20.33,1.844
78,397.0,193.1,267.0,20.33,1.844
78,397.0,192.8,267.0,20.33,1.844
78,397.0,192.5,267.0,20.33,1.844
78,397.0,192.2,267.0,20.33,1.844
78,397.0,191.9,267.0,19.96,1.844
78,397.0,191.7,267.0,19.96,1.720
78,397.0,191.4,267.0,19.96,1.720
78,397.0,191.1,267.0,19.96,1.720
78,397.0,190.9,267.0,19.96,1.720
78,397.0,190.6,267.0,19.96,1.720
78,397.0,193.2,267.0,20.33,1.720
78,397.0,193.0,267.0,20.33,1.844
78,397.0,192.7,267.0,20.33,1.844
78,397.0,192.4,267.0,20.33,1.844
78,397.0,192.1,267.0,20.33,1.844
78,397.0,191.9,267.0,19.96,1.844
78,397.0,191.6,267.0,19.96,1.720
78,397.0,191.3,267.0,19.96,1.720
78,397.0,191.0,267.0,19.96,1.720
78,397.0,190.8,267.0,19.96,1.720
78,397.0,190.5,267.0,19.96,1.720
78,397.0,193.2,267.0,20.33,1.720
78,397.0,192.9,267.0,20.33,1.844
78,397.0,192.6,267.0,20.33,1.844
78,397.0,192.3,267.0,20.33,1.844
78,397.0,192.1,267.0,20.33,1.844
78,397.0,194.7,267.0,20.33,1.844
78,397.0,194.5,267.0,20.33,1.844
78,397.0,194.2,267.0,20.33,1.844
78,397.0,193.9,267.0,20.33,1.844
78,397.0,193.6,267.0,20.33,1.844
78,397.0,193.4,267.0,20.33,1.844
84,373.2,181.6,264.5,20.61,1.001
84,378.2,184.2,267.0,20.61,1.254
84,383.2,186.8,267.0,20.61,1.254
84,386.1,189.4,267.0,20.26,1.254
84,389.0,192.1,267.0,20.20,1.615
84,391.9,194.7,267.0,20.20,1.703
84,394.8,194.4,267.0,20.20,1.703
84,394.8,194.1,267.0,20.20,1.703
84,394.8,193.8,267.0,20.20,1.703
84,394.8,193.6,267.0,20.20,1.703
84,394.8,193.3,267.0,20.20,1.703
84,394.8,193.0,267.0,20.20,1.703
84,394.8,192.7,267.0,20.20,1.703
84,394.8,192.5,267.0,20.20,1.703
84,394.8,192.2,267.0,20.20,1.703
84,394.8,191.9,267.0,20.26,1.703
84,394.8,191.6,267.0,20.26,1.615
84,394.8,191.3,267.0,20.26,1.615
84,394.8,191.1,267.0,20.26,1.615
84,394.8,190.8,267.0,20.26,1.615
84,394.8,190.5,267.0,20.26,1.615
84,394.8,193.2,267.0,20.20,1.615
84,394.8,192.9,267.0,20.20,1.703
84,394.8,192.7,267.0,20.20,1.703
84,394.8,192.4,267.0,20.20,1.703
84,394.8,192.1,267.0,20.20,1.703
84,394.8,194.8,267.0,20.20,1.703
84,394.8,194.5,267.0,20.20,1.703
84,394.8,194.2,267.0,20.20,1.703
84,394.8,193.9,267.0,20.20,1.703
84,394.8,193.7,267.0,20.20,1.703
84,394.8,193.4,267.0,20.20,1.703
84,394.8,193.1,267.0,20.20,1.703
84,394.8,192.8,267.0,20.20,1.703
84,394.8,192.6,267.0,20.20,1.703
84,394.8,192.3,267.0,20.20,1.703
84,394.8,192.0,267.0,20.20,1.703
84,394.8,194.7,267.0,20.20,1.703
84,394.8,194.4,267.0,20.20,1.703
84,394.8,194.1,267.0,20.20,1.703
84,394.8,193.9,267.0,20.20,1.703
84,394.8,193.6,267.0,20.20,1.703
84,394.8,193.3,267.0,20.20,1.703
84,394.8,193.0,267.0,20.20,1.703
84,394.8,192.8,267.0,20.20,1.703
84,394.8,192.5,267.0,20.20,1.703
84,394.8,192.2,267.0,20.20,1.703
84,394.8,191.9,267.0,20.26,1.703
84,394.8,191.7,267.0,20.26,1.615
84,394.8,191.4,267.0,20.26,1.615
84,394.8,191.1,267.0,20.26,1.615
84,394.8,190.8,267.0,20.26,1.615
84,394.8,190.6,267.0,20.26,1.615
84,394.8,193.2,267.0,20.20,1.615
84,394.8,192.9,267.0,20.20,1.703
84,394.8,192.7,267.0,20.20,1.703
84,394.8,192.4,267.0,20.20,1.703
84,394.8,192.1,267.0,20.20,1.703
84,394.8,194.8,267.0,20.20,1.703
84,394.8,194.5,267.0,20.20,1.703
84,394.8,194.2,267.0,20.20,1.703
84,394.8,194.0,267.0,20.20,1.703
84,394.8,193.7,267.0,20.20,1.703
84,394.8,193.4,267.0,20.20,1.703
84,394.8,193.2,267.0,20.20,1.703
84,394.8,192.9,267.0,20.20,1.703
84,394.8,192.6,267.0,20.20,1.703
84,394.8,192.3,267.0,20.20,1.703
84,394.8,192.1,267.0,20.20,1.703
84,394.8,194.7,267.0,20.20,1.703
84,394.8,194.4,267.0,20.20,1.703
84,394.8,194.2,267.0,20.20,1.703
84,394.8,193.9,267.0,20.20,1.703
84,394.8,193.6,267.0,20.20,1.703
84,394.8,193.3,267.0,20.20,1.703
84,394.8,193.1,267.0,20.20,1.703
84,394.8,192.8,267.0,20.20,1.703
84,394.8,192.5,267.0,20.20,1.703
84,394.8,192.2,267.0,20.20,1.703
84,394.8,192.0,267.0,20.26,1.703
84,394.8,191.7,267.0,20.26,1.615
84,394.8,191.4,267.0,20.26,1.615
84,394.8,191.1,267.0,20.26,1.615
84,394.8,190.9,267.0,20.26,1.615
84,394.8,190.6,267.0,20.26,1.615
84,394.8,193.3,267.0,20.20,1.615
84,394.8,193.0,267.0,20.20,1.703
84,394.8,192.7,267.0,20.20,1.703
84,394.8,192.4,267.0,20.20,1.703
84,394.8,192.2,267.0,20.20,1.703
84,394.8,191.9,267.0,20.26,1.703
84,394.8,191.6,267.0,20.26,1.615
84,394.8,191.3,267.0,20.26,1.615
84,394.8,191.1,267.0,20.26,1.615
84,394.8,190.8,267.0,20.26,1.615
84,394.8,190.5,267.0,20.26,1.615
84,394.8,193.2,267.0,20.20,1.615
84,394.8,192.9,267.0,20.20,1.703
84,394.8,192.6,267.0,20.20,1.703
84,394.8,192.4,267.0,20.20,1.703
84,394.8,192.1,267.0,20.20,1.703
84,394.8,194.8,267.0,20.20,1.703
84,394.8,194.5,267.0,20.20,1.703
84,394.8,194.2,267.0,20.20,1.703
84,394.8,193.9,267.0,20.20,1.703
84,394.8,193.7,267.0,20.20,1.703
84,394.8,193.4,267.0,20.20,1.703
84,394.8,193.1,267.0,20.20,1.703
84,394.8,192.8,267.0,20.20,1.703
84,394.8,192.6,267.0,20.20,1.703
84,394.8,192.3,267.0,20.20,1.703
84,394.8,192.0,267.0,20.20,1.703
84,394.8,194.7,267.0,20.20,1.703
84,394.8,194.4,267.0,20.20,1.703
84,394.8,194.1,267.0,20.20,1.703
84,394.8,193.8,267.0,20.20,1.703
84,394.8,193.6,267.0,20.20,1.703
84,394.8,193.3,267.0,20.20,1.703
84,394.8,193.0,267.0,20.20,1.703
84,394.8,192.8,267.0,20.20,1.703
84,394.8,192.5,267.0,20.20,1.703
84,394.8,192.2,267.0,20.20,1.703
84,394.8,191.9,267.0,20.26,1.703
84,394.8,191.6,267.0,20.26,1.615
84,394.8,191.4,267.0,20.26,1.615
84,394.8,191.1,267.0,20.26,1.615
84,394.8,190.8,267.0,20.26,1.615
84,394.8,190.5,267.0,20.26,1.615
84,394.8,193.2,267.0,20.20,1.615
84,394.8,192.9,267.0,20.20,1.703
84,394.8,192.7,267.0,20.20,1.703
84,394.8,192.4,267.0,20.20,1.703
84,394.8,192.1,267.0,20.20,1.703
84,394.8,194.8,267.0,20.20,1.703
84,394.8,194.5,267.0,20.20,1.703
84,394.8,194.2,267.0,20.20,1.703
84,394.8,194.0,267.0,20.20,1.703
84,394.8,193.7,267.0,20.20,1.703
84,394.8,193.4,267.0,20.20,1.703
84,394.8,193.1,267.0,20.20,1.703
84,394.8,192.9,267.0,20.20,1.703
84,394.8,192.6,267.0,20.20,1.703
84,394.8,192.3,267.0,20.20,1.703
84,394.8,192.0,267.0,20.20,1.703
84,394.8,194.7,267.0,20.20,1.703
84,394.8,194.4,267.0,20.20,1.703
84,394.8,194.2,267.0,20.20,1.703
84,394.8,193.9,267.0,20.20,1.703
84,394.8,193.6,267.0,20.20,1.703
84,394.8,193.3,267.0,20.20,1.703
84,394.8,193.1,267.0,20.20,1.703
84,394.8,192.8,267.0,20.20,1.703
84,394.8,192.5,267.0,20.20,1.703
84,394.8,192.2,267.0,20.20,1.703
84,394.8,191.9,267.0,20.26,1.703
84,394.8,191.7,267.0,20.26,1.615
84,394.8,191.4,267.0,20.26,1.615
84,394.8,191.1,267.0,20.26,1.615
84,394.8,190.9,267.0,20.26,1.615
84,394.8,190.6,267.0,20.26,1.615
90,422.2,176.8,264.5,22.15,1.001
90,419.7,183.3,264.3,20.26,1.001
90,416.8,185.9,267.0,20.26,1.615
90,413.9,188.5,267.0,20.26,1.615
90,411.0,191.2,267.0,20.26,1.615
90,408.1,190.9,267.0,20.26,1.615
90,408.1,190.6,267.0,20.26,1.615
90,408.1,193.2,267.0,20.20,1.615
90,408.1,193.0,267.0,20.20,1.703
90,408.1,192.7,267.0,20.20,1.703
90,408.1,192.4,267.0,20.20,1.703
90,408.1,192.2,267.0,20.20,1.703
90,408.1,191.9,267.0,20.26,1.703
90,408.1,191.6,267.0,20.26,1.615
90,408.1,191.3,267.0,20.26,1.615
90,408.1,191.1,267.0,20.26,1.615
90,408.1,190.8,267.0,20.26,1.615
90,408.1,190.5,267.0,20.26,1.615
90,408.1,193.2,267.0,20.20,1.615
90,408.1,192.9,267.0,20.20,1.703
90,408.1,192.6,267.0,20.20,1.703
90,408.1,192.3,267.0,20.20,1.703
90,408.1,192.1,267.0,20.20,1.703
90,408.1,194.7,267.0,20.20,1.703
90,408.1,194.5,267.0,20.20,1.703
90,408.1,194.2,267.0,20.20,1.703
90,408.1,193.9,267.0,20.20,1.703
90,408.1,193.6,267.0,20.20,1.703
90,408.1,193.4,267.0,20.20,1.703
90,408.1,193.1,267.0,20.20,1.703
90,408.1,192.8,267.0,20.20,1.703
90,408.1,192.5,267.0,20.20,1.703
90,408.1,192.3,267.0,20.20,1.703
90,408.1,192.0,267.0,20.26,1.703
90,408.1,191.7,267.0,20.26,1.615
90,408.1,191.4,267.0,20.26,1.615
90,408.1,191.2,267.0,20.26,1.615
90,408.1,190.9,267.0,20.26,1.615
90,408.1,190.6,267.0,20.26,1.615
90,408.1,193.3,267.0,20.20,1.615
90,408.1,193.0,267.0,20.20,1.703
90,408.1,192.7,267.0,20.20,1.703
90,408.1,192.5,267.0,20.20,1.703
90,408.1,192.2,267.0,20.20,1.703
90,408.1,191.9,267.0,20.26,1.703
90,408.1,191.6,267.0,20.26,1.615
90,408.1,191.4,267.0,20.26,1.615
90,408.1,191.1,267.0,20.26,1.615
90,408.1,190.8,267.0,20.26,1.615
90,408.1,190.5,267.0,20.26,1.615
90,408.1,193.2,267.0,20.20,1.615
90,408.1,192.9,267.0,20.20,1.703
90,408.1,192.7,267.0,20.20,1.703
90,408.1,192.4,267.0,20.20,1.703
90,408.1,192.1,267.0,20.20,1.703
90,408.1,194.8,267.0,20.20,1.703
90,408.1,194.5,267.0,20.20,1.703
90,408.1,194.2,267.0,20.20,1.703
90,408.1,193.9,267.0,20.20,1.703
90,408.1,193.7,267.0,20.20,1.703
90,408.1,193.4,267.0,20.20,1.703
90,408.1,193.1,267.0,20.20,1.703
90,408.1,192.9,267.0,20.20,1.703
90,408.1,192.6,267.0,20.20,1.703
90,408.1,192.3,267.0,20.20,1.703
90,408.1,192.0,267.0,20.20,1.703
90,408.1,194.7,267.0,20.20,1.703
90,408.1,194.4,267.0,20.20,1.703
90,408.1,194.1,267.0,20.20,1.703
90,408.1,193.9,267.0,20.20,1.703
90,408.1,193.6,267.0,20.20,1.703
90,408.1,193.3,267.0,20.20,1.703
90,408.1,193.0,267.0,20.20,1.703
90,408.1,192.8,267.0,20.20,1.703
90,408.1,192.5,267.0,20.20,1.703
90,408.1,192.2,267.0,20.20,1.703
90,408.1,191.9,267.0,20.26,1.703
90,408.1,191.7,267.0,20.26,1.615
90,408.1,191.4,267.0,20.26,1.615
90,408.1,191.1,267.0,20.26,1.615
90,408.1,190.8,267.0,20.26,1.615
90,408.1,190.6,267.0,20.26,1.615
90,408.1,193.2,267.0,20.20,1.615
90,408.1,193.0,267.0,20.20,1.703
90,408.1,192.7,267.0,20.20,1.703
90,408.1,192.4,267.0,20.20,1.703
90,408.1,192.1,267.0,20.20,1.703
90,408.1,194.8,267.0,20.20,1.703
90,408.1,194.5,267.0,20.20,1.703
90,408.1,194.3,267.0,20.20,1.703
90,408.1,194.0,267.0,20.20,1.703
90,408.1,193.7,267.0,20.20,1.703
90,408.1,193.4,267.0,20.20,1.703
90,408.1,193.2,267.0,20.20,1.703
90,408.1,192.9,267.0,20.20,1.703
90,408.1,192.6,267.0,20.20,1.703
90,408.1,192.3,267.0,20.20,1.703
90,408.1,192.1,267.0,20.20,1.703
90,408.1,194.7,267.0,20.20,1.703
90,408.1,194.4,267.0,20.20,1.703
90,408.1,194.2,267.0,20.20,1.703
90,408.1,193.9,267.0,20.20,1.703
90,408.1,193.6,267.0,20.20,1.703
90,408.1,193.3,267.0,20.20,1.703
90,408.1,193.1,267.0,20.20,1.703
90,408.1,192.8,267.0,20.20,1.703
90,408.1,192.5,267.0,20.20,1.703
90,408.1,192.2,267.0,20.20,1.703
90,408.1,192.0,267.0,20.26,1.703
90,408.1,191.7,267.0,20.26,1.615
90,408.1,191.4,267.0,20.26,1.615
90,408.1,191.2,267.0,20.26,1.615
90,408.1,190.9,267.0,20.26,1.615
90,408.1,190.6,267.0,20.26,1.615
90,408.1,193.3,267.0,20.20,1.615
90,408.1,193.0,267.0,20.20,1.703
90,408.1,192.7,267.0,20.20,1.703
90,408.1,192.4,267.0,20.20,1.703
90,408.1,192.2,267.0,20.20,1.703
90,408.1,191.9,267.0,20.26,1.703
90,408.1,191.6,267.0,20.26,1.615
90,408.1,191.3,267.0,20.26,1.615
90,408.1,191.1,267.0,20.26,1.615
90,408.1,190.8,267.0,20.26,1.615
90,408.1,190.5,267.0,20.26,1.615
90,408.1,193.2,267.0,20.20,1.615
90,408.1,192.9,267.0,20.20,1.703
90,408.1,192.6,267.0,20.20,1.703
90,408.1,192.4,267.0,20.20,1.703
90,408.1,192.1,267.0,20.20,1.703
90,408.1,194.8,267.0,20.20,1.703
90,408.1,194.5,267.0,20.20,1.703
90,408.1,194.2,267.0,20.20,1.703
90,408.1,193.9,267.0,20.20,1.703
90,408.1,193.7,267.0,20.20,1.703
90,408.1,193.4,267.0,20.20,1.703
90,408.1,193.1,267.0,20.20,1.703
90,408.1,192.8,267.0,20.20,1.703
90,408.1,192.6,267.0,20.20,1.703
90,408.1,192.3,267.0,20.20,1.703
90,408.1,192.0,267.0,20.20,1.703
90,408.1,194.7,267.0,20.20,1.703
90,408.1,194.4,267.0,20.20,1.703
90,408.1,194.1,267.0,20.20,1.703
90,408.1,193.8,267.0,20.20,1.703
90,408.1,193.6,267.0,20.20,1.703
90,408.1,193.3,267.0,20.20,1.703
90,408.1,193.0,267.0,20.20,1.703
90,408.1,192.8,267.0,20.20,1.703
90,408.1,192.5,267.0,20.20,1.703
90,408.1,192.2,267.0,20.20,1.703
90,408.1,191.9,267.0,20.26,1.703
90,408.1,191.7,267.0,20.26,1.615
90,408.1,191.4,267.0,20.26,1.615
90,408.1,191.1,267.0,20.26,1.615
90,408.1,190.8,267.0,20.26,1.615
90,408.1,190.6,267.0,20.26,1.615
90,408.1,193.2,267.0,20.20,1.615
90,408.1,192.9,267.0,20.20,1.703
90,408.1,192.7,267.0,20.20,1.703
96,426.3,224.7,265.1,21.08,0.795
96,419.9,220.0,265.0,20.21,0.997
96,417.0,214.9,267.0,20.33,0.997
96,414.0,211.8,267.0,20.33,1.595
96,411.1,208.6,267.0,20.33,1.595
96,408.2,205.5,267.0,20.33,1.595
96,408.2,205.2,267.0,20.33,1.595
96,408.2,205.0,267.0,20.33,1.595
96,408.2,204.7,267.0,20.33,1.595
96,408.2,204.4,267.0,20.33,1.595
96,408.2,204.1,267.0,20.33,1.595
96,408.2,203.9,267.0,20.20,1.595
96,408.2,203.6,267.0,20.20,1.703
96,408.2,203.3,267.0,20.20,1.703
96,408.2,203.0,267.0,20.20,1.703
96,408.2,202.8,267.0,20.20,1.703
96,408.2,202.5,267.0,20.20,1.703
96,408.2,202.2,267.0,20.20,1.703
96,408.2,201.9,267.0,20.20,1.703
96,408.2,201.7,267.0,20.20,1.703
96,408.2,201.4,267.0,20.20,1.703
96,408.2,201.1,267.0,20.20,1.703
96,408.2,200.8,267.0,20.20,1.703
96,408.2,200.6,267.0,20.20,1.703
96,408.2,200.3,267.0,20.20,1.703
96,408.2,200.0,267.0,20.20,1.703
96,408.2,199.7,267.0,20.20,1.703
96,408.2,199.5,267.0,20.20,1.703
96,408.2,199.2,267.0,20.20,1.703
96,408.2,198.9,267.0,20.20,1.703
96,408.2,198.6,267.0,20.20,1.703
96,408.2,198.4,267.0,20.20,1.703
96,408.2,198.1,267.0,20.20,1.703
96,408.2,197.8,267.0,20.20,1.703
96,408.2,197.5,267.0,20.20,1.703
96,408.2,197.3,267.0,20.20,1.703
96,408.2,197.0,267.0,20.20,1.703
96,408.2,196.7,267.0,20.20,1.703
96,408.2,196.4,267.0,20.20,1.703
96,408.2,196.2,267.0,20.20,1.703
96,408.2,195.9,267.0,20.20,1.703
96,408.2,195.6,267.0,20.20,1.703
96,408.2,195.3,267.0,20.20,1.703
96,408.2,195.1,267.0,20.20,1.703
96,408.2,194.8,267.0,20.20,1.703
96,408.2,194.5,267.0,20.20,1.703
96,408.2,194.2,267.0,20.20,1.703
96,408.2,194.0,267.0,20.20,1.703
96,408.2,193.7,267.0,20.20,1.703
96,408.2,193.4,267.0,20.20,1.703
96,408.2,193.1,267.0,20.20,1.703
96,408.2,192.9,267.0,20.20,1.703
96,408.2,192.6,267.0,20.20,1.703
96,408.2,192.3,267.0,20.20,1.703
96,408.2,192.0,267.0,20.20,1.703
96,408.2,194.7,267.0,20.20,1.703
96,408.2,194.4,267.0,20.20,1.703
96,408.2,194.2,267.0,20.20,1.703
96,408.2,193.9,267.0,20.20,1.703
96,408.2,193.6,267.0,20.20,1.703
96,408.2,193.3,267.0,20.20,1.703
96,408.2,193.1,267.0,20.20,1.703
96,408.2,192.8,267.0,20.20,1.703
96,408.2,192.5,267.0,20.20,1.703
96,408.2,192.2,267.0,20.20,1.703
96,408.2,191.9,267.0,20.26,1.703
96,408.2,191.7,267.0,20.26,1.615
96,408.2,191.4,267.0,20.26,1.615
96,408.2,191.1,267.0,20.26,1.615
96,408.2,190.9,267.0,20.26,1.615
96,408.2,190.6,267.0,20.26,1.615
96,408.2,193.2,267.0,20.20,1.615
96,408.2,193.0,267.0,20.20,1.703
96,408.2,192.7,267.0,20.20,1.703
96,408.2,192.4,267.0,20.20,1.703
96,408.2,192.2,267.0,20.20,1.703
96,408.2,194.8,267.0,20.20,1.703
96,408.2,194.5,267.0,20.20,1.703
96,408.2,194.3,267.0,20.20,1.703
96,408.2,194.0,267.0,20.20,1.703
96,408.2,193.7,267.0,20.20,1.703
96,408.2,193.4,267.0,20.20,1.703
96,408.2,193.2,267.0,20.20,1.703
96,408.2,192.9,267.0,20.20,1.703
96,408.2,192.6,267.0,20.20,1.703
96,408.2,192.3,267.0,20.20,1.703
96,408.2,192.1,267.0,20.20,1.703
96,408.2,194.7,267.0,20.20,1.703
96,408.2,194.5,267.0,20.20,1.703
96,408.2,194.2,267.0,20.20,1.703
96,408.2,193.9,267.0,20.20,1.703
96,408.2,193.6,267.0,20.20,1.703
96,408.2,193.4,267.0,20.20,1.703
96,408.2,193.1,267.0,20.20,1.703
96,408.2,192.8,267.0,20.20,1.703
96,408.2,192.5,267.0,20.20,1.703
96,408.2,192.3,267.0,20.20,1.703
96,408.2,192.0,267.0,20.26,1.703
96,408.2,191.7,267.0,20.26,1.615
96,408.2,191.4,267.0,20.26,1.615
96,408.2,191.2,267.0,20.26,1.615
96,408.2,190.9,267.0,20.26,1.615
96,408.2,190.6,267.0,20.26,1.615
96,408.2,193.3,267.0,20.20,1.615
96,408.2,193.0,267.0,20.20,1.703
96,408.2,192.7,267.0,20.20,1.703
96,408.2,192.5,267.0,20.20,1.703
96,408.2,192.2,267.0,20.20,1.703
96,408.2,191.9,267.0,20.26,1.703
96,408.2,191.6,267.0,20.26,1.615
96,408.2,191.3,267.0,20.26,1.615
96,408.2,191.1,267.0,20.26,1.615
96,408.2,190.8,267.0,20.26,1.615
96,408.2,190.5,267.0,20.26,1.615
96,408.2,193.2,267.0,20.20,1.615
96,408.2,192.9,267.0,20.20,1.703
96,408.2,192.7,267.0,20.20,1.703
96,408.2,192.4,267.0,20.20,1.703
96,408.2,192.1,267.0,20.20,1.703
96,408.2,194.8,267.0,20.20,1.703
96,408.2,194.5,267.0,20.20,1.703
96,408.2,194.2,267.0,20.20,1.703
96,408.2,193.9,267.0,20.20,1.703
96,408.2,193.7,267.0,20.20,1.703
96,408.2,193.4,267.0,20.20,1.703
96,408.2,193.1,267.0,20.20,1.703
96,408.2,192.8,267.0,20.20,1.703
96,408.2,192.6,267.0,20.20,1.703
96,408.2,192.3,267.0,20.20,1.703
96,408.2,192.0,267.0,20.20,1.703
96,408.2,194.7,267.0,20.20,1.703
96,408.2,194.4,267.0,20.20,1.703
96,408.2,194.1,267.0,20.20,1.703
96,408.2,193.9,267.0,20.20,1.703
96,408.2,193.6,267.0,20.20,1.703
96,408.2,193.3,267.0,20.20,1.703
96,408.2,193.0,267.0,20.20,1.703
96,408.2,192.8,267.0,20.20,1.703
96,408.2,192.5,267.0,20.20,1.703
96,408.2,192.2,267.0,20.20,1.703
96,408.2,191.9,267.0,20.26,1.703
96,408.2,191.7,267.0,20.26,1.615
96,408.2,191.4,267.0,20.26,1.615
96,408.2,191.1,267.0,20.26,1.615
96,408.2,190.8,267.0,20.26,1.615
96,408.2,190.6,267.0,20.26,1.615
96,408.2,193.2,267.0,20.20,1.615
96,408.2,193.0,267.0,20.20,1.703
96,408.2,192.7,267.0,20.20,1.703
96,408.2,192.4,267.0,20.20,1.703
96,408.2,192.1,267.0,20.20,1.703
96,408.2,194.8,267.0,20.20,1.703
96,408.2,194.5,267.0,20.20,1.703
96,408.2,194.2,267.0,20.20,1.703
96,408.2,194.0,267.0,20.20,1.703
96,408.2,193.7,267.0,20.20,1.703
96,408.2,193.4,267.0,20.20,1.703
96,408.2,193.2,267.0,20.20,1.703
96,408.2,192.9,267.0,20.20,1.703
96,408.2,192.6,267.0,20.20,1.703
102,396.8,246.7,260.1,20.72,0.841
102,396.8,243.4,255.1,20.72,0.742
102,396.8,240.1,250.2,21.99,0.742
102,396.8,234.7,248.7,20.28,0.553
102,396.8,229.2,247.2,20.28,0.710
102,396.8,224.7,249.5,20.49,0.710
102,396.8,220.1,251.8,20.49,0.632
102,396.8,215.1,258.0,20.30,0.632
102,396.8,212.0,267.0,20.21,1.298
102,396.8,208.9,267.0,20.21,1.690
102,396.8,205.8,267.0,20.21,1.690
102,396.8,202.7,267.0,20.33,1.690
102,396.8,202.4,267.0,20.33,1.844
102,396.8,202.1,267.0,20.33,1.844
102,396.8,201.8,267.0,20.33,1.844
102,396.8,201.6,267.0,20.33,1.844
102,396.8,201.3,267.0,20.33,1.844
102,396.8,201.0,267.0,20.33,1.844
102,396.8,200.7,267.0,20.33,1.844
102,396.8,200.5,267.0,20.33,1.844
102,396.8,200.2,267.0,20.33,1.844
102,396.8,199.9,267.0,20.33,1.844
102,396.8,199.6,267.0,20.33,1.844
102,396.8,199.3,267.0,20.33,1.844
102,396.8,199.1,267.0,20.33,1.844
102,396.8,198.8,267.0,20.33,1.844
102,396.8,198.5,267.0,20.33,1.844
102,396.8,198.2,267.0,20.33,1.844
102,396.8,198.0,267.0,20.33,1.844
102,396.8,197.7,267.0,20.33,1.844
102,396.8,197.4,267.0,20.33,1.844
102,396.8,197.2,267.0,20.33,1.844
102,396.8,196.9,267.0,20.33,1.844
102,396.8,196.6,267.0,20.33,1.844
102,396.8,196.3,267.0,20.33,1.844
102,396.8,196.0,267.0,20.33,1.844
102,396.8,195.8,267.0,20.33,1.844
102,396.8,195.5,267.0,20.33,1.844
102,396.8,195.2,267.0,20.33,1.844
102,396.8,194.9,267.0,20.33,1.844
102,396.8,194.7,267.0,20.33,1.844
102,396.8,194.4,267.0,20.33,1.844
102,396.8,194.1,267.0,20.33,1.844
102,396.8,193.8,267.0,20.33,1.844
102,396.8,193.6,267.0,20.33,1.844
102,396.8,193.3,267.0,20.33,1.844
102,396.8,193.0,267.0,20.33,1.844
102,396.8,192.8,267.0,20.33,1.844
102,396.8,192.5,267.0,20.33,1.844
102,396.8,192.2,267.0,20.33,1.844
102,396.8,191.9,267.0,19.96,1.844
102,396.8,191.7,267.0,19.96,1.720
102,396.8,191.4,267.0,19.96,1.720
102,396.8,191.1,267.0,19.96,1.720
102,396.8,190.8,267.0,19.96,1.720
102,396.8,190.6,267.0,19.96,1.720
102,396.8,193.2,267.0,20.33,1.720
102,396.8,192.9,267.0,20.33,1.844
102,396.8,192.7,267.0,20.33,1.844
102,396.8,192.4,267.0,20.33,1.844
102,396.8,192.1,267.0,20.33,1.844
102,396.8,194.8,267.0,20.33,1.844
102,396.8,194.5,267.0,20.33,1.844
102,396.8,194.2,267.0,20.33,1.844
102,396.8,194.0,267.0,20.33,1.844
102,396.8,193.7,267.0,20.33,1.844
102,396.8,193.4,267.0,20.33,1.844
102,396.8,193.1,267.0,20.33,1.844
102,396.8,192.9,267.0,20.33,1.844
102,396.8,192.6,267.0,20.33,1.844
102,396.8,192.3,267.0,20.33,1.844
102,396.8,192.0,267.0,20.33,1.844
102,396.8,194.7,267.0,20.33,1.844
102,396.8,194.4,267.0,20.33,1.844
102,396.8,194.2,267.0,20.33,1.844
102,396.8,193.9,267.0,20.33,1.844
102,396.8,193.6,267.0,20.33,1.844
102,396.8,193.3,267.0,20.33,1.844
102,396.8,193.1,267.0,20.33,1.844
102,396.8,192.8,267.0,20.33,1.844
102,396.8,192.5,267.0,20.33,1.844
102,396.8,192.2,267.0,20.33,1.844
102,396.8,192.0,267.0,19.96,1.844
102,396.8,191.7,267.0,19.96,1.720
102,396.8,191.4,267.0,19.96,1.720
102,396.8,191.1,267.0,19.96,1.720
102,396.8,190.9,267.0,19.96,1.720
102,396.8,190.6,267.0,19.96,1.720
102,396.8,193.2,267.0,20.33,1.720
102,396.8,193.0,267.0,20.33,1.844
102,396.8,192.7,267.0,20.33,1.844
102,396.8,192.4,267.0,20.33,1.844
102,396.8,192.2,267.0,20.33,1.844
102,396.8,191.9,267.0,19.96,1.844
102,396.8,191.6,267.0,19.96,1.720
102,396.8,191.3,267.0,19.96,1.720
102,396.8,191.1,267.0,19.96,1.720
102,396.8,190.8,267.0,19.96,1.720
102,396.8,190.5,267.0,19.96,1.720
102,396.8,193.2,267.0,20.33,1.720
102,396.8,192.9,267.0,20.33,1.844
102,396.8,192.6,267.0,20.33,1.844
102,396.8,192.3,267.0,20.33,1.844
102,396.8,192.1,267.0,20.33,1.844
102,396.8,194.7,267.0,20.33,1.844
102,396.8,194.5,267.0,20.33,1.844
102,396.8,194.2,267.0,20.33,1.844
102,396.8,193.9,267.0,20.33,1.844
102,396.8,193.6,267.0,20.33,1.844
102,396.8,193.4,267.0,20.33,1.844
102,396.8,193.1,267.0,20.33,1.844
102,396.8,192.8,267.0,20.33,1.844
102,396.8,192.5,267.0,20.33,1.844
102,396.8,192.3,267.0,20.33,1.844
102,396.8,192.0,267.0,19.96,1.844
102,396.8,191.7,267.0,19.96,1.720
102,396.8,191.4,267.0,19.96,1.720
102,396.8,191.2,267.0,19.96,1.720
102,396.8,190.9,267.0,19.96,1.720
102,396.8,190.6,267.0,19.96,1.720
102,396.8,193.3,267.0,20.33,1.720
102,396.8,193.0,267.0,20.33,1.844
102,396.8,192.7,267.0,20.33,1.844
102,396.8,192.5,267.0,20.33,1.844
102,396.8,192.2,267.0,20.33,1.844
102,396.8,191.9,267.0,19.96,1.844
102,396.8,191.6,267.0,19.96,1.720
102,396.8,191.4,267.0,19.96,1.720
102,396.8,191.1,267.0,19.96,1.720
102,396.8,190.8,267.0,19.96,1.720
102,396.8,190.5,267.0,19.96,1.720
102,396.8,193.2,267.0,20.33,1.720
102,396.8,192.9,267.0,20.33,1.844
102,396.8,192.7,267.0,20.33,1.844
102,396.8,192.4,267.0,20.33,1.844
102,396.8,192.1,267.0,20.33,1.844
102,396.8,194.8,267.0,20.33,1.844
102,396.8,194.5,267.0,20.33,1.844
102,396.8,194.2,267.0,20.33,1.844
102,396.8,193.9,267.0,20.33,1.844
102,396.8,193.7,267.0,20.33,1.844
102,396.8,193.4,267.0,20.33,1.844
102,396.8,193.1,267.0,20.33,1.844
102,396.8,192.9,267.0,20.33,1.844
102,396.8,192.6,267.0,20.33,1.844
102,396.8,192.3,267.0,20.33,1.844
102,396.8,192.0,267.0,20.33,1.844
102,396.8,194.7,267.0,20.33,1.844
102,396.8,194.4,267.0,20.33,1.844
102,396.8,194.1,267.0,20.33,1.844
102,396.8,193.9,267.0,20.33,1.844
102,396.8,193.6,267.0,20.33,1.844
102,396.8,193.3,267.0,20.33,1.844
102,396.8,193.0,267.0,20.33,1.844
102,396.8,192.8,267.0,20.33,1.844
102,396.8,192.5,267.0,20.33,1.844
102,396.8,192.2,267.0,20.33,1.844
102,396.8,191.9,267.0,19.96,1.844
102,396.8,191.7,267.0,19.96,1.720
102,396.8,191.4,267.0,19.96,1.720
108,393.6,241.8,260.0,20.78,0.838
108,393.9,238.7,255.0,19.71,0.743
108,395.9,232.4,254.5,19.71,0.823
108,395.9,226.0,253.8,20.30,0.807
108,395.9,220.9,260.0,20.30,1.008
108,395.9,215.8,266.3,20.33,1.008
108,395.9,212.7,267.0,20.33,1.690
108,395.9,209.5,267.0,20.33,1.690
108,395.9,206.4,267.0,20.33,1.690
108,395.9,203.3,267.0,20.20,1.690
108,395.9,203.0,267.0,20.20,1.844
108,395.9,202.7,267.0,20.20,1.844
108,395.9,202.4,267.0,20.20,1.844
108,395.9,202.2,267.0,20.20,1.844
108,395.9,201.9,267.0,20.20,1.844
108,395.9,201.6,267.0,20.20,1.844
108,395.9,201.3,267.0,20.20,1.844
108,395.9,201.1,267.0,20.20,1.844
108,395.9,200.8,267.0,20.20,1.844
108,395.9,200.5,267.0,20.20,1.844
108,395.9,200.2,267.0,20.20,1.844
108,395.9,200.0,267.0,20.20,1.844
108,395.9,199.7,267.0,20.20,1.844
108,395.9,199.4,267.0,20.20,1.844
108,395.9,199.1,267.0,20.20,1.844
108,395.9,198.9,267.0,20.20,1.844
108,395.9,198.6,267.0,20.20,1.844
108,395.9,198.3,267.0,20.20,1.844
108,395.9,198.0,267.0,20.20,1.844
108,395.9,197.8,267.0,20.20,1.844
108,395.9,197.5,267.0,20.20,1.844
108,395.9,197.2,267.0,20.20,1.844
108,395.9,196.9,267.0,20.20,1.844
108,395.9,196.7,267.0,20.20,1.844
108,395.9,196.4,267.0,20.20,1.844
108,395.9,196.1,267.0,20.20,1.844
108,395.9,195.8,267.0,20.20,1.844
108,395.9,195.6,267.0,20.20,1.844
108,395.9,195.3,267.0,20.20,1.844
108,395.9,195.0,267.0,20.20,1.844
108,395.9,194.7,267.0,20.20,1.844
108,395.9,194.4,267.0,20.20,1.844
108,395.9,194.2,267.0,20.20,1.844
108,395.9,193.9,267.0,20.20,1.844
108,395.9,193.6,267.0,20.20,1.844
108,395.9,193.3,267.0,20.20,1.844
108,395.9,193.1,267.0,20.20,1.844
108,395.9,192.8,267.0,20.20,1.844
108,395.9,192.5,267.0,20.20,1.844
108,395.9,192.2,267.0,20.20,1.844
108,395.9,192.0,267.0,20.26,1.844
108,395.9,191.7,267.0,20.26,1.720
108,395.9,191.4,267.0,20.26,1.720
108,395.9,191.2,267.0,20.26,1.720
108,395.9,190.9,267.0,20.26,1.720
108,395.9,190.6,267.0,20.26,1.720
108,395.9,193.3,267.0,20.20,1.720
108,395.9,193.0,267.0,20.20,1.844
108,395.9,192.7,267.0,20.20,1.844
108,395.9,192.5,267.0,20.20,1.844
108,395.9,192.2,267.0,20.20,1.844
108,395.9,191.9,267.0,20.26,1.844
108,395.9,191.6,267.0,20.26,1.720
108,395.9,191.3,267.0,20.26,1.720
108,395.9,191.1,267.0,20.26,1.720
108,395.9,190.8,267.0,20.26,1.720
108,395.9,190.5,267.0,20.26,1.720
108,395.9,193.2,267.0,20.20,1.720
108,395.9,192.9,267.0,20.20,1.844
108,395.9,192.6,267.0,20.20,1.844
108,395.9,192.4,267.0,20.20,1.844
108,395.9,192.1,267.0,20.20,1.844
108,395.9,194.8,267.0,20.20,1.844
108,395.9,194.5,267.0,20.20,1.844
108,395.9,194.2,267.0,20.20,1.844
108,395.9,193.9,267.0,20.20,1.844
108,395.9,193.7,267.0,20.20,1.844
108,395.9,193.4,267.0,20.20,1.844
108,395.9,193.1,267.0,20.20,1.844
108,395.9,192.8,267.0,20.20,1.844
108,395.9,192.6,267.0,20.20,1.844
108,395.9,192.3,267.0,20.20,1.844
108,395.9,192.0,267.0,20.20,1.844
108,395.9,194.7,267.0,20.20,1.844
108,395.9,194.4,267.0,20.20,1.844
108,395.9,194.1,267.0,20.20,1.844
108,395.9,193.9,267.0,20.20,1.844
108,395.9,193.6,267.0,20.20,1.844
108,395.9,193.3,267.0,20.20,1.844
108,395.9,193.0,267.0,20.20,1.844
108,395.9,192.8,267.0,20.20,1.844
108,395.9,192.5,267.0,20.20,1.844
108,395.9,192.2,267.0,20.20,1.844
108,395.9,191.9,267.0,20.26,1.844
108,395.9,191.7,267.0,20.26,1.720
108,395.9,191.4,267.0,20.26,1.720
108,395.9,191.1,267.0,20.26,1.720
108,395.9,190.8,267.0,20.26,1.720
108,395.9,190.6,267.0,20.26,1.720
108,395.9,193.2,267.0,20.20,1.720
108,395.9,192.9,267.0,20.20,1.844
108,395.9,192.7,267.0,20.20,1.844
108,395.9,192.4,267.0,20.20,1.844
108,395.9,192.1,267.0,20.20,1.844
108,395.9,194.8,267.0,20.20,1.844
108,395.9,194.5,267.0,20.20,1.844
108,395.9,194.2,267.0,20.20,1.844
108,395.9,194.0,267.0,20.20,1.844
108,395.9,193.7,267.0,20.20,1.844
108,395.9,193.4,267.0,20.20,1.844
108,395.9,193.1,267.0,20.20,1.844
108,395.9,192.9,267.0,20.20,1.844
108,395.9,192.6,267.0,20.20,1.844
108,395.9,192.3,267.0,20.20,1.844
108,395.9,192.0,267.0,20.20,1.844
108,395.9,194.7,267.0,20.20,1.844
108,395.9,194.4,267.0,20.20,1.844
108,395.9,194.2,267.0,20.20,1.844
108,395.9,193.9,267.0,20.20,1.844
108,395.9,193.6,267.0,20.20,1.844
108,395.9,193.3,267.0,20.20,1.844
108,395.9,193.1,267.0,20.20,1.844
108,395.9,192.8,267.0,20.20,1.844
108,395.9,192.5,267.0,20.20,1.844
108,395.9,192.2,267.0,20.20,1.844
108,395.9,192.0,267.0,20.26,1.844
108,395.9,191.7,267.0,20.26,1.720
108,395.9,191.4,267.0,20.26,1.720
108,395.9,191.1,267.0,20.26,1.720
108,395.9,190.9,267.0,20.26,1.720
108,395.9,190.6,267.0,20.26,1.720
108,395.9,193.3,267.0,20.20,1.720
108,395.9,193.0,267.0,20.20,1.844
108,395.9,192.7,267.0,20.20,1.844
108,395.9,192.4,267.0,20.20,1.844
108,395.9,192.2,267.0,20.20,1.844
108,395.9,191.9,267.0,20.26,1.844
108,395.9,191.6,267.0,20.26,1.720
108,395.9,191.3,267.0,20.26,1.720
108,395.9,191.1,267.0,20.26,1.720
108,395.9,190.8,267.0,20.26,1.720
108,395.9,190.5,267.0,20.26,1.720
108,395.9,193.2,267.0,20.20,1.720
108,395.9,192.9,267.0,20.20,1.844
108,395.9,192.6,267.0,20.20,1.844
108,395.9,192.3,267.0,20.20,1.844
108,395.9,192.1,267.0,20.20,1.844
108,395.9,194.8,267.0,20.20,1.844
108,395.9,194.5,267.0,20.20,1.844
108,395.9,194.2,267.0,20.20,1.844
108,395.9,193.9,267.0,20.20,1.844
108,395.9,193.7,267.0,20.20,1.844
108,395.9,193.4,267.0,20.20,1.844
108,395.9,193.1,267.0,20.20,1.844
108,395.9,192.8,267.0,20.20,1.844
108,395.9,192.6,267.0,20.20,1.844
108,395.9,192.3,267.0,20.20,1.844
108,395.9,192.0,267.0,20.20,1.844
108,395.9,191.7,267.0,20.26,1.720
108,395.9,191.4,267.0,20.26,1.720
114,424.6,161.2,262.4,21.57,0.784
114,422.1,164.8,259.8,21.57,0.635
114,419.5,168.4,257.3,19.74,0.635
114,417.5,174.3,257.0,19.74,0.791
114,415.4,180.3,256.8,20.34,0.791
114,412.7,182.7,266.1,20.26,1.247
114,409.8,185.3,267.0,20.26,1.615
114,406.9,188.0,267.0,19.96,1.615
114,406.9,190.6,267.0,19.96,1.720
114,406.9,193.3,267.0,20.33,1.720
114,406.9,193.0,267.0,20.33,1.844
114,406.9,192.8,267.0,20.33,1.844
114,406.9,192.5,267.0,20.33,1.844
114,406.9,192.2,267.0,20.33,1.844
114,406.9,191.9,267.0,19.96,1.844
114,406.9,191.7,267.0,19.96,1.720
114,406.9,191.4,267.0,19.96,1.720
114,406.9,191.1,267.0,19.96,1.720
114,406.9,190.8,267.0,19.96,1.720
114,406.9,190.6,267.0,19.96,1.720
114,406.9,193.2,267.0,20.33,1.720
114,406.9,193.0,267.0,20.33,1.844
114,406.9,192.7,267.0,20.33,1.844
114,406.9,192.4,267.0,20.33,1.844
114,406.9,192.1,267.0,20.33,1.844
114,406.9,194.8,267.0,20.33,1.844
114,406.9,194.5,267.0,20.33,1.844
114,406.9,194.2,267.0,20.33,1.844
114,406.9,194.0,267.0,20.33,1.844
114,406.9,193.7,267.0,20.33,1.844
114,406.9,193.4,267.0,20.33,1.844
114,406.9,193.2,267.0,20.33,1.844
114,406.9,192.9,267.0,20.33,1.844
114,406.9,192.6,267.0,20.33,1.844
114,406.9,192.3,267.0,20.33,1.844
114,406.9,192.1,267.0,20.33,1.844
114,406.9,194.7,267.0,20.33,1.844
114,406.9,194.4,267.0,20.33,1.844
114,406.9,194.2,267.0,20.33,1.844
114,406.9,193.9,267.0,20.33,1.844
114,406.9,193.6,267.0,20.33,1.844
114,406.9,193.3,267.0,20.33,1.844
114,406.9,193.1,267.0,20.33,1.844
114,406.9,192.8,267.0,20.33,1.844
114,406.9,192.5,267.0,20.33,1.844
114,406.9,192.2,267.0,20.33,1.844
114,406.9,192.0,267.0,19.96,1.844
114,406.9,191.7,267.0,19.96,1.720
114,406.9,191.4,267.0,19.96,1.720
114,406.9,191.2,267.0,19.96,1.720
114,406.9,190.9,267.0,19.96,1.720
114,406.9,190.6,267.0,19.96,1.720
114,406.9,193.3,267.0,20.33,1.720
114,406.9,193.0,267.0,20.33,1.844
114,406.9,192.7,267.0,20.33,1.844
114,406.9,192.4,267.0,20.33,1.844
114,406.9,192.2,267.0,20.33,1.844
114,406.9,191.9,267.0,19.96,1.844
114,406.9,191.6,267.0,19.96,1.720
114,406.9,191.3,267.0,19.96,1.720
114,406.9,191.1,267.0,19.96,1.720
114,406.9,190.8,267.0,19.96,1.720
114,406.9,190.5,267.0,19.96,1.720
114,406.9,193.2,267.0,20.33,1.720
114,406.9,192.9,267.0,20.33,1.844
114,406.9,192.6,267.0,20.33,1.844
114,406.9,192.4,267.0,20.33,1.844
114,406.9,192.1,267.0,20.33,1.844
114,406.9,194.8,267.0,20.33,1.844
114,406.9,194.5,267.0,20.33,1.844
114,406.9,194.2,267.0,20.33,1.844
114,406.9,193.9,267.0,20.33,1.844
114,406.9,193.7,267.0,20.33,1.844
114,406.9,193.4,267.0,20.33,1.844
114,406.9,193.1,267.0,20.33,1.844
114,406.9,192.8,267.0,20.33,1.844
114,406.9,192.6,267.0,20.33,1.844
114,406.9,192.3,267.0,20.33,1.844
114,406.9,192.0,267.0,20.33,1.844
114,406.9,194.7,267.0,20.33,1.844
114,406.9,194.4,267.0,20.33,1.844
114,406.9,194.1,267.0,20.33,1.844
114,406.9,193.8,267.0,20.33,1.844
114,406.9,193.6,267.0,20.33,1.844
114,406.9,193.3,267.0,20.33,1.844
114,406.9,193.0,267.0,20.33,1.844
114,406.9,192.8,267.0,20.33,1.844
114,406.9,192.5,267.0,20.33,1.844
114,406.9,192.2,267.0,20.33,1.844
114,406.9,191.9,267.0,19.96,1.844
114,406.9,191.7,267.0,19.96,1.720
114,406.9,191.4,267.0,19.96,1.720
114,406.9,191.1,267.0,19.96,1.720
114,406.9,190.8,267.0,19.96,1.720
114,406.9,190.6,267.0,19.96,1.720
114,406.9,193.2,267.0,20.33,1.720
114,406.9,192.9,267.0,20.33,1.844
114,406.9,192.7,267.0,20.33,1.844
114,406.9,192.4,267.0,20.33,1.844
114,406.9,192.1,267.0,20.33,1.844
114,406.9,194.8,267.0,20.33,1.844
114,406.9,194.5,267.0,20.33,1.844
114,406.9,194.2,267.0,20.33,1.844
114,406.9,194.0,267.0,20.33,1.844
114,406.9,193.7,267.0,20.33,1.844
114,406.9,193.4,267.0,20.33,1.844
114,406.9,193.1,267.0,20.33,1.844
114,406.9,192.9,267.0,20.33,1.844
114,406.9,192.6,267.0,20.33,1.844
114,406.9,192.3,267.0,20.33,1.844
114,406.9,192.0,267.0,20.33,1.844
114,406.9,194.7,267.0,20.33,1.844
114,406.9,194.4,267.0,20.33,1.844
114,406.9,194.2,267.0,20.33,1.844
114,406.9,193.9,267.0,20.33,1.844
114,406.9,193.6,267.0,20.33,1.844
114,406.9,193.3,267.0,20.33,1.844
114,406.9,193.1,267.0,20.33,1.844
114,406.9,192.8,267.0,20.33,1.844
114,406.9,192.5,267.0,20.33,1.844
114,406.9,192.2,267.0,20.33,1.844
114,406.9,192.0,267.0,19.96,1.844
114,406.9,191.7,267.0,19.96,1.720
114,406.9,191.4,267.0,19.96,1.720
114,406.9,191.1,267.0,19.96,1.720
114,406.9,190.9,267.0,19.96,1.720
114,406.9,190.6,267.0,19.96,1.720
114,406.9,193.2,267.0,20.33,1.720
114,406.9,193.0,267.0,20.33,1.844
114,406.9,192.7,267.0,20.33,1.844
114,406.9,192.4,267.0,20.33,1.844
114,406.9,192.2,267.0,20.33,1.844
114,406.9,191.9,267.0,19.96,1.844
114,406.9,191.6,267.0,19.96,1.720
114,406.9,191.3,267.0,19.96,1.720
114,406.9,191.1,267.0,19.96,1.720
114,406.9,190.8,267.0,19.96,1.720
114,406.9,190.5,267.0,19.96,1.720
114,406.9,193.2,267.0,20.33,1.720
114,406.9,192.9,267.0,20.33,1.844
114,406.9,192.6,267.0,20.33,1.844
114,406.9,192.3,267.0,20.33,1.844
114,406.9,192.1,267.0,20.33,1.844
114,406.9,194.7,267.0,20.33,1.844
114,406.9,194.5,267.0,20.33,1.844
114,406.9,194.2,267.0,20.33,1.844
114,406.9,193.9,267.0,20.33,1.844
114,406.9,193.6,267.0,20.33,1.844
114,406.9,193.4,267.0,20.33,1.844
114,406.9,193.1,267.0,20.33,1.844
114,406.9,192.8,267.0,20.33,1.844
114,406.9,192.5,267.0,20.33,1.844
114,406.9,192.3,267.0,20.33,1.844
114,406.9,192.0,267.0,19.96,1.844
114,406.9,191.7,267.0,19.96,1.720
114,406.9,191.4,267.0,19.96,1.720
114,406.9,191.2,267.0,19.96,1.720
114,406.9,190.9,267.0,19.96,1.720
114,406.9,190.6,267.0,19.96,1.720
114,406.9,193.3,267.0,20.33,1.720
120,432.4,210.6,257.6,19.06,1.287
120,426.2,208.4,257.2,20.07,1.120
120,420.1,206.2,256.8,20.07,0.816
120,417.4,203.3,265.9,20.20,0.816
120,414.5,203.0,267.0,20.20,1.703
120,411.6,202.7,267.0,20.20,1.703
120,408.7,202.4,267.0,20.20,1.703
120,408.7,202.2,267.0,20.20,1.703
120,408.7,201.9,267.0,20.20,1.703
120,408.7,201.6,267.0,20.20,1.703
120,408.7,201.3,267.0,20.20,1.703
120,408.7,201.1,267.0,20.20,1.703
120,408.7,200.8,267.0,20.20,1.703
120,408.7,200.5,267.0,20.20,1.703
120,408.7,200.2,267.0,20.20,1.703
120,408.7,200.0,267.0,20.20,1.703
120,408.7,199.7,267.0,20.20,1.703
120,408.7,199.4,267.0,20.20,1.703
120,408.7,199.1,267.0,20.20,1.703
120,408.7,198.9,267.0,20.20,1.703
120,408.7,198.6,267.0,20.20,1.703
120,408.7,198.3,267.0,20.20,1.703
120,408.7,198.0,267.0,20.20,1.703
120,408.7,197.8,267.0,20.20,1.703
120,408.7,197.5,267.0,20.20,1.703
120,408.7,197.2,267.0,20.20,1.703
120,408.7,196.9,267.0,20.20,1.703
120,408.7,196.7,267.0,20.20,1.703
120,408.7,196.4,267.0,20.20,1.703
120,408.7,196.1,267.0,20.20,1.703
120,408.7,195.8,267.0,20.20,1.703
120,408.7,195.6,267.0,20.20,1.703
120,408.7,195.3,267.0,20.20,1.703
120,408.7,195.0,267.0,20.20,1.703
120,408.7,194.7,267.0,20.20,1.703
120,408.7,194.5,267.0,20.20,1.703
120,408.7,194.2,267.0,20.20,1.703
120,408.7,193.9,267.0,20.20,1.703
120,408.7,193.6,267.0,20.20,1.703
120,408.7,193.3,267.0,20.20,1.703
120,408.7,193.1,267.0,20.20,1.703
120,408.7,192.8,267.0,20.20,1.703
120,408.7,192.5,267.0,20.20,1.703
120,408.7,192.2,267.0,20.20,1.703
120,408.7,192.0,267.0,20.26,1.703
120,408.7,191.7,267.0,20.26,1.615
120,408.7,191.4,267.0,20.26,1.615
120,408.7,191.2,267.0,20.26,1.615
120,408.7,190.9,267.0,20.26,1.615
120,408.7,190.6,267.0,20.26,1.615
120,408.7,193.3,267.0,20.20,1.615
120,408.7,193.0,267.0,20.20,1.703
120,408.7,192.7,267.0,20.20,1.703
120,408.7,192.5,267.0,20.20,1.703
120,408.7,192.2,267.0,20.20,1.703
120,408.7,191.9,267.0,20.26,1.703
120,408.7,191.6,267.0,20.26,1.615
120,408.7,191.3,267.0,20.26,1.615
120,408.7,191.1,267.0,20.26,1.615
120,408.7,190.8,267.0,20.26,1.615
120,408.7,190.5,267.0,20.26,1.615
120,408.7,193.2,267.0,20.20,1.615
120,408.7,192.9,267.0,20.20,1.703
120,408.7,192.6,267.0,20.20,1.703
120,408.7,192.4,267.0,20.20,1.703
120,408.7,192.1,267.0,20.20,1.703
120,408.7,194.8,267.0,20.20,1.703
120,408.7,194.5,267.0,20.20,1.703
120,408.7,194.2,267.0,20.20,1.703
120,408.7,193.9,267.0,20.20,1.703
120,408.7,193.7,267.0,20.20,1.703
120,408.7,193.4,267.0,20.20,1.703
120,408.7,193.1,267.0,20.20,1.703
120,408.7,192.8,267.0,20.20,1.703
120,408.7,192.6,267.0,20.20,1.703
120,408.7,192.3,267.0,20.20,1.703
120,408.7,192.0,267.0,20.20,1.703
120,408.7,194.7,267.0,20.20,1.703
120,408.7,194.4,267.0,20.20,1.703
120,408.7,194.1,267.0,20.20,1.703
120,408.7,193.9,267.0,20.20,1.703
120,408.7,193.6,267.0,20.20,1.703
120,408.7,193.3,267.0,20.20,1.703
120,408.7,193.0,267.0,20.20,1.703
120,408.7,192.8,267.0,20.20,1.703
120,408.7,192.5,267.0,20.20,1.703
120,408.7,192.2,267.0,20.20,1.703
120,408.7,191.9,267.0,20.26,1.703
120,408.7,191.7,267.0,20.26,1.615
120,408.7,191.4,267.0,20.26,1.615
120,408.7,191.1,267.0,20.26,1.615
120,408.7,190.8,267.0,20.26,1.615
120,408.7,190.6,267.0,20.26,1.615
120,408.7,193.2,267.0,20.20,1.615
120,408.7,192.9,267.0,20.20,1.703
120,408.7,192.7,267.0,20.20,1.703
120,408.7,192.4,267.0,20.20,1.703
120,408.7,192.1,267.0,20.20,1.703
120,408.7,194.8,267.0,20.20,1.703
120,408.7,194.5,267.0,20.20,1.703
120,408.7,194.2,267.0,20.20,1.703
120,408.7,194.0,267.0,20.20,1.703
120,408.7,193.7,267.0,20.20,1.703
120,408.7,193.4,267.0,20.20,1.703
120,408.7,193.1,267.0,20.20,1.703
120,408.7,192.9,267.0,20.20,1.703
120,408.7,192.6,267.0,20.20,1.703
120,408.7,192.3,267.0,20.20,1.703
120,408.7,192.0,267.0,20.20,1.703
120,408.7,194.7,267.0,20.20,1.703
120,408.7,194.4,267.0,20.20,1.703
120,408.7,194.2,267.0,20.20,1.703
120,408.7,193.9,267.0,20.20,1.703
120,408.7,193.6,267.0,20.20,1.703
120,408.7,193.3,267.0,20.20,1.703
120,408.7,193.1,267.0,20.20,1.703
120,408.7,192.8,267.0,20.20,1.703
120,408.7,192.5,267.0,20.20,1.703
120,408.7,192.2,267.0,20.20,1.703
120,408.7,192.0,267.0,20.26,1.703
120,408.7,191.7,267.0,20.26,1.615
120,408.7,191.4,267.0,20.26,1.615
120,408.7,191.1,267.0,20.26,1.615
120,408.7,190.9,267.0,20.26,1.615
120,408.7,190.6,267.0,20.26,1.615
120,408.7,193.3,267.0,20.20,1.615
120,408.7,193.0,267.0,20.20,1.703
120,408.7,192.7,267.0,20.20,1.703
120,408.7,192.4,267.0,20.20,1.703
120,408.7,192.2,267.0,20.20,1.703
120,408.7,191.9,267.0,20.26,1.703
120,408.7,191.6,267.0,20.26,1.615
120,408.7,191.3,267.0,20.26,1.615
120,408.7,191.1,267.0,20.26,1.615
120,408.7,190.8,267.0,20.26,1.615
120,408.7,190.5,267.0,20.26,1.615
120,408.7,193.2,267.0,20.20,1.615
120,408.7,192.9,267.0,20.20,1.703
120,408.7,192.6,267.0,20.20,1.703
120,408.7,192.3,267.0,20.20,1.703
120,408.7,192.1,267.0,20.20,1.703
120,408.7,194.8,267.0,20.20,1.703
120,408.7,194.5,267.0,20.20,1.703
120,408.7,194.2,267.0,20.20,1.703
120,408.7,193.9,267.0,20.20,1.703
120,408.7,193.7,267.0,20.20,1.703
120,408.7,193.4,267.0,20.20,1.703
120,408.7,193.1,267.0,20.20,1.703
120,408.7,192.8,267.0,20.20,1.703
120,408.7,192.6,267.0,20.20,1.703
120,408.7,192.3,267.0,20.20,1.703
120,408.7,192.0,267.0,20.20,1.703
120,408.7,191.7,267.0,20.26,1.615
120,408.7,191.5,267.0,20.26,1.615
120,408.7,191.2,267.0,20.26,1.615
120,408.7,190.9,267.0,20.26,1.615
120,408.7,190.6,267.0,20.26,1.615
120,408.7,193.3,267.0,20.20,1.615
120,408.7,193.0,267.0,20.20,1.703
120,408.7,192.7,267.0,20.20,1.703
126,392.0,228.8,264.5,19.47,0.891
126,394.9,223.6,267.0,20.21,0.891
126,394.9,218.4,267.0,20.21,1.250
126,394.9,215.3,267.0,20.33,1.250
126,394.9,212.2,267.0,20.33,1.595
126,394.9,209.0,267.0,20.33,1.595
126,394.9,205.9,267.0,20.33,1.595
126,394.9,202.8,267.0,20.20,1.595
126,394.9,202.5,267.0,20.20,1.703
126,394.9,202.2,267.0,20.20,1.703
126,394.9,201.9,267.0,20.20,1.703
126,394.9,201.7,267.0,20.20,1.703
126,394.9,201.4,267.0,20.20,1.703
126,394.9,201.1,267.0,20.20,1.703
126,394.9,200.9,267.0,20.20,1.703
126,394.9,200.6,267.0,20.20,1.703
126,394.9,200.3,267.0,20.20,1.703
126,394.9,200.0,267.0,20.20,1.703
126,394.9,199.8,267.0,20.20,1.703
126,394.9,199.5,267.0,20.20,1.703
126,394.9,199.2,267.0,20.20,1.703
126,394.9,198.9,267.0,20.20,1.703
126,394.9,198.7,267.0,20.20,1.703
126,394.9,198.4,267.0,20.20,1.703
126,394.9,198.1,267.0,20.20,1.703
126,394.9,197.8,267.0,20.20,1.703
126,394.9,197.6,267.0,20.20,1.703
126,394.9,197.3,267.0,20.20,1.703
126,394.9,197.0,267.0,20.20,1.703
126,394.9,196.7,267.0,20.20,1.703
126,394.9,196.4,267.0,20.20,1.703
126,394.9,196.2,267.0,20.20,1.703
126,394.9,195.9,267.0,20.20,1.703
126,394.9,195.6,267.0,20.20,1.703
126,394.9,195.3,267.0,20.20,1.703
126,394.9,195.1,267.0,20.20,1.703
126,394.9,194.8,267.0,20.20,1.703
126,394.9,194.5,267.0,20.20,1.703
126,394.9,194.2,267.0,20.20,1.703
126,394.9,194.0,267.0,20.20,1.703
126,394.9,193.7,267.0,20.20,1.703
126,394.9,193.4,267.0,20.20,1.703
126,394.9,193.2,267.0,20.20,1.703
126,394.9,192.9,267.0,20.20,1.703
126,394.9,192.6,267.0,20.20,1.703
126,394.9,192.3,267.0,20.20,1.703
126,394.9,192.1,267.0,20.20,1.703
126,394.9,194.7,267.0,20.20,1.703
126,394.9,194.4,267.0,20.20,1.703
126,394.9,194.2,267.0,20.20,1.703
126,394.9,193.9,267.0,20.20,1.703
126,394.9,193.6,267.0,20.20,1.703
126,394.9,193.3,267.0,20.20,1.703
126,394.9,193.1,267.0,20.20,1.703
126,394.9,192.8,267.0,20.20,1.703
126,394.9,192.5,267.0,20.20,1.703
126,394.9,192.2,267.0,20.20,1.703
126,394.9,192.0,267.0,20.26,1.703
126,394.9,191.7,267.0,20.26,1.615
126,394.9,191.4,267.0,20.26,1.615
126,394.9,191.1,267.0,20.26,1.615
126,394.9,190.9,267.0,20.26,1.615
126,394.9,190.6,267.0,20.26,1.615
126,394.9,193.3,267.0,20.20,1.615
126,394.9,193.0,267.0,20.20,1.703
126,394.9,192.7,267.0,20.20,1.703
126,394.9,192.4,267.0,20.20,1.703
126,394.9,192.2,267.0,20.20,1.703
126,394.9,191.9,267.0,20.26,1.703
126,394.9,191.6,267.0,20.26,1.615
126,394.9,191.3,267.0,20.26,1.615
126,394.9,191.1,267.0,20.26,1.615
126,394.9,190.8,267.0,20.26,1.615
126,394.9,190.5,267.0,20.26,1.615
126,394.9,193.2,267.0,20.20,1.615
126,394.9,192.9,267.0,20.20,1.703
126,394.9,192.6,267.0,20.20,1.703
126,394.9,192.3,267.0,20.20,1.703
126,394.9,192.1,267.0,20.20,1.703
126,394.9,194.8,267.0,20.20,1.703
126,394.9,194.5,267.0,20.20,1.703
126,394.9,194.2,267.0,20.20,1.703
126,394.9,193.9,267.0,20.20,1.703
126,394.9,193.7,267.0,20.20,1.703
126,394.9,193.4,267.0,20.20,1.703
126,394.9,193.1,267.0,20.20,1.703
126,394.9,192.8,267.0,20.20,1.703
126,394.9,192.6,267.0,20.20,1.703
126,394.9,192.3,267.0,20.20,1.703
126,394.9,192.0,267.0,20.20,1.703
126,394.9,191.7,267.0,20.26,1.615
126,394.9,191.5,267.0,20.26,1.615
126,394.9,191.2,267.0,20.26,1.615
126,394.9,190.9,267.0,20.26,1.615
126,394.9,190.6,267.0,20.26,1.615
126,394.9,193.3,267.0,20.20,1.615
126,394.9,193.0,267.0,20.20,1.703
126,394.9,192.7,267.0,20.20,1.703
126,394.9,192.5,267.0,20.20,1.703
126,394.9,192.2,267.0,20.20,1.703
126,394.9,191.9,267.0,20.26,1.703
126,394.9,191.6,267.0,20.26,1.615
126,394.9,191.4,267.0,20.26,1.615
126,394.9,191.1,267.0,20.26,1.615
126,394.9,190.8,267.0,20.26,1.615
126,394.9,190.5,267.0,20.26,1.615
126,394.9,193.2,267.0,20.20,1.615
126,394.9,192.9,267.0,20.20,1.703
126,394.9,192.7,267.0,20.20,1.703
126,394.9,192.4,267.0,20.20,1.703
126,394.9,192.1,267.0,20.20,1.703
126,394.9,194.8,267.0,20.20,1.703
126,394.9,194.5,267.0,20.20,1.703
126,394.9,194.2,267.0,20.20,1.703
126,394.9,194.0,267.0,20.20,1.703
126,394.9,193.7,267.0,20.20,1.703
126,394.9,193.4,267.0,20.20,1.703
126,394.9,193.1,267.0,20.20,1.703
126,394.9,192.9,267.0,20.20,1.703
126,394.9,192.6,267.0,20.20,1.703
126,394.9,192.3,267.0,20.20,1.703
126,394.9,192.0,267.0,20.20,1.703
126,394.9,194.7,267.0,20.20,1.703
126,394.9,194.4,267.0,20.20,1.703
126,394.9,194.2,267.0,20.20,1.703
126,394.9,193.9,267.0,20.20,1.703
126,394.9,193.6,267.0,20.20,1.703
126,394.9,193.3,267.0,20.20,1.703
126,394.9,193.1,267.0,20.20,1.703
126,394.9,192.8,267.0,20.20,1.703
126,394.9,192.5,267.0,20.20,1.703
126,394.9,192.2,267.0,20.20,1.703
126,394.9,191.9,267.0,20.26,1.703
126,394.9,191.7,267.0,20.26,1.615
126,394.9,191.4,267.0,20.26,1.615
126,394.9,191.1,267.0,20.26,1.615
126,394.9,190.9,267.0,20.26,1.615
126,394.9,190.6,267.0,20.26,1.615
126,394.9,193.2,267.0,20.20,1.615
126,394.9,193.0,267.0,20.20,1.703
126,394.9,192.7,267.0,20.20,1.703
126,394.9,192.4,267.0,20.20,1.703
126,394.9,192.2,267.0,20.20,1.703
126,394.9,194.8,267.0,20.20,1.703
126,394.9,194.5,267.0,20.20,1.703
126,394.9,194.3,267.0,20.20,1.703
126,394.9,194.0,267.0,20.20,1.703
126,394.9,193.7,267.0,20.20,1.703
126,394.9,193.4,267.0,20.20,1.703
126,394.9,193.2,267.0,20.20,1.703
126,394.9,192.9,267.0,20.20,1.703
126,394.9,192.6,267.0,20.20,1.703
126,394.9,192.3,267.0,20.20,1.703
126,394.9,192.1,267.0,20.20,1.703
126,394.9,194.7,267.0,20.20,1.703
126,394.9,194.5,267.0,20.20,1.703
126,394.9,194.2,267.0,20.20,1.703
126,394.9,193.9,267.0,20.20,1.703
126,394.9,193.6,267.0,20.20,1.703
126,394.9,193.4,267.0,20.20,1.703
132,408.4,152.5,259.9,22.40,0.831
132,408.0,155.4,254.7,22.43,0.742
132,408.0,160.2,247.1,20.37,0.742
132,408.0,164.4,241.4,20.37,0.881
132,408.0,166.7,236.6,21.43,0.881
132,408.0,169.0,231.7,20.85,0.682
132,408.0,171.5,228.1,20.85,0.520
132,408.0,173.2,223.8,21.15,0.520
132,408.0,174.9,219.6,21.15,0.551
132,408.0,176.6,215.3,21.35,0.551
132,408.0,177.7,210.5,21.35,0.593
132,408.0,178.9,205.8,21.35,0.593
132,408.0,179.7,200.7,21.49,0.593
132,407.7,180.2,195.7,21.14,0.630
132,407.7,180.4,191.2,21.20,0.564
132,407.7,180.6,186.2,21.20,0.626
132,407.7,180.7,181.2,21.20,0.626
132,407.7,180.7,175.6,21.25,0.626
132,407.7,180.8,169.9,21.25,0.704
132,407.7,180.8,164.1,21.27,0.704
132,407.7,180.8,158.2,21.27,0.730
132,407.7,180.7,152.2,21.29,0.730
132,407.7,180.7,146.2,21.29,0.752
132,407.7,180.6,140.0,21.31,0.752
132,407.7,180.6,133.9,21.31,0.771
132,407.7,180.5,127.6,21.33,0.771
132,407.7,180.4,121.3,21.33,0.788
132,407.7,180.3,114.8,21.35,0.788
132,407.7,180.2,108.2,21.35,0.815
132,407.7,180.0,101.6,21.37,0.815
132,407.7,180.0,95.3,21.38,0.826
132,407.7,180.0,88.8,21.87,0.833
132,407.7,179.9,82.4,21.87,0.802
132,407.7,179.8,76.0,21.87,0.804
132,407.7,179.8,69.6,21.87,0.804
132,407.7,179.6,63.2,21.87,0.799
132,407.7,179.3,57.2,21.86,0.799
132,407.7,179.0,51.2,21.86,0.752
132,407.7,178.7,45.2,21.84,0.752
132,407.7,178.3,39.6,21.84,0.698
132,407.7,177.8,34.0,21.81,0.698
132,407.7,177.2,29.1,21.81,0.615
132,407.7,176.5,24.3,21.81,0.615
132,407.7,175.6,20.5,21.77,0.615
132,407.7,174.6,16.7,21.77,0.489
132,407.7,173.7,12.9,21.77,0.489
132,407.7,172.3,10.3,21.74,0.489
132,407.7,171.0,7.8,21.74,0.360
132,407.7,169.6,5.3,21.74,0.360
132,407.7,168.2,3.0,21.74,0.360
132,407.7,166.0,3.0,22.00,0.360
132,407.7,163.8,3.0,22.00,0.388
132,407.7,161.6,3.0,22.00,0.388
132,407.7,159.4,3.0,22.00,0.388
132,407.7,157.2,3.0,22.00,0.388
132,407.7,155.1,3.0,22.27,0.388
132,407.7,152.2,3.0,22.27,0.423
132,407.7,149.3,3.0,22.27,0.423
132,407.7,146.4,3.0,22.27,0.423
132,407.7,143.6,3.0,22.50,0.423
132,407.7,140.2,3.0,22.50,0.455
132,407.7,136.9,3.0,22.50,0.455
132,407.7,133.5,3.0,22.50,0.455
132,407.7,129.8,3.0,22.78,0.455
132,407.7,126.2,3.0,22.78,0.479
132,407.7,122.5,3.0,22.78,0.479
132,407.7,118.8,3.0,23.01,0.479
132,407.7,114.9,3.0,23.01,0.497
132,407.7,111.0,3.0,23.01,0.497
132,407.7,107.1,3.0,23.14,0.497
132,407.7,103.2,3.0,23.14,0.496
132,407.7,99.2,3.0,23.14,0.496
132,407.7,95.3,3.0,23.25,0.496
132,407.7,91.4,3.0,23.25,0.491
132,407.7,87.5,3.0,23.25,0.491
132,407.7,83.6,3.0,23.35,0.491
132,407.7,79.8,3.0,23.35,0.482
132,407.7,75.9,3.0,23.35,0.482
132,407.7,72.1,3.0,23.35,0.482
132,407.7,68.3,3.0,23.48,0.482
132,407.7,64.6,3.0,23.48,0.470
132,407.7,60.8,3.0,23.48,0.470
132,407.7,57.4,3.0,23.59,0.470
132,407.7,53.9,3.0,23.59,0.436
132,407.7,50.4,3.0,23.59,0.436
132,407.7,46.9,3.0,23.63,0.436
132,407.7,43.6,3.0,23.63,0.409
132,407.7,40.4,3.0,23.63,0.409
132,407.7,37.1,3.0,23.63,0.409
132,407.7,34.2,3.2,23.66,0.409
132,407.7,31.2,3.3,23.66,0.368
132,407.7,28.3,3.5,23.66,0.368
132,407.7,25.3,3.7,23.66,0.368
132,407.7,23.0,4.2,23.69,0.368
132,407.7,20.6,4.7,23.69,0.301
132,407.7,18.3,5.1,23.69,0.301
132,407.7,15.9,5.6,23.69,0.301
132,407.7,13.6,6.1,23.69,0.301
132,407.7,11.2,6.6,23.76,0.301
132,407.7,9.5,7.6,23.76,0.242
132,407.7,7.9,8.6,23.76,0.242
132,407.7,6.2,9.6,23.76,0.242
132,407.7,4.5,10.6,23.76,0.242
132,407.7,3.0,11.6,23.76,0.242
132,407.7,3.0,13.1,23.95,0.242
132,407.7,3.0,14.7,23.95,0.234
132,407.7,3.0,16.3,23.95,0.234
132,407.7,3.0,17.9,23.95,0.234
132,407.7,3.0,19.4,23.95,0.234
132,407.7,3.0,21.0,23.95,0.234
132,407.7,3.0,22.6,23.95,0.234
132,407.7,3.0,24.1,24.08,0.234
132,407.7,3.0,26.0,24.08,0.245
132,407.7,3.0,27.8,24.08,0.245
132,407.7,3.0,29.7,24.08,0.245
132,407.7,3.0,31.5,24.08,0.245
132,407.7,3.0,33.4,24.08,0.245
132,407.7,3.0,35.2,24.08,0.245
132,407.7,3.0,37.2,24.18,0.245
132,407.7,3.0,39.1,24.18,0.247
132,407.7,3.0,41.0,24.18,0.247
132,407.7,3.0,42.9,24.18,0.247
132,407.7,3.0,44.9,24.18,0.247
132,407.7,3.0,46.8,24.18,0.247
132,407.7,3.0,48.7,24.27,0.247
132,407.7,3.0,50.6,24.27,0.238
132,407.7,3.0,52.5,24.27,0.238
132,407.7,3.0,54.4,24.27,0.238
132,407.7,3.0,56.3,24.27,0.238
132,407.7,3.0,58.1,24.27,0.238
132,407.7,3.0,60.0,24.38,0.238
132,407.7,3.0,61.7,24.38,0.210
132,407.7,3.0,63.4,24.38,0.210
132,407.7,3.0,65.0,24.38,0.210
132,407.7,3.0,66.7,24.38,0.210
132,407.7,3.0,68.4,24.38,0.210
132,407.7,3.0,70.1,24.38,0.210
132,407.7,3.0,71.8,24.38,0.210
132,407.7,3.0,73.3,24.47,0.210
132,407.7,3.0,74.9,24.47,0.195
132,407.7,3.0,76.4,24.47,0.195
132,407.7,3.0,78.0,24.47,0.195
132,407.7,3.0,79.5,24.47,0.195
132,407.7,3.0,81.1,24.47,0.195
132,407.7,3.0,82.6,24.47,0.195
132,407.7,3.0,84.2,24.53,0.195
132,407.7,3.0,85.6,24.53,0.178
132,407.7,3.0,87.0,24.53,0.178
132,407.7,3.0,88.4,24.53,0.178
132,407.7,3.0,89.9,24.53,0.178
132,407.7,3.0,91.3,24.53,0.178
132,407.7,3.0,92.7,24.53,0.178
132,407.7,3.0,94.2,24.53,0.178
132,407.7,3.0,95.6,24.53,0.178
132,407.7,3.0,96.9,24.59,0.178
132,407.7,3.0,98.2,24.59,0.162
132,407.7,3.0,99.5,24.59,0.162
132,407.7,3.0,100.8,24.59,0.162
132,407.7,3.0,102.1,24.59,0.162
132,407.7,3.0,103.4,24.59,0.162
138,432.7,205.7,257.6,19.06,1.287
138,426.5,203.5,257.2,19.53,1.120
138,420.2,203.2,256.6,19.53,0.795
138,417.4,202.9,266.6,20.20,0.795
138,414.5,202.6,267.0,20.20,1.703
138,411.6,202.3,267.0,20.20,1.703
138,408.7,202.0,267.0,20.20,1.703
138,408.7,201.8,267.0,20.20,1.703
138,408.7,201.5,267.0,20.20,1.703
138,408.7,201.2,267.0,20.20,1.703
138,408.7,200.9,267.0,20.20,1.703
138,408.7,200.7,267.0,20.20,1.703
138,408.7,200.4,267.0,20.20,1.703
138,408.7,200.1,267.0,20.20,1.703
138,408.7,199.8,267.0,20.20,1.703
138,408.7,199.6,267.0,20.20,1.703
138,408.7,199.3,267.0,20.20,1.703
138,408.7,199.0,267.0,20.20,1.703
138,408.7,198.7,267.0,20.20,1.703
138,408.7,198.4,267.0,20.20,1.703
138,408.7,198.2,267.0,20.20,1.703
138,408.7,197.9,267.0,20.20,1.703
138,408.7,197.6,267.0,20.20,1.703
138,408.7,197.3,267.0,20.20,1.703
138,408.7,197.1,267.0,20.20,1.703
138,408.7,196.8,267.0,20.20,1.703
138,408.7,196.5,267.0,20.20,1.703
138,408.7,196.2,267.0,20.20,1.703
138,408.7,196.0,267.0,20.20,1.703
138,408.7,195.7,267.0,20.20,1.703
138,408.7,195.4,267.0,20.20,1.703
138,408.7,195.1,267.0,20.20,1.703
138,408.7,194.9,267.0,20.20,1.703
138,408.7,194.6,267.0,20.20,1.703
138,408.7,194.3,267.0,20.20,1.703
138,408.7,194.0,267.0,20.20,1.703
138,408.7,193.8,267.0,20.20,1.703
138,408.7,193.5,267.0,20.20,1.703
138,408.7,193.2,267.0,20.20,1.703
138,408.7,192.9,267.0,20.20,1.703
138,408.7,192.7,267.0,20.20,1.703
138,408.7,192.4,267.0,20.20,1.703
138,408.7,192.1,267.0,20.20,1.703
138,408.7,194.8,267.0,20.20,1.703
138,408.7,194.5,267.0,20.20,1.703
138,408.7,194.2,267.0,20.20,1.703
138,408.7,194.0,267.0,20.20,1.703
138,408.7,193.7,267.0,20.20,1.703
138,408.7,193.4,267.0,20.20,1.703
138,408.7,193.1,267.0,20.20,1.703
138,408.7,192.9,267.0,20.20,1.703
138,408.7,192.6,267.0,20.20,1.703
138,408.7,192.3,267.0,20.20,1.703
138,408.7,192.0,267.0,20.20,1.703
138,408.7,194.7,267.0,20.20,1.703
138,408.7,194.4,267.0,20.20,1.703
138,408.7,194.2,267.0,20.20,1.703
138,408.7,193.9,267.0,20.20,1.703
138,408.7,193.6,267.0,20.20,1.703
138,408.7,193.3,267.0,20.20,1.703
138,408.7,193.1,267.0,20.20,1.703
138,408.7,192.8,267.0,20.20,1.703
138,408.7,192.5,267.0,20.20,1.703
138,408.7,192.2,267.0,20.20,1.703
138,408.7,191.9,267.0,20.26,1.703
138,408.7,191.7,267.0,20.26,1.615
138,408.7,191.4,267.0,20.26,1.615
138,408.7,191.1,267.0,20.26,1.615
138,408.7,190.9,267.0,20.26,1.615
138,408.7,190.6,267.0,20.26,1.615
138,408.7,193.2,267.0,20.20,1.615
138,408.7,193.0,267.0,20.20,1.703
138,408.7,192.7,267.0,20.20,1.703
138,408.7,192.4,267.0,20.20,1.703
138,408.7,192.2,267.0,20.20,1.703
138,408.7,194.8,267.0,20.20,1.703
138,408.7,194.5,267.0,20.20,1.703
138,408.7,194.3,267.0,20.20,1.703
138,408.7,194.0,267.0,20.20,1.703
138,408.7,193.7,267.0,20.20,1.703
138,408.7,193.4,267.0,20.20,1.703
138,408.7,193.2,267.0,20.20,1.703
138,408.7,192.9,267.0,20.20,1.703
138,408.7,192.6,267.0,20.20,1.703
138,408.7,192.3,267.0,20.20,1.703
138,408.7,192.1,267.0,20.20,1.703
138,408.7,194.7,267.0,20.20,1.703
138,408.7,194.5,267.0,20.20,1.703
138,408.7,194.2,267.0,20.20,1.703
138,408.7,193.9,267.0,20.20,1.703
138,408.7,193.6,267.0,20.20,1.703
138,408.7,193.4,267.0,20.20,1.703
138,408.7,193.1,267.0,20.20,1.703
138,408.7,192.8,267.0,20.20,1.703
138,408.7,192.5,267.0,20.20,1.703
138,408.7,192.3,267.0,20.20,1.703
138,408.7,192.0,267.0,20.26,1.703
138,408.7,191.7,267.0,20.26,1.615
138,408.7,191.4,267.0,20.26,1.615
138,408.7,191.2,267.0,20.26,1.615
138,408.7,190.9,267.0,20.26,1.615
138,408.7,190.6,267.0,20.26,1.615
138,408.7,193.3,267.0,20.20,1.615
138,408.7,193.0,267.0,20.20,1.703
138,408.7,192.7,267.0,20.20,1.703
138,408.7,192.5,267.0,20.20,1.703
138,408.7,192.2,267.0,20.20,1.703
138,408.7,191.9,267.0,20.26,1.703
138,408.7,191.6,267.0,20.26,1.615
138,408.7,191.3,267.0,20.26,1.615
138,408.7,191.1,267.0,20.26,1.615
138,408.7,190.8,267.0,20.26,1.615
138,408.7,190.5,267.0,20.26,1.615
138,408.7,193.2,267.0,20.20,1.615
138,408.7,192.9,267.0,20.20,1.703
138,408.7,192.7,267.0,20.20,1.703
138,408.7,192.4,267.0,20.20,1.703
138,408.7,192.1,267.0,20.20,1.703
138,408.7,194.8,267.0,20.20,1.703
138,408.7,194.5,267.0,20.20,1.703
138,408.7,194.2,267.0,20.20,1.703
138,408.7,193.9,267.0,20.20,1.703
138,408.7,193.7,267.0,20.20,1.703
138,408.7,193.4,267.0,20.20,1.703
138,408.7,193.1,267.0,20.20,1.703
138,408.7,192.8,267.0,20.20,1.703
138,408.7,192.6,267.0,20.20,1.703
138,408.7,192.3,267.0,20.20,1.703
138,408.7,192.0,267.0,20.20,1.703
138,408.7,194.7,267.0,20.20,1.703
138,408.7,194.4,267.0,20.20,1.703
138,408.7,194.1,267.0,20.20,1.703
138,408.7,193.9,267.0,20.20,1.703
138,408.7,193.6,267.0,20.20,1.703
138,408.7,193.3,267.0,20.20,1.703
138,408.7,193.0,267.0,20.20,1.703
138,408.7,192.8,267.0,20.20,1.703
138,408.7,192.5,267.0,20.20,1.703
138,408.7,192.2,267.0,20.20,1.703
138,408.7,191.9,267.0,20.26,1.703
138,408.7,191.7,267.0,20.26,1.615
138,408.7,191.4,267.0,20.26,1.615
138,408.7,191.1,267.0,20.26,1.615
138,408.7,190.8,267.0,20.26,1.615
138,408.7,190.6,267.0,20.26,1.615
138,408.7,193.2,267.0,20.20,1.615
138,408.7,193.0,267.0,20.20,1.703
138,408.7,192.7,267.0,20.20,1.703
138,408.7,192.4,267.0,20.20,1.703
138,408.7,192.1,267.0,20.20,1.703
138,408.7,194.8,267.0,20.20,1.703
138,408.7,194.5,267.0,20.20,1.703
138,408.7,194.2,267.0,20.20,1.703
138,408.7,194.0,267.0,20.20,1.703
138,408.7,193.7,267.0,20.20,1.703
138,408.7,193.4,267.0,20.20,1.703
138,408.7,193.2,267.0,20.20,1.703
138,408.7,192.9,267.0,20.20,1.703
138,408.7,192.6,267.0,20.20,1.703
138,408.7,192.3,267.0,20.20,1.703
144,438.4,172.5,262.3,23.26,0.800
144,434.3,174.5,259.6,23.26,0.663
144,430.3,176.6,256.9,22.13,0.663
144,425.5,180.9,256.8,20.51,0.798
144,419.4,182.6,256.4,20.34,0.805
144,416.7,184.9,265.7,20.26,1.247
144,413.8,187.6,267.0,20.26,1.615
144,410.9,190.2,267.0,20.26,1.615
144,408.0,192.8,267.0,20.33,1.615
144,408.0,192.6,267.0,20.33,1.703
144,408.0,192.3,267.0,20.33,1.703
144,408.0,192.0,267.0,20.33,1.703
144,408.0,194.7,267.0,20.33,1.703
144,408.0,194.4,267.0,20.33,1.703
144,408.0,194.1,267.0,20.33,1.703
144,408.0,193.8,267.0,20.33,1.703
144,408.0,193.6,267.0,20.33,1.703
144,408.0,193.3,267.0,20.33,1.703
144,408.0,193.0,267.0,20.33,1.703
144,408.0,192.8,267.0,20.33,1.703
144,408.0,192.5,267.0,20.33,1.703
144,408.0,192.2,267.0,20.33,1.703
144,408.0,191.9,267.0,19.96,1.703
144,408.0,191.7,267.0,19.96,1.615
144,408.0,191.4,267.0,19.96,1.615
144,408.0,191.1,267.0,19.96,1.615
144,408.0,190.8,267.0,19.96,1.615
144,408.0,190.6,267.0,19.96,1.615
144,408.0,193.2,267.0,20.33,1.615
144,408.0,192.9,267.0,20.33,1.703
144,408.0,192.7,267.0,20.33,1.703
144,408.0,192.4,267.0,20.33,1.703
144,408.0,192.1,267.0,20.33,1.703
144,408.0,194.8,267.0,20.33,1.703
144,408.0,194.5,267.0,20.33,1.703
144,408.0,194.2,267.0,20.33,1.703
144,408.0,194.0,267.0,20.33,1.703
144,408.0,193.7,267.0,20.33,1.703
144,408.0,193.4,267.0,20.33,1.703
144,408.0,193.1,267.0,20.33,1.703
144,408.0,192.9,267.0,20.33,1.703
144,408.0,192.6,267.0,20.33,1.703
144,408.0,192.3,267.0,20.33,1.703
144,408.0,192.0,267.0,20.33,1.703
144,408.0,194.7,267.0,20.33,1.703
144,408.0,194.4,267.0,20.33,1.703
144,408.0,194.2,267.0,20.33,1.703
144,408.0,193.9,267.0,20.33,1.703
144,408.0,193.6,267.0,20.33,1.703
144,408.0,193.3,267.0,20.33,1.703
144,408.0,193.1,267.0,20.33,1.703
144,408.0,192.8,267.0,20.33,1.703
144,408.0,192.5,267.0,20.33,1.703
144,408.0,192.2,267.0,20.33,1.703
144,408.0,191.9,267.0,19.96,1.703
144,408.0,191.7,267.0,19.96,1.615
144,408.0,191.4,267.0,19.96,1.615
144,408.0,191.1,267.0,19.96,1.615
144,408.0,190.9,267.0,19.96,1.615
144,408.0,190.6,267.0,19.96,1.615
144,408.0,193.2,267.0,20.33,1.615
144,408.0,193.0,267.0,20.33,1.703
144,408.0,192.7,267.0,20.33,1.703
144,408.0,192.4,267.0,20.33,1.703
144,408.0,192.2,267.0,20.33,1.703
144,408.0,194.8,267.0,20.33,1.703
144,408.0,194.5,267.0,20.33,1.703
144,408.0,194.3,267.0,20.33,1.703
144,408.0,194.0,267.0,20.33,1.703
144,408.0,193.7,267.0,20.33,1.703
144,408.0,193.4,267.0,20.33,1.703
144,408.0,193.2,267.0,20.33,1.703
144,408.0,192.9,267.0,20.33,1.703
144,408.0,192.6,267.0,20.33,1.703
144,408.0,192.3,267.0,20.33,1.703
144,408.0,192.1,267.0,20.33,1.703
144,408.0,194.7,267.0,20.33,1.703
144,408.0,194.5,267.0,20.33,1.703
144,408.0,194.2,267.0,20.33,1.703
144,408.0,193.9,267.0,20.33,1.703
144,408.0,193.6,267.0,20.33,1.703
144,408.0,193.4,267.0,20.33,1.703
144,408.0,193.1,267.0,20.33,1.703
144,408.0,192.8,267.0,20.33,1.703
144,408.0,192.5,267.0,20.33,1.703
144,408.0,192.3,267.0,20.33,1.703
144,408.0,192.0,267.0,19.96,1.703
144,408.0,191.7,267.0,19.96,1.615
144,408.0,191.4,267.0,19.96,1.615
144,408.0,191.2,267.0,19.96,1.615
144,408.0,190.9,267.0,19.96,1.615
144,408.0,190.6,267.0,19.96,1.615
144,408.0,193.3,267.0,20.33,1.615
144,408.0,193.0,267.0,20.33,1.703
144,408.0,192.7,267.0,20.33,1.703
144,408.0,192.5,267.0,20.33,1.703
144,408.0,192.2,267.0,20.33,1.703
144,408.0,191.9,267.0,19.96,1.703
144,408.0,191.6,267.0,19.96,1.615
144,408.0,191.4,267.0,19.96,1.615
144,408.0,191.1,267.0,19.96,1.615
144,408.0,190.8,267.0,19.96,1.615
144,408.0,190.5,267.0,19.96,1.615
144,408.0,193.2,267.0,20.33,1.615
144,408.0,192.9,267.0,20.33,1.703
144,408.0,192.7,267.0,20.33,1.703
144,408.0,192.4,267.0,20.33,1.703
144,408.0,192.1,267.0,20.33,1.703
144,408.0,194.8,267.0,20.33,1.703
144,408.0,194.5,267.0,20.33,1.703
144,408.0,194.2,267.0,20.33,1.703
144,408.0,193.9,267.0,20.33,1.703
144,408.0,193.7,267.0,20.33,1.703
144,408.0,193.4,267.0,20.33,1.703
144,408.0,193.1,267.0,20.33,1.703
144,408.0,192.9,267.0,20.33,1.703
144,408.0,192.6,267.0,20.33,1.703
144,408.0,192.3,267.0,20.33,1.703
144,408.0,192.0,267.0,20.33,1.703
144,408.0,194.7,267.0,20.33,1.703
144,408.0,194.4,267.0,20.33,1.703
144,408.0,194.1,267.0,20.33,1.703
144,408.0,193.9,267.0,20.33,1.703
144,408.0,193.6,267.0,20.33,1.703
144,408.0,193.3,267.0,20.33,1.703
144,408.0,193.0,267.0,20.33,1.703
144,408.0,192.8,267.0,20.33,1.703
144,408.0,192.5,267.0,20.33,1.703
144,408.0,192.2,267.0,20.33,1.703
144,408.0,191.9,267.0,19.96,1.703
144,408.0,191.7,267.0,19.96,1.615
144,408.0,191.4,267.0,19.96,1.615
144,408.0,191.1,267.0,19.96,1.615
144,408.0,190.8,267.0,19.96,1.615
144,408.0,190.6,267.0,19.96,1.615
144,408.0,193.2,267.0,20.33,1.615
144,408.0,193.0,267.0,20.33,1.703
144,408.0,192.7,267.0,20.33,1.703
144,408.0,192.4,267.0,20.33,1.703
144,408.0,192.1,267.0,20.33,1.703
144,408.0,194.8,267.0,20.33,1.703
144,408.0,194.5,267.0,20.33,1.703
144,408.0,194.2,267.0,20.33,1.703
144,408.0,194.0,267.0,20.33,1.703
144,408.0,193.7,267.0,20.33,1.703
144,408.0,193.4,267.0,20.33,1.703
144,408.0,193.2,267.0,20.33,1.703
144,408.0,192.9,267.0,20.33,1.703
144,408.0,192.6,267.0,20.33,1.703
144,408.0,192.3,267.0,20.33,1.703
144,408.0,192.1,267.0,20.33,1.703
144,408.0,194.7,267.0,20.33,1.703
144,408.0,194.4,267.0,20.33,1.703
144,408.0,194.2,267.0,20.33,1.703
144,408.0,193.9,267.0,20.33,1.703
144,408.0,193.6,267.0,20.33,1.703
144,408.0,193.3,267.0,20.33,1.703
144,408.0,193.1,267.0,20.33,1.703
144,408.0,192.8,267.0,20.33,1.703
144,408.0,192.5,267.0,20.33,1.703
150,414.6,151.3,259.9,22.40,0.831
150,414.2,154.2,254.7,22.40,0.742
150,413.8,157.2,249.6,20.43,0.742
150,413.1,161.2,243.8,20.43,0.881
150,412.4,165.2,238.1,21.42,0.881
150,412.0,167.4,233.1,21.42,0.682
150,411.4,169.6,229.6,21.07,0.682
150,411.1,171.0,225.5,21.32,0.520
150,410.7,172.5,221.3,21.32,0.551
150,410.3,173.9,217.2,21.32,0.551
150,410.0,174.8,212.5,21.49,0.551
150,409.7,175.7,207.8,21.49,0.593
150,409.4,176.6,203.2,21.60,0.593
150,409.2,177.1,198.2,21.60,0.630
150,409.0,177.7,193.2,21.60,0.630
150,408.8,178.0,187.9,21.71,0.630
150,408.6,178.4,182.7,21.71,0.659
150,408.5,178.7,177.4,21.76,0.659
150,408.4,178.8,171.8,21.76,0.701
150,408.2,178.9,166.2,21.79,0.701
150,408.1,178.9,160.5,21.79,0.718
150,408.0,178.9,154.7,21.82,0.718
150,408.0,178.9,148.9,21.79,0.732
150,407.9,178.9,143.0,21.81,0.732
150,407.9,179.0,137.0,21.81,0.745
150,407.9,179.2,131.0,21.84,0.745
150,407.9,179.3,124.8,21.84,0.757
150,407.9,179.4,118.7,21.86,0.757
150,407.9,179.4,112.4,21.86,0.778
150,407.9,179.4,106.1,21.87,0.778
150,407.9,179.4,99.8,21.87,0.786
150,407.9,179.4,93.4,21.87,0.786
150,407.8,179.2,87.1,21.87,0.792
150,407.8,179.1,80.6,21.87,0.802
150,407.8,179.0,74.2,21.87,0.804
150,407.8,178.8,67.8,21.87,0.804
150,407.8,178.7,61.4,21.87,0.799
150,407.8,178.4,55.4,21.86,0.799
150,407.8,178.1,49.4,21.86,0.752
150,407.8,177.6,43.8,21.84,0.752
150,407.8,177.2,38.3,21.84,0.698
150,407.8,176.6,33.4,21.81,0.698
150,407.8,175.9,28.5,21.81,0.615
150,407.8,175.3,23.6,21.77,0.615
150,407.8,174.3,19.8,21.77,0.489
150,407.8,173.4,16.0,21.77,0.489
150,407.8,172.4,12.2,21.77,0.489
150,407.8,171.1,9.7,21.74,0.489
150,407.8,169.7,7.2,21.74,0.360
150,407.8,168.3,4.7,21.74,0.360
150,407.8,166.1,3.0,22.00,0.360
150,407.8,163.9,3.0,22.00,0.388
150,407.8,161.7,3.0,22.00,0.388
150,407.8,159.5,3.0,22.00,0.388
150,407.8,157.4,3.0,22.00,0.388
150,407.8,155.2,3.0,22.27,0.388
150,407.8,152.3,3.0,22.27,0.423
150,407.8,149.4,3.0,22.27,0.423
150,407.8,146.6,3.0,22.27,0.423
150,407.8,143.7,3.0,22.50,0.423
150,407.8,140.3,3.0,22.50,0.455
150,407.8,137.0,3.0,22.50,0.455
150,407.8,133.6,3.0,22.50,0.455
150,407.8,130.0,3.0,22.78,0.455
150,407.8,126.3,3.0,22.78,0.479
150,407.8,122.6,3.0,22.78,0.479
150,407.8,119.0,3.0,23.01,0.479
150,407.8,115.0,3.0,23.01,0.497
150,407.8,111.1,3.0,23.01,0.497
150,407.8,107.2,3.0,23.14,0.497
150,407.8,103.3,3.0,23.14,0.496
150,407.8,99.3,3.0,23.14,0.496
150,407.8,95.4,3.0,23.25,0.496
150,407.8,91.5,3.0,23.25,0.491
150,407.8,87.6,3.0,23.25,0.491
150,407.8,83.7,3.0,23.35,0.491
150,407.8,79.9,3.0,23.35,0.482
150,407.8,76.0,3.0,23.35,0.482
150,407.8,72.2,3.0,23.35,0.482
150,407.8,68.4,3.0,23.48,0.482
150,407.8,64.7,3.0,23.48,0.470
150,407.8,60.9,3.0,23.48,0.470
150,407.8,57.5,3.0,23.59,0.470
150,407.8,54.0,3.0,23.59,0.436
150,407.8,50.5,3.0,23.59,0.436
150,407.8,47.0,3.0,23.63,0.436
150,407.8,43.7,3.0,23.63,0.409
150,407.8,40.5,3.0,23.63,0.409
150,407.8,37.2,3.0,23.63,0.409
150,407.8,34.2,3.2,23.66,0.409
150,407.8,31.3,3.3,23.66,0.368
150,407.8,28.4,3.5,23.66,0.368
150,407.8,25.4,3.7,23.66,0.368
150,407.8,23.1,4.2,23.69,0.368
150,407.8,20.7,4.7,23.69,0.301
150,407.8,18.4,5.1,23.69,0.301
150,407.8,16.0,5.6,23.69,0.301
150,407.8,13.7,6.1,23.69,0.301
150,407.8,11.3,6.6,23.76,0.301
150,407.8,9.7,7.6,23.76,0.242
150,407.8,8.0,8.6,23.76,0.242
150,407.8,6.3,9.6,23.76,0.242
150,407.8,4.7,10.6,23.76,0.242
150,407.8,3.0,11.6,23.76,0.242
150,407.8,3.0,13.1,23.95,0.242
150,407.8,3.0,14.7,23.95,0.234
150,407.8,3.0,16.3,23.95,0.234
150,407.8,3.0,17.9,23.95,0.234
150,407.8,3.0,19.4,23.95,0.234
150,407.8,3.0,21.0,23.95,0.234
150,407.8,3.0,22.6,23.95,0.234
150,407.8,3.0,24.1,24.08,0.234
150,407.8,3.0,26.0,24.08,0.245
150,407.8,3.0,27.8,24.08,0.245
150,407.8,3.0,29.7,24.08,0.245
150,407.8,3.0,31.5,24.08,0.245
150,407.8,3.0,33.4,24.08,0.245
150,407.8,3.0,35.2,24.08,0.245
150,407.8,3.0,37.2,24.18,0.245
150,407.8,3.0,39.1,24.18,0.247
150,407.8,3.0,41.0,24.18,0.247
150,407.8,3.0,42.9,24.18,0.247
150,407.8,3.0,44.9,24.18,0.247
150,407.8,3.0,46.8,24.18,0.247
150,407.8,3.0,48.7,24.27,0.247
150,407.8,3.0,50.6,24.27,0.238
150,407.8,3.0,52.5,24.27,0.238
150,407.8,3.0,54.4,24.27,0.238
150,407.8,3.0,56.3,24.27,0.238
150,407.8,3.0,58.1,24.27,0.238
150,407.8,3.0,60.0,24.38,0.238
150,407.8,3.0,61.7,24.38,0.210
150,407.8,3.0,63.4,24.38,0.210
150,407.8,3.0,65.0,24.38,0.210
150,407.8,3.0,66.7,24.38,0.210
150,407.8,3.0,68.4,24.38,0.210
150,407.8,3.0,70.1,24.38,0.210
150,407.8,3.0,71.8,24.38,0.210
150,407.8,3.0,73.3,24.47,0.210
150,407.8,3.0,74.9,24.47,0.195
150,407.8,3.0,76.4,24.47,0.195
150,407.8,3.0,78.0,24.47,0.195
150,407.8,3.0,79.5,24.47,0.195
150,407.8,3.0,81.1,24.47,0.195
150,407.8,3.0,82.6,24.47,0.195
150,407.8,3.0,84.2,24.53,0.195
150,407.8,3.0,85.6,24.53,0.178
150,407.8,3.0,87.0,24.53,0.178
150,407.8,3.0,88.4,24.53,0.178
150,407.8,3.0,89.9,24.53,0.178
150,407.8,3.0,91.3,24.53,0.178
150,407.8,3.0,92.7,24.53,0.178
150,407.8,3.0,94.2,24.53,0.178
150,407.8,3.0,95.6,24.53,0.178
150,407.8,3.0,96.9,24.59,0.178
150,407.8,3.0,98.2,24.59,0.162
150,407.8,3.0,99.5,24.59,0.162
150,407.8,3.0,100.8,24.59,0.162
150,407.8,3.0,102.1,24.59,0.162
150,407.8,3.0,103.4,24.59,0.162
156,444.1,195.9,260.0,22.55,0.841
156,439.1,195.8,252.5,18.88,0.742
156,434.6,195.5,246.9,20.57,1.134
156,430.2,195.2,241.4,20.35,0.888
156,424.9,194.9,240.0,21.08,0.691
156,422.1,194.6,236.6,21.08,0.547
156,419.3,194.2,233.3,21.03,0.547
156,418.2,193.9,232.2,21.03,0.193
156,417.0,193.6,231.2,21.03,0.193
156,415.9,193.4,230.2,21.03,0.193
156,414.8,193.1,229.1,21.03,0.193
156,413.7,192.8,228.1,21.03,0.193
156,413.0,192.6,225.5,21.15,0.193
156,412.3,192.4,222.9,21.15,0.336
156,411.6,192.1,220.3,21.15,0.336
156,410.9,191.9,217.7,21.18,0.336
156,410.2,191.7,215.1,21.25,0.355
156,409.8,191.8,211.4,21.25,0.474
156,409.4,191.9,207.6,21.25,0.474
156,409.0,192.0,203.8,21.28,0.474
156,408.7,192.0,199.4,21.28,0.546
156,408.5,192.0,194.9,21.28,0.546
156,408.2,192.0,190.4,21.35,0.546
156,408.0,191.9,185.5,21.36,0.605
156,407.8,191.9,180.6,21.20,0.618
156,407.8,191.9,174.9,21.25,0.626
156,407.8,191.9,169.3,21.25,0.704
156,407.8,191.9,163.5,21.27,0.704
156,407.8,191.9,157.6,21.27,0.730
156,407.8,191.9,151.6,21.29,0.730
156,407.8,191.9,145.6,21.29,0.752
156,407.8,191.8,139.4,21.31,0.752
156,407.8,191.8,133.2,21.31,0.771
156,407.8,191.7,126.9,21.33,0.771
156,407.8,191.6,120.6,21.33,0.788
156,407.8,191.5,114.1,21.35,0.788
156,407.8,191.4,107.6,21.37,0.815
156,407.8,191.2,101.0,21.37,0.826
156,407.8,191.1,94.4,21.38,0.826
156,407.8,190.9,87.7,21.38,0.833
156,407.8,190.8,81.1,21.39,0.833
156,407.8,190.6,74.4,21.39,0.836
156,407.8,190.5,67.7,21.41,0.836
156,407.8,190.3,61.1,21.41,0.832
156,407.8,190.2,54.8,21.42,0.832
156,407.8,190.2,48.5,21.42,0.785
156,407.8,190.1,42.7,21.43,0.785
156,407.8,190.1,36.8,21.43,0.730
156,407.8,190.2,31.7,21.44,0.730
156,407.8,190.3,26.6,21.44,0.641
156,407.8,190.4,21.5,21.45,0.641
156,407.8,190.7,17.4,21.45,0.502
156,407.8,190.9,13.4,21.45,0.502
156,407.8,191.3,10.7,21.51,0.502
156,407.8,191.8,8.0,21.51,0.342
156,407.8,193.1,5.5,21.61,0.342
156,407.8,194.5,3.0,21.61,0.361
156,407.8,195.8,3.0,21.61,0.361
156,407.8,197.2,3.0,21.61,0.361
156,407.8,198.5,3.0,21.61,0.361
156,407.8,199.8,3.0,21.61,0.361
156,407.8,201.2,3.0,21.61,0.361
156,407.8,202.5,3.0,21.61,0.361
156,407.8,203.9,3.0,21.61,0.361
156,407.8,206.0,3.0,21.84,0.361
156,407.8,208.2,3.0,21.84,0.395
156,407.8,210.3,3.0,21.84,0.395
156,407.8,212.5,3.0,21.84,0.395
156,407.8,214.6,3.0,21.84,0.395
156,407.8,216.8,3.0,22.13,0.395
156,407.8,219.6,3.0,22.13,0.433
156,407.8,222.5,3.0,22.13,0.433
156,407.8,225.3,3.0,22.13,0.433
156,407.8,228.2,3.0,22.42,0.433
156,407.8,231.5,3.0,22.42,0.461
156,407.8,234.8,3.0,22.42,0.461
156,407.8,238.1,3.0,22.42,0.461
156,407.8,241.4,3.0,22.79,0.461
156,407.8,245.1,3.0,22.79,0.468
156,407.8,248.7,3.0,22.79,0.468
156,407.8,252.3,3.0,23.09,0.468
156,407.8,255.8,3.0,23.09,0.452
156,407.8,259.4,3.0,23.09,0.452
156,407.8,262.9,3.0,23.09,0.452
156,407.8,266.3,3.0,23.25,0.452
156,407.8,269.7,3.0,23.25,0.431
156,407.8,273.1,3.0,23.25,0.431
156,407.8,276.5,3.0,23.40,0.431
156,407.8,279.7,3.0,23.40,0.409
156,407.8,283.0,3.0,23.40,0.409
156,407.8,286.2,3.0,23.40,0.409
156,407.8,289.4,3.0,23.54,0.409
156,407.8,292.5,3.0,23.54,0.385
156,407.8,295.6,3.0,23.54,0.385
156,407.8,298.6,3.0,23.54,0.385
156,407.8,301.5,3.0,23.68,0.385
156,407.8,304.3,3.0,23.68,0.361
156,407.8,307.2,3.0,23.68,0.361
156,407.8,310.1,3.0,23.68,0.361
156,407.8,313.0,3.0,23.80,0.361
156,407.8,315.7,3.0,23.80,0.339
156,407.8,318.4,3.0,23.80,0.339
156,407.8,321.1,3.0,23.80,0.339
156,407.8,323.8,3.0,23.80,0.339
156,407.8,326.3,3.0,23.91,0.339
156,407.8,328.9,3.0,23.91,0.319
156,407.8,331.4,3.0,23.91,0.319
156,407.8,333.9,3.0,23.91,0.319
156,407.8,336.5,3.0,24.01,0.319
156,407.8,338.9,3.0,24.01,0.302
156,407.8,341.3,3.0,24.01,0.302
156,407.8,343.7,3.0,24.01,0.302
156,407.8,346.1,3.0,24.01,0.302
156,407.8,348.6,3.0,24.10,0.302
156,407.8,350.9,3.0,24.10,0.287
156,407.8,353.2,3.0,24.10,0.287
156,407.8,355.4,3.0,24.10,0.287
156,407.8,357.8,3.0,24.10,0.287
156,407.8,360.0,3.0,24.19,0.287
156,407.8,362.2,3.0,24.19,0.274
156,407.8,364.4,3.0,24.19,0.274
156,407.8,366.6,3.0,24.19,0.274
156,407.8,368.8,3.0,24.19,0.274
156,407.8,371.0,3.0,24.19,0.274
156,407.8,373.1,3.0,24.26,0.274
156,407.8,375.2,3.0,24.26,0.262
156,407.8,377.3,3.0,24.26,0.262
156,407.8,379.4,3.0,24.26,0.262
156,407.8,381.5,3.0,24.26,0.262
156,407.8,383.6,3.0,24.26,0.262
156,407.8,385.6,3.0,24.33,0.262
156,407.8,387.6,3.0,24.33,0.252
156,407.8,389.6,3.0,24.33,0.252
156,407.8,391.6,3.0,24.33,0.252
156,407.8,393.6,3.0,24.33,0.252
156,407.8,395.7,3.0,24.33,0.252
156,407.8,397.6,3.0,24.40,0.252
156,407.8,399.5,3.0,24.40,0.242
156,407.8,401.4,3.0,24.40,0.242
156,407.8,403.4,3.0,24.40,0.242
156,407.8,405.3,3.0,24.40,0.242
156,407.8,407.2,3.0,24.40,0.242
156,407.8,409.1,3.0,24.46,0.242
156,407.8,411.0,3.0,24.46,0.233
156,407.8,412.8,3.0,24.46,0.233
156,407.8,414.7,3.0,24.46,0.233
156,407.8,416.5,3.0,24.46,0.233
156,407.8,418.4,3.0,24.46,0.233
156,407.8,420.3,3.0,24.52,0.233
156,407.8,422.1,3.0,24.52,0.224
156,407.8,423.9,3.0,24.52,0.224
156,407.8,425.6,3.0,24.52,0.224
156,407.8,427.4,3.0,24.52,0.224
156,407.8,429.2,3.0,24.52,0.224
156,407.8,431.0,3.0,24.52,0.224
156,407.8,432.8,3.0,24.58,0.224
156,407.8,434.5,3.0,24.58,0.216
156,407.8,436.3,3.0,24.58,0.216
156,407.8,438.0,3.0,24.58,0.216
156,407.8,439.7,3.0,24.58,0.216
162,430.4,161.4,265.6,21.30,0.564
162,427.8,165.0,263.1,21.57,0.784
162,425.3,168.6,260.5,22.13,0.635
162,420.6,172.9,260.4,22.13,0.798
162,418.5,178.9,260.2,19.74,0.798
162,415.8,181.2,267.0,20.26,0.791
162,412.9,183.9,267.0,20.26,1.615
162,410.0,186.5,267.0,20.26,1.615
162,407.1,189.1,267.0,19.96,1.615
162,407.1,191.8,267.0,19.96,1.720
162,407.1,191.5,267.0,19.96,1.720
162,407.1,191.2,267.0,19.96,1.720
162,407.1,191.0,267.0,19.96,1.720
162,407.1,190.7,267.0,19.96,1.720
162,407.1,190.4,267.0,19.96,1.720
162,407.1,193.1,267.0,20.33,1.720
162,407.1,192.8,267.0,20.33,1.844
162,407.1,192.6,267.0,20.33,1.844
162,407.1,192.3,267.0,20.33,1.844
162,407.1,192.0,267.0,20.33,1.844
162,407.1,191.7,267.0,19.96,1.720
162,407.1,191.5,267.0,19.96,1.720
162,407.1,191.2,267.0,19.96,1.720
162,407.1,190.9,267.0,19.96,1.720
162,407.1,190.6,267.0,19.96,1.720
162,407.1,193.3,267.0,20.33,1.720
162,407.1,193.0,267.0,20.33,1.844
162,407.1,192.7,267.0,20.33,1.844
162,407.1,192.5,267.0,20.33,1.844
162,407.1,192.2,267.0,20.33,1.844
162,407.1,191.9,267.0,19.96,1.844
162,407.1,191.6,267.0,19.96,1.720
162,407.1,191.4,267.0,19.96,1.720
162,407.1,191.1,267.0,19.96,1.720
162,407.1,190.8,267.0,19.96,1.720
162,407.1,190.5,267.0,19.96,1.720
162,407.1,193.2,267.0,20.33,1.720
162,407.1,192.9,267.0,20.33,1.844
162,407.1,192.7,267.0,20.33,1.844
162,407.1,192.4,267.0,20.33,1.844
162,407.1,192.1,267.0,20.33,1.844
162,407.1,194.8,267.0,20.33,1.844
162,407.1,194.5,267.0,20.33,1.844
162,407.1,194.2,267.0,20.33,1.844
162,407.1,194.0,267.0,20.33,1.844
162,407.1,193.7,267.0,20.33,1.844
162,407.1,193.4,267.0,20.33,1.844
162,407.1,193.1,267.0,20.33,1.844
162,407.1,192.9,267.0,20.33,1.844
162,407.1,192.6,267.0,20.33,1.844
162,407.1,192.3,267.0,20.33,1.844
162,407.1,192.0,267.0,20.33,1.844
162,407.1,194.7,267.0,20.33,1.844
162,407.1,194.4,267.0,20.33,1.844
162,407.1,194.2,267.0,20.33,1.844
162,407.1,193.9,267.0,20.33,1.844
162,407.1,193.6,267.0,20.33,1.844
162,407.1,193.3,267.0,20.33,1.844
162,407.1,193.1,267.0,20.33,1.844
162,407.1,192.8,267.0,20.33,1.844
162,407.1,192.5,267.0,20.33,1.844
162,407.1,192.2,267.0,20.33,1.844
162,407.1,191.9,267.0,19.96,1.844
162,407.1,191.7,267.0,19.96,1.720
162,407.1,191.4,267.0,19.96,1.720
162,407.1,191.1,267.0,19.96,1.720
162,407.1,190.9,267.0,19.96,1.720
162,407.1,190.6,267.0,19.96,1.720
162,407.1,193.2,267.0,20.33,1.720
162,407.1,193.0,267.0,20.33,1.844
162,407.1,192.7,267.0,20.33,1.844
162,407.1,192.4,267.0,20.33,1.844
162,407.1,192.2,267.0,20.33,1.844
162,407.1,191.9,267.0,19.96,1.844
162,407.1,191.6,267.0,19.96,1.720
162,407.1,191.3,267.0,19.96,1.720
162,407.1,191.1,267.0,19.96,1.720
162,407.1,190.8,267.0,19.96,1.720
162,407.1,190.5,267.0,19.96,1.720
162,407.1,193.2,267.0,20.33,1.720
162,407.1,192.9,267.0,20.33,1.844
162,407.1,192.6,267.0,20.33,1.844
162,407.1,192.3,267.0,20.33,1.844
162,407.1,192.1,267.0,20.33,1.844
162,407.1,194.7,267.0,20.33,1.844
162,407.1,194.5,267.0,20.33,1.844
162,407.1,194.2,267.0,20.33,1.844
162,407.1,193.9,267.0,20.33,1.844
162,407.1,193.6,267.0,20.33,1.844
162,407.1,193.4,267.0,20.33,1.844
162,407.1,193.1,267.0,20.33,1.844
162,407.1,192.8,267.0,20.33,1.844
162,407.1,192.5,267.0,20.33,1.844
162,407.1,192.3,267.0,20.33,1.844
162,407.1,192.0,267.0,19.96,1.844
162,407.1,191.7,267.0,19.96,1.720
162,407.1,191.4,267.0,19.96,1.720
162,407.1,191.2,267.0,19.96,1.720
162,407.1,190.9,267.0,19.96,1.720
162,407.1,190.6,267.0,19.96,1.720
162,407.1,193.3,267.0,20.33,1.720
162,407.1,193.0,267.0,20.33,1.844
162,407.1,192.7,267.0,20.33,1.844
162,407.1,192.5,267.0,20.33,1.844
162,407.1,192.2,267.0,20.33,1.844
162,407.1,191.9,267.0,19.96,1.844
162,407.1,191.6,267.0,19.96,1.720
162,407.1,191.3,267.0,19.96,1.720
162,407.1,191.1,267.0,19.96,1.720
162,407.1,190.8,267.0,19.96,1.720
162,407.1,190.5,267.0,19.96,1.720
162,407.1,193.2,267.0,20.33,1.720
162,407.1,192.9,267.0,20.33,1.844
162,407.1,192.7,267.0,20.33,1.844
162,407.1,192.4,267.0,20.33,1.844
162,407.1,192.1,267.0,20.33,1.844
162,407.1,194.8,267.0,20.33,1.844
162,407.1,194.5,267.0,20.33,1.844
162,407.1,194.2,267.0,20.33,1.844
162,407.1,193.9,267.0,20.33,1.844
162,407.1,193.7,267.0,20.33,1.844
162,407.1,193.4,267.0,20.33,1.844
162,407.1,193.1,267.0,20.33,1.844
162,407.1,192.8,267.0,20.33,1.844
162,407.1,192.6,267.0,20.33,1.844
162,407.1,192.3,267.0,20.33,1.844
162,407.1,192.0,267.0,20.33,1.844
162,407.1,194.7,267.0,20.33,1.844
162,407.1,194.4,267.0,20.33,1.844
162,407.1,194.1,267.0,20.33,1.844
162,407.1,193.9,267.0,20.33,1.844
162,407.1,193.6,267.0,20.33,1.844
162,407.1,193.3,267.0,20.33,1.844
162,407.1,193.0,267.0,20.33,1.844
162,407.1,192.8,267.0,20.33,1.844
162,407.1,192.5,267.0,20.33,1.844
162,407.1,192.2,267.0,20.33,1.844
162,407.1,191.9,267.0,19.96,1.844
162,407.1,191.7,267.0,19.96,1.720
162,407.1,191.4,267.0,19.96,1.720
162,407.1,191.1,267.0,19.96,1.720
162,407.1,190.8,267.0,19.96,1.720
162,407.1,190.6,267.0,19.96,1.720
162,407.1,193.2,267.0,20.33,1.720
162,407.1,193.0,267.0,20.33,1.844
162,407.1,192.7,267.0,20.33,1.844
162,407.1,192.4,267.0,20.33,1.844
162,407.1,192.1,267.0,20.33,1.844
162,407.1,194.8,267.0,20.33,1.844
162,407.1,194.5,267.0,20.33,1.844
162,407.1,194.2,267.0,20.33,1.844
162,407.1,194.0,267.0,20.33,1.844
162,407.1,193.7,267.0,20.33,1.844
162,407.1,193.4,267.0,20.33,1.844
162,407.1,193.2,267.0,20.33,1.844
162,407.1,192.9,267.0,20.33,1.844
162,407.1,192.6,267.0,20.33,1.844
162,407.1,192.3,267.0,20.33,1.844
162,407.1,192.1,267.0,20.33,1.844
162,407.1,194.7,267.0,20.33,1.844
168,426.5,198.1,264.4,19.30,1.306
168,419.8,197.9,263.8,20.29,0.833
168,417.1,197.6,267.0,20.20,0.795
168,414.1,197.3,267.0,20.20,1.703
168,411.2,197.0,267.0,20.20,1.703
168,408.3,196.7,267.0,20.20,1.703
168,408.3,196.4,267.0,20.20,1.703
168,408.3,196.1,267.0,20.20,1.703
168,408.3,195.9,267.0,20.20,1.703
168,408.3,195.6,267.0,20.20,1.703
168,408.3,195.3,267.0,20.20,1.703
168,408.3,195.0,267.0,20.20,1.703
168,408.3,194.8,267.0,20.20,1.703
168,408.3,194.5,267.0,20.20,1.703
168,408.3,194.2,267.0,20.20,1.703
168,408.3,193.9,267.0,20.20,1.703
168,408.3,193.7,267.0,20.20,1.703
168,408.3,193.4,267.0,20.20,1.703
168,408.3,193.1,267.0,20.20,1.703
168,408.3,192.8,267.0,20.20,1.703
168,408.3,192.6,267.0,20.20,1.703
168,408.3,192.3,267.0,20.20,1.703
168,408.3,192.0,267.0,20.20,1.703
168,408.3,194.7,267.0,20.20,1.703
168,408.3,194.4,267.0,20.20,1.703
168,408.3,194.1,267.0,20.20,1.703
168,408.3,193.9,267.0,20.20,1.703
168,408.3,193.6,267.0,20.20,1.703
168,408.3,193.3,267.0,20.20,1.703
168,408.3,193.0,267.0,20.20,1.703
168,408.3,192.8,267.0,20.20,1.703
168,408.3,192.5,267.0,20.20,1.703
168,408.3,192.2,267.0,20.20,1.703
168,408.3,191.9,267.0,20.26,1.703
168,408.3,191.7,267.0,20.26,1.615
168,408.3,191.4,267.0,20.26,1.615
168,408.3,191.1,267.0,20.26,1.615
168,408.3,190.8,267.0,20.26,1.615
168,408.3,190.6,267.0,20.26,1.615
168,408.3,193.2,267.0,20.20,1.615
168,408.3,192.9,267.0,20.20,1.703
168,408.3,192.7,267.0,20.20,1.703
168,408.3,192.4,267.0,20.20,1.703
168,408.3,192.1,267.0,20.20,1.703
168,408.3,194.8,267.0,20.20,1.703
168,408.3,194.5,267.0,20.20,1.703
168,408.3,194.2,267.0,20.20,1.703
168,408.3,194.0,267.0,20.20,1.703
168,408.3,193.7,267.0,20.20,1.703
168,408.3,193.4,267.0,20.20,1.703
168,408.3,193.2,267.0,20.20,1.703
168,408.3,192.9,267.0,20.20,1.703
168,408.3,192.6,267.0,20.20,1.703
168,408.3,192.3,267.0,20.20,1.703
168,408.3,192.1,267.0,20.20,1.703
168,408.3,194.7,267.0,20.20,1.703
168,408.3,194.4,267.0,20.20,1.703
168,408.3,194.2,267.0,20.20,1.703
168,408.3,193.9,267.0,20.20,1.703
168,408.3,193.6,267.0,20.20,1.703
168,408.3,193.3,267.0,20.20,1.703
168,408.3,193.1,267.0,20.20,1.703
168,408.3,192.8,267.0,20.20,1.703
168,408.3,192.5,267.0,20.20,1.703
168,408.3,192.2,267.0,20.20,1.703
168,408.3,192.0,267.0,20.26,1.703
168,408.3,191.7,267.0,20.26,1.615
168,408.3,191.4,267.0,20.26,1.615
168,408.3,191.1,267.0,20.26,1.615
168,408.3,190.9,267.0,20.26,1.615
168,408.3,190.6,267.0,20.26,1.615
168,408.3,193.3,267.0,20.20,1.615
168,408.3,193.0,267.0,20.20,1.703
168,408.3,192.7,267.0,20.20,1.703
168,408.3,192.4,267.0,20.20,1.703
168,408.3,192.2,267.0,20.20,1.703
168,408.3,191.9,267.0,20.26,1.703
168,408.3,191.6,267.0,20.26,1.615
168,408.3,191.3,267.0,20.26,1.615
168,408.3,191.1,267.0,20.26,1.615
168,408.3,190.8,267.0,20.26,1.615
168,408.3,190.5,267.0,20.26,1.615
168,408.3,193.2,267.0,20.20,1.615
168,408.3,192.9,267.0,20.20,1.703
168,408.3,192.6,267.0,20.20,1.703
168,408.3,192.3,267.0,20.20,1.703
168,408.3,192.1,267.0,20.20,1.703
168,408.3,194.8,267.0,20.20,1.703
168,408.3,194.5,267.0,20.20,1.703
168,408.3,194.2,267.0,20.20,1.703
168,408.3,193.9,267.0,20.20,1.703
168,408.3,193.7,267.0,20.20,1.703
168,408.3,193.4,267.0,20.20,1.703
168,408.3,193.1,267.0,20.20,1.703
168,408.3,192.8,267.0,20.20,1.703
168,408.3,192.6,267.0,20.20,1.703
168,408.3,192.3,267.0,20.20,1.703
168,408.3,192.0,267.0,20.20,1.703
168,408.3,191.7,267.0,20.26,1.615
168,408.3,191.5,267.0,20.26,1.615
168,408.3,191.2,267.0,20.26,1.615
168,408.3,190.9,267.0,20.26,1.615
168,408.3,190.6,267.0,20.26,1.615
168,408.3,193.3,267.0,20.20,1.615
168,408.3,193.0,267.0,20.20,1.703
168,408.3,192.7,267.0,20.20,1.703
168,408.3,192.5,267.0,20.20,1.703
168,408.3,192.2,267.0,20.20,1.703
168,408.3,191.9,267.0,20.26,1.703
168,408.3,191.6,267.0,20.26,1.615
168,408.3,191.4,267.0,20.26,1.615
168,408.3,191.1,267.0,20.26,1.615
168,408.3,190.8,267.0,20.26,1.615
168,408.3,190.5,267.0,20.26,1.615
168,408.3,193.2,267.0,20.20,1.615
168,408.3,192.9,267.0,20.20,1.703
168,408.3,192.7,267.0,20.20,1.703
168,408.3,192.4,267.0,20.20,1.703
168,408.3,192.1,267.0,20.20,1.703
168,408.3,194.8,267.0,20.20,1.703
168,408.3,194.5,267.0,20.20,1.703
168,408.3,194.2,267.0,20.20,1.703
168,408.3,194.0,267.0,20.20,1.703
168,408.3,193.7,267.0,20.20,1.703
168,408.3,193.4,267.0,20.20,1.703
168,408.3,193.1,267.0,20.20,1.703
168,408.3,192.9,267.0,20.20,1.703
168,408.3,192.6,267.0,20.20,1.703
168,408.3,192.3,267.0,20.20,1.703
168,408.3,192.0,267.0,20.20,1.703
168,408.3,194.7,267.0,20.20,1.703
168,408.3,194.4,267.0,20.20,1.703
168,408.3,194.2,267.0,20.20,1.703
168,408.3,193.9,267.0,20.20,1.703
168,408.3,193.6,267.0,20.20,1.703
168,408.3,193.3,267.0,20.20,1.703
168,408.3,193.1,267.0,20.20,1.703
168,408.3,192.8,267.0,20.20,1.703
168,408.3,192.5,267.0,20.20,1.703
168,408.3,192.2,267.0,20.20,1.703
168,408.3,191.9,267.0,20.26,1.703
168,408.3,191.7,267.0,20.26,1.615
168,408.3,191.4,267.0,20.26,1.615
168,408.3,191.1,267.0,20.26,1.615
168,408.3,190.9,267.0,20.26,1.615
168,408.3,190.6,267.0,20.26,1.615
168,408.3,193.2,267.0,20.20,1.615
168,408.3,193.0,267.0,20.20,1.703
168,408.3,192.7,267.0,20.20,1.703
168,408.3,192.4,267.0,20.20,1.703
168,408.3,192.1,267.0,20.20,1.703
168,408.3,194.8,267.0,20.20,1.703
168,408.3,194.5,267.0,20.20,1.703
168,408.3,194.3,267.0,20.20,1.703
168,408.3,194.0,267.0,20.20,1.703
168,408.3,193.7,267.0,20.20,1.703
168,408.3,193.4,267.0,20.20,1.703
168,408.3,193.2,267.0,20.20,1.703
168,408.3,192.9,267.0,20.20,1.703
168,408.3,192.6,267.0,20.20,1.703
174,376.5,214.5,267.0,20.27,0.997
174,381.5,211.4,267.0,20.27,1.259
174,384.4,208.3,267.0,20.33,1.259
174,387.3,205.1,267.0,20.33,1.595
174,390.2,204.9,267.0,20.33,1.595
174,393.2,204.6,267.0,20.33,1.595
174,396.1,204.2,267.0,20.21,1.595
174,396.1,204.0,267.0,20.33,1.690
174,396.1,203.7,267.0,20.33,1.844
174,396.1,203.4,267.0,20.33,1.844
174,396.1,203.1,267.0,20.33,1.844
174,396.1,202.9,267.0,20.33,1.844
174,396.1,202.6,267.0,20.33,1.844
174,396.1,202.3,267.0,20.33,1.844
174,396.1,202.1,267.0,20.33,1.844
174,396.1,201.8,267.0,20.33,1.844
174,396.1,201.5,267.0,20.33,1.844
174,396.1,201.2,267.0,20.33,1.844
174,396.1,201.0,267.0,20.33,1.844
174,396.1,200.7,267.0,20.33,1.844
174,396.1,200.4,267.0,20.33,1.844
174,396.1,200.1,267.0,20.33,1.844
174,396.1,199.8,267.0,20.33,1.844
174,396.1,199.6,267.0,20.33,1.844
174,396.1,199.3,267.0,20.33,1.844
174,396.1,199.0,267.0,20.33,1.844
174,396.1,198.8,267.0,20.33,1.844
174,396.1,198.5,267.0,20.33,1.844
174,396.1,198.2,267.0,20.33,1.844
174,396.1,197.9,267.0,20.33,1.844
174,396.1,197.6,267.0,20.33,1.844
174,396.1,197.4,267.0,20.33,1.844
174,396.1,197.1,267.0,20.33,1.844
174,396.1,196.8,267.0,20.33,1.844
174,396.1,196.5,267.0,20.33,1.844
174,396.1,196.3,267.0,20.33,1.844
174,396.1,196.0,267.0,20.33,1.844
174,396.1,195.7,267.0,20.33,1.844
174,396.1,195.4,267.0,20.33,1.844
174,396.1,195.2,267.0,20.33,1.844
174,396.1,194.9,267.0,20.33,1.844
174,396.1,194.6,267.0,20.33,1.844
174,396.1,194.3,267.0,20.33,1.844
174,396.1,194.1,267.0,20.33,1.844
174,396.1,193.8,267.0,20.33,1.844
174,396.1,193.5,267.0,20.33,1.844
174,396.1,193.2,267.0,20.33,1.844
174,396.1,193.0,267.0,20.33,1.844
174,396.1,192.7,267.0,20.33,1.844
174,396.1,192.4,267.0,20.33,1.844
174,396.1,192.1,267.0,20.33,1.844
174,396.1,191.9,267.0,19.96,1.844
174,396.1,191.6,267.0,19.96,1.720
174,396.1,191.3,267.0,19.96,1.720
174,396.1,191.0,267.0,19.96,1.720
174,396.1,190.8,267.0,19.96,1.720
174,396.1,190.5,267.0,19.96,1.720
174,396.1,193.2,267.0,20.33,1.720
174,396.1,192.9,267.0,20.33,1.844
174,396.1,192.6,267.0,20.33,1.844
174,396.1,192.3,267.0,20.33,1.844
174,396.1,192.1,267.0,20.33,1.844
174,396.1,194.7,267.0,20.33,1.844
174,396.1,194.5,267.0,20.33,1.844
174,396.1,194.2,267.0,20.33,1.844
174,396.1,193.9,267.0,20.33,1.844
174,396.1,193.6,267.0,20.33,1.844
174,396.1,193.3,267.0,20.33,1.844
174,396.1,193.1,267.0,20.33,1.844
174,396.1,192.8,267.0,20.33,1.844
174,396.1,192.5,267.0,20.33,1.844
174,396.1,192.2,267.0,20.33,1.844
174,396.1,192.0,267.0,19.96,1.844
174,396.1,191.7,267.0,19.96,1.720
174,396.1,191.4,267.0,19.96,1.720
174,396.1,191.2,267.0,19.96,1.720
174,396.1,190.9,267.0,19.96,1.720
174,396.1,190.6,267.0,19.96,1.720
174,396.1,193.3,267.0,20.33,1.720
174,396.1,193.0,267.0,20.33,1.844
174,396.1,192.7,267.0,20.33,1.844
174,396.1,192.5,267.0,20.33,1.844
174,396.1,192.2,267.0,20.33,1.844
174,396.1,191.9,267.0,19.96,1.844
174,396.1,191.6,267.0,19.96,1.720
174,396.1,191.3,267.0,19.96,1.720
174,396.1,191.1,267.0,19.96,1.720
174,396.1,190.8,267.0,19.96,1.720
174,396.1,190.5,267.0,19.96,1.720
174,396.1,193.2,267.0,20.33,1.720
174,396.1,192.9,267.0,20.33,1.844
174,396.1,192.6,267.0,20.33,1.844
174,396.1,192.4,267.0,20.33,1.844
174,396.1,192.1,267.0,20.33,1.844
174,396.1,194.8,267.0,20.33,1.844
174,396.1,194.5,267.0,20.33,1.844
174,396.1,194.2,267.0,20.33,1.844
174,396.1,193.9,267.0,20.33,1.844
174,396.1,193.7,267.0,20.33,1.844
174,396.1,193.4,267.0,20.33,1.844
174,396.1,193.1,267.0,20.33,1.844
174,396.1,192.8,267.0,20.33,1.844
174,396.1,192.6,267.0,20.33,1.844
174,396.1,192.3,267.0,20.33,1.844
174,396.1,192.0,267.0,20.33,1.844
174,396.1,194.7,267.0,20.33,1.844
174,396.1,194.4,267.0,20.33,1.844
174,396.1,194.1,267.0,20.33,1.844
174,396.1,193.9,267.0,20.33,1.844
174,396.1,193.6,267.0,20.33,1.844
174,396.1,193.3,267.0,20.33,1.844
174,396.1,193.0,267.0,20.33,1.844
174,396.1,192.8,267.0,20.33,1.844
174,396.1,192.5,267.0,20.33,1.844
174,396.1,192.2,267.0,20.33,1.844
174,396.1,191.9,267.0,19.96,1.844
174,396.1,191.7,267.0,19.96,1.720
174,396.1,191.4,267.0,19.96,1.720
174,396.1,191.1,267.0,19.96,1.720
174,396.1,190.8,267.0,19.96,1.720
174,396.1,190.6,267.0,19.96,1.720
174,396.1,193.2,267.0,20.33,1.720
174,396.1,192.9,267.0,20.33,1.844
174,396.1,192.7,267.0,20.33,1.844
174,396.1,192.4,267.0,20.33,1.844
174,396.1,192.1,267.0,20.33,1.844
174,396.1,194.8,267.0,20.33,1.844
174,396.1,194.5,267.0,20.33,1.844
174,396.1,194.2,267.0,20.33,1.844
174,396.1,194.0,267.0,20.33,1.844
174,396.1,193.7,267.0,20.33,1.844
174,396.1,193.4,267.0,20.33,1.844
174,396.1,193.2,267.0,20.33,1.844
174,396.1,192.9,267.0,20.33,1.844
174,396.1,192.6,267.0,20.33,1.844
174,396.1,192.3,267.0,20.33,1.844
174,396.1,192.0,267.0,20.33,1.844
174,396.1,194.7,267.0,20.33,1.844
174,396.1,194.4,267.0,20.33,1.844
174,396.1,194.2,267.0,20.33,1.844
174,396.1,193.9,267.0,20.33,1.844
174,396.1,193.6,267.0,20.33,1.844
174,396.1,193.3,267.0,20.33,1.844
174,396.1,193.1,267.0,20.33,1.844
174,396.1,192.8,267.0,20.33,1.844
174,396.1,192.5,267.0,20.33,1.844
174,396.1,192.2,267.0,20.33,1.844
174,396.1,192.0,267.0,19.96,1.844
174,396.1,191.7,267.0,19.96,1.720
174,396.1,191.4,267.0,19.96,1.720
174,396.1,191.1,267.0,19.96,1.720
174,396.1,190.9,267.0,19.96,1.720
174,396.1,190.6,267.0,19.96,1.720
174,396.1,193.3,267.0,20.33,1.720
174,396.1,193.0,267.0,20.33,1.844
174,396.1,192.7,267.0,20.33,1.844
174,396.1,192.4,267.0,20.33,1.844
174,396.1,192.2,267.0,20.33,1.844
174,396.1,191.9,267.0,19.96,1.844
174,396.1,191.6,267.0,19.96,1.720
180,391.5,173.2,264.7,19.53,1.280
180,394.0,179.7,264.5,19.53,0.871
180,396.9,182.3,267.0,19.96,0.871
180,396.9,185.0,267.0,19.96,1.720
180,396.9,187.7,267.0,19.96,1.720
180,396.9,190.3,267.0,19.96,1.720
180,396.9,193.0,267.0,20.33,1.720
180,396.9,192.7,267.0,20.33,1.844
180,396.9,192.5,267.0,20.33,1.844
180,396.9,192.2,267.0,20.33,1.844
180,396.9,191.9,267.0,19.96,1.844
180,396.9,191.6,267.0,19.96,1.720
180,396.9,191.4,267.0,19.96,1.720
180,396.9,191.1,267.0,19.96,1.720
180,396.9,190.8,267.0,19.96,1.720
180,396.9,190.5,267.0,19.96,1.720
180,396.9,193.2,267.0,20.33,1.720
180,396.9,192.9,267.0,20.33,1.844
180,396.9,192.7,267.0,20.33,1.844
180,396.9,192.4,267.0,20.33,1.844
180,396.9,192.1,267.0,20.33,1.844
180,396.9,194.8,267.0,20.33,1.844
180,396.9,194.5,267.0,20.33,1.844
180,396.9,194.2,267.0,20.33,1.844
180,396.9,193.9,267.0,20.33,1.844
180,396.9,193.7,267.0,20.33,1.844
180,396.9,193.4,267.0,20.33,1.844
180,396.9,193.1,267.0,20.33,1.844
180,396.9,192.9,267.0,20.33,1.844
180,396.9,192.6,267.0,20.33,1.844
180,396.9,192.3,267.0,20.33,1.844
180,396.9,192.0,267.0,20.33,1.844
180,396.9,194.7,267.0,20.33,1.844
180,396.9,194.4,267.0,20.33,1.844
180,396.9,194.2,267.0,20.33,1.844
180,396.9,193.9,267.0,20.33,1.844
180,396.9,193.6,267.0,20.33,1.844
180,396.9,193.3,267.0,20.33,1.844
180,396.9,193.1,267.0,20.33,1.844
180,396.9,192.8,267.0,20.33,1.844
180,396.9,192.5,267.0,20.33,1.844
180,396.9,192.2,267.0,20.33,1.844
180,396.9,191.9,267.0,19.96,1.844
180,396.9,191.7,267.0,19.96,1.720
180,396.9,191.4,267.0,19.96,1.720
180,396.9,191.1,267.0,19.96,1.720
180,396.9,190.8,267.0,19.96,1.720
180,396.9,190.6,267.0,19.96,1.720
180,396.9,193.2,267.0,20.33,1.720
180,396.9,193.0,267.0,20.33,1.844
180,396.9,192.7,267.0,20.33,1.844
180,396.9,192.4,267.0,20.33,1.844
180,396.9,192.1,267.0,20.33,1.844
180,396.9,191.9,267.0,19.96,1.844
180,396.9,191.6,267.0,19.96,1.720
180,396.9,191.3,267.0,19.96,1.720
180,396.9,191.0,267.0,19.96,1.720
180,396.9,190.8,267.0,19.96,1.720
180,396.9,190.5,267.0,19.96,1.720
180,396.9,193.2,267.0,20.33,1.720
180,396.9,192.9,267.0,20.33,1.844
180,396.9,192.6,267.0,20.33,1.844
180,396.9,192.3,267.0,20.33,1.844
180,396.9,192.1,267.0,20.33,1.844
180,396.9,194.7,267.0,20.33,1.844
180,396.9,194.4,267.0,20.33,1.844
180,396.9,194.2,267.0,20.33,1.844
180,396.9,193.9,267.0,20.33,1.844
180,396.9,193.6,267.0,20.33,1.844
180,396.9,193.3,267.0,20.33,1.844
180,396.9,193.1,267.0,20.33,1.844
180,396.9,192.8,267.0,20.33,1.844
180,396.9,192.5,267.0,20.33,1.844
180,396.9,192.2,267.0,20.33,1.844
180,396.9,192.0,267.0,19.96,1.844
180,396.9,191.7,267.0,19.96,1.720
180,396.9,191.4,267.0,19.96,1.720
180,396.9,191.2,267.0,19.96,1.720
180,396.9,190.9,267.0,19.96,1.720
180,396.9,190.6,267.0,19.96,1.720
180,396.9,193.3,267.0,20.33,1.720
180,396.9,193.0,267.0,20.33,1.844
180,396.9,192.7,267.0,20.33,1.844
180,396.9,192.5,267.0,20.33,1.844
180,396.9,192.2,267.0,20.33,1.844
180,396.9,191.9,267.0,19.96,1.844
180,396.9,191.6,267.0,19.96,1.720
180,396.9,191.3,267.0,19.96,1.720
180,396.9,191.1,267.0,19.96,1.720
180,396.9,190.8,267.0,19.96,1.720
180,396.9,190.5,267.0,19.96,1.720
180,396.9,193.2,267.0,20.33,1.720
180,396.9,192.9,267.0,20.33,1.844
180,396.9,192.6,267.0,20.33,1.844
180,396.9,192.4,267.0,20.33,1.844
180,396.9,192.1,267.0,20.33,1.844
180,396.9,194.8,267.0,20.33,1.844
180,396.9,194.5,267.0,20.33,1.844
180,396.9,194.2,267.0,20.33,1.844
180,396.9,193.9,267.0,20.33,1.844
180,396.9,193.7,267.0,20.33,1.844
180,396.9,193.4,267.0,20.33,1.844
180,396.9,193.1,267.0,20.33,1.844
180,396.9,192.8,267.0,20.33,1.844
180,396.9,192.6,267.0,20.33,1.844
180,396.9,192.3,267.0,20.33,1.844
180,396.9,192.0,267.0,20.33,1.844
180,396.9,194.7,267.0,20.33,1.844
180,396.9,194.4,267.0,20.33,1.844
180,396.9,194.1,267.0,20.33,1.844
180,396.9,193.9,267.0,20.33,1.844
180,396.9,193.6,267.0,20.33,1.844
180,396.9,193.3,267.0,20.33,1.844
180,396.9,193.0,267.0,20.33,1.844
180,396.9,192.8,267.0,20.33,1.844
180,396.9,192.5,267.0,20.33,1.844
180,396.9,192.2,267.0,20.33,1.844
180,396.9,191.9,267.0,19.96,1.844
180,396.9,191.7,267.0,19.96,1.720
180,396.9,191.4,267.0,19.96,1.720
180,396.9,191.1,267.0,19.96,1.720
180,396.9,190.8,267.0,19.96,1.720
180,396.9,190.6,267.0,19.96,1.720
180,396.9,193.2,267.0,20.33,1.720
180,396.9,192.9,267.0,20.33,1.844
180,396.9,192.7,267.0,20.33,1.844
180,396.9,192.4,267.0,20.33,1.844
180,396.9,192.1,267.0,20.33,1.844
180,396.9,194.8,267.0,20.33,1.844
180,396.9,194.5,267.0,20.33,1.844
180,396.9,194.2,267.0,20.33,1.844
180,396.9,194.0,267.0,20.33,1.844
180,396.9,193.7,267.0,20.33,1.844
180,396.9,193.4,267.0,20.33,1.844
180,396.9,193.1,267.0,20.33,1.844
180,396.9,192.9,267.0,20.33,1.844
180,396.9,192.6,267.0,20.33,1.844
180,396.9,192.3,267.0,20.33,1.844
180,396.9,192.0,267.0,20.33,1.844
180,396.9,194.7,267.0,20.33,1.844
180,396.9,194.4,267.0,20.33,1.844
180,396.9,194.2,267.0,20.33,1.844
180,396.9,193.9,267.0,20.33,1.844
180,396.9,193.6,267.0,20.33,1.844
180,396.9,193.3,267.0,20.33,1.844
180,396.9,193.1,267.0,20.33,1.844
180,396.9,192.8,267.0,20.33,1.844
180,396.9,192.5,267.0,20.33,1.844
180,396.9,192.2,267.0,20.33,1.844
180,396.9,192.0,267.0,19.96,1.844
180,396.9,191.7,267.0,19.96,1.720
180,396.9,191.4,267.0,19.96,1.720
180,396.9,191.1,267.0,19.96,1.720
180,396.9,190.9,267.0,19.96,1.720
180,396.9,190.6,267.0,19.96,1.720
180,396.9,193.3,267.0,20.33,1.720
180,396.9,193.0,267.0,20.33,1.844
180,396.9,192.7,267.0,20.33,1.844
180,396.9,192.4,267.0,20.33,1.844
180,396.9,192.2,267.0,20.33,1.844
186,377.3,225.0,267.0,21.05,0.995
186,382.4,219.9,267.0,21.05,1.168
186,385.3,214.7,267.0,20.33,1.168
186,388.2,211.6,267.0,20.33,1.595
186,391.1,208.5,267.0,20.33,1.595
186,394.0,205.4,267.0,20.33,1.595
186,396.9,205.1,267.0,20.21,1.595
186,396.9,204.8,267.0,20.21,1.690
186,396.9,204.5,267.0,20.21,1.690
186,396.9,204.2,267.0,20.21,1.690
186,396.9,204.0,267.0,20.33,1.690
186,396.9,203.7,267.0,20.33,1.844
186,396.9,203.4,267.0,20.33,1.844
186,396.9,203.1,267.0,20.33,1.844
186,396.9,202.9,267.0,20.33,1.844
186,396.9,202.6,267.0,20.33,1.844
186,396.9,202.3,267.0,20.33,1.844
186,396.9,202.0,267.0,20.33,1.844
186,396.9,201.8,267.0,20.33,1.844
186,396.9,201.5,267.0,20.33,1.844
186,396.9,201.2,267.0,20.33,1.844
186,396.9,200.9,267.0,20.33,1.844
186,396.9,200.7,267.0,20.33,1.844
186,396.9,200.4,267.0,20.33,1.844
186,396.9,200.1,267.0,20.33,1.844
186,396.9,199.8,267.0,20.33,1.844
186,396.9,199.6,267.0,20.33,1.844
186,396.9,199.3,267.0,20.33,1.844
186,396.9,199.0,267.0,20.33,1.844
186,396.9,198.7,267.0,20.33,1.844
186,396.9,198.4,267.0,20.33,1.844
186,396.9,198.2,267.0,20.33,1.844
186,396.9,197.9,267.0,20.33,1.844
186,396.9,197.6,267.0,20.33,1.844
186,396.9,197.3,267.0,20.33,1.844
186,396.9,197.1,267.0,20.33,1.844
186,396.9,196.8,267.0,20.33,1.844
186,396.9,196.5,267.0,20.33,1.844
186,396.9,196.2,267.0,20.33,1.844
186,396.9,196.0,267.0,20.33,1.844
186,396.9,195.7,267.0,20.33,1.844
186,396.9,195.4,267.0,20.33,1.844
186,396.9,195.2,267.0,20.33,1.844
186,396.9,194.9,267.0,20.33,1.844
186,396.9,194.6,267.0,20.33,1.844
186,396.9,194.3,267.0,20.33,1.844
186,396.9,194.0,267.0,20.33,1.844
186,396.9,193.8,267.0,20.33,1.844
186,396.9,193.5,267.0,20.33,1.844
186,396.9,193.2,267.0,20.33,1.844
186,396.9,192.9,267.0,20.33,1.844
186,396.9,192.7,267.0,20.33,1.844
186,396.9,192.4,267.0,20.33,1.844
186,396.9,192.1,267.0,20.33,1.844
186,396.9,194.8,267.0,20.33,1.844
186,396.9,194.5,267.0,20.33,1.844
186,396.9,194.2,267.0,20.33,1.844
186,396.9,194.0,267.0,20.33,1.844
186,396.9,193.7,267.0,20.33,1.844
186,396.9,193.4,267.0,20.33,1.844
186,396.9,193.1,267.0,20.33,1.844
186,396.9,192.9,267.0,20.33,1.844
186,396.9,192.6,267.0,20.33,1.844
186,396.9,192.3,267.0,20.33,1.844
186,396.9,192.0,267.0,20.33,1.844
186,396.9,194.7,267.0,20.33,1.844
186,396.9,194.4,267.0,20.33,1.844
186,396.9,194.2,267.0,20.33,1.844
186,396.9,193.9,267.0,20.33,1.844
186,396.9,193.6,267.0,20.33,1.844
186,396.9,193.3,267.0,20.33,1.844
186,396.9,193.1,267.0,20.33,1.844
186,396.9,192.8,267.0,20.33,1.844
186,396.9,192.5,267.0,20.33,1.844
186,396.9,192.2,267.0,20.33,1.844
186,396.9,192.0,267.0,19.96,1.844
186,396.9,191.7,267.0,19.96,1.720
186,396.9,191.4,267.0,19.96,1.720
186,396.9,191.1,267.0,19.96,1.720
186,396.9,190.9,267.0,19.96,1.720
186,396.9,190.6,267.0,19.96,1.720
186,396.9,193.3,267.0,20.33,1.720
186,396.9,193.0,267.0,20.33,1.844
186,396.9,192.7,267.0,20.33,1.844
186,396.9,192.4,267.0,20.33,1.844
186,396.9,192.2,267.0,20.33,1.844
186,396.9,191.9,267.0,19.96,1.844
186,396.9,191.6,267.0,19.96,1.720
186,396.9,191.3,267.0,19.96,1.720
186,396.9,191.1,267.0,19.96,1.720
186,396.9,190.8,267.0,19.96,1.720
186,396.9,190.5,267.0,19.96,1.720
186,396.9,193.2,267.0,20.33,1.720
186,396.9,192.9,267.0,20.33,1.844
186,396.9,192.6,267.0,20.33,1.844
186,396.9,192.3,267.0,20.33,1.844
186,396.9,192.1,267.0,20.33,1.844
186,396.9,194.7,267.0,20.33,1.844
186,396.9,194.5,267.0,20.33,1.844
186,396.9,194.2,267.0,20.33,1.844
186,396.9,193.9,267.0,20.33,1.844
186,396.9,193.6,267.0,20.33,1.844
186,396.9,193.4,267.0,20.33,1.844
186,396.9,193.1,267.0,20.33,1.844
186,396.9,192.8,267.0,20.33,1.844
186,396.9,192.5,267.0,20.33,1.844
186,396.9,192.3,267.0,20.33,1.844
186,396.9,192.0,267.0,19.96,1.844
186,396.9,191.7,267.0,19.96,1.720
186,396.9,191.4,267.0,19.96,1.720
186,396.9,191.2,267.0,19.96,1.720
186,396.9,190.9,267.0,19.96,1.720
186,396.9,190.6,267.0,19.96,1.720
186,396.9,193.3,267.0,20.33,1.720
186,396.9,193.0,267.0,20.33,1.844
186,396.9,192.7,267.0,20.33,1.844
186,396.9,192.5,267.0,20.33,1.844
186,396.9,192.2,267.0,20.33,1.844
186,396.9,191.9,267.0,19.96,1.844
186,396.9,191.6,267.0,19.96,1.720
186,396.9,191.4,267.0,19.96,1.720
186,396.9,191.1,267.0,19.96,1.720
186,396.9,190.8,267.0,19.96,1.720
186,396.9,190.5,267.0,19.96,1.720
186,396.9,193.2,267.0,20.33,1.720
186,396.9,192.9,267.0,20.33,1.844
186,396.9,192.7,267.0,20.33,1.844
186,396.9,192.4,267.0,20.33,1.844
186,396.9,192.1,267.0,20.33,1.844
186,396.9,194.8,267.0,20.33,1.844
186,396.9,194.5,267.0,20.33,1.844
186,396.9,194.2,267.0,20.33,1.844
186,396.9,193.9,267.0,20.33,1.844
186,396.9,193.7,267.0,20.33,1.844
186,396.9,193.4,267.0,20.33,1.844
186,396.9,193.1,267.0,20.33,1.844
186,396.9,192.9,267.0,20.33,1.844
186,396.9,192.6,267.0,20.33,1.844
186,396.9,192.3,267.0,20.33,1.844
186,396.9,192.0,267.0,20.33,1.844
186,396.9,194.7,267.0,20.33,1.844
186,396.9,194.4,267.0,20.33,1.844
186,396.9,194.2,267.0,20.33,1.844
186,396.9,193.9,267.0,20.33,1.844
186,396.9,193.6,267.0,20.33,1.844
186,396.9,193.3,267.0,20.33,1.844
186,396.9,193.1,267.0,20.33,1.844
186,396.9,192.8,267.0,20.33,1.844
186,396.9,192.5,267.0,20.33,1.844
186,396.9,192.2,267.0,20.33,1.844
186,396.9,191.9,267.0,19.96,1.844
186,396.9,191.7,267.0,19.96,1.720
186,396.9,191.4,267.0,19.96,1.720
186,396.9,191.1,267.0,19.96,1.720
186,396.9,190.8,267.0,19.96,1.720
186,396.9,190.6,267.0,19.96,1.720
186,396.9,193.2,267.0,20.33,1.720
186,396.9,193.0,267.0,20.33,1.844
186,396.9,192.7,267.0,20.33,1.844
186,396.9,192.4,267.0,20.33,1.844
192,385.0,224.4,267.0,20.21,0.995
192,387.9,219.2,267.0,20.21,1.250
192,390.8,214.1,267.0,20.33,1.250
192,393.7,211.0,267.0,20.33,1.595
192,396.6,207.8,267.0,20.21,1.595
192,396.6,204.7,267.0,20.21,1.690
192,396.6,204.4,267.0,20.21,1.690
192,396.6,204.2,267.0,20.21,1.690
192,396.6,203.9,267.0,20.33,1.690
192,396.6,203.6,267.0,20.33,1.844
192,396.6,203.3,267.0,20.33,1.844
192,396.6,203.1,267.0,20.33,1.844
192,396.6,202.8,267.0,20.33,1.844
192,396.6,202.5,267.0,20.33,1.844
192,396.6,202.2,267.0,20.33,1.844
192,396.6,202.0,267.0,20.33,1.844
192,396.6,201.7,267.0,20.33,1.844
192,396.6,201.4,267.0,20.33,1.844
192,396.6,201.1,267.0,20.33,1.844
192,396.6,200.9,267.0,20.33,1.844
192,396.6,200.6,267.0,20.33,1.844
192,396.6,200.3,267.0,20.33,1.844
192,396.6,200.0,267.0,20.33,1.844
192,396.6,199.8,267.0,20.33,1.844
192,396.6,199.5,267.0,20.33,1.844
192,396.6,199.2,267.0,20.33,1.844
192,396.6,198.9,267.0,20.33,1.844
192,396.6,198.7,267.0,20.33,1.844
192,396.6,198.4,267.0,20.33,1.844
192,396.6,198.1,267.0,20.33,1.844
192,396.6,197.8,267.0,20.33,1.844
192,396.6,197.6,267.0,20.33,1.844
192,396.6,197.3,267.0,20.33,1.844
192,396.6,197.0,267.0,20.33,1.844
192,396.6,196.7,267.0,20.33,1.844
192,396.6,196.5,267.0,20.33,1.844
192,396.6,196.2,267.0,20.33,1.844
192,396.6,195.9,267.0,20.33,1.844
192,396.6,195.6,267.0,20.33,1.844
192,396.6,195.4,267.0,20.33,1.844
192,396.6,195.1,267.0,20.33,1.844
192,396.6,194.8,267.0,20.33,1.844
192,396.6,194.5,267.0,20.33,1.844
192,396.6,194.3,267.0,20.33,1.844
192,396.6,194.0,267.0,20.33,1.844
192,396.6,193.7,267.0,20.33,1.844
192,396.6,193.4,267.0,20.33,1.844
192,396.6,193.2,267.0,20.33,1.844
192,396.6,192.9,267.0,20.33,1.844
192,396.6,192.6,267.0,20.33,1.844
192,396.6,192.3,267.0,20.33,1.844
192,396.6,192.1,267.0,20.33,1.844
192,396.6,194.7,267.0,20.33,1.844
192,396.6,194.4,267.0,20.33,1.844
192,396.6,194.2,267.0,20.33,1.844
192,396.6,193.9,267.0,20.33,1.844
192,396.6,193.6,267.0,20.33,1.844
192,396.6,193.3,267.0,20.33,1.844
192,396.6,193.1,267.0,20.33,1.844
192,396.6,192.8,267.0,20.33,1.844
192,396.6,192.5,267.0,20.33,1.844
192,396.6,192.2,267.0,20.33,1.844
192,396.6,192.0,267.0,19.96,1.844
192,396.6,191.7,267.0,19.96,1.720
192,396.6,191.4,267.0,19.96,1.720
192,396.6,191.2,267.0,19.96,1.720
192,396.6,190.9,267.0,19.96,1.720
192,396.6,190.6,267.0,19.96,1.720
192,396.6,193.3,267.0,20.33,1.720
192,396.6,193.0,267.0,20.33,1.844
192,396.6,192.7,267.0,20.33,1.844
192,396.6,192.4,267.0,20.33,1.844
192,396.6,192.2,267.0,20.33,1.844
192,396.6,191.9,267.0,19.96,1.844
192,396.6,191.6,267.0,19.96,1.720
192,396.6,191.3,267.0,19.96,1.720
192,396.6,191.1,267.0,19.96,1.720
192,396.6,190.8,267.0,19.96,1.720
192,396.6,190.5,267.0,19.96,1.720
192,396.6,193.2,267.0,20.33,1.720
192,396.6,192.9,267.0,20.33,1.844
192,396.6,192.6,267.0,20.33,1.844
192,396.6,192.4,267.0,20.33,1.844
192,396.6,192.1,267.0,20.33,1.844
192,396.6,194.8,267.0,20.33,1.844
192,396.6,194.5,267.0,20.33,1.844
192,396.6,194.2,267.0,20.33,1.844
192,396.6,193.9,267.0,20.33,1.844
192,396.6,193.7,267.0,20.33,1.844
192,396.6,193.4,267.0,20.33,1.844
192,396.6,193.1,267.0,20.33,1.844
192,396.6,192.8,267.0,20.33,1.844
192,396.6,192.6,267.0,20.33,1.844
192,396.6,192.3,267.0,20.33,1.844
192,396.6,192.0,267.0,20.33,1.844
192,396.6,194.7,267.0,20.33,1.844
192,396.6,194.4,267.0,20.33,1.844
192,396.6,194.1,267.0,20.33,1.844
192,396.6,193.8,267.0,20.33,1.844
192,396.6,193.6,267.0,20.33,1.844
192,396.6,193.3,267.0,20.33,1.844
192,396.6,193.0,267.0,20.33,1.844
192,396.6,192.8,267.0,20.33,1.844
192,396.6,192.5,267.0,20.33,1.844
192,396.6,192.2,267.0,20.33,1.844
192,396.6,191.9,267.0,19.96,1.844
192,396.6,191.7,267.0,19.96,1.720
192,396.6,191.4,267.0,19.96,1.720
192,396.6,191.1,267.0,19.96,1.720
192,396.6,190.8,267.0,19.96,1.720
192,396.6,190.6,267.0,19.96,1.720
192,396.6,193.2,267.0,20.33,1.720
192,396.6,192.9,267.0,20.33,1.844
192,396.6,192.7,267.0,20.33,1.844
192,396.6,192.4,267.0,20.33,1.844
192,396.6,192.1,267.0,20.33,1.844
192,396.6,194.8,267.0,20.33,1.844
192,396.6,194.5,267.0,20.33,1.844
192,396.6,194.2,267.0,20.33,1.844
192,396.6,194.0,267.0,20.33,1.844
192,396.6,193.7,267.0,20.33,1.844
192,396.6,193.4,267.0,20.33,1.844
192,396.6,193.1,267.0,20.33,1.844
192,396.6,192.9,267.0,20.33,1.844
192,396.6,192.6,267.0,20.33,1.844
192,396.6,192.3,267.0,20.33,1.844
192,396.6,192.0,267.0,20.33,1.844
192,396.6,194.7,267.0,20.33,1.844
192,396.6,194.4,267.0,20.33,1.844
192,396.6,194.2,267.0,20.33,1.844
192,396.6,193.9,267.0,20.33,1.844
192,396.6,193.6,267.0,20.33,1.844
192,396.6,193.3,267.0,20.33,1.844
192,396.6,193.1,267.0,20.33,1.844
192,396.6,192.8,267.0,20.33,1.844
192,396.6,192.5,267.0,20.33,1.844
192,396.6,192.2,267.0,20.33,1.844
192,396.6,192.0,267.0,19.96,1.844
192,396.6,191.7,267.0,19.96,1.720
192,396.6,191.4,267.0,19.96,1.720
192,396.6,191.1,267.0,19.96,1.720
192,396.6,190.9,267.0,19.96,1.720
192,396.6,190.6,267.0,19.96,1.720
192,396.6,193.3,267.0,20.33,1.720
192,396.6,193.0,267.0,20.33,1.844
192,396.6,192.7,267.0,20.33,1.844
192,396.6,192.4,267.0,20.33,1.844
192,396.6,192.2,267.0,20.33,1.844
192,396.6,191.9,267.0,19.96,1.844
192,396.6,191.6,267.0,19.96,1.720
192,396.6,191.3,267.0,19.96,1.720
192,396.6,191.1,267.0,19.96,1.720
192,396.6,190.8,267.0,19.96,1.720
192,396.6,190.5,267.0,19.96,1.720
192,396.6,193.2,267.0,20.33,1.720
192,396.6,192.9,267.0,20.33,1.844
192,396.6,192.6,267.0,20.33,1.844
192,396.6,192.3,267.0,20.33,1.844
192,396.6,192.1,267.0,20.33,1.844
192,396.6,194.7,267.0,20.33,1.844
198,424.8,171.4,265.0,22.15,0.784
198,419.0,176.9,264.5,19.53,1.001
198,416.1,179.6,267.0,19.53,0.871
198,413.2,182.2,267.0,20.26,0.871
198,410.3,184.8,267.0,20.26,1.615
198,407.4,187.4,267.0,19.96,1.615
198,407.4,190.1,267.0,19.96,1.720
198,407.4,192.8,267.0,20.33,1.720
198,407.4,192.5,267.0,20.33,1.844
198,407.4,192.2,267.0,20.33,1.844
198,407.4,192.0,267.0,19.96,1.844
198,407.4,191.7,267.0,19.96,1.720
198,407.4,191.4,267.0,19.96,1.720
198,407.4,191.1,267.0,19.96,1.720
198,407.4,190.9,267.0,19.96,1.720
198,407.4,190.6,267.0,19.96,1.720
198,407.4,193.2,267.0,20.33,1.720
198,407.4,193.0,267.0,20.33,1.844
198,407.4,192.7,267.0,20.33,1.844
198,407.4,192.4,267.0,20.33,1.844
198,407.4,192.2,267.0,20.33,1.844
198,407.4,191.9,267.0,19.96,1.844
198,407.4,191.6,267.0,19.96,1.720
198,407.4,191.3,267.0,19.96,1.720
198,407.4,191.1,267.0,19.96,1.720
198,407.4,190.8,267.0,19.96,1.720
198,407.4,190.5,267.0,19.96,1.720
198,407.4,193.2,267.0,20.33,1.720
198,407.4,192.9,267.0,20.33,1.844
198,407.4,192.6,267.0,20.33,1.844
198,407.4,192.3,267.0,20.33,1.844
198,407.4,192.1,267.0,20.33,1.844
198,407.4,194.7,267.0,20.33,1.844
198,407.4,194.5,267.0,20.33,1.844
198,407.4,194.2,267.0,20.33,1.844
198,407.4,193.9,267.0,20.33,1.844
198,407.4,193.6,267.0,20.33,1.844
198,407.4,193.4,267.0,20.33,1.844
198,407.4,193.1,267.0,20.33,1.844
198,407.4,192.8,267.0,20.33,1.844
198,407.4,192.5,267.0,20.33,1.844
198,407.4,192.3,267.0,20.33,1.844
198,407.4,192.0,267.0,19.96,1.844
198,407.4,191.7,267.0,19.96,1.720
198,407.4,191.4,267.0,19.96,1.720
198,407.4,191.2,267.0,19.96,1.720
198,407.4,190.9,267.0,19.96,1.720
198,407.4,190.6,267.0,19.96,1.720
198,407.4,193.3,267.0,20.33,1.720
198,407.4,193.0,267.0,20.33,1.844
198,407.4,192.7,267.0,20.33,1.844
198,407.4,192.5,267.0,20.33,1.844
198,407.4,192.2,267.0,20.33,1.844
198,407.4,191.9,267.0,19.96,1.844
198,407.4,191.6,267.0,19.96,1.720
198,407.4,191.4,267.0,19.96,1.720
198,407.4,191.1,267.0,19.96,1.720
198,407.4,190.8,267.0,19.96,1.720
198,407.4,190.5,267.0,19.96,1.720
198,407.4,193.2,267.0,20.33,1.720
198,407.4,192.9,267.0,20.33,1.844
198,407.4,192.7,267.0,20.33,1.844
198,407.4,192.4,267.0,20.33,1.844
198,407.4,192.1,267.0,20.33,1.844
198,407.4,194.8,267.0,20.33,1.844
198,407.4,194.5,267.0,20.33,1.844
198,407.4,194.2,267.0,20.33,1.844
198,407.4,193.9,267.0,20.33,1.844
198,407.4,193.7,267.0,20.33,1.844
198,407.4,193.4,267.0,20.33,1.844
198,407.4,193.1,267.0,20.33,1.844
198,407.4,192.9,267.0,20.33,1.844
198,407.4,192.6,267.0,20.33,1.844
198,407.4,192.3,267.0,20.33,1.844
198,407.4,192.0,267.0,20.33,1.844
198,407.4,194.7,267.0,20.33,1.844
198,407.4,194.4,267.0,20.33,1.844
198,407.4,194.1,267.0,20.33,1.844
198,407.4,193.9,267.0,20.33,1.844
198,407.4,193.6,267.0,20.33,1.844
198,407.4,193.3,267.0,20.33,1.844
198,407.4,193.0,267.0,20.33,1.844
198,407.4,192.8,267.0,20.33,1.844
198,407.4,192.5,267.0,20.33,1.844
198,407.4,192.2,267.0,20.33,1.844
198,407.4,191.9,267.0,19.96,1.844
198,407.4,191.7,267.0,19.96,1.720
198,407.4,191.4,267.0,19.96,1.720
198,407.4,191.1,267.0,19.96,1.720
198,407.4,190.8,267.0,19.96,1.720
198,407.4,190.6,267.0,19.96,1.720
198,407.4,193.2,267.0,20.33,1.720
198,407.4,193.0,267.0,20.33,1.844
198,407.4,192.7,267.0,20.33,1.844
198,407.4,192.4,267.0,20.33,1.844
198,407.4,192.1,267.0,20.33,1.844
198,407.4,194.8,267.0,20.33,1.844
198,407.4,194.5,267.0,20.33,1.844
198,407.4,194.3,267.0,20.33,1.844
198,407.4,194.0,267.0,20.33,1.844
198,407.4,193.7,267.0,20.33,1.844
198,407.4,193.4,267.0,20.33,1.844
198,407.4,193.2,267.0,20.33,1.844
198,407.4,192.9,267.0,20.33,1.844
198,407.4,192.6,267.0,20.33,1.844
198,407.4,192.3,267.0,20.33,1.844
198,407.4,192.1,267.0,20.33,1.844
198,407.4,194.7,267.0,20.33,1.844
198,407.4,194.4,267.0,20.33,1.844
198,407.4,194.2,267.0,20.33,1.844
198,407.4,193.9,267.0,20.33,1.844
198,407.4,193.6,267.0,20.33,1.844
198,407.4,193.3,267.0,20.33,1.844
198,407.4,193.1,267.0,20.33,1.844
198,407.4,192.8,267.0,20.33,1.844
198,407.4,192.5,267.0,20.33,1.844
198,407.4,192.2,267.0,20.33,1.844
198,407.4,192.0,267.0,19.96,1.844
198,407.4,191.7,267.0,19.96,1.720
198,407.4,191.4,267.0,19.96,1.720
198,407.4,191.2,267.0,19.96,1.720
198,407.4,190.9,267.0,19.96,1.720
198,407.4,190.6,267.0,19.96,1.720
198,407.4,193.3,267.0,20.33,1.720
198,407.4,193.0,267.0,20.33,1.844
198,407.4,192.7,267.0,20.33,1.844
198,407.4,192.4,267.0,20.33,1.844
198,407.4,192.2,267.0,20.33,1.844
198,407.4,191.9,267.0,19.96,1.844
198,407.4,191.6,267.0,19.96,1.720
198,407.4,191.3,267.0,19.96,1.720
198,407.4,191.1,267.0,19.96,1.720
198,407.4,190.8,267.0,19.96,1.720
198,407.4,190.5,267.0,19.96,1.720
198,407.4,193.2,267.0,20.33,1.720
198,407.4,192.9,267.0,20.33,1.844
198,407.4,192.6,267.0,20.33,1.844
198,407.4,192.4,267.0,20.33,1.844
198,407.4,192.1,267.0,20.33,1.844
198,407.4,194.8,267.0,20.33,1.844
198,407.4,194.5,267.0,20.33,1.844
198,407.4,194.2,267.0,20.33,1.844
198,407.4,193.9,267.0,20.33,1.844
198,407.4,193.7,267.0,20.33,1.844
198,407.4,193.4,267.0,20.33,1.844
198,407.4,193.1,267.0,20.33,1.844
198,407.4,192.8,267.0,20.33,1.844
198,407.4,192.6,267.0,20.33,1.844
198,407.4,192.3,267.0,20.33,1.844
198,407.4,192.0,267.0,20.33,1.844
198,407.4,194.7,267.0,20.33,1.844
198,407.4,194.4,267.0,20.33,1.844
198,407.4,194.1,267.0,20.33,1.844
198,407.4,193.8,267.0,20.33,1.844
198,407.4,193.6,267.0,20.33,1.844
198,407.4,193.3,267.0,20.33,1.844
198,407.4,193.0,267.0,20.33,1.844
198,407.4,192.8,267.0,20.33,1.844
198,407.4,192.5,267.0,20.33,1.844
198,407.4,192.2,267.0,20.33,1.844
204,406.9,224.9,264.5,19.70,0.891
204,406.9,219.8,267.0,19.70,1.250
204,406.9,214.6,267.0,20.21,1.250
204,406.9,211.5,267.0,20.21,1.690
204,406.9,208.3,267.0,20.21,1.690
204,406.9,205.2,267.0,20.21,1.690
204,406.9,204.9,267.0,20.21,1.690
204,406.9,204.7,267.0,20.21,1.690
204,406.9,204.4,267.0,20.21,1.690
204,406.9,204.1,267.0,20.21,1.690
204,406.9,203.8,267.0,20.33,1.690
204,406.9,203.6,267.0,20.33,1.844
204,406.9,203.3,267.0,20.33,1.844
204,406.9,203.0,267.0,20.33,1.844
204,406.9,202.7,267.0,20.33,1.844
204,406.9,202.5,267.0,20.33,1.844
204,406.9,202.2,267.0,20.33,1.844
204,406.9,201.9,267.0,20.33,1.844
204,406.9,201.6,267.0,20.33,1.844
204,406.9,201.4,267.0,20.33,1.844
204,406.9,201.1,267.0,20.33,1.844
204,406.9,200.8,267.0,20.33,1.844
204,406.9,200.5,267.0,20.33,1.844
204,406.9,200.3,267.0,20.33,1.844
204,406.9,200.0,267.0,20.33,1.844
204,406.9,199.7,267.0,20.33,1.844
204,406.9,199.4,267.0,20.33,1.844
204,406.9,199.2,267.0,20.33,1.844
204,406.9,198.9,267.0,20.33,1.844
204,406.9,198.6,267.0,20.33,1.844
204,406.9,198.3,267.0,20.33,1.844
204,406.9,198.1,267.0,20.33,1.844
204,406.9,197.8,267.0,20.33,1.844
204,406.9,197.5,267.0,20.33,1.844
204,406.9,197.2,267.0,20.33,1.844
204,406.9,197.0,267.0,20.33,1.844
204,406.9,196.7,267.0,20.33,1.844
204,406.9,196.4,267.0,20.33,1.844
204,406.9,196.1,267.0,20.33,1.844
204,406.9,195.9,267.0,20.33,1.844
204,406.9,195.6,267.0,20.33,1.844
204,406.9,195.3,267.0,20.33,1.844
204,406.9,195.0,267.0,20.33,1.844
204,406.9,194.8,267.0,20.33,1.844
204,406.9,194.5,267.0,20.33,1.844
204,406.9,194.2,267.0,20.33,1.844
204,406.9,193.9,267.0,20.33,1.844
204,406.9,193.7,267.0,20.33,1.844
204,406.9,193.4,267.0,20.33,1.844
204,406.9,193.1,267.0,20.33,1.844
204,406.9,192.8,267.0,20.33,1.844
204,406.9,192.6,267.0,20.33,1.844
204,406.9,192.3,267.0,20.33,1.844
204,406.9,192.0,267.0,20.33,1.844
204,406.9,194.7,267.0,20.33,1.844
204,406.9,194.4,267.0,20.33,1.844
204,406.9,194.1,267.0,20.33,1.844
204,406.9,193.8,267.0,20.33,1.844
204,406.9,193.6,267.0,20.33,1.844
204,406.9,193.3,267.0,20.33,1.844
204,406.9,193.0,267.0,20.33,1.844
204,406.9,192.8,267.0,20.33,1.844
204,406.9,192.5,267.0,20.33,1.844
204,406.9,192.2,267.0,20.33,1.844
204,406.9,191.9,267.0,19.96,1.844
204,406.9,191.7,267.0,19.96,1.720
204,406.9,191.4,267.0,19.96,1.720
204,406.9,191.1,267.0,19.96,1.720
204,406.9,190.8,267.0,19.96,1.720
204,406.9,190.6,267.0,19.96,1.720
204,406.9,193.2,267.0,20.33,1.720
204,406.9,192.9,267.0,20.33,1.844
204,406.9,192.7,267.0,20.33,1.844
204,406.9,192.4,267.0,20.33,1.844
204,406.9,192.1,267.0,20.33,1.844
204,406.9,194.8,267.0,20.33,1.844
204,406.9,194.5,267.0,20.33,1.844
204,406.9,194.2,267.0,20.33,1.844
204,406.9,194.0,267.0,20.33,1.844
204,406.9,193.7,267.0,20.33,1.844
204,406.9,193.4,267.0,20.33,1.844
204,406.9,193.1,267.0,20.33,1.844
204,406.9,192.9,267.0,20.33,1.844
204,406.9,192.6,267.0,20.33,1.844
204,406.9,192.3,267.0,20.33,1.844
204,406.9,192.0,267.0,20.33,1.844
204,406.9,194.7,267.0,20.33,1.844
204,406.9,194.4,267.0,20.33,1.844
204,406.9,194.2,267.0,20.33,1.844
204,406.9,193.9,267.0,20.33,1.844
204,406.9,193.6,267.0,20.33,1.844
204,406.9,193.3,267.0,20.33,1.844
204,406.9,193.1,267.0,20.33,1.844
204,406.9,192.8,267.0,20.33,1.844
204,406.9,192.5,267.0,20.33,1.844
204,406.9,192.2,267.0,20.33,1.844
204,406.9,192.0,267.0,19.96,1.844
204,406.9,191.7,267.0,19.96,1.720
204,406.9,191.4,267.0,19.96,1.720
204,406.9,191.1,267.0,19.96,1.720
204,406.9,190.9,267.0,19.96,1.720
204,406.9,190.6,267.0,19.96,1.720
204,406.9,193.2,267.0,20.33,1.720
204,406.9,193.0,267.0,20.33,1.844
204,406.9,192.7,267.0,20.33,1.844
204,406.9,192.4,267.0,20.33,1.844
204,406.9,192.2,267.0,20.33,1.844
204,406.9,191.9,267.0,19.96,1.844
204,406.9,191.6,267.0,19.96,1.720
204,406.9,191.3,267.0,19.96,1.720
204,406.9,191.1,267.0,19.96,1.720
204,406.9,190.8,267.0,19.96,1.720
204,406.9,190.5,267.0,19.96,1.720
204,406.9,193.2,267.0,20.33,1.720
204,406.9,192.9,267.0,20.33,1.844
204,406.9,192.6,267.0,20.33,1.844
204,406.9,192.3,267.0,20.33,1.844
204,406.9,192.1,267.0,20.33,1.844
204,406.9,194.7,267.0,20.33,1.844
204,406.9,194.5,267.0,20.33,1.844
204,406.9,194.2,267.0,20.33,1.844
204,406.9,193.9,267.0,20.33,1.844
204,406.9,193.6,267.0,20.33,1.844
204,406.9,193.4,267.0,20.33,1.844
204,406.9,193.1,267.0,20.33,1.844
204,406.9,192.8,267.0,20.33,1.844
204,406.9,192.5,267.0,20.33,1.844
204,406.9,192.3,267.0,20.33,1.844
204,406.9,192.0,267.0,19.96,1.844
204,406.9,191.7,267.0,19.96,1.720
204,406.9,191.4,267.0,19.96,1.720
204,406.9,191.2,267.0,19.96,1.720
204,406.9,190.9,267.0,19.96,1.720
204,406.9,190.6,267.0,19.96,1.720
204,406.9,193.3,267.0,20.33,1.720
204,406.9,193.0,267.0,20.33,1.844
204,406.9,192.7,267.0,20.33,1.844
204,406.9,192.5,267.0,20.33,1.844
204,406.9,192.2,267.0,20.33,1.844
204,406.9,191.9,267.0,19.96,1.844
204,406.9,191.6,267.0,19.96,1.720
204,406.9,191.4,267.0,19.96,1.720
204,406.9,191.1,267.0,19.96,1.720
204,406.9,190.8,267.0,19.96,1.720
204,406.9,190.5,267.0,19.96,1.720
204,406.9,193.2,267.0,20.33,1.720
204,406.9,192.9,267.0,20.33,1.844
204,406.9,192.7,267.0,20.33,1.844
204,406.9,192.4,267.0,20.33,1.844
204,406.9,192.1,267.0,20.33,1.844
204,406.9,194.8,267.0,20.33,1.844
204,406.9,194.5,267.0,20.33,1.844
204,406.9,194.2,267.0,20.33,1.844
204,406.9,193.9,267.0,20.33,1.844
204,406.9,193.7,267.0,20.33,1.844
204,406.9,193.4,267.0,20.33,1.844
204,406.9,193.1,267.0,20.33,1.844
204,406.9,192.9,267.0,20.33,1.844
204,406.9,192.6,267.0,20.33,1.844
204,406.9,192.3,267.0,20.33,1.844
210,371.6,200.4,264.4,18.56,0.833
210,376.6,200.1,267.0,19.71,0.833
210,381.7,199.8,267.0,19.71,1.261
210,384.6,199.5,267.0,20.20,1.261
210,387.5,199.2,267.0,20.20,1.703
210,390.4,198.9,267.0,20.20,1.703
210,393.4,198.6,267.0,20.20,1.703
210,396.3,198.3,267.0,20.33,1.703
210,396.3,198.0,267.0,20.33,1.844
210,396.3,197.7,267.0,20.33,1.844
210,396.3,197.5,267.0,20.33,1.844
210,396.3,197.2,267.0,20.33,1.844
210,396.3,196.9,267.0,20.33,1.844
210,396.3,196.6,267.0,20.33,1.844
210,396.3,196.4,267.0,20.33,1.844
210,396.3,196.1,267.0,20.33,1.844
210,396.3,195.8,267.0,20.33,1.844
210,396.3,195.5,267.0,20.33,1.844
210,396.3,195.3,267.0,20.33,1.844
210,396.3,195.0,267.0,20.33,1.844
210,396.3,194.7,267.0,20.33,1.844
210,396.3,194.4,267.0,20.33,1.844
210,396.3,194.2,267.0,20.33,1.844
210,396.3,193.9,267.0,20.33,1.844
210,396.3,193.6,267.0,20.33,1.844
210,396.3,193.3,267.0,20.33,1.844
210,396.3,193.1,267.0,20.33,1.844
210,396.3,192.8,267.0,20.33,1.844
210,396.3,192.5,267.0,20.33,1.844
210,396.3,192.2,267.0,20.33,1.844
210,396.3,191.9,267.0,19.96,1.844
210,396.3,191.7,267.0,19.96,1.720
210,396.3,191.4,267.0,19.96,1.720
210,396.3,191.1,267.0,19.96,1.720
210,396.3,190.9,267.0,19.96,1.720
210,396.3,190.6,267.0,19.96,1.720
210,396.3,193.2,267.0,20.33,1.720
210,396.3,193.0,267.0,20.33,1.844
210,396.3,192.7,267.0,20.33,1.844
210,396.3,192.4,267.0,20.33,1.844
210,396.3,192.2,267.0,20.33,1.844
210,396.3,191.9,267.0,19.96,1.844
210,396.3,191.6,267.0,19.96,1.720
210,396.3,191.3,267.0,19.96,1.720
210,396.3,191.1,267.0,19.96,1.720
210,396.3,190.8,267.0,19.96,1.720
210,396.3,190.5,267.0,19.96,1.720
210,396.3,193.2,267.0,20.33,1.720
210,396.3,192.9,267.0,20.33,1.844
210,396.3,192.6,267.0,20.33,1.844
210,396.3,192.3,267.0,20.33,1.844
210,396.3,192.1,267.0,20.33,1.844
210,396.3,194.7,267.0,20.33,1.844
210,396.3,194.5,267.0,20.33,1.844
210,396.3,194.2,267.0,20.33,1.844
210,396.3,193.9,267.0,20.33,1.844
210,396.3,193.6,267.0,20.33,1.844
210,396.3,193.4,267.0,20.33,1.844
210,396.3,193.1,267.0,20.33,1.844
210,396.3,192.8,267.0,20.33,1.844
210,396.3,192.5,267.0,20.33,1.844
210,396.3,192.3,267.0,20.33,1.844
210,396.3,192.0,267.0,19.96,1.844
210,396.3,191.7,267.0,19.96,1.720
210,396.3,191.4,267.0,19.96,1.720
210,396.3,191.2,267.0,19.96,1.720
210,396.3,190.9,267.0,19.96,1.720
210,396.3,190.6,267.0,19.96,1.720
210,396.3,193.3,267.0,20.33,1.720
210,396.3,193.0,267.0,20.33,1.844
210,396.3,192.7,267.0,20.33,1.844
210,396.3,192.5,267.0,20.33,1.844
210,396.3,192.2,267.0,20.33,1.844
210,396.3,191.9,267.0,19.96,1.844
210,396.3,191.6,267.0,19.96,1.720
210,396.3,191.3,267.0,19.96,1.720
210,396.3,191.1,267.0,19.96,1.720
210,396.3,190.8,267.0,19.96,1.720
210,396.3,190.5,267.0,19.96,1.720
210,396.3,193.2,267.0,20.33,1.720
210,396.3,192.9,267.0,20.33,1.844
210,396.3,192.7,267.0,20.33,1.844
210,396.3,192.4,267.0,20.33,1.844
210,396.3,192.1,267.0,20.33,1.844
210,396.3,194.8,267.0,20.33,1.844
210,396.3,194.5,267.0,20.33,1.844
210,396.3,194.2,267.0,20.33,1.844
210,396.3,193.9,267.0,20.33,1.844
210,396.3,193.7,267.0,20.33,1.844
210,396.3,193.4,267.0,20.33,1.844
210,396.3,193.1,267.0,20.33,1.844
210,396.3,192.8,267.0,20.33,1.844
210,396.3,192.6,267.0,20.33,1.844
210,396.3,192.3,267.0,20.33,1.844
210,396.3,192.0,267.0,20.33,1.844
210,396.3,194.7,267.0,20.33,1.844
210,396.3,194.4,267.0,20.33,1.844
210,396.3,194.1,267.0,20.33,1.844
210,396.3,193.9,267.0,20.33,1.844
210,396.3,193.6,267.0,20.33,1.844
210,396.3,193.3,267.0,20.33,1.844
210,396.3,193.0,267.0,20.33,1.844
210,396.3,192.8,267.0,20.33,1.844
210,396.3,192.5,267.0,20.33,1.844
210,396.3,192.2,267.0,20.33,1.844
210,396.3,191.9,267.0,19.96,1.844
210,396.3,191.7,267.0,19.96,1.720
210,396.3,191.4,267.0,19.96,1.720
210,396.3,191.1,267.0,19.96,1.720
210,396.3,190.8,267.0,19.96,1.720
210,396.3,190.6,267.0,19.96,1.720
210,396.3,193.2,267.0,20.33,1.720
210,396.3,193.0,267.0,20.33,1.844
210,396.3,192.7,267.0,20.33,1.844
210,396.3,192.4,267.0,20.33,1.844
210,396.3,192.1,267.0,20.33,1.844
210,396.3,194.8,267.0,20.33,1.844
210,396.3,194.5,267.0,20.33,1.844
210,396.3,194.2,267.0,20.33,1.844
210,396.3,194.0,267.0,20.33,1.844
210,396.3,193.7,267.0,20.33,1.844
210,396.3,193.4,267.0,20.33,1.844
210,396.3,193.2,267.0,20.33,1.844
210,396.3,192.9,267.0,20.33,1.844
210,396.3,192.6,267.0,20.33,1.844
210,396.3,192.3,267.0,20.33,1.844
210,396.3,192.1,267.0,20.33,1.844
210,396.3,194.7,267.0,20.33,1.844
210,396.3,194.4,267.0,20.33,1.844
210,396.3,194.2,267.0,20.33,1.844
210,396.3,193.9,267.0,20.33,1.844
210,396.3,193.6,267.0,20.33,1.844
210,396.3,193.3,267.0,20.33,1.844
210,396.3,193.1,267.0,20.33,1.844
210,396.3,192.8,267.0,20.33,1.844
210,396.3,192.5,267.0,20.33,1.844
210,396.3,192.2,267.0,20.33,1.844
210,396.3,192.0,267.0,19.96,1.844
210,396.3,191.7,267.0,19.96,1.720
210,396.3,191.4,267.0,19.96,1.720
210,396.3,191.2,267.0,19.96,1.720
210,396.3,190.9,267.0,19.96,1.720
210,396.3,190.6,267.0,19.96,1.720
210,396.3,193.3,267.0,20.33,1.720
210,396.3,193.0,267.0,20.33,1.844
210,396.3,192.7,267.0,20.33,1.844
210,396.3,192.4,267.0,20.33,1.844
210,396.3,192.2,267.0,20.33,1.844
210,396.3,191.9,267.0,19.96,1.844
210,396.3,191.6,267.0,19.96,1.720
210,396.3,191.3,267.0,19.96,1.720
210,396.3,191.1,267.0,19.96,1.720
210,396.3,190.8,267.0,19.96,1.720
210,396.3,190.5,267.0,19.96,1.720
210,396.3,193.2,267.0,20.33,1.720
210,396.3,192.9,267.0,20.33,1.844
210,396.3,192.6,267.0,20.33,1.844
210,396.3,192.4,267.0,20.33,1.844
210,396.3,192.1,267.0,20.33,1.844
210,396.3,194.8,267.0,20.33,1.844
216,428.1,225.8,265.0,21.08,0.795
216,421.7,221.2,264.9,21.08,0.997
216,418.8,216.0,267.0,20.21,0.997
216,415.9,212.9,267.0,20.33,1.250
216,413.0,209.8,267.0,20.33,1.595
216,410.0,206.7,267.0,20.33,1.595
216,407.1,203.5,267.0,20.33,1.595
216,407.1,203.3,267.0,20.33,1.844
216,407.1,203.0,267.0,20.33,1.844
216,407.1,202.7,267.0,20.33,1.844
216,407.1,202.5,267.0,20.33,1.844
216,407.1,202.2,267.0,20.33,1.844
216,407.1,201.9,267.0,20.33,1.844
216,407.1,201.6,267.0,20.33,1.844
216,407.1,201.3,267.0,20.33,1.844
216,407.1,201.1,267.0,20.33,1.844
216,407.1,200.8,267.0,20.33,1.844
216,407.1,200.5,267.0,20.33,1.844
216,407.1,200.2,267.0,20.33,1.844
216,407.1,200.0,267.0,20.33,1.844
216,407.1,199.7,267.0,20.33,1.844
216,407.1,199.4,267.0,20.33,1.844
216,407.1,199.2,267.0,20.33,1.844
216,407.1,198.9,267.0,20.33,1.844
216,407.1,198.6,267.0,20.33,1.844
216,407.1,198.3,267.0,20.33,1.844
216,407.1,198.0,267.0,20.33,1.844
216,407.1,197.8,267.0,20.33,1.844
216,407.1,197.5,267.0,20.33,1.844
216,407.1,197.2,267.0,20.33,1.844
216,407.1,196.9,267.0,20.33,1.844
216,407.1,196.7,267.0,20.33,1.844
216,407.1,196.4,267.0,20.33,1.844
216,407.1,196.1,267.0,20.33,1.844
216,407.1,195.8,267.0,20.33,1.844
216,407.1,195.6,267.0,20.33,1.844
216,407.1,195.3,267.0,20.33,1.844
216,407.1,195.0,267.0,20.33,1.844
216,407.1,194.7,267.0,20.33,1.844
216,407.1,194.5,267.0,20.33,1.844
216,407.1,194.2,267.0,20.33,1.844
216,407.1,193.9,267.0,20.33,1.844
216,407.1,193.6,267.0,20.33,1.844
216,407.1,193.4,267.0,20.33,1.844
216,407.1,193.1,267.0,20.33,1.844
216,407.1,192.8,267.0,20.33,1.844
216,407.1,192.5,267.0,20.33,1.844
216,407.1,192.3,267.0,20.33,1.844
216,407.1,192.0,267.0,19.96,1.844
216,407.1,191.7,267.0,19.96,1.720
216,407.1,191.4,267.0,19.96,1.720
216,407.1,191.2,267.0,19.96,1.720
216,407.1,190.9,267.0,19.96,1.720
216,407.1,190.6,267.0,19.96,1.720
216,407.1,193.3,267.0,20.33,1.720
216,407.1,193.0,267.0,20.33,1.844
216,407.1,192.7,267.0,20.33,1.844
216,407.1,192.5,267.0,20.33,1.844
216,407.1,192.2,267.0,20.33,1.844
216,407.1,191.9,267.0,19.96,1.844
216,407.1,191.6,267.0,19.96,1.720
216,407.1,191.4,267.0,19.96,1.720
216,407.1,191.1,267.0,19.96,1.720
216,407.1,190.8,267.0,19.96,1.720
216,407.1,190.5,267.0,19.96,1.720
216,407.1,193.2,267.0,20.33,1.720
216,407.1,192.9,267.0,20.33,1.844
216,407.1,192.7,267.0,20.33,1.844
216,407.1,192.4,267.0,20.33,1.844
216,407.1,192.1,267.0,20.33,1.844
216,407.1,194.8,267.0,20.33,1.844
216,407.1,194.5,267.0,20.33,1.844
216,407.1,194.2,267.0,20.33,1.844
216,407.1,193.9,267.0,20.33,1.844
216,407.1,193.7,267.0,20.33,1.844
216,407.1,193.4,267.0,20.33,1.844
216,407.1,193.1,267.0,20.33,1.844
216,407.1,192.9,267.0,20.33,1.844
216,407.1,192.6,267.0,20.33,1.844
216,407.1,192.3,267.0,20.33,1.844
216,407.1,192.0,267.0,20.33,1.844
216,407.1,194.7,267.0,20.33,1.844
216,407.1,194.4,267.0,20.33,1.844
216,407.1,194.2,267.0,20.33,1.844
216,407.1,193.9,267.0,20.33,1.844
216,407.1,193.6,267.0,20.33,1.844
216,407.1,193.3,267.0,20.33,1.844
216,407.1,193.0,267.0,20.33,1.844
216,407.1,192.8,267.0,20.33,1.844
216,407.1,192.5,267.0,20.33,1.844
216,407.1,192.2,267.0,20.33,1.844
216,407.1,191.9,267.0,19.96,1.844
216,407.1,191.7,267.0,19.96,1.720
216,407.1,191.4,267.0,19.96,1.720
216,407.1,191.1,267.0,19.96,1.720
216,407.1,190.8,267.0,19.96,1.720
216,407.1,190.6,267.0,19.96,1.720
216,407.1,193.2,267.0,20.33,1.720
216,407.1,193.0,267.0,20.33,1.844
216,407.1,192.7,267.0,20.33,1.844
216,407.1,192.4,267.0,20.33,1.844
216,407.1,192.1,267.0,20.33,1.844
216,407.1,191.9,267.0,19.96,1.844
216,407.1,191.6,267.0,19.96,1.720
216,407.1,191.3,267.0,19.96,1.720
216,407.1,191.0,267.0,19.96,1.720
216,407.1,190.8,267.0,19.96,1.720
216,407.1,190.5,267.0,19.96,1.720
216,407.1,193.2,267.0,20.33,1.720
216,407.1,192.9,267.0,20.33,1.844
216,407.1,192.6,267.0,20.33,1.844
216,407.1,192.3,267.0,20.33,1.844
216,407.1,192.1,267.0,20.33,1.844
216,407.1,194.7,267.0,20.33,1.844
216,407.1,194.4,267.0,20.33,1.844
216,407.1,194.2,267.0,20.33,1.844
216,407.1,193.9,267.0,20.33,1.844
216,407.1,193.6,267.0,20.33,1.844
216,407.1,193.3,267.0,20.33,1.844
216,407.1,193.1,267.0,20.33,1.844
216,407.1,192.8,267.0,20.33,1.844
216,407.1,192.5,267.0,20.33,1.844
216,407.1,192.2,267.0,20.33,1.844
216,407.1,192.0,267.0,19.96,1.844
216,407.1,191.7,267.0,19.96,1.720
216,407.1,191.4,267.0,19.96,1.720
216,407.1,191.2,267.0,19.96,1.720
216,407.1,190.9,267.0,19.96,1.720
216,407.1,190.6,267.0,19.96,1.720
216,407.1,193.3,267.0,20.33,1.720
216,407.1,193.0,267.0,20.33,1.844
216,407.1,192.7,267.0,20.33,1.844
216,407.1,192.5,267.0,20.33,1.844
216,407.1,192.2,267.0,20.33,1.844
216,407.1,191.9,267.0,19.96,1.844
216,407.1,191.6,267.0,19.96,1.720
216,407.1,191.3,267.0,19.96,1.720
216,407.1,191.1,267.0,19.96,1.720
216,407.1,190.8,267.0,19.96,1.720
216,407.1,190.5,267.0,19.96,1.720
216,407.1,193.2,267.0,20.33,1.720
216,407.1,192.9,267.0,20.33,1.844
216,407.1,192.6,267.0,20.33,1.844
216,407.1,192.4,267.0,20.33,1.844
216,407.1,192.1,267.0,20.33,1.844
216,407.1,194.8,267.0,20.33,1.844
216,407.1,194.5,267.0,20.33,1.844
216,407.1,194.2,267.0,20.33,1.844
216,407.1,193.9,267.0,20.33,1.844
216,407.1,193.7,267.0,20.33,1.844
216,407.1,193.4,267.0,20.33,1.844
216,407.1,193.1,267.0,20.33,1.844
216,407.1,192.8,267.0,20.33,1.844
216,407.1,192.6,267.0,20.33,1.844
216,407.1,192.3,267.0,20.33,1.844
216,407.1,192.0,267.0,20.33,1.844
216,407.1,194.7,267.0,20.33,1.844
216,407.1,194.4,267.0,20.33,1.844
216,407.1,194.1,267.0,20.33,1.844
216,407.1,193.8,267.0,20.33,1.844
222,435.7,203.8,257.4,18.88,1.306
222,430.7,203.6,249.9,20.35,1.134
222,425.3,203.3,248.5,20.35,0.691
222,420.0,203.0,247.0,20.35,0.691
222,417.7,202.7,251.9,20.66,0.691
222,414.9,202.4,262.0,20.29,0.677
222,412.0,202.1,267.0,20.20,1.306
222,409.1,201.8,267.0,20.20,1.703
222,409.1,201.5,267.0,20.20,1.703
222,409.1,201.2,267.0,20.20,1.703
222,409.1,201.0,267.0,20.20,1.703
222,409.1,200.7,267.0,20.20,1.703
222,409.1,200.4,267.0,20.20,1.703
222,409.1,200.1,267.0,20.20,1.703
222,409.1,199.9,267.0,20.20,1.703
222,409.1,199.6,267.0,20.20,1.703
222,409.1,199.3,267.0,20.20,1.703
222,409.1,199.0,267.0,20.20,1.703
222,409.1,198.8,267.0,20.20,1.703
222,409.1,198.5,267.0,20.20,1.703
222,409.1,198.2,267.0,20.20,1.703
222,409.1,197.9,267.0,20.20,1.703
222,409.1,197.7,267.0,20.20,1.703
222,409.1,197.4,267.0,20.20,1.703
222,409.1,197.1,267.0,20.20,1.703
222,409.1,196.8,267.0,20.20,1.703
222,409.1,196.6,267.0,20.20,1.703
222,409.1,196.3,267.0,20.20,1.703
222,409.1,196.0,267.0,20.20,1.703
222,409.1,195.7,267.0,20.20,1.703
222,409.1,195.5,267.0,20.20,1.703
222,409.1,195.2,267.0,20.20,1.703
222,409.1,194.9,267.0,20.20,1.703
222,409.1,194.6,267.0,20.20,1.703
222,409.1,194.3,267.0,20.20,1.703
222,409.1,194.1,267.0,20.20,1.703
222,409.1,193.8,267.0,20.20,1.703
222,409.1,193.5,267.0,20.20,1.703
222,409.1,193.2,267.0,20.20,1.703
222,409.1,193.0,267.0,20.20,1.703
222,409.1,192.7,267.0,20.20,1.703
222,409.1,192.4,267.0,20.20,1.703
222,409.1,192.2,267.0,20.20,1.703
222,409.1,191.9,267.0,20.26,1.703
222,409.1,191.6,267.0,20.26,1.615
222,409.1,191.3,267.0,20.26,1.615
222,409.1,191.1,267.0,20.26,1.615
222,409.1,190.8,267.0,20.26,1.615
222,409.1,190.5,267.0,20.26,1.615
222,409.1,193.2,267.0,20.20,1.615
222,409.1,192.9,267.0,20.20,1.703
222,409.1,192.6,267.0,20.20,1.703
222,409.1,192.3,267.0,20.20,1.703
222,409.1,192.1,267.0,20.20,1.703
222,409.1,194.7,267.0,20.20,1.703
222,409.1,194.5,267.0,20.20,1.703
222,409.1,194.2,267.0,20.20,1.703
222,409.1,193.9,267.0,20.20,1.703
222,409.1,193.6,267.0,20.20,1.703
222,409.1,193.4,267.0,20.20,1.703
222,409.1,193.1,267.0,20.20,1.703
222,409.1,192.8,267.0,20.20,1.703
222,409.1,192.5,267.0,20.20,1.703
222,409.1,192.3,267.0,20.20,1.703
222,409.1,192.0,267.0,20.26,1.703
222,409.1,191.7,267.0,20.26,1.615
222,409.1,191.4,267.0,20.26,1.615
222,409.1,191.2,267.0,20.26,1.615
222,409.1,190.9,267.0,20.26,1.615
222,409.1,190.6,267.0,20.26,1.615
222,409.1,193.3,267.0,20.20,1.615
222,409.1,193.0,267.0,20.20,1.703
222,409.1,192.7,267.0,20.20,1.703
222,409.1,192.5,267.0,20.20,1.703
222,409.1,192.2,267.0,20.20,1.703
222,409.1,191.9,267.0,20.26,1.703
222,409.1,191.6,267.0,20.26,1.615
222,409.1,191.4,267.0,20.26,1.615
222,409.1,191.1,267.0,20.26,1.615
222,409.1,190.8,267.0,20.26,1.615
222,409.1,190.5,267.0,20.26,1.615
222,409.1,193.2,267.0,20.20,1.615
222,409.1,192.9,267.0,20.20,1.703
222,409.1,192.7,267.0,20.20,1.703
222,409.1,192.4,267.0,20.20,1.703
222,409.1,192.1,267.0,20.20,1.703
222,409.1,194.8,267.0,20.20,1.703
222,409.1,194.5,267.0,20.20,1.703
222,409.1,194.2,267.0,20.20,1.703
222,409.1,193.9,267.0,20.20,1.703
222,409.1,193.7,267.0,20.20,1.703
222,409.1,193.4,267.0,20.20,1.703
222,409.1,193.1,267.0,20.20,1.703
222,409.1,192.9,267.0,20.20,1.703
222,409.1,192.6,267.0,20.20,1.703
222,409.1,192.3,267.0,20.20,1.703
222,409.1,192.0,267.0,20.20,1.703
222,409.1,194.7,267.0,20.20,1.703
222,409.1,194.4,267.0,20.20,1.703
222,409.1,194.1,267.0,20.20,1.703
222,409.1,193.9,267.0,20.20,1.703
222,409.1,193.6,267.0,20.20,1.703
222,409.1,193.3,267.0,20.20,1.703
222,409.1,193.0,267.0,20.20,1.703
222,409.1,192.8,267.0,20.20,1.703
222,409.1,192.5,267.0,20.20,1.703
222,409.1,192.2,267.0,20.20,1.703
222,409.1,191.9,267.0,20.26,1.703
222,409.1,191.7,267.0,20.26,1.615
222,409.1,191.4,267.0,20.26,1.615
222,409.1,191.1,267.0,20.26,1.615
222,409.1,190.8,267.0,20.26,1.615
222,409.1,190.6,267.0,20.26,1.615
222,409.1,193.2,267.0,20.20,1.615
222,409.1,193.0,267.0,20.20,1.703
222,409.1,192.7,267.0,20.20,1.703
222,409.1,192.4,267.0,20.20,1.703
222,409.1,192.1,267.0,20.20,1.703
222,409.1,194.8,267.0,20.20,1.703
222,409.1,194.5,267.0,20.20,1.703
222,409.1,194.3,267.0,20.20,1.703
222,409.1,194.0,267.0,20.20,1.703
222,409.1,193.7,267.0,20.20,1.703
222,409.1,193.4,267.0,20.20,1.703
222,409.1,193.2,267.0,20.20,1.703
222,409.1,192.9,267.0,20.20,1.703
222,409.1,192.6,267.0,20.20,1.703
222,409.1,192.3,267.0,20.20,1.703
222,409.1,192.1,267.0,20.20,1.703
222,409.1,194.7,267.0,20.20,1.703
222,409.1,194.4,267.0,20.20,1.703
222,409.1,194.2,267.0,20.20,1.703
222,409.1,193.9,267.0,20.20,1.703
222,409.1,193.6,267.0,20.20,1.703
222,409.1,193.3,267.0,20.20,1.703
222,409.1,193.1,267.0,20.20,1.703
222,409.1,192.8,267.0,20.20,1.703
222,409.1,192.5,267.0,20.20,1.703
222,409.1,192.2,267.0,20.20,1.703
222,409.1,192.0,267.0,20.26,1.703
222,409.1,191.7,267.0,20.26,1.615
222,409.1,191.4,267.0,20.26,1.615
222,409.1,191.2,267.0,20.26,1.615
222,409.1,190.9,267.0,20.26,1.615
222,409.1,190.6,267.0,20.26,1.615
222,409.1,193.3,267.0,20.20,1.615
222,409.1,193.0,267.0,20.20,1.703
222,409.1,192.7,267.0,20.20,1.703
222,409.1,192.5,267.0,20.20,1.703
222,409.1,192.2,267.0,20.20,1.703
222,409.1,191.9,267.0,20.26,1.703
222,409.1,191.6,267.0,20.26,1.615
222,409.1,191.3,267.0,20.26,1.615
222,409.1,191.1,267.0,20.26,1.615
222,409.1,190.8,267.0,20.26,1.615
222,409.1,190.5,267.0,20.26,1.615
222,409.1,193.2,267.0,20.20,1.615
222,409.1,192.9,267.0,20.20,1.703
222,409.1,192.6,267.0,20.20,1.703
222,409.1,192.4,267.0,20.20,1.703
228,440.8,222.9,258.2,19.83,0.811
228,436.4,221.0,251.3,21.08,1.041
228,432.8,219.7,246.1,21.08,0.815
228,428.7,217.4,245.5,21.46,0.815
228,424.6,215.0,244.9,20.71,0.591
228,419.6,213.6,243.8,20.81,0.662
228,417.6,211.3,248.1,20.81,0.664
228,415.6,208.9,252.4,20.42,0.664
228,412.9,206.1,261.5,20.42,1.238
228,410.0,202.9,267.0,20.20,1.238
228,407.1,202.6,267.0,20.33,1.703
228,407.1,202.4,267.0,20.33,1.844
228,407.1,202.1,267.0,20.33,1.844
228,407.1,201.8,267.0,20.33,1.844
228,407.1,201.5,267.0,20.33,1.844
228,407.1,201.3,267.0,20.33,1.844
228,407.1,201.0,267.0,20.33,1.844
228,407.1,200.7,267.0,20.33,1.844
228,407.1,200.4,267.0,20.33,1.844
228,407.1,200.2,267.0,20.33,1.844
228,407.1,199.9,267.0,20.33,1.844
228,407.1,199.6,267.0,20.33,1.844
228,407.1,199.3,267.0,20.33,1.844
228,407.1,199.1,267.0,20.33,1.844
228,407.1,198.8,267.0,20.33,1.844
228,407.1,198.5,267.0,20.33,1.844
228,407.1,198.2,267.0,20.33,1.844
228,407.1,198.0,267.0,20.33,1.844
228,407.1,197.7,267.0,20.33,1.844
228,407.1,197.4,267.0,20.33,1.844
228,407.1,197.1,267.0,20.33,1.844
228,407.1,196.9,267.0,20.33,1.844
228,407.1,196.6,267.0,20.33,1.844
228,407.1,196.3,267.0,20.33,1.844
228,407.1,196.0,267.0,20.33,1.844
228,407.1,195.8,267.0,20.33,1.844
228,407.1,195.5,267.0,20.33,1.844
228,407.1,195.2,267.0,20.33,1.844
228,407.1,194.9,267.0,20.33,1.844
228,407.1,194.6,267.0,20.33,1.844
228,407.1,194.4,267.0,20.33,1.844
228,407.1,194.1,267.0,20.33,1.844
228,407.1,193.8,267.0,20.33,1.844
228,407.1,193.6,267.0,20.33,1.844
228,407.1,193.3,267.0,20.33,1.844
228,407.1,193.0,267.0,20.33,1.844
228,407.1,192.7,267.0,20.33,1.844
228,407.1,192.5,267.0,20.33,1.844
228,407.1,192.2,267.0,20.33,1.844
228,407.1,191.9,267.0,19.96,1.844
228,407.1,191.6,267.0,19.96,1.720
228,407.1,191.3,267.0,19.96,1.720
228,407.1,191.1,267.0,19.96,1.720
228,407.1,190.8,267.0,19.96,1.720
228,407.1,190.5,267.0,19.96,1.720
228,407.1,193.2,267.0,20.33,1.720
228,407.1,192.9,267.0,20.33,1.844
228,407.1,192.7,267.0,20.33,1.844
228,407.1,192.4,267.0,20.33,1.844
228,407.1,192.1,267.0,20.33,1.844
228,407.1,194.8,267.0,20.33,1.844
228,407.1,194.5,267.0,20.33,1.844
228,407.1,194.2,267.0,20.33,1.844
228,407.1,193.9,267.0,20.33,1.844
228,407.1,193.7,267.0,20.33,1.844
228,407.1,193.4,267.0,20.33,1.844
228,407.1,193.1,267.0,20.33,1.844
228,407.1,192.8,267.0,20.33,1.844
228,407.1,192.6,267.0,20.33,1.844
228,407.1,192.3,267.0,20.33,1.844
228,407.1,192.0,267.0,20.33,1.844
228,407.1,194.7,267.0,20.33,1.844
228,407.1,194.4,267.0,20.33,1.844
228,407.1,194.1,267.0,20.33,1.844
228,407.1,193.9,267.0,20.33,1.844
228,407.1,193.6,267.0,20.33,1.844
228,407.1,193.3,267.0,20.33,1.844
228,407.1,193.0,267.0,20.33,1.844
228,407.1,192.8,267.0,20.33,1.844
228,407.1,192.5,267.0,20.33,1.844
228,407.1,192.2,267.0,20.33,1.844
228,407.1,191.9,267.0,19.96,1.844
228,407.1,191.7,267.0,19.96,1.720
228,407.1,191.4,267.0,19.96,1.720
228,407.1,191.1,267.0,19.96,1.720
228,407.1,190.8,267.0,19.96,1.720
228,407.1,190.6,267.0,19.96,1.720
228,407.1,193.2,267.0,20.33,1.720
228,407.1,192.9,267.0,20.33,1.844
228,407.1,192.7,267.0,20.33,1.844
228,407.1,192.4,267.0,20.33,1.844
228,407.1,192.1,267.0,20.33,1.844
228,407.1,194.8,267.0,20.33,1.844
228,407.1,194.5,267.0,20.33,1.844
228,407.1,194.2,267.0,20.33,1.844
228,407.1,194.0,267.0,20.33,1.844
228,407.1,193.7,267.0,20.33,1.844
228,407.1,193.4,267.0,20.33,1.844
228,407.1,193.2,267.0,20.33,1.844
228,407.1,192.9,267.0,20.33,1.844
228,407.1,192.6,267.0,20.33,1.844
228,407.1,192.3,267.0,20.33,1.844
228,407.1,192.1,267.0,20.33,1.844
228,407.1,194.7,267.0,20.33,1.844
228,407.1,194.4,267.0,20.33,1.844
228,407.1,194.2,267.0,20.33,1.844
228,407.1,193.9,267.0,20.33,1.844
228,407.1,193.6,267.0,20.33,1.844
228,407.1,193.3,267.0,20.33,1.844
228,407.1,193.1,267.0,20.33,1.844
228,407.1,192.8,267.0,20.33,1.844
228,407.1,192.5,267.0,20.33,1.844
228,407.1,192.2,267.0,20.33,1.844
228,407.1,192.0,267.0,19.96,1.844
228,407.1,191.7,267.0,19.96,1.720
228,407.1,191.4,267.0,19.96,1.720
228,407.1,191.1,267.0,19.96,1.720
228,407.1,190.9,267.0,19.96,1.720
228,407.1,190.6,267.0,19.96,1.720
228,407.1,193.3,267.0,20.33,1.720
228,407.1,193.0,267.0,20.33,1.844
228,407.1,192.7,267.0,20.33,1.844
228,407.1,192.4,267.0,20.33,1.844
228,407.1,192.2,267.0,20.33,1.844
228,407.1,191.9,267.0,19.96,1.844
228,407.1,191.6,267.0,19.96,1.720
228,407.1,191.3,267.0,19.96,1.720
228,407.1,191.1,267.0,19.96,1.720
228,407.1,190.8,267.0,19.96,1.720
228,407.1,190.5,267.0,19.96,1.720
228,407.1,193.2,267.0,20.33,1.720
228,407.1,192.9,267.0,20.33,1.844
228,407.1,192.6,267.0,20.33,1.844
228,407.1,192.4,267.0,20.33,1.844
228,407.1,192.1,267.0,20.33,1.844
228,407.1,194.8,267.0,20.33,1.844
228,407.1,194.5,267.0,20.33,1.844
228,407.1,194.2,267.0,20.33,1.844
228,407.1,193.9,267.0,20.33,1.844
228,407.1,193.7,267.0,20.33,1.844
228,407.1,193.4,267.0,20.33,1.844
228,407.1,193.1,267.0,20.33,1.844
228,407.1,192.8,267.0,20.33,1.844
228,407.1,192.6,267.0,20.33,1.844
228,407.1,192.3,267.0,20.33,1.844
228,407.1,192.0,267.0,20.33,1.844
228,407.1,194.7,267.0,20.33,1.844
228,407.1,194.4,267.0,20.33,1.844
228,407.1,194.1,267.0,20.33,1.844
228,407.1,193.8,267.0,20.33,1.844
228,407.1,193.6,267.0,20.33,1.844
228,407.1,193.3,267.0,20.33,1.844
228,407.1,193.0,267.0,20.33,1.844
228,407.1,192.8,267.0,20.33,1.844
228,407.1,192.5,267.0,20.33,1.844
228,407.1,192.2,267.0,20.33,1.844
228,407.1,191.9,267.0,19.96,1.844
228,407.1,191.6,267.0,19.96,1.720
228,407.1,191.4,267.0,19.96,1.720
228,407.1,191.1,267.0,19.96,1.720
234,419.5,226.8,264.5,20.21,1.017
234,416.6,221.6,267.0,20.21,1.250
234,413.7,216.5,267.0,20.21,1.250
234,410.8,213.4,267.0,20.33,1.250
234,407.9,210.3,267.0,20.21,1.595
234,407.9,207.1,267.0,20.21,1.595
234,407.9,204.0,267.0,20.21,1.595
234,407.9,203.7,267.0,20.33,1.595
234,407.9,203.4,267.0,20.33,1.703
234,407.9,203.2,267.0,20.33,1.703
234,407.9,202.9,267.0,20.33,1.703
234,407.9,202.6,267.0,20.33,1.703
234,407.9,202.3,267.0,20.33,1.703
234,407.9,202.1,267.0,20.33,1.703
234,407.9,201.8,267.0,20.33,1.703
234,407.9,201.5,267.0,20.33,1.703
234,407.9,201.3,267.0,20.33,1.703
234,407.9,201.0,267.0,20.33,1.703
234,407.9,200.7,267.0,20.33,1.703
234,407.9,200.4,267.0,20.33,1.703
234,407.9,200.2,267.0,20.33,1.703
234,407.9,199.9,267.0,20.33,1.703
234,407.9,199.6,267.0,20.33,1.703
234,407.9,199.3,267.0,20.33,1.703
234,407.9,199.0,267.0,20.33,1.703
234,407.9,198.8,267.0,20.33,1.703
234,407.9,198.5,267.0,20.33,1.703
234,407.9,198.2,267.0,20.33,1.703
234,407.9,198.0,267.0,20.33,1.703
234,407.9,197.7,267.0,20.33,1.703
234,407.9,197.4,267.0,20.33,1.703
234,407.9,197.1,267.0,20.33,1.703
234,407.9,196.8,267.0,20.33,1.703
234,407.9,196.6,267.0,20.33,1.703
234,407.9,196.3,267.0,20.33,1.703
234,407.9,196.0,267.0,20.33,1.703
234,407.9,195.8,267.0,20.33,1.703
234,407.9,195.5,267.0,20.33,1.703
234,407.9,195.2,267.0,20.33,1.703
234,407.9,194.9,267.0,20.33,1.703
234,407.9,194.6,267.0,20.33,1.703
234,407.9,194.4,267.0,20.33,1.703
234,407.9,194.1,267.0,20.33,1.703
234,407.9,193.8,267.0,20.33,1.703
234,407.9,193.6,267.0,20.33,1.703
234,407.9,193.3,267.0,20.33,1.703
234,407.9,193.0,267.0,20.33,1.703
234,407.9,192.7,267.0,20.33,1.703
234,407.9,192.5,267.0,20.33,1.703
234,407.9,192.2,267.0,20.33,1.703
234,407.9,191.9,267.0,19.96,1.703
234,407.9,191.6,267.0,19.96,1.615
234,407.9,191.3,267.0,19.96,1.615
234,407.9,191.1,267.0,19.96,1.615
234,407.9,190.8,267.0,19.96,1.615
234,407.9,190.5,267.0,19.96,1.615
234,407.9,193.2,267.0,20.33,1.615
234,407.9,192.9,267.0,20.33,1.703
234,407.9,192.6,267.0,20.33,1.703
234,407.9,192.4,267.0,20.33,1.703
234,407.9,192.1,267.0,20.33,1.703
234,407.9,194.8,267.0,20.33,1.703
234,407.9,194.5,267.0,20.33,1.703
234,407.9,194.2,267.0,20.33,1.703
234,407.9,193.9,267.0,20.33,1.703
234,407.9,193.7,267.0,20.33,1.703
234,407.9,193.4,267.0,20.33,1.703
234,407.9,193.1,267.0,20.33,1.703
234,407.9,192.8,267.0,20.33,1.703
234,407.9,192.6,267.0,20.33,1.703
234,407.9,192.3,267.0,20.33,1.703
234,407.9,192.0,267.0,20.33,1.703
234,407.9,194.7,267.0,20.33,1.703
234,407.9,194.4,267.0,20.33,1.703
234,407.9,194.1,267.0,20.33,1.703
234,407.9,193.8,267.0,20.33,1.703
234,407.9,193.6,267.0,20.33,1.703
234,407.9,193.3,267.0,20.33,1.703
234,407.9,193.0,267.0,20.33,1.703
234,407.9,192.8,267.0,20.33,1.703
234,407.9,192.5,267.0,20.33,1.703
234,407.9,192.2,267.0,20.33,1.703
234,407.9,191.9,267.0,19.96,1.703
234,407.9,191.7,267.0,19.96,1.615
234,407.9,191.4,267.0,19.96,1.615
234,407.9,191.1,267.0,19.96,1.615
234,407.9,190.8,267.0,19.96,1.615
234,407.9,190.6,267.0,19.96,1.615
234,407.9,193.2,267.0,20.33,1.615
234,407.9,192.9,267.0,20.33,1.703
234,407.9,192.7,267.0,20.33,1.703
234,407.9,192.4,267.0,20.33,1.703
234,407.9,192.1,267.0,20.33,1.703
234,407.9,194.8,267.0,20.33,1.703
234,407.9,194.5,267.0,20.33,1.703
234,407.9,194.2,267.0,20.33,1.703
234,407.9,194.0,267.0,20.33,1.703
234,407.9,193.7,267.0,20.33,1.703
234,407.9,193.4,267.0,20.33,1.703
234,407.9,193.1,267.0,20.33,1.703
234,407.9,192.9,267.0,20.33,1.703
234,407.9,192.6,267.0,20.33,1.703
234,407.9,192.3,267.0,20.33,1.703
234,407.9,192.0,267.0,20.33,1.703
234,407.9,194.7,267.0,20.33,1.703
234,407.9,194.4,267.0,20.33,1.703
234,407.9,194.2,267.0,20.33,1.703
234,407.9,193.9,267.0,20.33,1.703
234,407.9,193.6,267.0,20.33,1.703
234,407.9,193.3,267.0,20.33,1.703
234,407.9,193.1,267.0,20.33,1.703
234,407.9,192.8,267.0,20.33,1.703
234,407.9,192.5,267.0,20.33,1.703
234,407.9,192.2,267.0,20.33,1.703
234,407.9,192.0,267.0,19.96,1.703
234,407.9,191.7,267.0,19.96,1.615
234,407.9,191.4,267.0,19.96,1.615
234,407.9,191.1,267.0,19.96,1.615
234,407.9,190.9,267.0,19.96,1.615
234,407.9,190.6,267.0,19.96,1.615
234,407.9,193.3,267.0,20.33,1.615
234,407.9,193.0,267.0,20.33,1.703
234,407.9,192.7,267.0,20.33,1.703
234,407.9,192.4,267.0,20.33,1.703
234,407.9,192.2,267.0,20.33,1.703
234,407.9,191.9,267.0,19.96,1.703
234,407.9,191.6,267.0,19.96,1.615
234,407.9,191.3,267.0,19.96,1.615
234,407.9,191.1,267.0,19.96,1.615
234,407.9,190.8,267.0,19.96,1.615
234,407.9,190.5,267.0,19.96,1.615
234,407.9,193.2,267.0,20.33,1.615
234,407.9,192.9,267.0,20.33,1.703
234,407.9,192.6,267.0,20.33,1.703
234,407.9,192.3,267.0,20.33,1.703
234,407.9,192.1,267.0,20.33,1.703
234,407.9,194.8,267.0,20.33,1.703
234,407.9,194.5,267.0,20.33,1.703
234,407.9,194.2,267.0,20.33,1.703
234,407.9,193.9,267.0,20.33,1.703
234,407.9,193.6,267.0,20.33,1.703
234,407.9,193.4,267.0,20.33,1.703
234,407.9,193.1,267.0,20.33,1.703
234,407.9,192.8,267.0,20.33,1.703
234,407.9,192.5,267.0,20.33,1.703
234,407.9,192.3,267.0,20.33,1.703
234,407.9,192.0,267.0,19.96,1.703
234,407.9,191.7,267.0,19.96,1.615
234,407.9,191.4,267.0,19.96,1.615
234,407.9,191.2,267.0,19.96,1.615
234,407.9,190.9,267.0,19.96,1.615
234,407.9,190.6,267.0,19.96,1.615
234,407.9,193.3,267.0,20.33,1.615
234,407.9,193.0,267.0,20.33,1.703
234,407.9,192.7,267.0,20.33,1.703
234,407.9,192.5,267.0,20.33,1.703
234,407.9,192.2,267.0,20.33,1.703
234,407.9,191.9,267.0,19.96,1.703
234,407.9,191.6,267.0,19.96,1.615
234,407.9,191.4,267.0,19.96,1.615
240,409.3,235.4,264.5,19.47,0.838
240,406.9,228.7,264.0,19.19,0.891
240,406.9,223.6,267.0,19.70,0.807
240,406.9,218.4,267.0,19.70,1.250
240,406.9,215.3,267.0,20.21,1.250
240,406.9,212.2,267.0,20.21,1.690
240,406.9,209.0,267.0,20.21,1.690
240,406.9,205.9,267.0,20.21,1.690
240,406.9,202.8,267.0,20.33,1.690
240,406.9,202.5,267.0,20.33,1.844
240,406.9,202.2,267.0,20.33,1.844
240,406.9,201.9,267.0,20.33,1.844
240,406.9,201.7,267.0,20.33,1.844
240,406.9,201.4,267.0,20.33,1.844
240,406.9,201.1,267.0,20.33,1.844
240,406.9,200.8,267.0,20.33,1.844
240,406.9,200.6,267.0,20.33,1.844
240,406.9,200.3,267.0,20.33,1.844
240,406.9,200.0,267.0,20.33,1.844
240,406.9,199.7,267.0,20.33,1.844
240,406.9,199.5,267.0,20.33,1.844
240,406.9,199.2,267.0,20.33,1.844
240,406.9,198.9,267.0,20.33,1.844
240,406.9,198.6,267.0,20.33,1.844
240,406.9,198.4,267.0,20.33,1.844
240,406.9,198.1,267.0,20.33,1.844
240,406.9,197.8,267.0,20.33,1.844
240,406.9,197.5,267.0,20.33,1.844
240,406.9,197.3,267.0,20.33,1.844
240,406.9,197.0,267.0,20.33,1.844
240,406.9,196.7,267.0,20.33,1.844
240,406.9,196.4,267.0,20.33,1.844
240,406.9,196.2,267.0,20.33,1.844
240,406.9,195.9,267.0,20.33,1.844
240,406.9,195.6,267.0,20.33,1.844
240,406.9,195.3,267.0,20.33,1.844
240,406.9,195.1,267.0,20.33,1.844
240,406.9,194.8,267.0,20.33,1.844
240,406.9,194.5,267.0,20.33,1.844
240,406.9,194.2,267.0,20.33,1.844
240,406.9,194.0,267.0,20.33,1.844
240,406.9,193.7,267.0,20.33,1.844
240,406.9,193.4,267.0,20.33,1.844
240,406.9,193.1,267.0,20.33,1.844
240,406.9,192.9,267.0,20.33,1.844
240,406.9,192.6,267.0,20.33,1.844
240,406.9,192.3,267.0,20.33,1.844
240,406.9,192.0,267.0,20.33,1.844
240,406.9,194.7,267.0,20.33,1.844
240,406.9,194.4,267.0,20.33,1.844
240,406.9,194.2,267.0,20.33,1.844
240,406.9,193.9,267.0,20.33,1.844
240,406.9,193.6,267.0,20.33,1.844
240,406.9,193.3,267.0,20.33,1.844
240,406.9,193.1,267.0,20.33,1.844
240,406.9,192.8,267.0,20.33,1.844
240,406.9,192.5,267.0,20.33,1.844
240,406.9,192.2,267.0,20.33,1.844
240,406.9,191.9,267.0,19.96,1.844
240,406.9,191.7,267.0,19.96,1.720
240,406.9,191.4,267.0,19.96,1.720
240,406.9,191.1,267.0,19.96,1.720
240,406.9,190.9,267.0,19.96,1.720
240,406.9,190.6,267.0,19.96,1.720
240,406.9,193.2,267.0,20.33,1.720
240,406.9,193.0,267.0,20.33,1.844
240,406.9,192.7,267.0,20.33,1.844
240,406.9,192.4,267.0,20.33,1.844
240,406.9,192.2,267.0,20.33,1.844
240,406.9,191.9,267.0,19.96,1.844
240,406.9,191.6,267.0,19.96,1.720
240,406.9,191.3,267.0,19.96,1.720
240,406.9,191.1,267.0,19.96,1.720
240,406.9,190.8,267.0,19.96,1.720
240,406.9,190.5,267.0,19.96,1.720
240,406.9,193.2,267.0,20.33,1.720
240,406.9,192.9,267.0,20.33,1.844
240,406.9,192.6,267.0,20.33,1.844
240,406.9,192.3,267.0,20.33,1.844
240,406.9,192.1,267.0,20.33,1.844
240,406.9,194.7,267.0,20.33,1.844
240,406.9,194.5,267.0,20.33,1.844
240,406.9,194.2,267.0,20.33,1.844
240,406.9,193.9,267.0,20.33,1.844
240,406.9,193.6,267.0,20.33,1.844
240,406.9,193.4,267.0,20.33,1.844
240,406.9,193.1,267.0,20.33,1.844
240,406.9,192.8,267.0,20.33,1.844
240,406.9,192.5,267.0,20.33,1.844
240,406.9,192.3,267.0,20.33,1.844
240,406.9,192.0,267.0,19.96,1.844
240,406.9,191.7,267.0,19.96,1.720
240,406.9,191.4,267.0,19.96,1.720
240,406.9,191.2,267.0,19.96,1.720
240,406.9,190.9,267.0,19.96,1.720
240,406.9,190.6,267.0,19.96,1.720
240,406.9,193.3,267.0,20.33,1.720
240,406.9,193.0,267.0,20.33,1.844
240,406.9,192.7,267.0,20.33,1.844
240,406.9,192.5,267.0,20.33,1.844
240,406.9,192.2,267.0,20.33,1.844
240,406.9,191.9,267.0,19.96,1.844
240,406.9,191.6,267.0,19.96,1.720
240,406.9,191.4,267.0,19.96,1.720
240,406.9,191.1,267.0,19.96,1.720
240,406.9,190.8,267.0,19.96,1.720
240,406.9,190.5,267.0,19.96,1.720
240,406.9,193.2,267.0,20.33,1.720
240,406.9,192.9,267.0,20.33,1.844
240,406.9,192.7,267.0,20.33,1.844
240,406.9,192.4,267.0,20.33,1.844
240,406.9,192.1,267.0,20.33,1.844
240,406.9,194.8,267.0,20.33,1.844
240,406.9,194.5,267.0,20.33,1.844
240,406.9,194.2,267.0,20.33,1.844
240,406.9,193.9,267.0,20.33,1.844
240,406.9,193.7,267.0,20.33,1.844
240,406.9,193.4,267.0,20.33,1.844
240,406.9,193.1,267.0,20.33,1.844
240,406.9,192.9,267.0,20.33,1.844
240,406.9,192.6,267.0,20.33,1.844
240,406.9,192.3,267.0,20.33,1.844
240,406.9,192.0,267.0,20.33,1.844
240,406.9,194.7,267.0,20.33,1.844
240,406.9,194.4,267.0,20.33,1.844
240,406.9,194.1,267.0,20.33,1.844
240,406.9,193.9,267.0,20.33,1.844
240,406.9,193.6,267.0,20.33,1.844
240,406.9,193.3,267.0,20.33,1.844
240,406.9,193.0,267.0,20.33,1.844
240,406.9,192.8,267.0,20.33,1.844
240,406.9,192.5,267.0,20.33,1.844
240,406.9,192.2,267.0,20.33,1.844
240,406.9,191.9,267.0,19.96,1.844
240,406.9,191.7,267.0,19.96,1.720
240,406.9,191.4,267.0,19.96,1.720
240,406.9,191.1,267.0,19.96,1.720
240,406.9,190.8,267.0,19.96,1.720
240,406.9,190.6,267.0,19.96,1.720
240,406.9,193.2,267.0,20.33,1.720
240,406.9,193.0,267.0,20.33,1.844
240,406.9,192.7,267.0,20.33,1.844
240,406.9,192.4,267.0,20.33,1.844
240,406.9,192.1,267.0,20.33,1.844
240,406.9,194.8,267.0,20.33,1.844
240,406.9,194.5,267.0,20.33,1.844
240,406.9,194.2,267.0,20.33,1.844
240,406.9,194.0,267.0,20.33,1.844
240,406.9,193.7,267.0,20.33,1.844
240,406.9,193.4,267.0,20.33,1.844
240,406.9,193.2,267.0,20.33,1.844
240,406.9,192.9,267.0,20.33,1.844
240,406.9,192.6,267.0,20.33,1.844
240,406.9,192.3,267.0,20.33,1.844
240,406.9,192.1,267.0,20.33,1.844
240,406.9,194.7,267.0,20.33,1.844
240,406.9,194.4,267.0,20.33,1.844
240,406.9,194.2,267.0,20.33,1.844
240,406.9,193.9,267.0,20.33,1.844
240,406.9,193.6,267.0,20.33,1.844
246,440.6,214.7,258.2,19.06,0.811
246,435.8,213.6,250.7,20.58,1.120
246,431.6,212.7,245.1,20.71,0.884
246,426.6,211.3,243.9,20.71,0.662
246,421.6,209.8,242.8,20.71,0.662
246,419.6,207.5,247.1,20.81,0.662
246,417.6,205.2,251.4,20.81,0.664
246,414.8,204.9,261.5,20.42,0.664
246,411.9,204.6,267.0,20.33,1.238
246,408.9,204.3,267.0,20.33,1.595
246,408.9,204.0,267.0,20.20,1.595
246,408.9,203.7,267.0,20.20,1.703
246,408.9,203.4,267.0,20.20,1.703
246,408.9,203.2,267.0,20.20,1.703
246,408.9,202.9,267.0,20.20,1.703
246,408.9,202.6,267.0,20.20,1.703
246,408.9,202.3,267.0,20.20,1.703
246,408.9,202.1,267.0,20.20,1.703
246,408.9,201.8,267.0,20.20,1.703
246,408.9,201.5,267.0,20.20,1.703
246,408.9,201.2,267.0,20.20,1.703
246,408.9,201.0,267.0,20.20,1.703
246,408.9,200.7,267.0,20.20,1.703
246,408.9,200.4,267.0,20.20,1.703
246,408.9,200.1,267.0,20.20,1.703
246,408.9,199.9,267.0,20.20,1.703
246,408.9,199.6,267.0,20.20,1.703
246,408.9,199.3,267.0,20.20,1.703
246,408.9,199.0,267.0,20.20,1.703
246,408.9,198.8,267.0,20.20,1.703
246,408.9,198.5,267.0,20.20,1.703
246,408.9,198.2,267.0,20.20,1.703
246,408.9,197.9,267.0,20.20,1.703
246,408.9,197.7,267.0,20.20,1.703
246,408.9,197.4,267.0,20.20,1.703
246,408.9,197.1,267.0,20.20,1.703
246,408.9,196.8,267.0,20.20,1.703
246,408.9,196.6,267.0,20.20,1.703
246,408.9,196.3,267.0,20.20,1.703
246,408.9,196.0,267.0,20.20,1.703
246,408.9,195.7,267.0,20.20,1.703
246,408.9,195.5,267.0,20.20,1.703
246,408.9,195.2,267.0,20.20,1.703
246,408.9,194.9,267.0,20.20,1.703
246,408.9,194.6,267.0,20.20,1.703
246,408.9,194.4,267.0,20.20,1.703
246,408.9,194.1,267.0,20.20,1.703
246,408.9,193.8,267.0,20.20,1.703
246,408.9,193.5,267.0,20.20,1.703
246,408.9,193.3,267.0,20.20,1.703
246,408.9,193.0,267.0,20.20,1.703
246,408.9,192.7,267.0,20.20,1.703
246,408.9,192.4,267.0,20.20,1.703
246,408.9,192.2,267.0,20.20,1.703
246,408.9,191.9,267.0,20.26,1.703
246,408.9,191.6,267.0,20.26,1.615
246,408.9,191.3,267.0,20.26,1.615
246,408.9,191.1,267.0,20.26,1.615
246,408.9,190.8,267.0,20.26,1.615
246,408.9,190.5,267.0,20.26,1.615
246,408.9,193.2,267.0,20.20,1.615
246,408.9,192.9,267.0,20.20,1.703
246,408.9,192.6,267.0,20.20,1.703
246,408.9,192.3,267.0,20.20,1.703
246,408.9,192.1,267.0,20.20,1.703
246,408.9,194.8,267.0,20.20,1.703
246,408.9,194.5,267.0,20.20,1.703
246,408.9,194.2,267.0,20.20,1.703
246,408.9,193.9,267.0,20.20,1.703
246,408.9,193.6,267.0,20.20,1.703
246,408.9,193.4,267.0,20.20,1.703
246,408.9,193.1,267.0,20.20,1.703
246,408.9,192.8,267.0,20.20,1.703
246,408.9,192.5,267.0,20.20,1.703
246,408.9,192.3,267.0,20.20,1.703
246,408.9,192.0,267.0,20.26,1.703
246,408.9,191.7,267.0,20.26,1.615
246,408.9,191.4,267.0,20.26,1.615
246,408.9,191.2,267.0,20.26,1.615
246,408.9,190.9,267.0,20.26,1.615
246,408.9,190.6,267.0,20.26,1.615
246,408.9,193.3,267.0,20.20,1.615
246,408.9,193.0,267.0,20.20,1.703
246,408.9,192.7,267.0,20.20,1.703
246,408.9,192.5,267.0,20.20,1.703
246,408.9,192.2,267.0,20.20,1.703
246,408.9,191.9,267.0,20.26,1.703
246,408.9,191.6,267.0,20.26,1.615
246,408.9,191.4,267.0,20.26,1.615
246,408.9,191.1,267.0,20.26,1.615
246,408.9,190.8,267.0,20.26,1.615
246,408.9,190.5,267.0,20.26,1.615
246,408.9,193.2,267.0,20.20,1.615
246,408.9,192.9,267.0,20.20,1.703
246,408.9,192.7,267.0,20.20,1.703
246,408.9,192.4,267.0,20.20,1.703
246,408.9,192.1,267.0,20.20,1.703
246,408.9,194.8,267.0,20.20,1.703
246,408.9,194.5,267.0,20.20,1.703
246,408.9,194.2,267.0,20.20,1.703
246,408.9,193.9,267.0,20.20,1.703
246,408.9,193.7,267.0,20.20,1.703
246,408.9,193.4,267.0,20.20,1.703
246,408.9,193.1,267.0,20.20,1.703
246,408.9,192.9,267.0,20.20,1.703
246,408.9,192.6,267.0,20.20,1.703
246,408.9,192.3,267.0,20.20,1.703
246,408.9,192.0,267.0,20.20,1.703
246,408.9,194.7,267.0,20.20,1.703
246,408.9,194.4,267.0,20.20,1.703
246,408.9,194.2,267.0,20.20,1.703
246,408.9,193.9,267.0,20.20,1.703
246,408.9,193.6,267.0,20.20,1.703
246,408.9,193.3,267.0,20.20,1.703
246,408.9,193.1,267.0,20.20,1.703
246,408.9,192.8,267.0,20.20,1.703
246,408.9,192.5,267.0,20.20,1.703
246,408.9,192.2,267.0,20.20,1.703
246,408.9,191.9,267.0,20.26,1.703
246,408.9,191.7,267.0,20.26,1.615
246,408.9,191.4,267.0,20.26,1.615
246,408.9,191.1,267.0,20.26,1.615
246,408.9,190.8,267.0,20.26,1.615
246,408.9,190.6,267.0,20.26,1.615
246,408.9,193.2,267.0,20.20,1.615
246,408.9,193.0,267.0,20.20,1.703
246,408.9,192.7,267.0,20.20,1.703
246,408.9,192.4,267.0,20.20,1.703
246,408.9,192.1,267.0,20.20,1.703
246,408.9,194.8,267.0,20.20,1.703
246,408.9,194.5,267.0,20.20,1.703
246,408.9,194.3,267.0,20.20,1.703
246,408.9,194.0,267.0,20.20,1.703
246,408.9,193.7,267.0,20.20,1.703
246,408.9,193.4,267.0,20.20,1.703
246,408.9,193.2,267.0,20.20,1.703
246,408.9,192.9,267.0,20.20,1.703
246,408.9,192.6,267.0,20.20,1.703
246,408.9,192.3,267.0,20.20,1.703
246,408.9,192.1,267.0,20.20,1.703
246,408.9,194.7,267.0,20.20,1.703
246,408.9,194.4,267.0,20.20,1.703
246,408.9,194.2,267.0,20.20,1.703
246,408.9,193.9,267.0,20.20,1.703
246,408.9,193.6,267.0,20.20,1.703
246,408.9,193.3,267.0,20.20,1.703
246,408.9,193.1,267.0,20.20,1.703
246,408.9,192.8,267.0,20.20,1.703
246,408.9,192.5,267.0,20.20,1.703
246,408.9,192.2,267.0,20.20,1.703
246,408.9,192.0,267.0,20.26,1.703
246,408.9,191.7,267.0,20.26,1.615
246,408.9,191.4,267.0,20.26,1.615
246,408.9,191.2,267.0,20.26,1.615
246,408.9,190.9,267.0,20.26,1.615
246,408.9,190.6,267.0,20.26,1.615
246,408.9,193.3,267.0,20.20,1.615
246,408.9,193.0,267.0,20.20,1.703
246,408.9,192.7,267.0,20.20,1.703
246,408.9,192.5,267.0,20.20,1.703
252,364.8,202.1,264.6,18.56,0.837
252,371.4,201.8,264.1,18.56,0.833
252,376.4,201.5,267.0,19.71,0.833
252,381.4,201.2,267.0,19.71,1.261
252,384.3,200.9,267.0,20.20,1.261
252,387.2,200.6,267.0,20.20,1.703
252,390.1,200.3,267.0,20.20,1.703
252,393.1,200.0,267.0,20.20,1.703
252,396.0,199.7,267.0,20.20,1.703
252,396.0,199.4,267.0,20.20,1.844
252,396.0,199.2,267.0,20.20,1.844
252,396.0,198.9,267.0,20.20,1.844
252,396.0,198.6,267.0,20.20,1.844
252,396.0,198.3,267.0,20.20,1.844
252,396.0,198.1,267.0,20.20,1.844
252,396.0,197.8,267.0,20.20,1.844
252,396.0,197.5,267.0,20.20,1.844
252,396.0,197.2,267.0,20.20,1.844
252,396.0,197.0,267.0,20.20,1.844
252,396.0,196.7,267.0,20.20,1.844
252,396.0,196.4,267.0,20.20,1.844
252,396.0,196.1,267.0,20.20,1.844
252,396.0,195.9,267.0,20.20,1.844
252,396.0,195.6,267.0,20.20,1.844
252,396.0,195.3,267.0,20.20,1.844
252,396.0,195.0,267.0,20.20,1.844
252,396.0,194.8,267.0,20.20,1.844
252,396.0,194.5,267.0,20.20,1.844
252,396.0,194.2,267.0,20.20,1.844
252,396.0,193.9,267.0,20.20,1.844
252,396.0,193.7,267.0,20.20,1.844
252,396.0,193.4,267.0,20.20,1.844
252,396.0,193.1,267.0,20.20,1.844
252,396.0,192.8,267.0,20.20,1.844
252,396.0,192.6,267.0,20.20,1.844
252,396.0,192.3,267.0,20.20,1.844
252,396.0,192.0,267.0,20.20,1.844
252,396.0,194.7,267.0,20.20,1.844
252,396.0,194.4,267.0,20.20,1.844
252,396.0,194.1,267.0,20.20,1.844
252,396.0,193.8,267.0,20.20,1.844
252,396.0,193.6,267.0,20.20,1.844
252,396.0,193.3,267.0,20.20,1.844
252,396.0,193.0,267.0,20.20,1.844
252,396.0,192.8,267.0,20.20,1.844
252,396.0,192.5,267.0,20.20,1.844
252,396.0,192.2,267.0,20.20,1.844
252,396.0,191.9,267.0,20.26,1.844
252,396.0,191.7,267.0,20.26,1.720
252,396.0,191.4,267.0,20.26,1.720
252,396.0,191.1,267.0,20.26,1.720
252,396.0,190.8,267.0,20.26,1.720
252,396.0,190.6,267.0,20.26,1.720
252,396.0,193.2,267.0,20.20,1.720
252,396.0,192.9,267.0,20.20,1.844
252,396.0,192.7,267.0,20.20,1.844
252,396.0,192.4,267.0,20.20,1.844
252,396.0,192.1,267.0,20.20,1.844
252,396.0,194.8,267.0,20.20,1.844
252,396.0,194.5,267.0,20.20,1.844
252,396.0,194.2,267.0,20.20,1.844
252,396.0,194.0,267.0,20.20,1.844
252,396.0,193.7,267.0,20.20,1.844
252,396.0,193.4,267.0,20.20,1.844
252,396.0,193.1,267.0,20.20,1.844
252,396.0,192.9,267.0,20.20,1.844
252,396.0,192.6,267.0,20.20,1.844
252,396.0,192.3,267.0,20.20,1.844
252,396.0,192.0,267.0,20.20,1.844
252,396.0,194.7,267.0,20.20,1.844
252,396.0,194.4,267.0,20.20,1.844
252,396.0,194.2,267.0,20.20,1.844
252,396.0,193.9,267.0,20.20,1.844
252,396.0,193.6,267.0,20.20,1.844
252,396.0,193.3,267.0,20.20,1.844
252,396.0,193.1,267.0,20.20,1.844
252,396.0,192.8,267.0,20.20,1.844
252,396.0,192.5,267.0,20.20,1.844
252,396.0,192.2,267.0,20.20,1.844
252,396.0,192.0,267.0,20.26,1.844
252,396.0,191.7,267.0,20.26,1.720
252,396.0,191.4,267.0,20.26,1.720
252,396.0,191.1,267.0,20.26,1.720
252,396.0,190.9,267.0,20.26,1.720
252,396.0,190.6,267.0,20.26,1.720
252,396.0,193.2,267.0,20.20,1.720
252,396.0,193.0,267.0,20.20,1.844
252,396.0,192.7,267.0,20.20,1.844
252,396.0,192.4,267.0,20.20,1.844
252,396.0,192.2,267.0,20.20,1.844
252,396.0,191.9,267.0,20.26,1.844
252,396.0,191.6,267.0,20.26,1.720
252,396.0,191.3,267.0,20.26,1.720
252,396.0,191.1,267.0,20.26,1.720
252,396.0,190.8,267.0,20.26,1.720
252,396.0,190.5,267.0,20.26,1.720
252,396.0,193.2,267.0,20.20,1.720
252,396.0,192.9,267.0,20.20,1.844
252,396.0,192.6,267.0,20.20,1.844
252,396.0,192.3,267.0,20.20,1.844
252,396.0,192.1,267.0,20.20,1.844
252,396.0,194.7,267.0,20.20,1.844
252,396.0,194.5,267.0,20.20,1.844
252,396.0,194.2,267.0,20.20,1.844
252,396.0,193.9,267.0,20.20,1.844
252,396.0,193.6,267.0,20.20,1.844
252,396.0,193.4,267.0,20.20,1.844
252,396.0,193.1,267.0,20.20,1.844
252,396.0,192.8,267.0,20.20,1.844
252,396.0,192.5,267.0,20.20,1.844
252,396.0,192.3,267.0,20.20,1.844
252,396.0,192.0,267.0,20.26,1.844
252,396.0,191.7,267.0,20.26,1.720
252,396.0,191.4,267.0,20.26,1.720
252,396.0,191.2,267.0,20.26,1.720
252,396.0,190.9,267.0,20.26,1.720
252,396.0,190.6,267.0,20.26,1.720
252,396.0,193.3,267.0,20.20,1.720
252,396.0,193.0,267.0,20.20,1.844
252,396.0,192.7,267.0,20.20,1.844
252,396.0,192.5,267.0,20.20,1.844
252,396.0,192.2,267.0,20.20,1.844
252,396.0,191.9,267.0,20.26,1.844
252,396.0,191.6,267.0,20.26,1.720
252,396.0,191.4,267.0,20.26,1.720
252,396.0,191.1,267.0,20.26,1.720
252,396.0,190.8,267.0,20.26,1.720
252,396.0,190.5,267.0,20.26,1.720
252,396.0,193.2,267.0,20.20,1.720
252,396.0,192.9,267.0,20.20,1.844
252,396.0,192.7,267.0,20.20,1.844
252,396.0,192.4,267.0,20.20,1.844
252,396.0,192.1,267.0,20.20,1.844
252,396.0,194.8,267.0,20.20,1.844
252,396.0,194.5,267.0,20.20,1.844
252,396.0,194.2,267.0,20.20,1.844
252,396.0,193.9,267.0,20.20,1.844
252,396.0,193.7,267.0,20.20,1.844
252,396.0,193.4,267.0,20.20,1.844
252,396.0,193.1,267.0,20.20,1.844
252,396.0,192.9,267.0,20.20,1.844
252,396.0,192.6,267.0,20.20,1.844
252,396.0,192.3,267.0,20.20,1.844
252,396.0,192.0,267.0,20.20,1.844
252,396.0,194.7,267.0,20.20,1.844
252,396.0,194.4,267.0,20.20,1.844
252,396.0,194.2,267.0,20.20,1.844
252,396.0,193.9,267.0,20.20,1.844
252,396.0,193.6,267.0,20.20,1.844
252,396.0,193.3,267.0,20.20,1.844
252,396.0,193.0,267.0,20.20,1.844
252,396.0,192.8,267.0,20.20,1.844
252,396.0,192.5,267.0,20.20,1.844
252,396.0,192.2,267.0,20.20,1.844
252,396.0,191.9,267.0,20.26,1.844
252,396.0,191.7,267.0,20.26,1.720
252,396.0,191.4,267.0,20.26,1.720
252,396.0,191.1,267.0,20.26,1.720
252,396.0,190.8,267.0,20.26,1.720
252,396.0,190.6,267.0,20.26,1.720
258,356.6,180.1,262.6,22.54,0.520
258,359.8,180.0,257.6,22.54,0.743
258,364.5,184.3,257.6,19.90,0.743
258,370.7,186.0,257.1,19.90,0.805
258,375.5,188.2,263.3,20.66,0.805
258,380.5,190.8,267.0,20.61,1.010
258,385.5,190.5,267.0,20.26,1.254
258,388.4,193.1,267.0,20.20,1.615
258,391.3,192.8,267.0,20.20,1.703
258,394.2,192.5,267.0,20.20,1.703
258,397.1,192.2,267.0,20.33,1.703
258,397.1,191.9,267.0,19.96,1.844
258,397.1,191.6,267.0,19.96,1.720
258,397.1,191.4,267.0,19.96,1.720
258,397.1,191.1,267.0,19.96,1.720
258,397.1,190.8,267.0,19.96,1.720
258,397.1,190.5,267.0,19.96,1.720
258,397.1,193.2,267.0,20.33,1.720
258,397.1,192.9,267.0,20.33,1.844
258,397.1,192.7,267.0,20.33,1.844
258,397.1,192.4,267.0,20.33,1.844
258,397.1,192.1,267.0,20.33,1.844
258,397.1,194.8,267.0,20.33,1.844
258,397.1,194.5,267.0,20.33,1.844
258,397.1,194.2,267.0,20.33,1.844
258,397.1,193.9,267.0,20.33,1.844
258,397.1,193.7,267.0,20.33,1.844
258,397.1,193.4,267.0,20.33,1.844
258,397.1,193.1,267.0,20.33,1.844
258,397.1,192.9,267.0,20.33,1.844
258,397.1,192.6,267.0,20.33,1.844
258,397.1,192.3,267.0,20.33,1.844
258,397.1,192.0,267.0,20.33,1.844
258,397.1,194.7,267.0,20.33,1.844
258,397.1,194.4,267.0,20.33,1.844
258,397.1,194.1,267.0,20.33,1.844
258,397.1,193.9,267.0,20.33,1.844
258,397.1,193.6,267.0,20.33,1.844
258,397.1,193.3,267.0,20.33,1.844
258,397.1,193.0,267.0,20.33,1.844
258,397.1,192.8,267.0,20.33,1.844
258,397.1,192.5,267.0,20.33,1.844
258,397.1,192.2,267.0,20.33,1.844
258,397.1,191.9,267.0,19.96,1.844
258,397.1,191.7,267.0,19.96,1.720
258,397.1,191.4,267.0,19.96,1.720
258,397.1,191.1,267.0,19.96,1.720
258,397.1,190.8,267.0,19.96,1.720
258,397.1,190.6,267.0,19.96,1.720
258,397.1,193.2,267.0,20.33,1.720
258,397.1,193.0,267.0,20.33,1.844
258,397.1,192.7,267.0,20.33,1.844
258,397.1,192.4,267.0,20.33,1.844
258,397.1,192.1,267.0,20.33,1.844
258,397.1,194.8,267.0,20.33,1.844
258,397.1,194.5,267.0,20.33,1.844
258,397.1,194.3,267.0,20.33,1.844
258,397.1,194.0,267.0,20.33,1.844
258,397.1,193.7,267.0,20.33,1.844
258,397.1,193.4,267.0,20.33,1.844
258,397.1,193.2,267.0,20.33,1.844
258,397.1,192.9,267.0,20.33,1.844
258,397.1,192.6,267.0,20.33,1.844
258,397.1,192.3,267.0,20.33,1.844
258,397.1,192.1,267.0,20.33,1.844
258,397.1,194.7,267.0,20.33,1.844
258,397.1,194.4,267.0,20.33,1.844
258,397.1,194.2,267.0,20.33,1.844
258,397.1,193.9,267.0,20.33,1.844
258,397.1,193.6,267.0,20.33,1.844
258,397.1,193.3,267.0,20.33,1.844
258,397.1,193.1,267.0,20.33,1.844
258,397.1,192.8,267.0,20.33,1.844
258,397.1,192.5,267.0,20.33,1.844
258,397.1,192.2,267.0,20.33,1.844
258,397.1,192.0,267.0,19.96,1.844
258,397.1,191.7,267.0,19.96,1.720
258,397.1,191.4,267.0,19.96,1.720
258,397.1,191.2,267.0,19.96,1.720
258,397.1,190.9,267.0,19.96,1.720
258,397.1,190.6,267.0,19.96,1.720
258,397.1,193.3,267.0,20.33,1.720
258,397.1,193.0,267.0,20.33,1.844
258,397.1,192.7,267.0,20.33,1.844
258,397.1,192.4,267.0,20.33,1.844
258,397.1,192.2,267.0,20.33,1.844
258,397.1,191.9,267.0,19.96,1.844
258,397.1,191.6,267.0,19.96,1.720
258,397.1,191.3,267.0,19.96,1.720
258,397.1,191.1,267.0,19.96,1.720
258,397.1,190.8,267.0,19.96,1.720
258,397.1,190.5,267.0,19.96,1.720
258,397.1,193.2,267.0,20.33,1.720
258,397.1,192.9,267.0,20.33,1.844
258,397.1,192.6,267.0,20.33,1.844
258,397.1,192.4,267.0,20.33,1.844
258,397.1,192.1,267.0,20.33,1.844
258,397.1,194.8,267.0,20.33,1.844
258,397.1,194.5,267.0,20.33,1.844
258,397.1,194.2,267.0,20.33,1.844
258,397.1,193.9,267.0,20.33,1.844
258,397.1,193.7,267.0,20.33,1.844
258,397.1,193.4,267.0,20.33,1.844
258,397.1,193.1,267.0,20.33,1.844
258,397.1,192.8,267.0,20.33,1.844
258,397.1,192.6,267.0,20.33,1.844
258,397.1,192.3,267.0,20.33,1.844
258,397.1,192.0,267.0,20.33,1.844
258,397.1,194.7,267.0,20.33,1.844
258,397.1,194.4,267.0,20.33,1.844
258,397.1,194.1,267.0,20.33,1.844
258,397.1,193.8,267.0,20.33,1.844
258,397.1,193.6,267.0,20.33,1.844
258,397.1,193.3,267.0,20.33,1.844
258,397.1,193.0,267.0,20.33,1.844
258,397.1,192.8,267.0,20.33,1.844
258,397.1,192.5,267.0,20.33,1.844
258,397.1,192.2,267.0,20.33,1.844
258,397.1,191.9,267.0,19.96,1.844
258,397.1,191.7,267.0,19.96,1.720
258,397.1,191.4,267.0,19.96,1.720
258,397.1,191.1,267.0,19.96,1.720
258,397.1,190.8,267.0,19.96,1.720
258,397.1,190.6,267.0,19.96,1.720
258,397.1,193.2,267.0,20.33,1.720
258,397.1,192.9,267.0,20.33,1.844
258,397.1,192.7,267.0,20.33,1.844
258,397.1,192.4,267.0,20.33,1.844
258,397.1,192.1,267.0,20.33,1.844
258,397.1,194.8,267.0,20.33,1.844
258,397.1,194.5,267.0,20.33,1.844
258,397.1,194.2,267.0,20.33,1.844
258,397.1,194.0,267.0,20.33,1.844
258,397.1,193.7,267.0,20.33,1.844
258,397.1,193.4,267.0,20.33,1.844
258,397.1,193.1,267.0,20.33,1.844
258,397.1,192.9,267.0,20.33,1.844
258,397.1,192.6,267.0,20.33,1.844
258,397.1,192.3,267.0,20.33,1.844
258,397.1,192.0,267.0,20.33,1.844
258,397.1,194.7,267.0,20.33,1.844
258,397.1,194.4,267.0,20.33,1.844
258,397.1,194.2,267.0,20.33,1.844
258,397.1,193.9,267.0,20.33,1.844
258,397.1,193.6,267.0,20.33,1.844
258,397.1,193.3,267.0,20.33,1.844
258,397.1,193.1,267.0,20.33,1.844
258,397.1,192.8,267.0,20.33,1.844
258,397.1,192.5,267.0,20.33,1.844
258,397.1,192.2,267.0,20.33,1.844
258,397.1,192.0,267.0,19.96,1.844
258,397.1,191.7,267.0,19.96,1.720
258,397.1,191.4,267.0,19.96,1.720
258,397.1,191.1,267.0,19.96,1.720
258,397.1,190.9,267.0,19.96,1.720
258,397.1,190.6,267.0,19.96,1.720
258,397.1,193.2,267.0,20.33,1.720
258,397.1,193.0,267.0,20.33,1.844
258,397.1,192.7,267.0,20.33,1.844
258,397.1,192.4,267.0,20.33,1.844
264,430.7,214.2,257.6,20.07,1.287
264,424.5,212.0,257.2,20.07,0.816
264,418.4,209.9,256.8,20.42,0.816
264,415.7,207.0,265.9,20.33,1.238
264,412.8,203.8,267.0,20.20,1.595
264,409.9,203.5,267.0,20.20,1.703
264,407.0,203.3,267.0,20.33,1.703
264,407.0,203.0,267.0,20.33,1.844
264,407.0,202.7,267.0,20.33,1.844
264,407.0,202.4,267.0,20.33,1.844
264,407.0,202.2,267.0,20.33,1.844
264,407.0,201.9,267.0,20.33,1.844
264,407.0,201.6,267.0,20.33,1.844
264,407.0,201.3,267.0,20.33,1.844
264,407.0,201.0,267.0,20.33,1.844
264,407.0,200.8,267.0,20.33,1.844
264,407.0,200.5,267.0,20.33,1.844
264,407.0,200.2,267.0,20.33,1.844
264,407.0,200.0,267.0,20.33,1.844
264,407.0,199.7,267.0,20.33,1.844
264,407.0,199.4,267.0,20.33,1.844
264,407.0,199.1,267.0,20.33,1.844
264,407.0,198.8,267.0,20.33,1.844
264,407.0,198.6,267.0,20.33,1.844
264,407.0,198.3,267.0,20.33,1.844
264,407.0,198.0,267.0,20.33,1.844
264,407.0,197.8,267.0,20.33,1.844
264,407.0,197.5,267.0,20.33,1.844
264,407.0,197.2,267.0,20.33,1.844
264,407.0,196.9,267.0,20.33,1.844
264,407.0,196.6,267.0,20.33,1.844
264,407.0,196.4,267.0,20.33,1.844
264,407.0,196.1,267.0,20.33,1.844
264,407.0,195.8,267.0,20.33,1.844
264,407.0,195.6,267.0,20.33,1.844
264,407.0,195.3,267.0,20.33,1.844
264,407.0,195.0,267.0,20.33,1.844
264,407.0,194.7,267.0,20.33,1.844
264,407.0,194.4,267.0,20.33,1.844
264,407.0,194.2,267.0,20.33,1.844
264,407.0,193.9,267.0,20.33,1.844
264,407.0,193.6,267.0,20.33,1.844
264,407.0,193.3,267.0,20.33,1.844
264,407.0,193.1,267.0,20.33,1.844
264,407.0,192.8,267.0,20.33,1.844
264,407.0,192.5,267.0,20.33,1.844
264,407.0,192.2,267.0,20.33,1.844
264,407.0,192.0,267.0,19.96,1.844
264,407.0,191.7,267.0,19.96,1.720
264,407.0,191.4,267.0,19.96,1.720
264,407.0,191.1,267.0,19.96,1.720
264,407.0,190.9,267.0,19.96,1.720
264,407.0,190.6,267.0,19.96,1.720
264,407.0,193.3,267.0,20.33,1.720
264,407.0,193.0,267.0,20.33,1.844
264,407.0,192.7,267.0,20.33,1.844
264,407.0,192.4,267.0,20.33,1.844
264,407.0,192.2,267.0,20.33,1.844
264,407.0,191.9,267.0,19.96,1.844
264,407.0,191.6,267.0,19.96,1.720
264,407.0,191.3,267.0,19.96,1.720
264,407.0,191.1,267.0,19.96,1.720
264,407.0,190.8,267.0,19.96,1.720
264,407.0,190.5,267.0,19.96,1.720
264,407.0,193.2,267.0,20.33,1.720
264,407.0,192.9,267.0,20.33,1.844
264,407.0,192.6,267.0,20.33,1.844
264,407.0,192.4,267.0,20.33,1.844
264,407.0,192.1,267.0,20.33,1.844
264,407.0,194.8,267.0,20.33,1.844
264,407.0,194.5,267.0,20.33,1.844
264,407.0,194.2,267.0,20.33,1.844
264,407.0,193.9,267.0,20.33,1.844
264,407.0,193.7,267.0,20.33,1.844
264,407.0,193.4,267.0,20.33,1.844
264,407.0,193.1,267.0,20.33,1.844
264,407.0,192.8,267.0,20.33,1.844
264,407.0,192.6,267.0,20.33,1.844
264,407.0,192.3,267.0,20.33,1.844
264,407.0,192.0,267.0,20.33,1.844
264,407.0,194.7,267.0,20.33,1.844
264,407.0,194.4,267.0,20.33,1.844
264,407.0,194.1,267.0,20.33,1.844
264,407.0,193.8,267.0,20.33,1.844
264,407.0,193.6,267.0,20.33,1.844
264,407.0,193.3,267.0,20.33,1.844
264,407.0,193.0,267.0,20.33,1.844
264,407.0,192.8,267.0,20.33,1.844
264,407.0,192.5,267.0,20.33,1.844
264,407.0,192.2,267.0,20.33,1.844
264,407.0,191.9,267.0,19.96,1.844
264,407.0,191.7,267.0,19.96,1.720
264,407.0,191.4,267.0,19.96,1.720
264,407.0,191.1,267.0,19.96,1.720
264,407.0,190.8,267.0,19.96,1.720
264,407.0,190.5,267.0,19.96,1.720
264,407.0,193.2,267.0,20.33,1.720
264,407.0,192.9,267.0,20.33,1.844
264,407.0,192.7,267.0,20.33,1.844
264,407.0,192.4,267.0,20.33,1.844
264,407.0,192.1,267.0,20.33,1.844
264,407.0,194.8,267.0,20.33,1.844
264,407.0,194.5,267.0,20.33,1.844
264,407.0,194.2,267.0,20.33,1.844
264,407.0,194.0,267.0,20.33,1.844
264,407.0,193.7,267.0,20.33,1.844
264,407.0,193.4,267.0,20.33,1.844
264,407.0,193.1,267.0,20.33,1.844
264,407.0,192.9,267.0,20.33,1.844
264,407.0,192.6,267.0,20.33,1.844
264,407.0,192.3,267.0,20.33,1.844
264,407.0,192.0,267.0,20.33,1.844
264,407.0,194.7,267.0,20.33,1.844
264,407.0,194.4,267.0,20.33,1.844
264,407.0,194.2,267.0,20.33,1.844
264,407.0,193.9,267.0,20.33,1.844
264,407.0,193.6,267.0,20.33,1.844
264,407.0,193.3,267.0,20.33,1.844
264,407.0,193.1,267.0,20.33,1.844
264,407.0,192.8,267.0,20.33,1.844
264,407.0,192.5,267.0,20.33,1.844
264,407.0,192.2,267.0,20.33,1.844
264,407.0,191.9,267.0,19.96,1.844
264,407.0,191.7,267.0,19.96,1.720
264,407.0,191.4,267.0,19.96,1.720
264,407.0,191.1,267.0,19.96,1.720
264,407.0,190.9,267.0,19.96,1.720
264,407.0,190.6,267.0,19.96,1.720
264,407.0,193.2,267.0,20.33,1.720
264,407.0,193.0,267.0,20.33,1.844
264,407.0,192.7,267.0,20.33,1.844
264,407.0,192.4,267.0,20.33,1.844
264,407.0,192.2,267.0,20.33,1.844
264,407.0,191.9,267.0,19.96,1.844
264,407.0,191.6,267.0,19.96,1.720
264,407.0,191.3,267.0,19.96,1.720
264,407.0,191.1,267.0,19.96,1.720
264,407.0,190.8,267.0,19.96,1.720
264,407.0,190.5,267.0,19.96,1.720
264,407.0,193.2,267.0,20.33,1.720
264,407.0,192.9,267.0,20.33,1.844
264,407.0,192.6,267.0,20.33,1.844
264,407.0,192.3,267.0,20.33,1.844
264,407.0,192.1,267.0,20.33,1.844
264,407.0,194.7,267.0,20.33,1.844
264,407.0,194.5,267.0,20.33,1.844
264,407.0,194.2,267.0,20.33,1.844
264,407.0,193.9,267.0,20.33,1.844
264,407.0,193.6,267.0,20.33,1.844
264,407.0,193.4,267.0,20.33,1.844
264,407.0,193.1,267.0,20.33,1.844
264,407.0,192.8,267.0,20.33,1.844
264,407.0,192.5,267.0,20.33,1.844
264,407.0,192.3,267.0,20.33,1.844
264,407.0,192.0,267.0,19.96,1.844
264,407.0,191.7,267.0,19.96,1.720
264,407.0,191.4,267.0,19.96,1.720
264,407.0,191.2,267.0,19.96,1.720
264,407.0,190.9,267.0,19.96,1.720
264,407.0,190.6,267.0,19.96,1.720
270,397.0,233.8,264.3,18.87,0.841
270,397.0,227.4,263.6,19.84,0.841
270,397.0,222.2,267.0,19.70,1.008
270,397.0,217.1,267.0,19.70,1.250
270,397.0,213.9,267.0,20.21,1.250
270,397.0,210.8,267.0,20.21,1.690
270,397.0,207.7,267.0,20.21,1.690
270,397.0,204.5,267.0,20.21,1.690
270,397.0,204.3,267.0,20.21,1.690
270,397.0,204.0,267.0,20.33,1.690
270,397.0,203.7,267.0,20.33,1.844
270,397.0,203.4,267.0,20.33,1.844
270,397.0,203.2,267.0,20.33,1.844
270,397.0,202.9,267.0,20.33,1.844
270,397.0,202.6,267.0,20.33,1.844
270,397.0,202.3,267.0,20.33,1.844
270,397.0,202.1,267.0,20.33,1.844
270,397.0,201.8,267.0,20.33,1.844
270,397.0,201.5,267.0,20.33,1.844
270,397.0,201.2,267.0,20.33,1.844
270,397.0,201.0,267.0,20.33,1.844
270,397.0,200.7,267.0,20.33,1.844
270,397.0,200.4,267.0,20.33,1.844
270,397.0,200.1,267.0,20.33,1.844
270,397.0,199.9,267.0,20.33,1.844
270,397.0,199.6,267.0,20.33,1.844
270,397.0,199.3,267.0,20.33,1.844
270,397.0,199.0,267.0,20.33,1.844
270,397.0,198.8,267.0,20.33,1.844
270,397.0,198.5,267.0,20.33,1.844
270,397.0,198.2,267.0,20.33,1.844
270,397.0,197.9,267.0,20.33,1.844
270,397.0,197.7,267.0,20.33,1.844
270,397.0,197.4,267.0,20.33,1.844
270,397.0,197.1,267.0,20.33,1.844
270,397.0,196.8,267.0,20.33,1.844
270,397.0,196.6,267.0,20.33,1.844
270,397.0,196.3,267.0,20.33,1.844
270,397.0,196.0,267.0,20.33,1.844
270,397.0,195.7,267.0,20.33,1.844
270,397.0,195.4,267.0,20.33,1.844
270,397.0,195.2,267.0,20.33,1.844
270,397.0,194.9,267.0,20.33,1.844
270,397.0,194.6,267.0,20.33,1.844
270,397.0,194.3,267.0,20.33,1.844
270,397.0,194.1,267.0,20.33,1.844
270,397.0,193.8,267.0,20.33,1.844
270,397.0,193.5,267.0,20.33,1.844
270,397.0,193.2,267.0,20.33,1.844
270,397.0,193.0,267.0,20.33,1.844
270,397.0,192.7,267.0,20.33,1.844
270,397.0,192.4,267.0,20.33,1.844
270,397.0,192.2,267.0,20.33,1.844
270,397.0,191.9,267.0,19.96,1.844
270,397.0,191.6,267.0,19.96,1.720
270,397.0,191.3,267.0,19.96,1.720
270,397.0,191.1,267.0,19.96,1.720
270,397.0,190.8,267.0,19.96,1.720
270,397.0,190.5,267.0,19.96,1.720
270,397.0,193.2,267.0,20.33,1.720
270,397.0,192.9,267.0,20.33,1.844
270,397.0,192.6,267.0,20.33,1.844
270,397.0,192.3,267.0,20.33,1.844
270,397.0,192.1,267.0,20.33,1.844
270,397.0,194.7,267.0,20.33,1.844
270,397.0,194.5,267.0,20.33,1.844
270,397.0,194.2,267.0,20.33,1.844
270,397.0,193.9,267.0,20.33,1.844
270,397.0,193.6,267.0,20.33,1.844
270,397.0,193.4,267.0,20.33,1.844
270,397.0,193.1,267.0,20.33,1.844
270,397.0,192.8,267.0,20.33,1.844
270,397.0,192.5,267.0,20.33,1.844
270,397.0,192.3,267.0,20.33,1.844
270,397.0,192.0,267.0,19.96,1.844
270,397.0,191.7,267.0,19.96,1.720
270,397.0,191.4,267.0,19.96,1.720
270,397.0,191.2,267.0,19.96,1.720
270,397.0,190.9,267.0,19.96,1.720
270,397.0,190.6,267.0,19.96,1.720
270,397.0,193.3,267.0,20.33,1.720
270,397.0,193.0,267.0,20.33,1.844
270,397.0,192.7,267.0,20.33,1.844
270,397.0,192.5,267.0,20.33,1.844
270,397.0,192.2,267.0,20.33,1.844
270,397.0,191.9,267.0,19.96,1.844
270,397.0,191.6,267.0,19.96,1.720
270,397.0,191.4,267.0,19.96,1.720
270,397.0,191.1,267.0,19.96,1.720
270,397.0,190.8,267.0,19.96,1.720
270,397.0,190.5,267.0,19.96,1.720
270,397.0,193.2,267.0,20.33,1.720
270,397.0,192.9,267.0,20.33,1.844
270,397.0,192.7,267.0,20.33,1.844
270,397.0,192.4,267.0,20.33,1.844
270,397.0,192.1,267.0,20.33,1.844
270,397.0,194.8,267.0,20.33,1.844
270,397.0,194.5,267.0,20.33,1.844
270,397.0,194.2,267.0,20.33,1.844
270,397.0,193.9,267.0,20.33,1.844
270,397.0,193.7,267.0,20.33,1.844
270,397.0,193.4,267.0,20.33,1.844
270,397.0,193.1,267.0,20.33,1.844
270,397.0,192.9,267.0,20.33,1.844
270,397.0,192.6,267.0,20.33,1.844
270,397.0,192.3,267.0,20.33,1.844
270,397.0,192.0,267.0,20.33,1.844
270,397.0,194.7,267.0,20.33,1.844
270,397.0,194.4,267.0,20.33,1.844
270,397.0,194.1,267.0,20.33,1.844
270,397.0,193.9,267.0,20.33,1.844
270,397.0,193.6,267.0,20.33,1.844
270,397.0,193.3,267.0,20.33,1.844
270,397.0,193.0,267.0,20.33,1.844
270,397.0,192.8,267.0,20.33,1.844
270,397.0,192.5,267.0,20.33,1.844
270,397.0,192.2,267.0,20.33,1.844
270,397.0,191.9,267.0,19.96,1.844
270,397.0,191.7,267.0,19.96,1.720
270,397.0,191.4,267.0,19.96,1.720
270,397.0,191.1,267.0,19.96,1.720
270,397.0,190.8,267.0,19.96,1.720
270,397.0,190.6,267.0,19.96,1.720
270,397.0,193.2,267.0,20.33,1.720
270,397.0,193.0,267.0,20.33,1.844
270,397.0,192.7,267.0,20.33,1.844
270,397.0,192.4,267.0,20.33,1.844
270,397.0,192.1,267.0,20.33,1.844
270,397.0,194.8,267.0,20.33,1.844
270,397.0,194.5,267.0,20.33,1.844
270,397.0,194.3,267.0,20.33,1.844
270,397.0,194.0,267.0,20.33,1.844
270,397.0,193.7,267.0,20.33,1.844
270,397.0,193.4,267.0,20.33,1.844
270,397.0,193.2,267.0,20.33,1.844
270,397.0,192.9,267.0,20.33,1.844
270,397.0,192.6,267.0,20.33,1.844
270,397.0,192.3,267.0,20.33,1.844
270,397.0,192.1,267.0,20.33,1.844
270,397.0,194.7,267.0,20.33,1.844
270,397.0,194.4,267.0,20.33,1.844
270,397.0,194.2,267.0,20.33,1.844
270,397.0,193.9,267.0,20.33,1.844
270,397.0,193.6,267.0,20.33,1.844
270,397.0,193.3,267.0,20.33,1.844
270,397.0,193.1,267.0,20.33,1.844
270,397.0,192.8,267.0,20.33,1.844
270,397.0,192.5,267.0,20.33,1.844
270,397.0,192.2,267.0,20.33,1.844
270,397.0,192.0,267.0,19.96,1.844
270,397.0,191.7,267.0,19.96,1.720
270,397.0,191.4,267.0,19.96,1.720
270,397.0,191.2,267.0,19.96,1.720
270,397.0,190.9,267.0,19.96,1.720
270,397.0,190.6,267.0,19.96,1.720
270,397.0,193.3,267.0,20.33,1.720
270,397.0,193.0,267.0,20.33,1.844
270,397.0,192.7,267.0,20.33,1.844
270,397.0,192.4,267.0,20.33,1.844
270,397.0,192.2,267.0,20.33,1.844
276,423.0,242.9,262.7,22.44,0.506
276,422.2,240.2,260.4,22.44,0.445
276,417.7,235.5,260.4,19.71,0.445
276,415.8,229.3,259.9,19.71,0.823
276,413.3,224.3,265.9,20.21,0.823
276,410.4,219.2,267.0,20.21,1.250
276,407.5,214.0,267.0,20.21,1.250
276,407.5,210.9,267.0,20.21,1.690
276,407.5,207.8,267.0,20.21,1.690
276,407.5,204.6,267.0,20.21,1.690
276,407.5,204.4,267.0,20.21,1.690
276,407.5,204.1,267.0,20.21,1.690
276,407.5,203.8,267.0,20.33,1.690
276,407.5,203.5,267.0,20.33,1.844
276,407.5,203.3,267.0,20.33,1.844
276,407.5,203.0,267.0,20.33,1.844
276,407.5,202.7,267.0,20.33,1.844
276,407.5,202.4,267.0,20.33,1.844
276,407.5,202.2,267.0,20.33,1.844
276,407.5,201.9,267.0,20.33,1.844
276,407.5,201.6,267.0,20.33,1.844
276,407.5,201.3,267.0,20.33,1.844
276,407.5,201.1,267.0,20.33,1.844
276,407.5,200.8,267.0,20.33,1.844
276,407.5,200.5,267.0,20.33,1.844
276,407.5,200.2,267.0,20.33,1.844
276,407.5,200.0,267.0,20.33,1.844
276,407.5,199.7,267.0,20.33,1.844
276,407.5,199.4,267.0,20.33,1.844
276,407.5,199.1,267.0,20.33,1.844
276,407.5,198.9,267.0,20.33,1.844
276,407.5,198.6,267.0,20.33,1.844
276,407.5,198.3,267.0,20.33,1.844
276,407.5,198.0,267.0,20.33,1.844
276,407.5,197.8,267.0,20.33,1.844
276,407.5,197.5,267.0,20.33,1.844
276,407.5,197.2,267.0,20.33,1.844
276,407.5,196.9,267.0,20.33,1.844
276,407.5,196.7,267.0,20.33,1.844
276,407.5,196.4,267.0,20.33,1.844
276,407.5,196.1,267.0,20.33,1.844
276,407.5,195.8,267.0,20.33,1.844
276,407.5,195.6,267.0,20.33,1.844
276,407.5,195.3,267.0,20.33,1.844
276,407.5,195.0,267.0,20.33,1.844
276,407.5,194.7,267.0,20.33,1.844
276,407.5,194.5,267.0,20.33,1.844
276,407.5,194.2,267.0,20.33,1.844
276,407.5,193.9,267.0,20.33,1.844
276,407.5,193.6,267.0,20.33,1.844
276,407.5,193.4,267.0,20.33,1.844
276,407.5,193.1,267.0,20.33,1.844
276,407.5,192.8,267.0,20.33,1.844
276,407.5,192.5,267.0,20.33,1.844
276,407.5,192.3,267.0,20.33,1.844
276,407.5,192.0,267.0,19.96,1.844
276,407.5,191.7,267.0,19.96,1.720
276,407.5,191.4,267.0,19.96,1.720
276,407.5,191.2,267.0,19.96,1.720
276,407.5,190.9,267.0,19.96,1.720
276,407.5,190.6,267.0,19.96,1.720
276,407.5,193.3,267.0,20.33,1.720
276,407.5,193.0,267.0,20.33,1.844
276,407.5,192.7,267.0,20.33,1.844
276,407.5,192.5,267.0,20.33,1.844
276,407.5,192.2,267.0,20.33,1.844
276,407.5,191.9,267.0,19.96,1.844
276,407.5,191.6,267.0,19.96,1.720
276,407.5,191.3,267.0,19.96,1.720
276,407.5,191.1,267.0,19.96,1.720
276,407.5,190.8,267.0,19.96,1.720
276,407.5,190.5,267.0,19.96,1.720
276,407.5,193.2,267.0,20.33,1.720
276,407.5,192.9,267.0,20.33,1.844
276,407.5,192.7,267.0,20.33,1.844
276,407.5,192.4,267.0,20.33,1.844
276,407.5,192.1,267.0,20.33,1.844
276,407.5,194.8,267.0,20.33,1.844
276,407.5,194.5,267.0,20.33,1.844
276,407.5,194.2,267.0,20.33,1.844
276,407.5,193.9,267.0,20.33,1.844
276,407.5,193.7,267.0,20.33,1.844
276,407.5,193.4,267.0,20.33,1.844
276,407.5,193.1,267.0,20.33,1.844
276,407.5,192.8,267.0,20.33,1.844
276,407.5,192.6,267.0,20.33,1.844
276,407.5,192.3,267.0,20.33,1.844
276,407.5,192.0,267.0,20.33,1.844
276,407.5,194.7,267.0,20.33,1.844
276,407.5,194.4,267.0,20.33,1.844
276,407.5,194.1,267.0,20.33,1.844
276,407.5,193.9,267.0,20.33,1.844
276,407.5,193.6,267.0,20.33,1.844
276,407.5,193.3,267.0,20.33,1.844
276,407.5,193.0,267.0,20.33,1.844
276,407.5,192.8,267.0,20.33,1.844
276,407.5,192.5,267.0,20.33,1.844
276,407.5,192.2,267.0,20.33,1.844
276,407.5,191.9,267.0,19.96,1.844
276,407.5,191.7,267.0,19.96,1.720
276,407.5,191.4,267.0,19.96,1.720
276,407.5,191.1,267.0,19.96,1.720
276,407.5,190.8,267.0,19.96,1.720
276,407.5,190.6,267.0,19.96,1.720
276,407.5,193.2,267.0,20.33,1.720
276,407.5,193.0,267.0,20.33,1.844
276,407.5,192.7,267.0,20.33,1.844
276,407.5,192.4,267.0,20.33,1.844
276,407.5,192.1,267.0,20.33,1.844
276,407.5,194.8,267.0,20.33,1.844
276,407.5,194.5,267.0,20.33,1.844
276,407.5,194.2,267.0,20.33,1.844
276,407.5,194.0,267.0,20.33,1.844
276,407.5,193.7,267.0,20.33,1.844
276,407.5,193.4,267.0,20.33,1.844
276,407.5,193.2,267.0,20.33,1.844
276,407.5,192.9,267.0,20.33,1.844
276,407.5,192.6,267.0,20.33,1.844
276,407.5,192.3,267.0,20.33,1.844
276,407.5,192.1,267.0,20.33,1.844
276,407.5,194.7,267.0,20.33,1.844
276,407.5,194.4,267.0,20.33,1.844
276,407.5,194.2,267.0,20.33,1.844
276,407.5,193.9,267.0,20.33,1.844
276,407.5,193.6,267.0,20.33,1.844
276,407.5,193.3,267.0,20.33,1.844
276,407.5,193.1,267.0,20.33,1.844
276,407.5,192.8,267.0,20.33,1.844
276,407.5,192.5,267.0,20.33,1.844
276,407.5,192.2,267.0,20.33,1.844
276,407.5,192.0,267.0,19.96,1.844
276,407.5,191.7,267.0,19.96,1.720
276,407.5,191.4,267.0,19.96,1.720
276,407.5,191.1,267.0,19.96,1.720
276,407.5,190.9,267.0,19.96,1.720
276,407.5,190.6,267.0,19.96,1.720
276,407.5,193.3,267.0,20.33,1.720
276,407.5,193.0,267.0,20.33,1.844
276,407.5,192.7,267.0,20.33,1.844
276,407.5,192.4,267.0,20.33,1.844
276,407.5,192.2,267.0,20.33,1.844
276,407.5,191.9,267.0,19.96,1.844
276,407.5,191.6,267.0,19.96,1.720
276,407.5,191.3,267.0,19.96,1.720
276,407.5,191.1,267.0,19.96,1.720
276,407.5,190.8,267.0,19.96,1.720
276,407.5,190.5,267.0,19.96,1.720
276,407.5,193.2,267.0,20.33,1.720
276,407.5,192.9,267.0,20.33,1.844
276,407.5,192.6,267.0,20.33,1.844
276,407.5,192.4,267.0,20.33,1.844
276,407.5,192.1,267.0,20.33,1.844
276,407.5,194.8,267.0,20.33,1.844
276,407.5,194.5,267.0,20.33,1.844
276,407.5,194.2,267.0,20.33,1.844
276,407.5,193.9,267.0,20.33,1.844
276,407.5,193.7,267.0,20.33,1.844
276,407.5,193.4,267.0,20.33,1.844
276,407.5,193.1,267.0,20.33,1.844
276,407.5,192.8,267.0,20.33,1.844
282,426.4,196.7,264.4,19.30,1.306
282,419.8,196.5,263.8,20.29,0.833
282,416.9,196.2,267.0,20.20,1.306
282,414.0,195.9,267.0,20.20,1.703
282,411.0,195.6,267.0,20.20,1.703
282,408.1,195.3,267.0,20.20,1.703
282,408.1,195.0,267.0,20.20,1.703
282,408.1,194.7,267.0,20.20,1.703
282,408.1,194.5,267.0,20.20,1.703
282,408.1,194.2,267.0,20.20,1.703
282,408.1,193.9,267.0,20.20,1.703
282,408.1,193.6,267.0,20.20,1.703
282,408.1,193.4,267.0,20.20,1.703
282,408.1,193.1,267.0,20.20,1.703
282,408.1,192.8,267.0,20.20,1.703
282,408.1,192.5,267.0,20.20,1.703
282,408.1,192.3,267.0,20.20,1.703
282,408.1,192.0,267.0,20.26,1.703
282,408.1,191.7,267.0,20.26,1.615
282,408.1,191.4,267.0,20.26,1.615
282,408.1,191.2,267.0,20.26,1.615
282,408.1,190.9,267.0,20.26,1.615
282,408.1,190.6,267.0,20.26,1.615
282,408.1,193.3,267.0,20.20,1.615
282,408.1,193.0,267.0,20.20,1.703
282,408.1,192.7,267.0,20.20,1.703
282,408.1,192.5,267.0,20.20,1.703
282,408.1,192.2,267.0,20.20,1.703
282,408.1,191.9,267.0,20.26,1.703
282,408.1,191.6,267.0,20.26,1.615
282,408.1,191.3,267.0,20.26,1.615
282,408.1,191.1,267.0,20.26,1.615
282,408.1,190.8,267.0,20.26,1.615
282,408.1,190.5,267.0,20.26,1.615
282,408.1,193.2,267.0,20.20,1.615
282,408.1,192.9,267.0,20.20,1.703
282,408.1,192.7,267.0,20.20,1.703
282,408.1,192.4,267.0,20.20,1.703
282,408.1,192.1,267.0,20.20,1.703
282,408.1,194.8,267.0,20.20,1.703
282,408.1,194.5,267.0,20.20,1.703
282,408.1,194.2,267.0,20.20,1.703
282,408.1,193.9,267.0,20.20,1.703
282,408.1,193.7,267.0,20.20,1.703
282,408.1,193.4,267.0,20.20,1.703
282,408.1,193.1,267.0,20.20,1.703
282,408.1,192.8,267.0,20.20,1.703
282,408.1,192.6,267.0,20.20,1.703
282,408.1,192.3,267.0,20.20,1.703
282,408.1,192.0,267.0,20.20,1.703
282,408.1,194.7,267.0,20.20,1.703
282,408.1,194.4,267.0,20.20,1.703
282,408.1,194.1,267.0,20.20,1.703
282,408.1,193.9,267.0,20.20,1.703
282,408.1,193.6,267.0,20.20,1.703
282,408.1,193.3,267.0,20.20,1.703
282,408.1,193.0,267.0,20.20,1.703
282,408.1,192.8,267.0,20.20,1.703
282,408.1,192.5,267.0,20.20,1.703
282,408.1,192.2,267.0,20.20,1.703
282,408.1,191.9,267.0,20.26,1.703
282,408.1,191.7,267.0,20.26,1.615
282,408.1,191.4,267.0,20.26,1.615
282,408.1,191.1,267.0,20.26,1.615
282,408.1,190.8,267.0,20.26,1.615
282,408.1,190.6,267.0,20.26,1.615
282,408.1,193.2,267.0,20.20,1.615
282,408.1,193.0,267.0,20.20,1.703
282,408.1,192.7,267.0,20.20,1.703
282,408.1,192.4,267.0,20.20,1.703
282,408.1,192.1,267.0,20.20,1.703
282,408.1,194.8,267.0,20.20,1.703
282,408.1,194.5,267.0,20.20,1.703
282,408.1,194.2,267.0,20.20,1.703
282,408.1,194.0,267.0,20.20,1.703
282,408.1,193.7,267.0,20.20,1.703
282,408.1,193.4,267.0,20.20,1.703
282,408.1,193.2,267.0,20.20,1.703
282,408.1,192.9,267.0,20.20,1.703
282,408.1,192.6,267.0,20.20,1.703
282,408.1,192.3,267.0,20.20,1.703
282,408.1,192.1,267.0,20.20,1.703
282,408.1,194.7,267.0,20.20,1.703
282,408.1,194.4,267.0,20.20,1.703
282,408.1,194.2,267.0,20.20,1.703
282,408.1,193.9,267.0,20.20,1.703
282,408.1,193.6,267.0,20.20,1.703
282,408.1,193.3,267.0,20.20,1.703
282,408.1,193.1,267.0,20.20,1.703
282,408.1,192.8,267.0,20.20,1.703
282,408.1,192.5,267.0,20.20,1.703
282,408.1,192.2,267.0,20.20,1.703
282,408.1,192.0,267.0,20.26,1.703
282,408.1,191.7,267.0,20.26,1.615
282,408.1,191.4,267.0,20.26,1.615
282,408.1,191.1,267.0,20.26,1.615
282,408.1,190.9,267.0,20.26,1.615
282,408.1,190.6,267.0,20.26,1.615
282,408.1,193.3,267.0,20.20,1.615
282,408.1,193.0,267.0,20.20,1.703
282,408.1,192.7,267.0,20.20,1.703
282,408.1,192.4,267.0,20.20,1.703
282,408.1,192.2,267.0,20.20,1.703
282,408.1,191.9,267.0,20.26,1.703
282,408.1,191.6,267.0,20.26,1.615
282,408.1,191.3,267.0,20.26,1.615
282,408.1,191.1,267.0,20.26,1.615
282,408.1,190.8,267.0,20.26,1.615
282,408.1,190.5,267.0,20.26,1.615
282,408.1,193.2,267.0,20.20,1.615
282,408.1,192.9,267.0,20.20,1.703
282,408.1,192.6,267.0,20.20,1.703
282,408.1,192.4,267.0,20.20,1.703
282,408.1,192.1,267.0,20.20,1.703
282,408.1,194.8,267.0,20.20,1.703
282,408.1,194.5,267.0,20.20,1.703
282,408.1,194.2,267.0,20.20,1.703
282,408.1,193.9,267.0,20.20,1.703
282,408.1,193.7,267.0,20.20,1.703
282,408.1,193.4,267.0,20.20,1.703
282,408.1,193.1,267.0,20.20,1.703
282,408.1,192.8,267.0,20.20,1.703
282,408.1,192.6,267.0,20.20,1.703
282,408.1,192.3,267.0,20.20,1.703
282,408.1,192.0,267.0,20.20,1.703
282,408.1,194.7,267.0,20.20,1.703
282,408.1,194.4,267.0,20.20,1.703
282,408.1,194.1,267.0,20.20,1.703
282,408.1,193.8,267.0,20.20,1.703
282,408.1,193.6,267.0,20.20,1.703
282,408.1,193.3,267.0,20.20,1.703
282,408.1,193.0,267.0,20.20,1.703
282,408.1,192.8,267.0,20.20,1.703
282,408.1,192.5,267.0,20.20,1.703
282,408.1,192.2,267.0,20.20,1.703
282,408.1,191.9,267.0,20.26,1.703
282,408.1,191.7,267.0,20.26,1.615
282,408.1,191.4,267.0,20.26,1.615
282,408.1,191.1,267.0,20.26,1.615
282,408.1,190.8,267.0,20.26,1.615
282,408.1,190.6,267.0,20.26,1.615
282,408.1,193.2,267.0,20.20,1.615
282,408.1,192.9,267.0,20.20,1.703
282,408.1,192.7,267.0,20.20,1.703
282,408.1,192.4,267.0,20.20,1.703
282,408.1,192.1,267.0,20.20,1.703
282,408.1,194.8,267.0,20.20,1.703
282,408.1,194.5,267.0,20.20,1.703
282,408.1,194.2,267.0,20.20,1.703
282,408.1,194.0,267.0,20.20,1.703
282,408.1,193.7,267.0,20.20,1.703
282,408.1,193.4,267.0,20.20,1.703
282,408.1,193.1,267.0,20.20,1.703
282,408.1,192.9,267.0,20.20,1.703
282,408.1,192.6,267.0,20.20,1.703
282,408.1,192.3,267.0,20.20,1.703
282,408.1,192.0,267.0,20.20,1.703
282,408.1,194.7,267.0,20.20,1.703
282,408.1,194.4,267.0,20.20,1.703
282,408.1,194.2,267.0,20.20,1.703
288,369.5,224.8,264.9,20.23,1.017
288,374.6,219.6,267.0,21.05,0.997
288,379.6,214.5,267.0,20.27,1.168
288,384.7,211.4,267.0,20.33,1.259
288,387.6,208.3,267.0,20.33,1.595
288,390.5,205.2,267.0,20.33,1.595
288,393.4,204.9,267.0,20.33,1.595
288,396.3,204.6,267.0,20.21,1.595
288,396.3,204.3,267.0,20.21,1.690
288,396.3,204.0,267.0,20.21,1.690
288,396.3,203.8,267.0,20.33,1.690
288,396.3,203.5,267.0,20.33,1.844
288,396.3,203.2,267.0,20.33,1.844
288,396.3,202.9,267.0,20.33,1.844
288,396.3,202.7,267.0,20.33,1.844
288,396.3,202.4,267.0,20.33,1.844
288,396.3,202.1,267.0,20.33,1.844
288,396.3,201.8,267.0,20.33,1.844
288,396.3,201.6,267.0,20.33,1.844
288,396.3,201.3,267.0,20.33,1.844
288,396.3,201.0,267.0,20.33,1.844
288,396.3,200.7,267.0,20.33,1.844
288,396.3,200.5,267.0,20.33,1.844
288,396.3,200.2,267.0,20.33,1.844
288,396.3,199.9,267.0,20.33,1.844
288,396.3,199.6,267.0,20.33,1.844
288,396.3,199.3,267.0,20.33,1.844
288,396.3,199.1,267.0,20.33,1.844
288,396.3,198.8,267.0,20.33,1.844
288,396.3,198.5,267.0,20.33,1.844
288,396.3,198.2,267.0,20.33,1.844
288,396.3,198.0,267.0,20.33,1.844
288,396.3,197.7,267.0,20.33,1.844
288,396.3,197.4,267.0,20.33,1.844
288,396.3,197.2,267.0,20.33,1.844
288,396.3,196.9,267.0,20.33,1.844
288,396.3,196.6,267.0,20.33,1.844
288,396.3,196.3,267.0,20.33,1.844
288,396.3,196.0,267.0,20.33,1.844
288,396.3,195.8,267.0,20.33,1.844
288,396.3,195.5,267.0,20.33,1.844
288,396.3,195.2,267.0,20.33,1.844
288,396.3,194.9,267.0,20.33,1.844
288,396.3,194.7,267.0,20.33,1.844
288,396.3,194.4,267.0,20.33,1.844
288,396.3,194.1,267.0,20.33,1.844
288,396.3,193.8,267.0,20.33,1.844
288,396.3,193.6,267.0,20.33,1.844
288,396.3,193.3,267.0,20.33,1.844
288,396.3,193.0,267.0,20.33,1.844
288,396.3,192.8,267.0,20.33,1.844
288,396.3,192.5,267.0,20.33,1.844
288,396.3,192.2,267.0,20.33,1.844
288,396.3,191.9,267.0,19.96,1.844
288,396.3,191.7,267.0,19.96,1.720
288,396.3,191.4,267.0,19.96,1.720
288,396.3,191.1,267.0,19.96,1.720
288,396.3,190.8,267.0,19.96,1.720
288,396.3,190.6,267.0,19.96,1.720
288,396.3,193.2,267.0,20.33,1.720
288,396.3,192.9,267.0,20.33,1.844
288,396.3,192.7,267.0,20.33,1.844
288,396.3,192.4,267.0,20.33,1.844
288,396.3,192.1,267.0,20.33,1.844
288,396.3,194.8,267.0,20.33,1.844
288,396.3,194.5,267.0,20.33,1.844
288,396.3,194.2,267.0,20.33,1.844
288,396.3,194.0,267.0,20.33,1.844
288,396.3,193.7,267.0,20.33,1.844
288,396.3,193.4,267.0,20.33,1.844
288,396.3,193.1,267.0,20.33,1.844
288,396.3,192.9,267.0,20.33,1.844
288,396.3,192.6,267.0,20.33,1.844
288,396.3,192.3,267.0,20.33,1.844
288,396.3,192.0,267.0,20.33,1.844
288,396.3,194.7,267.0,20.33,1.844
288,396.3,194.4,267.0,20.33,1.844
288,396.3,194.2,267.0,20.33,1.844
288,396.3,193.9,267.0,20.33,1.844
288,396.3,193.6,267.0,20.33,1.844
288,396.3,193.3,267.0,20.33,1.844
288,396.3,193.1,267.0,20.33,1.844
288,396.3,192.8,267.0,20.33,1.844
288,396.3,192.5,267.0,20.33,1.844
288,396.3,192.2,267.0,20.33,1.844
288,396.3,192.0,267.0,19.96,1.844
288,396.3,191.7,267.0,19.96,1.720
288,396.3,191.4,267.0,19.96,1.720
288,396.3,191.1,267.0,19.96,1.720
288,396.3,190.9,267.0,19.96,1.720
288,396.3,190.6,267.0,19.96,1.720
288,396.3,193.2,267.0,20.33,1.720
288,396.3,193.0,267.0,20.33,1.844
288,396.3,192.7,267.0,20.33,1.844
288,396.3,192.4,267.0,20.33,1.844
288,396.3,192.2,267.0,20.33,1.844
288,396.3,191.9,267.0,19.96,1.844
288,396.3,191.6,267.0,19.96,1.720
288,396.3,191.3,267.0,19.96,1.720
288,396.3,191.1,267.0,19.96,1.720
288,396.3,190.8,267.0,19.96,1.720
288,396.3,190.5,267.0,19.96,1.720
288,396.3,193.2,267.0,20.33,1.720
288,396.3,192.9,267.0,20.33,1.844
288,396.3,192.6,267.0,20.33,1.844
288,396.3,192.3,267.0,20.33,1.844
288,396.3,192.1,267.0,20.33,1.844
288,396.3,194.7,267.0,20.33,1.844
288,396.3,194.5,267.0,20.33,1.844
288,396.3,194.2,267.0,20.33,1.844
288,396.3,193.9,267.0,20.33,1.844
288,396.3,193.6,267.0,20.33,1.844
288,396.3,193.4,267.0,20.33,1.844
288,396.3,193.1,267.0,20.33,1.844
288,396.3,192.8,267.0,20.33,1.844
288,396.3,192.5,267.0,20.33,1.844
288,396.3,192.3,267.0,20.33,1.844
288,396.3,192.0,267.0,19.96,1.844
288,396.3,191.7,267.0,19.96,1.720
288,396.3,191.4,267.0,19.96,1.720
288,396.3,191.2,267.0,19.96,1.720
288,396.3,190.9,267.0,19.96,1.720
288,396.3,190.6,267.0,19.96,1.720
288,396.3,193.3,267.0,20.33,1.720
288,396.3,193.0,267.0,20.33,1.844
288,396.3,192.7,267.0,20.33,1.844
288,396.3,192.5,267.0,20.33,1.844
288,396.3,192.2,267.0,20.33,1.844
288,396.3,191.9,267.0,19.96,1.844
288,396.3,191.6,267.0,19.96,1.720
288,396.3,191.4,267.0,19.96,1.720
288,396.3,191.1,267.0,19.96,1.720
288,396.3,190.8,267.0,19.96,1.720
288,396.3,190.5,267.0,19.96,1.720
288,396.3,193.2,267.0,20.33,1.720
288,396.3,192.9,267.0,20.33,1.844
288,396.3,192.7,267.0,20.33,1.844
288,396.3,192.4,267.0,20.33,1.844
288,396.3,192.1,267.0,20.33,1.844
288,396.3,194.8,267.0,20.33,1.844
288,396.3,194.5,267.0,20.33,1.844
288,396.3,194.2,267.0,20.33,1.844
288,396.3,193.9,267.0,20.33,1.844
288,396.3,193.7,267.0,20.33,1.844
288,396.3,193.4,267.0,20.33,1.844
288,396.3,193.1,267.0,20.33,1.844
288,396.3,192.9,267.0,20.33,1.844
288,396.3,192.6,267.0,20.33,1.844
288,396.3,192.3,267.0,20.33,1.844
288,396.3,192.0,267.0,20.33,1.844
288,396.3,194.7,267.0,20.33,1.844
288,396.3,194.4,267.0,20.33,1.844
288,396.3,194.1,267.0,20.33,1.844
288,396.3,193.9,267.0,20.33,1.844
288,396.3,193.6,267.0,20.33,1.844
288,396.3,193.3,267.0,20.33,1.844
288,396.3,193.0,267.0,20.33,1.844
288,396.3,192.8,267.0,20.33,1.844
288,396.3,192.5,267.0,20.33,1.844
288,396.3,192.2,267.0,20.33,1.844
294,432.7,212.1,257.6,19.06,1.287
294,426.6,210.0,257.2,20.07,1.120
294,420.4,207.8,256.8,20.07,0.816
294,417.8,204.9,265.9,20.33,0.816
294,414.9,204.6,267.0,20.33,1.595
294,411.9,204.3,267.0,20.33,1.595
294,409.0,204.0,267.0,20.20,1.595
294,409.0,203.7,267.0,20.20,1.703
294,409.0,203.4,267.0,20.20,1.703
294,409.0,203.2,267.0,20.20,1.703
294,409.0,202.9,267.0,20.20,1.703
294,409.0,202.6,267.0,20.20,1.703
294,409.0,202.3,267.0,20.20,1.703
294,409.0,202.1,267.0,20.20,1.703
294,409.0,201.8,267.0,20.20,1.703
294,409.0,201.5,267.0,20.20,1.703
294,409.0,201.2,267.0,20.20,1.703
294,409.0,201.0,267.0,20.20,1.703
294,409.0,200.7,267.0,20.20,1.703
294,409.0,200.4,267.0,20.20,1.703
294,409.0,200.1,267.0,20.20,1.703
294,409.0,199.9,267.0,20.20,1.703
294,409.0,199.6,267.0,20.20,1.703
294,409.0,199.3,267.0,20.20,1.703
294,409.0,199.0,267.0,20.20,1.703
294,409.0,198.8,267.0,20.20,1.703
294,409.0,198.5,267.0,20.20,1.703
294,409.0,198.2,267.0,20.20,1.703
294,409.0,197.9,267.0,20.20,1.703
294,409.0,197.7,267.0,20.20,1.703
294,409.0,197.4,267.0,20.20,1.703
294,409.0,197.1,267.0,20.20,1.703
294,409.0,196.8,267.0,20.20,1.703
294,409.0,196.6,267.0,20.20,1.703
294,409.0,196.3,267.0,20.20,1.703
294,409.0,196.0,267.0,20.20,1.703
294,409.0,195.7,267.0,20.20,1.703
294,409.0,195.4,267.0,20.20,1.703
294,409.0,195.2,267.0,20.20,1.703
294,409.0,194.9,267.0,20.20,1.703
294,409.0,194.6,267.0,20.20,1.703
294,409.0,194.3,267.0,20.20,1.703
294,409.0,194.1,267.0,20.20,1.703
294,409.0,193.8,267.0,20.20,1.703
294,409.0,193.5,267.0,20.20,1.703
294,409.0,193.2,267.0,20.20,1.703
294,409.0,193.0,267.0,20.20,1.703
294,409.0,192.7,267.0,20.20,1.703
294,409.0,192.4,267.0,20.20,1.703
294,409.0,192.2,267.0,20.20,1.703
294,409.0,191.9,267.0,20.26,1.703
294,409.0,191.6,267.0,20.26,1.615
294,409.0,191.3,267.0,20.26,1.615
294,409.0,191.1,267.0,20.26,1.615
294,409.0,190.8,267.0,20.26,1.615
294,409.0,190.5,267.0,20.26,1.615
294,409.0,193.2,267.0,20.20,1.615
294,409.0,192.9,267.0,20.20,1.703
294,409.0,192.6,267.0,20.20,1.703
294,409.0,192.3,267.0,20.20,1.703
294,409.0,192.1,267.0,20.20,1.703
294,409.0,194.7,267.0,20.20,1.703
294,409.0,194.5,267.0,20.20,1.703
294,409.0,194.2,267.0,20.20,1.703
294,409.0,193.9,267.0,20.20,1.703
294,409.0,193.6,267.0,20.20,1.703
294,409.0,193.4,267.0,20.20,1.703
294,409.0,193.1,267.0,20.20,1.703
294,409.0,192.8,267.0,20.20,1.703
294,409.0,192.5,267.0,20.20,1.703
294,409.0,192.3,267.0,20.20,1.703
294,409.0,192.0,267.0,20.26,1.703
294,409.0,191.7,267.0,20.26,1.615
294,409.0,191.4,267.0,20.26,1.615
294,409.0,191.2,267.0,20.26,1.615
294,409.0,190.9,267.0,20.26,1.615
294,409.0,190.6,267.0,20.26,1.615
294,409.0,193.3,267.0,20.20,1.615
294,409.0,193.0,267.0,20.20,1.703
294,409.0,192.7,267.0,20.20,1.703
294,409.0,192.5,267.0,20.20,1.703
294,409.0,192.2,267.0,20.20,1.703
294,409.0,191.9,267.0,20.26,1.703
294,409.0,191.6,267.0,20.26,1.615
294,409.0,191.4,267.0,20.26,1.615
294,409.0,191.1,267.0,20.26,1.615
294,409.0,190.8,267.0,20.26,1.615
294,409.0,190.5,267.0,20.26,1.615
294,409.0,193.2,267.0,20.20,1.615
294,409.0,192.9,267.0,20.20,1.703
294,409.0,192.7,267.0,20.20,1.703
294,409.0,192.4,267.0,20.20,1.703
294,409.0,192.1,267.0,20.20,1.703
294,409.0,194.8,267.0,20.20,1.703
294,409.0,194.5,267.0,20.20,1.703
294,409.0,194.2,267.0,20.20,1.703
294,409.0,193.9,267.0,20.20,1.703
294,409.0,193.7,267.0,20.20,1.703
294,409.0,193.4,267.0,20.20,1.703
294,409.0,193.1,267.0,20.20,1.703
294,409.0,192.9,267.0,20.20,1.703
294,409.0,192.6,267.0,20.20,1.703
294,409.0,192.3,267.0,20.20,1.703
294,409.0,192.0,267.0,20.20,1.703
294,409.0,194.7,267.0,20.20,1.703
294,409.0,194.4,267.0,20.20,1.703
294,409.0,194.1,267.0,20.20,1.703
294,409.0,193.9,267.0,20.20,1.703
294,409.0,193.6,267.0,20.20,1.703
294,409.0,193.3,267.0,20.20,1.703
294,409.0,193.0,267.0,20.20,1.703
294,409.0,192.8,267.0,20.20,1.703
294,409.0,192.5,267.0,20.20,1.703
294,409.0,192.2,267.0,20.20,1.703
294,409.0,191.9,267.0,20.26,1.703
294,409.0,191.7,267.0,20.26,1.615
294,409.0,191.4,267.0,20.26,1.615
294,409.0,191.1,267.0,20.26,1.615
294,409.0,190.8,267.0,20.26,1.615
294,409.0,190.6,267.0,20.26,1.615
294,409.0,193.2,267.0,20.20,1.615
294,409.0,193.0,267.0,20.20,1.703
294,409.0,192.7,267.0,20.20,1.703
294,409.0,192.4,267.0,20.20,1.703
294,409.0,192.1,267.0,20.20,1.703
294,409.0,194.8,267.0,20.20,1.703
294,409.0,194.5,267.0,20.20,1.703
294,409.0,194.3,267.0,20.20,1.703
294,409.0,194.0,267.0,20.20,1.703
294,409.0,193.7,267.0,20.20,1.703
294,409.0,193.4,267.0,20.20,1.703
294,409.0,193.2,267.0,20.20,1.703
294,409.0,192.9,267.0,20.20,1.703
294,409.0,192.6,267.0,20.20,1.703
294,409.0,192.3,267.0,20.20,1.703
294,409.0,192.1,267.0,20.20,1.703
294,409.0,194.7,267.0,20.20,1.703
294,409.0,194.4,267.0,20.20,1.703
294,409.0,194.2,267.0,20.20,1.703
294,409.0,193.9,267.0,20.20,1.703
294,409.0,193.6,267.0,20.20,1.703
294,409.0,193.3,267.0,20.20,1.703
294,409.0,193.1,267.0,20.20,1.703
294,409.0,192.8,267.0,20.20,1.703
294,409.0,192.5,267.0,20.20,1.703
294,409.0,192.2,267.0,20.20,1.703
294,409.0,192.0,267.0,20.26,1.703
294,409.0,191.7,267.0,20.26,1.615
294,409.0,191.4,267.0,20.26,1.615
294,409.0,191.2,267.0,20.26,1.615
294,409.0,190.9,267.0,20.26,1.615
294,409.0,190.6,267.0,20.26,1.615
294,409.0,193.3,267.0,20.20,1.615
294,409.0,193.0,267.0,20.20,1.703
294,409.0,192.7,267.0,20.20,1.703
294,409.0,192.5,267.0,20.20,1.703
294,409.0,192.2,267.0,20.20,1.703
294,409.0,191.9,267.0,20.26,1.703
294,409.0,191.6,267.0,20.26,1.615
294,409.0,191.3,267.0,20.26,1.615
300,393.4,161.7,257.5,19.01,1.280
300,394.4,166.4,250.0,20.43,1.113
300,395.7,171.1,248.9,20.47,0.881
300,395.7,176.2,247.5,20.47,0.630
300,395.7,181.3,246.1,20.69,0.630
300,395.7,183.3,251.0,20.69,0.652
300,395.7,185.8,261.3,20.34,0.652
300,395.7,188.5,267.0,20.26,1.247
300,395.7,191.2,267.0,20.26,1.615
300,395.7,190.9,267.0,20.26,1.615
300,395.7,190.6,267.0,20.26,1.615
300,395.7,193.3,267.0,20.20,1.615
300,395.7,193.0,267.0,20.20,1.703
300,395.7,192.7,267.0,20.20,1.703
300,395.7,192.5,267.0,20.20,1.703
300,395.7,192.2,267.0,20.20,1.703
300,395.7,191.9,267.0,20.26,1.703
300,395.7,191.6,267.0,20.26,1.615
300,395.7,191.3,267.0,20.26,1.615
300,395.7,191.1,267.0,20.26,1.615
300,395.7,190.8,267.0,20.26,1.615
300,395.7,190.5,267.0,20.26,1.615
300,395.7,193.2,267.0,20.20,1.615
300,395.7,192.9,267.0,20.20,1.703
300,395.7,192.7,267.0,20.20,1.703
300,395.7,192.4,267.0,20.20,1.703
300,395.7,192.1,267.0,20.20,1.703
300,395.7,194.8,267.0,20.20,1.703
300,395.7,194.5,267.0,20.20,1.703
300,395.7,194.2,267.0,20.20,1.703
300,395.7,193.9,267.0,20.20,1.703
300,395.7,193.7,267.0,20.20,1.703
300,395.7,193.4,267.0,20.20,1.703
300,395.7,193.1,267.0,20.20,1.703
300,395.7,192.8,267.0,20.20,1.703
300,395.7,192.6,267.0,20.20,1.703
300,395.7,192.3,267.0,20.20,1.703
300,395.7,192.0,267.0,20.20,1.703
300,395.7,194.7,267.0,20.20,1.703
300,395.7,194.4,267.0,20.20,1.703
300,395.7,194.1,267.0,20.20,1.703
300,395.7,193.9,267.0,20.20,1.703
300,395.7,193.6,267.0,20.20,1.703
300,395.7,193.3,267.0,20.20,1.703
300,395.7,193.0,267.0,20.20,1.703
300,395.7,192.8,267.0,20.20,1.703
300,395.7,192.5,267.0,20.20,1.703
300,395.7,192.2,267.0,20.20,1.703
300,395.7,191.9,267.0,20.26,1.703
300,395.7,191.7,267.0,20.26,1.615
300,395.7,191.4,267.0,20.26,1.615
300,395.7,191.1,267.0,20.26,1.615
300,395.7,190.8,267.0,20.26,1.615
300,395.7,190.6,267.0,20.26,1.615
300,395.7,193.2,267.0,20.20,1.615
300,395.7,192.9,267.0,20.20,1.703
300,395.7,192.7,267.0,20.20,1.703
300,395.7,192.4,267.0,20.20,1.703
300,395.7,192.1,267.0,20.20,1.703
300,395.7,194.8,267.0,20.20,1.703
300,395.7,194.5,267.0,20.20,1.703
300,395.7,194.2,267.0,20.20,1.703
300,395.7,194.0,267.0,20.20,1.703
300,395.7,193.7,267.0,20.20,1.703
300,395.7,193.4,267.0,20.20,1.703
300,395.7,193.2,267.0,20.20,1.703
300,395.7,192.9,267.0,20.20,1.703
300,395.7,192.6,267.0,20.20,1.703
300,395.7,192.3,267.0,20.20,1.703
300,395.7,192.1,267.0,20.20,1.703
300,395.7,194.7,267.0,20.20,1.703
300,395.7,194.4,267.0,20.20,1.703
300,395.7,194.2,267.0,20.20,1.703
300,395.7,193.9,267.0,20.20,1.703
300,395.7,193.6,267.0,20.20,1.703
300,395.7,193.3,267.0,20.20,1.703
300,395.7,193.1,267.0,20.20,1.703
300,395.7,192.8,267.0,20.20,1.703
300,395.7,192.5,267.0,20.20,1.703
300,395.7,192.2,267.0,20.20,1.703
300,395.7,192.0,267.0,20.26,1.703
300,395.7,191.7,267.0,20.26,1.615
300,395.7,191.4,267.0,20.26,1.615
300,395.7,191.1,267.0,20.26,1.615
300,395.7,190.9,267.0,20.26,1.615
300,395.7,190.6,267.0,20.26,1.615
300,395.7,193.3,267.0,20.20,1.615
300,395.7,193.0,267.0,20.20,1.703
300,395.7,192.7,267.0,20.20,1.703
300,395.7,192.4,267.0,20.20,1.703
300,395.7,192.2,267.0,20.20,1.703
300,395.7,191.9,267.0,20.26,1.703
300,395.7,191.6,267.0,20.26,1.615
300,395.7,191.3,267.0,20.26,1.615
300,395.7,191.1,267.0,20.26,1.615
300,395.7,190.8,267.0,20.26,1.615
300,395.7,190.5,267.0,20.26,1.615
300,395.7,193.2,267.0,20.20,1.615
300,395.7,192.9,267.0,20.20,1.703
300,395.7,192.6,267.0,20.20,1.703
300,395.7,192.3,267.0,20.20,1.703
300,395.7,192.1,267.0,20.20,1.703
300,395.7,194.8,267.0,20.20,1.703
300,395.7,194.5,267.0,20.20,1.703
300,395.7,194.2,267.0,20.20,1.703
300,395.7,193.9,267.0,20.20,1.703
300,395.7,193.7,267.0,20.20,1.703
300,395.7,193.4,267.0,20.20,1.703
300,395.7,193.1,267.0,20.20,1.703
300,395.7,192.8,267.0,20.20,1.703
300,395.7,192.6,267.0,20.20,1.703
300,395.7,192.3,267.0,20.20,1.703
300,395.7,192.0,267.0,20.20,1.703
300,395.7,191.7,267.0,20.26,1.615
300,395.7,191.5,267.0,20.26,1.615
300,395.7,191.2,267.0,20.26,1.615
300,395.7,190.9,267.0,20.26,1.615
300,395.7,190.6,267.0,20.26,1.615
300,395.7,193.3,267.0,20.20,1.615
300,395.7,193.0,267.0,20.20,1.703
300,395.7,192.7,267.0,20.20,1.703
300,395.7,192.5,267.0,20.20,1.703
300,395.7,192.2,267.0,20.20,1.703
300,395.7,191.9,267.0,20.26,1.703
300,395.7,191.6,267.0,20.26,1.615
300,395.7,191.4,267.0,20.26,1.615
300,395.7,191.1,267.0,20.26,1.615
300,395.7,190.8,267.0,20.26,1.615
300,395.7,190.5,267.0,20.26,1.615
300,395.7,193.2,267.0,20.20,1.615
300,395.7,192.9,267.0,20.20,1.703
300,395.7,192.7,267.0,20.20,1.703
300,395.7,192.4,267.0,20.20,1.703
300,395.7,192.1,267.0,20.20,1.703
300,395.7,194.8,267.0,20.20,1.703
300,395.7,194.5,267.0,20.20,1.703
300,395.7,194.2,267.0,20.20,1.703
300,395.7,194.0,267.0,20.20,1.703
300,395.7,193.7,267.0,20.20,1.703
300,395.7,193.4,267.0,20.20,1.703
300,395.7,193.1,267.0,20.20,1.703
300,395.7,192.9,267.0,20.20,1.703
300,395.7,192.6,267.0,20.20,1.703
300,395.7,192.3,267.0,20.20,1.703
300,395.7,192.0,267.0,20.20,1.703
300,395.7,194.7,267.0,20.20,1.703
300,395.7,194.4,267.0,20.20,1.703
300,395.7,194.2,267.0,20.20,1.703
300,395.7,193.9,267.0,20.20,1.703
300,395.7,193.6,267.0,20.20,1.703
300,395.7,193.3,267.0,20.20,1.703
300,395.7,193.1,267.0,20.20,1.703
300,395.7,192.8,267.0,20.20,1.703
300,395.7,192.5,267.0,20.20,1.703
300,395.7,192.2,267.0,20.20,1.703
300,395.7,191.9,267.0,20.26,1.703
300,395.7,191.7,267.0,20.26,1.615
300,395.7,191.4,267.0,20.26,1.615
300,395.7,191.1,267.0,20.26,1.615
300,395.7,190.9,267.0,20.26,1.615
306,414.4,169.7,257.5,19.74,1.280
306,412.3,175.7,257.2,19.74,0.791
306,410.3,181.7,257.0,20.34,0.791
306,407.6,184.0,266.3,19.96,1.247
306,407.6,186.7,267.0,19.96,1.720
306,407.6,189.4,267.0,19.96,1.720
306,407.6,192.1,267.0,20.33,1.720
306,407.6,194.7,267.0,20.33,1.844
306,407.6,194.4,267.0,20.33,1.844
306,407.6,194.2,267.0,20.33,1.844
306,407.6,193.9,267.0,20.33,1.844
306,407.6,193.6,267.0,20.33,1.844
306,407.6,193.3,267.0,20.33,1.844
306,407.6,193.1,267.0,20.33,1.844
306,407.6,192.8,267.0,20.33,1.844
306,407.6,192.5,267.0,20.33,1.844
306,407.6,192.2,267.0,20.33,1.844
306,407.6,192.0,267.0,19.96,1.844
306,407.6,191.7,267.0,19.96,1.720
306,407.6,191.4,267.0,19.96,1.720
306,407.6,191.1,267.0,19.96,1.720
306,407.6,190.9,267.0,19.96,1.720
306,407.6,190.6,267.0,19.96,1.720
306,407.6,193.3,267.0,20.33,1.720
306,407.6,193.0,267.0,20.33,1.844
306,407.6,192.7,267.0,20.33,1.844
306,407.6,192.4,267.0,20.33,1.844
306,407.6,192.2,267.0,20.33,1.844
306,407.6,191.9,267.0,19.96,1.844
306,407.6,191.6,267.0,19.96,1.720
306,407.6,191.3,267.0,19.96,1.720
306,407.6,191.1,267.0,19.96,1.720
306,407.6,190.8,267.0,19.96,1.720
306,407.6,190.5,267.0,19.96,1.720
306,407.6,193.2,267.0,20.33,1.720
306,407.6,192.9,267.0,20.33,1.844
306,407.6,192.6,267.0,20.33,1.844
306,407.6,192.4,267.0,20.33,1.844
306,407.6,192.1,267.0,20.33,1.844
306,407.6,194.8,267.0,20.33,1.844
306,407.6,194.5,267.0,20.33,1.844
306,407.6,194.2,267.0,20.33,1.844
306,407.6,193.9,267.0,20.33,1.844
306,407.6,193.7,267.0,20.33,1.844
306,407.6,193.4,267.0,20.33,1.844
306,407.6,193.1,267.0,20.33,1.844
306,407.6,192.8,267.0,20.33,1.844
306,407.6,192.6,267.0,20.33,1.844
306,407.6,192.3,267.0,20.33,1.844
306,407.6,192.0,267.0,20.33,1.844
306,407.6,194.7,267.0,20.33,1.844
306,407.6,194.4,267.0,20.33,1.844
306,407.6,194.1,267.0,20.33,1.844
306,407.6,193.8,267.0,20.33,1.844
306,407.6,193.6,267.0,20.33,1.844
306,407.6,193.3,267.0,20.33,1.844
306,407.6,193.0,267.0,20.33,1.844
306,407.6,192.8,267.0,20.33,1.844
306,407.6,192.5,267.0,20.33,1.844
306,407.6,192.2,267.0,20.33,1.844
306,407.6,191.9,267.0,19.96,1.844
306,407.6,191.7,267.0,19.96,1.720
306,407.6,191.4,267.0,19.96,1.720
306,407.6,191.1,267.0,19.96,1.720
306,407.6,190.8,267.0,19.96,1.720
306,407.6,190.6,267.0,19.96,1.720
306,407.6,193.2,267.0,20.33,1.720
306,407.6,192.9,267.0,20.33,1.844
306,407.6,192.7,267.0,20.33,1.844
306,407.6,192.4,267.0,20.33,1.844
306,407.6,192.1,267.0,20.33,1.844
306,407.6,194.8,267.0,20.33,1.844
306,407.6,194.5,267.0,20.33,1.844
306,407.6,194.2,267.0,20.33,1.844
306,407.6,194.0,267.0,20.33,1.844
306,407.6,193.7,267.0,20.33,1.844
306,407.6,193.4,267.0,20.33,1.844
306,407.6,193.1,267.0,20.33,1.844
306,407.6,192.9,267.0,20.33,1.844
306,407.6,192.6,267.0,20.33,1.844
306,407.6,192.3,267.0,20.33,1.844
306,407.6,192.0,267.0,20.33,1.844
306,407.6,194.7,267.0,20.33,1.844
306,407.6,194.4,267.0,20.33,1.844
306,407.6,194.2,267.0,20.33,1.844
306,407.6,193.9,267.0,20.33,1.844
306,407.6,193.6,267.0,20.33,1.844
306,407.6,193.3,267.0,20.33,1.844
306,407.6,193.1,267.0,20.33,1.844
306,407.6,192.8,267.0,20.33,1.844
306,407.6,192.5,267.0,20.33,1.844
306,407.6,192.2,267.0,20.33,1.844
306,407.6,192.0,267.0,19.96,1.844
306,407.6,191.7,267.0,19.96,1.720
306,407.6,191.4,267.0,19.96,1.720
306,407.6,191.1,267.0,19.96,1.720
306,407.6,190.9,267.0,19.96,1.720
306,407.6,190.6,267.0,19.96,1.720
306,407.6,193.2,267.0,20.33,1.720
306,407.6,193.0,267.0,20.33,1.844
306,407.6,192.7,267.0,20.33,1.844
306,407.6,192.4,267.0,20.33,1.844
306,407.6,192.2,267.0,20.33,1.844
306,407.6,191.9,267.0,19.96,1.844
306,407.6,191.6,267.0,19.96,1.720
306,407.6,191.3,267.0,19.96,1.720
306,407.6,191.1,267.0,19.96,1.720
306,407.6,190.8,267.0,19.96,1.720
306,407.6,190.5,267.0,19.96,1.720
306,407.6,193.2,267.0,20.33,1.720
306,407.6,192.9,267.0,20.33,1.844
306,407.6,192.6,267.0,20.33,1.844
306,407.6,192.3,267.0,20.33,1.844
306,407.6,192.1,267.0,20.33,1.844
306,407.6,194.7,267.0,20.33,1.844
306,407.6,194.5,267.0,20.33,1.844
306,407.6,194.2,267.0,20.33,1.844
306,407.6,193.9,267.0,20.33,1.844
306,407.6,193.6,267.0,20.33,1.844
306,407.6,193.4,267.0,20.33,1.844
306,407.6,193.1,267.0,20.33,1.844
306,407.6,192.8,267.0,20.33,1.844
306,407.6,192.5,267.0,20.33,1.844
306,407.6,192.3,267.0,20.33,1.844
306,407.6,192.0,267.0,19.96,1.844
306,407.6,191.7,267.0,19.96,1.720
306,407.6,191.4,267.0,19.96,1.720
306,407.6,191.2,267.0,19.96,1.720
306,407.6,190.9,267.0,19.96,1.720
306,407.6,190.6,267.0,19.96,1.720
306,407.6,193.3,267.0,20.33,1.720
306,407.6,193.0,267.0,20.33,1.844
306,407.6,192.7,267.0,20.33,1.844
306,407.6,192.5,267.0,20.33,1.844
306,407.6,192.2,267.0,20.33,1.844
306,407.6,191.9,267.0,19.96,1.844
306,407.6,191.6,267.0,19.96,1.720
306,407.6,191.4,267.0,19.96,1.720
306,407.6,191.1,267.0,19.96,1.720
306,407.6,190.8,267.0,19.96,1.720
306,407.6,190.5,267.0,19.96,1.720
306,407.6,193.2,267.0,20.33,1.720
306,407.6,192.9,267.0,20.33,1.844
306,407.6,192.7,267.0,20.33,1.844
306,407.6,192.4,267.0,20.33,1.844
306,407.6,192.1,267.0,20.33,1.844
306,407.6,194.8,267.0,20.33,1.844
306,407.6,194.5,267.0,20.33,1.844
306,407.6,194.2,267.0,20.33,1.844
306,407.6,193.9,267.0,20.33,1.844
306,407.6,193.7,267.0,20.33,1.844
306,407.6,193.4,267.0,20.33,1.844
306,407.6,193.1,267.0,20.33,1.844
306,407.6,192.9,267.0,20.33,1.844
306,407.6,192.6,267.0,20.33,1.844
306,407.6,192.3,267.0,20.33,1.844
306,407.6,192.0,267.0,20.33,1.844
306,407.6,194.7,267.0,20.33,1.844
306,407.6,194.4,267.0,20.33,1.844
306,407.6,194.1,267.0,20.33,1.844
312,400.1,249.1,259.3,20.72,0.370
312,400.1,245.8,254.3,20.72,0.742
312,400.1,243.1,250.8,21.99,0.742
312,400.1,240.4,247.3,21.99,0.553
312,400.1,234.9,245.8,20.28,0.553
312,400.1,229.4,244.3,20.28,0.710
312,400.1,224.9,246.6,20.49,0.710
312,400.1,220.4,248.9,20.49,0.632
312,400.1,215.9,251.2,20.70,0.632
312,400.1,212.9,261.1,20.30,0.680
312,400.1,209.8,267.0,20.21,1.298
312,400.1,206.6,267.0,20.21,1.690
312,400.1,203.5,267.0,20.33,1.690
312,400.1,203.2,267.0,20.33,1.844
312,400.1,203.0,267.0,20.33,1.844
312,400.1,202.7,267.0,20.33,1.844
312,400.1,202.4,267.0,20.33,1.844
312,400.1,202.1,267.0,20.33,1.844
312,400.1,201.8,267.0,20.33,1.844
312,400.1,201.6,267.0,20.33,1.844
312,400.1,201.3,267.0,20.33,1.844
312,400.1,201.0,267.0,20.33,1.844
312,400.1,200.7,267.0,20.33,1.844
312,400.1,200.5,267.0,20.33,1.844
312,400.1,200.2,267.0,20.33,1.844
312,400.1,199.9,267.0,20.33,1.844
312,400.1,199.7,267.0,20.33,1.844
312,400.1,199.4,267.0,20.33,1.844
312,400.1,199.1,267.0,20.33,1.844
312,400.1,198.8,267.0,20.33,1.844
312,400.1,198.6,267.0,20.33,1.844
312,400.1,198.3,267.0,20.33,1.844
312,400.1,198.0,267.0,20.33,1.844
312,400.1,197.7,267.0,20.33,1.844
312,400.1,197.4,267.0,20.33,1.844
312,400.1,197.2,267.0,20.33,1.844
312,400.1,196.9,267.0,20.33,1.844
312,400.1,196.6,267.0,20.33,1.844
312,400.1,196.3,267.0,20.33,1.844
312,400.1,196.1,267.0,20.33,1.844
312,400.1,195.8,267.0,20.33,1.844
312,400.1,195.5,267.0,20.33,1.844
312,400.1,195.2,267.0,20.33,1.844
312,400.1,195.0,267.0,20.33,1.844
312,400.1,194.7,267.0,20.33,1.844
312,400.1,194.4,267.0,20.33,1.844
312,400.1,194.1,267.0,20.33,1.844
312,400.1,193.9,267.0,20.33,1.844
312,400.1,193.6,267.0,20.33,1.844
312,400.1,193.3,267.0,20.33,1.844
312,400.1,193.0,267.0,20.33,1.844
312,400.1,192.8,267.0,20.33,1.844
312,400.1,192.5,267.0,20.33,1.844
312,400.1,192.2,267.0,20.33,1.844
312,400.1,191.9,267.0,19.96,1.844
312,400.1,191.7,267.0,19.96,1.720
312,400.1,191.4,267.0,19.96,1.720
312,400.1,191.1,267.0,19.96,1.720
312,400.1,190.8,267.0,19.96,1.720
312,400.1,190.6,267.0,19.96,1.720
312,400.1,193.2,267.0,20.33,1.720
312,400.1,193.0,267.0,20.33,1.844
312,400.1,192.7,267.0,20.33,1.844
312,400.1,192.4,267.0,20.33,1.844
312,400.1,192.1,267.0,20.33,1.844
312,400.1,194.8,267.0,20.33,1.844
312,400.1,194.5,267.0,20.33,1.844
312,400.1,194.3,267.0,20.33,1.844
312,400.1,194.0,267.0,20.33,1.844
312,400.1,193.7,267.0,20.33,1.844
312,400.1,193.4,267.0,20.33,1.844
312,400.1,193.2,267.0,20.33,1.844
312,400.1,192.9,267.0,20.33,1.844
312,400.1,192.6,267.0,20.33,1.844
312,400.1,192.3,267.0,20.33,1.844
312,400.1,192.1,267.0,20.33,1.844
312,400.1,194.7,267.0,20.33,1.844
312,400.1,194.4,267.0,20.33,1.844
312,400.1,194.2,267.0,20.33,1.844
312,400.1,193.9,267.0,20.33,1.844
312,400.1,193.6,267.0,20.33,1.844
312,400.1,193.3,267.0,20.33,1.844
312,400.1,193.1,267.0,20.33,1.844
312,400.1,192.8,267.0,20.33,1.844
312,400.1,192.5,267.0,20.33,1.844
312,400.1,192.2,267.0,20.33,1.844
312,400.1,192.0,267.0,19.96,1.844
312,400.1,191.7,267.0,19.96,1.720
312,400.1,191.4,267.0,19.96,1.720
312,400.1,191.2,267.0,19.96,1.720
312,400.1,190.9,267.0,19.96,1.720
312,400.1,190.6,267.0,19.96,1.720
312,400.1,193.3,267.0,20.33,1.720
312,400.1,193.0,267.0,20.33,1.844
312,400.1,192.7,267.0,20.33,1.844
312,400.1,192.4,267.0,20.33,1.844
312,400.1,192.2,267.0,20.33,1.844
312,400.1,191.9,267.0,19.96,1.844
312,400.1,191.6,267.0,19.96,1.720
312,400.1,191.3,267.0,19.96,1.720
312,400.1,191.1,267.0,19.96,1.720
312,400.1,190.8,267.0,19.96,1.720
312,400.1,190.5,267.0,19.96,1.720
312,400.1,193.2,267.0,20.33,1.720
312,400.1,192.9,267.0,20.33,1.844
312,400.1,192.6,267.0,20.33,1.844
312,400.1,192.4,267.0,20.33,1.844
312,400.1,192.1,267.0,20.33,1.844
312,400.1,194.8,267.0,20.33,1.844
312,400.1,194.5,267.0,20.33,1.844
312,400.1,194.2,267.0,20.33,1.844
312,400.1,193.9,267.0,20.33,1.844
312,400.1,193.7,267.0,20.33,1.844
312,400.1,193.4,267.0,20.33,1.844
312,400.1,193.1,267.0,20.33,1.844
312,400.1,192.8,267.0,20.33,1.844
312,400.1,192.6,267.0,20.33,1.844
312,400.1,192.3,267.0,20.33,1.844
312,400.1,192.0,267.0,20.33,1.844
312,400.1,194.7,267.0,20.33,1.844
312,400.1,194.4,267.0,20.33,1.844
312,400.1,194.1,267.0,20.33,1.844
312,400.1,193.8,267.0,20.33,1.844
312,400.1,193.6,267.0,20.33,1.844
312,400.1,193.3,267.0,20.33,1.844
312,400.1,193.0,267.0,20.33,1.844
312,400.1,192.8,267.0,20.33,1.844
312,400.1,192.5,267.0,20.33,1.844
312,400.1,192.2,267.0,20.33,1.844
312,400.1,191.9,267.0,19.96,1.844
312,400.1,191.7,267.0,19.96,1.720
312,400.1,191.4,267.0,19.96,1.720
312,400.1,191.1,267.0,19.96,1.720
312,400.1,190.8,267.0,19.96,1.720
312,400.1,190.6,267.0,19.96,1.720
312,400.1,193.2,267.0,20.33,1.720
312,400.1,192.9,267.0,20.33,1.844
312,400.1,192.7,267.0,20.33,1.844
312,400.1,192.4,267.0,20.33,1.844
312,400.1,192.1,267.0,20.33,1.844
312,400.1,194.8,267.0,20.33,1.844
312,400.1,194.5,267.0,20.33,1.844
312,400.1,194.2,267.0,20.33,1.844
312,400.1,194.0,267.0,20.33,1.844
312,400.1,193.7,267.0,20.33,1.844
312,400.1,193.4,267.0,20.33,1.844
312,400.1,193.1,267.0,20.33,1.844
312,400.1,192.9,267.0,20.33,1.844
312,400.1,192.6,267.0,20.33,1.844
312,400.1,192.3,267.0,20.33,1.844
312,400.1,192.0,267.0,20.33,1.844
312,400.1,194.7,267.0,20.33,1.844
312,400.1,194.4,267.0,20.33,1.844
312,400.1,194.2,267.0,20.33,1.844
312,400.1,193.9,267.0,20.33,1.844
312,400.1,193.6,267.0,20.33,1.844
312,400.1,193.3,267.0,20.33,1.844
312,400.1,193.1,267.0,20.33,1.844
312,400.1,192.8,267.0,20.33,1.844
312,400.1,192.5,267.0,20.33,1.844
318,396.1,239.6,260.1,19.19,0.841
318,396.1,233.2,259.4,19.19,0.807
318,396.1,226.7,258.7,19.84,0.807
318,396.1,221.6,264.9,19.70,1.008
318,396.1,216.5,267.0,19.70,1.250
318,396.1,213.3,267.0,20.21,1.250
318,396.1,210.2,267.0,20.21,1.690
318,396.1,207.1,267.0,20.21,1.690
318,396.1,203.9,267.0,20.33,1.690
318,396.1,203.7,267.0,20.33,1.844
318,396.1,203.4,267.0,20.33,1.844
318,396.1,203.1,267.0,20.33,1.844
318,396.1,202.8,267.0,20.33,1.844
318,396.1,202.6,267.0,20.33,1.844
318,396.1,202.3,267.0,20.33,1.844
318,396.1,202.0,267.0,20.33,1.844
318,396.1,201.7,267.0,20.33,1.844
318,396.1,201.5,267.0,20.33,1.844
318,396.1,201.2,267.0,20.33,1.844
318,396.1,200.9,267.0,20.33,1.844
318,396.1,200.6,267.0,20.33,1.844
318,396.1,200.4,267.0,20.33,1.844
318,396.1,200.1,267.0,20.33,1.844
318,396.1,199.8,267.0,20.33,1.844
318,396.1,199.5,267.0,20.33,1.844
318,396.1,199.3,267.0,20.33,1.844
318,396.1,199.0,267.0,20.33,1.844
318,396.1,198.7,267.0,20.33,1.844
318,396.1,198.4,267.0,20.33,1.844
318,396.1,198.2,267.0,20.33,1.844
318,396.1,197.9,267.0,20.33,1.844
318,396.1,197.6,267.0,20.33,1.844
318,396.1,197.3,267.0,20.33,1.844
318,396.1,197.1,267.0,20.33,1.844
318,396.1,196.8,267.0,20.33,1.844
318,396.1,196.5,267.0,20.33,1.844
318,396.1,196.2,267.0,20.33,1.844
318,396.1,196.0,267.0,20.33,1.844
318,396.1,195.7,267.0,20.33,1.844
318,396.1,195.4,267.0,20.33,1.844
318,396.1,195.1,267.0,20.33,1.844
318,396.1,194.9,267.0,20.33,1.844
318,396.1,194.6,267.0,20.33,1.844
318,396.1,194.3,267.0,20.33,1.844
318,396.1,194.0,267.0,20.33,1.844
318,396.1,193.8,267.0,20.33,1.844
318,396.1,193.5,267.0,20.33,1.844
318,396.1,193.2,267.0,20.33,1.844
318,396.1,192.9,267.0,20.33,1.844
318,396.1,192.7,267.0,20.33,1.844
318,396.1,192.4,267.0,20.33,1.844
318,396.1,192.1,267.0,20.33,1.844
318,396.1,194.8,267.0,20.33,1.844
318,396.1,194.5,267.0,20.33,1.844
318,396.1,194.2,267.0,20.33,1.844
318,396.1,193.9,267.0,20.33,1.844
318,396.1,193.7,267.0,20.33,1.844
318,396.1,193.4,267.0,20.33,1.844
318,396.1,193.1,267.0,20.33,1.844
318,396.1,192.9,267.0,20.33,1.844
318,396.1,192.6,267.0,20.33,1.844
318,396.1,192.3,267.0,20.33,1.844
318,396.1,192.0,267.0,20.33,1.844
318,396.1,194.7,267.0,20.33,1.844
318,396.1,194.4,267.0,20.33,1.844
318,396.1,194.2,267.0,20.33,1.844
318,396.1,193.9,267.0,20.33,1.844
318,396.1,193.6,267.0,20.33,1.844
318,396.1,193.3,267.0,20.33,1.844
318,396.1,193.1,267.0,20.33,1.844
318,396.1,192.8,267.0,20.33,1.844
318,396.1,192.5,267.0,20.33,1.844
318,396.1,192.2,267.0,20.33,1.844
318,396.1,191.9,267.0,19.96,1.844
318,396.1,191.7,267.0,19.96,1.720
318,396.1,191.4,267.0,19.96,1.720
318,396.1,191.1,267.0,19.96,1.720
318,396.1,190.9,267.0,19.96,1.720
318,396.1,190.6,267.0,19.96,1.720
318,396.1,193.2,267.0,20.33,1.720
318,396.1,193.0,267.0,20.33,1.844
318,396.1,192.7,267.0,20.33,1.844
318,396.1,192.4,267.0,20.33,1.844
318,396.1,192.1,267.0,20.33,1.844
318,396.1,191.9,267.0,19.96,1.844
318,396.1,191.6,267.0,19.96,1.720
318,396.1,191.3,267.0,19.96,1.720
318,396.1,191.0,267.0,19.96,1.720
318,396.1,190.8,267.0,19.96,1.720
318,396.1,190.5,267.0,19.96,1.720
318,396.1,193.2,267.0,20.33,1.720
318,396.1,192.9,267.0,20.33,1.844
318,396.1,192.6,267.0,20.33,1.844
318,396.1,192.3,267.0,20.33,1.844
318,396.1,192.1,267.0,20.33,1.844
318,396.1,194.7,267.0,20.33,1.844
318,396.1,194.5,267.0,20.33,1.844
318,396.1,194.2,267.0,20.33,1.844
318,396.1,193.9,267.0,20.33,1.844
318,396.1,193.6,267.0,20.33,1.844
318,396.1,193.4,267.0,20.33,1.844
318,396.1,193.1,267.0,20.33,1.844
318,396.1,192.8,267.0,20.33,1.844
318,396.1,192.5,267.0,20.33,1.844
318,396.1,192.2,267.0,20.33,1.844
318,396.1,192.0,267.0,19.96,1.844
318,396.1,191.7,267.0,19.96,1.720
318,396.1,191.4,267.0,19.96,1.720
318,396.1,191.2,267.0,19.96,1.720
318,396.1,190.9,267.0,19.96,1.720
318,396.1,190.6,267.0,19.96,1.720
318,396.1,193.3,267.0,20.33,1.720
318,396.1,193.0,267.0,20.33,1.844
318,396.1,192.7,267.0,20.33,1.844
318,396.1,192.5,267.0,20.33,1.844
318,396.1,192.2,267.0,20.33,1.844
318,396.1,191.9,267.0,19.96,1.844
318,396.1,191.6,267.0,19.96,1.720
318,396.1,191.3,267.0,19.96,1.720
318,396.1,191.1,267.0,19.96,1.720
318,396.1,190.8,267.0,19.96,1.720
318,396.1,190.5,267.0,19.96,1.720
318,396.1,193.2,267.0,20.33,1.720
318,396.1,192.9,267.0,20.33,1.844
318,396.1,192.6,267.0,20.33,1.844
318,396.1,192.4,267.0,20.33,1.844
318,396.1,192.1,267.0,20.33,1.844
318,396.1,194.8,267.0,20.33,1.844
318,396.1,194.5,267.0,20.33,1.844
318,396.1,194.2,267.0,20.33,1.844
318,396.1,193.9,267.0,20.33,1.844
318,396.1,193.7,267.0,20.33,1.844
318,396.1,193.4,267.0,20.33,1.844
318,396.1,193.1,267.0,20.33,1.844
318,396.1,192.8,267.0,20.33,1.844
318,396.1,192.6,267.0,20.33,1.844
318,396.1,192.3,267.0,20.33,1.844
318,396.1,192.0,267.0,20.33,1.844
318,396.1,194.7,267.0,20.33,1.844
318,396.1,194.4,267.0,20.33,1.844
318,396.1,194.1,267.0,20.33,1.844
318,396.1,193.9,267.0,20.33,1.844
318,396.1,193.6,267.0,20.33,1.844
318,396.1,193.3,267.0,20.33,1.844
318,396.1,193.0,267.0,20.33,1.844
318,396.1,192.8,267.0,20.33,1.844
318,396.1,192.5,267.0,20.33,1.844
318,396.1,192.2,267.0,20.33,1.844
318,396.1,191.9,267.0,19.96,1.844
318,396.1,191.7,267.0,19.96,1.720
318,396.1,191.4,267.0,19.96,1.720
318,396.1,191.1,267.0,19.96,1.720
318,396.1,190.8,267.0,19.96,1.720
318,396.1,190.6,267.0,19.96,1.720
318,396.1,193.2,267.0,20.33,1.720
318,396.1,192.9,267.0,20.33,1.844
318,396.1,192.7,267.0,20.33,1.844
318,396.1,192.4,267.0,20.33,1.844
318,396.1,192.1,267.0,20.33,1.844
318,396.1,194.8,267.0,20.33,1.844
324,428.2,225.0,265.0,21.08,0.795
324,421.7,220.4,264.9,21.08,0.997
324,418.8,215.2,267.0,20.33,0.997
324,415.9,212.1,267.0,20.33,1.595
324,413.0,209.0,267.0,20.33,1.595
324,410.1,205.9,267.0,20.33,1.595
324,407.2,202.8,267.0,20.33,1.595
324,407.2,202.5,267.0,20.33,1.844
324,407.2,202.2,267.0,20.33,1.844
324,407.2,201.9,267.0,20.33,1.844
324,407.2,201.7,267.0,20.33,1.844
324,407.2,201.4,267.0,20.33,1.844
324,407.2,201.1,267.0,20.33,1.844
324,407.2,200.8,267.0,20.33,1.844
324,407.2,200.6,267.0,20.33,1.844
324,407.2,200.3,267.0,20.33,1.844
324,407.2,200.0,267.0,20.33,1.844
324,407.2,199.7,267.0,20.33,1.844
324,407.2,199.4,267.0,20.33,1.844
324,407.2,199.2,267.0,20.33,1.844
324,407.2,198.9,267.0,20.33,1.844
324,407.2,198.6,267.0,20.33,1.844
324,407.2,198.3,267.0,20.33,1.844
324,407.2,198.1,267.0,20.33,1.844
324,407.2,197.8,267.0,20.33,1.844
324,407.2,197.5,267.0,20.33,1.844
324,407.2,197.2,267.0,20.33,1.844
324,407.2,197.0,267.0,20.33,1.844
324,407.2,196.7,267.0,20.33,1.844
324,407.2,196.4,267.0,20.33,1.844
324,407.2,196.2,267.0,20.33,1.844
324,407.2,195.9,267.0,20.33,1.844
324,407.2,195.6,267.0,20.33,1.844
324,407.2,195.3,267.0,20.33,1.844
324,407.2,195.0,267.0,20.33,1.844
324,407.2,194.8,267.0,20.33,1.844
324,407.2,194.5,267.0,20.33,1.844
324,407.2,194.2,267.0,20.33,1.844
324,407.2,193.9,267.0,20.33,1.844
324,407.2,193.7,267.0,20.33,1.844
324,407.2,193.4,267.0,20.33,1.844
324,407.2,193.1,267.0,20.33,1.844
324,407.2,192.9,267.0,20.33,1.844
324,407.2,192.6,267.0,20.33,1.844
324,407.2,192.3,267.0,20.33,1.844
324,407.2,192.0,267.0,20.33,1.844
324,407.2,194.7,267.0,20.33,1.844
324,407.2,194.4,267.0,20.33,1.844
324,407.2,194.1,267.0,20.33,1.844
324,407.2,193.9,267.0,20.33,1.844
324,407.2,193.6,267.0,20.33,1.844
324,407.2,193.3,267.0,20.33,1.844
324,407.2,193.0,267.0,20.33,1.844
324,407.2,192.8,267.0,20.33,1.844
324,407.2,192.5,267.0,20.33,1.844
324,407.2,192.2,267.0,20.33,1.844
324,407.2,191.9,267.0,19.96,1.844
324,407.2,191.7,267.0,19.96,1.720
324,407.2,191.4,267.0,19.96,1.720
324,407.2,191.1,267.0,19.96,1.720
324,407.2,190.8,267.0,19.96,1.720
324,407.2,190.6,267.0,19.96,1.720
324,407.2,193.2,267.0,20.33,1.720
324,407.2,193.0,267.0,20.33,1.844
324,407.2,192.7,267.0,20.33,1.844
324,407.2,192.4,267.0,20.33,1.844
324,407.2,192.1,267.0,20.33,1.844
324,407.2,194.8,267.0,20.33,1.844
324,407.2,194.5,267.0,20.33,1.844
324,407.2,194.3,267.0,20.33,1.844
324,407.2,194.0,267.0,20.33,1.844
324,407.2,193.7,267.0,20.33,1.844
324,407.2,193.4,267.0,20.33,1.844
324,407.2,193.2,267.0,20.33,1.844
324,407.2,192.9,267.0,20.33,1.844
324,407.2,192.6,267.0,20.33,1.844
324,407.2,192.3,267.0,20.33,1.844
324,407.2,192.1,267.0,20.33,1.844
324,407.2,194.7,267.0,20.33,1.844
324,407.2,194.4,267.0,20.33,1.844
324,407.2,194.2,267.0,20.33,1.844
324,407.2,193.9,267.0,20.33,1.844
324,407.2,193.6,267.0,20.33,1.844
324,407.2,193.3,267.0,20.33,1.844
324,407.2,193.1,267.0,20.33,1.844
324,407.2,192.8,267.0,20.33,1.844
324,407.2,192.5,267.0,20.33,1.844
324,407.2,192.2,267.0,20.33,1.844
324,407.2,192.0,267.0,19.96,1.844
324,407.2,191.7,267.0,19.96,1.720
324,407.2,191.4,267.0,19.96,1.720
324,407.2,191.2,267.0,19.96,1.720
324,407.2,190.9,267.0,19.96,1.720
324,407.2,190.6,267.0,19.96,1.720
324,407.2,193.3,267.0,20.33,1.720
324,407.2,193.0,267.0,20.33,1.844
324,407.2,192.7,267.0,20.33,1.844
324,407.2,192.4,267.0,20.33,1.844
324,407.2,192.2,267.0,20.33,1.844
324,407.2,191.9,267.0,19.96,1.844
324,407.2,191.6,267.0,19.96,1.720
324,407.2,191.3,267.0,19.96,1.720
324,407.2,191.1,267.0,19.96,1.720
324,407.2,190.8,267.0,19.96,1.720
324,407.2,190.5,267.0,19.96,1.720
324,407.2,193.2,267.0,20.33,1.720
324,407.2,192.9,267.0,20.33,1.844
324,407.2,192.6,267.0,20.33,1.844
324,407.2,192.4,267.0,20.33,1.844
324,407.2,192.1,267.0,20.33,1.844
324,407.2,194.8,267.0,20.33,1.844
324,407.2,194.5,267.0,20.33,1.844
324,407.2,194.2,267.0,20.33,1.844
324,407.2,193.9,267.0,20.33,1.844
324,407.2,193.7,267.0,20.33,1.844
324,407.2,193.4,267.0,20.33,1.844
324,407.2,193.1,267.0,20.33,1.844
324,407.2,192.8,267.0,20.33,1.844
324,407.2,192.6,267.0,20.33,1.844
324,407.2,192.3,267.0,20.33,1.844
324,407.2,192.0,267.0,20.33,1.844
324,407.2,194.7,267.0,20.33,1.844
324,407.2,194.4,267.0,20.33,1.844
324,407.2,194.1,267.0,20.33,1.844
324,407.2,193.8,267.0,20.33,1.844
324,407.2,193.6,267.0,20.33,1.844
324,407.2,193.3,267.0,20.33,1.844
324,407.2,193.0,267.0,20.33,1.844
324,407.2,192.8,267.0,20.33,1.844
324,407.2,192.5,267.0,20.33,1.844
324,407.2,192.2,267.0,20.33,1.844
324,407.2,191.9,267.0,19.96,1.844
324,407.2,191.7,267.0,19.96,1.720
324,407.2,191.4,267.0,19.96,1.720
324,407.2,191.1,267.0,19.96,1.720
324,407.2,190.8,267.0,19.96,1.720
324,407.2,190.6,267.0,19.96,1.720
324,407.2,193.2,267.0,20.33,1.720
324,407.2,192.9,267.0,20.33,1.844
324,407.2,192.7,267.0,20.33,1.844
324,407.2,192.4,267.0,20.33,1.844
324,407.2,192.1,267.0,20.33,1.844
324,407.2,194.8,267.0,20.33,1.844
324,407.2,194.5,267.0,20.33,1.844
324,407.2,194.2,267.0,20.33,1.844
324,407.2,194.0,267.0,20.33,1.844
324,407.2,193.7,267.0,20.33,1.844
324,407.2,193.4,267.0,20.33,1.844
324,407.2,193.1,267.0,20.33,1.844
324,407.2,192.9,267.0,20.33,1.844
324,407.2,192.6,267.0,20.33,1.844
324,407.2,192.3,267.0,20.33,1.844
324,407.2,192.0,267.0,20.33,1.844
324,407.2,194.7,267.0,20.33,1.844
324,407.2,194.4,267.0,20.33,1.844
324,407.2,194.2,267.0,20.33,1.844
324,407.2,193.9,267.0,20.33,1.844
324,407.2,193.6,267.0,20.33,1.844
324,407.2,193.3,267.0,20.33,1.844
324,407.2,193.1,267.0,20.33,1.844
330,352.3,179.0,262.6,24.46,0.520
330,355.1,179.3,260.2,24.46,0.465
330,358.0,179.6,257.9,24.46,0.465
330,360.8,179.9,255.5,23.16,0.465
330,367.0,181.6,255.0,19.90,0.798
330,373.2,183.3,254.6,20.66,0.805
330,378.0,185.5,260.7,20.66,1.010
330,382.8,187.6,266.9,20.61,1.010
330,385.7,190.2,267.0,20.26,1.254
330,388.6,192.9,267.0,20.20,1.615
330,391.5,192.6,267.0,20.20,1.703
330,394.4,192.2,267.0,20.20,1.703
330,394.4,192.0,267.0,20.26,1.703
330,394.4,191.7,267.0,20.26,1.615
330,394.4,191.4,267.0,20.26,1.615
330,394.4,191.2,267.0,20.26,1.615
330,394.4,190.9,267.0,20.26,1.615
330,394.4,190.6,267.0,20.26,1.615
330,394.4,193.3,267.0,20.20,1.615
330,394.4,193.0,267.0,20.20,1.703
330,394.4,192.7,267.0,20.20,1.703
330,394.4,192.4,267.0,20.20,1.703
330,394.4,192.2,267.0,20.20,1.703
330,394.4,191.9,267.0,20.26,1.703
330,394.4,191.6,267.0,20.26,1.615
330,394.4,191.3,267.0,20.26,1.615
330,394.4,191.1,267.0,20.26,1.615
330,394.4,190.8,267.0,20.26,1.615
330,394.4,190.5,267.0,20.26,1.615
330,394.4,193.2,267.0,20.20,1.615
330,394.4,192.9,267.0,20.20,1.703
330,394.4,192.6,267.0,20.20,1.703
330,394.4,192.4,267.0,20.20,1.703
330,394.4,192.1,267.0,20.20,1.703
330,394.4,194.8,267.0,20.20,1.703
330,394.4,194.5,267.0,20.20,1.703
330,394.4,194.2,267.0,20.20,1.703
330,394.4,193.9,267.0,20.20,1.703
330,394.4,193.7,267.0,20.20,1.703
330,394.4,193.4,267.0,20.20,1.703
330,394.4,193.1,267.0,20.20,1.703
330,394.4,192.8,267.0,20.20,1.703
330,394.4,192.6,267.0,20.20,1.703
330,394.4,192.3,267.0,20.20,1.703
330,394.4,192.0,267.0,20.20,1.703
330,394.4,194.7,267.0,20.20,1.703
330,394.4,194.4,267.0,20.20,1.703
330,394.4,194.1,267.0,20.20,1.703
330,394.4,193.8,267.0,20.20,1.703
330,394.4,193.6,267.0,20.20,1.703
330,394.4,193.3,267.0,20.20,1.703
330,394.4,193.0,267.0,20.20,1.703
330,394.4,192.8,267.0,20.20,1.703
330,394.4,192.5,267.0,20.20,1.703
330,394.4,192.2,267.0,20.20,1.703
330,394.4,191.9,267.0,20.26,1.703
330,394.4,191.7,267.0,20.26,1.615
330,394.4,191.4,267.0,20.26,1.615
330,394.4,191.1,267.0,20.26,1.615
330,394.4,190.8,267.0,20.26,1.615
330,394.4,190.6,267.0,20.26,1.615
330,394.4,193.2,267.0,20.20,1.615
330,394.4,192.9,267.0,20.20,1.703
330,394.4,192.7,267.0,20.20,1.703
330,394.4,192.4,267.0,20.20,1.703
330,394.4,192.1,267.0,20.20,1.703
330,394.4,194.8,267.0,20.20,1.703
330,394.4,194.5,267.0,20.20,1.703
330,394.4,194.2,267.0,20.20,1.703
330,394.4,194.0,267.0,20.20,1.703
330,394.4,193.7,267.0,20.20,1.703
330,394.4,193.4,267.0,20.20,1.703
330,394.4,193.1,267.0,20.20,1.703
330,394.4,192.9,267.0,20.20,1.703
330,394.4,192.6,267.0,20.20,1.703
330,394.4,192.3,267.0,20.20,1.703
330,394.4,192.0,267.0,20.20,1.703
330,394.4,194.7,267.0,20.20,1.703
330,394.4,194.4,267.0,20.20,1.703
330,394.4,194.2,267.0,20.20,1.703
330,394.4,193.9,267.0,20.20,1.703
330,394.4,193.6,267.0,20.20,1.703
330,394.4,193.3,267.0,20.20,1.703
330,394.4,193.1,267.0,20.20,1.703
330,394.4,192.8,267.0,20.20,1.703
330,394.4,192.5,267.0,20.20,1.703
330,394.4,192.2,267.0,20.20,1.703
330,394.4,192.0,267.0,20.26,1.703
330,394.4,191.7,267.0,20.26,1.615
330,394.4,191.4,267.0,20.26,1.615
330,394.4,191.1,267.0,20.26,1.615
330,394.4,190.9,267.0,20.26,1.615
330,394.4,190.6,267.0,20.26,1.615
330,394.4,193.2,267.0,20.20,1.615
330,394.4,193.0,267.0,20.20,1.703
330,394.4,192.7,267.0,20.20,1.703
330,394.4,192.4,267.0,20.20,1.703
330,394.4,192.2,267.0,20.20,1.703
330,394.4,194.8,267.0,20.20,1.703
330,394.4,194.6,267.0,20.20,1.703
330,394.4,194.3,267.0,20.20,1.703
330,394.4,194.0,267.0,20.20,1.703
330,394.4,193.7,267.0,20.20,1.703
330,394.4,193.5,267.0,20.20,1.703
330,394.4,193.2,267.0,20.20,1.703
330,394.4,192.9,267.0,20.20,1.703
330,394.4,192.6,267.0,20.20,1.703
330,394.4,192.3,267.0,20.20,1.703
330,394.4,192.1,267.0,20.20,1.703
330,394.4,194.7,267.0,20.20,1.703
330,394.4,194.5,267.0,20.20,1.703
330,394.4,194.2,267.0,20.20,1.703
330,394.4,193.9,267.0,20.20,1.703
330,394.4,193.6,267.0,20.20,1.703
330,394.4,193.4,267.0,20.20,1.703
330,394.4,193.1,267.0,20.20,1.703
330,394.4,192.8,267.0,20.20,1.703
330,394.4,192.5,267.0,20.20,1.703
330,394.4,192.3,267.0,20.20,1.703
330,394.4,192.0,267.0,20.26,1.703
330,394.4,191.7,267.0,20.26,1.615
330,394.4,191.4,267.0,20.26,1.615
330,394.4,191.2,267.0,20.26,1.615
330,394.4,190.9,267.0,20.26,1.615
330,394.4,190.6,267.0,20.26,1.615
330,394.4,193.3,267.0,20.20,1.615
330,394.4,193.0,267.0,20.20,1.703
330,394.4,192.7,267.0,20.20,1.703
330,394.4,192.5,267.0,20.20,1.703
330,394.4,192.2,267.0,20.20,1.703
330,394.4,191.9,267.0,20.26,1.703
330,394.4,191.6,267.0,20.26,1.615
330,394.4,191.4,267.0,20.26,1.615
330,394.4,191.1,267.0,20.26,1.615
330,394.4,190.8,267.0,20.26,1.615
330,394.4,190.5,267.0,20.26,1.615
330,394.4,193.2,267.0,20.20,1.615
330,394.4,192.9,267.0,20.20,1.703
330,394.4,192.7,267.0,20.20,1.703
330,394.4,192.4,267.0,20.20,1.703
330,394.4,192.1,267.0,20.20,1.703
330,394.4,194.8,267.0,20.20,1.703
330,394.4,194.5,267.0,20.20,1.703
330,394.4,194.2,267.0,20.20,1.703
330,394.4,193.9,267.0,20.20,1.703
330,394.4,193.7,267.0,20.20,1.703
330,394.4,193.4,267.0,20.20,1.703
330,394.4,193.1,267.0,20.20,1.703
330,394.4,192.9,267.0,20.20,1.703
330,394.4,192.6,267.0,20.20,1.703
330,394.4,192.3,267.0,20.20,1.703
330,394.4,192.0,267.0,20.20,1.703
330,394.4,194.7,267.0,20.20,1.703
330,394.4,194.4,267.0,20.20,1.703
330,394.4,194.1,267.0,20.20,1.703
330,394.4,193.9,267.0,20.20,1.703
330,394.4,193.6,267.0,20.20,1.703
330,394.4,193.3,267.0,20.20,1.703
330,394.4,193.0,267.0,20.20,1.703
330,394.4,192.8,267.0,20.20,1.703
336,377.4,169.0,258.1,21.21,1.196
336,381.1,174.5,258.3,21.21,0.824
336,384.8,180.0,258.5,19.74,0.824
336,387.5,182.3,267.0,20.26,0.791
336,390.4,185.0,267.0,20.26,1.615
336,393.3,187.6,267.0,20.26,1.615
336,396.2,190.2,267.0,19.96,1.615
336,396.2,192.9,267.0,20.33,1.720
336,396.2,192.6,267.0,20.33,1.844
336,396.2,192.3,267.0,20.33,1.844
336,396.2,192.1,267.0,20.33,1.844
336,396.2,194.7,267.0,20.33,1.844
336,396.2,194.5,267.0,20.33,1.844
336,396.2,194.2,267.0,20.33,1.844
336,396.2,193.9,267.0,20.33,1.844
336,396.2,193.6,267.0,20.33,1.844
336,396.2,193.4,267.0,20.33,1.844
336,396.2,193.1,267.0,20.33,1.844
336,396.2,192.8,267.0,20.33,1.844
336,396.2,192.5,267.0,20.33,1.844
336,396.2,192.3,267.0,20.33,1.844
336,396.2,192.0,267.0,19.96,1.844
336,396.2,191.7,267.0,19.96,1.720
336,396.2,191.4,267.0,19.96,1.720
336,396.2,191.2,267.0,19.96,1.720
336,396.2,190.9,267.0,19.96,1.720
336,396.2,190.6,267.0,19.96,1.720
336,396.2,193.3,267.0,20.33,1.720
336,396.2,193.0,267.0,20.33,1.844
336,396.2,192.7,267.0,20.33,1.844
336,396.2,192.5,267.0,20.33,1.844
336,396.2,192.2,267.0,20.33,1.844
336,396.2,191.9,267.0,19.96,1.844
336,396.2,191.6,267.0,19.96,1.720
336,396.2,191.4,267.0,19.96,1.720
336,396.2,191.1,267.0,19.96,1.720
336,396.2,190.8,267.0,19.96,1.720
336,396.2,190.5,267.0,19.96,1.720
336,396.2,193.2,267.0,20.33,1.720
336,396.2,192.9,267.0,20.33,1.844
336,396.2,192.7,267.0,20.33,1.844
336,396.2,192.4,267.0,20.33,1.844
336,396.2,192.1,267.0,20.33,1.844
336,396.2,194.8,267.0,20.33,1.844
336,396.2,194.5,267.0,20.33,1.844
336,396.2,194.2,267.0,20.33,1.844
336,396.2,193.9,267.0,20.33,1.844
336,396.2,193.7,267.0,20.33,1.844
336,396.2,193.4,267.0,20.33,1.844
336,396.2,193.1,267.0,20.33,1.844
336,396.2,192.9,267.0,20.33,1.844
336,396.2,192.6,267.0,20.33,1.844
336,396.2,192.3,267.0,20.33,1.844
336,396.2,192.0,267.0,20.33,1.844
336,396.2,194.7,267.0,20.33,1.844
336,396.2,194.4,267.0,20.33,1.844
336,396.2,194.2,267.0,20.33,1.844
336,396.2,193.9,267.0,20.33,1.844
336,396.2,193.6,267.0,20.33,1.844
336,396.2,193.3,267.0,20.33,1.844
336,396.2,193.0,267.0,20.33,1.844
336,396.2,192.8,267.0,20.33,1.844
336,396.2,192.5,267.0,20.33,1.844
336,396.2,192.2,267.0,20.33,1.844
336,396.2,191.9,267.0,19.96,1.844
336,396.2,191.7,267.0,19.96,1.720
336,396.2,191.4,267.0,19.96,1.720
336,396.2,191.1,267.0,19.96,1.720
336,396.2,190.8,267.0,19.96,1.720
336,396.2,190.6,267.0,19.96,1.720
336,396.2,193.2,267.0,20.33,1.720
336,396.2,193.0,267.0,20.33,1.844
336,396.2,192.7,267.0,20.33,1.844
336,396.2,192.4,267.0,20.33,1.844
336,396.2,192.1,267.0,20.33,1.844
336,396.2,191.9,267.0,19.96,1.844
336,396.2,191.6,267.0,19.96,1.720
336,396.2,191.3,267.0,19.96,1.720
336,396.2,191.0,267.0,19.96,1.720
336,396.2,190.8,267.0,19.96,1.720
336,396.2,190.5,267.0,19.96,1.720
336,396.2,193.2,267.0,20.33,1.720
336,396.2,192.9,267.0,20.33,1.844
336,396.2,192.6,267.0,20.33,1.844
336,396.2,192.3,267.0,20.33,1.844
336,396.2,192.1,267.0,20.33,1.844
336,396.2,194.7,267.0,20.33,1.844
336,396.2,194.4,267.0,20.33,1.844
336,396.2,194.2,267.0,20.33,1.844
336,396.2,193.9,267.0,20.33,1.844
336,396.2,193.6,267.0,20.33,1.844
336,396.2,193.3,267.0,20.33,1.844
336,396.2,193.1,267.0,20.33,1.844
336,396.2,192.8,267.0,20.33,1.844
336,396.2,192.5,267.0,20.33,1.844
336,396.2,192.2,267.0,20.33,1.844
336,396.2,192.0,267.0,19.96,1.844
336,396.2,191.7,267.0,19.96,1.720
336,396.2,191.4,267.0,19.96,1.720
336,396.2,191.2,267.0,19.96,1.720
336,396.2,190.9,267.0,19.96,1.720
336,396.2,190.6,267.0,19.96,1.720
336,396.2,193.3,267.0,20.33,1.720
336,396.2,193.0,267.0,20.33,1.844
336,396.2,192.7,267.0,20.33,1.844
336,396.2,192.5,267.0,20.33,1.844
336,396.2,192.2,267.0,20.33,1.844
336,396.2,191.9,267.0,19.96,1.844
336,396.2,191.6,267.0,19.96,1.720
336,396.2,191.3,267.0,19.96,1.720
336,396.2,191.1,267.0,19.96,1.720
336,396.2,190.8,267.0,19.96,1.720
336,396.2,190.5,267.0,19.96,1.720
336,396.2,193.2,267.0,20.33,1.720
336,396.2,192.9,267.0,20.33,1.844
336,396.2,192.6,267.0,20.33,1.844
336,396.2,192.4,267.0,20.33,1.844
336,396.2,192.1,267.0,20.33,1.844
336,396.2,194.8,267.0,20.33,1.844
336,396.2,194.5,267.0,20.33,1.844
336,396.2,194.2,267.0,20.33,1.844
336,396.2,193.9,267.0,20.33,1.844
336,396.2,193.7,267.0,20.33,1.844
336,396.2,193.4,267.0,20.33,1.844
336,396.2,193.1,267.0,20.33,1.844
336,396.2,192.8,267.0,20.33,1.844
336,396.2,192.6,267.0,20.33,1.844
336,396.2,192.3,267.0,20.33,1.844
336,396.2,192.0,267.0,20.33,1.844
336,396.2,194.7,267.0,20.33,1.844
336,396.2,194.4,267.0,20.33,1.844
336,396.2,194.1,267.0,20.33,1.844
336,396.2,193.9,267.0,20.33,1.844
336,396.2,193.6,267.0,20.33,1.844
336,396.2,193.3,267.0,20.33,1.844
336,396.2,193.0,267.0,20.33,1.844
336,396.2,192.8,267.0,20.33,1.844
336,396.2,192.5,267.0,20.33,1.844
336,396.2,192.2,267.0,20.33,1.844
336,396.2,191.9,267.0,19.96,1.844
336,396.2,191.7,267.0,19.96,1.720
336,396.2,191.4,267.0,19.96,1.720
336,396.2,191.1,267.0,19.96,1.720
336,396.2,190.8,267.0,19.96,1.720
336,396.2,190.6,267.0,19.96,1.720
336,396.2,193.2,267.0,20.33,1.720
336,396.2,192.9,267.0,20.33,1.844
336,396.2,192.7,267.0,20.33,1.844
336,396.2,192.4,267.0,20.33,1.844
336,396.2,192.1,267.0,20.33,1.844
336,396.2,194.8,267.0,20.33,1.844
336,396.2,194.5,267.0,20.33,1.844
336,396.2,194.2,267.0,20.33,1.844
336,396.2,194.0,267.0,20.33,1.844
336,396.2,193.7,267.0,20.33,1.844
336,396.2,193.4,267.0,20.33,1.844
336,396.2,193.1,267.0,20.33,1.844
336,396.2,192.9,267.0,20.33,1.844
336,396.2,192.6,267.0,20.33,1.844
336,396.2,192.3,267.0,20.33,1.844
342,348.9,206.3,265.1,22.19,0.360
342,352.0,205.7,260.0,22.48,0.837
342,355.0,205.1,254.9,22.48,0.744
342,358.1,204.5,249.8,23.24,0.744
342,360.6,203.7,246.1,20.41,0.568
342,365.9,203.4,244.7,20.41,0.691
342,371.2,203.1,243.2,20.41,0.691
342,375.5,202.8,245.6,20.46,0.691
342,379.8,202.4,248.1,20.46,0.615
342,384.1,202.1,250.5,20.66,0.615
342,386.8,201.8,260.5,20.29,0.677
342,389.8,201.5,267.0,20.20,1.306
342,392.7,201.2,267.0,20.20,1.703
342,395.6,200.9,267.0,20.20,1.703
342,395.6,200.6,267.0,20.20,1.703
342,395.6,200.3,267.0,20.20,1.703
342,395.6,200.1,267.0,20.20,1.703
342,395.6,199.8,267.0,20.20,1.703
342,395.6,199.5,267.0,20.20,1.703
342,395.6,199.2,267.0,20.20,1.703
342,395.6,199.0,267.0,20.20,1.703
342,395.6,198.7,267.0,20.20,1.703
342,395.6,198.4,267.0,20.20,1.703
342,395.6,198.1,267.0,20.20,1.703
342,395.6,197.9,267.0,20.20,1.703
342,395.6,197.6,267.0,20.20,1.703
342,395.6,197.3,267.0,20.20,1.703
342,395.6,197.0,267.0,20.20,1.703
342,395.6,196.8,267.0,20.20,1.703
342,395.6,196.5,267.0,20.20,1.703
342,395.6,196.2,267.0,20.20,1.703
342,395.6,195.9,267.0,20.20,1.703
342,395.6,195.7,267.0,20.20,1.703
342,395.6,195.4,267.0,20.20,1.703
342,395.6,195.1,267.0,20.20,1.703
342,395.6,194.8,267.0,20.20,1.703
342,395.6,194.6,267.0,20.20,1.703
342,395.6,194.3,267.0,20.20,1.703
342,395.6,194.0,267.0,20.20,1.703
342,395.6,193.7,267.0,20.20,1.703
342,395.6,193.5,267.0,20.20,1.703
342,395.6,193.2,267.0,20.20,1.703
342,395.6,192.9,267.0,20.20,1.703
342,395.6,192.6,267.0,20.20,1.703
342,395.6,192.4,267.0,20.20,1.703
342,395.6,192.1,267.0,20.20,1.703
342,395.6,194.8,267.0,20.20,1.703
342,395.6,194.5,267.0,20.20,1.703
342,395.6,194.2,267.0,20.20,1.703
342,395.6,193.9,267.0,20.20,1.703
342,395.6,193.7,267.0,20.20,1.703
342,395.6,193.4,267.0,20.20,1.703
342,395.6,193.1,267.0,20.20,1.703
342,395.6,192.8,267.0,20.20,1.703
342,395.6,192.6,267.0,20.20,1.703
342,395.6,192.3,267.0,20.20,1.703
342,395.6,192.0,267.0,20.20,1.703
342,395.6,194.7,267.0,20.20,1.703
342,395.6,194.4,267.0,20.20,1.703
342,395.6,194.1,267.0,20.20,1.703
342,395.6,193.8,267.0,20.20,1.703
342,395.6,193.6,267.0,20.20,1.703
342,395.6,193.3,267.0,20.20,1.703
342,395.6,193.0,267.0,20.20,1.703
342,395.6,192.8,267.0,20.20,1.703
342,395.6,192.5,267.0,20.20,1.703
342,395.6,192.2,267.0,20.20,1.703
342,395.6,191.9,267.0,20.26,1.703
342,395.6,191.7,267.0,20.26,1.615
342,395.6,191.4,267.0,20.26,1.615
342,395.6,191.1,267.0,20.26,1.615
342,395.6,190.8,267.0,20.26,1.615
342,395.6,190.5,267.0,20.26,1.615
342,395.6,193.2,267.0,20.20,1.615
342,395.6,192.9,267.0,20.20,1.703
342,395.6,192.7,267.0,20.20,1.703
342,395.6,192.4,267.0,20.20,1.703
342,395.6,192.1,267.0,20.20,1.703
342,395.6,194.8,267.0,20.20,1.703
342,395.6,194.5,267.0,20.20,1.703
342,395.6,194.2,267.0,20.20,1.703
342,395.6,194.0,267.0,20.20,1.703
342,395.6,193.7,267.0,20.20,1.703
342,395.6,193.4,267.0,20.20,1.703
342,395.6,193.1,267.0,20.20,1.703
342,395.6,192.9,267.0,20.20,1.703
342,395.6,192.6,267.0,20.20,1.703
342,395.6,192.3,267.0,20.20,1.703
342,395.6,192.0,267.0,20.20,1.703
342,395.6,194.7,267.0,20.20,1.703
342,395.6,194.4,267.0,20.20,1.703
342,395.6,194.2,267.0,20.20,1.703
342,395.6,193.9,267.0,20.20,1.703
342,395.6,193.6,267.0,20.20,1.703
342,395.6,193.3,267.0,20.20,1.703
342,395.6,193.1,267.0,20.20,1.703
342,395.6,192.8,267.0,20.20,1.703
342,395.6,192.5,267.0,20.20,1.703
342,395.6,192.2,267.0,20.20,1.703
342,395.6,191.9,267.0,20.26,1.703
342,395.6,191.7,267.0,20.26,1.615
342,395.6,191.4,267.0,20.26,1.615
342,395.6,191.1,267.0,20.26,1.615
342,395.6,190.9,267.0,20.26,1.615
342,395.6,190.6,267.0,20.26,1.615
342,395.6,193.2,267.0,20.20,1.615
342,395.6,193.0,267.0,20.20,1.703
342,395.6,192.7,267.0,20.20,1.703
342,395.6,192.4,267.0,20.20,1.703
342,395.6,192.2,267.0,20.20,1.703
342,395.6,194.8,267.0,20.20,1.703
342,395.6,194.5,267.0,20.20,1.703
342,395.6,194.3,267.0,20.20,1.703
342,395.6,194.0,267.0,20.20,1.703
342,395.6,193.7,267.0,20.20,1.703
342,395.6,193.4,267.0,20.20,1.703
342,395.6,193.2,267.0,20.20,1.703
342,395.6,192.9,267.0,20.20,1.703
342,395.6,192.6,267.0,20.20,1.703
342,395.6,192.3,267.0,20.20,1.703
342,395.6,192.1,267.0,20.20,1.703
342,395.6,194.7,267.0,20.20,1.703
342,395.6,194.5,267.0,20.20,1.703
342,395.6,194.2,267.0,20.20,1.703
342,395.6,193.9,267.0,20.20,1.703
342,395.6,193.6,267.0,20.20,1.703
342,395.6,193.4,267.0,20.20,1.703
342,395.6,193.1,267.0,20.20,1.703
342,395.6,192.8,267.0,20.20,1.703
342,395.6,192.5,267.0,20.20,1.703
342,395.6,192.3,267.0,20.20,1.703
342,395.6,192.0,267.0,20.26,1.703
342,395.6,191.7,267.0,20.26,1.615
342,395.6,191.4,267.0,20.26,1.615
342,395.6,191.2,267.0,20.26,1.615
342,395.6,190.9,267.0,20.26,1.615
342,395.6,190.6,267.0,20.26,1.615
342,395.6,193.3,267.0,20.20,1.615
342,395.6,193.0,267.0,20.20,1.703
342,395.6,192.7,267.0,20.20,1.703
342,395.6,192.5,267.0,20.20,1.703
342,395.6,192.2,267.0,20.20,1.703
342,395.6,191.9,267.0,20.26,1.703
342,395.6,191.6,267.0,20.26,1.615
342,395.6,191.3,267.0,20.26,1.615
342,395.6,191.1,267.0,20.26,1.615
342,395.6,190.8,267.0,20.26,1.615
342,395.6,190.5,267.0,20.26,1.615
342,395.6,193.2,267.0,20.20,1.615
342,395.6,192.9,267.0,20.20,1.703
342,395.6,192.7,267.0,20.20,1.703
342,395.6,192.4,267.0,20.20,1.703
342,395.6,192.1,267.0,20.20,1.703
342,395.6,194.8,267.0,20.20,1.703
342,395.6,194.5,267.0,20.20,1.703
342,395.6,194.2,267.0,20.20,1.703
342,395.6,193.9,267.0,20.20,1.703
342,395.6,193.7,267.0,20.20,1.703
342,395.6,193.4,267.0,20.20,1.703
342,395.6,193.1,267.0,20.20,1.703
348,424.4,231.5,264.5,22.06,1.017
348,418.7,225.7,264.0,20.30,1.017
348,415.8,220.5,267.0,20.21,1.018
348,412.9,215.4,267.0,20.33,1.250
348,410.0,212.2,267.0,20.33,1.595
348,407.1,209.1,267.0,20.21,1.595
348,407.1,206.0,267.0,20.21,1.690
348,407.1,202.9,267.0,20.33,1.690
348,407.1,202.6,267.0,20.33,1.844
348,407.1,202.3,267.0,20.33,1.844
348,407.1,202.1,267.0,20.33,1.844
348,407.1,201.8,267.0,20.33,1.844
348,407.1,201.5,267.0,20.33,1.844
348,407.1,201.2,267.0,20.33,1.844
348,407.1,201.0,267.0,20.33,1.844
348,407.1,200.7,267.0,20.33,1.844
348,407.1,200.4,267.0,20.33,1.844
348,407.1,200.1,267.0,20.33,1.844
348,407.1,199.8,267.0,20.33,1.844
348,407.1,199.6,267.0,20.33,1.844
348,407.1,199.3,267.0,20.33,1.844
348,407.1,199.0,267.0,20.33,1.844
348,407.1,198.8,267.0,20.33,1.844
348,407.1,198.5,267.0,20.33,1.844
348,407.1,198.2,267.0,20.33,1.844
348,407.1,197.9,267.0,20.33,1.844
348,407.1,197.7,267.0,20.33,1.844
348,407.1,197.4,267.0,20.33,1.844
348,407.1,197.1,267.0,20.33,1.844
348,407.1,196.8,267.0,20.33,1.844
348,407.1,196.5,267.0,20.33,1.844
348,407.1,196.3,267.0,20.33,1.844
348,407.1,196.0,267.0,20.33,1.844
348,407.1,195.7,267.0,20.33,1.844
348,407.1,195.4,267.0,20.33,1.844
348,407.1,195.2,267.0,20.33,1.844
348,407.1,194.9,267.0,20.33,1.844
348,407.1,194.6,267.0,20.33,1.844
348,407.1,194.3,267.0,20.33,1.844
348,407.1,194.1,267.0,20.33,1.844
348,407.1,193.8,267.0,20.33,1.844
348,407.1,193.5,267.0,20.33,1.844
348,407.1,193.2,267.0,20.33,1.844
348,407.1,193.0,267.0,20.33,1.844
348,407.1,192.7,267.0,20.33,1.844
348,407.1,192.4,267.0,20.33,1.844
348,407.1,192.1,267.0,20.33,1.844
348,407.1,191.9,267.0,19.96,1.844
348,407.1,191.6,267.0,19.96,1.720
348,407.1,191.3,267.0,19.96,1.720
348,407.1,191.0,267.0,19.96,1.720
348,407.1,190.8,267.0,19.96,1.720
348,407.1,190.5,267.0,19.96,1.720
348,407.1,193.2,267.0,20.33,1.720
348,407.1,192.9,267.0,20.33,1.844
348,407.1,192.6,267.0,20.33,1.844
348,407.1,192.3,267.0,20.33,1.844
348,407.1,192.1,267.0,20.33,1.844
348,407.1,194.7,267.0,20.33,1.844
348,407.1,194.5,267.0,20.33,1.844
348,407.1,194.2,267.0,20.33,1.844
348,407.1,193.9,267.0,20.33,1.844
348,407.1,193.6,267.0,20.33,1.844
348,407.1,193.4,267.0,20.33,1.844
348,407.1,193.1,267.0,20.33,1.844
348,407.1,192.8,267.0,20.33,1.844
348,407.1,192.5,267.0,20.33,1.844
348,407.1,192.3,267.0,20.33,1.844
348,407.1,192.0,267.0,19.96,1.844
348,407.1,191.7,267.0,19.96,1.720
348,407.1,191.4,267.0,19.96,1.720
348,407.1,191.2,267.0,19.96,1.720
348,407.1,190.9,267.0,19.96,1.720
348,407.1,190.6,267.0,19.96,1.720
348,407.1,193.3,267.0,20.33,1.720
348,407.1,193.0,267.0,20.33,1.844
348,407.1,192.7,267.0,20.33,1.844
348,407.1,192.5,267.0,20.33,1.844
348,407.1,192.2,267.0,20.33,1.844
348,407.1,191.9,267.0,19.96,1.844
348,407.1,191.6,267.0,19.96,1.720
348,407.1,191.3,267.0,19.96,1.720
348,407.1,191.1,267.0,19.96,1.720
348,407.1,190.8,267.0,19.96,1.720
348,407.1,190.5,267.0,19.96,1.720
348,407.1,193.2,267.0,20.33,1.720
348,407.1,192.9,267.0,20.33,1.844
348,407.1,192.6,267.0,20.33,1.844
348,407.1,192.4,267.0,20.33,1.844
348,407.1,192.1,267.0,20.33,1.844
348,407.1,194.8,267.0,20.33,1.844
348,407.1,194.5,267.0,20.33,1.844
348,407.1,194.2,267.0,20.33,1.844
348,407.1,193.9,267.0,20.33,1.844
348,407.1,193.7,267.0,20.33,1.844
348,407.1,193.4,267.0,20.33,1.844
348,407.1,193.1,267.0,20.33,1.844
348,407.1,192.8,267.0,20.33,1.844
348,407.1,192.6,267.0,20.33,1.844
348,407.1,192.3,267.0,20.33,1.844
348,407.1,192.0,267.0,20.33,1.844
348,407.1,194.7,267.0,20.33,1.844
348,407.1,194.4,267.0,20.33,1.844
348,407.1,194.1,267.0,20.33,1.844
348,407.1,193.9,267.0,20.33,1.844
348,407.1,193.6,267.0,20.33,1.844
348,407.1,193.3,267.0,20.33,1.844
348,407.1,193.0,267.0,20.33,1.844
348,407.1,192.8,267.0,20.33,1.844
348,407.1,192.5,267.0,20.33,1.844
348,407.1,192.2,267.0,20.33,1.844
348,407.1,191.9,267.0,19.96,1.844
348,407.1,191.7,267.0,19.96,1.720
348,407.1,191.4,267.0,19.96,1.720
348,407.1,191.1,267.0,19.96,1.720
348,407.1,190.8,267.0,19.96,1.720
348,407.1,190.6,267.0,19.96,1.720
348,407.1,193.2,267.0,20.33,1.720
348,407.1,192.9,267.0,20.33,1.844
348,407.1,192.7,267.0,20.33,1.844
348,407.1,192.4,267.0,20.33,1.844
348,407.1,192.1,267.0,20.33,1.844
348,407.1,194.8,267.0,20.33,1.844
348,407.1,194.5,267.0,20.33,1.844
348,407.1,194.2,267.0,20.33,1.844
348,407.1,194.0,267.0,20.33,1.844
348,407.1,193.7,267.0,20.33,1.844
348,407.1,193.4,267.0,20.33,1.844
348,407.1,193.2,267.0,20.33,1.844
348,407.1,192.9,267.0,20.33,1.844
348,407.1,192.6,267.0,20.33,1.844
348,407.1,192.3,267.0,20.33,1.844
348,407.1,192.1,267.0,20.33,1.844
348,407.1,194.7,267.0,20.33,1.844
348,407.1,194.4,267.0,20.33,1.844
348,407.1,194.2,267.0,20.33,1.844
348,407.1,193.9,267.0,20.33,1.844
348,407.1,193.6,267.0,20.33,1.844
348,407.1,193.3,267.0,20.33,1.844
348,407.1,193.1,267.0,20.33,1.844
348,407.1,192.8,267.0,20.33,1.844
348,407.1,192.5,267.0,20.33,1.844
348,407.1,192.2,267.0,20.33,1.844
348,407.1,192.0,267.0,19.96,1.844
348,407.1,191.7,267.0,19.96,1.720
348,407.1,191.4,267.0,19.96,1.720
348,407.1,191.1,267.0,19.96,1.720
348,407.1,190.9,267.0,19.96,1.720
348,407.1,190.6,267.0,19.96,1.720
348,407.1,193.3,267.0,20.33,1.720
348,407.1,193.0,267.0,20.33,1.844
348,407.1,192.7,267.0,20.33,1.844
348,407.1,192.4,267.0,20.33,1.844
348,407.1,192.2,267.0,20.33,1.844
348,407.1,191.9,267.0,19.96,1.844
348,407.1,191.6,267.0,19.96,1.720
348,407.1,191.3,267.0,19.96,1.720
348,407.1,191.1,267.0,19.96,1.720
348,407.1,190.8,267.0,19.96,1.720
348,407.1,190.5,267.0,19.96,1.720
354,364.6,190.2,264.5,19.56,0.838
354,371.2,192.4,264.1,18.56,0.873
354,376.1,192.1,267.0,19.71,0.833
354,381.1,194.7,267.0,19.71,1.261
354,386.1,194.4,267.0,20.20,1.261
354,389.1,194.1,267.0,20.20,1.703
354,392.0,193.8,267.0,20.20,1.703
354,394.9,193.5,267.0,20.20,1.703
354,394.9,193.2,267.0,20.20,1.703
354,394.9,192.9,267.0,20.20,1.703
354,394.9,192.6,267.0,20.20,1.703
354,394.9,192.3,267.0,20.20,1.703
354,394.9,192.1,267.0,20.20,1.703
354,394.9,194.8,267.0,20.20,1.703
354,394.9,194.5,267.0,20.20,1.703
354,394.9,194.2,267.0,20.20,1.703
354,394.9,193.9,267.0,20.20,1.703
354,394.9,193.7,267.0,20.20,1.703
354,394.9,193.4,267.0,20.20,1.703
354,394.9,193.1,267.0,20.20,1.703
354,394.9,192.8,267.0,20.20,1.703
354,394.9,192.6,267.0,20.20,1.703
354,394.9,192.3,267.0,20.20,1.703
354,394.9,192.0,267.0,20.20,1.703
354,394.9,191.7,267.0,20.26,1.615
354,394.9,191.5,267.0,20.26,1.615
354,394.9,191.2,267.0,20.26,1.615
354,394.9,190.9,267.0,20.26,1.615
354,394.9,190.6,267.0,20.26,1.615
354,394.9,193.3,267.0,20.20,1.615
354,394.9,193.0,267.0,20.20,1.703
354,394.9,192.7,267.0,20.20,1.703
354,394.9,192.5,267.0,20.20,1.703
354,394.9,192.2,267.0,20.20,1.703
354,394.9,191.9,267.0,20.26,1.703
354,394.9,191.6,267.0,20.26,1.615
354,394.9,191.4,267.0,20.26,1.615
354,394.9,191.1,267.0,20.26,1.615
354,394.9,190.8,267.0,20.26,1.615
354,394.9,190.5,267.0,20.26,1.615
354,394.9,193.2,267.0,20.20,1.615
354,394.9,192.9,267.0,20.20,1.703
354,394.9,192.7,267.0,20.20,1.703
354,394.9,192.4,267.0,20.20,1.703
354,394.9,192.1,267.0,20.20,1.703
354,394.9,194.8,267.0,20.20,1.703
354,394.9,194.5,267.0,20.20,1.703
354,394.9,194.2,267.0,20.20,1.703
354,394.9,194.0,267.0,20.20,1.703
354,394.9,193.7,267.0,20.20,1.703
354,394.9,193.4,267.0,20.20,1.703
354,394.9,193.1,267.0,20.20,1.703
354,394.9,192.9,267.0,20.20,1.703
354,394.9,192.6,267.0,20.20,1.703
354,394.9,192.3,267.0,20.20,1.703
354,394.9,192.0,267.0,20.20,1.703
354,394.9,194.7,267.0,20.20,1.703
354,394.9,194.4,267.0,20.20,1.703
354,394.9,194.2,267.0,20.20,1.703
354,394.9,193.9,267.0,20.20,1.703
354,394.9,193.6,267.0,20.20,1.703
354,394.9,193.3,267.0,20.20,1.703
354,394.9,193.1,267.0,20.20,1.703
354,394.9,192.8,267.0,20.20,1.703
354,394.9,192.5,267.0,20.20,1.703
354,394.9,192.2,267.0,20.20,1.703
354,394.9,191.9,267.0,20.26,1.703
354,394.9,191.7,267.0,20.26,1.615
354,394.9,191.4,267.0,20.26,1.615
354,394.9,191.1,267.0,20.26,1.615
354,394.9,190.9,267.0,20.26,1.615
354,394.9,190.6,267.0,20.26,1.615
354,394.9,193.2,267.0,20.20,1.615
354,394.9,193.0,267.0,20.20,1.703
354,394.9,192.7,267.0,20.20,1.703
354,394.9,192.4,267.0,20.20,1.703
354,394.9,192.2,267.0,20.20,1.703
354,394.9,194.8,267.0,20.20,1.703
354,394.9,194.5,267.0,20.20,1.703
354,394.9,194.3,267.0,20.20,1.703
354,394.9,194.0,267.0,20.20,1.703
354,394.9,193.7,267.0,20.20,1.703
354,394.9,193.4,267.0,20.20,1.703
354,394.9,193.2,267.0,20.20,1.703
354,394.9,192.9,267.0,20.20,1.703
354,394.9,192.6,267.0,20.20,1.703
354,394.9,192.3,267.0,20.20,1.703
354,394.9,192.1,267.0,20.20,1.703
354,394.9,194.7,267.0,20.20,1.703
354,394.9,194.5,267.0,20.20,1.703
354,394.9,194.2,267.0,20.20,1.703
354,394.9,193.9,267.0,20.20,1.703
354,394.9,193.6,267.0,20.20,1.703
354,394.9,193.4,267.0,20.20,1.703
354,394.9,193.1,267.0,20.20,1.703
354,394.9,192.8,267.0,20.20,1.703
354,394.9,192.5,267.0,20.20,1.703
354,394.9,192.3,267.0,20.20,1.703
354,394.9,192.0,267.0,20.26,1.703
354,394.9,191.7,267.0,20.26,1.615
354,394.9,191.4,267.0,20.26,1.615
354,394.9,191.2,267.0,20.26,1.615
354,394.9,190.9,267.0,20.26,1.615
354,394.9,190.6,267.0,20.26,1.615
354,394.9,193.3,267.0,20.20,1.615
354,394.9,193.0,267.0,20.20,1.703
354,394.9,192.7,267.0,20.20,1.703
354,394.9,192.5,267.0,20.20,1.703
354,394.9,192.2,267.0,20.20,1.703
354,394.9,191.9,267.0,20.26,1.703
354,394.9,191.6,267.0,20.26,1.615
354,394.9,191.3,267.0,20.26,1.615
354,394.9,191.1,267.0,20.26,1.615
354,394.9,190.8,267.0,20.26,1.615
354,394.9,190.5,267.0,20.26,1.615
354,394.9,193.2,267.0,20.20,1.615
354,394.9,192.9,267.0,20.20,1.703
354,394.9,192.7,267.0,20.20,1.703
354,394.9,192.4,267.0,20.20,1.703
354,394.9,192.1,267.0,20.20,1.703
354,394.9,194.8,267.0,20.20,1.703
354,394.9,194.5,267.0,20.20,1.703
354,394.9,194.2,267.0,20.20,1.703
354,394.9,193.9,267.0,20.20,1.703
354,394.9,193.7,267.0,20.20,1.703
354,394.9,193.4,267.0,20.20,1.703
354,394.9,193.1,267.0,20.20,1.703
354,394.9,192.8,267.0,20.20,1.703
354,394.9,192.6,267.0,20.20,1.703
354,394.9,192.3,267.0,20.20,1.703
354,394.9,192.0,267.0,20.20,1.703
354,394.9,194.7,267.0,20.20,1.703
354,394.9,194.4,267.0,20.20,1.703
354,394.9,194.1,267.0,20.20,1.703
354,394.9,193.9,267.0,20.20,1.703
354,394.9,193.6,267.0,20.20,1.703
354,394.9,193.3,267.0,20.20,1.703
354,394.9,193.0,267.0,20.20,1.703
354,394.9,192.8,267.0,20.20,1.703
354,394.9,192.5,267.0,20.20,1.703
354,394.9,192.2,267.0,20.20,1.703
354,394.9,191.9,267.0,20.26,1.703
354,394.9,191.7,267.0,20.26,1.615
354,394.9,191.4,267.0,20.26,1.615
354,394.9,191.1,267.0,20.26,1.615
354,394.9,190.8,267.0,20.26,1.615
354,394.9,190.6,267.0,20.26,1.615
354,394.9,193.2,267.0,20.20,1.615
354,394.9,193.0,267.0,20.20,1.703
354,394.9,192.7,267.0,20.20,1.703
354,394.9,192.4,267.0,20.20,1.703
354,394.9,192.1,267.0,20.20,1.703
354,394.9,194.8,267.0,20.20,1.703
354,394.9,194.5,267.0,20.20,1.703
354,394.9,194.2,267.0,20.20,1.703
354,394.9,194.0,267.0,20.20,1.703
354,394.9,193.7,267.0,20.20,1.703
354,394.9,193.4,267.0,20.20,1.703
354,394.9,193.2,267.0,20.20,1.703
354,394.9,192.9,267.0,20.20,1.703
360,431.6,173.8,262.3,22.13,0.800
360,426.9,178.1,262.2,22.13,0.798
360,420.7,179.8,261.8,22.13,0.798
360,418.1,182.1,267.0,20.26,0.798
360,415.2,184.8,267.0,20.26,1.615
360,412.2,187.4,267.0,20.26,1.615
360,409.3,190.0,267.0,20.26,1.615
360,406.4,192.7,267.0,20.33,1.615
360,406.4,192.4,267.0,20.33,1.844
360,406.4,192.1,267.0,20.33,1.844
360,406.4,194.8,267.0,20.33,1.844
360,406.4,194.5,267.0,20.33,1.844
360,406.4,194.2,267.0,20.33,1.844
360,406.4,193.9,267.0,20.33,1.844
360,406.4,193.7,267.0,20.33,1.844
360,406.4,193.4,267.0,20.33,1.844
360,406.4,193.1,267.0,20.33,1.844
360,406.4,192.9,267.0,20.33,1.844
360,406.4,192.6,267.0,20.33,1.844
360,406.4,192.3,267.0,20.33,1.844
360,406.4,192.0,267.0,20.33,1.844
360,406.4,194.7,267.0,20.33,1.844
360,406.4,194.4,267.0,20.33,1.844
360,406.4,194.2,267.0,20.33,1.844
360,406.4,193.9,267.0,20.33,1.844
360,406.4,193.6,267.0,20.33,1.844
360,406.4,193.3,267.0,20.33,1.844
360,406.4,193.1,267.0,20.33,1.844
360,406.4,192.8,267.0,20.33,1.844
360,406.4,192.5,267.0,20.33,1.844
360,406.4,192.2,267.0,20.33,1.844
360,406.4,191.9,267.0,19.96,1.844
360,406.4,191.7,267.0,19.96,1.720
360,406.4,191.4,267.0,19.96,1.720
360,406.4,191.1,267.0,19.96,1.720
360,406.4,190.8,267.0,19.96,1.720
360,406.4,190.6,267.0,19.96,1.720
360,406.4,193.2,267.0,20.33,1.720
360,406.4,193.0,267.0,20.33,1.844
360,406.4,192.7,267.0,20.33,1.844
360,406.4,192.4,267.0,20.33,1.844
360,406.4,192.1,267.0,20.33,1.844
360,406.4,191.9,267.0,19.96,1.844
360,406.4,191.6,267.0,19.96,1.720
360,406.4,191.3,267.0,19.96,1.720
360,406.4,191.0,267.0,19.96,1.720
360,406.4,190.8,267.0,19.96,1.720
360,406.4,190.5,267.0,19.96,1.720
360,406.4,193.2,267.0,20.33,1.720
360,406.4,192.9,267.0,20.33,1.844
360,406.4,192.6,267.0,20.33,1.844
360,406.4,192.3,267.0,20.33,1.844
360,406.4,192.1,267.0,20.33,1.844
360,406.4,194.7,267.0,20.33,1.844
360,406.4,194.4,267.0,20.33,1.844
360,406.4,194.2,267.0,20.33,1.844
360,406.4,193.9,267.0,20.33,1.844
360,406.4,193.6,267.0,20.33,1.844
360,406.4,193.3,267.0,20.33,1.844
360,406.4,193.1,267.0,20.33,1.844
360,406.4,192.8,267.0,20.33,1.844
360,406.4,192.5,267.0,20.33,1.844
360,406.4,192.2,267.0,20.33,1.844
360,406.4,192.0,267.0,19.96,1.844
360,406.4,191.7,267.0,19.96,1.720
360,406.4,191.4,267.0,19.96,1.720
360,406.4,191.2,267.0,19.96,1.720
360,406.4,190.9,267.0,19.96,1.720
360,406.4,190.6,267.0,19.96,1.720
360,406.4,193.3,267.0,20.33,1.720
360,406.4,193.0,267.0,20.33,1.844
360,406.4,192.7,267.0,20.33,1.844
360,406.4,192.5,267.0,20.33,1.844
360,406.4,192.2,267.0,20.33,1.844
360,406.4,191.9,267.0,19.96,1.844
360,406.4,191.6,267.0,19.96,1.720
360,406.4,191.3,267.0,19.96,1.720
360,406.4,191.1,267.0,19.96,1.720
360,406.4,190.8,267.0,19.96,1.720
360,406.4,190.5,267.0,19.96,1.720
360,406.4,193.2,267.0,20.33,1.720
360,406.4,192.9,267.0,20.33,1.844
360,406.4,192.6,267.0,20.33,1.844
360,406.4,192.4,267.0,20.33,1.844
360,406.4,192.1,267.0,20.33,1.844
360,406.4,194.8,267.0,20.33,1.844
360,406.4,194.5,267.0,20.33,1.844
360,406.4,194.2,267.0,20.33,1.844
360,406.4,193.9,267.0,20.33,1.844
360,406.4,193.7,267.0,20.33,1.844
360,406.4,193.4,267.0,20.33,1.844
360,406.4,193.1,267.0,20.33,1.844
360,406.4,192.8,267.0,20.33,1.844
360,406.4,192.6,267.0,20.33,1.844
360,406.4,192.3,267.0,20.33,1.844
360,406.4,192.0,267.0,20.33,1.844
360,406.4,194.7,267.0,20.33,1.844
360,406.4,194.4,267.0,20.33,1.844
360,406.4,194.1,267.0,20.33,1.844
360,406.4,193.9,267.0,20.33,1.844
360,406.4,193.6,267.0,20.33,1.844
360,406.4,193.3,267.0,20.33,1.844
360,406.4,193.0,267.0,20.33,1.844
360,406.4,192.8,267.0,20.33,1.844
360,406.4,192.5,267.0,20.33,1.844
360,406.4,192.2,267.0,20.33,1.844
360,406.4,191.9,267.0,19.96,1.844
360,406.4,191.7,267.0,19.96,1.720
360,406.4,191.4,267.0,19.96,1.720
360,406.4,191.1,267.0,19.96,1.720
360,406.4,190.8,267.0,19.96,1.720
360,406.4,190.6,267.0,19.96,1.720
360,406.4,193.2,267.0,20.33,1.720
360,406.4,192.9,267.0,20.33,1.844
360,406.4,192.7,267.0,20.33,1.844
360,406.4,192.4,267.0,20.33,1.844
360,406.4,192.1,267.0,20.33,1.844
360,406.4,194.8,267.0,20.33,1.844
360,406.4,194.5,267.0,20.33,1.844
360,406.4,194.2,267.0,20.33,1.844
360,406.4,194.0,267.0,20.33,1.844
360,406.4,193.7,267.0,20.33,1.844
360,406.4,193.4,267.0,20.33,1.844
360,406.4,193.1,267.0,20.33,1.844
360,406.4,192.9,267.0,20.33,1.844
360,406.4,192.6,267.0,20.33,1.844
360,406.4,192.3,267.0,20.33,1.844
360,406.4,192.0,267.0,20.33,1.844
360,406.4,194.7,267.0,20.33,1.844
360,406.4,194.4,267.0,20.33,1.844
360,406.4,194.2,267.0,20.33,1.844
360,406.4,193.9,267.0,20.33,1.844
360,406.4,193.6,267.0,20.33,1.844
360,406.4,193.3,267.0,20.33,1.844
360,406.4,193.1,267.0,20.33,1.844
360,406.4,192.8,267.0,20.33,1.844
360,406.4,192.5,267.0,20.33,1.844
360,406.4,192.2,267.0,20.33,1.844
360,406.4,192.0,267.0,19.96,1.844
360,406.4,191.7,267.0,19.96,1.720
360,406.4,191.4,267.0,19.96,1.720
360,406.4,191.1,267.0,19.96,1.720
360,406.4,190.9,267.0,19.96,1.720
360,406.4,190.6,267.0,19.96,1.720
360,406.4,193.3,267.0,20.33,1.720
360,406.4,193.0,267.0,20.33,1.844
360,406.4,192.7,267.0,20.33,1.844
360,406.4,192.4,267.0,20.33,1.844
360,406.4,192.2,267.0,20.33,1.844
360,406.4,191.9,267.0,19.96,1.844
360,406.4,191.6,267.0,19.96,1.720
360,406.4,191.3,267.0,19.96,1.720
360,406.4,191.1,267.0,19.96,1.720
360,406.4,190.8,267.0,19.96,1.720
360,406.4,190.5,267.0,19.96,1.720
360,406.4,193.2,267.0,20.33,1.720
360,406.4,192.9,267.0,20.33,1.844
360,406.4,192.6,267.0,20.33,1.844
360,406.4,192.3,267.0,20.33,1.844
360,406.4,192.1,267.0,20.33,1.844
366,418.0,178.6,264.8,19.53,1.001
366,415.1,181.3,267.0,20.26,0.871
366,412.2,183.9,267.0,20.26,1.615
366,409.3,186.5,267.0,20.26,1.615
366,409.3,189.2,267.0,20.26,1.615
366,409.3,191.9,267.0,20.26,1.615
366,409.3,191.6,267.0,20.26,1.615
366,409.3,191.3,267.0,20.26,1.615
366,409.3,191.0,267.0,20.26,1.615
366,409.3,190.8,267.0,20.26,1.615
366,409.3,190.5,267.0,20.26,1.615
366,409.3,193.2,267.0,20.20,1.615
366,409.3,192.9,267.0,20.20,1.703
366,409.3,192.6,267.0,20.20,1.703
366,409.3,192.3,267.0,20.20,1.703
366,409.3,192.1,267.0,20.20,1.703
366,409.3,194.7,267.0,20.20,1.703
366,409.3,194.5,267.0,20.20,1.703
366,409.3,194.2,267.0,20.20,1.703
366,409.3,193.9,267.0,20.20,1.703
366,409.3,193.6,267.0,20.20,1.703
366,409.3,193.4,267.0,20.20,1.703
366,409.3,193.1,267.0,20.20,1.703
366,409.3,192.8,267.0,20.20,1.703
366,409.3,192.5,267.0,20.20,1.703
366,409.3,192.3,267.0,20.20,1.703
366,409.3,192.0,267.0,20.26,1.703
366,409.3,191.7,267.0,20.26,1.615
366,409.3,191.4,267.0,20.26,1.615
366,409.3,191.2,267.0,20.26,1.615
366,409.3,190.9,267.0,20.26,1.615
366,409.3,190.6,267.0,20.26,1.615
366,409.3,193.3,267.0,20.20,1.615
366,409.3,193.0,267.0,20.20,1.703
366,409.3,192.7,267.0,20.20,1.703
366,409.3,192.5,267.0,20.20,1.703
366,409.3,192.2,267.0,20.20,1.703
366,409.3,191.9,267.0,20.26,1.703
366,409.3,191.6,267.0,20.26,1.615
366,409.3,191.3,267.0,20.26,1.615
366,409.3,191.1,267.0,20.26,1.615
366,409.3,190.8,267.0,20.26,1.615
366,409.3,190.5,267.0,20.26,1.615
366,409.3,193.2,267.0,20.20,1.615
366,409.3,192.9,267.0,20.20,1.703
366,409.3,192.6,267.0,20.20,1.703
366,409.3,192.4,267.0,20.20,1.703
366,409.3,192.1,267.0,20.20,1.703
366,409.3,194.8,267.0,20.20,1.703
366,409.3,194.5,267.0,20.20,1.703
366,409.3,194.2,267.0,20.20,1.703
366,409.3,193.9,267.0,20.20,1.703
366,409.3,193.7,267.0,20.20,1.703
366,409.3,193.4,267.0,20.20,1.703
366,409.3,193.1,267.0,20.20,1.703
366,409.3,192.8,267.0,20.20,1.703
366,409.3,192.6,267.0,20.20,1.703
366,409.3,192.3,267.0,20.20,1.703
366,409.3,192.0,267.0,20.20,1.703
366,409.3,194.7,267.0,20.20,1.703
366,409.3,194.4,267.0,20.20,1.703
366,409.3,194.1,267.0,20.20,1.703
366,409.3,193.9,267.0,20.20,1.703
366,409.3,193.6,267.0,20.20,1.703
366,409.3,193.3,267.0,20.20,1.703
366,409.3,193.0,267.0,20.20,1.703
366,409.3,192.8,267.0,20.20,1.703
366,409.3,192.5,267.0,20.20,1.703
366,409.3,192.2,267.0,20.20,1.703
366,409.3,191.9,267.0,20.26,1.703
366,409.3,191.7,267.0,20.26,1.615
366,409.3,191.4,267.0,20.26,1.615
366,409.3,191.1,267.0,20.26,1.615
366,409.3,190.8,267.0,20.26,1.615
366,409.3,190.6,267.0,20.26,1.615
366,409.3,193.2,267.0,20.20,1.615
366,409.3,192.9,267.0,20.20,1.703
366,409.3,192.7,267.0,20.20,1.703
366,409.3,192.4,267.0,20.20,1.703
366,409.3,192.1,267.0,20.20,1.703
366,409.3,194.8,267.0,20.20,1.703
366,409.3,194.5,267.0,20.20,1.703
366,409.3,194.2,267.0,20.20,1.703
366,409.3,194.0,267.0,20.20,1.703
366,409.3,193.7,267.0,20.20,1.703
366,409.3,193.4,267.0,20.20,1.703
366,409.3,193.2,267.0,20.20,1.703
366,409.3,192.9,267.0,20.20,1.703
366,409.3,192.6,267.0,20.20,1.703
366,409.3,192.3,267.0,20.20,1.703
366,409.3,192.1,267.0,20.20,1.703
366,409.3,194.7,267.0,20.20,1.703
366,409.3,194.4,267.0,20.20,1.703
366,409.3,194.2,267.0,20.20,1.703
366,409.3,193.9,267.0,20.20,1.703
366,409.3,193.6,267.0,20.20,1.703
366,409.3,193.3,267.0,20.20,1.703
366,409.3,193.1,267.0,20.20,1.703
366,409.3,192.8,267.0,20.20,1.703
366,409.3,192.5,267.0,20.20,1.703
366,409.3,192.2,267.0,20.20,1.703
366,409.3,192.0,267.0,20.26,1.703
366,409.3,191.7,267.0,20.26,1.615
366,409.3,191.4,267.0,20.26,1.615
366,409.3,191.1,267.0,20.26,1.615
366,409.3,190.9,267.0,20.26,1.615
366,409.3,190.6,267.0,20.26,1.615
366,409.3,193.3,267.0,20.20,1.615
366,409.3,193.0,267.0,20.20,1.703
366,409.3,192.7,267.0,20.20,1.703
366,409.3,192.4,267.0,20.20,1.703
366,409.3,192.2,267.0,20.20,1.703
366,409.3,191.9,267.0,20.26,1.703
366,409.3,191.6,267.0,20.26,1.615
366,409.3,191.3,267.0,20.26,1.615
366,409.3,191.1,267.0,20.26,1.615
366,409.3,190.8,267.0,20.26,1.615
366,409.3,190.5,267.0,20.26,1.615
366,409.3,193.2,267.0,20.20,1.615
366,409.3,192.9,267.0,20.20,1.703
366,409.3,192.6,267.0,20.20,1.703
366,409.3,192.3,267.0,20.20,1.703
366,409.3,192.1,267.0,20.20,1.703
366,409.3,194.8,267.0,20.20,1.703
366,409.3,194.5,267.0,20.20,1.703
366,409.3,194.2,267.0,20.20,1.703
366,409.3,193.9,267.0,20.20,1.703
366,409.3,193.7,267.0,20.20,1.703
366,409.3,193.4,267.0,20.20,1.703
366,409.3,193.1,267.0,20.20,1.703
366,409.3,192.8,267.0,20.20,1.703
366,409.3,192.6,267.0,20.20,1.703
366,409.3,192.3,267.0,20.20,1.703
366,409.3,192.0,267.0,20.20,1.703
366,409.3,191.7,267.0,20.26,1.615
366,409.3,191.5,267.0,20.26,1.615
366,409.3,191.2,267.0,20.26,1.615
366,409.3,190.9,267.0,20.26,1.615
366,409.3,190.6,267.0,20.26,1.615
366,409.3,193.3,267.0,20.20,1.615
366,409.3,193.0,267.0,20.20,1.703
366,409.3,192.7,267.0,20.20,1.703
366,409.3,192.5,267.0,20.20,1.703
366,409.3,192.2,267.0,20.20,1.703
366,409.3,191.9,267.0,20.26,1.703
366,409.3,191.6,267.0,20.26,1.615
366,409.3,191.4,267.0,20.26,1.615
366,409.3,191.1,267.0,20.26,1.615
366,409.3,190.8,267.0,20.26,1.615
366,409.3,190.5,267.0,20.26,1.615
366,409.3,193.2,267.0,20.20,1.615
366,409.3,192.9,267.0,20.20,1.703
366,409.3,192.7,267.0,20.20,1.703
366,409.3,192.4,267.0,20.20,1.703
366,409.3,192.1,267.0,20.20,1.703
366,409.3,194.8,267.0,20.20,1.703
366,409.3,194.5,267.0,20.20,1.703
366,409.3,194.2,267.0,20.20,1.703
366,409.3,194.0,267.0,20.20,1.703
366,409.3,193.7,267.0,20.20,1.703
372,386.6,235.1,265.0,19.47,0.814
372,389.0,228.4,264.4,19.47,0.891
372,391.9,223.3,267.0,20.21,0.891
372,394.8,218.1,267.0,20.21,1.250
372,394.8,215.0,267.0,20.33,1.250
372,394.8,211.8,267.0,20.33,1.595
372,394.8,208.7,267.0,20.33,1.595
372,394.8,205.6,267.0,20.33,1.595
372,394.8,202.5,267.0,20.20,1.595
372,394.8,202.2,267.0,20.20,1.703
372,394.8,201.9,267.0,20.20,1.703
372,394.8,201.6,267.0,20.20,1.703
372,394.8,201.3,267.0,20.20,1.703
372,394.8,201.1,267.0,20.20,1.703
372,394.8,200.8,267.0,20.20,1.703
372,394.8,200.5,267.0,20.20,1.703
372,394.8,200.2,267.0,20.20,1.703
372,394.8,200.0,267.0,20.20,1.703
372,394.8,199.7,267.0,20.20,1.703
372,394.8,199.4,267.0,20.20,1.703
372,394.8,199.2,267.0,20.20,1.703
372,394.8,198.9,267.0,20.20,1.703
372,394.8,198.6,267.0,20.20,1.703
372,394.8,198.3,267.0,20.20,1.703
372,394.8,198.0,267.0,20.20,1.703
372,394.8,197.8,267.0,20.20,1.703
372,394.8,197.5,267.0,20.20,1.703
372,394.8,197.2,267.0,20.20,1.703
372,394.8,196.9,267.0,20.20,1.703
372,394.8,196.7,267.0,20.20,1.703
372,394.8,196.4,267.0,20.20,1.703
372,394.8,196.1,267.0,20.20,1.703
372,394.8,195.8,267.0,20.20,1.703
372,394.8,195.6,267.0,20.20,1.703
372,394.8,195.3,267.0,20.20,1.703
372,394.8,195.0,267.0,20.20,1.703
372,394.8,194.8,267.0,20.20,1.703
372,394.8,194.5,267.0,20.20,1.703
372,394.8,194.2,267.0,20.20,1.703
372,394.8,193.9,267.0,20.20,1.703
372,394.8,193.7,267.0,20.20,1.703
372,394.8,193.4,267.0,20.20,1.703
372,394.8,193.1,267.0,20.20,1.703
372,394.8,192.8,267.0,20.20,1.703
372,394.8,192.6,267.0,20.20,1.703
372,394.8,192.3,267.0,20.20,1.703
372,394.8,192.0,267.0,20.20,1.703
372,394.8,191.7,267.0,20.26,1.615
372,394.8,191.5,267.0,20.26,1.615
372,394.8,191.2,267.0,20.26,1.615
372,394.8,190.9,267.0,20.26,1.615
372,394.8,190.6,267.0,20.26,1.615
372,394.8,193.3,267.0,20.20,1.615
372,394.8,193.0,267.0,20.20,1.703
372,394.8,192.7,267.0,20.20,1.703
372,394.8,192.5,267.0,20.20,1.703
372,394.8,192.2,267.0,20.20,1.703
372,394.8,191.9,267.0,20.26,1.703
372,394.8,191.6,267.0,20.26,1.615
372,394.8,191.4,267.0,20.26,1.615
372,394.8,191.1,267.0,20.26,1.615
372,394.8,190.8,267.0,20.26,1.615
372,394.8,190.5,267.0,20.26,1.615
372,394.8,193.2,267.0,20.20,1.615
372,394.8,192.9,267.0,20.20,1.703
372,394.8,192.7,267.0,20.20,1.703
372,394.8,192.4,267.0,20.20,1.703
372,394.8,192.1,267.0,20.20,1.703
372,394.8,194.8,267.0,20.20,1.703
372,394.8,194.5,267.0,20.20,1.703
372,394.8,194.2,267.0,20.20,1.703
372,394.8,194.0,267.0,20.20,1.703
372,394.8,193.7,267.0,20.20,1.703
372,394.8,193.4,267.0,20.20,1.703
372,394.8,193.1,267.0,20.20,1.703
372,394.8,192.9,267.0,20.20,1.703
372,394.8,192.6,267.0,20.20,1.703
372,394.8,192.3,267.0,20.20,1.703
372,394.8,192.0,267.0,20.20,1.703
372,394.8,194.7,267.0,20.20,1.703
372,394.8,194.4,267.0,20.20,1.703
372,394.8,194.2,267.0,20.20,1.703
372,394.8,193.9,267.0,20.20,1.703
372,394.8,193.6,267.0,20.20,1.703
372,394.8,193.3,267.0,20.20,1.703
372,394.8,193.1,267.0,20.20,1.703
372,394.8,192.8,267.0,20.20,1.703
372,394.8,192.5,267.0,20.20,1.703
372,394.8,192.2,267.0,20.20,1.703
372,394.8,191.9,267.0,20.26,1.703
372,394.8,191.7,267.0,20.26,1.615
372,394.8,191.4,267.0,20.26,1.615
372,394.8,191.1,267.0,20.26,1.615
372,394.8,190.9,267.0,20.26,1.615
372,394.8,190.6,267.0,20.26,1.615
372,394.8,193.2,267.0,20.20,1.615
372,394.8,193.0,267.0,20.20,1.703
372,394.8,192.7,267.0,20.20,1.703
372,394.8,192.4,267.0,20.20,1.703
372,394.8,192.1,267.0,20.20,1.703
372,394.8,194.8,267.0,20.20,1.703
372,394.8,194.5,267.0,20.20,1.703
372,394.8,194.3,267.0,20.20,1.703
372,394.8,194.0,267.0,20.20,1.703
372,394.8,193.7,267.0,20.20,1.703
372,394.8,193.4,267.0,20.20,1.703
372,394.8,193.2,267.0,20.20,1.703
372,394.8,192.9,267.0,20.20,1.703
372,394.8,192.6,267.0,20.20,1.703
372,394.8,192.3,267.0,20.20,1.703
372,394.8,192.1,267.0,20.20,1.703
372,394.8,194.7,267.0,20.20,1.703
372,394.8,194.5,267.0,20.20,1.703
372,394.8,194.2,267.0,20.20,1.703
372,394.8,193.9,267.0,20.20,1.703
372,394.8,193.6,267.0,20.20,1.703
372,394.8,193.4,267.0,20.20,1.703
372,394.8,193.1,267.0,20.20,1.703
372,394.8,192.8,267.0,20.20,1.703
372,394.8,192.5,267.0,20.20,1.703
372,394.8,192.3,267.0,20.20,1.703
372,394.8,192.0,267.0,20.26,1.703
372,394.8,191.7,267.0,20.26,1.615
372,394.8,191.4,267.0,20.26,1.615
372,394.8,191.2,267.0,20.26,1.615
372,394.8,190.9,267.0,20.26,1.615
372,394.8,190.6,267.0,20.26,1.615
372,394.8,193.3,267.0,20.20,1.615
372,394.8,193.0,267.0,20.20,1.703
372,394.8,192.7,267.0,20.20,1.703
372,394.8,192.5,267.0,20.20,1.703
372,394.8,192.2,267.0,20.20,1.703
372,394.8,191.9,267.0,20.26,1.703
372,394.8,191.6,267.0,20.26,1.615
372,394.8,191.3,267.0,20.26,1.615
372,394.8,191.1,267.0,20.26,1.615
372,394.8,190.8,267.0,20.26,1.615
372,394.8,190.5,267.0,20.26,1.615
372,394.8,193.2,267.0,20.20,1.615
372,394.8,192.9,267.0,20.20,1.703
372,394.8,192.7,267.0,20.20,1.703
372,394.8,192.4,267.0,20.20,1.703
372,394.8,192.1,267.0,20.20,1.703
372,394.8,194.8,267.0,20.20,1.703
372,394.8,194.5,267.0,20.20,1.703
372,394.8,194.2,267.0,20.20,1.703
372,394.8,193.9,267.0,20.20,1.703
372,394.8,193.7,267.0,20.20,1.703
372,394.8,193.4,267.0,20.20,1.703
372,394.8,193.1,267.0,20.20,1.703
372,394.8,192.8,267.0,20.20,1.703
372,394.8,192.6,267.0,20.20,1.703
372,394.8,192.3,267.0,20.20,1.703
372,394.8,192.0,267.0,20.20,1.703
372,394.8,194.7,267.0,20.20,1.703
372,394.8,194.4,267.0,20.20,1.703
372,394.8,194.1,267.0,20.20,1.703
372,394.8,193.9,267.0,20.20,1.703
372,394.8,193.6,267.0,20.20,1.703
372,394.8,193.3,267.0,20.20,1.703
378,370.3,209.5,264.6,19.00,0.891
378,375.3,206.5,267.0,20.27,0.891
378,380.3,203.4,267.0,19.71,1.259
378,385.3,203.1,267.0,20.20,1.261
378,388.3,202.8,267.0,20.20,1.703
378,391.2,202.5,267.0,20.20,1.703
378,394.1,202.2,267.0,20.20,1.703
378,397.0,201.9,267.0,20.33,1.703
378,397.0,201.6,267.0,20.33,1.844
378,397.0,201.3,267.0,20.33,1.844
378,397.0,201.1,267.0,20.33,1.844
378,397.0,200.8,267.0,20.33,1.844
378,397.0,200.5,267.0,20.33,1.844
378,397.0,200.2,267.0,20.33,1.844
378,397.0,200.0,267.0,20.33,1.844
378,397.0,199.7,267.0,20.33,1.844
378,397.0,199.4,267.0,20.33,1.844
378,397.0,199.1,267.0,20.33,1.844
378,397.0,198.9,267.0,20.33,1.844
378,397.0,198.6,267.0,20.33,1.844
378,397.0,198.3,267.0,20.33,1.844
378,397.0,198.0,267.0,20.33,1.844
378,397.0,197.8,267.0,20.33,1.844
378,397.0,197.5,267.0,20.33,1.844
378,397.0,197.2,267.0,20.33,1.844
378,397.0,196.9,267.0,20.33,1.844
378,397.0,196.7,267.0,20.33,1.844
378,397.0,196.4,267.0,20.33,1.844
378,397.0,196.1,267.0,20.33,1.844
378,397.0,195.8,267.0,20.33,1.844
378,397.0,195.6,267.0,20.33,1.844
378,397.0,195.3,267.0,20.33,1.844
378,397.0,195.0,267.0,20.33,1.844
378,397.0,194.7,267.0,20.33,1.844
378,397.0,194.5,267.0,20.33,1.844
378,397.0,194.2,267.0,20.33,1.844
378,397.0,193.9,267.0,20.33,1.844
378,397.0,193.6,267.0,20.33,1.844
378,397.0,193.4,267.0,20.33,1.844
378,397.0,193.1,267.0,20.33,1.844
378,397.0,192.8,267.0,20.33,1.844
378,397.0,192.5,267.0,20.33,1.844
378,397.0,192.3,267.0,20.33,1.844
378,397.0,192.0,267.0,19.96,1.844
378,397.0,191.7,267.0,19.96,1.720
378,397.0,191.4,267.0,19.96,1.720
378,397.0,191.2,267.0,19.96,1.720
378,397.0,190.9,267.0,19.96,1.720
378,397.0,190.6,267.0,19.96,1.720
378,397.0,193.3,267.0,20.33,1.720
378,397.0,193.0,267.0,20.33,1.844
378,397.0,192.7,267.0,20.33,1.844
378,397.0,192.5,267.0,20.33,1.844
378,397.0,192.2,267.0,20.33,1.844
378,397.0,191.9,267.0,19.96,1.844
378,397.0,191.6,267.0,19.96,1.720
378,397.0,191.3,267.0,19.96,1.720
378,397.0,191.1,267.0,19.96,1.720
378,397.0,190.8,267.0,19.96,1.720
378,397.0,190.5,267.0,19.96,1.720
378,397.0,193.2,267.0,20.33,1.720
378,397.0,192.9,267.0,20.33,1.844
378,397.0,192.7,267.0,20.33,1.844
378,397.0,192.4,267.0,20.33,1.844
378,397.0,192.1,267.0,20.33,1.844
378,397.0,194.8,267.0,20.33,1.844
378,397.0,194.5,267.0,20.33,1.844
378,397.0,194.2,267.0,20.33,1.844
378,397.0,193.9,267.0,20.33,1.844
378,397.0,193.7,267.0,20.33,1.844
378,397.0,193.4,267.0,20.33,1.844
378,397.0,193.1,267.0,20.33,1.844
378,397.0,192.8,267.0,20.33,1.844
378,397.0,192.6,267.0,20.33,1.844
378,397.0,192.3,267.0,20.33,1.844
378,397.0,192.0,267.0,20.33,1.844
378,397.0,194.7,267.0,20.33,1.844
378,397.0,194.4,267.0,20.33,1.844
378,397.0,194.1,267.0,20.33,1.844
378,397.0,193.9,267.0,20.33,1.844
378,397.0,193.6,267.0,20.33,1.844
378,397.0,193.3,267.0,20.33,1.844
378,397.0,193.0,267.0,20.33,1.844
378,397.0,192.8,267.0,20.33,1.844
378,397.0,192.5,267.0,20.33,1.844
378,397.0,192.2,267.0,20.33,1.844
378,397.0,191.9,267.0,19.96,1.844
378,397.0,191.7,267.0,19.96,1.720
378,397.0,191.4,267.0,19.96,1.720
378,397.0,191.1,267.0,19.96,1.720
378,397.0,190.8,267.0,19.96,1.720
378,397.0,190.6,267.0,19.96,1.720
378,397.0,193.2,267.0,20.33,1.720
378,397.0,193.0,267.0,20.33,1.844
378,397.0,192.7,267.0,20.33,1.844
378,397.0,192.4,267.0,20.33,1.844
378,397.0,192.1,267.0,20.33,1.844
378,397.0,194.8,267.0,20.33,1.844
378,397.0,194.5,267.0,20.33,1.844
378,397.0,194.2,267.0,20.33,1.844
378,397.0,194.0,267.0,20.33,1.844
378,397.0,193.7,267.0,20.33,1.844
378,397.0,193.4,267.0,20.33,1.844
378,397.0,193.2,267.0,20.33,1.844
378,397.0,192.9,267.0,20.33,1.844
378,397.0,192.6,267.0,20.33,1.844
378,397.0,192.3,267.0,20.33,1.844
378,397.0,192.1,267.0,20.33,1.844
378,397.0,194.7,267.0,20.33,1.844
378,397.0,194.4,267.0,20.33,1.844
378,397.0,194.2,267.0,20.33,1.844
378,397.0,193.9,267.0,20.33,1.844
378,397.0,193.6,267.0,20.33,1.844
378,397.0,193.3,267.0,20.33,1.844
378,397.0,193.1,267.0,20.33,1.844
378,397.0,192.8,267.0,20.33,1.844
378,397.0,192.5,267.0,20.33,1.844
378,397.0,192.2,267.0,20.33,1.844
378,397.0,192.0,267.0,19.96,1.844
378,397.0,191.7,267.0,19.96,1.720
378,397.0,191.4,267.0,19.96,1.720
378,397.0,191.1,267.0,19.96,1.720
378,397.0,190.9,267.0,19.96,1.720
378,397.0,190.6,267.0,19.96,1.720
378,397.0,193.3,267.0,20.33,1.720
378,397.0,193.0,267.0,20.33,1.844
378,397.0,192.7,267.0,20.33,1.844
378,397.0,192.4,267.0,20.33,1.844
378,397.0,192.2,267.0,20.33,1.844
378,397.0,191.9,267.0,19.96,1.844
378,397.0,191.6,267.0,19.96,1.720
378,397.0,191.3,267.0,19.96,1.720
378,397.0,191.1,267.0,19.96,1.720
378,397.0,190.8,267.0,19.96,1.720
378,397.0,190.5,267.0,19.96,1.720
378,397.0,193.2,267.0,20.33,1.720
378,397.0,192.9,267.0,20.33,1.844
378,397.0,192.6,267.0,20.33,1.844
378,397.0,192.4,267.0,20.33,1.844
378,397.0,192.1,267.0,20.33,1.844
378,397.0,194.8,267.0,20.33,1.844
378,397.0,194.5,267.0,20.33,1.844
378,397.0,194.2,267.0,20.33,1.844
378,397.0,193.9,267.0,20.33,1.844
378,397.0,193.7,267.0,20.33,1.844
378,397.0,193.4,267.0,20.33,1.844
378,397.0,193.1,267.0,20.33,1.844
378,397.0,192.8,267.0,20.33,1.844
378,397.0,192.6,267.0,20.33,1.844
378,397.0,192.3,267.0,20.33,1.844
378,397.0,192.0,267.0,20.33,1.844
378,397.0,194.7,267.0,20.33,1.844
378,397.0,194.4,267.0,20.33,1.844
378,397.0,194.1,267.0,20.33,1.844
378,397.0,193.8,267.0,20.33,1.844
378,397.0,193.6,267.0,20.33,1.844
378,397.0,193.3,267.0,20.33,1.844
378,397.0,193.0,267.0,20.33,1.844
378,397.0,192.8,267.0,20.33,1.844
378,397.0,192.5,267.0,20.33,1.844
384,431.2,232.4,262.5,22.05,0.795
384,426.7,227.7,262.5,21.13,0.816
384,421.0,224.0,262.6,21.13,0.848
384,418.6,219.0,267.0,20.21,0.848
384,415.7,213.9,267.0,20.33,1.250
384,412.8,210.8,267.0,20.33,1.595
384,409.9,207.6,267.0,20.33,1.595
384,407.0,204.5,267.0,20.21,1.595
384,407.0,204.2,267.0,20.21,1.690
384,407.0,204.0,267.0,20.33,1.690
384,407.0,203.7,267.0,20.33,1.844
384,407.0,203.4,267.0,20.33,1.844
384,407.0,203.1,267.0,20.33,1.844
384,407.0,202.9,267.0,20.33,1.844
384,407.0,202.6,267.0,20.33,1.844
384,407.0,202.3,267.0,20.33,1.844
384,407.0,202.1,267.0,20.33,1.844
384,407.0,201.8,267.0,20.33,1.844
384,407.0,201.5,267.0,20.33,1.844
384,407.0,201.2,267.0,20.33,1.844
384,407.0,201.0,267.0,20.33,1.844
384,407.0,200.7,267.0,20.33,1.844
384,407.0,200.4,267.0,20.33,1.844
384,407.0,200.1,267.0,20.33,1.844
384,407.0,199.8,267.0,20.33,1.844
384,407.0,199.6,267.0,20.33,1.844
384,407.0,199.3,267.0,20.33,1.844
384,407.0,199.0,267.0,20.33,1.844
384,407.0,198.8,267.0,20.33,1.844
384,407.0,198.5,267.0,20.33,1.844
384,407.0,198.2,267.0,20.33,1.844
384,407.0,197.9,267.0,20.33,1.844
384,407.0,197.7,267.0,20.33,1.844
384,407.0,197.4,267.0,20.33,1.844
384,407.0,197.1,267.0,20.33,1.844
384,407.0,196.8,267.0,20.33,1.844
384,407.0,196.6,267.0,20.33,1.844
384,407.0,196.3,267.0,20.33,1.844
384,407.0,196.0,267.0,20.33,1.844
384,407.0,195.7,267.0,20.33,1.844
384,407.0,195.4,267.0,20.33,1.844
384,407.0,195.2,267.0,20.33,1.844
384,407.0,194.9,267.0,20.33,1.844
384,407.0,194.6,267.0,20.33,1.844
384,407.0,194.3,267.0,20.33,1.844
384,407.0,194.1,267.0,20.33,1.844
384,407.0,193.8,267.0,20.33,1.844
384,407.0,193.5,267.0,20.33,1.844
384,407.0,193.2,267.0,20.33,1.844
384,407.0,193.0,267.0,20.33,1.844
384,407.0,192.7,267.0,20.33,1.844
384,407.0,192.4,267.0,20.33,1.844
384,407.0,192.1,267.0,20.33,1.844
384,407.0,191.9,267.0,19.96,1.844
384,407.0,191.6,267.0,19.96,1.720
384,407.0,191.3,267.0,19.96,1.720
384,407.0,191.0,267.0,19.96,1.720
384,407.0,190.8,267.0,19.96,1.720
384,407.0,190.5,267.0,19.96,1.720
384,407.0,193.2,267.0,20.33,1.720
384,407.0,192.9,267.0,20.33,1.844
384,407.0,192.6,267.0,20.33,1.844
384,407.0,192.3,267.0,20.33,1.844
384,407.0,192.1,267.0,20.33,1.844
384,407.0,194.7,267.0,20.33,1.844
384,407.0,194.5,267.0,20.33,1.844
384,407.0,194.2,267.0,20.33,1.844
384,407.0,193.9,267.0,20.33,1.844
384,407.0,193.6,267.0,20.33,1.844
384,407.0,193.4,267.0,20.33,1.844
384,407.0,193.1,267.0,20.33,1.844
384,407.0,192.8,267.0,20.33,1.844
384,407.0,192.5,267.0,20.33,1.844
384,407.0,192.3,267.0,20.33,1.844
384,407.0,192.0,267.0,19.96,1.844
384,407.0,191.7,267.0,19.96,1.720
384,407.0,191.4,267.0,19.96,1.720
384,407.0,191.2,267.0,19.96,1.720
384,407.0,190.9,267.0,19.96,1.720
384,407.0,190.6,267.0,19.96,1.720
384,407.0,193.3,267.0,20.33,1.720
384,407.0,193.0,267.0,20.33,1.844
384,407.0,192.7,267.0,20.33,1.844
384,407.0,192.5,267.0,20.33,1.844
384,407.0,192.2,267.0,20.33,1.844
384,407.0,191.9,267.0,19.96,1.844
384,407.0,191.6,267.0,19.96,1.720
384,407.0,191.3,267.0,19.96,1.720
384,407.0,191.1,267.0,19.96,1.720
384,407.0,190.8,267.0,19.96,1.720
384,407.0,190.5,267.0,19.96,1.720
384,407.0,193.2,267.0,20.33,1.720
384,407.0,192.9,267.0,20.33,1.844
384,407.0,192.6,267.0,20.33,1.844
384,407.0,192.4,267.0,20.33,1.844
384,407.0,192.1,267.0,20.33,1.844
384,407.0,194.8,267.0,20.33,1.844
384,407.0,194.5,267.0,20.33,1.844
384,407.0,194.2,267.0,20.33,1.844
384,407.0,193.9,267.0,20.33,1.844
384,407.0,193.7,267.0,20.33,1.844
384,407.0,193.4,267.0,20.33,1.844
384,407.0,193.1,267.0,20.33,1.844
384,407.0,192.8,267.0,20.33,1.844
384,407.0,192.6,267.0,20.33,1.844
384,407.0,192.3,267.0,20.33,1.844
384,407.0,192.0,267.0,20.33,1.844
384,407.0,194.7,267.0,20.33,1.844
384,407.0,194.4,267.0,20.33,1.844
384,407.0,194.1,267.0,20.33,1.844
384,407.0,193.9,267.0,20.33,1.844
384,407.0,193.6,267.0,20.33,1.844
384,407.0,193.3,267.0,20.33,1.844
384,407.0,193.0,267.0,20.33,1.844
384,407.0,192.8,267.0,20.33,1.844
384,407.0,192.5,267.0,20.33,1.844
384,407.0,192.2,267.0,20.33,1.844
384,407.0,191.9,267.0,19.96,1.844
384,407.0,191.7,267.0,19.96,1.720
384,407.0,191.4,267.0,19.96,1.720
384,407.0,191.1,267.0,19.96,1.720
384,407.0,190.8,267.0,19.96,1.720
384,407.0,190.6,267.0,19.96,1.720
384,407.0,193.2,267.0,20.33,1.720
384,407.0,192.9,267.0,20.33,1.844
384,407.0,192.7,267.0,20.33,1.844
384,407.0,192.4,267.0,20.33,1.844
384,407.0,192.1,267.0,20.33,1.844
384,407.0,194.8,267.0,20.33,1.844
384,407.0,194.5,267.0,20.33,1.844
384,407.0,194.2,267.0,20.33,1.844
384,407.0,194.0,267.0,20.33,1.844
384,407.0,193.7,267.0,20.33,1.844
384,407.0,193.4,267.0,20.33,1.844
384,407.0,193.2,267.0,20.33,1.844
384,407.0,192.9,267.0,20.33,1.844
384,407.0,192.6,267.0,20.33,1.844
384,407.0,192.3,267.0,20.33,1.844
384,407.0,192.1,267.0,20.33,1.844
384,407.0,194.7,267.0,20.33,1.844
384,407.0,194.4,267.0,20.33,1.844
384,407.0,194.2,267.0,20.33,1.844
384,407.0,193.9,267.0,20.33,1.844
384,407.0,193.6,267.0,20.33,1.844
384,407.0,193.3,267.0,20.33,1.844
384,407.0,193.1,267.0,20.33,1.844
384,407.0,192.8,267.0,20.33,1.844
384,407.0,192.5,267.0,20.33,1.844
384,407.0,192.2,267.0,20.33,1.844
384,407.0,192.0,267.0,19.96,1.844
384,407.0,191.7,267.0,19.96,1.720
384,407.0,191.4,267.0,19.96,1.720
384,407.0,191.1,267.0,19.96,1.720
384,407.0,190.9,267.0,19.96,1.720
384,407.0,190.6,267.0,19.96,1.720
384,407.0,193.3,267.0,20.33,1.720
384,407.0,193.0,267.0,20.33,1.844
384,407.0,192.7,267.0,20.33,1.844
384,407.0,192.4,267.0,20.33,1.844
384,407.0,192.2,267.0,20.33,1.844
390,446.9,184.6,260.0,22.54,0.838
390,443.7,184.5,255.0,19.43,0.743
390,439.4,184.8,249.4,20.83,1.124
390,435.0,185.2,243.9,20.83,0.884
390,430.7,185.5,238.3,21.39,0.884
390,427.9,185.5,235.0,21.39,0.537
390,425.2,185.5,231.6,21.39,0.537
390,422.5,185.5,228.3,21.39,0.537
390,420.6,185.3,224.5,21.61,0.537
390,419.9,185.6,221.7,21.18,0.534
390,419.3,185.9,219.0,21.18,0.534
390,418.6,186.2,216.2,21.18,0.355
390,418.2,186.4,212.5,21.25,0.355
390,417.8,186.5,208.7,21.25,0.474
390,417.4,186.6,204.9,21.25,0.474
390,417.1,186.6,200.5,21.30,0.474
390,416.8,186.6,196.0,21.30,0.559
390,416.6,186.6,191.5,21.36,0.559
390,416.4,186.5,186.6,21.36,0.618
390,416.2,186.5,181.7,21.36,0.618
390,416.1,186.3,176.1,21.40,0.618
390,416.1,186.2,170.6,21.40,0.690
390,416.0,186.0,164.9,21.42,0.690
390,416.0,185.8,159.2,21.42,0.715
390,415.9,185.7,153.5,21.44,0.715
390,415.9,185.5,147.6,21.44,0.736
390,415.9,185.3,141.7,21.46,0.736
390,415.8,185.1,135.7,21.46,0.754
390,415.8,184.9,129.7,21.48,0.754
390,415.8,184.6,123.5,21.48,0.769
390,415.8,184.4,117.3,21.51,0.769
390,415.8,184.1,111.0,21.51,0.795
390,415.9,183.9,104.6,21.52,0.795
390,415.9,183.6,98.1,21.52,0.806
390,415.9,183.3,91.6,21.54,0.806
390,416.0,183.0,85.1,21.54,0.813
390,416.1,182.8,78.6,21.54,0.813
390,416.1,182.5,72.1,21.54,0.816
390,416.3,182.2,65.6,21.56,0.816
390,416.4,181.9,59.1,21.56,0.813
390,416.7,181.7,52.9,21.56,0.768
390,416.9,181.5,46.8,21.56,0.768
390,417.3,181.4,41.1,21.56,0.715
390,417.7,181.3,35.4,21.56,0.715
390,418.3,181.3,30.4,21.56,0.630
390,418.8,181.3,25.4,21.56,0.630
390,419.6,181.4,21.5,21.55,0.630
390,421.7,181.3,18.4,22.06,0.498
390,423.8,181.2,15.2,22.06,0.469
390,425.9,181.0,12.1,22.06,0.469
390,428.8,181.2,10.1,21.86,0.469
390,431.8,181.3,8.0,21.86,0.449
390,435.3,181.4,6.3,22.23,0.449
390,438.9,181.4,4.6,22.23,0.493
390,442.5,181.5,3.0,22.23,0.493
390,446.4,181.5,3.0,22.45,0.493
390,450.3,181.5,3.0,22.45,0.517
390,454.3,181.5,3.0,22.45,0.517
390,458.3,181.5,3.0,22.65,0.517
390,462.4,181.5,3.0,22.65,0.521
390,466.4,181.5,3.0,22.65,0.521
390,470.4,181.5,3.0,22.81,0.521
390,474.4,181.5,3.0,22.81,0.509
390,478.4,181.4,3.0,22.81,0.509
390,482.1,181.4,3.0,23.02,0.509
390,485.8,181.4,3.0,23.02,0.463
390,489.4,181.3,3.0,23.02,0.463
390,493.1,181.3,3.0,23.20,0.463
390,496.6,181.2,3.0,23.20,0.438
390,500.1,181.2,3.0,23.20,0.438
390,503.6,181.2,3.0,23.20,0.438
390,506.8,181.1,3.0,23.31,0.438
390,510.1,181.1,3.0,23.31,0.413
390,513.4,181.0,3.0,23.31,0.413
390,516.7,180.9,3.0,23.41,0.413
390,519.8,180.9,3.0,23.41,0.389
390,522.9,180.8,3.0,23.41,0.389
390,526.0,180.8,3.0,23.41,0.389
390,529.1,180.7,3.0,23.50,0.389
390,532.0,180.6,3.0,23.50,0.367
390,535.0,180.6,3.0,23.50,0.367
390,537.9,180.5,3.0,23.50,0.367
390,540.9,180.4,3.0,23.63,0.367
390,543.5,180.4,3.0,23.63,0.327
390,546.1,180.3,3.0,23.63,0.327
390,548.7,180.2,3.0,23.63,0.327
390,551.3,180.2,3.0,23.63,0.327
390,553.8,180.1,3.0,23.74,0.327
390,556.2,180.0,3.0,23.67,0.309
390,558.9,179.5,3.0,23.67,0.343
390,561.6,179.0,3.0,23.67,0.343
390,564.3,178.5,3.0,23.75,0.343
390,566.9,178.1,3.0,23.75,0.325
390,569.5,177.6,3.0,23.75,0.325
390,572.0,177.2,3.0,23.75,0.325
390,574.6,176.8,3.0,23.75,0.325
390,577.0,176.3,3.0,23.85,0.325
390,579.5,176.0,3.0,23.85,0.307
390,581.9,175.6,3.0,23.85,0.307
390,584.3,175.2,3.0,23.85,0.307
390,586.7,174.8,3.0,23.85,0.307
390,588.9,174.5,3.0,23.95,0.307
390,591.0,174.3,3.0,23.95,0.271
390,593.2,174.0,3.0,23.95,0.271
390,595.3,173.8,3.0,23.95,0.271
390,597.5,173.5,3.0,23.95,0.271
390,599.6,173.2,3.0,23.95,0.271
390,601.7,172.9,3.0,23.98,0.271
390,603.8,172.6,3.0,23.98,0.267
390,606.0,172.2,3.0,23.98,0.267
390,608.0,171.9,3.0,23.98,0.267
390,610.2,171.6,3.0,23.98,0.267
390,612.3,171.2,3.0,24.08,0.267
390,614.1,171.0,3.0,24.08,0.236
390,616.0,170.8,3.0,24.08,0.236
390,617.9,170.5,3.0,24.08,0.236
390,619.8,170.3,3.0,24.08,0.236
390,621.6,170.1,3.0,24.08,0.236
390,623.5,169.8,3.0,24.08,0.236
390,625.4,169.6,3.0,24.14,0.236
390,627.2,169.3,3.0,24.14,0.232
390,629.0,169.0,3.0,24.14,0.232
390,630.9,168.7,3.0,24.14,0.232
390,632.7,168.4,3.1,24.14,0.232
390,634.5,168.2,3.1,24.14,0.232
390,636.4,167.9,3.1,24.18,0.232
390,638.2,167.5,3.1,24.18,0.227
390,639.9,167.2,3.1,24.18,0.227
390,641.7,166.9,3.1,24.18,0.227
390,643.5,166.6,3.1,24.18,0.227
390,645.3,166.2,3.2,24.18,0.227
390,647.1,165.9,3.2,24.18,0.227
390,648.7,165.6,3.2,24.24,0.227
390,650.4,165.3,3.2,24.24,0.208
390,652.0,165.0,3.2,24.24,0.208
390,653.7,164.7,3.3,24.24,0.208
390,655.3,164.5,3.3,24.24,0.208
390,656.9,164.2,3.3,24.24,0.208
390,658.6,163.9,3.3,24.24,0.208
390,660.2,163.6,3.4,24.33,0.208
390,661.8,163.3,3.4,24.33,0.197
390,663.3,163.1,3.4,24.33,0.197
390,664.9,162.9,3.4,24.33,0.197
390,666.5,162.7,3.4,24.33,0.197
390,668.0,162.4,3.4,24.33,0.197
390,669.6,162.2,3.5,24.33,0.197
390,671.1,162.0,3.5,24.33,0.197
390,672.6,161.8,3.5,24.38,0.197
390,674.1,161.7,3.5,24.38,0.186
390,675.6,161.5,3.5,24.38,0.186
390,677.1,161.3,3.5,24.38,0.186
390,678.5,161.2,3.5,24.38,0.186
390,680.0,161.0,3.6,24.38,0.186
390,681.5,160.8,3.6,24.38,0.186
390,683.0,160.7,3.6,24.38,0.186
390,684.4,160.5,3.6,24.41,0.186
390,685.9,160.3,3.6,24.41,0.181
390,687.3,160.2,3.6,24.41,0.181
390,688.8,160.0,3.6,24.41,0.181
390,690.2,159.8,3.6,24.41,0.181
396,372.1,195.3,264.4,19.71,0.833
396,377.1,195.0,267.0,19.71,1.261
396,382.1,194.7,267.0,19.71,1.261
396,385.0,194.4,267.0,20.20,1.261
396,387.9,194.1,267.0,20.20,1.703
396,390.9,193.8,267.0,20.20,1.703
396,393.8,193.5,267.0,20.20,1.703
396,396.7,193.2,267.0,20.33,1.703
396,396.7,192.9,267.0,20.33,1.844
396,396.7,192.7,267.0,20.33,1.844
396,396.7,192.4,267.0,20.33,1.844
396,396.7,192.1,267.0,20.33,1.844
396,396.7,194.8,267.0,20.33,1.844
396,396.7,194.5,267.0,20.33,1.844
396,396.7,194.2,267.0,20.33,1.844
396,396.7,194.0,267.0,20.33,1.844
396,396.7,193.7,267.0,20.33,1.844
396,396.7,193.4,267.0,20.33,1.844
396,396.7,193.1,267.0,20.33,1.844
396,396.7,192.9,267.0,20.33,1.844
396,396.7,192.6,267.0,20.33,1.844
396,396.7,192.3,267.0,20.33,1.844
396,396.7,192.0,267.0,20.33,1.844
396,396.7,194.7,267.0,20.33,1.844
396,396.7,194.4,267.0,20.33,1.844
396,396.7,194.2,267.0,20.33,1.844
396,396.7,193.9,267.0,20.33,1.844
396,396.7,193.6,267.0,20.33,1.844
396,396.7,193.3,267.0,20.33,1.844
396,396.7,193.1,267.0,20.33,1.844
396,396.7,192.8,267.0,20.33,1.844
396,396.7,192.5,267.0,20.33,1.844
396,396.7,192.2,267.0,20.33,1.844
396,396.7,192.0,267.0,19.96,1.844
396,396.7,191.7,267.0,19.96,1.720
396,396.7,191.4,267.0,19.96,1.720
396,396.7,191.1,267.0,19.96,1.720
396,396.7,190.9,267.0,19.96,1.720
396,396.7,190.6,267.0,19.96,1.720
396,396.7,193.3,267.0,20.33,1.720
396,396.7,193.0,267.0,20.33,1.844
396,396.7,192.7,267.0,20.33,1.844
396,396.7,192.4,267.0,20.33,1.844
396,396.7,192.2,267.0,20.33,1.844
396,396.7,191.9,267.0,19.96,1.844
396,396.7,191.6,267.0,19.96,1.720
396,396.7,191.3,267.0,19.96,1.720
396,396.7,191.1,267.0,19.96,1.720
396,396.7,190.8,267.0,19.96,1.720
396,396.7,190.5,267.0,19.96,1.720
396,396.7,193.2,267.0,20.33,1.720
396,396.7,192.9,267.0,20.33,1.844
396,396.7,192.6,267.0,20.33,1.844
396,396.7,192.3,267.0,20.33,1.844
396,396.7,192.1,267.0,20.33,1.844
396,396.7,194.8,267.0,20.33,1.844
396,396.7,194.5,267.0,20.33,1.844
396,396.7,194.2,267.0,20.33,1.844
396,396.7,193.9,267.0,20.33,1.844
396,396.7,193.7,267.0,20.33,1.844
396,396.7,193.4,267.0,20.33,1.844
396,396.7,193.1,267.0,20.33,1.844
396,396.7,192.8,267.0,20.33,1.844
396,396.7,192.6,267.0,20.33,1.844
396,396.7,192.3,267.0,20.33,1.844
396,396.7,192.0,267.0,19.96,1.844
396,396.7,191.7,267.0,19.96,1.720
396,396.7,191.4,267.0,19.96,1.720
396,396.7,191.2,267.0,19.96,1.720
396,396.7,190.9,267.0,19.96,1.720
396,396.7,190.6,267.0,19.96,1.720
396,396.7,193.3,267.0,20.33,1.720
396,396.7,193.0,267.0,20.33,1.844
396,396.7,192.7,267.0,20.33,1.844
396,396.7,192.5,267.0,20.33,1.844
396,396.7,192.2,267.0,20.33,1.844
396,396.7,191.9,267.0,19.96,1.844
396,396.7,191.6,267.0,19.96,1.720
396,396.7,191.4,267.0,19.96,1.720
396,396.7,191.1,267.0,19.96,1.720
396,396.7,190.8,267.0,19.96,1.720
396,396.7,190.5,267.0,19.96,1.720
396,396.7,193.2,267.0,20.33,1.720
396,396.7,192.9,267.0,20.33,1.844
396,396.7,192.7,267.0,20.33,1.844
396,396.7,192.4,267.0,20.33,1.844
396,396.7,192.1,267.0,20.33,1.844
396,396.7,194.8,267.0,20.33,1.844
396,396.7,194.5,267.0,20.33,1.844
396,396.7,194.2,267.0,20.33,1.844
396,396.7,193.9,267.0,20.33,1.844
396,396.7,193.7,267.0,20.33,1.844
396,396.7,193.4,267.0,20.33,1.844
396,396.7,193.1,267.0,20.33,1.844
396,396.7,192.9,267.0,20.33,1.844
396,396.7,192.6,267.0,20.33,1.844
396,396.7,192.3,267.0,20.33,1.844
396,396.7,192.0,267.0,20.33,1.844
396,396.7,194.7,267.0,20.33,1.844
396,396.7,194.4,267.0,20.33,1.844
396,396.7,194.2,267.0,20.33,1.844
396,396.7,193.9,267.0,20.33,1.844
396,396.7,193.6,267.0,20.33,1.844
396,396.7,193.3,267.0,20.33,1.844
396,396.7,193.1,267.0,20.33,1.844
396,396.7,192.8,267.0,20.33,1.844
396,396.7,192.5,267.0,20.33,1.844
396,396.7,192.2,267.0,20.33,1.844
396,396.7,191.9,267.0,19.96,1.844
396,396.7,191.7,267.0,19.96,1.720
396,396.7,191.4,267.0,19.96,1.720
396,396.7,191.1,267.0,19.96,1.720
396,396.7,190.9,267.0,19.96,1.720
396,396.7,190.6,267.0,19.96,1.720
396,396.7,193.2,267.0,20.33,1.720
396,396.7,193.0,267.0,20.33,1.844
396,396.7,192.7,267.0,20.33,1.844
396,396.7,192.4,267.0,20.33,1.844
396,396.7,192.1,267.0,20.33,1.844
396,396.7,191.9,267.0,19.96,1.844
396,396.7,191.6,267.0,19.96,1.720
396,396.7,191.3,267.0,19.96,1.720
396,396.7,191.0,267.0,19.96,1.720
396,396.7,190.8,267.0,19.96,1.720
396,396.7,190.5,267.0,19.96,1.720
396,396.7,193.2,267.0,20.33,1.720
396,396.7,192.9,267.0,20.33,1.844
396,396.7,192.6,267.0,20.33,1.844
396,396.7,192.3,267.0,20.33,1.844
396,396.7,192.1,267.0,20.33,1.844
396,396.7,194.7,267.0,20.33,1.844
396,396.7,194.5,267.0,20.33,1.844
396,396.7,194.2,267.0,20.33,1.844
396,396.7,193.9,267.0,20.33,1.844
396,396.7,193.6,267.0,20.33,1.844
396,396.7,193.4,267.0,20.33,1.844
396,396.7,193.1,267.0,20.33,1.844
396,396.7,192.8,267.0,20.33,1.844
396,396.7,192.5,267.0,20.33,1.844
396,396.7,192.2,267.0,20.33,1.844
396,396.7,192.0,267.0,19.96,1.844
396,396.7,191.7,267.0,19.96,1.720
396,396.7,191.4,267.0,19.96,1.720
396,396.7,191.2,267.0,19.96,1.720
396,396.7,190.9,267.0,19.96,1.720
396,396.7,190.6,267.0,19.96,1.720
396,396.7,193.3,267.0,20.33,1.720
396,396.7,193.0,267.0,20.33,1.844
396,396.7,192.7,267.0,20.33,1.844
396,396.7,192.5,267.0,20.33,1.844
396,396.7,192.2,267.0,20.33,1.844
396,396.7,191.9,267.0,19.96,1.844
396,396.7,191.6,267.0,19.96,1.720
396,396.7,191.3,267.0,19.96,1.720
396,396.7,191.1,267.0,19.96,1.720
396,396.7,190.8,267.0,19.96,1.720
396,396.7,190.5,267.0,19.96,1.720
396,396.7,193.2,267.0,20.33,1.720
396,396.7,192.9,267.0,20.33,1.844
396,396.7,192.6,267.0,20.33,1.844
402,363.6,183.3,265.0,19.56,0.520
402,370.2,185.5,264.5,19.56,0.873
402,375.2,188.1,267.0,20.61,0.873
402,380.2,190.7,267.0,20.61,1.254
402,385.2,193.3,267.0,20.20,1.254
402,388.1,193.0,267.0,20.20,1.703
402,391.0,192.7,267.0,20.20,1.703
402,394.0,192.4,267.0,20.20,1.703
402,396.9,192.1,267.0,20.33,1.703
402,396.9,194.8,267.0,20.33,1.844
402,396.9,194.5,267.0,20.33,1.844
402,396.9,194.2,267.0,20.33,1.844
402,396.9,193.9,267.0,20.33,1.844
402,396.9,193.7,267.0,20.33,1.844
402,396.9,193.4,267.0,20.33,1.844
402,396.9,193.1,267.0,20.33,1.844
402,396.9,192.8,267.0,20.33,1.844
402,396.9,192.6,267.0,20.33,1.844
402,396.9,192.3,267.0,20.33,1.844
402,396.9,192.0,267.0,20.33,1.844
402,396.9,194.7,267.0,20.33,1.844
402,396.9,194.4,267.0,20.33,1.844
402,396.9,194.1,267.0,20.33,1.844
402,396.9,193.9,267.0,20.33,1.844
402,396.9,193.6,267.0,20.33,1.844
402,396.9,193.3,267.0,20.33,1.844
402,396.9,193.0,267.0,20.33,1.844
402,396.9,192.8,267.0,20.33,1.844
402,396.9,192.5,267.0,20.33,1.844
402,396.9,192.2,267.0,20.33,1.844
402,396.9,191.9,267.0,19.96,1.844
402,396.9,191.7,267.0,19.96,1.720
402,396.9,191.4,267.0,19.96,1.720
402,396.9,191.1,267.0,19.96,1.720
402,396.9,190.8,267.0,19.96,1.720
402,396.9,190.6,267.0,19.96,1.720
402,396.9,193.2,267.0,20.33,1.720
402,396.9,192.9,267.0,20.33,1.844
402,396.9,192.7,267.0,20.33,1.844
402,396.9,192.4,267.0,20.33,1.844
402,396.9,192.1,267.0,20.33,1.844
402,396.9,194.8,267.0,20.33,1.844
402,396.9,194.5,267.0,20.33,1.844
402,396.9,194.2,267.0,20.33,1.844
402,396.9,194.0,267.0,20.33,1.844
402,396.9,193.7,267.0,20.33,1.844
402,396.9,193.4,267.0,20.33,1.844
402,396.9,193.2,267.0,20.33,1.844
402,396.9,192.9,267.0,20.33,1.844
402,396.9,192.6,267.0,20.33,1.844
402,396.9,192.3,267.0,20.33,1.844
402,396.9,192.0,267.0,20.33,1.844
402,396.9,194.7,267.0,20.33,1.844
402,396.9,194.4,267.0,20.33,1.844
402,396.9,194.2,267.0,20.33,1.844
402,396.9,193.9,267.0,20.33,1.844
402,396.9,193.6,267.0,20.33,1.844
402,396.9,193.3,267.0,20.33,1.844
402,396.9,193.1,267.0,20.33,1.844
402,396.9,192.8,267.0,20.33,1.844
402,396.9,192.5,267.0,20.33,1.844
402,396.9,192.2,267.0,20.33,1.844
402,396.9,192.0,267.0,19.96,1.844
402,396.9,191.7,267.0,19.96,1.720
402,396.9,191.4,267.0,19.96,1.720
402,396.9,191.1,267.0,19.96,1.720
402,396.9,190.9,267.0,19.96,1.720
402,396.9,190.6,267.0,19.96,1.720
402,396.9,193.3,267.0,20.33,1.720
402,396.9,193.0,267.0,20.33,1.844
402,396.9,192.7,267.0,20.33,1.844
402,396.9,192.4,267.0,20.33,1.844
402,396.9,192.2,267.0,20.33,1.844
402,396.9,191.9,267.0,19.96,1.844
402,396.9,191.6,267.0,19.96,1.720
402,396.9,191.3,267.0,19.96,1.720
402,396.9,191.1,267.0,19.96,1.720
402,396.9,190.8,267.0,19.96,1.720
402,396.9,190.5,267.0,19.96,1.720
402,396.9,193.2,267.0,20.33,1.720
402,396.9,192.9,267.0,20.33,1.844
402,396.9,192.6,267.0,20.33,1.844
402,396.9,192.3,267.0,20.33,1.844
402,396.9,192.1,267.0,20.33,1.844
402,396.9,194.8,267.0,20.33,1.844
402,396.9,194.5,267.0,20.33,1.844
402,396.9,194.2,267.0,20.33,1.844
402,396.9,193.9,267.0,20.33,1.844
402,396.9,193.7,267.0,20.33,1.844
402,396.9,193.4,267.0,20.33,1.844
402,396.9,193.1,267.0,20.33,1.844
402,396.9,192.8,267.0,20.33,1.844
402,396.9,192.6,267.0,20.33,1.844
402,396.9,192.3,267.0,20.33,1.844
402,396.9,192.0,267.0,20.33,1.844
402,396.9,191.7,267.0,19.96,1.720
402,396.9,191.5,267.0,19.96,1.720
402,396.9,191.2,267.0,19.96,1.720
402,396.9,190.9,267.0,19.96,1.720
402,396.9,190.6,267.0,19.96,1.720
402,396.9,193.3,267.0,20.33,1.720
402,396.9,193.0,267.0,20.33,1.844
402,396.9,192.7,267.0,20.33,1.844
402,396.9,192.5,267.0,20.33,1.844
402,396.9,192.2,267.0,20.33,1.844
402,396.9,191.9,267.0,19.96,1.844
402,396.9,191.6,267.0,19.96,1.720
402,396.9,191.4,267.0,19.96,1.720
402,396.9,191.1,267.0,19.96,1.720
402,396.9,190.8,267.0,19.96,1.720
402,396.9,190.5,267.0,19.96,1.720
402,396.9,193.2,267.0,20.33,1.720
402,396.9,192.9,267.0,20.33,1.844
402,396.9,192.7,267.0,20.33,1.844
402,396.9,192.4,267.0,20.33,1.844
402,396.9,192.1,267.0,20.33,1.844
402,396.9,194.8,267.0,20.33,1.844
402,396.9,194.5,267.0,20.33,1.844
402,396.9,194.2,267.0,20.33,1.844
402,396.9,194.0,267.0,20.33,1.844
402,396.9,193.7,267.0,20.33,1.844
402,396.9,193.4,267.0,20.33,1.844
402,396.9,193.1,267.0,20.33,1.844
402,396.9,192.9,267.0,20.33,1.844
402,396.9,192.6,267.0,20.33,1.844
402,396.9,192.3,267.0,20.33,1.844
402,396.9,192.0,267.0,20.33,1.844
402,396.9,194.7,267.0,20.33,1.844
402,396.9,194.4,267.0,20.33,1.844
402,396.9,194.2,267.0,20.33,1.844
402,396.9,193.9,267.0,20.33,1.844
402,396.9,193.6,267.0,20.33,1.844
402,396.9,193.3,267.0,20.33,1.844
402,396.9,193.1,267.0,20.33,1.844
402,396.9,192.8,267.0,20.33,1.844
402,396.9,192.5,267.0,20.33,1.844
402,396.9,192.2,267.0,20.33,1.844
402,396.9,191.9,267.0,19.96,1.844
402,396.9,191.7,267.0,19.96,1.720
402,396.9,191.4,267.0,19.96,1.720
402,396.9,191.1,267.0,19.96,1.720
402,396.9,190.9,267.0,19.96,1.720
402,396.9,190.6,267.0,19.96,1.720
402,396.9,193.2,267.0,20.33,1.720
402,396.9,193.0,267.0,20.33,1.844
402,396.9,192.7,267.0,20.33,1.844
402,396.9,192.4,267.0,20.33,1.844
402,396.9,192.1,267.0,20.33,1.844
402,396.9,191.9,267.0,19.96,1.844
402,396.9,191.6,267.0,19.96,1.720
402,396.9,191.3,267.0,19.96,1.720
402,396.9,191.0,267.0,19.96,1.720
402,396.9,190.8,267.0,19.96,1.720
402,396.9,190.5,267.0,19.96,1.720
402,396.9,193.2,267.0,20.33,1.720
402,396.9,192.9,267.0,20.33,1.844
402,396.9,192.6,267.0,20.33,1.844
402,396.9,192.3,267.0,20.33,1.844
402,396.9,192.1,267.0,20.33,1.844
402,396.9,194.7,267.0,20.33,1.844
408,360.8,196.6,260.0,19.04,0.841
408,367.1,196.4,259.4,19.04,0.795
408,373.4,196.1,258.8,19.85,0.795
408,378.4,195.8,265.2,19.71,1.011
408,383.4,195.5,267.0,19.71,1.261
408,386.3,195.2,267.0,20.20,1.261
408,389.2,194.9,267.0,20.20,1.703
408,392.1,194.6,267.0,20.20,1.703
408,395.1,194.3,267.0,20.20,1.703
408,395.1,194.0,267.0,20.20,1.703
408,395.1,193.7,267.0,20.20,1.703
408,395.1,193.5,267.0,20.20,1.703
408,395.1,193.2,267.0,20.20,1.703
408,395.1,192.9,267.0,20.20,1.703
408,395.1,192.6,267.0,20.20,1.703
408,395.1,192.4,267.0,20.20,1.703
408,395.1,192.1,267.0,20.20,1.703
408,395.1,194.8,267.0,20.20,1.703
408,395.1,194.5,267.0,20.20,1.703
408,395.1,194.2,267.0,20.20,1.703
408,395.1,193.9,267.0,20.20,1.703
408,395.1,193.7,267.0,20.20,1.703
408,395.1,193.4,267.0,20.20,1.703
408,395.1,193.1,267.0,20.20,1.703
408,395.1,192.8,267.0,20.20,1.703
408,395.1,192.6,267.0,20.20,1.703
408,395.1,192.3,267.0,20.20,1.703
408,395.1,192.0,267.0,20.20,1.703
408,395.1,194.7,267.0,20.20,1.703
408,395.1,194.4,267.0,20.20,1.703
408,395.1,194.1,267.0,20.20,1.703
408,395.1,193.9,267.0,20.20,1.703
408,395.1,193.6,267.0,20.20,1.703
408,395.1,193.3,267.0,20.20,1.703
408,395.1,193.0,267.0,20.20,1.703
408,395.1,192.8,267.0,20.20,1.703
408,395.1,192.5,267.0,20.20,1.703
408,395.1,192.2,267.0,20.20,1.703
408,395.1,191.9,267.0,20.26,1.703
408,395.1,191.7,267.0,20.26,1.615
408,395.1,191.4,267.0,20.26,1.615
408,395.1,191.1,267.0,20.26,1.615
408,395.1,190.8,267.0,20.26,1.615
408,395.1,190.6,267.0,20.26,1.615
408,395.1,193.2,267.0,20.20,1.615
408,395.1,192.9,267.0,20.20,1.703
408,395.1,192.7,267.0,20.20,1.703
408,395.1,192.4,267.0,20.20,1.703
408,395.1,192.1,267.0,20.20,1.703
408,395.1,194.8,267.0,20.20,1.703
408,395.1,194.5,267.0,20.20,1.703
408,395.1,194.2,267.0,20.20,1.703
408,395.1,194.0,267.0,20.20,1.703
408,395.1,193.7,267.0,20.20,1.703
408,395.1,193.4,267.0,20.20,1.703
408,395.1,193.2,267.0,20.20,1.703
408,395.1,192.9,267.0,20.20,1.703
408,395.1,192.6,267.0,20.20,1.703
408,395.1,192.3,267.0,20.20,1.703
408,395.1,192.1,267.0,20.20,1.703
408,395.1,194.7,267.0,20.20,1.703
408,395.1,194.4,267.0,20.20,1.703
408,395.1,194.2,267.0,20.20,1.703
408,395.1,193.9,267.0,20.20,1.703
408,395.1,193.6,267.0,20.20,1.703
408,395.1,193.3,267.0,20.20,1.703
408,395.1,193.1,267.0,20.20,1.703
408,395.1,192.8,267.0,20.20,1.703
408,395.1,192.5,267.0,20.20,1.703
408,395.1,192.2,267.0,20.20,1.703
408,395.1,192.0,267.0,20.26,1.703
408,395.1,191.7,267.0,20.26,1.615
408,395.1,191.4,267.0,20.26,1.615
408,395.1,191.1,267.0,20.26,1.615
408,395.1,190.9,267.0,20.26,1.615
408,395.1,190.6,267.0,20.26,1.615
408,395.1,193.3,267.0,20.20,1.615
408,395.1,193.0,267.0,20.20,1.703
408,395.1,192.7,267.0,20.20,1.703
408,395.1,192.4,267.0,20.20,1.703
408,395.1,192.2,267.0,20.20,1.703
408,395.1,191.9,267.0,20.26,1.703
408,395.1,191.6,267.0,20.26,1.615
408,395.1,191.3,267.0,20.26,1.615
408,395.1,191.1,267.0,20.26,1.615
408,395.1,190.8,267.0,20.26,1.615
408,395.1,190.5,267.0,20.26,1.615
408,395.1,193.2,267.0,20.20,1.615
408,395.1,192.9,267.0,20.20,1.703
408,395.1,192.6,267.0,20.20,1.703
408,395.1,192.3,267.0,20.20,1.703
408,395.1,192.1,267.0,20.20,1.703
408,395.1,194.8,267.0,20.20,1.703
408,395.1,194.5,267.0,20.20,1.703
408,395.1,194.2,267.0,20.20,1.703
408,395.1,193.9,267.0,20.20,1.703
408,395.1,193.7,267.0,20.20,1.703
408,395.1,193.4,267.0,20.20,1.703
408,395.1,193.1,267.0,20.20,1.703
408,395.1,192.8,267.0,20.20,1.703
408,395.1,192.6,267.0,20.20,1.703
408,395.1,192.3,267.0,20.20,1.703
408,395.1,192.0,267.0,20.20,1.703
408,395.1,191.7,267.0,20.26,1.615
408,395.1,191.5,267.0,20.26,1.615
408,395.1,191.2,267.0,20.26,1.615
408,395.1,190.9,267.0,20.26,1.615
408,395.1,190.6,267.0,20.26,1.615
408,395.1,193.3,267.0,20.20,1.615
408,395.1,193.0,267.0,20.20,1.703
408,395.1,192.7,267.0,20.20,1.703
408,395.1,192.5,267.0,20.20,1.703
408,395.1,192.2,267.0,20.20,1.703
408,395.1,191.9,267.0,20.26,1.703
408,395.1,191.6,267.0,20.26,1.615
408,395.1,191.4,267.0,20.26,1.615
408,395.1,191.1,267.0,20.26,1.615
408,395.1,190.8,267.0,20.26,1.615
408,395.1,190.5,267.0,20.26,1.615
408,395.1,193.2,267.0,20.20,1.615
408,395.1,192.9,267.0,20.20,1.703
408,395.1,192.7,267.0,20.20,1.703
408,395.1,192.4,267.0,20.20,1.703
408,395.1,192.1,267.0,20.20,1.703
408,395.1,194.8,267.0,20.20,1.703
408,395.1,194.5,267.0,20.20,1.703
408,395.1,194.2,267.0,20.20,1.703
408,395.1,194.0,267.0,20.20,1.703
408,395.1,193.7,267.0,20.20,1.703
408,395.1,193.4,267.0,20.20,1.703
408,395.1,193.1,267.0,20.20,1.703
408,395.1,192.9,267.0,20.20,1.703
408,395.1,192.6,267.0,20.20,1.703
408,395.1,192.3,267.0,20.20,1.703
408,395.1,192.0,267.0,20.20,1.703
408,395.1,194.7,267.0,20.20,1.703
408,395.1,194.4,267.0,20.20,1.703
408,395.1,194.2,267.0,20.20,1.703
408,395.1,193.9,267.0,20.20,1.703
408,395.1,193.6,267.0,20.20,1.703
408,395.1,193.3,267.0,20.20,1.703
408,395.1,193.1,267.0,20.20,1.703
408,395.1,192.8,267.0,20.20,1.703
408,395.1,192.5,267.0,20.20,1.703
408,395.1,192.2,267.0,20.20,1.703
408,395.1,191.9,267.0,20.26,1.703
408,395.1,191.7,267.0,20.26,1.615
408,395.1,191.4,267.0,20.26,1.615
408,395.1,191.1,267.0,20.26,1.615
408,395.1,190.9,267.0,20.26,1.615
408,395.1,190.6,267.0,20.26,1.615
408,395.1,193.2,267.0,20.20,1.615
408,395.1,193.0,267.0,20.20,1.703
408,395.1,192.7,267.0,20.20,1.703
408,395.1,192.4,267.0,20.20,1.703
408,395.1,192.1,267.0,20.20,1.703
408,395.1,194.8,267.0,20.20,1.703
408,395.1,194.5,267.0,20.20,1.703
408,395.1,194.3,267.0,20.20,1.703
408,395.1,194.0,267.0,20.20,1.703
414,383.9,229.1,264.8,21.04,0.995
414,386.8,223.9,267.0,20.21,0.891
414,389.7,218.8,267.0,20.21,1.250
414,392.6,213.6,267.0,20.33,1.250
414,395.5,210.5,267.0,20.33,1.595
414,395.5,207.4,267.0,20.33,1.595
414,395.5,204.2,267.0,20.33,1.595
414,395.5,204.0,267.0,20.20,1.595
414,395.5,203.7,267.0,20.20,1.703
414,395.5,203.4,267.0,20.20,1.703
414,395.5,203.1,267.0,20.20,1.703
414,395.5,202.9,267.0,20.20,1.703
414,395.5,202.6,267.0,20.20,1.703
414,395.5,202.3,267.0,20.20,1.703
414,395.5,202.0,267.0,20.20,1.703
414,395.5,201.8,267.0,20.20,1.703
414,395.5,201.5,267.0,20.20,1.703
414,395.5,201.2,267.0,20.20,1.703
414,395.5,200.9,267.0,20.20,1.703
414,395.5,200.7,267.0,20.20,1.703
414,395.5,200.4,267.0,20.20,1.703
414,395.5,200.1,267.0,20.20,1.703
414,395.5,199.8,267.0,20.20,1.703
414,395.5,199.6,267.0,20.20,1.703
414,395.5,199.3,267.0,20.20,1.703
414,395.5,199.0,267.0,20.20,1.703
414,395.5,198.7,267.0,20.20,1.703
414,395.5,198.4,267.0,20.20,1.703
414,395.5,198.2,267.0,20.20,1.703
414,395.5,197.9,267.0,20.20,1.703
414,395.5,197.6,267.0,20.20,1.703
414,395.5,197.3,267.0,20.20,1.703
414,395.5,197.1,267.0,20.20,1.703
414,395.5,196.8,267.0,20.20,1.703
414,395.5,196.5,267.0,20.20,1.703
414,395.5,196.2,267.0,20.20,1.703
414,395.5,196.0,267.0,20.20,1.703
414,395.5,195.7,267.0,20.20,1.703
414,395.5,195.4,267.0,20.20,1.703
414,395.5,195.2,267.0,20.20,1.703
414,395.5,194.9,267.0,20.20,1.703
414,395.5,194.6,267.0,20.20,1.703
414,395.5,194.3,267.0,20.20,1.703
414,395.5,194.0,267.0,20.20,1.703
414,395.5,193.8,267.0,20.20,1.703
414,395.5,193.5,267.0,20.20,1.703
414,395.5,193.2,267.0,20.20,1.703
414,395.5,192.9,267.0,20.20,1.703
414,395.5,192.7,267.0,20.20,1.703
414,395.5,192.4,267.0,20.20,1.703
414,395.5,192.1,267.0,20.20,1.703
414,395.5,194.8,267.0,20.20,1.703
414,395.5,194.5,267.0,20.20,1.703
414,395.5,194.2,267.0,20.20,1.703
414,395.5,194.0,267.0,20.20,1.703
414,395.5,193.7,267.0,20.20,1.703
414,395.5,193.4,267.0,20.20,1.703
414,395.5,193.1,267.0,20.20,1.703
414,395.5,192.9,267.0,20.20,1.703
414,395.5,192.6,267.0,20.20,1.703
414,395.5,192.3,267.0,20.20,1.703
414,395.5,192.0,267.0,20.20,1.703
414,395.5,194.7,267.0,20.20,1.703
414,395.5,194.4,267.0,20.20,1.703
414,395.5,194.2,267.0,20.20,1.703
414,395.5,193.9,267.0,20.20,1.703
414,395.5,193.6,267.0,20.20,1.703
414,395.5,193.3,267.0,20.20,1.703
414,395.5,193.1,267.0,20.20,1.703
414,395.5,192.8,267.0,20.20,1.703
414,395.5,192.5,267.0,20.20,1.703
414,395.5,192.2,267.0,20.20,1.703
414,395.5,192.0,267.0,20.26,1.703
414,395.5,191.7,267.0,20.26,1.615
414,395.5,191.4,267.0,20.26,1.615
414,395.5,191.1,267.0,20.26,1.615
414,395.5,190.9,267.0,20.26,1.615
414,395.5,190.6,267.0,20.26,1.615
414,395.5,193.3,267.0,20.20,1.615
414,395.5,193.0,267.0,20.20,1.703
414,395.5,192.7,267.0,20.20,1.703
414,395.5,192.4,267.0,20.20,1.703
414,395.5,192.2,267.0,20.20,1.703
414,395.5,191.9,267.0,20.26,1.703
414,395.5,191.6,267.0,20.26,1.615
414,395.5,191.3,267.0,20.26,1.615
414,395.5,191.1,267.0,20.26,1.615
414,395.5,190.8,267.0,20.26,1.615
414,395.5,190.5,267.0,20.26,1.615
414,395.5,193.2,267.0,20.20,1.615
414,395.5,192.9,267.0,20.20,1.703
414,395.5,192.6,267.0,20.20,1.703
414,395.5,192.3,267.0,20.20,1.703
414,395.5,192.1,267.0,20.20,1.703
414,395.5,194.8,267.0,20.20,1.703
414,395.5,194.5,267.0,20.20,1.703
414,395.5,194.2,267.0,20.20,1.703
414,395.5,193.9,267.0,20.20,1.703
414,395.5,193.7,267.0,20.20,1.703
414,395.5,193.4,267.0,20.20,1.703
414,395.5,193.1,267.0,20.20,1.703
414,395.5,192.8,267.0,20.20,1.703
414,395.5,192.6,267.0,20.20,1.703
414,395.5,192.3,267.0,20.20,1.703
414,395.5,192.0,267.0,20.20,1.703
414,395.5,191.7,267.0,20.26,1.615
414,395.5,191.5,267.0,20.26,1.615
414,395.5,191.2,267.0,20.26,1.615
414,395.5,190.9,267.0,20.26,1.615
414,395.5,190.6,267.0,20.26,1.615
414,395.5,193.3,267.0,20.20,1.615
414,395.5,193.0,267.0,20.20,1.703
414,395.5,192.7,267.0,20.20,1.703
414,395.5,192.5,267.0,20.20,1.703
414,395.5,192.2,267.0,20.20,1.703
414,395.5,191.9,267.0,20.26,1.703
414,395.5,191.6,267.0,20.26,1.615
414,395.5,191.4,267.0,20.26,1.615
414,395.5,191.1,267.0,20.26,1.615
414,395.5,190.8,267.0,20.26,1.615
414,395.5,190.5,267.0,20.26,1.615
414,395.5,193.2,267.0,20.20,1.615
414,395.5,192.9,267.0,20.20,1.703
414,395.5,192.7,267.0,20.20,1.703
414,395.5,192.4,267.0,20.20,1.703
414,395.5,192.1,267.0,20.20,1.703
414,395.5,194.8,267.0,20.20,1.703
414,395.5,194.5,267.0,20.20,1.703
414,395.5,194.2,267.0,20.20,1.703
414,395.5,193.9,267.0,20.20,1.703
414,395.5,193.7,267.0,20.20,1.703
414,395.5,193.4,267.0,20.20,1.703
414,395.5,193.1,267.0,20.20,1.703
414,395.5,192.9,267.0,20.20,1.703
414,395.5,192.6,267.0,20.20,1.703
414,395.5,192.3,267.0,20.20,1.703
414,395.5,192.0,267.0,20.20,1.703
414,395.5,194.7,267.0,20.20,1.703
414,395.5,194.4,267.0,20.20,1.703
414,395.5,194.2,267.0,20.20,1.703
414,395.5,193.9,267.0,20.20,1.703
414,395.5,193.6,267.0,20.20,1.703
414,395.5,193.3,267.0,20.20,1.703
414,395.5,193.1,267.0,20.20,1.703
414,395.5,192.8,267.0,20.20,1.703
414,395.5,192.5,267.0,20.20,1.703
414,395.5,192.2,267.0,20.20,1.703
414,395.5,191.9,267.0,20.26,1.703
414,395.5,191.7,267.0,20.26,1.615
414,395.5,191.4,267.0,20.26,1.615
414,395.5,191.1,267.0,20.26,1.615
414,395.5,190.9,267.0,20.26,1.615
414,395.5,190.6,267.0,20.26,1.615
414,395.5,193.2,267.0,20.20,1.615
414,395.5,193.0,267.0,20.20,1.703
414,395.5,192.7,267.0,20.20,1.703
414,395.5,192.4,267.0,20.20,1.703
414,395.5,192.1,267.0,20.20,1.703
414,395.5,194.8,267.0,20.20,1.703
414,395.5,194.5,267.0,20.20,1.703
420,449.4,212.8,259.9,22.48,0.837
420,446.3,212.2,254.9,22.48,0.744
420,443.2,211.5,249.8,20.58,0.744
420,439.0,210.6,244.2,20.58,0.884
420,434.8,209.8,238.6,21.68,0.884
420,432.4,209.0,234.1,21.68,0.645
420,430.0,208.3,230.8,21.32,0.645
420,427.5,207.5,227.6,21.58,0.516
420,425.9,206.9,223.8,21.58,0.520
420,424.3,206.2,220.1,21.58,0.520
420,422.6,205.6,216.3,21.58,0.520
420,421.6,205.0,212.2,21.77,0.520
420,420.5,204.4,208.0,21.77,0.539
420,419.4,203.8,203.9,21.28,0.539
420,419.2,203.6,199.5,21.28,0.546
420,419.0,203.4,195.2,21.28,0.546
420,418.7,203.2,190.8,21.35,0.546
420,418.6,203.0,186.0,21.35,0.605
420,418.4,202.8,181.2,21.35,0.605
420,418.4,202.6,175.7,21.40,0.605
420,418.4,202.3,170.3,21.40,0.677
420,418.4,202.1,164.7,21.43,0.677
420,418.4,201.9,159.1,21.43,0.701
420,418.4,201.6,153.5,21.46,0.701
420,418.5,201.4,147.8,21.46,0.721
420,418.5,201.1,142.0,21.48,0.721
420,418.6,200.9,136.1,21.48,0.737
420,418.6,200.6,130.2,21.54,0.737
420,418.6,200.3,124.2,21.54,0.751
420,418.7,200.0,118.2,21.58,0.751
420,418.8,199.7,112.0,21.58,0.774
420,418.9,199.4,105.8,21.62,0.774
420,418.9,199.1,99.6,21.62,0.782
420,419.0,198.7,93.3,21.65,0.782
420,419.1,198.4,87.1,21.65,0.787
420,419.2,198.1,80.8,21.68,0.787
420,419.3,197.8,74.5,21.68,0.788
420,419.5,197.5,68.2,21.73,0.788
420,419.6,197.2,62.0,21.73,0.784
420,419.9,197.1,56.0,21.74,0.784
420,420.4,196.7,51.3,22.46,0.593
420,420.9,196.3,46.6,22.41,0.593
420,421.8,196.1,42.2,22.41,0.567
420,422.6,195.8,37.7,22.41,0.567
420,423.9,195.8,33.7,22.31,0.567
420,425.3,195.9,29.8,22.31,0.525
420,426.6,195.9,25.8,22.31,0.525
420,428.6,196.3,22.7,22.17,0.525
420,430.6,196.8,19.6,22.17,0.465
420,432.6,197.2,16.4,22.84,0.465
420,434.9,197.5,14.0,22.84,0.428
420,437.3,197.8,11.5,22.32,0.428
420,440.7,198.6,9.8,22.32,0.488
420,444.1,199.5,8.2,22.55,0.488
420,447.9,200.2,6.9,22.55,0.506
420,451.7,200.9,5.6,22.55,0.506
420,455.4,201.7,4.3,22.55,0.506
420,459.3,202.3,3.3,22.75,0.506
420,463.2,202.9,3.0,22.75,0.506
420,467.1,203.5,3.0,22.75,0.506
420,470.9,204.1,3.0,23.01,0.506
420,474.5,205.1,3.0,23.01,0.477
420,478.1,206.2,3.0,23.01,0.477
420,481.5,206.9,3.0,23.20,0.477
420,484.8,207.7,3.0,23.20,0.432
420,488.2,208.5,3.0,23.20,0.432
420,491.5,209.3,3.0,23.20,0.432
420,494.7,210.0,3.0,23.36,0.432
420,497.9,210.6,3.0,23.36,0.410
420,501.1,211.3,3.0,23.36,0.410
420,504.3,212.0,3.0,23.45,0.410
420,507.3,212.6,3.0,23.45,0.388
420,510.4,213.2,3.0,23.45,0.388
420,513.4,213.8,3.0,23.45,0.388
420,516.5,214.4,3.0,23.54,0.388
420,519.3,214.9,3.0,23.54,0.367
420,522.2,215.4,3.0,23.54,0.367
420,525.1,215.9,3.0,23.54,0.367
420,527.9,216.7,3.0,23.58,0.367
420,530.5,217.3,3.0,23.66,0.341
420,533.1,218.0,3.0,23.66,0.341
420,535.8,218.7,3.0,23.66,0.341
420,538.4,219.3,3.0,23.66,0.341
420,541.0,220.0,3.0,23.76,0.341
420,543.5,220.5,3.0,23.76,0.306
420,545.8,221.1,3.0,23.76,0.306
420,548.2,221.6,3.0,23.76,0.306
420,550.6,222.1,3.0,23.76,0.306
420,553.0,222.6,3.0,23.86,0.306
420,555.3,223.1,3.0,23.86,0.291
420,557.6,223.6,3.0,23.86,0.291
420,559.8,224.0,3.0,23.86,0.291
420,562.1,224.5,3.0,23.86,0.291
420,564.4,224.9,3.0,23.92,0.291
420,566.6,225.4,3.0,23.92,0.276
420,568.7,225.8,3.0,23.92,0.276
420,570.9,226.2,3.0,23.92,0.276
420,573.1,226.6,3.0,23.92,0.276
420,575.2,227.0,3.0,23.92,0.276
420,577.2,227.4,3.0,24.01,0.276
420,579.2,227.8,3.0,24.01,0.251
420,581.1,228.4,3.0,24.03,0.251
420,583.0,228.9,3.0,24.03,0.248
420,584.9,229.4,3.0,24.03,0.248
420,586.8,229.9,3.0,24.03,0.248
420,588.7,230.5,3.0,24.11,0.248
420,590.5,230.9,3.0,24.11,0.230
420,592.3,231.3,3.0,24.11,0.230
420,594.1,231.8,3.0,24.11,0.230
420,595.9,232.2,3.0,24.11,0.230
420,597.6,232.6,3.0,24.11,0.230
420,599.4,233.0,3.0,24.11,0.230
420,601.2,233.4,3.0,24.16,0.230
420,602.9,233.7,3.0,24.16,0.222
420,604.6,234.0,3.0,24.16,0.222
420,606.4,234.3,3.0,24.16,0.222
420,608.1,234.7,3.0,24.16,0.222
420,609.9,235.0,3.0,24.16,0.222
420,611.6,235.3,3.0,24.16,0.222
420,613.2,235.7,3.0,24.24,0.222
420,614.8,236.0,3.0,24.24,0.203
420,616.4,236.4,3.0,24.24,0.203
420,618.0,236.8,3.0,24.24,0.203
420,619.5,237.1,3.0,24.24,0.203
420,621.1,237.5,3.0,24.24,0.203
420,622.7,237.9,3.0,24.24,0.203
420,624.3,238.2,3.0,24.29,0.203
420,625.8,238.5,3.0,24.29,0.195
420,627.4,238.8,3.0,24.29,0.195
420,628.9,239.1,3.0,24.29,0.195
420,630.4,239.4,3.0,24.29,0.195
420,632.0,239.7,3.0,24.29,0.195
420,633.5,239.9,3.0,24.29,0.195
420,634.9,240.4,3.0,24.33,0.195
420,636.4,240.8,3.0,24.39,0.188
420,637.8,241.1,3.0,24.39,0.180
420,639.2,241.5,3.0,24.39,0.180
420,640.6,241.8,3.0,24.39,0.180
420,642.0,242.2,3.0,24.39,0.180
420,643.4,242.5,3.0,24.39,0.180
420,644.8,242.9,3.0,24.39,0.180
420,646.1,243.2,3.0,24.39,0.180
420,647.5,243.5,3.0,24.39,0.180
420,648.9,243.9,3.0,24.43,0.180
420,650.2,244.3,3.0,24.43,0.173
420,651.5,244.7,3.0,24.43,0.173
420,652.9,245.0,3.0,24.43,0.173
420,654.2,245.4,3.0,24.43,0.173
420,655.5,245.8,3.0,24.43,0.173
420,656.9,246.2,3.0,24.43,0.173
420,658.2,246.6,3.0,24.43,0.173
420,659.6,246.9,3.0,24.43,0.173
420,660.8,247.3,3.0,24.49,0.173
420,662.0,247.7,3.0,24.49,0.161
420,663.3,248.0,3.0,24.49,0.161
420,664.5,248.3,3.0,24.49,0.161
420,665.8,248.7,3.0,24.49,0.161
420,667.0,249.0,3.0,24.49,0.161
420,668.2,249.4,3.0,24.49,0.161
420,669.5,249.8,3.0,24.49,0.161
426,372.5,161.8,258.1,19.83,0.784
426,374.4,166.0,251.3,20.99,1.034
426,375.6,169.4,245.9,21.48,0.811
426,377.8,173.2,245.3,21.48,0.556
426,380.0,177.1,244.7,21.48,0.556
426,382.2,180.9,244.1,20.97,0.556
426,384.3,182.6,248.6,20.69,0.601
426,386.5,184.4,253.0,20.34,0.652
426,389.2,186.8,262.3,20.34,1.247
426,392.1,189.4,267.0,20.26,1.247
426,394.9,192.0,267.0,20.20,1.615
426,394.9,194.7,267.0,20.20,1.703
426,394.9,194.4,267.0,20.20,1.703
426,394.9,194.1,267.0,20.20,1.703
426,394.9,193.9,267.0,20.20,1.703
426,394.9,193.6,267.0,20.20,1.703
426,394.9,193.3,267.0,20.20,1.703
426,394.9,193.0,267.0,20.20,1.703
426,394.9,192.8,267.0,20.20,1.703
426,394.9,192.5,267.0,20.20,1.703
426,394.9,192.2,267.0,20.20,1.703
426,394.9,191.9,267.0,20.26,1.703
426,394.9,191.7,267.0,20.26,1.615
426,394.9,191.4,267.0,20.26,1.615
426,394.9,191.1,267.0,20.26,1.615
426,394.9,190.8,267.0,20.26,1.615
426,394.9,190.6,267.0,20.26,1.615
426,394.9,193.2,267.0,20.20,1.615
426,394.9,193.0,267.0,20.20,1.703
426,394.9,192.7,267.0,20.20,1.703
426,394.9,192.4,267.0,20.20,1.703
426,394.9,192.1,267.0,20.20,1.703
426,394.9,194.8,267.0,20.20,1.703
426,394.9,194.5,267.0,20.20,1.703
426,394.9,194.2,267.0,20.20,1.703
426,394.9,194.0,267.0,20.20,1.703
426,394.9,193.7,267.0,20.20,1.703
426,394.9,193.4,267.0,20.20,1.703
426,394.9,193.2,267.0,20.20,1.703
426,394.9,192.9,267.0,20.20,1.703
426,394.9,192.6,267.0,20.20,1.703
426,394.9,192.3,267.0,20.20,1.703
426,394.9,192.1,267.0,20.20,1.703
426,394.9,194.7,267.0,20.20,1.703
426,394.9,194.4,267.0,20.20,1.703
426,394.9,194.2,267.0,20.20,1.703
426,394.9,193.9,267.0,20.20,1.703
426,394.9,193.6,267.0,20.20,1.703
426,394.9,193.3,267.0,20.20,1.703
426,394.9,193.1,267.0,20.20,1.703
426,394.9,192.8,267.0,20.20,1.703
426,394.9,192.5,267.0,20.20,1.703
426,394.9,192.2,267.0,20.20,1.703
426,394.9,192.0,267.0,20.26,1.703
426,394.9,191.7,267.0,20.26,1.615
426,394.9,191.4,267.0,20.26,1.615
426,394.9,191.1,267.0,20.26,1.615
426,394.9,190.9,267.0,20.26,1.615
426,394.9,190.6,267.0,20.26,1.615
426,394.9,193.3,267.0,20.20,1.615
426,394.9,193.0,267.0,20.20,1.703
426,394.9,192.7,267.0,20.20,1.703
426,394.9,192.4,267.0,20.20,1.703
426,394.9,192.2,267.0,20.20,1.703
426,394.9,191.9,267.0,20.26,1.703
426,394.9,191.6,267.0,20.26,1.615
426,394.9,191.3,267.0,20.26,1.615
426,394.9,191.1,267.0,20.26,1.615
426,394.9,190.8,267.0,20.26,1.615
426,394.9,190.5,267.0,20.26,1.615
426,394.9,193.2,267.0,20.20,1.615
426,394.9,192.9,267.0,20.20,1.703
426,394.9,192.6,267.0,20.20,1.703
426,394.9,192.4,267.0,20.20,1.703
426,394.9,192.1,267.0,20.20,1.703
426,394.9,194.8,267.0,20.20,1.703
426,394.9,194.5,267.0,20.20,1.703
426,394.9,194.2,267.0,20.20,1.703
426,394.9,193.9,267.0,20.20,1.703
426,394.9,193.7,267.0,20.20,1.703
426,394.9,193.4,267.0,20.20,1.703
426,394.9,193.1,267.0,20.20,1.703
426,394.9,192.8,267.0,20.20,1.703
426,394.9,192.6,267.0,20.20,1.703
426,394.9,192.3,267.0,20.20,1.703
426,394.9,192.0,267.0,20.20,1.703
426,394.9,194.7,267.0,20.20,1.703
426,394.9,194.4,267.0,20.20,1.703
426,394.9,194.1,267.0,20.20,1.703
426,394.9,193.8,267.0,20.20,1.703
426,394.9,193.6,267.0,20.20,1.703
426,394.9,193.3,267.0,20.20,1.703
426,394.9,193.0,267.0,20.20,1.703
426,394.9,192.8,267.0,20.20,1.703
426,394.9,192.5,267.0,20.20,1.703
426,394.9,192.2,267.0,20.20,1.703
426,394.9,191.9,267.0,20.26,1.703
426,394.9,191.6,267.0,20.26,1.615
426,394.9,191.4,267.0,20.26,1.615
426,394.9,191.1,267.0,20.26,1.615
426,394.9,190.8,267.0,20.26,1.615
426,394.9,190.5,267.0,20.26,1.615
426,394.9,193.2,267.0,20.20,1.615
426,394.9,192.9,267.0,20.20,1.703
426,394.9,192.7,267.0,20.20,1.703
426,394.9,192.4,267.0,20.20,1.703
426,394.9,192.1,267.0,20.20,1.703
426,394.9,194.8,267.0,20.20,1.703
426,394.9,194.5,267.0,20.20,1.703
426,394.9,194.2,267.0,20.20,1.703
426,394.9,194.0,267.0,20.20,1.703
426,394.9,193.7,267.0,20.20,1.703
426,394.9,193.4,267.0,20.20,1.703
426,394.9,193.1,267.0,20.20,1.703
426,394.9,192.9,267.0,20.20,1.703
426,394.9,192.6,267.0,20.20,1.703
426,394.9,192.3,267.0,20.20,1.703
426,394.9,192.0,267.0,20.20,1.703
426,394.9,194.7,267.0,20.20,1.703
426,394.9,194.4,267.0,20.20,1.703
426,394.9,194.2,267.0,20.20,1.703
426,394.9,193.9,267.0,20.20,1.703
426,394.9,193.6,267.0,20.20,1.703
426,394.9,193.3,267.0,20.20,1.703
426,394.9,193.1,267.0,20.20,1.703
426,394.9,192.8,267.0,20.20,1.703
426,394.9,192.5,267.0,20.20,1.703
426,394.9,192.2,267.0,20.20,1.703
426,394.9,191.9,267.0,20.26,1.703
426,394.9,191.7,267.0,20.26,1.615
426,394.9,191.4,267.0,20.26,1.615
426,394.9,191.1,267.0,20.26,1.615
426,394.9,190.9,267.0,20.26,1.615
426,394.9,190.6,267.0,20.26,1.615
426,394.9,193.2,267.0,20.20,1.615
426,394.9,193.0,267.0,20.20,1.703
426,394.9,192.7,267.0,20.20,1.703
426,394.9,192.4,267.0,20.20,1.703
426,394.9,192.2,267.0,20.20,1.703
426,394.9,194.8,267.0,20.20,1.703
426,394.9,194.5,267.0,20.20,1.703
426,394.9,194.3,267.0,20.20,1.703
426,394.9,194.0,267.0,20.20,1.703
426,394.9,193.7,267.0,20.20,1.703
426,394.9,193.4,267.0,20.20,1.703
426,394.9,193.2,267.0,20.20,1.703
426,394.9,192.9,267.0,20.20,1.703
426,394.9,192.6,267.0,20.20,1.703
426,394.9,192.3,267.0,20.20,1.703
426,394.9,192.1,267.0,20.20,1.703
426,394.9,194.7,267.0,20.20,1.703
426,394.9,194.5,267.0,20.20,1.703
426,394.9,194.2,267.0,20.20,1.703
426,394.9,193.9,267.0,20.20,1.703
426,394.9,193.6,267.0,20.20,1.703
426,394.9,193.4,267.0,20.20,1.703
426,394.9,193.1,267.0,20.20,1.703
426,394.9,192.8,267.0,20.20,1.703
426,394.9,192.5,267.0,20.20,1.703
426,394.9,192.3,267.0,20.20,1.703
432,432.6,222.4,258.2,19.83,1.203
432,427.0,218.6,258.2,21.13,1.041
432,421.4,214.8,258.3,20.07,0.848
432,418.7,211.9,267.0,20.33,0.816
432,415.8,208.8,267.0,20.33,1.595
432,412.9,205.7,267.0,20.33,1.595
432,410.0,202.6,267.0,20.20,1.595
432,407.1,202.3,267.0,20.33,1.703
432,407.1,202.0,267.0,20.33,1.844
432,407.1,201.7,267.0,20.33,1.844
432,407.1,201.4,267.0,20.33,1.844
432,407.1,201.2,267.0,20.33,1.844
432,407.1,200.9,267.0,20.33,1.844
432,407.1,200.6,267.0,20.33,1.844
432,407.1,200.3,267.0,20.33,1.844
432,407.1,200.1,267.0,20.33,1.844
432,407.1,199.8,267.0,20.33,1.844
432,407.1,199.5,267.0,20.33,1.844
432,407.1,199.2,267.0,20.33,1.844
432,407.1,199.0,267.0,20.33,1.844
432,407.1,198.7,267.0,20.33,1.844
432,407.1,198.4,267.0,20.33,1.844
432,407.1,198.1,267.0,20.33,1.844
432,407.1,197.9,267.0,20.33,1.844
432,407.1,197.6,267.0,20.33,1.844
432,407.1,197.3,267.0,20.33,1.844
432,407.1,197.0,267.0,20.33,1.844
432,407.1,196.8,267.0,20.33,1.844
432,407.1,196.5,267.0,20.33,1.844
432,407.1,196.2,267.0,20.33,1.844
432,407.1,195.9,267.0,20.33,1.844
432,407.1,195.7,267.0,20.33,1.844
432,407.1,195.4,267.0,20.33,1.844
432,407.1,195.1,267.0,20.33,1.844
432,407.1,194.8,267.0,20.33,1.844
432,407.1,194.6,267.0,20.33,1.844
432,407.1,194.3,267.0,20.33,1.844
432,407.1,194.0,267.0,20.33,1.844
432,407.1,193.7,267.0,20.33,1.844
432,407.1,193.5,267.0,20.33,1.844
432,407.1,193.2,267.0,20.33,1.844
432,407.1,192.9,267.0,20.33,1.844
432,407.1,192.6,267.0,20.33,1.844
432,407.1,192.4,267.0,20.33,1.844
432,407.1,192.1,267.0,20.33,1.844
432,407.1,194.8,267.0,20.33,1.844
432,407.1,194.5,267.0,20.33,1.844
432,407.1,194.2,267.0,20.33,1.844
432,407.1,193.9,267.0,20.33,1.844
432,407.1,193.7,267.0,20.33,1.844
432,407.1,193.4,267.0,20.33,1.844
432,407.1,193.1,267.0,20.33,1.844
432,407.1,192.8,267.0,20.33,1.844
432,407.1,192.6,267.0,20.33,1.844
432,407.1,192.3,267.0,20.33,1.844
432,407.1,192.0,267.0,20.33,1.844
432,407.1,194.7,267.0,20.33,1.844
432,407.1,194.4,267.0,20.33,1.844
432,407.1,194.1,267.0,20.33,1.844
432,407.1,193.8,267.0,20.33,1.844
432,407.1,193.6,267.0,20.33,1.844
432,407.1,193.3,267.0,20.33,1.844
432,407.1,193.0,267.0,20.33,1.844
432,407.1,192.8,267.0,20.33,1.844
432,407.1,192.5,267.0,20.33,1.844
432,407.1,192.2,267.0,20.33,1.844
432,407.1,191.9,267.0,19.96,1.844
432,407.1,191.7,267.0,19.96,1.720
432,407.1,191.4,267.0,19.96,1.720
432,407.1,191.1,267.0,19.96,1.720
432,407.1,190.8,267.0,19.96,1.720
432,407.1,190.6,267.0,19.96,1.720
432,407.1,193.2,267.0,20.33,1.720
432,407.1,192.9,267.0,20.33,1.844
432,407.1,192.7,267.0,20.33,1.844
432,407.1,192.4,267.0,20.33,1.844
432,407.1,192.1,267.0,20.33,1.844
432,407.1,194.8,267.0,20.33,1.844
432,407.1,194.5,267.0,20.33,1.844
432,407.1,194.2,267.0,20.33,1.844
432,407.1,194.0,267.0,20.33,1.844
432,407.1,193.7,267.0,20.33,1.844
432,407.1,193.4,267.0,20.33,1.844
432,407.1,193.1,267.0,20.33,1.844
432,407.1,192.9,267.0,20.33,1.844
432,407.1,192.6,267.0,20.33,1.844
432,407.1,192.3,267.0,20.33,1.844
432,407.1,192.0,267.0,20.33,1.844
432,407.1,194.7,267.0,20.33,1.844
432,407.1,194.4,267.0,20.33,1.844
432,407.1,194.2,267.0,20.33,1.844
432,407.1,193.9,267.0,20.33,1.844
432,407.1,193.6,267.0,20.33,1.844
432,407.1,193.3,267.0,20.33,1.844
432,407.1,193.1,267.0,20.33,1.844
432,407.1,192.8,267.0,20.33,1.844
432,407.1,192.5,267.0,20.33,1.844
432,407.1,192.2,267.0,20.33,1.844
432,407.1,192.0,267.0,19.96,1.844
432,407.1,191.7,267.0,19.96,1.720
432,407.1,191.4,267.0,19.96,1.720
432,407.1,191.1,267.0,19.96,1.720
432,407.1,190.9,267.0,19.96,1.720
432,407.1,190.6,267.0,19.96,1.720
432,407.1,193.2,267.0,20.33,1.720
432,407.1,193.0,267.0,20.33,1.844
432,407.1,192.7,267.0,20.33,1.844
432,407.1,192.4,267.0,20.33,1.844
432,407.1,192.2,267.0,20.33,1.844
432,407.1,191.9,267.0,19.96,1.844
432,407.1,191.6,267.0,19.96,1.720
432,407.1,191.3,267.0,19.96,1.720
432,407.1,191.1,267.0,19.96,1.720
432,407.1,190.8,267.0,19.96,1.720
432,407.1,190.5,267.0,19.96,1.720
432,407.1,193.2,267.0,20.33,1.720
432,407.1,192.9,267.0,20.33,1.844
432,407.1,192.6,267.0,20.33,1.844
432,407.1,192.3,267.0,20.33,1.844
432,407.1,192.1,267.0,20.33,1.844
432,407.1,194.7,267.0,20.33,1.844
432,407.1,194.5,267.0,20.33,1.844
432,407.1,194.2,267.0,20.33,1.844
432,407.1,193.9,267.0,20.33,1.844
432,407.1,193.6,267.0,20.33,1.844
432,407.1,193.4,267.0,20.33,1.844
432,407.1,193.1,267.0,20.33,1.844
432,407.1,192.8,267.0,20.33,1.844
432,407.1,192.5,267.0,20.33,1.844
432,407.1,192.3,267.0,20.33,1.844
432,407.1,192.0,267.0,19.96,1.844
432,407.1,191.7,267.0,19.96,1.720
432,407.1,191.4,267.0,19.96,1.720
432,407.1,191.2,267.0,19.96,1.720
432,407.1,190.9,267.0,19.96,1.720
432,407.1,190.6,267.0,19.96,1.720
432,407.1,193.3,267.0,20.33,1.720
432,407.1,193.0,267.0,20.33,1.844
432,407.1,192.7,267.0,20.33,1.844
432,407.1,192.5,267.0,20.33,1.844
432,407.1,192.2,267.0,20.33,1.844
432,407.1,191.9,267.0,19.96,1.844
432,407.1,191.6,267.0,19.96,1.720
432,407.1,191.4,267.0,19.96,1.720
432,407.1,191.1,267.0,19.96,1.720
432,407.1,190.8,267.0,19.96,1.720
432,407.1,190.5,267.0,19.96,1.720
432,407.1,193.2,267.0,20.33,1.720
432,407.1,192.9,267.0,20.33,1.844
432,407.1,192.7,267.0,20.33,1.844
432,407.1,192.4,267.0,20.33,1.844
432,407.1,192.1,267.0,20.33,1.844
432,407.1,194.8,267.0,20.33,1.844
432,407.1,194.5,267.0,20.33,1.844
432,407.1,194.2,267.0,20.33,1.844
432,407.1,193.9,267.0,20.33,1.844
432,407.1,193.7,267.0,20.33,1.844
432,407.1,193.4,267.0,20.33,1.844
432,407.1,193.1,267.0,20.33,1.844
432,407.1,192.9,267.0,20.33,1.844
438,432.4,195.6,257.4,18.88,1.306
438,426.1,195.3,256.8,19.53,1.134
438,419.8,195.0,256.2,20.29,0.795
438,417.0,194.8,266.3,20.20,1.306
438,414.1,194.4,267.0,20.20,1.703
438,411.2,194.2,267.0,20.20,1.703
438,408.2,193.8,267.0,20.20,1.703
438,408.2,193.6,267.0,20.20,1.703
438,408.2,193.3,267.0,20.20,1.703
438,408.2,193.0,267.0,20.20,1.703
438,408.2,192.8,267.0,20.20,1.703
438,408.2,192.5,267.0,20.20,1.703
438,408.2,192.2,267.0,20.20,1.703
438,408.2,191.9,267.0,20.26,1.703
438,408.2,191.7,267.0,20.26,1.615
438,408.2,191.4,267.0,20.26,1.615
438,408.2,191.1,267.0,20.26,1.615
438,408.2,190.8,267.0,20.26,1.615
438,408.2,190.6,267.0,20.26,1.615
438,408.2,193.2,267.0,20.20,1.615
438,408.2,192.9,267.0,20.20,1.703
438,408.2,192.7,267.0,20.20,1.703
438,408.2,192.4,267.0,20.20,1.703
438,408.2,192.1,267.0,20.20,1.703
438,408.2,194.8,267.0,20.20,1.703
438,408.2,194.5,267.0,20.20,1.703
438,408.2,194.2,267.0,20.20,1.703
438,408.2,194.0,267.0,20.20,1.703
438,408.2,193.7,267.0,20.20,1.703
438,408.2,193.4,267.0,20.20,1.703
438,408.2,193.1,267.0,20.20,1.703
438,408.2,192.9,267.0,20.20,1.703
438,408.2,192.6,267.0,20.20,1.703
438,408.2,192.3,267.0,20.20,1.703
438,408.2,192.0,267.0,20.20,1.703
438,408.2,194.7,267.0,20.20,1.703
438,408.2,194.4,267.0,20.20,1.703
438,408.2,194.2,267.0,20.20,1.703
438,408.2,193.9,267.0,20.20,1.703
438,408.2,193.6,267.0,20.20,1.703
438,408.2,193.3,267.0,20.20,1.703
438,408.2,193.1,267.0,20.20,1.703
438,408.2,192.8,267.0,20.20,1.703
438,408.2,192.5,267.0,20.20,1.703
438,408.2,192.2,267.0,20.20,1.703
438,408.2,192.0,267.0,20.26,1.703
438,408.2,191.7,267.0,20.26,1.615
438,408.2,191.4,267.0,20.26,1.615
438,408.2,191.1,267.0,20.26,1.615
438,408.2,190.9,267.0,20.26,1.615
438,408.2,190.6,267.0,20.26,1.615
438,408.2,193.2,267.0,20.20,1.615
438,408.2,193.0,267.0,20.20,1.703
438,408.2,192.7,267.0,20.20,1.703
438,408.2,192.4,267.0,20.20,1.703
438,408.2,192.2,267.0,20.20,1.703
438,408.2,194.8,267.0,20.20,1.703
438,408.2,194.6,267.0,20.20,1.703
438,408.2,194.3,267.0,20.20,1.703
438,408.2,194.0,267.0,20.20,1.703
438,408.2,193.7,267.0,20.20,1.703
438,408.2,193.4,267.0,20.20,1.703
438,408.2,193.2,267.0,20.20,1.703
438,408.2,192.9,267.0,20.20,1.703
438,408.2,192.6,267.0,20.20,1.703
438,408.2,192.3,267.0,20.20,1.703
438,408.2,192.1,267.0,20.20,1.703
438,408.2,194.7,267.0,20.20,1.703
438,408.2,194.5,267.0,20.20,1.703
438,408.2,194.2,267.0,20.20,1.703
438,408.2,193.9,267.0,20.20,1.703
438,408.2,193.6,267.0,20.20,1.703
438,408.2,193.4,267.0,20.20,1.703
438,408.2,193.1,267.0,20.20,1.703
438,408.2,192.8,267.0,20.20,1.703
438,408.2,192.5,267.0,20.20,1.703
438,408.2,192.3,267.0,20.20,1.703
438,408.2,192.0,267.0,20.26,1.703
438,408.2,191.7,267.0,20.26,1.615
438,408.2,191.4,267.0,20.26,1.615
438,408.2,191.2,267.0,20.26,1.615
438,408.2,190.9,267.0,20.26,1.615
438,408.2,190.6,267.0,20.26,1.615
438,408.2,193.3,267.0,20.20,1.615
438,408.2,193.0,267.0,20.20,1.703
438,408.2,192.7,267.0,20.20,1.703
438,408.2,192.5,267.0,20.20,1.703
438,408.2,192.2,267.0,20.20,1.703
438,408.2,191.9,267.0,20.26,1.703
438,408.2,191.6,267.0,20.26,1.615
438,408.2,191.4,267.0,20.26,1.615
438,408.2,191.1,267.0,20.26,1.615
438,408.2,190.8,267.0,20.26,1.615
438,408.2,190.5,267.0,20.26,1.615
438,408.2,193.2,267.0,20.20,1.615
438,408.2,192.9,267.0,20.20,1.703
438,408.2,192.7,267.0,20.20,1.703
438,408.2,192.4,267.0,20.20,1.703
438,408.2,192.1,267.0,20.20,1.703
438,408.2,194.8,267.0,20.20,1.703
438,408.2,194.5,267.0,20.20,1.703
438,408.2,194.2,267.0,20.20,1.703
438,408.2,193.9,267.0,20.20,1.703
438,408.2,193.7,267.0,20.20,1.703
438,408.2,193.4,267.0,20.20,1.703
438,408.2,193.1,267.0,20.20,1.703
438,408.2,192.9,267.0,20.20,1.703
438,408.2,192.6,267.0,20.20,1.703
438,408.2,192.3,267.0,20.20,1.703
438,408.2,192.0,267.0,20.20,1.703
438,408.2,194.7,267.0,20.20,1.703
438,408.2,194.4,267.0,20.20,1.703
438,408.2,194.1,267.0,20.20,1.703
438,408.2,193.9,267.0,20.20,1.703
438,408.2,193.6,267.0,20.20,1.703
438,408.2,193.3,267.0,20.20,1.703
438,408.2,193.0,267.0,20.20,1.703
438,408.2,192.8,267.0,20.20,1.703
438,408.2,192.5,267.0,20.20,1.703
438,408.2,192.2,267.0,20.20,1.703
438,408.2,191.9,267.0,20.26,1.703
438,408.2,191.7,267.0,20.26,1.615
438,408.2,191.4,267.0,20.26,1.615
438,408.2,191.1,267.0,20.26,1.615
438,408.2,190.8,267.0,20.26,1.615
438,408.2,190.6,267.0,20.26,1.615
438,408.2,193.2,267.0,20.20,1.615
438,408.2,193.0,267.0,20.20,1.703
438,408.2,192.7,267.0,20.20,1.703
438,408.2,192.4,267.0,20.20,1.703
438,408.2,192.1,267.0,20.20,1.703
438,408.2,194.8,267.0,20.20,1.703
438,408.2,194.5,267.0,20.20,1.703
438,408.2,194.3,267.0,20.20,1.703
438,408.2,194.0,267.0,20.20,1.703
438,408.2,193.7,267.0,20.20,1.703
438,408.2,193.4,267.0,20.20,1.703
438,408.2,193.2,267.0,20.20,1.703
438,408.2,192.9,267.0,20.20,1.703
438,408.2,192.6,267.0,20.20,1.703
438,408.2,192.3,267.0,20.20,1.703
438,408.2,192.1,267.0,20.20,1.703
438,408.2,194.7,267.0,20.20,1.703
438,408.2,194.4,267.0,20.20,1.703
438,408.2,194.2,267.0,20.20,1.703
438,408.2,193.9,267.0,20.20,1.703
438,408.2,193.6,267.0,20.20,1.703
438,408.2,193.3,267.0,20.20,1.703
438,408.2,193.1,267.0,20.20,1.703
438,408.2,192.8,267.0,20.20,1.703
438,408.2,192.5,267.0,20.20,1.703
438,408.2,192.2,267.0,20.20,1.703
438,408.2,192.0,267.0,20.26,1.703
438,408.2,191.7,267.0,20.26,1.615
438,408.2,191.4,267.0,20.26,1.615
438,408.2,191.2,267.0,20.26,1.615
438,408.2,190.9,267.0,20.26,1.615
438,408.2,190.6,267.0,20.26,1.615
438,408.2,193.3,267.0,20.20,1.615
438,408.2,193.0,267.0,20.20,1.703
444,444.0,201.1,260.0,18.88,0.841
444,438.9,200.9,252.5,18.88,0.742
444,434.5,200.6,246.9,20.57,1.134
444,430.1,200.4,241.4,20.35,0.888
444,424.8,200.1,240.0,21.08,0.691
444,422.0,199.7,236.6,21.08,0.547
444,419.2,199.3,233.3,21.03,0.547
444,418.1,199.0,232.2,21.03,0.193
444,417.0,198.8,231.2,21.03,0.193
444,415.8,198.5,230.2,21.03,0.193
444,414.7,198.2,229.1,21.03,0.193
444,413.6,198.0,228.1,21.03,0.193
444,412.9,197.7,225.5,21.15,0.193
444,412.2,197.5,222.9,21.15,0.336
444,411.5,197.3,220.3,21.15,0.336
444,410.8,197.0,217.7,21.15,0.336
444,410.1,196.8,215.1,21.23,0.336
444,409.7,196.6,211.5,21.23,0.458
444,409.3,196.4,207.9,21.23,0.458
444,408.9,196.1,204.2,21.23,0.458
444,408.7,195.9,199.9,21.28,0.458
444,408.5,195.7,195.5,21.28,0.546
444,408.2,195.5,191.2,21.35,0.546
444,408.1,195.3,186.3,21.35,0.605
444,407.9,195.1,181.5,21.24,0.605
444,407.9,194.9,176.1,21.28,0.605
444,407.9,194.6,170.7,21.28,0.677
444,407.9,194.4,165.1,21.31,0.677
444,407.9,194.2,159.5,21.31,0.701
444,407.9,193.9,153.9,21.33,0.701
444,408.0,193.7,148.1,21.33,0.721
444,408.0,193.4,142.3,21.36,0.721
444,408.0,193.2,136.5,21.48,0.737
444,408.1,192.9,130.6,21.54,0.737
444,408.1,192.6,124.6,21.54,0.751
444,408.2,192.3,118.6,21.58,0.751
444,408.3,192.0,112.4,21.58,0.774
444,408.3,191.7,106.0,21.52,0.774
444,408.3,191.5,99.6,21.52,0.806
444,408.3,191.2,93.1,21.54,0.806
444,408.4,190.9,86.6,21.54,0.813
444,408.5,190.6,80.1,21.54,0.813
444,408.5,190.3,73.6,21.54,0.816
444,408.7,190.1,67.1,21.56,0.816
444,408.8,189.8,60.6,21.56,0.813
444,409.1,189.6,54.5,21.56,0.813
444,409.3,189.4,48.3,21.56,0.768
444,409.7,189.3,42.6,21.56,0.768
444,410.1,189.2,36.9,21.56,0.715
444,410.7,189.2,31.9,21.56,0.715
444,411.2,189.2,26.9,21.56,0.630
444,411.8,189.2,21.9,21.55,0.630
444,412.6,189.3,18.0,21.55,0.498
444,413.4,189.5,14.1,21.55,0.498
444,414.2,189.6,10.2,21.57,0.498
444,415.3,190.0,7.6,21.57,0.358
444,416.5,190.4,5.0,21.57,0.358
444,417.6,190.8,3.0,21.57,0.358
444,418.7,191.2,3.0,21.57,0.358
444,419.9,191.6,3.0,21.57,0.358
444,422.8,191.7,3.0,21.86,0.449
444,425.7,191.9,3.0,21.86,0.449
444,428.6,192.0,3.0,21.95,0.449
444,431.4,193.0,3.0,21.95,0.452
444,434.9,193.9,3.0,22.32,0.452
444,438.3,194.7,3.0,22.32,0.488
444,441.7,195.6,3.0,22.32,0.488
444,445.1,196.4,3.0,22.55,0.488
444,448.9,197.1,3.0,22.55,0.506
444,452.6,197.9,3.0,22.55,0.506
444,456.4,198.6,3.0,22.75,0.506
444,460.3,199.2,3.0,22.75,0.506
444,464.2,199.8,3.0,22.75,0.506
444,468.1,200.5,3.0,22.92,0.506
444,471.9,201.0,3.0,22.92,0.492
444,475.7,201.6,3.0,22.92,0.492
444,479.5,202.1,3.0,22.92,0.492
444,483.1,202.5,3.0,23.12,0.492
444,486.6,202.9,3.0,23.12,0.446
444,490.1,203.3,3.0,23.12,0.446
444,493.4,203.7,3.0,23.30,0.446
444,496.8,204.0,3.0,23.36,0.421
444,500.0,204.7,3.0,23.36,0.421
444,503.2,205.4,3.0,23.36,0.410
444,506.2,205.9,3.0,23.45,0.410
444,509.2,206.5,3.0,23.45,0.388
444,512.2,207.1,3.0,23.45,0.388
444,515.3,207.7,3.0,23.45,0.388
444,518.2,208.2,3.0,23.54,0.388
444,521.0,208.8,3.0,23.54,0.367
444,523.9,209.3,3.0,23.54,0.367
444,526.8,209.8,3.0,23.54,0.367
444,529.6,210.2,3.0,23.62,0.367
444,532.3,210.7,3.0,23.62,0.347
444,535.0,211.1,3.0,23.62,0.347
444,537.8,211.6,3.0,23.62,0.347
444,540.5,212.0,3.0,23.73,0.347
444,543.0,212.4,3.0,23.73,0.311
444,545.5,212.7,3.0,23.73,0.311
444,547.9,213.1,3.0,23.73,0.311
444,550.4,213.4,3.0,23.73,0.311
444,552.9,213.8,3.0,23.83,0.311
444,555.2,214.0,3.0,23.83,0.295
444,557.5,214.3,3.0,23.83,0.295
444,559.9,214.7,3.0,23.83,0.295
444,562.2,214.9,3.0,23.83,0.295
444,564.5,215.2,3.0,23.90,0.295
444,566.8,215.5,3.0,23.90,0.279
444,569.0,215.8,3.0,23.90,0.279
444,571.2,216.0,3.0,23.92,0.279
444,573.4,216.4,3.0,23.92,0.276
444,575.5,216.8,3.0,23.92,0.276
444,577.5,217.2,3.0,24.01,0.276
444,579.5,217.6,3.0,24.01,0.251
444,581.4,218.1,3.0,24.01,0.251
444,583.4,218.5,3.0,24.01,0.251
444,585.4,218.9,3.0,24.01,0.251
444,587.3,219.3,3.0,24.01,0.251
444,589.2,219.6,3.0,24.06,0.251
444,591.1,219.9,3.0,24.06,0.242
444,593.1,220.1,3.0,24.06,0.242
444,595.0,220.4,3.0,24.06,0.242
444,596.9,220.7,3.0,24.06,0.242
444,598.8,221.0,3.0,24.06,0.242
444,600.7,221.3,3.0,24.13,0.242
444,602.5,221.6,3.0,24.13,0.232
444,604.4,221.9,3.0,24.13,0.232
444,606.2,222.2,3.0,24.13,0.232
444,608.0,222.5,3.0,24.13,0.232
444,609.8,222.8,3.0,24.13,0.232
444,611.7,223.1,3.0,24.13,0.232
444,613.4,223.3,3.0,24.20,0.232
444,615.0,223.6,3.0,24.20,0.213
444,616.7,223.8,3.0,24.20,0.213
444,618.4,224.0,3.0,24.20,0.213
444,620.1,224.2,3.0,24.20,0.213
444,621.8,224.5,3.0,24.20,0.213
444,623.5,224.7,3.0,24.20,0.213
444,625.0,224.9,3.0,24.26,0.213
444,626.6,225.0,3.0,24.26,0.195
444,628.1,225.2,3.0,24.26,0.195
444,629.7,225.4,3.0,24.26,0.195
444,631.2,225.6,3.0,24.26,0.195
444,632.8,225.7,3.0,24.26,0.195
444,634.3,225.9,3.0,24.26,0.195
444,635.9,226.1,3.0,24.26,0.195
444,637.4,226.3,3.0,24.33,0.186
444,638.8,226.5,3.0,24.33,0.186
444,640.3,226.7,3.0,24.33,0.186
444,641.8,226.9,3.0,24.33,0.186
444,643.3,227.1,3.0,24.33,0.186
444,644.8,227.3,3.0,24.33,0.186
444,646.2,227.5,3.0,24.33,0.186
444,647.7,227.7,3.0,24.33,0.186
444,649.1,227.9,3.0,24.39,0.186
444,650.4,228.1,3.0,24.42,0.172
444,651.8,228.4,3.0,24.42,0.172
444,653.1,228.7,3.0,24.42,0.172
444,654.5,228.9,3.1,24.42,0.172
444,655.8,229.2,3.1,24.42,0.172
450,358.7,209.8,259.9,22.48,0.837
450,364.8,207.6,259.6,19.42,0.744
450,370.9,205.4,259.2,19.42,0.816
450,375.7,202.7,265.3,19.71,0.816
450,380.7,202.4,267.0,19.71,1.261
450,385.7,202.1,267.0,20.20,1.261
450,388.6,201.8,267.0,20.20,1.703
450,391.6,201.5,267.0,20.20,1.703
450,394.5,201.2,267.0,20.20,1.703
450,394.5,200.9,267.0,20.20,1.703
450,394.5,200.7,267.0,20.20,1.703
450,394.5,200.4,267.0,20.20,1.703
450,394.5,200.1,267.0,20.20,1.703
450,394.5,199.8,267.0,20.20,1.703
450,394.5,199.6,267.0,20.20,1.703
450,394.5,199.3,267.0,20.20,1.703
450,394.5,199.0,267.0,20.20,1.703
450,394.5,198.7,267.0,20.20,1.703
450,394.5,198.5,267.0,20.20,1.703
450,394.5,198.2,267.0,20.20,1.703
450,394.5,197.9,267.0,20.20,1.703
450,394.5,197.6,267.0,20.20,1.703
450,394.5,197.4,267.0,20.20,1.703
450,394.5,197.1,267.0,20.20,1.703
450,394.5,196.8,267.0,20.20,1.703
450,394.5,196.5,267.0,20.20,1.703
450,394.5,196.3,267.0,20.20,1.703
450,394.5,196.0,267.0,20.20,1.703
450,394.5,195.7,267.0,20.20,1.703
450,394.5,195.4,267.0,20.20,1.703
450,394.5,195.2,267.0,20.20,1.703
450,394.5,194.9,267.0,20.20,1.703
450,394.5,194.6,267.0,20.20,1.703
450,394.5,194.3,267.0,20.20,1.703
450,394.5,194.1,267.0,20.20,1.703
450,394.5,193.8,267.0,20.20,1.703
450,394.5,193.5,267.0,20.20,1.703
450,394.5,193.2,267.0,20.20,1.703
450,394.5,193.0,267.0,20.20,1.703
450,394.5,192.7,267.0,20.20,1.703
450,394.5,192.4,267.0,20.20,1.703
450,394.5,192.1,267.0,20.20,1.703
450,394.5,194.8,267.0,20.20,1.703
450,394.5,194.5,267.0,20.20,1.703
450,394.5,194.3,267.0,20.20,1.703
450,394.5,194.0,267.0,20.20,1.703
450,394.5,193.7,267.0,20.20,1.703
450,394.5,193.4,267.0,20.20,1.703
450,394.5,193.2,267.0,20.20,1.703
450,394.5,192.9,267.0,20.20,1.703
450,394.5,192.6,267.0,20.20,1.703
450,394.5,192.3,267.0,20.20,1.703
450,394.5,192.1,267.0,20.20,1.703
450,394.5,194.7,267.0,20.20,1.703
450,394.5,194.4,267.0,20.20,1.703
450,394.5,194.2,267.0,20.20,1.703
450,394.5,193.9,267.0,20.20,1.703
450,394.5,193.6,267.0,20.20,1.703
450,394.5,193.3,267.0,20.20,1.703
450,394.5,193.1,267.0,20.20,1.703
450,394.5,192.8,267.0,20.20,1.703
450,394.5,192.5,267.0,20.20,1.703
450,394.5,192.2,267.0,20.20,1.703
450,394.5,192.0,267.0,20.26,1.703
450,394.5,191.7,267.0,20.26,1.615
450,394.5,191.4,267.0,20.26,1.615
450,394.5,191.2,267.0,20.26,1.615
450,394.5,190.9,267.0,20.26,1.615
450,394.5,190.6,267.0,20.26,1.615
450,394.5,193.3,267.0,20.20,1.615
450,394.5,193.0,267.0,20.20,1.703
450,394.5,192.7,267.0,20.20,1.703
450,394.5,192.4,267.0,20.20,1.703
450,394.5,192.2,267.0,20.20,1.703
450,394.5,191.9,267.0,20.26,1.703
450,394.5,191.6,267.0,20.26,1.615
450,394.5,191.3,267.0,20.26,1.615
450,394.5,191.1,267.0,20.26,1.615
450,394.5,190.8,267.0,20.26,1.615
450,394.5,190.5,267.0,20.26,1.615
450,394.5,193.2,267.0,20.20,1.615
450,394.5,192.9,267.0,20.20,1.703
450,394.5,192.6,267.0,20.20,1.703
450,394.5,192.4,267.0,20.20,1.703
450,394.5,192.1,267.0,20.20,1.703
450,394.5,194.8,267.0,20.20,1.703
450,394.5,194.5,267.0,20.20,1.703
450,394.5,194.2,267.0,20.20,1.703
450,394.5,193.9,267.0,20.20,1.703
450,394.5,193.7,267.0,20.20,1.703
450,394.5,193.4,267.0,20.20,1.703
450,394.5,193.1,267.0,20.20,1.703
450,394.5,192.8,267.0,20.20,1.703
450,394.5,192.6,267.0,20.20,1.703
450,394.5,192.3,267.0,20.20,1.703
450,394.5,192.0,267.0,20.20,1.703
450,394.5,194.7,267.0,20.20,1.703
450,394.5,194.4,267.0,20.20,1.703
450,394.5,194.1,267.0,20.20,1.703
450,394.5,193.8,267.0,20.20,1.703
450,394.5,193.6,267.0,20.20,1.703
450,394.5,193.3,267.0,20.20,1.703
450,394.5,193.0,267.0,20.20,1.703
450,394.5,192.8,267.0,20.20,1.703
450,394.5,192.5,267.0,20.20,1.703
450,394.5,192.2,267.0,20.20,1.703
450,394.5,191.9,267.0,20.26,1.703
450,394.5,191.7,267.0,20.26,1.615
450,394.5,191.4,267.0,20.26,1.615
450,394.5,191.1,267.0,20.26,1.615
450,394.5,190.8,267.0,20.26,1.615
450,394.5,190.6,267.0,20.26,1.615
450,394.5,193.2,267.0,20.20,1.615
450,394.5,192.9,267.0,20.20,1.703
450,394.5,192.7,267.0,20.20,1.703
450,394.5,192.4,267.0,20.20,1.703
450,394.5,192.1,267.0,20.20,1.703
450,394.5,194.8,267.0,20.20,1.703
450,394.5,194.5,267.0,20.20,1.703
450,394.5,194.2,267.0,20.20,1.703
450,394.5,194.0,267.0,20.20,1.703
450,394.5,193.7,267.0,20.20,1.703
450,394.5,193.4,267.0,20.20,1.703
450,394.5,193.1,267.0,20.20,1.703
450,394.5,192.9,267.0,20.20,1.703
450,394.5,192.6,267.0,20.20,1.703
450,394.5,192.3,267.0,20.20,1.703
450,394.5,192.0,267.0,20.20,1.703
450,394.5,194.7,267.0,20.20,1.703
450,394.5,194.4,267.0,20.20,1.703
450,394.5,194.2,267.0,20.20,1.703
450,394.5,193.9,267.0,20.20,1.703
450,394.5,193.6,267.0,20.20,1.703
450,394.5,193.3,267.0,20.20,1.703
450,394.5,193.1,267.0,20.20,1.703
450,394.5,192.8,267.0,20.20,1.703
450,394.5,192.5,267.0,20.20,1.703
450,394.5,192.2,267.0,20.20,1.703
450,394.5,192.0,267.0,20.26,1.703
450,394.5,191.7,267.0,20.26,1.615
450,394.5,191.4,267.0,20.26,1.615
450,394.5,191.1,267.0,20.26,1.615
450,394.5,190.9,267.0,20.26,1.615
450,394.5,190.6,267.0,20.26,1.615
450,394.5,193.2,267.0,20.20,1.615
450,394.5,193.0,267.0,20.20,1.703
450,394.5,192.7,267.0,20.20,1.703
450,394.5,192.4,267.0,20.20,1.703
450,394.5,192.2,267.0,20.20,1.703
450,394.5,191.9,267.0,20.26,1.703
450,394.5,191.6,267.0,20.26,1.615
450,394.5,191.3,267.0,20.26,1.615
450,394.5,191.1,267.0,20.26,1.615
450,394.5,190.8,267.0,20.26,1.615
450,394.5,190.5,267.0,20.26,1.615
450,394.5,193.2,267.0,20.20,1.615
450,394.5,192.9,267.0,20.20,1.703
450,394.5,192.6,267.0,20.20,1.703
450,394.5,192.3,267.0,20.20,1.703
450,394.5,192.1,267.0,20.20,1.703
456,439.4,171.1,262.3,23.26,0.800
456,435.4,173.1,259.6,23.26,0.663
456,431.3,175.1,256.9,22.13,0.663
456,426.6,179.4,256.8,22.13,0.798
456,420.4,181.1,256.4,20.51,0.798
456,417.7,183.5,265.7,20.26,0.805
456,414.8,186.1,267.0,20.26,1.615
456,411.9,188.8,267.0,20.26,1.615
456,409.0,191.4,267.0,20.26,1.615
456,409.0,191.1,267.0,20.26,1.615
456,409.0,190.8,267.0,20.26,1.615
456,409.0,190.6,267.0,20.26,1.615
456,409.0,193.2,267.0,20.20,1.615
456,409.0,192.9,267.0,20.20,1.703
456,409.0,192.7,267.0,20.20,1.703
456,409.0,192.4,267.0,20.20,1.703
456,409.0,192.1,267.0,20.20,1.703
456,409.0,194.8,267.0,20.20,1.703
456,409.0,194.5,267.0,20.20,1.703
456,409.0,194.2,267.0,20.20,1.703
456,409.0,194.0,267.0,20.20,1.703
456,409.0,193.7,267.0,20.20,1.703
456,409.0,193.4,267.0,20.20,1.703
456,409.0,193.1,267.0,20.20,1.703
456,409.0,192.9,267.0,20.20,1.703
456,409.0,192.6,267.0,20.20,1.703
456,409.0,192.3,267.0,20.20,1.703
456,409.0,192.0,267.0,20.20,1.703
456,409.0,194.7,267.0,20.20,1.703
456,409.0,194.4,267.0,20.20,1.703
456,409.0,194.2,267.0,20.20,1.703
456,409.0,193.9,267.0,20.20,1.703
456,409.0,193.6,267.0,20.20,1.703
456,409.0,193.3,267.0,20.20,1.703
456,409.0,193.1,267.0,20.20,1.703
456,409.0,192.8,267.0,20.20,1.703
456,409.0,192.5,267.0,20.20,1.703
456,409.0,192.2,267.0,20.20,1.703
456,409.0,192.0,267.0,20.26,1.703
456,409.0,191.7,267.0,20.26,1.615
456,409.0,191.4,267.0,20.26,1.615
456,409.0,191.1,267.0,20.26,1.615
456,409.0,190.9,267.0,20.26,1.615
456,409.0,190.6,267.0,20.26,1.615
456,409.0,193.3,267.0,20.20,1.615
456,409.0,193.0,267.0,20.20,1.703
456,409.0,192.7,267.0,20.20,1.703
456,409.0,192.4,267.0,20.20,1.703
456,409.0,192.2,267.0,20.20,1.703
456,409.0,191.9,267.0,20.26,1.703
456,409.0,191.6,267.0,20.26,1.615
456,409.0,191.3,267.0,20.26,1.615
456,409.0,191.1,267.0,20.26,1.615
456,409.0,190.8,267.0,20.26,1.615
456,409.0,190.5,267.0,20.26,1.615
456,409.0,193.2,267.0,20.20,1.615
456,409.0,192.9,267.0,20.20,1.703
456,409.0,192.6,267.0,20.20,1.703
456,409.0,192.3,267.0,20.20,1.703
456,409.0,192.1,267.0,20.20,1.703
456,409.0,194.8,267.0,20.20,1.703
456,409.0,194.5,267.0,20.20,1.703
456,409.0,194.2,267.0,20.20,1.703
456,409.0,193.9,267.0,20.20,1.703
456,409.0,193.7,267.0,20.20,1.703
456,409.0,193.4,267.0,20.20,1.703
456,409.0,193.1,267.0,20.20,1.703
456,409.0,192.8,267.0,20.20,1.703
456,409.0,192.5,267.0,20.20,1.703
456,409.0,192.3,267.0,20.20,1.703
456,409.0,192.0,267.0,20.26,1.703
456,409.0,191.7,267.0,20.26,1.615
456,409.0,191.4,267.0,20.26,1.615
456,409.0,191.2,267.0,20.26,1.615
456,409.0,190.9,267.0,20.26,1.615
456,409.0,190.6,267.0,20.26,1.615
456,409.0,193.3,267.0,20.20,1.615
456,409.0,193.0,267.0,20.20,1.703
456,409.0,192.7,267.0,20.20,1.703
456,409.0,192.5,267.0,20.20,1.703
456,409.0,192.2,267.0,20.20,1.703
456,409.0,191.9,267.0,20.26,1.703
456,409.0,191.6,267.0,20.26,1.615
456,409.0,191.4,267.0,20.26,1.615
456,409.0,191.1,267.0,20.26,1.615
456,409.0,190.8,267.0,20.26,1.615
456,409.0,190.5,267.0,20.26,1.615
456,409.0,193.2,267.0,20.20,1.615
456,409.0,192.9,267.0,20.20,1.703
456,409.0,192.7,267.0,20.20,1.703
456,409.0,192.4,267.0,20.20,1.703
456,409.0,192.1,267.0,20.20,1.703
456,409.0,194.8,267.0,20.20,1.703
456,409.0,194.5,267.0,20.20,1.703
456,409.0,194.2,267.0,20.20,1.703
456,409.0,193.9,267.0,20.20,1.703
456,409.0,193.7,267.0,20.20,1.703
456,409.0,193.4,267.0,20.20,1.703
456,409.0,193.1,267.0,20.20,1.703
456,409.0,192.9,267.0,20.20,1.703
456,409.0,192.6,267.0,20.20,1.703
456,409.0,192.3,267.0,20.20,1.703
456,409.0,192.0,267.0,20.20,1.703
456,409.0,194.7,267.0,20.20,1.703
456,409.0,194.4,267.0,20.20,1.703
456,409.0,194.2,267.0,20.20,1.703
456,409.0,193.9,267.0,20.20,1.703
456,409.0,193.6,267.0,20.20,1.703
456,409.0,193.3,267.0,20.20,1.703
456,409.0,193.1,267.0,20.20,1.703
456,409.0,192.8,267.0,20.20,1.703
456,409.0,192.5,267.0,20.20,1.703
456,409.0,192.2,267.0,20.20,1.703
456,409.0,191.9,267.0,20.26,1.703
456,409.0,191.7,267.0,20.26,1.615
456,409.0,191.4,267.0,20.26,1.615
456,409.0,191.1,267.0,20.26,1.615
456,409.0,190.9,267.0,20.26,1.615
456,409.0,190.6,267.0,20.26,1.615
456,409.0,193.2,267.0,20.20,1.615
456,409.0,193.0,267.0,20.20,1.703
456,409.0,192.7,267.0,20.20,1.703
456,409.0,192.4,267.0,20.20,1.703
456,409.0,192.1,267.0,20.20,1.703
456,409.0,194.8,267.0,20.20,1.703
456,409.0,194.5,267.0,20.20,1.703
456,409.0,194.3,267.0,20.20,1.703
456,409.0,194.0,267.0,20.20,1.703
456,409.0,193.7,267.0,20.20,1.703
456,409.0,193.4,267.0,20.20,1.703
456,409.0,193.2,267.0,20.20,1.703
456,409.0,192.9,267.0,20.20,1.703
456,409.0,192.6,267.0,20.20,1.703
456,409.0,192.3,267.0,20.20,1.703
456,409.0,192.1,267.0,20.20,1.703
456,409.0,194.7,267.0,20.20,1.703
456,409.0,194.5,267.0,20.20,1.703
456,409.0,194.2,267.0,20.20,1.703
456,409.0,193.9,267.0,20.20,1.703
456,409.0,193.6,267.0,20.20,1.703
456,409.0,193.3,267.0,20.20,1.703
456,409.0,193.1,267.0,20.20,1.703
456,409.0,192.8,267.0,20.20,1.703
456,409.0,192.5,267.0,20.20,1.703
456,409.0,192.2,267.0,20.20,1.703
456,409.0,192.0,267.0,20.26,1.703
456,409.0,191.7,267.0,20.26,1.615
456,409.0,191.4,267.0,20.26,1.615
456,409.0,191.2,267.0,20.26,1.615
456,409.0,190.9,267.0,20.26,1.615
456,409.0,190.6,267.0,20.26,1.615
456,409.0,193.3,267.0,20.20,1.615
456,409.0,193.0,267.0,20.20,1.703
456,409.0,192.7,267.0,20.20,1.703
456,409.0,192.5,267.0,20.20,1.703
456,409.0,192.2,267.0,20.20,1.703
456,409.0,191.9,267.0,20.26,1.703
456,409.0,191.6,267.0,20.26,1.615
456,409.0,191.3,267.0,20.26,1.615
456,409.0,191.1,267.0,20.26,1.615
462,353.0,178.5,262.6,24.46,0.520
462,355.9,178.8,260.2,24.46,0.465
462,358.7,179.2,257.9,24.46,0.465
462,363.4,183.5,257.8,19.90,0.465
462,369.6,185.2,257.4,19.90,0.805
462,374.4,187.3,263.5,20.66,0.805
462,379.4,189.9,267.0,20.61,1.010
462,384.4,192.5,267.0,20.20,1.254
462,387.3,192.2,267.0,20.20,1.703
462,390.2,191.9,267.0,20.26,1.703
462,393.2,191.6,267.0,20.26,1.615
462,396.1,191.3,267.0,19.96,1.615
462,396.1,191.0,267.0,19.96,1.720
462,396.1,190.7,267.0,19.96,1.720
462,396.1,190.5,267.0,19.96,1.720
462,396.1,193.1,267.0,20.33,1.720
462,396.1,192.9,267.0,20.33,1.844
462,396.1,192.6,267.0,20.33,1.844
462,396.1,192.3,267.0,20.33,1.844
462,396.1,192.0,267.0,20.33,1.844
462,396.1,194.7,267.0,20.33,1.844
462,396.1,194.4,267.0,20.33,1.844
462,396.1,194.2,267.0,20.33,1.844
462,396.1,193.9,267.0,20.33,1.844
462,396.1,193.6,267.0,20.33,1.844
462,396.1,193.3,267.0,20.33,1.844
462,396.1,193.1,267.0,20.33,1.844
462,396.1,192.8,267.0,20.33,1.844
462,396.1,192.5,267.0,20.33,1.844
462,396.1,192.2,267.0,20.33,1.844
462,396.1,192.0,267.0,19.96,1.844
462,396.1,191.7,267.0,19.96,1.720
462,396.1,191.4,267.0,19.96,1.720
462,396.1,191.1,267.0,19.96,1.720
462,396.1,190.9,267.0,19.96,1.720
462,396.1,190.6,267.0,19.96,1.720
462,396.1,193.2,267.0,20.33,1.720
462,396.1,193.0,267.0,20.33,1.844
462,396.1,192.7,267.0,20.33,1.844
462,396.1,192.4,267.0,20.33,1.844
462,396.1,192.2,267.0,20.33,1.844
462,396.1,191.9,267.0,19.96,1.844
462,396.1,191.6,267.0,19.96,1.720
462,396.1,191.3,267.0,19.96,1.720
462,396.1,191.1,267.0,19.96,1.720
462,396.1,190.8,267.0,19.96,1.720
462,396.1,190.5,267.0,19.96,1.720
462,396.1,193.2,267.0,20.33,1.720
462,396.1,192.9,267.0,20.33,1.844
462,396.1,192.6,267.0,20.33,1.844
462,396.1,192.3,267.0,20.33,1.844
462,396.1,192.1,267.0,20.33,1.844
462,396.1,194.7,267.0,20.33,1.844
462,396.1,194.5,267.0,20.33,1.844
462,396.1,194.2,267.0,20.33,1.844
462,396.1,193.9,267.0,20.33,1.844
462,396.1,193.6,267.0,20.33,1.844
462,396.1,193.4,267.0,20.33,1.844
462,396.1,193.1,267.0,20.33,1.844
462,396.1,192.8,267.0,20.33,1.844
462,396.1,192.5,267.0,20.33,1.844
462,396.1,192.3,267.0,20.33,1.844
462,396.1,192.0,267.0,19.96,1.844
462,396.1,191.7,267.0,19.96,1.720
462,396.1,191.4,267.0,19.96,1.720
462,396.1,191.2,267.0,19.96,1.720
462,396.1,190.9,267.0,19.96,1.720
462,396.1,190.6,267.0,19.96,1.720
462,396.1,193.3,267.0,20.33,1.720
462,396.1,193.0,267.0,20.33,1.844
462,396.1,192.7,267.0,20.33,1.844
462,396.1,192.5,267.0,20.33,1.844
462,396.1,192.2,267.0,20.33,1.844
462,396.1,191.9,267.0,19.96,1.844
462,396.1,191.6,267.0,19.96,1.720
462,396.1,191.4,267.0,19.96,1.720
462,396.1,191.1,267.0,19.96,1.720
462,396.1,190.8,267.0,19.96,1.720
462,396.1,190.5,267.0,19.96,1.720
462,396.1,193.2,267.0,20.33,1.720
462,396.1,192.9,267.0,20.33,1.844
462,396.1,192.7,267.0,20.33,1.844
462,396.1,192.4,267.0,20.33,1.844
462,396.1,192.1,267.0,20.33,1.844
462,396.1,194.8,267.0,20.33,1.844
462,396.1,194.5,267.0,20.33,1.844
462,396.1,194.2,267.0,20.33,1.844
462,396.1,193.9,267.0,20.33,1.844
462,396.1,193.7,267.0,20.33,1.844
462,396.1,193.4,267.0,20.33,1.844
462,396.1,193.1,267.0,20.33,1.844
462,396.1,192.9,267.0,20.33,1.844
462,396.1,192.6,267.0,20.33,1.844
462,396.1,192.3,267.0,20.33,1.844
462,396.1,192.0,267.0,20.33,1.844
462,396.1,194.7,267.0,20.33,1.844
462,396.1,194.4,267.0,20.33,1.844
462,396.1,194.1,267.0,20.33,1.844
462,396.1,193.9,267.0,20.33,1.844
462,396.1,193.6,267.0,20.33,1.844
462,396.1,193.3,267.0,20.33,1.844
462,396.1,193.0,267.0,20.33,1.844
462,396.1,192.8,267.0,20.33,1.844
462,396.1,192.5,267.0,20.33,1.844
462,396.1,192.2,267.0,20.33,1.844
462,396.1,191.9,267.0,19.96,1.844
462,396.1,191.7,267.0,19.96,1.720
462,396.1,191.4,267.0,19.96,1.720
462,396.1,191.1,267.0,19.96,1.720
462,396.1,190.8,267.0,19.96,1.720
462,396.1,190.6,267.0,19.96,1.720
462,396.1,193.2,267.0,20.33,1.720
462,396.1,193.0,267.0,20.33,1.844
462,396.1,192.7,267.0,20.33,1.844
462,396.1,192.4,267.0,20.33,1.844
462,396.1,192.1,267.0,20.33,1.844
462,396.1,194.8,267.0,20.33,1.844
462,396.1,194.5,267.0,20.33,1.844
462,396.1,194.3,267.0,20.33,1.844
462,396.1,194.0,267.0,20.33,1.844
462,396.1,193.7,267.0,20.33,1.844
462,396.1,193.4,267.0,20.33,1.844
462,396.1,193.2,267.0,20.33,1.844
462,396.1,192.9,267.0,20.33,1.844
462,396.1,192.6,267.0,20.33,1.844
462,396.1,192.3,267.0,20.33,1.844
462,396.1,192.1,267.0,20.33,1.844
462,396.1,194.7,267.0,20.33,1.844
462,396.1,194.4,267.0,20.33,1.844
462,396.1,194.2,267.0,20.33,1.844
462,396.1,193.9,267.0,20.33,1.844
462,396.1,193.6,267.0,20.33,1.844
462,396.1,193.3,267.0,20.33,1.844
462,396.1,193.1,267.0,20.33,1.844
462,396.1,192.8,267.0,20.33,1.844
462,396.1,192.5,267.0,20.33,1.844
462,396.1,192.2,267.0,20.33,1.844
462,396.1,192.0,267.0,19.96,1.844
462,396.1,191.7,267.0,19.96,1.720
462,396.1,191.4,267.0,19.96,1.720
462,396.1,191.2,267.0,19.96,1.720
462,396.1,190.9,267.0,19.96,1.720
462,396.1,190.6,267.0,19.96,1.720
462,396.1,193.3,267.0,20.33,1.720
462,396.1,193.0,267.0,20.33,1.844
462,396.1,192.7,267.0,20.33,1.844
462,396.1,192.4,267.0,20.33,1.844
462,396.1,192.2,267.0,20.33,1.844
462,396.1,191.9,267.0,19.96,1.844
462,396.1,191.6,267.0,19.96,1.720
462,396.1,191.3,267.0,19.96,1.720
462,396.1,191.1,267.0,19.96,1.720
462,396.1,190.8,267.0,19.96,1.720
462,396.1,190.5,267.0,19.96,1.720
462,396.1,193.2,267.0,20.33,1.720
462,396.1,192.9,267.0,20.33,1.844
462,396.1,192.6,267.0,20.33,1.844
462,396.1,192.4,267.0,20.33,1.844
462,396.1,192.1,267.0,20.33,1.844
462,396.1,194.8,267.0,20.33,1.844
468,374.5,177.0,264.5,21.15,1.001
468,379.5,179.6,267.0,21.15,0.978
468,384.5,182.2,267.0,20.26,0.978
468,387.4,184.8,267.0,20.26,1.615
468,390.3,187.5,267.0,20.26,1.615
468,393.2,190.1,267.0,20.26,1.615
468,396.1,192.7,267.0,20.33,1.615
468,396.1,192.5,267.0,20.33,1.844
468,396.1,192.2,267.0,20.33,1.844
468,396.1,191.9,267.0,19.96,1.844
468,396.1,191.6,267.0,19.96,1.720
468,396.1,191.4,267.0,19.96,1.720
468,396.1,191.1,267.0,19.96,1.720
468,396.1,190.8,267.0,19.96,1.720
468,396.1,190.5,267.0,19.96,1.720
468,396.1,193.2,267.0,20.33,1.720
468,396.1,192.9,267.0,20.33,1.844
468,396.1,192.7,267.0,20.33,1.844
468,396.1,192.4,267.0,20.33,1.844
468,396.1,192.1,267.0,20.33,1.844
468,396.1,194.8,267.0,20.33,1.844
468,396.1,194.5,267.0,20.33,1.844
468,396.1,194.2,267.0,20.33,1.844
468,396.1,194.0,267.0,20.33,1.844
468,396.1,193.7,267.0,20.33,1.844
468,396.1,193.4,267.0,20.33,1.844
468,396.1,193.1,267.0,20.33,1.844
468,396.1,192.9,267.0,20.33,1.844
468,396.1,192.6,267.0,20.33,1.844
468,396.1,192.3,267.0,20.33,1.844
468,396.1,192.0,267.0,20.33,1.844
468,396.1,194.7,267.0,20.33,1.844
468,396.1,194.4,267.0,20.33,1.844
468,396.1,194.2,267.0,20.33,1.844
468,396.1,193.9,267.0,20.33,1.844
468,396.1,193.6,267.0,20.33,1.844
468,396.1,193.3,267.0,20.33,1.844
468,396.1,193.1,267.0,20.33,1.844
468,396.1,192.8,267.0,20.33,1.844
468,396.1,192.5,267.0,20.33,1.844
468,396.1,192.2,267.0,20.33,1.844
468,396.1,191.9,267.0,19.96,1.844
468,396.1,191.7,267.0,19.96,1.720
468,396.1,191.4,267.0,19.96,1.720
468,396.1,191.1,267.0,19.96,1.720
468,396.1,190.9,267.0,19.96,1.720
468,396.1,190.6,267.0,19.96,1.720
468,396.1,193.2,267.0,20.33,1.720
468,396.1,193.0,267.0,20.33,1.844
468,396.1,192.7,267.0,20.33,1.844
468,396.1,192.4,267.0,20.33,1.844
468,396.1,192.1,267.0,20.33,1.844
468,396.1,191.9,267.0,19.96,1.844
468,396.1,191.6,267.0,19.96,1.720
468,396.1,191.3,267.0,19.96,1.720
468,396.1,191.0,267.0,19.96,1.720
468,396.1,190.8,267.0,19.96,1.720
468,396.1,190.5,267.0,19.96,1.720
468,396.1,193.2,267.0,20.33,1.720
468,396.1,192.9,267.0,20.33,1.844
468,396.1,192.6,267.0,20.33,1.844
468,396.1,192.3,267.0,20.33,1.844
468,396.1,192.1,267.0,20.33,1.844
468,396.1,194.7,267.0,20.33,1.844
468,396.1,194.5,267.0,20.33,1.844
468,396.1,194.2,267.0,20.33,1.844
468,396.1,193.9,267.0,20.33,1.844
468,396.1,193.6,267.0,20.33,1.844
468,396.1,193.4,267.0,20.33,1.844
468,396.1,193.1,267.0,20.33,1.844
468,396.1,192.8,267.0,20.33,1.844
468,396.1,192.5,267.0,20.33,1.844
468,396.1,192.3,267.0,20.33,1.844
468,396.1,192.0,267.0,19.96,1.844
468,396.1,191.7,267.0,19.96,1.720
468,396.1,191.4,267.0,19.96,1.720
468,396.1,191.2,267.0,19.96,1.720
468,396.1,190.9,267.0,19.96,1.720
468,396.1,190.6,267.0,19.96,1.720
468,396.1,193.3,267.0,20.33,1.720
468,396.1,193.0,267.0,20.33,1.844
468,396.1,192.7,267.0,20.33,1.844
468,396.1,192.5,267.0,20.33,1.844
468,396.1,192.2,267.0,20.33,1.844
468,396.1,191.9,267.0,19.96,1.844
468,396.1,191.6,267.0,19.96,1.720
468,396.1,191.3,267.0,19.96,1.720
468,396.1,191.1,267.0,19.96,1.720
468,396.1,190.8,267.0,19.96,1.720
468,396.1,190.5,267.0,19.96,1.720
468,396.1,193.2,267.0,20.33,1.720
468,396.1,192.9,267.0,20.33,1.844
468,396.1,192.7,267.0,20.33,1.844
468,396.1,192.4,267.0,20.33,1.844
468,396.1,192.1,267.0,20.33,1.844
468,396.1,194.8,267.0,20.33,1.844
468,396.1,194.5,267.0,20.33,1.844
468,396.1,194.2,267.0,20.33,1.844
468,396.1,193.9,267.0,20.33,1.844
468,396.1,193.7,267.0,20.33,1.844
468,396.1,193.4,267.0,20.33,1.844
468,396.1,193.1,267.0,20.33,1.844
468,396.1,192.8,267.0,20.33,1.844
468,396.1,192.6,267.0,20.33,1.844
468,396.1,192.3,267.0,20.33,1.844
468,396.1,192.0,267.0,20.33,1.844
468,396.1,194.7,267.0,20.33,1.844
468,396.1,194.4,267.0,20.33,1.844
468,396.1,194.1,267.0,20.33,1.844
468,396.1,193.9,267.0,20.33,1.844
468,396.1,193.6,267.0,20.33,1.844
468,396.1,193.3,267.0,20.33,1.844
468,396.1,193.0,267.0,20.33,1.844
468,396.1,192.8,267.0,20.33,1.844
468,396.1,192.5,267.0,20.33,1.844
468,396.1,192.2,267.0,20.33,1.844
468,396.1,191.9,267.0,19.96,1.844
468,396.1,191.7,267.0,19.96,1.720
468,396.1,191.4,267.0,19.96,1.720
468,396.1,191.1,267.0,19.96,1.720
468,396.1,190.8,267.0,19.96,1.720
468,396.1,190.6,267.0,19.96,1.720
468,396.1,193.2,267.0,20.33,1.720
468,396.1,192.9,267.0,20.33,1.844
468,396.1,192.7,267.0,20.33,1.844
468,396.1,192.4,267.0,20.33,1.844
468,396.1,192.1,267.0,20.33,1.844
468,396.1,194.8,267.0,20.33,1.844
468,396.1,194.5,267.0,20.33,1.844
468,396.1,194.2,267.0,20.33,1.844
468,396.1,194.0,267.0,20.33,1.844
468,396.1,193.7,267.0,20.33,1.844
468,396.1,193.4,267.0,20.33,1.844
468,396.1,193.2,267.0,20.33,1.844
468,396.1,192.9,267.0,20.33,1.844
468,396.1,192.6,267.0,20.33,1.844
468,396.1,192.3,267.0,20.33,1.844
468,396.1,192.1,267.0,20.33,1.844
468,396.1,194.7,267.0,20.33,1.844
468,396.1,194.4,267.0,20.33,1.844
468,396.1,194.2,267.0,20.33,1.844
468,396.1,193.9,267.0,20.33,1.844
468,396.1,193.6,267.0,20.33,1.844
468,396.1,193.3,267.0,20.33,1.844
468,396.1,193.1,267.0,20.33,1.844
468,396.1,192.8,267.0,20.33,1.844
468,396.1,192.5,267.0,20.33,1.844
468,396.1,192.2,267.0,20.33,1.844
468,396.1,192.0,267.0,19.96,1.844
468,396.1,191.7,267.0,19.96,1.720
468,396.1,191.4,267.0,19.96,1.720
468,396.1,191.1,267.0,19.96,1.720
468,396.1,190.9,267.0,19.96,1.720
468,396.1,190.6,267.0,19.96,1.720
468,396.1,193.3,267.0,20.33,1.720
468,396.1,193.0,267.0,20.33,1.844
468,396.1,192.7,267.0,20.33,1.844
468,396.1,192.4,267.0,20.33,1.844
468,396.1,192.2,267.0,20.33,1.844
468,396.1,191.9,267.0,19.96,1.844
474,359.2,174.4,262.6,24.46,0.520
474,363.9,178.7,262.6,23.16,0.465
474,370.1,180.4,262.1,19.90,0.798
474,374.9,182.5,267.0,20.61,0.805
474,379.9,185.1,267.0,20.61,1.254
474,384.9,187.7,267.0,20.26,1.254
474,387.8,190.4,267.0,20.26,1.615
474,390.7,193.0,267.0,20.20,1.615
474,393.6,192.7,267.0,20.20,1.703
474,396.5,192.4,267.0,20.33,1.703
474,396.5,192.1,267.0,20.33,1.844
474,396.5,194.8,267.0,20.33,1.844
474,396.5,194.5,267.0,20.33,1.844
474,396.5,194.2,267.0,20.33,1.844
474,396.5,194.0,267.0,20.33,1.844
474,396.5,193.7,267.0,20.33,1.844
474,396.5,193.4,267.0,20.33,1.844
474,396.5,193.1,267.0,20.33,1.844
474,396.5,192.9,267.0,20.33,1.844
474,396.5,192.6,267.0,20.33,1.844
474,396.5,192.3,267.0,20.33,1.844
474,396.5,192.0,267.0,20.33,1.844
474,396.5,194.7,267.0,20.33,1.844
474,396.5,194.4,267.0,20.33,1.844
474,396.5,194.2,267.0,20.33,1.844
474,396.5,193.9,267.0,20.33,1.844
474,396.5,193.6,267.0,20.33,1.844
474,396.5,193.3,267.0,20.33,1.844
474,396.5,193.1,267.0,20.33,1.844
474,396.5,192.8,267.0,20.33,1.844
474,396.5,192.5,267.0,20.33,1.844
474,396.5,192.2,267.0,20.33,1.844
474,396.5,191.9,267.0,19.96,1.844
474,396.5,191.7,267.0,19.96,1.720
474,396.5,191.4,267.0,19.96,1.720
474,396.5,191.1,267.0,19.96,1.720
474,396.5,190.9,267.0,19.96,1.720
474,396.5,190.6,267.0,19.96,1.720
474,396.5,193.2,267.0,20.33,1.720
474,396.5,193.0,267.0,20.33,1.844
474,396.5,192.7,267.0,20.33,1.844
474,396.5,192.4,267.0,20.33,1.844
474,396.5,192.1,267.0,20.33,1.844
474,396.5,191.9,267.0,19.96,1.844
474,396.5,191.6,267.0,19.96,1.720
474,396.5,191.3,267.0,19.96,1.720
474,396.5,191.0,267.0,19.96,1.720
474,396.5,190.8,267.0,19.96,1.720
474,396.5,190.5,267.0,19.96,1.720
474,396.5,193.2,267.0,20.33,1.720
474,396.5,192.9,267.0,20.33,1.844
474,396.5,192.6,267.0,20.33,1.844
474,396.5,192.3,267.0,20.33,1.844
474,396.5,192.1,267.0,20.33,1.844
474,396.5,194.7,267.0,20.33,1.844
474,396.5,194.5,267.0,20.33,1.844
474,396.5,194.2,267.0,20.33,1.844
474,396.5,193.9,267.0,20.33,1.844
474,396.5,193.6,267.0,20.33,1.844
474,396.5,193.4,267.0,20.33,1.844
474,396.5,193.1,267.0,20.33,1.844
474,396.5,192.8,267.0,20.33,1.844
474,396.5,192.5,267.0,20.33,1.844
474,396.5,192.3,267.0,20.33,1.844
474,396.5,192.0,267.0,19.96,1.844
474,396.5,191.7,267.0,19.96,1.720
474,396.5,191.4,267.0,19.96,1.720
474,396.5,191.2,267.0,19.96,1.720
474,396.5,190.9,267.0,19.96,1.720
474,396.5,190.6,267.0,19.96,1.720
474,396.5,193.3,267.0,20.33,1.720
474,396.5,193.0,267.0,20.33,1.844
474,396.5,192.7,267.0,20.33,1.844
474,396.5,192.5,267.0,20.33,1.844
474,396.5,192.2,267.0,20.33,1.844
474,396.5,191.9,267.0,19.96,1.844
474,396.5,191.6,267.0,19.96,1.720
474,396.5,191.3,267.0,19.96,1.720
474,396.5,191.1,267.0,19.96,1.720
474,396.5,190.8,267.0,19.96,1.720
474,396.5,190.5,267.0,19.96,1.720
474,396.5,193.2,267.0,20.33,1.720
474,396.5,192.9,267.0,20.33,1.844
474,396.5,192.7,267.0,20.33,1.844
474,396.5,192.4,267.0,20.33,1.844
474,396.5,192.1,267.0,20.33,1.844
474,396.5,194.8,267.0,20.33,1.844
474,396.5,194.5,267.0,20.33,1.844
474,396.5,194.2,267.0,20.33,1.844
474,396.5,193.9,267.0,20.33,1.844
474,396.5,193.7,267.0,20.33,1.844
474,396.5,193.4,267.0,20.33,1.844
474,396.5,193.1,267.0,20.33,1.844
474,396.5,192.8,267.0,20.33,1.844
474,396.5,192.6,267.0,20.33,1.844
474,396.5,192.3,267.0,20.33,1.844
474,396.5,192.0,267.0,20.33,1.844
474,396.5,194.7,267.0,20.33,1.844
474,396.5,194.4,267.0,20.33,1.844
474,396.5,194.1,267.0,20.33,1.844
474,396.5,193.9,267.0,20.33,1.844
474,396.5,193.6,267.0,20.33,1.844
474,396.5,193.3,267.0,20.33,1.844
474,396.5,193.0,267.0,20.33,1.844
474,396.5,192.8,267.0,20.33,1.844
474,396.5,192.5,267.0,20.33,1.844
474,396.5,192.2,267.0,20.33,1.844
474,396.5,191.9,267.0,19.96,1.844
474,396.5,191.7,267.0,19.96,1.720
474,396.5,191.4,267.0,19.96,1.720
474,396.5,191.1,267.0,19.96,1.720
474,396.5,190.8,267.0,19.96,1.720
474,396.5,190.6,267.0,19.96,1.720
474,396.5,193.2,267.0,20.33,1.720
474,396.5,192.9,267.0,20.33,1.844
474,396.5,192.7,267.0,20.33,1.844
474,396.5,192.4,267.0,20.33,1.844
474,396.5,192.1,267.0,20.33,1.844
474,396.5,194.8,267.0,20.33,1.844
474,396.5,194.5,267.0,20.33,1.844
474,396.5,194.2,267.0,20.33,1.844
474,396.5,194.0,267.0,20.33,1.844
474,396.5,193.7,267.0,20.33,1.844
474,396.5,193.4,267.0,20.33,1.844
474,396.5,193.2,267.0,20.33,1.844
474,396.5,192.9,267.0,20.33,1.844
474,396.5,192.6,267.0,20.33,1.844
474,396.5,192.3,267.0,20.33,1.844
474,396.5,192.1,267.0,20.33,1.844
474,396.5,194.7,267.0,20.33,1.844
474,396.5,194.4,267.0,20.33,1.844
474,396.5,194.2,267.0,20.33,1.844
474,396.5,193.9,267.0,20.33,1.844
474,396.5,193.6,267.0,20.33,1.844
474,396.5,193.3,267.0,20.33,1.844
474,396.5,193.1,267.0,20.33,1.844
474,396.5,192.8,267.0,20.33,1.844
474,396.5,192.5,267.0,20.33,1.844
474,396.5,192.2,267.0,20.33,1.844
474,396.5,192.0,267.0,19.96,1.844
474,396.5,191.7,267.0,19.96,1.720
474,396.5,191.4,267.0,19.96,1.720
474,396.5,191.1,267.0,19.96,1.720
474,396.5,190.9,267.0,19.96,1.720
474,396.5,190.6,267.0,19.96,1.720
474,396.5,193.3,267.0,20.33,1.720
474,396.5,193.0,267.0,20.33,1.844
474,396.5,192.7,267.0,20.33,1.844
474,396.5,192.4,267.0,20.33,1.844
474,396.5,192.2,267.0,20.33,1.844
474,396.5,191.9,267.0,19.96,1.844
474,396.5,191.6,267.0,19.96,1.720
474,396.5,191.3,267.0,19.96,1.720
474,396.5,191.1,267.0,19.96,1.720
474,396.5,190.8,267.0,19.96,1.720
474,396.5,190.5,267.0,19.96,1.720
474,396.5,193.2,267.0,20.33,1.720
474,396.5,192.9,267.0,20.33,1.844
474,396.5,192.6,267.0,20.33,1.844
474,396.5,192.4,267.0,20.33,1.844
480,403.0,153.1,260.0,22.43,0.833
480,403.0,156.1,254.9,18.81,0.739
480,403.0,160.3,249.2,20.37,1.126
480,403.0,164.5,243.5,20.37,0.886
480,403.0,168.7,237.8,20.85,0.886
480,403.0,171.3,234.2,20.85,0.552
480,403.0,173.8,230.6,20.85,0.552
480,403.0,176.3,226.9,21.15,0.552
480,403.0,178.0,222.7,21.15,0.574
480,403.0,179.7,218.4,21.15,0.574
480,403.0,180.3,215.7,21.09,0.574
480,403.0,180.6,212.0,21.09,0.472
480,403.0,181.0,208.2,21.09,0.472
480,403.0,181.3,204.4,21.09,0.472
480,403.0,181.5,199.9,21.14,0.472
480,403.0,181.7,195.4,21.14,0.564
480,403.0,181.9,190.9,21.20,0.564
480,403.0,182.1,185.9,21.20,0.626
480,403.0,182.2,180.9,21.20,0.626
480,403.0,182.2,175.3,21.25,0.626
480,403.0,182.3,169.6,21.25,0.704
480,403.0,182.3,163.8,21.27,0.704
480,403.0,182.3,158.0,21.27,0.730
480,403.0,182.2,152.0,21.29,0.730
480,403.0,182.2,145.9,21.29,0.752
480,403.0,182.2,139.8,21.31,0.752
480,403.0,182.1,133.6,21.31,0.771
480,403.0,182.0,127.3,21.33,0.771
480,403.0,181.9,121.0,21.33,0.788
480,403.0,181.8,114.5,21.35,0.788
480,403.0,181.7,108.0,21.37,0.815
480,403.0,181.6,101.4,21.37,0.826
480,403.0,181.4,94.8,21.38,0.826
480,403.0,181.3,88.1,21.38,0.833
480,403.0,181.1,81.4,21.39,0.833
480,403.0,181.0,74.7,21.39,0.836
480,403.0,180.8,68.1,21.41,0.836
480,403.0,180.7,61.4,21.41,0.832
480,403.0,180.6,55.1,21.42,0.832
480,403.0,180.5,48.9,21.42,0.785
480,403.0,180.5,43.0,21.43,0.785
480,403.0,180.4,37.2,21.43,0.730
480,403.0,180.5,32.1,21.44,0.730
480,403.0,180.6,26.9,21.44,0.641
480,403.0,180.7,21.8,21.45,0.641
480,403.0,181.0,17.8,21.45,0.502
480,403.0,181.2,13.8,21.45,0.502
480,403.0,181.7,11.1,21.51,0.502
480,403.0,182.1,8.4,21.51,0.342
480,403.0,182.6,5.7,21.51,0.342
480,403.0,183.0,3.0,21.51,0.342
480,403.0,183.5,3.0,21.51,0.342
480,403.0,183.9,3.0,21.51,0.342
480,403.0,184.4,3.0,21.51,0.342
480,403.0,184.8,3.0,21.51,0.342
480,403.0,185.3,3.0,21.51,0.342
480,403.0,185.7,3.0,21.51,0.342
480,403.0,186.2,3.0,21.51,0.342
480,403.0,186.6,3.0,21.51,0.342
480,403.0,187.1,3.0,21.51,0.342
480,403.0,187.5,3.0,21.51,0.342
480,403.0,188.0,3.0,21.51,0.342
480,403.0,188.4,3.0,21.51,0.342
480,403.0,188.9,3.0,21.51,0.342
480,403.0,189.3,3.0,21.51,0.342
480,403.0,189.8,3.0,21.51,0.342
480,403.0,190.2,3.0,21.51,0.342
480,403.0,190.7,3.0,21.51,0.342
480,403.0,191.1,3.0,21.51,0.342
480,403.0,191.6,3.0,21.51,0.342
480,403.0,192.0,3.0,21.61,0.342
480,403.0,193.4,3.0,21.61,0.361
480,403.0,194.7,3.0,21.61,0.361
480,403.0,196.0,3.0,21.61,0.361
480,403.0,197.4,3.0,21.61,0.361
480,403.0,198.7,3.0,21.61,0.361
480,403.0,200.1,3.0,21.61,0.361
480,403.0,201.4,3.0,21.61,0.361
480,403.0,202.8,3.0,21.61,0.361
480,403.0,204.1,3.0,21.84,0.361
480,403.0,206.3,3.0,21.84,0.395
480,403.0,208.4,3.0,21.84,0.395
480,403.0,210.6,3.0,21.84,0.395
480,403.0,212.7,3.0,21.84,0.395
480,403.0,214.9,3.0,21.84,0.395
480,403.0,217.0,3.0,22.13,0.395
480,403.0,219.9,3.0,22.13,0.433
480,403.0,222.7,3.0,22.13,0.433
480,403.0,225.6,3.0,22.13,0.433
480,403.0,228.4,3.0,22.42,0.433
480,403.0,231.7,3.0,22.42,0.461
480,403.0,235.0,3.0,22.42,0.461
480,403.0,238.4,3.0,22.42,0.461
480,403.0,242.0,3.0,22.79,0.461
480,403.0,245.6,3.0,22.79,0.468
480,403.0,249.2,3.0,22.79,0.468
480,403.0,252.8,3.0,23.09,0.468
480,403.0,256.3,3.0,23.09,0.452
480,403.0,259.9,3.0,23.09,0.452
480,403.0,263.4,3.0,23.09,0.452
480,403.0,266.8,3.0,23.25,0.452
480,403.0,270.2,3.0,23.25,0.431
480,403.0,273.6,3.0,23.25,0.431
480,403.0,277.0,3.0,23.40,0.431
480,403.0,280.3,3.0,23.40,0.409
480,403.0,283.5,3.0,23.40,0.409
480,403.0,286.7,3.0,23.40,0.409
480,403.0,289.8,3.0,23.54,0.409
480,403.0,292.9,3.0,23.54,0.385
480,403.0,295.9,3.0,23.54,0.385
480,403.0,299.0,3.0,23.54,0.385
480,403.0,301.8,3.0,23.68,0.385
480,403.0,304.7,3.0,23.68,0.361
480,403.0,307.6,3.0,23.68,0.361
480,403.0,310.4,3.0,23.68,0.361
480,403.0,313.3,3.0,23.80,0.361
480,403.0,316.0,3.0,23.80,0.339
480,403.0,318.7,3.0,23.80,0.339
480,403.0,321.4,3.0,23.80,0.339
480,403.0,324.1,3.0,23.91,0.339
480,403.0,326.7,3.0,23.91,0.319
480,403.0,329.2,3.0,23.91,0.319
480,403.0,331.8,3.0,23.91,0.319
480,403.0,334.3,3.0,23.91,0.319
480,403.0,336.8,3.0,24.01,0.319
480,403.0,339.2,3.0,24.01,0.302
480,403.0,341.7,3.0,24.01,0.302
480,403.0,344.1,3.0,24.01,0.302
480,403.0,346.5,3.0,24.01,0.302
480,403.0,348.9,3.0,24.10,0.302
480,403.0,351.2,3.0,24.10,0.287
480,403.0,353.5,3.0,24.10,0.287
480,403.0,355.8,3.0,24.10,0.287
480,403.0,358.1,3.0,24.10,0.287
480,403.0,360.4,3.0,24.19,0.287
480,403.0,362.6,3.0,24.19,0.274
480,403.0,364.8,3.0,24.19,0.274
480,403.0,367.0,3.0,24.19,0.274
480,403.0,369.2,3.0,24.19,0.274
480,403.0,371.3,3.0,24.19,0.274
480,403.0,373.4,3.0,24.26,0.274
480,403.0,375.5,3.0,24.26,0.262
480,403.0,377.6,3.0,24.26,0.262
480,403.0,379.7,3.0,24.26,0.262
480,403.0,381.8,3.0,24.26,0.262
480,403.0,383.9,3.0,24.26,0.262
480,403.0,385.9,3.0,24.33,0.262
480,403.0,388.0,3.0,24.33,0.252
480,403.0,390.0,3.0,24.33,0.252
480,403.0,392.0,3.0,24.33,0.252
480,403.0,394.0,3.0,24.33,0.252
480,403.0,396.0,3.0,24.40,0.252
480,403.0,397.9,3.0,24.40,0.252
480,403.0,399.9,3.0,24.40,0.242
480,403.0,401.8,3.0,24.40,0.242
480,403.0,403.7,3.0,24.40,0.242
480,403.0,405.7,3.0,24.40,0.242
480,403.0,407.6,3.0,24.40,0.242
480,403.0,409.4,3.0,24.46,0.242
480,403.0,411.3,3.0,24.46,0.233
486,367.3,219.3,264.9,20.23,0.997
486,373.8,214.7,264.8,20.27,0.997
486,378.8,211.6,267.0,20.27,1.259
486,383.8,208.5,267.0,20.27,1.259
486,386.8,205.4,267.0,20.33,1.259
486,389.7,205.1,267.0,20.33,1.595
486,392.6,204.8,267.0,20.33,1.595
486,395.5,204.5,267.0,20.33,1.595
486,395.5,204.2,267.0,20.33,1.595
486,395.5,203.9,267.0,20.20,1.595
486,395.5,203.7,267.0,20.20,1.703
486,395.5,203.4,267.0,20.20,1.703
486,395.5,203.1,267.0,20.20,1.703
486,395.5,202.8,267.0,20.20,1.703
486,395.5,202.6,267.0,20.20,1.703
486,395.5,202.3,267.0,20.20,1.703
486,395.5,202.0,267.0,20.20,1.703
486,395.5,201.7,267.0,20.20,1.703
486,395.5,201.5,267.0,20.20,1.703
486,395.5,201.2,267.0,20.20,1.703
486,395.5,200.9,267.0,20.20,1.703
486,395.5,200.6,267.0,20.20,1.703
486,395.5,200.4,267.0,20.20,1.703
486,395.5,200.1,267.0,20.20,1.703
486,395.5,199.8,267.0,20.20,1.703
486,395.5,199.5,267.0,20.20,1.703
486,395.5,199.3,267.0,20.20,1.703
486,395.5,199.0,267.0,20.20,1.703
486,395.5,198.7,267.0,20.20,1.703
486,395.5,198.4,267.0,20.20,1.703
486,395.5,198.2,267.0,20.20,1.703
486,395.5,197.9,267.0,20.20,1.703
486,395.5,197.6,267.0,20.20,1.703
486,395.5,197.3,267.0,20.20,1.703
486,395.5,197.1,267.0,20.20,1.703
486,395.5,196.8,267.0,20.20,1.703
486,395.5,196.5,267.0,20.20,1.703
486,395.5,196.2,267.0,20.20,1.703
486,395.5,196.0,267.0,20.20,1.703
486,395.5,195.7,267.0,20.20,1.703
486,395.5,195.4,267.0,20.20,1.703
486,395.5,195.1,267.0,20.20,1.703
486,395.5,194.9,267.0,20.20,1.703
486,395.5,194.6,267.0,20.20,1.703
486,395.5,194.3,267.0,20.20,1.703
486,395.5,194.0,267.0,20.20,1.703
486,395.5,193.8,267.0,20.20,1.703
486,395.5,193.5,267.0,20.20,1.703
486,395.5,193.2,267.0,20.20,1.703
486,395.5,192.9,267.0,20.20,1.703
486,395.5,192.7,267.0,20.20,1.703
486,395.5,192.4,267.0,20.20,1.703
486,395.5,192.1,267.0,20.20,1.703
486,395.5,194.8,267.0,20.20,1.703
486,395.5,194.5,267.0,20.20,1.703
486,395.5,194.2,267.0,20.20,1.703
486,395.5,193.9,267.0,20.20,1.703
486,395.5,193.7,267.0,20.20,1.703
486,395.5,193.4,267.0,20.20,1.703
486,395.5,193.1,267.0,20.20,1.703
486,395.5,192.9,267.0,20.20,1.703
486,395.5,192.6,267.0,20.20,1.703
486,395.5,192.3,267.0,20.20,1.703
486,395.5,192.0,267.0,20.20,1.703
486,395.5,194.7,267.0,20.20,1.703
486,395.5,194.4,267.0,20.20,1.703
486,395.5,194.1,267.0,20.20,1.703
486,395.5,193.9,267.0,20.20,1.703
486,395.5,193.6,267.0,20.20,1.703
486,395.5,193.3,267.0,20.20,1.703
486,395.5,193.0,267.0,20.20,1.703
486,395.5,192.8,267.0,20.20,1.703
486,395.5,192.5,267.0,20.20,1.703
486,395.5,192.2,267.0,20.20,1.703
486,395.5,191.9,267.0,20.26,1.703
486,395.5,191.7,267.0,20.26,1.615
486,395.5,191.4,267.0,20.26,1.615
486,395.5,191.1,267.0,20.26,1.615
486,395.5,190.8,267.0,20.26,1.615
486,395.5,190.6,267.0,20.26,1.615
486,395.5,193.2,267.0,20.20,1.615
486,395.5,193.0,267.0,20.20,1.703
486,395.5,192.7,267.0,20.20,1.703
486,395.5,192.4,267.0,20.20,1.703
486,395.5,192.1,267.0,20.20,1.703
486,395.5,194.8,267.0,20.20,1.703
486,395.5,194.5,267.0,20.20,1.703
486,395.5,194.3,267.0,20.20,1.703
486,395.5,194.0,267.0,20.20,1.703
486,395.5,193.7,267.0,20.20,1.703
486,395.5,193.4,267.0,20.20,1.703
486,395.5,193.2,267.0,20.20,1.703
486,395.5,192.9,267.0,20.20,1.703
486,395.5,192.6,267.0,20.20,1.703
486,395.5,192.3,267.0,20.20,1.703
486,395.5,192.1,267.0,20.20,1.703
486,395.5,194.7,267.0,20.20,1.703
486,395.5,194.4,267.0,20.20,1.703
486,395.5,194.2,267.0,20.20,1.703
486,395.5,193.9,267.0,20.20,1.703
486,395.5,193.6,267.0,20.20,1.703
486,395.5,193.3,267.0,20.20,1.703
486,395.5,193.1,267.0,20.20,1.703
486,395.5,192.8,267.0,20.20,1.703
486,395.5,192.5,267.0,20.20,1.703
486,395.5,192.2,267.0,20.20,1.703
486,395.5,192.0,267.0,20.26,1.703
486,395.5,191.7,267.0,20.26,1.615
486,395.5,191.4,267.0,20.26,1.615
486,395.5,191.2,267.0,20.26,1.615
486,395.5,190.9,267.0,20.26,1.615
486,395.5,190.6,267.0,20.26,1.615
486,395.5,193.3,267.0,20.20,1.615
486,395.5,193.0,267.0,20.20,1.703
486,395.5,192.7,267.0,20.20,1.703
486,395.5,192.4,267.0,20.20,1.703
486,395.5,192.2,267.0,20.20,1.703
486,395.5,191.9,267.0,20.26,1.703
486,395.5,191.6,267.0,20.26,1.615
486,395.5,191.3,267.0,20.26,1.615
486,395.5,191.1,267.0,20.26,1.615
486,395.5,190.8,267.0,20.26,1.615
486,395.5,190.5,267.0,20.26,1.615
486,395.5,193.2,267.0,20.20,1.615
486,395.5,192.9,267.0,20.20,1.703
486,395.5,192.6,267.0,20.20,1.703
486,395.5,192.4,267.0,20.20,1.703
486,395.5,192.1,267.0,20.20,1.703
486,395.5,194.8,267.0,20.20,1.703
486,395.5,194.5,267.0,20.20,1.703
486,395.5,194.2,267.0,20.20,1.703
486,395.5,193.9,267.0,20.20,1.703
486,395.5,193.7,267.0,20.20,1.703
486,395.5,193.4,267.0,20.20,1.703
486,395.5,193.1,267.0,20.20,1.703
486,395.5,192.8,267.0,20.20,1.703
486,395.5,192.6,267.0,20.20,1.703
486,395.5,192.3,267.0,20.20,1.703
486,395.5,192.0,267.0,20.20,1.703
486,395.5,194.7,267.0,20.20,1.703
486,395.5,194.4,267.0,20.20,1.703
486,395.5,194.1,267.0,20.20,1.703
486,395.5,193.8,267.0,20.20,1.703
486,395.5,193.6,267.0,20.20,1.703
486,395.5,193.3,267.0,20.20,1.703
486,395.5,193.0,267.0,20.20,1.703
486,395.5,192.8,267.0,20.20,1.703
486,395.5,192.5,267.0,20.20,1.703
486,395.5,192.2,267.0,20.20,1.703
486,395.5,191.9,267.0,20.26,1.703
486,395.5,191.7,267.0,20.26,1.615
486,395.5,191.4,267.0,20.26,1.615
486,395.5,191.1,267.0,20.26,1.615
486,395.5,190.8,267.0,20.26,1.615
486,395.5,190.6,267.0,20.26,1.615
486,395.5,193.2,267.0,20.20,1.615
486,395.5,192.9,267.0,20.20,1.703
486,395.5,192.7,267.0,20.20,1.703
486,395.5,192.4,267.0,20.20,1.703
486,395.5,192.1,267.0,20.20,1.703
492,353.6,199.8,260.0,22.55,0.841
492,356.9,199.5,255.1,22.55,0.742
492,360.1,199.1,250.1,20.41,0.742
492,365.4,198.8,248.7,20.41,0.691
492,370.8,198.5,247.3,20.41,0.691
492,375.1,198.2,249.7,20.46,0.691
492,379.3,197.9,252.1,19.85,0.615
492,384.3,197.6,258.5,20.29,1.011
492,387.0,197.2,267.0,20.20,1.306
492,390.0,196.9,267.0,20.20,1.703
492,392.9,196.6,267.0,20.20,1.703
492,395.8,196.3,267.0,20.20,1.703
492,395.8,196.1,267.0,20.20,1.703
492,395.8,195.8,267.0,20.20,1.703
492,395.8,195.5,267.0,20.20,1.703
492,395.8,195.2,267.0,20.20,1.703
492,395.8,195.0,267.0,20.20,1.703
492,395.8,194.7,267.0,20.20,1.703
492,395.8,194.4,267.0,20.20,1.703
492,395.8,194.2,267.0,20.20,1.703
492,395.8,193.9,267.0,20.20,1.703
492,395.8,193.6,267.0,20.20,1.703
492,395.8,193.3,267.0,20.20,1.703
492,395.8,193.1,267.0,20.20,1.703
492,395.8,192.8,267.0,20.20,1.703
492,395.8,192.5,267.0,20.20,1.703
492,395.8,192.2,267.0,20.20,1.703
492,395.8,191.9,267.0,20.26,1.703
492,395.8,191.7,267.0,20.26,1.615
492,395.8,191.4,267.0,20.26,1.615
492,395.8,191.1,267.0,20.26,1.615
492,395.8,190.9,267.0,20.26,1.615
492,395.8,190.6,267.0,20.26,1.615
492,395.8,193.2,267.0,20.20,1.615
492,395.8,193.0,267.0,20.20,1.703
492,395.8,192.7,267.0,20.20,1.703
492,395.8,192.4,267.0,20.20,1.703
492,395.8,192.1,267.0,20.20,1.703
492,395.8,194.8,267.0,20.20,1.703
492,395.8,194.5,267.0,20.20,1.703
492,395.8,194.3,267.0,20.20,1.703
492,395.8,194.0,267.0,20.20,1.703
492,395.8,193.7,267.0,20.20,1.703
492,395.8,193.4,267.0,20.20,1.703
492,395.8,193.2,267.0,20.20,1.703
492,395.8,192.9,267.0,20.20,1.703
492,395.8,192.6,267.0,20.20,1.703
492,395.8,192.3,267.0,20.20,1.703
492,395.8,192.1,267.0,20.20,1.703
492,395.8,194.7,267.0,20.20,1.703
492,395.8,194.5,267.0,20.20,1.703
492,395.8,194.2,267.0,20.20,1.703
492,395.8,193.9,267.0,20.20,1.703
492,395.8,193.6,267.0,20.20,1.703
492,395.8,193.4,267.0,20.20,1.703
492,395.8,193.1,267.0,20.20,1.703
492,395.8,192.8,267.0,20.20,1.703
492,395.8,192.5,267.0,20.20,1.703
492,395.8,192.3,267.0,20.20,1.703
492,395.8,192.0,267.0,20.26,1.703
492,395.8,191.7,267.0,20.26,1.615
492,395.8,191.4,267.0,20.26,1.615
492,395.8,191.2,267.0,20.26,1.615
492,395.8,190.9,267.0,20.26,1.615
492,395.8,190.6,267.0,20.26,1.615
492,395.8,193.3,267.0,20.20,1.615
492,395.8,193.0,267.0,20.20,1.703
492,395.8,192.7,267.0,20.20,1.703
492,395.8,192.5,267.0,20.20,1.703
492,395.8,192.2,267.0,20.20,1.703
492,395.8,191.9,267.0,20.26,1.703
492,395.8,191.6,267.0,20.26,1.615
492,395.8,191.3,267.0,20.26,1.615
492,395.8,191.1,267.0,20.26,1.615
492,395.8,190.8,267.0,20.26,1.615
492,395.8,190.5,267.0,20.26,1.615
492,395.8,193.2,267.0,20.20,1.615
492,395.8,192.9,267.0,20.20,1.703
492,395.8,192.7,267.0,20.20,1.703
492,395.8,192.4,267.0,20.20,1.703
492,395.8,192.1,267.0,20.20,1.703
492,395.8,194.8,267.0,20.20,1.703
492,395.8,194.5,267.0,20.20,1.703
492,395.8,194.2,267.0,20.20,1.703
492,395.8,193.9,267.0,20.20,1.703
492,395.8,193.7,267.0,20.20,1.703
492,395.8,193.4,267.0,20.20,1.703
492,395.8,193.1,267.0,20.20,1.703
492,395.8,192.8,267.0,20.20,1.703
492,395.8,192.6,267.0,20.20,1.703
492,395.8,192.3,267.0,20.20,1.703
492,395.8,192.0,267.0,20.20,1.703
492,395.8,194.7,267.0,20.20,1.703
492,395.8,194.4,267.0,20.20,1.703
492,395.8,194.1,267.0,20.20,1.703
492,395.8,193.9,267.0,20.20,1.703
492,395.8,193.6,267.0,20.20,1.703
492,395.8,193.3,267.0,20.20,1.703
492,395.8,193.0,267.0,20.20,1.703
492,395.8,192.8,267.0,20.20,1.703
492,395.8,192.5,267.0,20.20,1.703
492,395.8,192.2,267.0,20.20,1.703
492,395.8,191.9,267.0,20.26,1.703
492,395.8,191.7,267.0,20.26,1.615
492,395.8,191.4,267.0,20.26,1.615
492,395.8,191.1,267.0,20.26,1.615
492,395.8,190.8,267.0,20.26,1.615
492,395.8,190.6,267.0,20.26,1.615
492,395.8,193.2,267.0,20.20,1.615
492,395.8,192.9,267.0,20.20,1.703
492,395.8,192.7,267.0,20.20,1.703
492,395.8,192.4,267.0,20.20,1.703
492,395.8,192.1,267.0,20.20,1.703
492,395.8,194.8,267.0,20.20,1.703
492,395.8,194.5,267.0,20.20,1.703
492,395.8,194.2,267.0,20.20,1.703
492,395.8,194.0,267.0,20.20,1.703
492,395.8,193.7,267.0,20.20,1.703
492,395.8,193.4,267.0,20.20,1.703
492,395.8,193.2,267.0,20.20,1.703
492,395.8,192.9,267.0,20.20,1.703
492,395.8,192.6,267.0,20.20,1.703
492,395.8,192.3,267.0,20.20,1.703
492,395.8,192.1,267.0,20.20,1.703
492,395.8,194.7,267.0,20.20,1.703
492,395.8,194.4,267.0,20.20,1.703
492,395.8,194.2,267.0,20.20,1.703
492,395.8,193.9,267.0,20.20,1.703
492,395.8,193.6,267.0,20.20,1.703
492,395.8,193.3,267.0,20.20,1.703
492,395.8,193.1,267.0,20.20,1.703
492,395.8,192.8,267.0,20.20,1.703
492,395.8,192.5,267.0,20.20,1.703
492,395.8,192.2,267.0,20.20,1.703
492,395.8,192.0,267.0,20.26,1.703
492,395.8,191.7,267.0,20.26,1.615
492,395.8,191.4,267.0,20.26,1.615
492,395.8,191.1,267.0,20.26,1.615
492,395.8,190.9,267.0,20.26,1.615
492,395.8,190.6,267.0,20.26,1.615
492,395.8,193.3,267.0,20.20,1.615
492,395.8,193.0,267.0,20.20,1.703
492,395.8,192.7,267.0,20.20,1.703
492,395.8,192.4,267.0,20.20,1.703
492,395.8,192.2,267.0,20.20,1.703
492,395.8,191.9,267.0,20.26,1.703
492,395.8,191.6,267.0,20.26,1.615
492,395.8,191.3,267.0,20.26,1.615
492,395.8,191.1,267.0,20.26,1.615
492,395.8,190.8,267.0,20.26,1.615
492,395.8,190.5,267.0,20.26,1.615
492,395.8,193.2,267.0,20.20,1.615
492,395.8,192.9,267.0,20.20,1.703
492,395.8,192.6,267.0,20.20,1.703
492,395.8,192.4,267.0,20.20,1.703
492,395.8,192.1,267.0,20.20,1.703
492,395.8,194.8,267.0,20.20,1.703
492,395.8,194.5,267.0,20.20,1.703
492,395.8,194.2,267.0,20.20,1.703
492,395.8,193.9,267.0,20.20,1.703
498,396.8,229.0,264.5,18.87,0.891
498,396.8,223.8,267.0,19.70,0.841
498,396.8,218.7,267.0,19.70,1.250
498,396.8,213.5,267.0,20.21,1.250
498,396.8,210.4,267.0,20.21,1.690
498,396.8,207.2,267.0,20.21,1.690
498,396.8,204.1,267.0,20.21,1.690
498,396.8,203.8,267.0,20.33,1.690
498,396.8,203.5,267.0,20.33,1.844
498,396.8,203.3,267.0,20.33,1.844
498,396.8,203.0,267.0,20.33,1.844
498,396.8,202.7,267.0,20.33,1.844
498,396.8,202.5,267.0,20.33,1.844
498,396.8,202.2,267.0,20.33,1.844
498,396.8,201.9,267.0,20.33,1.844
498,396.8,201.6,267.0,20.33,1.844
498,396.8,201.3,267.0,20.33,1.844
498,396.8,201.1,267.0,20.33,1.844
498,396.8,200.8,267.0,20.33,1.844
498,396.8,200.5,267.0,20.33,1.844
498,396.8,200.2,267.0,20.33,1.844
498,396.8,200.0,267.0,20.33,1.844
498,396.8,199.7,267.0,20.33,1.844
498,396.8,199.4,267.0,20.33,1.844
498,396.8,199.1,267.0,20.33,1.844
498,396.8,198.9,267.0,20.33,1.844
498,396.8,198.6,267.0,20.33,1.844
498,396.8,198.3,267.0,20.33,1.844
498,396.8,198.0,267.0,20.33,1.844
498,396.8,197.8,267.0,20.33,1.844
498,396.8,197.5,267.0,20.33,1.844
498,396.8,197.2,267.0,20.33,1.844
498,396.8,196.9,267.0,20.33,1.844
498,396.8,196.7,267.0,20.33,1.844
498,396.8,196.4,267.0,20.33,1.844
498,396.8,196.1,267.0,20.33,1.844
498,396.8,195.8,267.0,20.33,1.844
498,396.8,195.6,267.0,20.33,1.844
498,396.8,195.3,267.0,20.33,1.844
498,396.8,195.0,267.0,20.33,1.844
498,396.8,194.7,267.0,20.33,1.844
498,396.8,194.5,267.0,20.33,1.844
498,396.8,194.2,267.0,20.33,1.844
498,396.8,193.9,267.0,20.33,1.844
498,396.8,193.6,267.0,20.33,1.844
498,396.8,193.4,267.0,20.33,1.844
498,396.8,193.1,267.0,20.33,1.844
498,396.8,192.8,267.0,20.33,1.844
498,396.8,192.5,267.0,20.33,1.844
498,396.8,192.3,267.0,20.33,1.844
498,396.8,192.0,267.0,19.96,1.844
498,396.8,191.7,267.0,19.96,1.720
498,396.8,191.4,267.0,19.96,1.720
498,396.8,191.2,267.0,19.96,1.720
498,396.8,190.9,267.0,19.96,1.720
498,396.8,190.6,267.0,19.96,1.720
498,396.8,193.3,267.0,20.33,1.720
498,396.8,193.0,267.0,20.33,1.844
498,396.8,192.7,267.0,20.33,1.844
498,396.8,192.5,267.0,20.33,1.844
498,396.8,192.2,267.0,20.33,1.844
498,396.8,191.9,267.0,19.96,1.844
498,396.8,191.6,267.0,19.96,1.720
498,396.8,191.4,267.0,19.96,1.720
498,396.8,191.1,267.0,19.96,1.720
498,396.8,190.8,267.0,19.96,1.720
498,396.8,190.5,267.0,19.96,1.720
498,396.8,193.2,267.0,20.33,1.720
498,396.8,192.9,267.0,20.33,1.844
498,396.8,192.7,267.0,20.33,1.844
498,396.8,192.4,267.0,20.33,1.844
498,396.8,192.1,267.0,20.33,1.844
498,396.8,194.8,267.0,20.33,1.844
498,396.8,194.5,267.0,20.33,1.844
498,396.8,194.2,267.0,20.33,1.844
498,396.8,193.9,267.0,20.33,1.844
498,396.8,193.7,267.0,20.33,1.844
498,396.8,193.4,267.0,20.33,1.844
498,396.8,193.1,267.0,20.33,1.844
498,396.8,192.9,267.0,20.33,1.844
498,396.8,192.6,267.0,20.33,1.844
498,396.8,192.3,267.0,20.33,1.844
498,396.8,192.0,267.0,20.33,1.844
498,396.8,194.7,267.0,20.33,1.844
498,396.8,194.4,267.0,20.33,1.844
498,396.8,194.1,267.0,20.33,1.844
498,396.8,193.9,267.0,20.33,1.844
498,396.8,193.6,267.0,20.33,1.844
498,396.8,193.3,267.0,20.33,1.844
498,396.8,193.0,267.0,20.33,1.844
498,396.8,192.8,267.0,20.33,1.844
498,396.8,192.5,267.0,20.33,1.844
498,396.8,192.2,267.0,20.33,1.844
498,396.8,191.9,267.0,19.96,1.844
498,396.8,191.7,267.0,19.96,1.720
498,396.8,191.4,267.0,19.96,1.720
498,396.8,191.1,267.0,19.96,1.720
498,396.8,190.8,267.0,19.96,1.720
498,396.8,190.6,267.0,19.96,1.720
498,396.8,193.2,267.0,20.33,1.720
498,396.8,193.0,267.0,20.33,1.844
498,396.8,192.7,267.0,20.33,1.844
498,396.8,192.4,267.0,20.33,1.844
498,396.8,192.1,267.0,20.33,1.844
498,396.8,194.8,267.0,20.33,1.844
498,396.8,194.5,267.0,20.33,1.844
498,396.8,194.3,267.0,20.33,1.844
498,396.8,194.0,267.0,20.33,1.844
498,396.8,193.7,267.0,20.33,1.844
498,396.8,193.4,267.0,20.33,1.844
498,396.8,193.2,267.0,20.33,1.844
498,396.8,192.9,267.0,20.33,1.844
498,396.8,192.6,267.0,20.33,1.844
498,396.8,192.3,267.0,20.33,1.844
498,396.8,192.1,267.0,20.33,1.844
498,396.8,194.7,267.0,20.33,1.844
498,396.8,194.4,267.0,20.33,1.844
498,396.8,194.2,267.0,20.33,1.844
498,396.8,193.9,267.0,20.33,1.844
498,396.8,193.6,267.0,20.33,1.844
498,396.8,193.3,267.0,20.33,1.844
498,396.8,193.1,267.0,20.33,1.844
498,396.8,192.8,267.0,20.33,1.844
498,396.8,192.5,267.0,20.33,1.844
498,396.8,192.2,267.0,20.33,1.844
498,396.8,192.0,267.0,19.96,1.844
498,396.8,191.7,267.0,19.96,1.720
498,396.8,191.4,267.0,19.96,1.720
498,396.8,191.2,267.0,19.96,1.720
498,396.8,190.9,267.0,19.96,1.720
498,396.8,190.6,267.0,19.96,1.720
498,396.8,193.3,267.0,20.33,1.720
498,396.8,193.0,267.0,20.33,1.844
498,396.8,192.7,267.0,20.33,1.844
498,396.8,192.4,267.0,20.33,1.844
498,396.8,192.2,267.0,20.33,1.844
498,396.8,191.9,267.0,19.96,1.844
498,396.8,191.6,267.0,19.96,1.720
498,396.8,191.3,267.0,19.96,1.720
498,396.8,191.1,267.0,19.96,1.720
498,396.8,190.8,267.0,19.96,1.720
498,396.8,190.5,267.0,19.96,1.720
498,396.8,193.2,267.0,20.33,1.720
498,396.8,192.9,267.0,20.33,1.844
498,396.8,192.6,267.0,20.33,1.844
498,396.8,192.4,267.0,20.33,1.844
498,396.8,192.1,267.0,20.33,1.844
498,396.8,194.8,267.0,20.33,1.844
498,396.8,194.5,267.0,20.33,1.844
498,396.8,194.2,267.0,20.33,1.844
498,396.8,193.9,267.0,20.33,1.844
498,396.8,193.7,267.0,20.33,1.844
498,396.8,193.4,267.0,20.33,1.844
498,396.8,193.1,267.0,20.33,1.844
498,396.8,192.8,267.0,20.33,1.844
498,396.8,192.6,267.0,20.33,1.844
498,396.8,192.3,267.0,20.33,1.844
498,396.8,192.0,267.0,20.33,1.844
498,396.8,194.7,267.0,20.33,1.844
498,396.8,194.4,267.0,20.33,1.844
504,393.9,234.5,264.5,19.47,0.838
504,396.3,227.9,264.0,19.84,0.891
504,396.3,222.7,267.0,19.70,1.008
504,396.3,217.5,267.0,19.70,1.250
504,396.3,214.4,267.0,20.21,1.250
504,396.3,211.3,267.0,20.21,1.690
504,396.3,208.1,267.0,20.21,1.690
504,396.3,205.0,267.0,20.21,1.690
504,396.3,204.7,267.0,20.21,1.690
504,396.3,204.5,267.0,20.21,1.690
504,396.3,204.2,267.0,20.21,1.690
504,396.3,203.9,267.0,20.33,1.690
504,396.3,203.6,267.0,20.33,1.844
504,396.3,203.4,267.0,20.33,1.844
504,396.3,203.1,267.0,20.33,1.844
504,396.3,202.8,267.0,20.33,1.844
504,396.3,202.5,267.0,20.33,1.844
504,396.3,202.2,267.0,20.33,1.844
504,396.3,202.0,267.0,20.33,1.844
504,396.3,201.7,267.0,20.33,1.844
504,396.3,201.4,267.0,20.33,1.844
504,396.3,201.1,267.0,20.33,1.844
504,396.3,200.9,267.0,20.33,1.844
504,396.3,200.6,267.0,20.33,1.844
504,396.3,200.3,267.0,20.33,1.844
504,396.3,200.0,267.0,20.33,1.844
504,396.3,199.8,267.0,20.33,1.844
504,396.3,199.5,267.0,20.33,1.844
504,396.3,199.2,267.0,20.33,1.844
504,396.3,198.9,267.0,20.33,1.844
504,396.3,198.7,267.0,20.33,1.844
504,396.3,198.4,267.0,20.33,1.844
504,396.3,198.1,267.0,20.33,1.844
504,396.3,197.8,267.0,20.33,1.844
504,396.3,197.6,267.0,20.33,1.844
504,396.3,197.3,267.0,20.33,1.844
504,396.3,197.0,267.0,20.33,1.844
504,396.3,196.7,267.0,20.33,1.844
504,396.3,196.5,267.0,20.33,1.844
504,396.3,196.2,267.0,20.33,1.844
504,396.3,195.9,267.0,20.33,1.844
504,396.3,195.6,267.0,20.33,1.844
504,396.3,195.4,267.0,20.33,1.844
504,396.3,195.1,267.0,20.33,1.844
504,396.3,194.8,267.0,20.33,1.844
504,396.3,194.5,267.0,20.33,1.844
504,396.3,194.3,267.0,20.33,1.844
504,396.3,194.0,267.0,20.33,1.844
504,396.3,193.7,267.0,20.33,1.844
504,396.3,193.4,267.0,20.33,1.844
504,396.3,193.2,267.0,20.33,1.844
504,396.3,192.9,267.0,20.33,1.844
504,396.3,192.6,267.0,20.33,1.844
504,396.3,192.3,267.0,20.33,1.844
504,396.3,192.1,267.0,20.33,1.844
504,396.3,194.7,267.0,20.33,1.844
504,396.3,194.5,267.0,20.33,1.844
504,396.3,194.2,267.0,20.33,1.844
504,396.3,193.9,267.0,20.33,1.844
504,396.3,193.6,267.0,20.33,1.844
504,396.3,193.4,267.0,20.33,1.844
504,396.3,193.1,267.0,20.33,1.844
504,396.3,192.8,267.0,20.33,1.844
504,396.3,192.5,267.0,20.33,1.844
504,396.3,192.3,267.0,20.33,1.844
504,396.3,192.0,267.0,19.96,1.844
504,396.3,191.7,267.0,19.96,1.720
504,396.3,191.4,267.0,19.96,1.720
504,396.3,191.2,267.0,19.96,1.720
504,396.3,190.9,267.0,19.96,1.720
504,396.3,190.6,267.0,19.96,1.720
504,396.3,193.3,267.0,20.33,1.720
504,396.3,193.0,267.0,20.33,1.844
504,396.3,192.7,267.0,20.33,1.844
504,396.3,192.5,267.0,20.33,1.844
504,396.3,192.2,267.0,20.33,1.844
504,396.3,191.9,267.0,19.96,1.844
504,396.3,191.6,267.0,19.96,1.720
504,396.3,191.3,267.0,19.96,1.720
504,396.3,191.1,267.0,19.96,1.720
504,396.3,190.8,267.0,19.96,1.720
504,396.3,190.5,267.0,19.96,1.720
504,396.3,193.2,267.0,20.33,1.720
504,396.3,192.9,267.0,20.33,1.844
504,396.3,192.7,267.0,20.33,1.844
504,396.3,192.4,267.0,20.33,1.844
504,396.3,192.1,267.0,20.33,1.844
504,396.3,194.8,267.0,20.33,1.844
504,396.3,194.5,267.0,20.33,1.844
504,396.3,194.2,267.0,20.33,1.844
504,396.3,193.9,267.0,20.33,1.844
504,396.3,193.7,267.0,20.33,1.844
504,396.3,193.4,267.0,20.33,1.844
504,396.3,193.1,267.0,20.33,1.844
504,396.3,192.8,267.0,20.33,1.844
504,396.3,192.6,267.0,20.33,1.844
504,396.3,192.3,267.0,20.33,1.844
504,396.3,192.0,267.0,20.33,1.844
504,396.3,194.7,267.0,20.33,1.844
504,396.3,194.4,267.0,20.33,1.844
504,396.3,194.1,267.0,20.33,1.844
504,396.3,193.9,267.0,20.33,1.844
504,396.3,193.6,267.0,20.33,1.844
504,396.3,193.3,267.0,20.33,1.844
504,396.3,193.0,267.0,20.33,1.844
504,396.3,192.8,267.0,20.33,1.844
504,396.3,192.5,267.0,20.33,1.844
504,396.3,192.2,267.0,20.33,1.844
504,396.3,191.9,267.0,19.96,1.844
504,396.3,191.7,267.0,19.96,1.720
504,396.3,191.4,267.0,19.96,1.720
504,396.3,191.1,267.0,19.96,1.720
504,396.3,190.8,267.0,19.96,1.720
504,396.3,190.6,267.0,19.96,1.720
504,396.3,193.2,267.0,20.33,1.720
504,396.3,192.9,267.0,20.33,1.844
504,396.3,192.7,267.0,20.33,1.844
504,396.3,192.4,267.0,20.33,1.844
504,396.3,192.1,267.0,20.33,1.844
504,396.3,194.8,267.0,20.33,1.844
504,396.3,194.5,267.0,20.33,1.844
504,396.3,194.2,267.0,20.33,1.844
504,396.3,194.0,267.0,20.33,1.844
504,396.3,193.7,267.0,20.33,1.844
504,396.3,193.4,267.0,20.33,1.844
504,396.3,193.2,267.0,20.33,1.844
504,396.3,192.9,267.0,20.33,1.844
504,396.3,192.6,267.0,20.33,1.844
504,396.3,192.3,267.0,20.33,1.844
504,396.3,192.1,267.0,20.33,1.844
504,396.3,194.7,267.0,20.33,1.844
504,396.3,194.4,267.0,20.33,1.844
504,396.3,194.2,267.0,20.33,1.844
504,396.3,193.9,267.0,20.33,1.844
504,396.3,193.6,267.0,20.33,1.844
504,396.3,193.3,267.0,20.33,1.844
504,396.3,193.1,267.0,20.33,1.844
504,396.3,192.8,267.0,20.33,1.844
504,396.3,192.5,267.0,20.33,1.844
504,396.3,192.2,267.0,20.33,1.844
504,396.3,192.0,267.0,19.96,1.844
504,396.3,191.7,267.0,19.96,1.720
504,396.3,191.4,267.0,19.96,1.720
504,396.3,191.1,267.0,19.96,1.720
504,396.3,190.9,267.0,19.96,1.720
504,396.3,190.6,267.0,19.96,1.720
504,396.3,193.3,267.0,20.33,1.720
504,396.3,193.0,267.0,20.33,1.844
504,396.3,192.7,267.0,20.33,1.844
504,396.3,192.4,267.0,20.33,1.844
504,396.3,192.2,267.0,20.33,1.844
504,396.3,191.9,267.0,19.96,1.844
504,396.3,191.6,267.0,19.96,1.720
504,396.3,191.3,267.0,19.96,1.720
504,396.3,191.1,267.0,19.96,1.720
504,396.3,190.8,267.0,19.96,1.720
504,396.3,190.5,267.0,19.96,1.720
504,396.3,193.2,267.0,20.33,1.720
504,396.3,192.9,267.0,20.33,1.844
504,396.3,192.6,267.0,20.33,1.844
510,387.8,150.6,259.9,22.40,0.831
510,388.2,153.5,254.7,22.40,0.742
510,388.6,156.4,249.6,20.43,0.742
510,389.3,160.5,243.8,20.43,0.881
510,390.0,164.5,238.1,21.42,0.881
510,390.5,166.7,233.1,21.42,0.682
510,390.9,168.8,228.1,21.07,0.682
510,391.3,170.2,224.0,21.32,0.520
510,391.7,171.7,219.8,21.32,0.551
510,392.1,173.1,215.6,21.49,0.551
510,392.4,174.0,211.0,21.49,0.593
510,392.7,174.9,206.3,21.49,0.593
510,392.9,175.8,201.7,21.60,0.593
510,393.2,176.3,196.7,21.60,0.630
510,393.4,176.9,191.7,21.71,0.630
510,393.6,177.2,186.4,21.71,0.659
510,393.7,177.6,181.2,21.71,0.659
510,393.8,177.6,175.6,21.76,0.659
510,394.0,177.7,170.0,21.76,0.701
510,394.1,177.8,164.2,21.79,0.701
510,394.2,177.8,158.5,21.79,0.718
510,394.2,177.8,152.6,21.82,0.718
510,394.3,177.7,146.8,21.82,0.732
510,394.4,177.7,140.8,21.84,0.732
510,394.5,177.6,134.8,21.84,0.745
510,394.6,177.5,128.8,21.86,0.745
510,394.7,177.3,122.7,21.86,0.757
510,394.7,177.2,116.5,21.88,0.757
510,394.8,177.0,110.3,21.88,0.778
510,394.9,176.8,104.0,21.89,0.778
510,394.9,176.6,97.7,21.89,0.786
510,395.0,176.3,91.4,21.89,0.786
510,395.0,176.0,85.0,21.89,0.792
510,395.0,175.8,78.7,21.90,0.792
510,395.0,175.5,72.3,21.90,0.795
510,395.0,175.2,66.0,21.90,0.795
510,395.0,174.8,59.7,21.89,0.790
510,394.8,174.4,53.8,21.89,0.746
510,394.6,173.9,47.8,21.87,0.746
510,394.2,173.4,42.3,21.87,0.695
510,393.9,172.8,36.8,21.87,0.695
510,393.4,172.1,31.9,21.85,0.695
510,392.9,171.3,27.1,21.85,0.614
510,392.4,170.6,22.3,21.81,0.614
510,391.7,169.6,18.6,21.81,0.492
510,391.0,168.6,14.8,21.81,0.492
510,390.2,167.6,11.1,22.01,0.492
510,389.3,165.5,8.8,22.01,0.404
510,388.3,163.3,6.6,22.01,0.404
510,387.4,161.2,4.4,22.01,0.404
510,386.4,159.0,3.0,22.01,0.404
510,385.4,156.8,3.0,22.01,0.404
510,384.6,154.0,3.0,22.26,0.404
510,383.8,151.2,3.0,22.31,0.433
510,382.1,148.6,3.0,22.31,0.459
510,380.4,145.9,3.0,22.31,0.459
510,378.7,143.2,3.0,22.53,0.459
510,377.1,140.1,3.0,22.53,0.473
510,375.6,137.0,3.0,22.53,0.473
510,374.1,133.9,3.0,22.53,0.473
510,372.6,130.8,3.0,22.83,0.473
510,371.2,127.4,3.0,22.93,0.482
510,369.2,124.2,3.0,22.93,0.498
510,367.1,121.0,3.0,22.93,0.498
510,365.4,117.6,3.0,23.16,0.498
510,363.8,114.2,3.0,23.16,0.485
510,362.2,110.8,3.0,23.16,0.485
510,360.5,107.3,3.0,23.29,0.485
510,358.3,104.3,3.0,23.34,0.474
510,356.0,101.2,3.0,23.34,0.483
510,353.7,98.1,3.0,23.34,0.483
510,351.4,95.0,3.0,23.45,0.483
510,349.4,91.9,3.0,23.45,0.467
510,347.3,88.8,3.0,23.46,0.467
510,345.0,85.9,3.0,23.46,0.469
510,342.8,82.9,3.0,23.55,0.469
510,340.6,80.0,3.0,23.55,0.452
510,338.6,77.0,3.0,23.55,0.452
510,336.5,74.1,3.0,23.55,0.452
510,334.2,71.3,3.0,23.68,0.452
510,332.1,68.5,3.0,23.68,0.435
510,330.0,65.7,3.0,23.68,0.435
510,327.9,63.0,3.0,23.68,0.435
510,325.8,60.2,3.0,23.68,0.435
510,324.0,57.5,3.0,23.78,0.435
510,322.1,55.0,3.0,23.78,0.399
510,320.1,52.5,3.0,23.78,0.400
510,318.2,49.9,3.0,23.78,0.400
510,316.3,47.4,3.0,23.82,0.400
510,314.4,45.0,3.1,23.82,0.377
510,312.6,42.6,3.1,23.82,0.377
510,310.6,40.3,3.2,23.82,0.377
510,308.7,38.0,3.3,23.82,0.378
510,306.7,35.7,3.3,23.86,0.378
510,304.8,33.6,3.6,23.86,0.352
510,302.9,31.6,3.8,23.86,0.352
510,301.0,29.5,4.0,23.86,0.352
510,299.1,27.4,4.3,23.87,0.352
510,297.0,25.5,4.5,23.87,0.355
510,294.9,23.6,4.8,23.90,0.355
510,292.9,22.1,5.3,23.90,0.326
510,290.8,20.6,5.8,23.90,0.326
510,288.7,19.1,6.2,23.90,0.326
510,286.5,17.7,6.7,23.91,0.326
510,284.4,16.2,7.2,23.91,0.329
510,282.2,14.8,7.6,23.91,0.329
510,280.1,13.4,8.1,23.91,0.329
510,277.9,11.9,8.6,24.03,0.329
510,275.7,11.0,9.4,24.04,0.317
510,273.4,10.1,10.2,24.04,0.322
510,271.2,9.1,11.0,24.04,0.322
510,268.9,8.2,11.7,24.04,0.322
510,266.9,7.7,13.0,24.11,0.322
510,264.8,7.1,14.2,24.11,0.304
510,262.8,6.6,15.4,24.11,0.304
510,260.7,6.1,16.6,24.11,0.307
510,258.6,5.5,17.8,24.11,0.307
510,256.5,5.0,19.0,24.11,0.307
510,254.4,4.5,20.2,24.11,0.307
510,252.4,4.0,21.4,24.11,0.307
510,250.2,3.5,22.5,24.13,0.307
510,248.1,3.0,23.7,24.13,0.309
510,246.2,3.0,25.1,24.18,0.309
510,244.2,3.0,26.5,24.18,0.302
510,242.3,3.0,28.0,24.18,0.302
510,240.4,3.0,29.4,24.18,0.302
510,238.4,3.0,30.7,24.19,0.302
510,236.4,3.0,32.0,24.19,0.303
510,234.4,3.0,33.4,24.19,0.303
510,232.4,3.0,34.7,24.19,0.303
510,230.4,3.0,36.0,24.24,0.303
510,228.5,3.0,37.5,24.24,0.296
510,226.6,3.0,39.0,24.24,0.296
510,224.8,3.0,40.4,24.24,0.295
510,222.9,3.0,41.8,24.24,0.295
510,221.0,3.0,43.2,24.24,0.295
510,219.1,3.0,44.6,24.24,0.295
510,217.3,3.0,46.1,24.24,0.295
510,215.4,3.0,47.5,24.25,0.295
510,213.6,3.0,48.9,24.29,0.292
510,211.9,3.0,50.4,24.29,0.283
510,210.1,3.0,51.8,24.29,0.283
510,208.4,3.0,53.2,24.29,0.283
510,206.6,3.0,54.6,24.29,0.283
510,204.9,3.0,56.1,24.29,0.283
510,203.1,3.0,57.5,24.30,0.283
510,201.4,3.0,58.9,24.30,0.280
510,199.6,3.0,60.3,24.35,0.280
510,198.0,3.0,61.7,24.35,0.262
510,196.5,3.0,63.0,24.35,0.262
510,194.9,3.0,64.4,24.35,0.262
510,193.3,3.0,65.8,24.35,0.262
510,191.8,3.0,67.2,24.37,0.262
510,190.2,3.0,68.5,24.37,0.258
510,188.6,3.0,69.9,24.37,0.258
510,187.0,3.0,71.2,24.37,0.258
510,185.5,3.0,72.5,24.42,0.258
510,184.0,3.0,73.8,24.42,0.248
510,182.5,3.0,75.1,24.42,0.248
510,181.0,3.1,76.4,24.42,0.248
516,383.9,152.2,259.8,22.41,0.806
516,384.3,155.2,254.6,22.40,0.742
516,385.3,159.9,247.1,20.43,0.742
516,386.0,163.9,241.4,20.43,0.881
516,386.5,166.1,236.4,21.42,0.881
516,386.9,168.2,231.4,21.07,0.682
516,387.4,170.4,227.9,21.32,0.520
516,387.8,171.8,223.8,21.32,0.551
516,388.2,173.3,219.6,21.32,0.551
516,388.6,174.7,215.5,21.49,0.551
516,388.9,175.6,210.8,21.49,0.593
516,389.2,176.5,206.2,21.49,0.593
516,389.4,177.0,201.1,21.60,0.593
516,389.6,177.6,196.1,21.60,0.630
516,389.8,178.1,191.1,21.71,0.630
516,390.0,178.5,185.9,21.71,0.659
516,390.1,178.8,180.6,21.71,0.659
516,390.3,178.9,175.0,21.76,0.659
516,390.4,179.0,169.4,21.76,0.701
516,390.5,179.0,163.7,21.79,0.701
516,390.6,179.1,157.9,21.79,0.718
516,390.7,179.0,152.1,21.82,0.718
516,390.8,179.0,146.2,21.82,0.732
516,390.9,178.9,140.3,21.84,0.732
516,390.9,178.8,134.3,21.84,0.745
516,391.0,178.7,128.2,21.86,0.745
516,391.1,178.6,122.2,21.86,0.757
516,391.2,178.4,116.0,21.88,0.757
516,391.2,178.2,109.7,21.88,0.778
516,391.3,178.0,103.5,21.89,0.778
516,391.4,177.8,97.2,21.89,0.786
516,391.4,177.6,90.8,21.89,0.786
516,391.4,177.3,84.5,21.89,0.792
516,391.4,177.0,78.1,21.90,0.792
516,391.5,176.8,71.8,21.90,0.795
516,391.4,176.4,65.5,21.90,0.790
516,391.4,176.1,59.2,21.89,0.790
516,391.2,175.7,53.2,21.89,0.746
516,391.0,175.2,47.3,21.87,0.746
516,390.7,174.6,41.8,21.87,0.695
516,390.4,174.1,36.2,21.87,0.695
516,389.8,173.3,31.4,21.85,0.695
516,389.4,172.6,26.6,21.85,0.614
516,388.9,171.9,21.8,21.81,0.614
516,388.1,170.9,18.0,21.81,0.492
516,387.4,169.9,14.3,21.81,0.492
516,386.6,168.9,10.5,21.77,0.492
516,385.6,167.5,8.1,22.01,0.378
516,384.6,165.4,5.8,22.01,0.404
516,383.7,163.2,3.6,22.08,0.404
516,381.8,161.1,3.0,22.08,0.439
516,379.9,159.0,3.0,22.08,0.439
516,378.0,156.9,3.0,22.08,0.439
516,376.3,154.3,3.0,22.31,0.439
516,374.5,151.6,3.0,22.31,0.459
516,372.8,148.9,3.0,22.31,0.459
516,371.1,146.3,3.0,22.50,0.459
516,368.6,143.7,3.0,22.68,0.492
516,366.2,140.8,3.0,22.68,0.498
516,363.9,137.9,3.0,22.68,0.498
516,361.6,134.9,3.0,22.68,0.498
516,359.2,132.0,3.0,22.83,0.498
516,356.2,129.2,3.0,23.03,0.534
516,353.1,126.4,3.0,23.03,0.525
516,350.1,123.7,3.0,23.03,0.525
516,347.0,120.9,3.0,23.09,0.525
516,344.2,118.0,3.0,23.26,0.527
516,341.5,115.2,3.0,23.26,0.500
516,338.7,112.3,3.0,23.26,0.500
516,335.9,109.5,3.0,23.28,0.500
516,333.0,106.8,3.0,23.38,0.500
516,330.3,104.0,3.0,23.38,0.482
516,327.6,101.3,3.0,23.38,0.482
516,324.9,98.5,3.0,23.38,0.482
516,322.1,95.9,3.0,23.50,0.482
516,319.6,93.3,3.0,23.50,0.463
516,317.0,90.6,3.0,23.50,0.463
516,314.4,88.0,3.0,23.50,0.463
516,311.8,85.4,3.0,23.53,0.463
516,309.1,82.9,3.0,23.60,0.457
516,306.6,80.3,3.0,23.60,0.444
516,304.2,77.8,3.0,23.60,0.444
516,301.7,75.3,3.0,23.60,0.444
516,299.2,72.7,3.0,23.64,0.444
516,296.8,70.4,3.0,23.72,0.429
516,294.3,68.1,3.0,23.72,0.419
516,291.9,65.8,3.0,23.72,0.419
516,289.4,63.5,3.0,23.72,0.419
516,287.0,61.2,3.0,23.74,0.419
516,284.6,59.0,3.0,23.81,0.411
516,282.3,56.9,3.0,23.81,0.389
516,280.1,54.7,3.1,23.81,0.389
516,277.8,52.6,3.1,23.81,0.389
516,275.5,50.4,3.1,23.83,0.389
516,273.2,48.4,3.2,23.83,0.383
516,271.0,46.4,3.3,23.86,0.383
516,268.8,44.5,3.4,23.86,0.370
516,266.6,42.6,3.6,23.86,0.370
516,264.3,40.6,3.7,23.86,0.370
516,262.1,38.8,3.9,23.88,0.370
516,259.8,36.9,4.0,23.88,0.365
516,257.6,35.1,4.1,23.91,0.365
516,255.3,33.4,4.4,23.91,0.350
516,253.1,31.8,4.7,23.91,0.350
516,250.8,30.1,4.9,23.94,0.350
516,248.6,28.5,5.2,23.94,0.347
516,246.3,27.0,5.5,23.94,0.347
516,244.0,25.4,5.7,23.94,0.347
516,241.7,23.8,6.0,23.97,0.347
516,239.4,22.6,6.4,24.00,0.332
516,237.1,21.5,6.9,24.00,0.329
516,234.7,20.3,7.3,24.00,0.329
516,232.4,19.2,7.7,24.00,0.329
516,230.1,18.1,8.1,24.00,0.329
516,227.7,17.0,8.5,24.02,0.329
516,225.3,15.9,8.9,24.02,0.327
516,223.0,14.9,9.3,24.02,0.327
516,220.6,13.8,9.8,24.02,0.327
516,218.3,12.7,10.2,24.02,0.327
516,215.9,11.7,10.6,24.17,0.327
516,213.5,11.0,11.2,24.17,0.330
516,211.0,10.3,11.8,24.17,0.329
516,208.8,9.9,12.8,24.18,0.329
516,206.5,9.5,13.7,24.18,0.310
516,204.3,9.1,14.7,24.18,0.310
516,202.0,8.6,15.6,24.19,0.310
516,199.8,8.2,16.5,24.19,0.308
516,197.5,7.8,17.5,24.19,0.308
516,195.3,7.4,18.4,24.19,0.308
516,193.0,7.0,19.3,24.19,0.308
516,190.8,6.6,20.2,24.23,0.308
516,188.5,6.2,21.1,24.23,0.306
516,186.3,5.8,22.0,24.23,0.306
516,184.0,5.4,22.9,24.23,0.306
516,181.8,5.0,23.7,24.23,0.306
516,179.7,4.8,24.9,24.25,0.306
516,177.7,4.5,25.9,24.25,0.286
516,175.6,4.3,26.9,24.25,0.286
516,173.6,4.0,27.9,24.25,0.286
516,171.5,3.8,28.9,24.25,0.286
516,169.5,3.6,29.9,24.25,0.286
516,167.5,3.3,30.9,24.28,0.286
516,165.4,3.1,31.8,24.28,0.281
516,163.4,3.0,32.8,24.28,0.281
516,161.4,3.0,33.7,24.28,0.281
516,159.3,3.0,34.7,24.28,0.281
516,157.3,3.0,35.6,24.28,0.281
516,155.4,3.0,36.7,24.31,0.281
516,153.6,3.0,37.8,24.31,0.266
516,151.7,3.0,38.8,24.31,0.266
516,149.9,3.0,39.8,24.31,0.266
516,148.0,3.0,40.8,24.31,0.266
516,146.2,3.0,41.9,24.31,0.266
516,144.3,3.0,42.9,24.31,0.266
516,142.2,3.0,44.1,24.36,0.266
516,140.1,3.0,45.3,24.36,0.300
516,138.1,3.0,46.5,24.36,0.300
516,136.0,3.0,47.7,24.36,0.300
516,134.0,3.0,48.9,24.38,0.300
516,132.0,3.0,50.2,24.38,0.294
522,368.0,213.8,264.9,19.00,0.997
522,374.6,211.2,264.5,20.27,0.891
522,379.6,208.1,267.0,20.27,1.259
522,384.6,205.1,267.0,20.33,1.259
522,387.6,204.8,267.0,20.33,1.595
522,390.5,204.5,267.0,20.33,1.595
522,393.4,204.2,267.0,20.33,1.595
522,396.3,203.8,267.0,20.33,1.595
522,396.3,203.6,267.0,20.33,1.844
522,396.3,203.3,267.0,20.33,1.844
522,396.3,203.0,267.0,20.33,1.844
522,396.3,202.8,267.0,20.33,1.844
522,396.3,202.5,267.0,20.33,1.844
522,396.3,202.2,267.0,20.33,1.844
522,396.3,201.9,267.0,20.33,1.844
522,396.3,201.7,267.0,20.33,1.844
522,396.3,201.4,267.0,20.33,1.844
522,396.3,201.1,267.0,20.33,1.844
522,396.3,200.8,267.0,20.33,1.844
522,396.3,200.5,267.0,20.33,1.844
522,396.3,200.3,267.0,20.33,1.844
522,396.3,200.0,267.0,20.33,1.844
522,396.3,199.7,267.0,20.33,1.844
522,396.3,199.4,267.0,20.33,1.844
522,396.3,199.2,267.0,20.33,1.844
522,396.3,198.9,267.0,20.33,1.844
522,396.3,198.6,267.0,20.33,1.844
522,396.3,198.3,267.0,20.33,1.844
522,396.3,198.1,267.0,20.33,1.844
522,396.3,197.8,267.0,20.33,1.844
522,396.3,197.5,267.0,20.33,1.844
522,396.3,197.2,267.0,20.33,1.844
522,396.3,197.0,267.0,20.33,1.844
522,396.3,196.7,267.0,20.33,1.844
522,396.3,196.4,267.0,20.33,1.844
522,396.3,196.1,267.0,20.33,1.844
522,396.3,195.9,267.0,20.33,1.844
522,396.3,195.6,267.0,20.33,1.844
522,396.3,195.3,267.0,20.33,1.844
522,396.3,195.0,267.0,20.33,1.844
522,396.3,194.8,267.0,20.33,1.844
522,396.3,194.5,267.0,20.33,1.844
522,396.3,194.2,267.0,20.33,1.844
522,396.3,193.9,267.0,20.33,1.844
522,396.3,193.7,267.0,20.33,1.844
522,396.3,193.4,267.0,20.33,1.844
522,396.3,193.1,267.0,20.33,1.844
522,396.3,192.8,267.0,20.33,1.844
522,396.3,192.6,267.0,20.33,1.844
522,396.3,192.3,267.0,20.33,1.844
522,396.3,192.0,267.0,20.33,1.844
522,396.3,194.7,267.0,20.33,1.844
522,396.3,194.4,267.0,20.33,1.844
522,396.3,194.1,267.0,20.33,1.844
522,396.3,193.9,267.0,20.33,1.844
522,396.3,193.6,267.0,20.33,1.844
522,396.3,193.3,267.0,20.33,1.844
522,396.3,193.0,267.0,20.33,1.844
522,396.3,192.8,267.0,20.33,1.844
522,396.3,192.5,267.0,20.33,1.844
522,396.3,192.2,267.0,20.33,1.844
522,396.3,191.9,267.0,19.96,1.844
522,396.3,191.7,267.0,19.96,1.720
522,396.3,191.4,267.0,19.96,1.720
522,396.3,191.1,267.0,19.96,1.720
522,396.3,190.8,267.0,19.96,1.720
522,396.3,190.6,267.0,19.96,1.720
522,396.3,193.2,267.0,20.33,1.720
522,396.3,192.9,267.0,20.33,1.844
522,396.3,192.7,267.0,20.33,1.844
522,396.3,192.4,267.0,20.33,1.844
522,396.3,192.1,267.0,20.33,1.844
522,396.3,194.8,267.0,20.33,1.844
522,396.3,194.5,267.0,20.33,1.844
522,396.3,194.2,267.0,20.33,1.844
522,396.3,194.0,267.0,20.33,1.844
522,396.3,193.7,267.0,20.33,1.844
522,396.3,193.4,267.0,20.33,1.844
522,396.3,193.2,267.0,20.33,1.844
522,396.3,192.9,267.0,20.33,1.844
522,396.3,192.6,267.0,20.33,1.844
522,396.3,192.3,267.0,20.33,1.844
522,396.3,192.1,267.0,20.33,1.844
522,396.3,194.7,267.0,20.33,1.844
522,396.3,194.4,267.0,20.33,1.844
522,396.3,194.2,267.0,20.33,1.844
522,396.3,193.9,267.0,20.33,1.844
522,396.3,193.6,267.0,20.33,1.844
522,396.3,193.3,267.0,20.33,1.844
522,396.3,193.1,267.0,20.33,1.844
522,396.3,192.8,267.0,20.33,1.844
522,396.3,192.5,267.0,20.33,1.844
522,396.3,192.2,267.0,20.33,1.844
522,396.3,192.0,267.0,19.96,1.844
522,396.3,191.7,267.0,19.96,1.720
522,396.3,191.4,267.0,19.96,1.720
522,396.3,191.1,267.0,19.96,1.720
522,396.3,190.9,267.0,19.96,1.720
522,396.3,190.6,267.0,19.96,1.720
522,396.3,193.3,267.0,20.33,1.720
522,396.3,193.0,267.0,20.33,1.844
522,396.3,192.7,267.0,20.33,1.844
522,396.3,192.4,267.0,20.33,1.844
522,396.3,192.2,267.0,20.33,1.844
522,396.3,191.9,267.0,19.96,1.844
522,396.3,191.6,267.0,19.96,1.720
522,396.3,191.3,267.0,19.96,1.720
522,396.3,191.1,267.0,19.96,1.720
522,396.3,190.8,267.0,19.96,1.720
522,396.3,190.5,267.0,19.96,1.720
522,396.3,193.2,267.0,20.33,1.720
522,396.3,192.9,267.0,20.33,1.844
522,396.3,192.6,267.0,20.33,1.844
522,396.3,192.3,267.0,20.33,1.844
522,396.3,192.1,267.0,20.33,1.844
522,396.3,194.8,267.0,20.33,1.844
522,396.3,194.5,267.0,20.33,1.844
522,396.3,194.2,267.0,20.33,1.844
522,396.3,193.9,267.0,20.33,1.844
522,396.3,193.7,267.0,20.33,1.844
522,396.3,193.4,267.0,20.33,1.844
522,396.3,193.1,267.0,20.33,1.844
522,396.3,192.8,267.0,20.33,1.844
522,396.3,192.6,267.0,20.33,1.844
522,396.3,192.3,267.0,20.33,1.844
522,396.3,192.0,267.0,20.33,1.844
522,396.3,191.7,267.0,19.96,1.720
522,396.3,191.5,267.0,19.96,1.720
522,396.3,191.2,267.0,19.96,1.720
522,396.3,190.9,267.0,19.96,1.720
522,396.3,190.6,267.0,19.96,1.720
522,396.3,193.3,267.0,20.33,1.720
522,396.3,193.0,267.0,20.33,1.844
522,396.3,192.7,267.0,20.33,1.844
522,396.3,192.5,267.0,20.33,1.844
522,396.3,192.2,267.0,20.33,1.844
522,396.3,191.9,267.0,19.96,1.844
522,396.3,191.6,267.0,19.96,1.720
522,396.3,191.4,267.0,19.96,1.720
522,396.3,191.1,267.0,19.96,1.720
522,396.3,190.8,267.0,19.96,1.720
522,396.3,190.5,267.0,19.96,1.720
522,396.3,193.2,267.0,20.33,1.720
522,396.3,192.9,267.0,20.33,1.844
522,396.3,192.7,267.0,20.33,1.844
522,396.3,192.4,267.0,20.33,1.844
522,396.3,192.1,267.0,20.33,1.844
522,396.3,194.8,267.0,20.33,1.844
522,396.3,194.5,267.0,20.33,1.844
522,396.3,194.2,267.0,20.33,1.844
522,396.3,194.0,267.0,20.33,1.844
522,396.3,193.7,267.0,20.33,1.844
522,396.3,193.4,267.0,20.33,1.844
522,396.3,193.1,267.0,20.33,1.844
522,396.3,192.9,267.0,20.33,1.844
522,396.3,192.6,267.0,20.33,1.844
522,396.3,192.3,267.0,20.33,1.844
522,396.3,192.0,267.0,20.33,1.844
522,396.3,194.7,267.0,20.33,1.844
522,396.3,194.4,267.0,20.33,1.844
528,422.8,182.1,264.5,20.42,1.001
528,419.9,184.8,267.0,20.26,0.873
528,417.0,187.4,267.0,20.26,0.873
528,414.1,190.0,267.0,20.26,1.615
528,411.2,192.7,267.0,20.20,1.615
528,408.3,192.4,267.0,20.20,1.703
528,408.3,192.1,267.0,20.20,1.703
528,408.3,194.8,267.0,20.20,1.703
528,408.3,194.5,267.0,20.20,1.703
528,408.3,194.2,267.0,20.20,1.703
528,408.3,193.9,267.0,20.20,1.703
528,408.3,193.7,267.0,20.20,1.703
528,408.3,193.4,267.0,20.20,1.703
528,408.3,193.1,267.0,20.20,1.703
528,408.3,192.8,267.0,20.20,1.703
528,408.3,192.6,267.0,20.20,1.703
528,408.3,192.3,267.0,20.20,1.703
528,408.3,192.0,267.0,20.20,1.703
528,408.3,194.7,267.0,20.20,1.703
528,408.3,194.4,267.0,20.20,1.703
528,408.3,194.1,267.0,20.20,1.703
528,408.3,193.8,267.0,20.20,1.703
528,408.3,193.6,267.0,20.20,1.703
528,408.3,193.3,267.0,20.20,1.703
528,408.3,193.0,267.0,20.20,1.703
528,408.3,192.8,267.0,20.20,1.703
528,408.3,192.5,267.0,20.20,1.703
528,408.3,192.2,267.0,20.20,1.703
528,408.3,191.9,267.0,20.26,1.703
528,408.3,191.7,267.0,20.26,1.615
528,408.3,191.4,267.0,20.26,1.615
528,408.3,191.1,267.0,20.26,1.615
528,408.3,190.8,267.0,20.26,1.615
528,408.3,190.6,267.0,20.26,1.615
528,408.3,193.2,267.0,20.20,1.615
528,408.3,192.9,267.0,20.20,1.703
528,408.3,192.7,267.0,20.20,1.703
528,408.3,192.4,267.0,20.20,1.703
528,408.3,192.1,267.0,20.20,1.703
528,408.3,194.8,267.0,20.20,1.703
528,408.3,194.5,267.0,20.20,1.703
528,408.3,194.2,267.0,20.20,1.703
528,408.3,194.0,267.0,20.20,1.703
528,408.3,193.7,267.0,20.20,1.703
528,408.3,193.4,267.0,20.20,1.703
528,408.3,193.1,267.0,20.20,1.703
528,408.3,192.9,267.0,20.20,1.703
528,408.3,192.6,267.0,20.20,1.703
528,408.3,192.3,267.0,20.20,1.703
528,408.3,192.0,267.0,20.20,1.703
528,408.3,194.7,267.0,20.20,1.703
528,408.3,194.4,267.0,20.20,1.703
528,408.3,194.2,267.0,20.20,1.703
528,408.3,193.9,267.0,20.20,1.703
528,408.3,193.6,267.0,20.20,1.703
528,408.3,193.3,267.0,20.20,1.703
528,408.3,193.1,267.0,20.20,1.703
528,408.3,192.8,267.0,20.20,1.703
528,408.3,192.5,267.0,20.20,1.703
528,408.3,192.2,267.0,20.20,1.703
528,408.3,192.0,267.0,20.26,1.703
528,408.3,191.7,267.0,20.26,1.615
528,408.3,191.4,267.0,20.26,1.615
528,408.3,191.1,267.0,20.26,1.615
528,408.3,190.9,267.0,20.26,1.615
528,408.3,190.6,267.0,20.26,1.615
528,408.3,193.2,267.0,20.20,1.615
528,408.3,193.0,267.0,20.20,1.703
528,408.3,192.7,267.0,20.20,1.703
528,408.3,192.4,267.0,20.20,1.703
528,408.3,192.2,267.0,20.20,1.703
528,408.3,191.9,267.0,20.26,1.703
528,408.3,191.6,267.0,20.26,1.615
528,408.3,191.3,267.0,20.26,1.615
528,408.3,191.1,267.0,20.26,1.615
528,408.3,190.8,267.0,20.26,1.615
528,408.3,190.5,267.0,20.26,1.615
528,408.3,193.2,267.0,20.20,1.615
528,408.3,192.9,267.0,20.20,1.703
528,408.3,192.6,267.0,20.20,1.703
528,408.3,192.3,267.0,20.20,1.703
528,408.3,192.1,267.0,20.20,1.703
528,408.3,194.7,267.0,20.20,1.703
528,408.3,194.5,267.0,20.20,1.703
528,408.3,194.2,267.0,20.20,1.703
528,408.3,193.9,267.0,20.20,1.703
528,408.3,193.6,267.0,20.20,1.703
528,408.3,193.4,267.0,20.20,1.703
528,408.3,193.1,267.0,20.20,1.703
528,408.3,192.8,267.0,20.20,1.703
528,408.3,192.5,267.0,20.20,1.703
528,408.3,192.3,267.0,20.20,1.703
528,408.3,192.0,267.0,20.26,1.703
528,408.3,191.7,267.0,20.26,1.615
528,408.3,191.4,267.0,20.26,1.615
528,408.3,191.2,267.0,20.26,1.615
528,408.3,190.9,267.0,20.26,1.615
528,408.3,190.6,267.0,20.26,1.615
528,408.3,193.3,267.0,20.20,1.615
528,408.3,193.0,267.0,20.20,1.703
528,408.3,192.7,267.0,20.20,1.703
528,408.3,192.5,267.0,20.20,1.703
528,408.3,192.2,267.0,20.20,1.703
528,408.3,191.9,267.0,20.26,1.703
528,408.3,191.6,267.0,20.26,1.615
528,408.3,191.4,267.0,20.26,1.615
528,408.3,191.1,267.0,20.26,1.615
528,408.3,190.8,267.0,20.26,1.615
528,408.3,190.5,267.0,20.26,1.615
528,408.3,193.2,267.0,20.20,1.615
528,408.3,192.9,267.0,20.20,1.703
528,408.3,192.7,267.0,20.20,1.703
528,408.3,192.4,267.0,20.20,1.703
528,408.3,192.1,267.0,20.20,1.703
528,408.3,194.8,267.0,20.20,1.703
528,408.3,194.5,267.0,20.20,1.703
528,408.3,194.2,267.0,20.20,1.703
528,408.3,193.9,267.0,20.20,1.703
528,408.3,193.7,267.0,20.20,1.703
528,408.3,193.4,267.0,20.20,1.703
528,408.3,193.1,267.0,20.20,1.703
528,408.3,192.9,267.0,20.20,1.703
528,408.3,192.6,267.0,20.20,1.703
528,408.3,192.3,267.0,20.20,1.703
528,408.3,192.0,267.0,20.20,1.703
528,408.3,194.7,267.0,20.20,1.703
528,408.3,194.4,267.0,20.20,1.703
528,408.3,194.1,267.0,20.20,1.703
528,408.3,193.9,267.0,20.20,1.703
528,408.3,193.6,267.0,20.20,1.703
528,408.3,193.3,267.0,20.20,1.703
528,408.3,193.0,267.0,20.20,1.703
528,408.3,192.8,267.0,20.20,1.703
528,408.3,192.5,267.0,20.20,1.703
528,408.3,192.2,267.0,20.20,1.703
528,408.3,191.9,267.0,20.26,1.703
528,408.3,191.7,267.0,20.26,1.615
528,408.3,191.4,267.0,20.26,1.615
528,408.3,191.1,267.0,20.26,1.615
528,408.3,190.8,267.0,20.26,1.615
528,408.3,190.6,267.0,20.26,1.615
528,408.3,193.2,267.0,20.20,1.615
528,408.3,193.0,267.0,20.20,1.703
528,408.3,192.7,267.0,20.20,1.703
528,408.3,192.4,267.0,20.20,1.703
528,408.3,192.1,267.0,20.20,1.703
528,408.3,194.8,267.0,20.20,1.703
528,408.3,194.5,267.0,20.20,1.703
528,408.3,194.3,267.0,20.20,1.703
528,408.3,194.0,267.0,20.20,1.703
528,408.3,193.7,267.0,20.20,1.703
528,408.3,193.4,267.0,20.20,1.703
528,408.3,193.2,267.0,20.20,1.703
528,408.3,192.9,267.0,20.20,1.703
528,408.3,192.6,267.0,20.20,1.703
528,408.3,192.3,267.0,20.20,1.703
528,408.3,192.1,267.0,20.20,1.703
528,408.3,194.7,267.0,20.20,1.703
528,408.3,194.4,267.0,20.20,1.703
528,408.3,194.2,267.0,20.20,1.703
534,444.7,218.5,259.8,22.45,0.811
534,440.3,216.6,253.0,19.83,0.726
534,436.1,215.7,247.4,20.58,1.041
534,431.9,214.8,241.8,20.71,0.884
534,429.4,214.1,238.6,21.32,0.884
534,427.0,213.3,235.3,21.32,0.516
534,424.5,212.6,232.1,21.32,0.516
534,422.0,211.8,228.9,21.32,0.516
534,420.4,211.2,225.1,21.58,0.516
534,420.0,210.3,222.5,21.34,0.520
534,419.5,209.4,219.9,21.34,0.520
534,419.1,208.6,217.2,21.34,0.349
534,418.9,207.9,213.6,21.43,0.349
534,418.6,207.3,210.0,21.43,0.458
534,418.4,206.7,206.4,21.43,0.458
534,418.2,206.0,202.8,21.50,0.458
534,418.1,205.5,198.6,21.50,0.537
534,418.0,205.0,194.3,21.50,0.537
534,417.9,204.5,190.1,21.59,0.537
534,417.9,204.1,185.3,21.59,0.590
534,417.8,203.8,180.5,21.35,0.590
534,417.8,203.6,175.1,21.40,0.605
534,417.7,203.4,169.7,21.40,0.677
534,417.7,203.2,164.1,21.43,0.677
534,417.8,202.9,158.5,21.43,0.701
534,417.8,202.7,152.7,21.46,0.701
534,417.8,202.4,147.0,21.46,0.721
534,417.8,202.2,141.2,21.48,0.721
534,417.9,201.9,135.3,21.48,0.737
534,417.9,201.6,129.4,21.54,0.737
534,418.0,201.3,123.4,21.54,0.751
534,418.1,201.1,117.4,21.58,0.751
534,418.1,200.7,111.2,21.58,0.774
534,418.2,200.4,105.0,21.62,0.774
534,418.3,200.1,98.8,21.62,0.782
534,418.4,199.8,92.5,21.65,0.782
534,418.5,199.4,86.2,21.65,0.787
534,418.6,199.1,79.9,21.68,0.787
534,418.7,198.8,73.6,21.68,0.788
534,418.8,198.6,67.4,21.73,0.788
534,419.0,198.3,61.1,21.73,0.784
534,419.3,198.2,55.2,21.74,0.784
534,419.5,198.1,49.3,21.74,0.741
534,419.9,198.2,43.8,21.74,0.741
534,420.8,198.0,39.3,22.41,0.567
534,421.6,197.7,34.9,22.31,0.567
534,423.0,197.7,30.9,22.31,0.525
534,424.3,197.8,26.9,22.31,0.525
534,425.6,197.8,22.9,22.17,0.525
534,427.6,198.2,19.8,22.17,0.465
534,429.6,198.7,16.7,22.17,0.465
534,431.6,199.1,13.6,22.17,0.465
534,434.0,199.4,11.1,22.32,0.465
534,437.4,200.2,9.4,22.32,0.488
534,440.8,201.1,7.8,22.32,0.488
534,444.2,201.9,6.1,22.55,0.488
534,448.0,202.6,4.8,22.55,0.506
534,451.8,203.4,3.5,22.55,0.506
534,455.5,204.1,3.0,22.69,0.506
534,459.2,205.3,3.0,22.86,0.498
534,462.8,206.5,3.0,22.86,0.493
534,466.5,207.7,3.0,22.86,0.493
534,470.1,208.8,3.0,23.01,0.493
534,473.7,209.8,3.0,23.01,0.477
534,477.3,210.8,3.0,23.01,0.477
534,480.9,211.9,3.0,23.20,0.477
534,484.3,212.7,3.0,23.20,0.432
534,487.6,213.4,3.0,23.20,0.432
534,491.0,214.2,3.0,23.20,0.432
534,494.2,214.9,3.0,23.36,0.432
534,497.3,215.6,3.0,23.36,0.410
534,500.5,216.2,3.0,23.42,0.410
534,503.6,217.2,3.0,23.42,0.399
534,506.5,218.1,3.0,23.51,0.399
534,509.4,218.9,3.0,23.51,0.378
534,512.2,219.8,3.0,23.51,0.378
534,515.2,220.7,3.0,23.51,0.378
534,517.9,221.4,3.0,23.58,0.378
534,520.7,222.2,3.0,23.58,0.359
534,523.4,222.9,3.0,23.58,0.359
534,526.2,223.7,3.0,23.58,0.359
534,529.0,224.4,3.0,23.66,0.359
534,531.6,225.1,3.0,23.66,0.341
534,534.2,225.8,3.0,23.66,0.341
534,536.9,226.4,3.0,23.66,0.341
534,539.5,227.1,3.0,23.66,0.341
534,541.9,227.6,3.0,23.76,0.341
534,544.3,228.1,3.0,23.80,0.306
534,546.6,228.8,3.0,23.80,0.301
534,548.9,229.5,3.0,23.80,0.301
534,551.2,230.2,3.0,23.80,0.301
534,553.4,230.8,3.0,23.89,0.301
534,555.6,231.4,3.0,23.89,0.286
534,557.9,232.1,3.0,23.89,0.286
534,560.1,232.7,3.0,23.89,0.286
534,562.2,233.3,3.0,23.89,0.286
534,564.5,233.9,3.0,23.95,0.286
534,566.6,234.5,3.0,23.95,0.272
534,568.7,235.0,3.0,23.95,0.272
534,570.8,235.6,3.0,23.95,0.272
534,572.9,236.1,3.0,23.95,0.272
534,575.0,236.7,3.0,23.95,0.272
534,576.9,237.2,3.0,24.03,0.272
534,578.8,237.7,3.0,24.03,0.248
534,580.7,238.2,3.0,24.03,0.248
534,582.6,238.8,3.0,24.03,0.248
534,584.5,239.3,3.0,24.03,0.248
534,586.4,239.8,3.0,24.03,0.248
534,588.3,240.5,3.0,24.13,0.248
534,590.0,241.1,3.0,24.13,0.235
534,591.8,241.8,3.0,24.13,0.235
534,593.6,242.4,3.0,24.13,0.235
534,595.4,243.1,3.0,24.13,0.235
534,597.1,243.7,3.0,24.13,0.235
534,598.9,244.4,3.0,24.13,0.235
534,600.6,245.0,3.0,24.19,0.235
534,602.3,245.6,3.0,24.19,0.219
534,604.0,246.2,3.0,24.19,0.219
534,605.6,246.7,3.0,24.19,0.219
534,607.3,247.3,3.0,24.19,0.219
534,609.0,247.8,3.0,24.19,0.219
534,610.6,248.4,3.0,24.19,0.219
534,612.3,248.9,3.0,24.25,0.219
534,613.8,249.4,3.0,24.25,0.203
534,615.4,249.9,3.0,24.25,0.203
534,616.9,250.4,3.0,24.25,0.203
534,618.5,250.9,3.0,24.25,0.203
534,620.0,251.3,3.0,24.25,0.203
534,621.6,251.8,3.0,24.25,0.203
534,623.1,252.4,3.0,24.29,0.203
534,624.5,252.9,3.0,24.34,0.203
534,625.9,253.5,3.0,24.34,0.189
534,627.4,254.0,3.0,24.34,0.189
534,628.8,254.5,3.0,24.34,0.189
534,630.2,255.0,3.0,24.34,0.189
534,631.6,255.6,3.0,24.34,0.189
534,633.0,256.1,3.0,24.34,0.189
534,634.4,256.6,3.0,24.34,0.189
534,635.8,257.1,3.0,24.34,0.189
534,637.2,257.6,3.0,24.40,0.189
534,638.6,258.0,3.0,24.40,0.181
534,640.0,258.5,3.0,24.40,0.181
534,641.3,258.9,3.0,24.40,0.181
534,642.7,259.4,3.0,24.40,0.181
534,644.1,259.8,3.0,24.40,0.181
534,645.5,260.3,3.0,24.40,0.181
534,646.9,260.7,3.0,24.40,0.181
534,648.2,261.2,3.0,24.46,0.181
534,649.5,261.7,3.0,24.46,0.175
534,650.9,262.1,3.0,24.46,0.175
534,652.2,262.6,3.0,24.46,0.175
534,653.5,263.1,3.0,24.46,0.175
534,654.8,263.6,3.0,24.46,0.175
534,656.1,264.1,3.0,24.48,0.175
534,657.4,264.6,3.0,24.48,0.170
534,658.7,265.1,3.0,24.48,0.170
534,659.9,265.6,3.0,24.48,0.170
534,661.1,266.1,3.0,24.55,0.163
534,662.3,266.7,3.0,24.55,0.163
534,663.5,267.2,3.0,24.55,0.163
540,353.4,221.7,259.8,22.45,0.811
540,356.0,220.9,254.7,22.45,0.726
540,358.5,220.1,249.5,23.23,0.726
540,360.6,219.2,245.6,21.32,0.565
540,364.7,216.8,245.0,21.32,0.591
540,369.7,215.4,243.9,20.59,0.591
540,373.5,213.6,246.3,20.84,0.662
540,377.4,211.7,248.8,20.84,0.616
540,381.2,209.8,251.3,20.84,0.616
540,385.9,207.2,257.4,20.42,0.616
540,388.6,204.3,266.5,20.33,1.238
540,391.5,204.0,267.0,20.20,1.595
540,394.4,203.7,267.0,20.20,1.703
540,394.4,203.4,267.0,20.20,1.703
540,394.4,203.1,267.0,20.20,1.703
540,394.4,202.9,267.0,20.20,1.703
540,394.4,202.6,267.0,20.20,1.703
540,394.4,202.3,267.0,20.20,1.703
540,394.4,202.0,267.0,20.20,1.703
540,394.4,201.8,267.0,20.20,1.703
540,394.4,201.5,267.0,20.20,1.703
540,394.4,201.2,267.0,20.20,1.703
540,394.4,200.9,267.0,20.20,1.703
540,394.4,200.7,267.0,20.20,1.703
540,394.4,200.4,267.0,20.20,1.703
540,394.4,200.1,267.0,20.20,1.703
540,394.4,199.8,267.0,20.20,1.703
540,394.4,199.6,267.0,20.20,1.703
540,394.4,199.3,267.0,20.20,1.703
540,394.4,199.0,267.0,20.20,1.703
540,394.4,198.7,267.0,20.20,1.703
540,394.4,198.5,267.0,20.20,1.703
540,394.4,198.2,267.0,20.20,1.703
540,394.4,197.9,267.0,20.20,1.703
540,394.4,197.6,267.0,20.20,1.703
540,394.4,197.4,267.0,20.20,1.703
540,394.4,197.1,267.0,20.20,1.703
540,394.4,196.8,267.0,20.20,1.703
540,394.4,196.5,267.0,20.20,1.703
540,394.4,196.2,267.0,20.20,1.703
540,394.4,196.0,267.0,20.20,1.703
540,394.4,195.7,267.0,20.20,1.703
540,394.4,195.4,267.0,20.20,1.703
540,394.4,195.2,267.0,20.20,1.703
540,394.4,194.9,267.0,20.20,1.703
540,394.4,194.6,267.0,20.20,1.703
540,394.4,194.3,267.0,20.20,1.703
540,394.4,194.0,267.0,20.20,1.703
540,394.4,193.8,267.0,20.20,1.703
540,394.4,193.5,267.0,20.20,1.703
540,394.4,193.2,267.0,20.20,1.703
540,394.4,192.9,267.0,20.20,1.703
540,394.4,192.7,267.0,20.20,1.703
540,394.4,192.4,267.0,20.20,1.703
540,394.4,192.1,267.0,20.20,1.703
540,394.4,194.8,267.0,20.20,1.703
540,394.4,194.5,267.0,20.20,1.703
540,394.4,194.2,267.0,20.20,1.703
540,394.4,194.0,267.0,20.20,1.703
540,394.4,193.7,267.0,20.20,1.703
540,394.4,193.4,267.0,20.20,1.703
540,394.4,193.2,267.0,20.20,1.703
540,394.4,192.9,267.0,20.20,1.703
540,394.4,192.6,267.0,20.20,1.703
540,394.4,192.3,267.0,20.20,1.703
540,394.4,192.1,267.0,20.20,1.703
540,394.4,194.7,267.0,20.20,1.703
540,394.4,194.4,267.0,20.20,1.703
540,394.4,194.2,267.0,20.20,1.703
540,394.4,193.9,267.0,20.20,1.703
540,394.4,193.6,267.0,20.20,1.703
540,394.4,193.3,267.0,20.20,1.703
540,394.4,193.1,267.0,20.20,1.703
540,394.4,192.8,267.0,20.20,1.703
540,394.4,192.5,267.0,20.20,1.703
540,394.4,192.2,267.0,20.20,1.703
540,394.4,192.0,267.0,20.26,1.703
540,394.4,191.7,267.0,20.26,1.615
540,394.4,191.4,267.0,20.26,1.615
540,394.4,191.1,267.0,20.26,1.615
540,394.4,190.9,267.0,20.26,1.615
540,394.4,190.6,267.0,20.26,1.615
540,394.4,193.3,267.0,20.20,1.615
540,394.4,193.0,267.0,20.20,1.703
540,394.4,192.7,267.0,20.20,1.703
540,394.4,192.4,267.0,20.20,1.703
540,394.4,192.2,267.0,20.20,1.703
540,394.4,191.9,267.0,20.26,1.703
540,394.4,191.6,267.0,20.26,1.615
540,394.4,191.3,267.0,20.26,1.615
540,394.4,191.1,267.0,20.26,1.615
540,394.4,190.8,267.0,20.26,1.615
540,394.4,190.5,267.0,20.26,1.615
540,394.4,193.2,267.0,20.20,1.615
540,394.4,192.9,267.0,20.20,1.703
540,394.4,192.6,267.0,20.20,1.703
540,394.4,192.3,267.0,20.20,1.703
540,394.4,192.1,267.0,20.20,1.703
540,394.4,194.8,267.0,20.20,1.703
540,394.4,194.5,267.0,20.20,1.703
540,394.4,194.2,267.0,20.20,1.703
540,394.4,193.9,267.0,20.20,1.703
540,394.4,193.7,267.0,20.20,1.703
540,394.4,193.4,267.0,20.20,1.703
540,394.4,193.1,267.0,20.20,1.703
540,394.4,192.8,267.0,20.20,1.703
540,394.4,192.6,267.0,20.20,1.703
540,394.4,192.3,267.0,20.20,1.703
540,394.4,192.0,267.0,20.20,1.703
540,394.4,191.7,267.0,20.26,1.615
540,394.4,191.5,267.0,20.26,1.615
540,394.4,191.2,267.0,20.26,1.615
540,394.4,190.9,267.0,20.26,1.615
540,394.4,190.6,267.0,20.26,1.615
540,394.4,193.3,267.0,20.20,1.615
540,394.4,193.0,267.0,20.20,1.703
540,394.4,192.7,267.0,20.20,1.703
540,394.4,192.5,267.0,20.20,1.703
540,394.4,192.2,267.0,20.20,1.703
540,394.4,191.9,267.0,20.26,1.703
540,394.4,191.6,267.0,20.26,1.615
540,394.4,191.4,267.0,20.26,1.615
540,394.4,191.1,267.0,20.26,1.615
540,394.4,190.8,267.0,20.26,1.615
540,394.4,190.5,267.0,20.26,1.615
540,394.4,193.2,267.0,20.20,1.615
540,394.4,192.9,267.0,20.20,1.703
540,394.4,192.7,267.0,20.20,1.703
540,394.4,192.4,267.0,20.20,1.703
540,394.4,192.1,267.0,20.20,1.703
540,394.4,194.8,267.0,20.20,1.703
540,394.4,194.5,267.0,20.20,1.703
540,394.4,194.2,267.0,20.20,1.703
540,394.4,194.0,267.0,20.20,1.703
540,394.4,193.7,267.0,20.20,1.703
540,394.4,193.4,267.0,20.20,1.703
540,394.4,193.1,267.0,20.20,1.703
540,394.4,192.9,267.0,20.20,1.703
540,394.4,192.6,267.0,20.20,1.703
540,394.4,192.3,267.0,20.20,1.703
540,394.4,192.0,267.0,20.20,1.703
540,394.4,194.7,267.0,20.20,1.703
540,394.4,194.4,267.0,20.20,1.703
540,394.4,194.2,267.0,20.20,1.703
540,394.4,193.9,267.0,20.20,1.703
540,394.4,193.6,267.0,20.20,1.703
540,394.4,193.3,267.0,20.20,1.703
540,394.4,193.1,267.0,20.20,1.703
540,394.4,192.8,267.0,20.20,1.703
540,394.4,192.5,267.0,20.20,1.703
540,394.4,192.2,267.0,20.20,1.703
540,394.4,191.9,267.0,20.26,1.703
540,394.4,191.7,267.0,20.26,1.615
540,394.4,191.4,267.0,20.26,1.615
540,394.4,191.1,267.0,20.26,1.615
540,394.4,190.9,267.0,20.26,1.615
540,394.4,190.6,267.0,20.26,1.615
540,394.4,193.2,267.0,20.20,1.615
540,394.4,193.0,267.0,20.20,1.703
540,394.4,192.7,267.0,20.20,1.703
546,400.9,239.3,260.1,19.19,0.841
546,400.9,232.9,259.4,19.19,0.807
546,400.9,226.5,258.7,19.84,0.807
546,400.9,221.4,264.9,19.70,1.008
546,400.9,216.2,267.0,19.70,1.250
546,400.9,213.1,267.0,20.21,1.250
546,400.9,210.0,267.0,20.21,1.690
546,400.9,206.8,267.0,20.21,1.690
546,400.9,203.7,267.0,20.33,1.690
546,400.9,203.4,267.0,20.33,1.844
546,400.9,203.1,267.0,20.33,1.844
546,400.9,202.9,267.0,20.33,1.844
546,400.9,202.6,267.0,20.33,1.844
546,400.9,202.3,267.0,20.33,1.844
546,400.9,202.1,267.0,20.33,1.844
546,400.9,201.8,267.0,20.33,1.844
546,400.9,201.5,267.0,20.33,1.844
546,400.9,201.2,267.0,20.33,1.844
546,400.9,201.0,267.0,20.33,1.844
546,400.9,200.7,267.0,20.33,1.844
546,400.9,200.4,267.0,20.33,1.844
546,400.9,200.1,267.0,20.33,1.844
546,400.9,199.8,267.0,20.33,1.844
546,400.9,199.6,267.0,20.33,1.844
546,400.9,199.3,267.0,20.33,1.844
546,400.9,199.0,267.0,20.33,1.844
546,400.9,198.8,267.0,20.33,1.844
546,400.9,198.5,267.0,20.33,1.844
546,400.9,198.2,267.0,20.33,1.844
546,400.9,197.9,267.0,20.33,1.844
546,400.9,197.7,267.0,20.33,1.844
546,400.9,197.4,267.0,20.33,1.844
546,400.9,197.1,267.0,20.33,1.844
546,400.9,196.8,267.0,20.33,1.844
546,400.9,196.6,267.0,20.33,1.844
546,400.9,196.3,267.0,20.33,1.844
546,400.9,196.0,267.0,20.33,1.844
546,400.9,195.7,267.0,20.33,1.844
546,400.9,195.4,267.0,20.33,1.844
546,400.9,195.2,267.0,20.33,1.844
546,400.9,194.9,267.0,20.33,1.844
546,400.9,194.6,267.0,20.33,1.844
546,400.9,194.3,267.0,20.33,1.844
546,400.9,194.1,267.0,20.33,1.844
546,400.9,193.8,267.0,20.33,1.844
546,400.9,193.5,267.0,20.33,1.844
546,400.9,193.2,267.0,20.33,1.844
546,400.9,193.0,267.0,20.33,1.844
546,400.9,192.7,267.0,20.33,1.844
546,400.9,192.4,267.0,20.33,1.844
546,400.9,192.2,267.0,20.33,1.844
546,400.9,191.9,267.0,19.96,1.844
546,400.9,191.6,267.0,19.96,1.720
546,400.9,191.3,267.0,19.96,1.720
546,400.9,191.1,267.0,19.96,1.720
546,400.9,190.8,267.0,19.96,1.720
546,400.9,190.5,267.0,19.96,1.720
546,400.9,193.2,267.0,20.33,1.720
546,400.9,192.9,267.0,20.33,1.844
546,400.9,192.6,267.0,20.33,1.844
546,400.9,192.3,267.0,20.33,1.844
546,400.9,192.1,267.0,20.33,1.844
546,400.9,194.7,267.0,20.33,1.844
546,400.9,194.5,267.0,20.33,1.844
546,400.9,194.2,267.0,20.33,1.844
546,400.9,193.9,267.0,20.33,1.844
546,400.9,193.6,267.0,20.33,1.844
546,400.9,193.4,267.0,20.33,1.844
546,400.9,193.1,267.0,20.33,1.844
546,400.9,192.8,267.0,20.33,1.844
546,400.9,192.5,267.0,20.33,1.844
546,400.9,192.3,267.0,20.33,1.844
546,400.9,192.0,267.0,19.96,1.844
546,400.9,191.7,267.0,19.96,1.720
546,400.9,191.4,267.0,19.96,1.720
546,400.9,191.2,267.0,19.96,1.720
546,400.9,190.9,267.0,19.96,1.720
546,400.9,190.6,267.0,19.96,1.720
546,400.9,193.3,267.0,20.33,1.720
546,400.9,193.0,267.0,20.33,1.844
546,400.9,192.7,267.0,20.33,1.844
546,400.9,192.5,267.0,20.33,1.844
546,400.9,192.2,267.0,20.33,1.844
546,400.9,191.9,267.0,19.96,1.844
546,400.9,191.6,267.0,19.96,1.720
546,400.9,191.3,267.0,19.96,1.720
546,400.9,191.1,267.0,19.96,1.720
546,400.9,190.8,267.0,19.96,1.720
546,400.9,190.5,267.0,19.96,1.720
546,400.9,193.2,267.0,20.33,1.720
546,400.9,192.9,267.0,20.33,1.844
546,400.9,192.7,267.0,20.33,1.844
546,400.9,192.4,267.0,20.33,1.844
546,400.9,192.1,267.0,20.33,1.844
546,400.9,194.8,267.0,20.33,1.844
546,400.9,194.5,267.0,20.33,1.844
546,400.9,194.2,267.0,20.33,1.844
546,400.9,193.9,267.0,20.33,1.844
546,400.9,193.7,267.0,20.33,1.844
546,400.9,193.4,267.0,20.33,1.844
546,400.9,193.1,267.0,20.33,1.844
546,400.9,192.8,267.0,20.33,1.844
546,400.9,192.6,267.0,20.33,1.844
546,400.9,192.3,267.0,20.33,1.844
546,400.9,192.0,267.0,20.33,1.844
546,400.9,194.7,267.0,20.33,1.844
546,400.9,194.4,267.0,20.33,1.844
546,400.9,194.1,267.0,20.33,1.844
546,400.9,193.9,267.0,20.33,1.844
546,400.9,193.6,267.0,20.33,1.844
546,400.9,193.3,267.0,20.33,1.844
546,400.9,193.0,267.0,20.33,1.844
546,400.9,192.8,267.0,20.33,1.844
546,400.9,192.5,267.0,20.33,1.844
546,400.9,192.2,267.0,20.33,1.844
546,400.9,191.9,267.0,19.96,1.844
546,400.9,191.7,267.0,19.96,1.720
546,400.9,191.4,267.0,19.96,1.720
546,400.9,191.1,267.0,19.96,1.720
546,400.9,190.8,267.0,19.96,1.720
546,400.9,190.6,267.0,19.96,1.720
546,400.9,193.2,267.0,20.33,1.720
546,400.9,193.0,267.0,20.33,1.844
546,400.9,192.7,267.0,20.33,1.844
546,400.9,192.4,267.0,20.33,1.844
546,400.9,192.1,267.0,20.33,1.844
546,400.9,194.8,267.0,20.33,1.844
546,400.9,194.5,267.0,20.33,1.844
546,400.9,194.2,267.0,20.33,1.844
546,400.9,194.0,267.0,20.33,1.844
546,400.9,193.7,267.0,20.33,1.844
546,400.9,193.4,267.0,20.33,1.844
546,400.9,193.2,267.0,20.33,1.844
546,400.9,192.9,267.0,20.33,1.844
546,400.9,192.6,267.0,20.33,1.844
546,400.9,192.3,267.0,20.33,1.844
546,400.9,192.1,267.0,20.33,1.844
546,400.9,194.7,267.0,20.33,1.844
546,400.9,194.4,267.0,20.33,1.844
546,400.9,194.2,267.0,20.33,1.844
546,400.9,193.9,267.0,20.33,1.844
546,400.9,193.6,267.0,20.33,1.844
546,400.9,193.3,267.0,20.33,1.844
546,400.9,193.1,267.0,20.33,1.844
546,400.9,192.8,267.0,20.33,1.844
546,400.9,192.5,267.0,20.33,1.844
546,400.9,192.2,267.0,20.33,1.844
546,400.9,192.0,267.0,19.96,1.844
546,400.9,191.7,267.0,19.96,1.720
546,400.9,191.4,267.0,19.96,1.720
546,400.9,191.1,267.0,19.96,1.720
546,400.9,190.9,267.0,19.96,1.720
546,400.9,190.6,267.0,19.96,1.720
546,400.9,193.3,267.0,20.33,1.720
546,400.9,193.0,267.0,20.33,1.844
546,400.9,192.7,267.0,20.33,1.844
546,400.9,192.4,267.0,20.33,1.844
546,400.9,192.2,267.0,20.33,1.844
546,400.9,191.9,267.0,19.96,1.844
546,400.9,191.6,267.0,19.96,1.720
552,396.3,248.6,260.1,20.72,0.841
552,396.3,245.2,255.1,20.72,0.742
552,396.3,242.0,250.2,21.99,0.742
552,396.3,239.3,246.7,20.28,0.553
552,396.3,233.8,245.2,20.28,0.710
552,396.3,228.3,243.7,20.28,0.710
552,396.3,223.8,246.0,20.49,0.710
552,396.3,219.3,248.3,20.49,0.632
552,396.3,214.8,250.6,20.70,0.632
552,396.3,211.8,260.5,20.30,0.680
552,396.3,208.6,267.0,20.21,1.298
552,396.3,205.5,267.0,20.21,1.690
552,396.3,205.2,267.0,20.21,1.690
552,396.3,205.0,267.0,20.21,1.690
552,396.3,204.7,267.0,20.21,1.690
552,396.3,204.4,267.0,20.21,1.690
552,396.3,204.1,267.0,20.21,1.690
552,396.3,203.8,267.0,20.33,1.690
552,396.3,203.6,267.0,20.33,1.844
552,396.3,203.3,267.0,20.33,1.844
552,396.3,203.0,267.0,20.33,1.844
552,396.3,202.8,267.0,20.33,1.844
552,396.3,202.5,267.0,20.33,1.844
552,396.3,202.2,267.0,20.33,1.844
552,396.3,201.9,267.0,20.33,1.844
552,396.3,201.7,267.0,20.33,1.844
552,396.3,201.4,267.0,20.33,1.844
552,396.3,201.1,267.0,20.33,1.844
552,396.3,200.8,267.0,20.33,1.844
552,396.3,200.6,267.0,20.33,1.844
552,396.3,200.3,267.0,20.33,1.844
552,396.3,200.0,267.0,20.33,1.844
552,396.3,199.7,267.0,20.33,1.844
552,396.3,199.4,267.0,20.33,1.844
552,396.3,199.2,267.0,20.33,1.844
552,396.3,198.9,267.0,20.33,1.844
552,396.3,198.6,267.0,20.33,1.844
552,396.3,198.3,267.0,20.33,1.844
552,396.3,198.1,267.0,20.33,1.844
552,396.3,197.8,267.0,20.33,1.844
552,396.3,197.5,267.0,20.33,1.844
552,396.3,197.2,267.0,20.33,1.844
552,396.3,197.0,267.0,20.33,1.844
552,396.3,196.7,267.0,20.33,1.844
552,396.3,196.4,267.0,20.33,1.844
552,396.3,196.2,267.0,20.33,1.844
552,396.3,195.9,267.0,20.33,1.844
552,396.3,195.6,267.0,20.33,1.844
552,396.3,195.3,267.0,20.33,1.844
552,396.3,195.0,267.0,20.33,1.844
552,396.3,194.8,267.0,20.33,1.844
552,396.3,194.5,267.0,20.33,1.844
552,396.3,194.2,267.0,20.33,1.844
552,396.3,193.9,267.0,20.33,1.844
552,396.3,193.7,267.0,20.33,1.844
552,396.3,193.4,267.0,20.33,1.844
552,396.3,193.1,267.0,20.33,1.844
552,396.3,192.9,267.0,20.33,1.844
552,396.3,192.6,267.0,20.33,1.844
552,396.3,192.3,267.0,20.33,1.844
552,396.3,192.0,267.0,20.33,1.844
552,396.3,194.7,267.0,20.33,1.844
552,396.3,194.4,267.0,20.33,1.844
552,396.3,194.1,267.0,20.33,1.844
552,396.3,193.9,267.0,20.33,1.844
552,396.3,193.6,267.0,20.33,1.844
552,396.3,193.3,267.0,20.33,1.844
552,396.3,193.0,267.0,20.33,1.844
552,396.3,192.8,267.0,20.33,1.844
552,396.3,192.5,267.0,20.33,1.844
552,396.3,192.2,267.0,20.33,1.844
552,396.3,191.9,267.0,19.96,1.844
552,396.3,191.7,267.0,19.96,1.720
552,396.3,191.4,267.0,19.96,1.720
552,396.3,191.1,267.0,19.96,1.720
552,396.3,190.8,267.0,19.96,1.720
552,396.3,190.6,267.0,19.96,1.720
552,396.3,193.2,267.0,20.33,1.720
552,396.3,193.0,267.0,20.33,1.844
552,396.3,192.7,267.0,20.33,1.844
552,396.3,192.4,267.0,20.33,1.844
552,396.3,192.1,267.0,20.33,1.844
552,396.3,194.8,267.0,20.33,1.844
552,396.3,194.5,267.0,20.33,1.844
552,396.3,194.2,267.0,20.33,1.844
552,396.3,194.0,267.0,20.33,1.844
552,396.3,193.7,267.0,20.33,1.844
552,396.3,193.4,267.0,20.33,1.844
552,396.3,193.2,267.0,20.33,1.844
552,396.3,192.9,267.0,20.33,1.844
552,396.3,192.6,267.0,20.33,1.844
552,396.3,192.3,267.0,20.33,1.844
552,396.3,192.1,267.0,20.33,1.844
552,396.3,194.7,267.0,20.33,1.844
552,396.3,194.4,267.0,20.33,1.844
552,396.3,194.2,267.0,20.33,1.844
552,396.3,193.9,267.0,20.33,1.844
552,396.3,193.6,267.0,20.33,1.844
552,396.3,193.3,267.0,20.33,1.844
552,396.3,193.1,267.0,20.33,1.844
552,396.3,192.8,267.0,20.33,1.844
552,396.3,192.5,267.0,20.33,1.844
552,396.3,192.2,267.0,20.33,1.844
552,396.3,192.0,267.0,19.96,1.844
552,396.3,191.7,267.0,19.96,1.720
552,396.3,191.4,267.0,19.96,1.720
552,396.3,191.2,267.0,19.96,1.720
552,396.3,190.9,267.0,19.96,1.720
552,396.3,190.6,267.0,19.96,1.720
552,396.3,193.3,267.0,20.33,1.720
552,396.3,193.0,267.0,20.33,1.844
552,396.3,192.7,267.0,20.33,1.844
552,396.3,192.4,267.0,20.33,1.844
552,396.3,192.2,267.0,20.33,1.844
552,396.3,191.9,267.0,19.96,1.844
552,396.3,191.6,267.0,19.96,1.720
552,396.3,191.3,267.0,19.96,1.720
552,396.3,191.1,267.0,19.96,1.720
552,396.3,190.8,267.0,19.96,1.720
552,396.3,190.5,267.0,19.96,1.720
552,396.3,193.2,267.0,20.33,1.720
552,396.3,192.9,267.0,20.33,1.844
552,396.3,192.6,267.0,20.33,1.844
552,396.3,192.4,267.0,20.33,1.844
552,396.3,192.1,267.0,20.33,1.844
552,396.3,194.8,267.0,20.33,1.844
552,396.3,194.5,267.0,20.33,1.844
552,396.3,194.2,267.0,20.33,1.844
552,396.3,193.9,267.0,20.33,1.844
552,396.3,193.7,267.0,20.33,1.844
552,396.3,193.4,267.0,20.33,1.844
552,396.3,193.1,267.0,20.33,1.844
552,396.3,192.8,267.0,20.33,1.844
552,396.3,192.6,267.0,20.33,1.844
552,396.3,192.3,267.0,20.33,1.844
552,396.3,192.0,267.0,20.33,1.844
552,396.3,194.7,267.0,20.33,1.844
552,396.3,194.4,267.0,20.33,1.844
552,396.3,194.1,267.0,20.33,1.844
552,396.3,193.8,267.0,20.33,1.844
552,396.3,193.6,267.0,20.33,1.844
552,396.3,193.3,267.0,20.33,1.844
552,396.3,193.0,267.0,20.33,1.844
552,396.3,192.8,267.0,20.33,1.844
552,396.3,192.5,267.0,20.33,1.844
552,396.3,192.2,267.0,20.33,1.844
552,396.3,191.9,267.0,19.96,1.844
552,396.3,191.7,267.0,19.96,1.720
552,396.3,191.4,267.0,19.96,1.720
552,396.3,191.1,267.0,19.96,1.720
552,396.3,190.8,267.0,19.96,1.720
552,396.3,190.6,267.0,19.96,1.720
552,396.3,193.2,267.0,20.33,1.720
552,396.3,192.9,267.0,20.33,1.844
552,396.3,192.7,267.0,20.33,1.844
552,396.3,192.4,267.0,20.33,1.844
552,396.3,192.1,267.0,20.33,1.844
552,396.3,194.8,267.0,20.33,1.844
552,396.3,194.5,267.0,20.33,1.844
552,396.3,194.2,267.0,20.33,1.844
558,371.3,215.3,264.6,19.00,0.997
558,376.4,212.2,267.0,20.27,0.891
558,381.4,209.1,267.0,20.27,1.259
558,384.3,206.0,267.0,20.33,1.259
558,387.2,202.9,267.0,20.20,1.595
558,390.1,202.6,267.0,20.20,1.703
558,393.1,202.3,267.0,20.20,1.703
558,396.0,202.0,267.0,20.20,1.703
558,396.0,201.7,267.0,20.20,1.844
558,396.0,201.4,267.0,20.20,1.844
558,396.0,201.2,267.0,20.20,1.844
558,396.0,200.9,267.0,20.20,1.844
558,396.0,200.6,267.0,20.20,1.844
558,396.0,200.3,267.0,20.20,1.844
558,396.0,200.1,267.0,20.20,1.844
558,396.0,199.8,267.0,20.20,1.844
558,396.0,199.5,267.0,20.20,1.844
558,396.0,199.2,267.0,20.20,1.844
558,396.0,199.0,267.0,20.20,1.844
558,396.0,198.7,267.0,20.20,1.844
558,396.0,198.4,267.0,20.20,1.844
558,396.0,198.1,267.0,20.20,1.844
558,396.0,197.9,267.0,20.20,1.844
558,396.0,197.6,267.0,20.20,1.844
558,396.0,197.3,267.0,20.20,1.844
558,396.0,197.0,267.0,20.20,1.844
558,396.0,196.8,267.0,20.20,1.844
558,396.0,196.5,267.0,20.20,1.844
558,396.0,196.2,267.0,20.20,1.844
558,396.0,195.9,267.0,20.20,1.844
558,396.0,195.7,267.0,20.20,1.844
558,396.0,195.4,267.0,20.20,1.844
558,396.0,195.1,267.0,20.20,1.844
558,396.0,194.8,267.0,20.20,1.844
558,396.0,194.6,267.0,20.20,1.844
558,396.0,194.3,267.0,20.20,1.844
558,396.0,194.0,267.0,20.20,1.844
558,396.0,193.7,267.0,20.20,1.844
558,396.0,193.5,267.0,20.20,1.844
558,396.0,193.2,267.0,20.20,1.844
558,396.0,192.9,267.0,20.20,1.844
558,396.0,192.6,267.0,20.20,1.844
558,396.0,192.4,267.0,20.20,1.844
558,396.0,192.1,267.0,20.20,1.844
558,396.0,194.8,267.0,20.20,1.844
558,396.0,194.5,267.0,20.20,1.844
558,396.0,194.2,267.0,20.20,1.844
558,396.0,193.9,267.0,20.20,1.844
558,396.0,193.7,267.0,20.20,1.844
558,396.0,193.4,267.0,20.20,1.844
558,396.0,193.1,267.0,20.20,1.844
558,396.0,192.8,267.0,20.20,1.844
558,396.0,192.6,267.0,20.20,1.844
558,396.0,192.3,267.0,20.20,1.844
558,396.0,192.0,267.0,20.20,1.844
558,396.0,194.7,267.0,20.20,1.844
558,396.0,194.4,267.0,20.20,1.844
558,396.0,194.1,267.0,20.20,1.844
558,396.0,193.8,267.0,20.20,1.844
558,396.0,193.6,267.0,20.20,1.844
558,396.0,193.3,267.0,20.20,1.844
558,396.0,193.0,267.0,20.20,1.844
558,396.0,192.8,267.0,20.20,1.844
558,396.0,192.5,267.0,20.20,1.844
558,396.0,192.2,267.0,20.20,1.844
558,396.0,191.9,267.0,20.26,1.844
558,396.0,191.7,267.0,20.26,1.720
558,396.0,191.4,267.0,20.26,1.720
558,396.0,191.1,267.0,20.26,1.720
558,396.0,190.8,267.0,20.26,1.720
558,396.0,190.6,267.0,20.26,1.720
558,396.0,193.2,267.0,20.20,1.720
558,396.0,192.9,267.0,20.20,1.844
558,396.0,192.7,267.0,20.20,1.844
558,396.0,192.4,267.0,20.20,1.844
558,396.0,192.1,267.0,20.20,1.844
558,396.0,194.8,267.0,20.20,1.844
558,396.0,194.5,267.0,20.20,1.844
558,396.0,194.2,267.0,20.20,1.844
558,396.0,194.0,267.0,20.20,1.844
558,396.0,193.7,267.0,20.20,1.844
558,396.0,193.4,267.0,20.20,1.844
558,396.0,193.1,267.0,20.20,1.844
558,396.0,192.9,267.0,20.20,1.844
558,396.0,192.6,267.0,20.20,1.844
558,396.0,192.3,267.0,20.20,1.844
558,396.0,192.0,267.0,20.20,1.844
558,396.0,194.7,267.0,20.20,1.844
558,396.0,194.4,267.0,20.20,1.844
558,396.0,194.2,267.0,20.20,1.844
558,396.0,193.9,267.0,20.20,1.844
558,396.0,193.6,267.0,20.20,1.844
558,396.0,193.3,267.0,20.20,1.844
558,396.0,193.1,267.0,20.20,1.844
558,396.0,192.8,267.0,20.20,1.844
558,396.0,192.5,267.0,20.20,1.844
558,396.0,192.2,267.0,20.20,1.844
558,396.0,192.0,267.0,20.26,1.844
558,396.0,191.7,267.0,20.26,1.720
558,396.0,191.4,267.0,20.26,1.720
558,396.0,191.1,267.0,20.26,1.720
558,396.0,190.9,267.0,20.26,1.720
558,396.0,190.6,267.0,20.26,1.720
558,396.0,193.3,267.0,20.20,1.720
558,396.0,193.0,267.0,20.20,1.844
558,396.0,192.7,267.0,20.20,1.844
558,396.0,192.4,267.0,20.20,1.844
558,396.0,192.2,267.0,20.20,1.844
558,396.0,191.9,267.0,20.26,1.844
558,396.0,191.6,267.0,20.26,1.720
558,396.0,191.3,267.0,20.26,1.720
558,396.0,191.1,267.0,20.26,1.720
558,396.0,190.8,267.0,20.26,1.720
558,396.0,190.5,267.0,20.26,1.720
558,396.0,193.2,267.0,20.20,1.720
558,396.0,192.9,267.0,20.20,1.844
558,396.0,192.6,267.0,20.20,1.844
558,396.0,192.3,267.0,20.20,1.844
558,396.0,192.1,267.0,20.20,1.844
558,396.0,194.7,267.0,20.20,1.844
558,396.0,194.5,267.0,20.20,1.844
558,396.0,194.2,267.0,20.20,1.844
558,396.0,193.9,267.0,20.20,1.844
558,396.0,193.6,267.0,20.20,1.844
558,396.0,193.4,267.0,20.20,1.844
558,396.0,193.1,267.0,20.20,1.844
558,396.0,192.8,267.0,20.20,1.844
558,396.0,192.5,267.0,20.20,1.844
558,396.0,192.3,267.0,20.20,1.844
558,396.0,192.0,267.0,20.26,1.844
558,396.0,191.7,267.0,20.26,1.720
558,396.0,191.4,267.0,20.26,1.720
558,396.0,191.2,267.0,20.26,1.720
558,396.0,190.9,267.0,20.26,1.720
558,396.0,190.6,267.0,20.26,1.720
558,396.0,193.3,267.0,20.20,1.720
558,396.0,193.0,267.0,20.20,1.844
558,396.0,192.7,267.0,20.20,1.844
558,396.0,192.5,267.0,20.20,1.844
558,396.0,192.2,267.0,20.20,1.844
558,396.0,191.9,267.0,20.26,1.844
558,396.0,191.6,267.0,20.26,1.720
558,396.0,191.4,267.0,20.26,1.720
558,396.0,191.1,267.0,20.26,1.720
558,396.0,190.8,267.0,20.26,1.720
558,396.0,190.5,267.0,20.26,1.720
558,396.0,193.2,267.0,20.20,1.720
558,396.0,192.9,267.0,20.20,1.844
558,396.0,192.7,267.0,20.20,1.844
558,396.0,192.4,267.0,20.20,1.844
558,396.0,192.1,267.0,20.20,1.844
558,396.0,194.8,267.0,20.20,1.844
558,396.0,194.5,267.0,20.20,1.844
558,396.0,194.2,267.0,20.20,1.844
558,396.0,193.9,267.0,20.20,1.844
558,396.0,193.7,267.0,20.20,1.844
558,396.0,193.4,267.0,20.20,1.844
558,396.0,193.1,267.0,20.20,1.844
558,396.0,192.9,267.0,20.20,1.844
558,396.0,192.6,267.0,20.20,1.844
564,425.0,215.4,264.6,19.90,0.997
564,418.4,212.8,264.2,20.33,0.891
564,415.5,209.7,267.0,20.33,1.595
564,412.6,206.6,267.0,20.33,1.595
564,409.7,203.5,267.0,20.20,1.595
564,406.7,203.2,267.0,20.33,1.703
564,406.7,202.9,267.0,20.33,1.844
564,406.7,202.6,267.0,20.33,1.844
564,406.7,202.3,267.0,20.33,1.844
564,406.7,202.1,267.0,20.33,1.844
564,406.7,201.8,267.0,20.33,1.844
564,406.7,201.5,267.0,20.33,1.844
564,406.7,201.2,267.0,20.33,1.844
564,406.7,201.0,267.0,20.33,1.844
564,406.7,200.7,267.0,20.33,1.844
564,406.7,200.4,267.0,20.33,1.844
564,406.7,200.1,267.0,20.33,1.844
564,406.7,199.9,267.0,20.33,1.844
564,406.7,199.6,267.0,20.33,1.844
564,406.7,199.3,267.0,20.33,1.844
564,406.7,199.0,267.0,20.33,1.844
564,406.7,198.8,267.0,20.33,1.844
564,406.7,198.5,267.0,20.33,1.844
564,406.7,198.2,267.0,20.33,1.844
564,406.7,197.9,267.0,20.33,1.844
564,406.7,197.7,267.0,20.33,1.844
564,406.7,197.4,267.0,20.33,1.844
564,406.7,197.1,267.0,20.33,1.844
564,406.7,196.8,267.0,20.33,1.844
564,406.7,196.6,267.0,20.33,1.844
564,406.7,196.3,267.0,20.33,1.844
564,406.7,196.0,267.0,20.33,1.844
564,406.7,195.7,267.0,20.33,1.844
564,406.7,195.5,267.0,20.33,1.844
564,406.7,195.2,267.0,20.33,1.844
564,406.7,194.9,267.0,20.33,1.844
564,406.7,194.6,267.0,20.33,1.844
564,406.7,194.4,267.0,20.33,1.844
564,406.7,194.1,267.0,20.33,1.844
564,406.7,193.8,267.0,20.33,1.844
564,406.7,193.5,267.0,20.33,1.844
564,406.7,193.3,267.0,20.33,1.844
564,406.7,193.0,267.0,20.33,1.844
564,406.7,192.7,267.0,20.33,1.844
564,406.7,192.4,267.0,20.33,1.844
564,406.7,192.2,267.0,20.33,1.844
564,406.7,191.9,267.0,19.96,1.844
564,406.7,191.6,267.0,19.96,1.720
564,406.7,191.3,267.0,19.96,1.720
564,406.7,191.1,267.0,19.96,1.720
564,406.7,190.8,267.0,19.96,1.720
564,406.7,190.5,267.0,19.96,1.720
564,406.7,193.2,267.0,20.33,1.720
564,406.7,192.9,267.0,20.33,1.844
564,406.7,192.6,267.0,20.33,1.844
564,406.7,192.3,267.0,20.33,1.844
564,406.7,192.1,267.0,20.33,1.844
564,406.7,194.7,267.0,20.33,1.844
564,406.7,194.5,267.0,20.33,1.844
564,406.7,194.2,267.0,20.33,1.844
564,406.7,193.9,267.0,20.33,1.844
564,406.7,193.6,267.0,20.33,1.844
564,406.7,193.4,267.0,20.33,1.844
564,406.7,193.1,267.0,20.33,1.844
564,406.7,192.8,267.0,20.33,1.844
564,406.7,192.5,267.0,20.33,1.844
564,406.7,192.3,267.0,20.33,1.844
564,406.7,192.0,267.0,19.96,1.844
564,406.7,191.7,267.0,19.96,1.720
564,406.7,191.4,267.0,19.96,1.720
564,406.7,191.2,267.0,19.96,1.720
564,406.7,190.9,267.0,19.96,1.720
564,406.7,190.6,267.0,19.96,1.720
564,406.7,193.3,267.0,20.33,1.720
564,406.7,193.0,267.0,20.33,1.844
564,406.7,192.7,267.0,20.33,1.844
564,406.7,192.5,267.0,20.33,1.844
564,406.7,192.2,267.0,20.33,1.844
564,406.7,191.9,267.0,19.96,1.844
564,406.7,191.6,267.0,19.96,1.720
564,406.7,191.4,267.0,19.96,1.720
564,406.7,191.1,267.0,19.96,1.720
564,406.7,190.8,267.0,19.96,1.720
564,406.7,190.5,267.0,19.96,1.720
564,406.7,193.2,267.0,20.33,1.720
564,406.7,192.9,267.0,20.33,1.844
564,406.7,192.7,267.0,20.33,1.844
564,406.7,192.4,267.0,20.33,1.844
564,406.7,192.1,267.0,20.33,1.844
564,406.7,194.8,267.0,20.33,1.844
564,406.7,194.5,267.0,20.33,1.844
564,406.7,194.2,267.0,20.33,1.844
564,406.7,193.9,267.0,20.33,1.844
564,406.7,193.7,267.0,20.33,1.844
564,406.7,193.4,267.0,20.33,1.844
564,406.7,193.1,267.0,20.33,1.844
564,406.7,192.9,267.0,20.33,1.844
564,406.7,192.6,267.0,20.33,1.844
564,406.7,192.3,267.0,20.33,1.844
564,406.7,192.0,267.0,20.33,1.844
564,406.7,194.7,267.0,20.33,1.844
564,406.7,194.4,267.0,20.33,1.844
564,406.7,194.2,267.0,20.33,1.844
564,406.7,193.9,267.0,20.33,1.844
564,406.7,193.6,267.0,20.33,1.844
564,406.7,193.3,267.0,20.33,1.844
564,406.7,193.1,267.0,20.33,1.844
564,406.7,192.8,267.0,20.33,1.844
564,406.7,192.5,267.0,20.33,1.844
564,406.7,192.2,267.0,20.33,1.844
564,406.7,191.9,267.0,19.96,1.844
564,406.7,191.7,267.0,19.96,1.720
564,406.7,191.4,267.0,19.96,1.720
564,406.7,191.1,267.0,19.96,1.720
564,406.7,190.8,267.0,19.96,1.720
564,406.7,190.6,267.0,19.96,1.720
564,406.7,193.2,267.0,20.33,1.720
564,406.7,193.0,267.0,20.33,1.844
564,406.7,192.7,267.0,20.33,1.844
564,406.7,192.4,267.0,20.33,1.844
564,406.7,192.1,267.0,20.33,1.844
564,406.7,191.9,267.0,19.96,1.844
564,406.7,191.6,267.0,19.96,1.720
564,406.7,191.3,267.0,19.96,1.720
564,406.7,191.0,267.0,19.96,1.720
564,406.7,190.8,267.0,19.96,1.720
564,406.7,190.5,267.0,19.96,1.720
564,406.7,193.2,267.0,20.33,1.720
564,406.7,192.9,267.0,20.33,1.844
564,406.7,192.6,267.0,20.33,1.844
564,406.7,192.3,267.0,20.33,1.844
564,406.7,192.1,267.0,20.33,1.844
564,406.7,194.7,267.0,20.33,1.844
564,406.7,194.4,267.0,20.33,1.844
564,406.7,194.2,267.0,20.33,1.844
564,406.7,193.9,267.0,20.33,1.844
564,406.7,193.6,267.0,20.33,1.844
564,406.7,193.3,267.0,20.33,1.844
564,406.7,193.1,267.0,20.33,1.844
564,406.7,192.8,267.0,20.33,1.844
564,406.7,192.5,267.0,20.33,1.844
564,406.7,192.2,267.0,20.33,1.844
564,406.7,192.0,267.0,19.96,1.844
564,406.7,191.7,267.0,19.96,1.720
564,406.7,191.4,267.0,19.96,1.720
564,406.7,191.2,267.0,19.96,1.720
564,406.7,190.9,267.0,19.96,1.720
564,406.7,190.6,267.0,19.96,1.720
564,406.7,193.3,267.0,20.33,1.720
564,406.7,193.0,267.0,20.33,1.844
564,406.7,192.7,267.0,20.33,1.844
564,406.7,192.5,267.0,20.33,1.844
564,406.7,192.2,267.0,20.33,1.844
564,406.7,191.9,267.0,19.96,1.844
564,406.7,191.6,267.0,19.96,1.720
564,406.7,191.3,267.0,19.96,1.720
564,406.7,191.1,267.0,19.96,1.720
564,406.7,190.8,267.0,19.96,1.720
564,406.7,190.5,267.0,19.96,1.720
564,406.7,193.2,267.0,20.33,1.720
570,446.7,177.8,262.6,24.46,0.520
570,443.9,178.2,260.2,23.26,0.465
570,439.8,180.2,257.5,19.43,0.465
570,434.8,180.9,250.1,20.83,1.124
570,430.5,181.2,244.5,20.94,0.884
570,425.4,182.1,243.2,20.94,0.670
570,420.2,182.9,241.8,20.94,0.670
570,418.1,184.6,246.3,20.69,0.670
570,415.9,186.4,250.7,20.69,0.652
570,413.2,188.8,260.0,20.34,0.652
570,410.4,191.4,267.0,20.26,1.247
570,407.4,191.1,267.0,19.96,1.615
570,407.4,190.8,267.0,19.96,1.720
570,407.4,190.6,267.0,19.96,1.720
570,407.4,193.2,267.0,20.33,1.720
570,407.4,192.9,267.0,20.33,1.844
570,407.4,192.7,267.0,20.33,1.844
570,407.4,192.4,267.0,20.33,1.844
570,407.4,192.1,267.0,20.33,1.844
570,407.4,194.8,267.0,20.33,1.844
570,407.4,194.5,267.0,20.33,1.844
570,407.4,194.2,267.0,20.33,1.844
570,407.4,194.0,267.0,20.33,1.844
570,407.4,193.7,267.0,20.33,1.844
570,407.4,193.4,267.0,20.33,1.844
570,407.4,193.1,267.0,20.33,1.844
570,407.4,192.9,267.0,20.33,1.844
570,407.4,192.6,267.0,20.33,1.844
570,407.4,192.3,267.0,20.33,1.844
570,407.4,192.0,267.0,20.33,1.844
570,407.4,194.7,267.0,20.33,1.844
570,407.4,194.4,267.0,20.33,1.844
570,407.4,194.2,267.0,20.33,1.844
570,407.4,193.9,267.0,20.33,1.844
570,407.4,193.6,267.0,20.33,1.844
570,407.4,193.3,267.0,20.33,1.844
570,407.4,193.1,267.0,20.33,1.844
570,407.4,192.8,267.0,20.33,1.844
570,407.4,192.5,267.0,20.33,1.844
570,407.4,192.2,267.0,20.33,1.844
570,407.4,192.0,267.0,19.96,1.844
570,407.4,191.7,267.0,19.96,1.720
570,407.4,191.4,267.0,19.96,1.720
570,407.4,191.1,267.0,19.96,1.720
570,407.4,190.9,267.0,19.96,1.720
570,407.4,190.6,267.0,19.96,1.720
570,407.4,193.2,267.0,20.33,1.720
570,407.4,193.0,267.0,20.33,1.844
570,407.4,192.7,267.0,20.33,1.844
570,407.4,192.4,267.0,20.33,1.844
570,407.4,192.2,267.0,20.33,1.844
570,407.4,191.9,267.0,19.96,1.844
570,407.4,191.6,267.0,19.96,1.720
570,407.4,191.3,267.0,19.96,1.720
570,407.4,191.1,267.0,19.96,1.720
570,407.4,190.8,267.0,19.96,1.720
570,407.4,190.5,267.0,19.96,1.720
570,407.4,193.2,267.0,20.33,1.720
570,407.4,192.9,267.0,20.33,1.844
570,407.4,192.6,267.0,20.33,1.844
570,407.4,192.3,267.0,20.33,1.844
570,407.4,192.1,267.0,20.33,1.844
570,407.4,194.7,267.0,20.33,1.844
570,407.4,194.5,267.0,20.33,1.844
570,407.4,194.2,267.0,20.33,1.844
570,407.4,193.9,267.0,20.33,1.844
570,407.4,193.6,267.0,20.33,1.844
570,407.4,193.4,267.0,20.33,1.844
570,407.4,193.1,267.0,20.33,1.844
570,407.4,192.8,267.0,20.33,1.844
570,407.4,192.5,267.0,20.33,1.844
570,407.4,192.3,267.0,20.33,1.844
570,407.4,192.0,267.0,19.96,1.844
570,407.4,191.7,267.0,19.96,1.720
570,407.4,191.4,267.0,19.96,1.720
570,407.4,191.2,267.0,19.96,1.720
570,407.4,190.9,267.0,19.96,1.720
570,407.4,190.6,267.0,19.96,1.720
570,407.4,193.3,267.0,20.33,1.720
570,407.4,193.0,267.0,20.33,1.844
570,407.4,192.7,267.0,20.33,1.844
570,407.4,192.5,267.0,20.33,1.844
570,407.4,192.2,267.0,20.33,1.844
570,407.4,191.9,267.0,19.96,1.844
570,407.4,191.6,267.0,19.96,1.720
570,407.4,191.4,267.0,19.96,1.720
570,407.4,191.1,267.0,19.96,1.720
570,407.4,190.8,267.0,19.96,1.720
570,407.4,190.5,267.0,19.96,1.720
570,407.4,193.2,267.0,20.33,1.720
570,407.4,192.9,267.0,20.33,1.844
570,407.4,192.7,267.0,20.33,1.844
570,407.4,192.4,267.0,20.33,1.844
570,407.4,192.1,267.0,20.33,1.844
570,407.4,194.8,267.0,20.33,1.844
570,407.4,194.5,267.0,20.33,1.844
570,407.4,194.2,267.0,20.33,1.844
570,407.4,193.9,267.0,20.33,1.844
570,407.4,193.7,267.0,20.33,1.844
570,407.4,193.4,267.0,20.33,1.844
570,407.4,193.1,267.0,20.33,1.844
570,407.4,192.9,267.0,20.33,1.844
570,407.4,192.6,267.0,20.33,1.844
570,407.4,192.3,267.0,20.33,1.844
570,407.4,192.0,267.0,20.33,1.844
570,407.4,194.7,267.0,20.33,1.844
570,407.4,194.4,267.0,20.33,1.844
570,407.4,194.1,267.0,20.33,1.844
570,407.4,193.9,267.0,20.33,1.844
570,407.4,193.6,267.0,20.33,1.844
570,407.4,193.3,267.0,20.33,1.844
570,407.4,193.0,267.0,20.33,1.844
570,407.4,192.8,267.0,20.33,1.844
570,407.4,192.5,267.0,20.33,1.844
570,407.4,192.2,267.0,20.33,1.844
570,407.4,191.9,267.0,19.96,1.844
570,407.4,191.7,267.0,19.96,1.720
570,407.4,191.4,267.0,19.96,1.720
570,407.4,191.1,267.0,19.96,1.720
570,407.4,190.8,267.0,19.96,1.720
570,407.4,190.6,267.0,19.96,1.720
570,407.4,193.2,267.0,20.33,1.720
570,407.4,193.0,267.0,20.33,1.844
570,407.4,192.7,267.0,20.33,1.844
570,407.4,192.4,267.0,20.33,1.844
570,407.4,192.1,267.0,20.33,1.844
570,407.4,194.8,267.0,20.33,1.844
570,407.4,194.5,267.0,20.33,1.844
570,407.4,194.3,267.0,20.33,1.844
570,407.4,194.0,267.0,20.33,1.844
570,407.4,193.7,267.0,20.33,1.844
570,407.4,193.4,267.0,20.33,1.844
570,407.4,193.2,267.0,20.33,1.844
570,407.4,192.9,267.0,20.33,1.844
570,407.4,192.6,267.0,20.33,1.844
570,407.4,192.3,267.0,20.33,1.844
570,407.4,192.1,267.0,20.33,1.844
570,407.4,194.7,267.0,20.33,1.844
570,407.4,194.4,267.0,20.33,1.844
570,407.4,194.2,267.0,20.33,1.844
570,407.4,193.9,267.0,20.33,1.844
570,407.4,193.6,267.0,20.33,1.844
570,407.4,193.3,267.0,20.33,1.844
570,407.4,193.1,267.0,20.33,1.844
570,407.4,192.8,267.0,20.33,1.844
570,407.4,192.5,267.0,20.33,1.844
570,407.4,192.2,267.0,20.33,1.844
570,407.4,192.0,267.0,19.96,1.844
570,407.4,191.7,267.0,19.96,1.720
570,407.4,191.4,267.0,19.96,1.720
570,407.4,191.2,267.0,19.96,1.720
570,407.4,190.9,267.0,19.96,1.720
570,407.4,190.6,267.0,19.96,1.720
570,407.4,193.3,267.0,20.33,1.720
570,407.4,193.0,267.0,20.33,1.844
570,407.4,192.7,267.0,20.33,1.844
570,407.4,192.5,267.0,20.33,1.844
570,407.4,192.2,267.0,20.33,1.844
570,407.4,191.9,267.0,19.96,1.844
570,407.4,191.6,267.0,19.96,1.720
576,367.8,203.9,264.6,18.56,0.891
576,374.4,203.7,264.0,19.71,0.833
576,379.4,203.4,267.0,19.71,1.261
576,384.4,203.0,267.0,20.20,1.261
576,387.4,202.7,267.0,20.20,1.703
576,390.3,202.4,267.0,20.20,1.703
576,393.2,202.1,267.0,20.20,1.703
576,396.1,201.8,267.0,20.33,1.703
576,396.1,201.6,267.0,20.33,1.844
576,396.1,201.3,267.0,20.33,1.844
576,396.1,201.0,267.0,20.33,1.844
576,396.1,200.7,267.0,20.33,1.844
576,396.1,200.5,267.0,20.33,1.844
576,396.1,200.2,267.0,20.33,1.844
576,396.1,199.9,267.0,20.33,1.844
576,396.1,199.6,267.0,20.33,1.844
576,396.1,199.4,267.0,20.33,1.844
576,396.1,199.1,267.0,20.33,1.844
576,396.1,198.8,267.0,20.33,1.844
576,396.1,198.5,267.0,20.33,1.844
576,396.1,198.3,267.0,20.33,1.844
576,396.1,198.0,267.0,20.33,1.844
576,396.1,197.7,267.0,20.33,1.844
576,396.1,197.4,267.0,20.33,1.844
576,396.1,197.2,267.0,20.33,1.844
576,396.1,196.9,267.0,20.33,1.844
576,396.1,196.6,267.0,20.33,1.844
576,396.1,196.3,267.0,20.33,1.844
576,396.1,196.1,267.0,20.33,1.844
576,396.1,195.8,267.0,20.33,1.844
576,396.1,195.5,267.0,20.33,1.844
576,396.1,195.2,267.0,20.33,1.844
576,396.1,195.0,267.0,20.33,1.844
576,396.1,194.7,267.0,20.33,1.844
576,396.1,194.4,267.0,20.33,1.844
576,396.1,194.1,267.0,20.33,1.844
576,396.1,193.9,267.0,20.33,1.844
576,396.1,193.6,267.0,20.33,1.844
576,396.1,193.3,267.0,20.33,1.844
576,396.1,193.0,267.0,20.33,1.844
576,396.1,192.8,267.0,20.33,1.844
576,396.1,192.5,267.0,20.33,1.844
576,396.1,192.2,267.0,20.33,1.844
576,396.1,191.9,267.0,19.96,1.844
576,396.1,191.7,267.0,19.96,1.720
576,396.1,191.4,267.0,19.96,1.720
576,396.1,191.1,267.0,19.96,1.720
576,396.1,190.8,267.0,19.96,1.720
576,396.1,190.6,267.0,19.96,1.720
576,396.1,193.2,267.0,20.33,1.720
576,396.1,193.0,267.0,20.33,1.844
576,396.1,192.7,267.0,20.33,1.844
576,396.1,192.4,267.0,20.33,1.844
576,396.1,192.1,267.0,20.33,1.844
576,396.1,194.8,267.0,20.33,1.844
576,396.1,194.5,267.0,20.33,1.844
576,396.1,194.2,267.0,20.33,1.844
576,396.1,194.0,267.0,20.33,1.844
576,396.1,193.7,267.0,20.33,1.844
576,396.1,193.4,267.0,20.33,1.844
576,396.1,193.2,267.0,20.33,1.844
576,396.1,192.9,267.0,20.33,1.844
576,396.1,192.6,267.0,20.33,1.844
576,396.1,192.3,267.0,20.33,1.844
576,396.1,192.1,267.0,20.33,1.844
576,396.1,194.7,267.0,20.33,1.844
576,396.1,194.4,267.0,20.33,1.844
576,396.1,194.2,267.0,20.33,1.844
576,396.1,193.9,267.0,20.33,1.844
576,396.1,193.6,267.0,20.33,1.844
576,396.1,193.3,267.0,20.33,1.844
576,396.1,193.1,267.0,20.33,1.844
576,396.1,192.8,267.0,20.33,1.844
576,396.1,192.5,267.0,20.33,1.844
576,396.1,192.2,267.0,20.33,1.844
576,396.1,192.0,267.0,19.96,1.844
576,396.1,191.7,267.0,19.96,1.720
576,396.1,191.4,267.0,19.96,1.720
576,396.1,191.1,267.0,19.96,1.720
576,396.1,190.9,267.0,19.96,1.720
576,396.1,190.6,267.0,19.96,1.720
576,396.1,193.3,267.0,20.33,1.720
576,396.1,193.0,267.0,20.33,1.844
576,396.1,192.7,267.0,20.33,1.844
576,396.1,192.4,267.0,20.33,1.844
576,396.1,192.2,267.0,20.33,1.844
576,396.1,191.9,267.0,19.96,1.844
576,396.1,191.6,267.0,19.96,1.720
576,396.1,191.3,267.0,19.96,1.720
576,396.1,191.1,267.0,19.96,1.720
576,396.1,190.8,267.0,19.96,1.720
576,396.1,190.5,267.0,19.96,1.720
576,396.1,193.2,267.0,20.33,1.720
576,396.1,192.9,267.0,20.33,1.844
576,396.1,192.6,267.0,20.33,1.844
576,396.1,192.4,267.0,20.33,1.844
576,396.1,192.1,267.0,20.33,1.844
576,396.1,194.8,267.0,20.33,1.844
576,396.1,194.5,267.0,20.33,1.844
576,396.1,194.2,267.0,20.33,1.844
576,396.1,193.9,267.0,20.33,1.844
576,396.1,193.7,267.0,20.33,1.844
576,396.1,193.4,267.0,20.33,1.844
576,396.1,193.1,267.0,20.33,1.844
576,396.1,192.8,267.0,20.33,1.844
576,396.1,192.6,267.0,20.33,1.844
576,396.1,192.3,267.0,20.33,1.844
576,396.1,192.0,267.0,20.33,1.844
576,396.1,194.7,267.0,20.33,1.844
576,396.1,194.4,267.0,20.33,1.844
576,396.1,194.1,267.0,20.33,1.844
576,396.1,193.8,267.0,20.33,1.844
576,396.1,193.6,267.0,20.33,1.844
576,396.1,193.3,267.0,20.33,1.844
576,396.1,193.0,267.0,20.33,1.844
576,396.1,192.8,267.0,20.33,1.844
576,396.1,192.5,267.0,20.33,1.844
576,396.1,192.2,267.0,20.33,1.844
576,396.1,191.9,267.0,19.96,1.844
576,396.1,191.7,267.0,19.96,1.720
576,396.1,191.4,267.0,19.96,1.720
576,396.1,191.1,267.0,19.96,1.720
576,396.1,190.8,267.0,19.96,1.720
576,396.1,190.5,267.0,19.96,1.720
576,396.1,193.2,267.0,20.33,1.720
576,396.1,192.9,267.0,20.33,1.844
576,396.1,192.7,267.0,20.33,1.844
576,396.1,192.4,267.0,20.33,1.844
576,396.1,192.1,267.0,20.33,1.844
576,396.1,194.8,267.0,20.33,1.844
576,396.1,194.5,267.0,20.33,1.844
576,396.1,194.2,267.0,20.33,1.844
576,396.1,194.0,267.0,20.33,1.844
576,396.1,193.7,267.0,20.33,1.844
576,396.1,193.4,267.0,20.33,1.844
576,396.1,193.1,267.0,20.33,1.844
576,396.1,192.9,267.0,20.33,1.844
576,396.1,192.6,267.0,20.33,1.844
576,396.1,192.3,267.0,20.33,1.844
576,396.1,192.0,267.0,20.33,1.844
576,396.1,194.7,267.0,20.33,1.844
576,396.1,194.4,267.0,20.33,1.844
576,396.1,194.2,267.0,20.33,1.844
576,396.1,193.9,267.0,20.33,1.844
576,396.1,193.6,267.0,20.33,1.844
576,396.1,193.3,267.0,20.33,1.844
576,396.1,193.1,267.0,20.33,1.844
576,396.1,192.8,267.0,20.33,1.844
576,396.1,192.5,267.0,20.33,1.844
576,396.1,192.2,267.0,20.33,1.844
576,396.1,191.9,267.0,19.96,1.844
576,396.1,191.7,267.0,19.96,1.720
576,396.1,191.4,267.0,19.96,1.720
576,396.1,191.1,267.0,19.96,1.720
576,396.1,190.9,267.0,19.96,1.720
576,396.1,190.6,267.0,19.96,1.720
576,396.1,193.2,267.0,20.33,1.720
576,396.1,193.0,267.0,20.33,1.844
576,396.1,192.7,267.0,20.33,1.844
576,396.1,192.4,267.0,20.33,1.844
582,360.8,231.8,262.7,23.11,0.495
582,365.3,227.1,262.7,20.50,0.816
582,371.0,223.3,262.8,20.50,0.848
582,375.3,218.8,267.0,21.05,0.848
582,380.4,213.7,267.0,20.27,1.168
582,385.4,210.6,267.0,20.33,1.259
582,388.3,207.5,267.0,20.33,1.595
582,391.2,204.4,267.0,20.33,1.595
582,394.1,204.1,267.0,20.33,1.595
582,397.1,203.8,267.0,20.33,1.595
582,397.1,203.5,267.0,20.33,1.844
582,397.1,203.2,267.0,20.33,1.844
582,397.1,203.0,267.0,20.33,1.844
582,397.1,202.7,267.0,20.33,1.844
582,397.1,202.4,267.0,20.33,1.844
582,397.1,202.1,267.0,20.33,1.844
582,397.1,201.9,267.0,20.33,1.844
582,397.1,201.6,267.0,20.33,1.844
582,397.1,201.3,267.0,20.33,1.844
582,397.1,201.0,267.0,20.33,1.844
582,397.1,200.8,267.0,20.33,1.844
582,397.1,200.5,267.0,20.33,1.844
582,397.1,200.2,267.0,20.33,1.844
582,397.1,199.9,267.0,20.33,1.844
582,397.1,199.7,267.0,20.33,1.844
582,397.1,199.4,267.0,20.33,1.844
582,397.1,199.1,267.0,20.33,1.844
582,397.1,198.8,267.0,20.33,1.844
582,397.1,198.6,267.0,20.33,1.844
582,397.1,198.3,267.0,20.33,1.844
582,397.1,198.0,267.0,20.33,1.844
582,397.1,197.7,267.0,20.33,1.844
582,397.1,197.5,267.0,20.33,1.844
582,397.1,197.2,267.0,20.33,1.844
582,397.1,196.9,267.0,20.33,1.844
582,397.1,196.6,267.0,20.33,1.844
582,397.1,196.4,267.0,20.33,1.844
582,397.1,196.1,267.0,20.33,1.844
582,397.1,195.8,267.0,20.33,1.844
582,397.1,195.5,267.0,20.33,1.844
582,397.1,195.2,267.0,20.33,1.844
582,397.1,195.0,267.0,20.33,1.844
582,397.1,194.7,267.0,20.33,1.844
582,397.1,194.4,267.0,20.33,1.844
582,397.1,194.2,267.0,20.33,1.844
582,397.1,193.9,267.0,20.33,1.844
582,397.1,193.6,267.0,20.33,1.844
582,397.1,193.3,267.0,20.33,1.844
582,397.1,193.1,267.0,20.33,1.844
582,397.1,192.8,267.0,20.33,1.844
582,397.1,192.5,267.0,20.33,1.844
582,397.1,192.2,267.0,20.33,1.844
582,397.1,191.9,267.0,19.96,1.844
582,397.1,191.7,267.0,19.96,1.720
582,397.1,191.4,267.0,19.96,1.720
582,397.1,191.1,267.0,19.96,1.720
582,397.1,190.9,267.0,19.96,1.720
582,397.1,190.6,267.0,19.96,1.720
582,397.1,193.2,267.0,20.33,1.720
582,397.1,193.0,267.0,20.33,1.844
582,397.1,192.7,267.0,20.33,1.844
582,397.1,192.4,267.0,20.33,1.844
582,397.1,192.2,267.0,20.33,1.844
582,397.1,191.9,267.0,19.96,1.844
582,397.1,191.6,267.0,19.96,1.720
582,397.1,191.3,267.0,19.96,1.720
582,397.1,191.1,267.0,19.96,1.720
582,397.1,190.8,267.0,19.96,1.720
582,397.1,190.5,267.0,19.96,1.720
582,397.1,193.2,267.0,20.33,1.720
582,397.1,192.9,267.0,20.33,1.844
582,397.1,192.6,267.0,20.33,1.844
582,397.1,192.3,267.0,20.33,1.844
582,397.1,192.1,267.0,20.33,1.844
582,397.1,194.7,267.0,20.33,1.844
582,397.1,194.5,267.0,20.33,1.844
582,397.1,194.2,267.0,20.33,1.844
582,397.1,193.9,267.0,20.33,1.844
582,397.1,193.6,267.0,20.33,1.844
582,397.1,193.4,267.0,20.33,1.844
582,397.1,193.1,267.0,20.33,1.844
582,397.1,192.8,267.0,20.33,1.844
582,397.1,192.5,267.0,20.33,1.844
582,397.1,192.3,267.0,20.33,1.844
582,397.1,192.0,267.0,19.96,1.844
582,397.1,191.7,267.0,19.96,1.720
582,397.1,191.4,267.0,19.96,1.720
582,397.1,191.2,267.0,19.96,1.720
582,397.1,190.9,267.0,19.96,1.720
582,397.1,190.6,267.0,19.96,1.720
582,397.1,193.3,267.0,20.33,1.720
582,397.1,193.0,267.0,20.33,1.844
582,397.1,192.7,267.0,20.33,1.844
582,397.1,192.5,267.0,20.33,1.844
582,397.1,192.2,267.0,20.33,1.844
582,397.1,191.9,267.0,19.96,1.844
582,397.1,191.6,267.0,19.96,1.720
582,397.1,191.3,267.0,19.96,1.720
582,397.1,191.1,267.0,19.96,1.720
582,397.1,190.8,267.0,19.96,1.720
582,397.1,190.5,267.0,19.96,1.720
582,397.1,193.2,267.0,20.33,1.720
582,397.1,192.9,267.0,20.33,1.844
582,397.1,192.7,267.0,20.33,1.844
582,397.1,192.4,267.0,20.33,1.844
582,397.1,192.1,267.0,20.33,1.844
582,397.1,194.8,267.0,20.33,1.844
582,397.1,194.5,267.0,20.33,1.844
582,397.1,194.2,267.0,20.33,1.844
582,397.1,193.9,267.0,20.33,1.844
582,397.1,193.7,267.0,20.33,1.844
582,397.1,193.4,267.0,20.33,1.844
582,397.1,193.1,267.0,20.33,1.844
582,397.1,192.8,267.0,20.33,1.844
582,397.1,192.6,267.0,20.33,1.844
582,397.1,192.3,267.0,20.33,1.844
582,397.1,192.0,267.0,20.33,1.844
582,397.1,194.7,267.0,20.33,1.844
582,397.1,194.4,267.0,20.33,1.844
582,397.1,194.1,267.0,20.33,1.844
582,397.1,193.9,267.0,20.33,1.844
582,397.1,193.6,267.0,20.33,1.844
582,397.1,193.3,267.0,20.33,1.844
582,397.1,193.0,267.0,20.33,1.844
582,397.1,192.8,267.0,20.33,1.844
582,397.1,192.5,267.0,20.33,1.844
582,397.1,192.2,267.0,20.33,1.844
582,397.1,191.9,267.0,19.96,1.844
582,397.1,191.7,267.0,19.96,1.720
582,397.1,191.4,267.0,19.96,1.720
582,397.1,191.1,267.0,19.96,1.720
582,397.1,190.8,267.0,19.96,1.720
582,397.1,190.6,267.0,19.96,1.720
582,397.1,193.2,267.0,20.33,1.720
582,397.1,193.0,267.0,20.33,1.844
582,397.1,192.7,267.0,20.33,1.844
582,397.1,192.4,267.0,20.33,1.844
582,397.1,192.1,267.0,20.33,1.844
582,397.1,194.8,267.0,20.33,1.844
582,397.1,194.5,267.0,20.33,1.844
582,397.1,194.2,267.0,20.33,1.844
582,397.1,194.0,267.0,20.33,1.844
582,397.1,193.7,267.0,20.33,1.844
582,397.1,193.4,267.0,20.33,1.844
582,397.1,193.2,267.0,20.33,1.844
582,397.1,192.9,267.0,20.33,1.844
582,397.1,192.6,267.0,20.33,1.844
582,397.1,192.3,267.0,20.33,1.844
582,397.1,192.1,267.0,20.33,1.844
582,397.1,194.7,267.0,20.33,1.844
582,397.1,194.4,267.0,20.33,1.844
582,397.1,194.2,267.0,20.33,1.844
582,397.1,193.9,267.0,20.33,1.844
582,397.1,193.6,267.0,20.33,1.844
582,397.1,193.3,267.0,20.33,1.844
582,397.1,193.1,267.0,20.33,1.844
582,397.1,192.8,267.0,20.33,1.844
582,397.1,192.5,267.0,20.33,1.844
582,397.1,192.2,267.0,20.33,1.844
582,397.1,192.0,267.0,19.96,1.844
588,386.5,224.7,267.0,20.21,0.995
588,389.4,219.6,267.0,20.21,1.250
588,392.3,214.4,267.0,20.33,1.250
588,395.2,211.3,267.0,20.33,1.595
588,395.2,208.2,267.0,20.33,1.595
588,395.2,205.0,267.0,20.33,1.595
588,395.2,204.8,267.0,20.33,1.595
588,395.2,204.5,267.0,20.33,1.595
588,395.2,204.2,267.0,20.33,1.595
588,395.2,203.9,267.0,20.20,1.595
588,395.2,203.7,267.0,20.20,1.703
588,395.2,203.4,267.0,20.20,1.703
588,395.2,203.1,267.0,20.20,1.703
588,395.2,202.8,267.0,20.20,1.703
588,395.2,202.6,267.0,20.20,1.703
588,395.2,202.3,267.0,20.20,1.703
588,395.2,202.0,267.0,20.20,1.703
588,395.2,201.7,267.0,20.20,1.703
588,395.2,201.5,267.0,20.20,1.703
588,395.2,201.2,267.0,20.20,1.703
588,395.2,200.9,267.0,20.20,1.703
588,395.2,200.6,267.0,20.20,1.703
588,395.2,200.4,267.0,20.20,1.703
588,395.2,200.1,267.0,20.20,1.703
588,395.2,199.8,267.0,20.20,1.703
588,395.2,199.5,267.0,20.20,1.703
588,395.2,199.3,267.0,20.20,1.703
588,395.2,199.0,267.0,20.20,1.703
588,395.2,198.7,267.0,20.20,1.703
588,395.2,198.4,267.0,20.20,1.703
588,395.2,198.2,267.0,20.20,1.703
588,395.2,197.9,267.0,20.20,1.703
588,395.2,197.6,267.0,20.20,1.703
588,395.2,197.3,267.0,20.20,1.703
588,395.2,197.1,267.0,20.20,1.703
588,395.2,196.8,267.0,20.20,1.703
588,395.2,196.5,267.0,20.20,1.703
588,395.2,196.2,267.0,20.20,1.703
588,395.2,196.0,267.0,20.20,1.703
588,395.2,195.7,267.0,20.20,1.703
588,395.2,195.4,267.0,20.20,1.703
588,395.2,195.1,267.0,20.20,1.703
588,395.2,194.8,267.0,20.20,1.703
588,395.2,194.6,267.0,20.20,1.703
588,395.2,194.3,267.0,20.20,1.703
588,395.2,194.0,267.0,20.20,1.703
588,395.2,193.8,267.0,20.20,1.703
588,395.2,193.5,267.0,20.20,1.703
588,395.2,193.2,267.0,20.20,1.703
588,395.2,192.9,267.0,20.20,1.703
588,395.2,192.7,267.0,20.20,1.703
588,395.2,192.4,267.0,20.20,1.703
588,395.2,192.1,267.0,20.20,1.703
588,395.2,194.8,267.0,20.20,1.703
588,395.2,194.5,267.0,20.20,1.703
588,395.2,194.2,267.0,20.20,1.703
588,395.2,193.9,267.0,20.20,1.703
588,395.2,193.7,267.0,20.20,1.703
588,395.2,193.4,267.0,20.20,1.703
588,395.2,193.1,267.0,20.20,1.703
588,395.2,192.9,267.0,20.20,1.703
588,395.2,192.6,267.0,20.20,1.703
588,395.2,192.3,267.0,20.20,1.703
588,395.2,192.0,267.0,20.20,1.703
588,395.2,194.7,267.0,20.20,1.703
588,395.2,194.4,267.0,20.20,1.703
588,395.2,194.1,267.0,20.20,1.703
588,395.2,193.9,267.0,20.20,1.703
588,395.2,193.6,267.0,20.20,1.703
588,395.2,193.3,267.0,20.20,1.703
588,395.2,193.0,267.0,20.20,1.703
588,395.2,192.8,267.0,20.20,1.703
588,395.2,192.5,267.0,20.20,1.703
588,395.2,192.2,267.0,20.20,1.703
588,395.2,191.9,267.0,20.26,1.703
588,395.2,191.7,267.0,20.26,1.615
588,395.2,191.4,267.0,20.26,1.615
588,395.2,191.1,267.0,20.26,1.615
588,395.2,190.8,267.0,20.26,1.615
588,395.2,190.6,267.0,20.26,1.615
588,395.2,193.2,267.0,20.20,1.615
588,395.2,193.0,267.0,20.20,1.703
588,395.2,192.7,267.0,20.20,1.703
588,395.2,192.4,267.0,20.20,1.703
588,395.2,192.1,267.0,20.20,1.703
588,395.2,194.8,267.0,20.20,1.703
588,395.2,194.5,267.0,20.20,1.703
588,395.2,194.3,267.0,20.20,1.703
588,395.2,194.0,267.0,20.20,1.703
588,395.2,193.7,267.0,20.20,1.703
588,395.2,193.4,267.0,20.20,1.703
588,395.2,193.2,267.0,20.20,1.703
588,395.2,192.9,267.0,20.20,1.703
588,395.2,192.6,267.0,20.20,1.703
588,395.2,192.3,267.0,20.20,1.703
588,395.2,192.1,267.0,20.20,1.703
588,395.2,194.7,267.0,20.20,1.703
588,395.2,194.4,267.0,20.20,1.703
588,395.2,194.2,267.0,20.20,1.703
588,395.2,193.9,267.0,20.20,1.703
588,395.2,193.6,267.0,20.20,1.703
588,395.2,193.3,267.0,20.20,1.703
588,395.2,193.1,267.0,20.20,1.703
588,395.2,192.8,267.0,20.20,1.703
588,395.2,192.5,267.0,20.20,1.703
588,395.2,192.2,267.0,20.20,1.703
588,395.2,192.0,267.0,20.26,1.703
588,395.2,191.7,267.0,20.26,1.615
588,395.2,191.4,267.0,20.26,1.615
588,395.2,191.2,267.0,20.26,1.615
588,395.2,190.9,267.0,20.26,1.615
588,395.2,190.6,267.0,20.26,1.615
588,395.2,193.3,267.0,20.20,1.615
588,395.2,193.0,267.0,20.20,1.703
588,395.2,192.7,267.0,20.20,1.703
588,395.2,192.4,267.0,20.20,1.703
588,395.2,192.2,267.0,20.20,1.703
588,395.2,191.9,267.0,20.26,1.703
588,395.2,191.6,267.0,20.26,1.615
588,395.2,191.3,267.0,20.26,1.615
588,395.2,191.1,267.0,20.26,1.615
588,395.2,190.8,267.0,20.26,1.615
588,395.2,190.5,267.0,20.26,1.615
588,395.2,193.2,267.0,20.20,1.615
588,395.2,192.9,267.0,20.20,1.703
588,395.2,192.6,267.0,20.20,1.703
588,395.2,192.4,267.0,20.20,1.703
588,395.2,192.1,267.0,20.20,1.703
588,395.2,194.8,267.0,20.20,1.703
588,395.2,194.5,267.0,20.20,1.703
588,395.2,194.2,267.0,20.20,1.703
588,395.2,193.9,267.0,20.20,1.703
588,395.2,193.7,267.0,20.20,1.703
588,395.2,193.4,267.0,20.20,1.703
588,395.2,193.1,267.0,20.20,1.703
588,395.2,192.8,267.0,20.20,1.703
588,395.2,192.6,267.0,20.20,1.703
588,395.2,192.3,267.0,20.20,1.703
588,395.2,192.0,267.0,20.20,1.703
588,395.2,194.7,267.0,20.20,1.703
588,395.2,194.4,267.0,20.20,1.703
588,395.2,194.1,267.0,20.20,1.703
588,395.2,193.8,267.0,20.20,1.703
588,395.2,193.6,267.0,20.20,1.703
588,395.2,193.3,267.0,20.20,1.703
588,395.2,193.0,267.0,20.20,1.703
588,395.2,192.8,267.0,20.20,1.703
588,395.2,192.5,267.0,20.20,1.703
588,395.2,192.2,267.0,20.20,1.703
588,395.2,191.9,267.0,20.26,1.703
588,395.2,191.7,267.0,20.26,1.615
588,395.2,191.4,267.0,20.26,1.615
588,395.2,191.1,267.0,20.26,1.615
588,395.2,190.8,267.0,20.26,1.615
588,395.2,190.6,267.0,20.26,1.615
588,395.2,193.2,267.0,20.20,1.615
588,395.2,192.9,267.0,20.20,1.703
588,395.2,192.7,267.0,20.20,1.703
588,395.2,192.4,267.0,20.20,1.703
588,395.2,192.1,267.0,20.20,1.703
594,354.3,212.2,259.9,22.48,0.837
594,357.4,211.6,254.9,22.48,0.744
594,360.4,211.0,249.8,20.59,0.744
594,365.4,209.5,248.6,20.59,0.662
594,370.4,208.1,247.5,20.59,0.662
594,374.2,206.2,249.9,20.84,0.662
594,378.0,204.4,252.4,20.37,0.616
594,383.0,204.1,258.8,20.37,1.023
594,385.8,203.8,267.0,20.20,1.023
594,388.7,203.5,267.0,20.20,1.703
594,391.6,203.2,267.0,20.20,1.703
594,394.5,202.9,267.0,20.20,1.703
594,394.5,202.6,267.0,20.20,1.703
594,394.5,202.3,267.0,20.20,1.703
594,394.5,202.0,267.0,20.20,1.703
594,394.5,201.8,267.0,20.20,1.703
594,394.5,201.5,267.0,20.20,1.703
594,394.5,201.2,267.0,20.20,1.703
594,394.5,200.9,267.0,20.20,1.703
594,394.5,200.7,267.0,20.20,1.703
594,394.5,200.4,267.0,20.20,1.703
594,394.5,200.1,267.0,20.20,1.703
594,394.5,199.8,267.0,20.20,1.703
594,394.5,199.6,267.0,20.20,1.703
594,394.5,199.3,267.0,20.20,1.703
594,394.5,199.0,267.0,20.20,1.703
594,394.5,198.7,267.0,20.20,1.703
594,394.5,198.5,267.0,20.20,1.703
594,394.5,198.2,267.0,20.20,1.703
594,394.5,197.9,267.0,20.20,1.703
594,394.5,197.6,267.0,20.20,1.703
594,394.5,197.4,267.0,20.20,1.703
594,394.5,197.1,267.0,20.20,1.703
594,394.5,196.8,267.0,20.20,1.703
594,394.5,196.5,267.0,20.20,1.703
594,394.5,196.3,267.0,20.20,1.703
594,394.5,196.0,267.0,20.20,1.703
594,394.5,195.7,267.0,20.20,1.703
594,394.5,195.4,267.0,20.20,1.703
594,394.5,195.2,267.0,20.20,1.703
594,394.5,194.9,267.0,20.20,1.703
594,394.5,194.6,267.0,20.20,1.703
594,394.5,194.3,267.0,20.20,1.703
594,394.5,194.1,267.0,20.20,1.703
594,394.5,193.8,267.0,20.20,1.703
594,394.5,193.5,267.0,20.20,1.703
594,394.5,193.2,267.0,20.20,1.703
594,394.5,193.0,267.0,20.20,1.703
594,394.5,192.7,267.0,20.20,1.703
594,394.5,192.4,267.0,20.20,1.703
594,394.5,192.1,267.0,20.20,1.703
594,394.5,194.8,267.0,20.20,1.703
594,394.5,194.5,267.0,20.20,1.703
594,394.5,194.3,267.0,20.20,1.703
594,394.5,194.0,267.0,20.20,1.703
594,394.5,193.7,267.0,20.20,1.703
594,394.5,193.4,267.0,20.20,1.703
594,394.5,193.2,267.0,20.20,1.703
594,394.5,192.9,267.0,20.20,1.703
594,394.5,192.6,267.0,20.20,1.703
594,394.5,192.3,267.0,20.20,1.703
594,394.5,192.1,267.0,20.20,1.703
594,394.5,194.7,267.0,20.20,1.703
594,394.5,194.4,267.0,20.20,1.703
594,394.5,194.2,267.0,20.20,1.703
594,394.5,193.9,267.0,20.20,1.703
594,394.5,193.6,267.0,20.20,1.703
594,394.5,193.3,267.0,20.20,1.703
594,394.5,193.1,267.0,20.20,1.703
594,394.5,192.8,267.0,20.20,1.703
594,394.5,192.5,267.0,20.20,1.703
594,394.5,192.2,267.0,20.20,1.703
594,394.5,192.0,267.0,20.26,1.703
594,394.5,191.7,267.0,20.26,1.615
594,394.5,191.4,267.0,20.26,1.615
594,394.5,191.2,267.0,20.26,1.615
594,394.5,190.9,267.0,20.26,1.615
594,394.5,190.6,267.0,20.26,1.615
594,394.5,193.3,267.0,20.20,1.615
594,394.5,193.0,267.0,20.20,1.703
594,394.5,192.7,267.0,20.20,1.703
594,394.5,192.5,267.0,20.20,1.703
594,394.5,192.2,267.0,20.20,1.703
594,394.5,191.9,267.0,20.26,1.703
594,394.5,191.6,267.0,20.26,1.615
594,394.5,191.3,267.0,20.26,1.615
594,394.5,191.1,267.0,20.26,1.615
594,394.5,190.8,267.0,20.26,1.615
594,394.5,190.5,267.0,20.26,1.615
594,394.5,193.2,267.0,20.20,1.615
594,394.5,192.9,267.0,20.20,1.703
594,394.5,192.6,267.0,20.20,1.703
594,394.5,192.4,267.0,20.20,1.703
594,394.5,192.1,267.0,20.20,1.703
594,394.5,194.8,267.0,20.20,1.703
594,394.5,194.5,267.0,20.20,1.703
594,394.5,194.2,267.0,20.20,1.703
594,394.5,193.9,267.0,20.20,1.703
594,394.5,193.7,267.0,20.20,1.703
594,394.5,193.4,267.0,20.20,1.703
594,394.5,193.1,267.0,20.20,1.703
594,394.5,192.8,267.0,20.20,1.703
594,394.5,192.6,267.0,20.20,1.703
594,394.5,192.3,267.0,20.20,1.703
594,394.5,192.0,267.0,20.20,1.703
594,394.5,194.7,267.0,20.20,1.703
594,394.5,194.4,267.0,20.20,1.703
594,394.5,194.1,267.0,20.20,1.703
594,394.5,193.8,267.0,20.20,1.703
594,394.5,193.6,267.0,20.20,1.703
594,394.5,193.3,267.0,20.20,1.703
594,394.5,193.0,267.0,20.20,1.703
594,394.5,192.8,267.0,20.20,1.703
594,394.5,192.5,267.0,20.20,1.703
594,394.5,192.2,267.0,20.20,1.703
594,394.5,191.9,267.0,20.26,1.703
594,394.5,191.7,267.0,20.26,1.615
594,394.5,191.4,267.0,20.26,1.615
594,394.5,191.1,267.0,20.26,1.615
594,394.5,190.8,267.0,20.26,1.615
594,394.5,190.6,267.0,20.26,1.615
594,394.5,193.2,267.0,20.20,1.615
594,394.5,192.9,267.0,20.20,1.703
594,394.5,192.7,267.0,20.20,1.703
594,394.5,192.4,267.0,20.20,1.703
594,394.5,192.1,267.0,20.20,1.703
594,394.5,194.8,267.0,20.20,1.703
594,394.5,194.5,267.0,20.20,1.703
594,394.5,194.2,267.0,20.20,1.703
594,394.5,194.0,267.0,20.20,1.703
594,394.5,193.7,267.0,20.20,1.703
594,394.5,193.4,267.0,20.20,1.703
594,394.5,193.1,267.0,20.20,1.703
594,394.5,192.9,267.0,20.20,1.703
594,394.5,192.6,267.0,20.20,1.703
594,394.5,192.3,267.0,20.20,1.703
594,394.5,192.0,267.0,20.20,1.703
594,394.5,194.7,267.0,20.20,1.703
594,394.5,194.4,267.0,20.20,1.703
594,394.5,194.2,267.0,20.20,1.703
594,394.5,193.9,267.0,20.20,1.703
594,394.5,193.6,267.0,20.20,1.703
594,394.5,193.3,267.0,20.20,1.703
594,394.5,193.1,267.0,20.20,1.703
594,394.5,192.8,267.0,20.20,1.703
594,394.5,192.5,267.0,20.20,1.703
594,394.5,192.2,267.0,20.20,1.703
594,394.5,192.0,267.0,20.26,1.703
594,394.5,191.7,267.0,20.26,1.615
594,394.5,191.4,267.0,20.26,1.615
594,394.5,191.1,267.0,20.26,1.615
594,394.5,190.9,267.0,20.26,1.615
594,394.5,190.6,267.0,20.26,1.615
594,394.5,193.3,267.0,20.20,1.615
594,394.5,193.0,267.0,20.20,1.703
594,394.5,192.7,267.0,20.20,1.703
594,394.5,192.4,267.0,20.20,1.703
594,394.5,192.2,267.0,20.20,1.703
594,394.5,191.9,267.0,20.26,1.703
594,394.5,191.6,267.0,20.26,1.615
600,431.5,225.5,258.2,21.13,1.203
600,425.9,221.7,258.2,21.13,0.848
600,420.2,217.9,258.3,21.13,0.848
600,417.8,213.0,264.3,20.33,0.848
600,414.9,209.9,267.0,20.33,1.595
600,412.0,206.8,267.0,20.33,1.595
600,409.0,203.7,267.0,20.20,1.595
600,409.0,203.4,267.0,20.20,1.703
600,409.0,203.1,267.0,20.20,1.703
600,409.0,202.9,267.0,20.20,1.703
600,409.0,202.6,267.0,20.20,1.703
600,409.0,202.3,267.0,20.20,1.703
600,409.0,202.0,267.0,20.20,1.703
600,409.0,201.8,267.0,20.20,1.703
600,409.0,201.5,267.0,20.20,1.703
600,409.0,201.2,267.0,20.20,1.703
600,409.0,200.9,267.0,20.20,1.703
600,409.0,200.7,267.0,20.20,1.703
600,409.0,200.4,267.0,20.20,1.703
600,409.0,200.1,267.0,20.20,1.703
600,409.0,199.8,267.0,20.20,1.703
600,409.0,199.6,267.0,20.20,1.703
600,409.0,199.3,267.0,20.20,1.703
600,409.0,199.0,267.0,20.20,1.703
600,409.0,198.7,267.0,20.20,1.703
600,409.0,198.4,267.0,20.20,1.703
600,409.0,198.2,267.0,20.20,1.703
600,409.0,197.9,267.0,20.20,1.703
600,409.0,197.6,267.0,20.20,1.703
600,409.0,197.3,267.0,20.20,1.703
600,409.0,197.1,267.0,20.20,1.703
600,409.0,196.8,267.0,20.20,1.703
600,409.0,196.5,267.0,20.20,1.703
600,409.0,196.2,267.0,20.20,1.703
600,409.0,196.0,267.0,20.20,1.703
600,409.0,195.7,267.0,20.20,1.703
600,409.0,195.4,267.0,20.20,1.703
600,409.0,195.2,267.0,20.20,1.703
600,409.0,194.9,267.0,20.20,1.703
600,409.0,194.6,267.0,20.20,1.703
600,409.0,194.3,267.0,20.20,1.703
600,409.0,194.0,267.0,20.20,1.703
600,409.0,193.8,267.0,20.20,1.703
600,409.0,193.5,267.0,20.20,1.703
600,409.0,193.2,267.0,20.20,1.703
600,409.0,192.9,267.0,20.20,1.703
600,409.0,192.7,267.0,20.20,1.703
600,409.0,192.4,267.0,20.20,1.703
600,409.0,192.1,267.0,20.20,1.703
600,409.0,194.8,267.0,20.20,1.703
600,409.0,194.5,267.0,20.20,1.703
600,409.0,194.2,267.0,20.20,1.703
600,409.0,194.0,267.0,20.20,1.703
600,409.0,193.7,267.0,20.20,1.703
600,409.0,193.4,267.0,20.20,1.703
600,409.0,193.1,267.0,20.20,1.703
600,409.0,192.9,267.0,20.20,1.703
600,409.0,192.6,267.0,20.20,1.703
600,409.0,192.3,267.0,20.20,1.703
600,409.0,192.0,267.0,20.20,1.703
600,409.0,194.7,267.0,20.20,1.703
600,409.0,194.4,267.0,20.20,1.703
600,409.0,194.2,267.0,20.20,1.703
600,409.0,193.9,267.0,20.20,1.703
600,409.0,193.6,267.0,20.20,1.703
600,409.0,193.3,267.0,20.20,1.703
600,409.0,193.1,267.0,20.20,1.703
600,409.0,192.8,267.0,20.20,1.703
600,409.0,192.5,267.0,20.20,1.703
600,409.0,192.2,267.0,20.20,1.703
600,409.0,192.0,267.0,20.26,1.703
600,409.0,191.7,267.0,20.26,1.615
600,409.0,191.4,267.0,20.26,1.615
600,409.0,191.1,267.0,20.26,1.615
600,409.0,190.9,267.0,20.26,1.615
600,409.0,190.6,267.0,20.26,1.615
600,409.0,193.2,267.0,20.20,1.615
600,409.0,193.0,267.0,20.20,1.703
600,409.0,192.7,267.0,20.20,1.703
600,409.0,192.4,267.0,20.20,1.703
600,409.0,192.2,267.0,20.20,1.703
600,409.0,191.9,267.0,20.26,1.703
600,409.0,191.6,267.0,20.26,1.615
600,409.0,191.3,267.0,20.26,1.615
600,409.0,191.1,267.0,20.26,1.615
600,409.0,190.8,267.0,20.26,1.615
600,409.0,190.5,267.0,20.26,1.615
600,409.0,193.2,267.0,20.20,1.615
600,409.0,192.9,267.0,20.20,1.703
600,409.0,192.6,267.0,20.20,1.703
600,409.0,192.3,267.0,20.20,1.703
600,409.0,192.1,267.0,20.20,1.703
600,409.0,194.7,267.0,20.20,1.703
600,409.0,194.5,267.0,20.20,1.703
600,409.0,194.2,267.0,20.20,1.703
600,409.0,193.9,267.0,20.20,1.703
600,409.0,193.6,267.0,20.20,1.703
600,409.0,193.4,267.0,20.20,1.703
600,409.0,193.1,267.0,20.20,1.703
600,409.0,192.8,267.0,20.20,1.703
600,409.0,192.5,267.0,20.20,1.703
600,409.0,192.3,267.0,20.20,1.703
600,409.0,192.0,267.0,20.26,1.703
600,409.0,191.7,267.0,20.26,1.615
600,409.0,191.4,267.0,20.26,1.615
600,409.0,191.2,267.0,20.26,1.615
600,409.0,190.9,267.0,20.26,1.615
600,409.0,190.6,267.0,20.26,1.615
600,409.0,193.3,267.0,20.20,1.615
600,409.0,193.0,267.0,20.20,1.703
600,409.0,192.7,267.0,20.20,1.703
600,409.0,192.5,267.0,20.20,1.703
600,409.0,192.2,267.0,20.20,1.703
600,409.0,191.9,267.0,20.26,1.703
600,409.0,191.6,267.0,20.26,1.615
600,409.0,191.4,267.0,20.26,1.615
600,409.0,191.1,267.0,20.26,1.615
600,409.0,190.8,267.0,20.26,1.615
600,409.0,190.5,267.0,20.26,1.615
600,409.0,193.2,267.0,20.20,1.615
600,409.0,192.9,267.0,20.20,1.703
600,409.0,192.7,267.0,20.20,1.703
600,409.0,192.4,267.0,20.20,1.703
600,409.0,192.1,267.0,20.20,1.703
600,409.0,194.8,267.0,20.20,1.703
600,409.0,194.5,267.0,20.20,1.703
600,409.0,194.2,267.0,20.20,1.703
600,409.0,193.9,267.0,20.20,1.703
600,409.0,193.7,267.0,20.20,1.703
600,409.0,193.4,267.0,20.20,1.703
600,409.0,193.1,267.0,20.20,1.703
600,409.0,192.9,267.0,20.20,1.703
600,409.0,192.6,267.0,20.20,1.703
600,409.0,192.3,267.0,20.20,1.703
600,409.0,192.0,267.0,20.20,1.703
600,409.0,194.7,267.0,20.20,1.703
600,409.0,194.4,267.0,20.20,1.703
600,409.0,194.2,267.0,20.20,1.703
600,409.0,193.9,267.0,20.20,1.703
600,409.0,193.6,267.0,20.20,1.703
600,409.0,193.3,267.0,20.20,1.703
600,409.0,193.0,267.0,20.20,1.703
600,409.0,192.8,267.0,20.20,1.703
600,409.0,192.5,267.0,20.20,1.703
600,409.0,192.2,267.0,20.20,1.703
600,409.0,191.9,267.0,20.26,1.703
600,409.0,191.7,267.0,20.26,1.615
600,409.0,191.4,267.0,20.26,1.615
600,409.0,191.1,267.0,20.26,1.615
600,409.0,190.8,267.0,20.26,1.615
600,409.0,190.6,267.0,20.26,1.615
600,409.0,193.2,267.0,20.20,1.615
600,409.0,193.0,267.0,20.20,1.703
600,409.0,192.7,267.0,20.20,1.703
600,409.0,192.4,267.0,20.20,1.703
600,409.0,192.1,267.0,20.20,1.703
600,409.0,194.8,267.0,20.20,1.703
600,409.0,194.5,267.0,20.20,1.703
600,409.0,194.3,267.0,20.20,1.703
600,409.0,194.0,267.0,20.20,1.703
606,374.5,209.1,264.6,20.27,0.891
606,379.6,206.0,267.0,20.27,1.259
606,384.6,202.9,267.0,20.20,1.259
606,387.5,202.6,267.0,20.20,1.703
606,390.4,202.3,267.0,20.20,1.703
606,393.3,202.0,267.0,20.20,1.703
606,396.3,201.7,267.0,20.33,1.703
606,396.3,201.4,267.0,20.33,1.844
606,396.3,201.2,267.0,20.33,1.844
606,396.3,200.9,267.0,20.33,1.844
606,396.3,200.6,267.0,20.33,1.844
606,396.3,200.3,267.0,20.33,1.844
606,396.3,200.1,267.0,20.33,1.844
606,396.3,199.8,267.0,20.33,1.844
606,396.3,199.5,267.0,20.33,1.844
606,396.3,199.2,267.0,20.33,1.844
606,396.3,199.0,267.0,20.33,1.844
606,396.3,198.7,267.0,20.33,1.844
606,396.3,198.4,267.0,20.33,1.844
606,396.3,198.1,267.0,20.33,1.844
606,396.3,197.9,267.0,20.33,1.844
606,396.3,197.6,267.0,20.33,1.844
606,396.3,197.3,267.0,20.33,1.844
606,396.3,197.0,267.0,20.33,1.844
606,396.3,196.8,267.0,20.33,1.844
606,396.3,196.5,267.0,20.33,1.844
606,396.3,196.2,267.0,20.33,1.844
606,396.3,195.9,267.0,20.33,1.844
606,396.3,195.7,267.0,20.33,1.844
606,396.3,195.4,267.0,20.33,1.844
606,396.3,195.1,267.0,20.33,1.844
606,396.3,194.8,267.0,20.33,1.844
606,396.3,194.6,267.0,20.33,1.844
606,396.3,194.3,267.0,20.33,1.844
606,396.3,194.0,267.0,20.33,1.844
606,396.3,193.7,267.0,20.33,1.844
606,396.3,193.5,267.0,20.33,1.844
606,396.3,193.2,267.0,20.33,1.844
606,396.3,192.9,267.0,20.33,1.844
606,396.3,192.6,267.0,20.33,1.844
606,396.3,192.4,267.0,20.33,1.844
606,396.3,192.1,267.0,20.33,1.844
606,396.3,194.8,267.0,20.33,1.844
606,396.3,194.5,267.0,20.33,1.844
606,396.3,194.2,267.0,20.33,1.844
606,396.3,193.9,267.0,20.33,1.844
606,396.3,193.7,267.0,20.33,1.844
606,396.3,193.4,267.0,20.33,1.844
606,396.3,193.1,267.0,20.33,1.844
606,396.3,192.8,267.0,20.33,1.844
606,396.3,192.6,267.0,20.33,1.844
606,396.3,192.3,267.0,20.33,1.844
606,396.3,192.0,267.0,20.33,1.844
606,396.3,194.7,267.0,20.33,1.844
606,396.3,194.4,267.0,20.33,1.844
606,396.3,194.1,267.0,20.33,1.844
606,396.3,193.8,267.0,20.33,1.844
606,396.3,193.6,267.0,20.33,1.844
606,396.3,193.3,267.0,20.33,1.844
606,396.3,193.0,267.0,20.33,1.844
606,396.3,192.8,267.0,20.33,1.844
606,396.3,192.5,267.0,20.33,1.844
606,396.3,192.2,267.0,20.33,1.844
606,396.3,191.9,267.0,19.96,1.844
606,396.3,191.7,267.0,19.96,1.720
606,396.3,191.4,267.0,19.96,1.720
606,396.3,191.1,267.0,19.96,1.720
606,396.3,190.8,267.0,19.96,1.720
606,396.3,190.6,267.0,19.96,1.720
606,396.3,193.2,267.0,20.33,1.720
606,396.3,192.9,267.0,20.33,1.844
606,396.3,192.7,267.0,20.33,1.844
606,396.3,192.4,267.0,20.33,1.844
606,396.3,192.1,267.0,20.33,1.844
606,396.3,194.8,267.0,20.33,1.844
606,396.3,194.5,267.0,20.33,1.844
606,396.3,194.2,267.0,20.33,1.844
606,396.3,194.0,267.0,20.33,1.844
606,396.3,193.7,267.0,20.33,1.844
606,396.3,193.4,267.0,20.33,1.844
606,396.3,193.1,267.0,20.33,1.844
606,396.3,192.9,267.0,20.33,1.844
606,396.3,192.6,267.0,20.33,1.844
606,396.3,192.3,267.0,20.33,1.844
606,396.3,192.0,267.0,20.33,1.844
606,396.3,194.7,267.0,20.33,1.844
606,396.3,194.4,267.0,20.33,1.844
606,396.3,194.2,267.0,20.33,1.844
606,396.3,193.9,267.0,20.33,1.844
606,396.3,193.6,267.0,20.33,1.844
606,396.3,193.3,267.0,20.33,1.844
606,396.3,193.1,267.0,20.33,1.844
606,396.3,192.8,267.0,20.33,1.844
606,396.3,192.5,267.0,20.33,1.844
606,396.3,192.2,267.0,20.33,1.844
606,396.3,191.9,267.0,19.96,1.844
606,396.3,191.7,267.0,19.96,1.720
606,396.3,191.4,267.0,19.96,1.720
606,396.3,191.1,267.0,19.96,1.720
606,396.3,190.9,267.0,19.96,1.720
606,396.3,190.6,267.0,19.96,1.720
606,396.3,193.2,267.0,20.33,1.720
606,396.3,193.0,267.0,20.33,1.844
606,396.3,192.7,267.0,20.33,1.844
606,396.3,192.4,267.0,20.33,1.844
606,396.3,192.2,267.0,20.33,1.844
606,396.3,191.9,267.0,19.96,1.844
606,396.3,191.6,267.0,19.96,1.720
606,396.3,191.3,267.0,19.96,1.720
606,396.3,191.1,267.0,19.96,1.720
606,396.3,190.8,267.0,19.96,1.720
606,396.3,190.5,267.0,19.96,1.720
606,396.3,193.2,267.0,20.33,1.720
606,396.3,192.9,267.0,20.33,1.844
606,396.3,192.6,267.0,20.33,1.844
606,396.3,192.3,267.0,20.33,1.844
606,396.3,192.1,267.0,20.33,1.844
606,396.3,194.7,267.0,20.33,1.844
606,396.3,194.5,267.0,20.33,1.844
606,396.3,194.2,267.0,20.33,1.844
606,396.3,193.9,267.0,20.33,1.844
606,396.3,193.6,267.0,20.33,1.844
606,396.3,193.4,267.0,20.33,1.844
606,396.3,193.1,267.0,20.33,1.844
606,396.3,192.8,267.0,20.33,1.844
606,396.3,192.5,267.0,20.33,1.844
606,396.3,192.3,267.0,20.33,1.844
606,396.3,192.0,267.0,19.96,1.844
606,396.3,191.7,267.0,19.96,1.720
606,396.3,191.4,267.0,19.96,1.720
606,396.3,191.2,267.0,19.96,1.720
606,396.3,190.9,267.0,19.96,1.720
606,396.3,190.6,267.0,19.96,1.720
606,396.3,193.3,267.0,20.33,1.720
606,396.3,193.0,267.0,20.33,1.844
606,396.3,192.7,267.0,20.33,1.844
606,396.3,192.5,267.0,20.33,1.844
606,396.3,192.2,267.0,20.33,1.844
606,396.3,191.9,267.0,19.96,1.844
606,396.3,191.6,267.0,19.96,1.720
606,396.3,191.4,267.0,19.96,1.720
606,396.3,191.1,267.0,19.96,1.720
606,396.3,190.8,267.0,19.96,1.720
606,396.3,190.5,267.0,19.96,1.720
606,396.3,193.2,267.0,20.33,1.720
606,396.3,192.9,267.0,20.33,1.844
606,396.3,192.7,267.0,20.33,1.844
606,396.3,192.4,267.0,20.33,1.844
606,396.3,192.1,267.0,20.33,1.844
606,396.3,194.8,267.0,20.33,1.844
606,396.3,194.5,267.0,20.33,1.844
606,396.3,194.2,267.0,20.33,1.844
606,396.3,193.9,267.0,20.33,1.844
606,396.3,193.7,267.0,20.33,1.844
606,396.3,193.4,267.0,20.33,1.844
606,396.3,193.1,267.0,20.33,1.844
606,396.3,192.9,267.0,20.33,1.844
606,396.3,192.6,267.0,20.33,1.844
606,396.3,192.3,267.0,20.33,1.844
606,396.3,192.0,267.0,20.33,1.844
612,423.6,180.6,264.5,20.42,1.001
612,416.9,182.8,264.1,20.26,0.873
612,414.0,185.4,267.0,20.26,1.615
612,411.1,188.1,267.0,20.26,1.615
612,408.2,190.7,267.0,20.26,1.615
612,408.2,190.4,267.0,20.26,1.615
612,408.2,193.1,267.0,20.20,1.615
612,408.2,192.8,267.0,20.20,1.703
612,408.2,192.5,267.0,20.20,1.703
612,408.2,192.3,267.0,20.20,1.703
612,408.2,192.0,267.0,20.26,1.703
612,408.2,191.7,267.0,20.26,1.615
612,408.2,191.4,267.0,20.26,1.615
612,408.2,191.2,267.0,20.26,1.615
612,408.2,190.9,267.0,20.26,1.615
612,408.2,190.6,267.0,20.26,1.615
612,408.2,193.3,267.0,20.20,1.615
612,408.2,193.0,267.0,20.20,1.703
612,408.2,192.7,267.0,20.20,1.703
612,408.2,192.5,267.0,20.20,1.703
612,408.2,192.2,267.0,20.20,1.703
612,408.2,191.9,267.0,20.26,1.703
612,408.2,191.6,267.0,20.26,1.615
612,408.2,191.4,267.0,20.26,1.615
612,408.2,191.1,267.0,20.26,1.615
612,408.2,190.8,267.0,20.26,1.615
612,408.2,190.5,267.0,20.26,1.615
612,408.2,193.2,267.0,20.20,1.615
612,408.2,192.9,267.0,20.20,1.703
612,408.2,192.7,267.0,20.20,1.703
612,408.2,192.4,267.0,20.20,1.703
612,408.2,192.1,267.0,20.20,1.703
612,408.2,194.8,267.0,20.20,1.703
612,408.2,194.5,267.0,20.20,1.703
612,408.2,194.2,267.0,20.20,1.703
612,408.2,193.9,267.0,20.20,1.703
612,408.2,193.7,267.0,20.20,1.703
612,408.2,193.4,267.0,20.20,1.703
612,408.2,193.1,267.0,20.20,1.703
612,408.2,192.9,267.0,20.20,1.703
612,408.2,192.6,267.0,20.20,1.703
612,408.2,192.3,267.0,20.20,1.703
612,408.2,192.0,267.0,20.20,1.703
612,408.2,194.7,267.0,20.20,1.703
612,408.2,194.4,267.0,20.20,1.703
612,408.2,194.1,267.0,20.20,1.703
612,408.2,193.9,267.0,20.20,1.703
612,408.2,193.6,267.0,20.20,1.703
612,408.2,193.3,267.0,20.20,1.703
612,408.2,193.0,267.0,20.20,1.703
612,408.2,192.8,267.0,20.20,1.703
612,408.2,192.5,267.0,20.20,1.703
612,408.2,192.2,267.0,20.20,1.703
612,408.2,191.9,267.0,20.26,1.703
612,408.2,191.7,267.0,20.26,1.615
612,408.2,191.4,267.0,20.26,1.615
612,408.2,191.1,267.0,20.26,1.615
612,408.2,190.8,267.0,20.26,1.615
612,408.2,190.6,267.0,20.26,1.615
612,408.2,193.2,267.0,20.20,1.615
612,408.2,193.0,267.0,20.20,1.703
612,408.2,192.7,267.0,20.20,1.703
612,408.2,192.4,267.0,20.20,1.703
612,408.2,192.1,267.0,20.20,1.703
612,408.2,194.8,267.0,20.20,1.703
612,408.2,194.5,267.0,20.20,1.703
612,408.2,194.3,267.0,20.20,1.703
612,408.2,194.0,267.0,20.20,1.703
612,408.2,193.7,267.0,20.20,1.703
612,408.2,193.4,267.0,20.20,1.703
612,408.2,193.2,267.0,20.20,1.703
612,408.2,192.9,267.0,20.20,1.703
612,408.2,192.6,267.0,20.20,1.703
612,408.2,192.3,267.0,20.20,1.703
612,408.2,192.1,267.0,20.20,1.703
612,408.2,194.7,267.0,20.20,1.703
612,408.2,194.4,267.0,20.20,1.703
612,408.2,194.2,267.0,20.20,1.703
612,408.2,193.9,267.0,20.20,1.703
612,408.2,193.6,267.0,20.20,1.703
612,408.2,193.3,267.0,20.20,1.703
612,408.2,193.1,267.0,20.20,1.703
612,408.2,192.8,267.0,20.20,1.703
612,408.2,192.5,267.0,20.20,1.703
612,408.2,192.2,267.0,20.20,1.703
612,408.2,192.0,267.0,20.26,1.703
612,408.2,191.7,267.0,20.26,1.615
612,408.2,191.4,267.0,20.26,1.615
612,408.2,191.2,267.0,20.26,1.615
612,408.2,190.9,267.0,20.26,1.615
612,408.2,190.6,267.0,20.26,1.615
612,408.2,193.3,267.0,20.20,1.615
612,408.2,193.0,267.0,20.20,1.703
612,408.2,192.7,267.0,20.20,1.703
612,408.2,192.5,267.0,20.20,1.703
612,408.2,192.2,267.0,20.20,1.703
612,408.2,191.9,267.0,20.26,1.703
612,408.2,191.6,267.0,20.26,1.615
612,408.2,191.3,267.0,20.26,1.615
612,408.2,191.1,267.0,20.26,1.615
612,408.2,190.8,267.0,20.26,1.615
612,408.2,190.5,267.0,20.26,1.615
612,408.2,193.2,267.0,20.20,1.615
612,408.2,192.9,267.0,20.20,1.703
612,408.2,192.6,267.0,20.20,1.703
612,408.2,192.4,267.0,20.20,1.703
612,408.2,192.1,267.0,20.20,1.703
612,408.2,194.8,267.0,20.20,1.703
612,408.2,194.5,267.0,20.20,1.703
612,408.2,194.2,267.0,20.20,1.703
612,408.2,193.9,267.0,20.20,1.703
612,408.2,193.7,267.0,20.20,1.703
612,408.2,193.4,267.0,20.20,1.703
612,408.2,193.1,267.0,20.20,1.703
612,408.2,192.8,267.0,20.20,1.703
612,408.2,192.6,267.0,20.20,1.703
612,408.2,192.3,267.0,20.20,1.703
612,408.2,192.0,267.0,20.20,1.703
612,408.2,194.7,267.0,20.20,1.703
612,408.2,194.4,267.0,20.20,1.703
612,408.2,194.1,267.0,20.20,1.703
612,408.2,193.8,267.0,20.20,1.703
612,408.2,193.6,267.0,20.20,1.703
612,408.2,193.3,267.0,20.20,1.703
612,408.2,193.0,267.0,20.20,1.703
612,408.2,192.8,267.0,20.20,1.703
612,408.2,192.5,267.0,20.20,1.703
612,408.2,192.2,267.0,20.20,1.703
612,408.2,191.9,267.0,20.26,1.703
612,408.2,191.7,267.0,20.26,1.615
612,408.2,191.4,267.0,20.26,1.615
612,408.2,191.1,267.0,20.26,1.615
612,408.2,190.8,267.0,20.26,1.615
612,408.2,190.6,267.0,20.26,1.615
612,408.2,193.2,267.0,20.20,1.615
612,408.2,192.9,267.0,20.20,1.703
612,408.2,192.7,267.0,20.20,1.703
612,408.2,192.4,267.0,20.20,1.703
612,408.2,192.1,267.0,20.20,1.703
612,408.2,194.8,267.0,20.20,1.703
612,408.2,194.5,267.0,20.20,1.703
612,408.2,194.2,267.0,20.20,1.703
612,408.2,194.0,267.0,20.20,1.703
612,408.2,193.7,267.0,20.20,1.703
612,408.2,193.4,267.0,20.20,1.703
612,408.2,193.1,267.0,20.20,1.703
612,408.2,192.9,267.0,20.20,1.703
612,408.2,192.6,267.0,20.20,1.703
612,408.2,192.3,267.0,20.20,1.703
612,408.2,192.0,267.0,20.20,1.703
612,408.2,194.7,267.0,20.20,1.703
612,408.2,194.4,267.0,20.20,1.703
612,408.2,194.2,267.0,20.20,1.703
612,408.2,193.9,267.0,20.20,1.703
612,408.2,193.6,267.0,20.20,1.703
612,408.2,193.3,267.0,20.20,1.703
612,408.2,193.1,267.0,20.20,1.703
612,408.2,192.8,267.0,20.20,1.703
612,408.2,192.5,267.0,20.20,1.703
612,408.2,192.2,267.0,20.20,1.703
618,430.4,180.1,257.5,20.51,0.800
618,424.2,181.8,257.1,20.51,0.805
618,418.0,183.5,256.6,20.34,0.805
618,415.3,185.9,265.9,20.26,1.247
618,412.4,188.5,267.0,20.26,1.615
618,409.5,191.1,267.0,20.26,1.615
618,406.6,190.8,267.0,19.96,1.615
618,406.6,190.6,267.0,19.96,1.720
618,406.6,193.2,267.0,20.33,1.720
618,406.6,192.9,267.0,20.33,1.844
618,406.6,192.7,267.0,20.33,1.844
618,406.6,192.4,267.0,20.33,1.844
618,406.6,192.1,267.0,20.33,1.844
618,406.6,194.8,267.0,20.33,1.844
618,406.6,194.5,267.0,20.33,1.844
618,406.6,194.2,267.0,20.33,1.844
618,406.6,194.0,267.0,20.33,1.844
618,406.6,193.7,267.0,20.33,1.844
618,406.6,193.4,267.0,20.33,1.844
618,406.6,193.1,267.0,20.33,1.844
618,406.6,192.9,267.0,20.33,1.844
618,406.6,192.6,267.0,20.33,1.844
618,406.6,192.3,267.0,20.33,1.844
618,406.6,192.0,267.0,20.33,1.844
618,406.6,194.7,267.0,20.33,1.844
618,406.6,194.4,267.0,20.33,1.844
618,406.6,194.2,267.0,20.33,1.844
618,406.6,193.9,267.0,20.33,1.844
618,406.6,193.6,267.0,20.33,1.844
618,406.6,193.3,267.0,20.33,1.844
618,406.6,193.1,267.0,20.33,1.844
618,406.6,192.8,267.0,20.33,1.844
618,406.6,192.5,267.0,20.33,1.844
618,406.6,192.2,267.0,20.33,1.844
618,406.6,192.0,267.0,19.96,1.844
618,406.6,191.7,267.0,19.96,1.720
618,406.6,191.4,267.0,19.96,1.720
618,406.6,191.1,267.0,19.96,1.720
618,406.6,190.9,267.0,19.96,1.720
618,406.6,190.6,267.0,19.96,1.720
618,406.6,193.2,267.0,20.33,1.720
618,406.6,193.0,267.0,20.33,1.844
618,406.6,192.7,267.0,20.33,1.844
618,406.6,192.4,267.0,20.33,1.844
618,406.6,192.2,267.0,20.33,1.844
618,406.6,191.9,267.0,19.96,1.844
618,406.6,191.6,267.0,19.96,1.720
618,406.6,191.3,267.0,19.96,1.720
618,406.6,191.1,267.0,19.96,1.720
618,406.6,190.8,267.0,19.96,1.720
618,406.6,190.5,267.0,19.96,1.720
618,406.6,193.2,267.0,20.33,1.720
618,406.6,192.9,267.0,20.33,1.844
618,406.6,192.6,267.0,20.33,1.844
618,406.6,192.3,267.0,20.33,1.844
618,406.6,192.1,267.0,20.33,1.844
618,406.6,194.7,267.0,20.33,1.844
618,406.6,194.5,267.0,20.33,1.844
618,406.6,194.2,267.0,20.33,1.844
618,406.6,193.9,267.0,20.33,1.844
618,406.6,193.6,267.0,20.33,1.844
618,406.6,193.4,267.0,20.33,1.844
618,406.6,193.1,267.0,20.33,1.844
618,406.6,192.8,267.0,20.33,1.844
618,406.6,192.5,267.0,20.33,1.844
618,406.6,192.3,267.0,20.33,1.844
618,406.6,192.0,267.0,19.96,1.844
618,406.6,191.7,267.0,19.96,1.720
618,406.6,191.4,267.0,19.96,1.720
618,406.6,191.2,267.0,19.96,1.720
618,406.6,190.9,267.0,19.96,1.720
618,406.6,190.6,267.0,19.96,1.720
618,406.6,193.3,267.0,20.33,1.720
618,406.6,193.0,267.0,20.33,1.844
618,406.6,192.7,267.0,20.33,1.844
618,406.6,192.5,267.0,20.33,1.844
618,406.6,192.2,267.0,20.33,1.844
618,406.6,191.9,267.0,19.96,1.844
618,406.6,191.6,267.0,19.96,1.720
618,406.6,191.4,267.0,19.96,1.720
618,406.6,191.1,267.0,19.96,1.720
618,406.6,190.8,267.0,19.96,1.720
618,406.6,190.5,267.0,19.96,1.720
618,406.6,193.2,267.0,20.33,1.720
618,406.6,192.9,267.0,20.33,1.844
618,406.6,192.7,267.0,20.33,1.844
618,406.6,192.4,267.0,20.33,1.844
618,406.6,192.1,267.0,20.33,1.844
618,406.6,194.8,267.0,20.33,1.844
618,406.6,194.5,267.0,20.33,1.844
618,406.6,194.2,267.0,20.33,1.844
618,406.6,193.9,267.0,20.33,1.844
618,406.6,193.7,267.0,20.33,1.844
618,406.6,193.4,267.0,20.33,1.844
618,406.6,193.1,267.0,20.33,1.844
618,406.6,192.9,267.0,20.33,1.844
618,406.6,192.6,267.0,20.33,1.844
618,406.6,192.3,267.0,20.33,1.844
618,406.6,192.0,267.0,20.33,1.844
618,406.6,194.7,267.0,20.33,1.844
618,406.6,194.4,267.0,20.33,1.844
618,406.6,194.1,267.0,20.33,1.844
618,406.6,193.9,267.0,20.33,1.844
618,406.6,193.6,267.0,20.33,1.844
618,406.6,193.3,267.0,20.33,1.844
618,406.6,193.0,267.0,20.33,1.844
618,406.6,192.8,267.0,20.33,1.844
618,406.6,192.5,267.0,20.33,1.844
618,406.6,192.2,267.0,20.33,1.844
618,406.6,191.9,267.0,19.96,1.844
618,406.6,191.7,267.0,19.96,1.720
618,406.6,191.4,267.0,19.96,1.720
618,406.6,191.1,267.0,19.96,1.720
618,406.6,190.8,267.0,19.96,1.720
618,406.6,190.6,267.0,19.96,1.720
618,406.6,193.2,267.0,20.33,1.720
618,406.6,193.0,267.0,20.33,1.844
618,406.6,192.7,267.0,20.33,1.844
618,406.6,192.4,267.0,20.33,1.844
618,406.6,192.1,267.0,20.33,1.844
618,406.6,194.8,267.0,20.33,1.844
618,406.6,194.5,267.0,20.33,1.844
618,406.6,194.3,267.0,20.33,1.844
618,406.6,194.0,267.0,20.33,1.844
618,406.6,193.7,267.0,20.33,1.844
618,406.6,193.4,267.0,20.33,1.844
618,406.6,193.2,267.0,20.33,1.844
618,406.6,192.9,267.0,20.33,1.844
618,406.6,192.6,267.0,20.33,1.844
618,406.6,192.3,267.0,20.33,1.844
618,406.6,192.1,267.0,20.33,1.844
618,406.6,194.7,267.0,20.33,1.844
618,406.6,194.4,267.0,20.33,1.844
618,406.6,194.2,267.0,20.33,1.844
618,406.6,193.9,267.0,20.33,1.844
618,406.6,193.6,267.0,20.33,1.844
618,406.6,193.3,267.0,20.33,1.844
618,406.6,193.1,267.0,20.33,1.844
618,406.6,192.8,267.0,20.33,1.844
618,406.6,192.5,267.0,20.33,1.844
618,406.6,192.2,267.0,20.33,1.844
618,406.6,192.0,267.0,19.96,1.844
618,406.6,191.7,267.0,19.96,1.720
618,406.6,191.4,267.0,19.96,1.720
618,406.6,191.2,267.0,19.96,1.720
618,406.6,190.9,267.0,19.96,1.720
618,406.6,190.6,267.0,19.96,1.720
618,406.6,193.3,267.0,20.33,1.720
618,406.6,193.0,267.0,20.33,1.844
618,406.6,192.7,267.0,20.33,1.844
618,406.6,192.4,267.0,20.33,1.844
618,406.6,192.2,267.0,20.33,1.844
618,406.6,191.9,267.0,19.96,1.844
618,406.6,191.6,267.0,19.96,1.720
618,406.6,191.3,267.0,19.96,1.720
618,406.6,191.1,267.0,19.96,1.720
618,406.6,190.8,267.0,19.96,1.720
618,406.6,190.5,267.0,19.96,1.720
618,406.6,193.2,267.0,20.33,1.720
618,406.6,192.9,267.0,20.33,1.844
624,414.5,152.9,259.9,22.40,0.831
624,414.1,155.8,254.7,22.40,0.742
624,413.1,160.5,247.2,20.43,0.742
624,412.4,164.5,241.5,20.43,0.881
624,411.9,166.7,236.5,21.42,0.881
624,411.5,168.9,231.5,21.07,0.682
624,411.0,171.1,228.0,21.07,0.520
624,410.6,172.5,223.9,21.32,0.520
624,410.2,173.9,219.7,21.32,0.551
624,409.8,175.3,215.6,21.49,0.551
624,409.5,176.2,210.9,21.49,0.593
624,409.2,177.1,206.2,21.49,0.593
624,409.0,177.7,201.3,21.60,0.593
624,408.8,178.2,196.2,21.60,0.630
624,408.6,178.8,191.2,21.71,0.630
624,408.4,179.1,186.0,21.71,0.659
624,408.2,179.5,180.7,21.71,0.659
624,408.1,179.6,175.1,21.76,0.659
624,408.0,179.7,169.5,21.76,0.701
624,407.9,179.7,163.8,21.75,0.701
624,407.8,179.7,158.0,21.75,0.718
624,407.8,179.9,152.1,21.79,0.727
624,407.8,179.9,146.1,21.79,0.741
624,407.8,180.0,140.1,21.31,0.741
624,407.8,180.2,134.1,21.31,0.771
624,407.8,180.1,127.7,21.33,0.771
624,407.8,180.0,121.4,21.33,0.788
624,407.8,180.0,115.1,21.35,0.788
624,407.8,180.1,108.9,21.35,0.815
624,407.8,179.9,102.2,21.87,0.815
624,407.8,179.9,95.9,21.87,0.796
624,407.8,179.9,89.5,21.87,0.802
624,407.8,179.8,83.0,21.87,0.802
624,407.8,179.7,76.6,21.87,0.804
624,407.8,179.7,70.2,21.87,0.804
624,407.8,179.5,63.8,21.87,0.799
624,407.8,179.4,57.4,21.86,0.799
624,407.8,179.1,51.4,21.86,0.752
624,407.8,178.8,45.4,21.84,0.752
624,407.8,178.3,39.8,21.84,0.698
624,407.8,177.9,34.3,21.81,0.698
624,407.8,177.2,29.4,21.81,0.615
624,407.8,176.6,24.5,21.81,0.615
624,407.8,175.6,20.7,21.77,0.615
624,407.8,174.7,16.9,21.77,0.489
624,407.8,173.8,13.1,21.77,0.489
624,407.8,172.4,10.6,21.74,0.489
624,407.8,171.0,8.1,21.74,0.360
624,407.8,169.6,5.5,21.74,0.360
624,407.8,168.3,3.0,21.74,0.360
624,407.8,166.1,3.0,22.00,0.360
624,407.8,163.9,3.0,22.00,0.388
624,407.8,161.7,3.0,22.00,0.388
624,407.8,159.5,3.0,22.00,0.388
624,407.8,157.3,3.0,22.00,0.388
624,407.8,155.1,3.0,22.27,0.388
624,407.8,152.2,3.0,22.27,0.423
624,407.8,149.4,3.0,22.27,0.423
624,407.8,146.5,3.0,22.27,0.423
624,407.8,143.6,3.0,22.50,0.423
624,407.8,140.3,3.0,22.50,0.455
624,407.8,136.9,3.0,22.50,0.455
624,407.8,133.6,3.0,22.50,0.455
624,407.8,129.9,3.0,22.78,0.455
624,407.8,126.2,3.0,22.78,0.479
624,407.8,122.6,3.0,22.78,0.479
624,407.8,118.9,3.0,23.01,0.479
624,407.8,115.0,3.0,23.01,0.497
624,407.8,111.1,3.0,23.01,0.497
624,407.8,107.1,3.0,23.14,0.497
624,407.8,103.2,3.0,23.14,0.496
624,407.8,99.3,3.0,23.14,0.496
624,407.8,95.3,3.0,23.25,0.496
624,407.8,91.5,3.0,23.25,0.491
624,407.8,87.5,3.0,23.25,0.491
624,407.8,83.7,3.0,23.35,0.491
624,407.8,79.8,3.0,23.35,0.482
624,407.8,76.0,3.0,23.35,0.482
624,407.8,72.1,3.0,23.35,0.482
624,407.8,68.4,3.0,23.48,0.482
624,407.8,64.6,3.0,23.48,0.470
624,407.8,60.9,3.0,23.48,0.470
624,407.8,57.4,3.0,23.59,0.470
624,407.8,53.9,3.0,23.59,0.436
624,407.8,50.4,3.0,23.59,0.436
624,407.8,46.9,3.0,23.63,0.436
624,407.8,43.7,3.0,23.63,0.409
624,407.8,40.4,3.0,23.63,0.409
624,407.8,37.1,3.0,23.63,0.409
624,407.8,34.2,3.2,23.66,0.409
624,407.8,31.3,3.3,23.66,0.368
624,407.8,28.3,3.5,23.66,0.368
624,407.8,25.4,3.7,23.66,0.368
624,407.8,23.0,4.2,23.69,0.368
624,407.8,20.7,4.7,23.69,0.301
624,407.8,18.3,5.1,23.69,0.301
624,407.8,16.0,5.6,23.69,0.301
624,407.8,13.6,6.1,23.69,0.301
624,407.8,11.3,6.6,23.76,0.301
624,407.8,9.6,7.6,23.76,0.242
624,407.8,7.9,8.6,23.76,0.242
624,407.8,6.3,9.6,23.76,0.242
624,407.8,4.6,10.6,23.76,0.242
624,407.8,3.0,11.6,23.76,0.242
624,407.8,3.0,13.1,23.95,0.242
624,407.8,3.0,14.7,23.95,0.234
624,407.8,3.0,16.3,23.95,0.234
624,407.8,3.0,17.9,23.95,0.234
624,407.8,3.0,19.4,23.95,0.234
624,407.8,3.0,21.0,23.95,0.234
624,407.8,3.0,22.6,23.95,0.234
624,407.8,3.0,24.1,24.08,0.234
624,407.8,3.0,26.0,24.08,0.245
624,407.8,3.0,27.8,24.08,0.245
624,407.8,3.0,29.7,24.08,0.245
624,407.8,3.0,31.5,24.08,0.245
624,407.8,3.0,33.4,24.08,0.245
624,407.8,3.0,35.2,24.08,0.245
624,407.8,3.0,37.2,24.18,0.245
624,407.8,3.0,39.1,24.18,0.247
624,407.8,3.0,41.0,24.18,0.247
624,407.8,3.0,42.9,24.18,0.247
624,407.8,3.0,44.9,24.18,0.247
624,407.8,3.0,46.8,24.18,0.247
624,407.8,3.0,48.7,24.27,0.247
624,407.8,3.0,50.6,24.27,0.238
624,407.8,3.0,52.5,24.27,0.238
624,407.8,3.0,54.4,24.27,0.238
624,407.8,3.0,56.3,24.27,0.238
624,407.8,3.0,58.1,24.27,0.238
624,407.8,3.0,60.0,24.38,0.238
624,407.8,3.0,61.7,24.38,0.210
624,407.8,3.0,63.4,24.38,0.210
624,407.8,3.0,65.0,24.38,0.210
624,407.8,3.0,66.7,24.38,0.210
624,407.8,3.0,68.4,24.38,0.210
624,407.8,3.0,70.1,24.38,0.210
624,407.8,3.0,71.8,24.38,0.210
624,407.8,3.0,73.3,24.47,0.210
624,407.8,3.0,74.9,24.47,0.195
624,407.8,3.0,76.4,24.47,0.195
624,407.8,3.0,78.0,24.47,0.195
624,407.8,3.0,79.5,24.47,0.195
624,407.8,3.0,81.1,24.47,0.195
624,407.8,3.0,82.6,24.47,0.195
624,407.8,3.0,84.2,24.53,0.195
624,407.8,3.0,85.6,24.53,0.178
624,407.8,3.0,87.0,24.53,0.178
624,407.8,3.0,88.4,24.53,0.178
624,407.8,3.0,89.9,24.53,0.178
624,407.8,3.0,91.3,24.53,0.178
624,407.8,3.0,92.7,24.53,0.178
624,407.8,3.0,94.2,24.53,0.178
624,407.8,3.0,95.6,24.53,0.178
624,407.8,3.0,96.9,24.59,0.178
624,407.8,3.0,98.2,24.59,0.162
624,407.8,3.0,99.5,24.59,0.162
624,407.8,3.0,100.8,24.59,0.162
624,407.8,3.0,102.1,24.59,0.162
624,407.8,3.0,103.4,24.59,0.162
630,355.8,204.7,259.9,22.48,0.837
630,358.9,204.0,254.9,22.48,0.744
630,365.2,203.8,254.3,19.04,0.744
630,371.5,203.5,253.7,19.04,0.795
630,376.4,203.2,260.0,19.85,0.795
630,381.4,202.9,266.5,19.71,1.011
630,384.3,202.6,267.0,20.20,1.261
630,387.2,202.3,267.0,20.20,1.703
630,390.1,202.0,267.0,20.20,1.703
630,393.1,201.7,267.0,20.20,1.703
630,396.0,201.4,267.0,20.20,1.703
630,396.0,201.1,267.0,20.20,1.844
630,396.0,200.8,267.0,20.20,1.844
630,396.0,200.6,267.0,20.20,1.844
630,396.0,200.3,267.0,20.20,1.844
630,396.0,200.0,267.0,20.20,1.844
630,396.0,199.7,267.0,20.20,1.844
630,396.0,199.5,267.0,20.20,1.844
630,396.0,199.2,267.0,20.20,1.844
630,396.0,198.9,267.0,20.20,1.844
630,396.0,198.6,267.0,20.20,1.844
630,396.0,198.4,267.0,20.20,1.844
630,396.0,198.1,267.0,20.20,1.844
630,396.0,197.8,267.0,20.20,1.844
630,396.0,197.5,267.0,20.20,1.844
630,396.0,197.3,267.0,20.20,1.844
630,396.0,197.0,267.0,20.20,1.844
630,396.0,196.7,267.0,20.20,1.844
630,396.0,196.4,267.0,20.20,1.844
630,396.0,196.2,267.0,20.20,1.844
630,396.0,195.9,267.0,20.20,1.844
630,396.0,195.6,267.0,20.20,1.844
630,396.0,195.3,267.0,20.20,1.844
630,396.0,195.1,267.0,20.20,1.844
630,396.0,194.8,267.0,20.20,1.844
630,396.0,194.5,267.0,20.20,1.844
630,396.0,194.2,267.0,20.20,1.844
630,396.0,194.0,267.0,20.20,1.844
630,396.0,193.7,267.0,20.20,1.844
630,396.0,193.4,267.0,20.20,1.844
630,396.0,193.1,267.0,20.20,1.844
630,396.0,192.9,267.0,20.20,1.844
630,396.0,192.6,267.0,20.20,1.844
630,396.0,192.3,267.0,20.20,1.844
630,396.0,192.0,267.0,20.20,1.844
630,396.0,194.7,267.0,20.20,1.844
630,396.0,194.4,267.0,20.20,1.844
630,396.0,194.2,267.0,20.20,1.844
630,396.0,193.9,267.0,20.20,1.844
630,396.0,193.6,267.0,20.20,1.844
630,396.0,193.3,267.0,20.20,1.844
630,396.0,193.1,267.0,20.20,1.844
630,396.0,192.8,267.0,20.20,1.844
630,396.0,192.5,267.0,20.20,1.844
630,396.0,192.2,267.0,20.20,1.844
630,396.0,191.9,267.0,20.26,1.844
630,396.0,191.7,267.0,20.26,1.720
630,396.0,191.4,267.0,20.26,1.720
630,396.0,191.1,267.0,20.26,1.720
630,396.0,190.9,267.0,20.26,1.720
630,396.0,190.6,267.0,20.26,1.720
630,396.0,193.2,267.0,20.20,1.720
630,396.0,193.0,267.0,20.20,1.844
630,396.0,192.7,267.0,20.20,1.844
630,396.0,192.4,267.0,20.20,1.844
630,396.0,192.2,267.0,20.20,1.844
630,396.0,191.9,267.0,20.26,1.844
630,396.0,191.6,267.0,20.26,1.720
630,396.0,191.3,267.0,20.26,1.720
630,396.0,191.1,267.0,20.26,1.720
630,396.0,190.8,267.0,20.26,1.720
630,396.0,190.5,267.0,20.26,1.720
630,396.0,193.2,267.0,20.20,1.720
630,396.0,192.9,267.0,20.20,1.844
630,396.0,192.6,267.0,20.20,1.844
630,396.0,192.3,267.0,20.20,1.844
630,396.0,192.1,267.0,20.20,1.844
630,396.0,194.7,267.0,20.20,1.844
630,396.0,194.5,267.0,20.20,1.844
630,396.0,194.2,267.0,20.20,1.844
630,396.0,193.9,267.0,20.20,1.844
630,396.0,193.6,267.0,20.20,1.844
630,396.0,193.4,267.0,20.20,1.844
630,396.0,193.1,267.0,20.20,1.844
630,396.0,192.8,267.0,20.20,1.844
630,396.0,192.5,267.0,20.20,1.844
630,396.0,192.3,267.0,20.20,1.844
630,396.0,192.0,267.0,20.26,1.844
630,396.0,191.7,267.0,20.26,1.720
630,396.0,191.4,267.0,20.26,1.720
630,396.0,191.2,267.0,20.26,1.720
630,396.0,190.9,267.0,20.26,1.720
630,396.0,190.6,267.0,20.26,1.720
630,396.0,193.3,267.0,20.20,1.720
630,396.0,193.0,267.0,20.20,1.844
630,396.0,192.7,267.0,20.20,1.844
630,396.0,192.5,267.0,20.20,1.844
630,396.0,192.2,267.0,20.20,1.844
630,396.0,191.9,267.0,20.26,1.844
630,396.0,191.6,267.0,20.26,1.720
630,396.0,191.4,267.0,20.26,1.720
630,396.0,191.1,267.0,20.26,1.720
630,396.0,190.8,267.0,20.26,1.720
630,396.0,190.5,267.0,20.26,1.720
630,396.0,193.2,267.0,20.20,1.720
630,396.0,192.9,267.0,20.20,1.844
630,396.0,192.7,267.0,20.20,1.844
630,396.0,192.4,267.0,20.20,1.844
630,396.0,192.1,267.0,20.20,1.844
630,396.0,194.8,267.0,20.20,1.844
630,396.0,194.5,267.0,20.20,1.844
630,396.0,194.2,267.0,20.20,1.844
630,396.0,193.9,267.0,20.20,1.844
630,396.0,193.7,267.0,20.20,1.844
630,396.0,193.4,267.0,20.20,1.844
630,396.0,193.1,267.0,20.20,1.844
630,396.0,192.9,267.0,20.20,1.844
630,396.0,192.6,267.0,20.20,1.844
630,396.0,192.3,267.0,20.20,1.844
630,396.0,192.0,267.0,20.20,1.844
630,396.0,194.7,267.0,20.20,1.844
630,396.0,194.4,267.0,20.20,1.844
630,396.0,194.1,267.0,20.20,1.844
630,396.0,193.9,267.0,20.20,1.844
630,396.0,193.6,267.0,20.20,1.844
630,396.0,193.3,267.0,20.20,1.844
630,396.0,193.0,267.0,20.20,1.844
630,396.0,192.8,267.0,20.20,1.844
630,396.0,192.5,267.0,20.20,1.844
630,396.0,192.2,267.0,20.20,1.844
630,396.0,191.9,267.0,20.26,1.844
630,396.0,191.7,267.0,20.26,1.720
630,396.0,191.4,267.0,20.26,1.720
630,396.0,191.1,267.0,20.26,1.720
630,396.0,190.8,267.0,20.26,1.720
630,396.0,190.6,267.0,20.26,1.720
630,396.0,193.2,267.0,20.20,1.720
630,396.0,193.0,267.0,20.20,1.844
630,396.0,192.7,267.0,20.20,1.844
630,396.0,192.4,267.0,20.20,1.844
630,396.0,192.1,267.0,20.20,1.844
630,396.0,194.8,267.0,20.20,1.844
630,396.0,194.5,267.0,20.20,1.844
630,396.0,194.2,267.0,20.20,1.844
630,396.0,194.0,267.0,20.20,1.844
630,396.0,193.7,267.0,20.20,1.844
630,396.0,193.4,267.0,20.20,1.844
630,396.0,193.2,267.0,20.20,1.844
630,396.0,192.9,267.0,20.20,1.844
630,396.0,192.6,267.0,20.20,1.844
630,396.0,192.3,267.0,20.20,1.844
630,396.0,192.1,267.0,20.20,1.844
630,396.0,194.7,267.0,20.20,1.844
630,396.0,194.4,267.0,20.20,1.844
630,396.0,194.2,267.0,20.20,1.844
630,396.0,193.9,267.0,20.20,1.844
630,396.0,193.6,267.0,20.20,1.844
630,396.0,193.3,267.0,20.20,1.844
630,396.0,193.1,267.0,20.20,1.844
630,396.0,192.8,267.0,20.20,1.844
636,445.5,194.6,260.0,22.55,0.841
636,442.2,194.2,255.1,18.88,0.742
636,437.8,194.0,249.5,20.57,1.134
636,433.4,193.7,244.0,20.57,0.888
636,428.1,193.4,242.6,20.35,0.888
636,422.7,193.1,241.1,20.35,0.691
636,417.4,192.8,239.7,21.03,0.691
636,416.3,192.5,238.6,21.03,0.193
636,415.2,192.3,237.6,21.03,0.193
636,414.0,192.0,236.6,21.03,0.193
636,413.0,192.6,235.3,21.03,0.193
636,411.9,192.3,234.3,21.03,0.193
636,410.8,192.1,233.2,21.03,0.193
636,409.8,192.7,232.0,21.03,0.193
636,408.6,192.4,230.9,21.03,0.193
636,407.5,192.2,229.9,21.00,0.193
636,407.5,191.9,229.2,20.87,0.092
636,407.5,191.8,228.5,20.87,0.178
636,407.5,191.6,226.0,21.00,0.178
636,407.5,192.2,223.4,21.10,0.343
636,407.5,192.0,220.9,21.10,0.306
636,407.5,192.6,218.2,21.10,0.306
636,407.5,192.4,215.8,21.15,0.306
636,407.5,192.3,212.2,21.15,0.445
636,407.5,192.2,208.7,21.15,0.445
636,407.5,192.0,205.1,21.15,0.445
636,407.5,192.2,200.6,21.19,0.445
636,407.5,192.1,196.3,21.19,0.541
636,407.5,192.0,192.0,21.24,0.541
636,407.5,191.9,187.1,21.20,0.626
636,407.5,192.0,182.1,21.24,0.626
636,407.5,192.0,176.5,21.28,0.606
636,407.5,192.1,170.8,21.28,0.683
636,407.5,192.1,165.2,21.31,0.683
636,407.5,191.9,159.5,21.27,0.709
636,407.5,191.9,153.7,21.29,0.730
636,407.5,191.9,147.7,21.29,0.752
636,407.5,191.9,141.7,21.31,0.752
636,407.5,191.8,135.5,21.31,0.771
636,407.5,191.8,129.4,21.33,0.771
636,407.5,191.7,123.0,21.33,0.788
636,407.5,191.6,116.5,21.35,0.788
636,407.5,191.5,110.0,21.35,0.815
636,407.5,191.3,103.4,21.37,0.815
636,407.5,191.2,96.8,21.37,0.826
636,407.5,191.0,90.1,21.38,0.826
636,407.5,190.9,83.5,21.39,0.833
636,407.5,190.7,76.8,21.39,0.836
636,407.5,190.5,70.1,21.41,0.836
636,407.5,190.4,63.4,21.41,0.832
636,407.5,190.2,56.8,21.42,0.832
636,407.5,190.2,50.5,21.42,0.785
636,407.5,190.1,44.7,21.43,0.785
636,407.5,190.1,38.8,21.43,0.730
636,407.5,190.2,33.7,21.44,0.730
636,407.5,190.3,28.6,21.44,0.641
636,407.5,190.4,23.4,21.45,0.641
636,407.5,190.6,19.4,21.45,0.502
636,407.5,190.9,15.4,21.45,0.502
636,407.5,191.1,11.4,21.51,0.502
636,407.5,191.6,8.7,21.51,0.342
636,407.5,192.0,6.0,21.61,0.342
636,407.5,193.4,3.5,21.61,0.361
636,407.5,194.7,3.0,21.61,0.361
636,407.5,196.1,3.0,21.61,0.361
636,407.5,197.4,3.0,21.61,0.361
636,407.5,198.7,3.0,21.61,0.361
636,407.5,200.1,3.0,21.61,0.361
636,407.5,201.4,3.0,21.61,0.361
636,407.5,202.8,3.0,21.61,0.361
636,407.5,204.1,3.0,21.84,0.361
636,407.5,206.3,3.0,21.84,0.395
636,407.5,208.4,3.0,21.84,0.395
636,407.5,210.6,3.0,21.84,0.395
636,407.5,212.7,3.0,21.84,0.395
636,407.5,214.9,3.0,21.84,0.395
636,407.5,217.0,3.0,22.13,0.395
636,407.5,219.9,3.0,22.13,0.433
636,407.5,222.7,3.0,22.13,0.433
636,407.5,225.6,3.0,22.13,0.433
636,407.5,228.4,3.0,22.42,0.433
636,407.5,231.7,3.0,22.42,0.461
636,407.5,235.0,3.0,22.42,0.461
636,407.5,238.4,3.0,22.42,0.461
636,407.5,242.0,3.0,22.79,0.461
636,407.5,245.6,3.0,22.79,0.468
636,407.5,249.2,3.0,22.79,0.468
636,407.5,252.8,3.0,23.09,0.468
636,407.5,256.4,3.0,23.09,0.452
636,407.5,259.9,3.0,23.09,0.452
636,407.5,263.4,3.0,23.09,0.452
636,407.5,266.8,3.0,23.25,0.452
636,407.5,270.2,3.0,23.25,0.431
636,407.5,273.6,3.0,23.25,0.431
636,407.5,277.0,3.0,23.40,0.431
636,407.5,280.3,3.0,23.40,0.409
636,407.5,283.5,3.0,23.40,0.409
636,407.5,286.7,3.0,23.40,0.409
636,407.5,289.8,3.0,23.54,0.409
636,407.5,292.9,3.0,23.54,0.385
636,407.5,295.9,3.0,23.54,0.385
636,407.5,299.0,3.0,23.54,0.385
636,407.5,301.8,3.0,23.68,0.385
636,407.5,304.7,3.0,23.68,0.361
636,407.5,307.6,3.0,23.68,0.361
636,407.5,310.4,3.0,23.68,0.361
636,407.5,313.3,3.0,23.80,0.361
636,407.5,316.0,3.0,23.80,0.339
636,407.5,318.7,3.0,23.80,0.339
636,407.5,321.4,3.0,23.80,0.339
636,407.5,324.1,3.0,23.91,0.339
636,407.5,326.7,3.0,23.91,0.319
636,407.5,329.2,3.0,23.91,0.319
636,407.5,331.8,3.0,23.91,0.319
636,407.5,334.3,3.0,23.91,0.319
636,407.5,336.9,3.0,24.01,0.319
636,407.5,339.3,3.0,24.01,0.302
636,407.5,341.7,3.0,24.01,0.302
636,407.5,344.1,3.0,24.01,0.302
636,407.5,346.5,3.0,24.01,0.302
636,407.5,348.9,3.0,24.10,0.302
636,407.5,351.2,3.0,24.10,0.287
636,407.5,353.5,3.0,24.10,0.287
636,407.5,355.8,3.0,24.10,0.287
636,407.5,358.1,3.0,24.10,0.287
636,407.5,360.4,3.0,24.19,0.287
636,407.5,362.6,3.0,24.19,0.274
636,407.5,364.8,3.0,24.19,0.274
636,407.5,367.0,3.0,24.19,0.274
636,407.5,369.2,3.0,24.19,0.274
636,407.5,371.4,3.0,24.19,0.274
636,407.5,373.4,3.0,24.26,0.274
636,407.5,375.6,3.0,24.26,0.262
636,407.5,377.6,3.0,24.26,0.262
636,407.5,379.7,3.0,24.26,0.262
636,407.5,381.8,3.0,24.26,0.262
636,407.5,383.9,3.0,24.26,0.262
636,407.5,385.9,3.0,24.33,0.262
636,407.5,388.0,3.0,24.33,0.252
636,407.5,390.0,3.0,24.33,0.252
636,407.5,392.0,3.0,24.33,0.252
636,407.5,394.0,3.0,24.33,0.252
636,407.5,396.0,3.0,24.40,0.252
636,407.5,397.9,3.0,24.40,0.242
636,407.5,399.9,3.0,24.40,0.242
636,407.5,401.8,3.0,24.40,0.242
636,407.5,403.7,3.0,24.40,0.242
636,407.5,405.7,3.0,24.40,0.242
636,407.5,407.6,3.0,24.40,0.242
636,407.5,409.5,3.0,24.46,0.242
636,407.5,411.3,3.0,24.46,0.233
636,407.5,413.2,3.0,24.46,0.233
636,407.5,415.0,3.0,24.46,0.233
636,407.5,416.9,3.0,24.46,0.233
636,407.5,418.8,3.0,24.46,0.233
636,407.5,420.6,3.0,24.52,0.233
636,407.5,422.4,3.0,24.52,0.224
636,407.5,424.2,3.0,24.52,0.224
636,407.5,426.0,3.0,24.52,0.224
636,407.5,427.8,3.0,24.52,0.224
642,445.2,185.0,260.0,22.54,0.838
642,440.3,185.8,252.5,19.43,0.743
642,435.9,186.1,246.9,20.83,1.124
642,431.6,186.4,241.4,20.94,0.884
642,426.4,187.2,240.1,20.94,0.670
642,423.7,187.2,236.7,21.39,0.670
642,421.0,187.2,233.4,21.39,0.537
642,420.0,187.8,232.1,21.05,0.537
642,418.9,188.4,230.9,21.05,0.537
642,417.9,189.1,229.6,21.05,0.218
642,416.9,189.7,228.3,21.05,0.218
642,416.2,190.0,225.6,21.18,0.218
642,415.6,190.3,222.8,21.18,0.355
642,414.9,190.6,220.1,21.18,0.355
642,414.3,190.9,217.3,21.18,0.355
642,413.8,191.0,213.5,21.25,0.355
642,413.4,191.1,209.8,21.25,0.474
642,413.0,191.2,206.0,21.25,0.474
642,412.6,191.3,202.2,21.30,0.474
642,412.3,191.3,197.8,21.30,0.559
642,412.1,191.3,193.3,21.30,0.559
642,411.9,191.3,188.4,21.36,0.559
642,411.7,191.2,183.4,21.36,0.618
642,411.5,191.1,178.5,21.40,0.618
642,411.4,191.0,173.0,21.40,0.690
642,411.4,190.9,167.5,21.42,0.690
642,411.3,190.7,161.7,21.42,0.715
642,411.3,190.5,156.0,21.42,0.715
642,411.2,190.3,150.1,21.44,0.715
642,411.2,190.1,144.2,21.44,0.736
642,411.2,189.9,138.2,21.46,0.736
642,411.2,189.7,132.2,21.46,0.754
642,411.2,189.5,126.0,21.48,0.754
642,411.2,189.2,119.9,21.51,0.769
642,411.2,189.0,113.5,21.51,0.795
642,411.2,188.7,107.2,21.52,0.795
642,411.2,188.5,100.7,21.52,0.806
642,411.3,188.2,94.3,21.54,0.806
642,411.3,187.9,87.8,21.54,0.813
642,411.4,187.6,81.3,21.54,0.813
642,411.4,187.3,74.8,21.54,0.816
642,411.6,187.1,68.3,21.56,0.816
642,411.7,186.8,61.8,21.56,0.813
642,412.0,186.6,55.6,21.56,0.813
642,412.2,186.4,49.5,21.56,0.768
642,412.6,186.3,43.8,21.56,0.768
642,413.0,186.1,38.1,21.56,0.715
642,413.6,186.1,33.1,21.56,0.715
642,414.1,186.1,28.1,21.56,0.630
642,414.7,186.1,23.1,21.55,0.630
642,415.5,186.3,19.2,21.55,0.498
642,416.3,186.5,15.3,21.55,0.498
642,417.1,186.6,11.4,21.57,0.498
642,418.2,187.0,8.8,21.57,0.358
642,419.4,187.4,6.2,21.57,0.358
642,422.3,187.5,4.1,21.86,0.358
642,425.2,187.7,3.0,21.86,0.449
642,428.1,187.8,3.0,21.86,0.449
642,431.1,188.0,3.0,21.86,0.449
642,434.6,188.0,3.0,22.23,0.449
642,438.2,188.1,3.0,22.23,0.493
642,441.8,188.2,3.0,22.23,0.493
642,445.3,188.2,3.0,22.45,0.493
642,449.3,188.2,3.0,22.45,0.517
642,453.2,188.2,3.0,22.45,0.517
642,457.1,188.3,3.0,22.65,0.517
642,461.2,188.3,3.0,22.65,0.521
642,465.2,188.2,3.0,22.65,0.521
642,469.3,188.2,3.0,22.81,0.521
642,473.3,188.2,3.0,22.81,0.509
642,477.3,188.2,3.0,22.81,0.509
642,481.3,188.2,3.0,23.02,0.509
642,484.9,188.1,3.0,23.02,0.463
642,488.6,188.1,3.0,23.02,0.463
642,492.3,188.1,3.0,23.20,0.463
642,495.8,188.0,3.0,23.20,0.438
642,499.3,188.0,3.0,23.20,0.438
642,502.7,187.9,3.0,23.20,0.438
642,506.0,187.9,3.0,23.31,0.438
642,509.3,187.8,3.0,23.31,0.413
642,512.6,187.8,3.0,23.31,0.413
642,515.9,187.7,3.0,23.31,0.413
642,519.0,187.7,3.0,23.41,0.389
642,522.1,187.6,3.0,23.41,0.389
642,525.2,187.5,3.0,23.41,0.389
642,528.3,187.5,3.0,23.50,0.389
642,531.2,187.4,3.0,23.50,0.367
642,534.2,187.3,3.0,23.50,0.367
642,537.1,187.3,3.0,23.50,0.367
642,540.0,187.2,3.0,23.63,0.367
642,542.6,187.1,3.0,23.63,0.327
642,545.3,187.1,3.0,23.63,0.327
642,547.9,187.0,3.0,23.63,0.327
642,550.5,186.9,3.0,23.63,0.327
642,553.1,186.8,3.0,23.74,0.327
642,555.6,186.8,3.0,23.74,0.309
642,558.0,186.7,3.0,23.74,0.309
642,560.5,186.6,3.0,23.74,0.309
642,563.0,186.5,3.0,23.74,0.309
642,565.3,186.4,3.0,23.81,0.309
642,567.6,186.4,3.0,23.81,0.292
642,570.0,186.3,3.0,23.81,0.292
642,572.3,186.2,3.0,23.81,0.292
642,574.7,186.1,3.0,23.81,0.292
642,577.0,186.0,3.0,23.89,0.292
642,579.2,185.9,3.0,23.89,0.274
642,581.4,185.7,3.0,23.89,0.274
642,583.5,185.5,3.0,23.89,0.274
642,585.7,185.4,3.0,23.89,0.274
642,587.9,185.2,3.0,23.89,0.274
642,590.0,185.1,3.0,23.99,0.258
642,592.0,185.0,3.0,23.99,0.258
642,594.1,184.8,3.0,23.99,0.258
642,596.1,184.7,3.0,23.99,0.258
642,598.2,184.6,3.0,23.99,0.258
642,600.3,184.5,3.0,24.04,0.258
642,602.2,184.3,3.0,24.04,0.240
642,604.1,184.2,3.0,24.04,0.240
642,606.0,184.0,3.0,24.04,0.240
642,607.9,183.8,3.0,24.04,0.240
642,609.8,183.7,3.0,24.04,0.240
642,611.7,183.5,3.0,24.04,0.240
642,613.5,183.4,3.0,24.14,0.240
642,615.3,183.3,3.0,24.14,0.226
642,617.1,183.2,3.0,24.14,0.226
642,618.9,183.1,3.0,24.14,0.226
642,620.8,182.9,3.0,24.14,0.226
642,622.6,182.8,3.0,24.14,0.226
642,624.4,182.7,3.0,24.17,0.226
642,626.1,182.5,3.0,24.17,0.222
642,627.9,182.3,3.0,24.17,0.222
642,629.7,182.2,3.0,24.17,0.222
642,631.4,182.0,3.0,24.17,0.222
642,633.2,181.8,3.0,24.17,0.222
642,635.0,181.6,3.0,24.17,0.222
642,636.6,181.6,3.0,24.25,0.222
642,638.2,181.5,3.0,24.25,0.198
642,639.7,181.4,3.1,24.25,0.198
642,641.3,181.3,3.1,24.25,0.198
642,642.9,181.2,3.1,24.25,0.198
642,644.5,181.2,3.1,24.25,0.198
642,646.1,181.1,3.1,24.25,0.198
642,647.6,181.0,3.1,24.25,0.198
642,649.2,180.9,3.1,24.31,0.198
642,650.7,180.8,3.1,24.31,0.194
642,652.3,180.6,3.2,24.31,0.194
642,653.8,180.5,3.2,24.31,0.194
642,655.4,180.4,3.2,24.31,0.194
642,656.9,180.3,3.2,24.31,0.194
642,658.5,180.2,3.2,24.31,0.194
642,660.0,180.1,3.2,24.36,0.194
642,661.5,180.0,3.2,24.35,0.184
642,663.0,179.8,3.3,24.35,0.190
642,664.5,179.7,3.3,24.35,0.190
642,666.0,179.6,3.3,24.35,0.190
642,667.6,179.4,3.3,24.35,0.190
642,669.1,179.2,3.3,24.35,0.190
642,670.6,179.1,3.3,24.35,0.190
642,672.1,179.0,3.4,24.39,0.190
642,673.5,178.9,3.4,24.39,0.180
648,397.0,229.1,264.5,18.87,0.891
648,397.0,223.9,267.0,19.70,0.841
648,397.0,218.8,267.0,19.70,1.250
648,397.0,213.6,267.0,20.21,1.250
648,397.0,210.5,267.0,20.21,1.690
648,397.0,207.3,267.0,20.21,1.690
648,397.0,204.2,267.0,20.21,1.690
648,397.0,203.9,267.0,20.33,1.690
648,397.0,203.7,267.0,20.33,1.844
648,397.0,203.4,267.0,20.33,1.844
648,397.0,203.1,267.0,20.33,1.844
648,397.0,202.8,267.0,20.33,1.844
648,397.0,202.6,267.0,20.33,1.844
648,397.0,202.3,267.0,20.33,1.844
648,397.0,202.0,267.0,20.33,1.844
648,397.0,201.7,267.0,20.33,1.844
648,397.0,201.5,267.0,20.33,1.844
648,397.0,201.2,267.0,20.33,1.844
648,397.0,200.9,267.0,20.33,1.844
648,397.0,200.6,267.0,20.33,1.844
648,397.0,200.3,267.0,20.33,1.844
648,397.0,200.1,267.0,20.33,1.844
648,397.0,199.8,267.0,20.33,1.844
648,397.0,199.5,267.0,20.33,1.844
648,397.0,199.2,267.0,20.33,1.844
648,397.0,199.0,267.0,20.33,1.844
648,397.0,198.7,267.0,20.33,1.844
648,397.0,198.4,267.0,20.33,1.844
648,397.0,198.2,267.0,20.33,1.844
648,397.0,197.9,267.0,20.33,1.844
648,397.0,197.6,267.0,20.33,1.844
648,397.0,197.3,267.0,20.33,1.844
648,397.0,197.0,267.0,20.33,1.844
648,397.0,196.8,267.0,20.33,1.844
648,397.0,196.5,267.0,20.33,1.844
648,397.0,196.2,267.0,20.33,1.844
648,397.0,195.9,267.0,20.33,1.844
648,397.0,195.7,267.0,20.33,1.844
648,397.0,195.4,267.0,20.33,1.844
648,397.0,195.1,267.0,20.33,1.844
648,397.0,194.8,267.0,20.33,1.844
648,397.0,194.6,267.0,20.33,1.844
648,397.0,194.3,267.0,20.33,1.844
648,397.0,194.0,267.0,20.33,1.844
648,397.0,193.8,267.0,20.33,1.844
648,397.0,193.5,267.0,20.33,1.844
648,397.0,193.2,267.0,20.33,1.844
648,397.0,192.9,267.0,20.33,1.844
648,397.0,192.7,267.0,20.33,1.844
648,397.0,192.4,267.0,20.33,1.844
648,397.0,192.1,267.0,20.33,1.844
648,397.0,194.8,267.0,20.33,1.844
648,397.0,194.5,267.0,20.33,1.844
648,397.0,194.2,267.0,20.33,1.844
648,397.0,193.9,267.0,20.33,1.844
648,397.0,193.7,267.0,20.33,1.844
648,397.0,193.4,267.0,20.33,1.844
648,397.0,193.1,267.0,20.33,1.844
648,397.0,192.8,267.0,20.33,1.844
648,397.0,192.6,267.0,20.33,1.844
648,397.0,192.3,267.0,20.33,1.844
648,397.0,192.0,267.0,20.33,1.844
648,397.0,194.7,267.0,20.33,1.844
648,397.0,194.4,267.0,20.33,1.844
648,397.0,194.1,267.0,20.33,1.844
648,397.0,193.9,267.0,20.33,1.844
648,397.0,193.6,267.0,20.33,1.844
648,397.0,193.3,267.0,20.33,1.844
648,397.0,193.0,267.0,20.33,1.844
648,397.0,192.8,267.0,20.33,1.844
648,397.0,192.5,267.0,20.33,1.844
648,397.0,192.2,267.0,20.33,1.844
648,397.0,191.9,267.0,19.96,1.844
648,397.0,191.7,267.0,19.96,1.720
648,397.0,191.4,267.0,19.96,1.720
648,397.0,191.1,267.0,19.96,1.720
648,397.0,190.8,267.0,19.96,1.720
648,397.0,190.6,267.0,19.96,1.720
648,397.0,193.2,267.0,20.33,1.720
648,397.0,193.0,267.0,20.33,1.844
648,397.0,192.7,267.0,20.33,1.844
648,397.0,192.4,267.0,20.33,1.844
648,397.0,192.1,267.0,20.33,1.844
648,397.0,194.8,267.0,20.33,1.844
648,397.0,194.5,267.0,20.33,1.844
648,397.0,194.2,267.0,20.33,1.844
648,397.0,194.0,267.0,20.33,1.844
648,397.0,193.7,267.0,20.33,1.844
648,397.0,193.4,267.0,20.33,1.844
648,397.0,193.2,267.0,20.33,1.844
648,397.0,192.9,267.0,20.33,1.844
648,397.0,192.6,267.0,20.33,1.844
648,397.0,192.3,267.0,20.33,1.844
648,397.0,192.1,267.0,20.33,1.844
648,397.0,194.7,267.0,20.33,1.844
648,397.0,194.4,267.0,20.33,1.844
648,397.0,194.2,267.0,20.33,1.844
648,397.0,193.9,267.0,20.33,1.844
648,397.0,193.6,267.0,20.33,1.844
648,397.0,193.3,267.0,20.33,1.844
648,397.0,193.1,267.0,20.33,1.844
648,397.0,192.8,267.0,20.33,1.844
648,397.0,192.5,267.0,20.33,1.844
648,397.0,192.2,267.0,20.33,1.844
648,397.0,192.0,267.0,19.96,1.844
648,397.0,191.7,267.0,19.96,1.720
648,397.0,191.4,267.0,19.96,1.720
648,397.0,191.1,267.0,19.96,1.720
648,397.0,190.9,267.0,19.96,1.720
648,397.0,190.6,267.0,19.96,1.720
648,397.0,193.3,267.0,20.33,1.720
648,397.0,193.0,267.0,20.33,1.844
648,397.0,192.7,267.0,20.33,1.844
648,397.0,192.4,267.0,20.33,1.844
648,397.0,192.2,267.0,20.33,1.844
648,397.0,191.9,267.0,19.96,1.844
648,397.0,191.6,267.0,19.96,1.720
648,397.0,191.3,267.0,19.96,1.720
648,397.0,191.1,267.0,19.96,1.720
648,397.0,190.8,267.0,19.96,1.720
648,397.0,190.5,267.0,19.96,1.720
648,397.0,193.2,267.0,20.33,1.720
648,397.0,192.9,267.0,20.33,1.844
648,397.0,192.6,267.0,20.33,1.844
648,397.0,192.4,267.0,20.33,1.844
648,397.0,192.1,267.0,20.33,1.844
648,397.0,194.8,267.0,20.33,1.844
648,397.0,194.5,267.0,20.33,1.844
648,397.0,194.2,267.0,20.33,1.844
648,397.0,193.9,267.0,20.33,1.844
648,397.0,193.7,267.0,20.33,1.844
648,397.0,193.4,267.0,20.33,1.844
648,397.0,193.1,267.0,20.33,1.844
648,397.0,192.8,267.0,20.33,1.844
648,397.0,192.6,267.0,20.33,1.844
648,397.0,192.3,267.0,20.33,1.844
648,397.0,192.0,267.0,20.33,1.844
648,397.0,194.7,267.0,20.33,1.844
648,397.0,194.4,267.0,20.33,1.844
648,397.0,194.1,267.0,20.33,1.844
648,397.0,193.8,267.0,20.33,1.844
648,397.0,193.6,267.0,20.33,1.844
648,397.0,193.3,267.0,20.33,1.844
648,397.0,193.0,267.0,20.33,1.844
648,397.0,192.8,267.0,20.33,1.844
648,397.0,192.5,267.0,20.33,1.844
648,397.0,192.2,267.0,20.33,1.844
648,397.0,191.9,267.0,19.96,1.844
648,397.0,191.7,267.0,19.96,1.720
648,397.0,191.4,267.0,19.96,1.720
648,397.0,191.1,267.0,19.96,1.720
648,397.0,190.8,267.0,19.96,1.720
648,397.0,190.6,267.0,19.96,1.720
648,397.0,193.2,267.0,20.33,1.720
648,397.0,192.9,267.0,20.33,1.844
648,397.0,192.7,267.0,20.33,1.844
648,397.0,192.4,267.0,20.33,1.844
648,397.0,192.1,267.0,20.33,1.844
648,397.0,194.8,267.0,20.33,1.844
648,397.0,194.5,267.0,20.33,1.844
654,389.6,168.0,257.5,19.74,1.280
654,391.6,174.0,257.2,19.74,0.791
654,393.7,180.0,257.0,19.74,0.791
654,396.4,182.3,266.3,19.96,0.791
654,396.4,185.0,267.0,19.96,1.720
654,396.4,187.7,267.0,19.96,1.720
654,396.4,190.4,267.0,19.96,1.720
654,396.4,193.0,267.0,20.33,1.720
654,396.4,192.8,267.0,20.33,1.844
654,396.4,192.5,267.0,20.33,1.844
654,396.4,192.2,267.0,20.33,1.844
654,396.4,191.9,267.0,19.96,1.844
654,396.4,191.7,267.0,19.96,1.720
654,396.4,191.4,267.0,19.96,1.720
654,396.4,191.1,267.0,19.96,1.720
654,396.4,190.8,267.0,19.96,1.720
654,396.4,190.6,267.0,19.96,1.720
654,396.4,193.2,267.0,20.33,1.720
654,396.4,193.0,267.0,20.33,1.844
654,396.4,192.7,267.0,20.33,1.844
654,396.4,192.4,267.0,20.33,1.844
654,396.4,192.1,267.0,20.33,1.844
654,396.4,194.8,267.0,20.33,1.844
654,396.4,194.5,267.0,20.33,1.844
654,396.4,194.2,267.0,20.33,1.844
654,396.4,194.0,267.0,20.33,1.844
654,396.4,193.7,267.0,20.33,1.844
654,396.4,193.4,267.0,20.33,1.844
654,396.4,193.2,267.0,20.33,1.844
654,396.4,192.9,267.0,20.33,1.844
654,396.4,192.6,267.0,20.33,1.844
654,396.4,192.3,267.0,20.33,1.844
654,396.4,192.1,267.0,20.33,1.844
654,396.4,194.7,267.0,20.33,1.844
654,396.4,194.4,267.0,20.33,1.844
654,396.4,194.2,267.0,20.33,1.844
654,396.4,193.9,267.0,20.33,1.844
654,396.4,193.6,267.0,20.33,1.844
654,396.4,193.3,267.0,20.33,1.844
654,396.4,193.1,267.0,20.33,1.844
654,396.4,192.8,267.0,20.33,1.844
654,396.4,192.5,267.0,20.33,1.844
654,396.4,192.2,267.0,20.33,1.844
654,396.4,192.0,267.0,19.96,1.844
654,396.4,191.7,267.0,19.96,1.720
654,396.4,191.4,267.0,19.96,1.720
654,396.4,191.2,267.0,19.96,1.720
654,396.4,190.9,267.0,19.96,1.720
654,396.4,190.6,267.0,19.96,1.720
654,396.4,193.3,267.0,20.33,1.720
654,396.4,193.0,267.0,20.33,1.844
654,396.4,192.7,267.0,20.33,1.844
654,396.4,192.4,267.0,20.33,1.844
654,396.4,192.2,267.0,20.33,1.844
654,396.4,191.9,267.0,19.96,1.844
654,396.4,191.6,267.0,19.96,1.720
654,396.4,191.3,267.0,19.96,1.720
654,396.4,191.1,267.0,19.96,1.720
654,396.4,190.8,267.0,19.96,1.720
654,396.4,190.5,267.0,19.96,1.720
654,396.4,193.2,267.0,20.33,1.720
654,396.4,192.9,267.0,20.33,1.844
654,396.4,192.6,267.0,20.33,1.844
654,396.4,192.4,267.0,20.33,1.844
654,396.4,192.1,267.0,20.33,1.844
654,396.4,194.8,267.0,20.33,1.844
654,396.4,194.5,267.0,20.33,1.844
654,396.4,194.2,267.0,20.33,1.844
654,396.4,193.9,267.0,20.33,1.844
654,396.4,193.7,267.0,20.33,1.844
654,396.4,193.4,267.0,20.33,1.844
654,396.4,193.1,267.0,20.33,1.844
654,396.4,192.8,267.0,20.33,1.844
654,396.4,192.6,267.0,20.33,1.844
654,396.4,192.3,267.0,20.33,1.844
654,396.4,192.0,267.0,20.33,1.844
654,396.4,194.7,267.0,20.33,1.844
654,396.4,194.4,267.0,20.33,1.844
654,396.4,194.1,267.0,20.33,1.844
654,396.4,193.8,267.0,20.33,1.844
654,396.4,193.6,267.0,20.33,1.844
654,396.4,193.3,267.0,20.33,1.844
654,396.4,193.0,267.0,20.33,1.844
654,396.4,192.8,267.0,20.33,1.844
654,396.4,192.5,267.0,20.33,1.844
654,396.4,192.2,267.0,20.33,1.844
654,396.4,191.9,267.0,19.96,1.844
654,396.4,191.7,267.0,19.96,1.720
654,396.4,191.4,267.0,19.96,1.720
654,396.4,191.1,267.0,19.96,1.720
654,396.4,190.8,267.0,19.96,1.720
654,396.4,190.6,267.0,19.96,1.720
654,396.4,193.2,267.0,20.33,1.720
654,396.4,192.9,267.0,20.33,1.844
654,396.4,192.7,267.0,20.33,1.844
654,396.4,192.4,267.0,20.33,1.844
654,396.4,192.1,267.0,20.33,1.844
654,396.4,194.8,267.0,20.33,1.844
654,396.4,194.5,267.0,20.33,1.844
654,396.4,194.2,267.0,20.33,1.844
654,396.4,194.0,267.0,20.33,1.844
654,396.4,193.7,267.0,20.33,1.844
654,396.4,193.4,267.0,20.33,1.844
654,396.4,193.1,267.0,20.33,1.844
654,396.4,192.9,267.0,20.33,1.844
654,396.4,192.6,267.0,20.33,1.844
654,396.4,192.3,267.0,20.33,1.844
654,396.4,192.0,267.0,20.33,1.844
654,396.4,194.7,267.0,20.33,1.844
654,396.4,194.4,267.0,20.33,1.844
654,396.4,194.2,267.0,20.33,1.844
654,396.4,193.9,267.0,20.33,1.844
654,396.4,193.6,267.0,20.33,1.844
654,396.4,193.3,267.0,20.33,1.844
654,396.4,193.1,267.0,20.33,1.844
654,396.4,192.8,267.0,20.33,1.844
654,396.4,192.5,267.0,20.33,1.844
654,396.4,192.2,267.0,20.33,1.844
654,396.4,192.0,267.0,19.96,1.844
654,396.4,191.7,267.0,19.96,1.720
654,396.4,191.4,267.0,19.96,1.720
654,396.4,191.1,267.0,19.96,1.720
654,396.4,190.9,267.0,19.96,1.720
654,396.4,190.6,267.0,19.96,1.720
654,396.4,193.2,267.0,20.33,1.720
654,396.4,193.0,267.0,20.33,1.844
654,396.4,192.7,267.0,20.33,1.844
654,396.4,192.4,267.0,20.33,1.844
654,396.4,192.2,267.0,20.33,1.844
654,396.4,191.9,267.0,19.96,1.844
654,396.4,191.6,267.0,19.96,1.720
654,396.4,191.3,267.0,19.96,1.720
654,396.4,191.1,267.0,19.96,1.720
654,396.4,190.8,267.0,19.96,1.720
654,396.4,190.5,267.0,19.96,1.720
654,396.4,193.2,267.0,20.33,1.720
654,396.4,192.9,267.0,20.33,1.844
654,396.4,192.6,267.0,20.33,1.844
654,396.4,192.3,267.0,20.33,1.844
654,396.4,192.1,267.0,20.33,1.844
654,396.4,194.7,267.0,20.33,1.844
654,396.4,194.5,267.0,20.33,1.844
654,396.4,194.2,267.0,20.33,1.844
654,396.4,193.9,267.0,20.33,1.844
654,396.4,193.6,267.0,20.33,1.844
654,396.4,193.4,267.0,20.33,1.844
654,396.4,193.1,267.0,20.33,1.844
654,396.4,192.8,267.0,20.33,1.844
654,396.4,192.5,267.0,20.33,1.844
654,396.4,192.3,267.0,20.33,1.844
654,396.4,192.0,267.0,19.96,1.844
654,396.4,191.7,267.0,19.96,1.720
654,396.4,191.4,267.0,19.96,1.720
654,396.4,191.2,267.0,19.96,1.720
654,396.4,190.9,267.0,19.96,1.720
654,396.4,190.6,267.0,19.96,1.720
654,396.4,193.3,267.0,20.33,1.720
654,396.4,193.0,267.0,20.33,1.844
654,396.4,192.7,267.0,20.33,1.844
654,396.4,192.5,267.0,20.33,1.844
660,396.1,168.0,257.4,18.81,1.298
660,396.1,174.1,256.9,19.18,1.126
660,396.1,180.3,256.5,20.06,0.771
660,396.1,182.8,266.7,19.96,1.316
660,396.1,185.5,267.0,19.96,1.720
660,396.1,188.1,267.0,19.96,1.720
660,396.1,190.8,267.0,19.96,1.720
660,396.1,190.5,267.0,19.96,1.720
660,396.1,193.2,267.0,20.33,1.720
660,396.1,192.9,267.0,20.33,1.844
660,396.1,192.7,267.0,20.33,1.844
660,396.1,192.4,267.0,20.33,1.844
660,396.1,192.1,267.0,20.33,1.844
660,396.1,194.8,267.0,20.33,1.844
660,396.1,194.5,267.0,20.33,1.844
660,396.1,194.2,267.0,20.33,1.844
660,396.1,193.9,267.0,20.33,1.844
660,396.1,193.7,267.0,20.33,1.844
660,396.1,193.4,267.0,20.33,1.844
660,396.1,193.1,267.0,20.33,1.844
660,396.1,192.8,267.0,20.33,1.844
660,396.1,192.6,267.0,20.33,1.844
660,396.1,192.3,267.0,20.33,1.844
660,396.1,192.0,267.0,20.33,1.844
660,396.1,194.7,267.0,20.33,1.844
660,396.1,194.4,267.0,20.33,1.844
660,396.1,194.1,267.0,20.33,1.844
660,396.1,193.9,267.0,20.33,1.844
660,396.1,193.6,267.0,20.33,1.844
660,396.1,193.3,267.0,20.33,1.844
660,396.1,193.0,267.0,20.33,1.844
660,396.1,192.8,267.0,20.33,1.844
660,396.1,192.5,267.0,20.33,1.844
660,396.1,192.2,267.0,20.33,1.844
660,396.1,191.9,267.0,19.96,1.844
660,396.1,191.7,267.0,19.96,1.720
660,396.1,191.4,267.0,19.96,1.720
660,396.1,191.1,267.0,19.96,1.720
660,396.1,190.8,267.0,19.96,1.720
660,396.1,190.6,267.0,19.96,1.720
660,396.1,193.2,267.0,20.33,1.720
660,396.1,193.0,267.0,20.33,1.844
660,396.1,192.7,267.0,20.33,1.844
660,396.1,192.4,267.0,20.33,1.844
660,396.1,192.1,267.0,20.33,1.844
660,396.1,194.8,267.0,20.33,1.844
660,396.1,194.5,267.0,20.33,1.844
660,396.1,194.2,267.0,20.33,1.844
660,396.1,194.0,267.0,20.33,1.844
660,396.1,193.7,267.0,20.33,1.844
660,396.1,193.4,267.0,20.33,1.844
660,396.1,193.2,267.0,20.33,1.844
660,396.1,192.9,267.0,20.33,1.844
660,396.1,192.6,267.0,20.33,1.844
660,396.1,192.3,267.0,20.33,1.844
660,396.1,192.1,267.0,20.33,1.844
660,396.1,194.7,267.0,20.33,1.844
660,396.1,194.4,267.0,20.33,1.844
660,396.1,194.2,267.0,20.33,1.844
660,396.1,193.9,267.0,20.33,1.844
660,396.1,193.6,267.0,20.33,1.844
660,396.1,193.3,267.0,20.33,1.844
660,396.1,193.1,267.0,20.33,1.844
660,396.1,192.8,267.0,20.33,1.844
660,396.1,192.5,267.0,20.33,1.844
660,396.1,192.2,267.0,20.33,1.844
660,396.1,192.0,267.0,19.96,1.844
660,396.1,191.7,267.0,19.96,1.720
660,396.1,191.4,267.0,19.96,1.720
660,396.1,191.1,267.0,19.96,1.720
660,396.1,190.9,267.0,19.96,1.720
660,396.1,190.6,267.0,19.96,1.720
660,396.1,193.3,267.0,20.33,1.720
660,396.1,193.0,267.0,20.33,1.844
660,396.1,192.7,267.0,20.33,1.844
660,396.1,192.4,267.0,20.33,1.844
660,396.1,192.2,267.0,20.33,1.844
660,396.1,191.9,267.0,19.96,1.844
660,396.1,191.6,267.0,19.96,1.720
660,396.1,191.3,267.0,19.96,1.720
660,396.1,191.1,267.0,19.96,1.720
660,396.1,190.8,267.0,19.96,1.720
660,396.1,190.5,267.0,19.96,1.720
660,396.1,193.2,267.0,20.33,1.720
660,396.1,192.9,267.0,20.33,1.844
660,396.1,192.6,267.0,20.33,1.844
660,396.1,192.4,267.0,20.33,1.844
660,396.1,192.1,267.0,20.33,1.844
660,396.1,194.8,267.0,20.33,1.844
660,396.1,194.5,267.0,20.33,1.844
660,396.1,194.2,267.0,20.33,1.844
660,396.1,193.9,267.0,20.33,1.844
660,396.1,193.7,267.0,20.33,1.844
660,396.1,193.4,267.0,20.33,1.844
660,396.1,193.1,267.0,20.33,1.844
660,396.1,192.8,267.0,20.33,1.844
660,396.1,192.6,267.0,20.33,1.844
660,396.1,192.3,267.0,20.33,1.844
660,396.1,192.0,267.0,20.33,1.844
660,396.1,194.7,267.0,20.33,1.844
660,396.1,194.4,267.0,20.33,1.844
660,396.1,194.1,267.0,20.33,1.844
660,396.1,193.8,267.0,20.33,1.844
660,396.1,193.6,267.0,20.33,1.844
660,396.1,193.3,267.0,20.33,1.844
660,396.1,193.0,267.0,20.33,1.844
660,396.1,192.8,267.0,20.33,1.844
660,396.1,192.5,267.0,20.33,1.844
660,396.1,192.2,267.0,20.33,1.844
660,396.1,191.9,267.0,19.96,1.844
660,396.1,191.7,267.0,19.96,1.720
660,396.1,191.4,267.0,19.96,1.720
660,396.1,191.1,267.0,19.96,1.720
660,396.1,190.8,267.0,19.96,1.720
660,396.1,190.6,267.0,19.96,1.720
660,396.1,193.2,267.0,20.33,1.720
660,396.1,192.9,267.0,20.33,1.844
660,396.1,192.7,267.0,20.33,1.844
660,396.1,192.4,267.0,20.33,1.844
660,396.1,192.1,267.0,20.33,1.844
660,396.1,194.8,267.0,20.33,1.844
660,396.1,194.5,267.0,20.33,1.844
660,396.1,194.2,267.0,20.33,1.844
660,396.1,194.0,267.0,20.33,1.844
660,396.1,193.7,267.0,20.33,1.844
660,396.1,193.4,267.0,20.33,1.844
660,396.1,193.1,267.0,20.33,1.844
660,396.1,192.9,267.0,20.33,1.844
660,396.1,192.6,267.0,20.33,1.844
660,396.1,192.3,267.0,20.33,1.844
660,396.1,192.0,267.0,20.33,1.844
660,396.1,194.7,267.0,20.33,1.844
660,396.1,194.4,267.0,20.33,1.844
660,396.1,194.2,267.0,20.33,1.844
660,396.1,193.9,267.0,20.33,1.844
660,396.1,193.6,267.0,20.33,1.844
660,396.1,193.3,267.0,20.33,1.844
660,396.1,193.1,267.0,20.33,1.844
660,396.1,192.8,267.0,20.33,1.844
660,396.1,192.5,267.0,20.33,1.844
660,396.1,192.2,267.0,20.33,1.844
660,396.1,191.9,267.0,19.96,1.844
660,396.1,191.7,267.0,19.96,1.720
660,396.1,191.4,267.0,19.96,1.720
660,396.1,191.1,267.0,19.96,1.720
660,396.1,190.9,267.0,19.96,1.720
660,396.1,190.6,267.0,19.96,1.720
660,396.1,193.2,267.0,20.33,1.720
660,396.1,193.0,267.0,20.33,1.844
660,396.1,192.7,267.0,20.33,1.844
660,396.1,192.4,267.0,20.33,1.844
660,396.1,192.2,267.0,20.33,1.844
660,396.1,191.9,267.0,19.96,1.844
660,396.1,191.6,267.0,19.96,1.720
660,396.1,191.3,267.0,19.96,1.720
660,396.1,191.1,267.0,19.96,1.720
660,396.1,190.8,267.0,19.96,1.720
660,396.1,190.5,267.0,19.96,1.720
660,396.1,193.2,267.0,20.33,1.720
660,396.1,192.9,267.0,20.33,1.844
666,403.8,251.6,265.1,20.22,0.370
666,403.8,248.3,260.1,20.72,0.841
666,403.8,245.0,255.2,20.72,0.742
666,403.8,241.7,250.3,21.99,0.742
666,403.8,239.0,246.7,20.28,0.553
666,403.8,233.5,245.3,20.28,0.710
666,403.8,228.0,243.8,20.28,0.710
666,403.8,223.5,246.1,20.49,0.710
666,403.8,219.0,248.3,20.49,0.632
666,403.8,214.5,250.6,20.70,0.632
666,403.8,211.5,260.6,20.30,0.680
666,403.8,208.3,267.0,20.21,1.298
666,403.8,205.2,267.0,20.21,1.690
666,403.8,204.9,267.0,20.21,1.690
666,403.8,204.7,267.0,20.21,1.690
666,403.8,204.4,267.0,20.21,1.690
666,403.8,204.1,267.0,20.21,1.690
666,403.8,203.8,267.0,20.33,1.690
666,403.8,203.6,267.0,20.33,1.844
666,403.8,203.3,267.0,20.33,1.844
666,403.8,203.0,267.0,20.33,1.844
666,403.8,202.7,267.0,20.33,1.844
666,403.8,202.5,267.0,20.33,1.844
666,403.8,202.2,267.0,20.33,1.844
666,403.8,201.9,267.0,20.33,1.844
666,403.8,201.6,267.0,20.33,1.844
666,403.8,201.4,267.0,20.33,1.844
666,403.8,201.1,267.0,20.33,1.844
666,403.8,200.8,267.0,20.33,1.844
666,403.8,200.5,267.0,20.33,1.844
666,403.8,200.3,267.0,20.33,1.844
666,403.8,200.0,267.0,20.33,1.844
666,403.8,199.7,267.0,20.33,1.844
666,403.8,199.4,267.0,20.33,1.844
666,403.8,199.2,267.0,20.33,1.844
666,403.8,198.9,267.0,20.33,1.844
666,403.8,198.6,267.0,20.33,1.844
666,403.8,198.3,267.0,20.33,1.844
666,403.8,198.1,267.0,20.33,1.844
666,403.8,197.8,267.0,20.33,1.844
666,403.8,197.5,267.0,20.33,1.844
666,403.8,197.2,267.0,20.33,1.844
666,403.8,197.0,267.0,20.33,1.844
666,403.8,196.7,267.0,20.33,1.844
666,403.8,196.4,267.0,20.33,1.844
666,403.8,196.1,267.0,20.33,1.844
666,403.8,195.9,267.0,20.33,1.844
666,403.8,195.6,267.0,20.33,1.844
666,403.8,195.3,267.0,20.33,1.844
666,403.8,195.0,267.0,20.33,1.844
666,403.8,194.8,267.0,20.33,1.844
666,403.8,194.5,267.0,20.33,1.844
666,403.8,194.2,267.0,20.33,1.844
666,403.8,193.9,267.0,20.33,1.844
666,403.8,193.7,267.0,20.33,1.844
666,403.8,193.4,267.0,20.33,1.844
666,403.8,193.1,267.0,20.33,1.844
666,403.8,192.8,267.0,20.33,1.844
666,403.8,192.6,267.0,20.33,1.844
666,403.8,192.3,267.0,20.33,1.844
666,403.8,192.0,267.0,20.33,1.844
666,403.8,194.7,267.0,20.33,1.844
666,403.8,194.4,267.0,20.33,1.844
666,403.8,194.1,267.0,20.33,1.844
666,403.8,193.8,267.0,20.33,1.844
666,403.8,193.6,267.0,20.33,1.844
666,403.8,193.3,267.0,20.33,1.844
666,403.8,193.0,267.0,20.33,1.844
666,403.8,192.8,267.0,20.33,1.844
666,403.8,192.5,267.0,20.33,1.844
666,403.8,192.2,267.0,20.33,1.844
666,403.8,191.9,267.0,19.96,1.844
666,403.8,191.7,267.0,19.96,1.720
666,403.8,191.4,267.0,19.96,1.720
666,403.8,191.1,267.0,19.96,1.720
666,403.8,190.8,267.0,19.96,1.720
666,403.8,190.6,267.0,19.96,1.720
666,403.8,193.2,267.0,20.33,1.720
666,403.8,192.9,267.0,20.33,1.844
666,403.8,192.7,267.0,20.33,1.844
666,403.8,192.4,267.0,20.33,1.844
666,403.8,192.1,267.0,20.33,1.844
666,403.8,194.8,267.0,20.33,1.844
666,403.8,194.5,267.0,20.33,1.844
666,403.8,194.2,267.0,20.33,1.844
666,403.8,194.0,267.0,20.33,1.844
666,403.8,193.7,267.0,20.33,1.844
666,403.8,193.4,267.0,20.33,1.844
666,403.8,193.1,267.0,20.33,1.844
666,403.8,192.9,267.0,20.33,1.844
666,403.8,192.6,267.0,20.33,1.844
666,403.8,192.3,267.0,20.33,1.844
666,403.8,192.0,267.0,20.33,1.844
666,403.8,194.7,267.0,20.33,1.844
666,403.8,194.4,267.0,20.33,1.844
666,403.8,194.2,267.0,20.33,1.844
666,403.8,193.9,267.0,20.33,1.844
666,403.8,193.6,267.0,20.33,1.844
666,403.8,193.3,267.0,20.33,1.844
666,403.8,193.1,267.0,20.33,1.844
666,403.8,192.8,267.0,20.33,1.844
666,403.8,192.5,267.0,20.33,1.844
666,403.8,192.2,267.0,20.33,1.844
666,403.8,192.0,267.0,19.96,1.844
666,403.8,191.7,267.0,19.96,1.720
666,403.8,191.4,267.0,19.96,1.720
666,403.8,191.1,267.0,19.96,1.720
666,403.8,190.9,267.0,19.96,1.720
666,403.8,190.6,267.0,19.96,1.720
666,403.8,193.2,267.0,20.33,1.720
666,403.8,193.0,267.0,20.33,1.844
666,403.8,192.7,267.0,20.33,1.844
666,403.8,192.4,267.0,20.33,1.844
666,403.8,192.2,267.0,20.33,1.844
666,403.8,191.9,267.0,19.96,1.844
666,403.8,191.6,267.0,19.96,1.720
666,403.8,191.3,267.0,19.96,1.720
666,403.8,191.1,267.0,19.96,1.720
666,403.8,190.8,267.0,19.96,1.720
666,403.8,190.5,267.0,19.96,1.720
666,403.8,193.2,267.0,20.33,1.720
666,403.8,192.9,267.0,20.33,1.844
666,403.8,192.6,267.0,20.33,1.844
666,403.8,192.3,267.0,20.33,1.844
666,403.8,192.1,267.0,20.33,1.844
666,403.8,194.7,267.0,20.33,1.844
666,403.8,194.5,267.0,20.33,1.844
666,403.8,194.2,267.0,20.33,1.844
666,403.8,193.9,267.0,20.33,1.844
666,403.8,193.6,267.0,20.33,1.844
666,403.8,193.4,267.0,20.33,1.844
666,403.8,193.1,267.0,20.33,1.844
666,403.8,192.8,267.0,20.33,1.844
666,403.8,192.5,267.0,20.33,1.844
666,403.8,192.3,267.0,20.33,1.844
666,403.8,192.0,267.0,19.96,1.844
666,403.8,191.7,267.0,19.96,1.720
666,403.8,191.4,267.0,19.96,1.720
666,403.8,191.2,267.0,19.96,1.720
666,403.8,190.9,267.0,19.96,1.720
666,403.8,190.6,267.0,19.96,1.720
666,403.8,193.3,267.0,20.33,1.720
666,403.8,193.0,267.0,20.33,1.844
666,403.8,192.7,267.0,20.33,1.844
666,403.8,192.5,267.0,20.33,1.844
666,403.8,192.2,267.0,20.33,1.844
666,403.8,191.9,267.0,19.96,1.844
666,403.8,191.6,267.0,19.96,1.720
666,403.8,191.4,267.0,19.96,1.720
666,403.8,191.1,267.0,19.96,1.720
666,403.8,190.8,267.0,19.96,1.720
666,403.8,190.5,267.0,19.96,1.720
666,403.8,193.2,267.0,20.33,1.720
666,403.8,192.9,267.0,20.33,1.844
666,403.8,192.7,267.0,20.33,1.844
666,403.8,192.4,267.0,20.33,1.844
666,403.8,192.1,267.0,20.33,1.844
666,403.8,194.8,267.0,20.33,1.844
666,403.8,194.5,267.0,20.33,1.844
666,403.8,194.2,267.0,20.33,1.844
672,434.2,222.5,258.2,19.83,1.203
672,429.9,220.6,251.3,21.46,1.041
672,425.8,218.3,250.7,21.46,0.591
672,421.7,216.0,250.2,20.71,0.591
672,419.7,213.6,254.5,20.42,0.662
672,417.0,210.8,263.6,20.42,1.238
672,414.1,207.6,267.0,20.33,1.238
672,411.2,204.5,267.0,20.33,1.595
672,408.3,204.2,267.0,20.33,1.595
672,408.3,203.9,267.0,20.20,1.595
672,408.3,203.7,267.0,20.20,1.703
672,408.3,203.4,267.0,20.20,1.703
672,408.3,203.1,267.0,20.20,1.703
672,408.3,202.9,267.0,20.20,1.703
672,408.3,202.6,267.0,20.20,1.703
672,408.3,202.3,267.0,20.20,1.703
672,408.3,202.0,267.0,20.20,1.703
672,408.3,201.7,267.0,20.20,1.703
672,408.3,201.5,267.0,20.20,1.703
672,408.3,201.2,267.0,20.20,1.703
672,408.3,200.9,267.0,20.20,1.703
672,408.3,200.6,267.0,20.20,1.703
672,408.3,200.4,267.0,20.20,1.703
672,408.3,200.1,267.0,20.20,1.703
672,408.3,199.8,267.0,20.20,1.703
672,408.3,199.5,267.0,20.20,1.703
672,408.3,199.3,267.0,20.20,1.703
672,408.3,199.0,267.0,20.20,1.703
672,408.3,198.7,267.0,20.20,1.703
672,408.3,198.4,267.0,20.20,1.703
672,408.3,198.2,267.0,20.20,1.703
672,408.3,197.9,267.0,20.20,1.703
672,408.3,197.6,267.0,20.20,1.703
672,408.3,197.3,267.0,20.20,1.703
672,408.3,197.1,267.0,20.20,1.703
672,408.3,196.8,267.0,20.20,1.703
672,408.3,196.5,267.0,20.20,1.703
672,408.3,196.2,267.0,20.20,1.703
672,408.3,196.0,267.0,20.20,1.703
672,408.3,195.7,267.0,20.20,1.703
672,408.3,195.4,267.0,20.20,1.703
672,408.3,195.1,267.0,20.20,1.703
672,408.3,194.9,267.0,20.20,1.703
672,408.3,194.6,267.0,20.20,1.703
672,408.3,194.3,267.0,20.20,1.703
672,408.3,194.0,267.0,20.20,1.703
672,408.3,193.8,267.0,20.20,1.703
672,408.3,193.5,267.0,20.20,1.703
672,408.3,193.2,267.0,20.20,1.703
672,408.3,192.9,267.0,20.20,1.703
672,408.3,192.7,267.0,20.20,1.703
672,408.3,192.4,267.0,20.20,1.703
672,408.3,192.1,267.0,20.20,1.703
672,408.3,194.8,267.0,20.20,1.703
672,408.3,194.5,267.0,20.20,1.703
672,408.3,194.2,267.0,20.20,1.703
672,408.3,194.0,267.0,20.20,1.703
672,408.3,193.7,267.0,20.20,1.703
672,408.3,193.4,267.0,20.20,1.703
672,408.3,193.1,267.0,20.20,1.703
672,408.3,192.9,267.0,20.20,1.703
672,408.3,192.6,267.0,20.20,1.703
672,408.3,192.3,267.0,20.20,1.703
672,408.3,192.0,267.0,20.20,1.703
672,408.3,194.7,267.0,20.20,1.703
672,408.3,194.4,267.0,20.20,1.703
672,408.3,194.2,267.0,20.20,1.703
672,408.3,193.9,267.0,20.20,1.703
672,408.3,193.6,267.0,20.20,1.703
672,408.3,193.3,267.0,20.20,1.703
672,408.3,193.1,267.0,20.20,1.703
672,408.3,192.8,267.0,20.20,1.703
672,408.3,192.5,267.0,20.20,1.703
672,408.3,192.2,267.0,20.20,1.703
672,408.3,191.9,267.0,20.26,1.703
672,408.3,191.7,267.0,20.26,1.615
672,408.3,191.4,267.0,20.26,1.615
672,408.3,191.1,267.0,20.26,1.615
672,408.3,190.9,267.0,20.26,1.615
672,408.3,190.6,267.0,20.26,1.615
672,408.3,193.2,267.0,20.20,1.615
672,408.3,193.0,267.0,20.20,1.703
672,408.3,192.7,267.0,20.20,1.703
672,408.3,192.4,267.0,20.20,1.703
672,408.3,192.2,267.0,20.20,1.703
672,408.3,194.8,267.0,20.20,1.703
672,408.3,194.5,267.0,20.20,1.703
672,408.3,194.3,267.0,20.20,1.703
672,408.3,194.0,267.0,20.20,1.703
672,408.3,193.7,267.0,20.20,1.703
672,408.3,193.4,267.0,20.20,1.703
672,408.3,193.2,267.0,20.20,1.703
672,408.3,192.9,267.0,20.20,1.703
672,408.3,192.6,267.0,20.20,1.703
672,408.3,192.3,267.0,20.20,1.703
672,408.3,192.1,267.0,20.20,1.703
672,408.3,194.7,267.0,20.20,1.703
672,408.3,194.5,267.0,20.20,1.703
672,408.3,194.2,267.0,20.20,1.703
672,408.3,193.9,267.0,20.20,1.703
672,408.3,193.6,267.0,20.20,1.703
672,408.3,193.4,267.0,20.20,1.703
672,408.3,193.1,267.0,20.20,1.703
672,408.3,192.8,267.0,20.20,1.703
672,408.3,192.5,267.0,20.20,1.703
672,408.3,192.3,267.0,20.20,1.703
672,408.3,192.0,267.0,20.26,1.703
672,408.3,191.7,267.0,20.26,1.615
672,408.3,191.4,267.0,20.26,1.615
672,408.3,191.2,267.0,20.26,1.615
672,408.3,190.9,267.0,20.26,1.615
672,408.3,190.6,267.0,20.26,1.615
672,408.3,193.3,267.0,20.20,1.615
672,408.3,193.0,267.0,20.20,1.703
672,408.3,192.7,267.0,20.20,1.703
672,408.3,192.5,267.0,20.20,1.703
672,408.3,192.2,267.0,20.20,1.703
672,408.3,191.9,267.0,20.26,1.703
672,408.3,191.6,267.0,20.26,1.615
672,408.3,191.3,267.0,20.26,1.615
672,408.3,191.1,267.0,20.26,1.615
672,408.3,190.8,267.0,20.26,1.615
672,408.3,190.5,267.0,20.26,1.615
672,408.3,193.2,267.0,20.20,1.615
672,408.3,192.9,267.0,20.20,1.703
672,408.3,192.7,267.0,20.20,1.703
672,408.3,192.4,267.0,20.20,1.703
672,408.3,192.1,267.0,20.20,1.703
672,408.3,194.8,267.0,20.20,1.703
672,408.3,194.5,267.0,20.20,1.703
672,408.3,194.2,267.0,20.20,1.703
672,408.3,193.9,267.0,20.20,1.703
672,408.3,193.7,267.0,20.20,1.703
672,408.3,193.4,267.0,20.20,1.703
672,408.3,193.1,267.0,20.20,1.703
672,408.3,192.8,267.0,20.20,1.703
672,408.3,192.6,267.0,20.20,1.703
672,408.3,192.3,267.0,20.20,1.703
672,408.3,192.0,267.0,20.20,1.703
672,408.3,194.7,267.0,20.20,1.703
672,408.3,194.4,267.0,20.20,1.703
672,408.3,194.1,267.0,20.20,1.703
672,408.3,193.9,267.0,20.20,1.703
672,408.3,193.6,267.0,20.20,1.703
672,408.3,193.3,267.0,20.20,1.703
672,408.3,193.0,267.0,20.20,1.703
672,408.3,192.8,267.0,20.20,1.703
672,408.3,192.5,267.0,20.20,1.703
672,408.3,192.2,267.0,20.20,1.703
672,408.3,191.9,267.0,20.26,1.703
672,408.3,191.7,267.0,20.26,1.615
672,408.3,191.4,267.0,20.26,1.615
672,408.3,191.1,267.0,20.26,1.615
672,408.3,190.8,267.0,20.26,1.615
672,408.3,190.6,267.0,20.26,1.615
672,408.3,193.2,267.0,20.20,1.615
672,408.3,193.0,267.0,20.20,1.703
672,408.3,192.7,267.0,20.20,1.703
672,408.3,192.4,267.0,20.20,1.703
672,408.3,192.1,267.0,20.20,1.703
678,371.0,208.8,264.6,19.00,0.891
678,376.0,205.7,267.0,20.27,0.891
678,381.0,202.6,267.0,19.71,1.259
678,386.1,202.3,267.0,20.20,1.261
678,389.0,202.0,267.0,20.20,1.703
678,391.9,201.7,267.0,20.20,1.703
678,394.8,201.4,267.0,20.20,1.703
678,394.8,201.1,267.0,20.20,1.703
678,394.8,200.9,267.0,20.20,1.703
678,394.8,200.6,267.0,20.20,1.703
678,394.8,200.3,267.0,20.20,1.703
678,394.8,200.1,267.0,20.20,1.703
678,394.8,199.8,267.0,20.20,1.703
678,394.8,199.5,267.0,20.20,1.703
678,394.8,199.2,267.0,20.20,1.703
678,394.8,199.0,267.0,20.20,1.703
678,394.8,198.7,267.0,20.20,1.703
678,394.8,198.4,267.0,20.20,1.703
678,394.8,198.1,267.0,20.20,1.703
678,394.8,197.8,267.0,20.20,1.703
678,394.8,197.6,267.0,20.20,1.703
678,394.8,197.3,267.0,20.20,1.703
678,394.8,197.0,267.0,20.20,1.703
678,394.8,196.8,267.0,20.20,1.703
678,394.8,196.5,267.0,20.20,1.703
678,394.8,196.2,267.0,20.20,1.703
678,394.8,195.9,267.0,20.20,1.703
678,394.8,195.6,267.0,20.20,1.703
678,394.8,195.4,267.0,20.20,1.703
678,394.8,195.1,267.0,20.20,1.703
678,394.8,194.8,267.0,20.20,1.703
678,394.8,194.6,267.0,20.20,1.703
678,394.8,194.3,267.0,20.20,1.703
678,394.8,194.0,267.0,20.20,1.703
678,394.8,193.7,267.0,20.20,1.703
678,394.8,193.5,267.0,20.20,1.703
678,394.8,193.2,267.0,20.20,1.703
678,394.8,192.9,267.0,20.20,1.703
678,394.8,192.6,267.0,20.20,1.703
678,394.8,192.3,267.0,20.20,1.703
678,394.8,192.1,267.0,20.20,1.703
678,394.8,194.7,267.0,20.20,1.703
678,394.8,194.5,267.0,20.20,1.703
678,394.8,194.2,267.0,20.20,1.703
678,394.8,193.9,267.0,20.20,1.703
678,394.8,193.6,267.0,20.20,1.703
678,394.8,193.4,267.0,20.20,1.703
678,394.8,193.1,267.0,20.20,1.703
678,394.8,192.8,267.0,20.20,1.703
678,394.8,192.5,267.0,20.20,1.703
678,394.8,192.3,267.0,20.20,1.703
678,394.8,192.0,267.0,20.26,1.703
678,394.8,191.7,267.0,20.26,1.615
678,394.8,191.4,267.0,20.26,1.615
678,394.8,191.2,267.0,20.26,1.615
678,394.8,190.9,267.0,20.26,1.615
678,394.8,190.6,267.0,20.26,1.615
678,394.8,193.3,267.0,20.20,1.615
678,394.8,193.0,267.0,20.20,1.703
678,394.8,192.7,267.0,20.20,1.703
678,394.8,192.5,267.0,20.20,1.703
678,394.8,192.2,267.0,20.20,1.703
678,394.8,191.9,267.0,20.26,1.703
678,394.8,191.6,267.0,20.26,1.615
678,394.8,191.4,267.0,20.26,1.615
678,394.8,191.1,267.0,20.26,1.615
678,394.8,190.8,267.0,20.26,1.615
678,394.8,190.5,267.0,20.26,1.615
678,394.8,193.2,267.0,20.20,1.615
678,394.8,192.9,267.0,20.20,1.703
678,394.8,192.7,267.0,20.20,1.703
678,394.8,192.4,267.0,20.20,1.703
678,394.8,192.1,267.0,20.20,1.703
678,394.8,194.8,267.0,20.20,1.703
678,394.8,194.5,267.0,20.20,1.703
678,394.8,194.2,267.0,20.20,1.703
678,394.8,193.9,267.0,20.20,1.703
678,394.8,193.7,267.0,20.20,1.703
678,394.8,193.4,267.0,20.20,1.703
678,394.8,193.1,267.0,20.20,1.703
678,394.8,192.9,267.0,20.20,1.703
678,394.8,192.6,267.0,20.20,1.703
678,394.8,192.3,267.0,20.20,1.703
678,394.8,192.0,267.0,20.20,1.703
678,394.8,194.7,267.0,20.20,1.703
678,394.8,194.4,267.0,20.20,1.703
678,394.8,194.1,267.0,20.20,1.703
678,394.8,193.9,267.0,20.20,1.703
678,394.8,193.6,267.0,20.20,1.703
678,394.8,193.3,267.0,20.20,1.703
678,394.8,193.0,267.0,20.20,1.703
678,394.8,192.8,267.0,20.20,1.703
678,394.8,192.5,267.0,20.20,1.703
678,394.8,192.2,267.0,20.20,1.703
678,394.8,191.9,267.0,20.26,1.703
678,394.8,191.7,267.0,20.26,1.615
678,394.8,191.4,267.0,20.26,1.615
678,394.8,191.1,267.0,20.26,1.615
678,394.8,190.8,267.0,20.26,1.615
678,394.8,190.6,267.0,20.26,1.615
678,394.8,193.2,267.0,20.20,1.615
678,394.8,193.0,267.0,20.20,1.703
678,394.8,192.7,267.0,20.20,1.703
678,394.8,192.4,267.0,20.20,1.703
678,394.8,192.1,267.0,20.20,1.703
678,394.8,194.8,267.0,20.20,1.703
678,394.8,194.5,267.0,20.20,1.703
678,394.8,194.3,267.0,20.20,1.703
678,394.8,194.0,267.0,20.20,1.703
678,394.8,193.7,267.0,20.20,1.703
678,394.8,193.4,267.0,20.20,1.703
678,394.8,193.2,267.0,20.20,1.703
678,394.8,192.9,267.0,20.20,1.703
678,394.8,192.6,267.0,20.20,1.703
678,394.8,192.3,267.0,20.20,1.703
678,394.8,192.1,267.0,20.20,1.703
678,394.8,194.7,267.0,20.20,1.703
678,394.8,194.4,267.0,20.20,1.703
678,394.8,194.2,267.0,20.20,1.703
678,394.8,193.9,267.0,20.20,1.703
678,394.8,193.6,267.0,20.20,1.703
678,394.8,193.3,267.0,20.20,1.703
678,394.8,193.1,267.0,20.20,1.703
678,394.8,192.8,267.0,20.20,1.703
678,394.8,192.5,267.0,20.20,1.703
678,394.8,192.2,267.0,20.20,1.703
678,394.8,192.0,267.0,20.26,1.703
678,394.8,191.7,267.0,20.26,1.615
678,394.8,191.4,267.0,20.26,1.615
678,394.8,191.2,267.0,20.26,1.615
678,394.8,190.9,267.0,20.26,1.615
678,394.8,190.6,267.0,20.26,1.615
678,394.8,193.3,267.0,20.20,1.615
678,394.8,193.0,267.0,20.20,1.703
678,394.8,192.7,267.0,20.20,1.703
678,394.8,192.4,267.0,20.20,1.703
678,394.8,192.2,267.0,20.20,1.703
678,394.8,191.9,267.0,20.26,1.703
678,394.8,191.6,267.0,20.26,1.615
678,394.8,191.3,267.0,20.26,1.615
678,394.8,191.1,267.0,20.26,1.615
678,394.8,190.8,267.0,20.26,1.615
678,394.8,190.5,267.0,20.26,1.615
678,394.8,193.2,267.0,20.20,1.615
678,394.8,192.9,267.0,20.20,1.703
678,394.8,192.6,267.0,20.20,1.703
678,394.8,192.4,267.0,20.20,1.703
678,394.8,192.1,267.0,20.20,1.703
678,394.8,194.8,267.0,20.20,1.703
678,394.8,194.5,267.0,20.20,1.703
678,394.8,194.2,267.0,20.20,1.703
678,394.8,193.9,267.0,20.20,1.703
678,394.8,193.7,267.0,20.20,1.703
678,394.8,193.4,267.0,20.20,1.703
678,394.8,193.1,267.0,20.20,1.703
678,394.8,192.8,267.0,20.20,1.703
678,394.8,192.6,267.0,20.20,1.703
678,394.8,192.3,267.0,20.20,1.703
678,394.8,192.0,267.0,20.20,1.703
678,394.8,194.7,267.0,20.20,1.703
684,444.6,194.5,260.0,22.55,0.841
684,439.6,194.3,252.5,18.88,0.742
684,435.2,194.1,246.9,20.57,1.134
684,430.8,193.8,241.4,20.35,0.888
684,425.4,193.5,240.0,21.08,0.691
684,422.6,193.1,236.6,21.08,0.547
684,419.9,192.7,233.3,21.03,0.547
684,418.7,192.5,232.2,21.03,0.547
684,417.6,192.2,231.2,21.03,0.193
684,416.5,191.9,230.2,21.05,0.193
684,415.4,191.7,229.1,21.05,0.218
684,414.3,192.3,227.8,21.15,0.218
684,413.6,192.0,225.3,21.15,0.336
684,413.0,192.3,222.5,21.15,0.336
684,412.3,192.1,219.9,21.15,0.336
684,411.7,192.4,217.2,21.15,0.336
684,411.2,192.2,213.5,21.23,0.336
684,410.8,192.0,209.9,21.25,0.458
684,410.4,191.8,206.3,21.25,0.474
684,410.0,191.9,202.5,21.30,0.474
684,409.7,191.9,198.0,21.30,0.559
684,409.5,191.9,193.6,21.30,0.559
684,409.3,191.8,188.6,21.36,0.559
684,409.1,191.7,183.7,21.36,0.618
684,408.9,191.7,178.8,21.40,0.618
684,408.9,191.5,173.2,21.40,0.690
684,408.8,191.4,167.7,21.42,0.690
684,408.7,191.2,162.0,21.42,0.715
684,408.7,191.1,156.3,21.42,0.715
684,408.7,190.9,150.4,21.44,0.715
684,408.6,190.7,144.5,21.44,0.736
684,408.6,190.5,138.5,21.46,0.736
684,408.6,190.2,132.5,21.46,0.754
684,408.6,190.0,126.3,21.48,0.754
684,408.6,189.8,120.2,21.48,0.769
684,408.6,189.5,113.8,21.51,0.769
684,408.6,189.3,107.4,21.52,0.795
684,408.6,189.0,101.0,21.52,0.806
684,408.7,188.7,94.6,21.54,0.806
684,408.7,188.4,88.1,21.54,0.813
684,408.8,188.2,81.6,21.54,0.813
684,408.9,187.9,75.0,21.54,0.816
684,409.0,187.6,68.5,21.56,0.816
684,409.1,187.3,62.1,21.56,0.813
684,409.4,187.1,55.9,21.56,0.813
684,409.6,186.9,49.8,21.56,0.768
684,410.0,186.8,44.1,21.56,0.768
684,410.4,186.7,38.4,21.56,0.715
684,411.0,186.7,33.4,21.56,0.715
684,411.6,186.7,28.3,21.56,0.630
684,412.1,186.7,23.3,21.55,0.630
684,412.9,186.8,19.4,21.55,0.498
684,413.7,187.0,15.5,21.55,0.498
684,414.5,187.2,11.6,21.57,0.498
684,415.6,187.6,9.0,21.57,0.358
684,416.8,187.9,6.4,21.57,0.358
684,417.9,188.3,3.8,21.57,0.358
684,419.0,188.7,3.0,21.57,0.358
684,420.2,189.1,3.0,21.86,0.358
684,423.1,189.3,3.0,21.86,0.449
684,426.0,189.4,3.0,21.86,0.449
684,429.0,189.6,3.0,21.86,0.449
684,431.9,189.7,3.0,21.86,0.449
684,435.4,189.8,3.0,22.23,0.493
684,439.0,189.8,3.0,22.23,0.493
684,442.6,189.9,3.0,22.23,0.493
684,446.5,189.9,3.0,22.45,0.493
684,450.4,189.9,3.0,22.45,0.517
684,454.4,189.9,3.0,22.45,0.517
684,458.4,189.9,3.0,22.65,0.517
684,462.5,189.9,3.0,22.65,0.521
684,466.5,189.9,3.0,22.65,0.521
684,470.5,189.9,3.0,22.81,0.521
684,474.5,189.9,3.0,22.81,0.509
684,478.5,189.8,3.0,22.81,0.509
684,482.2,189.8,3.0,23.02,0.509
684,485.9,189.8,3.0,23.02,0.463
684,489.5,189.7,3.0,23.02,0.463
684,493.2,189.7,3.0,23.20,0.463
684,496.7,189.6,3.0,23.20,0.438
684,500.2,189.6,3.0,23.20,0.438
684,503.7,189.5,3.0,23.20,0.438
684,506.9,189.5,3.0,23.31,0.438
684,510.2,189.4,3.0,23.31,0.413
684,513.5,189.4,3.0,23.31,0.413
684,516.8,189.3,3.0,23.41,0.413
684,519.9,189.3,3.0,23.41,0.389
684,523.0,189.2,3.0,23.41,0.389
684,526.1,189.2,3.0,23.41,0.389
684,529.2,189.1,3.0,23.50,0.389
684,532.2,189.0,3.0,23.50,0.367
684,535.1,189.0,3.0,23.50,0.367
684,538.0,188.9,3.0,23.50,0.367
684,541.0,188.8,3.0,23.63,0.367
684,543.6,188.8,3.0,23.63,0.327
684,546.2,188.7,3.0,23.63,0.327
684,548.8,188.6,3.0,23.63,0.327
684,551.4,188.5,3.0,23.63,0.327
684,553.9,188.5,3.0,23.74,0.327
684,556.3,188.4,3.0,23.74,0.309
684,558.8,188.3,3.0,23.74,0.309
684,561.3,188.2,3.0,23.74,0.309
684,563.8,188.1,3.0,23.74,0.309
684,566.1,188.1,3.0,23.81,0.309
684,568.4,188.0,3.0,23.81,0.292
684,570.8,187.9,3.0,23.81,0.292
684,573.1,187.8,3.0,23.81,0.292
684,575.4,187.7,3.0,23.81,0.292
684,577.6,187.6,3.0,23.89,0.292
684,579.8,187.4,3.0,23.89,0.274
684,582.0,187.2,3.0,23.89,0.274
684,584.2,187.1,3.0,23.89,0.274
684,586.4,186.9,3.0,23.89,0.274
684,588.5,186.7,3.0,23.99,0.274
684,590.6,186.6,3.0,23.99,0.258
684,592.6,186.5,3.0,23.99,0.258
684,594.7,186.4,3.0,23.99,0.258
684,596.8,186.2,3.0,23.99,0.258
684,598.8,186.1,3.0,23.99,0.258
684,600.7,186.0,3.0,24.04,0.258
684,602.7,185.8,3.0,24.04,0.240
684,604.6,185.7,3.0,24.04,0.240
684,606.5,185.5,3.0,24.04,0.240
684,608.4,185.3,3.0,24.04,0.240
684,610.3,185.2,3.0,24.04,0.240
684,612.2,185.0,3.0,24.14,0.240
684,614.0,184.9,3.0,24.14,0.226
684,615.8,184.8,3.0,24.14,0.226
684,617.6,184.7,3.0,24.14,0.226
684,619.4,184.5,3.0,24.14,0.226
684,621.2,184.4,3.0,24.14,0.226
684,623.0,184.3,3.0,24.14,0.226
684,624.8,184.1,3.0,24.17,0.226
684,626.6,184.0,3.0,24.17,0.222
684,628.4,183.8,3.0,24.17,0.222
684,630.1,183.6,3.0,24.17,0.222
684,631.9,183.4,3.0,24.17,0.222
684,633.7,183.2,3.0,24.17,0.222
684,635.4,183.1,3.0,24.17,0.222
684,637.0,183.0,3.0,24.25,0.222
684,638.6,182.9,3.1,24.25,0.198
684,640.2,182.8,3.1,24.25,0.198
684,641.8,182.7,3.1,24.25,0.198
684,643.3,182.7,3.1,24.25,0.198
684,644.9,182.6,3.1,24.25,0.198
684,646.5,182.5,3.1,24.25,0.198
684,648.1,182.4,3.1,24.31,0.198
684,649.6,182.3,3.1,24.31,0.194
684,651.2,182.2,3.1,24.31,0.194
684,652.7,182.1,3.2,24.31,0.194
684,654.3,181.9,3.2,24.31,0.194
684,655.8,181.8,3.2,24.31,0.194
684,657.4,181.7,3.2,24.31,0.194
684,658.9,181.6,3.2,24.31,0.194
684,660.5,181.5,3.2,24.36,0.194
684,661.9,181.4,3.2,24.36,0.184
684,663.4,181.3,3.3,24.36,0.184
684,664.9,181.3,3.3,24.36,0.184
684,666.3,181.2,3.3,24.36,0.184
684,667.8,181.2,3.3,24.36,0.184
690,398.3,161.2,257.4,18.81,1.298
690,398.3,166.1,249.8,20.37,1.126
690,398.3,171.1,248.4,20.11,0.886
690,398.3,176.2,247.0,20.11,0.657
690,398.3,181.3,245.6,20.48,0.657
690,398.3,183.3,250.6,20.48,0.673
690,398.3,185.8,260.8,20.06,0.673
690,398.3,188.5,267.0,19.96,1.316
690,398.3,191.2,267.0,19.96,1.720
690,398.3,190.9,267.0,19.96,1.720
690,398.3,190.6,267.0,19.96,1.720
690,398.3,193.3,267.0,20.33,1.720
690,398.3,193.0,267.0,20.33,1.844
690,398.3,192.7,267.0,20.33,1.844
690,398.3,192.5,267.0,20.33,1.844
690,398.3,192.2,267.0,20.33,1.844
690,398.3,191.9,267.0,19.96,1.844
690,398.3,191.6,267.0,19.96,1.720
690,398.3,191.3,267.0,19.96,1.720
690,398.3,191.1,267.0,19.96,1.720
690,398.3,190.8,267.0,19.96,1.720
690,398.3,190.5,267.0,19.96,1.720
690,398.3,193.2,267.0,20.33,1.720
690,398.3,192.9,267.0,20.33,1.844
690,398.3,192.7,267.0,20.33,1.844
690,398.3,192.4,267.0,20.33,1.844
690,398.3,192.1,267.0,20.33,1.844
690,398.3,194.8,267.0,20.33,1.844
690,398.3,194.5,267.0,20.33,1.844
690,398.3,194.2,267.0,20.33,1.844
690,398.3,193.9,267.0,20.33,1.844
690,398.3,193.7,267.0,20.33,1.844
690,398.3,193.4,267.0,20.33,1.844
690,398.3,193.1,267.0,20.33,1.844
690,398.3,192.8,267.0,20.33,1.844
690,398.3,192.6,267.0,20.33,1.844
690,398.3,192.3,267.0,20.33,1.844
690,398.3,192.0,267.0,20.33,1.844
690,398.3,194.7,267.0,20.33,1.844
690,398.3,194.4,267.0,20.33,1.844
690,398.3,194.1,267.0,20.33,1.844
690,398.3,193.9,267.0,20.33,1.844
690,398.3,193.6,267.0,20.33,1.844
690,398.3,193.3,267.0,20.33,1.844
690,398.3,193.0,267.0,20.33,1.844
690,398.3,192.8,267.0,20.33,1.844
690,398.3,192.5,267.0,20.33,1.844
690,398.3,192.2,267.0,20.33,1.844
690,398.3,191.9,267.0,19.96,1.844
690,398.3,191.7,267.0,19.96,1.720
690,398.3,191.4,267.0,19.96,1.720
690,398.3,191.1,267.0,19.96,1.720
690,398.3,190.8,267.0,19.96,1.720
690,398.3,190.6,267.0,19.96,1.720
690,398.3,193.2,267.0,20.33,1.720
690,398.3,193.0,267.0,20.33,1.844
690,398.3,192.7,267.0,20.33,1.844
690,398.3,192.4,267.0,20.33,1.844
690,398.3,192.1,267.0,20.33,1.844
690,398.3,194.8,267.0,20.33,1.844
690,398.3,194.5,267.0,20.33,1.844
690,398.3,194.2,267.0,20.33,1.844
690,398.3,194.0,267.0,20.33,1.844
690,398.3,193.7,267.0,20.33,1.844
690,398.3,193.4,267.0,20.33,1.844
690,398.3,193.2,267.0,20.33,1.844
690,398.3,192.9,267.0,20.33,1.844
690,398.3,192.6,267.0,20.33,1.844
690,398.3,192.3,267.0,20.33,1.844
690,398.3,192.1,267.0,20.33,1.844
690,398.3,194.7,267.0,20.33,1.844
690,398.3,194.4,267.0,20.33,1.844
690,398.3,194.2,267.0,20.33,1.844
690,398.3,193.9,267.0,20.33,1.844
690,398.3,193.6,267.0,20.33,1.844
690,398.3,193.3,267.0,20.33,1.844
690,398.3,193.1,267.0,20.33,1.844
690,398.3,192.8,267.0,20.33,1.844
690,398.3,192.5,267.0,20.33,1.844
690,398.3,192.2,267.0,20.33,1.844
690,398.3,192.0,267.0,19.96,1.844
690,398.3,191.7,267.0,19.96,1.720
690,398.3,191.4,267.0,19.96,1.720
690,398.3,191.1,267.0,19.96,1.720
690,398.3,190.9,267.0,19.96,1.720
690,398.3,190.6,267.0,19.96,1.720
690,398.3,193.3,267.0,20.33,1.720
690,398.3,193.0,267.0,20.33,1.844
690,398.3,192.7,267.0,20.33,1.844
690,398.3,192.4,267.0,20.33,1.844
690,398.3,192.2,267.0,20.33,1.844
690,398.3,191.9,267.0,19.96,1.844
690,398.3,191.6,267.0,19.96,1.720
690,398.3,191.3,267.0,19.96,1.720
690,398.3,191.1,267.0,19.96,1.720
690,398.3,190.8,267.0,19.96,1.720
690,398.3,190.5,267.0,19.96,1.720
690,398.3,193.2,267.0,20.33,1.720
690,398.3,192.9,267.0,20.33,1.844
690,398.3,192.6,267.0,20.33,1.844
690,398.3,192.4,267.0,20.33,1.844
690,398.3,192.1,267.0,20.33,1.844
690,398.3,194.8,267.0,20.33,1.844
690,398.3,194.5,267.0,20.33,1.844
690,398.3,194.2,267.0,20.33,1.844
690,398.3,193.9,267.0,20.33,1.844
690,398.3,193.7,267.0,20.33,1.844
690,398.3,193.4,267.0,20.33,1.844
690,398.3,193.1,267.0,20.33,1.844
690,398.3,192.8,267.0,20.33,1.844
690,398.3,192.6,267.0,20.33,1.844
690,398.3,192.3,267.0,20.33,1.844
690,398.3,192.0,267.0,20.33,1.844
690,398.3,194.7,267.0,20.33,1.844
690,398.3,194.4,267.0,20.33,1.844
690,398.3,194.1,267.0,20.33,1.844
690,398.3,193.8,267.0,20.33,1.844
690,398.3,193.6,267.0,20.33,1.844
690,398.3,193.3,267.0,20.33,1.844
690,398.3,193.0,267.0,20.33,1.844
690,398.3,192.8,267.0,20.33,1.844
690,398.3,192.5,267.0,20.33,1.844
690,398.3,192.2,267.0,20.33,1.844
690,398.3,191.9,267.0,19.96,1.844
690,398.3,191.7,267.0,19.96,1.720
690,398.3,191.4,267.0,19.96,1.720
690,398.3,191.1,267.0,19.96,1.720
690,398.3,190.8,267.0,19.96,1.720
690,398.3,190.5,267.0,19.96,1.720
690,398.3,193.2,267.0,20.33,1.720
690,398.3,192.9,267.0,20.33,1.844
690,398.3,192.7,267.0,20.33,1.844
690,398.3,192.4,267.0,20.33,1.844
690,398.3,192.1,267.0,20.33,1.844
690,398.3,194.8,267.0,20.33,1.844
690,398.3,194.5,267.0,20.33,1.844
690,398.3,194.2,267.0,20.33,1.844
690,398.3,194.0,267.0,20.33,1.844
690,398.3,193.7,267.0,20.33,1.844
690,398.3,193.4,267.0,20.33,1.844
690,398.3,193.1,267.0,20.33,1.844
690,398.3,192.9,267.0,20.33,1.844
690,398.3,192.6,267.0,20.33,1.844
690,398.3,192.3,267.0,20.33,1.844
690,398.3,192.0,267.0,20.33,1.844
690,398.3,194.7,267.0,20.33,1.844
690,398.3,194.4,267.0,20.33,1.844
690,398.3,194.2,267.0,20.33,1.844
690,398.3,193.9,267.0,20.33,1.844
690,398.3,193.6,267.0,20.33,1.844
690,398.3,193.3,267.0,20.33,1.844
690,398.3,193.1,267.0,20.33,1.844
690,398.3,192.8,267.0,20.33,1.844
690,398.3,192.5,267.0,20.33,1.844
690,398.3,192.2,267.0,20.33,1.844
690,398.3,191.9,267.0,19.96,1.844
690,398.3,191.7,267.0,19.96,1.720
690,398.3,191.4,267.0,19.96,1.720
690,398.3,191.1,267.0,19.96,1.720
690,398.3,190.9,267.0,19.96,1.720
696,384.1,169.3,257.5,19.74,1.196
696,386.2,175.3,257.2,19.74,0.791
696,388.2,181.2,257.0,20.34,0.791
696,390.9,183.6,266.3,20.26,1.247
696,393.8,186.2,267.0,20.26,1.615
696,396.7,188.9,267.0,19.96,1.615
696,396.7,191.6,267.0,19.96,1.720
696,396.7,191.3,267.0,19.96,1.720
696,396.7,191.0,267.0,19.96,1.720
696,396.7,190.7,267.0,19.96,1.720
696,396.7,190.5,267.0,19.96,1.720
696,396.7,193.1,267.0,20.33,1.720
696,396.7,192.9,267.0,20.33,1.844
696,396.7,192.6,267.0,20.33,1.844
696,396.7,192.3,267.0,20.33,1.844
696,396.7,192.0,267.0,20.33,1.844
696,396.7,194.7,267.0,20.33,1.844
696,396.7,194.4,267.0,20.33,1.844
696,396.7,194.2,267.0,20.33,1.844
696,396.7,193.9,267.0,20.33,1.844
696,396.7,193.6,267.0,20.33,1.844
696,396.7,193.3,267.0,20.33,1.844
696,396.7,193.1,267.0,20.33,1.844
696,396.7,192.8,267.0,20.33,1.844
696,396.7,192.5,267.0,20.33,1.844
696,396.7,192.2,267.0,20.33,1.844
696,396.7,191.9,267.0,19.96,1.844
696,396.7,191.7,267.0,19.96,1.720
696,396.7,191.4,267.0,19.96,1.720
696,396.7,191.1,267.0,19.96,1.720
696,396.7,190.8,267.0,19.96,1.720
696,396.7,190.6,267.0,19.96,1.720
696,396.7,193.2,267.0,20.33,1.720
696,396.7,193.0,267.0,20.33,1.844
696,396.7,192.7,267.0,20.33,1.844
696,396.7,192.4,267.0,20.33,1.844
696,396.7,192.1,267.0,20.33,1.844
696,396.7,191.9,267.0,19.96,1.844
696,396.7,191.6,267.0,19.96,1.720
696,396.7,191.3,267.0,19.96,1.720
696,396.7,191.0,267.0,19.96,1.720
696,396.7,190.8,267.0,19.96,1.720
696,396.7,190.5,267.0,19.96,1.720
696,396.7,193.2,267.0,20.33,1.720
696,396.7,192.9,267.0,20.33,1.844
696,396.7,192.6,267.0,20.33,1.844
696,396.7,192.3,267.0,20.33,1.844
696,396.7,192.1,267.0,20.33,1.844
696,396.7,194.7,267.0,20.33,1.844
696,396.7,194.4,267.0,20.33,1.844
696,396.7,194.2,267.0,20.33,1.844
696,396.7,193.9,267.0,20.33,1.844
696,396.7,193.6,267.0,20.33,1.844
696,396.7,193.3,267.0,20.33,1.844
696,396.7,193.1,267.0,20.33,1.844
696,396.7,192.8,267.0,20.33,1.844
696,396.7,192.5,267.0,20.33,1.844
696,396.7,192.2,267.0,20.33,1.844
696,396.7,192.0,267.0,19.96,1.844
696,396.7,191.7,267.0,19.96,1.720
696,396.7,191.4,267.0,19.96,1.720
696,396.7,191.2,267.0,19.96,1.720
696,396.7,190.9,267.0,19.96,1.720
696,396.7,190.6,267.0,19.96,1.720
696,396.7,193.3,267.0,20.33,1.720
696,396.7,193.0,267.0,20.33,1.844
696,396.7,192.7,267.0,20.33,1.844
696,396.7,192.5,267.0,20.33,1.844
696,396.7,192.2,267.0,20.33,1.844
696,396.7,191.9,267.0,19.96,1.844
696,396.7,191.6,267.0,19.96,1.720
696,396.7,191.3,267.0,19.96,1.720
696,396.7,191.1,267.0,19.96,1.720
696,396.7,190.8,267.0,19.96,1.720
696,396.7,190.5,267.0,19.96,1.720
696,396.7,193.2,267.0,20.33,1.720
696,396.7,192.9,267.0,20.33,1.844
696,396.7,192.6,267.0,20.33,1.844
696,396.7,192.4,267.0,20.33,1.844
696,396.7,192.1,267.0,20.33,1.844
696,396.7,194.8,267.0,20.33,1.844
696,396.7,194.5,267.0,20.33,1.844
696,396.7,194.2,267.0,20.33,1.844
696,396.7,193.9,267.0,20.33,1.844
696,396.7,193.7,267.0,20.33,1.844
696,396.7,193.4,267.0,20.33,1.844
696,396.7,193.1,267.0,20.33,1.844
696,396.7,192.8,267.0,20.33,1.844
696,396.7,192.6,267.0,20.33,1.844
696,396.7,192.3,267.0,20.33,1.844
696,396.7,192.0,267.0,20.33,1.844
696,396.7,194.7,267.0,20.33,1.844
696,396.7,194.4,267.0,20.33,1.844
696,396.7,194.1,267.0,20.33,1.844
696,396.7,193.9,267.0,20.33,1.844
696,396.7,193.6,267.0,20.33,1.844
696,396.7,193.3,267.0,20.33,1.844
696,396.7,193.0,267.0,20.33,1.844
696,396.7,192.8,267.0,20.33,1.844
696,396.7,192.5,267.0,20.33,1.844
696,396.7,192.2,267.0,20.33,1.844
696,396.7,191.9,267.0,19.96,1.844
696,396.7,191.7,267.0,19.96,1.720
696,396.7,191.4,267.0,19.96,1.720
696,396.7,191.1,267.0,19.96,1.720
696,396.7,190.8,267.0,19.96,1.720
696,396.7,190.6,267.0,19.96,1.720
696,396.7,193.2,267.0,20.33,1.720
696,396.7,192.9,267.0,20.33,1.844
696,396.7,192.7,267.0,20.33,1.844
696,396.7,192.4,267.0,20.33,1.844
696,396.7,192.1,267.0,20.33,1.844
696,396.7,194.8,267.0,20.33,1.844
696,396.7,194.5,267.0,20.33,1.844
696,396.7,194.2,267.0,20.33,1.844
696,396.7,194.0,267.0,20.33,1.844
696,396.7,193.7,267.0,20.33,1.844
696,396.7,193.4,267.0,20.33,1.844
696,396.7,193.1,267.0,20.33,1.844
696,396.7,192.9,267.0,20.33,1.844
696,396.7,192.6,267.0,20.33,1.844
696,396.7,192.3,267.0,20.33,1.844
696,396.7,192.0,267.0,20.33,1.844
696,396.7,194.7,267.0,20.33,1.844
696,396.7,194.4,267.0,20.33,1.844
696,396.7,194.2,267.0,20.33,1.844
696,396.7,193.9,267.0,20.33,1.844
696,396.7,193.6,267.0,20.33,1.844
696,396.7,193.3,267.0,20.33,1.844
696,396.7,193.1,267.0,20.33,1.844
696,396.7,192.8,267.0,20.33,1.844
696,396.7,192.5,267.0,20.33,1.844
696,396.7,192.2,267.0,20.33,1.844
696,396.7,192.0,267.0,19.96,1.844
696,396.7,191.7,267.0,19.96,1.720
696,396.7,191.4,267.0,19.96,1.720
696,396.7,191.1,267.0,19.96,1.720
696,396.7,190.9,267.0,19.96,1.720
696,396.7,190.6,267.0,19.96,1.720
696,396.7,193.3,267.0,20.33,1.720
696,396.7,193.0,267.0,20.33,1.844
696,396.7,192.7,267.0,20.33,1.844
696,396.7,192.4,267.0,20.33,1.844
696,396.7,192.2,267.0,20.33,1.844
696,396.7,191.9,267.0,19.96,1.844
696,396.7,191.6,267.0,19.96,1.720
696,396.7,191.3,267.0,19.96,1.720
696,396.7,191.1,267.0,19.96,1.720
696,396.7,190.8,267.0,19.96,1.720
696,396.7,190.5,267.0,19.96,1.720
696,396.7,193.2,267.0,20.33,1.720
696,396.7,192.9,267.0,20.33,1.844
696,396.7,192.6,267.0,20.33,1.844
696,396.7,192.3,267.0,20.33,1.844
696,396.7,192.1,267.0,20.33,1.844
696,396.7,194.8,267.0,20.33,1.844
696,396.7,194.5,267.0,20.33,1.844
696,396.7,194.2,267.0,20.33,1.844
696,396.7,193.9,267.0,20.33,1.844
696,396.7,193.7,267.0,20.33,1.844
702,417.5,230.8,264.5,19.47,1.017
702,414.6,225.6,267.0,20.21,0.891
702,411.7,220.5,267.0,20.21,1.250
702,408.8,215.3,267.0,20.33,1.250
702,408.8,212.2,267.0,20.33,1.595
702,408.8,209.1,267.0,20.33,1.595
702,408.8,205.9,267.0,20.33,1.595
702,408.8,202.8,267.0,20.20,1.595
702,408.8,202.5,267.0,20.20,1.703
702,408.8,202.2,267.0,20.20,1.703
702,408.8,202.0,267.0,20.20,1.703
702,408.8,201.7,267.0,20.20,1.703
702,408.8,201.4,267.0,20.20,1.703
702,408.8,201.1,267.0,20.20,1.703
702,408.8,200.9,267.0,20.20,1.703
702,408.8,200.6,267.0,20.20,1.703
702,408.8,200.3,267.0,20.20,1.703
702,408.8,200.0,267.0,20.20,1.703
702,408.8,199.8,267.0,20.20,1.703
702,408.8,199.5,267.0,20.20,1.703
702,408.8,199.2,267.0,20.20,1.703
702,408.8,198.9,267.0,20.20,1.703
702,408.8,198.7,267.0,20.20,1.703
702,408.8,198.4,267.0,20.20,1.703
702,408.8,198.1,267.0,20.20,1.703
702,408.8,197.8,267.0,20.20,1.703
702,408.8,197.6,267.0,20.20,1.703
702,408.8,197.3,267.0,20.20,1.703
702,408.8,197.0,267.0,20.20,1.703
702,408.8,196.7,267.0,20.20,1.703
702,408.8,196.5,267.0,20.20,1.703
702,408.8,196.2,267.0,20.20,1.703
702,408.8,195.9,267.0,20.20,1.703
702,408.8,195.6,267.0,20.20,1.703
702,408.8,195.4,267.0,20.20,1.703
702,408.8,195.1,267.0,20.20,1.703
702,408.8,194.8,267.0,20.20,1.703
702,408.8,194.5,267.0,20.20,1.703
702,408.8,194.3,267.0,20.20,1.703
702,408.8,194.0,267.0,20.20,1.703
702,408.8,193.7,267.0,20.20,1.703
702,408.8,193.4,267.0,20.20,1.703
702,408.8,193.2,267.0,20.20,1.703
702,408.8,192.9,267.0,20.20,1.703
702,408.8,192.6,267.0,20.20,1.703
702,408.8,192.3,267.0,20.20,1.703
702,408.8,192.1,267.0,20.20,1.703
702,408.8,194.7,267.0,20.20,1.703
702,408.8,194.4,267.0,20.20,1.703
702,408.8,194.2,267.0,20.20,1.703
702,408.8,193.9,267.0,20.20,1.703
702,408.8,193.6,267.0,20.20,1.703
702,408.8,193.3,267.0,20.20,1.703
702,408.8,193.1,267.0,20.20,1.703
702,408.8,192.8,267.0,20.20,1.703
702,408.8,192.5,267.0,20.20,1.703
702,408.8,192.2,267.0,20.20,1.703
702,408.8,192.0,267.0,20.26,1.703
702,408.8,191.7,267.0,20.26,1.615
702,408.8,191.4,267.0,20.26,1.615
702,408.8,191.2,267.0,20.26,1.615
702,408.8,190.9,267.0,20.26,1.615
702,408.8,190.6,267.0,20.26,1.615
702,408.8,193.3,267.0,20.20,1.615
702,408.8,193.0,267.0,20.20,1.703
702,408.8,192.7,267.0,20.20,1.703
702,408.8,192.5,267.0,20.20,1.703
702,408.8,192.2,267.0,20.20,1.703
702,408.8,191.9,267.0,20.26,1.703
702,408.8,191.6,267.0,20.26,1.615
702,408.8,191.3,267.0,20.26,1.615
702,408.8,191.1,267.0,20.26,1.615
702,408.8,190.8,267.0,20.26,1.615
702,408.8,190.5,267.0,20.26,1.615
702,408.8,193.2,267.0,20.20,1.615
702,408.8,192.9,267.0,20.20,1.703
702,408.8,192.6,267.0,20.20,1.703
702,408.8,192.4,267.0,20.20,1.703
702,408.8,192.1,267.0,20.20,1.703
702,408.8,194.8,267.0,20.20,1.703
702,408.8,194.5,267.0,20.20,1.703
702,408.8,194.2,267.0,20.20,1.703
702,408.8,193.9,267.0,20.20,1.703
702,408.8,193.7,267.0,20.20,1.703
702,408.8,193.4,267.0,20.20,1.703
702,408.8,193.1,267.0,20.20,1.703
702,408.8,192.8,267.0,20.20,1.703
702,408.8,192.6,267.0,20.20,1.703
702,408.8,192.3,267.0,20.20,1.703
702,408.8,192.0,267.0,20.20,1.703
702,408.8,194.7,267.0,20.20,1.703
702,408.8,194.4,267.0,20.20,1.703
702,408.8,194.1,267.0,20.20,1.703
702,408.8,193.9,267.0,20.20,1.703
702,408.8,193.6,267.0,20.20,1.703
702,408.8,193.3,267.0,20.20,1.703
702,408.8,193.0,267.0,20.20,1.703
702,408.8,192.8,267.0,20.20,1.703
702,408.8,192.5,267.0,20.20,1.703
702,408.8,192.2,267.0,20.20,1.703
702,408.8,191.9,267.0,20.26,1.703
702,408.8,191.7,267.0,20.26,1.615
702,408.8,191.4,267.0,20.26,1.615
702,408.8,191.1,267.0,20.26,1.615
702,408.8,190.8,267.0,20.26,1.615
702,408.8,190.6,267.0,20.26,1.615
702,408.8,193.2,267.0,20.20,1.615
702,408.8,192.9,267.0,20.20,1.703
702,408.8,192.7,267.0,20.20,1.703
702,408.8,192.4,267.0,20.20,1.703
702,408.8,192.1,267.0,20.20,1.703
702,408.8,194.8,267.0,20.20,1.703
702,408.8,194.5,267.0,20.20,1.703
702,408.8,194.2,267.0,20.20,1.703
702,408.8,194.0,267.0,20.20,1.703
702,408.8,193.7,267.0,20.20,1.703
702,408.8,193.4,267.0,20.20,1.703
702,408.8,193.1,267.0,20.20,1.703
702,408.8,192.9,267.0,20.20,1.703
702,408.8,192.6,267.0,20.20,1.703
702,408.8,192.3,267.0,20.20,1.703
702,408.8,192.0,267.0,20.20,1.703
702,408.8,194.7,267.0,20.20,1.703
702,408.8,194.4,267.0,20.20,1.703
702,408.8,194.2,267.0,20.20,1.703
702,408.8,193.9,267.0,20.20,1.703
702,408.8,193.6,267.0,20.20,1.703
702,408.8,193.3,267.0,20.20,1.703
702,408.8,193.1,267.0,20.20,1.703
702,408.8,192.8,267.0,20.20,1.703
702,408.8,192.5,267.0,20.20,1.703
702,408.8,192.2,267.0,20.20,1.703
702,408.8,192.0,267.0,20.26,1.703
702,408.8,191.7,267.0,20.26,1.615
702,408.8,191.4,267.0,20.26,1.615
702,408.8,191.1,267.0,20.26,1.615
702,408.8,190.9,267.0,20.26,1.615
702,408.8,190.6,267.0,20.26,1.615
702,408.8,193.3,267.0,20.20,1.615
702,408.8,193.0,267.0,20.20,1.703
702,408.8,192.7,267.0,20.20,1.703
702,408.8,192.4,267.0,20.20,1.703
702,408.8,192.2,267.0,20.20,1.703
702,408.8,191.9,267.0,20.26,1.703
702,408.8,191.6,267.0,20.26,1.615
702,408.8,191.3,267.0,20.26,1.615
702,408.8,191.1,267.0,20.26,1.615
702,408.8,190.8,267.0,20.26,1.615
702,408.8,190.5,267.0,20.26,1.615
702,408.8,193.2,267.0,20.20,1.615
702,408.8,192.9,267.0,20.20,1.703
702,408.8,192.6,267.0,20.20,1.703
702,408.8,192.3,267.0,20.20,1.703
702,408.8,192.1,267.0,20.20,1.703
702,408.8,194.8,267.0,20.20,1.703
702,408.8,194.5,267.0,20.20,1.703
702,408.8,194.2,267.0,20.20,1.703
702,408.8,193.9,267.0,20.20,1.703
702,408.8,193.7,267.0,20.20,1.703
702,408.8,193.4,267.0,20.20,1.703
708,392.3,238.9,260.0,19.71,0.838
708,394.3,232.7,259.5,19.71,0.823
708,396.3,226.4,259.0,19.84,0.823
708,396.3,221.3,265.2,19.70,1.008
708,396.3,216.1,267.0,19.70,1.250
708,396.3,213.0,267.0,20.21,1.250
708,396.3,209.9,267.0,20.21,1.690
708,396.3,206.7,267.0,20.21,1.690
708,396.3,203.6,267.0,20.33,1.690
708,396.3,203.3,267.0,20.33,1.844
708,396.3,203.1,267.0,20.33,1.844
708,396.3,202.8,267.0,20.33,1.844
708,396.3,202.5,267.0,20.33,1.844
708,396.3,202.2,267.0,20.33,1.844
708,396.3,202.0,267.0,20.33,1.844
708,396.3,201.7,267.0,20.33,1.844
708,396.3,201.4,267.0,20.33,1.844
708,396.3,201.1,267.0,20.33,1.844
708,396.3,200.9,267.0,20.33,1.844
708,396.3,200.6,267.0,20.33,1.844
708,396.3,200.3,267.0,20.33,1.844
708,396.3,200.0,267.0,20.33,1.844
708,396.3,199.8,267.0,20.33,1.844
708,396.3,199.5,267.0,20.33,1.844
708,396.3,199.2,267.0,20.33,1.844
708,396.3,198.9,267.0,20.33,1.844
708,396.3,198.7,267.0,20.33,1.844
708,396.3,198.4,267.0,20.33,1.844
708,396.3,198.1,267.0,20.33,1.844
708,396.3,197.8,267.0,20.33,1.844
708,396.3,197.6,267.0,20.33,1.844
708,396.3,197.3,267.0,20.33,1.844
708,396.3,197.0,267.0,20.33,1.844
708,396.3,196.7,267.0,20.33,1.844
708,396.3,196.4,267.0,20.33,1.844
708,396.3,196.2,267.0,20.33,1.844
708,396.3,195.9,267.0,20.33,1.844
708,396.3,195.6,267.0,20.33,1.844
708,396.3,195.3,267.0,20.33,1.844
708,396.3,195.1,267.0,20.33,1.844
708,396.3,194.8,267.0,20.33,1.844
708,396.3,194.5,267.0,20.33,1.844
708,396.3,194.2,267.0,20.33,1.844
708,396.3,194.0,267.0,20.33,1.844
708,396.3,193.7,267.0,20.33,1.844
708,396.3,193.4,267.0,20.33,1.844
708,396.3,193.2,267.0,20.33,1.844
708,396.3,192.9,267.0,20.33,1.844
708,396.3,192.6,267.0,20.33,1.844
708,396.3,192.3,267.0,20.33,1.844
708,396.3,192.1,267.0,20.33,1.844
708,396.3,194.7,267.0,20.33,1.844
708,396.3,194.4,267.0,20.33,1.844
708,396.3,194.2,267.0,20.33,1.844
708,396.3,193.9,267.0,20.33,1.844
708,396.3,193.6,267.0,20.33,1.844
708,396.3,193.3,267.0,20.33,1.844
708,396.3,193.1,267.0,20.33,1.844
708,396.3,192.8,267.0,20.33,1.844
708,396.3,192.5,267.0,20.33,1.844
708,396.3,192.2,267.0,20.33,1.844
708,396.3,192.0,267.0,19.96,1.844
708,396.3,191.7,267.0,19.96,1.720
708,396.3,191.4,267.0,19.96,1.720
708,396.3,191.1,267.0,19.96,1.720
708,396.3,190.9,267.0,19.96,1.720
708,396.3,190.6,267.0,19.96,1.720
708,396.3,193.3,267.0,20.33,1.720
708,396.3,193.0,267.0,20.33,1.844
708,396.3,192.7,267.0,20.33,1.844
708,396.3,192.4,267.0,20.33,1.844
708,396.3,192.2,267.0,20.33,1.844
708,396.3,191.9,267.0,19.96,1.844
708,396.3,191.6,267.0,19.96,1.720
708,396.3,191.3,267.0,19.96,1.720
708,396.3,191.1,267.0,19.96,1.720
708,396.3,190.8,267.0,19.96,1.720
708,396.3,190.5,267.0,19.96,1.720
708,396.3,193.2,267.0,20.33,1.720
708,396.3,192.9,267.0,20.33,1.844
708,396.3,192.6,267.0,20.33,1.844
708,396.3,192.4,267.0,20.33,1.844
708,396.3,192.1,267.0,20.33,1.844
708,396.3,194.8,267.0,20.33,1.844
708,396.3,194.5,267.0,20.33,1.844
708,396.3,194.2,267.0,20.33,1.844
708,396.3,193.9,267.0,20.33,1.844
708,396.3,193.7,267.0,20.33,1.844
708,396.3,193.4,267.0,20.33,1.844
708,396.3,193.1,267.0,20.33,1.844
708,396.3,192.8,267.0,20.33,1.844
708,396.3,192.6,267.0,20.33,1.844
708,396.3,192.3,267.0,20.33,1.844
708,396.3,192.0,267.0,20.33,1.844
708,396.3,194.7,267.0,20.33,1.844
708,396.3,194.4,267.0,20.33,1.844
708,396.3,194.1,267.0,20.33,1.844
708,396.3,193.8,267.0,20.33,1.844
708,396.3,193.6,267.0,20.33,1.844
708,396.3,193.3,267.0,20.33,1.844
708,396.3,193.0,267.0,20.33,1.844
708,396.3,192.8,267.0,20.33,1.844
708,396.3,192.5,267.0,20.33,1.844
708,396.3,192.2,267.0,20.33,1.844
708,396.3,191.9,267.0,19.96,1.844
708,396.3,191.6,267.0,19.96,1.720
708,396.3,191.4,267.0,19.96,1.720
708,396.3,191.1,267.0,19.96,1.720
708,396.3,190.8,267.0,19.96,1.720
708,396.3,190.5,267.0,19.96,1.720
708,396.3,193.2,267.0,20.33,1.720
708,396.3,192.9,267.0,20.33,1.844
708,396.3,192.7,267.0,20.33,1.844
708,396.3,192.4,267.0,20.33,1.844
708,396.3,192.1,267.0,20.33,1.844
708,396.3,194.8,267.0,20.33,1.844
708,396.3,194.5,267.0,20.33,1.844
708,396.3,194.2,267.0,20.33,1.844
708,396.3,194.0,267.0,20.33,1.844
708,396.3,193.7,267.0,20.33,1.844
708,396.3,193.4,267.0,20.33,1.844
708,396.3,193.1,267.0,20.33,1.844
708,396.3,192.9,267.0,20.33,1.844
708,396.3,192.6,267.0,20.33,1.844
708,396.3,192.3,267.0,20.33,1.844
708,396.3,192.0,267.0,20.33,1.844
708,396.3,194.7,267.0,20.33,1.844
708,396.3,194.4,267.0,20.33,1.844
708,396.3,194.2,267.0,20.33,1.844
708,396.3,193.9,267.0,20.33,1.844
708,396.3,193.6,267.0,20.33,1.844
708,396.3,193.3,267.0,20.33,1.844
708,396.3,193.1,267.0,20.33,1.844
708,396.3,192.8,267.0,20.33,1.844
708,396.3,192.5,267.0,20.33,1.844
708,396.3,192.2,267.0,20.33,1.844
708,396.3,191.9,267.0,19.96,1.844
708,396.3,191.7,267.0,19.96,1.720
708,396.3,191.4,267.0,19.96,1.720
708,396.3,191.1,267.0,19.96,1.720
708,396.3,190.9,267.0,19.96,1.720
708,396.3,190.6,267.0,19.96,1.720
708,396.3,193.2,267.0,20.33,1.720
708,396.3,193.0,267.0,20.33,1.844
708,396.3,192.7,267.0,20.33,1.844
708,396.3,192.4,267.0,20.33,1.844
708,396.3,192.2,267.0,20.33,1.844
708,396.3,191.9,267.0,19.96,1.844
708,396.3,191.6,267.0,19.96,1.720
708,396.3,191.3,267.0,19.96,1.720
708,396.3,191.1,267.0,19.96,1.720
708,396.3,190.8,267.0,19.96,1.720
708,396.3,190.5,267.0,19.96,1.720
708,396.3,193.2,267.0,20.33,1.720
708,396.3,192.9,267.0,20.33,1.844
708,396.3,192.6,267.0,20.33,1.844
708,396.3,192.3,267.0,20.33,1.844
708,396.3,192.1,267.0,20.33,1.844
708,396.3,194.7,267.0,20.33,1.844
708,396.3,194.5,267.0,20.33,1.844
714,436.2,167.4,265.6,26.46,0.564
714,431.4,170.2,262.3,22.13,0.564
714,426.8,174.5,262.2,22.13,0.798
714,422.0,178.8,262.2,22.13,0.798
714,419.4,181.2,267.0,20.26,0.798
714,416.5,183.8,267.0,20.26,1.615
714,413.6,186.4,267.0,20.26,1.615
714,410.6,189.1,267.0,20.26,1.615
714,407.7,191.7,267.0,19.96,1.615
714,407.7,191.4,267.0,19.96,1.720
714,407.7,191.2,267.0,19.96,1.720
714,407.7,190.9,267.0,19.96,1.720
714,407.7,190.6,267.0,19.96,1.720
714,407.7,193.3,267.0,20.33,1.720
714,407.7,193.0,267.0,20.33,1.844
714,407.7,192.7,267.0,20.33,1.844
714,407.7,192.4,267.0,20.33,1.844
714,407.7,192.2,267.0,20.33,1.844
714,407.7,191.9,267.0,19.96,1.844
714,407.7,191.6,267.0,19.96,1.720
714,407.7,191.3,267.0,19.96,1.720
714,407.7,191.1,267.0,19.96,1.720
714,407.7,190.8,267.0,19.96,1.720
714,407.7,190.5,267.0,19.96,1.720
714,407.7,193.2,267.0,20.33,1.720
714,407.7,192.9,267.0,20.33,1.844
714,407.7,192.6,267.0,20.33,1.844
714,407.7,192.4,267.0,20.33,1.844
714,407.7,192.1,267.0,20.33,1.844
714,407.7,194.8,267.0,20.33,1.844
714,407.7,194.5,267.0,20.33,1.844
714,407.7,194.2,267.0,20.33,1.844
714,407.7,193.9,267.0,20.33,1.844
714,407.7,193.7,267.0,20.33,1.844
714,407.7,193.4,267.0,20.33,1.844
714,407.7,193.1,267.0,20.33,1.844
714,407.7,192.8,267.0,20.33,1.844
714,407.7,192.6,267.0,20.33,1.844
714,407.7,192.3,267.0,20.33,1.844
714,407.7,192.0,267.0,20.33,1.844
714,407.7,194.7,267.0,20.33,1.844
714,407.7,194.4,267.0,20.33,1.844
714,407.7,194.1,267.0,20.33,1.844
714,407.7,193.8,267.0,20.33,1.844
714,407.7,193.6,267.0,20.33,1.844
714,407.7,193.3,267.0,20.33,1.844
714,407.7,193.0,267.0,20.33,1.844
714,407.7,192.8,267.0,20.33,1.844
714,407.7,192.5,267.0,20.33,1.844
714,407.7,192.2,267.0,20.33,1.844
714,407.7,191.9,267.0,19.96,1.844
714,407.7,191.7,267.0,19.96,1.720
714,407.7,191.4,267.0,19.96,1.720
714,407.7,191.1,267.0,19.96,1.720
714,407.7,190.8,267.0,19.96,1.720
714,407.7,190.6,267.0,19.96,1.720
714,407.7,193.2,267.0,20.33,1.720
714,407.7,192.9,267.0,20.33,1.844
714,407.7,192.7,267.0,20.33,1.844
714,407.7,192.4,267.0,20.33,1.844
714,407.7,192.1,267.0,20.33,1.844
714,407.7,194.8,267.0,20.33,1.844
714,407.7,194.5,267.0,20.33,1.844
714,407.7,194.2,267.0,20.33,1.844
714,407.7,194.0,267.0,20.33,1.844
714,407.7,193.7,267.0,20.33,1.844
714,407.7,193.4,267.0,20.33,1.844
714,407.7,193.1,267.0,20.33,1.844
714,407.7,192.9,267.0,20.33,1.844
714,407.7,192.6,267.0,20.33,1.844
714,407.7,192.3,267.0,20.33,1.844
714,407.7,192.0,267.0,20.33,1.844
714,407.7,194.7,267.0,20.33,1.844
714,407.7,194.4,267.0,20.33,1.844
714,407.7,194.2,267.0,20.33,1.844
714,407.7,193.9,267.0,20.33,1.844
714,407.7,193.6,267.0,20.33,1.844
714,407.7,193.3,267.0,20.33,1.844
714,407.7,193.1,267.0,20.33,1.844
714,407.7,192.8,267.0,20.33,1.844
714,407.7,192.5,267.0,20.33,1.844
714,407.7,192.2,267.0,20.33,1.844
714,407.7,192.0,267.0,19.96,1.844
714,407.7,191.7,267.0,19.96,1.720
714,407.7,191.4,267.0,19.96,1.720
714,407.7,191.1,267.0,19.96,1.720
714,407.7,190.9,267.0,19.96,1.720
714,407.7,190.6,267.0,19.96,1.720
714,407.7,193.2,267.0,20.33,1.720
714,407.7,193.0,267.0,20.33,1.844
714,407.7,192.7,267.0,20.33,1.844
714,407.7,192.4,267.0,20.33,1.844
714,407.7,192.2,267.0,20.33,1.844
714,407.7,191.9,267.0,19.96,1.844
714,407.7,191.6,267.0,19.96,1.720
714,407.7,191.3,267.0,19.96,1.720
714,407.7,191.1,267.0,19.96,1.720
714,407.7,190.8,267.0,19.96,1.720
714,407.7,190.5,267.0,19.96,1.720
714,407.7,193.2,267.0,20.33,1.720
714,407.7,192.9,267.0,20.33,1.844
714,407.7,192.6,267.0,20.33,1.844
714,407.7,192.3,267.0,20.33,1.844
714,407.7,192.1,267.0,20.33,1.844
714,407.7,194.7,267.0,20.33,1.844
714,407.7,194.5,267.0,20.33,1.844
714,407.7,194.2,267.0,20.33,1.844
714,407.7,193.9,267.0,20.33,1.844
714,407.7,193.6,267.0,20.33,1.844
714,407.7,193.4,267.0,20.33,1.844
714,407.7,193.1,267.0,20.33,1.844
714,407.7,192.8,267.0,20.33,1.844
714,407.7,192.5,267.0,20.33,1.844
714,407.7,192.3,267.0,20.33,1.844
714,407.7,192.0,267.0,19.96,1.844
714,407.7,191.7,267.0,19.96,1.720
714,407.7,191.4,267.0,19.96,1.720
714,407.7,191.2,267.0,19.96,1.720
714,407.7,190.9,267.0,19.96,1.720
714,407.7,190.6,267.0,19.96,1.720
714,407.7,193.3,267.0,20.33,1.720
714,407.7,193.0,267.0,20.33,1.844
714,407.7,192.7,267.0,20.33,1.844
714,407.7,192.5,267.0,20.33,1.844
714,407.7,192.2,267.0,20.33,1.844
714,407.7,191.9,267.0,19.96,1.844
714,407.7,191.6,267.0,19.96,1.720
714,407.7,191.4,267.0,19.96,1.720
714,407.7,191.1,267.0,19.96,1.720
714,407.7,190.8,267.0,19.96,1.720
714,407.7,190.5,267.0,19.96,1.720
714,407.7,193.2,267.0,20.33,1.720
714,407.7,192.9,267.0,20.33,1.844
714,407.7,192.7,267.0,20.33,1.844
714,407.7,192.4,267.0,20.33,1.844
714,407.7,192.1,267.0,20.33,1.844
714,407.7,194.8,267.0,20.33,1.844
714,407.7,194.5,267.0,20.33,1.844
714,407.7,194.2,267.0,20.33,1.844
714,407.7,193.9,267.0,20.33,1.844
714,407.7,193.7,267.0,20.33,1.844
714,407.7,193.4,267.0,20.33,1.844
714,407.7,193.1,267.0,20.33,1.844
714,407.7,192.9,267.0,20.33,1.844
714,407.7,192.6,267.0,20.33,1.844
714,407.7,192.3,267.0,20.33,1.844
714,407.7,192.0,267.0,20.33,1.844
714,407.7,194.7,267.0,20.33,1.844
714,407.7,194.4,267.0,20.33,1.844
714,407.7,194.1,267.0,20.33,1.844
714,407.7,193.9,267.0,20.33,1.844
714,407.7,193.6,267.0,20.33,1.844
714,407.7,193.3,267.0,20.33,1.844
714,407.7,193.0,267.0,20.33,1.844
714,407.7,192.8,267.0,20.33,1.844
714,407.7,192.5,267.0,20.33,1.844
714,407.7,192.2,267.0,20.33,1.844
714,407.7,191.9,267.0,19.96,1.844
714,407.7,191.7,267.0,19.96,1.720
714,407.7,191.4,267.0,19.96,1.720
720,414.1,167.8,257.5,19.01,1.280
720,412.1,173.8,257.2,19.74,1.113
720,410.0,179.8,257.0,19.74,0.791
720,407.3,182.1,266.3,19.96,0.791
720,407.3,184.8,267.0,19.96,1.720
720,407.3,187.5,267.0,19.96,1.720
720,407.3,190.2,267.0,19.96,1.720
720,407.3,192.8,267.0,20.33,1.720
720,407.3,192.6,267.0,20.33,1.844
720,407.3,192.3,267.0,20.33,1.844
720,407.3,192.0,267.0,20.33,1.844
720,407.3,191.7,267.0,19.96,1.720
720,407.3,191.5,267.0,19.96,1.720
720,407.3,191.2,267.0,19.96,1.720
720,407.3,190.9,267.0,19.96,1.720
720,407.3,190.6,267.0,19.96,1.720
720,407.3,193.3,267.0,20.33,1.720
720,407.3,193.0,267.0,20.33,1.844
720,407.3,192.7,267.0,20.33,1.844
720,407.3,192.5,267.0,20.33,1.844
720,407.3,192.2,267.0,20.33,1.844
720,407.3,191.9,267.0,19.96,1.844
720,407.3,191.6,267.0,19.96,1.720
720,407.3,191.4,267.0,19.96,1.720
720,407.3,191.1,267.0,19.96,1.720
720,407.3,190.8,267.0,19.96,1.720
720,407.3,190.5,267.0,19.96,1.720
720,407.3,193.2,267.0,20.33,1.720
720,407.3,192.9,267.0,20.33,1.844
720,407.3,192.7,267.0,20.33,1.844
720,407.3,192.4,267.0,20.33,1.844
720,407.3,192.1,267.0,20.33,1.844
720,407.3,194.8,267.0,20.33,1.844
720,407.3,194.5,267.0,20.33,1.844
720,407.3,194.2,267.0,20.33,1.844
720,407.3,194.0,267.0,20.33,1.844
720,407.3,193.7,267.0,20.33,1.844
720,407.3,193.4,267.0,20.33,1.844
720,407.3,193.1,267.0,20.33,1.844
720,407.3,192.9,267.0,20.33,1.844
720,407.3,192.6,267.0,20.33,1.844
720,407.3,192.3,267.0,20.33,1.844
720,407.3,192.0,267.0,20.33,1.844
720,407.3,194.7,267.0,20.33,1.844
720,407.3,194.4,267.0,20.33,1.844
720,407.3,194.2,267.0,20.33,1.844
720,407.3,193.9,267.0,20.33,1.844
720,407.3,193.6,267.0,20.33,1.844
720,407.3,193.3,267.0,20.33,1.844
720,407.3,193.1,267.0,20.33,1.844
720,407.3,192.8,267.0,20.33,1.844
720,407.3,192.5,267.0,20.33,1.844
720,407.3,192.2,267.0,20.33,1.844
720,407.3,191.9,267.0,19.96,1.844
720,407.3,191.7,267.0,19.96,1.720
720,407.3,191.4,267.0,19.96,1.720
720,407.3,191.1,267.0,19.96,1.720
720,407.3,190.9,267.0,19.96,1.720
720,407.3,190.6,267.0,19.96,1.720
720,407.3,193.2,267.0,20.33,1.720
720,407.3,193.0,267.0,20.33,1.844
720,407.3,192.7,267.0,20.33,1.844
720,407.3,192.4,267.0,20.33,1.844
720,407.3,192.1,267.0,20.33,1.844
720,407.3,191.9,267.0,19.96,1.844
720,407.3,191.6,267.0,19.96,1.720
720,407.3,191.3,267.0,19.96,1.720
720,407.3,191.0,267.0,19.96,1.720
720,407.3,190.8,267.0,19.96,1.720
720,407.3,190.5,267.0,19.96,1.720
720,407.3,193.2,267.0,20.33,1.720
720,407.3,192.9,267.0,20.33,1.844
720,407.3,192.6,267.0,20.33,1.844
720,407.3,192.3,267.0,20.33,1.844
720,407.3,192.1,267.0,20.33,1.844
720,407.3,194.7,267.0,20.33,1.844
720,407.3,194.5,267.0,20.33,1.844
720,407.3,194.2,267.0,20.33,1.844
720,407.3,193.9,267.0,20.33,1.844
720,407.3,193.6,267.0,20.33,1.844
720,407.3,193.4,267.0,20.33,1.844
720,407.3,193.1,267.0,20.33,1.844
720,407.3,192.8,267.0,20.33,1.844
720,407.3,192.5,267.0,20.33,1.844
720,407.3,192.3,267.0,20.33,1.844
720,407.3,192.0,267.0,19.96,1.844
720,407.3,191.7,267.0,19.96,1.720
720,407.3,191.4,267.0,19.96,1.720
720,407.3,191.2,267.0,19.96,1.720
720,407.3,190.9,267.0,19.96,1.720
720,407.3,190.6,267.0,19.96,1.720
720,407.3,193.3,267.0,20.33,1.720
720,407.3,193.0,267.0,20.33,1.844
720,407.3,192.7,267.0,20.33,1.844
720,407.3,192.5,267.0,20.33,1.844
720,407.3,192.2,267.0,20.33,1.844
720,407.3,191.9,267.0,19.96,1.844
720,407.3,191.6,267.0,19.96,1.720
720,407.3,191.3,267.0,19.96,1.720
720,407.3,191.1,267.0,19.96,1.720
720,407.3,190.8,267.0,19.96,1.720
720,407.3,190.5,267.0,19.96,1.720
720,407.3,193.2,267.0,20.33,1.720
720,407.3,192.9,267.0,20.33,1.844
720,407.3,192.7,267.0,20.33,1.844
720,407.3,192.4,267.0,20.33,1.844
720,407.3,192.1,267.0,20.33,1.844
720,407.3,194.8,267.0,20.33,1.844
720,407.3,194.5,267.0,20.33,1.844
720,407.3,194.2,267.0,20.33,1.844
720,407.3,193.9,267.0,20.33,1.844
720,407.3,193.7,267.0,20.33,1.844
720,407.3,193.4,267.0,20.33,1.844
720,407.3,193.1,267.0,20.33,1.844
720,407.3,192.8,267.0,20.33,1.844
720,407.3,192.6,267.0,20.33,1.844
720,407.3,192.3,267.0,20.33,1.844
720,407.3,192.0,267.0,20.33,1.844
720,407.3,194.7,267.0,20.33,1.844
720,407.3,194.4,267.0,20.33,1.844
720,407.3,194.1,267.0,20.33,1.844
720,407.3,193.9,267.0,20.33,1.844
720,407.3,193.6,267.0,20.33,1.844
720,407.3,193.3,267.0,20.33,1.844
720,407.3,193.0,267.0,20.33,1.844
720,407.3,192.8,267.0,20.33,1.844
720,407.3,192.5,267.0,20.33,1.844
720,407.3,192.2,267.0,20.33,1.844
720,407.3,191.9,267.0,19.96,1.844
720,407.3,191.7,267.0,19.96,1.720
720,407.3,191.4,267.0,19.96,1.720
720,407.3,191.1,267.0,19.96,1.720
720,407.3,190.8,267.0,19.96,1.720
720,407.3,190.6,267.0,19.96,1.720
720,407.3,193.2,267.0,20.33,1.720
720,407.3,193.0,267.0,20.33,1.844
720,407.3,192.7,267.0,20.33,1.844
720,407.3,192.4,267.0,20.33,1.844
720,407.3,192.1,267.0,20.33,1.844
720,407.3,194.8,267.0,20.33,1.844
720,407.3,194.5,267.0,20.33,1.844
720,407.3,194.2,267.0,20.33,1.844
720,407.3,194.0,267.0,20.33,1.844
720,407.3,193.7,267.0,20.33,1.844
720,407.3,193.4,267.0,20.33,1.844
720,407.3,193.2,267.0,20.33,1.844
720,407.3,192.9,267.0,20.33,1.844
720,407.3,192.6,267.0,20.33,1.844
720,407.3,192.3,267.0,20.33,1.844
720,407.3,192.1,267.0,20.33,1.844
720,407.3,194.7,267.0,20.33,1.844
720,407.3,194.4,267.0,20.33,1.844
720,407.3,194.2,267.0,20.33,1.844
720,407.3,193.9,267.0,20.33,1.844
720,407.3,193.6,267.0,20.33,1.844
720,407.3,193.3,267.0,20.33,1.844
720,407.3,193.1,267.0,20.33,1.844
720,407.3,192.8,267.0,20.33,1.844
720,407.3,192.5,267.0,20.33,1.844
720,407.3,192.2,267.0,20.33,1.844
726,374.3,182.1,264.5,20.61,1.001
726,379.3,184.7,267.0,20.61,1.254
726,384.3,187.3,267.0,20.26,1.254
726,387.2,189.9,267.0,20.26,1.615
726,390.1,192.5,267.0,20.20,1.615
726,393.1,192.2,267.0,20.20,1.703
726,396.0,191.9,267.0,20.26,1.703
726,396.0,191.7,267.0,20.26,1.720
726,396.0,191.4,267.0,20.26,1.720
726,396.0,191.1,267.0,20.26,1.720
726,396.0,190.8,267.0,20.26,1.720
726,396.0,190.6,267.0,20.26,1.720
726,396.0,193.2,267.0,20.20,1.720
726,396.0,192.9,267.0,20.20,1.844
726,396.0,192.7,267.0,20.20,1.844
726,396.0,192.4,267.0,20.20,1.844
726,396.0,192.1,267.0,20.20,1.844
726,396.0,194.8,267.0,20.20,1.844
726,396.0,194.5,267.0,20.20,1.844
726,396.0,194.2,267.0,20.20,1.844
726,396.0,194.0,267.0,20.20,1.844
726,396.0,193.7,267.0,20.20,1.844
726,396.0,193.4,267.0,20.20,1.844
726,396.0,193.1,267.0,20.20,1.844
726,396.0,192.9,267.0,20.20,1.844
726,396.0,192.6,267.0,20.20,1.844
726,396.0,192.3,267.0,20.20,1.844
726,396.0,192.0,267.0,20.20,1.844
726,396.0,194.7,267.0,20.20,1.844
726,396.0,194.4,267.0,20.20,1.844
726,396.0,194.2,267.0,20.20,1.844
726,396.0,193.9,267.0,20.20,1.844
726,396.0,193.6,267.0,20.20,1.844
726,396.0,193.3,267.0,20.20,1.844
726,396.0,193.1,267.0,20.20,1.844
726,396.0,192.8,267.0,20.20,1.844
726,396.0,192.5,267.0,20.20,1.844
726,396.0,192.2,267.0,20.20,1.844
726,396.0,192.0,267.0,20.26,1.844
726,396.0,191.7,267.0,20.26,1.720
726,396.0,191.4,267.0,20.26,1.720
726,396.0,191.1,267.0,20.26,1.720
726,396.0,190.9,267.0,20.26,1.720
726,396.0,190.6,267.0,20.26,1.720
726,396.0,193.2,267.0,20.20,1.720
726,396.0,193.0,267.0,20.20,1.844
726,396.0,192.7,267.0,20.20,1.844
726,396.0,192.4,267.0,20.20,1.844
726,396.0,192.2,267.0,20.20,1.844
726,396.0,191.9,267.0,20.26,1.844
726,396.0,191.6,267.0,20.26,1.720
726,396.0,191.3,267.0,20.26,1.720
726,396.0,191.1,267.0,20.26,1.720
726,396.0,190.8,267.0,20.26,1.720
726,396.0,190.5,267.0,20.26,1.720
726,396.0,193.2,267.0,20.20,1.720
726,396.0,192.9,267.0,20.20,1.844
726,396.0,192.6,267.0,20.20,1.844
726,396.0,192.3,267.0,20.20,1.844
726,396.0,192.1,267.0,20.20,1.844
726,396.0,194.7,267.0,20.20,1.844
726,396.0,194.5,267.0,20.20,1.844
726,396.0,194.2,267.0,20.20,1.844
726,396.0,193.9,267.0,20.20,1.844
726,396.0,193.6,267.0,20.20,1.844
726,396.0,193.4,267.0,20.20,1.844
726,396.0,193.1,267.0,20.20,1.844
726,396.0,192.8,267.0,20.20,1.844
726,396.0,192.5,267.0,20.20,1.844
726,396.0,192.3,267.0,20.20,1.844
726,396.0,192.0,267.0,20.26,1.844
726,396.0,191.7,267.0,20.26,1.720
726,396.0,191.4,267.0,20.26,1.720
726,396.0,191.2,267.0,20.26,1.720
726,396.0,190.9,267.0,20.26,1.720
726,396.0,190.6,267.0,20.26,1.720
726,396.0,193.3,267.0,20.20,1.720
726,396.0,193.0,267.0,20.20,1.844
726,396.0,192.7,267.0,20.20,1.844
726,396.0,192.5,267.0,20.20,1.844
726,396.0,192.2,267.0,20.20,1.844
726,396.0,191.9,267.0,20.26,1.844
726,396.0,191.6,267.0,20.26,1.720
726,396.0,191.4,267.0,20.26,1.720
726,396.0,191.1,267.0,20.26,1.720
726,396.0,190.8,267.0,20.26,1.720
726,396.0,190.5,267.0,20.26,1.720
726,396.0,193.2,267.0,20.20,1.720
726,396.0,192.9,267.0,20.20,1.844
726,396.0,192.7,267.0,20.20,1.844
726,396.0,192.4,267.0,20.20,1.844
726,396.0,192.1,267.0,20.20,1.844
726,396.0,194.8,267.0,20.20,1.844
726,396.0,194.5,267.0,20.20,1.844
726,396.0,194.2,267.0,20.20,1.844
726,396.0,193.9,267.0,20.20,1.844
726,396.0,193.7,267.0,20.20,1.844
726,396.0,193.4,267.0,20.20,1.844
726,396.0,193.1,267.0,20.20,1.844
726,396.0,192.9,267.0,20.20,1.844
726,396.0,192.6,267.0,20.20,1.844
726,396.0,192.3,267.0,20.20,1.844
726,396.0,192.0,267.0,20.20,1.844
726,396.0,194.7,267.0,20.20,1.844
726,396.0,194.4,267.0,20.20,1.844
726,396.0,194.1,267.0,20.20,1.844
726,396.0,193.9,267.0,20.20,1.844
726,396.0,193.6,267.0,20.20,1.844
726,396.0,193.3,267.0,20.20,1.844
726,396.0,193.0,267.0,20.20,1.844
726,396.0,192.8,267.0,20.20,1.844
726,396.0,192.5,267.0,20.20,1.844
726,396.0,192.2,267.0,20.20,1.844
726,396.0,191.9,267.0,20.26,1.844
726,396.0,191.7,267.0,20.26,1.720
726,396.0,191.4,267.0,20.26,1.720
726,396.0,191.1,267.0,20.26,1.720
726,396.0,190.8,267.0,20.26,1.720
726,396.0,190.6,267.0,20.26,1.720
726,396.0,193.2,267.0,20.20,1.720
726,396.0,193.0,267.0,20.20,1.844
726,396.0,192.7,267.0,20.20,1.844
726,396.0,192.4,267.0,20.20,1.844
726,396.0,192.1,267.0,20.20,1.844
726,396.0,194.8,267.0,20.20,1.844
726,396.0,194.5,267.0,20.20,1.844
726,396.0,194.3,267.0,20.20,1.844
726,396.0,194.0,267.0,20.20,1.844
726,396.0,193.7,267.0,20.20,1.844
726,396.0,193.4,267.0,20.20,1.844
726,396.0,193.2,267.0,20.20,1.844
726,396.0,192.9,267.0,20.20,1.844
726,396.0,192.6,267.0,20.20,1.844
726,396.0,192.3,267.0,20.20,1.844
726,396.0,192.1,267.0,20.20,1.844
726,396.0,194.7,267.0,20.20,1.844
726,396.0,194.4,267.0,20.20,1.844
726,396.0,194.2,267.0,20.20,1.844
726,396.0,193.9,267.0,20.20,1.844
726,396.0,193.6,267.0,20.20,1.844
726,396.0,193.3,267.0,20.20,1.844
726,396.0,193.1,267.0,20.20,1.844
726,396.0,192.8,267.0,20.20,1.844
726,396.0,192.5,267.0,20.20,1.844
726,396.0,192.2,267.0,20.20,1.844
726,396.0,192.0,267.0,20.26,1.844
726,396.0,191.7,267.0,20.26,1.720
726,396.0,191.4,267.0,20.26,1.720
726,396.0,191.2,267.0,20.26,1.720
726,396.0,190.9,267.0,20.26,1.720
726,396.0,190.6,267.0,20.26,1.720
726,396.0,193.3,267.0,20.20,1.720
726,396.0,193.0,267.0,20.20,1.844
726,396.0,192.7,267.0,20.20,1.844
726,396.0,192.4,267.0,20.20,1.844
726,396.0,192.2,267.0,20.20,1.844
726,396.0,191.9,267.0,20.26,1.844
726,396.0,191.6,267.0,20.26,1.720
726,396.0,191.3,267.0,20.26,1.720
726,396.0,191.1,267.0,20.26,1.720
732,417.6,225.8,264.5,20.21,1.017
732,414.6,220.6,267.0,20.21,1.250
732,411.8,215.4,267.0,20.33,1.250
732,408.8,212.3,267.0,20.33,1.595
732,408.8,209.2,267.0,20.33,1.595
732,408.8,206.1,267.0,20.33,1.595
732,408.8,202.9,267.0,20.20,1.595
732,408.8,202.7,267.0,20.20,1.703
732,408.8,202.4,267.0,20.20,1.703
732,408.8,202.1,267.0,20.20,1.703
732,408.8,201.8,267.0,20.20,1.703
732,408.8,201.6,267.0,20.20,1.703
732,408.8,201.3,267.0,20.20,1.703
732,408.8,201.0,267.0,20.20,1.703
732,408.8,200.7,267.0,20.20,1.703
732,408.8,200.5,267.0,20.20,1.703
732,408.8,200.2,267.0,20.20,1.703
732,408.8,199.9,267.0,20.20,1.703
732,408.8,199.6,267.0,20.20,1.703
732,408.8,199.4,267.0,20.20,1.703
732,408.8,199.1,267.0,20.20,1.703
732,408.8,198.8,267.0,20.20,1.703
732,408.8,198.5,267.0,20.20,1.703
732,408.8,198.3,267.0,20.20,1.703
732,408.8,198.0,267.0,20.20,1.703
732,408.8,197.7,267.0,20.20,1.703
732,408.8,197.4,267.0,20.20,1.703
732,408.8,197.2,267.0,20.20,1.703
732,408.8,196.9,267.0,20.20,1.703
732,408.8,196.6,267.0,20.20,1.703
732,408.8,196.3,267.0,20.20,1.703
732,408.8,196.1,267.0,20.20,1.703
732,408.8,195.8,267.0,20.20,1.703
732,408.8,195.5,267.0,20.20,1.703
732,408.8,195.2,267.0,20.20,1.703
732,408.8,194.9,267.0,20.20,1.703
732,408.8,194.7,267.0,20.20,1.703
732,408.8,194.4,267.0,20.20,1.703
732,408.8,194.1,267.0,20.20,1.703
732,408.8,193.8,267.0,20.20,1.703
732,408.8,193.6,267.0,20.20,1.703
732,408.8,193.3,267.0,20.20,1.703
732,408.8,193.0,267.0,20.20,1.703
732,408.8,192.8,267.0,20.20,1.703
732,408.8,192.5,267.0,20.20,1.703
732,408.8,192.2,267.0,20.20,1.703
732,408.8,191.9,267.0,20.26,1.703
732,408.8,191.7,267.0,20.26,1.615
732,408.8,191.4,267.0,20.26,1.615
732,408.8,191.1,267.0,20.26,1.615
732,408.8,190.8,267.0,20.26,1.615
732,408.8,190.6,267.0,20.26,1.615
732,408.8,193.2,267.0,20.20,1.615
732,408.8,192.9,267.0,20.20,1.703
732,408.8,192.7,267.0,20.20,1.703
732,408.8,192.4,267.0,20.20,1.703
732,408.8,192.1,267.0,20.20,1.703
732,408.8,194.8,267.0,20.20,1.703
732,408.8,194.5,267.0,20.20,1.703
732,408.8,194.2,267.0,20.20,1.703
732,408.8,194.0,267.0,20.20,1.703
732,408.8,193.7,267.0,20.20,1.703
732,408.8,193.4,267.0,20.20,1.703
732,408.8,193.1,267.0,20.20,1.703
732,408.8,192.9,267.0,20.20,1.703
732,408.8,192.6,267.0,20.20,1.703
732,408.8,192.3,267.0,20.20,1.703
732,408.8,192.0,267.0,20.20,1.703
732,408.8,194.7,267.0,20.20,1.703
732,408.8,194.4,267.0,20.20,1.703
732,408.8,194.2,267.0,20.20,1.703
732,408.8,193.9,267.0,20.20,1.703
732,408.8,193.6,267.0,20.20,1.703
732,408.8,193.3,267.0,20.20,1.703
732,408.8,193.1,267.0,20.20,1.703
732,408.8,192.8,267.0,20.20,1.703
732,408.8,192.5,267.0,20.20,1.703
732,408.8,192.2,267.0,20.20,1.703
732,408.8,192.0,267.0,20.26,1.703
732,408.8,191.7,267.0,20.26,1.615
732,408.8,191.4,267.0,20.26,1.615
732,408.8,191.1,267.0,20.26,1.615
732,408.8,190.9,267.0,20.26,1.615
732,408.8,190.6,267.0,20.26,1.615
732,408.8,193.3,267.0,20.20,1.615
732,408.8,193.0,267.0,20.20,1.703
732,408.8,192.7,267.0,20.20,1.703
732,408.8,192.4,267.0,20.20,1.703
732,408.8,192.2,267.0,20.20,1.703
732,408.8,191.9,267.0,20.26,1.703
732,408.8,191.6,267.0,20.26,1.615
732,408.8,191.3,267.0,20.26,1.615
732,408.8,191.1,267.0,20.26,1.615
732,408.8,190.8,267.0,20.26,1.615
732,408.8,190.5,267.0,20.26,1.615
732,408.8,193.2,267.0,20.20,1.615
732,408.8,192.9,267.0,20.20,1.703
732,408.8,192.6,267.0,20.20,1.703
732,408.8,192.3,267.0,20.20,1.703
732,408.8,192.1,267.0,20.20,1.703
732,408.8,194.8,267.0,20.20,1.703
732,408.8,194.5,267.0,20.20,1.703
732,408.8,194.2,267.0,20.20,1.703
732,408.8,193.9,267.0,20.20,1.703
732,408.8,193.6,267.0,20.20,1.703
732,408.8,193.4,267.0,20.20,1.703
732,408.8,193.1,267.0,20.20,1.703
732,408.8,192.8,267.0,20.20,1.703
732,408.8,192.5,267.0,20.20,1.703
732,408.8,192.3,267.0,20.20,1.703
732,408.8,192.0,267.0,20.26,1.703
732,408.8,191.7,267.0,20.26,1.615
732,408.8,191.4,267.0,20.26,1.615
732,408.8,191.2,267.0,20.26,1.615
732,408.8,190.9,267.0,20.26,1.615
732,408.8,190.6,267.0,20.26,1.615
732,408.8,193.3,267.0,20.20,1.615
732,408.8,193.0,267.0,20.20,1.703
732,408.8,192.7,267.0,20.20,1.703
732,408.8,192.5,267.0,20.20,1.703
732,408.8,192.2,267.0,20.20,1.703
732,408.8,191.9,267.0,20.26,1.703
732,408.8,191.6,267.0,20.26,1.615
732,408.8,191.4,267.0,20.26,1.615
732,408.8,191.1,267.0,20.26,1.615
732,408.8,190.8,267.0,20.26,1.615
732,408.8,190.5,267.0,20.26,1.615
732,408.8,193.2,267.0,20.20,1.615
732,408.8,192.9,267.0,20.20,1.703
732,408.8,192.7,267.0,20.20,1.703
732,408.8,192.4,267.0,20.20,1.703
732,408.8,192.1,267.0,20.20,1.703
732,408.8,194.8,267.0,20.20,1.703
732,408.8,194.5,267.0,20.20,1.703
732,408.8,194.2,267.0,20.20,1.703
732,408.8,193.9,267.0,20.20,1.703
732,408.8,193.7,267.0,20.20,1.703
732,408.8,193.4,267.0,20.20,1.703
732,408.8,193.1,267.0,20.20,1.703
732,408.8,192.9,267.0,20.20,1.703
732,408.8,192.6,267.0,20.20,1.703
732,408.8,192.3,267.0,20.20,1.703
732,408.8,192.0,267.0,20.20,1.703
732,408.8,194.7,267.0,20.20,1.703
732,408.8,194.4,267.0,20.20,1.703
732,408.8,194.2,267.0,20.20,1.703
732,408.8,193.9,267.0,20.20,1.703
732,408.8,193.6,267.0,20.20,1.703
732,408.8,193.3,267.0,20.20,1.703
732,408.8,193.1,267.0,20.20,1.703
732,408.8,192.8,267.0,20.20,1.703
732,408.8,192.5,267.0,20.20,1.703
732,408.8,192.2,267.0,20.20,1.703
732,408.8,191.9,267.0,20.26,1.703
732,408.8,191.7,267.0,20.26,1.615
732,408.8,191.4,267.0,20.26,1.615
732,408.8,191.1,267.0,20.26,1.615
732,408.8,190.8,267.0,20.26,1.615
732,408.8,190.6,267.0,20.26,1.615
732,408.8,193.2,267.0,20.20,1.615
738,376.8,182.2,267.0,20.61,1.001
738,381.8,184.8,267.0,20.61,1.254
738,384.7,187.5,267.0,20.26,1.254
738,387.6,190.1,267.0,20.26,1.615
738,390.5,192.7,267.0,20.20,1.615
738,393.4,192.4,267.0,20.20,1.703
738,396.3,192.1,267.0,20.33,1.703
738,396.3,194.8,267.0,20.33,1.844
738,396.3,194.5,267.0,20.33,1.844
738,396.3,194.2,267.0,20.33,1.844
738,396.3,194.0,267.0,20.33,1.844
738,396.3,193.7,267.0,20.33,1.844
738,396.3,193.4,267.0,20.33,1.844
738,396.3,193.2,267.0,20.33,1.844
738,396.3,192.9,267.0,20.33,1.844
738,396.3,192.6,267.0,20.33,1.844
738,396.3,192.3,267.0,20.33,1.844
738,396.3,192.1,267.0,20.33,1.844
738,396.3,194.7,267.0,20.33,1.844
738,396.3,194.4,267.0,20.33,1.844
738,396.3,194.2,267.0,20.33,1.844
738,396.3,193.9,267.0,20.33,1.844
738,396.3,193.6,267.0,20.33,1.844
738,396.3,193.3,267.0,20.33,1.844
738,396.3,193.1,267.0,20.33,1.844
738,396.3,192.8,267.0,20.33,1.844
738,396.3,192.5,267.0,20.33,1.844
738,396.3,192.2,267.0,20.33,1.844
738,396.3,192.0,267.0,19.96,1.844
738,396.3,191.7,267.0,19.96,1.720
738,396.3,191.4,267.0,19.96,1.720
738,396.3,191.1,267.0,19.96,1.720
738,396.3,190.9,267.0,19.96,1.720
738,396.3,190.6,267.0,19.96,1.720
738,396.3,193.3,267.0,20.33,1.720
738,396.3,193.0,267.0,20.33,1.844
738,396.3,192.7,267.0,20.33,1.844
738,396.3,192.4,267.0,20.33,1.844
738,396.3,192.2,267.0,20.33,1.844
738,396.3,191.9,267.0,19.96,1.844
738,396.3,191.6,267.0,19.96,1.720
738,396.3,191.3,267.0,19.96,1.720
738,396.3,191.1,267.0,19.96,1.720
738,396.3,190.8,267.0,19.96,1.720
738,396.3,190.5,267.0,19.96,1.720
738,396.3,193.2,267.0,20.33,1.720
738,396.3,192.9,267.0,20.33,1.844
738,396.3,192.6,267.0,20.33,1.844
738,396.3,192.4,267.0,20.33,1.844
738,396.3,192.1,267.0,20.33,1.844
738,396.3,194.8,267.0,20.33,1.844
738,396.3,194.5,267.0,20.33,1.844
738,396.3,194.2,267.0,20.33,1.844
738,396.3,193.9,267.0,20.33,1.844
738,396.3,193.7,267.0,20.33,1.844
738,396.3,193.4,267.0,20.33,1.844
738,396.3,193.1,267.0,20.33,1.844
738,396.3,192.8,267.0,20.33,1.844
738,396.3,192.6,267.0,20.33,1.844
738,396.3,192.3,267.0,20.33,1.844
738,396.3,192.0,267.0,20.33,1.844
738,396.3,194.7,267.0,20.33,1.844
738,396.3,194.4,267.0,20.33,1.844
738,396.3,194.1,267.0,20.33,1.844
738,396.3,193.8,267.0,20.33,1.844
738,396.3,193.6,267.0,20.33,1.844
738,396.3,193.3,267.0,20.33,1.844
738,396.3,193.0,267.0,20.33,1.844
738,396.3,192.8,267.0,20.33,1.844
738,396.3,192.5,267.0,20.33,1.844
738,396.3,192.2,267.0,20.33,1.844
738,396.3,191.9,267.0,19.96,1.844
738,396.3,191.7,267.0,19.96,1.720
738,396.3,191.4,267.0,19.96,1.720
738,396.3,191.1,267.0,19.96,1.720
738,396.3,190.8,267.0,19.96,1.720
738,396.3,190.5,267.0,19.96,1.720
738,396.3,193.2,267.0,20.33,1.720
738,396.3,192.9,267.0,20.33,1.844
738,396.3,192.7,267.0,20.33,1.844
738,396.3,192.4,267.0,20.33,1.844
738,396.3,192.1,267.0,20.33,1.844
738,396.3,194.8,267.0,20.33,1.844
738,396.3,194.5,267.0,20.33,1.844
738,396.3,194.2,267.0,20.33,1.844
738,396.3,194.0,267.0,20.33,1.844
738,396.3,193.7,267.0,20.33,1.844
738,396.3,193.4,267.0,20.33,1.844
738,396.3,193.1,267.0,20.33,1.844
738,396.3,192.9,267.0,20.33,1.844
738,396.3,192.6,267.0,20.33,1.844
738,396.3,192.3,267.0,20.33,1.844
738,396.3,192.0,267.0,20.33,1.844
738,396.3,194.7,267.0,20.33,1.844
738,396.3,194.4,267.0,20.33,1.844
738,396.3,194.2,267.0,20.33,1.844
738,396.3,193.9,267.0,20.33,1.844
738,396.3,193.6,267.0,20.33,1.844
738,396.3,193.3,267.0,20.33,1.844
738,396.3,193.1,267.0,20.33,1.844
738,396.3,192.8,267.0,20.33,1.844
738,396.3,192.5,267.0,20.33,1.844
738,396.3,192.2,267.0,20.33,1.844
738,396.3,191.9,267.0,19.96,1.844
738,396.3,191.7,267.0,19.96,1.720
738,396.3,191.4,267.0,19.96,1.720
738,396.3,191.1,267.0,19.96,1.720
738,396.3,190.9,267.0,19.96,1.720
738,396.3,190.6,267.0,19.96,1.720
738,396.3,193.2,267.0,20.33,1.720
738,396.3,193.0,267.0,20.33,1.844
738,396.3,192.7,267.0,20.33,1.844
738,396.3,192.4,267.0,20.33,1.844
738,396.3,192.2,267.0,20.33,1.844
738,396.3,191.9,267.0,19.96,1.844
738,396.3,191.6,267.0,19.96,1.720
738,396.3,191.3,267.0,19.96,1.720
738,396.3,191.1,267.0,19.96,1.720
738,396.3,190.8,267.0,19.96,1.720
738,396.3,190.5,267.0,19.96,1.720
738,396.3,193.2,267.0,20.33,1.720
738,396.3,192.9,267.0,20.33,1.844
738,396.3,192.6,267.0,20.33,1.844
738,396.3,192.3,267.0,20.33,1.844
738,396.3,192.1,267.0,20.33,1.844
738,396.3,194.7,267.0,20.33,1.844
738,396.3,194.5,267.0,20.33,1.844
738,396.3,194.2,267.0,20.33,1.844
738,396.3,193.9,267.0,20.33,1.844
738,396.3,193.6,267.0,20.33,1.844
738,396.3,193.4,267.0,20.33,1.844
738,396.3,193.1,267.0,20.33,1.844
738,396.3,192.8,267.0,20.33,1.844
738,396.3,192.5,267.0,20.33,1.844
738,396.3,192.3,267.0,20.33,1.844
738,396.3,192.0,267.0,19.96,1.844
738,396.3,191.7,267.0,19.96,1.720
738,396.3,191.4,267.0,19.96,1.720
738,396.3,191.2,267.0,19.96,1.720
738,396.3,190.9,267.0,19.96,1.720
738,396.3,190.6,267.0,19.96,1.720
738,396.3,193.3,267.0,20.33,1.720
738,396.3,193.0,267.0,20.33,1.844
738,396.3,192.7,267.0,20.33,1.844
738,396.3,192.5,267.0,20.33,1.844
738,396.3,192.2,267.0,20.33,1.844
738,396.3,191.9,267.0,19.96,1.844
738,396.3,191.6,267.0,19.96,1.720
738,396.3,191.4,267.0,19.96,1.720
738,396.3,191.1,267.0,19.96,1.720
738,396.3,190.8,267.0,19.96,1.720
738,396.3,190.5,267.0,19.96,1.720
738,396.3,193.2,267.0,20.33,1.720
738,396.3,192.9,267.0,20.33,1.844
738,396.3,192.7,267.0,20.33,1.844
738,396.3,192.4,267.0,20.33,1.844
738,396.3,192.1,267.0,20.33,1.844
738,396.3,194.8,267.0,20.33,1.844
738,396.3,194.5,267.0,20.33,1.844
738,396.3,194.2,267.0,20.33,1.844
744,351.0,208.7,259.9,22.48,0.837
744,354.1,208.0,254.9,22.48,0.744
744,357.2,207.4,249.8,23.24,0.744
744,359.6,206.6,246.1,23.24,0.568
744,364.6,205.2,244.9,20.59,0.568
744,369.6,203.8,243.8,20.41,0.662
744,373.8,203.5,246.2,20.46,0.691
744,378.1,203.1,248.6,20.46,0.615
744,382.4,202.8,251.0,20.46,0.615
744,385.2,202.5,261.0,20.29,0.615
744,388.1,202.2,267.0,20.20,1.306
744,391.0,201.9,267.0,20.20,1.703
744,393.9,201.6,267.0,20.20,1.703
744,396.9,201.3,267.0,20.33,1.703
744,396.9,201.0,267.0,20.33,1.844
744,396.9,200.7,267.0,20.33,1.844
744,396.9,200.5,267.0,20.33,1.844
744,396.9,200.2,267.0,20.33,1.844
744,396.9,199.9,267.0,20.33,1.844
744,396.9,199.6,267.0,20.33,1.844
744,396.9,199.4,267.0,20.33,1.844
744,396.9,199.1,267.0,20.33,1.844
744,396.9,198.8,267.0,20.33,1.844
744,396.9,198.5,267.0,20.33,1.844
744,396.9,198.3,267.0,20.33,1.844
744,396.9,198.0,267.0,20.33,1.844
744,396.9,197.7,267.0,20.33,1.844
744,396.9,197.4,267.0,20.33,1.844
744,396.9,197.2,267.0,20.33,1.844
744,396.9,196.9,267.0,20.33,1.844
744,396.9,196.6,267.0,20.33,1.844
744,396.9,196.3,267.0,20.33,1.844
744,396.9,196.1,267.0,20.33,1.844
744,396.9,195.8,267.0,20.33,1.844
744,396.9,195.5,267.0,20.33,1.844
744,396.9,195.2,267.0,20.33,1.844
744,396.9,195.0,267.0,20.33,1.844
744,396.9,194.7,267.0,20.33,1.844
744,396.9,194.4,267.0,20.33,1.844
744,396.9,194.1,267.0,20.33,1.844
744,396.9,193.9,267.0,20.33,1.844
744,396.9,193.6,267.0,20.33,1.844
744,396.9,193.3,267.0,20.33,1.844
744,396.9,193.0,267.0,20.33,1.844
744,396.9,192.8,267.0,20.33,1.844
744,396.9,192.5,267.0,20.33,1.844
744,396.9,192.2,267.0,20.33,1.844
744,396.9,191.9,267.0,19.96,1.844
744,396.9,191.7,267.0,19.96,1.720
744,396.9,191.4,267.0,19.96,1.720
744,396.9,191.1,267.0,19.96,1.720
744,396.9,190.8,267.0,19.96,1.720
744,396.9,190.6,267.0,19.96,1.720
744,396.9,193.2,267.0,20.33,1.720
744,396.9,193.0,267.0,20.33,1.844
744,396.9,192.7,267.0,20.33,1.844
744,396.9,192.4,267.0,20.33,1.844
744,396.9,192.1,267.0,20.33,1.844
744,396.9,194.8,267.0,20.33,1.844
744,396.9,194.5,267.0,20.33,1.844
744,396.9,194.2,267.0,20.33,1.844
744,396.9,194.0,267.0,20.33,1.844
744,396.9,193.7,267.0,20.33,1.844
744,396.9,193.4,267.0,20.33,1.844
744,396.9,193.2,267.0,20.33,1.844
744,396.9,192.9,267.0,20.33,1.844
744,396.9,192.6,267.0,20.33,1.844
744,396.9,192.3,267.0,20.33,1.844
744,396.9,192.1,267.0,20.33,1.844
744,396.9,194.7,267.0,20.33,1.844
744,396.9,194.4,267.0,20.33,1.844
744,396.9,194.2,267.0,20.33,1.844
744,396.9,193.9,267.0,20.33,1.844
744,396.9,193.6,267.0,20.33,1.844
744,396.9,193.3,267.0,20.33,1.844
744,396.9,193.1,267.0,20.33,1.844
744,396.9,192.8,267.0,20.33,1.844
744,396.9,192.5,267.0,20.33,1.844
744,396.9,192.2,267.0,20.33,1.844
744,396.9,192.0,267.0,19.96,1.844
744,396.9,191.7,267.0,19.96,1.720
744,396.9,191.4,267.0,19.96,1.720
744,396.9,191.2,267.0,19.96,1.720
744,396.9,190.9,267.0,19.96,1.720
744,396.9,190.6,267.0,19.96,1.720
744,396.9,193.3,267.0,20.33,1.720
744,396.9,193.0,267.0,20.33,1.844
744,396.9,192.7,267.0,20.33,1.844
744,396.9,192.4,267.0,20.33,1.844
744,396.9,192.2,267.0,20.33,1.844
744,396.9,191.9,267.0,19.96,1.844
744,396.9,191.6,267.0,19.96,1.720
744,396.9,191.3,267.0,19.96,1.720
744,396.9,191.1,267.0,19.96,1.720
744,396.9,190.8,267.0,19.96,1.720
744,396.9,190.5,267.0,19.96,1.720
744,396.9,193.2,267.0,20.33,1.720
744,396.9,192.9,267.0,20.33,1.844
744,396.9,192.6,267.0,20.33,1.844
744,396.9,192.4,267.0,20.33,1.844
744,396.9,192.1,267.0,20.33,1.844
744,396.9,194.8,267.0,20.33,1.844
744,396.9,194.5,267.0,20.33,1.844
744,396.9,194.2,267.0,20.33,1.844
744,396.9,193.9,267.0,20.33,1.844
744,396.9,193.7,267.0,20.33,1.844
744,396.9,193.4,267.0,20.33,1.844
744,396.9,193.1,267.0,20.33,1.844
744,396.9,192.8,267.0,20.33,1.844
744,396.9,192.6,267.0,20.33,1.844
744,396.9,192.3,267.0,20.33,1.844
744,396.9,192.0,267.0,20.33,1.844
744,396.9,194.7,267.0,20.33,1.844
744,396.9,194.4,267.0,20.33,1.844
744,396.9,194.1,267.0,20.33,1.844
744,396.9,193.8,267.0,20.33,1.844
744,396.9,193.6,267.0,20.33,1.844
744,396.9,193.3,267.0,20.33,1.844
744,396.9,193.0,267.0,20.33,1.844
744,396.9,192.8,267.0,20.33,1.844
744,396.9,192.5,267.0,20.33,1.844
744,396.9,192.2,267.0,20.33,1.844
744,396.9,191.9,267.0,19.96,1.844
744,396.9,191.7,267.0,19.96,1.720
744,396.9,191.4,267.0,19.96,1.720
744,396.9,191.1,267.0,19.96,1.720
744,396.9,190.8,267.0,19.96,1.720
744,396.9,190.6,267.0,19.96,1.720
744,396.9,193.2,267.0,20.33,1.720
744,396.9,192.9,267.0,20.33,1.844
744,396.9,192.7,267.0,20.33,1.844
744,396.9,192.4,267.0,20.33,1.844
744,396.9,192.1,267.0,20.33,1.844
744,396.9,194.8,267.0,20.33,1.844
744,396.9,194.5,267.0,20.33,1.844
744,396.9,194.2,267.0,20.33,1.844
744,396.9,194.0,267.0,20.33,1.844
744,396.9,193.7,267.0,20.33,1.844
744,396.9,193.4,267.0,20.33,1.844
744,396.9,193.1,267.0,20.33,1.844
744,396.9,192.9,267.0,20.33,1.844
744,396.9,192.6,267.0,20.33,1.844
744,396.9,192.3,267.0,20.33,1.844
744,396.9,192.0,267.0,20.33,1.844
744,396.9,194.7,267.0,20.33,1.844
744,396.9,194.4,267.0,20.33,1.844
744,396.9,194.2,267.0,20.33,1.844
744,396.9,193.9,267.0,20.33,1.844
744,396.9,193.6,267.0,20.33,1.844
744,396.9,193.3,267.0,20.33,1.844
744,396.9,193.1,267.0,20.33,1.844
744,396.9,192.8,267.0,20.33,1.844
744,396.9,192.5,267.0,20.33,1.844
744,396.9,192.2,267.0,20.33,1.844
744,396.9,192.0,267.0,19.96,1.844
744,396.9,191.7,267.0,19.96,1.720
744,396.9,191.4,267.0,19.96,1.720
744,396.9,191.1,267.0,19.96,1.720
744,396.9,190.9,267.0,19.96,1.720
744,396.9,190.6,267.0,19.96,1.720
750,369.9,179.6,264.5,23.17,1.001
750,374.9,182.2,267.0,20.61,1.001
750,380.0,184.8,267.0,20.61,1.254
750,385.0,187.3,267.0,20.26,1.254
750,387.9,190.0,267.0,20.26,1.615
750,390.8,192.6,267.0,20.20,1.615
750,393.7,192.3,267.0,20.20,1.703
750,396.6,192.0,267.0,20.33,1.703
750,396.6,194.7,267.0,20.33,1.844
750,396.6,194.4,267.0,20.33,1.844
750,396.6,194.1,267.0,20.33,1.844
750,396.6,193.9,267.0,20.33,1.844
750,396.6,193.6,267.0,20.33,1.844
750,396.6,193.3,267.0,20.33,1.844
750,396.6,193.0,267.0,20.33,1.844
750,396.6,192.8,267.0,20.33,1.844
750,396.6,192.5,267.0,20.33,1.844
750,396.6,192.2,267.0,20.33,1.844
750,396.6,191.9,267.0,19.96,1.844
750,396.6,191.7,267.0,19.96,1.720
750,396.6,191.4,267.0,19.96,1.720
750,396.6,191.1,267.0,19.96,1.720
750,396.6,190.8,267.0,19.96,1.720
750,396.6,190.6,267.0,19.96,1.720
750,396.6,193.2,267.0,20.33,1.720
750,396.6,192.9,267.0,20.33,1.844
750,396.6,192.7,267.0,20.33,1.844
750,396.6,192.4,267.0,20.33,1.844
750,396.6,192.1,267.0,20.33,1.844
750,396.6,194.8,267.0,20.33,1.844
750,396.6,194.5,267.0,20.33,1.844
750,396.6,194.2,267.0,20.33,1.844
750,396.6,194.0,267.0,20.33,1.844
750,396.6,193.7,267.0,20.33,1.844
750,396.6,193.4,267.0,20.33,1.844
750,396.6,193.1,267.0,20.33,1.844
750,396.6,192.9,267.0,20.33,1.844
750,396.6,192.6,267.0,20.33,1.844
750,396.6,192.3,267.0,20.33,1.844
750,396.6,192.0,267.0,20.33,1.844
750,396.6,194.7,267.0,20.33,1.844
750,396.6,194.4,267.0,20.33,1.844
750,396.6,194.2,267.0,20.33,1.844
750,396.6,193.9,267.0,20.33,1.844
750,396.6,193.6,267.0,20.33,1.844
750,396.6,193.3,267.0,20.33,1.844
750,396.6,193.1,267.0,20.33,1.844
750,396.6,192.8,267.0,20.33,1.844
750,396.6,192.5,267.0,20.33,1.844
750,396.6,192.2,267.0,20.33,1.844
750,396.6,192.0,267.0,19.96,1.844
750,396.6,191.7,267.0,19.96,1.720
750,396.6,191.4,267.0,19.96,1.720
750,396.6,191.1,267.0,19.96,1.720
750,396.6,190.9,267.0,19.96,1.720
750,396.6,190.6,267.0,19.96,1.720
750,396.6,193.3,267.0,20.33,1.720
750,396.6,193.0,267.0,20.33,1.844
750,396.6,192.7,267.0,20.33,1.844
750,396.6,192.4,267.0,20.33,1.844
750,396.6,192.2,267.0,20.33,1.844
750,396.6,191.9,267.0,19.96,1.844
750,396.6,191.6,267.0,19.96,1.720
750,396.6,191.3,267.0,19.96,1.720
750,396.6,191.1,267.0,19.96,1.720
750,396.6,190.8,267.0,19.96,1.720
750,396.6,190.5,267.0,19.96,1.720
750,396.6,193.2,267.0,20.33,1.720
750,396.6,192.9,267.0,20.33,1.844
750,396.6,192.6,267.0,20.33,1.844
750,396.6,192.3,267.0,20.33,1.844
750,396.6,192.1,267.0,20.33,1.844
750,396.6,194.8,267.0,20.33,1.844
750,396.6,194.5,267.0,20.33,1.844
750,396.6,194.2,267.0,20.33,1.844
750,396.6,193.9,267.0,20.33,1.844
750,396.6,193.7,267.0,20.33,1.844
750,396.6,193.4,267.0,20.33,1.844
750,396.6,193.1,267.0,20.33,1.844
750,396.6,192.8,267.0,20.33,1.844
750,396.6,192.5,267.0,20.33,1.844
750,396.6,192.3,267.0,20.33,1.844
750,396.6,192.0,267.0,19.96,1.844
750,396.6,191.7,267.0,19.96,1.720
750,396.6,191.4,267.0,19.96,1.720
750,396.6,191.2,267.0,19.96,1.720
750,396.6,190.9,267.0,19.96,1.720
750,396.6,190.6,267.0,19.96,1.720
750,396.6,193.3,267.0,20.33,1.720
750,396.6,193.0,267.0,20.33,1.844
750,396.6,192.7,267.0,20.33,1.844
750,396.6,192.5,267.0,20.33,1.844
750,396.6,192.2,267.0,20.33,1.844
750,396.6,191.9,267.0,19.96,1.844
750,396.6,191.6,267.0,19.96,1.720
750,396.6,191.4,267.0,19.96,1.720
750,396.6,191.1,267.0,19.96,1.720
750,396.6,190.8,267.0,19.96,1.720
750,396.6,190.5,267.0,19.96,1.720
750,396.6,193.2,267.0,20.33,1.720
750,396.6,192.9,267.0,20.33,1.844
750,396.6,192.7,267.0,20.33,1.844
750,396.6,192.4,267.0,20.33,1.844
750,396.6,192.1,267.0,20.33,1.844
750,396.6,194.8,267.0,20.33,1.844
750,396.6,194.5,267.0,20.33,1.844
750,396.6,194.2,267.0,20.33,1.844
750,396.6,193.9,267.0,20.33,1.844
750,396.6,193.7,267.0,20.33,1.844
750,396.6,193.4,267.0,20.33,1.844
750,396.6,193.1,267.0,20.33,1.844
750,396.6,192.9,267.0,20.33,1.844
750,396.6,192.6,267.0,20.33,1.844
750,396.6,192.3,267.0,20.33,1.844
750,396.6,192.0,267.0,20.33,1.844
750,396.6,194.7,267.0,20.33,1.844
750,396.6,194.4,267.0,20.33,1.844
750,396.6,194.2,267.0,20.33,1.844
750,396.6,193.9,267.0,20.33,1.844
750,396.6,193.6,267.0,20.33,1.844
750,396.6,193.3,267.0,20.33,1.844
750,396.6,193.1,267.0,20.33,1.844
750,396.6,192.8,267.0,20.33,1.844
750,396.6,192.5,267.0,20.33,1.844
750,396.6,192.2,267.0,20.33,1.844
750,396.6,191.9,267.0,19.96,1.844
750,396.6,191.7,267.0,19.96,1.720
750,396.6,191.4,267.0,19.96,1.720
750,396.6,191.1,267.0,19.96,1.720
750,396.6,190.9,267.0,19.96,1.720
750,396.6,190.6,267.0,19.96,1.720
750,396.6,193.2,267.0,20.33,1.720
750,396.6,193.0,267.0,20.33,1.844
750,396.6,192.7,267.0,20.33,1.844
750,396.6,192.4,267.0,20.33,1.844
750,396.6,192.1,267.0,20.33,1.844
750,396.6,191.9,267.0,19.96,1.844
750,396.6,191.6,267.0,19.96,1.720
750,396.6,191.3,267.0,19.96,1.720
750,396.6,191.0,267.0,19.96,1.720
750,396.6,190.8,267.0,19.96,1.720
750,396.6,190.5,267.0,19.96,1.720
750,396.6,193.2,267.0,20.33,1.720
750,396.6,192.9,267.0,20.33,1.844
750,396.6,192.6,267.0,20.33,1.844
750,396.6,192.3,267.0,20.33,1.844
750,396.6,192.1,267.0,20.33,1.844
750,396.6,194.7,267.0,20.33,1.844
750,396.6,194.5,267.0,20.33,1.844
750,396.6,194.2,267.0,20.33,1.844
750,396.6,193.9,267.0,20.33,1.844
750,396.6,193.6,267.0,20.33,1.844
750,396.6,193.4,267.0,20.33,1.844
750,396.6,193.1,267.0,20.33,1.844
750,396.6,192.8,267.0,20.33,1.844
750,396.6,192.5,267.0,20.33,1.844
750,396.6,192.2,267.0,20.33,1.844
750,396.6,192.0,267.0,19.96,1.844
750,396.6,191.7,267.0,19.96,1.720
750,396.6,191.4,267.0,19.96,1.720
756,373.3,182.3,264.5,20.61,0.873
756,378.3,184.9,267.0,20.61,1.254
756,383.3,187.5,267.0,20.61,1.254
756,386.2,190.2,267.0,20.26,1.254
756,389.1,192.8,267.0,20.20,1.615
756,392.1,192.5,267.0,20.20,1.703
756,395.0,192.2,267.0,20.20,1.703
756,395.0,191.9,267.0,20.26,1.703
756,395.0,191.6,267.0,20.26,1.615
756,395.0,191.4,267.0,20.26,1.615
756,395.0,191.1,267.0,20.26,1.615
756,395.0,190.8,267.0,20.26,1.615
756,395.0,190.5,267.0,20.26,1.615
756,395.0,193.2,267.0,20.20,1.615
756,395.0,192.9,267.0,20.20,1.703
756,395.0,192.7,267.0,20.20,1.703
756,395.0,192.4,267.0,20.20,1.703
756,395.0,192.1,267.0,20.20,1.703
756,395.0,194.8,267.0,20.20,1.703
756,395.0,194.5,267.0,20.20,1.703
756,395.0,194.2,267.0,20.20,1.703
756,395.0,193.9,267.0,20.20,1.703
756,395.0,193.7,267.0,20.20,1.703
756,395.0,193.4,267.0,20.20,1.703
756,395.0,193.1,267.0,20.20,1.703
756,395.0,192.9,267.0,20.20,1.703
756,395.0,192.6,267.0,20.20,1.703
756,395.0,192.3,267.0,20.20,1.703
756,395.0,192.0,267.0,20.20,1.703
756,395.0,194.7,267.0,20.20,1.703
756,395.0,194.4,267.0,20.20,1.703
756,395.0,194.2,267.0,20.20,1.703
756,395.0,193.9,267.0,20.20,1.703
756,395.0,193.6,267.0,20.20,1.703
756,395.0,193.3,267.0,20.20,1.703
756,395.0,193.1,267.0,20.20,1.703
756,395.0,192.8,267.0,20.20,1.703
756,395.0,192.5,267.0,20.20,1.703
756,395.0,192.2,267.0,20.20,1.703
756,395.0,191.9,267.0,20.26,1.703
756,395.0,191.7,267.0,20.26,1.615
756,395.0,191.4,267.0,20.26,1.615
756,395.0,191.1,267.0,20.26,1.615
756,395.0,190.8,267.0,20.26,1.615
756,395.0,190.6,267.0,20.26,1.615
756,395.0,193.2,267.0,20.20,1.615
756,395.0,193.0,267.0,20.20,1.703
756,395.0,192.7,267.0,20.20,1.703
756,395.0,192.4,267.0,20.20,1.703
756,395.0,192.1,267.0,20.20,1.703
756,395.0,194.8,267.0,20.20,1.703
756,395.0,194.5,267.0,20.20,1.703
756,395.0,194.3,267.0,20.20,1.703
756,395.0,194.0,267.0,20.20,1.703
756,395.0,193.7,267.0,20.20,1.703
756,395.0,193.4,267.0,20.20,1.703
756,395.0,193.2,267.0,20.20,1.703
756,395.0,192.9,267.0,20.20,1.703
756,395.0,192.6,267.0,20.20,1.703
756,395.0,192.3,267.0,20.20,1.703
756,395.0,192.1,267.0,20.20,1.703
756,395.0,194.7,267.0,20.20,1.703
756,395.0,194.4,267.0,20.20,1.703
756,395.0,194.2,267.0,20.20,1.703
756,395.0,193.9,267.0,20.20,1.703
756,395.0,193.6,267.0,20.20,1.703
756,395.0,193.3,267.0,20.20,1.703
756,395.0,193.1,267.0,20.20,1.703
756,395.0,192.8,267.0,20.20,1.703
756,395.0,192.5,267.0,20.20,1.703
756,395.0,192.2,267.0,20.20,1.703
756,395.0,192.0,267.0,20.26,1.703
756,395.0,191.7,267.0,20.26,1.615
756,395.0,191.4,267.0,20.26,1.615
756,395.0,191.2,267.0,20.26,1.615
756,395.0,190.9,267.0,20.26,1.615
756,395.0,190.6,267.0,20.26,1.615
756,395.0,193.3,267.0,20.20,1.615
756,395.0,193.0,267.0,20.20,1.703
756,395.0,192.7,267.0,20.20,1.703
756,395.0,192.5,267.0,20.20,1.703
756,395.0,192.2,267.0,20.20,1.703
756,395.0,191.9,267.0,20.26,1.703
756,395.0,191.6,267.0,20.26,1.615
756,395.0,191.3,267.0,20.26,1.615
756,395.0,191.1,267.0,20.26,1.615
756,395.0,190.8,267.0,20.26,1.615
756,395.0,190.5,267.0,20.26,1.615
756,395.0,193.2,267.0,20.20,1.615
756,395.0,192.9,267.0,20.20,1.703
756,395.0,192.6,267.0,20.20,1.703
756,395.0,192.4,267.0,20.20,1.703
756,395.0,192.1,267.0,20.20,1.703
756,395.0,194.8,267.0,20.20,1.703
756,395.0,194.5,267.0,20.20,1.703
756,395.0,194.2,267.0,20.20,1.703
756,395.0,193.9,267.0,20.20,1.703
756,395.0,193.7,267.0,20.20,1.703
756,395.0,193.4,267.0,20.20,1.703
756,395.0,193.1,267.0,20.20,1.703
756,395.0,192.8,267.0,20.20,1.703
756,395.0,192.6,267.0,20.20,1.703
756,395.0,192.3,267.0,20.20,1.703
756,395.0,192.0,267.0,20.20,1.703
756,395.0,194.7,267.0,20.20,1.703
756,395.0,194.4,267.0,20.20,1.703
756,395.0,194.1,267.0,20.20,1.703
756,395.0,193.9,267.0,20.20,1.703
756,395.0,193.6,267.0,20.20,1.703
756,395.0,193.3,267.0,20.20,1.703
756,395.0,193.0,267.0,20.20,1.703
756,395.0,192.8,267.0,20.20,1.703
756,395.0,192.5,267.0,20.20,1.703
756,395.0,192.2,267.0,20.20,1.703
756,395.0,191.9,267.0,20.26,1.703
756,395.0,191.7,267.0,20.26,1.615
756,395.0,191.4,267.0,20.26,1.615
756,395.0,191.1,267.0,20.26,1.615
756,395.0,190.8,267.0,20.26,1.615
756,395.0,190.6,267.0,20.26,1.615
756,395.0,193.2,267.0,20.20,1.615
756,395.0,192.9,267.0,20.20,1.703
756,395.0,192.7,267.0,20.20,1.703
756,395.0,192.4,267.0,20.20,1.703
756,395.0,192.1,267.0,20.20,1.703
756,395.0,194.8,267.0,20.20,1.703
756,395.0,194.5,267.0,20.20,1.703
756,395.0,194.2,267.0,20.20,1.703
756,395.0,194.0,267.0,20.20,1.703
756,395.0,193.7,267.0,20.20,1.703
756,395.0,193.4,267.0,20.20,1.703
756,395.0,193.1,267.0,20.20,1.703
756,395.0,192.9,267.0,20.20,1.703
756,395.0,192.6,267.0,20.20,1.703
756,395.0,192.3,267.0,20.20,1.703
756,395.0,192.0,267.0,20.20,1.703
756,395.0,194.7,267.0,20.20,1.703
756,395.0,194.4,267.0,20.20,1.703
756,395.0,194.2,267.0,20.20,1.703
756,395.0,193.9,267.0,20.20,1.703
756,395.0,193.6,267.0,20.20,1.703
756,395.0,193.3,267.0,20.20,1.703
756,395.0,193.1,267.0,20.20,1.703
756,395.0,192.8,267.0,20.20,1.703
756,395.0,192.5,267.0,20.20,1.703
756,395.0,192.2,267.0,20.20,1.703
756,395.0,192.0,267.0,20.26,1.703
756,395.0,191.7,267.0,20.26,1.615
756,395.0,191.4,267.0,20.26,1.615
756,395.0,191.1,267.0,20.26,1.615
756,395.0,190.9,267.0,20.26,1.615
756,395.0,190.6,267.0,20.26,1.615
756,395.0,193.3,267.0,20.20,1.615
756,395.0,193.0,267.0,20.20,1.703
756,395.0,192.7,267.0,20.20,1.703
756,395.0,192.4,267.0,20.20,1.703
756,395.0,192.2,267.0,20.20,1.703
756,395.0,191.9,267.0,20.26,1.703
756,395.0,191.6,267.0,20.26,1.615
756,395.0,191.3,267.0,20.26,1.615
762,424.1,228.4,264.5,22.06,1.017
762,417.6,223.8,264.4,20.21,1.017
762,414.7,218.6,267.0,20.21,1.250
762,411.8,213.5,267.0,20.33,1.250
762,408.9,210.3,267.0,20.33,1.595
762,408.9,207.2,267.0,20.33,1.595
762,408.9,204.1,267.0,20.33,1.595
762,408.9,203.8,267.0,20.20,1.595
762,408.9,203.5,267.0,20.20,1.703
762,408.9,203.3,267.0,20.20,1.703
762,408.9,203.0,267.0,20.20,1.703
762,408.9,202.7,267.0,20.20,1.703
762,408.9,202.4,267.0,20.20,1.703
762,408.9,202.2,267.0,20.20,1.703
762,408.9,201.9,267.0,20.20,1.703
762,408.9,201.6,267.0,20.20,1.703
762,408.9,201.3,267.0,20.20,1.703
762,408.9,201.1,267.0,20.20,1.703
762,408.9,200.8,267.0,20.20,1.703
762,408.9,200.5,267.0,20.20,1.703
762,408.9,200.2,267.0,20.20,1.703
762,408.9,200.0,267.0,20.20,1.703
762,408.9,199.7,267.0,20.20,1.703
762,408.9,199.4,267.0,20.20,1.703
762,408.9,199.1,267.0,20.20,1.703
762,408.9,198.9,267.0,20.20,1.703
762,408.9,198.6,267.0,20.20,1.703
762,408.9,198.3,267.0,20.20,1.703
762,408.9,198.0,267.0,20.20,1.703
762,408.9,197.8,267.0,20.20,1.703
762,408.9,197.5,267.0,20.20,1.703
762,408.9,197.2,267.0,20.20,1.703
762,408.9,196.9,267.0,20.20,1.703
762,408.9,196.7,267.0,20.20,1.703
762,408.9,196.4,267.0,20.20,1.703
762,408.9,196.1,267.0,20.20,1.703
762,408.9,195.8,267.0,20.20,1.703
762,408.9,195.6,267.0,20.20,1.703
762,408.9,195.3,267.0,20.20,1.703
762,408.9,195.0,267.0,20.20,1.703
762,408.9,194.7,267.0,20.20,1.703
762,408.9,194.5,267.0,20.20,1.703
762,408.9,194.2,267.0,20.20,1.703
762,408.9,193.9,267.0,20.20,1.703
762,408.9,193.6,267.0,20.20,1.703
762,408.9,193.4,267.0,20.20,1.703
762,408.9,193.1,267.0,20.20,1.703
762,408.9,192.8,267.0,20.20,1.703
762,408.9,192.5,267.0,20.20,1.703
762,408.9,192.3,267.0,20.20,1.703
762,408.9,192.0,267.0,20.26,1.703
762,408.9,191.7,267.0,20.26,1.615
762,408.9,191.4,267.0,20.26,1.615
762,408.9,191.2,267.0,20.26,1.615
762,408.9,190.9,267.0,20.26,1.615
762,408.9,190.6,267.0,20.26,1.615
762,408.9,193.3,267.0,20.20,1.615
762,408.9,193.0,267.0,20.20,1.703
762,408.9,192.7,267.0,20.20,1.703
762,408.9,192.5,267.0,20.20,1.703
762,408.9,192.2,267.0,20.20,1.703
762,408.9,191.9,267.0,20.26,1.703
762,408.9,191.6,267.0,20.26,1.615
762,408.9,191.3,267.0,20.26,1.615
762,408.9,191.1,267.0,20.26,1.615
762,408.9,190.8,267.0,20.26,1.615
762,408.9,190.5,267.0,20.26,1.615
762,408.9,193.2,267.0,20.20,1.615
762,408.9,192.9,267.0,20.20,1.703
762,408.9,192.6,267.0,20.20,1.703
762,408.9,192.4,267.0,20.20,1.703
762,408.9,192.1,267.0,20.20,1.703
762,408.9,194.8,267.0,20.20,1.703
762,408.9,194.5,267.0,20.20,1.703
762,408.9,194.2,267.0,20.20,1.703
762,408.9,193.9,267.0,20.20,1.703
762,408.9,193.7,267.0,20.20,1.703
762,408.9,193.4,267.0,20.20,1.703
762,408.9,193.1,267.0,20.20,1.703
762,408.9,192.8,267.0,20.20,1.703
762,408.9,192.6,267.0,20.20,1.703
762,408.9,192.3,267.0,20.20,1.703
762,408.9,192.0,267.0,20.20,1.703
762,408.9,194.7,267.0,20.20,1.703
762,408.9,194.4,267.0,20.20,1.703
762,408.9,194.1,267.0,20.20,1.703
762,408.9,193.9,267.0,20.20,1.703
762,408.9,193.6,267.0,20.20,1.703
762,408.9,193.3,267.0,20.20,1.703
762,408.9,193.0,267.0,20.20,1.703
762,408.9,192.8,267.0,20.20,1.703
762,408.9,192.5,267.0,20.20,1.703
762,408.9,192.2,267.0,20.20,1.703
762,408.9,191.9,267.0,20.26,1.703
762,408.9,191.7,267.0,20.26,1.615
762,408.9,191.4,267.0,20.26,1.615
762,408.9,191.1,267.0,20.26,1.615
762,408.9,190.8,267.0,20.26,1.615
762,408.9,190.6,267.0,20.26,1.615
762,408.9,193.2,267.0,20.20,1.615
762,408.9,192.9,267.0,20.20,1.703
762,408.9,192.7,267.0,20.20,1.703
762,408.9,192.4,267.0,20.20,1.703
762,408.9,192.1,267.0,20.20,1.703
762,408.9,194.8,267.0,20.20,1.703
762,408.9,194.5,267.0,20.20,1.703
762,408.9,194.2,267.0,20.20,1.703
762,408.9,194.0,267.0,20.20,1.703
762,408.9,193.7,267.0,20.20,1.703
762,408.9,193.4,267.0,20.20,1.703
762,408.9,193.2,267.0,20.20,1.703
762,408.9,192.9,267.0,20.20,1.703
762,408.9,192.6,267.0,20.20,1.703
762,408.9,192.3,267.0,20.20,1.703
762,408.9,192.1,267.0,20.20,1.703
762,408.9,194.7,267.0,20.20,1.703
762,408.9,194.4,267.0,20.20,1.703
762,408.9,194.2,267.0,20.20,1.703
762,408.9,193.9,267.0,20.20,1.703
762,408.9,193.6,267.0,20.20,1.703
762,408.9,193.3,267.0,20.20,1.703
762,408.9,193.1,267.0,20.20,1.703
762,408.9,192.8,267.0,20.20,1.703
762,408.9,192.5,267.0,20.20,1.703
762,408.9,192.2,267.0,20.20,1.703
762,408.9,192.0,267.0,20.26,1.703
762,408.9,191.7,267.0,20.26,1.615
762,408.9,191.4,267.0,20.26,1.615
762,408.9,191.1,267.0,20.26,1.615
762,408.9,190.9,267.0,20.26,1.615
762,408.9,190.6,267.0,20.26,1.615
762,408.9,193.3,267.0,20.20,1.615
762,408.9,193.0,267.0,20.20,1.703
762,408.9,192.7,267.0,20.20,1.703
762,408.9,192.4,267.0,20.20,1.703
762,408.9,192.2,267.0,20.20,1.703
762,408.9,191.9,267.0,20.26,1.703
762,408.9,191.6,267.0,20.26,1.615
762,408.9,191.3,267.0,20.26,1.615
762,408.9,191.1,267.0,20.26,1.615
762,408.9,190.8,267.0,20.26,1.615
762,408.9,190.5,267.0,20.26,1.615
762,408.9,193.2,267.0,20.20,1.615
762,408.9,192.9,267.0,20.20,1.703
762,408.9,192.6,267.0,20.20,1.703
762,408.9,192.3,267.0,20.20,1.703
762,408.9,192.1,267.0,20.20,1.703
762,408.9,194.8,267.0,20.20,1.703
762,408.9,194.5,267.0,20.20,1.703
762,408.9,194.2,267.0,20.20,1.703
762,408.9,193.9,267.0,20.20,1.703
762,408.9,193.7,267.0,20.20,1.703
762,408.9,193.4,267.0,20.20,1.703
762,408.9,193.1,267.0,20.20,1.703
762,408.9,192.8,267.0,20.20,1.703
762,408.9,192.6,267.0,20.20,1.703
762,408.9,192.3,267.0,20.20,1.703
762,408.9,192.0,267.0,20.20,1.703
762,408.9,191.7,267.0,20.26,1.615
762,408.9,191.5,267.0,20.26,1.615
768,443.0,229.4,262.7,23.22,0.495
768,439.3,226.9,260.2,19.83,0.647
768,434.9,225.0,253.3,19.83,1.041
768,431.3,223.7,248.1,21.46,1.041
768,427.2,221.4,247.5,21.46,0.591
768,423.1,219.1,246.9,21.46,0.591
768,419.1,216.7,246.3,20.79,0.591
768,417.0,214.4,250.7,20.81,0.625
768,414.4,211.5,259.8,20.42,0.664
768,411.4,208.4,267.0,20.33,1.238
768,408.5,205.3,267.0,20.33,1.595
768,408.5,205.0,267.0,20.33,1.595
768,408.5,204.7,267.0,20.33,1.595
768,408.5,204.5,267.0,20.33,1.595
768,408.5,204.2,267.0,20.33,1.595
768,408.5,203.9,267.0,20.20,1.595
768,408.5,203.6,267.0,20.20,1.703
768,408.5,203.4,267.0,20.20,1.703
768,408.5,203.1,267.0,20.20,1.703
768,408.5,202.8,267.0,20.20,1.703
768,408.5,202.5,267.0,20.20,1.703
768,408.5,202.2,267.0,20.20,1.703
768,408.5,202.0,267.0,20.20,1.703
768,408.5,201.7,267.0,20.20,1.703
768,408.5,201.4,267.0,20.20,1.703
768,408.5,201.1,267.0,20.20,1.703
768,408.5,200.9,267.0,20.20,1.703
768,408.5,200.6,267.0,20.20,1.703
768,408.5,200.3,267.0,20.20,1.703
768,408.5,200.0,267.0,20.20,1.703
768,408.5,199.8,267.0,20.20,1.703
768,408.5,199.5,267.0,20.20,1.703
768,408.5,199.2,267.0,20.20,1.703
768,408.5,198.9,267.0,20.20,1.703
768,408.5,198.7,267.0,20.20,1.703
768,408.5,198.4,267.0,20.20,1.703
768,408.5,198.1,267.0,20.20,1.703
768,408.5,197.8,267.0,20.20,1.703
768,408.5,197.6,267.0,20.20,1.703
768,408.5,197.3,267.0,20.20,1.703
768,408.5,197.0,267.0,20.20,1.703
768,408.5,196.7,267.0,20.20,1.703
768,408.5,196.5,267.0,20.20,1.703
768,408.5,196.2,267.0,20.20,1.703
768,408.5,195.9,267.0,20.20,1.703
768,408.5,195.6,267.0,20.20,1.703
768,408.5,195.4,267.0,20.20,1.703
768,408.5,195.1,267.0,20.20,1.703
768,408.5,194.8,267.0,20.20,1.703
768,408.5,194.5,267.0,20.20,1.703
768,408.5,194.3,267.0,20.20,1.703
768,408.5,194.0,267.0,20.20,1.703
768,408.5,193.7,267.0,20.20,1.703
768,408.5,193.4,267.0,20.20,1.703
768,408.5,193.2,267.0,20.20,1.703
768,408.5,192.9,267.0,20.20,1.703
768,408.5,192.6,267.0,20.20,1.703
768,408.5,192.3,267.0,20.20,1.703
768,408.5,192.1,267.0,20.20,1.703
768,408.5,194.7,267.0,20.20,1.703
768,408.5,194.5,267.0,20.20,1.703
768,408.5,194.2,267.0,20.20,1.703
768,408.5,193.9,267.0,20.20,1.703
768,408.5,193.6,267.0,20.20,1.703
768,408.5,193.4,267.0,20.20,1.703
768,408.5,193.1,267.0,20.20,1.703
768,408.5,192.8,267.0,20.20,1.703
768,408.5,192.5,267.0,20.20,1.703
768,408.5,192.3,267.0,20.20,1.703
768,408.5,192.0,267.0,20.26,1.703
768,408.5,191.7,267.0,20.26,1.615
768,408.5,191.4,267.0,20.26,1.615
768,408.5,191.2,267.0,20.26,1.615
768,408.5,190.9,267.0,20.26,1.615
768,408.5,190.6,267.0,20.26,1.615
768,408.5,193.3,267.0,20.20,1.615
768,408.5,193.0,267.0,20.20,1.703
768,408.5,192.7,267.0,20.20,1.703
768,408.5,192.5,267.0,20.20,1.703
768,408.5,192.2,267.0,20.20,1.703
768,408.5,191.9,267.0,20.26,1.703
768,408.5,191.6,267.0,20.26,1.615
768,408.5,191.3,267.0,20.26,1.615
768,408.5,191.1,267.0,20.26,1.615
768,408.5,190.8,267.0,20.26,1.615
768,408.5,190.5,267.0,20.26,1.615
768,408.5,193.2,267.0,20.20,1.615
768,408.5,192.9,267.0,20.20,1.703
768,408.5,192.7,267.0,20.20,1.703
768,408.5,192.4,267.0,20.20,1.703
768,408.5,192.1,267.0,20.20,1.703
768,408.5,194.8,267.0,20.20,1.703
768,408.5,194.5,267.0,20.20,1.703
768,408.5,194.2,267.0,20.20,1.703
768,408.5,193.9,267.0,20.20,1.703
768,408.5,193.7,267.0,20.20,1.703
768,408.5,193.4,267.0,20.20,1.703
768,408.5,193.1,267.0,20.20,1.703
768,408.5,192.8,267.0,20.20,1.703
768,408.5,192.6,267.0,20.20,1.703
768,408.5,192.3,267.0,20.20,1.703
768,408.5,192.0,267.0,20.20,1.703
768,408.5,194.7,267.0,20.20,1.703
768,408.5,194.4,267.0,20.20,1.703
768,408.5,194.1,267.0,20.20,1.703
768,408.5,193.9,267.0,20.20,1.703
768,408.5,193.6,267.0,20.20,1.703
768,408.5,193.3,267.0,20.20,1.703
768,408.5,193.0,267.0,20.20,1.703
768,408.5,192.8,267.0,20.20,1.703
768,408.5,192.5,267.0,20.20,1.703
768,408.5,192.2,267.0,20.20,1.703
768,408.5,191.9,267.0,20.26,1.703
768,408.5,191.7,267.0,20.26,1.615
768,408.5,191.4,267.0,20.26,1.615
768,408.5,191.1,267.0,20.26,1.615
768,408.5,190.8,267.0,20.26,1.615
768,408.5,190.6,267.0,20.26,1.615
768,408.5,193.2,267.0,20.20,1.615
768,408.5,192.9,267.0,20.20,1.703
768,408.5,192.7,267.0,20.20,1.703
768,408.5,192.4,267.0,20.20,1.703
768,408.5,192.1,267.0,20.20,1.703
768,408.5,194.8,267.0,20.20,1.703
768,408.5,194.5,267.0,20.20,1.703
768,408.5,194.2,267.0,20.20,1.703
768,408.5,194.0,267.0,20.20,1.703
768,408.5,193.7,267.0,20.20,1.703
768,408.5,193.4,267.0,20.20,1.703
768,408.5,193.2,267.0,20.20,1.703
768,408.5,192.9,267.0,20.20,1.703
768,408.5,192.6,267.0,20.20,1.703
768,408.5,192.3,267.0,20.20,1.703
768,408.5,192.1,267.0,20.20,1.703
768,408.5,194.7,267.0,20.20,1.703
768,408.5,194.4,267.0,20.20,1.703
768,408.5,194.2,267.0,20.20,1.703
768,408.5,193.9,267.0,20.20,1.703
768,408.5,193.6,267.0,20.20,1.703
768,408.5,193.3,267.0,20.20,1.703
768,408.5,193.1,267.0,20.20,1.703
768,408.5,192.8,267.0,20.20,1.703
768,408.5,192.5,267.0,20.20,1.703
768,408.5,192.2,267.0,20.20,1.703
768,408.5,192.0,267.0,20.26,1.703
768,408.5,191.7,267.0,20.26,1.615
768,408.5,191.4,267.0,20.26,1.615
768,408.5,191.1,267.0,20.26,1.615
768,408.5,190.9,267.0,20.26,1.615
768,408.5,190.6,267.0,20.26,1.615
768,408.5,193.3,267.0,20.20,1.615
768,408.5,193.0,267.0,20.20,1.703
768,408.5,192.7,267.0,20.20,1.703
768,408.5,192.4,267.0,20.20,1.703
768,408.5,192.2,267.0,20.20,1.703
768,408.5,191.9,267.0,20.26,1.703
768,408.5,191.6,267.0,20.26,1.615
768,408.5,191.3,267.0,20.26,1.615
768,408.5,191.1,267.0,20.26,1.615
768,408.5,190.8,267.0,20.26,1.615
774,396.8,248.9,259.3,20.72,0.370
774,396.8,245.6,254.3,20.72,0.742
774,396.8,242.9,250.8,21.99,0.742
774,396.8,240.2,247.3,21.99,0.553
774,396.8,234.7,245.8,20.28,0.553
774,396.8,229.2,244.3,20.28,0.710
774,396.8,224.7,246.6,20.49,0.710
774,396.8,220.2,248.9,20.49,0.632
774,396.8,215.7,251.2,20.70,0.632
774,396.8,212.7,261.1,20.30,0.680
774,396.8,209.6,267.0,20.21,1.298
774,396.8,206.4,267.0,20.21,1.690
774,396.8,203.3,267.0,20.33,1.690
774,396.8,203.0,267.0,20.33,1.844
774,396.8,202.8,267.0,20.33,1.844
774,396.8,202.5,267.0,20.33,1.844
774,396.8,202.2,267.0,20.33,1.844
774,396.8,201.9,267.0,20.33,1.844
774,396.8,201.7,267.0,20.33,1.844
774,396.8,201.4,267.0,20.33,1.844
774,396.8,201.1,267.0,20.33,1.844
774,396.8,200.8,267.0,20.33,1.844
774,396.8,200.6,267.0,20.33,1.844
774,396.8,200.3,267.0,20.33,1.844
774,396.8,200.0,267.0,20.33,1.844
774,396.8,199.7,267.0,20.33,1.844
774,396.8,199.5,267.0,20.33,1.844
774,396.8,199.2,267.0,20.33,1.844
774,396.8,198.9,267.0,20.33,1.844
774,396.8,198.6,267.0,20.33,1.844
774,396.8,198.4,267.0,20.33,1.844
774,396.8,198.1,267.0,20.33,1.844
774,396.8,197.8,267.0,20.33,1.844
774,396.8,197.5,267.0,20.33,1.844
774,396.8,197.3,267.0,20.33,1.844
774,396.8,197.0,267.0,20.33,1.844
774,396.8,196.7,267.0,20.33,1.844
774,396.8,196.4,267.0,20.33,1.844
774,396.8,196.2,267.0,20.33,1.844
774,396.8,195.9,267.0,20.33,1.844
774,396.8,195.6,267.0,20.33,1.844
774,396.8,195.3,267.0,20.33,1.844
774,396.8,195.0,267.0,20.33,1.844
774,396.8,194.8,267.0,20.33,1.844
774,396.8,194.5,267.0,20.33,1.844
774,396.8,194.2,267.0,20.33,1.844
774,396.8,193.9,267.0,20.33,1.844
774,396.8,193.7,267.0,20.33,1.844
774,396.8,193.4,267.0,20.33,1.844
774,396.8,193.1,267.0,20.33,1.844
774,396.8,192.9,267.0,20.33,1.844
774,396.8,192.6,267.0,20.33,1.844
774,396.8,192.3,267.0,20.33,1.844
774,396.8,192.0,267.0,20.33,1.844
774,396.8,194.7,267.0,20.33,1.844
774,396.8,194.4,267.0,20.33,1.844
774,396.8,194.2,267.0,20.33,1.844
774,396.8,193.9,267.0,20.33,1.844
774,396.8,193.6,267.0,20.33,1.844
774,396.8,193.3,267.0,20.33,1.844
774,396.8,193.1,267.0,20.33,1.844
774,396.8,192.8,267.0,20.33,1.844
774,396.8,192.5,267.0,20.33,1.844
774,396.8,192.2,267.0,20.33,1.844
774,396.8,191.9,267.0,19.96,1.844
774,396.8,191.7,267.0,19.96,1.720
774,396.8,191.4,267.0,19.96,1.720
774,396.8,191.1,267.0,19.96,1.720
774,396.8,190.8,267.0,19.96,1.720
774,396.8,190.6,267.0,19.96,1.720
774,396.8,193.2,267.0,20.33,1.720
774,396.8,193.0,267.0,20.33,1.844
774,396.8,192.7,267.0,20.33,1.844
774,396.8,192.4,267.0,20.33,1.844
774,396.8,192.1,267.0,20.33,1.844
774,396.8,191.9,267.0,19.96,1.844
774,396.8,191.6,267.0,19.96,1.720
774,396.8,191.3,267.0,19.96,1.720
774,396.8,191.0,267.0,19.96,1.720
774,396.8,190.8,267.0,19.96,1.720
774,396.8,190.5,267.0,19.96,1.720
774,396.8,193.2,267.0,20.33,1.720
774,396.8,192.9,267.0,20.33,1.844
774,396.8,192.6,267.0,20.33,1.844
774,396.8,192.3,267.0,20.33,1.844
774,396.8,192.1,267.0,20.33,1.844
774,396.8,194.7,267.0,20.33,1.844
774,396.8,194.5,267.0,20.33,1.844
774,396.8,194.2,267.0,20.33,1.844
774,396.8,193.9,267.0,20.33,1.844
774,396.8,193.6,267.0,20.33,1.844
774,396.8,193.3,267.0,20.33,1.844
774,396.8,193.1,267.0,20.33,1.844
774,396.8,192.8,267.0,20.33,1.844
774,396.8,192.5,267.0,20.33,1.844
774,396.8,192.2,267.0,20.33,1.844
774,396.8,192.0,267.0,19.96,1.844
774,396.8,191.7,267.0,19.96,1.720
774,396.8,191.4,267.0,19.96,1.720
774,396.8,191.2,267.0,19.96,1.720
774,396.8,190.9,267.0,19.96,1.720
774,396.8,190.6,267.0,19.96,1.720
774,396.8,193.3,267.0,20.33,1.720
774,396.8,193.0,267.0,20.33,1.844
774,396.8,192.7,267.0,20.33,1.844
774,396.8,192.5,267.0,20.33,1.844
774,396.8,192.2,267.0,20.33,1.844
774,396.8,191.9,267.0,19.96,1.844
774,396.8,191.6,267.0,19.96,1.720
774,396.8,191.3,267.0,19.96,1.720
774,396.8,191.1,267.0,19.96,1.720
774,396.8,190.8,267.0,19.96,1.720
774,396.8,190.5,267.0,19.96,1.720
774,396.8,193.2,267.0,20.33,1.720
774,396.8,192.9,267.0,20.33,1.844
774,396.8,192.6,267.0,20.33,1.844
774,396.8,192.4,267.0,20.33,1.844
774,396.8,192.1,267.0,20.33,1.844
774,396.8,194.8,267.0,20.33,1.844
774,396.8,194.5,267.0,20.33,1.844
774,396.8,194.2,267.0,20.33,1.844
774,396.8,193.9,267.0,20.33,1.844
774,396.8,193.7,267.0,20.33,1.844
774,396.8,193.4,267.0,20.33,1.844
774,396.8,193.1,267.0,20.33,1.844
774,396.8,192.8,267.0,20.33,1.844
774,396.8,192.6,267.0,20.33,1.844
774,396.8,192.3,267.0,20.33,1.844
774,396.8,192.0,267.0,20.33,1.844
774,396.8,194.7,267.0,20.33,1.844
774,396.8,194.4,267.0,20.33,1.844
774,396.8,194.1,267.0,20.33,1.844
774,396.8,193.9,267.0,20.33,1.844
774,396.8,193.6,267.0,20.33,1.844
774,396.8,193.3,267.0,20.33,1.844
774,396.8,193.0,267.0,20.33,1.844
774,396.8,192.8,267.0,20.33,1.844
774,396.8,192.5,267.0,20.33,1.844
774,396.8,192.2,267.0,20.33,1.844
774,396.8,191.9,267.0,19.96,1.844
774,396.8,191.7,267.0,19.96,1.720
774,396.8,191.4,267.0,19.96,1.720
774,396.8,191.1,267.0,19.96,1.720
774,396.8,190.8,267.0,19.96,1.720
774,396.8,190.6,267.0,19.96,1.720
774,396.8,193.2,267.0,20.33,1.720
774,396.8,192.9,267.0,20.33,1.844
774,396.8,192.7,267.0,20.33,1.844
774,396.8,192.4,267.0,20.33,1.844
774,396.8,192.1,267.0,20.33,1.844
774,396.8,194.8,267.0,20.33,1.844
774,396.8,194.5,267.0,20.33,1.844
774,396.8,194.2,267.0,20.33,1.844
774,396.8,194.0,267.0,20.33,1.844
774,396.8,193.7,267.0,20.33,1.844
774,396.8,193.4,267.0,20.33,1.844
774,396.8,193.1,267.0,20.33,1.844
774,396.8,192.9,267.0,20.33,1.844
774,396.8,192.6,267.0,20.33,1.844
774,396.8,192.3,267.0,20.33,1.844
780,402.9,154.0,260.0,22.43,0.833
780,402.9,157.1,254.9,18.81,0.739
780,402.9,161.2,249.2,20.37,1.126
780,402.9,165.5,243.5,20.37,0.886
780,402.9,169.6,237.8,20.85,0.886
780,402.9,172.2,234.2,20.85,0.552
780,402.9,174.7,230.6,20.85,0.552
780,402.9,177.2,226.9,21.15,0.552
780,402.9,178.9,222.7,21.15,0.574
780,402.9,180.6,218.4,21.00,0.574
780,402.9,181.2,215.7,21.09,0.343
780,402.9,181.5,212.0,21.09,0.472
780,402.9,181.9,208.2,21.09,0.472
780,402.9,182.2,204.4,21.09,0.472
780,402.9,182.4,199.9,21.14,0.472
780,402.9,182.7,195.4,21.14,0.564
780,402.9,182.9,190.9,21.20,0.564
780,402.9,183.0,185.9,21.20,0.626
780,402.9,183.1,180.9,21.20,0.626
780,402.9,183.1,175.3,21.25,0.626
780,402.9,183.2,169.6,21.25,0.704
780,402.9,183.2,163.8,21.27,0.704
780,402.9,183.2,158.0,21.27,0.730
780,402.9,183.1,152.0,21.29,0.730
780,402.9,183.1,145.9,21.29,0.752
780,402.9,183.1,139.8,21.31,0.752
780,402.9,183.0,133.6,21.31,0.771
780,402.9,182.9,127.3,21.33,0.771
780,402.9,182.9,121.0,21.33,0.788
780,402.9,182.7,114.5,21.35,0.788
780,402.9,182.6,108.0,21.37,0.815
780,402.9,182.5,101.4,21.37,0.826
780,402.9,182.3,94.8,21.38,0.826
780,402.9,182.2,88.1,21.38,0.833
780,402.9,182.0,81.4,21.39,0.833
780,402.9,181.9,74.7,21.39,0.836
780,402.9,181.7,68.1,21.41,0.836
780,402.9,181.6,61.4,21.41,0.832
780,402.9,181.5,55.1,21.42,0.832
780,402.9,181.4,48.9,21.42,0.785
780,402.9,181.4,43.0,21.43,0.785
780,402.9,181.4,37.2,21.43,0.730
780,402.9,181.5,32.1,21.44,0.730
780,402.9,181.5,26.9,21.44,0.641
780,402.9,181.6,21.8,21.45,0.641
780,402.9,181.9,17.8,21.45,0.502
780,402.9,182.1,13.8,21.45,0.502
780,402.9,182.6,11.1,21.51,0.502
780,402.9,183.0,8.4,21.51,0.342
780,402.9,183.5,5.7,21.51,0.342
780,402.9,183.9,3.0,21.51,0.342
780,402.9,184.4,3.0,21.51,0.342
780,402.9,184.8,3.0,21.51,0.342
780,402.9,185.3,3.0,21.51,0.342
780,402.9,185.7,3.0,21.51,0.342
780,402.9,186.2,3.0,21.51,0.342
780,402.9,186.6,3.0,21.51,0.342
780,402.9,187.1,3.0,21.51,0.342
780,402.9,187.5,3.0,21.51,0.342
780,402.9,188.0,3.0,21.51,0.342
780,402.9,188.4,3.0,21.51,0.342
780,402.9,188.9,3.0,21.51,0.342
780,402.9,189.3,3.0,21.51,0.342
780,402.9,189.8,3.0,21.51,0.342
780,402.9,190.2,3.0,21.51,0.342
780,402.9,190.7,3.0,21.51,0.342
780,402.9,191.1,3.0,21.51,0.342
780,402.9,191.6,3.0,21.51,0.342
780,402.9,192.0,3.0,21.61,0.342
780,402.9,193.4,3.0,21.61,0.361
780,402.9,194.7,3.0,21.61,0.361
780,402.9,196.1,3.0,21.61,0.361
780,402.9,197.4,3.0,21.61,0.361
780,402.9,198.8,3.0,21.61,0.361
780,402.9,200.1,3.0,21.61,0.361
780,402.9,201.4,3.0,21.61,0.361
780,402.9,202.8,3.0,21.61,0.361
780,402.9,204.1,3.0,21.84,0.361
780,402.9,206.3,3.0,21.84,0.395
780,402.9,208.4,3.0,21.84,0.395
780,402.9,210.6,3.0,21.84,0.395
780,402.9,212.7,3.0,21.84,0.395
780,402.9,214.9,3.0,21.84,0.395
780,402.9,217.0,3.0,22.13,0.395
780,402.9,219.9,3.0,22.13,0.433
780,402.9,222.7,3.0,22.13,0.433
780,402.9,225.6,3.0,22.13,0.433
780,402.9,228.4,3.0,22.42,0.433
780,402.9,231.7,3.0,22.42,0.461
780,402.9,235.0,3.0,22.42,0.461
780,402.9,238.4,3.0,22.42,0.461
780,402.9,242.0,3.0,22.79,0.461
780,402.9,245.6,3.0,22.79,0.468
780,402.9,249.2,3.0,22.79,0.468
780,402.9,252.8,3.0,23.09,0.468
780,402.9,256.4,3.0,23.09,0.452
780,402.9,259.9,3.0,23.09,0.452
780,402.9,263.4,3.0,23.09,0.452
780,402.9,266.8,3.0,23.25,0.452
780,402.9,270.2,3.0,23.25,0.431
780,402.9,273.6,3.0,23.25,0.431
780,402.9,277.0,3.0,23.40,0.431
780,402.9,280.3,3.0,23.40,0.409
780,402.9,283.5,3.0,23.40,0.409
780,402.9,286.8,3.0,23.40,0.409
780,402.9,289.8,3.0,23.54,0.409
780,402.9,292.9,3.0,23.54,0.385
780,402.9,295.9,3.0,23.54,0.385
780,402.9,299.0,3.0,23.54,0.385
780,402.9,301.8,3.0,23.68,0.385
780,402.9,304.7,3.0,23.68,0.361
780,402.9,307.6,3.0,23.68,0.361
780,402.9,310.4,3.0,23.68,0.361
780,402.9,313.3,3.0,23.80,0.361
780,402.9,316.0,3.0,23.80,0.339
780,402.9,318.7,3.0,23.80,0.339
780,402.9,321.4,3.0,23.80,0.339
780,402.9,324.1,3.0,23.91,0.339
780,402.9,326.7,3.0,23.91,0.319
780,402.9,329.2,3.0,23.91,0.319
780,402.9,331.8,3.0,23.91,0.319
780,402.9,334.3,3.0,23.91,0.319
780,402.9,336.9,3.0,24.01,0.319
780,402.9,339.3,3.0,24.01,0.302
780,402.9,341.7,3.0,24.01,0.302
780,402.9,344.1,3.0,24.01,0.302
780,402.9,346.5,3.0,24.01,0.302
780,402.9,348.9,3.0,24.10,0.302
780,402.9,351.2,3.0,24.10,0.287
780,402.9,353.5,3.0,24.10,0.287
780,402.9,355.8,3.0,24.10,0.287
780,402.9,358.1,3.0,24.10,0.287
780,402.9,360.4,3.0,24.19,0.287
780,402.9,362.6,3.0,24.19,0.274
780,402.9,364.8,3.0,24.19,0.274
780,402.9,367.0,3.0,24.19,0.274
780,402.9,369.2,3.0,24.19,0.274
780,402.9,371.4,3.0,24.19,0.274
780,402.9,373.5,3.0,24.26,0.274
780,402.9,375.6,3.0,24.26,0.262
780,402.9,377.6,3.0,24.26,0.262
780,402.9,379.8,3.0,24.26,0.262
780,402.9,381.8,3.0,24.26,0.262
780,402.9,383.9,3.0,24.26,0.262
780,402.9,385.9,3.0,24.33,0.262
780,402.9,388.0,3.0,24.33,0.252
780,402.9,390.0,3.0,24.33,0.252
780,402.9,392.0,3.0,24.33,0.252
780,402.9,394.0,3.0,24.33,0.252
780,402.9,396.0,3.0,24.40,0.252
780,402.9,397.9,3.0,24.40,0.242
780,402.9,399.9,3.0,24.40,0.242
780,402.9,401.8,3.0,24.40,0.242
780,402.9,403.7,3.0,24.40,0.242
780,402.9,405.7,3.0,24.40,0.242
780,402.9,407.6,3.0,24.40,0.242
780,402.9,409.5,3.0,24.46,0.242
780,402.9,411.3,3.0,24.46,0.233
780,402.9,413.2,3.0,24.46,0.233
780,402.9,415.0,3.0,24.46,0.233
786,408.3,234.2,264.5,19.47,0.838
786,408.3,227.5,263.8,20.30,0.891
786,408.3,222.3,267.0,20.21,1.018
786,408.3,217.1,267.0,20.21,1.250
786,408.3,214.0,267.0,20.33,1.250
786,408.3,210.9,267.0,20.33,1.595
786,408.3,207.7,267.0,20.33,1.595
786,408.3,204.6,267.0,20.33,1.595
786,408.3,204.3,267.0,20.33,1.595
786,408.3,204.1,267.0,20.33,1.595
786,408.3,203.8,267.0,20.20,1.595
786,408.3,203.5,267.0,20.20,1.703
786,408.3,203.2,267.0,20.20,1.703
786,408.3,203.0,267.0,20.20,1.703
786,408.3,202.7,267.0,20.20,1.703
786,408.3,202.4,267.0,20.20,1.703
786,408.3,202.1,267.0,20.20,1.703
786,408.3,201.9,267.0,20.20,1.703
786,408.3,201.6,267.0,20.20,1.703
786,408.3,201.3,267.0,20.20,1.703
786,408.3,201.0,267.0,20.20,1.703
786,408.3,200.7,267.0,20.20,1.703
786,408.3,200.5,267.0,20.20,1.703
786,408.3,200.2,267.0,20.20,1.703
786,408.3,199.9,267.0,20.20,1.703
786,408.3,199.7,267.0,20.20,1.703
786,408.3,199.4,267.0,20.20,1.703
786,408.3,199.1,267.0,20.20,1.703
786,408.3,198.8,267.0,20.20,1.703
786,408.3,198.6,267.0,20.20,1.703
786,408.3,198.3,267.0,20.20,1.703
786,408.3,198.0,267.0,20.20,1.703
786,408.3,197.7,267.0,20.20,1.703
786,408.3,197.4,267.0,20.20,1.703
786,408.3,197.2,267.0,20.20,1.703
786,408.3,196.9,267.0,20.20,1.703
786,408.3,196.6,267.0,20.20,1.703
786,408.3,196.3,267.0,20.20,1.703
786,408.3,196.1,267.0,20.20,1.703
786,408.3,195.8,267.0,20.20,1.703
786,408.3,195.5,267.0,20.20,1.703
786,408.3,195.2,267.0,20.20,1.703
786,408.3,195.0,267.0,20.20,1.703
786,408.3,194.7,267.0,20.20,1.703
786,408.3,194.4,267.0,20.20,1.703
786,408.3,194.2,267.0,20.20,1.703
786,408.3,193.9,267.0,20.20,1.703
786,408.3,193.6,267.0,20.20,1.703
786,408.3,193.3,267.0,20.20,1.703
786,408.3,193.1,267.0,20.20,1.703
786,408.3,192.8,267.0,20.20,1.703
786,408.3,192.5,267.0,20.20,1.703
786,408.3,192.2,267.0,20.20,1.703
786,408.3,191.9,267.0,20.26,1.703
786,408.3,191.7,267.0,20.26,1.615
786,408.3,191.4,267.0,20.26,1.615
786,408.3,191.1,267.0,20.26,1.615
786,408.3,190.9,267.0,20.26,1.615
786,408.3,190.6,267.0,20.26,1.615
786,408.3,193.2,267.0,20.20,1.615
786,408.3,193.0,267.0,20.20,1.703
786,408.3,192.7,267.0,20.20,1.703
786,408.3,192.4,267.0,20.20,1.703
786,408.3,192.1,267.0,20.20,1.703
786,408.3,194.8,267.0,20.20,1.703
786,408.3,194.5,267.0,20.20,1.703
786,408.3,194.3,267.0,20.20,1.703
786,408.3,194.0,267.0,20.20,1.703
786,408.3,193.7,267.0,20.20,1.703
786,408.3,193.4,267.0,20.20,1.703
786,408.3,193.2,267.0,20.20,1.703
786,408.3,192.9,267.0,20.20,1.703
786,408.3,192.6,267.0,20.20,1.703
786,408.3,192.3,267.0,20.20,1.703
786,408.3,192.1,267.0,20.20,1.703
786,408.3,194.7,267.0,20.20,1.703
786,408.3,194.5,267.0,20.20,1.703
786,408.3,194.2,267.0,20.20,1.703
786,408.3,193.9,267.0,20.20,1.703
786,408.3,193.6,267.0,20.20,1.703
786,408.3,193.4,267.0,20.20,1.703
786,408.3,193.1,267.0,20.20,1.703
786,408.3,192.8,267.0,20.20,1.703
786,408.3,192.5,267.0,20.20,1.703
786,408.3,192.3,267.0,20.20,1.703
786,408.3,192.0,267.0,20.26,1.703
786,408.3,191.7,267.0,20.26,1.615
786,408.3,191.4,267.0,20.26,1.615
786,408.3,191.2,267.0,20.26,1.615
786,408.3,190.9,267.0,20.26,1.615
786,408.3,190.6,267.0,20.26,1.615
786,408.3,193.3,267.0,20.20,1.615
786,408.3,193.0,267.0,20.20,1.703
786,408.3,192.7,267.0,20.20,1.703
786,408.3,192.5,267.0,20.20,1.703
786,408.3,192.2,267.0,20.20,1.703
786,408.3,191.9,267.0,20.26,1.703
786,408.3,191.6,267.0,20.26,1.615
786,408.3,191.3,267.0,20.26,1.615
786,408.3,191.1,267.0,20.26,1.615
786,408.3,190.8,267.0,20.26,1.615
786,408.3,190.5,267.0,20.26,1.615
786,408.3,193.2,267.0,20.20,1.615
786,408.3,192.9,267.0,20.20,1.703
786,408.3,192.6,267.0,20.20,1.703
786,408.3,192.4,267.0,20.20,1.703
786,408.3,192.1,267.0,20.20,1.703
786,408.3,194.8,267.0,20.20,1.703
786,408.3,194.5,267.0,20.20,1.703
786,408.3,194.2,267.0,20.20,1.703
786,408.3,193.9,267.0,20.20,1.703
786,408.3,193.7,267.0,20.20,1.703
786,408.3,193.4,267.0,20.20,1.703
786,408.3,193.1,267.0,20.20,1.703
786,408.3,192.8,267.0,20.20,1.703
786,408.3,192.6,267.0,20.20,1.703
786,408.3,192.3,267.0,20.20,1.703
786,408.3,192.0,267.0,20.20,1.703
786,408.3,194.7,267.0,20.20,1.703
786,408.3,194.4,267.0,20.20,1.703
786,408.3,194.1,267.0,20.20,1.703
786,408.3,193.9,267.0,20.20,1.703
786,408.3,193.6,267.0,20.20,1.703
786,408.3,193.3,267.0,20.20,1.703
786,408.3,193.0,267.0,20.20,1.703
786,408.3,192.8,267.0,20.20,1.703
786,408.3,192.5,267.0,20.20,1.703
786,408.3,192.2,267.0,20.20,1.703
786,408.3,191.9,267.0,20.26,1.703
786,408.3,191.7,267.0,20.26,1.615
786,408.3,191.4,267.0,20.26,1.615
786,408.3,191.1,267.0,20.26,1.615
786,408.3,190.8,267.0,20.26,1.615
786,408.3,190.6,267.0,20.26,1.615
786,408.3,193.2,267.0,20.20,1.615
786,408.3,192.9,267.0,20.20,1.703
786,408.3,192.7,267.0,20.20,1.703
786,408.3,192.4,267.0,20.20,1.703
786,408.3,192.1,267.0,20.20,1.703
786,408.3,194.8,267.0,20.20,1.703
786,408.3,194.5,267.0,20.20,1.703
786,408.3,194.2,267.0,20.20,1.703
786,408.3,194.0,267.0,20.20,1.703
786,408.3,193.7,267.0,20.20,1.703
786,408.3,193.4,267.0,20.20,1.703
786,408.3,193.2,267.0,20.20,1.703
786,408.3,192.9,267.0,20.20,1.703
786,408.3,192.6,267.0,20.20,1.703
786,408.3,192.3,267.0,20.20,1.703
786,408.3,192.1,267.0,20.20,1.703
786,408.3,194.7,267.0,20.20,1.703
786,408.3,194.4,267.0,20.20,1.703
786,408.3,194.2,267.0,20.20,1.703
786,408.3,193.9,267.0,20.20,1.703
786,408.3,193.6,267.0,20.20,1.703
786,408.3,193.3,267.0,20.20,1.703
786,408.3,193.1,267.0,20.20,1.703
786,408.3,192.8,267.0,20.20,1.703
786,408.3,192.5,267.0,20.20,1.703
786,408.3,192.2,267.0,20.20,1.703
792,395.2,166.4,257.5,19.01,1.280
792,397.3,172.4,257.2,19.18,1.113
792,397.3,178.6,256.8,19.18,0.771
792,397.3,181.1,267.0,19.96,0.771
792,397.3,183.8,267.0,19.96,1.720
792,397.3,186.4,267.0,19.96,1.720
792,397.3,189.1,267.0,19.96,1.720
792,397.3,191.8,267.0,19.96,1.720
792,397.3,191.5,267.0,19.96,1.720
792,397.3,191.2,267.0,19.96,1.720
792,397.3,190.9,267.0,19.96,1.720
792,397.3,190.7,267.0,19.96,1.720
792,397.3,190.4,267.0,19.96,1.720
792,397.3,193.1,267.0,20.33,1.720
792,397.3,192.8,267.0,20.33,1.844
792,397.3,192.5,267.0,20.33,1.844
792,397.3,192.2,267.0,20.33,1.844
792,397.3,192.0,267.0,19.96,1.844
792,397.3,191.7,267.0,19.96,1.720
792,397.3,191.4,267.0,19.96,1.720
792,397.3,191.1,267.0,19.96,1.720
792,397.3,190.9,267.0,19.96,1.720
792,397.3,190.6,267.0,19.96,1.720
792,397.3,193.3,267.0,20.33,1.720
792,397.3,193.0,267.0,20.33,1.844
792,397.3,192.7,267.0,20.33,1.844
792,397.3,192.4,267.0,20.33,1.844
792,397.3,192.2,267.0,20.33,1.844
792,397.3,191.9,267.0,19.96,1.844
792,397.3,191.6,267.0,19.96,1.720
792,397.3,191.3,267.0,19.96,1.720
792,397.3,191.1,267.0,19.96,1.720
792,397.3,190.8,267.0,19.96,1.720
792,397.3,190.5,267.0,19.96,1.720
792,397.3,193.2,267.0,20.33,1.720
792,397.3,192.9,267.0,20.33,1.844
792,397.3,192.6,267.0,20.33,1.844
792,397.3,192.3,267.0,20.33,1.844
792,397.3,192.1,267.0,20.33,1.844
792,397.3,194.8,267.0,20.33,1.844
792,397.3,194.5,267.0,20.33,1.844
792,397.3,194.2,267.0,20.33,1.844
792,397.3,193.9,267.0,20.33,1.844
792,397.3,193.7,267.0,20.33,1.844
792,397.3,193.4,267.0,20.33,1.844
792,397.3,193.1,267.0,20.33,1.844
792,397.3,192.8,267.0,20.33,1.844
792,397.3,192.6,267.0,20.33,1.844
792,397.3,192.3,267.0,20.33,1.844
792,397.3,192.0,267.0,20.33,1.844
792,397.3,191.7,267.0,19.96,1.720
792,397.3,191.5,267.0,19.96,1.720
792,397.3,191.2,267.0,19.96,1.720
792,397.3,190.9,267.0,19.96,1.720
792,397.3,190.6,267.0,19.96,1.720
792,397.3,193.3,267.0,20.33,1.720
792,397.3,193.0,267.0,20.33,1.844
792,397.3,192.7,267.0,20.33,1.844
792,397.3,192.5,267.0,20.33,1.844
792,397.3,192.2,267.0,20.33,1.844
792,397.3,191.9,267.0,19.96,1.844
792,397.3,191.6,267.0,19.96,1.720
792,397.3,191.4,267.0,19.96,1.720
792,397.3,191.1,267.0,19.96,1.720
792,397.3,190.8,267.0,19.96,1.720
792,397.3,190.5,267.0,19.96,1.720
792,397.3,193.2,267.0,20.33,1.720
792,397.3,192.9,267.0,20.33,1.844
792,397.3,192.7,267.0,20.33,1.844
792,397.3,192.4,267.0,20.33,1.844
792,397.3,192.1,267.0,20.33,1.844
792,397.3,194.8,267.0,20.33,1.844
792,397.3,194.5,267.0,20.33,1.844
792,397.3,194.2,267.0,20.33,1.844
792,397.3,194.0,267.0,20.33,1.844
792,397.3,193.7,267.0,20.33,1.844
792,397.3,193.4,267.0,20.33,1.844
792,397.3,193.1,267.0,20.33,1.844
792,397.3,192.9,267.0,20.33,1.844
792,397.3,192.6,267.0,20.33,1.844
792,397.3,192.3,267.0,20.33,1.844
792,397.3,192.0,267.0,20.33,1.844
792,397.3,194.7,267.0,20.33,1.844
792,397.3,194.4,267.0,20.33,1.844
792,397.3,194.2,267.0,20.33,1.844
792,397.3,193.9,267.0,20.33,1.844
792,397.3,193.6,267.0,20.33,1.844
792,397.3,193.3,267.0,20.33,1.844
792,397.3,193.1,267.0,20.33,1.844
792,397.3,192.8,267.0,20.33,1.844
792,397.3,192.5,267.0,20.33,1.844
792,397.3,192.2,267.0,20.33,1.844
792,397.3,191.9,267.0,19.96,1.844
792,397.3,191.7,267.0,19.96,1.720
792,397.3,191.4,267.0,19.96,1.720
792,397.3,191.1,267.0,19.96,1.720
792,397.3,190.9,267.0,19.96,1.720
792,397.3,190.6,267.0,19.96,1.720
792,397.3,193.2,267.0,20.33,1.720
792,397.3,193.0,267.0,20.33,1.844
792,397.3,192.7,267.0,20.33,1.844
792,397.3,192.4,267.0,20.33,1.844
792,397.3,192.1,267.0,20.33,1.844
792,397.3,191.9,267.0,19.96,1.844
792,397.3,191.6,267.0,19.96,1.720
792,397.3,191.3,267.0,19.96,1.720
792,397.3,191.0,267.0,19.96,1.720
792,397.3,190.8,267.0,19.96,1.720
792,397.3,190.5,267.0,19.96,1.720
792,397.3,193.2,267.0,20.33,1.720
792,397.3,192.9,267.0,20.33,1.844
792,397.3,192.6,267.0,20.33,1.844
792,397.3,192.3,267.0,20.33,1.844
792,397.3,192.1,267.0,20.33,1.844
792,397.3,194.7,267.0,20.33,1.844
792,397.3,194.5,267.0,20.33,1.844
792,397.3,194.2,267.0,20.33,1.844
792,397.3,193.9,267.0,20.33,1.844
792,397.3,193.6,267.0,20.33,1.844
792,397.3,193.4,267.0,20.33,1.844
792,397.3,193.1,267.0,20.33,1.844
792,397.3,192.8,267.0,20.33,1.844
792,397.3,192.5,267.0,20.33,1.844
792,397.3,192.3,267.0,20.33,1.844
792,397.3,192.0,267.0,19.96,1.844
792,397.3,191.7,267.0,19.96,1.720
792,397.3,191.4,267.0,19.96,1.720
792,397.3,191.2,267.0,19.96,1.720
792,397.3,190.9,267.0,19.96,1.720
792,397.3,190.6,267.0,19.96,1.720
792,397.3,193.3,267.0,20.33,1.720
792,397.3,193.0,267.0,20.33,1.844
792,397.3,192.7,267.0,20.33,1.844
792,397.3,192.5,267.0,20.33,1.844
792,397.3,192.2,267.0,20.33,1.844
792,397.3,191.9,267.0,19.96,1.844
792,397.3,191.6,267.0,19.96,1.720
792,397.3,191.3,267.0,19.96,1.720
792,397.3,191.1,267.0,19.96,1.720
792,397.3,190.8,267.0,19.96,1.720
792,397.3,190.5,267.0,19.96,1.720
792,397.3,193.2,267.0,20.33,1.720
792,397.3,192.9,267.0,20.33,1.844
792,397.3,192.7,267.0,20.33,1.844
792,397.3,192.4,267.0,20.33,1.844
792,397.3,192.1,267.0,20.33,1.844
792,397.3,194.8,267.0,20.33,1.844
792,397.3,194.5,267.0,20.33,1.844
792,397.3,194.2,267.0,20.33,1.844
792,397.3,193.9,267.0,20.33,1.844
792,397.3,193.7,267.0,20.33,1.844
792,397.3,193.4,267.0,20.33,1.844
792,397.3,193.1,267.0,20.33,1.844
792,397.3,192.8,267.0,20.33,1.844
792,397.3,192.6,267.0,20.33,1.844
792,397.3,192.3,267.0,20.33,1.844
792,397.3,192.0,267.0,20.33,1.844
792,397.3,194.7,267.0,20.33,1.844
792,397.3,194.4,267.0,20.33,1.844
792,397.3,194.1,267.0,20.33,1.844
798,427.9,187.4,264.5,20.42,1.291
798,421.3,189.6,264.1,20.42,0.873
798,418.6,191.9,267.0,20.26,0.873
798,415.7,191.7,267.0,20.26,1.615
798,412.8,191.3,267.0,20.26,1.615
798,409.9,191.1,267.0,20.26,1.615
798,407.0,190.8,267.0,19.96,1.615
798,407.0,190.5,267.0,19.96,1.720
798,407.0,193.2,267.0,20.33,1.720
798,407.0,192.9,267.0,20.33,1.844
798,407.0,192.6,267.0,20.33,1.844
798,407.0,192.3,267.0,20.33,1.844
798,407.0,192.1,267.0,20.33,1.844
798,407.0,194.7,267.0,20.33,1.844
798,407.0,194.4,267.0,20.33,1.844
798,407.0,194.2,267.0,20.33,1.844
798,407.0,193.9,267.0,20.33,1.844
798,407.0,193.6,267.0,20.33,1.844
798,407.0,193.3,267.0,20.33,1.844
798,407.0,193.1,267.0,20.33,1.844
798,407.0,192.8,267.0,20.33,1.844
798,407.0,192.5,267.0,20.33,1.844
798,407.0,192.2,267.0,20.33,1.844
798,407.0,192.0,267.0,19.96,1.844
798,407.0,191.7,267.0,19.96,1.720
798,407.0,191.4,267.0,19.96,1.720
798,407.0,191.1,267.0,19.96,1.720
798,407.0,190.9,267.0,19.96,1.720
798,407.0,190.6,267.0,19.96,1.720
798,407.0,193.3,267.0,20.33,1.720
798,407.0,193.0,267.0,20.33,1.844
798,407.0,192.7,267.0,20.33,1.844
798,407.0,192.4,267.0,20.33,1.844
798,407.0,192.2,267.0,20.33,1.844
798,407.0,191.9,267.0,19.96,1.844
798,407.0,191.6,267.0,19.96,1.720
798,407.0,191.3,267.0,19.96,1.720
798,407.0,191.1,267.0,19.96,1.720
798,407.0,190.8,267.0,19.96,1.720
798,407.0,190.5,267.0,19.96,1.720
798,407.0,193.2,267.0,20.33,1.720
798,407.0,192.9,267.0,20.33,1.844
798,407.0,192.6,267.0,20.33,1.844
798,407.0,192.3,267.0,20.33,1.844
798,407.0,192.1,267.0,20.33,1.844
798,407.0,194.8,267.0,20.33,1.844
798,407.0,194.5,267.0,20.33,1.844
798,407.0,194.2,267.0,20.33,1.844
798,407.0,193.9,267.0,20.33,1.844
798,407.0,193.7,267.0,20.33,1.844
798,407.0,193.4,267.0,20.33,1.844
798,407.0,193.1,267.0,20.33,1.844
798,407.0,192.8,267.0,20.33,1.844
798,407.0,192.6,267.0,20.33,1.844
798,407.0,192.3,267.0,20.33,1.844
798,407.0,192.0,267.0,20.33,1.844
798,407.0,191.7,267.0,19.96,1.720
798,407.0,191.5,267.0,19.96,1.720
798,407.0,191.2,267.0,19.96,1.720
798,407.0,190.9,267.0,19.96,1.720
798,407.0,190.6,267.0,19.96,1.720
798,407.0,193.3,267.0,20.33,1.720
798,407.0,193.0,267.0,20.33,1.844
798,407.0,192.7,267.0,20.33,1.844
798,407.0,192.5,267.0,20.33,1.844
798,407.0,192.2,267.0,20.33,1.844
798,407.0,191.9,267.0,19.96,1.844
798,407.0,191.6,267.0,19.96,1.720
798,407.0,191.4,267.0,19.96,1.720
798,407.0,191.1,267.0,19.96,1.720
798,407.0,190.8,267.0,19.96,1.720
798,407.0,190.5,267.0,19.96,1.720
798,407.0,193.2,267.0,20.33,1.720
798,407.0,192.9,267.0,20.33,1.844
798,407.0,192.7,267.0,20.33,1.844
798,407.0,192.4,267.0,20.33,1.844
798,407.0,192.1,267.0,20.33,1.844
798,407.0,194.8,267.0,20.33,1.844
798,407.0,194.5,267.0,20.33,1.844
798,407.0,194.2,267.0,20.33,1.844
798,407.0,194.0,267.0,20.33,1.844
798,407.0,193.7,267.0,20.33,1.844
798,407.0,193.4,267.0,20.33,1.844
798,407.0,193.1,267.0,20.33,1.844
798,407.0,192.9,267.0,20.33,1.844
798,407.0,192.6,267.0,20.33,1.844
798,407.0,192.3,267.0,20.33,1.844
798,407.0,192.0,267.0,20.33,1.844
798,407.0,194.7,267.0,20.33,1.844
798,407.0,194.4,267.0,20.33,1.844
798,407.0,194.2,267.0,20.33,1.844
798,407.0,193.9,267.0,20.33,1.844
798,407.0,193.6,267.0,20.33,1.844
798,407.0,193.3,267.0,20.33,1.844
798,407.0,193.1,267.0,20.33,1.844
798,407.0,192.8,267.0,20.33,1.844
798,407.0,192.5,267.0,20.33,1.844
798,407.0,192.2,267.0,20.33,1.844
798,407.0,191.9,267.0,19.96,1.844
798,407.0,191.7,267.0,19.96,1.720
798,407.0,191.4,267.0,19.96,1.720
798,407.0,191.1,267.0,19.96,1.720
798,407.0,190.9,267.0,19.96,1.720
798,407.0,190.6,267.0,19.96,1.720
798,407.0,193.2,267.0,20.33,1.720
798,407.0,193.0,267.0,20.33,1.844
798,407.0,192.7,267.0,20.33,1.844
798,407.0,192.4,267.0,20.33,1.844
798,407.0,192.1,267.0,20.33,1.844
798,407.0,191.9,267.0,19.96,1.844
798,407.0,191.6,267.0,19.96,1.720
798,407.0,191.3,267.0,19.96,1.720
798,407.0,191.0,267.0,19.96,1.720
798,407.0,190.8,267.0,19.96,1.720
798,407.0,190.5,267.0,19.96,1.720
798,407.0,193.2,267.0,20.33,1.720
798,407.0,192.9,267.0,20.33,1.844
798,407.0,192.6,267.0,20.33,1.844
798,407.0,192.3,267.0,20.33,1.844
798,407.0,192.1,267.0,20.33,1.844
798,407.0,194.7,267.0,20.33,1.844
798,407.0,194.5,267.0,20.33,1.844
798,407.0,194.2,267.0,20.33,1.844
798,407.0,193.9,267.0,20.33,1.844
798,407.0,193.6,267.0,20.33,1.844
798,407.0,193.4,267.0,20.33,1.844
798,407.0,193.1,267.0,20.33,1.844
798,407.0,192.8,267.0,20.33,1.844
798,407.0,192.5,267.0,20.33,1.844
798,407.0,192.3,267.0,20.33,1.844
798,407.0,192.0,267.0,19.96,1.844
798,407.0,191.7,267.0,19.96,1.720
798,407.0,191.4,267.0,19.96,1.720
798,407.0,191.2,267.0,19.96,1.720
798,407.0,190.9,267.0,19.96,1.720
798,407.0,190.6,267.0,19.96,1.720
798,407.0,193.3,267.0,20.33,1.720
798,407.0,193.0,267.0,20.33,1.844
798,407.0,192.7,267.0,20.33,1.844
798,407.0,192.5,267.0,20.33,1.844
798,407.0,192.2,267.0,20.33,1.844
798,407.0,191.9,267.0,19.96,1.844
798,407.0,191.6,267.0,19.96,1.720
798,407.0,191.3,267.0,19.96,1.720
798,407.0,191.1,267.0,19.96,1.720
798,407.0,190.8,267.0,19.96,1.720
798,407.0,190.5,267.0,19.96,1.720
798,407.0,193.2,267.0,20.33,1.720
798,407.0,192.9,267.0,20.33,1.844
798,407.0,192.7,267.0,20.33,1.844
798,407.0,192.4,267.0,20.33,1.844
798,407.0,192.1,267.0,20.33,1.844
798,407.0,194.8,267.0,20.33,1.844
798,407.0,194.5,267.0,20.33,1.844
798,407.0,194.2,267.0,20.33,1.844
798,407.0,193.9,267.0,20.33,1.844
798,407.0,193.7,267.0,20.33,1.844
798,407.0,193.4,267.0,20.33,1.844
798,407.0,193.1,267.0,20.33,1.844
798,407.0,192.8,267.0,20.33,1.844
804,414.6,154.8,259.9,22.40,0.831
804,413.6,159.5,252.4,19.01,0.742
804,412.9,163.6,246.6,20.43,1.113
804,412.2,167.6,240.9,20.43,0.881
804,411.6,169.8,237.4,21.07,0.881
804,411.1,172.0,233.9,21.07,0.520
804,410.6,174.2,230.4,21.07,0.520
804,410.1,176.5,227.0,21.32,0.520
804,409.7,177.9,222.8,21.32,0.551
804,409.3,179.3,218.7,21.32,0.551
804,408.6,179.6,215.9,21.49,0.551
804,408.2,179.7,212.1,21.49,0.593
804,407.8,179.8,208.4,21.35,0.593
804,407.8,180.2,204.6,21.09,0.610
804,407.8,180.4,200.1,21.14,0.472
804,407.8,180.6,195.6,21.14,0.564
804,407.8,180.8,191.1,21.20,0.564
804,407.8,181.0,186.1,21.20,0.626
804,407.8,181.1,181.1,21.20,0.626
804,407.8,181.1,175.4,21.25,0.626
804,407.8,181.1,169.8,21.25,0.704
804,407.8,181.1,164.0,21.27,0.704
804,407.8,181.1,158.1,21.27,0.730
804,407.8,181.1,152.1,21.29,0.730
804,407.8,181.1,146.1,21.29,0.752
804,407.8,181.0,139.9,21.31,0.752
804,407.8,181.0,133.8,21.31,0.771
804,407.8,180.9,127.5,21.33,0.771
804,407.8,180.8,121.2,21.33,0.788
804,407.8,180.7,114.6,21.35,0.788
804,407.8,180.6,108.1,21.35,0.815
804,407.8,180.4,101.5,21.37,0.815
804,407.8,180.3,94.9,21.38,0.826
804,407.8,180.1,88.2,21.38,0.833
804,407.8,180.0,81.6,21.87,0.833
804,407.8,179.9,75.1,21.87,0.804
804,407.8,179.8,68.8,21.87,0.804
804,407.8,179.6,62.4,21.87,0.799
804,407.8,179.3,56.4,21.86,0.799
804,407.8,179.0,50.4,21.86,0.752
804,407.8,178.6,44.8,21.84,0.752
804,407.8,178.1,39.2,21.84,0.698
804,407.8,177.7,33.7,21.81,0.698
804,407.8,177.0,28.8,21.81,0.615
804,407.8,176.4,23.9,21.77,0.615
804,407.8,175.4,20.1,21.77,0.489
804,407.8,174.5,16.3,21.77,0.489
804,407.8,173.6,12.5,21.77,0.489
804,407.8,172.2,10.0,21.74,0.489
804,407.8,170.8,7.4,21.74,0.360
804,407.8,169.4,4.9,21.74,0.360
804,407.8,168.1,3.0,21.74,0.360
804,407.8,165.9,3.0,22.00,0.360
804,407.8,163.7,3.0,22.00,0.388
804,407.8,161.5,3.0,22.00,0.388
804,407.8,159.3,3.0,22.00,0.388
804,407.8,157.1,3.0,22.00,0.388
804,407.8,154.9,3.0,22.27,0.388
804,407.8,152.0,3.0,22.27,0.423
804,407.8,149.2,3.0,22.27,0.423
804,407.8,146.3,3.0,22.27,0.423
804,407.8,143.4,3.0,22.50,0.423
804,407.8,140.1,3.0,22.50,0.455
804,407.8,136.7,3.0,22.50,0.455
804,407.8,133.4,3.0,22.50,0.455
804,407.8,129.7,3.0,22.78,0.455
804,407.8,126.0,3.0,22.78,0.479
804,407.8,122.4,3.0,22.78,0.479
804,407.8,118.7,3.0,23.01,0.479
804,407.8,114.8,3.0,23.01,0.497
804,407.8,110.9,3.0,23.01,0.497
804,407.8,106.9,3.0,23.14,0.497
804,407.8,103.0,3.0,23.14,0.496
804,407.8,99.1,3.0,23.14,0.496
804,407.8,95.2,3.0,23.25,0.496
804,407.8,91.2,3.0,23.25,0.491
804,407.8,87.4,3.0,23.25,0.491
804,407.8,83.5,3.0,23.35,0.491
804,407.8,79.6,3.0,23.35,0.482
804,407.8,75.8,3.0,23.35,0.482
804,407.8,71.9,3.0,23.48,0.482
804,407.8,68.2,3.0,23.48,0.470
804,407.8,64.4,3.0,23.48,0.470
804,407.8,60.7,3.0,23.48,0.470
804,407.8,57.2,3.0,23.59,0.470
804,407.8,53.7,3.0,23.59,0.436
804,407.8,50.2,3.0,23.59,0.436
804,407.8,46.8,3.0,23.63,0.436
804,407.8,43.5,3.0,23.63,0.409
804,407.8,40.2,3.0,23.63,0.409
804,407.8,36.9,3.0,23.63,0.409
804,407.8,34.0,3.2,23.66,0.409
804,407.8,31.1,3.3,23.66,0.368
804,407.8,28.1,3.5,23.66,0.368
804,407.8,25.2,3.7,23.66,0.368
804,407.8,22.8,4.2,23.69,0.368
804,407.8,20.5,4.7,23.69,0.301
804,407.8,18.1,5.1,23.69,0.301
804,407.8,15.8,5.6,23.69,0.301
804,407.8,13.4,6.1,23.69,0.301
804,407.8,11.1,6.6,23.76,0.301
804,407.8,9.4,7.6,23.76,0.242
804,407.8,7.7,8.6,23.76,0.242
804,407.8,6.1,9.6,23.76,0.242
804,407.8,4.4,10.6,23.76,0.242
804,407.8,3.0,11.6,23.76,0.242
804,407.8,3.0,13.1,23.95,0.242
804,407.8,3.0,14.7,23.95,0.234
804,407.8,3.0,16.3,23.95,0.234
804,407.8,3.0,17.9,23.95,0.234
804,407.8,3.0,19.4,23.95,0.234
804,407.8,3.0,21.0,23.95,0.234
804,407.8,3.0,22.6,23.95,0.234
804,407.8,3.0,24.1,24.08,0.234
804,407.8,3.0,26.0,24.08,0.245
804,407.8,3.0,27.8,24.08,0.245
804,407.8,3.0,29.7,24.08,0.245
804,407.8,3.0,31.5,24.08,0.245
804,407.8,3.0,33.4,24.08,0.245
804,407.8,3.0,35.2,24.08,0.245
804,407.8,3.0,37.2,24.18,0.245
804,407.8,3.0,39.1,24.18,0.247
804,407.8,3.0,41.0,24.18,0.247
804,407.8,3.0,42.9,24.18,0.247
804,407.8,3.0,44.9,24.18,0.247
804,407.8,3.0,46.8,24.18,0.247
804,407.8,3.0,48.7,24.27,0.247
804,407.8,3.0,50.6,24.27,0.238
804,407.8,3.0,52.5,24.27,0.238
804,407.8,3.0,54.4,24.27,0.238
804,407.8,3.0,56.3,24.27,0.238
804,407.8,3.0,58.1,24.27,0.238
804,407.8,3.0,60.0,24.38,0.238
804,407.8,3.0,61.7,24.38,0.210
804,407.8,3.0,63.4,24.38,0.210
804,407.8,3.0,65.0,24.38,0.210
804,407.8,3.0,66.7,24.38,0.210
804,407.8,3.0,68.4,24.38,0.210
804,407.8,3.0,70.1,24.38,0.210
804,407.8,3.0,71.8,24.38,0.210
804,407.8,3.0,73.3,24.47,0.210
804,407.8,3.0,74.9,24.47,0.195
804,407.8,3.0,76.4,24.47,0.195
804,407.8,3.0,78.0,24.47,0.195
804,407.8,3.0,79.5,24.47,0.195
804,407.8,3.0,81.1,24.47,0.195
804,407.8,3.0,82.6,24.47,0.195
804,407.8,3.0,84.2,24.53,0.195
804,407.8,3.0,85.6,24.53,0.178
804,407.8,3.0,87.0,24.53,0.178
804,407.8,3.0,88.4,24.53,0.178
804,407.8,3.0,89.9,24.53,0.178
804,407.8,3.0,91.3,24.53,0.178
804,407.8,3.0,92.7,24.53,0.178
804,407.8,3.0,94.2,24.53,0.178
804,407.8,3.0,95.6,24.53,0.178
804,407.8,3.0,96.9,24.59,0.178
804,407.8,3.0,98.2,24.59,0.162
804,407.8,3.0,99.5,24.59,0.162
804,407.8,3.0,100.8,24.59,0.162
810,416.7,232.9,264.5,19.47,0.891
810,414.3,226.2,263.9,20.30,0.891
810,411.4,221.1,267.0,20.21,1.018
810,408.5,215.9,267.0,20.33,1.250
810,408.5,212.8,267.0,20.33,1.595
810,408.5,209.6,267.0,20.33,1.595
810,408.5,206.5,267.0,20.33,1.595
810,408.5,203.4,267.0,20.20,1.595
810,408.5,203.1,267.0,20.20,1.703
810,408.5,202.8,267.0,20.20,1.703
810,408.5,202.6,267.0,20.20,1.703
810,408.5,202.3,267.0,20.20,1.703
810,408.5,202.0,267.0,20.20,1.703
810,408.5,201.7,267.0,20.20,1.703
810,408.5,201.4,267.0,20.20,1.703
810,408.5,201.2,267.0,20.20,1.703
810,408.5,200.9,267.0,20.20,1.703
810,408.5,200.6,267.0,20.20,1.703
810,408.5,200.3,267.0,20.20,1.703
810,408.5,200.1,267.0,20.20,1.703
810,408.5,199.8,267.0,20.20,1.703
810,408.5,199.5,267.0,20.20,1.703
810,408.5,199.2,267.0,20.20,1.703
810,408.5,199.0,267.0,20.20,1.703
810,408.5,198.7,267.0,20.20,1.703
810,408.5,198.4,267.0,20.20,1.703
810,408.5,198.2,267.0,20.20,1.703
810,408.5,197.9,267.0,20.20,1.703
810,408.5,197.6,267.0,20.20,1.703
810,408.5,197.3,267.0,20.20,1.703
810,408.5,197.0,267.0,20.20,1.703
810,408.5,196.8,267.0,20.20,1.703
810,408.5,196.5,267.0,20.20,1.703
810,408.5,196.2,267.0,20.20,1.703
810,408.5,195.9,267.0,20.20,1.703
810,408.5,195.7,267.0,20.20,1.703
810,408.5,195.4,267.0,20.20,1.703
810,408.5,195.1,267.0,20.20,1.703
810,408.5,194.8,267.0,20.20,1.703
810,408.5,194.6,267.0,20.20,1.703
810,408.5,194.3,267.0,20.20,1.703
810,408.5,194.0,267.0,20.20,1.703
810,408.5,193.8,267.0,20.20,1.703
810,408.5,193.5,267.0,20.20,1.703
810,408.5,193.2,267.0,20.20,1.703
810,408.5,192.9,267.0,20.20,1.703
810,408.5,192.7,267.0,20.20,1.703
810,408.5,192.4,267.0,20.20,1.703
810,408.5,192.1,267.0,20.20,1.703
810,408.5,194.8,267.0,20.20,1.703
810,408.5,194.5,267.0,20.20,1.703
810,408.5,194.2,267.0,20.20,1.703
810,408.5,193.9,267.0,20.20,1.703
810,408.5,193.7,267.0,20.20,1.703
810,408.5,193.4,267.0,20.20,1.703
810,408.5,193.1,267.0,20.20,1.703
810,408.5,192.8,267.0,20.20,1.703
810,408.5,192.6,267.0,20.20,1.703
810,408.5,192.3,267.0,20.20,1.703
810,408.5,192.0,267.0,20.20,1.703
810,408.5,194.7,267.0,20.20,1.703
810,408.5,194.4,267.0,20.20,1.703
810,408.5,194.1,267.0,20.20,1.703
810,408.5,193.9,267.0,20.20,1.703
810,408.5,193.6,267.0,20.20,1.703
810,408.5,193.3,267.0,20.20,1.703
810,408.5,193.0,267.0,20.20,1.703
810,408.5,192.8,267.0,20.20,1.703
810,408.5,192.5,267.0,20.20,1.703
810,408.5,192.2,267.0,20.20,1.703
810,408.5,191.9,267.0,20.26,1.703
810,408.5,191.7,267.0,20.26,1.615
810,408.5,191.4,267.0,20.26,1.615
810,408.5,191.1,267.0,20.26,1.615
810,408.5,190.8,267.0,20.26,1.615
810,408.5,190.6,267.0,20.26,1.615
810,408.5,193.2,267.0,20.20,1.615
810,408.5,193.0,267.0,20.20,1.703
810,408.5,192.7,267.0,20.20,1.703
810,408.5,192.4,267.0,20.20,1.703
810,408.5,192.1,267.0,20.20,1.703
810,408.5,194.8,267.0,20.20,1.703
810,408.5,194.5,267.0,20.20,1.703
810,408.5,194.2,267.0,20.20,1.703
810,408.5,194.0,267.0,20.20,1.703
810,408.5,193.7,267.0,20.20,1.703
810,408.5,193.4,267.0,20.20,1.703
810,408.5,193.2,267.0,20.20,1.703
810,408.5,192.9,267.0,20.20,1.703
810,408.5,192.6,267.0,20.20,1.703
810,408.5,192.3,267.0,20.20,1.703
810,408.5,192.1,267.0,20.20,1.703
810,408.5,194.7,267.0,20.20,1.703
810,408.5,194.4,267.0,20.20,1.703
810,408.5,194.2,267.0,20.20,1.703
810,408.5,193.9,267.0,20.20,1.703
810,408.5,193.6,267.0,20.20,1.703
810,408.5,193.3,267.0,20.20,1.703
810,408.5,193.1,267.0,20.20,1.703
810,408.5,192.8,267.0,20.20,1.703
810,408.5,192.5,267.0,20.20,1.703
810,408.5,192.2,267.0,20.20,1.703
810,408.5,192.0,267.0,20.26,1.703
810,408.5,191.7,267.0,20.26,1.615
810,408.5,191.4,267.0,20.26,1.615
810,408.5,191.1,267.0,20.26,1.615
810,408.5,190.9,267.0,20.26,1.615
810,408.5,190.6,267.0,20.26,1.615
810,408.5,193.3,267.0,20.20,1.615
810,408.5,193.0,267.0,20.20,1.703
810,408.5,192.7,267.0,20.20,1.703
810,408.5,192.4,267.0,20.20,1.703
810,408.5,192.2,267.0,20.20,1.703
810,408.5,191.9,267.0,20.26,1.703
810,408.5,191.6,267.0,20.26,1.615
810,408.5,191.3,267.0,20.26,1.615
810,408.5,191.1,267.0,20.26,1.615
810,408.5,190.8,267.0,20.26,1.615
810,408.5,190.5,267.0,20.26,1.615
810,408.5,193.2,267.0,20.20,1.615
810,408.5,192.9,267.0,20.20,1.703
810,408.5,192.6,267.0,20.20,1.703
810,408.5,192.4,267.0,20.20,1.703
810,408.5,192.1,267.0,20.20,1.703
810,408.5,194.8,267.0,20.20,1.703
810,408.5,194.5,267.0,20.20,1.703
810,408.5,194.2,267.0,20.20,1.703
810,408.5,193.9,267.0,20.20,1.703
810,408.5,193.7,267.0,20.20,1.703
810,408.5,193.4,267.0,20.20,1.703
810,408.5,193.1,267.0,20.20,1.703
810,408.5,192.8,267.0,20.20,1.703
810,408.5,192.6,267.0,20.20,1.703
810,408.5,192.3,267.0,20.20,1.703
810,408.5,192.0,267.0,20.20,1.703
810,408.5,194.7,267.0,20.20,1.703
810,408.5,194.4,267.0,20.20,1.703
810,408.5,194.1,267.0,20.20,1.703
810,408.5,193.8,267.0,20.20,1.703
810,408.5,193.6,267.0,20.20,1.703
810,408.5,193.3,267.0,20.20,1.703
810,408.5,193.0,267.0,20.20,1.703
810,408.5,192.8,267.0,20.20,1.703
810,408.5,192.5,267.0,20.20,1.703
810,408.5,192.2,267.0,20.20,1.703
810,408.5,191.9,267.0,20.26,1.703
810,408.5,191.7,267.0,20.26,1.615
810,408.5,191.4,267.0,20.26,1.615
810,408.5,191.1,267.0,20.26,1.615
810,408.5,190.8,267.0,20.26,1.615
810,408.5,190.6,267.0,20.26,1.615
810,408.5,193.2,267.0,20.20,1.615
810,408.5,192.9,267.0,20.20,1.703
810,408.5,192.7,267.0,20.20,1.703
810,408.5,192.4,267.0,20.20,1.703
810,408.5,192.1,267.0,20.20,1.703
810,408.5,194.8,267.0,20.20,1.703
810,408.5,194.5,267.0,20.20,1.703
810,408.5,194.2,267.0,20.20,1.703
810,408.5,194.0,267.0,20.20,1.703
816,394.6,157.2,259.9,19.01,0.831
816,395.6,161.9,252.4,19.01,1.113
816,395.6,166.1,246.7,20.43,1.113
816,395.6,171.2,245.3,20.47,0.881
816,395.6,176.2,243.8,20.47,0.630
816,395.6,181.3,242.4,20.69,0.630
816,395.6,183.3,247.4,20.69,0.652
816,395.6,185.4,252.4,20.34,0.652
816,395.6,187.9,262.6,20.34,1.247
816,395.6,190.6,267.0,20.26,1.247
816,395.6,193.2,267.0,20.20,1.615
816,395.6,193.0,267.0,20.20,1.703
816,395.6,192.7,267.0,20.20,1.703
816,395.6,192.4,267.0,20.20,1.703
816,395.6,192.1,267.0,20.20,1.703
816,395.6,194.8,267.0,20.20,1.703
816,395.6,194.5,267.0,20.20,1.703
816,395.6,194.3,267.0,20.20,1.703
816,395.6,194.0,267.0,20.20,1.703
816,395.6,193.7,267.0,20.20,1.703
816,395.6,193.4,267.0,20.20,1.703
816,395.6,193.2,267.0,20.20,1.703
816,395.6,192.9,267.0,20.20,1.703
816,395.6,192.6,267.0,20.20,1.703
816,395.6,192.3,267.0,20.20,1.703
816,395.6,192.1,267.0,20.20,1.703
816,395.6,194.7,267.0,20.20,1.703
816,395.6,194.4,267.0,20.20,1.703
816,395.6,194.2,267.0,20.20,1.703
816,395.6,193.9,267.0,20.20,1.703
816,395.6,193.6,267.0,20.20,1.703
816,395.6,193.3,267.0,20.20,1.703
816,395.6,193.1,267.0,20.20,1.703
816,395.6,192.8,267.0,20.20,1.703
816,395.6,192.5,267.0,20.20,1.703
816,395.6,192.2,267.0,20.20,1.703
816,395.6,192.0,267.0,20.26,1.703
816,395.6,191.7,267.0,20.26,1.615
816,395.6,191.4,267.0,20.26,1.615
816,395.6,191.2,267.0,20.26,1.615
816,395.6,190.9,267.0,20.26,1.615
816,395.6,190.6,267.0,20.26,1.615
816,395.6,193.3,267.0,20.20,1.615
816,395.6,193.0,267.0,20.20,1.703
816,395.6,192.7,267.0,20.20,1.703
816,395.6,192.4,267.0,20.20,1.703
816,395.6,192.2,267.0,20.20,1.703
816,395.6,191.9,267.0,20.26,1.703
816,395.6,191.6,267.0,20.26,1.615
816,395.6,191.3,267.0,20.26,1.615
816,395.6,191.1,267.0,20.26,1.615
816,395.6,190.8,267.0,20.26,1.615
816,395.6,190.5,267.0,20.26,1.615
816,395.6,193.2,267.0,20.20,1.615
816,395.6,192.9,267.0,20.20,1.703
816,395.6,192.6,267.0,20.20,1.703
816,395.6,192.4,267.0,20.20,1.703
816,395.6,192.1,267.0,20.20,1.703
816,395.6,194.8,267.0,20.20,1.703
816,395.6,194.5,267.0,20.20,1.703
816,395.6,194.2,267.0,20.20,1.703
816,395.6,193.9,267.0,20.20,1.703
816,395.6,193.7,267.0,20.20,1.703
816,395.6,193.4,267.0,20.20,1.703
816,395.6,193.1,267.0,20.20,1.703
816,395.6,192.8,267.0,20.20,1.703
816,395.6,192.6,267.0,20.20,1.703
816,395.6,192.3,267.0,20.20,1.703
816,395.6,192.0,267.0,20.20,1.703
816,395.6,194.7,267.0,20.20,1.703
816,395.6,194.4,267.0,20.20,1.703
816,395.6,194.1,267.0,20.20,1.703
816,395.6,193.8,267.0,20.20,1.703
816,395.6,193.6,267.0,20.20,1.703
816,395.6,193.3,267.0,20.20,1.703
816,395.6,193.0,267.0,20.20,1.703
816,395.6,192.8,267.0,20.20,1.703
816,395.6,192.5,267.0,20.20,1.703
816,395.6,192.2,267.0,20.20,1.703
816,395.6,191.9,267.0,20.26,1.703
816,395.6,191.7,267.0,20.26,1.615
816,395.6,191.4,267.0,20.26,1.615
816,395.6,191.1,267.0,20.26,1.615
816,395.6,190.8,267.0,20.26,1.615
816,395.6,190.6,267.0,20.26,1.615
816,395.6,193.2,267.0,20.20,1.615
816,395.6,192.9,267.0,20.20,1.703
816,395.6,192.7,267.0,20.20,1.703
816,395.6,192.4,267.0,20.20,1.703
816,395.6,192.1,267.0,20.20,1.703
816,395.6,194.8,267.0,20.20,1.703
816,395.6,194.5,267.0,20.20,1.703
816,395.6,194.2,267.0,20.20,1.703
816,395.6,194.0,267.0,20.20,1.703
816,395.6,193.7,267.0,20.20,1.703
816,395.6,193.4,267.0,20.20,1.703
816,395.6,193.1,267.0,20.20,1.703
816,395.6,192.9,267.0,20.20,1.703
816,395.6,192.6,267.0,20.20,1.703
816,395.6,192.3,267.0,20.20,1.703
816,395.6,192.0,267.0,20.20,1.703
816,395.6,194.7,267.0,20.20,1.703
816,395.6,194.4,267.0,20.20,1.703
816,395.6,194.2,267.0,20.20,1.703
816,395.6,193.9,267.0,20.20,1.703
816,395.6,193.6,267.0,20.20,1.703
816,395.6,193.3,267.0,20.20,1.703
816,395.6,193.1,267.0,20.20,1.703
816,395.6,192.8,267.0,20.20,1.703
816,395.6,192.5,267.0,20.20,1.703
816,395.6,192.2,267.0,20.20,1.703
816,395.6,192.0,267.0,20.26,1.703
816,395.6,191.7,267.0,20.26,1.615
816,395.6,191.4,267.0,20.26,1.615
816,395.6,191.1,267.0,20.26,1.615
816,395.6,190.9,267.0,20.26,1.615
816,395.6,190.6,267.0,20.26,1.615
816,395.6,193.2,267.0,20.20,1.615
816,395.6,193.0,267.0,20.20,1.703
816,395.6,192.7,267.0,20.20,1.703
816,395.6,192.4,267.0,20.20,1.703
816,395.6,192.2,267.0,20.20,1.703
816,395.6,191.9,267.0,20.26,1.703
816,395.6,191.6,267.0,20.26,1.615
816,395.6,191.3,267.0,20.26,1.615
816,395.6,191.1,267.0,20.26,1.615
816,395.6,190.8,267.0,20.26,1.615
816,395.6,190.5,267.0,20.26,1.615
816,395.6,193.2,267.0,20.20,1.615
816,395.6,192.9,267.0,20.20,1.703
816,395.6,192.6,267.0,20.20,1.703
816,395.6,192.3,267.0,20.20,1.703
816,395.6,192.1,267.0,20.20,1.703
816,395.6,194.7,267.0,20.20,1.703
816,395.6,194.5,267.0,20.20,1.703
816,395.6,194.2,267.0,20.20,1.703
816,395.6,193.9,267.0,20.20,1.703
816,395.6,193.6,267.0,20.20,1.703
816,395.6,193.4,267.0,20.20,1.703
816,395.6,193.1,267.0,20.20,1.703
816,395.6,192.8,267.0,20.20,1.703
816,395.6,192.5,267.0,20.20,1.703
816,395.6,192.3,267.0,20.20,1.703
816,395.6,192.0,267.0,20.26,1.703
816,395.6,191.7,267.0,20.26,1.615
816,395.6,191.4,267.0,20.26,1.615
816,395.6,191.2,267.0,20.26,1.615
816,395.6,190.9,267.0,20.26,1.615
816,395.6,190.6,267.0,20.26,1.615
816,395.6,193.3,267.0,20.20,1.615
816,395.6,193.0,267.0,20.20,1.703
816,395.6,192.7,267.0,20.20,1.703
816,395.6,192.5,267.0,20.20,1.703
816,395.6,192.2,267.0,20.20,1.703
816,395.6,191.9,267.0,20.26,1.703
816,395.6,191.6,267.0,20.26,1.615
816,395.6,191.4,267.0,20.26,1.615
816,395.6,191.1,267.0,20.26,1.615
816,395.6,190.8,267.0,20.26,1.615
816,395.6,190.5,267.0,20.26,1.615
822,348.7,197.6,265.1,22.24,0.374
822,352.0,197.3,260.1,22.55,0.841
822,355.2,196.9,255.1,22.55,0.742
822,358.4,196.6,250.2,23.36,0.742
822,361.1,196.1,246.6,20.41,0.555
822,366.4,195.8,245.2,20.41,0.691
822,371.7,195.5,243.8,20.41,0.691
822,376.0,195.2,246.2,20.46,0.691
822,380.3,194.9,248.6,20.46,0.615
822,384.6,194.5,251.0,20.66,0.615
822,387.4,194.2,261.0,20.29,0.677
822,390.3,193.9,267.0,20.20,1.306
822,393.2,193.6,267.0,20.20,1.703
822,396.1,193.3,267.0,20.33,1.703
822,396.1,193.1,267.0,20.33,1.844
822,396.1,192.8,267.0,20.33,1.844
822,396.1,192.5,267.0,20.33,1.844
822,396.1,192.2,267.0,20.33,1.844
822,396.1,192.0,267.0,19.96,1.844
822,396.1,191.7,267.0,19.96,1.720
822,396.1,191.4,267.0,19.96,1.720
822,396.1,191.1,267.0,19.96,1.720
822,396.1,190.9,267.0,19.96,1.720
822,396.1,190.6,267.0,19.96,1.720
822,396.1,193.2,267.0,20.33,1.720
822,396.1,193.0,267.0,20.33,1.844
822,396.1,192.7,267.0,20.33,1.844
822,396.1,192.4,267.0,20.33,1.844
822,396.1,192.2,267.0,20.33,1.844
822,396.1,191.9,267.0,19.96,1.844
822,396.1,191.6,267.0,19.96,1.720
822,396.1,191.3,267.0,19.96,1.720
822,396.1,191.1,267.0,19.96,1.720
822,396.1,190.8,267.0,19.96,1.720
822,396.1,190.5,267.0,19.96,1.720
822,396.1,193.2,267.0,20.33,1.720
822,396.1,192.9,267.0,20.33,1.844
822,396.1,192.6,267.0,20.33,1.844
822,396.1,192.3,267.0,20.33,1.844
822,396.1,192.1,267.0,20.33,1.844
822,396.1,194.7,267.0,20.33,1.844
822,396.1,194.5,267.0,20.33,1.844
822,396.1,194.2,267.0,20.33,1.844
822,396.1,193.9,267.0,20.33,1.844
822,396.1,193.6,267.0,20.33,1.844
822,396.1,193.4,267.0,20.33,1.844
822,396.1,193.1,267.0,20.33,1.844
822,396.1,192.8,267.0,20.33,1.844
822,396.1,192.5,267.0,20.33,1.844
822,396.1,192.3,267.0,20.33,1.844
822,396.1,192.0,267.0,19.96,1.844
822,396.1,191.7,267.0,19.96,1.720
822,396.1,191.4,267.0,19.96,1.720
822,396.1,191.2,267.0,19.96,1.720
822,396.1,190.9,267.0,19.96,1.720
822,396.1,190.6,267.0,19.96,1.720
822,396.1,193.3,267.0,20.33,1.720
822,396.1,193.0,267.0,20.33,1.844
822,396.1,192.7,267.0,20.33,1.844
822,396.1,192.5,267.0,20.33,1.844
822,396.1,192.2,267.0,20.33,1.844
822,396.1,191.9,267.0,19.96,1.844
822,396.1,191.6,267.0,19.96,1.720
822,396.1,191.4,267.0,19.96,1.720
822,396.1,191.1,267.0,19.96,1.720
822,396.1,190.8,267.0,19.96,1.720
822,396.1,190.5,267.0,19.96,1.720
822,396.1,193.2,267.0,20.33,1.720
822,396.1,192.9,267.0,20.33,1.844
822,396.1,192.7,267.0,20.33,1.844
822,396.1,192.4,267.0,20.33,1.844
822,396.1,192.1,267.0,20.33,1.844
822,396.1,194.8,267.0,20.33,1.844
822,396.1,194.5,267.0,20.33,1.844
822,396.1,194.2,267.0,20.33,1.844
822,396.1,193.9,267.0,20.33,1.844
822,396.1,193.7,267.0,20.33,1.844
822,396.1,193.4,267.0,20.33,1.844
822,396.1,193.1,267.0,20.33,1.844
822,396.1,192.9,267.0,20.33,1.844
822,396.1,192.6,267.0,20.33,1.844
822,396.1,192.3,267.0,20.33,1.844
822,396.1,192.0,267.0,20.33,1.844
822,396.1,194.7,267.0,20.33,1.844
822,396.1,194.4,267.0,20.33,1.844
822,396.1,194.1,267.0,20.33,1.844
822,396.1,193.9,267.0,20.33,1.844
822,396.1,193.6,267.0,20.33,1.844
822,396.1,193.3,267.0,20.33,1.844
822,396.1,193.0,267.0,20.33,1.844
822,396.1,192.8,267.0,20.33,1.844
822,396.1,192.5,267.0,20.33,1.844
822,396.1,192.2,267.0,20.33,1.844
822,396.1,191.9,267.0,19.96,1.844
822,396.1,191.7,267.0,19.96,1.720
822,396.1,191.4,267.0,19.96,1.720
822,396.1,191.1,267.0,19.96,1.720
822,396.1,190.8,267.0,19.96,1.720
822,396.1,190.6,267.0,19.96,1.720
822,396.1,193.2,267.0,20.33,1.720
822,396.1,193.0,267.0,20.33,1.844
822,396.1,192.7,267.0,20.33,1.844
822,396.1,192.4,267.0,20.33,1.844
822,396.1,192.1,267.0,20.33,1.844
822,396.1,194.8,267.0,20.33,1.844
822,396.1,194.5,267.0,20.33,1.844
822,396.1,194.3,267.0,20.33,1.844
822,396.1,194.0,267.0,20.33,1.844
822,396.1,193.7,267.0,20.33,1.844
822,396.1,193.4,267.0,20.33,1.844
822,396.1,193.2,267.0,20.33,1.844
822,396.1,192.9,267.0,20.33,1.844
822,396.1,192.6,267.0,20.33,1.844
822,396.1,192.3,267.0,20.33,1.844
822,396.1,192.1,267.0,20.33,1.844
822,396.1,194.7,267.0,20.33,1.844
822,396.1,194.4,267.0,20.33,1.844
822,396.1,194.2,267.0,20.33,1.844
822,396.1,193.9,267.0,20.33,1.844
822,396.1,193.6,267.0,20.33,1.844
822,396.1,193.3,267.0,20.33,1.844
822,396.1,193.1,267.0,20.33,1.844
822,396.1,192.8,267.0,20.33,1.844
822,396.1,192.5,267.0,20.33,1.844
822,396.1,192.2,267.0,20.33,1.844
822,396.1,192.0,267.0,19.96,1.844
822,396.1,191.7,267.0,19.96,1.720
822,396.1,191.4,267.0,19.96,1.720
822,396.1,191.2,267.0,19.96,1.720
822,396.1,190.9,267.0,19.96,1.720
822,396.1,190.6,267.0,19.96,1.720
822,396.1,193.3,267.0,20.33,1.720
822,396.1,193.0,267.0,20.33,1.844
822,396.1,192.7,267.0,20.33,1.844
822,396.1,192.4,267.0,20.33,1.844
822,396.1,192.2,267.0,20.33,1.844
822,396.1,191.9,267.0,19.96,1.844
822,396.1,191.6,267.0,19.96,1.720
822,396.1,191.3,267.0,19.96,1.720
822,396.1,191.1,267.0,19.96,1.720
822,396.1,190.8,267.0,19.96,1.720
822,396.1,190.5,267.0,19.96,1.720
822,396.1,193.2,267.0,20.33,1.720
822,396.1,192.9,267.0,20.33,1.844
822,396.1,192.6,267.0,20.33,1.844
822,396.1,192.4,267.0,20.33,1.844
822,396.1,192.1,267.0,20.33,1.844
822,396.1,194.8,267.0,20.33,1.844
822,396.1,194.5,267.0,20.33,1.844
822,396.1,194.2,267.0,20.33,1.844
822,396.1,193.9,267.0,20.33,1.844
822,396.1,193.7,267.0,20.33,1.844
822,396.1,193.4,267.0,20.33,1.844
822,396.1,193.1,267.0,20.33,1.844
822,396.1,192.8,267.0,20.33,1.844
822,396.1,192.6,267.0,20.33,1.844
822,396.1,192.3,267.0,20.33,1.844
822,396.1,192.0,267.0,20.33,1.844
822,396.1,194.7,267.0,20.33,1.844
822,396.1,194.4,267.0,20.33,1.844
828,352.0,189.8,260.0,22.54,0.838
828,355.2,189.8,255.0,22.54,0.743
828,358.4,189.7,250.0,23.34,0.743
828,361.0,189.5,246.4,20.87,0.560
828,366.1,190.3,245.0,20.87,0.670
828,371.3,191.2,243.7,20.87,0.670
828,375.3,192.4,246.1,20.46,0.670
828,379.6,192.1,248.5,20.46,0.615
828,383.5,193.3,250.9,20.46,0.615
828,386.3,193.0,260.9,20.29,0.615
828,389.2,192.7,267.0,20.20,1.306
828,392.2,192.4,267.0,20.20,1.703
828,395.1,192.1,267.0,20.20,1.703
828,395.1,194.8,267.0,20.20,1.703
828,395.1,194.5,267.0,20.20,1.703
828,395.1,194.3,267.0,20.20,1.703
828,395.1,194.0,267.0,20.20,1.703
828,395.1,193.7,267.0,20.20,1.703
828,395.1,193.4,267.0,20.20,1.703
828,395.1,193.2,267.0,20.20,1.703
828,395.1,192.9,267.0,20.20,1.703
828,395.1,192.6,267.0,20.20,1.703
828,395.1,192.3,267.0,20.20,1.703
828,395.1,192.1,267.0,20.20,1.703
828,395.1,194.7,267.0,20.20,1.703
828,395.1,194.4,267.0,20.20,1.703
828,395.1,194.2,267.0,20.20,1.703
828,395.1,193.9,267.0,20.20,1.703
828,395.1,193.6,267.0,20.20,1.703
828,395.1,193.3,267.0,20.20,1.703
828,395.1,193.1,267.0,20.20,1.703
828,395.1,192.8,267.0,20.20,1.703
828,395.1,192.5,267.0,20.20,1.703
828,395.1,192.2,267.0,20.20,1.703
828,395.1,192.0,267.0,20.26,1.703
828,395.1,191.7,267.0,20.26,1.615
828,395.1,191.4,267.0,20.26,1.615
828,395.1,191.2,267.0,20.26,1.615
828,395.1,190.9,267.0,20.26,1.615
828,395.1,190.6,267.0,20.26,1.615
828,395.1,193.3,267.0,20.20,1.615
828,395.1,193.0,267.0,20.20,1.703
828,395.1,192.7,267.0,20.20,1.703
828,395.1,192.4,267.0,20.20,1.703
828,395.1,192.2,267.0,20.20,1.703
828,395.1,191.9,267.0,20.26,1.703
828,395.1,191.6,267.0,20.26,1.615
828,395.1,191.3,267.0,20.26,1.615
828,395.1,191.1,267.0,20.26,1.615
828,395.1,190.8,267.0,20.26,1.615
828,395.1,190.5,267.0,20.26,1.615
828,395.1,193.2,267.0,20.20,1.615
828,395.1,192.9,267.0,20.20,1.703
828,395.1,192.6,267.0,20.20,1.703
828,395.1,192.4,267.0,20.20,1.703
828,395.1,192.1,267.0,20.20,1.703
828,395.1,194.8,267.0,20.20,1.703
828,395.1,194.5,267.0,20.20,1.703
828,395.1,194.2,267.0,20.20,1.703
828,395.1,193.9,267.0,20.20,1.703
828,395.1,193.7,267.0,20.20,1.703
828,395.1,193.4,267.0,20.20,1.703
828,395.1,193.1,267.0,20.20,1.703
828,395.1,192.8,267.0,20.20,1.703
828,395.1,192.6,267.0,20.20,1.703
828,395.1,192.3,267.0,20.20,1.703
828,395.1,192.0,267.0,20.20,1.703
828,395.1,194.7,267.0,20.20,1.703
828,395.1,194.4,267.0,20.20,1.703
828,395.1,194.1,267.0,20.20,1.703
828,395.1,193.8,267.0,20.20,1.703
828,395.1,193.6,267.0,20.20,1.703
828,395.1,193.3,267.0,20.20,1.703
828,395.1,193.0,267.0,20.20,1.703
828,395.1,192.8,267.0,20.20,1.703
828,395.1,192.5,267.0,20.20,1.703
828,395.1,192.2,267.0,20.20,1.703
828,395.1,191.9,267.0,20.26,1.703
828,395.1,191.7,267.0,20.26,1.615
828,395.1,191.4,267.0,20.26,1.615
828,395.1,191.1,267.0,20.26,1.615
828,395.1,190.8,267.0,20.26,1.615
828,395.1,190.6,267.0,20.26,1.615
828,395.1,193.2,267.0,20.20,1.615
828,395.1,192.9,267.0,20.20,1.703
828,395.1,192.7,267.0,20.20,1.703
828,395.1,192.4,267.0,20.20,1.703
828,395.1,192.1,267.0,20.20,1.703
828,395.1,194.8,267.0,20.20,1.703
828,395.1,194.5,267.0,20.20,1.703
828,395.1,194.2,267.0,20.20,1.703
828,395.1,194.0,267.0,20.20,1.703
828,395.1,193.7,267.0,20.20,1.703
828,395.1,193.4,267.0,20.20,1.703
828,395.1,193.1,267.0,20.20,1.703
828,395.1,192.9,267.0,20.20,1.703
828,395.1,192.6,267.0,20.20,1.703
828,395.1,192.3,267.0,20.20,1.703
828,395.1,192.0,267.0,20.20,1.703
828,395.1,194.7,267.0,20.20,1.703
828,395.1,194.4,267.0,20.20,1.703
828,395.1,194.2,267.0,20.20,1.703
828,395.1,193.9,267.0,20.20,1.703
828,395.1,193.6,267.0,20.20,1.703
828,395.1,193.3,267.0,20.20,1.703
828,395.1,193.1,267.0,20.20,1.703
828,395.1,192.8,267.0,20.20,1.703
828,395.1,192.5,267.0,20.20,1.703
828,395.1,192.2,267.0,20.20,1.703
828,395.1,192.0,267.0,20.26,1.703
828,395.1,191.7,267.0,20.26,1.615
828,395.1,191.4,267.0,20.26,1.615
828,395.1,191.1,267.0,20.26,1.615
828,395.1,190.9,267.0,20.26,1.615
828,395.1,190.6,267.0,20.26,1.615
828,395.1,193.2,267.0,20.20,1.615
828,395.1,193.0,267.0,20.20,1.703
828,395.1,192.7,267.0,20.20,1.703
828,395.1,192.4,267.0,20.20,1.703
828,395.1,192.2,267.0,20.20,1.703
828,395.1,191.9,267.0,20.26,1.703
828,395.1,191.6,267.0,20.26,1.615
828,395.1,191.3,267.0,20.26,1.615
828,395.1,191.1,267.0,20.26,1.615
828,395.1,190.8,267.0,20.26,1.615
828,395.1,190.5,267.0,20.26,1.615
828,395.1,193.2,267.0,20.20,1.615
828,395.1,192.9,267.0,20.20,1.703
828,395.1,192.6,267.0,20.20,1.703
828,395.1,192.3,267.0,20.20,1.703
828,395.1,192.1,267.0,20.20,1.703
828,395.1,194.7,267.0,20.20,1.703
828,395.1,194.5,267.0,20.20,1.703
828,395.1,194.2,267.0,20.20,1.703
828,395.1,193.9,267.0,20.20,1.703
828,395.1,193.6,267.0,20.20,1.703
828,395.1,193.4,267.0,20.20,1.703
828,395.1,193.1,267.0,20.20,1.703
828,395.1,192.8,267.0,20.20,1.703
828,395.1,192.5,267.0,20.20,1.703
828,395.1,192.3,267.0,20.20,1.703
828,395.1,192.0,267.0,20.26,1.703
828,395.1,191.7,267.0,20.26,1.615
828,395.1,191.4,267.0,20.26,1.615
828,395.1,191.2,267.0,20.26,1.615
828,395.1,190.9,267.0,20.26,1.615
828,395.1,190.6,267.0,20.26,1.615
828,395.1,193.3,267.0,20.20,1.615
828,395.1,193.0,267.0,20.20,1.703
828,395.1,192.7,267.0,20.20,1.703
828,395.1,192.5,267.0,20.20,1.703
828,395.1,192.2,267.0,20.20,1.703
828,395.1,191.9,267.0,20.26,1.703
828,395.1,191.6,267.0,20.26,1.615
828,395.1,191.4,267.0,20.26,1.615
828,395.1,191.1,267.0,20.26,1.615
828,395.1,190.8,267.0,20.26,1.615
828,395.1,190.5,267.0,20.26,1.615
828,395.1,193.2,267.0,20.20,1.615
828,395.1,192.9,267.0,20.20,1.703
834,392.3,169.3,257.5,19.74,1.280
834,394.4,175.3,257.2,19.74,0.791
834,396.4,181.3,257.0,20.06,0.791
834,396.4,183.8,267.0,19.96,1.316
834,396.4,186.5,267.0,19.96,1.720
834,396.4,189.1,267.0,19.96,1.720
834,396.4,191.8,267.0,19.96,1.720
834,396.4,191.5,267.0,19.96,1.720
834,396.4,191.2,267.0,19.96,1.720
834,396.4,191.0,267.0,19.96,1.720
834,396.4,190.7,267.0,19.96,1.720
834,396.4,190.4,267.0,19.96,1.720
834,396.4,193.1,267.0,20.33,1.720
834,396.4,192.8,267.0,20.33,1.844
834,396.4,192.5,267.0,20.33,1.844
834,396.4,192.3,267.0,20.33,1.844
834,396.4,192.0,267.0,19.96,1.844
834,396.4,191.7,267.0,19.96,1.720
834,396.4,191.4,267.0,19.96,1.720
834,396.4,191.2,267.0,19.96,1.720
834,396.4,190.9,267.0,19.96,1.720
834,396.4,190.6,267.0,19.96,1.720
834,396.4,193.3,267.0,20.33,1.720
834,396.4,193.0,267.0,20.33,1.844
834,396.4,192.7,267.0,20.33,1.844
834,396.4,192.5,267.0,20.33,1.844
834,396.4,192.2,267.0,20.33,1.844
834,396.4,191.9,267.0,19.96,1.844
834,396.4,191.6,267.0,19.96,1.720
834,396.4,191.4,267.0,19.96,1.720
834,396.4,191.1,267.0,19.96,1.720
834,396.4,190.8,267.0,19.96,1.720
834,396.4,190.5,267.0,19.96,1.720
834,396.4,193.2,267.0,20.33,1.720
834,396.4,192.9,267.0,20.33,1.844
834,396.4,192.7,267.0,20.33,1.844
834,396.4,192.4,267.0,20.33,1.844
834,396.4,192.1,267.0,20.33,1.844
834,396.4,194.8,267.0,20.33,1.844
834,396.4,194.5,267.0,20.33,1.844
834,396.4,194.2,267.0,20.33,1.844
834,396.4,193.9,267.0,20.33,1.844
834,396.4,193.7,267.0,20.33,1.844
834,396.4,193.4,267.0,20.33,1.844
834,396.4,193.1,267.0,20.33,1.844
834,396.4,192.9,267.0,20.33,1.844
834,396.4,192.6,267.0,20.33,1.844
834,396.4,192.3,267.0,20.33,1.844
834,396.4,192.0,267.0,20.33,1.844
834,396.4,194.7,267.0,20.33,1.844
834,396.4,194.4,267.0,20.33,1.844
834,396.4,194.2,267.0,20.33,1.844
834,396.4,193.9,267.0,20.33,1.844
834,396.4,193.6,267.0,20.33,1.844
834,396.4,193.3,267.0,20.33,1.844
834,396.4,193.1,267.0,20.33,1.844
834,396.4,192.8,267.0,20.33,1.844
834,396.4,192.5,267.0,20.33,1.844
834,396.4,192.2,267.0,20.33,1.844
834,396.4,191.9,267.0,19.96,1.844
834,396.4,191.7,267.0,19.96,1.720
834,396.4,191.4,267.0,19.96,1.720
834,396.4,191.1,267.0,19.96,1.720
834,396.4,190.9,267.0,19.96,1.720
834,396.4,190.6,267.0,19.96,1.720
834,396.4,193.2,267.0,20.33,1.720
834,396.4,193.0,267.0,20.33,1.844
834,396.4,192.7,267.0,20.33,1.844
834,396.4,192.4,267.0,20.33,1.844
834,396.4,192.1,267.0,20.33,1.844
834,396.4,191.9,267.0,19.96,1.844
834,396.4,191.6,267.0,19.96,1.720
834,396.4,191.3,267.0,19.96,1.720
834,396.4,191.0,267.0,19.96,1.720
834,396.4,190.8,267.0,19.96,1.720
834,396.4,190.5,267.0,19.96,1.720
834,396.4,193.2,267.0,20.33,1.720
834,396.4,192.9,267.0,20.33,1.844
834,396.4,192.6,267.0,20.33,1.844
834,396.4,192.3,267.0,20.33,1.844
834,396.4,192.1,267.0,20.33,1.844
834,396.4,194.7,267.0,20.33,1.844
834,396.4,194.5,267.0,20.33,1.844
834,396.4,194.2,267.0,20.33,1.844
834,396.4,193.9,267.0,20.33,1.844
834,396.4,193.6,267.0,20.33,1.844
834,396.4,193.3,267.0,20.33,1.844
834,396.4,193.1,267.0,20.33,1.844
834,396.4,192.8,267.0,20.33,1.844
834,396.4,192.5,267.0,20.33,1.844
834,396.4,192.2,267.0,20.33,1.844
834,396.4,192.0,267.0,19.96,1.844
834,396.4,191.7,267.0,19.96,1.720
834,396.4,191.4,267.0,19.96,1.720
834,396.4,191.2,267.0,19.96,1.720
834,396.4,190.9,267.0,19.96,1.720
834,396.4,190.6,267.0,19.96,1.720
834,396.4,193.3,267.0,20.33,1.720
834,396.4,193.0,267.0,20.33,1.844
834,396.4,192.7,267.0,20.33,1.844
834,396.4,192.5,267.0,20.33,1.844
834,396.4,192.2,267.0,20.33,1.844
834,396.4,191.9,267.0,19.96,1.844
834,396.4,191.6,267.0,19.96,1.720
834,396.4,191.3,267.0,19.96,1.720
834,396.4,191.1,267.0,19.96,1.720
834,396.4,190.8,267.0,19.96,1.720
834,396.4,190.5,267.0,19.96,1.720
834,396.4,193.2,267.0,20.33,1.720
834,396.4,192.9,267.0,20.33,1.844
834,396.4,192.6,267.0,20.33,1.844
834,396.4,192.4,267.0,20.33,1.844
834,396.4,192.1,267.0,20.33,1.844
834,396.4,194.8,267.0,20.33,1.844
834,396.4,194.5,267.0,20.33,1.844
834,396.4,194.2,267.0,20.33,1.844
834,396.4,193.9,267.0,20.33,1.844
834,396.4,193.7,267.0,20.33,1.844
834,396.4,193.4,267.0,20.33,1.844
834,396.4,193.1,267.0,20.33,1.844
834,396.4,192.8,267.0,20.33,1.844
834,396.4,192.6,267.0,20.33,1.844
834,396.4,192.3,267.0,20.33,1.844
834,396.4,192.0,267.0,20.33,1.844
834,396.4,194.7,267.0,20.33,1.844
834,396.4,194.4,267.0,20.33,1.844
834,396.4,194.1,267.0,20.33,1.844
834,396.4,193.9,267.0,20.33,1.844
834,396.4,193.6,267.0,20.33,1.844
834,396.4,193.3,267.0,20.33,1.844
834,396.4,193.0,267.0,20.33,1.844
834,396.4,192.8,267.0,20.33,1.844
834,396.4,192.5,267.0,20.33,1.844
834,396.4,192.2,267.0,20.33,1.844
834,396.4,191.9,267.0,19.96,1.844
834,396.4,191.7,267.0,19.96,1.720
834,396.4,191.4,267.0,19.96,1.720
834,396.4,191.1,267.0,19.96,1.720
834,396.4,190.8,267.0,19.96,1.720
834,396.4,190.6,267.0,19.96,1.720
834,396.4,193.2,267.0,20.33,1.720
834,396.4,192.9,267.0,20.33,1.844
834,396.4,192.7,267.0,20.33,1.844
834,396.4,192.4,267.0,20.33,1.844
834,396.4,192.1,267.0,20.33,1.844
834,396.4,194.8,267.0,20.33,1.844
834,396.4,194.5,267.0,20.33,1.844
834,396.4,194.2,267.0,20.33,1.844
834,396.4,194.0,267.0,20.33,1.844
834,396.4,193.7,267.0,20.33,1.844
834,396.4,193.4,267.0,20.33,1.844
834,396.4,193.2,267.0,20.33,1.844
834,396.4,192.9,267.0,20.33,1.844
834,396.4,192.6,267.0,20.33,1.844
834,396.4,192.3,267.0,20.33,1.844
834,396.4,192.0,267.0,20.33,1.844
834,396.4,194.7,267.0,20.33,1.844
834,396.4,194.4,267.0,20.33,1.844
834,396.4,194.2,267.0,20.33,1.844
834,396.4,193.9,267.0,20.33,1.844
