pid,x,y,z,T,speed
0,429.8,240.4,262.7,21.35,0.507
0,425.3,235.6,262.8,21.03,0.445
0,420.9,230.8,262.8,21.03,0.816
0,418.9,224.5,262.3,19.60,0.816
0,416.0,219.3,267.0,19.52,1.021
0,413.2,214.1,267.0,19.64,1.247
0,410.3,210.8,267.0,19.64,1.591
0,407.4,207.6,267.0,19.53,1.591
0,407.4,204.3,267.0,19.53,1.684
0,407.4,203.8,267.0,19.62,1.684
0,407.4,203.4,267.0,19.62,1.846
0,407.4,202.9,267.0,19.62,1.846
0,407.4,202.4,267.0,19.62,1.846
0,407.4,201.9,267.0,19.62,1.846
0,407.4,201.4,267.0,19.62,1.846
0,407.4,200.9,267.0,19.62,1.846
0,407.4,200.5,267.0,19.62,1.846
0,407.4,200.0,267.0,19.62,1.846
0,407.4,199.5,267.0,19.62,1.846
0,407.4,199.0,267.0,19.62,1.846
0,407.4,198.5,267.0,19.62,1.846
0,407.4,198.0,267.0,19.62,1.846
0,407.4,197.6,267.0,19.62,1.846
0,407.4,197.1,267.0,19.62,1.846
0,407.4,196.6,267.0,19.62,1.846
0,407.4,196.1,267.0,19.62,1.846
0,407.4,195.6,267.0,19.62,1.846
0,407.4,195.2,267.0,19.62,1.846
0,407.4,194.7,267.0,19.62,1.846
0,407.4,194.2,267.0,19.62,1.846
0,407.4,193.7,267.0,19.62,1.846
0,407.4,193.2,267.0,19.62,1.846
0,407.4,192.7,267.0,19.62,1.846
0,407.4,192.3,267.0,19.62,1.846
0,407.4,191.8,267.0,19.30,1.846
0,407.4,191.3,267.0,19.30,1.734
0,407.4,190.8,267.0,19.30,1.734
0,407.4,190.3,267.0,19.30,1.734
0,407.4,192.8,267.0,19.62,1.734
0,407.4,192.3,267.0,19.62,1.846
0,407.4,191.8,267.0,19.30,1.846
0,407.4,191.3,267.0,19.30,1.734
0,407.4,190.9,267.0,19.30,1.734
0,407.4,190.4,267.0,19.30,1.734
0,407.4,192.8,267.0,19.62,1.734
0,407.4,192.4,267.0,19.62,1.846
0,407.4,191.9,267.0,19.30,1.846
0,407.4,191.4,267.0,19.30,1.734
0,407.4,190.9,267.0,19.30,1.734
0,407.4,190.4,267.0,19.30,1.734
0,407.4,192.9,267.0,19.62,1.734
0,407.4,192.4,267.0,19.62,1.846
0,407.4,191.9,267.0,19.30,1.846
0,407.4,191.5,267.0,19.30,1.734
0,407.4,191.0,267.0,19.30,1.734
0,407.4,190.5,267.0,19.30,1.734
0,407.4,192.9,267.0,19.62,1.734
0,407.4,192.5,267.0,19.62,1.846
0,407.4,192.0,267.0,19.30,1.846
0,407.4,191.5,267.0,19.30,1.734
0,407.4,191.0,267.0,19.30,1.734
0,407.4,190.5,267.0,19.30,1.734
0,407.4,193.0,267.0,19.62,1.734
0,407.4,192.5,267.0,19.62,1.846
0,407.4,192.0,267.0,19.62,1.846
0,407.4,194.5,267.0,19.62,1.846
0,407.4,194.0,267.0,19.62,1.846
0,407.4,193.5,267.0,19.62,1.846
0,407.4,193.1,267.0,19.62,1.846
0,407.4,192.6,267.0,19.62,1.846
0,407.4,192.1,267.0,19.62,1.846
0,407.4,194.6,267.0,19.62,1.846
0,407.4,194.1,267.0,19.62,1.846
0,407.4,193.6,267.0,19.62,1.846
0,407.4,193.1,267.0,19.62,1.846
0,407.4,192.6,267.0,19.62,1.846
0,407.4,192.1,267.0,19.62,1.846
0,407.4,194.6,267.0,19.62,1.846
0,407.4,194.1,267.0,19.62,1.846
0,407.4,193.6,267.0,19.62,1.846
0,407.4,193.2,267.0,19.62,1.846
0,407.4,192.7,267.0,19.62,1.846
0,407.4,192.2,267.0,19.62,1.846
0,407.4,194.7,267.0,19.62,1.846
0,407.4,194.2,267.0,19.62,1.846
0,407.4,193.7,267.0,19.62,1.846
0,407.4,193.2,267.0,19.62,1.846
0,407.4,192.7,267.0,19.62,1.846
0,407.4,192.2,267.0,19.62,1.846
0,407.4,191.8,267.0,19.30,1.846
0,407.4,191.3,267.0,19.30,1.734
0,407.4,190.8,267.0,19.30,1.734
0,407.4,190.3,267.0,19.30,1.734
0,407.4,192.8,267.0,19.62,1.734
0,407.4,192.3,267.0,19.62,1.846
0,407.4,191.8,267.0,19.30,1.846
0,407.4,191.3,267.0,19.30,1.734
0,407.4,190.9,267.0,19.30,1.734
0,407.4,190.4,267.0,19.30,1.734
0,407.4,192.8,267.0,19.62,1.734
0,407.4,192.3,267.0,19.62,1.846
0,407.4,191.9,267.0,19.30,1.846
0,407.4,191.4,267.0,19.30,1.734
0,407.4,190.9,267.0,19.30,1.734
0,407.4,190.4,267.0,19.30,1.734
0,407.4,192.9,267.0,19.62,1.734
0,407.4,192.4,267.0,19.62,1.846
0,407.4,191.9,267.0,19.30,1.846
0,407.4,191.4,267.0,19.30,1.734
0,407.4,191.0,267.0,19.30,1.734
0,407.4,190.5,267.0,19.30,1.734
0,407.4,192.9,267.0,19.62,1.734
0,407.4,192.5,267.0,19.62,1.846
0,407.4,192.0,267.0,19.30,1.846
0,407.4,191.5,267.0,19.30,1.734
0,407.4,191.0,267.0,19.30,1.734
0,407.4,190.5,267.0,19.30,1.734
0,407.4,193.0,267.0,19.62,1.734
0,407.4,192.5,267.0,19.62,1.846
0,407.4,192.0,267.0,19.62,1.846
0,407.4,194.5,267.0,19.62,1.846
0,407.4,194.0,267.0,19.62,1.846
0,407.4,193.5,267.0,19.62,1.846
0,407.4,193.1,267.0,19.62,1.846
0,407.4,192.6,267.0,19.62,1.846
0,407.4,192.1,267.0,19.62,1.846
0,407.4,194.6,267.0,19.62,1.846
0,407.4,194.1,267.0,19.62,1.846
0,407.4,193.6,267.0,19.62,1.846
0,407.4,193.1,267.0,19.62,1.846
0,407.4,192.6,267.0,19.62,1.846
0,407.4,192.1,267.0,19.62,1.846
0,407.4,194.6,267.0,19.62,1.846
0,407.4,194.1,267.0,19.62,1.846
0,407.4,193.6,267.0,19.62,1.846
0,407.4,193.2,267.0,19.62,1.846
0,407.4,192.7,267.0,19.62,1.846
0,407.4,192.2,267.0,19.62,1.846
0,407.4,194.6,267.0,19.62,1.846
0,407.4,194.2,267.0,19.62,1.846
0,407.4,193.7,267.0,19.62,1.846
0,407.4,193.2,267.0,19.62,1.846
0,407.4,192.7,267.0,19.62,1.846
0,407.4,192.2,267.0,19.62,1.846
0,407.4,191.8,267.0,19.30,1.846
0,407.4,191.3,267.0,19.30,1.734
0,407.4,190.8,267.0,19.30,1.734
0,407.4,190.3,267.0,19.30,1.734
0,407.4,192.8,267.0,19.62,1.734
0,407.4,192.3,267.0,19.62,1.846
0,407.4,191.8,267.0,19.30,1.846
0,407.4,191.3,267.0,19.30,1.734
0,407.4,190.9,267.0,19.30,1.734
0,407.4,190.4,267.0,19.30,1.734
0,407.4,192.8,267.0,19.62,1.734
0,407.4,192.3,267.0,19.62,1.846
0,407.4,191.9,267.0,19.30,1.846
0,407.4,191.4,267.0,19.30,1.734
0,407.4,190.9,267.0,19.30,1.734
0,407.4,190.4,267.0,19.30,1.734
6,433.5,220.0,258.2,19.21,1.199
6,427.9,216.2,258.4,20.30,1.036
6,421.8,213.8,258.0,19.44,0.849
6,419.2,210.8,267.0,19.64,0.817
6,416.3,207.6,267.0,19.64,1.591
6,413.4,204.3,267.0,19.64,1.591
6,410.5,203.8,267.0,19.51,1.591
6,407.6,203.3,267.0,19.62,1.704
6,407.6,202.8,267.0,19.62,1.846
6,407.6,202.3,267.0,19.62,1.846
6,407.6,201.9,267.0,19.62,1.846
6,407.6,201.4,267.0,19.62,1.846
6,407.6,200.9,267.0,19.62,1.846
6,407.6,200.4,267.0,19.62,1.846
6,407.6,199.9,267.0,19.62,1.846
6,407.6,199.4,267.0,19.62,1.846
6,407.6,199.0,267.0,19.62,1.846
6,407.6,198.5,267.0,19.62,1.846
6,407.6,198.0,267.0,19.62,1.846
6,407.6,197.5,267.0,19.62,1.846
6,407.6,197.0,267.0,19.62,1.846
6,407.6,196.6,267.0,19.62,1.846
6,407.6,196.1,267.0,19.62,1.846
6,407.6,195.6,267.0,19.62,1.846
6,407.6,195.1,267.0,19.62,1.846
6,407.6,194.6,267.0,19.62,1.846
6,407.6,194.1,267.0,19.62,1.846
6,407.6,193.7,267.0,19.62,1.846
6,407.6,193.2,267.0,19.62,1.846
6,407.6,192.7,267.0,19.62,1.846
6,407.6,192.2,267.0,19.62,1.846
6,407.6,194.7,267.0,19.62,1.846
6,407.6,194.2,267.0,19.62,1.846
6,407.6,193.7,267.0,19.62,1.846
6,407.6,193.2,267.0,19.62,1.846
6,407.6,192.8,267.0,19.62,1.846
6,407.6,192.3,267.0,19.62,1.846
6,407.6,191.8,267.0,19.30,1.846
6,407.6,191.3,267.0,19.30,1.734
6,407.6,190.8,267.0,19.30,1.734
6,407.6,190.3,267.0,19.30,1.734
6,407.6,192.8,267.0,19.62,1.734
6,407.6,192.3,267.0,19.62,1.846
6,407.6,191.8,267.0,19.30,1.846
6,407.6,191.3,267.0,19.30,1.734
6,407.6,190.9,267.0,19.30,1.734
6,407.6,190.4,267.0,19.30,1.734
6,407.6,192.9,267.0,19.62,1.734
6,407.6,192.4,267.0,19.62,1.846
6,407.6,191.9,267.0,19.30,1.846
6,407.6,191.4,267.0,19.30,1.734
6,407.6,190.9,267.0,19.30,1.734
6,407.6,190.4,267.0,19.30,1.734
6,407.6,192.9,267.0,19.62,1.734
6,407.6,192.4,267.0,19.62,1.846
6,407.6,191.9,267.0,19.30,1.846
6,407.6,191.5,267.0,19.30,1.734
6,407.6,191.0,267.0,19.30,1.734
6,407.6,190.5,267.0,19.30,1.734
6,407.6,193.0,267.0,19.62,1.734
6,407.6,192.5,267.0,19.62,1.846
6,407.6,192.0,267.0,19.30,1.846
6,407.6,191.5,267.0,19.30,1.734
6,407.6,191.0,267.0,19.30,1.734
6,407.6,190.6,267.0,19.30,1.734
6,407.6,193.0,267.0,19.62,1.734
6,407.6,192.5,267.0,19.62,1.846
6,407.6,192.1,267.0,19.62,1.846
6,407.6,194.5,267.0,19.62,1.846
6,407.6,194.0,267.0,19.62,1.846
6,407.6,193.6,267.0,19.62,1.846
6,407.6,193.1,267.0,19.62,1.846
6,407.6,192.6,267.0,19.62,1.846
6,407.6,192.1,267.0,19.62,1.846
6,407.6,194.6,267.0,19.62,1.846
6,407.6,194.1,267.0,19.62,1.846
6,407.6,193.6,267.0,19.62,1.846
6,407.6,193.1,267.0,19.62,1.846
6,407.6,192.6,267.0,19.62,1.846
6,407.6,192.2,267.0,19.62,1.846
6,407.6,194.6,267.0,19.62,1.846
6,407.6,194.1,267.0,19.62,1.846
6,407.6,193.7,267.0,19.62,1.846
6,407.6,193.2,267.0,19.62,1.846
6,407.6,192.7,267.0,19.62,1.846
6,407.6,192.2,267.0,19.62,1.846
6,407.6,194.7,267.0,19.62,1.846
6,407.6,194.2,267.0,19.62,1.846
6,407.6,193.7,267.0,19.62,1.846
6,407.6,193.2,267.0,19.62,1.846
6,407.6,192.7,267.0,19.62,1.846
6,407.6,192.3,267.0,19.62,1.846
6,407.6,191.8,267.0,19.30,1.846
6,407.6,191.3,267.0,19.30,1.734
6,407.6,190.8,267.0,19.30,1.734
6,407.6,190.3,267.0,19.30,1.734
6,407.6,192.8,267.0,19.62,1.734
6,407.6,192.3,267.0,19.62,1.846
6,407.6,191.8,267.0,19.30,1.846
6,407.6,191.3,267.0,19.30,1.734
6,407.6,190.9,267.0,19.30,1.734
6,407.6,190.4,267.0,19.30,1.734
6,407.6,192.9,267.0,19.62,1.734
6,407.6,192.4,267.0,19.62,1.846
6,407.6,191.9,267.0,19.30,1.846
6,407.6,191.4,267.0,19.30,1.734
6,407.6,190.9,267.0,19.30,1.734
6,407.6,190.4,267.0,19.30,1.734
6,407.6,192.9,267.0,19.62,1.734
6,407.6,192.4,267.0,19.62,1.846
6,407.6,191.9,267.0,19.30,1.846
6,407.6,191.5,267.0,19.30,1.734
6,407.6,191.0,267.0,19.30,1.734
6,407.6,190.5,267.0,19.30,1.734
6,407.6,192.9,267.0,19.62,1.734
6,407.6,192.5,267.0,19.62,1.846
6,407.6,192.0,267.0,19.30,1.846
6,407.6,191.5,267.0,19.30,1.734
6,407.6,191.0,267.0,19.30,1.734
6,407.6,190.5,267.0,19.30,1.734
6,407.6,193.0,267.0,19.62,1.734
6,407.6,192.5,267.0,19.62,1.846
6,407.6,192.0,267.0,19.62,1.846
6,407.6,194.5,267.0,19.62,1.846
6,407.6,194.0,267.0,19.62,1.846
6,407.6,193.5,267.0,19.62,1.846
6,407.6,193.1,267.0,19.62,1.846
6,407.6,192.6,267.0,19.62,1.846
6,407.6,192.1,267.0,19.62,1.846
6,407.6,194.6,267.0,19.62,1.846
6,407.6,194.1,267.0,19.62,1.846
6,407.6,193.6,267.0,19.62,1.846
6,407.6,193.1,267.0,19.62,1.846
6,407.6,192.6,267.0,19.62,1.846
6,407.6,192.1,267.0,19.62,1.846
6,407.6,194.6,267.0,19.62,1.846
6,407.6,194.1,267.0,19.62,1.846
6,407.6,193.6,267.0,19.62,1.846
6,407.6,193.2,267.0,19.62,1.846
6,407.6,192.7,267.0,19.62,1.846
6,407.6,192.2,267.0,19.62,1.846
6,407.6,194.7,267.0,19.62,1.846
6,407.6,194.2,267.0,19.62,1.846
6,407.6,193.7,267.0,19.62,1.846
6,407.6,193.2,267.0,19.62,1.846
6,407.6,192.7,267.0,19.62,1.846
6,407.6,192.2,267.0,19.62,1.846
6,407.6,191.8,267.0,19.30,1.846
6,407.6,191.3,267.0,19.30,1.734
6,407.6,190.8,267.0,19.30,1.734
6,407.6,190.3,267.0,19.30,1.734
6,407.6,192.8,267.0,19.62,1.734
6,407.6,192.3,267.0,19.62,1.846
6,407.6,191.8,267.0,19.30,1.846
6,407.6,191.3,267.0,19.30,1.734
6,407.6,190.9,267.0,19.30,1.734
6,407.6,190.4,267.0,19.30,1.734
6,407.6,192.8,267.0,19.62,1.734
6,407.6,192.4,267.0,19.62,1.846
6,407.6,191.9,267.0,19.30,1.846
12,378.5,175.2,265.1,20.36,0.967
12,383.2,181.4,265.3,19.83,0.967
12,386.1,183.8,267.0,19.55,1.252
12,389.0,186.2,267.0,19.55,1.625
12,391.9,188.6,267.0,19.55,1.625
12,394.8,191.0,267.0,19.55,1.625
12,394.8,190.6,267.0,19.55,1.625
12,394.8,193.0,267.0,19.51,1.625
12,394.8,192.5,267.0,19.51,1.704
12,394.8,192.1,267.0,19.51,1.704
12,394.8,194.5,267.0,19.51,1.704
12,394.8,194.0,267.0,19.51,1.704
12,394.8,193.6,267.0,19.51,1.704
12,394.8,193.1,267.0,19.51,1.704
12,394.8,192.6,267.0,19.51,1.704
12,394.8,192.1,267.0,19.51,1.704
12,394.8,194.6,267.0,19.51,1.704
12,394.8,194.1,267.0,19.51,1.704
12,394.8,193.6,267.0,19.51,1.704
12,394.8,193.1,267.0,19.51,1.704
12,394.8,192.6,267.0,19.51,1.704
12,394.8,192.2,267.0,19.51,1.704
12,394.8,194.6,267.0,19.51,1.704
12,394.8,194.1,267.0,19.51,1.704
12,394.8,193.7,267.0,19.51,1.704
12,394.8,193.2,267.0,19.51,1.704
12,394.8,192.7,267.0,19.51,1.704
12,394.8,192.2,267.0,19.51,1.704
12,394.8,194.7,267.0,19.51,1.704
12,394.8,194.2,267.0,19.51,1.704
12,394.8,193.7,267.0,19.51,1.704
12,394.8,193.2,267.0,19.51,1.704
12,394.8,192.7,267.0,19.51,1.704
12,394.8,192.3,267.0,19.51,1.704
12,394.8,191.8,267.0,19.55,1.704
12,394.8,191.3,267.0,19.55,1.625
12,394.8,190.8,267.0,19.55,1.625
12,394.8,190.3,267.0,19.55,1.625
12,394.8,192.8,267.0,19.51,1.625
12,394.8,192.3,267.0,19.51,1.704
12,394.8,191.8,267.0,19.55,1.704
12,394.8,191.3,267.0,19.55,1.625
12,394.8,190.9,267.0,19.55,1.625
12,394.8,190.4,267.0,19.55,1.625
12,394.8,192.9,267.0,19.51,1.625
12,394.8,192.4,267.0,19.51,1.704
12,394.8,191.9,267.0,19.55,1.704
12,394.8,191.4,267.0,19.55,1.625
12,394.8,190.9,267.0,19.55,1.625
12,394.8,190.4,267.0,19.55,1.625
12,394.8,192.9,267.0,19.51,1.625
12,394.8,192.4,267.0,19.51,1.704
12,394.8,191.9,267.0,19.55,1.704
12,394.8,191.5,267.0,19.55,1.625
12,394.8,191.0,267.0,19.55,1.625
12,394.8,190.5,267.0,19.55,1.625
12,394.8,192.9,267.0,19.51,1.625
12,394.8,192.5,267.0,19.51,1.704
12,394.8,192.0,267.0,19.55,1.704
12,394.8,191.5,267.0,19.55,1.625
12,394.8,191.0,267.0,19.55,1.625
12,394.8,190.5,267.0,19.55,1.625
12,394.8,193.0,267.0,19.51,1.625
12,394.8,192.5,267.0,19.51,1.704
12,394.8,192.0,267.0,19.51,1.704
12,394.8,194.5,267.0,19.51,1.704
12,394.8,194.0,267.0,19.51,1.704
12,394.8,193.5,267.0,19.51,1.704
12,394.8,193.1,267.0,19.51,1.704
12,394.8,192.6,267.0,19.51,1.704
12,394.8,192.1,267.0,19.51,1.704
12,394.8,194.6,267.0,19.51,1.704
12,394.8,194.1,267.0,19.51,1.704
12,394.8,193.6,267.0,19.51,1.704
12,394.8,193.1,267.0,19.51,1.704
12,394.8,192.6,267.0,19.51,1.704
12,394.8,192.2,267.0,19.51,1.704
12,394.8,194.6,267.0,19.51,1.704
12,394.8,194.1,267.0,19.51,1.704
12,394.8,193.7,267.0,19.51,1.704
12,394.8,193.2,267.0,19.51,1.704
12,394.8,192.7,267.0,19.51,1.704
12,394.8,192.2,267.0,19.51,1.704
12,394.8,194.7,267.0,19.51,1.704
12,394.8,194.2,267.0,19.51,1.704
12,394.8,193.7,267.0,19.51,1.704
12,394.8,193.2,267.0,19.51,1.704
12,394.8,192.7,267.0,19.51,1.704
12,394.8,192.2,267.0,19.51,1.704
12,394.8,194.7,267.0,19.51,1.704
12,394.8,194.2,267.0,19.51,1.704
12,394.8,193.8,267.0,19.51,1.704
12,394.8,193.3,267.0,19.51,1.704
12,394.8,192.8,267.0,19.51,1.704
12,394.8,192.3,267.0,19.51,1.704
12,394.8,191.8,267.0,19.55,1.704
12,394.8,191.3,267.0,19.55,1.625
12,394.8,190.9,267.0,19.55,1.625
12,394.8,190.4,267.0,19.55,1.625
12,394.8,192.8,267.0,19.51,1.625
12,394.8,192.4,267.0,19.51,1.704
12,394.8,191.9,267.0,19.55,1.704
12,394.8,191.4,267.0,19.55,1.625
12,394.8,190.9,267.0,19.55,1.625
12,394.8,190.4,267.0,19.55,1.625
12,394.8,192.9,267.0,19.51,1.625
12,394.8,192.4,267.0,19.51,1.704
12,394.8,191.9,267.0,19.55,1.704
12,394.8,191.5,267.0,19.55,1.625
12,394.8,191.0,267.0,19.55,1.625
12,394.8,190.5,267.0,19.55,1.625
12,394.8,192.9,267.0,19.51,1.625
12,394.8,192.5,267.0,19.51,1.704
12,394.8,192.0,267.0,19.55,1.704
12,394.8,191.5,267.0,19.55,1.625
12,394.8,191.0,267.0,19.55,1.625
12,394.8,190.5,267.0,19.55,1.625
12,394.8,193.0,267.0,19.51,1.625
12,394.8,192.5,267.0,19.51,1.704
12,394.8,192.0,267.0,19.51,1.704
12,394.8,194.5,267.0,19.51,1.704
12,394.8,194.0,267.0,19.51,1.704
12,394.8,193.5,267.0,19.51,1.704
12,394.8,193.1,267.0,19.51,1.704
12,394.8,192.6,267.0,19.51,1.704
12,394.8,192.1,267.0,19.51,1.704
12,394.8,194.6,267.0,19.51,1.704
12,394.8,194.1,267.0,19.51,1.704
12,394.8,193.6,267.0,19.51,1.704
12,394.8,193.1,267.0,19.51,1.704
12,394.8,192.6,267.0,19.51,1.704
12,394.8,192.1,267.0,19.51,1.704
12,394.8,194.6,267.0,19.51,1.704
12,394.8,194.1,267.0,19.51,1.704
12,394.8,193.6,267.0,19.51,1.704
12,394.8,193.2,267.0,19.51,1.704
12,394.8,192.7,267.0,19.51,1.704
12,394.8,192.2,267.0,19.51,1.704
12,394.8,194.7,267.0,19.51,1.704
12,394.8,194.2,267.0,19.51,1.704
12,394.8,193.7,267.0,19.51,1.704
12,394.8,193.2,267.0,19.51,1.704
12,394.8,192.7,267.0,19.51,1.704
12,394.8,192.2,267.0,19.51,1.704
12,394.8,194.7,267.0,19.51,1.704
12,394.8,194.2,267.0,19.51,1.704
12,394.8,193.8,267.0,19.51,1.704
12,394.8,193.3,267.0,19.51,1.704
12,394.8,192.8,267.0,19.51,1.704
12,394.8,192.3,267.0,19.51,1.704
12,394.8,191.8,267.0,19.55,1.704
12,394.8,191.3,267.0,19.55,1.625
12,394.8,190.9,267.0,19.55,1.625
12,394.8,190.4,267.0,19.55,1.625
12,394.8,192.8,267.0,19.51,1.625
12,394.8,192.3,267.0,19.51,1.704
12,394.8,191.9,267.0,19.55,1.704
12,394.8,191.4,267.0,19.55,1.625
12,394.8,190.9,267.0,19.55,1.625
12,394.8,190.4,267.0,19.55,1.625
18,371.0,188.9,264.5,18.96,0.861
18,376.0,191.2,267.0,19.83,0.861
18,381.0,190.7,267.0,19.83,1.252
18,386.0,193.0,267.0,19.51,1.252
18,388.9,192.5,267.0,19.51,1.704
18,391.8,192.0,267.0,19.55,1.704
18,394.7,191.4,267.0,19.55,1.625
18,394.7,191.0,267.0,19.55,1.625
18,394.7,190.5,267.0,19.55,1.625
18,394.7,192.9,267.0,19.51,1.625
18,394.7,192.5,267.0,19.51,1.704
18,394.7,192.0,267.0,19.55,1.704
18,394.7,191.5,267.0,19.55,1.625
18,394.7,191.0,267.0,19.55,1.625
18,394.7,190.5,267.0,19.55,1.625
18,394.7,193.0,267.0,19.51,1.625
18,394.7,192.5,267.0,19.51,1.704
18,394.7,192.0,267.0,19.51,1.704
18,394.7,194.5,267.0,19.51,1.704
18,394.7,194.0,267.0,19.51,1.704
18,394.7,193.5,267.0,19.51,1.704
18,394.7,193.1,267.0,19.51,1.704
18,394.7,192.6,267.0,19.51,1.704
18,394.7,192.1,267.0,19.51,1.704
18,394.7,194.6,267.0,19.51,1.704
18,394.7,194.1,267.0,19.51,1.704
18,394.7,193.6,267.0,19.51,1.704
18,394.7,193.1,267.0,19.51,1.704
18,394.7,192.6,267.0,19.51,1.704
18,394.7,192.1,267.0,19.51,1.704
18,394.7,194.6,267.0,19.51,1.704
18,394.7,194.1,267.0,19.51,1.704
18,394.7,193.6,267.0,19.51,1.704
18,394.7,193.2,267.0,19.51,1.704
18,394.7,192.7,267.0,19.51,1.704
18,394.7,192.2,267.0,19.51,1.704
18,394.7,194.6,267.0,19.51,1.704
18,394.7,194.2,267.0,19.51,1.704
18,394.7,193.7,267.0,19.51,1.704
18,394.7,193.2,267.0,19.51,1.704
18,394.7,192.7,267.0,19.51,1.704
18,394.7,192.2,267.0,19.51,1.704
18,394.7,194.7,267.0,19.51,1.704
18,394.7,194.2,267.0,19.51,1.704
18,394.7,193.7,267.0,19.51,1.704
18,394.7,193.3,267.0,19.51,1.704
18,394.7,192.8,267.0,19.51,1.704
18,394.7,192.3,267.0,19.51,1.704
18,394.7,191.8,267.0,19.55,1.704
18,394.7,191.3,267.0,19.55,1.625
18,394.7,190.9,267.0,19.55,1.625
18,394.7,190.4,267.0,19.55,1.625
18,394.7,192.8,267.0,19.51,1.625
18,394.7,192.3,267.0,19.51,1.704
18,394.7,191.9,267.0,19.55,1.704
18,394.7,191.4,267.0,19.55,1.625
18,394.7,190.9,267.0,19.55,1.625
18,394.7,190.4,267.0,19.55,1.625
18,394.7,192.9,267.0,19.51,1.625
18,394.7,192.4,267.0,19.51,1.704
18,394.7,191.9,267.0,19.55,1.704
18,394.7,191.4,267.0,19.55,1.625
18,394.7,190.9,267.0,19.55,1.625
18,394.7,190.5,267.0,19.55,1.625
18,394.7,192.9,267.0,19.51,1.625
18,394.7,192.5,267.0,19.51,1.704
18,394.7,192.0,267.0,19.55,1.704
18,394.7,191.5,267.0,19.55,1.625
18,394.7,191.0,267.0,19.55,1.625
18,394.7,190.5,267.0,19.55,1.625
18,394.7,193.0,267.0,19.51,1.625
18,394.7,192.5,267.0,19.51,1.704
18,394.7,192.0,267.0,19.51,1.704
18,394.7,194.5,267.0,19.51,1.704
18,394.7,194.0,267.0,19.51,1.704
18,394.7,193.5,267.0,19.51,1.704
18,394.7,193.0,267.0,19.51,1.704
18,394.7,192.6,267.0,19.51,1.704
18,394.7,192.1,267.0,19.51,1.704
18,394.7,194.5,267.0,19.51,1.704
18,394.7,194.1,267.0,19.51,1.704
18,394.7,193.6,267.0,19.51,1.704
18,394.7,193.1,267.0,19.51,1.704
18,394.7,192.6,267.0,19.51,1.704
18,394.7,192.1,267.0,19.51,1.704
18,394.7,194.6,267.0,19.51,1.704
18,394.7,194.1,267.0,19.51,1.704
18,394.7,193.6,267.0,19.51,1.704
18,394.7,193.2,267.0,19.51,1.704
18,394.7,192.7,267.0,19.51,1.704
18,394.7,192.2,267.0,19.51,1.704
18,394.7,194.6,267.0,19.51,1.704
18,394.7,194.2,267.0,19.51,1.704
18,394.7,193.7,267.0,19.51,1.704
18,394.7,193.2,267.0,19.51,1.704
18,394.7,192.7,267.0,19.51,1.704
18,394.7,192.2,267.0,19.51,1.704
18,394.7,194.7,267.0,19.51,1.704
18,394.7,194.2,267.0,19.51,1.704
18,394.7,193.7,267.0,19.51,1.704
18,394.7,193.2,267.0,19.51,1.704
18,394.7,192.8,267.0,19.51,1.704
18,394.7,192.3,267.0,19.51,1.704
18,394.7,191.8,267.0,19.55,1.704
18,394.7,191.3,267.0,19.55,1.625
18,394.7,190.8,267.0,19.55,1.625
18,394.7,190.4,267.0,19.55,1.625
18,394.7,192.8,267.0,19.51,1.625
18,394.7,192.3,267.0,19.51,1.704
18,394.7,191.9,267.0,19.55,1.704
18,394.7,191.4,267.0,19.55,1.625
18,394.7,190.9,267.0,19.55,1.625
18,394.7,190.4,267.0,19.55,1.625
18,394.7,192.9,267.0,19.51,1.625
18,394.7,192.4,267.0,19.51,1.704
18,394.7,191.9,267.0,19.55,1.704
18,394.7,191.4,267.0,19.55,1.625
18,394.7,190.9,267.0,19.55,1.625
18,394.7,190.5,267.0,19.55,1.625
18,394.7,192.9,267.0,19.51,1.625
18,394.7,192.5,267.0,19.51,1.704
18,394.7,192.0,267.0,19.55,1.704
18,394.7,191.5,267.0,19.55,1.625
18,394.7,191.0,267.0,19.55,1.625
18,394.7,190.5,267.0,19.55,1.625
18,394.7,193.0,267.0,19.51,1.625
18,394.7,192.5,267.0,19.51,1.704
18,394.7,192.0,267.0,19.51,1.704
18,394.7,194.5,267.0,19.51,1.704
18,394.7,194.0,267.0,19.51,1.704
18,394.7,193.5,267.0,19.51,1.704
18,394.7,193.0,267.0,19.51,1.704
18,394.7,192.6,267.0,19.51,1.704
18,394.7,192.1,267.0,19.51,1.704
18,394.7,194.5,267.0,19.51,1.704
18,394.7,194.0,267.0,19.51,1.704
18,394.7,193.6,267.0,19.51,1.704
18,394.7,193.1,267.0,19.51,1.704
18,394.7,192.6,267.0,19.51,1.704
18,394.7,192.1,267.0,19.51,1.704
18,394.7,194.6,267.0,19.51,1.704
18,394.7,194.1,267.0,19.51,1.704
18,394.7,193.6,267.0,19.51,1.704
18,394.7,193.1,267.0,19.51,1.704
18,394.7,192.7,267.0,19.51,1.704
18,394.7,192.2,267.0,19.51,1.704
18,394.7,194.6,267.0,19.51,1.704
18,394.7,194.2,267.0,19.51,1.704
18,394.7,193.7,267.0,19.51,1.704
18,394.7,193.2,267.0,19.51,1.704
18,394.7,192.7,267.0,19.51,1.704
18,394.7,192.2,267.0,19.51,1.704
18,394.7,194.7,267.0,19.51,1.704
18,394.7,194.2,267.0,19.51,1.704
18,394.7,193.7,267.0,19.51,1.704
18,394.7,193.2,267.0,19.51,1.704
18,394.7,192.8,267.0,19.51,1.704
18,394.7,192.3,267.0,19.51,1.704
18,394.7,191.8,267.0,19.55,1.704
18,394.7,191.3,267.0,19.55,1.625
24,387.3,160.9,257.5,18.49,1.273
24,388.4,165.5,250.0,19.54,1.105
24,389.1,169.3,244.2,19.64,0.875
24,390.4,173.8,243.1,19.64,0.601
24,391.7,178.3,242.1,19.64,0.601
24,393.9,179.8,246.6,19.64,0.601
24,396.1,181.3,251.1,19.67,0.601
24,396.1,183.6,261.5,19.37,0.677
24,396.1,186.1,267.0,19.30,1.327
24,396.1,188.6,267.0,19.30,1.734
24,396.1,191.0,267.0,19.30,1.734
24,396.1,190.5,267.0,19.30,1.734
24,396.1,193.0,267.0,19.62,1.734
24,396.1,192.5,267.0,19.62,1.846
24,396.1,192.0,267.0,19.62,1.846
24,396.1,194.5,267.0,19.62,1.846
24,396.1,194.0,267.0,19.62,1.846
24,396.1,193.5,267.0,19.62,1.846
24,396.1,193.1,267.0,19.62,1.846
24,396.1,192.6,267.0,19.62,1.846
24,396.1,192.1,267.0,19.62,1.846
24,396.1,194.6,267.0,19.62,1.846
24,396.1,194.1,267.0,19.62,1.846
24,396.1,193.6,267.0,19.62,1.846
24,396.1,193.1,267.0,19.62,1.846
24,396.1,192.6,267.0,19.62,1.846
24,396.1,192.1,267.0,19.62,1.846
24,396.1,194.6,267.0,19.62,1.846
24,396.1,194.1,267.0,19.62,1.846
24,396.1,193.6,267.0,19.62,1.846
24,396.1,193.2,267.0,19.62,1.846
24,396.1,192.7,267.0,19.62,1.846
24,396.1,192.2,267.0,19.62,1.846
24,396.1,194.7,267.0,19.62,1.846
24,396.1,194.2,267.0,19.62,1.846
24,396.1,193.7,267.0,19.62,1.846
24,396.1,193.2,267.0,19.62,1.846
24,396.1,192.7,267.0,19.62,1.846
24,396.1,192.2,267.0,19.62,1.846
24,396.1,191.8,267.0,19.30,1.846
24,396.1,191.3,267.0,19.30,1.734
24,396.1,190.8,267.0,19.30,1.734
24,396.1,190.3,267.0,19.30,1.734
24,396.1,192.8,267.0,19.62,1.734
24,396.1,192.3,267.0,19.62,1.846
24,396.1,191.8,267.0,19.30,1.846
24,396.1,191.3,267.0,19.30,1.734
24,396.1,190.9,267.0,19.30,1.734
24,396.1,190.4,267.0,19.30,1.734
24,396.1,192.8,267.0,19.62,1.734
24,396.1,192.4,267.0,19.62,1.846
24,396.1,191.9,267.0,19.30,1.846
24,396.1,191.4,267.0,19.30,1.734
24,396.1,190.9,267.0,19.30,1.734
24,396.1,190.4,267.0,19.30,1.734
24,396.1,192.9,267.0,19.62,1.734
24,396.1,192.4,267.0,19.62,1.846
24,396.1,191.9,267.0,19.30,1.846
24,396.1,191.4,267.0,19.30,1.734
24,396.1,191.0,267.0,19.30,1.734
24,396.1,190.5,267.0,19.30,1.734
24,396.1,192.9,267.0,19.62,1.734
24,396.1,192.5,267.0,19.62,1.846
24,396.1,192.0,267.0,19.30,1.846
24,396.1,191.5,267.0,19.30,1.734
24,396.1,191.0,267.0,19.30,1.734
24,396.1,190.5,267.0,19.30,1.734
24,396.1,193.0,267.0,19.62,1.734
24,396.1,192.5,267.0,19.62,1.846
24,396.1,192.0,267.0,19.62,1.846
24,396.1,194.5,267.0,19.62,1.846
24,396.1,194.0,267.0,19.62,1.846
24,396.1,193.5,267.0,19.62,1.846
24,396.1,193.1,267.0,19.62,1.846
24,396.1,192.6,267.0,19.62,1.846
24,396.1,192.1,267.0,19.62,1.846
24,396.1,194.6,267.0,19.62,1.846
24,396.1,194.1,267.0,19.62,1.846
24,396.1,193.6,267.0,19.62,1.846
24,396.1,193.1,267.0,19.62,1.846
24,396.1,192.6,267.0,19.62,1.846
24,396.1,192.1,267.0,19.62,1.846
24,396.1,194.6,267.0,19.62,1.846
24,396.1,194.1,267.0,19.62,1.846
24,396.1,193.6,267.0,19.62,1.846
24,396.1,193.2,267.0,19.62,1.846
24,396.1,192.7,267.0,19.62,1.846
24,396.1,192.2,267.0,19.62,1.846
24,396.1,194.7,267.0,19.62,1.846
24,396.1,194.2,267.0,19.62,1.846
24,396.1,193.7,267.0,19.62,1.846
24,396.1,193.2,267.0,19.62,1.846
24,396.1,192.7,267.0,19.62,1.846
24,396.1,192.2,267.0,19.62,1.846
24,396.1,191.8,267.0,19.30,1.846
24,396.1,191.3,267.0,19.30,1.734
24,396.1,190.8,267.0,19.30,1.734
24,396.1,190.3,267.0,19.30,1.734
24,396.1,192.8,267.0,19.62,1.734
24,396.1,192.3,267.0,19.62,1.846
24,396.1,191.8,267.0,19.30,1.846
24,396.1,191.3,267.0,19.30,1.734
24,396.1,190.9,267.0,19.30,1.734
24,396.1,190.4,267.0,19.30,1.734
24,396.1,192.8,267.0,19.62,1.734
24,396.1,192.3,267.0,19.62,1.846
24,396.1,191.9,267.0,19.30,1.846
24,396.1,191.4,267.0,19.30,1.734
24,396.1,190.9,267.0,19.30,1.734
24,396.1,190.4,267.0,19.30,1.734
24,396.1,192.9,267.0,19.62,1.734
24,396.1,192.4,267.0,19.62,1.846
24,396.1,191.9,267.0,19.30,1.846
24,396.1,191.4,267.0,19.30,1.734
24,396.1,190.9,267.0,19.30,1.734
24,396.1,190.5,267.0,19.30,1.734
24,396.1,192.9,267.0,19.62,1.734
24,396.1,192.5,267.0,19.62,1.846
24,396.1,192.0,267.0,19.30,1.846
24,396.1,191.5,267.0,19.30,1.734
24,396.1,191.0,267.0,19.30,1.734
24,396.1,190.5,267.0,19.30,1.734
24,396.1,193.0,267.0,19.62,1.734
24,396.1,192.5,267.0,19.62,1.846
24,396.1,192.0,267.0,19.62,1.846
24,396.1,194.5,267.0,19.62,1.846
24,396.1,194.0,267.0,19.62,1.846
24,396.1,193.5,267.0,19.62,1.846
24,396.1,193.0,267.0,19.62,1.846
24,396.1,192.6,267.0,19.62,1.846
24,396.1,192.1,267.0,19.62,1.846
24,396.1,194.5,267.0,19.62,1.846
24,396.1,194.1,267.0,19.62,1.846
24,396.1,193.6,267.0,19.62,1.846
24,396.1,193.1,267.0,19.62,1.846
24,396.1,192.6,267.0,19.62,1.846
24,396.1,192.1,267.0,19.62,1.846
24,396.1,194.6,267.0,19.62,1.846
24,396.1,194.1,267.0,19.62,1.846
24,396.1,193.6,267.0,19.62,1.846
24,396.1,193.2,267.0,19.62,1.846
24,396.1,192.7,267.0,19.62,1.846
24,396.1,192.2,267.0,19.62,1.846
24,396.1,194.6,267.0,19.62,1.846
24,396.1,194.2,267.0,19.62,1.846
24,396.1,193.7,267.0,19.62,1.846
24,396.1,193.2,267.0,19.62,1.846
24,396.1,192.7,267.0,19.62,1.846
24,396.1,192.2,267.0,19.62,1.846
24,396.1,194.7,267.0,19.62,1.846
24,396.1,194.2,267.0,19.62,1.846
24,396.1,193.7,267.0,19.62,1.846
24,396.1,193.2,267.0,19.62,1.846
24,396.1,192.8,267.0,19.62,1.846
24,396.1,192.3,267.0,19.62,1.846
24,396.1,191.8,267.0,19.30,1.846
24,396.1,191.3,267.0,19.30,1.734
24,396.1,190.8,267.0,19.30,1.734
24,396.1,190.4,267.0,19.30,1.734
24,396.1,192.8,267.0,19.62,1.734
30,368.5,225.3,264.9,19.56,1.016
30,374.9,220.5,264.8,20.22,1.000
30,380.0,215.3,267.0,19.60,1.169
30,385.0,212.1,267.0,19.64,1.261
30,387.9,208.9,267.0,19.64,1.591
30,390.8,205.6,267.0,19.64,1.591
30,393.6,202.4,267.0,19.51,1.591
30,396.6,201.9,267.0,19.62,1.704
30,396.6,201.4,267.0,19.62,1.846
30,396.6,200.9,267.0,19.62,1.846
30,396.6,200.4,267.0,19.62,1.846
30,396.6,199.9,267.0,19.62,1.846
30,396.6,199.4,267.0,19.62,1.846
30,396.6,199.0,267.0,19.62,1.846
30,396.6,198.5,267.0,19.62,1.846
30,396.6,198.0,267.0,19.62,1.846
30,396.6,197.5,267.0,19.62,1.846
30,396.6,197.0,267.0,19.62,1.846
30,396.6,196.6,267.0,19.62,1.846
30,396.6,196.1,267.0,19.62,1.846
30,396.6,195.6,267.0,19.62,1.846
30,396.6,195.1,267.0,19.62,1.846
30,396.6,194.6,267.0,19.62,1.846
30,396.6,194.2,267.0,19.62,1.846
30,396.6,193.7,267.0,19.62,1.846
30,396.6,193.2,267.0,19.62,1.846
30,396.6,192.7,267.0,19.62,1.846
30,396.6,192.2,267.0,19.62,1.846
30,396.6,194.7,267.0,19.62,1.846
30,396.6,194.2,267.0,19.62,1.846
30,396.6,193.7,267.0,19.62,1.846
30,396.6,193.2,267.0,19.62,1.846
30,396.6,192.8,267.0,19.62,1.846
30,396.6,192.3,267.0,19.62,1.846
30,396.6,191.8,267.0,19.30,1.846
30,396.6,191.3,267.0,19.30,1.734
30,396.6,190.8,267.0,19.30,1.734
30,396.6,190.3,267.0,19.30,1.734
30,396.6,192.8,267.0,19.62,1.734
30,396.6,192.3,267.0,19.62,1.846
30,396.6,191.8,267.0,19.30,1.846
30,396.6,191.4,267.0,19.30,1.734
30,396.6,190.9,267.0,19.30,1.734
30,396.6,190.4,267.0,19.30,1.734
30,396.6,192.9,267.0,19.62,1.734
30,396.6,192.4,267.0,19.62,1.846
30,396.6,191.9,267.0,19.30,1.846
30,396.6,191.4,267.0,19.30,1.734
30,396.6,190.9,267.0,19.30,1.734
30,396.6,190.5,267.0,19.30,1.734
30,396.6,192.9,267.0,19.62,1.734
30,396.6,192.4,267.0,19.62,1.846
30,396.6,191.9,267.0,19.30,1.846
30,396.6,191.5,267.0,19.30,1.734
30,396.6,191.0,267.0,19.30,1.734
30,396.6,190.5,267.0,19.30,1.734
30,396.6,193.0,267.0,19.62,1.734
30,396.6,192.5,267.0,19.62,1.846
30,396.6,192.0,267.0,19.62,1.846
30,396.6,191.5,267.0,19.30,1.734
30,396.6,191.0,267.0,19.30,1.734
30,396.6,190.6,267.0,19.30,1.734
30,396.6,193.0,267.0,19.62,1.734
30,396.6,192.5,267.0,19.62,1.846
30,396.6,192.1,267.0,19.62,1.846
30,396.6,194.5,267.0,19.62,1.846
30,396.6,194.0,267.0,19.62,1.846
30,396.6,193.6,267.0,19.62,1.846
30,396.6,193.1,267.0,19.62,1.846
30,396.6,192.6,267.0,19.62,1.846
30,396.6,192.1,267.0,19.62,1.846
30,396.6,194.6,267.0,19.62,1.846
30,396.6,194.1,267.0,19.62,1.846
30,396.6,193.6,267.0,19.62,1.846
30,396.6,193.1,267.0,19.62,1.846
30,396.6,192.6,267.0,19.62,1.846
30,396.6,192.2,267.0,19.62,1.846
30,396.6,194.6,267.0,19.62,1.846
30,396.6,194.1,267.0,19.62,1.846
30,396.6,193.7,267.0,19.62,1.846
30,396.6,193.2,267.0,19.62,1.846
30,396.6,192.7,267.0,19.62,1.846
30,396.6,192.2,267.0,19.62,1.846
30,396.6,194.7,267.0,19.62,1.846
30,396.6,194.2,267.0,19.62,1.846
30,396.6,193.7,267.0,19.62,1.846
30,396.6,193.2,267.0,19.62,1.846
30,396.6,192.8,267.0,19.62,1.846
30,396.6,192.3,267.0,19.62,1.846
30,396.6,191.8,267.0,19.30,1.846
30,396.6,191.3,267.0,19.30,1.734
30,396.6,190.8,267.0,19.30,1.734
30,396.6,190.3,267.0,19.30,1.734
30,396.6,192.8,267.0,19.62,1.734
30,396.6,192.3,267.0,19.62,1.846
30,396.6,191.8,267.0,19.30,1.846
30,396.6,191.3,267.0,19.30,1.734
30,396.6,190.9,267.0,19.30,1.734
30,396.6,190.4,267.0,19.30,1.734
30,396.6,192.9,267.0,19.62,1.734
30,396.6,192.4,267.0,19.62,1.846
30,396.6,191.9,267.0,19.30,1.846
30,396.6,191.4,267.0,19.30,1.734
30,396.6,190.9,267.0,19.30,1.734
30,396.6,190.4,267.0,19.30,1.734
30,396.6,192.9,267.0,19.62,1.734
30,396.6,192.4,267.0,19.62,1.846
30,396.6,191.9,267.0,19.30,1.846
30,396.6,191.5,267.0,19.30,1.734
30,396.6,191.0,267.0,19.30,1.734
30,396.6,190.5,267.0,19.30,1.734
30,396.6,193.0,267.0,19.62,1.734
30,396.6,192.5,267.0,19.62,1.846
30,396.6,192.0,267.0,19.30,1.846
30,396.6,191.5,267.0,19.30,1.734
30,396.6,191.0,267.0,19.30,1.734
30,396.6,190.6,267.0,19.30,1.734
30,396.6,193.0,267.0,19.62,1.734
30,396.6,192.5,267.0,19.62,1.846
30,396.6,192.1,267.0,19.62,1.846
30,396.6,194.5,267.0,19.62,1.846
30,396.6,194.0,267.0,19.62,1.846
30,396.6,193.6,267.0,19.62,1.846
30,396.6,193.1,267.0,19.62,1.846
30,396.6,192.6,267.0,19.62,1.846
30,396.6,192.1,267.0,19.62,1.846
30,396.6,194.6,267.0,19.62,1.846
30,396.6,194.1,267.0,19.62,1.846
30,396.6,193.6,267.0,19.62,1.846
30,396.6,193.1,267.0,19.62,1.846
30,396.6,192.6,267.0,19.62,1.846
30,396.6,192.2,267.0,19.62,1.846
30,396.6,194.6,267.0,19.62,1.846
30,396.6,194.1,267.0,19.62,1.846
30,396.6,193.7,267.0,19.62,1.846
30,396.6,193.2,267.0,19.62,1.846
30,396.6,192.7,267.0,19.62,1.846
30,396.6,192.2,267.0,19.62,1.846
30,396.6,194.7,267.0,19.62,1.846
30,396.6,194.2,267.0,19.62,1.846
30,396.6,193.7,267.0,19.62,1.846
30,396.6,193.2,267.0,19.62,1.846
30,396.6,192.7,267.0,19.62,1.846
30,396.6,192.3,267.0,19.62,1.846
30,396.6,191.8,267.0,19.30,1.846
30,396.6,191.3,267.0,19.30,1.734
30,396.6,190.8,267.0,19.30,1.734
30,396.6,190.3,267.0,19.30,1.734
30,396.6,192.8,267.0,19.62,1.734
30,396.6,192.3,267.0,19.62,1.846
30,396.6,191.8,267.0,19.30,1.846
30,396.6,191.3,267.0,19.30,1.734
30,396.6,190.9,267.0,19.30,1.734
30,396.6,190.4,267.0,19.30,1.734
30,396.6,192.8,267.0,19.62,1.734
30,396.6,192.4,267.0,19.62,1.846
30,396.6,191.9,267.0,19.30,1.846
30,396.6,191.4,267.0,19.30,1.734
30,396.6,190.9,267.0,19.30,1.734
30,396.6,190.4,267.0,19.30,1.734
36,430.9,212.9,257.6,19.44,1.284
36,424.8,210.6,257.3,19.44,0.817
36,418.7,208.3,257.0,19.71,0.817
36,416.0,205.3,266.1,19.64,1.240
36,413.1,204.8,267.0,19.64,1.591
36,410.2,204.2,267.0,19.64,1.591
36,407.3,203.7,267.0,19.62,1.591
36,407.3,203.3,267.0,19.62,1.846
36,407.3,202.8,267.0,19.62,1.846
36,407.3,202.3,267.0,19.62,1.846
36,407.3,201.8,267.0,19.62,1.846
36,407.3,201.3,267.0,19.62,1.846
36,407.3,200.8,267.0,19.62,1.846
36,407.3,200.4,267.0,19.62,1.846
36,407.3,199.9,267.0,19.62,1.846
36,407.3,199.4,267.0,19.62,1.846
36,407.3,198.9,267.0,19.62,1.846
36,407.3,198.4,267.0,19.62,1.846
36,407.3,198.0,267.0,19.62,1.846
36,407.3,197.5,267.0,19.62,1.846
36,407.3,197.0,267.0,19.62,1.846
36,407.3,196.5,267.0,19.62,1.846
36,407.3,196.0,267.0,19.62,1.846
36,407.3,195.5,267.0,19.62,1.846
36,407.3,195.0,267.0,19.62,1.846
36,407.3,194.6,267.0,19.62,1.846
36,407.3,194.1,267.0,19.62,1.846
36,407.3,193.6,267.0,19.62,1.846
36,407.3,193.1,267.0,19.62,1.846
36,407.3,192.6,267.0,19.62,1.846
36,407.3,192.2,267.0,19.62,1.846
36,407.3,194.6,267.0,19.62,1.846
36,407.3,194.1,267.0,19.62,1.846
36,407.3,193.7,267.0,19.62,1.846
36,407.3,193.2,267.0,19.62,1.846
36,407.3,192.7,267.0,19.62,1.846
36,407.3,192.2,267.0,19.62,1.846
36,407.3,194.7,267.0,19.62,1.846
36,407.3,194.2,267.0,19.62,1.846
36,407.3,193.7,267.0,19.62,1.846
36,407.3,193.2,267.0,19.62,1.846
36,407.3,192.8,267.0,19.62,1.846
36,407.3,192.3,267.0,19.62,1.846
36,407.3,191.8,267.0,19.30,1.846
36,407.3,191.3,267.0,19.30,1.734
36,407.3,190.8,267.0,19.30,1.734
36,407.3,190.3,267.0,19.30,1.734
36,407.3,192.8,267.0,19.62,1.734
36,407.3,192.3,267.0,19.62,1.846
36,407.3,191.8,267.0,19.30,1.846
36,407.3,191.3,267.0,19.30,1.734
36,407.3,190.9,267.0,19.30,1.734
36,407.3,190.4,267.0,19.30,1.734
36,407.3,192.9,267.0,19.62,1.734
36,407.3,192.4,267.0,19.62,1.846
36,407.3,191.9,267.0,19.30,1.846
36,407.3,191.4,267.0,19.30,1.734
36,407.3,190.9,267.0,19.30,1.734
36,407.3,190.4,267.0,19.30,1.734
36,407.3,192.9,267.0,19.62,1.734
36,407.3,192.4,267.0,19.62,1.846
36,407.3,191.9,267.0,19.30,1.846
36,407.3,191.5,267.0,19.30,1.734
36,407.3,191.0,267.0,19.30,1.734
36,407.3,190.5,267.0,19.30,1.734
36,407.3,193.0,267.0,19.62,1.734
36,407.3,192.5,267.0,19.62,1.846
36,407.3,192.0,267.0,19.30,1.846
36,407.3,191.5,267.0,19.30,1.734
36,407.3,191.0,267.0,19.30,1.734
36,407.3,190.5,267.0,19.30,1.734
36,407.3,193.0,267.0,19.62,1.734
36,407.3,192.5,267.0,19.62,1.846
36,407.3,192.0,267.0,19.62,1.846
36,407.3,194.5,267.0,19.62,1.846
36,407.3,194.0,267.0,19.62,1.846
36,407.3,193.5,267.0,19.62,1.846
36,407.3,193.1,267.0,19.62,1.846
36,407.3,192.6,267.0,19.62,1.846
36,407.3,192.1,267.0,19.62,1.846
36,407.3,194.6,267.0,19.62,1.846
36,407.3,194.1,267.0,19.62,1.846
36,407.3,193.6,267.0,19.62,1.846
36,407.3,193.1,267.0,19.62,1.846
36,407.3,192.6,267.0,19.62,1.846
36,407.3,192.2,267.0,19.62,1.846
36,407.3,194.6,267.0,19.62,1.846
36,407.3,194.1,267.0,19.62,1.846
36,407.3,193.7,267.0,19.62,1.846
36,407.3,193.2,267.0,19.62,1.846
36,407.3,192.7,267.0,19.62,1.846
36,407.3,192.2,267.0,19.62,1.846
36,407.3,194.7,267.0,19.62,1.846
36,407.3,194.2,267.0,19.62,1.846
36,407.3,193.7,267.0,19.62,1.846
36,407.3,193.2,267.0,19.62,1.846
36,407.3,192.7,267.0,19.62,1.846
36,407.3,192.3,267.0,19.62,1.846
36,407.3,191.8,267.0,19.30,1.846
36,407.3,191.3,267.0,19.30,1.734
36,407.3,190.8,267.0,19.30,1.734
36,407.3,190.3,267.0,19.30,1.734
36,407.3,192.8,267.0,19.62,1.734
36,407.3,192.3,267.0,19.62,1.846
36,407.3,191.8,267.0,19.30,1.846
36,407.3,191.3,267.0,19.30,1.734
36,407.3,190.9,267.0,19.30,1.734
36,407.3,190.4,267.0,19.30,1.734
36,407.3,192.8,267.0,19.62,1.734
36,407.3,192.4,267.0,19.62,1.846
36,407.3,191.9,267.0,19.30,1.846
36,407.3,191.4,267.0,19.30,1.734
36,407.3,190.9,267.0,19.30,1.734
36,407.3,190.4,267.0,19.30,1.734
36,407.3,192.9,267.0,19.62,1.734
36,407.3,192.4,267.0,19.62,1.846
36,407.3,191.9,267.0,19.30,1.846
36,407.3,191.5,267.0,19.30,1.734
36,407.3,191.0,267.0,19.30,1.734
36,407.3,190.5,267.0,19.30,1.734
36,407.3,192.9,267.0,19.62,1.734
36,407.3,192.5,267.0,19.62,1.846
36,407.3,192.0,267.0,19.30,1.846
36,407.3,191.5,267.0,19.30,1.734
36,407.3,191.0,267.0,19.30,1.734
36,407.3,190.5,267.0,19.30,1.734
36,407.3,193.0,267.0,19.62,1.734
36,407.3,192.5,267.0,19.62,1.846
36,407.3,192.0,267.0,19.62,1.846
36,407.3,194.5,267.0,19.62,1.846
36,407.3,194.0,267.0,19.62,1.846
36,407.3,193.5,267.0,19.62,1.846
36,407.3,193.1,267.0,19.62,1.846
36,407.3,192.6,267.0,19.62,1.846
36,407.3,192.1,267.0,19.62,1.846
36,407.3,194.6,267.0,19.62,1.846
36,407.3,194.1,267.0,19.62,1.846
36,407.3,193.6,267.0,19.62,1.846
36,407.3,193.1,267.0,19.62,1.846
36,407.3,192.6,267.0,19.62,1.846
36,407.3,192.1,267.0,19.62,1.846
36,407.3,194.6,267.0,19.62,1.846
36,407.3,194.1,267.0,19.62,1.846
36,407.3,193.6,267.0,19.62,1.846
36,407.3,193.2,267.0,19.62,1.846
36,407.3,192.7,267.0,19.62,1.846
36,407.3,192.2,267.0,19.62,1.846
36,407.3,194.7,267.0,19.62,1.846
36,407.3,194.2,267.0,19.62,1.846
36,407.3,193.7,267.0,19.62,1.846
36,407.3,193.2,267.0,19.62,1.846
36,407.3,192.7,267.0,19.62,1.846
36,407.3,192.2,267.0,19.62,1.846
36,407.3,191.8,267.0,19.30,1.846
36,407.3,191.3,267.0,19.30,1.734
36,407.3,190.8,267.0,19.30,1.734
36,407.3,190.3,267.0,19.30,1.734
36,407.3,192.8,267.0,19.62,1.734
36,407.3,192.3,267.0,19.62,1.846
36,407.3,191.8,267.0,19.30,1.846
42,359.0,171.8,262.6,23.05,0.548
42,363.8,175.9,262.5,21.95,0.490
42,368.6,180.0,262.5,21.95,0.788
42,374.8,181.4,262.0,19.86,0.788
42,379.8,183.8,267.0,19.83,1.008
42,384.8,186.1,267.0,19.55,1.252
42,387.7,188.5,267.0,19.55,1.625
42,390.6,190.9,267.0,19.55,1.625
42,393.5,190.4,267.0,19.55,1.625
42,396.4,192.8,267.0,19.62,1.625
42,396.4,192.3,267.0,19.62,1.846
42,396.4,191.8,267.0,19.30,1.846
42,396.4,191.4,267.0,19.30,1.734
42,396.4,190.9,267.0,19.30,1.734
42,396.4,190.4,267.0,19.30,1.734
42,396.4,192.9,267.0,19.62,1.734
42,396.4,192.4,267.0,19.62,1.846
42,396.4,191.9,267.0,19.30,1.846
42,396.4,191.4,267.0,19.30,1.734
42,396.4,190.9,267.0,19.30,1.734
42,396.4,190.5,267.0,19.30,1.734
42,396.4,192.9,267.0,19.62,1.734
42,396.4,192.4,267.0,19.62,1.846
42,396.4,191.9,267.0,19.30,1.846
42,396.4,191.5,267.0,19.30,1.734
42,396.4,191.0,267.0,19.30,1.734
42,396.4,190.5,267.0,19.30,1.734
42,396.4,193.0,267.0,19.62,1.734
42,396.4,192.5,267.0,19.62,1.846
42,396.4,192.0,267.0,19.62,1.846
42,396.4,194.5,267.0,19.62,1.846
42,396.4,194.0,267.0,19.62,1.846
42,396.4,193.5,267.0,19.62,1.846
42,396.4,193.0,267.0,19.62,1.846
42,396.4,192.5,267.0,19.62,1.846
42,396.4,192.1,267.0,19.62,1.846
42,396.4,194.5,267.0,19.62,1.846
42,396.4,194.0,267.0,19.62,1.846
42,396.4,193.6,267.0,19.62,1.846
42,396.4,193.1,267.0,19.62,1.846
42,396.4,192.6,267.0,19.62,1.846
42,396.4,192.1,267.0,19.62,1.846
42,396.4,194.6,267.0,19.62,1.846
42,396.4,194.1,267.0,19.62,1.846
42,396.4,193.6,267.0,19.62,1.846
42,396.4,193.1,267.0,19.62,1.846
42,396.4,192.6,267.0,19.62,1.846
42,396.4,192.2,267.0,19.62,1.846
42,396.4,194.6,267.0,19.62,1.846
42,396.4,194.1,267.0,19.62,1.846
42,396.4,193.7,267.0,19.62,1.846
42,396.4,193.2,267.0,19.62,1.846
42,396.4,192.7,267.0,19.62,1.846
42,396.4,192.2,267.0,19.62,1.846
42,396.4,194.7,267.0,19.62,1.846
42,396.4,194.2,267.0,19.62,1.846
42,396.4,193.7,267.0,19.62,1.846
42,396.4,193.2,267.0,19.62,1.846
42,396.4,192.8,267.0,19.62,1.846
42,396.4,192.3,267.0,19.62,1.846
42,396.4,191.8,267.0,19.30,1.846
42,396.4,191.3,267.0,19.30,1.734
42,396.4,190.8,267.0,19.30,1.734
42,396.4,190.3,267.0,19.30,1.734
42,396.4,192.8,267.0,19.62,1.734
42,396.4,192.3,267.0,19.62,1.846
42,396.4,191.8,267.0,19.30,1.846
42,396.4,191.4,267.0,19.30,1.734
42,396.4,190.9,267.0,19.30,1.734
42,396.4,190.4,267.0,19.30,1.734
42,396.4,192.9,267.0,19.62,1.734
42,396.4,192.4,267.0,19.62,1.846
42,396.4,191.9,267.0,19.30,1.846
42,396.4,191.4,267.0,19.30,1.734
42,396.4,190.9,267.0,19.30,1.734
42,396.4,190.4,267.0,19.30,1.734
42,396.4,192.9,267.0,19.62,1.734
42,396.4,192.4,267.0,19.62,1.846
42,396.4,191.9,267.0,19.30,1.846
42,396.4,191.5,267.0,19.30,1.734
42,396.4,191.0,267.0,19.30,1.734
42,396.4,190.5,267.0,19.30,1.734
42,396.4,193.0,267.0,19.62,1.734
42,396.4,192.5,267.0,19.62,1.846
42,396.4,192.0,267.0,19.62,1.846
42,396.4,191.5,267.0,19.30,1.734
42,396.4,191.0,267.0,19.30,1.734
42,396.4,190.6,267.0,19.30,1.734
42,396.4,193.0,267.0,19.62,1.734
42,396.4,192.5,267.0,19.62,1.846
42,396.4,192.1,267.0,19.62,1.846
42,396.4,194.5,267.0,19.62,1.846
42,396.4,194.0,267.0,19.62,1.846
42,396.4,193.6,267.0,19.62,1.846
42,396.4,193.1,267.0,19.62,1.846
42,396.4,192.6,267.0,19.62,1.846
42,396.4,192.1,267.0,19.62,1.846
42,396.4,194.6,267.0,19.62,1.846
42,396.4,194.1,267.0,19.62,1.846
42,396.4,193.6,267.0,19.62,1.846
42,396.4,193.1,267.0,19.62,1.846
42,396.4,192.6,267.0,19.62,1.846
42,396.4,192.2,267.0,19.62,1.846
42,396.4,194.6,267.0,19.62,1.846
42,396.4,194.1,267.0,19.62,1.846
42,396.4,193.7,267.0,19.62,1.846
42,396.4,193.2,267.0,19.62,1.846
42,396.4,192.7,267.0,19.62,1.846
42,396.4,192.2,267.0,19.62,1.846
42,396.4,194.7,267.0,19.62,1.846
42,396.4,194.2,267.0,19.62,1.846
42,396.4,193.7,267.0,19.62,1.846
42,396.4,193.2,267.0,19.62,1.846
42,396.4,192.7,267.0,19.62,1.846
42,396.4,192.3,267.0,19.62,1.846
42,396.4,191.8,267.0,19.30,1.846
42,396.4,191.3,267.0,19.30,1.734
42,396.4,190.8,267.0,19.30,1.734
42,396.4,190.3,267.0,19.30,1.734
42,396.4,192.8,267.0,19.62,1.734
42,396.4,192.3,267.0,19.62,1.846
42,396.4,191.8,267.0,19.30,1.846
42,396.4,191.3,267.0,19.30,1.734
42,396.4,190.9,267.0,19.30,1.734
42,396.4,190.4,267.0,19.30,1.734
42,396.4,192.9,267.0,19.62,1.734
42,396.4,192.4,267.0,19.62,1.846
42,396.4,191.9,267.0,19.30,1.846
42,396.4,191.4,267.0,19.30,1.734
42,396.4,190.9,267.0,19.30,1.734
42,396.4,190.4,267.0,19.30,1.734
42,396.4,192.9,267.0,19.62,1.734
42,396.4,192.4,267.0,19.62,1.846
42,396.4,191.9,267.0,19.30,1.846
42,396.4,191.5,267.0,19.30,1.734
42,396.4,191.0,267.0,19.30,1.734
42,396.4,190.5,267.0,19.30,1.734
42,396.4,192.9,267.0,19.62,1.734
42,396.4,192.5,267.0,19.62,1.846
42,396.4,192.0,267.0,19.30,1.846
42,396.4,191.5,267.0,19.30,1.734
42,396.4,191.0,267.0,19.30,1.734
42,396.4,190.5,267.0,19.30,1.734
42,396.4,193.0,267.0,19.62,1.734
42,396.4,192.5,267.0,19.62,1.846
42,396.4,192.0,267.0,19.62,1.846
42,396.4,194.5,267.0,19.62,1.846
42,396.4,194.0,267.0,19.62,1.846
42,396.4,193.5,267.0,19.62,1.846
42,396.4,193.1,267.0,19.62,1.846
42,396.4,192.6,267.0,19.62,1.846
42,396.4,192.1,267.0,19.62,1.846
42,396.4,194.6,267.0,19.62,1.846
42,396.4,194.1,267.0,19.62,1.846
42,396.4,193.6,267.0,19.62,1.846
42,396.4,193.1,267.0,19.62,1.846
42,396.4,192.6,267.0,19.62,1.846
42,396.4,192.2,267.0,19.62,1.846
42,396.4,194.6,267.0,19.62,1.846
42,396.4,194.1,267.0,19.62,1.846
48,370.4,180.1,264.5,18.96,0.990
48,375.4,182.4,267.0,19.83,0.861
48,380.4,184.8,267.0,19.83,1.252
48,385.4,187.1,267.0,19.55,1.252
48,388.3,189.5,267.0,19.55,1.625
48,391.2,191.9,267.0,19.55,1.625
48,394.1,191.4,267.0,19.55,1.625
48,397.0,190.9,267.0,19.30,1.625
48,397.0,190.4,267.0,19.30,1.734
48,397.0,192.9,267.0,19.62,1.734
48,397.0,192.4,267.0,19.62,1.846
48,397.0,191.9,267.0,19.30,1.846
48,397.0,191.4,267.0,19.30,1.734
48,397.0,190.9,267.0,19.30,1.734
48,397.0,190.5,267.0,19.30,1.734
48,397.0,192.9,267.0,19.62,1.734
48,397.0,192.4,267.0,19.62,1.846
48,397.0,191.9,267.0,19.30,1.846
48,397.0,191.5,267.0,19.30,1.734
48,397.0,191.0,267.0,19.30,1.734
48,397.0,190.5,267.0,19.30,1.734
48,397.0,193.0,267.0,19.62,1.734
48,397.0,192.5,267.0,19.62,1.846
48,397.0,192.0,267.0,19.62,1.846
48,397.0,194.5,267.0,19.62,1.846
48,397.0,194.0,267.0,19.62,1.846
48,397.0,193.5,267.0,19.62,1.846
48,397.0,193.0,267.0,19.62,1.846
48,397.0,192.5,267.0,19.62,1.846
48,397.0,192.1,267.0,19.62,1.846
48,397.0,194.5,267.0,19.62,1.846
48,397.0,194.0,267.0,19.62,1.846
48,397.0,193.6,267.0,19.62,1.846
48,397.0,193.1,267.0,19.62,1.846
48,397.0,192.6,267.0,19.62,1.846
48,397.0,192.1,267.0,19.62,1.846
48,397.0,194.6,267.0,19.62,1.846
48,397.0,194.1,267.0,19.62,1.846
48,397.0,193.6,267.0,19.62,1.846
48,397.0,193.1,267.0,19.62,1.846
48,397.0,192.6,267.0,19.62,1.846
48,397.0,192.2,267.0,19.62,1.846
48,397.0,194.6,267.0,19.62,1.846
48,397.0,194.1,267.0,19.62,1.846
48,397.0,193.7,267.0,19.62,1.846
48,397.0,193.2,267.0,19.62,1.846
48,397.0,192.7,267.0,19.62,1.846
48,397.0,192.2,267.0,19.62,1.846
48,397.0,194.7,267.0,19.62,1.846
48,397.0,194.2,267.0,19.62,1.846
48,397.0,193.7,267.0,19.62,1.846
48,397.0,193.2,267.0,19.62,1.846
48,397.0,192.8,267.0,19.62,1.846
48,397.0,192.3,267.0,19.62,1.846
48,397.0,191.8,267.0,19.30,1.846
48,397.0,191.3,267.0,19.30,1.734
48,397.0,190.8,267.0,19.30,1.734
48,397.0,190.3,267.0,19.30,1.734
48,397.0,192.8,267.0,19.62,1.734
48,397.0,192.3,267.0,19.62,1.846
48,397.0,191.8,267.0,19.30,1.846
48,397.0,191.4,267.0,19.30,1.734
48,397.0,190.9,267.0,19.30,1.734
48,397.0,190.4,267.0,19.30,1.734
48,397.0,192.9,267.0,19.62,1.734
48,397.0,192.4,267.0,19.62,1.846
48,397.0,191.9,267.0,19.30,1.846
48,397.0,191.4,267.0,19.30,1.734
48,397.0,190.9,267.0,19.30,1.734
48,397.0,190.4,267.0,19.30,1.734
48,397.0,192.9,267.0,19.62,1.734
48,397.0,192.4,267.0,19.62,1.846
48,397.0,191.9,267.0,19.30,1.846
48,397.0,191.5,267.0,19.30,1.734
48,397.0,191.0,267.0,19.30,1.734
48,397.0,190.5,267.0,19.30,1.734
48,397.0,193.0,267.0,19.62,1.734
48,397.0,192.5,267.0,19.62,1.846
48,397.0,192.0,267.0,19.62,1.846
48,397.0,191.5,267.0,19.30,1.734
48,397.0,191.0,267.0,19.30,1.734
48,397.0,190.6,267.0,19.30,1.734
48,397.0,193.0,267.0,19.62,1.734
48,397.0,192.5,267.0,19.62,1.846
48,397.0,192.1,267.0,19.62,1.846
48,397.0,194.5,267.0,19.62,1.846
48,397.0,194.0,267.0,19.62,1.846
48,397.0,193.6,267.0,19.62,1.846
48,397.0,193.1,267.0,19.62,1.846
48,397.0,192.6,267.0,19.62,1.846
48,397.0,192.1,267.0,19.62,1.846
48,397.0,194.6,267.0,19.62,1.846
48,397.0,194.1,267.0,19.62,1.846
48,397.0,193.6,267.0,19.62,1.846
48,397.0,193.1,267.0,19.62,1.846
48,397.0,192.6,267.0,19.62,1.846
48,397.0,192.2,267.0,19.62,1.846
48,397.0,194.6,267.0,19.62,1.846
48,397.0,194.1,267.0,19.62,1.846
48,397.0,193.7,267.0,19.62,1.846
48,397.0,193.2,267.0,19.62,1.846
48,397.0,192.7,267.0,19.62,1.846
48,397.0,192.2,267.0,19.62,1.846
48,397.0,194.7,267.0,19.62,1.846
48,397.0,194.2,267.0,19.62,1.846
48,397.0,193.7,267.0,19.62,1.846
48,397.0,193.2,267.0,19.62,1.846
48,397.0,192.7,267.0,19.62,1.846
48,397.0,192.3,267.0,19.62,1.846
48,397.0,191.8,267.0,19.30,1.846
48,397.0,191.3,267.0,19.30,1.734
48,397.0,190.8,267.0,19.30,1.734
48,397.0,190.3,267.0,19.30,1.734
48,397.0,192.8,267.0,19.62,1.734
48,397.0,192.3,267.0,19.62,1.846
48,397.0,191.8,267.0,19.30,1.846
48,397.0,191.3,267.0,19.30,1.734
48,397.0,190.9,267.0,19.30,1.734
48,397.0,190.4,267.0,19.30,1.734
48,397.0,192.9,267.0,19.62,1.734
48,397.0,192.4,267.0,19.62,1.846
48,397.0,191.9,267.0,19.30,1.846
48,397.0,191.4,267.0,19.30,1.734
48,397.0,190.9,267.0,19.30,1.734
48,397.0,190.4,267.0,19.30,1.734
48,397.0,192.9,267.0,19.62,1.734
48,397.0,192.4,267.0,19.62,1.846
48,397.0,191.9,267.0,19.30,1.846
48,397.0,191.5,267.0,19.30,1.734
48,397.0,191.0,267.0,19.30,1.734
48,397.0,190.5,267.0,19.30,1.734
48,397.0,192.9,267.0,19.62,1.734
48,397.0,192.5,267.0,19.62,1.846
48,397.0,192.0,267.0,19.30,1.846
48,397.0,191.5,267.0,19.30,1.734
48,397.0,191.0,267.0,19.30,1.734
48,397.0,190.5,267.0,19.30,1.734
48,397.0,193.0,267.0,19.62,1.734
48,397.0,192.5,267.0,19.62,1.846
48,397.0,192.0,267.0,19.62,1.846
48,397.0,194.5,267.0,19.62,1.846
48,397.0,194.0,267.0,19.62,1.846
48,397.0,193.5,267.0,19.62,1.846
48,397.0,193.1,267.0,19.62,1.846
48,397.0,192.6,267.0,19.62,1.846
48,397.0,192.1,267.0,19.62,1.846
48,397.0,194.6,267.0,19.62,1.846
48,397.0,194.1,267.0,19.62,1.846
48,397.0,193.6,267.0,19.62,1.846
48,397.0,193.1,267.0,19.62,1.846
48,397.0,192.6,267.0,19.62,1.846
48,397.0,192.2,267.0,19.62,1.846
48,397.0,194.6,267.0,19.62,1.846
48,397.0,194.1,267.0,19.62,1.846
48,397.0,193.7,267.0,19.62,1.846
48,397.0,193.2,267.0,19.62,1.846
48,397.0,192.7,267.0,19.62,1.846
48,397.0,192.2,267.0,19.62,1.846
48,397.0,194.7,267.0,19.62,1.846
48,397.0,194.2,267.0,19.62,1.846
54,407.8,250.7,265.1,19.55,0.369
54,407.8,247.4,260.2,19.95,0.839
54,407.8,244.1,255.3,19.95,0.739
54,407.8,240.8,250.4,21.01,0.739
54,407.8,235.2,248.9,19.61,0.550
54,407.8,229.7,247.5,19.61,0.716
54,407.8,225.0,249.8,19.77,0.716
54,407.8,220.4,252.1,19.22,0.646
54,407.8,215.2,258.3,19.61,1.012
54,407.8,212.1,267.0,19.53,1.297
54,407.8,208.8,267.0,19.53,1.684
54,407.8,205.6,267.0,19.53,1.684
54,407.8,205.1,267.0,19.53,1.684
54,407.8,204.6,267.0,19.53,1.684
54,407.8,204.1,267.0,19.53,1.684
54,407.8,203.6,267.0,19.62,1.684
54,407.8,203.1,267.0,19.62,1.846
54,407.8,202.7,267.0,19.62,1.846
54,407.8,202.2,267.0,19.62,1.846
54,407.8,201.7,267.0,19.62,1.846
54,407.8,201.2,267.0,19.62,1.846
54,407.8,200.7,267.0,19.62,1.846
54,407.8,200.2,267.0,19.62,1.846
54,407.8,199.8,267.0,19.62,1.846
54,407.8,199.3,267.0,19.62,1.846
54,407.8,198.8,267.0,19.62,1.846
54,407.8,198.3,267.0,19.62,1.846
54,407.8,197.8,267.0,19.62,1.846
54,407.8,197.3,267.0,19.62,1.846
54,407.8,196.9,267.0,19.62,1.846
54,407.8,196.4,267.0,19.62,1.846
54,407.8,195.9,267.0,19.62,1.846
54,407.8,195.4,267.0,19.62,1.846
54,407.8,194.9,267.0,19.62,1.846
54,407.8,194.5,267.0,19.62,1.846
54,407.8,194.0,267.0,19.62,1.846
54,407.8,193.5,267.0,19.62,1.846
54,407.8,193.0,267.0,19.62,1.846
54,407.8,192.5,267.0,19.62,1.846
54,407.8,192.1,267.0,19.62,1.846
54,407.8,194.5,267.0,19.62,1.846
54,407.8,194.0,267.0,19.62,1.846
54,407.8,193.6,267.0,19.62,1.846
54,407.8,193.1,267.0,19.62,1.846
54,407.8,192.6,267.0,19.62,1.846
54,407.8,192.1,267.0,19.62,1.846
54,407.8,194.6,267.0,19.62,1.846
54,407.8,194.1,267.0,19.62,1.846
54,407.8,193.6,267.0,19.62,1.846
54,407.8,193.1,267.0,19.62,1.846
54,407.8,192.6,267.0,19.62,1.846
54,407.8,192.2,267.0,19.62,1.846
54,407.8,194.6,267.0,19.62,1.846
54,407.8,194.1,267.0,19.62,1.846
54,407.8,193.7,267.0,19.62,1.846
54,407.8,193.2,267.0,19.62,1.846
54,407.8,192.7,267.0,19.62,1.846
54,407.8,192.2,267.0,19.62,1.846
54,407.8,194.7,267.0,19.62,1.846
54,407.8,194.2,267.0,19.62,1.846
54,407.8,193.7,267.0,19.62,1.846
54,407.8,193.2,267.0,19.62,1.846
54,407.8,192.7,267.0,19.62,1.846
54,407.8,192.3,267.0,19.62,1.846
54,407.8,191.8,267.0,19.30,1.846
54,407.8,191.3,267.0,19.30,1.734
54,407.8,190.8,267.0,19.30,1.734
54,407.8,190.3,267.0,19.30,1.734
54,407.8,192.8,267.0,19.62,1.734
54,407.8,192.3,267.0,19.62,1.846
54,407.8,191.8,267.0,19.30,1.846
54,407.8,191.3,267.0,19.30,1.734
54,407.8,190.9,267.0,19.30,1.734
54,407.8,190.4,267.0,19.30,1.734
54,407.8,192.9,267.0,19.62,1.734
54,407.8,192.4,267.0,19.62,1.846
54,407.8,191.9,267.0,19.30,1.846
54,407.8,191.4,267.0,19.30,1.734
54,407.8,190.9,267.0,19.30,1.734
54,407.8,190.4,267.0,19.30,1.734
54,407.8,192.9,267.0,19.62,1.734
54,407.8,192.4,267.0,19.62,1.846
54,407.8,191.9,267.0,19.30,1.846
54,407.8,191.5,267.0,19.30,1.734
54,407.8,191.0,267.0,19.30,1.734
54,407.8,190.5,267.0,19.30,1.734
54,407.8,192.9,267.0,19.62,1.734
54,407.8,192.5,267.0,19.62,1.846
54,407.8,192.0,267.0,19.30,1.846
54,407.8,191.5,267.0,19.30,1.734
54,407.8,191.0,267.0,19.30,1.734
54,407.8,190.5,267.0,19.30,1.734
54,407.8,193.0,267.0,19.62,1.734
54,407.8,192.5,267.0,19.62,1.846
54,407.8,192.0,267.0,19.62,1.846
54,407.8,194.5,267.0,19.62,1.846
54,407.8,194.0,267.0,19.62,1.846
54,407.8,193.5,267.0,19.62,1.846
54,407.8,193.1,267.0,19.62,1.846
54,407.8,192.6,267.0,19.62,1.846
54,407.8,192.1,267.0,19.62,1.846
54,407.8,194.6,267.0,19.62,1.846
54,407.8,194.1,267.0,19.62,1.846
54,407.8,193.6,267.0,19.62,1.846
54,407.8,193.1,267.0,19.62,1.846
54,407.8,192.6,267.0,19.62,1.846
54,407.8,192.2,267.0,19.62,1.846
54,407.8,194.6,267.0,19.62,1.846
54,407.8,194.1,267.0,19.62,1.846
54,407.8,193.7,267.0,19.62,1.846
54,407.8,193.2,267.0,19.62,1.846
54,407.8,192.7,267.0,19.62,1.846
54,407.8,192.2,267.0,19.62,1.846
54,407.8,194.7,267.0,19.62,1.846
54,407.8,194.2,267.0,19.62,1.846
54,407.8,193.7,267.0,19.62,1.846
54,407.8,193.2,267.0,19.62,1.846
54,407.8,192.7,267.0,19.62,1.846
54,407.8,192.2,267.0,19.62,1.846
54,407.8,191.8,267.0,19.30,1.846
54,407.8,191.3,267.0,19.30,1.734
54,407.8,190.8,267.0,19.30,1.734
54,407.8,190.3,267.0,19.30,1.734
54,407.8,192.8,267.0,19.62,1.734
54,407.8,192.3,267.0,19.62,1.846
54,407.8,191.8,267.0,19.30,1.846
54,407.8,191.3,267.0,19.30,1.734
54,407.8,190.9,267.0,19.30,1.734
54,407.8,190.4,267.0,19.30,1.734
54,407.8,192.8,267.0,19.62,1.734
54,407.8,192.4,267.0,19.62,1.846
54,407.8,191.9,267.0,19.30,1.846
54,407.8,191.4,267.0,19.30,1.734
54,407.8,190.9,267.0,19.30,1.734
54,407.8,190.4,267.0,19.30,1.734
54,407.8,192.9,267.0,19.62,1.734
54,407.8,192.4,267.0,19.62,1.846
54,407.8,191.9,267.0,19.30,1.846
54,407.8,191.5,267.0,19.30,1.734
54,407.8,191.0,267.0,19.30,1.734
54,407.8,190.5,267.0,19.30,1.734
54,407.8,192.9,267.0,19.62,1.734
54,407.8,192.5,267.0,19.62,1.846
54,407.8,192.0,267.0,19.30,1.846
54,407.8,191.5,267.0,19.30,1.734
54,407.8,191.0,267.0,19.30,1.734
54,407.8,190.5,267.0,19.30,1.734
54,407.8,193.0,267.0,19.62,1.734
54,407.8,192.5,267.0,19.62,1.846
54,407.8,192.0,267.0,19.62,1.846
54,407.8,194.5,267.0,19.62,1.846
54,407.8,194.0,267.0,19.62,1.846
54,407.8,193.5,267.0,19.62,1.846
54,407.8,193.1,267.0,19.62,1.846
54,407.8,192.6,267.0,19.62,1.846
54,407.8,192.1,267.0,19.62,1.846
54,407.8,194.6,267.0,19.62,1.846
54,407.8,194.1,267.0,19.62,1.846
54,407.8,193.6,267.0,19.62,1.846
54,407.8,193.1,267.0,19.62,1.846
60,373.6,180.1,264.5,19.83,0.990
60,378.6,182.4,267.0,19.83,1.252
60,383.6,184.7,267.0,19.83,1.252
60,386.5,187.1,267.0,19.55,1.252
60,389.4,189.5,267.0,19.55,1.625
60,392.3,191.9,267.0,19.55,1.625
60,395.2,191.4,267.0,19.55,1.625
60,395.2,190.9,267.0,19.55,1.625
60,395.2,190.5,267.0,19.55,1.625
60,395.2,192.9,267.0,19.51,1.625
60,395.2,192.5,267.0,19.51,1.704
60,395.2,192.0,267.0,19.55,1.704
60,395.2,191.5,267.0,19.55,1.625
60,395.2,191.0,267.0,19.55,1.625
60,395.2,190.5,267.0,19.55,1.625
60,395.2,193.0,267.0,19.51,1.625
60,395.2,192.5,267.0,19.51,1.704
60,395.2,192.0,267.0,19.51,1.704
60,395.2,194.5,267.0,19.51,1.704
60,395.2,194.0,267.0,19.51,1.704
60,395.2,193.5,267.0,19.51,1.704
60,395.2,193.0,267.0,19.51,1.704
60,395.2,192.6,267.0,19.51,1.704
60,395.2,192.1,267.0,19.51,1.704
60,395.2,194.5,267.0,19.51,1.704
60,395.2,194.0,267.0,19.51,1.704
60,395.2,193.6,267.0,19.51,1.704
60,395.2,193.1,267.0,19.51,1.704
60,395.2,192.6,267.0,19.51,1.704
60,395.2,192.1,267.0,19.51,1.704
60,395.2,194.6,267.0,19.51,1.704
60,395.2,194.1,267.0,19.51,1.704
60,395.2,193.6,267.0,19.51,1.704
60,395.2,193.1,267.0,19.51,1.704
60,395.2,192.7,267.0,19.51,1.704
60,395.2,192.2,267.0,19.51,1.704
60,395.2,194.6,267.0,19.51,1.704
60,395.2,194.2,267.0,19.51,1.704
60,395.2,193.7,267.0,19.51,1.704
60,395.2,193.2,267.0,19.51,1.704
60,395.2,192.7,267.0,19.51,1.704
60,395.2,192.2,267.0,19.51,1.704
60,395.2,194.7,267.0,19.51,1.704
60,395.2,194.2,267.0,19.51,1.704
60,395.2,193.7,267.0,19.51,1.704
60,395.2,193.2,267.0,19.51,1.704
60,395.2,192.8,267.0,19.51,1.704
60,395.2,192.3,267.0,19.51,1.704
60,395.2,191.8,267.0,19.55,1.704
60,395.2,191.3,267.0,19.55,1.625
60,395.2,190.8,267.0,19.55,1.625
60,395.2,190.3,267.0,19.55,1.625
60,395.2,192.8,267.0,19.51,1.625
60,395.2,192.3,267.0,19.51,1.704
60,395.2,191.9,267.0,19.55,1.704
60,395.2,191.4,267.0,19.55,1.625
60,395.2,190.9,267.0,19.55,1.625
60,395.2,190.4,267.0,19.55,1.625
60,395.2,192.9,267.0,19.51,1.625
60,395.2,192.4,267.0,19.51,1.704
60,395.2,191.9,267.0,19.55,1.704
60,395.2,191.4,267.0,19.55,1.625
60,395.2,190.9,267.0,19.55,1.625
60,395.2,190.5,267.0,19.55,1.625
60,395.2,192.9,267.0,19.51,1.625
60,395.2,192.4,267.0,19.51,1.704
60,395.2,192.0,267.0,19.55,1.704
60,395.2,191.5,267.0,19.55,1.625
60,395.2,191.0,267.0,19.55,1.625
60,395.2,190.5,267.0,19.55,1.625
60,395.2,193.0,267.0,19.51,1.625
60,395.2,192.5,267.0,19.51,1.704
60,395.2,192.0,267.0,19.51,1.704
60,395.2,194.5,267.0,19.51,1.704
60,395.2,194.0,267.0,19.51,1.704
60,395.2,193.5,267.0,19.51,1.704
60,395.2,193.0,267.0,19.51,1.704
60,395.2,192.5,267.0,19.51,1.704
60,395.2,192.1,267.0,19.51,1.704
60,395.2,194.5,267.0,19.51,1.704
60,395.2,194.0,267.0,19.51,1.704
60,395.2,193.6,267.0,19.51,1.704
60,395.2,193.1,267.0,19.51,1.704
60,395.2,192.6,267.0,19.51,1.704
60,395.2,192.1,267.0,19.51,1.704
60,395.2,194.6,267.0,19.51,1.704
60,395.2,194.1,267.0,19.51,1.704
60,395.2,193.6,267.0,19.51,1.704
60,395.2,193.1,267.0,19.51,1.704
60,395.2,192.7,267.0,19.51,1.704
60,395.2,192.2,267.0,19.51,1.704
60,395.2,194.6,267.0,19.51,1.704
60,395.2,194.2,267.0,19.51,1.704
60,395.2,193.7,267.0,19.51,1.704
60,395.2,193.2,267.0,19.51,1.704
60,395.2,192.7,267.0,19.51,1.704
60,395.2,192.2,267.0,19.51,1.704
60,395.2,194.7,267.0,19.51,1.704
60,395.2,194.2,267.0,19.51,1.704
60,395.2,193.7,267.0,19.51,1.704
60,395.2,193.2,267.0,19.51,1.704
60,395.2,192.8,267.0,19.51,1.704
60,395.2,192.3,267.0,19.51,1.704
60,395.2,191.8,267.0,19.55,1.704
60,395.2,191.3,267.0,19.55,1.625
60,395.2,190.8,267.0,19.55,1.625
60,395.2,190.3,267.0,19.55,1.625
60,395.2,192.8,267.0,19.51,1.625
60,395.2,192.3,267.0,19.51,1.704
60,395.2,191.8,267.0,19.55,1.704
60,395.2,191.4,267.0,19.55,1.625
60,395.2,190.9,267.0,19.55,1.625
60,395.2,190.4,267.0,19.55,1.625
60,395.2,192.9,267.0,19.51,1.625
60,395.2,192.4,267.0,19.51,1.704
60,395.2,191.9,267.0,19.55,1.704
60,395.2,191.4,267.0,19.55,1.625
60,395.2,190.9,267.0,19.55,1.625
60,395.2,190.5,267.0,19.55,1.625
60,395.2,192.9,267.0,19.51,1.625
60,395.2,192.4,267.0,19.51,1.704
60,395.2,191.9,267.0,19.55,1.704
60,395.2,191.5,267.0,19.55,1.625
60,395.2,191.0,267.0,19.55,1.625
60,395.2,190.5,267.0,19.55,1.625
60,395.2,193.0,267.0,19.51,1.625
60,395.2,192.5,267.0,19.51,1.704
60,395.2,192.0,267.0,19.51,1.704
60,395.2,194.5,267.0,19.51,1.704
60,395.2,194.0,267.0,19.51,1.704
60,395.2,193.5,267.0,19.51,1.704
60,395.2,193.0,267.0,19.51,1.704
60,395.2,192.5,267.0,19.51,1.704
60,395.2,192.1,267.0,19.51,1.704
60,395.2,194.5,267.0,19.51,1.704
60,395.2,194.0,267.0,19.51,1.704
60,395.2,193.6,267.0,19.51,1.704
60,395.2,193.1,267.0,19.51,1.704
60,395.2,192.6,267.0,19.51,1.704
60,395.2,192.1,267.0,19.51,1.704
60,395.2,194.6,267.0,19.51,1.704
60,395.2,194.1,267.0,19.51,1.704
60,395.2,193.6,267.0,19.51,1.704
60,395.2,193.1,267.0,19.51,1.704
60,395.2,192.6,267.0,19.51,1.704
60,395.2,192.2,267.0,19.51,1.704
60,395.2,194.6,267.0,19.51,1.704
60,395.2,194.1,267.0,19.51,1.704
60,395.2,193.7,267.0,19.51,1.704
60,395.2,193.2,267.0,19.51,1.704
60,395.2,192.7,267.0,19.51,1.704
60,395.2,192.2,267.0,19.51,1.704
60,395.2,194.7,267.0,19.51,1.704
60,395.2,194.2,267.0,19.51,1.704
60,395.2,193.7,267.0,19.51,1.704
60,395.2,193.2,267.0,19.51,1.704
60,395.2,192.8,267.0,19.51,1.704
60,395.2,192.3,267.0,19.51,1.704
60,395.2,191.8,267.0,19.55,1.704
60,395.2,191.3,267.0,19.55,1.625
66,382.7,225.8,264.8,20.22,0.996
66,385.6,220.6,267.0,19.52,1.169
66,388.5,215.4,267.0,19.64,1.247
66,391.4,212.1,267.0,19.64,1.591
66,394.3,208.9,267.0,19.64,1.591
66,397.2,205.6,267.0,19.53,1.591
66,397.2,202.4,267.0,19.62,1.684
66,397.2,201.9,267.0,19.62,1.846
66,397.2,201.4,267.0,19.62,1.846
66,397.2,200.9,267.0,19.62,1.846
66,397.2,200.4,267.0,19.62,1.846
66,397.2,200.0,267.0,19.62,1.846
66,397.2,199.5,267.0,19.62,1.846
66,397.2,199.0,267.0,19.62,1.846
66,397.2,198.5,267.0,19.62,1.846
66,397.2,198.0,267.0,19.62,1.846
66,397.2,197.6,267.0,19.62,1.846
66,397.2,197.1,267.0,19.62,1.846
66,397.2,196.6,267.0,19.62,1.846
66,397.2,196.1,267.0,19.62,1.846
66,397.2,195.6,267.0,19.62,1.846
66,397.2,195.1,267.0,19.62,1.846
66,397.2,194.6,267.0,19.62,1.846
66,397.2,194.2,267.0,19.62,1.846
66,397.2,193.7,267.0,19.62,1.846
66,397.2,193.2,267.0,19.62,1.846
66,397.2,192.7,267.0,19.62,1.846
66,397.2,192.2,267.0,19.62,1.846
66,397.2,194.7,267.0,19.62,1.846
66,397.2,194.2,267.0,19.62,1.846
66,397.2,193.7,267.0,19.62,1.846
66,397.2,193.3,267.0,19.62,1.846
66,397.2,192.8,267.0,19.62,1.846
66,397.2,192.3,267.0,19.62,1.846
66,397.2,191.8,267.0,19.30,1.846
66,397.2,191.3,267.0,19.30,1.734
66,397.2,190.8,267.0,19.30,1.734
66,397.2,190.4,267.0,19.30,1.734
66,397.2,192.8,267.0,19.62,1.734
66,397.2,192.3,267.0,19.62,1.846
66,397.2,191.9,267.0,19.30,1.846
66,397.2,191.4,267.0,19.30,1.734
66,397.2,190.9,267.0,19.30,1.734
66,397.2,190.4,267.0,19.30,1.734
66,397.2,192.9,267.0,19.62,1.734
66,397.2,192.4,267.0,19.62,1.846
66,397.2,191.9,267.0,19.30,1.846
66,397.2,191.4,267.0,19.30,1.734
66,397.2,190.9,267.0,19.30,1.734
66,397.2,190.5,267.0,19.30,1.734
66,397.2,192.9,267.0,19.62,1.734
66,397.2,192.5,267.0,19.62,1.846
66,397.2,192.0,267.0,19.30,1.846
66,397.2,191.5,267.0,19.30,1.734
66,397.2,191.0,267.0,19.30,1.734
66,397.2,190.5,267.0,19.30,1.734
66,397.2,193.0,267.0,19.62,1.734
66,397.2,192.5,267.0,19.62,1.846
66,397.2,192.0,267.0,19.62,1.846
66,397.2,194.5,267.0,19.62,1.846
66,397.2,194.0,267.0,19.62,1.846
66,397.2,193.5,267.0,19.62,1.846
66,397.2,193.0,267.0,19.62,1.846
66,397.2,192.6,267.0,19.62,1.846
66,397.2,192.1,267.0,19.62,1.846
66,397.2,194.5,267.0,19.62,1.846
66,397.2,194.1,267.0,19.62,1.846
66,397.2,193.6,267.0,19.62,1.846
66,397.2,193.1,267.0,19.62,1.846
66,397.2,192.6,267.0,19.62,1.846
66,397.2,192.1,267.0,19.62,1.846
66,397.2,194.6,267.0,19.62,1.846
66,397.2,194.1,267.0,19.62,1.846
66,397.2,193.6,267.0,19.62,1.846
66,397.2,193.1,267.0,19.62,1.846
66,397.2,192.7,267.0,19.62,1.846
66,397.2,192.2,267.0,19.62,1.846
66,397.2,194.6,267.0,19.62,1.846
66,397.2,194.2,267.0,19.62,1.846
66,397.2,193.7,267.0,19.62,1.846
66,397.2,193.2,267.0,19.62,1.846
66,397.2,192.7,267.0,19.62,1.846
66,397.2,192.2,267.0,19.62,1.846
66,397.2,194.7,267.0,19.62,1.846
66,397.2,194.2,267.0,19.62,1.846
66,397.2,193.7,267.0,19.62,1.846
66,397.2,193.2,267.0,19.62,1.846
66,397.2,192.8,267.0,19.62,1.846
66,397.2,192.3,267.0,19.62,1.846
66,397.2,191.8,267.0,19.30,1.846
66,397.2,191.3,267.0,19.30,1.734
66,397.2,190.8,267.0,19.30,1.734
66,397.2,190.4,267.0,19.30,1.734
66,397.2,192.8,267.0,19.62,1.734
66,397.2,192.3,267.0,19.62,1.846
66,397.2,191.9,267.0,19.30,1.846
66,397.2,191.4,267.0,19.30,1.734
66,397.2,190.9,267.0,19.30,1.734
66,397.2,190.4,267.0,19.30,1.734
66,397.2,192.9,267.0,19.62,1.734
66,397.2,192.4,267.0,19.62,1.846
66,397.2,191.9,267.0,19.30,1.846
66,397.2,191.4,267.0,19.30,1.734
66,397.2,190.9,267.0,19.30,1.734
66,397.2,190.5,267.0,19.30,1.734
66,397.2,192.9,267.0,19.62,1.734
66,397.2,192.4,267.0,19.62,1.846
66,397.2,192.0,267.0,19.30,1.846
66,397.2,191.5,267.0,19.30,1.734
66,397.2,191.0,267.0,19.30,1.734
66,397.2,190.5,267.0,19.30,1.734
66,397.2,193.0,267.0,19.62,1.734
66,397.2,192.5,267.0,19.62,1.846
66,397.2,192.0,267.0,19.62,1.846
66,397.2,194.5,267.0,19.62,1.846
66,397.2,194.0,267.0,19.62,1.846
66,397.2,193.5,267.0,19.62,1.846
66,397.2,193.0,267.0,19.62,1.846
66,397.2,192.6,267.0,19.62,1.846
66,397.2,192.1,267.0,19.62,1.846
66,397.2,194.5,267.0,19.62,1.846
66,397.2,194.0,267.0,19.62,1.846
66,397.2,193.6,267.0,19.62,1.846
66,397.2,193.1,267.0,19.62,1.846
66,397.2,192.6,267.0,19.62,1.846
66,397.2,192.1,267.0,19.62,1.846
66,397.2,194.6,267.0,19.62,1.846
66,397.2,194.1,267.0,19.62,1.846
66,397.2,193.6,267.0,19.62,1.846
66,397.2,193.1,267.0,19.62,1.846
66,397.2,192.7,267.0,19.62,1.846
66,397.2,192.2,267.0,19.62,1.846
66,397.2,194.6,267.0,19.62,1.846
66,397.2,194.2,267.0,19.62,1.846
66,397.2,193.7,267.0,19.62,1.846
66,397.2,193.2,267.0,19.62,1.846
66,397.2,192.7,267.0,19.62,1.846
66,397.2,192.2,267.0,19.62,1.846
66,397.2,194.7,267.0,19.62,1.846
66,397.2,194.2,267.0,19.62,1.846
66,397.2,193.7,267.0,19.62,1.846
66,397.2,193.2,267.0,19.62,1.846
66,397.2,192.8,267.0,19.62,1.846
66,397.2,192.3,267.0,19.62,1.846
66,397.2,191.8,267.0,19.30,1.846
66,397.2,191.3,267.0,19.30,1.734
66,397.2,190.8,267.0,19.30,1.734
66,397.2,190.3,267.0,19.30,1.734
66,397.2,192.8,267.0,19.62,1.734
66,397.2,192.3,267.0,19.62,1.846
66,397.2,191.9,267.0,19.30,1.846
66,397.2,191.4,267.0,19.30,1.734
66,397.2,190.9,267.0,19.30,1.734
66,397.2,190.4,267.0,19.30,1.734
66,397.2,192.9,267.0,19.62,1.734
66,397.2,192.4,267.0,19.62,1.846
66,397.2,191.9,267.0,19.30,1.846
66,397.2,191.4,267.0,19.30,1.734
66,397.2,190.9,267.0,19.30,1.734
66,397.2,190.5,267.0,19.30,1.734
72,374.9,183.8,267.0,19.83,0.861
72,379.9,186.2,267.0,19.83,1.252
72,384.9,188.5,267.0,19.55,1.252
72,387.8,190.9,267.0,19.55,1.625
72,390.7,190.4,267.0,19.55,1.625
72,393.6,192.8,267.0,19.51,1.625
72,396.5,192.3,267.0,19.62,1.704
72,396.5,191.8,267.0,19.30,1.846
72,396.5,191.3,267.0,19.30,1.734
72,396.5,190.9,267.0,19.30,1.734
72,396.5,190.4,267.0,19.30,1.734
72,396.5,192.8,267.0,19.62,1.734
72,396.5,192.4,267.0,19.62,1.846
72,396.5,191.9,267.0,19.30,1.846
72,396.5,191.4,267.0,19.30,1.734
72,396.5,190.9,267.0,19.30,1.734
72,396.5,190.4,267.0,19.30,1.734
72,396.5,192.9,267.0,19.62,1.734
72,396.5,192.4,267.0,19.62,1.846
72,396.5,191.9,267.0,19.30,1.846
72,396.5,191.5,267.0,19.30,1.734
72,396.5,191.0,267.0,19.30,1.734
72,396.5,190.5,267.0,19.30,1.734
72,396.5,192.9,267.0,19.62,1.734
72,396.5,192.5,267.0,19.62,1.846
72,396.5,192.0,267.0,19.30,1.846
72,396.5,191.5,267.0,19.30,1.734
72,396.5,191.0,267.0,19.30,1.734
72,396.5,190.5,267.0,19.30,1.734
72,396.5,193.0,267.0,19.62,1.734
72,396.5,192.5,267.0,19.62,1.846
72,396.5,192.0,267.0,19.62,1.846
72,396.5,194.5,267.0,19.62,1.846
72,396.5,194.0,267.0,19.62,1.846
72,396.5,193.5,267.0,19.62,1.846
72,396.5,193.1,267.0,19.62,1.846
72,396.5,192.6,267.0,19.62,1.846
72,396.5,192.1,267.0,19.62,1.846
72,396.5,194.6,267.0,19.62,1.846
72,396.5,194.1,267.0,19.62,1.846
72,396.5,193.6,267.0,19.62,1.846
72,396.5,193.1,267.0,19.62,1.846
72,396.5,192.6,267.0,19.62,1.846
72,396.5,192.1,267.0,19.62,1.846
72,396.5,194.6,267.0,19.62,1.846
72,396.5,194.1,267.0,19.62,1.846
72,396.5,193.6,267.0,19.62,1.846
72,396.5,193.2,267.0,19.62,1.846
72,396.5,192.7,267.0,19.62,1.846
72,396.5,192.2,267.0,19.62,1.846
72,396.5,194.7,267.0,19.62,1.846
72,396.5,194.2,267.0,19.62,1.846
72,396.5,193.7,267.0,19.62,1.846
72,396.5,193.2,267.0,19.62,1.846
72,396.5,192.7,267.0,19.62,1.846
72,396.5,192.2,267.0,19.62,1.846
72,396.5,191.8,267.0,19.30,1.846
72,396.5,191.3,267.0,19.30,1.734
72,396.5,190.8,267.0,19.30,1.734
72,396.5,190.3,267.0,19.30,1.734
72,396.5,192.8,267.0,19.62,1.734
72,396.5,192.3,267.0,19.62,1.846
72,396.5,191.8,267.0,19.30,1.846
72,396.5,191.3,267.0,19.30,1.734
72,396.5,190.9,267.0,19.30,1.734
72,396.5,190.4,267.0,19.30,1.734
72,396.5,192.8,267.0,19.62,1.734
72,396.5,192.3,267.0,19.62,1.846
72,396.5,191.9,267.0,19.30,1.846
72,396.5,191.4,267.0,19.30,1.734
72,396.5,190.9,267.0,19.30,1.734
72,396.5,190.4,267.0,19.30,1.734
72,396.5,192.9,267.0,19.62,1.734
72,396.5,192.4,267.0,19.62,1.846
72,396.5,191.9,267.0,19.30,1.846
72,396.5,191.4,267.0,19.30,1.734
72,396.5,191.0,267.0,19.30,1.734
72,396.5,190.5,267.0,19.30,1.734
72,396.5,192.9,267.0,19.62,1.734
72,396.5,192.5,267.0,19.62,1.846
72,396.5,192.0,267.0,19.30,1.846
72,396.5,191.5,267.0,19.30,1.734
72,396.5,191.0,267.0,19.30,1.734
72,396.5,190.5,267.0,19.30,1.734
72,396.5,193.0,267.0,19.62,1.734
72,396.5,192.5,267.0,19.62,1.846
72,396.5,192.0,267.0,19.62,1.846
72,396.5,194.5,267.0,19.62,1.846
72,396.5,194.0,267.0,19.62,1.846
72,396.5,193.5,267.0,19.62,1.846
72,396.5,193.0,267.0,19.62,1.846
72,396.5,192.6,267.0,19.62,1.846
72,396.5,192.1,267.0,19.62,1.846
72,396.5,194.5,267.0,19.62,1.846
72,396.5,194.1,267.0,19.62,1.846
72,396.5,193.6,267.0,19.62,1.846
72,396.5,193.1,267.0,19.62,1.846
72,396.5,192.6,267.0,19.62,1.846
72,396.5,192.1,267.0,19.62,1.846
72,396.5,194.6,267.0,19.62,1.846
72,396.5,194.1,267.0,19.62,1.846
72,396.5,193.6,267.0,19.62,1.846
72,396.5,193.2,267.0,19.62,1.846
72,396.5,192.7,267.0,19.62,1.846
72,396.5,192.2,267.0,19.62,1.846
72,396.5,194.6,267.0,19.62,1.846
72,396.5,194.2,267.0,19.62,1.846
72,396.5,193.7,267.0,19.62,1.846
72,396.5,193.2,267.0,19.62,1.846
72,396.5,192.7,267.0,19.62,1.846
72,396.5,192.2,267.0,19.62,1.846
72,396.5,194.7,267.0,19.62,1.846
72,396.5,194.2,267.0,19.62,1.846
72,396.5,193.7,267.0,19.62,1.846
72,396.5,193.3,267.0,19.62,1.846
72,396.5,192.8,267.0,19.62,1.846
72,396.5,192.3,267.0,19.62,1.846
72,396.5,191.8,267.0,19.30,1.846
72,396.5,191.3,267.0,19.30,1.734
72,396.5,190.8,267.0,19.30,1.734
72,396.5,190.4,267.0,19.30,1.734
72,396.5,192.8,267.0,19.62,1.734
72,396.5,192.3,267.0,19.62,1.846
72,396.5,191.9,267.0,19.30,1.846
72,396.5,191.4,267.0,19.30,1.734
72,396.5,190.9,267.0,19.30,1.734
72,396.5,190.4,267.0,19.30,1.734
72,396.5,192.9,267.0,19.62,1.734
72,396.5,192.4,267.0,19.62,1.846
72,396.5,191.9,267.0,19.30,1.846
72,396.5,191.4,267.0,19.30,1.734
72,396.5,190.9,267.0,19.30,1.734
72,396.5,190.5,267.0,19.30,1.734
72,396.5,192.9,267.0,19.62,1.734
72,396.5,192.5,267.0,19.62,1.846
72,396.5,192.0,267.0,19.30,1.846
72,396.5,191.5,267.0,19.30,1.734
72,396.5,191.0,267.0,19.30,1.734
72,396.5,190.5,267.0,19.30,1.734
72,396.5,193.0,267.0,19.62,1.734
72,396.5,192.5,267.0,19.62,1.846
72,396.5,192.0,267.0,19.62,1.846
72,396.5,194.5,267.0,19.62,1.846
72,396.5,194.0,267.0,19.62,1.846
72,396.5,193.5,267.0,19.62,1.846
72,396.5,193.0,267.0,19.62,1.846
72,396.5,192.6,267.0,19.62,1.846
72,396.5,192.1,267.0,19.62,1.846
72,396.5,194.5,267.0,19.62,1.846
72,396.5,194.0,267.0,19.62,1.846
72,396.5,193.6,267.0,19.62,1.846
72,396.5,193.1,267.0,19.62,1.846
72,396.5,192.6,267.0,19.62,1.846
72,396.5,192.1,267.0,19.62,1.846
72,396.5,194.6,267.0,19.62,1.846
72,396.5,194.1,267.0,19.62,1.846
72,396.5,193.6,267.0,19.62,1.846
72,396.5,193.1,267.0,19.62,1.846
72,396.5,192.7,267.0,19.62,1.846
72,396.5,192.2,267.0,19.62,1.846
78,412.6,159.5,257.5,18.49,0.824
78,411.5,164.1,250.0,19.54,1.105
78,410.8,167.9,244.2,19.54,0.875
78,409.5,172.4,243.1,19.64,0.875
78,408.2,176.9,242.1,19.64,0.601
78,408.2,181.8,240.8,19.86,0.601
78,408.2,183.6,245.9,19.86,0.654
78,408.2,185.4,251.0,19.86,0.654
78,408.2,187.7,261.3,19.60,0.654
78,408.2,190.1,267.0,19.55,1.253
78,408.2,192.6,267.0,19.51,1.625
78,408.2,192.1,267.0,19.51,1.704
78,408.2,194.6,267.0,19.51,1.704
78,408.2,194.1,267.0,19.51,1.704
78,408.2,193.6,267.0,19.51,1.704
78,408.2,193.1,267.0,19.51,1.704
78,408.2,192.7,267.0,19.51,1.704
78,408.2,192.2,267.0,19.51,1.704
78,408.2,194.6,267.0,19.51,1.704
78,408.2,194.2,267.0,19.51,1.704
78,408.2,193.7,267.0,19.51,1.704
78,408.2,193.2,267.0,19.51,1.704
78,408.2,192.7,267.0,19.51,1.704
78,408.2,192.2,267.0,19.51,1.704
78,408.2,194.7,267.0,19.51,1.704
78,408.2,194.2,267.0,19.51,1.704
78,408.2,193.7,267.0,19.51,1.704
78,408.2,193.2,267.0,19.51,1.704
78,408.2,192.8,267.0,19.51,1.704
78,408.2,192.3,267.0,19.51,1.704
78,408.2,191.8,267.0,19.55,1.704
78,408.2,191.3,267.0,19.55,1.625
78,408.2,190.8,267.0,19.55,1.625
78,408.2,190.3,267.0,19.55,1.625
78,408.2,192.8,267.0,19.51,1.625
78,408.2,192.3,267.0,19.51,1.704
78,408.2,191.8,267.0,19.55,1.704
78,408.2,191.4,267.0,19.55,1.625
78,408.2,190.9,267.0,19.55,1.625
78,408.2,190.4,267.0,19.55,1.625
78,408.2,192.9,267.0,19.51,1.625
78,408.2,192.4,267.0,19.51,1.704
78,408.2,191.9,267.0,19.55,1.704
78,408.2,191.4,267.0,19.55,1.625
78,408.2,190.9,267.0,19.55,1.625
78,408.2,190.5,267.0,19.55,1.625
78,408.2,192.9,267.0,19.51,1.625
78,408.2,192.4,267.0,19.51,1.704
78,408.2,191.9,267.0,19.55,1.704
78,408.2,191.5,267.0,19.55,1.625
78,408.2,191.0,267.0,19.55,1.625
78,408.2,190.5,267.0,19.55,1.625
78,408.2,193.0,267.0,19.51,1.625
78,408.2,192.5,267.0,19.51,1.704
78,408.2,192.0,267.0,19.51,1.704
78,408.2,191.5,267.0,19.55,1.625
78,408.2,191.0,267.0,19.55,1.625
78,408.2,190.6,267.0,19.55,1.625
78,408.2,193.0,267.0,19.51,1.625
78,408.2,192.5,267.0,19.51,1.704
78,408.2,192.1,267.0,19.51,1.704
78,408.2,194.5,267.0,19.51,1.704
78,408.2,194.0,267.0,19.51,1.704
78,408.2,193.6,267.0,19.51,1.704
78,408.2,193.1,267.0,19.51,1.704
78,408.2,192.6,267.0,19.51,1.704
78,408.2,192.1,267.0,19.51,1.704
78,408.2,194.6,267.0,19.51,1.704
78,408.2,194.1,267.0,19.51,1.704
78,408.2,193.6,267.0,19.51,1.704
78,408.2,193.1,267.0,19.51,1.704
78,408.2,192.6,267.0,19.51,1.704
78,408.2,192.2,267.0,19.51,1.704
78,408.2,194.6,267.0,19.51,1.704
78,408.2,194.1,267.0,19.51,1.704
78,408.2,193.7,267.0,19.51,1.704
78,408.2,193.2,267.0,19.51,1.704
78,408.2,192.7,267.0,19.51,1.704
78,408.2,192.2,267.0,19.51,1.704
78,408.2,194.7,267.0,19.51,1.704
78,408.2,194.2,267.0,19.51,1.704
78,408.2,193.7,267.0,19.51,1.704
78,408.2,193.2,267.0,19.51,1.704
78,408.2,192.7,267.0,19.51,1.704
78,408.2,192.3,267.0,19.51,1.704
78,408.2,191.8,267.0,19.55,1.704
78,408.2,191.3,267.0,19.55,1.625
78,408.2,190.8,267.0,19.55,1.625
78,408.2,190.3,267.0,19.55,1.625
78,408.2,192.8,267.0,19.51,1.625
78,408.2,192.3,267.0,19.51,1.704
78,408.2,191.8,267.0,19.55,1.704
78,408.2,191.3,267.0,19.55,1.625
78,408.2,190.9,267.0,19.55,1.625
78,408.2,190.4,267.0,19.55,1.625
78,408.2,192.9,267.0,19.51,1.625
78,408.2,192.4,267.0,19.51,1.704
78,408.2,191.9,267.0,19.55,1.704
78,408.2,191.4,267.0,19.55,1.625
78,408.2,190.9,267.0,19.55,1.625
78,408.2,190.4,267.0,19.55,1.625
78,408.2,192.9,267.0,19.51,1.625
78,408.2,192.4,267.0,19.51,1.704
78,408.2,191.9,267.0,19.55,1.704
78,408.2,191.5,267.0,19.55,1.625
78,408.2,191.0,267.0,19.55,1.625
78,408.2,190.5,267.0,19.55,1.625
78,408.2,193.0,267.0,19.51,1.625
78,408.2,192.5,267.0,19.51,1.704
78,408.2,192.0,267.0,19.55,1.704
78,408.2,191.5,267.0,19.55,1.625
78,408.2,191.0,267.0,19.55,1.625
78,408.2,190.5,267.0,19.55,1.625
78,408.2,193.0,267.0,19.51,1.625
78,408.2,192.5,267.0,19.51,1.704
78,408.2,192.0,267.0,19.51,1.704
78,408.2,194.5,267.0,19.51,1.704
78,408.2,194.0,267.0,19.51,1.704
78,408.2,193.5,267.0,19.51,1.704
78,408.2,193.1,267.0,19.51,1.704
78,408.2,192.6,267.0,19.51,1.704
78,408.2,192.1,267.0,19.51,1.704
78,408.2,194.6,267.0,19.51,1.704
78,408.2,194.1,267.0,19.51,1.704
78,408.2,193.6,267.0,19.51,1.704
78,408.2,193.1,267.0,19.51,1.704
78,408.2,192.6,267.0,19.51,1.704
78,408.2,192.2,267.0,19.51,1.704
78,408.2,194.6,267.0,19.51,1.704
78,408.2,194.1,267.0,19.51,1.704
78,408.2,193.7,267.0,19.51,1.704
78,408.2,193.2,267.0,19.51,1.704
78,408.2,192.7,267.0,19.51,1.704
78,408.2,192.2,267.0,19.51,1.704
78,408.2,194.7,267.0,19.51,1.704
78,408.2,194.2,267.0,19.51,1.704
78,408.2,193.7,267.0,19.51,1.704
78,408.2,193.2,267.0,19.51,1.704
78,408.2,192.7,267.0,19.51,1.704
78,408.2,192.2,267.0,19.51,1.704
78,408.2,194.7,267.0,19.51,1.704
78,408.2,194.2,267.0,19.51,1.704
78,408.2,193.8,267.0,19.51,1.704
78,408.2,193.3,267.0,19.51,1.704
78,408.2,192.8,267.0,19.51,1.704
78,408.2,192.3,267.0,19.51,1.704
78,408.2,191.8,267.0,19.55,1.704
78,408.2,191.3,267.0,19.55,1.625
78,408.2,190.9,267.0,19.55,1.625
78,408.2,190.4,267.0,19.55,1.625
78,408.2,192.8,267.0,19.51,1.625
78,408.2,192.4,267.0,19.51,1.704
78,408.2,191.9,267.0,19.55,1.704
78,408.2,191.4,267.0,19.55,1.625
78,408.2,190.9,267.0,19.55,1.625
78,408.2,190.4,267.0,19.55,1.625
78,408.2,192.9,267.0,19.51,1.625
78,408.2,192.4,267.0,19.51,1.704
78,408.2,191.9,267.0,19.55,1.704
78,408.2,191.5,267.0,19.55,1.625
84,397.0,229.8,264.4,18.42,0.894
84,397.0,224.6,267.0,19.10,0.846
84,397.0,219.3,267.0,19.10,1.246
84,397.0,214.1,267.0,19.53,1.246
84,397.0,210.8,267.0,19.53,1.684
84,397.0,207.5,267.0,19.53,1.684
84,397.0,204.3,267.0,19.53,1.684
84,397.0,203.8,267.0,19.62,1.684
84,397.0,203.3,267.0,19.62,1.846
84,397.0,202.8,267.0,19.62,1.846
84,397.0,202.4,267.0,19.62,1.846
84,397.0,201.9,267.0,19.62,1.846
84,397.0,201.4,267.0,19.62,1.846
84,397.0,200.9,267.0,19.62,1.846
84,397.0,200.4,267.0,19.62,1.846
84,397.0,200.0,267.0,19.62,1.846
84,397.0,199.5,267.0,19.62,1.846
84,397.0,199.0,267.0,19.62,1.846
84,397.0,198.5,267.0,19.62,1.846
84,397.0,198.0,267.0,19.62,1.846
84,397.0,197.5,267.0,19.62,1.846
84,397.0,197.0,267.0,19.62,1.846
84,397.0,196.6,267.0,19.62,1.846
84,397.0,196.1,267.0,19.62,1.846
84,397.0,195.6,267.0,19.62,1.846
84,397.0,195.1,267.0,19.62,1.846
84,397.0,194.6,267.0,19.62,1.846
84,397.0,194.2,267.0,19.62,1.846
84,397.0,193.7,267.0,19.62,1.846
84,397.0,193.2,267.0,19.62,1.846
84,397.0,192.7,267.0,19.62,1.846
84,397.0,192.2,267.0,19.62,1.846
84,397.0,194.7,267.0,19.62,1.846
84,397.0,194.2,267.0,19.62,1.846
84,397.0,193.7,267.0,19.62,1.846
84,397.0,193.2,267.0,19.62,1.846
84,397.0,192.8,267.0,19.62,1.846
84,397.0,192.3,267.0,19.62,1.846
84,397.0,191.8,267.0,19.30,1.846
84,397.0,191.3,267.0,19.30,1.734
84,397.0,190.8,267.0,19.30,1.734
84,397.0,190.3,267.0,19.30,1.734
84,397.0,192.8,267.0,19.62,1.734
84,397.0,192.3,267.0,19.62,1.846
84,397.0,191.9,267.0,19.30,1.846
84,397.0,191.4,267.0,19.30,1.734
84,397.0,190.9,267.0,19.30,1.734
84,397.0,190.4,267.0,19.30,1.734
84,397.0,192.9,267.0,19.62,1.734
84,397.0,192.4,267.0,19.62,1.846
84,397.0,191.9,267.0,19.30,1.846
84,397.0,191.4,267.0,19.30,1.734
84,397.0,190.9,267.0,19.30,1.734
84,397.0,190.5,267.0,19.30,1.734
84,397.0,192.9,267.0,19.62,1.734
84,397.0,192.4,267.0,19.62,1.846
84,397.0,192.0,267.0,19.30,1.846
84,397.0,191.5,267.0,19.30,1.734
84,397.0,191.0,267.0,19.30,1.734
84,397.0,190.5,267.0,19.30,1.734
84,397.0,193.0,267.0,19.62,1.734
84,397.0,192.5,267.0,19.62,1.846
84,397.0,192.0,267.0,19.62,1.846
84,397.0,194.5,267.0,19.62,1.846
84,397.0,194.0,267.0,19.62,1.846
84,397.0,193.5,267.0,19.62,1.846
84,397.0,193.0,267.0,19.62,1.846
84,397.0,192.5,267.0,19.62,1.846
84,397.0,192.1,267.0,19.62,1.846
84,397.0,194.5,267.0,19.62,1.846
84,397.0,194.0,267.0,19.62,1.846
84,397.0,193.6,267.0,19.62,1.846
84,397.0,193.1,267.0,19.62,1.846
84,397.0,192.6,267.0,19.62,1.846
84,397.0,192.1,267.0,19.62,1.846
84,397.0,194.6,267.0,19.62,1.846
84,397.0,194.1,267.0,19.62,1.846
84,397.0,193.6,267.0,19.62,1.846
84,397.0,193.1,267.0,19.62,1.846
84,397.0,192.7,267.0,19.62,1.846
84,397.0,192.2,267.0,19.62,1.846
84,397.0,194.6,267.0,19.62,1.846
84,397.0,194.2,267.0,19.62,1.846
84,397.0,193.7,267.0,19.62,1.846
84,397.0,193.2,267.0,19.62,1.846
84,397.0,192.7,267.0,19.62,1.846
84,397.0,192.2,267.0,19.62,1.846
84,397.0,194.7,267.0,19.62,1.846
84,397.0,194.2,267.0,19.62,1.846
84,397.0,193.7,267.0,19.62,1.846
84,397.0,193.2,267.0,19.62,1.846
84,397.0,192.8,267.0,19.62,1.846
84,397.0,192.3,267.0,19.62,1.846
84,397.0,191.8,267.0,19.30,1.846
84,397.0,191.3,267.0,19.30,1.734
84,397.0,190.8,267.0,19.30,1.734
84,397.0,190.3,267.0,19.30,1.734
84,397.0,192.8,267.0,19.62,1.734
84,397.0,192.3,267.0,19.62,1.846
84,397.0,191.8,267.0,19.30,1.846
84,397.0,191.4,267.0,19.30,1.734
84,397.0,190.9,267.0,19.30,1.734
84,397.0,190.4,267.0,19.30,1.734
84,397.0,192.9,267.0,19.62,1.734
84,397.0,192.4,267.0,19.62,1.846
84,397.0,191.9,267.0,19.30,1.846
84,397.0,191.4,267.0,19.30,1.734
84,397.0,190.9,267.0,19.30,1.734
84,397.0,190.5,267.0,19.30,1.734
84,397.0,192.9,267.0,19.62,1.734
84,397.0,192.4,267.0,19.62,1.846
84,397.0,191.9,267.0,19.30,1.846
84,397.0,191.5,267.0,19.30,1.734
84,397.0,191.0,267.0,19.30,1.734
84,397.0,190.5,267.0,19.30,1.734
84,397.0,193.0,267.0,19.62,1.734
84,397.0,192.5,267.0,19.62,1.846
84,397.0,192.0,267.0,19.62,1.846
84,397.0,194.5,267.0,19.62,1.846
84,397.0,194.0,267.0,19.62,1.846
84,397.0,193.5,267.0,19.62,1.846
84,397.0,193.0,267.0,19.62,1.846
84,397.0,192.5,267.0,19.62,1.846
84,397.0,192.1,267.0,19.62,1.846
84,397.0,194.5,267.0,19.62,1.846
84,397.0,194.0,267.0,19.62,1.846
84,397.0,193.6,267.0,19.62,1.846
84,397.0,193.1,267.0,19.62,1.846
84,397.0,192.6,267.0,19.62,1.846
84,397.0,192.1,267.0,19.62,1.846
84,397.0,194.6,267.0,19.62,1.846
84,397.0,194.1,267.0,19.62,1.846
84,397.0,193.6,267.0,19.62,1.846
84,397.0,193.1,267.0,19.62,1.846
84,397.0,192.6,267.0,19.62,1.846
84,397.0,192.2,267.0,19.62,1.846
84,397.0,194.6,267.0,19.62,1.846
84,397.0,194.1,267.0,19.62,1.846
84,397.0,193.7,267.0,19.62,1.846
84,397.0,193.2,267.0,19.62,1.846
84,397.0,192.7,267.0,19.62,1.846
84,397.0,192.2,267.0,19.62,1.846
84,397.0,194.7,267.0,19.62,1.846
84,397.0,194.2,267.0,19.62,1.846
84,397.0,193.7,267.0,19.62,1.846
84,397.0,193.2,267.0,19.62,1.846
84,397.0,192.8,267.0,19.62,1.846
84,397.0,192.3,267.0,19.62,1.846
84,397.0,191.8,267.0,19.30,1.846
84,397.0,191.3,267.0,19.30,1.734
84,397.0,190.8,267.0,19.30,1.734
84,397.0,190.3,267.0,19.30,1.734
84,397.0,192.8,267.0,19.62,1.734
84,397.0,192.3,267.0,19.62,1.846
84,397.0,191.8,267.0,19.30,1.846
84,397.0,191.3,267.0,19.30,1.734
84,397.0,190.9,267.0,19.30,1.734
84,397.0,190.4,267.0,19.30,1.734
84,397.0,192.9,267.0,19.62,1.734
84,397.0,192.4,267.0,19.62,1.846
90,425.6,231.7,264.5,21.05,1.016
90,420.0,225.8,264.0,20.25,1.016
90,417.6,220.8,267.0,19.52,1.000
90,414.7,215.6,267.0,19.64,1.247
90,411.8,212.4,267.0,19.64,1.591
90,408.9,209.1,267.0,19.64,1.591
90,408.9,205.8,267.0,19.64,1.591
90,408.9,202.6,267.0,19.51,1.591
90,408.9,202.1,267.0,19.51,1.704
90,408.9,201.6,267.0,19.51,1.704
90,408.9,201.1,267.0,19.51,1.704
90,408.9,200.7,267.0,19.51,1.704
90,408.9,200.2,267.0,19.51,1.704
90,408.9,199.7,267.0,19.51,1.704
90,408.9,199.2,267.0,19.51,1.704
90,408.9,198.7,267.0,19.51,1.704
90,408.9,198.2,267.0,19.51,1.704
90,408.9,197.8,267.0,19.51,1.704
90,408.9,197.3,267.0,19.51,1.704
90,408.9,196.8,267.0,19.51,1.704
90,408.9,196.3,267.0,19.51,1.704
90,408.9,195.8,267.0,19.51,1.704
90,408.9,195.3,267.0,19.51,1.704
90,408.9,194.9,267.0,19.51,1.704
90,408.9,194.4,267.0,19.51,1.704
90,408.9,193.9,267.0,19.51,1.704
90,408.9,193.4,267.0,19.51,1.704
90,408.9,192.9,267.0,19.51,1.704
90,408.9,192.5,267.0,19.51,1.704
90,408.9,192.0,267.0,19.55,1.704
90,408.9,191.5,267.0,19.55,1.625
90,408.9,191.0,267.0,19.55,1.625
90,408.9,190.5,267.0,19.55,1.625
90,408.9,193.0,267.0,19.51,1.625
90,408.9,192.5,267.0,19.51,1.704
90,408.9,192.0,267.0,19.51,1.704
90,408.9,194.5,267.0,19.51,1.704
90,408.9,194.0,267.0,19.51,1.704
90,408.9,193.5,267.0,19.51,1.704
90,408.9,193.1,267.0,19.51,1.704
90,408.9,192.6,267.0,19.51,1.704
90,408.9,192.1,267.0,19.51,1.704
90,408.9,194.6,267.0,19.51,1.704
90,408.9,194.1,267.0,19.51,1.704
90,408.9,193.6,267.0,19.51,1.704
90,408.9,193.1,267.0,19.51,1.704
90,408.9,192.6,267.0,19.51,1.704
90,408.9,192.1,267.0,19.51,1.704
90,408.9,194.6,267.0,19.51,1.704
90,408.9,194.1,267.0,19.51,1.704
90,408.9,193.6,267.0,19.51,1.704
90,408.9,193.2,267.0,19.51,1.704
90,408.9,192.7,267.0,19.51,1.704
90,408.9,192.2,267.0,19.51,1.704
90,408.9,194.6,267.0,19.51,1.704
90,408.9,194.2,267.0,19.51,1.704
90,408.9,193.7,267.0,19.51,1.704
90,408.9,193.2,267.0,19.51,1.704
90,408.9,192.7,267.0,19.51,1.704
90,408.9,192.2,267.0,19.51,1.704
90,408.9,194.7,267.0,19.51,1.704
90,408.9,194.2,267.0,19.51,1.704
90,408.9,193.7,267.0,19.51,1.704
90,408.9,193.3,267.0,19.51,1.704
90,408.9,192.8,267.0,19.51,1.704
90,408.9,192.3,267.0,19.51,1.704
90,408.9,191.8,267.0,19.55,1.704
90,408.9,191.3,267.0,19.55,1.625
90,408.9,190.9,267.0,19.55,1.625
90,408.9,190.4,267.0,19.55,1.625
90,408.9,192.8,267.0,19.51,1.625
90,408.9,192.3,267.0,19.51,1.704
90,408.9,191.9,267.0,19.55,1.704
90,408.9,191.4,267.0,19.55,1.625
90,408.9,190.9,267.0,19.55,1.625
90,408.9,190.4,267.0,19.55,1.625
90,408.9,192.9,267.0,19.51,1.625
90,408.9,192.4,267.0,19.51,1.704
90,408.9,191.9,267.0,19.55,1.704
90,408.9,191.4,267.0,19.55,1.625
90,408.9,190.9,267.0,19.55,1.625
90,408.9,190.5,267.0,19.55,1.625
90,408.9,192.9,267.0,19.51,1.625
90,408.9,192.5,267.0,19.51,1.704
90,408.9,192.0,267.0,19.55,1.704
90,408.9,191.5,267.0,19.55,1.625
90,408.9,191.0,267.0,19.55,1.625
90,408.9,190.5,267.0,19.55,1.625
90,408.9,193.0,267.0,19.51,1.625
90,408.9,192.5,267.0,19.51,1.704
90,408.9,192.0,267.0,19.51,1.704
90,408.9,194.5,267.0,19.51,1.704
90,408.9,194.0,267.0,19.51,1.704
90,408.9,193.5,267.0,19.51,1.704
90,408.9,193.0,267.0,19.51,1.704
90,408.9,192.6,267.0,19.51,1.704
90,408.9,192.1,267.0,19.51,1.704
90,408.9,194.5,267.0,19.51,1.704
90,408.9,194.1,267.0,19.51,1.704
90,408.9,193.6,267.0,19.51,1.704
90,408.9,193.1,267.0,19.51,1.704
90,408.9,192.6,267.0,19.51,1.704
90,408.9,192.1,267.0,19.51,1.704
90,408.9,194.6,267.0,19.51,1.704
90,408.9,194.1,267.0,19.51,1.704
90,408.9,193.6,267.0,19.51,1.704
90,408.9,193.1,267.0,19.51,1.704
90,408.9,192.7,267.0,19.51,1.704
90,408.9,192.2,267.0,19.51,1.704
90,408.9,194.6,267.0,19.51,1.704
90,408.9,194.2,267.0,19.51,1.704
90,408.9,193.7,267.0,19.51,1.704
90,408.9,193.2,267.0,19.51,1.704
90,408.9,192.7,267.0,19.51,1.704
90,408.9,192.2,267.0,19.51,1.704
90,408.9,194.7,267.0,19.51,1.704
90,408.9,194.2,267.0,19.51,1.704
90,408.9,193.7,267.0,19.51,1.704
90,408.9,193.2,267.0,19.51,1.704
90,408.9,192.8,267.0,19.51,1.704
90,408.9,192.3,267.0,19.51,1.704
90,408.9,191.8,267.0,19.55,1.704
90,408.9,191.3,267.0,19.55,1.625
90,408.9,190.8,267.0,19.55,1.625
90,408.9,190.4,267.0,19.55,1.625
90,408.9,192.8,267.0,19.51,1.625
90,408.9,192.3,267.0,19.51,1.704
90,408.9,191.9,267.0,19.55,1.704
90,408.9,191.4,267.0,19.55,1.625
90,408.9,190.9,267.0,19.55,1.625
90,408.9,190.4,267.0,19.55,1.625
90,408.9,192.9,267.0,19.51,1.625
90,408.9,192.4,267.0,19.51,1.704
90,408.9,191.9,267.0,19.55,1.704
90,408.9,191.4,267.0,19.55,1.625
90,408.9,190.9,267.0,19.55,1.625
90,408.9,190.5,267.0,19.55,1.625
90,408.9,192.9,267.0,19.51,1.625
90,408.9,192.4,267.0,19.51,1.704
90,408.9,192.0,267.0,19.55,1.704
90,408.9,191.5,267.0,19.55,1.625
90,408.9,191.0,267.0,19.55,1.625
90,408.9,190.5,267.0,19.55,1.625
90,408.9,193.0,267.0,19.51,1.625
90,408.9,192.5,267.0,19.51,1.704
90,408.9,192.0,267.0,19.51,1.704
90,408.9,194.5,267.0,19.51,1.704
90,408.9,194.0,267.0,19.51,1.704
90,408.9,193.5,267.0,19.51,1.704
90,408.9,193.0,267.0,19.51,1.704
90,408.9,192.6,267.0,19.51,1.704
90,408.9,192.1,267.0,19.51,1.704
90,408.9,194.5,267.0,19.51,1.704
90,408.9,194.0,267.0,19.51,1.704
90,408.9,193.6,267.0,19.51,1.704
90,408.9,193.1,267.0,19.51,1.704
90,408.9,192.6,267.0,19.51,1.704
90,408.9,192.1,267.0,19.51,1.704
90,408.9,194.6,267.0,19.51,1.704
90,408.9,194.1,267.0,19.51,1.704
96,416.9,150.9,259.8,21.18,0.824
96,416.5,153.7,254.7,21.18,0.737
96,416.0,156.5,249.5,19.54,0.737
96,415.3,160.3,243.7,19.54,0.875
96,414.5,164.1,237.9,20.24,0.875
96,414.0,166.1,232.6,20.24,0.704
96,413.5,168.0,227.3,20.22,0.704
96,413.1,169.1,223.2,20.22,0.678
96,412.7,170.2,219.0,20.22,0.542
96,412.3,171.3,214.8,20.32,0.542
96,412.0,171.9,210.1,20.32,0.593
96,411.6,172.5,205.4,20.32,0.593
96,411.4,172.8,200.4,20.38,0.593
96,411.2,173.0,195.3,20.38,0.634
96,410.9,173.3,190.2,20.44,0.634
96,410.7,173.3,184.9,20.44,0.666
96,410.5,173.4,179.6,20.48,0.666
96,410.4,173.2,174.0,20.48,0.709
96,410.3,173.1,168.3,20.48,0.709
96,410.2,172.8,162.5,20.50,0.709
96,410.1,172.6,156.7,20.50,0.724
96,410.0,172.3,150.8,20.52,0.724
96,409.9,172.1,144.9,20.52,0.737
96,409.8,171.8,138.9,20.54,0.737
96,409.7,171.4,133.0,20.54,0.748
96,409.6,171.1,126.9,20.57,0.748
96,409.5,170.8,120.9,20.57,0.758
96,409.4,170.4,114.7,20.60,0.758
96,409.4,170.0,108.5,20.60,0.774
96,409.3,169.6,102.3,20.61,0.774
96,409.2,169.2,96.0,20.61,0.780
96,409.2,168.8,89.8,20.63,0.780
96,409.2,168.3,83.5,20.64,0.784
96,409.2,167.9,77.3,20.92,0.785
96,409.1,167.4,71.2,20.91,0.759
96,409.1,166.9,65.2,20.91,0.755
96,409.0,166.4,59.2,20.89,0.755
96,409.2,165.7,53.5,20.89,0.717
96,409.4,165.1,47.8,20.86,0.717
96,409.7,164.4,42.5,20.86,0.671
96,410.0,163.6,37.2,20.86,0.671
96,410.5,162.8,32.5,20.83,0.671
96,411.1,161.9,27.8,20.83,0.598
96,411.6,161.0,23.1,20.77,0.598
96,412.4,159.9,19.5,20.77,0.487
96,413.2,158.8,15.8,20.77,0.487
96,414.0,157.7,12.2,20.77,0.487
96,415.2,156.3,9.7,20.73,0.487
96,416.3,154.2,7.5,20.93,0.386
96,417.4,152.2,5.3,20.93,0.404
96,418.6,150.1,3.1,20.93,0.404
96,419.7,148.0,3.0,20.93,0.404
96,422.6,146.0,3.0,21.11,0.404
96,425.5,144.0,3.0,21.11,0.479
96,428.2,141.6,3.0,21.27,0.479
96,430.9,139.2,3.0,21.27,0.484
96,434.2,137.0,3.0,21.43,0.484
96,437.5,134.7,3.0,21.43,0.512
96,440.7,132.4,3.0,21.43,0.512
96,443.7,129.9,3.0,21.62,0.512
96,447.0,127.5,3.0,21.68,0.507
96,450.4,125.1,3.0,21.68,0.519
96,453.7,122.7,3.0,21.68,0.519
96,457.0,120.3,3.0,21.75,0.519
96,460.1,117.8,3.0,21.88,0.520
96,463.1,115.3,3.0,21.88,0.496
96,466.1,112.7,3.0,21.88,0.496
96,469.1,110.2,3.0,21.92,0.496
96,472.3,107.8,3.0,22.00,0.493
96,475.2,105.3,3.0,22.00,0.480
96,478.1,102.8,3.0,22.00,0.480
96,481.0,100.4,3.0,22.05,0.480
96,484.0,98.2,3.0,22.05,0.467
96,487.0,96.0,3.0,22.12,0.467
96,489.9,93.7,3.0,22.12,0.456
96,492.7,91.4,3.0,22.16,0.456
96,495.6,89.3,3.0,22.16,0.448
96,498.5,87.1,3.0,22.16,0.448
96,501.3,85.0,3.0,22.16,0.448
96,504.0,82.8,3.0,22.24,0.448
96,506.8,80.7,3.0,22.24,0.430
96,509.5,78.6,3.0,22.24,0.430
96,512.3,76.5,3.0,22.24,0.430
96,515.0,74.4,3.0,22.24,0.430
96,517.7,72.5,3.0,22.27,0.430
96,520.4,70.4,3.0,22.34,0.422
96,523.0,68.4,3.0,22.34,0.414
96,525.6,66.4,3.0,22.34,0.414
96,528.2,64.4,3.0,22.37,0.414
96,530.9,62.5,3.0,22.37,0.407
96,533.5,60.5,3.0,22.37,0.407
96,535.9,58.6,3.0,22.43,0.407
96,538.4,56.7,3.0,22.43,0.390
96,540.9,54.8,3.1,22.46,0.390
96,543.4,53.0,3.1,22.46,0.379
96,545.8,51.3,3.2,22.46,0.379
96,548.3,49.6,3.2,22.46,0.379
96,550.8,47.8,3.3,22.50,0.379
96,553.3,46.2,3.4,22.54,0.370
96,555.7,44.7,3.5,22.54,0.366
96,558.2,43.1,3.6,22.54,0.366
96,560.6,41.5,3.8,22.54,0.366
96,563.1,39.9,3.9,22.54,0.366
96,565.5,38.4,4.0,22.57,0.366
96,568.0,36.9,4.1,22.57,0.360
96,570.4,35.4,4.3,22.60,0.360
96,572.9,34.0,4.5,22.60,0.354
96,575.4,32.6,4.7,22.60,0.354
96,577.9,31.4,5.0,22.62,0.354
96,580.3,30.0,5.2,22.62,0.350
96,582.8,28.7,5.4,22.62,0.350
96,585.3,27.5,5.6,22.62,0.350
96,587.7,26.2,5.9,22.62,0.350
96,590.2,24.9,6.1,22.66,0.350
96,592.7,23.7,6.3,22.68,0.346
96,595.2,22.7,6.7,22.68,0.343
96,597.7,21.7,7.0,22.68,0.343
96,600.3,20.7,7.4,22.72,0.343
96,602.8,19.8,7.7,22.72,0.336
96,605.3,18.9,8.0,22.72,0.336
96,607.8,17.9,8.3,22.72,0.336
96,610.3,17.0,8.6,22.72,0.336
96,612.8,16.1,9.0,22.77,0.336
96,615.3,15.3,9.3,22.77,0.332
96,617.8,14.4,9.6,22.77,0.332
96,620.3,13.5,9.9,22.77,0.332
96,622.8,12.6,10.2,22.77,0.332
96,625.2,11.8,10.5,22.96,0.332
96,627.8,11.2,11.0,22.96,0.339
96,630.5,10.7,11.5,22.96,0.339
96,633.1,10.1,11.9,22.96,0.339
96,635.5,9.7,12.7,22.88,0.339
96,637.9,9.4,13.4,22.90,0.319
96,640.2,9.0,14.2,22.90,0.315
96,642.6,8.7,14.9,22.90,0.315
96,645.0,8.3,15.7,22.90,0.315
96,647.4,8.0,16.4,22.90,0.315
96,649.8,7.6,17.1,22.92,0.315
96,652.1,7.3,17.8,22.92,0.311
96,654.5,6.9,18.5,22.92,0.311
96,656.9,6.6,19.2,22.92,0.311
96,659.2,6.2,19.9,22.92,0.311
96,661.7,6.0,20.7,23.01,0.311
96,664.2,5.7,21.5,23.01,0.327
96,666.6,5.5,22.2,23.01,0.327
96,669.1,5.2,23.0,23.01,0.327
96,671.6,5.0,23.8,23.01,0.327
96,673.9,4.8,24.8,23.02,0.327
96,676.2,4.6,25.8,23.02,0.316
96,678.6,4.5,26.8,23.02,0.316
96,680.9,4.3,27.8,23.02,0.316
96,683.2,4.1,28.7,23.02,0.316
96,685.5,4.0,29.7,23.05,0.316
96,687.8,3.8,30.6,23.05,0.309
96,690.1,3.6,31.6,23.05,0.309
96,692.3,3.5,32.5,23.05,0.309
96,694.6,3.3,33.5,23.05,0.309
96,696.9,3.1,34.4,23.07,0.309
96,699.1,3.0,35.3,23.07,0.303
96,701.4,3.0,36.2,23.06,0.303
102,356.6,187.6,260.1,21.49,0.834
102,359.8,187.2,255.1,21.49,0.736
102,366.0,188.7,254.7,19.23,0.736
102,372.2,190.2,254.2,19.86,0.799
102,377.0,192.0,260.4,19.22,1.008
102,381.8,193.9,266.6,19.11,1.014
102,384.7,193.4,267.0,19.51,1.261
102,387.6,192.9,267.0,19.51,1.704
102,390.5,192.4,267.0,19.51,1.704
102,393.4,191.9,267.0,19.55,1.704
102,396.3,191.3,267.0,19.30,1.625
102,396.3,190.9,267.0,19.30,1.734
102,396.3,190.4,267.0,19.30,1.734
102,396.3,192.9,267.0,19.62,1.734
102,396.3,192.4,267.0,19.62,1.846
102,396.3,191.9,267.0,19.30,1.846
102,396.3,191.4,267.0,19.30,1.734
102,396.3,190.9,267.0,19.30,1.734
102,396.3,190.4,267.0,19.30,1.734
102,396.3,192.9,267.0,19.62,1.734
102,396.3,192.4,267.0,19.62,1.846
102,396.3,191.9,267.0,19.30,1.846
102,396.3,191.5,267.0,19.30,1.734
102,396.3,191.0,267.0,19.30,1.734
102,396.3,190.5,267.0,19.30,1.734
102,396.3,192.9,267.0,19.62,1.734
102,396.3,192.5,267.0,19.62,1.846
102,396.3,192.0,267.0,19.30,1.846
102,396.3,191.5,267.0,19.30,1.734
102,396.3,191.0,267.0,19.30,1.734
102,396.3,190.5,267.0,19.30,1.734
102,396.3,193.0,267.0,19.62,1.734
102,396.3,192.5,267.0,19.62,1.846
102,396.3,192.0,267.0,19.62,1.846
102,396.3,194.5,267.0,19.62,1.846
102,396.3,194.0,267.0,19.62,1.846
102,396.3,193.5,267.0,19.62,1.846
102,396.3,193.1,267.0,19.62,1.846
102,396.3,192.6,267.0,19.62,1.846
102,396.3,192.1,267.0,19.62,1.846
102,396.3,194.6,267.0,19.62,1.846
102,396.3,194.1,267.0,19.62,1.846
102,396.3,193.6,267.0,19.62,1.846
102,396.3,193.1,267.0,19.62,1.846
102,396.3,192.6,267.0,19.62,1.846
102,396.3,192.2,267.0,19.62,1.846
102,396.3,194.6,267.0,19.62,1.846
102,396.3,194.1,267.0,19.62,1.846
102,396.3,193.7,267.0,19.62,1.846
102,396.3,193.2,267.0,19.62,1.846
102,396.3,192.7,267.0,19.62,1.846
102,396.3,192.2,267.0,19.62,1.846
102,396.3,194.7,267.0,19.62,1.846
102,396.3,194.2,267.0,19.62,1.846
102,396.3,193.7,267.0,19.62,1.846
102,396.3,193.2,267.0,19.62,1.846
102,396.3,192.7,267.0,19.62,1.846
102,396.3,192.2,267.0,19.62,1.846
102,396.3,191.8,267.0,19.30,1.846
102,396.3,191.3,267.0,19.30,1.734
102,396.3,190.8,267.0,19.30,1.734
102,396.3,190.3,267.0,19.30,1.734
102,396.3,192.8,267.0,19.62,1.734
102,396.3,192.3,267.0,19.62,1.846
102,396.3,191.8,267.0,19.30,1.846
102,396.3,191.3,267.0,19.30,1.734
102,396.3,190.9,267.0,19.30,1.734
102,396.3,190.4,267.0,19.30,1.734
102,396.3,192.8,267.0,19.62,1.734
102,396.3,192.4,267.0,19.62,1.846
102,396.3,191.9,267.0,19.30,1.846
102,396.3,191.4,267.0,19.30,1.734
102,396.3,190.9,267.0,19.30,1.734
102,396.3,190.4,267.0,19.30,1.734
102,396.3,192.9,267.0,19.62,1.734
102,396.3,192.4,267.0,19.62,1.846
102,396.3,191.9,267.0,19.30,1.846
102,396.3,191.5,267.0,19.30,1.734
102,396.3,191.0,267.0,19.30,1.734
102,396.3,190.5,267.0,19.30,1.734
102,396.3,192.9,267.0,19.62,1.734
102,396.3,192.5,267.0,19.62,1.846
102,396.3,192.0,267.0,19.30,1.846
102,396.3,191.5,267.0,19.30,1.734
102,396.3,191.0,267.0,19.30,1.734
102,396.3,190.5,267.0,19.30,1.734
102,396.3,193.0,267.0,19.62,1.734
102,396.3,192.5,267.0,19.62,1.846
102,396.3,192.0,267.0,19.62,1.846
102,396.3,194.5,267.0,19.62,1.846
102,396.3,194.0,267.0,19.62,1.846
102,396.3,193.5,267.0,19.62,1.846
102,396.3,193.1,267.0,19.62,1.846
102,396.3,192.6,267.0,19.62,1.846
102,396.3,192.1,267.0,19.62,1.846
102,396.3,194.6,267.0,19.62,1.846
102,396.3,194.1,267.0,19.62,1.846
102,396.3,193.6,267.0,19.62,1.846
102,396.3,193.1,267.0,19.62,1.846
102,396.3,192.6,267.0,19.62,1.846
102,396.3,192.1,267.0,19.62,1.846
102,396.3,194.6,267.0,19.62,1.846
102,396.3,194.1,267.0,19.62,1.846
102,396.3,193.6,267.0,19.62,1.846
102,396.3,193.2,267.0,19.62,1.846
102,396.3,192.7,267.0,19.62,1.846
102,396.3,192.2,267.0,19.62,1.846
102,396.3,194.7,267.0,19.62,1.846
102,396.3,194.2,267.0,19.62,1.846
102,396.3,193.7,267.0,19.62,1.846
102,396.3,193.2,267.0,19.62,1.846
102,396.3,192.7,267.0,19.62,1.846
102,396.3,192.2,267.0,19.62,1.846
102,396.3,191.8,267.0,19.30,1.846
102,396.3,191.3,267.0,19.30,1.734
102,396.3,190.8,267.0,19.30,1.734
102,396.3,190.3,267.0,19.30,1.734
102,396.3,192.8,267.0,19.62,1.734
102,396.3,192.3,267.0,19.62,1.846
102,396.3,191.8,267.0,19.30,1.846
102,396.3,191.3,267.0,19.30,1.734
102,396.3,190.9,267.0,19.30,1.734
102,396.3,190.4,267.0,19.30,1.734
102,396.3,192.8,267.0,19.62,1.734
102,396.3,192.3,267.0,19.62,1.846
102,396.3,191.9,267.0,19.30,1.846
102,396.3,191.4,267.0,19.30,1.734
102,396.3,190.9,267.0,19.30,1.734
102,396.3,190.4,267.0,19.30,1.734
102,396.3,192.9,267.0,19.62,1.734
102,396.3,192.4,267.0,19.62,1.846
102,396.3,191.9,267.0,19.30,1.846
102,396.3,191.4,267.0,19.30,1.734
102,396.3,191.0,267.0,19.30,1.734
102,396.3,190.5,267.0,19.30,1.734
102,396.3,192.9,267.0,19.62,1.734
102,396.3,192.5,267.0,19.62,1.846
102,396.3,192.0,267.0,19.30,1.846
102,396.3,191.5,267.0,19.30,1.734
102,396.3,191.0,267.0,19.30,1.734
102,396.3,190.5,267.0,19.30,1.734
102,396.3,193.0,267.0,19.62,1.734
102,396.3,192.5,267.0,19.62,1.846
102,396.3,192.0,267.0,19.62,1.846
102,396.3,194.5,267.0,19.62,1.846
102,396.3,194.0,267.0,19.62,1.846
102,396.3,193.5,267.0,19.62,1.846
102,396.3,193.0,267.0,19.62,1.846
102,396.3,192.6,267.0,19.62,1.846
102,396.3,192.1,267.0,19.62,1.846
102,396.3,194.5,267.0,19.62,1.846
102,396.3,194.1,267.0,19.62,1.846
102,396.3,193.6,267.0,19.62,1.846
102,396.3,193.1,267.0,19.62,1.846
102,396.3,192.6,267.0,19.62,1.846
102,396.3,192.1,267.0,19.62,1.846
102,396.3,194.6,267.0,19.62,1.846
102,396.3,194.1,267.0,19.62,1.846
102,396.3,193.6,267.0,19.62,1.846
102,396.3,193.2,267.0,19.62,1.846
108,400.0,230.9,264.3,18.42,0.846
108,400.0,225.7,267.0,19.10,0.846
108,400.0,220.4,267.0,19.10,1.246
108,400.0,215.2,267.0,19.53,1.246
108,400.0,211.9,267.0,19.53,1.684
108,400.0,208.7,267.0,19.53,1.684
108,400.0,205.4,267.0,19.53,1.684
108,400.0,204.9,267.0,19.53,1.684
108,400.0,204.4,267.0,19.53,1.684
108,400.0,203.9,267.0,19.62,1.684
108,400.0,203.4,267.0,19.62,1.846
108,400.0,203.0,267.0,19.62,1.846
108,400.0,202.5,267.0,19.62,1.846
108,400.0,202.0,267.0,19.62,1.846
108,400.0,201.5,267.0,19.62,1.846
108,400.0,201.0,267.0,19.62,1.846
108,400.0,200.6,267.0,19.62,1.846
108,400.0,200.1,267.0,19.62,1.846
108,400.0,199.6,267.0,19.62,1.846
108,400.0,199.1,267.0,19.62,1.846
108,400.0,198.6,267.0,19.62,1.846
108,400.0,198.2,267.0,19.62,1.846
108,400.0,197.7,267.0,19.62,1.846
108,400.0,197.2,267.0,19.62,1.846
108,400.0,196.7,267.0,19.62,1.846
108,400.0,196.2,267.0,19.62,1.846
108,400.0,195.7,267.0,19.62,1.846
108,400.0,195.2,267.0,19.62,1.846
108,400.0,194.8,267.0,19.62,1.846
108,400.0,194.3,267.0,19.62,1.846
108,400.0,193.8,267.0,19.62,1.846
108,400.0,193.3,267.0,19.62,1.846
108,400.0,192.8,267.0,19.62,1.846
108,400.0,192.4,267.0,19.62,1.846
108,400.0,191.9,267.0,19.30,1.846
108,400.0,191.4,267.0,19.30,1.734
108,400.0,190.9,267.0,19.30,1.734
108,400.0,190.4,267.0,19.30,1.734
108,400.0,192.9,267.0,19.62,1.734
108,400.0,192.4,267.0,19.62,1.846
108,400.0,191.9,267.0,19.30,1.846
108,400.0,191.5,267.0,19.30,1.734
108,400.0,191.0,267.0,19.30,1.734
108,400.0,190.5,267.0,19.30,1.734
108,400.0,192.9,267.0,19.62,1.734
108,400.0,192.5,267.0,19.62,1.846
108,400.0,192.0,267.0,19.30,1.846
108,400.0,191.5,267.0,19.30,1.734
108,400.0,191.0,267.0,19.30,1.734
108,400.0,190.5,267.0,19.30,1.734
108,400.0,193.0,267.0,19.62,1.734
108,400.0,192.5,267.0,19.62,1.846
108,400.0,192.0,267.0,19.62,1.846
108,400.0,194.5,267.0,19.62,1.846
108,400.0,194.0,267.0,19.62,1.846
108,400.0,193.5,267.0,19.62,1.846
108,400.0,193.1,267.0,19.62,1.846
108,400.0,192.6,267.0,19.62,1.846
108,400.0,192.1,267.0,19.62,1.846
108,400.0,194.6,267.0,19.62,1.846
108,400.0,194.1,267.0,19.62,1.846
108,400.0,193.6,267.0,19.62,1.846
108,400.0,193.1,267.0,19.62,1.846
108,400.0,192.6,267.0,19.62,1.846
108,400.0,192.1,267.0,19.62,1.846
108,400.0,194.6,267.0,19.62,1.846
108,400.0,194.1,267.0,19.62,1.846
108,400.0,193.6,267.0,19.62,1.846
108,400.0,193.2,267.0,19.62,1.846
108,400.0,192.7,267.0,19.62,1.846
108,400.0,192.2,267.0,19.62,1.846
108,400.0,194.7,267.0,19.62,1.846
108,400.0,194.2,267.0,19.62,1.846
108,400.0,193.7,267.0,19.62,1.846
108,400.0,193.2,267.0,19.62,1.846
108,400.0,192.7,267.0,19.62,1.846
108,400.0,192.2,267.0,19.62,1.846
108,400.0,191.8,267.0,19.30,1.846
108,400.0,191.3,267.0,19.30,1.734
108,400.0,190.8,267.0,19.30,1.734
108,400.0,190.3,267.0,19.30,1.734
108,400.0,192.8,267.0,19.62,1.734
108,400.0,192.3,267.0,19.62,1.846
108,400.0,191.8,267.0,19.30,1.846
108,400.0,191.3,267.0,19.30,1.734
108,400.0,190.9,267.0,19.30,1.734
108,400.0,190.4,267.0,19.30,1.734
108,400.0,192.8,267.0,19.62,1.734
108,400.0,192.3,267.0,19.62,1.846
108,400.0,191.9,267.0,19.30,1.846
108,400.0,191.4,267.0,19.30,1.734
108,400.0,190.9,267.0,19.30,1.734
108,400.0,190.4,267.0,19.30,1.734
108,400.0,192.9,267.0,19.62,1.734
108,400.0,192.4,267.0,19.62,1.846
108,400.0,191.9,267.0,19.30,1.846
108,400.0,191.4,267.0,19.30,1.734
108,400.0,191.0,267.0,19.30,1.734
108,400.0,190.5,267.0,19.30,1.734
108,400.0,192.9,267.0,19.62,1.734
108,400.0,192.5,267.0,19.62,1.846
108,400.0,192.0,267.0,19.30,1.846
108,400.0,191.5,267.0,19.30,1.734
108,400.0,191.0,267.0,19.30,1.734
108,400.0,190.5,267.0,19.30,1.734
108,400.0,193.0,267.0,19.62,1.734
108,400.0,192.5,267.0,19.62,1.846
108,400.0,192.0,267.0,19.62,1.846
108,400.0,194.5,267.0,19.62,1.846
108,400.0,194.0,267.0,19.62,1.846
108,400.0,193.5,267.0,19.62,1.846
108,400.0,193.0,267.0,19.62,1.846
108,400.0,192.6,267.0,19.62,1.846
108,400.0,192.1,267.0,19.62,1.846
108,400.0,194.5,267.0,19.62,1.846
108,400.0,194.1,267.0,19.62,1.846
108,400.0,193.6,267.0,19.62,1.846
108,400.0,193.1,267.0,19.62,1.846
108,400.0,192.6,267.0,19.62,1.846
108,400.0,192.1,267.0,19.62,1.846
108,400.0,194.6,267.0,19.62,1.846
108,400.0,194.1,267.0,19.62,1.846
108,400.0,193.6,267.0,19.62,1.846
108,400.0,193.2,267.0,19.62,1.846
108,400.0,192.7,267.0,19.62,1.846
108,400.0,192.2,267.0,19.62,1.846
108,400.0,194.6,267.0,19.62,1.846
108,400.0,194.2,267.0,19.62,1.846
108,400.0,193.7,267.0,19.62,1.846
108,400.0,193.2,267.0,19.62,1.846
108,400.0,192.7,267.0,19.62,1.846
108,400.0,192.2,267.0,19.62,1.846
108,400.0,194.7,267.0,19.62,1.846
108,400.0,194.2,267.0,19.62,1.846
108,400.0,193.7,267.0,19.62,1.846
108,400.0,193.3,267.0,19.62,1.846
108,400.0,192.8,267.0,19.62,1.846
108,400.0,192.3,267.0,19.62,1.846
108,400.0,191.8,267.0,19.30,1.846
108,400.0,191.3,267.0,19.30,1.734
108,400.0,190.8,267.0,19.30,1.734
108,400.0,190.4,267.0,19.30,1.734
108,400.0,192.8,267.0,19.62,1.734
108,400.0,192.3,267.0,19.62,1.846
108,400.0,191.9,267.0,19.30,1.846
108,400.0,191.4,267.0,19.30,1.734
108,400.0,190.9,267.0,19.30,1.734
108,400.0,190.4,267.0,19.30,1.734
108,400.0,192.9,267.0,19.62,1.734
108,400.0,192.4,267.0,19.62,1.846
108,400.0,191.9,267.0,19.30,1.846
108,400.0,191.4,267.0,19.30,1.734
108,400.0,190.9,267.0,19.30,1.734
108,400.0,190.5,267.0,19.30,1.734
108,400.0,192.9,267.0,19.62,1.734
108,400.0,192.5,267.0,19.62,1.846
108,400.0,192.0,267.0,19.30,1.846
108,400.0,191.5,267.0,19.30,1.734
108,400.0,191.0,267.0,19.30,1.734
108,400.0,190.5,267.0,19.30,1.734
114,350.0,194.1,259.3,21.47,0.379
114,353.2,193.6,254.4,21.47,0.734
114,355.8,193.0,251.0,22.15,0.734
114,358.4,192.4,247.5,22.15,0.547
114,361.1,191.8,244.0,20.04,0.547
114,366.4,191.3,242.7,20.04,0.671
114,371.6,191.9,241.4,20.04,0.671
114,375.9,191.4,243.9,20.09,0.671
114,379.9,192.4,246.3,19.74,0.602
114,384.2,191.9,248.8,19.86,0.622
114,386.5,191.4,253.8,19.60,0.654
114,389.3,190.9,263.9,19.60,1.253
114,392.1,193.3,267.0,19.51,1.253
114,395.1,192.8,267.0,19.51,1.704
114,395.1,192.3,267.0,19.51,1.704
114,395.1,191.9,267.0,19.55,1.704
114,395.1,191.4,267.0,19.55,1.625
114,395.1,190.9,267.0,19.55,1.625
114,395.1,190.4,267.0,19.55,1.625
114,395.1,192.9,267.0,19.51,1.625
114,395.1,192.4,267.0,19.51,1.704
114,395.1,191.9,267.0,19.55,1.704
114,395.1,191.4,267.0,19.55,1.625
114,395.1,190.9,267.0,19.55,1.625
114,395.1,190.5,267.0,19.55,1.625
114,395.1,192.9,267.0,19.51,1.625
114,395.1,192.4,267.0,19.51,1.704
114,395.1,191.9,267.0,19.55,1.704
114,395.1,191.5,267.0,19.55,1.625
114,395.1,191.0,267.0,19.55,1.625
114,395.1,190.5,267.0,19.55,1.625
114,395.1,193.0,267.0,19.51,1.625
114,395.1,192.5,267.0,19.51,1.704
114,395.1,192.0,267.0,19.51,1.704
114,395.1,194.5,267.0,19.51,1.704
114,395.1,194.0,267.0,19.51,1.704
114,395.1,193.5,267.0,19.51,1.704
114,395.1,193.0,267.0,19.51,1.704
114,395.1,192.5,267.0,19.51,1.704
114,395.1,192.1,267.0,19.51,1.704
114,395.1,194.5,267.0,19.51,1.704
114,395.1,194.0,267.0,19.51,1.704
114,395.1,193.6,267.0,19.51,1.704
114,395.1,193.1,267.0,19.51,1.704
114,395.1,192.6,267.0,19.51,1.704
114,395.1,192.1,267.0,19.51,1.704
114,395.1,194.6,267.0,19.51,1.704
114,395.1,194.1,267.0,19.51,1.704
114,395.1,193.6,267.0,19.51,1.704
114,395.1,193.1,267.0,19.51,1.704
114,395.1,192.6,267.0,19.51,1.704
114,395.1,192.2,267.0,19.51,1.704
114,395.1,194.6,267.0,19.51,1.704
114,395.1,194.1,267.0,19.51,1.704
114,395.1,193.7,267.0,19.51,1.704
114,395.1,193.2,267.0,19.51,1.704
114,395.1,192.7,267.0,19.51,1.704
114,395.1,192.2,267.0,19.51,1.704
114,395.1,194.7,267.0,19.51,1.704
114,395.1,194.2,267.0,19.51,1.704
114,395.1,193.7,267.0,19.51,1.704
114,395.1,193.2,267.0,19.51,1.704
114,395.1,192.8,267.0,19.51,1.704
114,395.1,192.3,267.0,19.51,1.704
114,395.1,191.8,267.0,19.55,1.704
114,395.1,191.3,267.0,19.55,1.625
114,395.1,190.8,267.0,19.55,1.625
114,395.1,190.3,267.0,19.55,1.625
114,395.1,192.8,267.0,19.51,1.625
114,395.1,192.3,267.0,19.51,1.704
114,395.1,191.8,267.0,19.55,1.704
114,395.1,191.4,267.0,19.55,1.625
114,395.1,190.9,267.0,19.55,1.625
114,395.1,190.4,267.0,19.55,1.625
114,395.1,192.9,267.0,19.51,1.625
114,395.1,192.4,267.0,19.51,1.704
114,395.1,191.9,267.0,19.55,1.704
114,395.1,191.4,267.0,19.55,1.625
114,395.1,190.9,267.0,19.55,1.625
114,395.1,190.4,267.0,19.55,1.625
114,395.1,192.9,267.0,19.51,1.625
114,395.1,192.4,267.0,19.51,1.704
114,395.1,191.9,267.0,19.55,1.704
114,395.1,191.5,267.0,19.55,1.625
114,395.1,191.0,267.0,19.55,1.625
114,395.1,190.5,267.0,19.55,1.625
114,395.1,193.0,267.0,19.51,1.625
114,395.1,192.5,267.0,19.51,1.704
114,395.1,192.0,267.0,19.51,1.704
114,395.1,191.5,267.0,19.55,1.625
114,395.1,191.0,267.0,19.55,1.625
114,395.1,190.6,267.0,19.55,1.625
114,395.1,193.0,267.0,19.51,1.625
114,395.1,192.5,267.0,19.51,1.704
114,395.1,192.1,267.0,19.51,1.704
114,395.1,194.5,267.0,19.51,1.704
114,395.1,194.0,267.0,19.51,1.704
114,395.1,193.6,267.0,19.51,1.704
114,395.1,193.1,267.0,19.51,1.704
114,395.1,192.6,267.0,19.51,1.704
114,395.1,192.1,267.0,19.51,1.704
114,395.1,194.6,267.0,19.51,1.704
114,395.1,194.1,267.0,19.51,1.704
114,395.1,193.6,267.0,19.51,1.704
114,395.1,193.1,267.0,19.51,1.704
114,395.1,192.6,267.0,19.51,1.704
114,395.1,192.2,267.0,19.51,1.704
114,395.1,194.6,267.0,19.51,1.704
114,395.1,194.1,267.0,19.51,1.704
114,395.1,193.7,267.0,19.51,1.704
114,395.1,193.2,267.0,19.51,1.704
114,395.1,192.7,267.0,19.51,1.704
114,395.1,192.2,267.0,19.51,1.704
114,395.1,194.7,267.0,19.51,1.704
114,395.1,194.2,267.0,19.51,1.704
114,395.1,193.7,267.0,19.51,1.704
114,395.1,193.2,267.0,19.51,1.704
114,395.1,192.7,267.0,19.51,1.704
114,395.1,192.3,267.0,19.51,1.704
114,395.1,191.8,267.0,19.55,1.704
114,395.1,191.3,267.0,19.55,1.625
114,395.1,190.8,267.0,19.55,1.625
114,395.1,190.3,267.0,19.55,1.625
114,395.1,192.8,267.0,19.51,1.625
114,395.1,192.3,267.0,19.51,1.704
114,395.1,191.8,267.0,19.55,1.704
114,395.1,191.3,267.0,19.55,1.625
114,395.1,190.9,267.0,19.55,1.625
114,395.1,190.4,267.0,19.55,1.625
114,395.1,192.9,267.0,19.51,1.625
114,395.1,192.4,267.0,19.51,1.704
114,395.1,191.9,267.0,19.55,1.704
114,395.1,191.4,267.0,19.55,1.625
114,395.1,190.9,267.0,19.55,1.625
114,395.1,190.4,267.0,19.55,1.625
114,395.1,192.9,267.0,19.51,1.625
114,395.1,192.4,267.0,19.51,1.704
114,395.1,191.9,267.0,19.55,1.704
114,395.1,191.5,267.0,19.55,1.625
114,395.1,191.0,267.0,19.55,1.625
114,395.1,190.5,267.0,19.55,1.625
114,395.1,192.9,267.0,19.51,1.625
114,395.1,192.5,267.0,19.51,1.704
114,395.1,192.0,267.0,19.55,1.704
114,395.1,191.5,267.0,19.55,1.625
114,395.1,191.0,267.0,19.55,1.625
114,395.1,190.5,267.0,19.55,1.625
114,395.1,193.0,267.0,19.51,1.625
114,395.1,192.5,267.0,19.51,1.704
114,395.1,192.0,267.0,19.51,1.704
114,395.1,194.5,267.0,19.51,1.704
114,395.1,194.0,267.0,19.51,1.704
114,395.1,193.5,267.0,19.51,1.704
114,395.1,193.1,267.0,19.51,1.704
114,395.1,192.6,267.0,19.51,1.704
114,395.1,192.1,267.0,19.51,1.704
114,395.1,194.6,267.0,19.51,1.704
114,395.1,194.1,267.0,19.51,1.704
114,395.1,193.6,267.0,19.51,1.704
114,395.1,193.1,267.0,19.51,1.704
120,370.0,209.8,264.6,18.55,0.893
120,375.1,206.6,267.0,19.60,0.893
120,380.1,203.4,267.0,19.11,1.261
120,385.1,202.9,267.0,19.51,1.261
120,388.0,202.3,267.0,19.51,1.704
120,390.9,201.8,267.0,19.51,1.704
120,393.8,201.3,267.0,19.51,1.704
120,396.7,200.8,267.0,19.62,1.704
120,396.7,200.3,267.0,19.62,1.846
120,396.7,199.8,267.0,19.62,1.846
120,396.7,199.3,267.0,19.62,1.846
120,396.7,198.9,267.0,19.62,1.846
120,396.7,198.4,267.0,19.62,1.846
120,396.7,197.9,267.0,19.62,1.846
120,396.7,197.4,267.0,19.62,1.846
120,396.7,196.9,267.0,19.62,1.846
120,396.7,196.5,267.0,19.62,1.846
120,396.7,196.0,267.0,19.62,1.846
120,396.7,195.5,267.0,19.62,1.846
120,396.7,195.0,267.0,19.62,1.846
120,396.7,194.5,267.0,19.62,1.846
120,396.7,194.0,267.0,19.62,1.846
120,396.7,193.6,267.0,19.62,1.846
120,396.7,193.1,267.0,19.62,1.846
120,396.7,192.6,267.0,19.62,1.846
120,396.7,192.1,267.0,19.62,1.846
120,396.7,194.6,267.0,19.62,1.846
120,396.7,194.1,267.0,19.62,1.846
120,396.7,193.6,267.0,19.62,1.846
120,396.7,193.1,267.0,19.62,1.846
120,396.7,192.7,267.0,19.62,1.846
120,396.7,192.2,267.0,19.62,1.846
120,396.7,194.6,267.0,19.62,1.846
120,396.7,194.2,267.0,19.62,1.846
120,396.7,193.7,267.0,19.62,1.846
120,396.7,193.2,267.0,19.62,1.846
120,396.7,192.7,267.0,19.62,1.846
120,396.7,192.2,267.0,19.62,1.846
120,396.7,194.7,267.0,19.62,1.846
120,396.7,194.2,267.0,19.62,1.846
120,396.7,193.7,267.0,19.62,1.846
120,396.7,193.2,267.0,19.62,1.846
120,396.7,192.8,267.0,19.62,1.846
120,396.7,192.3,267.0,19.62,1.846
120,396.7,191.8,267.0,19.30,1.846
120,396.7,191.3,267.0,19.30,1.734
120,396.7,190.8,267.0,19.30,1.734
120,396.7,190.3,267.0,19.30,1.734
120,396.7,192.8,267.0,19.62,1.734
120,396.7,192.3,267.0,19.62,1.846
120,396.7,191.9,267.0,19.30,1.846
120,396.7,191.4,267.0,19.30,1.734
120,396.7,190.9,267.0,19.30,1.734
120,396.7,190.4,267.0,19.30,1.734
120,396.7,192.9,267.0,19.62,1.734
120,396.7,192.4,267.0,19.62,1.846
120,396.7,191.9,267.0,19.30,1.846
120,396.7,191.4,267.0,19.30,1.734
120,396.7,190.9,267.0,19.30,1.734
120,396.7,190.5,267.0,19.30,1.734
120,396.7,192.9,267.0,19.62,1.734
120,396.7,192.4,267.0,19.62,1.846
120,396.7,191.9,267.0,19.30,1.846
120,396.7,191.5,267.0,19.30,1.734
120,396.7,191.0,267.0,19.30,1.734
120,396.7,190.5,267.0,19.30,1.734
120,396.7,193.0,267.0,19.62,1.734
120,396.7,192.5,267.0,19.62,1.846
120,396.7,192.0,267.0,19.62,1.846
120,396.7,194.5,267.0,19.62,1.846
120,396.7,194.0,267.0,19.62,1.846
120,396.7,193.5,267.0,19.62,1.846
120,396.7,193.0,267.0,19.62,1.846
120,396.7,192.5,267.0,19.62,1.846
120,396.7,192.1,267.0,19.62,1.846
120,396.7,194.5,267.0,19.62,1.846
120,396.7,194.0,267.0,19.62,1.846
120,396.7,193.6,267.0,19.62,1.846
120,396.7,193.1,267.0,19.62,1.846
120,396.7,192.6,267.0,19.62,1.846
120,396.7,192.1,267.0,19.62,1.846
120,396.7,194.6,267.0,19.62,1.846
120,396.7,194.1,267.0,19.62,1.846
120,396.7,193.6,267.0,19.62,1.846
120,396.7,193.1,267.0,19.62,1.846
120,396.7,192.7,267.0,19.62,1.846
120,396.7,192.2,267.0,19.62,1.846
120,396.7,194.6,267.0,19.62,1.846
120,396.7,194.2,267.0,19.62,1.846
120,396.7,193.7,267.0,19.62,1.846
120,396.7,193.2,267.0,19.62,1.846
120,396.7,192.7,267.0,19.62,1.846
120,396.7,192.2,267.0,19.62,1.846
120,396.7,194.7,267.0,19.62,1.846
120,396.7,194.2,267.0,19.62,1.846
120,396.7,193.7,267.0,19.62,1.846
120,396.7,193.2,267.0,19.62,1.846
120,396.7,192.8,267.0,19.62,1.846
120,396.7,192.3,267.0,19.62,1.846
120,396.7,191.8,267.0,19.30,1.846
120,396.7,191.3,267.0,19.30,1.734
120,396.7,190.8,267.0,19.30,1.734
120,396.7,190.3,267.0,19.30,1.734
120,396.7,192.8,267.0,19.62,1.734
120,396.7,192.3,267.0,19.62,1.846
120,396.7,191.8,267.0,19.30,1.846
120,396.7,191.4,267.0,19.30,1.734
120,396.7,190.9,267.0,19.30,1.734
120,396.7,190.4,267.0,19.30,1.734
120,396.7,192.9,267.0,19.62,1.734
120,396.7,192.4,267.0,19.62,1.846
120,396.7,191.9,267.0,19.30,1.846
120,396.7,191.4,267.0,19.30,1.734
120,396.7,190.9,267.0,19.30,1.734
120,396.7,190.4,267.0,19.30,1.734
120,396.7,192.9,267.0,19.62,1.734
120,396.7,192.4,267.0,19.62,1.846
120,396.7,191.9,267.0,19.30,1.846
120,396.7,191.5,267.0,19.30,1.734
120,396.7,191.0,267.0,19.30,1.734
120,396.7,190.5,267.0,19.30,1.734
120,396.7,193.0,267.0,19.62,1.734
120,396.7,192.5,267.0,19.62,1.846
120,396.7,192.0,267.0,19.62,1.846
120,396.7,191.5,267.0,19.30,1.734
120,396.7,191.0,267.0,19.30,1.734
120,396.7,190.6,267.0,19.30,1.734
120,396.7,193.0,267.0,19.62,1.734
120,396.7,192.5,267.0,19.62,1.846
120,396.7,192.1,267.0,19.62,1.846
120,396.7,194.5,267.0,19.62,1.846
120,396.7,194.0,267.0,19.62,1.846
120,396.7,193.6,267.0,19.62,1.846
120,396.7,193.1,267.0,19.62,1.846
120,396.7,192.6,267.0,19.62,1.846
120,396.7,192.1,267.0,19.62,1.846
120,396.7,194.6,267.0,19.62,1.846
120,396.7,194.1,267.0,19.62,1.846
120,396.7,193.6,267.0,19.62,1.846
120,396.7,193.1,267.0,19.62,1.846
120,396.7,192.6,267.0,19.62,1.846
120,396.7,192.2,267.0,19.62,1.846
120,396.7,194.6,267.0,19.62,1.846
120,396.7,194.1,267.0,19.62,1.846
120,396.7,193.7,267.0,19.62,1.846
120,396.7,193.2,267.0,19.62,1.846
120,396.7,192.7,267.0,19.62,1.846
120,396.7,192.2,267.0,19.62,1.846
120,396.7,194.7,267.0,19.62,1.846
120,396.7,194.2,267.0,19.62,1.846
120,396.7,193.7,267.0,19.62,1.846
120,396.7,193.2,267.0,19.62,1.846
120,396.7,192.7,267.0,19.62,1.846
120,396.7,192.3,267.0,19.62,1.846
120,396.7,191.8,267.0,19.30,1.846
120,396.7,191.3,267.0,19.30,1.734
120,396.7,190.8,267.0,19.30,1.734
120,396.7,190.3,267.0,19.30,1.734
120,396.7,192.8,267.0,19.62,1.734
120,396.7,192.3,267.0,19.62,1.846
126,437.8,207.3,257.6,18.58,1.284
126,433.0,206.1,250.2,19.83,1.114
126,428.0,204.6,249.2,19.96,0.875
126,422.7,204.1,247.8,19.96,0.659
126,417.4,203.7,246.5,19.90,0.659
126,415.1,203.2,251.5,19.90,0.687
126,412.3,202.7,261.6,19.58,0.687
126,409.4,202.1,267.0,19.51,1.310
126,406.5,201.6,267.0,19.62,1.704
126,406.5,201.1,267.0,19.62,1.846
126,406.5,200.7,267.0,19.62,1.846
126,406.5,200.2,267.0,19.62,1.846
126,406.5,199.7,267.0,19.62,1.846
126,406.5,199.2,267.0,19.62,1.846
126,406.5,198.7,267.0,19.62,1.846
126,406.5,198.2,267.0,19.62,1.846
126,406.5,197.8,267.0,19.62,1.846
126,406.5,197.3,267.0,19.62,1.846
126,406.5,196.8,267.0,19.62,1.846
126,406.5,196.3,267.0,19.62,1.846
126,406.5,195.8,267.0,19.62,1.846
126,406.5,195.3,267.0,19.62,1.846
126,406.5,194.9,267.0,19.62,1.846
126,406.5,194.4,267.0,19.62,1.846
126,406.5,193.9,267.0,19.62,1.846
126,406.5,193.4,267.0,19.62,1.846
126,406.5,192.9,267.0,19.62,1.846
126,406.5,192.5,267.0,19.62,1.846
126,406.5,192.0,267.0,19.30,1.846
126,406.5,191.5,267.0,19.30,1.734
126,406.5,191.0,267.0,19.30,1.734
126,406.5,190.5,267.0,19.30,1.734
126,406.5,193.0,267.0,19.62,1.734
126,406.5,192.5,267.0,19.62,1.846
126,406.5,192.0,267.0,19.62,1.846
126,406.5,194.5,267.0,19.62,1.846
126,406.5,194.0,267.0,19.62,1.846
126,406.5,193.5,267.0,19.62,1.846
126,406.5,193.1,267.0,19.62,1.846
126,406.5,192.6,267.0,19.62,1.846
126,406.5,192.1,267.0,19.62,1.846
126,406.5,194.6,267.0,19.62,1.846
126,406.5,194.1,267.0,19.62,1.846
126,406.5,193.6,267.0,19.62,1.846
126,406.5,193.1,267.0,19.62,1.846
126,406.5,192.6,267.0,19.62,1.846
126,406.5,192.1,267.0,19.62,1.846
126,406.5,194.6,267.0,19.62,1.846
126,406.5,194.1,267.0,19.62,1.846
126,406.5,193.6,267.0,19.62,1.846
126,406.5,193.2,267.0,19.62,1.846
126,406.5,192.7,267.0,19.62,1.846
126,406.5,192.2,267.0,19.62,1.846
126,406.5,194.6,267.0,19.62,1.846
126,406.5,194.2,267.0,19.62,1.846
126,406.5,193.7,267.0,19.62,1.846
126,406.5,193.2,267.0,19.62,1.846
126,406.5,192.7,267.0,19.62,1.846
126,406.5,192.2,267.0,19.62,1.846
126,406.5,194.7,267.0,19.62,1.846
126,406.5,194.2,267.0,19.62,1.846
126,406.5,193.7,267.0,19.62,1.846
126,406.5,193.3,267.0,19.62,1.846
126,406.5,192.8,267.0,19.62,1.846
126,406.5,192.3,267.0,19.62,1.846
126,406.5,191.8,267.0,19.30,1.846
126,406.5,191.3,267.0,19.30,1.734
126,406.5,190.8,267.0,19.30,1.734
126,406.5,190.4,267.0,19.30,1.734
126,406.5,192.8,267.0,19.62,1.734
126,406.5,192.3,267.0,19.62,1.846
126,406.5,191.9,267.0,19.30,1.846
126,406.5,191.4,267.0,19.30,1.734
126,406.5,190.9,267.0,19.30,1.734
126,406.5,190.4,267.0,19.30,1.734
126,406.5,192.9,267.0,19.62,1.734
126,406.5,192.4,267.0,19.62,1.846
126,406.5,191.9,267.0,19.30,1.846
126,406.5,191.4,267.0,19.30,1.734
126,406.5,190.9,267.0,19.30,1.734
126,406.5,190.5,267.0,19.30,1.734
126,406.5,192.9,267.0,19.62,1.734
126,406.5,192.5,267.0,19.62,1.846
126,406.5,192.0,267.0,19.30,1.846
126,406.5,191.5,267.0,19.30,1.734
126,406.5,191.0,267.0,19.30,1.734
126,406.5,190.5,267.0,19.30,1.734
126,406.5,193.0,267.0,19.62,1.734
126,406.5,192.5,267.0,19.62,1.846
126,406.5,192.0,267.0,19.62,1.846
126,406.5,194.5,267.0,19.62,1.846
126,406.5,194.0,267.0,19.62,1.846
126,406.5,193.5,267.0,19.62,1.846
126,406.5,193.0,267.0,19.62,1.846
126,406.5,192.6,267.0,19.62,1.846
126,406.5,192.1,267.0,19.62,1.846
126,406.5,194.5,267.0,19.62,1.846
126,406.5,194.1,267.0,19.62,1.846
126,406.5,193.6,267.0,19.62,1.846
126,406.5,193.1,267.0,19.62,1.846
126,406.5,192.6,267.0,19.62,1.846
126,406.5,192.1,267.0,19.62,1.846
126,406.5,194.6,267.0,19.62,1.846
126,406.5,194.1,267.0,19.62,1.846
126,406.5,193.6,267.0,19.62,1.846
126,406.5,193.1,267.0,19.62,1.846
126,406.5,192.7,267.0,19.62,1.846
126,406.5,192.2,267.0,19.62,1.846
126,406.5,194.6,267.0,19.62,1.846
126,406.5,194.2,267.0,19.62,1.846
126,406.5,193.7,267.0,19.62,1.846
126,406.5,193.2,267.0,19.62,1.846
126,406.5,192.7,267.0,19.62,1.846
126,406.5,192.2,267.0,19.62,1.846
126,406.5,194.7,267.0,19.62,1.846
126,406.5,194.2,267.0,19.62,1.846
126,406.5,193.7,267.0,19.62,1.846
126,406.5,193.2,267.0,19.62,1.846
126,406.5,192.8,267.0,19.62,1.846
126,406.5,192.3,267.0,19.62,1.846
126,406.5,191.8,267.0,19.30,1.846
126,406.5,191.3,267.0,19.30,1.734
126,406.5,190.8,267.0,19.30,1.734
126,406.5,190.3,267.0,19.30,1.734
126,406.5,192.8,267.0,19.62,1.734
126,406.5,192.3,267.0,19.62,1.846
126,406.5,191.9,267.0,19.30,1.846
126,406.5,191.4,267.0,19.30,1.734
126,406.5,190.9,267.0,19.30,1.734
126,406.5,190.4,267.0,19.30,1.734
126,406.5,192.9,267.0,19.62,1.734
126,406.5,192.4,267.0,19.62,1.846
126,406.5,191.9,267.0,19.30,1.846
126,406.5,191.4,267.0,19.30,1.734
126,406.5,190.9,267.0,19.30,1.734
126,406.5,190.5,267.0,19.30,1.734
126,406.5,192.9,267.0,19.62,1.734
126,406.5,192.4,267.0,19.62,1.846
126,406.5,192.0,267.0,19.30,1.846
126,406.5,191.5,267.0,19.30,1.734
126,406.5,191.0,267.0,19.30,1.734
126,406.5,190.5,267.0,19.30,1.734
126,406.5,193.0,267.0,19.62,1.734
126,406.5,192.5,267.0,19.62,1.846
126,406.5,192.0,267.0,19.62,1.846
126,406.5,194.5,267.0,19.62,1.846
126,406.5,194.0,267.0,19.62,1.846
126,406.5,193.5,267.0,19.62,1.846
126,406.5,193.0,267.0,19.62,1.846
126,406.5,192.6,267.0,19.62,1.846
126,406.5,192.1,267.0,19.62,1.846
126,406.5,194.5,267.0,19.62,1.846
126,406.5,194.0,267.0,19.62,1.846
126,406.5,193.6,267.0,19.62,1.846
126,406.5,193.1,267.0,19.62,1.846
126,406.5,192.6,267.0,19.62,1.846
126,406.5,192.1,267.0,19.62,1.846
126,406.5,194.6,267.0,19.62,1.846
126,406.5,194.1,267.0,19.62,1.846
126,406.5,193.6,267.0,19.62,1.846
132,388.0,241.6,260.0,20.00,0.836
132,388.3,238.5,255.0,19.11,0.740
132,390.2,232.1,254.5,19.11,0.828
132,392.1,225.8,254.0,19.60,0.828
132,394.6,220.8,260.0,19.60,1.021
132,397.0,215.8,266.0,19.53,1.021
132,397.0,212.6,267.0,19.53,1.684
132,397.0,209.3,267.0,19.53,1.684
132,397.0,206.0,267.0,19.53,1.684
132,397.0,202.8,267.0,19.62,1.684
132,397.0,202.3,267.0,19.62,1.846
132,397.0,201.8,267.0,19.62,1.846
132,397.0,201.3,267.0,19.62,1.846
132,397.0,200.8,267.0,19.62,1.846
132,397.0,200.3,267.0,19.62,1.846
132,397.0,199.9,267.0,19.62,1.846
132,397.0,199.4,267.0,19.62,1.846
132,397.0,198.9,267.0,19.62,1.846
132,397.0,198.4,267.0,19.62,1.846
132,397.0,197.9,267.0,19.62,1.846
132,397.0,197.5,267.0,19.62,1.846
132,397.0,197.0,267.0,19.62,1.846
132,397.0,196.5,267.0,19.62,1.846
132,397.0,196.0,267.0,19.62,1.846
132,397.0,195.5,267.0,19.62,1.846
132,397.0,195.0,267.0,19.62,1.846
132,397.0,194.6,267.0,19.62,1.846
132,397.0,194.1,267.0,19.62,1.846
132,397.0,193.6,267.0,19.62,1.846
132,397.0,193.1,267.0,19.62,1.846
132,397.0,192.6,267.0,19.62,1.846
132,397.0,192.2,267.0,19.62,1.846
132,397.0,194.6,267.0,19.62,1.846
132,397.0,194.1,267.0,19.62,1.846
132,397.0,193.7,267.0,19.62,1.846
132,397.0,193.2,267.0,19.62,1.846
132,397.0,192.7,267.0,19.62,1.846
132,397.0,192.2,267.0,19.62,1.846
132,397.0,194.7,267.0,19.62,1.846
132,397.0,194.2,267.0,19.62,1.846
132,397.0,193.7,267.0,19.62,1.846
132,397.0,193.2,267.0,19.62,1.846
132,397.0,192.7,267.0,19.62,1.846
132,397.0,192.3,267.0,19.62,1.846
132,397.0,191.8,267.0,19.30,1.846
132,397.0,191.3,267.0,19.30,1.734
132,397.0,190.8,267.0,19.30,1.734
132,397.0,190.3,267.0,19.30,1.734
132,397.0,192.8,267.0,19.62,1.734
132,397.0,192.3,267.0,19.62,1.846
132,397.0,191.8,267.0,19.30,1.846
132,397.0,191.3,267.0,19.30,1.734
132,397.0,190.9,267.0,19.30,1.734
132,397.0,190.4,267.0,19.30,1.734
132,397.0,192.9,267.0,19.62,1.734
132,397.0,192.4,267.0,19.62,1.846
132,397.0,191.9,267.0,19.30,1.846
132,397.0,191.4,267.0,19.30,1.734
132,397.0,190.9,267.0,19.30,1.734
132,397.0,190.4,267.0,19.30,1.734
132,397.0,192.9,267.0,19.62,1.734
132,397.0,192.4,267.0,19.62,1.846
132,397.0,191.9,267.0,19.30,1.846
132,397.0,191.5,267.0,19.30,1.734
132,397.0,191.0,267.0,19.30,1.734
132,397.0,190.5,267.0,19.30,1.734
132,397.0,192.9,267.0,19.62,1.734
132,397.0,192.5,267.0,19.62,1.846
132,397.0,192.0,267.0,19.30,1.846
132,397.0,191.5,267.0,19.30,1.734
132,397.0,191.0,267.0,19.30,1.734
132,397.0,190.5,267.0,19.30,1.734
132,397.0,193.0,267.0,19.62,1.734
132,397.0,192.5,267.0,19.62,1.846
132,397.0,192.0,267.0,19.62,1.846
132,397.0,194.5,267.0,19.62,1.846
132,397.0,194.0,267.0,19.62,1.846
132,397.0,193.5,267.0,19.62,1.846
132,397.0,193.1,267.0,19.62,1.846
132,397.0,192.6,267.0,19.62,1.846
132,397.0,192.1,267.0,19.62,1.846
132,397.0,194.6,267.0,19.62,1.846
132,397.0,194.1,267.0,19.62,1.846
132,397.0,193.6,267.0,19.62,1.846
132,397.0,193.1,267.0,19.62,1.846
132,397.0,192.6,267.0,19.62,1.846
132,397.0,192.2,267.0,19.62,1.846
132,397.0,194.6,267.0,19.62,1.846
132,397.0,194.1,267.0,19.62,1.846
132,397.0,193.7,267.0,19.62,1.846
132,397.0,193.2,267.0,19.62,1.846
132,397.0,192.7,267.0,19.62,1.846
132,397.0,192.2,267.0,19.62,1.846
132,397.0,194.7,267.0,19.62,1.846
132,397.0,194.2,267.0,19.62,1.846
132,397.0,193.7,267.0,19.62,1.846
132,397.0,193.2,267.0,19.62,1.846
132,397.0,192.7,267.0,19.62,1.846
132,397.0,192.2,267.0,19.62,1.846
132,397.0,191.8,267.0,19.30,1.846
132,397.0,191.3,267.0,19.30,1.734
132,397.0,190.8,267.0,19.30,1.734
132,397.0,190.3,267.0,19.30,1.734
132,397.0,192.8,267.0,19.62,1.734
132,397.0,192.3,267.0,19.62,1.846
132,397.0,191.8,267.0,19.30,1.846
132,397.0,191.3,267.0,19.30,1.734
132,397.0,190.9,267.0,19.30,1.734
132,397.0,190.4,267.0,19.30,1.734
132,397.0,192.8,267.0,19.62,1.734
132,397.0,192.4,267.0,19.62,1.846
132,397.0,191.9,267.0,19.30,1.846
132,397.0,191.4,267.0,19.30,1.734
132,397.0,190.9,267.0,19.30,1.734
132,397.0,190.4,267.0,19.30,1.734
132,397.0,192.9,267.0,19.62,1.734
132,397.0,192.4,267.0,19.62,1.846
132,397.0,191.9,267.0,19.30,1.846
132,397.0,191.5,267.0,19.30,1.734
132,397.0,191.0,267.0,19.30,1.734
132,397.0,190.5,267.0,19.30,1.734
132,397.0,192.9,267.0,19.62,1.734
132,397.0,192.5,267.0,19.62,1.846
132,397.0,192.0,267.0,19.30,1.846
132,397.0,191.5,267.0,19.30,1.734
132,397.0,191.0,267.0,19.30,1.734
132,397.0,190.5,267.0,19.30,1.734
132,397.0,193.0,267.0,19.62,1.734
132,397.0,192.5,267.0,19.62,1.846
132,397.0,192.0,267.0,19.62,1.846
132,397.0,194.5,267.0,19.62,1.846
132,397.0,194.0,267.0,19.62,1.846
132,397.0,193.5,267.0,19.62,1.846
132,397.0,193.1,267.0,19.62,1.846
132,397.0,192.6,267.0,19.62,1.846
132,397.0,192.1,267.0,19.62,1.846
132,397.0,194.6,267.0,19.62,1.846
132,397.0,194.1,267.0,19.62,1.846
132,397.0,193.6,267.0,19.62,1.846
132,397.0,193.1,267.0,19.62,1.846
132,397.0,192.6,267.0,19.62,1.846
132,397.0,192.1,267.0,19.62,1.846
132,397.0,194.6,267.0,19.62,1.846
132,397.0,194.1,267.0,19.62,1.846
132,397.0,193.6,267.0,19.62,1.846
132,397.0,193.2,267.0,19.62,1.846
132,397.0,192.7,267.0,19.62,1.846
132,397.0,192.2,267.0,19.62,1.846
132,397.0,194.7,267.0,19.62,1.846
132,397.0,194.2,267.0,19.62,1.846
132,397.0,193.7,267.0,19.62,1.846
132,397.0,193.2,267.0,19.62,1.846
132,397.0,192.7,267.0,19.62,1.846
132,397.0,192.2,267.0,19.62,1.846
132,397.0,191.8,267.0,19.30,1.846
132,397.0,191.3,267.0,19.30,1.734
132,397.0,190.8,267.0,19.30,1.734
132,397.0,190.3,267.0,19.30,1.734
132,397.0,192.8,267.0,19.62,1.734
132,397.0,192.3,267.0,19.62,1.846
138,357.7,182.0,260.1,21.49,0.834
138,360.9,181.7,255.1,19.23,0.736
138,367.1,183.1,254.7,19.23,0.799
138,373.3,184.6,254.2,19.86,0.799
138,378.1,186.5,260.4,19.86,1.008
138,382.9,188.3,266.6,19.83,1.008
138,385.8,190.8,267.0,19.55,1.252
138,388.7,193.2,267.0,19.51,1.625
138,391.6,192.7,267.0,19.51,1.704
138,394.5,192.1,267.0,19.51,1.704
138,394.5,194.6,267.0,19.51,1.704
138,394.5,194.1,267.0,19.51,1.704
138,394.5,193.6,267.0,19.51,1.704
138,394.5,193.2,267.0,19.51,1.704
138,394.5,192.7,267.0,19.51,1.704
138,394.5,192.2,267.0,19.51,1.704
138,394.5,194.6,267.0,19.51,1.704
138,394.5,194.2,267.0,19.51,1.704
138,394.5,193.7,267.0,19.51,1.704
138,394.5,193.2,267.0,19.51,1.704
138,394.5,192.7,267.0,19.51,1.704
138,394.5,192.2,267.0,19.51,1.704
138,394.5,194.7,267.0,19.51,1.704
138,394.5,194.2,267.0,19.51,1.704
138,394.5,193.7,267.0,19.51,1.704
138,394.5,193.2,267.0,19.51,1.704
138,394.5,192.8,267.0,19.51,1.704
138,394.5,192.3,267.0,19.51,1.704
138,394.5,191.8,267.0,19.55,1.704
138,394.5,191.3,267.0,19.55,1.625
138,394.5,190.8,267.0,19.55,1.625
138,394.5,190.4,267.0,19.55,1.625
138,394.5,192.8,267.0,19.51,1.625
138,394.5,192.3,267.0,19.51,1.704
138,394.5,191.9,267.0,19.55,1.704
138,394.5,191.4,267.0,19.55,1.625
138,394.5,190.9,267.0,19.55,1.625
138,394.5,190.4,267.0,19.55,1.625
138,394.5,192.9,267.0,19.51,1.625
138,394.5,192.4,267.0,19.51,1.704
138,394.5,191.9,267.0,19.55,1.704
138,394.5,191.4,267.0,19.55,1.625
138,394.5,190.9,267.0,19.55,1.625
138,394.5,190.5,267.0,19.55,1.625
138,394.5,192.9,267.0,19.51,1.625
138,394.5,192.5,267.0,19.51,1.704
138,394.5,192.0,267.0,19.55,1.704
138,394.5,191.5,267.0,19.55,1.625
138,394.5,191.0,267.0,19.55,1.625
138,394.5,190.5,267.0,19.55,1.625
138,394.5,193.0,267.0,19.51,1.625
138,394.5,192.5,267.0,19.51,1.704
138,394.5,192.0,267.0,19.51,1.704
138,394.5,194.5,267.0,19.51,1.704
138,394.5,194.0,267.0,19.51,1.704
138,394.5,193.5,267.0,19.51,1.704
138,394.5,193.0,267.0,19.51,1.704
138,394.5,192.6,267.0,19.51,1.704
138,394.5,192.1,267.0,19.51,1.704
138,394.5,194.5,267.0,19.51,1.704
138,394.5,194.0,267.0,19.51,1.704
138,394.5,193.6,267.0,19.51,1.704
138,394.5,193.1,267.0,19.51,1.704
138,394.5,192.6,267.0,19.51,1.704
138,394.5,192.1,267.0,19.51,1.704
138,394.5,194.6,267.0,19.51,1.704
138,394.5,194.1,267.0,19.51,1.704
138,394.5,193.6,267.0,19.51,1.704
138,394.5,193.1,267.0,19.51,1.704
138,394.5,192.7,267.0,19.51,1.704
138,394.5,192.2,267.0,19.51,1.704
138,394.5,194.6,267.0,19.51,1.704
138,394.5,194.2,267.0,19.51,1.704
138,394.5,193.7,267.0,19.51,1.704
138,394.5,193.2,267.0,19.51,1.704
138,394.5,192.7,267.0,19.51,1.704
138,394.5,192.2,267.0,19.51,1.704
138,394.5,194.7,267.0,19.51,1.704
138,394.5,194.2,267.0,19.51,1.704
138,394.5,193.7,267.0,19.51,1.704
138,394.5,193.2,267.0,19.51,1.704
138,394.5,192.8,267.0,19.51,1.704
138,394.5,192.3,267.0,19.51,1.704
138,394.5,191.8,267.0,19.55,1.704
138,394.5,191.3,267.0,19.55,1.625
138,394.5,190.8,267.0,19.55,1.625
138,394.5,190.3,267.0,19.55,1.625
138,394.5,192.8,267.0,19.51,1.625
138,394.5,192.3,267.0,19.51,1.704
138,394.5,191.9,267.0,19.55,1.704
138,394.5,191.4,267.0,19.55,1.625
138,394.5,190.9,267.0,19.55,1.625
138,394.5,190.4,267.0,19.55,1.625
138,394.5,192.9,267.0,19.51,1.625
138,394.5,192.4,267.0,19.51,1.704
138,394.5,191.9,267.0,19.55,1.704
138,394.5,191.4,267.0,19.55,1.625
138,394.5,190.9,267.0,19.55,1.625
138,394.5,190.5,267.0,19.55,1.625
138,394.5,192.9,267.0,19.51,1.625
138,394.5,192.4,267.0,19.51,1.704
138,394.5,192.0,267.0,19.55,1.704
138,394.5,191.5,267.0,19.55,1.625
138,394.5,191.0,267.0,19.55,1.625
138,394.5,190.5,267.0,19.55,1.625
138,394.5,193.0,267.0,19.51,1.625
138,394.5,192.5,267.0,19.51,1.704
138,394.5,192.0,267.0,19.51,1.704
138,394.5,194.5,267.0,19.51,1.704
138,394.5,194.0,267.0,19.51,1.704
138,394.5,193.5,267.0,19.51,1.704
138,394.5,193.0,267.0,19.51,1.704
138,394.5,192.6,267.0,19.51,1.704
138,394.5,192.1,267.0,19.51,1.704
138,394.5,194.5,267.0,19.51,1.704
138,394.5,194.0,267.0,19.51,1.704
138,394.5,193.6,267.0,19.51,1.704
138,394.5,193.1,267.0,19.51,1.704
138,394.5,192.6,267.0,19.51,1.704
138,394.5,192.1,267.0,19.51,1.704
138,394.5,194.6,267.0,19.51,1.704
138,394.5,194.1,267.0,19.51,1.704
138,394.5,193.6,267.0,19.51,1.704
138,394.5,193.1,267.0,19.51,1.704
138,394.5,192.7,267.0,19.51,1.704
138,394.5,192.2,267.0,19.51,1.704
138,394.5,194.6,267.0,19.51,1.704
138,394.5,194.2,267.0,19.51,1.704
138,394.5,193.7,267.0,19.51,1.704
138,394.5,193.2,267.0,19.51,1.704
138,394.5,192.7,267.0,19.51,1.704
138,394.5,192.2,267.0,19.51,1.704
138,394.5,194.7,267.0,19.51,1.704
138,394.5,194.2,267.0,19.51,1.704
138,394.5,193.7,267.0,19.51,1.704
138,394.5,193.2,267.0,19.51,1.704
138,394.5,192.8,267.0,19.51,1.704
138,394.5,192.3,267.0,19.51,1.704
138,394.5,191.8,267.0,19.55,1.704
138,394.5,191.3,267.0,19.55,1.625
138,394.5,190.8,267.0,19.55,1.625
138,394.5,190.3,267.0,19.55,1.625
138,394.5,192.8,267.0,19.51,1.625
138,394.5,192.3,267.0,19.51,1.704
138,394.5,191.8,267.0,19.55,1.704
138,394.5,191.4,267.0,19.55,1.625
138,394.5,190.9,267.0,19.55,1.625
138,394.5,190.4,267.0,19.55,1.625
138,394.5,192.9,267.0,19.51,1.625
138,394.5,192.4,267.0,19.51,1.704
138,394.5,191.9,267.0,19.55,1.704
138,394.5,191.4,267.0,19.55,1.625
138,394.5,190.9,267.0,19.55,1.625
138,394.5,190.5,267.0,19.55,1.625
138,394.5,192.9,267.0,19.51,1.625
138,394.5,192.4,267.0,19.51,1.704
138,394.5,191.9,267.0,19.55,1.704
138,394.5,191.5,267.0,19.55,1.625
138,394.5,191.0,267.0,19.55,1.625
138,394.5,190.5,267.0,19.55,1.625
144,364.3,182.5,264.9,18.96,0.548
144,370.9,184.5,264.5,18.96,0.861
144,375.9,186.8,267.0,19.83,0.861
144,380.9,189.2,267.0,19.83,1.252
144,385.9,191.5,267.0,19.55,1.252
144,388.8,191.0,267.0,19.55,1.625
144,391.7,190.5,267.0,19.55,1.625
144,394.6,192.9,267.0,19.51,1.625
144,394.6,192.4,267.0,19.51,1.704
144,394.6,191.9,267.0,19.55,1.704
144,394.6,191.4,267.0,19.55,1.625
144,394.6,190.9,267.0,19.55,1.625
144,394.6,190.5,267.0,19.55,1.625
144,394.6,192.9,267.0,19.51,1.625
144,394.6,192.5,267.0,19.51,1.704
144,394.6,192.0,267.0,19.55,1.704
144,394.6,191.5,267.0,19.55,1.625
144,394.6,191.0,267.0,19.55,1.625
144,394.6,190.5,267.0,19.55,1.625
144,394.6,193.0,267.0,19.51,1.625
144,394.6,192.5,267.0,19.51,1.704
144,394.6,192.0,267.0,19.51,1.704
144,394.6,194.5,267.0,19.51,1.704
144,394.6,194.0,267.0,19.51,1.704
144,394.6,193.5,267.0,19.51,1.704
144,394.6,193.0,267.0,19.51,1.704
144,394.6,192.6,267.0,19.51,1.704
144,394.6,192.1,267.0,19.51,1.704
144,394.6,194.5,267.0,19.51,1.704
144,394.6,194.1,267.0,19.51,1.704
144,394.6,193.6,267.0,19.51,1.704
144,394.6,193.1,267.0,19.51,1.704
144,394.6,192.6,267.0,19.51,1.704
144,394.6,192.1,267.0,19.51,1.704
144,394.6,194.6,267.0,19.51,1.704
144,394.6,194.1,267.0,19.51,1.704
144,394.6,193.6,267.0,19.51,1.704
144,394.6,193.1,267.0,19.51,1.704
144,394.6,192.7,267.0,19.51,1.704
144,394.6,192.2,267.0,19.51,1.704
144,394.6,194.6,267.0,19.51,1.704
144,394.6,194.2,267.0,19.51,1.704
144,394.6,193.7,267.0,19.51,1.704
144,394.6,193.2,267.0,19.51,1.704
144,394.6,192.7,267.0,19.51,1.704
144,394.6,192.2,267.0,19.51,1.704
144,394.6,194.7,267.0,19.51,1.704
144,394.6,194.2,267.0,19.51,1.704
144,394.6,193.7,267.0,19.51,1.704
144,394.6,193.2,267.0,19.51,1.704
144,394.6,192.8,267.0,19.51,1.704
144,394.6,192.3,267.0,19.51,1.704
144,394.6,191.8,267.0,19.55,1.704
144,394.6,191.3,267.0,19.55,1.625
144,394.6,190.8,267.0,19.55,1.625
144,394.6,190.3,267.0,19.55,1.625
144,394.6,192.8,267.0,19.51,1.625
144,394.6,192.3,267.0,19.51,1.704
144,394.6,191.9,267.0,19.55,1.704
144,394.6,191.4,267.0,19.55,1.625
144,394.6,190.9,267.0,19.55,1.625
144,394.6,190.4,267.0,19.55,1.625
144,394.6,192.9,267.0,19.51,1.625
144,394.6,192.4,267.0,19.51,1.704
144,394.6,191.9,267.0,19.55,1.704
144,394.6,191.4,267.0,19.55,1.625
144,394.6,190.9,267.0,19.55,1.625
144,394.6,190.5,267.0,19.55,1.625
144,394.6,192.9,267.0,19.51,1.625
144,394.6,192.4,267.0,19.51,1.704
144,394.6,192.0,267.0,19.55,1.704
144,394.6,191.5,267.0,19.55,1.625
144,394.6,191.0,267.0,19.55,1.625
144,394.6,190.5,267.0,19.55,1.625
144,394.6,193.0,267.0,19.51,1.625
144,394.6,192.5,267.0,19.51,1.704
144,394.6,192.0,267.0,19.51,1.704
144,394.6,194.5,267.0,19.51,1.704
144,394.6,194.0,267.0,19.51,1.704
144,394.6,193.5,267.0,19.51,1.704
144,394.6,193.0,267.0,19.51,1.704
144,394.6,192.6,267.0,19.51,1.704
144,394.6,192.1,267.0,19.51,1.704
144,394.6,194.5,267.0,19.51,1.704
144,394.6,194.0,267.0,19.51,1.704
144,394.6,193.6,267.0,19.51,1.704
144,394.6,193.1,267.0,19.51,1.704
144,394.6,192.6,267.0,19.51,1.704
144,394.6,192.1,267.0,19.51,1.704
144,394.6,194.6,267.0,19.51,1.704
144,394.6,194.1,267.0,19.51,1.704
144,394.6,193.6,267.0,19.51,1.704
144,394.6,193.1,267.0,19.51,1.704
144,394.6,192.7,267.0,19.51,1.704
144,394.6,192.2,267.0,19.51,1.704
144,394.6,194.6,267.0,19.51,1.704
144,394.6,194.2,267.0,19.51,1.704
144,394.6,193.7,267.0,19.51,1.704
144,394.6,193.2,267.0,19.51,1.704
144,394.6,192.7,267.0,19.51,1.704
144,394.6,192.2,267.0,19.51,1.704
144,394.6,194.7,267.0,19.51,1.704
144,394.6,194.2,267.0,19.51,1.704
144,394.6,193.7,267.0,19.51,1.704
144,394.6,193.2,267.0,19.51,1.704
144,394.6,192.8,267.0,19.51,1.704
144,394.6,192.3,267.0,19.51,1.704
144,394.6,191.8,267.0,19.55,1.704
144,394.6,191.3,267.0,19.55,1.625
144,394.6,190.8,267.0,19.55,1.625
144,394.6,190.3,267.0,19.55,1.625
144,394.6,192.8,267.0,19.51,1.625
144,394.6,192.3,267.0,19.51,1.704
144,394.6,191.9,267.0,19.55,1.704
144,394.6,191.4,267.0,19.55,1.625
144,394.6,190.9,267.0,19.55,1.625
144,394.6,190.4,267.0,19.55,1.625
144,394.6,192.9,267.0,19.51,1.625
144,394.6,192.4,267.0,19.51,1.704
144,394.6,191.9,267.0,19.55,1.704
144,394.6,191.4,267.0,19.55,1.625
144,394.6,190.9,267.0,19.55,1.625
144,394.6,190.5,267.0,19.55,1.625
144,394.6,192.9,267.0,19.51,1.625
144,394.6,192.4,267.0,19.51,1.704
144,394.6,191.9,267.0,19.55,1.704
144,394.6,191.5,267.0,19.55,1.625
144,394.6,191.0,267.0,19.55,1.625
144,394.6,190.5,267.0,19.55,1.625
144,394.6,193.0,267.0,19.51,1.625
144,394.6,192.5,267.0,19.51,1.704
144,394.6,192.0,267.0,19.51,1.704
144,394.6,194.5,267.0,19.51,1.704
144,394.6,194.0,267.0,19.51,1.704
144,394.6,193.5,267.0,19.51,1.704
144,394.6,193.0,267.0,19.51,1.704
144,394.6,192.5,267.0,19.51,1.704
144,394.6,192.1,267.0,19.51,1.704
144,394.6,194.5,267.0,19.51,1.704
144,394.6,194.0,267.0,19.51,1.704
144,394.6,193.6,267.0,19.51,1.704
144,394.6,193.1,267.0,19.51,1.704
144,394.6,192.6,267.0,19.51,1.704
144,394.6,192.1,267.0,19.51,1.704
144,394.6,194.6,267.0,19.51,1.704
144,394.6,194.1,267.0,19.51,1.704
144,394.6,193.6,267.0,19.51,1.704
144,394.6,193.1,267.0,19.51,1.704
144,394.6,192.7,267.0,19.51,1.704
144,394.6,192.2,267.0,19.51,1.704
144,394.6,194.6,267.0,19.51,1.704
144,394.6,194.2,267.0,19.51,1.704
144,394.6,193.7,267.0,19.51,1.704
144,394.6,193.2,267.0,19.51,1.704
144,394.6,192.7,267.0,19.51,1.704
144,394.6,192.2,267.0,19.51,1.704
144,394.6,194.7,267.0,19.51,1.704
144,394.6,194.2,267.0,19.51,1.704
144,394.6,193.7,267.0,19.51,1.704
144,394.6,193.2,267.0,19.51,1.704
150,435.8,203.4,257.5,18.43,1.303
150,430.7,203.1,250.0,19.65,1.129
150,425.4,202.7,248.7,19.65,0.689
150,420.1,202.2,247.3,19.65,0.689
150,417.8,201.7,252.3,19.58,0.689
150,415.0,201.2,262.4,19.58,1.310
150,412.1,200.7,267.0,19.51,1.310
150,409.2,200.2,267.0,19.51,1.704
150,409.2,199.7,267.0,19.51,1.704
150,409.2,199.2,267.0,19.51,1.704
150,409.2,198.7,267.0,19.51,1.704
150,409.2,198.2,267.0,19.51,1.704
150,409.2,197.8,267.0,19.51,1.704
150,409.2,197.3,267.0,19.51,1.704
150,409.2,196.8,267.0,19.51,1.704
150,409.2,196.3,267.0,19.51,1.704
150,409.2,195.8,267.0,19.51,1.704
150,409.2,195.3,267.0,19.51,1.704
150,409.2,194.9,267.0,19.51,1.704
150,409.2,194.4,267.0,19.51,1.704
150,409.2,193.9,267.0,19.51,1.704
150,409.2,193.4,267.0,19.51,1.704
150,409.2,192.9,267.0,19.51,1.704
150,409.2,192.4,267.0,19.51,1.704
150,409.2,192.0,267.0,19.55,1.704
150,409.2,191.5,267.0,19.55,1.625
150,409.2,191.0,267.0,19.55,1.625
150,409.2,190.5,267.0,19.55,1.625
150,409.2,193.0,267.0,19.51,1.625
150,409.2,192.5,267.0,19.51,1.704
150,409.2,192.0,267.0,19.51,1.704
150,409.2,194.5,267.0,19.51,1.704
150,409.2,194.0,267.0,19.51,1.704
150,409.2,193.5,267.0,19.51,1.704
150,409.2,193.0,267.0,19.51,1.704
150,409.2,192.6,267.0,19.51,1.704
150,409.2,192.1,267.0,19.51,1.704
150,409.2,194.5,267.0,19.51,1.704
150,409.2,194.0,267.0,19.51,1.704
150,409.2,193.6,267.0,19.51,1.704
150,409.2,193.1,267.0,19.51,1.704
150,409.2,192.6,267.0,19.51,1.704
150,409.2,192.1,267.0,19.51,1.704
150,409.2,194.6,267.0,19.51,1.704
150,409.2,194.1,267.0,19.51,1.704
150,409.2,193.6,267.0,19.51,1.704
150,409.2,193.1,267.0,19.51,1.704
150,409.2,192.7,267.0,19.51,1.704
150,409.2,192.2,267.0,19.51,1.704
150,409.2,194.6,267.0,19.51,1.704
150,409.2,194.2,267.0,19.51,1.704
150,409.2,193.7,267.0,19.51,1.704
150,409.2,193.2,267.0,19.51,1.704
150,409.2,192.7,267.0,19.51,1.704
150,409.2,192.2,267.0,19.51,1.704
150,409.2,194.7,267.0,19.51,1.704
150,409.2,194.2,267.0,19.51,1.704
150,409.2,193.7,267.0,19.51,1.704
150,409.2,193.2,267.0,19.51,1.704
150,409.2,192.8,267.0,19.51,1.704
150,409.2,192.3,267.0,19.51,1.704
150,409.2,191.8,267.0,19.55,1.704
150,409.2,191.3,267.0,19.55,1.625
150,409.2,190.8,267.0,19.55,1.625
150,409.2,190.3,267.0,19.55,1.625
150,409.2,192.8,267.0,19.51,1.625
150,409.2,192.3,267.0,19.51,1.704
150,409.2,191.9,267.0,19.55,1.704
150,409.2,191.4,267.0,19.55,1.625
150,409.2,190.9,267.0,19.55,1.625
150,409.2,190.4,267.0,19.55,1.625
150,409.2,192.9,267.0,19.51,1.625
150,409.2,192.4,267.0,19.51,1.704
150,409.2,191.9,267.0,19.55,1.704
150,409.2,191.4,267.0,19.55,1.625
150,409.2,190.9,267.0,19.55,1.625
150,409.2,190.5,267.0,19.55,1.625
150,409.2,192.9,267.0,19.51,1.625
150,409.2,192.4,267.0,19.51,1.704
150,409.2,192.0,267.0,19.55,1.704
150,409.2,191.5,267.0,19.55,1.625
150,409.2,191.0,267.0,19.55,1.625
150,409.2,190.5,267.0,19.55,1.625
150,409.2,193.0,267.0,19.51,1.625
150,409.2,192.5,267.0,19.51,1.704
150,409.2,192.0,267.0,19.51,1.704
150,409.2,194.5,267.0,19.51,1.704
150,409.2,194.0,267.0,19.51,1.704
150,409.2,193.5,267.0,19.51,1.704
150,409.2,193.0,267.0,19.51,1.704
150,409.2,192.5,267.0,19.51,1.704
150,409.2,192.1,267.0,19.51,1.704
150,409.2,194.5,267.0,19.51,1.704
150,409.2,194.0,267.0,19.51,1.704
150,409.2,193.6,267.0,19.51,1.704
150,409.2,193.1,267.0,19.51,1.704
150,409.2,192.6,267.0,19.51,1.704
150,409.2,192.1,267.0,19.51,1.704
150,409.2,194.6,267.0,19.51,1.704
150,409.2,194.1,267.0,19.51,1.704
150,409.2,193.6,267.0,19.51,1.704
150,409.2,193.1,267.0,19.51,1.704
150,409.2,192.7,267.0,19.51,1.704
150,409.2,192.2,267.0,19.51,1.704
150,409.2,194.6,267.0,19.51,1.704
150,409.2,194.2,267.0,19.51,1.704
150,409.2,193.7,267.0,19.51,1.704
150,409.2,193.2,267.0,19.51,1.704
150,409.2,192.7,267.0,19.51,1.704
150,409.2,192.2,267.0,19.51,1.704
150,409.2,194.7,267.0,19.51,1.704
150,409.2,194.2,267.0,19.51,1.704
150,409.2,193.7,267.0,19.51,1.704
150,409.2,193.2,267.0,19.51,1.704
150,409.2,192.8,267.0,19.51,1.704
150,409.2,192.3,267.0,19.51,1.704
150,409.2,191.8,267.0,19.55,1.704
150,409.2,191.3,267.0,19.55,1.625
150,409.2,190.8,267.0,19.55,1.625
150,409.2,190.3,267.0,19.55,1.625
150,409.2,192.8,267.0,19.51,1.625
150,409.2,192.3,267.0,19.51,1.704
150,409.2,191.8,267.0,19.55,1.704
150,409.2,191.4,267.0,19.55,1.625
150,409.2,190.9,267.0,19.55,1.625
150,409.2,190.4,267.0,19.55,1.625
150,409.2,192.9,267.0,19.51,1.625
150,409.2,192.4,267.0,19.51,1.704
150,409.2,191.9,267.0,19.55,1.704
150,409.2,191.4,267.0,19.55,1.625
150,409.2,190.9,267.0,19.55,1.625
150,409.2,190.5,267.0,19.55,1.625
150,409.2,192.9,267.0,19.51,1.625
150,409.2,192.4,267.0,19.51,1.704
150,409.2,191.9,267.0,19.55,1.704
150,409.2,191.5,267.0,19.55,1.625
150,409.2,191.0,267.0,19.55,1.625
150,409.2,190.5,267.0,19.55,1.625
150,409.2,193.0,267.0,19.51,1.625
150,409.2,192.5,267.0,19.51,1.704
150,409.2,192.0,267.0,19.51,1.704
150,409.2,194.5,267.0,19.51,1.704
150,409.2,194.0,267.0,19.51,1.704
150,409.2,193.5,267.0,19.51,1.704
150,409.2,193.0,267.0,19.51,1.704
150,409.2,192.5,267.0,19.51,1.704
150,409.2,192.1,267.0,19.51,1.704
150,409.2,194.5,267.0,19.51,1.704
150,409.2,194.0,267.0,19.51,1.704
150,409.2,193.6,267.0,19.51,1.704
150,409.2,193.1,267.0,19.51,1.704
150,409.2,192.6,267.0,19.51,1.704
150,409.2,192.1,267.0,19.51,1.704
150,409.2,194.6,267.0,19.51,1.704
150,409.2,194.1,267.0,19.51,1.704
150,409.2,193.6,267.0,19.51,1.704
150,409.2,193.1,267.0,19.51,1.704
150,409.2,192.6,267.0,19.51,1.704
150,409.2,192.2,267.0,19.51,1.704
150,409.2,194.6,267.0,19.51,1.704
156,394.0,155.4,259.8,21.18,0.825
156,395.1,159.9,252.3,18.49,0.736
156,395.8,163.8,246.5,19.54,1.105
156,395.8,167.8,240.7,19.54,0.875
156,395.8,170.1,237.1,20.06,0.875
156,395.8,172.3,233.4,20.06,0.499
156,395.8,174.6,229.8,20.06,0.499
156,395.8,176.9,226.2,20.22,0.499
156,395.8,178.3,221.8,20.22,0.542
156,395.8,179.8,217.5,20.22,0.542
156,395.8,179.9,213.9,20.32,0.542
156,395.8,180.1,210.3,20.31,0.592
156,395.8,180.3,206.7,20.31,0.452
156,395.8,180.4,203.1,20.36,0.452
156,395.8,180.5,198.8,20.36,0.534
156,395.8,180.5,194.4,20.36,0.534
156,395.8,180.5,190.1,20.41,0.534
156,395.8,180.5,185.3,20.41,0.589
156,395.8,180.4,180.5,20.41,0.589
156,395.8,180.3,175.2,20.45,0.589
156,395.9,180.0,169.9,20.48,0.655
156,395.9,179.8,164.4,20.50,0.738
156,395.9,179.9,158.3,20.50,0.755
156,395.9,179.9,152.2,20.52,0.755
156,395.9,179.9,146.0,20.52,0.769
156,395.9,179.8,139.8,20.54,0.769
156,395.9,179.8,133.5,20.54,0.782
156,395.9,179.7,127.2,20.57,0.782
156,395.9,179.7,120.8,20.57,0.794
156,395.9,179.5,114.3,20.60,0.794
156,395.9,179.4,107.8,20.61,0.813
156,395.9,179.2,101.2,20.61,0.821
156,395.9,179.0,94.7,20.63,0.821
156,395.9,178.8,88.1,20.63,0.826
156,395.9,178.7,81.5,20.64,0.826
156,395.9,178.4,74.9,20.64,0.827
156,395.9,178.2,68.3,20.64,0.827
156,395.9,177.9,61.7,20.64,0.821
156,395.9,177.6,55.5,20.64,0.821
156,395.9,177.2,49.4,20.64,0.775
156,395.9,176.9,43.6,20.63,0.775
156,395.9,176.5,37.8,20.63,0.722
156,395.9,176.0,32.7,20.61,0.722
156,395.9,175.6,27.7,20.61,0.638
156,395.9,175.1,22.6,20.59,0.638
156,395.9,174.5,18.6,20.59,0.506
156,395.9,174.0,14.5,20.59,0.506
156,395.9,173.4,10.5,20.59,0.506
156,395.9,172.8,7.8,20.59,0.353
156,395.9,172.1,5.1,20.59,0.353
156,395.9,171.5,3.0,20.59,0.353
156,395.9,170.8,3.0,20.59,0.353
156,395.9,170.2,3.0,20.59,0.353
156,395.9,169.5,3.0,20.59,0.353
156,395.9,168.9,3.0,20.59,0.353
156,395.9,168.2,3.0,20.59,0.353
156,395.9,166.9,3.0,20.73,0.353
156,395.9,165.5,3.0,20.73,0.372
156,395.9,164.1,3.0,20.73,0.372
156,395.8,162.7,3.0,20.73,0.372
156,395.8,161.3,3.0,20.73,0.372
156,395.8,160.0,3.0,20.73,0.372
156,395.8,158.6,3.0,20.73,0.372
156,395.8,157.2,3.0,20.73,0.372
156,395.8,155.8,3.0,20.93,0.372
156,395.8,153.7,3.0,20.93,0.388
156,395.8,151.7,3.0,20.93,0.388
156,395.8,149.6,3.0,20.93,0.388
156,395.8,147.5,3.0,20.93,0.388
156,395.8,145.5,3.0,20.93,0.388
156,395.8,143.4,3.0,21.14,0.388
156,395.8,140.8,3.0,21.14,0.406
156,395.8,138.2,3.0,21.14,0.406
156,395.8,135.6,3.0,21.14,0.406
156,395.8,132.9,3.0,21.14,0.406
156,395.8,130.0,3.0,21.44,0.406
156,395.8,127.0,3.0,21.44,0.423
156,395.8,124.0,3.0,21.44,0.423
156,395.8,121.0,3.0,21.44,0.423
156,395.8,117.6,3.0,21.70,0.423
156,395.8,114.3,3.0,21.70,0.437
156,395.8,111.0,3.0,21.70,0.437
156,395.8,107.6,3.0,21.85,0.437
156,395.8,104.2,3.0,21.85,0.435
156,395.8,100.9,3.0,21.85,0.435
156,395.8,97.5,3.0,21.85,0.435
156,395.8,94.2,3.0,21.99,0.435
156,395.8,90.8,3.0,21.99,0.429
156,395.8,87.4,3.0,21.99,0.429
156,395.8,84.1,3.0,21.99,0.429
156,395.8,80.8,3.0,22.10,0.429
156,395.8,77.5,3.0,22.10,0.419
156,395.8,74.2,3.0,22.10,0.419
156,395.8,70.9,3.0,22.25,0.419
156,395.8,67.7,3.0,22.25,0.406
156,395.8,64.5,3.0,22.25,0.406
156,395.8,61.3,3.0,22.25,0.406
156,395.8,58.3,3.0,22.38,0.406
156,395.8,55.4,3.0,22.38,0.372
156,395.8,52.4,3.0,22.38,0.372
156,395.8,49.4,3.0,22.38,0.372
156,395.8,46.7,3.0,22.44,0.372
156,395.8,43.9,3.0,22.44,0.347
156,395.8,41.1,3.0,22.44,0.347
156,395.8,38.4,3.0,22.44,0.347
156,395.8,35.6,3.0,22.48,0.347
156,395.8,33.1,3.0,22.48,0.312
156,395.8,30.6,3.0,22.48,0.312
156,395.8,28.1,3.1,22.48,0.312
156,395.8,25.6,3.1,22.48,0.312
156,395.8,23.1,3.1,22.51,0.312
156,395.8,21.1,3.4,22.51,0.254
156,395.8,19.1,3.8,22.51,0.254
156,395.8,17.1,4.1,22.51,0.254
156,395.8,15.1,4.5,22.51,0.254
156,395.8,13.1,4.8,22.51,0.254
156,395.8,11.1,5.2,22.61,0.254
156,395.8,9.7,6.0,22.61,0.207
156,395.8,8.2,6.9,22.61,0.207
156,395.8,6.8,7.8,22.61,0.207
156,395.8,5.4,8.6,22.61,0.207
156,395.5,4.0,9.5,22.61,0.211
156,395.2,3.0,10.4,22.61,0.211
156,394.9,3.0,11.2,22.61,0.211
156,394.5,3.0,12.1,22.73,0.211
156,394.2,3.0,13.5,22.73,0.202
156,394.0,3.0,14.9,22.73,0.202
156,393.7,3.0,16.2,22.73,0.202
156,393.4,3.0,17.6,22.73,0.202
156,393.2,3.0,19.0,22.73,0.202
156,392.9,3.0,20.4,22.73,0.202
156,392.6,3.0,21.8,22.73,0.202
156,392.3,3.0,23.1,22.73,0.202
156,392.1,3.0,24.5,22.82,0.202
156,391.8,3.0,26.1,22.82,0.210
156,391.6,3.0,27.7,22.82,0.210
156,391.3,3.0,29.3,22.82,0.210
156,391.1,3.0,30.9,22.82,0.210
156,390.9,3.0,32.5,22.82,0.210
156,390.6,3.0,34.1,22.82,0.210
156,390.4,3.0,35.7,22.82,0.210
156,390.2,3.0,37.3,22.90,0.210
156,390.0,3.0,39.0,22.90,0.209
156,389.7,3.0,40.6,22.90,0.209
156,389.5,3.0,42.2,22.90,0.209
156,389.3,3.0,43.9,22.90,0.209
156,389.1,3.0,45.5,22.90,0.209
156,388.9,3.0,47.1,22.90,0.209
156,388.7,3.0,48.8,22.96,0.209
156,388.5,3.0,50.3,22.96,0.201
156,388.3,3.0,51.9,22.96,0.201
156,388.1,3.0,53.5,22.96,0.201
156,387.9,3.0,55.1,22.96,0.201
156,387.7,3.0,56.7,22.96,0.201
156,387.5,3.0,58.3,22.96,0.201
156,387.3,3.0,59.9,22.96,0.201
156,387.1,3.0,61.3,23.05,0.201
156,387.0,3.0,62.7,23.05,0.178
156,386.8,3.0,64.1,23.05,0.178
156,386.6,3.0,65.5,23.05,0.178
162,434.6,202.0,257.5,18.43,1.303
162,429.6,201.7,250.0,19.65,1.129
162,424.3,201.2,248.7,19.65,0.689
162,418.9,200.7,247.3,19.90,0.689
162,416.6,200.3,252.3,19.58,0.687
162,413.8,199.8,262.4,19.58,1.310
162,410.9,199.2,267.0,19.51,1.310
162,408.0,198.7,267.0,19.51,1.704
162,408.0,198.2,267.0,19.51,1.704
162,408.0,197.8,267.0,19.51,1.704
162,408.0,197.3,267.0,19.51,1.704
162,408.0,196.8,267.0,19.51,1.704
162,408.0,196.3,267.0,19.51,1.704
162,408.0,195.8,267.0,19.51,1.704
162,408.0,195.3,267.0,19.51,1.704
162,408.0,194.9,267.0,19.51,1.704
162,408.0,194.4,267.0,19.51,1.704
162,408.0,193.9,267.0,19.51,1.704
162,408.0,193.4,267.0,19.51,1.704
162,408.0,192.9,267.0,19.51,1.704
162,408.0,192.5,267.0,19.51,1.704
162,408.0,192.0,267.0,19.55,1.704
162,408.0,191.5,267.0,19.55,1.625
162,408.0,191.0,267.0,19.55,1.625
162,408.0,190.5,267.0,19.55,1.625
162,408.0,193.0,267.0,19.51,1.625
162,408.0,192.5,267.0,19.51,1.704
162,408.0,192.0,267.0,19.51,1.704
162,408.0,194.5,267.0,19.51,1.704
162,408.0,194.0,267.0,19.51,1.704
162,408.0,193.5,267.0,19.51,1.704
162,408.0,193.0,267.0,19.51,1.704
162,408.0,192.6,267.0,19.51,1.704
162,408.0,192.1,267.0,19.51,1.704
162,408.0,194.5,267.0,19.51,1.704
162,408.0,194.1,267.0,19.51,1.704
162,408.0,193.6,267.0,19.51,1.704
162,408.0,193.1,267.0,19.51,1.704
162,408.0,192.6,267.0,19.51,1.704
162,408.0,192.1,267.0,19.51,1.704
162,408.0,194.6,267.0,19.51,1.704
162,408.0,194.1,267.0,19.51,1.704
162,408.0,193.6,267.0,19.51,1.704
162,408.0,193.2,267.0,19.51,1.704
162,408.0,192.7,267.0,19.51,1.704
162,408.0,192.2,267.0,19.51,1.704
162,408.0,194.6,267.0,19.51,1.704
162,408.0,194.2,267.0,19.51,1.704
162,408.0,193.7,267.0,19.51,1.704
162,408.0,193.2,267.0,19.51,1.704
162,408.0,192.7,267.0,19.51,1.704
162,408.0,192.2,267.0,19.51,1.704
162,408.0,194.7,267.0,19.51,1.704
162,408.0,194.2,267.0,19.51,1.704
162,408.0,193.7,267.0,19.51,1.704
162,408.0,193.2,267.0,19.51,1.704
162,408.0,192.8,267.0,19.51,1.704
162,408.0,192.3,267.0,19.51,1.704
162,408.0,191.8,267.0,19.55,1.704
162,408.0,191.3,267.0,19.55,1.625
162,408.0,190.8,267.0,19.55,1.625
162,408.0,190.4,267.0,19.55,1.625
162,408.0,192.8,267.0,19.51,1.625
162,408.0,192.3,267.0,19.51,1.704
162,408.0,191.9,267.0,19.55,1.704
162,408.0,191.4,267.0,19.55,1.625
162,408.0,190.9,267.0,19.55,1.625
162,408.0,190.4,267.0,19.55,1.625
162,408.0,192.9,267.0,19.51,1.625
162,408.0,192.4,267.0,19.51,1.704
162,408.0,191.9,267.0,19.55,1.704
162,408.0,191.4,267.0,19.55,1.625
162,408.0,190.9,267.0,19.55,1.625
162,408.0,190.5,267.0,19.55,1.625
162,408.0,192.9,267.0,19.51,1.625
162,408.0,192.4,267.0,19.51,1.704
162,408.0,192.0,267.0,19.55,1.704
162,408.0,191.5,267.0,19.55,1.625
162,408.0,191.0,267.0,19.55,1.625
162,408.0,190.5,267.0,19.55,1.625
162,408.0,193.0,267.0,19.51,1.625
162,408.0,192.5,267.0,19.51,1.704
162,408.0,192.0,267.0,19.51,1.704
162,408.0,194.5,267.0,19.51,1.704
162,408.0,194.0,267.0,19.51,1.704
162,408.0,193.5,267.0,19.51,1.704
162,408.0,193.0,267.0,19.51,1.704
162,408.0,192.6,267.0,19.51,1.704
162,408.0,192.1,267.0,19.51,1.704
162,408.0,194.5,267.0,19.51,1.704
162,408.0,194.0,267.0,19.51,1.704
162,408.0,193.6,267.0,19.51,1.704
162,408.0,193.1,267.0,19.51,1.704
162,408.0,192.6,267.0,19.51,1.704
162,408.0,192.1,267.0,19.51,1.704
162,408.0,194.6,267.0,19.51,1.704
162,408.0,194.1,267.0,19.51,1.704
162,408.0,193.6,267.0,19.51,1.704
162,408.0,193.1,267.0,19.51,1.704
162,408.0,192.7,267.0,19.51,1.704
162,408.0,192.2,267.0,19.51,1.704
162,408.0,194.6,267.0,19.51,1.704
162,408.0,194.2,267.0,19.51,1.704
162,408.0,193.7,267.0,19.51,1.704
162,408.0,193.2,267.0,19.51,1.704
162,408.0,192.7,267.0,19.51,1.704
162,408.0,192.2,267.0,19.51,1.704
162,408.0,194.7,267.0,19.51,1.704
162,408.0,194.2,267.0,19.51,1.704
162,408.0,193.7,267.0,19.51,1.704
162,408.0,193.2,267.0,19.51,1.704
162,408.0,192.8,267.0,19.51,1.704
162,408.0,192.3,267.0,19.51,1.704
162,408.0,191.8,267.0,19.55,1.704
162,408.0,191.3,267.0,19.55,1.625
162,408.0,190.8,267.0,19.55,1.625
162,408.0,190.3,267.0,19.55,1.625
162,408.0,192.8,267.0,19.51,1.625
162,408.0,192.3,267.0,19.51,1.704
162,408.0,191.9,267.0,19.55,1.704
162,408.0,191.4,267.0,19.55,1.625
162,408.0,190.9,267.0,19.55,1.625
162,408.0,190.4,267.0,19.55,1.625
162,408.0,192.9,267.0,19.51,1.625
162,408.0,192.4,267.0,19.51,1.704
162,408.0,191.9,267.0,19.55,1.704
162,408.0,191.4,267.0,19.55,1.625
162,408.0,190.9,267.0,19.55,1.625
162,408.0,190.5,267.0,19.55,1.625
162,408.0,192.9,267.0,19.51,1.625
162,408.0,192.4,267.0,19.51,1.704
162,408.0,192.0,267.0,19.55,1.704
162,408.0,191.5,267.0,19.55,1.625
162,408.0,191.0,267.0,19.55,1.625
162,408.0,190.5,267.0,19.55,1.625
162,408.0,193.0,267.0,19.51,1.625
162,408.0,192.5,267.0,19.51,1.704
162,408.0,192.0,267.0,19.51,1.704
162,408.0,194.5,267.0,19.51,1.704
162,408.0,194.0,267.0,19.51,1.704
162,408.0,193.5,267.0,19.51,1.704
162,408.0,193.0,267.0,19.51,1.704
162,408.0,192.5,267.0,19.51,1.704
162,408.0,192.1,267.0,19.51,1.704
162,408.0,194.5,267.0,19.51,1.704
162,408.0,194.0,267.0,19.51,1.704
162,408.0,193.6,267.0,19.51,1.704
162,408.0,193.1,267.0,19.51,1.704
162,408.0,192.6,267.0,19.51,1.704
162,408.0,192.1,267.0,19.51,1.704
162,408.0,194.6,267.0,19.51,1.704
162,408.0,194.1,267.0,19.51,1.704
162,408.0,193.6,267.0,19.51,1.704
162,408.0,193.1,267.0,19.51,1.704
162,408.0,192.7,267.0,19.51,1.704
162,408.0,192.2,267.0,19.51,1.704
162,408.0,194.6,267.0,19.51,1.704
162,408.0,194.2,267.0,19.51,1.704
162,408.0,193.7,267.0,19.51,1.704
162,408.0,193.2,267.0,19.51,1.704
168,375.9,228.8,264.8,20.20,1.016
168,381.0,223.6,267.0,20.22,0.996
168,386.0,218.3,267.0,19.52,1.169
168,388.9,215.1,267.0,19.64,1.247
168,391.8,211.8,267.0,19.64,1.591
168,394.6,208.6,267.0,19.64,1.591
168,394.6,205.3,267.0,19.64,1.591
168,394.6,204.9,267.0,19.64,1.591
168,394.6,204.4,267.0,19.64,1.591
168,394.6,203.9,267.0,19.51,1.591
168,394.6,203.4,267.0,19.51,1.704
168,394.6,202.9,267.0,19.51,1.704
168,394.6,202.5,267.0,19.51,1.704
168,394.6,202.0,267.0,19.51,1.704
168,394.6,201.5,267.0,19.51,1.704
168,394.6,201.0,267.0,19.51,1.704
168,394.6,200.5,267.0,19.51,1.704
168,394.6,200.0,267.0,19.51,1.704
168,394.6,199.6,267.0,19.51,1.704
168,394.6,199.1,267.0,19.51,1.704
168,394.6,198.6,267.0,19.51,1.704
168,394.6,198.1,267.0,19.51,1.704
168,394.6,197.6,267.0,19.51,1.704
168,394.6,197.1,267.0,19.51,1.704
168,394.6,196.7,267.0,19.51,1.704
168,394.6,196.2,267.0,19.51,1.704
168,394.6,195.7,267.0,19.51,1.704
168,394.6,195.2,267.0,19.51,1.704
168,394.6,194.7,267.0,19.51,1.704
168,394.6,194.2,267.0,19.51,1.704
168,394.6,193.8,267.0,19.51,1.704
168,394.6,193.3,267.0,19.51,1.704
168,394.6,192.8,267.0,19.51,1.704
168,394.6,192.3,267.0,19.51,1.704
168,394.6,191.8,267.0,19.55,1.704
168,394.6,191.4,267.0,19.55,1.625
168,394.6,190.9,267.0,19.55,1.625
168,394.6,190.4,267.0,19.55,1.625
168,394.6,192.9,267.0,19.51,1.625
168,394.6,192.4,267.0,19.51,1.704
168,394.6,191.9,267.0,19.55,1.704
168,394.6,191.4,267.0,19.55,1.625
168,394.6,190.9,267.0,19.55,1.625
168,394.6,190.4,267.0,19.55,1.625
168,394.6,192.9,267.0,19.51,1.625
168,394.6,192.4,267.0,19.51,1.704
168,394.6,191.9,267.0,19.55,1.704
168,394.6,191.5,267.0,19.55,1.625
168,394.6,191.0,267.0,19.55,1.625
168,394.6,190.5,267.0,19.55,1.625
168,394.6,193.0,267.0,19.51,1.625
168,394.6,192.5,267.0,19.51,1.704
168,394.6,192.0,267.0,19.51,1.704
168,394.6,191.5,267.0,19.55,1.625
168,394.6,191.0,267.0,19.55,1.625
168,394.6,190.6,267.0,19.55,1.625
168,394.6,193.0,267.0,19.51,1.625
168,394.6,192.5,267.0,19.51,1.704
168,394.6,192.1,267.0,19.51,1.704
168,394.6,194.5,267.0,19.51,1.704
168,394.6,194.0,267.0,19.51,1.704
168,394.6,193.6,267.0,19.51,1.704
168,394.6,193.1,267.0,19.51,1.704
168,394.6,192.6,267.0,19.51,1.704
168,394.6,192.1,267.0,19.51,1.704
168,394.6,194.6,267.0,19.51,1.704
168,394.6,194.1,267.0,19.51,1.704
168,394.6,193.6,267.0,19.51,1.704
168,394.6,193.1,267.0,19.51,1.704
168,394.6,192.6,267.0,19.51,1.704
168,394.6,192.2,267.0,19.51,1.704
168,394.6,194.6,267.0,19.51,1.704
168,394.6,194.1,267.0,19.51,1.704
168,394.6,193.7,267.0,19.51,1.704
168,394.6,193.2,267.0,19.51,1.704
168,394.6,192.7,267.0,19.51,1.704
168,394.6,192.2,267.0,19.51,1.704
168,394.6,194.7,267.0,19.51,1.704
168,394.6,194.2,267.0,19.51,1.704
168,394.6,193.7,267.0,19.51,1.704
168,394.6,193.2,267.0,19.51,1.704
168,394.6,192.7,267.0,19.51,1.704
168,394.6,192.3,267.0,19.51,1.704
168,394.6,191.8,267.0,19.55,1.704
168,394.6,191.3,267.0,19.55,1.625
168,394.6,190.8,267.0,19.55,1.625
168,394.6,190.3,267.0,19.55,1.625
168,394.6,192.8,267.0,19.51,1.625
168,394.6,192.3,267.0,19.51,1.704
168,394.6,191.8,267.0,19.55,1.704
168,394.6,191.3,267.0,19.55,1.625
168,394.6,190.9,267.0,19.55,1.625
168,394.6,190.4,267.0,19.55,1.625
168,394.6,192.9,267.0,19.51,1.625
168,394.6,192.4,267.0,19.51,1.704
168,394.6,191.9,267.0,19.55,1.704
168,394.6,191.4,267.0,19.55,1.625
168,394.6,190.9,267.0,19.55,1.625
168,394.6,190.4,267.0,19.55,1.625
168,394.6,192.9,267.0,19.51,1.625
168,394.6,192.4,267.0,19.51,1.704
168,394.6,191.9,267.0,19.55,1.704
168,394.6,191.5,267.0,19.55,1.625
168,394.6,191.0,267.0,19.55,1.625
168,394.6,190.5,267.0,19.55,1.625
168,394.6,192.9,267.0,19.51,1.625
168,394.6,192.5,267.0,19.51,1.704
168,394.6,192.0,267.0,19.55,1.704
168,394.6,191.5,267.0,19.55,1.625
168,394.6,191.0,267.0,19.55,1.625
168,394.6,190.5,267.0,19.55,1.625
168,394.6,193.0,267.0,19.51,1.625
168,394.6,192.5,267.0,19.51,1.704
168,394.6,192.0,267.0,19.51,1.704
168,394.6,194.5,267.0,19.51,1.704
168,394.6,194.0,267.0,19.51,1.704
168,394.6,193.5,267.0,19.51,1.704
168,394.6,193.1,267.0,19.51,1.704
168,394.6,192.6,267.0,19.51,1.704
168,394.6,192.1,267.0,19.51,1.704
168,394.6,194.6,267.0,19.51,1.704
168,394.6,194.1,267.0,19.51,1.704
168,394.6,193.6,267.0,19.51,1.704
168,394.6,193.1,267.0,19.51,1.704
168,394.6,192.6,267.0,19.51,1.704
168,394.6,192.2,267.0,19.51,1.704
168,394.6,194.6,267.0,19.51,1.704
168,394.6,194.1,267.0,19.51,1.704
168,394.6,193.7,267.0,19.51,1.704
168,394.6,193.2,267.0,19.51,1.704
168,394.6,192.7,267.0,19.51,1.704
168,394.6,192.2,267.0,19.51,1.704
168,394.6,194.7,267.0,19.51,1.704
168,394.6,194.2,267.0,19.51,1.704
168,394.6,193.7,267.0,19.51,1.704
168,394.6,193.2,267.0,19.51,1.704
168,394.6,192.7,267.0,19.51,1.704
168,394.6,192.2,267.0,19.51,1.704
168,394.6,194.7,267.0,19.51,1.704
168,394.6,194.2,267.0,19.51,1.704
168,394.6,193.8,267.0,19.51,1.704
168,394.6,193.3,267.0,19.51,1.704
168,394.6,192.8,267.0,19.51,1.704
168,394.6,192.3,267.0,19.51,1.704
168,394.6,191.8,267.0,19.55,1.704
168,394.6,191.3,267.0,19.55,1.625
168,394.6,190.9,267.0,19.55,1.625
168,394.6,190.4,267.0,19.55,1.625
168,394.6,192.8,267.0,19.51,1.625
168,394.6,192.4,267.0,19.51,1.704
168,394.6,191.9,267.0,19.55,1.704
168,394.6,191.4,267.0,19.55,1.625
168,394.6,190.9,267.0,19.55,1.625
168,394.6,190.4,267.0,19.55,1.625
168,394.6,192.9,267.0,19.51,1.625
168,394.6,192.4,267.0,19.51,1.704
168,394.6,191.9,267.0,19.55,1.704
168,394.6,191.5,267.0,19.55,1.625
168,394.6,191.0,267.0,19.55,1.625
168,394.6,190.5,267.0,19.55,1.625
174,425.9,162.6,262.4,20.65,0.776
174,423.2,166.0,259.8,20.65,0.626
174,420.6,169.3,257.2,21.12,0.626
174,418.5,175.1,257.1,19.14,0.788
174,416.4,181.0,256.9,19.60,0.773
174,413.7,183.1,266.4,19.55,1.253
174,410.8,185.5,267.0,19.55,1.625
174,407.9,187.9,267.0,19.30,1.625
174,407.9,190.4,267.0,19.30,1.625
174,407.9,192.9,267.0,19.62,1.625
174,407.9,192.4,267.0,19.62,1.704
174,407.9,191.9,267.0,19.30,1.704
174,407.9,191.4,267.0,19.30,1.625
174,407.9,190.9,267.0,19.30,1.625
174,407.9,190.4,267.0,19.30,1.625
174,407.9,192.9,267.0,19.62,1.625
174,407.9,192.4,267.0,19.62,1.704
174,407.9,191.9,267.0,19.30,1.704
174,407.9,191.5,267.0,19.30,1.625
174,407.9,191.0,267.0,19.30,1.625
174,407.9,190.5,267.0,19.30,1.625
174,407.9,193.0,267.0,19.62,1.625
174,407.9,192.5,267.0,19.62,1.704
174,407.9,192.0,267.0,19.30,1.704
174,407.9,191.5,267.0,19.30,1.625
174,407.9,191.0,267.0,19.30,1.625
174,407.9,190.5,267.0,19.30,1.625
174,407.9,193.0,267.0,19.62,1.625
174,407.9,192.5,267.0,19.62,1.704
174,407.9,192.0,267.0,19.62,1.704
174,407.9,194.5,267.0,19.62,1.704
174,407.9,194.0,267.0,19.62,1.704
174,407.9,193.5,267.0,19.62,1.704
174,407.9,193.1,267.0,19.62,1.704
174,407.9,192.6,267.0,19.62,1.704
174,407.9,192.1,267.0,19.62,1.704
174,407.9,194.6,267.0,19.62,1.704
174,407.9,194.1,267.0,19.62,1.704
174,407.9,193.6,267.0,19.62,1.704
174,407.9,193.1,267.0,19.62,1.704
174,407.9,192.6,267.0,19.62,1.704
174,407.9,192.2,267.0,19.62,1.704
174,407.9,194.6,267.0,19.62,1.704
174,407.9,194.1,267.0,19.62,1.704
174,407.9,193.7,267.0,19.62,1.704
174,407.9,193.2,267.0,19.62,1.704
174,407.9,192.7,267.0,19.62,1.704
174,407.9,192.2,267.0,19.62,1.704
174,407.9,194.7,267.0,19.62,1.704
174,407.9,194.2,267.0,19.62,1.704
174,407.9,193.7,267.0,19.62,1.704
174,407.9,193.2,267.0,19.62,1.704
174,407.9,192.7,267.0,19.62,1.704
174,407.9,192.3,267.0,19.62,1.704
174,407.9,194.7,267.0,19.62,1.704
174,407.9,194.2,267.0,19.62,1.704
174,407.9,193.8,267.0,19.62,1.704
174,407.9,193.3,267.0,19.62,1.704
174,407.9,192.8,267.0,19.62,1.704
174,407.9,192.3,267.0,19.62,1.704
174,407.9,191.8,267.0,19.30,1.704
174,407.9,191.3,267.0,19.30,1.625
174,407.9,190.9,267.0,19.30,1.625
174,407.9,190.4,267.0,19.30,1.625
174,407.9,192.8,267.0,19.62,1.625
174,407.9,192.4,267.0,19.62,1.704
174,407.9,191.9,267.0,19.30,1.704
174,407.9,191.4,267.0,19.30,1.625
174,407.9,190.9,267.0,19.30,1.625
174,407.9,190.4,267.0,19.30,1.625
174,407.9,192.9,267.0,19.62,1.625
174,407.9,192.4,267.0,19.62,1.704
174,407.9,191.9,267.0,19.30,1.704
174,407.9,191.5,267.0,19.30,1.625
174,407.9,191.0,267.0,19.30,1.625
174,407.9,190.5,267.0,19.30,1.625
174,407.9,192.9,267.0,19.62,1.625
174,407.9,192.5,267.0,19.62,1.704
174,407.9,192.0,267.0,19.30,1.704
174,407.9,191.5,267.0,19.30,1.625
174,407.9,191.0,267.0,19.30,1.625
174,407.9,190.5,267.0,19.30,1.625
174,407.9,193.0,267.0,19.62,1.625
174,407.9,192.5,267.0,19.62,1.704
174,407.9,192.0,267.0,19.62,1.704
174,407.9,194.5,267.0,19.62,1.704
174,407.9,194.0,267.0,19.62,1.704
174,407.9,193.5,267.0,19.62,1.704
174,407.9,193.1,267.0,19.62,1.704
174,407.9,192.6,267.0,19.62,1.704
174,407.9,192.1,267.0,19.62,1.704
174,407.9,194.6,267.0,19.62,1.704
174,407.9,194.1,267.0,19.62,1.704
174,407.9,193.6,267.0,19.62,1.704
174,407.9,193.1,267.0,19.62,1.704
174,407.9,192.6,267.0,19.62,1.704
174,407.9,192.1,267.0,19.62,1.704
174,407.9,194.6,267.0,19.62,1.704
174,407.9,194.1,267.0,19.62,1.704
174,407.9,193.6,267.0,19.62,1.704
174,407.9,193.2,267.0,19.62,1.704
174,407.9,192.7,267.0,19.62,1.704
174,407.9,192.2,267.0,19.62,1.704
174,407.9,194.7,267.0,19.62,1.704
174,407.9,194.2,267.0,19.62,1.704
174,407.9,193.7,267.0,19.62,1.704
174,407.9,193.2,267.0,19.62,1.704
174,407.9,192.7,267.0,19.62,1.704
174,407.9,192.2,267.0,19.62,1.704
174,407.9,194.7,267.0,19.62,1.704
174,407.9,194.2,267.0,19.62,1.704
174,407.9,193.8,267.0,19.62,1.704
174,407.9,193.3,267.0,19.62,1.704
174,407.9,192.8,267.0,19.62,1.704
174,407.9,192.3,267.0,19.62,1.704
174,407.9,191.8,267.0,19.30,1.704
174,407.9,191.3,267.0,19.30,1.625
174,407.9,190.9,267.0,19.30,1.625
174,407.9,190.4,267.0,19.30,1.625
174,407.9,192.8,267.0,19.62,1.625
174,407.9,192.3,267.0,19.62,1.704
174,407.9,191.9,267.0,19.30,1.704
174,407.9,191.4,267.0,19.30,1.625
174,407.9,190.9,267.0,19.30,1.625
174,407.9,190.4,267.0,19.30,1.625
174,407.9,192.9,267.0,19.62,1.625
174,407.9,192.4,267.0,19.62,1.704
174,407.9,191.9,267.0,19.30,1.704
174,407.9,191.4,267.0,19.30,1.625
174,407.9,191.0,267.0,19.30,1.625
174,407.9,190.5,267.0,19.30,1.625
174,407.9,192.9,267.0,19.62,1.625
174,407.9,192.5,267.0,19.62,1.704
174,407.9,192.0,267.0,19.30,1.704
174,407.9,191.5,267.0,19.30,1.625
174,407.9,191.0,267.0,19.30,1.625
174,407.9,190.5,267.0,19.30,1.625
174,407.9,193.0,267.0,19.62,1.625
174,407.9,192.5,267.0,19.62,1.704
174,407.9,192.0,267.0,19.62,1.704
174,407.9,194.5,267.0,19.62,1.704
174,407.9,194.0,267.0,19.62,1.704
174,407.9,193.5,267.0,19.62,1.704
174,407.9,193.1,267.0,19.62,1.704
174,407.9,192.6,267.0,19.62,1.704
174,407.9,192.1,267.0,19.62,1.704
174,407.9,194.6,267.0,19.62,1.704
174,407.9,194.1,267.0,19.62,1.704
174,407.9,193.6,267.0,19.62,1.704
174,407.9,193.1,267.0,19.62,1.704
174,407.9,192.6,267.0,19.62,1.704
174,407.9,192.1,267.0,19.62,1.704
174,407.9,194.6,267.0,19.62,1.704
174,407.9,194.1,267.0,19.62,1.704
174,407.9,193.6,267.0,19.62,1.704
174,407.9,193.2,267.0,19.62,1.704
174,407.9,192.7,267.0,19.62,1.704
174,407.9,192.2,267.0,19.62,1.704
174,407.9,194.6,267.0,19.62,1.704
174,407.9,194.2,267.0,19.62,1.704
180,419.3,233.2,264.5,18.91,1.016
180,416.9,226.5,264.0,19.60,0.894
180,414.0,221.2,267.0,19.52,1.021
180,411.1,216.0,267.0,19.52,1.247
180,408.2,212.8,267.0,19.64,1.247
180,408.2,209.5,267.0,19.64,1.591
180,408.2,206.2,267.0,19.64,1.591
180,408.2,203.0,267.0,19.51,1.591
180,408.2,202.5,267.0,19.51,1.704
180,408.2,202.0,267.0,19.51,1.704
180,408.2,201.5,267.0,19.51,1.704
180,408.2,201.0,267.0,19.51,1.704
180,408.2,200.6,267.0,19.51,1.704
180,408.2,200.1,267.0,19.51,1.704
180,408.2,199.6,267.0,19.51,1.704
180,408.2,199.1,267.0,19.51,1.704
180,408.2,198.6,267.0,19.51,1.704
180,408.2,198.2,267.0,19.51,1.704
180,408.2,197.7,267.0,19.51,1.704
180,408.2,197.2,267.0,19.51,1.704
180,408.2,196.7,267.0,19.51,1.704
180,408.2,196.2,267.0,19.51,1.704
180,408.2,195.7,267.0,19.51,1.704
180,408.2,195.2,267.0,19.51,1.704
180,408.2,194.8,267.0,19.51,1.704
180,408.2,194.3,267.0,19.51,1.704
180,408.2,193.8,267.0,19.51,1.704
180,408.2,193.3,267.0,19.51,1.704
180,408.2,192.8,267.0,19.51,1.704
180,408.2,192.4,267.0,19.51,1.704
180,408.2,191.9,267.0,19.55,1.704
180,408.2,191.4,267.0,19.55,1.625
180,408.2,190.9,267.0,19.55,1.625
180,408.2,190.4,267.0,19.55,1.625
180,408.2,192.9,267.0,19.51,1.625
180,408.2,192.4,267.0,19.51,1.704
180,408.2,191.9,267.0,19.55,1.704
180,408.2,191.5,267.0,19.55,1.625
180,408.2,191.0,267.0,19.55,1.625
180,408.2,190.5,267.0,19.55,1.625
180,408.2,192.9,267.0,19.51,1.625
180,408.2,192.5,267.0,19.51,1.704
180,408.2,192.0,267.0,19.55,1.704
180,408.2,191.5,267.0,19.55,1.625
180,408.2,191.0,267.0,19.55,1.625
180,408.2,190.5,267.0,19.55,1.625
180,408.2,193.0,267.0,19.51,1.625
180,408.2,192.5,267.0,19.51,1.704
180,408.2,192.0,267.0,19.51,1.704
180,408.2,194.5,267.0,19.51,1.704
180,408.2,194.0,267.0,19.51,1.704
180,408.2,193.5,267.0,19.51,1.704
180,408.2,193.1,267.0,19.51,1.704
180,408.2,192.6,267.0,19.51,1.704
180,408.2,192.1,267.0,19.51,1.704
180,408.2,194.6,267.0,19.51,1.704
180,408.2,194.1,267.0,19.51,1.704
180,408.2,193.6,267.0,19.51,1.704
180,408.2,193.1,267.0,19.51,1.704
180,408.2,192.6,267.0,19.51,1.704
180,408.2,192.1,267.0,19.51,1.704
180,408.2,194.6,267.0,19.51,1.704
180,408.2,194.1,267.0,19.51,1.704
180,408.2,193.6,267.0,19.51,1.704
180,408.2,193.2,267.0,19.51,1.704
180,408.2,192.7,267.0,19.51,1.704
180,408.2,192.2,267.0,19.51,1.704
180,408.2,194.7,267.0,19.51,1.704
180,408.2,194.2,267.0,19.51,1.704
180,408.2,193.7,267.0,19.51,1.704
180,408.2,193.2,267.0,19.51,1.704
180,408.2,192.7,267.0,19.51,1.704
180,408.2,192.2,267.0,19.51,1.704
180,408.2,194.7,267.0,19.51,1.704
180,408.2,194.2,267.0,19.51,1.704
180,408.2,193.8,267.0,19.51,1.704
180,408.2,193.3,267.0,19.51,1.704
180,408.2,192.8,267.0,19.51,1.704
180,408.2,192.3,267.0,19.51,1.704
180,408.2,191.8,267.0,19.55,1.704
180,408.2,191.3,267.0,19.55,1.625
180,408.2,190.9,267.0,19.55,1.625
180,408.2,190.4,267.0,19.55,1.625
180,408.2,192.8,267.0,19.51,1.625
180,408.2,192.3,267.0,19.51,1.704
180,408.2,191.9,267.0,19.55,1.704
180,408.2,191.4,267.0,19.55,1.625
180,408.2,190.9,267.0,19.55,1.625
180,408.2,190.4,267.0,19.55,1.625
180,408.2,192.9,267.0,19.51,1.625
180,408.2,192.4,267.0,19.51,1.704
180,408.2,191.9,267.0,19.55,1.704
180,408.2,191.4,267.0,19.55,1.625
180,408.2,191.0,267.0,19.55,1.625
180,408.2,190.5,267.0,19.55,1.625
180,408.2,192.9,267.0,19.51,1.625
180,408.2,192.5,267.0,19.51,1.704
180,408.2,192.0,267.0,19.55,1.704
180,408.2,191.5,267.0,19.55,1.625
180,408.2,191.0,267.0,19.55,1.625
180,408.2,190.5,267.0,19.55,1.625
180,408.2,193.0,267.0,19.51,1.625
180,408.2,192.5,267.0,19.51,1.704
180,408.2,192.0,267.0,19.51,1.704
180,408.2,194.5,267.0,19.51,1.704
180,408.2,194.0,267.0,19.51,1.704
180,408.2,193.5,267.0,19.51,1.704
180,408.2,193.0,267.0,19.51,1.704
180,408.2,192.6,267.0,19.51,1.704
180,408.2,192.1,267.0,19.51,1.704
180,408.2,194.5,267.0,19.51,1.704
180,408.2,194.1,267.0,19.51,1.704
180,408.2,193.6,267.0,19.51,1.704
180,408.2,193.1,267.0,19.51,1.704
180,408.2,192.6,267.0,19.51,1.704
180,408.2,192.1,267.0,19.51,1.704
180,408.2,194.6,267.0,19.51,1.704
180,408.2,194.1,267.0,19.51,1.704
180,408.2,193.6,267.0,19.51,1.704
180,408.2,193.2,267.0,19.51,1.704
180,408.2,192.7,267.0,19.51,1.704
180,408.2,192.2,267.0,19.51,1.704
180,408.2,194.6,267.0,19.51,1.704
180,408.2,194.2,267.0,19.51,1.704
180,408.2,193.7,267.0,19.51,1.704
180,408.2,193.2,267.0,19.51,1.704
180,408.2,192.7,267.0,19.51,1.704
180,408.2,192.2,267.0,19.51,1.704
180,408.2,194.7,267.0,19.51,1.704
180,408.2,194.2,267.0,19.51,1.704
180,408.2,193.7,267.0,19.51,1.704
180,408.2,193.3,267.0,19.51,1.704
180,408.2,192.8,267.0,19.51,1.704
180,408.2,192.3,267.0,19.51,1.704
180,408.2,191.8,267.0,19.55,1.704
180,408.2,191.3,267.0,19.55,1.625
180,408.2,190.8,267.0,19.55,1.625
180,408.2,190.4,267.0,19.55,1.625
180,408.2,192.8,267.0,19.51,1.625
180,408.2,192.3,267.0,19.51,1.704
180,408.2,191.9,267.0,19.55,1.704
180,408.2,191.4,267.0,19.55,1.625
180,408.2,190.9,267.0,19.55,1.625
180,408.2,190.4,267.0,19.55,1.625
180,408.2,192.9,267.0,19.51,1.625
180,408.2,192.4,267.0,19.51,1.704
180,408.2,191.9,267.0,19.55,1.704
180,408.2,191.4,267.0,19.55,1.625
180,408.2,190.9,267.0,19.55,1.625
180,408.2,190.5,267.0,19.55,1.625
180,408.2,192.9,267.0,19.51,1.625
180,408.2,192.5,267.0,19.51,1.704
180,408.2,192.0,267.0,19.55,1.704
180,408.2,191.5,267.0,19.55,1.625
180,408.2,191.0,267.0,19.55,1.625
180,408.2,190.5,267.0,19.55,1.625
180,408.2,193.0,267.0,19.51,1.625
180,408.2,192.5,267.0,19.51,1.704
180,408.2,192.0,267.0,19.51,1.704
180,408.2,194.5,267.0,19.51,1.704
186,389.6,240.4,260.0,20.00,0.836
186,391.5,234.1,259.5,19.11,0.740
186,393.5,227.8,259.0,19.60,0.828
186,395.9,222.8,265.0,19.52,1.021
186,395.9,217.5,267.0,19.52,1.246
186,395.9,214.2,267.0,19.64,1.246
186,395.9,211.0,267.0,19.64,1.684
186,395.9,207.7,267.0,19.64,1.684
186,395.9,204.5,267.0,19.64,1.684
186,395.9,204.0,267.0,19.51,1.684
186,395.9,203.5,267.0,19.51,1.846
186,395.9,203.0,267.0,19.51,1.846
186,395.9,202.5,267.0,19.51,1.846
186,395.9,202.0,267.0,19.51,1.846
186,395.9,201.6,267.0,19.51,1.846
186,395.9,201.1,267.0,19.51,1.846
186,395.9,200.6,267.0,19.51,1.846
186,395.9,200.1,267.0,19.51,1.846
186,395.9,199.6,267.0,19.51,1.846
186,395.9,199.2,267.0,19.51,1.846
186,395.9,198.7,267.0,19.51,1.846
186,395.9,198.2,267.0,19.51,1.846
186,395.9,197.7,267.0,19.51,1.846
186,395.9,197.2,267.0,19.51,1.846
186,395.9,196.7,267.0,19.51,1.846
186,395.9,196.2,267.0,19.51,1.846
186,395.9,195.8,267.0,19.51,1.846
186,395.9,195.3,267.0,19.51,1.846
186,395.9,194.8,267.0,19.51,1.846
186,395.9,194.3,267.0,19.51,1.846
186,395.9,193.8,267.0,19.51,1.846
186,395.9,193.4,267.0,19.51,1.846
186,395.9,192.9,267.0,19.51,1.846
186,395.9,192.4,267.0,19.51,1.846
186,395.9,191.9,267.0,19.55,1.846
186,395.9,191.4,267.0,19.55,1.734
186,395.9,190.9,267.0,19.55,1.734
186,395.9,190.5,267.0,19.55,1.734
186,395.9,192.9,267.0,19.51,1.734
186,395.9,192.4,267.0,19.51,1.846
186,395.9,192.0,267.0,19.55,1.846
186,395.9,191.5,267.0,19.55,1.734
186,395.9,191.0,267.0,19.55,1.734
186,395.9,190.5,267.0,19.55,1.734
186,395.9,193.0,267.0,19.51,1.734
186,395.9,192.5,267.0,19.51,1.846
186,395.9,192.0,267.0,19.51,1.846
186,395.9,194.5,267.0,19.51,1.846
186,395.9,194.0,267.0,19.51,1.846
186,395.9,193.5,267.0,19.51,1.846
186,395.9,193.0,267.0,19.51,1.846
186,395.9,192.6,267.0,19.51,1.846
186,395.9,192.1,267.0,19.51,1.846
186,395.9,194.5,267.0,19.51,1.846
186,395.9,194.0,267.0,19.51,1.846
186,395.9,193.6,267.0,19.51,1.846
186,395.9,193.1,267.0,19.51,1.846
186,395.9,192.6,267.0,19.51,1.846
186,395.9,192.1,267.0,19.51,1.846
186,395.9,194.6,267.0,19.51,1.846
186,395.9,194.1,267.0,19.51,1.846
186,395.9,193.6,267.0,19.51,1.846
186,395.9,193.1,267.0,19.51,1.846
186,395.9,192.7,267.0,19.51,1.846
186,395.9,192.2,267.0,19.51,1.846
186,395.9,194.6,267.0,19.51,1.846
186,395.9,194.2,267.0,19.51,1.846
186,395.9,193.7,267.0,19.51,1.846
186,395.9,193.2,267.0,19.51,1.846
186,395.9,192.7,267.0,19.51,1.846
186,395.9,192.2,267.0,19.51,1.846
186,395.9,194.7,267.0,19.51,1.846
186,395.9,194.2,267.0,19.51,1.846
186,395.9,193.7,267.0,19.51,1.846
186,395.9,193.2,267.0,19.51,1.846
186,395.9,192.8,267.0,19.51,1.846
186,395.9,192.3,267.0,19.51,1.846
186,395.9,191.8,267.0,19.55,1.846
186,395.9,191.3,267.0,19.55,1.734
186,395.9,190.8,267.0,19.55,1.734
186,395.9,190.3,267.0,19.55,1.734
186,395.9,192.8,267.0,19.51,1.734
186,395.9,192.3,267.0,19.51,1.846
186,395.9,191.9,267.0,19.55,1.846
186,395.9,191.4,267.0,19.55,1.734
186,395.9,190.9,267.0,19.55,1.734
186,395.9,190.4,267.0,19.55,1.734
186,395.9,192.9,267.0,19.51,1.734
186,395.9,192.4,267.0,19.51,1.846
186,395.9,191.9,267.0,19.55,1.846
186,395.9,191.4,267.0,19.55,1.734
186,395.9,190.9,267.0,19.55,1.734
186,395.9,190.5,267.0,19.55,1.734
186,395.9,192.9,267.0,19.51,1.734
186,395.9,192.4,267.0,19.51,1.846
186,395.9,192.0,267.0,19.55,1.846
186,395.9,191.5,267.0,19.55,1.734
186,395.9,191.0,267.0,19.55,1.734
186,395.9,190.5,267.0,19.55,1.734
186,395.9,193.0,267.0,19.51,1.734
186,395.9,192.5,267.0,19.51,1.846
186,395.9,192.0,267.0,19.51,1.846
186,395.9,194.5,267.0,19.51,1.846
186,395.9,194.0,267.0,19.51,1.846
186,395.9,193.5,267.0,19.51,1.846
186,395.9,193.0,267.0,19.51,1.846
186,395.9,192.5,267.0,19.51,1.846
186,395.9,192.1,267.0,19.51,1.846
186,395.9,194.5,267.0,19.51,1.846
186,395.9,194.0,267.0,19.51,1.846
186,395.9,193.6,267.0,19.51,1.846
186,395.9,193.1,267.0,19.51,1.846
186,395.9,192.6,267.0,19.51,1.846
186,395.9,192.1,267.0,19.51,1.846
186,395.9,194.6,267.0,19.51,1.846
186,395.9,194.1,267.0,19.51,1.846
186,395.9,193.6,267.0,19.51,1.846
186,395.9,193.1,267.0,19.51,1.846
186,395.9,192.7,267.0,19.51,1.846
186,395.9,192.2,267.0,19.51,1.846
186,395.9,194.6,267.0,19.51,1.846
186,395.9,194.2,267.0,19.51,1.846
186,395.9,193.7,267.0,19.51,1.846
186,395.9,193.2,267.0,19.51,1.846
186,395.9,192.7,267.0,19.51,1.846
186,395.9,192.2,267.0,19.51,1.846
186,395.9,194.7,267.0,19.51,1.846
186,395.9,194.2,267.0,19.51,1.846
186,395.9,193.7,267.0,19.51,1.846
186,395.9,193.2,267.0,19.51,1.846
186,395.9,192.8,267.0,19.51,1.846
186,395.9,192.3,267.0,19.51,1.846
186,395.9,191.8,267.0,19.55,1.846
186,395.9,191.3,267.0,19.55,1.734
186,395.9,190.8,267.0,19.55,1.734
186,395.9,190.3,267.0,19.55,1.734
186,395.9,192.8,267.0,19.51,1.734
186,395.9,192.3,267.0,19.51,1.846
186,395.9,191.8,267.0,19.55,1.846
186,395.9,191.4,267.0,19.55,1.734
186,395.9,190.9,267.0,19.55,1.734
186,395.9,190.4,267.0,19.55,1.734
186,395.9,192.9,267.0,19.51,1.734
186,395.9,192.4,267.0,19.51,1.846
186,395.9,191.9,267.0,19.55,1.846
186,395.9,191.4,267.0,19.55,1.734
186,395.9,190.9,267.0,19.55,1.734
186,395.9,190.5,267.0,19.55,1.734
186,395.9,192.9,267.0,19.51,1.734
186,395.9,192.4,267.0,19.51,1.846
186,395.9,191.9,267.0,19.55,1.846
186,395.9,191.5,267.0,19.55,1.734
186,395.9,191.0,267.0,19.55,1.734
186,395.9,190.5,267.0,19.55,1.734
186,395.9,193.0,267.0,19.51,1.734
186,395.9,192.5,267.0,19.51,1.846
186,395.9,192.0,267.0,19.51,1.846
186,395.9,194.5,267.0,19.51,1.846
186,395.9,194.0,267.0,19.51,1.846
186,395.9,193.5,267.0,19.51,1.846
192,436.7,232.8,262.5,22.00,0.791
192,433.0,230.3,260.0,22.00,0.643
192,428.5,225.5,260.1,20.30,0.643
192,422.9,221.6,260.2,20.30,0.849
192,417.3,217.8,260.4,19.60,0.849
192,414.7,214.8,267.0,19.64,1.021
192,411.8,211.5,267.0,19.64,1.591
192,408.9,208.3,267.0,19.64,1.591
192,408.9,205.0,267.0,19.64,1.591
192,408.9,204.5,267.0,19.64,1.591
192,408.9,204.1,267.0,19.64,1.591
192,408.9,203.6,267.0,19.51,1.591
192,408.9,203.1,267.0,19.51,1.704
192,408.9,202.6,267.0,19.51,1.704
192,408.9,202.1,267.0,19.51,1.704
192,408.9,201.6,267.0,19.51,1.704
192,408.9,201.1,267.0,19.51,1.704
192,408.9,200.7,267.0,19.51,1.704
192,408.9,200.2,267.0,19.51,1.704
192,408.9,199.7,267.0,19.51,1.704
192,408.9,199.2,267.0,19.51,1.704
192,408.9,198.7,267.0,19.51,1.704
192,408.9,198.3,267.0,19.51,1.704
192,408.9,197.8,267.0,19.51,1.704
192,408.9,197.3,267.0,19.51,1.704
192,408.9,196.8,267.0,19.51,1.704
192,408.9,196.3,267.0,19.51,1.704
192,408.9,195.8,267.0,19.51,1.704
192,408.9,195.4,267.0,19.51,1.704
192,408.9,194.9,267.0,19.51,1.704
192,408.9,194.4,267.0,19.51,1.704
192,408.9,193.9,267.0,19.51,1.704
192,408.9,193.4,267.0,19.51,1.704
192,408.9,192.9,267.0,19.51,1.704
192,408.9,192.5,267.0,19.51,1.704
192,408.9,192.0,267.0,19.55,1.704
192,408.9,191.5,267.0,19.55,1.625
192,408.9,191.0,267.0,19.55,1.625
192,408.9,190.5,267.0,19.55,1.625
192,408.9,193.0,267.0,19.51,1.625
192,408.9,192.5,267.0,19.51,1.704
192,408.9,192.0,267.0,19.51,1.704
192,408.9,194.5,267.0,19.51,1.704
192,408.9,194.0,267.0,19.51,1.704
192,408.9,193.5,267.0,19.51,1.704
192,408.9,193.1,267.0,19.51,1.704
192,408.9,192.6,267.0,19.51,1.704
192,408.9,192.1,267.0,19.51,1.704
192,408.9,194.6,267.0,19.51,1.704
192,408.9,194.1,267.0,19.51,1.704
192,408.9,193.6,267.0,19.51,1.704
192,408.9,193.1,267.0,19.51,1.704
192,408.9,192.6,267.0,19.51,1.704
192,408.9,192.1,267.0,19.51,1.704
192,408.9,194.6,267.0,19.51,1.704
192,408.9,194.1,267.0,19.51,1.704
192,408.9,193.6,267.0,19.51,1.704
192,408.9,193.2,267.0,19.51,1.704
192,408.9,192.7,267.0,19.51,1.704
192,408.9,192.2,267.0,19.51,1.704
192,408.9,194.7,267.0,19.51,1.704
192,408.9,194.2,267.0,19.51,1.704
192,408.9,193.7,267.0,19.51,1.704
192,408.9,193.2,267.0,19.51,1.704
192,408.9,192.7,267.0,19.51,1.704
192,408.9,192.2,267.0,19.51,1.704
192,408.9,194.7,267.0,19.51,1.704
192,408.9,194.2,267.0,19.51,1.704
192,408.9,193.8,267.0,19.51,1.704
192,408.9,193.3,267.0,19.51,1.704
192,408.9,192.8,267.0,19.51,1.704
192,408.9,192.3,267.0,19.51,1.704
192,408.9,191.8,267.0,19.55,1.704
192,408.9,191.3,267.0,19.55,1.625
192,408.9,190.9,267.0,19.55,1.625
192,408.9,190.4,267.0,19.55,1.625
192,408.9,192.8,267.0,19.51,1.625
192,408.9,192.4,267.0,19.51,1.704
192,408.9,191.9,267.0,19.55,1.704
192,408.9,191.4,267.0,19.55,1.625
192,408.9,190.9,267.0,19.55,1.625
192,408.9,190.4,267.0,19.55,1.625
192,408.9,192.9,267.0,19.51,1.625
192,408.9,192.4,267.0,19.51,1.704
192,408.9,191.9,267.0,19.55,1.704
192,408.9,191.4,267.0,19.55,1.625
192,408.9,191.0,267.0,19.55,1.625
192,408.9,190.5,267.0,19.55,1.625
192,408.9,192.9,267.0,19.51,1.625
192,408.9,192.5,267.0,19.51,1.704
192,408.9,192.0,267.0,19.55,1.704
192,408.9,191.5,267.0,19.55,1.625
192,408.9,191.0,267.0,19.55,1.625
192,408.9,190.5,267.0,19.55,1.625
192,408.9,193.0,267.0,19.51,1.625
192,408.9,192.5,267.0,19.51,1.704
192,408.9,192.0,267.0,19.51,1.704
192,408.9,194.5,267.0,19.51,1.704
192,408.9,194.0,267.0,19.51,1.704
192,408.9,193.5,267.0,19.51,1.704
192,408.9,193.1,267.0,19.51,1.704
192,408.9,192.6,267.0,19.51,1.704
192,408.9,192.1,267.0,19.51,1.704
192,408.9,194.6,267.0,19.51,1.704
192,408.9,194.1,267.0,19.51,1.704
192,408.9,193.6,267.0,19.51,1.704
192,408.9,193.1,267.0,19.51,1.704
192,408.9,192.6,267.0,19.51,1.704
192,408.9,192.1,267.0,19.51,1.704
192,408.9,194.6,267.0,19.51,1.704
192,408.9,194.1,267.0,19.51,1.704
192,408.9,193.6,267.0,19.51,1.704
192,408.9,193.2,267.0,19.51,1.704
192,408.9,192.7,267.0,19.51,1.704
192,408.9,192.2,267.0,19.51,1.704
192,408.9,194.6,267.0,19.51,1.704
192,408.9,194.2,267.0,19.51,1.704
192,408.9,193.7,267.0,19.51,1.704
192,408.9,193.2,267.0,19.51,1.704
192,408.9,192.7,267.0,19.51,1.704
192,408.9,192.2,267.0,19.51,1.704
192,408.9,194.7,267.0,19.51,1.704
192,408.9,194.2,267.0,19.51,1.704
192,408.9,193.7,267.0,19.51,1.704
192,408.9,193.3,267.0,19.51,1.704
192,408.9,192.8,267.0,19.51,1.704
192,408.9,192.3,267.0,19.51,1.704
192,408.9,191.8,267.0,19.55,1.704
192,408.9,191.3,267.0,19.55,1.625
192,408.9,190.9,267.0,19.55,1.625
192,408.9,190.4,267.0,19.55,1.625
192,408.9,192.8,267.0,19.51,1.625
192,408.9,192.3,267.0,19.51,1.704
192,408.9,191.9,267.0,19.55,1.704
192,408.9,191.4,267.0,19.55,1.625
192,408.9,190.9,267.0,19.55,1.625
192,408.9,190.4,267.0,19.55,1.625
192,408.9,192.9,267.0,19.51,1.625
192,408.9,192.4,267.0,19.51,1.704
192,408.9,191.9,267.0,19.55,1.704
192,408.9,191.4,267.0,19.55,1.625
192,408.9,190.9,267.0,19.55,1.625
192,408.9,190.5,267.0,19.55,1.625
192,408.9,192.9,267.0,19.51,1.625
192,408.9,192.5,267.0,19.51,1.704
192,408.9,192.0,267.0,19.55,1.704
192,408.9,191.5,267.0,19.55,1.625
192,408.9,191.0,267.0,19.55,1.625
192,408.9,190.5,267.0,19.55,1.625
192,408.9,193.0,267.0,19.51,1.625
192,408.9,192.5,267.0,19.51,1.704
192,408.9,192.0,267.0,19.51,1.704
192,408.9,194.5,267.0,19.51,1.704
192,408.9,194.0,267.0,19.51,1.704
192,408.9,193.5,267.0,19.51,1.704
192,408.9,193.0,267.0,19.51,1.704
192,408.9,192.6,267.0,19.51,1.704
192,408.9,192.1,267.0,19.51,1.704
192,408.9,194.5,267.0,19.51,1.704
192,408.9,194.1,267.0,19.51,1.704
198,417.4,245.1,260.0,20.00,0.836
198,417.1,241.9,255.0,20.00,0.740
198,416.8,238.7,250.1,19.83,0.740
198,415.7,233.4,248.8,19.83,0.691
198,414.6,228.2,247.6,19.83,0.691
198,413.0,223.9,249.9,20.02,0.691
198,411.4,219.7,252.3,19.60,0.637
198,409.0,214.7,258.3,19.71,1.021
198,409.0,211.5,267.0,19.64,1.240
198,409.0,208.3,267.0,19.64,1.591
198,409.0,205.0,267.0,19.64,1.591
198,409.0,204.5,267.0,19.64,1.591
198,409.0,204.0,267.0,19.64,1.591
198,409.0,203.5,267.0,19.51,1.591
198,409.0,203.1,267.0,19.51,1.704
198,409.0,202.6,267.0,19.51,1.704
198,409.0,202.1,267.0,19.51,1.704
198,409.0,201.6,267.0,19.51,1.704
198,409.0,201.1,267.0,19.51,1.704
198,409.0,200.7,267.0,19.51,1.704
198,409.0,200.2,267.0,19.51,1.704
198,409.0,199.7,267.0,19.51,1.704
198,409.0,199.2,267.0,19.51,1.704
198,409.0,198.7,267.0,19.51,1.704
198,409.0,198.2,267.0,19.51,1.704
198,409.0,197.8,267.0,19.51,1.704
198,409.0,197.3,267.0,19.51,1.704
198,409.0,196.8,267.0,19.51,1.704
198,409.0,196.3,267.0,19.51,1.704
198,409.0,195.8,267.0,19.51,1.704
198,409.0,195.3,267.0,19.51,1.704
198,409.0,194.9,267.0,19.51,1.704
198,409.0,194.4,267.0,19.51,1.704
198,409.0,193.9,267.0,19.51,1.704
198,409.0,193.4,267.0,19.51,1.704
198,409.0,192.9,267.0,19.51,1.704
198,409.0,192.5,267.0,19.51,1.704
198,409.0,192.0,267.0,19.55,1.704
198,409.0,191.5,267.0,19.55,1.625
198,409.0,191.0,267.0,19.55,1.625
198,409.0,190.5,267.0,19.55,1.625
198,409.0,193.0,267.0,19.51,1.625
198,409.0,192.5,267.0,19.51,1.704
198,409.0,192.0,267.0,19.51,1.704
198,409.0,194.5,267.0,19.51,1.704
198,409.0,194.0,267.0,19.51,1.704
198,409.0,193.5,267.0,19.51,1.704
198,409.0,193.1,267.0,19.51,1.704
198,409.0,192.6,267.0,19.51,1.704
198,409.0,192.1,267.0,19.51,1.704
198,409.0,194.6,267.0,19.51,1.704
198,409.0,194.1,267.0,19.51,1.704
198,409.0,193.6,267.0,19.51,1.704
198,409.0,193.1,267.0,19.51,1.704
198,409.0,192.6,267.0,19.51,1.704
198,409.0,192.1,267.0,19.51,1.704
198,409.0,194.6,267.0,19.51,1.704
198,409.0,194.1,267.0,19.51,1.704
198,409.0,193.6,267.0,19.51,1.704
198,409.0,193.2,267.0,19.51,1.704
198,409.0,192.7,267.0,19.51,1.704
198,409.0,192.2,267.0,19.51,1.704
198,409.0,194.6,267.0,19.51,1.704
198,409.0,194.2,267.0,19.51,1.704
198,409.0,193.7,267.0,19.51,1.704
198,409.0,193.2,267.0,19.51,1.704
198,409.0,192.7,267.0,19.51,1.704
198,409.0,192.2,267.0,19.51,1.704
198,409.0,194.7,267.0,19.51,1.704
198,409.0,194.2,267.0,19.51,1.704
198,409.0,193.7,267.0,19.51,1.704
198,409.0,193.3,267.0,19.51,1.704
198,409.0,192.8,267.0,19.51,1.704
198,409.0,192.3,267.0,19.51,1.704
198,409.0,191.8,267.0,19.55,1.704
198,409.0,191.3,267.0,19.55,1.625
198,409.0,190.9,267.0,19.55,1.625
198,409.0,190.4,267.0,19.55,1.625
198,409.0,192.8,267.0,19.51,1.625
198,409.0,192.3,267.0,19.51,1.704
198,409.0,191.9,267.0,19.55,1.704
198,409.0,191.4,267.0,19.55,1.625
198,409.0,190.9,267.0,19.55,1.625
198,409.0,190.4,267.0,19.55,1.625
198,409.0,192.9,267.0,19.51,1.625
198,409.0,192.4,267.0,19.51,1.704
198,409.0,191.9,267.0,19.55,1.704
198,409.0,191.4,267.0,19.55,1.625
198,409.0,190.9,267.0,19.55,1.625
198,409.0,190.5,267.0,19.55,1.625
198,409.0,192.9,267.0,19.51,1.625
198,409.0,192.5,267.0,19.51,1.704
198,409.0,192.0,267.0,19.55,1.704
198,409.0,191.5,267.0,19.55,1.625
198,409.0,191.0,267.0,19.55,1.625
198,409.0,190.5,267.0,19.55,1.625
198,409.0,193.0,267.0,19.51,1.625
198,409.0,192.5,267.0,19.51,1.704
198,409.0,192.0,267.0,19.51,1.704
198,409.0,194.5,267.0,19.51,1.704
198,409.0,194.0,267.0,19.51,1.704
198,409.0,193.5,267.0,19.51,1.704
198,409.0,193.0,267.0,19.51,1.704
198,409.0,192.6,267.0,19.51,1.704
198,409.0,192.1,267.0,19.51,1.704
198,409.0,194.5,267.0,19.51,1.704
198,409.0,194.1,267.0,19.51,1.704
198,409.0,193.6,267.0,19.51,1.704
198,409.0,193.1,267.0,19.51,1.704
198,409.0,192.6,267.0,19.51,1.704
198,409.0,192.1,267.0,19.51,1.704
198,409.0,194.6,267.0,19.51,1.704
198,409.0,194.1,267.0,19.51,1.704
198,409.0,193.6,267.0,19.51,1.704
198,409.0,193.1,267.0,19.51,1.704
198,409.0,192.7,267.0,19.51,1.704
198,409.0,192.2,267.0,19.51,1.704
198,409.0,194.6,267.0,19.51,1.704
198,409.0,194.2,267.0,19.51,1.704
198,409.0,193.7,267.0,19.51,1.704
198,409.0,193.2,267.0,19.51,1.704
198,409.0,192.7,267.0,19.51,1.704
198,409.0,192.2,267.0,19.51,1.704
198,409.0,194.7,267.0,19.51,1.704
198,409.0,194.2,267.0,19.51,1.704
198,409.0,193.7,267.0,19.51,1.704
198,409.0,193.2,267.0,19.51,1.704
198,409.0,192.8,267.0,19.51,1.704
198,409.0,192.3,267.0,19.51,1.704
198,409.0,191.8,267.0,19.55,1.704
198,409.0,191.3,267.0,19.55,1.625
198,409.0,190.8,267.0,19.55,1.625
198,409.0,190.4,267.0,19.55,1.625
198,409.0,192.8,267.0,19.51,1.625
198,409.0,192.3,267.0,19.51,1.704
198,409.0,191.9,267.0,19.55,1.704
198,409.0,191.4,267.0,19.55,1.625
198,409.0,190.9,267.0,19.55,1.625
198,409.0,190.4,267.0,19.55,1.625
198,409.0,192.9,267.0,19.51,1.625
198,409.0,192.4,267.0,19.51,1.704
198,409.0,191.9,267.0,19.55,1.704
198,409.0,191.4,267.0,19.55,1.625
198,409.0,190.9,267.0,19.55,1.625
198,409.0,190.5,267.0,19.55,1.625
198,409.0,192.9,267.0,19.51,1.625
198,409.0,192.4,267.0,19.51,1.704
198,409.0,192.0,267.0,19.55,1.704
198,409.0,191.5,267.0,19.55,1.625
198,409.0,191.0,267.0,19.55,1.625
198,409.0,190.5,267.0,19.55,1.625
198,409.0,193.0,267.0,19.51,1.625
198,409.0,192.5,267.0,19.51,1.704
198,409.0,192.0,267.0,19.51,1.704
198,409.0,194.5,267.0,19.51,1.704
198,409.0,194.0,267.0,19.51,1.704
198,409.0,193.5,267.0,19.51,1.704
198,409.0,193.0,267.0,19.51,1.704
198,409.0,192.6,267.0,19.51,1.704
198,409.0,192.1,267.0,19.51,1.704
204,416.7,233.2,264.4,18.91,0.894
204,414.3,226.5,263.9,19.60,0.894
204,411.4,221.3,267.0,19.52,1.021
204,408.5,216.0,267.0,19.52,1.247
204,408.5,212.8,267.0,19.64,1.247
204,408.5,209.5,267.0,19.64,1.591
204,408.5,206.3,267.0,19.64,1.591
204,408.5,203.0,267.0,19.51,1.591
204,408.5,202.5,267.0,19.51,1.704
204,408.5,202.0,267.0,19.51,1.704
204,408.5,201.5,267.0,19.51,1.704
204,408.5,201.1,267.0,19.51,1.704
204,408.5,200.6,267.0,19.51,1.704
204,408.5,200.1,267.0,19.51,1.704
204,408.5,199.6,267.0,19.51,1.704
204,408.5,199.1,267.0,19.51,1.704
204,408.5,198.7,267.0,19.51,1.704
204,408.5,198.2,267.0,19.51,1.704
204,408.5,197.7,267.0,19.51,1.704
204,408.5,197.2,267.0,19.51,1.704
204,408.5,196.7,267.0,19.51,1.704
204,408.5,196.2,267.0,19.51,1.704
204,408.5,195.8,267.0,19.51,1.704
204,408.5,195.3,267.0,19.51,1.704
204,408.5,194.8,267.0,19.51,1.704
204,408.5,194.3,267.0,19.51,1.704
204,408.5,193.8,267.0,19.51,1.704
204,408.5,193.3,267.0,19.51,1.704
204,408.5,192.9,267.0,19.51,1.704
204,408.5,192.4,267.0,19.51,1.704
204,408.5,191.9,267.0,19.55,1.704
204,408.5,191.4,267.0,19.55,1.625
204,408.5,190.9,267.0,19.55,1.625
204,408.5,190.5,267.0,19.55,1.625
204,408.5,192.9,267.0,19.51,1.625
204,408.5,192.4,267.0,19.51,1.704
204,408.5,191.9,267.0,19.55,1.704
204,408.5,191.5,267.0,19.55,1.625
204,408.5,191.0,267.0,19.55,1.625
204,408.5,190.5,267.0,19.55,1.625
204,408.5,193.0,267.0,19.51,1.625
204,408.5,192.5,267.0,19.51,1.704
204,408.5,192.0,267.0,19.51,1.704
204,408.5,194.5,267.0,19.51,1.704
204,408.5,194.0,267.0,19.51,1.704
204,408.5,193.5,267.0,19.51,1.704
204,408.5,193.0,267.0,19.51,1.704
204,408.5,192.5,267.0,19.51,1.704
204,408.5,192.1,267.0,19.51,1.704
204,408.5,194.5,267.0,19.51,1.704
204,408.5,194.0,267.0,19.51,1.704
204,408.5,193.6,267.0,19.51,1.704
204,408.5,193.1,267.0,19.51,1.704
204,408.5,192.6,267.0,19.51,1.704
204,408.5,192.1,267.0,19.51,1.704
204,408.5,194.6,267.0,19.51,1.704
204,408.5,194.1,267.0,19.51,1.704
204,408.5,193.6,267.0,19.51,1.704
204,408.5,193.1,267.0,19.51,1.704
204,408.5,192.7,267.0,19.51,1.704
204,408.5,192.2,267.0,19.51,1.704
204,408.5,194.6,267.0,19.51,1.704
204,408.5,194.2,267.0,19.51,1.704
204,408.5,193.7,267.0,19.51,1.704
204,408.5,193.2,267.0,19.51,1.704
204,408.5,192.7,267.0,19.51,1.704
204,408.5,192.2,267.0,19.51,1.704
204,408.5,194.7,267.0,19.51,1.704
204,408.5,194.2,267.0,19.51,1.704
204,408.5,193.7,267.0,19.51,1.704
204,408.5,193.2,267.0,19.51,1.704
204,408.5,192.8,267.0,19.51,1.704
204,408.5,192.3,267.0,19.51,1.704
204,408.5,191.8,267.0,19.55,1.704
204,408.5,191.3,267.0,19.55,1.625
204,408.5,190.8,267.0,19.55,1.625
204,408.5,190.3,267.0,19.55,1.625
204,408.5,192.8,267.0,19.51,1.625
204,408.5,192.3,267.0,19.51,1.704
204,408.5,191.8,267.0,19.55,1.704
204,408.5,191.4,267.0,19.55,1.625
204,408.5,190.9,267.0,19.55,1.625
204,408.5,190.4,267.0,19.55,1.625
204,408.5,192.9,267.0,19.51,1.625
204,408.5,192.4,267.0,19.51,1.704
204,408.5,191.9,267.0,19.55,1.704
204,408.5,191.4,267.0,19.55,1.625
204,408.5,190.9,267.0,19.55,1.625
204,408.5,190.5,267.0,19.55,1.625
204,408.5,192.9,267.0,19.51,1.625
204,408.5,192.4,267.0,19.51,1.704
204,408.5,191.9,267.0,19.55,1.704
204,408.5,191.5,267.0,19.55,1.625
204,408.5,191.0,267.0,19.55,1.625
204,408.5,190.5,267.0,19.55,1.625
204,408.5,193.0,267.0,19.51,1.625
204,408.5,192.5,267.0,19.51,1.704
204,408.5,192.0,267.0,19.51,1.704
204,408.5,191.5,267.0,19.55,1.625
204,408.5,191.0,267.0,19.55,1.625
204,408.5,190.6,267.0,19.55,1.625
204,408.5,193.0,267.0,19.51,1.625
204,408.5,192.5,267.0,19.51,1.704
204,408.5,192.1,267.0,19.51,1.704
204,408.5,194.5,267.0,19.51,1.704
204,408.5,194.0,267.0,19.51,1.704
204,408.5,193.6,267.0,19.51,1.704
204,408.5,193.1,267.0,19.51,1.704
204,408.5,192.6,267.0,19.51,1.704
204,408.5,192.1,267.0,19.51,1.704
204,408.5,194.6,267.0,19.51,1.704
204,408.5,194.1,267.0,19.51,1.704
204,408.5,193.6,267.0,19.51,1.704
204,408.5,193.1,267.0,19.51,1.704
204,408.5,192.6,267.0,19.51,1.704
204,408.5,192.2,267.0,19.51,1.704
204,408.5,194.6,267.0,19.51,1.704
204,408.5,194.1,267.0,19.51,1.704
204,408.5,193.7,267.0,19.51,1.704
204,408.5,193.2,267.0,19.51,1.704
204,408.5,192.7,267.0,19.51,1.704
204,408.5,192.2,267.0,19.51,1.704
204,408.5,194.7,267.0,19.51,1.704
204,408.5,194.2,267.0,19.51,1.704
204,408.5,193.7,267.0,19.51,1.704
204,408.5,193.2,267.0,19.51,1.704
204,408.5,192.7,267.0,19.51,1.704
204,408.5,192.3,267.0,19.51,1.704
204,408.5,191.8,267.0,19.55,1.704
204,408.5,191.3,267.0,19.55,1.625
204,408.5,190.8,267.0,19.55,1.625
204,408.5,190.3,267.0,19.55,1.625
204,408.5,192.8,267.0,19.51,1.625
204,408.5,192.3,267.0,19.51,1.704
204,408.5,191.8,267.0,19.55,1.704
204,408.5,191.3,267.0,19.55,1.625
204,408.5,190.9,267.0,19.55,1.625
204,408.5,190.4,267.0,19.55,1.625
204,408.5,192.9,267.0,19.51,1.625
204,408.5,192.4,267.0,19.51,1.704
204,408.5,191.9,267.0,19.55,1.704
204,408.5,191.4,267.0,19.55,1.625
204,408.5,190.9,267.0,19.55,1.625
204,408.5,190.4,267.0,19.55,1.625
204,408.5,192.9,267.0,19.51,1.625
204,408.5,192.4,267.0,19.51,1.704
204,408.5,191.9,267.0,19.55,1.704
204,408.5,191.5,267.0,19.55,1.625
204,408.5,191.0,267.0,19.55,1.625
204,408.5,190.5,267.0,19.55,1.625
204,408.5,193.0,267.0,19.51,1.625
204,408.5,192.5,267.0,19.51,1.704
204,408.5,192.0,267.0,19.55,1.704
204,408.5,191.5,267.0,19.55,1.625
204,408.5,191.0,267.0,19.55,1.625
204,408.5,190.5,267.0,19.55,1.625
204,408.5,193.0,267.0,19.51,1.625
204,408.5,192.5,267.0,19.51,1.704
204,408.5,192.0,267.0,19.51,1.704
204,408.5,194.5,267.0,19.51,1.704
210,389.3,151.8,259.8,21.18,0.825
210,389.8,154.6,254.7,21.18,0.736
210,390.2,157.3,249.5,19.54,0.736
210,390.9,161.2,243.7,19.54,0.875
210,391.7,165.0,237.9,20.24,0.875
210,392.2,166.9,232.6,20.24,0.704
210,392.7,168.9,227.3,20.22,0.704
210,393.1,170.0,223.2,20.22,0.542
210,393.5,171.1,219.0,20.22,0.542
210,394.0,172.2,214.8,20.32,0.542
210,394.3,172.8,210.1,20.32,0.592
210,394.6,173.4,205.4,20.32,0.592
210,394.8,173.6,200.4,20.38,0.592
210,395.1,173.9,195.3,20.38,0.634
210,395.3,174.2,190.2,20.44,0.634
210,395.5,174.2,184.9,20.44,0.665
210,395.7,174.3,179.6,20.48,0.665
210,395.8,174.1,174.0,20.48,0.709
210,395.8,174.2,168.1,20.48,0.709
210,395.8,174.3,162.0,20.50,0.709
210,395.8,174.3,156.0,20.52,0.724
210,395.8,174.4,149.8,20.52,0.737
210,395.8,174.4,143.7,20.54,0.737
210,395.8,174.3,137.4,20.54,0.748
210,395.8,174.3,131.2,20.57,0.748
210,395.8,174.2,124.8,20.57,0.758
210,395.8,174.1,118.4,20.60,0.758
210,395.8,174.0,111.9,20.60,0.774
210,395.8,173.8,105.4,20.61,0.774
210,395.8,173.7,98.9,20.61,0.780
210,395.8,173.5,92.3,20.63,0.780
210,395.8,173.1,86.0,20.63,0.784
210,395.8,172.8,79.4,20.64,0.826
210,395.8,172.6,72.8,20.64,0.827
210,395.8,172.4,66.2,20.64,0.827
210,395.8,172.1,59.7,20.64,0.821
210,395.8,171.8,53.5,20.64,0.775
210,395.8,171.4,47.3,20.63,0.775
210,395.8,171.1,41.5,20.63,0.722
210,395.8,170.7,35.8,20.61,0.722
210,395.8,170.2,30.7,20.61,0.638
210,395.8,169.8,25.6,20.61,0.638
210,395.8,169.2,21.6,20.59,0.638
210,395.8,168.6,17.6,20.59,0.506
210,395.8,168.1,13.6,20.59,0.506
210,395.8,166.7,10.9,20.73,0.506
210,395.8,165.3,8.3,20.73,0.372
210,395.8,163.9,5.7,20.73,0.372
210,395.8,162.6,3.0,20.73,0.372
210,395.8,161.2,3.0,20.73,0.372
210,395.8,159.8,3.0,20.73,0.372
210,395.8,158.4,3.0,20.73,0.372
210,395.8,157.0,3.0,20.73,0.372
210,395.8,155.7,3.0,20.93,0.372
210,395.8,153.6,3.0,20.93,0.388
210,395.8,151.5,3.0,20.93,0.388
210,394.7,149.4,3.0,20.93,0.404
210,393.6,147.4,3.0,20.93,0.404
210,392.5,145.3,3.0,20.93,0.404
210,391.3,143.2,3.0,21.14,0.404
210,390.3,140.7,3.0,21.14,0.420
210,389.3,138.1,3.0,21.14,0.420
210,388.3,135.5,3.0,21.14,0.420
210,387.3,132.9,3.0,21.14,0.420
210,386.4,130.0,3.0,21.44,0.420
210,385.5,127.0,3.0,21.44,0.433
210,384.6,124.0,3.0,21.44,0.433
210,383.7,121.1,3.0,21.48,0.433
210,382.3,117.9,3.0,21.72,0.456
210,380.9,114.7,3.0,21.72,0.453
210,379.5,111.5,3.0,21.72,0.453
210,378.1,108.3,3.0,21.72,0.453
210,376.9,105.1,3.0,21.87,0.453
210,375.6,101.9,3.0,21.87,0.445
210,374.4,98.6,3.0,21.87,0.445
210,373.2,95.4,3.0,22.00,0.445
210,372.1,92.2,3.0,22.00,0.434
210,370.4,89.1,3.0,22.02,0.434
210,368.8,86.0,3.0,22.02,0.445
210,367.1,82.9,3.0,22.13,0.445
210,365.7,79.8,3.0,22.13,0.430
210,364.2,76.8,3.0,22.13,0.430
210,362.7,73.7,3.0,22.13,0.430
210,361.3,70.6,3.0,22.27,0.430
210,359.9,67.6,3.0,22.27,0.413
210,358.0,64.8,3.0,22.27,0.413
210,356.1,62.0,3.0,22.27,0.427
210,354.1,59.2,3.0,22.38,0.427
210,352.5,56.6,3.0,22.38,0.388
210,350.8,54.0,3.0,22.38,0.388
210,349.2,51.3,3.0,22.38,0.388
210,347.6,48.7,3.0,22.37,0.388
210,345.8,46.3,3.0,22.43,0.394
210,344.1,43.9,3.0,22.43,0.370
210,342.4,41.5,3.0,22.43,0.370
210,340.7,39.1,3.0,22.43,0.370
210,339.0,36.6,3.0,22.43,0.370
210,337.4,34.5,3.1,22.47,0.370
210,335.7,32.3,3.3,22.47,0.341
210,333.9,30.2,3.5,22.47,0.347
210,332.1,28.1,3.6,22.47,0.347
210,330.3,25.9,3.8,22.47,0.347
210,328.5,23.8,4.0,22.51,0.347
210,326.8,22.1,4.4,22.51,0.308
210,325.0,20.4,4.8,22.51,0.308
210,323.3,18.8,5.2,22.51,0.308
210,321.4,17.1,5.7,22.51,0.317
210,319.5,15.5,6.1,22.51,0.317
210,317.6,13.9,6.6,22.51,0.317
210,315.7,12.3,7.0,22.51,0.317
210,313.8,11.1,7.8,22.65,0.317
210,311.9,10.0,8.7,22.66,0.294
210,309.9,9.0,9.5,22.66,0.294
210,307.9,7.9,10.4,22.66,0.304
210,305.9,6.8,11.2,22.66,0.304
210,303.9,5.8,12.0,22.72,0.304
210,302.1,5.1,13.3,22.72,0.285
210,300.3,4.5,14.6,22.72,0.285
210,298.3,3.9,15.9,22.72,0.285
210,296.4,3.3,17.1,22.72,0.301
210,294.4,3.0,18.4,22.72,0.301
210,292.4,3.0,19.6,22.72,0.301
210,290.4,3.0,20.8,22.72,0.301
210,288.5,3.0,22.1,22.72,0.301
210,286.4,3.0,23.3,22.73,0.301
210,284.3,3.0,24.5,22.78,0.308
210,282.5,3.0,26.0,22.78,0.299
210,280.6,3.0,27.5,22.78,0.299
210,278.8,3.0,28.9,22.78,0.299
210,276.9,3.0,30.4,22.78,0.299
210,275.1,3.0,31.9,22.78,0.299
210,273.1,3.0,33.3,22.78,0.304
210,271.2,3.0,34.8,22.78,0.304
210,269.3,3.0,36.2,22.84,0.304
210,267.5,3.0,37.8,22.84,0.296
210,265.7,3.0,39.4,22.84,0.296
210,264.0,3.0,40.9,22.84,0.296
210,262.2,3.0,42.4,22.84,0.296
210,260.3,3.0,44.0,22.84,0.299
210,258.5,3.0,45.5,22.84,0.299
210,256.7,3.0,47.1,22.84,0.299
210,254.9,3.0,48.6,22.89,0.299
210,253.2,3.0,50.2,22.89,0.291
210,251.5,3.0,51.8,22.89,0.291
210,249.7,3.0,53.3,22.89,0.293
210,248.0,3.0,54.9,22.89,0.293
210,246.2,3.0,56.5,22.89,0.293
210,244.5,3.0,58.0,22.89,0.293
210,242.7,3.0,59.6,22.89,0.293
210,241.2,3.0,61.1,22.95,0.293
210,239.6,3.0,62.7,22.96,0.275
210,238.0,3.0,64.2,22.96,0.278
210,236.3,3.0,65.7,22.96,0.278
210,234.7,3.0,67.2,22.96,0.278
210,233.0,3.0,68.7,22.96,0.278
210,231.4,3.0,70.2,22.96,0.278
210,229.8,3.0,71.7,22.96,0.278
210,228.2,3.0,73.2,23.02,0.278
210,226.6,3.0,74.6,23.02,0.269
210,225.0,3.0,76.1,23.02,0.269
216,354.4,187.4,260.1,21.49,0.834
216,357.6,187.1,255.1,21.49,0.736
216,360.8,186.7,250.2,20.04,0.736
216,366.0,187.3,248.9,20.04,0.671
216,371.1,187.9,247.6,20.04,0.671
216,375.2,189.0,250.1,20.09,0.671
216,379.2,190.0,252.5,19.86,0.602
216,384.0,191.9,258.7,19.60,1.008
216,386.8,191.4,267.0,19.55,1.253
216,389.7,190.9,267.0,19.55,1.625
216,392.6,190.3,267.0,19.55,1.625
216,395.5,192.8,267.0,19.51,1.625
216,395.5,192.3,267.0,19.51,1.704
216,395.5,191.8,267.0,19.55,1.704
216,395.5,191.3,267.0,19.55,1.625
216,395.5,190.8,267.0,19.55,1.625
216,395.5,190.3,267.0,19.55,1.625
216,395.5,192.8,267.0,19.51,1.625
216,395.5,192.3,267.0,19.51,1.704
216,395.5,191.8,267.0,19.55,1.704
216,395.5,191.4,267.0,19.55,1.625
216,395.5,190.9,267.0,19.55,1.625
216,395.5,190.4,267.0,19.55,1.625
216,395.5,192.9,267.0,19.51,1.625
216,395.5,192.4,267.0,19.51,1.704
216,395.5,191.9,267.0,19.55,1.704
216,395.5,191.4,267.0,19.55,1.625
216,395.5,190.9,267.0,19.55,1.625
216,395.5,190.4,267.0,19.55,1.625
216,395.5,192.9,267.0,19.51,1.625
216,395.5,192.4,267.0,19.51,1.704
216,395.5,191.9,267.0,19.55,1.704
216,395.5,191.5,267.0,19.55,1.625
216,395.5,191.0,267.0,19.55,1.625
216,395.5,190.5,267.0,19.55,1.625
216,395.5,193.0,267.0,19.51,1.625
216,395.5,192.5,267.0,19.51,1.704
216,395.5,192.0,267.0,19.51,1.704
216,395.5,191.5,267.0,19.55,1.625
216,395.5,191.0,267.0,19.55,1.625
216,395.5,190.6,267.0,19.55,1.625
216,395.5,193.0,267.0,19.51,1.625
216,395.5,192.5,267.0,19.51,1.704
216,395.5,192.1,267.0,19.51,1.704
216,395.5,194.5,267.0,19.51,1.704
216,395.5,194.0,267.0,19.51,1.704
216,395.5,193.6,267.0,19.51,1.704
216,395.5,193.1,267.0,19.51,1.704
216,395.5,192.6,267.0,19.51,1.704
216,395.5,192.1,267.0,19.51,1.704
216,395.5,194.6,267.0,19.51,1.704
216,395.5,194.1,267.0,19.51,1.704
216,395.5,193.6,267.0,19.51,1.704
216,395.5,193.1,267.0,19.51,1.704
216,395.5,192.6,267.0,19.51,1.704
216,395.5,192.2,267.0,19.51,1.704
216,395.5,194.6,267.0,19.51,1.704
216,395.5,194.1,267.0,19.51,1.704
216,395.5,193.7,267.0,19.51,1.704
216,395.5,193.2,267.0,19.51,1.704
216,395.5,192.7,267.0,19.51,1.704
216,395.5,192.2,267.0,19.51,1.704
216,395.5,194.7,267.0,19.51,1.704
216,395.5,194.2,267.0,19.51,1.704
216,395.5,193.7,267.0,19.51,1.704
216,395.5,193.2,267.0,19.51,1.704
216,395.5,192.7,267.0,19.51,1.704
216,395.5,192.3,267.0,19.51,1.704
216,395.5,191.8,267.0,19.55,1.704
216,395.5,191.3,267.0,19.55,1.625
216,395.5,190.8,267.0,19.55,1.625
216,395.5,190.3,267.0,19.55,1.625
216,395.5,192.8,267.0,19.51,1.625
216,395.5,192.3,267.0,19.51,1.704
216,395.5,191.8,267.0,19.55,1.704
216,395.5,191.3,267.0,19.55,1.625
216,395.5,190.9,267.0,19.55,1.625
216,395.5,190.4,267.0,19.55,1.625
216,395.5,192.9,267.0,19.51,1.625
216,395.5,192.4,267.0,19.51,1.704
216,395.5,191.9,267.0,19.55,1.704
216,395.5,191.4,267.0,19.55,1.625
216,395.5,190.9,267.0,19.55,1.625
216,395.5,190.4,267.0,19.55,1.625
216,395.5,192.9,267.0,19.51,1.625
216,395.5,192.4,267.0,19.51,1.704
216,395.5,191.9,267.0,19.55,1.704
216,395.5,191.5,267.0,19.55,1.625
216,395.5,191.0,267.0,19.55,1.625
216,395.5,190.5,267.0,19.55,1.625
216,395.5,192.9,267.0,19.51,1.625
216,395.5,192.5,267.0,19.51,1.704
216,395.5,192.0,267.0,19.55,1.704
216,395.5,191.5,267.0,19.55,1.625
216,395.5,191.0,267.0,19.55,1.625
216,395.5,190.5,267.0,19.55,1.625
216,395.5,193.0,267.0,19.51,1.625
216,395.5,192.5,267.0,19.51,1.704
216,395.5,192.0,267.0,19.51,1.704
216,395.5,194.5,267.0,19.51,1.704
216,395.5,194.0,267.0,19.51,1.704
216,395.5,193.5,267.0,19.51,1.704
216,395.5,193.1,267.0,19.51,1.704
216,395.5,192.6,267.0,19.51,1.704
216,395.5,192.1,267.0,19.51,1.704
216,395.5,194.6,267.0,19.51,1.704
216,395.5,194.1,267.0,19.51,1.704
216,395.5,193.6,267.0,19.51,1.704
216,395.5,193.1,267.0,19.51,1.704
216,395.5,192.6,267.0,19.51,1.704
216,395.5,192.2,267.0,19.51,1.704
216,395.5,194.6,267.0,19.51,1.704
216,395.5,194.1,267.0,19.51,1.704
216,395.5,193.7,267.0,19.51,1.704
216,395.5,193.2,267.0,19.51,1.704
216,395.5,192.7,267.0,19.51,1.704
216,395.5,192.2,267.0,19.51,1.704
216,395.5,194.7,267.0,19.51,1.704
216,395.5,194.2,267.0,19.51,1.704
216,395.5,193.7,267.0,19.51,1.704
216,395.5,193.2,267.0,19.51,1.704
216,395.5,192.7,267.0,19.51,1.704
216,395.5,192.2,267.0,19.51,1.704
216,395.5,194.7,267.0,19.51,1.704
216,395.5,194.2,267.0,19.51,1.704
216,395.5,193.8,267.0,19.51,1.704
216,395.5,193.3,267.0,19.51,1.704
216,395.5,192.8,267.0,19.51,1.704
216,395.5,192.3,267.0,19.51,1.704
216,395.5,191.8,267.0,19.55,1.704
216,395.5,191.3,267.0,19.55,1.625
216,395.5,190.9,267.0,19.55,1.625
216,395.5,190.4,267.0,19.55,1.625
216,395.5,192.8,267.0,19.51,1.625
216,395.5,192.4,267.0,19.51,1.704
216,395.5,191.9,267.0,19.55,1.704
216,395.5,191.4,267.0,19.55,1.625
216,395.5,190.9,267.0,19.55,1.625
216,395.5,190.4,267.0,19.55,1.625
216,395.5,192.9,267.0,19.51,1.625
216,395.5,192.4,267.0,19.51,1.704
216,395.5,191.9,267.0,19.55,1.704
216,395.5,191.5,267.0,19.55,1.625
216,395.5,191.0,267.0,19.55,1.625
216,395.5,190.5,267.0,19.55,1.625
216,395.5,192.9,267.0,19.51,1.625
216,395.5,192.5,267.0,19.51,1.704
216,395.5,192.0,267.0,19.55,1.704
216,395.5,191.5,267.0,19.55,1.625
216,395.5,191.0,267.0,19.55,1.625
216,395.5,190.5,267.0,19.55,1.625
216,395.5,193.0,267.0,19.51,1.625
216,395.5,192.5,267.0,19.51,1.704
216,395.5,192.0,267.0,19.51,1.704
216,395.5,194.5,267.0,19.51,1.704
216,395.5,194.0,267.0,19.51,1.704
216,395.5,193.5,267.0,19.51,1.704
216,395.5,193.1,267.0,19.51,1.704
216,395.5,192.6,267.0,19.51,1.704
216,395.5,192.1,267.0,19.51,1.704
222,379.9,182.0,265.1,19.83,0.967
222,384.9,184.3,267.0,19.55,1.252
222,387.8,186.8,267.0,19.55,1.625
222,390.7,189.2,267.0,19.55,1.625
222,393.6,191.6,267.0,19.55,1.625
222,396.5,191.0,267.0,19.30,1.625
222,396.5,190.6,267.0,19.30,1.734
222,396.5,193.0,267.0,19.62,1.734
222,396.5,192.5,267.0,19.62,1.846
222,396.5,192.1,267.0,19.62,1.846
222,396.5,194.5,267.0,19.62,1.846
222,396.5,194.0,267.0,19.62,1.846
222,396.5,193.6,267.0,19.62,1.846
222,396.5,193.1,267.0,19.62,1.846
222,396.5,192.6,267.0,19.62,1.846
222,396.5,192.1,267.0,19.62,1.846
222,396.5,194.6,267.0,19.62,1.846
222,396.5,194.1,267.0,19.62,1.846
222,396.5,193.6,267.0,19.62,1.846
222,396.5,193.1,267.0,19.62,1.846
222,396.5,192.7,267.0,19.62,1.846
222,396.5,192.2,267.0,19.62,1.846
222,396.5,194.6,267.0,19.62,1.846
222,396.5,194.2,267.0,19.62,1.846
222,396.5,193.7,267.0,19.62,1.846
222,396.5,193.2,267.0,19.62,1.846
222,396.5,192.7,267.0,19.62,1.846
222,396.5,192.2,267.0,19.62,1.846
222,396.5,194.7,267.0,19.62,1.846
222,396.5,194.2,267.0,19.62,1.846
222,396.5,193.7,267.0,19.62,1.846
222,396.5,193.2,267.0,19.62,1.846
222,396.5,192.8,267.0,19.62,1.846
222,396.5,192.3,267.0,19.62,1.846
222,396.5,191.8,267.0,19.30,1.846
222,396.5,191.3,267.0,19.30,1.734
222,396.5,190.8,267.0,19.30,1.734
222,396.5,190.3,267.0,19.30,1.734
222,396.5,192.8,267.0,19.62,1.734
222,396.5,192.3,267.0,19.62,1.846
222,396.5,191.8,267.0,19.30,1.846
222,396.5,191.4,267.0,19.30,1.734
222,396.5,190.9,267.0,19.30,1.734
222,396.5,190.4,267.0,19.30,1.734
222,396.5,192.9,267.0,19.62,1.734
222,396.5,192.4,267.0,19.62,1.846
222,396.5,191.9,267.0,19.30,1.846
222,396.5,191.4,267.0,19.30,1.734
222,396.5,190.9,267.0,19.30,1.734
222,396.5,190.5,267.0,19.30,1.734
222,396.5,192.9,267.0,19.62,1.734
222,396.5,192.4,267.0,19.62,1.846
222,396.5,191.9,267.0,19.30,1.846
222,396.5,191.5,267.0,19.30,1.734
222,396.5,191.0,267.0,19.30,1.734
222,396.5,190.5,267.0,19.30,1.734
222,396.5,193.0,267.0,19.62,1.734
222,396.5,192.5,267.0,19.62,1.846
222,396.5,192.0,267.0,19.62,1.846
222,396.5,194.5,267.0,19.62,1.846
222,396.5,194.0,267.0,19.62,1.846
222,396.5,193.5,267.0,19.62,1.846
222,396.5,193.0,267.0,19.62,1.846
222,396.5,192.5,267.0,19.62,1.846
222,396.5,192.1,267.0,19.62,1.846
222,396.5,194.5,267.0,19.62,1.846
222,396.5,194.0,267.0,19.62,1.846
222,396.5,193.6,267.0,19.62,1.846
222,396.5,193.1,267.0,19.62,1.846
222,396.5,192.6,267.0,19.62,1.846
222,396.5,192.1,267.0,19.62,1.846
222,396.5,194.6,267.0,19.62,1.846
222,396.5,194.1,267.0,19.62,1.846
222,396.5,193.6,267.0,19.62,1.846
222,396.5,193.1,267.0,19.62,1.846
222,396.5,192.6,267.0,19.62,1.846
222,396.5,192.2,267.0,19.62,1.846
222,396.5,194.6,267.0,19.62,1.846
222,396.5,194.1,267.0,19.62,1.846
222,396.5,193.7,267.0,19.62,1.846
222,396.5,193.2,267.0,19.62,1.846
222,396.5,192.7,267.0,19.62,1.846
222,396.5,192.2,267.0,19.62,1.846
222,396.5,194.7,267.0,19.62,1.846
222,396.5,194.2,267.0,19.62,1.846
222,396.5,193.7,267.0,19.62,1.846
222,396.5,193.2,267.0,19.62,1.846
222,396.5,192.8,267.0,19.62,1.846
222,396.5,192.3,267.0,19.62,1.846
222,396.5,191.8,267.0,19.30,1.846
222,396.5,191.3,267.0,19.30,1.734
222,396.5,190.8,267.0,19.30,1.734
222,396.5,190.3,267.0,19.30,1.734
222,396.5,192.8,267.0,19.62,1.734
222,396.5,192.3,267.0,19.62,1.846
222,396.5,191.8,267.0,19.30,1.846
222,396.5,191.3,267.0,19.30,1.734
222,396.5,190.9,267.0,19.30,1.734
222,396.5,190.4,267.0,19.30,1.734
222,396.5,192.9,267.0,19.62,1.734
222,396.5,192.4,267.0,19.62,1.846
222,396.5,191.9,267.0,19.30,1.846
222,396.5,191.4,267.0,19.30,1.734
222,396.5,190.9,267.0,19.30,1.734
222,396.5,190.4,267.0,19.30,1.734
222,396.5,192.9,267.0,19.62,1.734
222,396.5,192.4,267.0,19.62,1.846
222,396.5,191.9,267.0,19.30,1.846
222,396.5,191.5,267.0,19.30,1.734
222,396.5,191.0,267.0,19.30,1.734
222,396.5,190.5,267.0,19.30,1.734
222,396.5,193.0,267.0,19.62,1.734
222,396.5,192.5,267.0,19.62,1.846
222,396.5,192.0,267.0,19.62,1.846
222,396.5,191.5,267.0,19.30,1.734
222,396.5,191.0,267.0,19.30,1.734
222,396.5,190.6,267.0,19.30,1.734
222,396.5,193.0,267.0,19.62,1.734
222,396.5,192.5,267.0,19.62,1.846
222,396.5,192.1,267.0,19.62,1.846
222,396.5,194.5,267.0,19.62,1.846
222,396.5,194.0,267.0,19.62,1.846
222,396.5,193.6,267.0,19.62,1.846
222,396.5,193.1,267.0,19.62,1.846
222,396.5,192.6,267.0,19.62,1.846
222,396.5,192.1,267.0,19.62,1.846
222,396.5,194.6,267.0,19.62,1.846
222,396.5,194.1,267.0,19.62,1.846
222,396.5,193.6,267.0,19.62,1.846
222,396.5,193.1,267.0,19.62,1.846
222,396.5,192.6,267.0,19.62,1.846
222,396.5,192.2,267.0,19.62,1.846
222,396.5,194.6,267.0,19.62,1.846
222,396.5,194.1,267.0,19.62,1.846
222,396.5,193.7,267.0,19.62,1.846
222,396.5,193.2,267.0,19.62,1.846
222,396.5,192.7,267.0,19.62,1.846
222,396.5,192.2,267.0,19.62,1.846
222,396.5,194.7,267.0,19.62,1.846
222,396.5,194.2,267.0,19.62,1.846
222,396.5,193.7,267.0,19.62,1.846
222,396.5,193.2,267.0,19.62,1.846
222,396.5,192.7,267.0,19.62,1.846
222,396.5,192.3,267.0,19.62,1.846
222,396.5,191.8,267.0,19.30,1.846
222,396.5,191.3,267.0,19.30,1.734
222,396.5,190.8,267.0,19.30,1.734
222,396.5,190.3,267.0,19.30,1.734
222,396.5,192.8,267.0,19.62,1.734
222,396.5,192.3,267.0,19.62,1.846
222,396.5,191.8,267.0,19.30,1.846
222,396.5,191.3,267.0,19.30,1.734
222,396.5,190.9,267.0,19.30,1.734
222,396.5,190.4,267.0,19.30,1.734
222,396.5,192.9,267.0,19.62,1.734
222,396.5,192.4,267.0,19.62,1.846
222,396.5,191.9,267.0,19.30,1.846
222,396.5,191.4,267.0,19.30,1.734
222,396.5,190.9,267.0,19.30,1.734
222,396.5,190.4,267.0,19.30,1.734
228,406.2,166.2,257.4,18.30,1.291
228,406.2,172.2,257.0,18.64,1.119
228,406.2,178.2,256.7,18.64,0.751
228,406.2,180.4,267.0,19.30,0.751
228,406.2,182.9,267.0,19.30,1.734
228,406.2,185.4,267.0,19.30,1.734
228,406.2,187.8,267.0,19.30,1.734
228,406.2,190.3,267.0,19.30,1.734
228,406.2,192.8,267.0,19.62,1.734
228,406.2,192.3,267.0,19.62,1.846
228,406.2,191.8,267.0,19.30,1.846
228,406.2,191.3,267.0,19.30,1.734
228,406.2,190.8,267.0,19.30,1.734
228,406.2,190.4,267.0,19.30,1.734
228,406.2,192.8,267.0,19.62,1.734
228,406.2,192.3,267.0,19.62,1.846
228,406.2,191.9,267.0,19.30,1.846
228,406.2,191.4,267.0,19.30,1.734
228,406.2,190.9,267.0,19.30,1.734
228,406.2,190.4,267.0,19.30,1.734
228,406.2,192.9,267.0,19.62,1.734
228,406.2,192.4,267.0,19.62,1.846
228,406.2,191.9,267.0,19.30,1.846
228,406.2,191.4,267.0,19.30,1.734
228,406.2,190.9,267.0,19.30,1.734
228,406.2,190.5,267.0,19.30,1.734
228,406.2,192.9,267.0,19.62,1.734
228,406.2,192.5,267.0,19.62,1.846
228,406.2,192.0,267.0,19.30,1.846
228,406.2,191.5,267.0,19.30,1.734
228,406.2,191.0,267.0,19.30,1.734
228,406.2,190.5,267.0,19.30,1.734
228,406.2,193.0,267.0,19.62,1.734
228,406.2,192.5,267.0,19.62,1.846
228,406.2,192.0,267.0,19.62,1.846
228,406.2,194.5,267.0,19.62,1.846
228,406.2,194.0,267.0,19.62,1.846
228,406.2,193.5,267.0,19.62,1.846
228,406.2,193.0,267.0,19.62,1.846
228,406.2,192.6,267.0,19.62,1.846
228,406.2,192.1,267.0,19.62,1.846
228,406.2,194.5,267.0,19.62,1.846
228,406.2,194.0,267.0,19.62,1.846
228,406.2,193.6,267.0,19.62,1.846
228,406.2,193.1,267.0,19.62,1.846
228,406.2,192.6,267.0,19.62,1.846
228,406.2,192.1,267.0,19.62,1.846
228,406.2,194.6,267.0,19.62,1.846
228,406.2,194.1,267.0,19.62,1.846
228,406.2,193.6,267.0,19.62,1.846
228,406.2,193.1,267.0,19.62,1.846
228,406.2,192.7,267.0,19.62,1.846
228,406.2,192.2,267.0,19.62,1.846
228,406.2,194.6,267.0,19.62,1.846
228,406.2,194.2,267.0,19.62,1.846
228,406.2,193.7,267.0,19.62,1.846
228,406.2,193.2,267.0,19.62,1.846
228,406.2,192.7,267.0,19.62,1.846
228,406.2,192.2,267.0,19.62,1.846
228,406.2,194.7,267.0,19.62,1.846
228,406.2,194.2,267.0,19.62,1.846
228,406.2,193.7,267.0,19.62,1.846
228,406.2,193.2,267.0,19.62,1.846
228,406.2,192.8,267.0,19.62,1.846
228,406.2,192.3,267.0,19.62,1.846
228,406.2,191.8,267.0,19.30,1.846
228,406.2,191.3,267.0,19.30,1.734
228,406.2,190.8,267.0,19.30,1.734
228,406.2,190.3,267.0,19.30,1.734
228,406.2,192.8,267.0,19.62,1.734
228,406.2,192.3,267.0,19.62,1.846
228,406.2,191.9,267.0,19.30,1.846
228,406.2,191.4,267.0,19.30,1.734
228,406.2,190.9,267.0,19.30,1.734
228,406.2,190.4,267.0,19.30,1.734
228,406.2,192.9,267.0,19.62,1.734
228,406.2,192.4,267.0,19.62,1.846
228,406.2,191.9,267.0,19.30,1.846
228,406.2,191.4,267.0,19.30,1.734
228,406.2,190.9,267.0,19.30,1.734
228,406.2,190.5,267.0,19.30,1.734
228,406.2,192.9,267.0,19.62,1.734
228,406.2,192.4,267.0,19.62,1.846
228,406.2,192.0,267.0,19.30,1.846
228,406.2,191.5,267.0,19.30,1.734
228,406.2,191.0,267.0,19.30,1.734
228,406.2,190.5,267.0,19.30,1.734
228,406.2,193.0,267.0,19.62,1.734
228,406.2,192.5,267.0,19.62,1.846
228,406.2,192.0,267.0,19.62,1.846
228,406.2,194.5,267.0,19.62,1.846
228,406.2,194.0,267.0,19.62,1.846
228,406.2,193.5,267.0,19.62,1.846
228,406.2,193.0,267.0,19.62,1.846
228,406.2,192.5,267.0,19.62,1.846
228,406.2,192.1,267.0,19.62,1.846
228,406.2,194.5,267.0,19.62,1.846
228,406.2,194.0,267.0,19.62,1.846
228,406.2,193.6,267.0,19.62,1.846
228,406.2,193.1,267.0,19.62,1.846
228,406.2,192.6,267.0,19.62,1.846
228,406.2,192.1,267.0,19.62,1.846
228,406.2,194.6,267.0,19.62,1.846
228,406.2,194.1,267.0,19.62,1.846
228,406.2,193.6,267.0,19.62,1.846
228,406.2,193.1,267.0,19.62,1.846
228,406.2,192.7,267.0,19.62,1.846
228,406.2,192.2,267.0,19.62,1.846
228,406.2,194.6,267.0,19.62,1.846
228,406.2,194.2,267.0,19.62,1.846
228,406.2,193.7,267.0,19.62,1.846
228,406.2,193.2,267.0,19.62,1.846
228,406.2,192.7,267.0,19.62,1.846
228,406.2,192.2,267.0,19.62,1.846
228,406.2,194.7,267.0,19.62,1.846
228,406.2,194.2,267.0,19.62,1.846
228,406.2,193.7,267.0,19.62,1.846
228,406.2,193.2,267.0,19.62,1.846
228,406.2,192.8,267.0,19.62,1.846
228,406.2,192.3,267.0,19.62,1.846
228,406.2,191.8,267.0,19.30,1.846
228,406.2,191.3,267.0,19.30,1.734
228,406.2,190.8,267.0,19.30,1.734
228,406.2,190.3,267.0,19.30,1.734
228,406.2,192.8,267.0,19.62,1.734
228,406.2,192.3,267.0,19.62,1.846
228,406.2,191.8,267.0,19.30,1.846
228,406.2,191.4,267.0,19.30,1.734
228,406.2,190.9,267.0,19.30,1.734
228,406.2,190.4,267.0,19.30,1.734
228,406.2,192.9,267.0,19.62,1.734
228,406.2,192.4,267.0,19.62,1.846
228,406.2,191.9,267.0,19.30,1.846
228,406.2,191.4,267.0,19.30,1.734
228,406.2,190.9,267.0,19.30,1.734
228,406.2,190.5,267.0,19.30,1.734
228,406.2,192.9,267.0,19.62,1.734
228,406.2,192.4,267.0,19.62,1.846
228,406.2,191.9,267.0,19.30,1.846
228,406.2,191.5,267.0,19.30,1.734
228,406.2,191.0,267.0,19.30,1.734
228,406.2,190.5,267.0,19.30,1.734
228,406.2,193.0,267.0,19.62,1.734
228,406.2,192.5,267.0,19.62,1.846
228,406.2,192.0,267.0,19.62,1.846
228,406.2,194.5,267.0,19.62,1.846
228,406.2,194.0,267.0,19.62,1.846
228,406.2,193.5,267.0,19.62,1.846
228,406.2,193.0,267.0,19.62,1.846
228,406.2,192.5,267.0,19.62,1.846
228,406.2,192.1,267.0,19.62,1.846
228,406.2,194.5,267.0,19.62,1.846
228,406.2,194.0,267.0,19.62,1.846
228,406.2,193.6,267.0,19.62,1.846
228,406.2,193.1,267.0,19.62,1.846
228,406.2,192.6,267.0,19.62,1.846
228,406.2,192.1,267.0,19.62,1.846
228,406.2,194.6,267.0,19.62,1.846
228,406.2,194.1,267.0,19.62,1.846
228,406.2,193.6,267.0,19.62,1.846
234,392.8,150.2,259.8,21.18,0.825
234,393.3,153.0,254.7,21.18,0.736
234,393.7,155.8,249.5,21.76,0.736
234,394.4,159.7,243.7,19.54,0.575
234,395.2,163.5,237.9,20.24,0.875
234,395.7,165.4,232.6,20.24,0.704
234,395.7,167.5,227.5,20.49,0.704
234,395.7,168.9,223.1,20.22,0.678
234,395.7,170.4,218.8,20.22,0.542
234,395.7,171.8,214.5,20.32,0.542
234,395.7,172.7,209.6,20.32,0.592
234,395.7,173.6,204.7,20.32,0.592
234,395.7,174.2,199.5,20.38,0.592
234,395.9,174.5,194.4,20.38,0.634
234,395.9,174.8,188.9,20.44,0.659
234,395.9,175.2,183.4,20.44,0.691
234,395.9,175.6,177.9,20.48,0.691
234,395.9,175.7,172.0,20.48,0.738
234,395.9,175.8,166.1,20.50,0.738
234,395.9,175.9,160.1,20.50,0.755
234,395.9,175.9,154.0,20.52,0.755
234,395.9,175.9,147.8,20.52,0.769
234,395.9,175.9,141.7,20.54,0.769
234,395.9,175.9,135.4,20.54,0.782
234,395.9,175.9,129.2,20.57,0.782
234,395.9,175.8,122.8,20.57,0.794
234,395.9,175.6,116.3,20.60,0.794
234,395.9,175.5,109.8,20.60,0.813
234,395.9,175.3,103.2,20.61,0.813
234,395.9,175.2,96.7,20.61,0.821
234,395.9,175.0,90.1,20.63,0.821
234,395.9,174.8,83.5,20.64,0.826
234,395.9,174.6,76.9,20.64,0.827
234,395.9,174.3,70.3,20.64,0.827
234,395.9,174.1,63.7,20.64,0.821
234,395.9,173.8,57.1,20.64,0.821
234,395.9,173.5,50.9,20.64,0.775
234,395.9,173.1,45.2,20.63,0.775
234,395.9,172.7,39.4,20.63,0.722
234,395.9,172.3,33.7,20.61,0.722
234,395.9,171.9,28.6,20.61,0.638
234,395.9,171.4,23.5,20.59,0.638
234,395.9,170.8,19.5,20.59,0.506
234,395.9,170.3,15.5,20.59,0.506
234,395.9,169.7,11.5,20.59,0.506
234,395.9,169.1,8.7,20.59,0.353
234,395.9,168.5,6.0,20.59,0.353
234,395.9,167.8,3.2,20.73,0.353
234,395.9,166.4,3.0,20.73,0.372
234,395.9,165.0,3.0,20.73,0.372
234,395.9,163.7,3.0,20.73,0.372
234,395.9,162.3,3.0,20.73,0.372
234,395.9,160.9,3.0,20.73,0.372
234,395.9,159.5,3.0,20.73,0.372
234,395.9,158.1,3.0,20.73,0.372
234,395.9,156.8,3.0,20.73,0.372
234,395.9,155.4,3.0,20.93,0.372
234,395.9,153.3,3.0,20.93,0.388
234,395.9,151.2,3.0,20.93,0.388
234,395.9,149.2,3.0,20.93,0.388
234,395.9,147.1,3.0,20.93,0.388
234,395.9,145.0,3.0,20.93,0.388
234,395.9,142.4,3.0,21.14,0.388
234,395.9,139.8,3.0,21.14,0.406
234,395.9,137.2,3.0,21.14,0.406
234,395.9,134.6,3.0,21.14,0.406
234,395.9,132.0,3.0,21.44,0.406
234,395.9,129.0,3.0,21.44,0.423
234,395.9,126.0,3.0,21.44,0.423
234,395.9,123.0,3.0,21.44,0.423
234,395.9,120.0,3.0,21.70,0.423
234,395.9,116.7,3.0,21.70,0.437
234,395.9,113.3,3.0,21.70,0.437
234,395.9,110.0,3.0,21.70,0.437
234,395.9,106.6,3.0,21.85,0.437
234,395.9,103.3,3.0,21.85,0.435
234,395.9,99.9,3.0,21.85,0.435
234,395.9,96.5,3.0,21.85,0.435
234,395.9,93.2,3.0,21.99,0.435
234,395.9,89.8,3.0,21.99,0.429
234,395.9,86.4,3.0,21.99,0.429
234,395.9,83.1,3.0,22.10,0.429
234,395.9,79.8,3.0,22.10,0.419
234,395.9,76.5,3.0,22.10,0.419
234,395.9,73.2,3.0,22.10,0.419
234,395.9,70.0,3.0,22.25,0.419
234,395.9,66.8,3.0,22.25,0.406
234,395.9,63.6,3.0,22.25,0.406
234,395.9,60.4,3.0,22.25,0.406
234,395.9,57.4,3.0,22.38,0.406
234,395.9,54.4,3.0,22.38,0.372
234,395.9,51.5,3.0,22.38,0.372
234,395.9,48.5,3.0,22.38,0.372
234,395.9,45.8,3.0,22.44,0.372
234,395.9,43.0,3.0,22.44,0.347
234,395.9,40.2,3.0,22.44,0.347
234,395.9,37.5,3.0,22.44,0.347
234,395.9,34.7,3.0,22.48,0.347
234,395.9,32.2,3.0,22.48,0.312
234,395.9,29.7,3.0,22.48,0.312
234,395.9,27.2,3.1,22.48,0.312
234,395.9,24.7,3.1,22.48,0.312
234,395.9,22.7,3.4,22.51,0.312
234,395.9,20.7,3.8,22.51,0.254
234,395.9,18.7,4.1,22.51,0.254
234,395.9,16.7,4.5,22.51,0.254
234,395.9,14.7,4.8,22.51,0.254
234,395.9,12.7,5.2,22.51,0.254
234,395.9,11.3,6.0,22.61,0.254
234,395.9,9.8,6.9,22.61,0.207
234,395.9,8.4,7.7,22.61,0.207
234,395.9,7.0,8.6,22.61,0.207
234,395.9,5.6,9.5,22.61,0.207
234,395.9,4.2,10.3,22.61,0.207
234,395.9,3.0,11.2,22.61,0.207
234,395.9,3.0,12.0,22.73,0.207
234,395.9,3.0,13.4,22.73,0.199
234,395.9,3.0,14.8,22.73,0.199
234,395.9,3.0,16.2,22.73,0.199
234,395.9,3.0,17.5,22.73,0.199
234,395.9,3.0,18.9,22.73,0.199
234,395.9,3.0,20.3,22.73,0.199
234,395.9,3.0,21.6,22.73,0.199
234,395.9,3.0,23.0,22.73,0.199
234,395.9,3.0,24.4,22.82,0.199
234,395.9,3.0,26.0,22.82,0.207
234,395.9,3.0,27.6,22.82,0.207
234,395.9,3.0,29.1,22.82,0.207
234,395.9,3.0,30.7,22.82,0.207
234,395.9,3.0,32.3,22.82,0.207
234,395.9,3.0,33.9,22.82,0.207
234,395.9,3.0,35.5,22.82,0.207
234,395.9,3.0,37.1,22.90,0.207
234,395.9,3.0,38.7,22.90,0.207
234,395.9,3.0,40.3,22.90,0.207
234,395.9,3.0,42.0,22.90,0.207
234,395.9,3.0,43.6,22.90,0.207
234,395.9,3.0,45.2,22.90,0.207
234,395.9,3.0,46.8,22.90,0.207
234,395.9,3.0,48.5,22.96,0.207
234,395.9,3.0,50.0,22.96,0.199
234,395.9,3.0,51.6,22.96,0.199
234,395.9,3.0,53.2,22.96,0.199
234,395.9,3.0,54.8,22.96,0.199
234,395.9,3.0,56.3,22.96,0.199
234,395.9,3.0,57.9,22.96,0.199
234,395.9,3.0,59.5,22.96,0.199
234,395.9,3.0,60.9,23.05,0.199
234,395.9,3.0,62.3,23.05,0.175
234,395.9,3.0,63.7,23.05,0.175
234,395.9,3.0,65.1,23.05,0.175
234,395.9,3.0,66.5,23.05,0.175
234,395.9,3.0,67.9,23.05,0.175
234,395.9,3.0,69.3,23.05,0.175
234,395.9,3.0,70.7,23.05,0.175
234,395.9,3.0,72.1,23.14,0.175
234,395.9,3.0,73.4,23.14,0.163
234,395.9,3.0,74.7,23.14,0.163
234,395.9,3.0,76.0,23.14,0.163
234,395.9,3.0,77.3,23.14,0.163
240,422.4,173.4,264.5,21.17,0.990
240,419.8,179.8,264.4,18.99,0.990
240,416.9,182.2,267.0,19.55,0.859
240,414.0,184.6,267.0,19.55,1.625
240,411.1,187.0,267.0,19.55,1.625
240,408.2,189.4,267.0,19.55,1.625
240,408.2,191.9,267.0,19.55,1.625
240,408.2,191.4,267.0,19.55,1.625
240,408.2,190.9,267.0,19.55,1.625
240,408.2,190.5,267.0,19.55,1.625
240,408.2,192.9,267.0,19.51,1.625
240,408.2,192.4,267.0,19.51,1.704
240,408.2,192.0,267.0,19.55,1.704
240,408.2,191.5,267.0,19.55,1.625
240,408.2,191.0,267.0,19.55,1.625
240,408.2,190.5,267.0,19.55,1.625
240,408.2,193.0,267.0,19.51,1.625
240,408.2,192.5,267.0,19.51,1.704
240,408.2,192.0,267.0,19.51,1.704
240,408.2,194.5,267.0,19.51,1.704
240,408.2,194.0,267.0,19.51,1.704
240,408.2,193.5,267.0,19.51,1.704
240,408.2,193.0,267.0,19.51,1.704
240,408.2,192.6,267.0,19.51,1.704
240,408.2,192.1,267.0,19.51,1.704
240,408.2,194.5,267.0,19.51,1.704
240,408.2,194.0,267.0,19.51,1.704
240,408.2,193.6,267.0,19.51,1.704
240,408.2,193.1,267.0,19.51,1.704
240,408.2,192.6,267.0,19.51,1.704
240,408.2,192.1,267.0,19.51,1.704
240,408.2,194.6,267.0,19.51,1.704
240,408.2,194.1,267.0,19.51,1.704
240,408.2,193.6,267.0,19.51,1.704
240,408.2,193.1,267.0,19.51,1.704
240,408.2,192.7,267.0,19.51,1.704
240,408.2,192.2,267.0,19.51,1.704
240,408.2,194.6,267.0,19.51,1.704
240,408.2,194.2,267.0,19.51,1.704
240,408.2,193.7,267.0,19.51,1.704
240,408.2,193.2,267.0,19.51,1.704
240,408.2,192.7,267.0,19.51,1.704
240,408.2,192.2,267.0,19.51,1.704
240,408.2,194.7,267.0,19.51,1.704
240,408.2,194.2,267.0,19.51,1.704
240,408.2,193.7,267.0,19.51,1.704
240,408.2,193.2,267.0,19.51,1.704
240,408.2,192.8,267.0,19.51,1.704
240,408.2,192.3,267.0,19.51,1.704
240,408.2,191.8,267.0,19.55,1.704
240,408.2,191.3,267.0,19.55,1.625
240,408.2,190.8,267.0,19.55,1.625
240,408.2,190.3,267.0,19.55,1.625
240,408.2,192.8,267.0,19.51,1.625
240,408.2,192.3,267.0,19.51,1.704
240,408.2,191.9,267.0,19.55,1.704
240,408.2,191.4,267.0,19.55,1.625
240,408.2,190.9,267.0,19.55,1.625
240,408.2,190.4,267.0,19.55,1.625
240,408.2,192.9,267.0,19.51,1.625
240,408.2,192.4,267.0,19.51,1.704
240,408.2,191.9,267.0,19.55,1.704
240,408.2,191.4,267.0,19.55,1.625
240,408.2,190.9,267.0,19.55,1.625
240,408.2,190.5,267.0,19.55,1.625
240,408.2,192.9,267.0,19.51,1.625
240,408.2,192.4,267.0,19.51,1.704
240,408.2,191.9,267.0,19.55,1.704
240,408.2,191.5,267.0,19.55,1.625
240,408.2,191.0,267.0,19.55,1.625
240,408.2,190.5,267.0,19.55,1.625
240,408.2,193.0,267.0,19.51,1.625
240,408.2,192.5,267.0,19.51,1.704
240,408.2,192.0,267.0,19.51,1.704
240,408.2,194.5,267.0,19.51,1.704
240,408.2,194.0,267.0,19.51,1.704
240,408.2,193.5,267.0,19.51,1.704
240,408.2,193.0,267.0,19.51,1.704
240,408.2,192.5,267.0,19.51,1.704
240,408.2,192.1,267.0,19.51,1.704
240,408.2,194.5,267.0,19.51,1.704
240,408.2,194.0,267.0,19.51,1.704
240,408.2,193.6,267.0,19.51,1.704
240,408.2,193.1,267.0,19.51,1.704
240,408.2,192.6,267.0,19.51,1.704
240,408.2,192.1,267.0,19.51,1.704
240,408.2,194.6,267.0,19.51,1.704
240,408.2,194.1,267.0,19.51,1.704
240,408.2,193.6,267.0,19.51,1.704
240,408.2,193.1,267.0,19.51,1.704
240,408.2,192.7,267.0,19.51,1.704
240,408.2,192.2,267.0,19.51,1.704
240,408.2,194.6,267.0,19.51,1.704
240,408.2,194.2,267.0,19.51,1.704
240,408.2,193.7,267.0,19.51,1.704
240,408.2,193.2,267.0,19.51,1.704
240,408.2,192.7,267.0,19.51,1.704
240,408.2,192.2,267.0,19.51,1.704
240,408.2,194.7,267.0,19.51,1.704
240,408.2,194.2,267.0,19.51,1.704
240,408.2,193.7,267.0,19.51,1.704
240,408.2,193.2,267.0,19.51,1.704
240,408.2,192.8,267.0,19.51,1.704
240,408.2,192.3,267.0,19.51,1.704
240,408.2,191.8,267.0,19.55,1.704
240,408.2,191.3,267.0,19.55,1.625
240,408.2,190.8,267.0,19.55,1.625
240,408.2,190.3,267.0,19.55,1.625
240,408.2,192.8,267.0,19.51,1.625
240,408.2,192.3,267.0,19.51,1.704
240,408.2,191.8,267.0,19.55,1.704
240,408.2,191.4,267.0,19.55,1.625
240,408.2,190.9,267.0,19.55,1.625
240,408.2,190.4,267.0,19.55,1.625
240,408.2,192.9,267.0,19.51,1.625
240,408.2,192.4,267.0,19.51,1.704
240,408.2,191.9,267.0,19.55,1.704
240,408.2,191.4,267.0,19.55,1.625
240,408.2,190.9,267.0,19.55,1.625
240,408.2,190.4,267.0,19.55,1.625
240,408.2,192.9,267.0,19.51,1.625
240,408.2,192.4,267.0,19.51,1.704
240,408.2,191.9,267.0,19.55,1.704
240,408.2,191.5,267.0,19.55,1.625
240,408.2,191.0,267.0,19.55,1.625
240,408.2,190.5,267.0,19.55,1.625
240,408.2,193.0,267.0,19.51,1.625
240,408.2,192.5,267.0,19.51,1.704
240,408.2,192.0,267.0,19.51,1.704
240,408.2,191.5,267.0,19.55,1.625
240,408.2,191.0,267.0,19.55,1.625
240,408.2,190.6,267.0,19.55,1.625
240,408.2,193.0,267.0,19.51,1.625
240,408.2,192.5,267.0,19.51,1.704
240,408.2,192.1,267.0,19.51,1.704
240,408.2,194.5,267.0,19.51,1.704
240,408.2,194.0,267.0,19.51,1.704
240,408.2,193.6,267.0,19.51,1.704
240,408.2,193.1,267.0,19.51,1.704
240,408.2,192.6,267.0,19.51,1.704
240,408.2,192.1,267.0,19.51,1.704
240,408.2,194.6,267.0,19.51,1.704
240,408.2,194.1,267.0,19.51,1.704
240,408.2,193.6,267.0,19.51,1.704
240,408.2,193.1,267.0,19.51,1.704
240,408.2,192.6,267.0,19.51,1.704
240,408.2,192.2,267.0,19.51,1.704
240,408.2,194.6,267.0,19.51,1.704
240,408.2,194.1,267.0,19.51,1.704
240,408.2,193.7,267.0,19.51,1.704
240,408.2,193.2,267.0,19.51,1.704
240,408.2,192.7,267.0,19.51,1.704
240,408.2,192.2,267.0,19.51,1.704
240,408.2,194.7,267.0,19.51,1.704
240,408.2,194.2,267.0,19.51,1.704
240,408.2,193.7,267.0,19.51,1.704
240,408.2,193.2,267.0,19.51,1.704
240,408.2,192.7,267.0,19.51,1.704
240,408.2,192.3,267.0,19.51,1.704
240,408.2,191.8,267.0,19.55,1.704
246,365.6,193.0,264.4,18.16,0.835
246,372.2,192.5,263.9,19.22,0.831
246,377.2,192.0,267.0,19.83,1.014
246,382.2,191.4,267.0,19.83,1.252
246,385.1,190.9,267.0,19.55,1.252
246,388.1,190.4,267.0,19.55,1.625
246,390.9,192.8,267.0,19.51,1.625
246,393.9,192.3,267.0,19.51,1.704
246,396.8,191.8,267.0,19.30,1.704
246,396.8,191.3,267.0,19.30,1.734
246,396.8,190.8,267.0,19.30,1.734
246,396.8,190.3,267.0,19.30,1.734
246,396.8,192.8,267.0,19.62,1.734
246,396.8,192.3,267.0,19.62,1.846
246,396.8,191.8,267.0,19.30,1.846
246,396.8,191.3,267.0,19.30,1.734
246,396.8,190.9,267.0,19.30,1.734
246,396.8,190.4,267.0,19.30,1.734
246,396.8,192.8,267.0,19.62,1.734
246,396.8,192.3,267.0,19.62,1.846
246,396.8,191.9,267.0,19.30,1.846
246,396.8,191.4,267.0,19.30,1.734
246,396.8,190.9,267.0,19.30,1.734
246,396.8,190.4,267.0,19.30,1.734
246,396.8,192.9,267.0,19.62,1.734
246,396.8,192.4,267.0,19.62,1.846
246,396.8,191.9,267.0,19.30,1.846
246,396.8,191.4,267.0,19.30,1.734
246,396.8,190.9,267.0,19.30,1.734
246,396.8,190.5,267.0,19.30,1.734
246,396.8,192.9,267.0,19.62,1.734
246,396.8,192.5,267.0,19.62,1.846
246,396.8,192.0,267.0,19.30,1.846
246,396.8,191.5,267.0,19.30,1.734
246,396.8,191.0,267.0,19.30,1.734
246,396.8,190.5,267.0,19.30,1.734
246,396.8,193.0,267.0,19.62,1.734
246,396.8,192.5,267.0,19.62,1.846
246,396.8,192.0,267.0,19.62,1.846
246,396.8,194.5,267.0,19.62,1.846
246,396.8,194.0,267.0,19.62,1.846
246,396.8,193.5,267.0,19.62,1.846
246,396.8,193.0,267.0,19.62,1.846
246,396.8,192.6,267.0,19.62,1.846
246,396.8,192.1,267.0,19.62,1.846
246,396.8,194.5,267.0,19.62,1.846
246,396.8,194.1,267.0,19.62,1.846
246,396.8,193.6,267.0,19.62,1.846
246,396.8,193.1,267.0,19.62,1.846
246,396.8,192.6,267.0,19.62,1.846
246,396.8,192.1,267.0,19.62,1.846
246,396.8,194.6,267.0,19.62,1.846
246,396.8,194.1,267.0,19.62,1.846
246,396.8,193.6,267.0,19.62,1.846
246,396.8,193.2,267.0,19.62,1.846
246,396.8,192.7,267.0,19.62,1.846
246,396.8,192.2,267.0,19.62,1.846
246,396.8,194.6,267.0,19.62,1.846
246,396.8,194.2,267.0,19.62,1.846
246,396.8,193.7,267.0,19.62,1.846
246,396.8,193.2,267.0,19.62,1.846
246,396.8,192.7,267.0,19.62,1.846
246,396.8,192.2,267.0,19.62,1.846
246,396.8,194.7,267.0,19.62,1.846
246,396.8,194.2,267.0,19.62,1.846
246,396.8,193.7,267.0,19.62,1.846
246,396.8,193.2,267.0,19.62,1.846
246,396.8,192.8,267.0,19.62,1.846
246,396.8,192.3,267.0,19.62,1.846
246,396.8,191.8,267.0,19.30,1.846
246,396.8,191.3,267.0,19.30,1.734
246,396.8,190.8,267.0,19.30,1.734
246,396.8,190.4,267.0,19.30,1.734
246,396.8,192.8,267.0,19.62,1.734
246,396.8,192.3,267.0,19.62,1.846
246,396.8,191.9,267.0,19.30,1.846
246,396.8,191.4,267.0,19.30,1.734
246,396.8,190.9,267.0,19.30,1.734
246,396.8,190.4,267.0,19.30,1.734
246,396.8,192.9,267.0,19.62,1.734
246,396.8,192.4,267.0,19.62,1.846
246,396.8,191.9,267.0,19.30,1.846
246,396.8,191.4,267.0,19.30,1.734
246,396.8,190.9,267.0,19.30,1.734
246,396.8,190.5,267.0,19.30,1.734
246,396.8,192.9,267.0,19.62,1.734
246,396.8,192.5,267.0,19.62,1.846
246,396.8,192.0,267.0,19.30,1.846
246,396.8,191.5,267.0,19.30,1.734
246,396.8,191.0,267.0,19.30,1.734
246,396.8,190.5,267.0,19.30,1.734
246,396.8,193.0,267.0,19.62,1.734
246,396.8,192.5,267.0,19.62,1.846
246,396.8,192.0,267.0,19.62,1.846
246,396.8,194.5,267.0,19.62,1.846
246,396.8,194.0,267.0,19.62,1.846
246,396.8,193.5,267.0,19.62,1.846
246,396.8,193.0,267.0,19.62,1.846
246,396.8,192.6,267.0,19.62,1.846
246,396.8,192.1,267.0,19.62,1.846
246,396.8,194.5,267.0,19.62,1.846
246,396.8,194.0,267.0,19.62,1.846
246,396.8,193.6,267.0,19.62,1.846
246,396.8,193.1,267.0,19.62,1.846
246,396.8,192.6,267.0,19.62,1.846
246,396.8,192.1,267.0,19.62,1.846
246,396.8,194.6,267.0,19.62,1.846
246,396.8,194.1,267.0,19.62,1.846
246,396.8,193.6,267.0,19.62,1.846
246,396.8,193.1,267.0,19.62,1.846
246,396.8,192.7,267.0,19.62,1.846
246,396.8,192.2,267.0,19.62,1.846
246,396.8,194.6,267.0,19.62,1.846
246,396.8,194.2,267.0,19.62,1.846
246,396.8,193.7,267.0,19.62,1.846
246,396.8,193.2,267.0,19.62,1.846
246,396.8,192.7,267.0,19.62,1.846
246,396.8,192.2,267.0,19.62,1.846
246,396.8,194.7,267.0,19.62,1.846
246,396.8,194.2,267.0,19.62,1.846
246,396.8,193.7,267.0,19.62,1.846
246,396.8,193.2,267.0,19.62,1.846
246,396.8,192.8,267.0,19.62,1.846
246,396.8,192.3,267.0,19.62,1.846
246,396.8,191.8,267.0,19.30,1.846
246,396.8,191.3,267.0,19.30,1.734
246,396.8,190.8,267.0,19.30,1.734
246,396.8,190.3,267.0,19.30,1.734
246,396.8,192.8,267.0,19.62,1.734
246,396.8,192.3,267.0,19.62,1.846
246,396.8,191.9,267.0,19.30,1.846
246,396.8,191.4,267.0,19.30,1.734
246,396.8,190.9,267.0,19.30,1.734
246,396.8,190.4,267.0,19.30,1.734
246,396.8,192.9,267.0,19.62,1.734
246,396.8,192.4,267.0,19.62,1.846
246,396.8,191.9,267.0,19.30,1.846
246,396.8,191.4,267.0,19.30,1.734
246,396.8,190.9,267.0,19.30,1.734
246,396.8,190.5,267.0,19.30,1.734
246,396.8,192.9,267.0,19.62,1.734
246,396.8,192.4,267.0,19.62,1.846
246,396.8,192.0,267.0,19.30,1.846
246,396.8,191.5,267.0,19.30,1.734
246,396.8,191.0,267.0,19.30,1.734
246,396.8,190.5,267.0,19.30,1.734
246,396.8,193.0,267.0,19.62,1.734
246,396.8,192.5,267.0,19.62,1.846
246,396.8,192.0,267.0,19.62,1.846
246,396.8,194.5,267.0,19.62,1.846
246,396.8,194.0,267.0,19.62,1.846
246,396.8,193.5,267.0,19.62,1.846
246,396.8,193.0,267.0,19.62,1.846
246,396.8,192.6,267.0,19.62,1.846
246,396.8,192.1,267.0,19.62,1.846
246,396.8,194.5,267.0,19.62,1.846
246,396.8,194.0,267.0,19.62,1.846
246,396.8,193.6,267.0,19.62,1.846
246,396.8,193.1,267.0,19.62,1.846
246,396.8,192.6,267.0,19.62,1.846
252,365.0,212.7,265.1,18.55,0.804
252,371.6,210.0,264.8,18.55,0.893
252,376.6,206.8,267.0,19.60,0.893
252,381.6,203.6,267.0,19.11,1.261
252,384.5,203.0,267.0,19.51,1.261
252,387.4,202.5,267.0,19.51,1.704
252,390.4,202.0,267.0,19.51,1.704
252,393.3,201.5,267.0,19.51,1.704
252,396.2,201.0,267.0,19.62,1.704
252,396.2,200.5,267.0,19.62,1.846
252,396.2,200.0,267.0,19.62,1.846
252,396.2,199.5,267.0,19.62,1.846
252,396.2,199.0,267.0,19.62,1.846
252,396.2,198.6,267.0,19.62,1.846
252,396.2,198.1,267.0,19.62,1.846
252,396.2,197.6,267.0,19.62,1.846
252,396.2,197.1,267.0,19.62,1.846
252,396.2,196.6,267.0,19.62,1.846
252,396.2,196.2,267.0,19.62,1.846
252,396.2,195.7,267.0,19.62,1.846
252,396.2,195.2,267.0,19.62,1.846
252,396.2,194.7,267.0,19.62,1.846
252,396.2,194.2,267.0,19.62,1.846
252,396.2,193.7,267.0,19.62,1.846
252,396.2,193.3,267.0,19.62,1.846
252,396.2,192.8,267.0,19.62,1.846
252,396.2,192.3,267.0,19.62,1.846
252,396.2,191.8,267.0,19.30,1.846
252,396.2,191.3,267.0,19.30,1.734
252,396.2,190.9,267.0,19.30,1.734
252,396.2,190.4,267.0,19.30,1.734
252,396.2,192.8,267.0,19.62,1.734
252,396.2,192.3,267.0,19.62,1.846
252,396.2,191.9,267.0,19.30,1.846
252,396.2,191.4,267.0,19.30,1.734
252,396.2,190.9,267.0,19.30,1.734
252,396.2,190.4,267.0,19.30,1.734
252,396.2,192.9,267.0,19.62,1.734
252,396.2,192.4,267.0,19.62,1.846
252,396.2,191.9,267.0,19.30,1.846
252,396.2,191.4,267.0,19.30,1.734
252,396.2,190.9,267.0,19.30,1.734
252,396.2,190.5,267.0,19.30,1.734
252,396.2,192.9,267.0,19.62,1.734
252,396.2,192.5,267.0,19.62,1.846
252,396.2,192.0,267.0,19.30,1.846
252,396.2,191.5,267.0,19.30,1.734
252,396.2,191.0,267.0,19.30,1.734
252,396.2,190.5,267.0,19.30,1.734
252,396.2,193.0,267.0,19.62,1.734
252,396.2,192.5,267.0,19.62,1.846
252,396.2,192.0,267.0,19.62,1.846
252,396.2,194.5,267.0,19.62,1.846
252,396.2,194.0,267.0,19.62,1.846
252,396.2,193.5,267.0,19.62,1.846
252,396.2,193.0,267.0,19.62,1.846
252,396.2,192.6,267.0,19.62,1.846
252,396.2,192.1,267.0,19.62,1.846
252,396.2,194.5,267.0,19.62,1.846
252,396.2,194.1,267.0,19.62,1.846
252,396.2,193.6,267.0,19.62,1.846
252,396.2,193.1,267.0,19.62,1.846
252,396.2,192.6,267.0,19.62,1.846
252,396.2,192.1,267.0,19.62,1.846
252,396.2,194.6,267.0,19.62,1.846
252,396.2,194.1,267.0,19.62,1.846
252,396.2,193.6,267.0,19.62,1.846
252,396.2,193.2,267.0,19.62,1.846
252,396.2,192.7,267.0,19.62,1.846
252,396.2,192.2,267.0,19.62,1.846
252,396.2,194.6,267.0,19.62,1.846
252,396.2,194.2,267.0,19.62,1.846
252,396.2,193.7,267.0,19.62,1.846
252,396.2,193.2,267.0,19.62,1.846
252,396.2,192.7,267.0,19.62,1.846
252,396.2,192.2,267.0,19.62,1.846
252,396.2,194.7,267.0,19.62,1.846
252,396.2,194.2,267.0,19.62,1.846
252,396.2,193.7,267.0,19.62,1.846
252,396.2,193.2,267.0,19.62,1.846
252,396.2,192.8,267.0,19.62,1.846
252,396.2,192.3,267.0,19.62,1.846
252,396.2,191.8,267.0,19.30,1.846
252,396.2,191.3,267.0,19.30,1.734
252,396.2,190.8,267.0,19.30,1.734
252,396.2,190.4,267.0,19.30,1.734
252,396.2,192.8,267.0,19.62,1.734
252,396.2,192.3,267.0,19.62,1.846
252,396.2,191.9,267.0,19.30,1.846
252,396.2,191.4,267.0,19.30,1.734
252,396.2,190.9,267.0,19.30,1.734
252,396.2,190.4,267.0,19.30,1.734
252,396.2,192.9,267.0,19.62,1.734
252,396.2,192.4,267.0,19.62,1.846
252,396.2,191.9,267.0,19.30,1.846
252,396.2,191.4,267.0,19.30,1.734
252,396.2,190.9,267.0,19.30,1.734
252,396.2,190.5,267.0,19.30,1.734
252,396.2,192.9,267.0,19.62,1.734
252,396.2,192.5,267.0,19.62,1.846
252,396.2,192.0,267.0,19.30,1.846
252,396.2,191.5,267.0,19.30,1.734
252,396.2,191.0,267.0,19.30,1.734
252,396.2,190.5,267.0,19.30,1.734
252,396.2,193.0,267.0,19.62,1.734
252,396.2,192.5,267.0,19.62,1.846
252,396.2,192.0,267.0,19.62,1.846
252,396.2,194.5,267.0,19.62,1.846
252,396.2,194.0,267.0,19.62,1.846
252,396.2,193.5,267.0,19.62,1.846
252,396.2,193.0,267.0,19.62,1.846
252,396.2,192.6,267.0,19.62,1.846
252,396.2,192.1,267.0,19.62,1.846
252,396.2,194.5,267.0,19.62,1.846
252,396.2,194.0,267.0,19.62,1.846
252,396.2,193.6,267.0,19.62,1.846
252,396.2,193.1,267.0,19.62,1.846
252,396.2,192.6,267.0,19.62,1.846
252,396.2,192.1,267.0,19.62,1.846
252,396.2,194.6,267.0,19.62,1.846
252,396.2,194.1,267.0,19.62,1.846
252,396.2,193.6,267.0,19.62,1.846
252,396.2,193.1,267.0,19.62,1.846
252,396.2,192.7,267.0,19.62,1.846
252,396.2,192.2,267.0,19.62,1.846
252,396.2,194.6,267.0,19.62,1.846
252,396.2,194.2,267.0,19.62,1.846
252,396.2,193.7,267.0,19.62,1.846
252,396.2,193.2,267.0,19.62,1.846
252,396.2,192.7,267.0,19.62,1.846
252,396.2,192.2,267.0,19.62,1.846
252,396.2,194.7,267.0,19.62,1.846
252,396.2,194.2,267.0,19.62,1.846
252,396.2,193.7,267.0,19.62,1.846
252,396.2,193.2,267.0,19.62,1.846
252,396.2,192.8,267.0,19.62,1.846
252,396.2,192.3,267.0,19.62,1.846
252,396.2,191.8,267.0,19.30,1.846
252,396.2,191.3,267.0,19.30,1.734
252,396.2,190.8,267.0,19.30,1.734
252,396.2,190.3,267.0,19.30,1.734
252,396.2,192.8,267.0,19.62,1.734
252,396.2,192.3,267.0,19.62,1.846
252,396.2,191.9,267.0,19.30,1.846
252,396.2,191.4,267.0,19.30,1.734
252,396.2,190.9,267.0,19.30,1.734
252,396.2,190.4,267.0,19.30,1.734
252,396.2,192.9,267.0,19.62,1.734
252,396.2,192.4,267.0,19.62,1.846
252,396.2,191.9,267.0,19.30,1.846
252,396.2,191.4,267.0,19.30,1.734
252,396.2,190.9,267.0,19.30,1.734
252,396.2,190.5,267.0,19.30,1.734
252,396.2,192.9,267.0,19.62,1.734
252,396.2,192.4,267.0,19.62,1.846
252,396.2,192.0,267.0,19.30,1.846
252,396.2,191.5,267.0,19.30,1.734
252,396.2,191.0,267.0,19.30,1.734
252,396.2,190.5,267.0,19.30,1.734
252,396.2,193.0,267.0,19.62,1.734
258,382.0,165.8,258.1,19.21,1.187
258,383.9,169.8,251.3,20.52,1.024
258,385.2,174.3,250.2,19.64,0.601
258,386.5,178.8,249.2,19.64,0.601
258,388.7,180.3,253.7,19.60,0.601
258,391.4,182.5,263.1,19.60,1.253
258,394.3,184.9,267.0,19.55,1.253
258,397.2,187.3,267.0,19.30,1.625
258,397.2,189.8,267.0,19.30,1.734
258,397.2,192.2,267.0,19.62,1.734
258,397.2,194.7,267.0,19.62,1.846
258,397.2,194.2,267.0,19.62,1.846
258,397.2,193.7,267.0,19.62,1.846
258,397.2,193.2,267.0,19.62,1.846
258,397.2,192.8,267.0,19.62,1.846
258,397.2,192.3,267.0,19.62,1.846
258,397.2,191.8,267.0,19.30,1.846
258,397.2,191.3,267.0,19.30,1.734
258,397.2,190.8,267.0,19.30,1.734
258,397.2,190.4,267.0,19.30,1.734
258,397.2,192.8,267.0,19.62,1.734
258,397.2,192.3,267.0,19.62,1.846
258,397.2,191.9,267.0,19.30,1.846
258,397.2,191.4,267.0,19.30,1.734
258,397.2,190.9,267.0,19.30,1.734
258,397.2,190.4,267.0,19.30,1.734
258,397.2,192.9,267.0,19.62,1.734
258,397.2,192.4,267.0,19.62,1.846
258,397.2,191.9,267.0,19.30,1.846
258,397.2,191.4,267.0,19.30,1.734
258,397.2,190.9,267.0,19.30,1.734
258,397.2,190.5,267.0,19.30,1.734
258,397.2,192.9,267.0,19.62,1.734
258,397.2,192.5,267.0,19.62,1.846
258,397.2,192.0,267.0,19.30,1.846
258,397.2,191.5,267.0,19.30,1.734
258,397.2,191.0,267.0,19.30,1.734
258,397.2,190.5,267.0,19.30,1.734
258,397.2,193.0,267.0,19.62,1.734
258,397.2,192.5,267.0,19.62,1.846
258,397.2,192.0,267.0,19.62,1.846
258,397.2,194.5,267.0,19.62,1.846
258,397.2,194.0,267.0,19.62,1.846
258,397.2,193.5,267.0,19.62,1.846
258,397.2,193.0,267.0,19.62,1.846
258,397.2,192.6,267.0,19.62,1.846
258,397.2,192.1,267.0,19.62,1.846
258,397.2,194.5,267.0,19.62,1.846
258,397.2,194.0,267.0,19.62,1.846
258,397.2,193.6,267.0,19.62,1.846
258,397.2,193.1,267.0,19.62,1.846
258,397.2,192.6,267.0,19.62,1.846
258,397.2,192.1,267.0,19.62,1.846
258,397.2,194.6,267.0,19.62,1.846
258,397.2,194.1,267.0,19.62,1.846
258,397.2,193.6,267.0,19.62,1.846
258,397.2,193.1,267.0,19.62,1.846
258,397.2,192.7,267.0,19.62,1.846
258,397.2,192.2,267.0,19.62,1.846
258,397.2,194.6,267.0,19.62,1.846
258,397.2,194.2,267.0,19.62,1.846
258,397.2,193.7,267.0,19.62,1.846
258,397.2,193.2,267.0,19.62,1.846
258,397.2,192.7,267.0,19.62,1.846
258,397.2,192.2,267.0,19.62,1.846
258,397.2,194.7,267.0,19.62,1.846
258,397.2,194.2,267.0,19.62,1.846
258,397.2,193.7,267.0,19.62,1.846
258,397.2,193.2,267.0,19.62,1.846
258,397.2,192.8,267.0,19.62,1.846
258,397.2,192.3,267.0,19.62,1.846
258,397.2,191.8,267.0,19.30,1.846
258,397.2,191.3,267.0,19.30,1.734
258,397.2,190.8,267.0,19.30,1.734
258,397.2,190.3,267.0,19.30,1.734
258,397.2,192.8,267.0,19.62,1.734
258,397.2,192.3,267.0,19.62,1.846
258,397.2,191.9,267.0,19.30,1.846
258,397.2,191.4,267.0,19.30,1.734
258,397.2,190.9,267.0,19.30,1.734
258,397.2,190.4,267.0,19.30,1.734
258,397.2,192.9,267.0,19.62,1.734
258,397.2,192.4,267.0,19.62,1.846
258,397.2,191.9,267.0,19.30,1.846
258,397.2,191.4,267.0,19.30,1.734
258,397.2,190.9,267.0,19.30,1.734
258,397.2,190.5,267.0,19.30,1.734
258,397.2,192.9,267.0,19.62,1.734
258,397.2,192.4,267.0,19.62,1.846
258,397.2,192.0,267.0,19.30,1.846
258,397.2,191.5,267.0,19.30,1.734
258,397.2,191.0,267.0,19.30,1.734
258,397.2,190.5,267.0,19.30,1.734
258,397.2,193.0,267.0,19.62,1.734
258,397.2,192.5,267.0,19.62,1.846
258,397.2,192.0,267.0,19.62,1.846
258,397.2,194.5,267.0,19.62,1.846
258,397.2,194.0,267.0,19.62,1.846
258,397.2,193.5,267.0,19.62,1.846
258,397.2,193.0,267.0,19.62,1.846
258,397.2,192.5,267.0,19.62,1.846
258,397.2,192.1,267.0,19.62,1.846
258,397.2,194.5,267.0,19.62,1.846
258,397.2,194.0,267.0,19.62,1.846
258,397.2,193.6,267.0,19.62,1.846
258,397.2,193.1,267.0,19.62,1.846
258,397.2,192.6,267.0,19.62,1.846
258,397.2,192.1,267.0,19.62,1.846
258,397.2,194.6,267.0,19.62,1.846
258,397.2,194.1,267.0,19.62,1.846
258,397.2,193.6,267.0,19.62,1.846
258,397.2,193.1,267.0,19.62,1.846
258,397.2,192.7,267.0,19.62,1.846
258,397.2,192.2,267.0,19.62,1.846
258,397.2,194.6,267.0,19.62,1.846
258,397.2,194.2,267.0,19.62,1.846
258,397.2,193.7,267.0,19.62,1.846
258,397.2,193.2,267.0,19.62,1.846
258,397.2,192.7,267.0,19.62,1.846
258,397.2,192.2,267.0,19.62,1.846
258,397.2,194.7,267.0,19.62,1.846
258,397.2,194.2,267.0,19.62,1.846
258,397.2,193.7,267.0,19.62,1.846
258,397.2,193.2,267.0,19.62,1.846
258,397.2,192.8,267.0,19.62,1.846
258,397.2,192.3,267.0,19.62,1.846
258,397.2,191.8,267.0,19.30,1.846
258,397.2,191.3,267.0,19.30,1.734
258,397.2,190.8,267.0,19.30,1.734
258,397.2,190.3,267.0,19.30,1.734
258,397.2,192.8,267.0,19.62,1.734
258,397.2,192.3,267.0,19.62,1.846
258,397.2,191.8,267.0,19.30,1.846
258,397.2,191.4,267.0,19.30,1.734
258,397.2,190.9,267.0,19.30,1.734
258,397.2,190.4,267.0,19.30,1.734
258,397.2,192.9,267.0,19.62,1.734
258,397.2,192.4,267.0,19.62,1.846
258,397.2,191.9,267.0,19.30,1.846
258,397.2,191.4,267.0,19.30,1.734
258,397.2,190.9,267.0,19.30,1.734
258,397.2,190.5,267.0,19.30,1.734
258,397.2,192.9,267.0,19.62,1.734
258,397.2,192.4,267.0,19.62,1.846
258,397.2,191.9,267.0,19.30,1.846
258,397.2,191.5,267.0,19.30,1.734
258,397.2,191.0,267.0,19.30,1.734
258,397.2,190.5,267.0,19.30,1.734
258,397.2,193.0,267.0,19.62,1.734
258,397.2,192.5,267.0,19.62,1.846
258,397.2,192.0,267.0,19.62,1.846
258,397.2,194.5,267.0,19.62,1.846
258,397.2,194.0,267.0,19.62,1.846
258,397.2,193.5,267.0,19.62,1.846
258,397.2,193.0,267.0,19.62,1.846
258,397.2,192.5,267.0,19.62,1.846
258,397.2,192.1,267.0,19.62,1.846
258,397.2,194.5,267.0,19.62,1.846
258,397.2,194.0,267.0,19.62,1.846
258,397.2,193.6,267.0,19.62,1.846
264,400.7,228.5,264.3,18.42,0.846
264,400.7,223.3,267.0,19.10,0.846
264,400.7,218.1,267.0,19.10,1.246
264,400.7,214.8,267.0,19.53,1.246
264,400.7,211.5,267.0,19.53,1.684
264,400.7,208.3,267.0,19.53,1.684
264,400.7,205.0,267.0,19.53,1.684
264,400.7,204.5,267.0,19.53,1.684
264,400.7,204.0,267.0,19.53,1.684
264,400.7,203.6,267.0,19.62,1.684
264,400.7,203.1,267.0,19.62,1.846
264,400.7,202.6,267.0,19.62,1.846
264,400.7,202.1,267.0,19.62,1.846
264,400.7,201.6,267.0,19.62,1.846
264,400.7,201.1,267.0,19.62,1.846
264,400.7,200.7,267.0,19.62,1.846
264,400.7,200.2,267.0,19.62,1.846
264,400.7,199.7,267.0,19.62,1.846
264,400.7,199.2,267.0,19.62,1.846
264,400.7,198.7,267.0,19.62,1.846
264,400.7,198.3,267.0,19.62,1.846
264,400.7,197.8,267.0,19.62,1.846
264,400.7,197.3,267.0,19.62,1.846
264,400.7,196.8,267.0,19.62,1.846
264,400.7,196.3,267.0,19.62,1.846
264,400.7,195.8,267.0,19.62,1.846
264,400.7,195.4,267.0,19.62,1.846
264,400.7,194.9,267.0,19.62,1.846
264,400.7,194.4,267.0,19.62,1.846
264,400.7,193.9,267.0,19.62,1.846
264,400.7,193.4,267.0,19.62,1.846
264,400.7,192.9,267.0,19.62,1.846
264,400.7,192.5,267.0,19.62,1.846
264,400.7,192.0,267.0,19.30,1.846
264,400.7,191.5,267.0,19.30,1.734
264,400.7,191.0,267.0,19.30,1.734
264,400.7,190.5,267.0,19.30,1.734
264,400.7,193.0,267.0,19.62,1.734
264,400.7,192.5,267.0,19.62,1.846
264,400.7,192.0,267.0,19.62,1.846
264,400.7,194.5,267.0,19.62,1.846
264,400.7,194.0,267.0,19.62,1.846
264,400.7,193.5,267.0,19.62,1.846
264,400.7,193.1,267.0,19.62,1.846
264,400.7,192.6,267.0,19.62,1.846
264,400.7,192.1,267.0,19.62,1.846
264,400.7,194.6,267.0,19.62,1.846
264,400.7,194.1,267.0,19.62,1.846
264,400.7,193.6,267.0,19.62,1.846
264,400.7,193.1,267.0,19.62,1.846
264,400.7,192.6,267.0,19.62,1.846
264,400.7,192.1,267.0,19.62,1.846
264,400.7,194.6,267.0,19.62,1.846
264,400.7,194.1,267.0,19.62,1.846
264,400.7,193.6,267.0,19.62,1.846
264,400.7,193.2,267.0,19.62,1.846
264,400.7,192.7,267.0,19.62,1.846
264,400.7,192.2,267.0,19.62,1.846
264,400.7,194.7,267.0,19.62,1.846
264,400.7,194.2,267.0,19.62,1.846
264,400.7,193.7,267.0,19.62,1.846
264,400.7,193.2,267.0,19.62,1.846
264,400.7,192.7,267.0,19.62,1.846
264,400.7,192.2,267.0,19.62,1.846
264,400.7,191.8,267.0,19.30,1.846
264,400.7,191.3,267.0,19.30,1.734
264,400.7,190.8,267.0,19.30,1.734
264,400.7,190.3,267.0,19.30,1.734
264,400.7,192.8,267.0,19.62,1.734
264,400.7,192.3,267.0,19.62,1.846
264,400.7,191.8,267.0,19.30,1.846
264,400.7,191.3,267.0,19.30,1.734
264,400.7,190.9,267.0,19.30,1.734
264,400.7,190.4,267.0,19.30,1.734
264,400.7,192.8,267.0,19.62,1.734
264,400.7,192.3,267.0,19.62,1.846
264,400.7,191.9,267.0,19.30,1.846
264,400.7,191.4,267.0,19.30,1.734
264,400.7,190.9,267.0,19.30,1.734
264,400.7,190.4,267.0,19.30,1.734
264,400.7,192.9,267.0,19.62,1.734
264,400.7,192.4,267.0,19.62,1.846
264,400.7,191.9,267.0,19.30,1.846
264,400.7,191.4,267.0,19.30,1.734
264,400.7,191.0,267.0,19.30,1.734
264,400.7,190.5,267.0,19.30,1.734
264,400.7,192.9,267.0,19.62,1.734
264,400.7,192.5,267.0,19.62,1.846
264,400.7,192.0,267.0,19.30,1.846
264,400.7,191.5,267.0,19.30,1.734
264,400.7,191.0,267.0,19.30,1.734
264,400.7,190.5,267.0,19.30,1.734
264,400.7,193.0,267.0,19.62,1.734
264,400.7,192.5,267.0,19.62,1.846
264,400.7,192.0,267.0,19.62,1.846
264,400.7,194.5,267.0,19.62,1.846
264,400.7,194.0,267.0,19.62,1.846
264,400.7,193.5,267.0,19.62,1.846
264,400.7,193.1,267.0,19.62,1.846
264,400.7,192.6,267.0,19.62,1.846
264,400.7,192.1,267.0,19.62,1.846
264,400.7,194.6,267.0,19.62,1.846
264,400.7,194.1,267.0,19.62,1.846
264,400.7,193.6,267.0,19.62,1.846
264,400.7,193.1,267.0,19.62,1.846
264,400.7,192.6,267.0,19.62,1.846
264,400.7,192.1,267.0,19.62,1.846
264,400.7,194.6,267.0,19.62,1.846
264,400.7,194.1,267.0,19.62,1.846
264,400.7,193.6,267.0,19.62,1.846
264,400.7,193.2,267.0,19.62,1.846
264,400.7,192.7,267.0,19.62,1.846
264,400.7,192.2,267.0,19.62,1.846
264,400.7,194.6,267.0,19.62,1.846
264,400.7,194.2,267.0,19.62,1.846
264,400.7,193.7,267.0,19.62,1.846
264,400.7,193.2,267.0,19.62,1.846
264,400.7,192.7,267.0,19.62,1.846
264,400.7,192.2,267.0,19.62,1.846
264,400.7,191.8,267.0,19.30,1.846
264,400.7,191.3,267.0,19.30,1.734
264,400.7,190.8,267.0,19.30,1.734
264,400.7,190.3,267.0,19.30,1.734
264,400.7,192.8,267.0,19.62,1.734
264,400.7,192.3,267.0,19.62,1.846
264,400.7,191.8,267.0,19.30,1.846
264,400.7,191.3,267.0,19.30,1.734
264,400.7,190.9,267.0,19.30,1.734
264,400.7,190.4,267.0,19.30,1.734
264,400.7,192.8,267.0,19.62,1.734
264,400.7,192.3,267.0,19.62,1.846
264,400.7,191.9,267.0,19.30,1.846
264,400.7,191.4,267.0,19.30,1.734
264,400.7,190.9,267.0,19.30,1.734
264,400.7,190.4,267.0,19.30,1.734
264,400.7,192.9,267.0,19.62,1.734
264,400.7,192.4,267.0,19.62,1.846
264,400.7,191.9,267.0,19.30,1.846
264,400.7,191.4,267.0,19.30,1.734
264,400.7,190.9,267.0,19.30,1.734
264,400.7,190.5,267.0,19.30,1.734
264,400.7,192.9,267.0,19.62,1.734
264,400.7,192.5,267.0,19.62,1.846
264,400.7,192.0,267.0,19.30,1.846
264,400.7,191.5,267.0,19.30,1.734
264,400.7,191.0,267.0,19.30,1.734
264,400.7,190.5,267.0,19.30,1.734
264,400.7,193.0,267.0,19.62,1.734
264,400.7,192.5,267.0,19.62,1.846
264,400.7,192.0,267.0,19.62,1.846
264,400.7,194.5,267.0,19.62,1.846
264,400.7,194.0,267.0,19.62,1.846
264,400.7,193.5,267.0,19.62,1.846
264,400.7,193.0,267.0,19.62,1.846
264,400.7,192.6,267.0,19.62,1.846
264,400.7,192.1,267.0,19.62,1.846
264,400.7,194.5,267.0,19.62,1.846
264,400.7,194.1,267.0,19.62,1.846
264,400.7,193.6,267.0,19.62,1.846
264,400.7,193.1,267.0,19.62,1.846
270,390.5,225.1,267.0,19.52,0.894
270,393.4,219.9,267.0,19.52,1.247
270,396.2,214.6,267.0,19.53,1.247
270,396.2,211.4,267.0,19.53,1.684
270,396.2,208.1,267.0,19.53,1.684
270,396.2,204.8,267.0,19.53,1.684
270,396.2,204.4,267.0,19.53,1.684
270,396.2,203.9,267.0,19.62,1.684
270,396.2,203.4,267.0,19.62,1.846
270,396.2,202.9,267.0,19.62,1.846
270,396.2,202.4,267.0,19.62,1.846
270,396.2,201.9,267.0,19.62,1.846
270,396.2,201.5,267.0,19.62,1.846
270,396.2,201.0,267.0,19.62,1.846
270,396.2,200.5,267.0,19.62,1.846
270,396.2,200.0,267.0,19.62,1.846
270,396.2,199.5,267.0,19.62,1.846
270,396.2,199.0,267.0,19.62,1.846
270,396.2,198.6,267.0,19.62,1.846
270,396.2,198.1,267.0,19.62,1.846
270,396.2,197.6,267.0,19.62,1.846
270,396.2,197.1,267.0,19.62,1.846
270,396.2,196.6,267.0,19.62,1.846
270,396.2,196.2,267.0,19.62,1.846
270,396.2,195.7,267.0,19.62,1.846
270,396.2,195.2,267.0,19.62,1.846
270,396.2,194.7,267.0,19.62,1.846
270,396.2,194.2,267.0,19.62,1.846
270,396.2,193.7,267.0,19.62,1.846
270,396.2,193.3,267.0,19.62,1.846
270,396.2,192.8,267.0,19.62,1.846
270,396.2,192.3,267.0,19.62,1.846
270,396.2,191.8,267.0,19.30,1.846
270,396.2,191.3,267.0,19.30,1.734
270,396.2,190.9,267.0,19.30,1.734
270,396.2,190.4,267.0,19.30,1.734
270,396.2,192.8,267.0,19.62,1.734
270,396.2,192.3,267.0,19.62,1.846
270,396.2,191.9,267.0,19.30,1.846
270,396.2,191.4,267.0,19.30,1.734
270,396.2,190.9,267.0,19.30,1.734
270,396.2,190.4,267.0,19.30,1.734
270,396.2,192.9,267.0,19.62,1.734
270,396.2,192.4,267.0,19.62,1.846
270,396.2,191.9,267.0,19.30,1.846
270,396.2,191.4,267.0,19.30,1.734
270,396.2,191.0,267.0,19.30,1.734
270,396.2,190.5,267.0,19.30,1.734
270,396.2,192.9,267.0,19.62,1.734
270,396.2,192.5,267.0,19.62,1.846
270,396.2,192.0,267.0,19.30,1.846
270,396.2,191.5,267.0,19.30,1.734
270,396.2,191.0,267.0,19.30,1.734
270,396.2,190.5,267.0,19.30,1.734
270,396.2,193.0,267.0,19.62,1.734
270,396.2,192.5,267.0,19.62,1.846
270,396.2,192.0,267.0,19.62,1.846
270,396.2,194.5,267.0,19.62,1.846
270,396.2,194.0,267.0,19.62,1.846
270,396.2,193.5,267.0,19.62,1.846
270,396.2,193.0,267.0,19.62,1.846
270,396.2,192.6,267.0,19.62,1.846
270,396.2,192.1,267.0,19.62,1.846
270,396.2,194.5,267.0,19.62,1.846
270,396.2,194.1,267.0,19.62,1.846
270,396.2,193.6,267.0,19.62,1.846
270,396.2,193.1,267.0,19.62,1.846
270,396.2,192.6,267.0,19.62,1.846
270,396.2,192.1,267.0,19.62,1.846
270,396.2,194.6,267.0,19.62,1.846
270,396.2,194.1,267.0,19.62,1.846
270,396.2,193.6,267.0,19.62,1.846
270,396.2,193.2,267.0,19.62,1.846
270,396.2,192.7,267.0,19.62,1.846
270,396.2,192.2,267.0,19.62,1.846
270,396.2,194.6,267.0,19.62,1.846
270,396.2,194.2,267.0,19.62,1.846
270,396.2,193.7,267.0,19.62,1.846
270,396.2,193.2,267.0,19.62,1.846
270,396.2,192.7,267.0,19.62,1.846
270,396.2,192.2,267.0,19.62,1.846
270,396.2,194.7,267.0,19.62,1.846
270,396.2,194.2,267.0,19.62,1.846
270,396.2,193.7,267.0,19.62,1.846
270,396.2,193.3,267.0,19.62,1.846
270,396.2,192.8,267.0,19.62,1.846
270,396.2,192.3,267.0,19.62,1.846
270,396.2,191.8,267.0,19.30,1.846
270,396.2,191.3,267.0,19.30,1.734
270,396.2,190.8,267.0,19.30,1.734
270,396.2,190.4,267.0,19.30,1.734
270,396.2,192.8,267.0,19.62,1.734
270,396.2,192.3,267.0,19.62,1.846
270,396.2,191.9,267.0,19.30,1.846
270,396.2,191.4,267.0,19.30,1.734
270,396.2,190.9,267.0,19.30,1.734
270,396.2,190.4,267.0,19.30,1.734
270,396.2,192.9,267.0,19.62,1.734
270,396.2,192.4,267.0,19.62,1.846
270,396.2,191.9,267.0,19.30,1.846
270,396.2,191.4,267.0,19.30,1.734
270,396.2,190.9,267.0,19.30,1.734
270,396.2,190.5,267.0,19.30,1.734
270,396.2,192.9,267.0,19.62,1.734
270,396.2,192.5,267.0,19.62,1.846
270,396.2,192.0,267.0,19.30,1.846
270,396.2,191.5,267.0,19.30,1.734
270,396.2,191.0,267.0,19.30,1.734
270,396.2,190.5,267.0,19.30,1.734
270,396.2,193.0,267.0,19.62,1.734
270,396.2,192.5,267.0,19.62,1.846
270,396.2,192.0,267.0,19.62,1.846
270,396.2,194.5,267.0,19.62,1.846
270,396.2,194.0,267.0,19.62,1.846
270,396.2,193.5,267.0,19.62,1.846
270,396.2,193.0,267.0,19.62,1.846
270,396.2,192.6,267.0,19.62,1.846
270,396.2,192.1,267.0,19.62,1.846
270,396.2,194.5,267.0,19.62,1.846
270,396.2,194.0,267.0,19.62,1.846
270,396.2,193.6,267.0,19.62,1.846
270,396.2,193.1,267.0,19.62,1.846
270,396.2,192.6,267.0,19.62,1.846
270,396.2,192.1,267.0,19.62,1.846
270,396.2,194.6,267.0,19.62,1.846
270,396.2,194.1,267.0,19.62,1.846
270,396.2,193.6,267.0,19.62,1.846
270,396.2,193.1,267.0,19.62,1.846
270,396.2,192.7,267.0,19.62,1.846
270,396.2,192.2,267.0,19.62,1.846
270,396.2,194.6,267.0,19.62,1.846
270,396.2,194.2,267.0,19.62,1.846
270,396.2,193.7,267.0,19.62,1.846
270,396.2,193.2,267.0,19.62,1.846
270,396.2,192.7,267.0,19.62,1.846
270,396.2,192.2,267.0,19.62,1.846
270,396.2,194.7,267.0,19.62,1.846
270,396.2,194.2,267.0,19.62,1.846
270,396.2,193.7,267.0,19.62,1.846
270,396.2,193.2,267.0,19.62,1.846
270,396.2,192.8,267.0,19.62,1.846
270,396.2,192.3,267.0,19.62,1.846
270,396.2,191.8,267.0,19.30,1.846
270,396.2,191.3,267.0,19.30,1.734
270,396.2,190.8,267.0,19.30,1.734
270,396.2,190.3,267.0,19.30,1.734
270,396.2,192.8,267.0,19.62,1.734
270,396.2,192.3,267.0,19.62,1.846
270,396.2,191.9,267.0,19.30,1.846
270,396.2,191.4,267.0,19.30,1.734
270,396.2,190.9,267.0,19.30,1.734
270,396.2,190.4,267.0,19.30,1.734
270,396.2,192.9,267.0,19.62,1.734
270,396.2,192.4,267.0,19.62,1.846
270,396.2,191.9,267.0,19.30,1.846
270,396.2,191.4,267.0,19.30,1.734
270,396.2,190.9,267.0,19.30,1.734
270,396.2,190.5,267.0,19.30,1.734
270,396.2,192.9,267.0,19.62,1.734
270,396.2,192.4,267.0,19.62,1.846
276,440.2,229.7,262.5,22.00,0.487
276,436.4,227.1,260.0,19.21,0.643
276,432.1,225.1,253.3,19.21,1.036
276,428.1,222.7,252.8,20.30,1.036
276,422.5,218.9,252.9,20.30,0.849
276,420.1,213.8,258.9,19.44,0.849
276,417.4,210.8,267.0,19.64,0.817
276,414.6,207.6,267.0,19.64,1.591
276,411.7,204.3,267.0,19.64,1.591
276,408.8,203.8,267.0,19.51,1.591
276,408.8,203.4,267.0,19.51,1.704
276,408.8,202.9,267.0,19.51,1.704
276,408.8,202.4,267.0,19.51,1.704
276,408.8,201.9,267.0,19.51,1.704
276,408.8,201.4,267.0,19.51,1.704
276,408.8,200.9,267.0,19.51,1.704
276,408.8,200.5,267.0,19.51,1.704
276,408.8,200.0,267.0,19.51,1.704
276,408.8,199.5,267.0,19.51,1.704
276,408.8,199.0,267.0,19.51,1.704
276,408.8,198.5,267.0,19.51,1.704
276,408.8,198.0,267.0,19.51,1.704
276,408.8,197.6,267.0,19.51,1.704
276,408.8,197.1,267.0,19.51,1.704
276,408.8,196.6,267.0,19.51,1.704
276,408.8,196.1,267.0,19.51,1.704
276,408.8,195.6,267.0,19.51,1.704
276,408.8,195.2,267.0,19.51,1.704
276,408.8,194.7,267.0,19.51,1.704
276,408.8,194.2,267.0,19.51,1.704
276,408.8,193.7,267.0,19.51,1.704
276,408.8,193.2,267.0,19.51,1.704
276,408.8,192.7,267.0,19.51,1.704
276,408.8,192.2,267.0,19.51,1.704
276,408.8,194.7,267.0,19.51,1.704
276,408.8,194.2,267.0,19.51,1.704
276,408.8,193.8,267.0,19.51,1.704
276,408.8,193.3,267.0,19.51,1.704
276,408.8,192.8,267.0,19.51,1.704
276,408.8,192.3,267.0,19.51,1.704
276,408.8,191.8,267.0,19.55,1.704
276,408.8,191.3,267.0,19.55,1.625
276,408.8,190.9,267.0,19.55,1.625
276,408.8,190.4,267.0,19.55,1.625
276,408.8,192.8,267.0,19.51,1.625
276,408.8,192.4,267.0,19.51,1.704
276,408.8,191.9,267.0,19.55,1.704
276,408.8,191.4,267.0,19.55,1.625
276,408.8,190.9,267.0,19.55,1.625
276,408.8,190.4,267.0,19.55,1.625
276,408.8,192.9,267.0,19.51,1.625
276,408.8,192.4,267.0,19.51,1.704
276,408.8,191.9,267.0,19.55,1.704
276,408.8,191.5,267.0,19.55,1.625
276,408.8,191.0,267.0,19.55,1.625
276,408.8,190.5,267.0,19.55,1.625
276,408.8,192.9,267.0,19.51,1.625
276,408.8,192.5,267.0,19.51,1.704
276,408.8,192.0,267.0,19.55,1.704
276,408.8,191.5,267.0,19.55,1.625
276,408.8,191.0,267.0,19.55,1.625
276,408.8,190.5,267.0,19.55,1.625
276,408.8,193.0,267.0,19.51,1.625
276,408.8,192.5,267.0,19.51,1.704
276,408.8,192.0,267.0,19.51,1.704
276,408.8,194.5,267.0,19.51,1.704
276,408.8,194.0,267.0,19.51,1.704
276,408.8,193.5,267.0,19.51,1.704
276,408.8,193.1,267.0,19.51,1.704
276,408.8,192.6,267.0,19.51,1.704
276,408.8,192.1,267.0,19.51,1.704
276,408.8,194.6,267.0,19.51,1.704
276,408.8,194.1,267.0,19.51,1.704
276,408.8,193.6,267.0,19.51,1.704
276,408.8,193.1,267.0,19.51,1.704
276,408.8,192.6,267.0,19.51,1.704
276,408.8,192.1,267.0,19.51,1.704
276,408.8,194.6,267.0,19.51,1.704
276,408.8,194.1,267.0,19.51,1.704
276,408.8,193.6,267.0,19.51,1.704
276,408.8,193.2,267.0,19.51,1.704
276,408.8,192.7,267.0,19.51,1.704
276,408.8,192.2,267.0,19.51,1.704
276,408.8,194.7,267.0,19.51,1.704
276,408.8,194.2,267.0,19.51,1.704
276,408.8,193.7,267.0,19.51,1.704
276,408.8,193.2,267.0,19.51,1.704
276,408.8,192.7,267.0,19.51,1.704
276,408.8,192.2,267.0,19.51,1.704
276,408.8,194.7,267.0,19.51,1.704
276,408.8,194.2,267.0,19.51,1.704
276,408.8,193.8,267.0,19.51,1.704
276,408.8,193.3,267.0,19.51,1.704
276,408.8,192.8,267.0,19.51,1.704
276,408.8,192.3,267.0,19.51,1.704
276,408.8,191.8,267.0,19.55,1.704
276,408.8,191.3,267.0,19.55,1.625
276,408.8,190.9,267.0,19.55,1.625
276,408.8,190.4,267.0,19.55,1.625
276,408.8,192.8,267.0,19.51,1.625
276,408.8,192.3,267.0,19.51,1.704
276,408.8,191.9,267.0,19.55,1.704
276,408.8,191.4,267.0,19.55,1.625
276,408.8,190.9,267.0,19.55,1.625
276,408.8,190.4,267.0,19.55,1.625
276,408.8,192.9,267.0,19.51,1.625
276,408.8,192.4,267.0,19.51,1.704
276,408.8,191.9,267.0,19.55,1.704
276,408.8,191.4,267.0,19.55,1.625
276,408.8,191.0,267.0,19.55,1.625
276,408.8,190.5,267.0,19.55,1.625
276,408.8,192.9,267.0,19.51,1.625
276,408.8,192.5,267.0,19.51,1.704
276,408.8,192.0,267.0,19.55,1.704
276,408.8,191.5,267.0,19.55,1.625
276,408.8,191.0,267.0,19.55,1.625
276,408.8,190.5,267.0,19.55,1.625
276,408.8,193.0,267.0,19.51,1.625
276,408.8,192.5,267.0,19.51,1.704
276,408.8,192.0,267.0,19.51,1.704
276,408.8,194.5,267.0,19.51,1.704
276,408.8,194.0,267.0,19.51,1.704
276,408.8,193.5,267.0,19.51,1.704
276,408.8,193.1,267.0,19.51,1.704
276,408.8,192.6,267.0,19.51,1.704
276,408.8,192.1,267.0,19.51,1.704
276,408.8,194.6,267.0,19.51,1.704
276,408.8,194.1,267.0,19.51,1.704
276,408.8,193.6,267.0,19.51,1.704
276,408.8,193.1,267.0,19.51,1.704
276,408.8,192.6,267.0,19.51,1.704
276,408.8,192.1,267.0,19.51,1.704
276,408.8,194.6,267.0,19.51,1.704
276,408.8,194.1,267.0,19.51,1.704
276,408.8,193.6,267.0,19.51,1.704
276,408.8,193.2,267.0,19.51,1.704
276,408.8,192.7,267.0,19.51,1.704
276,408.8,192.2,267.0,19.51,1.704
276,408.8,194.6,267.0,19.51,1.704
276,408.8,194.2,267.0,19.51,1.704
276,408.8,193.7,267.0,19.51,1.704
276,408.8,193.2,267.0,19.51,1.704
276,408.8,192.7,267.0,19.51,1.704
276,408.8,192.2,267.0,19.51,1.704
276,408.8,194.7,267.0,19.51,1.704
276,408.8,194.2,267.0,19.51,1.704
276,408.8,193.7,267.0,19.51,1.704
276,408.8,193.3,267.0,19.51,1.704
276,408.8,192.8,267.0,19.51,1.704
276,408.8,192.3,267.0,19.51,1.704
276,408.8,191.8,267.0,19.55,1.704
276,408.8,191.3,267.0,19.55,1.625
276,408.8,190.9,267.0,19.55,1.625
276,408.8,190.4,267.0,19.55,1.625
276,408.8,192.8,267.0,19.51,1.625
276,408.8,192.3,267.0,19.51,1.704
276,408.8,191.9,267.0,19.55,1.704
276,408.8,191.4,267.0,19.55,1.625
276,408.8,190.9,267.0,19.55,1.625
276,408.8,190.4,267.0,19.55,1.625
282,418.1,176.3,264.9,18.99,0.990
282,415.5,182.7,264.8,19.55,0.859
282,412.6,185.1,267.0,19.55,1.625
282,409.7,187.5,267.0,19.55,1.625
282,406.8,189.9,267.0,19.30,1.625
282,406.8,192.4,267.0,19.62,1.734
282,406.8,191.9,267.0,19.30,1.846
282,406.8,191.4,267.0,19.30,1.734
282,406.8,190.9,267.0,19.30,1.734
282,406.8,190.5,267.0,19.30,1.734
282,406.8,192.9,267.0,19.62,1.734
282,406.8,192.5,267.0,19.62,1.846
282,406.8,192.0,267.0,19.30,1.846
282,406.8,191.5,267.0,19.30,1.734
282,406.8,191.0,267.0,19.30,1.734
282,406.8,190.5,267.0,19.30,1.734
282,406.8,193.0,267.0,19.62,1.734
282,406.8,192.5,267.0,19.62,1.846
282,406.8,192.0,267.0,19.62,1.846
282,406.8,194.5,267.0,19.62,1.846
282,406.8,194.0,267.0,19.62,1.846
282,406.8,193.5,267.0,19.62,1.846
282,406.8,193.0,267.0,19.62,1.846
282,406.8,192.6,267.0,19.62,1.846
282,406.8,192.1,267.0,19.62,1.846
282,406.8,194.5,267.0,19.62,1.846
282,406.8,194.1,267.0,19.62,1.846
282,406.8,193.6,267.0,19.62,1.846
282,406.8,193.1,267.0,19.62,1.846
282,406.8,192.6,267.0,19.62,1.846
282,406.8,192.1,267.0,19.62,1.846
282,406.8,194.6,267.0,19.62,1.846
282,406.8,194.1,267.0,19.62,1.846
282,406.8,193.6,267.0,19.62,1.846
282,406.8,193.2,267.0,19.62,1.846
282,406.8,192.7,267.0,19.62,1.846
282,406.8,192.2,267.0,19.62,1.846
282,406.8,194.6,267.0,19.62,1.846
282,406.8,194.2,267.0,19.62,1.846
282,406.8,193.7,267.0,19.62,1.846
282,406.8,193.2,267.0,19.62,1.846
282,406.8,192.7,267.0,19.62,1.846
282,406.8,192.2,267.0,19.62,1.846
282,406.8,194.7,267.0,19.62,1.846
282,406.8,194.2,267.0,19.62,1.846
282,406.8,193.7,267.0,19.62,1.846
282,406.8,193.2,267.0,19.62,1.846
282,406.8,192.8,267.0,19.62,1.846
282,406.8,192.3,267.0,19.62,1.846
282,406.8,191.8,267.0,19.30,1.846
282,406.8,191.3,267.0,19.30,1.734
282,406.8,190.8,267.0,19.30,1.734
282,406.8,190.4,267.0,19.30,1.734
282,406.8,192.8,267.0,19.62,1.734
282,406.8,192.3,267.0,19.62,1.846
282,406.8,191.9,267.0,19.30,1.846
282,406.8,191.4,267.0,19.30,1.734
282,406.8,190.9,267.0,19.30,1.734
282,406.8,190.4,267.0,19.30,1.734
282,406.8,192.9,267.0,19.62,1.734
282,406.8,192.4,267.0,19.62,1.846
282,406.8,191.9,267.0,19.30,1.846
282,406.8,191.4,267.0,19.30,1.734
282,406.8,190.9,267.0,19.30,1.734
282,406.8,190.5,267.0,19.30,1.734
282,406.8,192.9,267.0,19.62,1.734
282,406.8,192.5,267.0,19.62,1.846
282,406.8,192.0,267.0,19.30,1.846
282,406.8,191.5,267.0,19.30,1.734
282,406.8,191.0,267.0,19.30,1.734
282,406.8,190.5,267.0,19.30,1.734
282,406.8,193.0,267.0,19.62,1.734
282,406.8,192.5,267.0,19.62,1.846
282,406.8,192.0,267.0,19.62,1.846
282,406.8,194.5,267.0,19.62,1.846
282,406.8,194.0,267.0,19.62,1.846
282,406.8,193.5,267.0,19.62,1.846
282,406.8,193.0,267.0,19.62,1.846
282,406.8,192.6,267.0,19.62,1.846
282,406.8,192.1,267.0,19.62,1.846
282,406.8,194.5,267.0,19.62,1.846
282,406.8,194.0,267.0,19.62,1.846
282,406.8,193.6,267.0,19.62,1.846
282,406.8,193.1,267.0,19.62,1.846
282,406.8,192.6,267.0,19.62,1.846
282,406.8,192.1,267.0,19.62,1.846
282,406.8,194.6,267.0,19.62,1.846
282,406.8,194.1,267.0,19.62,1.846
282,406.8,193.6,267.0,19.62,1.846
282,406.8,193.1,267.0,19.62,1.846
282,406.8,192.7,267.0,19.62,1.846
282,406.8,192.2,267.0,19.62,1.846
282,406.8,194.6,267.0,19.62,1.846
282,406.8,194.2,267.0,19.62,1.846
282,406.8,193.7,267.0,19.62,1.846
282,406.8,193.2,267.0,19.62,1.846
282,406.8,192.7,267.0,19.62,1.846
282,406.8,192.2,267.0,19.62,1.846
282,406.8,194.7,267.0,19.62,1.846
282,406.8,194.2,267.0,19.62,1.846
282,406.8,193.7,267.0,19.62,1.846
282,406.8,193.2,267.0,19.62,1.846
282,406.8,192.8,267.0,19.62,1.846
282,406.8,192.3,267.0,19.62,1.846
282,406.8,191.8,267.0,19.30,1.846
282,406.8,191.3,267.0,19.30,1.734
282,406.8,190.8,267.0,19.30,1.734
282,406.8,190.3,267.0,19.30,1.734
282,406.8,192.8,267.0,19.62,1.734
282,406.8,192.3,267.0,19.62,1.846
282,406.8,191.9,267.0,19.30,1.846
282,406.8,191.4,267.0,19.30,1.734
282,406.8,190.9,267.0,19.30,1.734
282,406.8,190.4,267.0,19.30,1.734
282,406.8,192.9,267.0,19.62,1.734
282,406.8,192.4,267.0,19.62,1.846
282,406.8,191.9,267.0,19.30,1.846
282,406.8,191.4,267.0,19.30,1.734
282,406.8,190.9,267.0,19.30,1.734
282,406.8,190.5,267.0,19.30,1.734
282,406.8,192.9,267.0,19.62,1.734
282,406.8,192.4,267.0,19.62,1.846
282,406.8,192.0,267.0,19.30,1.846
282,406.8,191.5,267.0,19.30,1.734
282,406.8,191.0,267.0,19.30,1.734
282,406.8,190.5,267.0,19.30,1.734
282,406.8,193.0,267.0,19.62,1.734
282,406.8,192.5,267.0,19.62,1.846
282,406.8,192.0,267.0,19.62,1.846
282,406.8,194.5,267.0,19.62,1.846
282,406.8,194.0,267.0,19.62,1.846
282,406.8,193.5,267.0,19.62,1.846
282,406.8,193.0,267.0,19.62,1.846
282,406.8,192.6,267.0,19.62,1.846
282,406.8,192.1,267.0,19.62,1.846
282,406.8,194.5,267.0,19.62,1.846
282,406.8,194.0,267.0,19.62,1.846
282,406.8,193.6,267.0,19.62,1.846
282,406.8,193.1,267.0,19.62,1.846
282,406.8,192.6,267.0,19.62,1.846
282,406.8,192.1,267.0,19.62,1.846
282,406.8,194.6,267.0,19.62,1.846
282,406.8,194.1,267.0,19.62,1.846
282,406.8,193.6,267.0,19.62,1.846
282,406.8,193.1,267.0,19.62,1.846
282,406.8,192.7,267.0,19.62,1.846
282,406.8,192.2,267.0,19.62,1.846
282,406.8,194.6,267.0,19.62,1.846
282,406.8,194.2,267.0,19.62,1.846
282,406.8,193.7,267.0,19.62,1.846
282,406.8,193.2,267.0,19.62,1.846
282,406.8,192.7,267.0,19.62,1.846
282,406.8,192.2,267.0,19.62,1.846
282,406.8,194.7,267.0,19.62,1.846
282,406.8,194.2,267.0,19.62,1.846
282,406.8,193.7,267.0,19.62,1.846
282,406.8,193.2,267.0,19.62,1.846
282,406.8,192.8,267.0,19.62,1.846
282,406.8,192.3,267.0,19.62,1.846
282,406.8,191.8,267.0,19.30,1.846
288,358.1,201.4,260.1,21.47,0.835
288,361.3,200.8,255.2,18.56,0.734
288,367.6,200.4,254.7,18.56,0.793
288,373.9,199.9,254.1,19.22,0.793
288,378.9,199.4,260.5,19.22,1.014
288,383.8,198.9,267.0,19.11,1.014
288,386.7,198.4,267.0,19.51,1.261
288,389.6,197.8,267.0,19.51,1.704
288,392.5,197.3,267.0,19.51,1.704
288,395.4,196.8,267.0,19.51,1.704
288,395.4,196.3,267.0,19.51,1.704
288,395.4,195.8,267.0,19.51,1.704
288,395.4,195.4,267.0,19.51,1.704
288,395.4,194.9,267.0,19.51,1.704
288,395.4,194.4,267.0,19.51,1.704
288,395.4,193.9,267.0,19.51,1.704
288,395.4,193.4,267.0,19.51,1.704
288,395.4,193.0,267.0,19.51,1.704
288,395.4,192.5,267.0,19.51,1.704
288,395.4,192.0,267.0,19.51,1.704
288,395.4,191.5,267.0,19.55,1.625
288,395.4,191.0,267.0,19.55,1.625
288,395.4,190.6,267.0,19.55,1.625
288,395.4,193.0,267.0,19.51,1.625
288,395.4,192.5,267.0,19.51,1.704
288,395.4,192.1,267.0,19.51,1.704
288,395.4,194.5,267.0,19.51,1.704
288,395.4,194.0,267.0,19.51,1.704
288,395.4,193.6,267.0,19.51,1.704
288,395.4,193.1,267.0,19.51,1.704
288,395.4,192.6,267.0,19.51,1.704
288,395.4,192.1,267.0,19.51,1.704
288,395.4,194.6,267.0,19.51,1.704
288,395.4,194.1,267.0,19.51,1.704
288,395.4,193.6,267.0,19.51,1.704
288,395.4,193.1,267.0,19.51,1.704
288,395.4,192.6,267.0,19.51,1.704
288,395.4,192.2,267.0,19.51,1.704
288,395.4,194.6,267.0,19.51,1.704
288,395.4,194.1,267.0,19.51,1.704
288,395.4,193.7,267.0,19.51,1.704
288,395.4,193.2,267.0,19.51,1.704
288,395.4,192.7,267.0,19.51,1.704
288,395.4,192.2,267.0,19.51,1.704
288,395.4,194.7,267.0,19.51,1.704
288,395.4,194.2,267.0,19.51,1.704
288,395.4,193.7,267.0,19.51,1.704
288,395.4,193.2,267.0,19.51,1.704
288,395.4,192.7,267.0,19.51,1.704
288,395.4,192.3,267.0,19.51,1.704
288,395.4,191.8,267.0,19.55,1.704
288,395.4,191.3,267.0,19.55,1.625
288,395.4,190.8,267.0,19.55,1.625
288,395.4,190.3,267.0,19.55,1.625
288,395.4,192.8,267.0,19.51,1.625
288,395.4,192.3,267.0,19.51,1.704
288,395.4,191.8,267.0,19.55,1.704
288,395.4,191.3,267.0,19.55,1.625
288,395.4,190.9,267.0,19.55,1.625
288,395.4,190.4,267.0,19.55,1.625
288,395.4,192.9,267.0,19.51,1.625
288,395.4,192.4,267.0,19.51,1.704
288,395.4,191.9,267.0,19.55,1.704
288,395.4,191.4,267.0,19.55,1.625
288,395.4,190.9,267.0,19.55,1.625
288,395.4,190.4,267.0,19.55,1.625
288,395.4,192.9,267.0,19.51,1.625
288,395.4,192.4,267.0,19.51,1.704
288,395.4,191.9,267.0,19.55,1.704
288,395.4,191.5,267.0,19.55,1.625
288,395.4,191.0,267.0,19.55,1.625
288,395.4,190.5,267.0,19.55,1.625
288,395.4,192.9,267.0,19.51,1.625
288,395.4,192.5,267.0,19.51,1.704
288,395.4,192.0,267.0,19.55,1.704
288,395.4,191.5,267.0,19.55,1.625
288,395.4,191.0,267.0,19.55,1.625
288,395.4,190.5,267.0,19.55,1.625
288,395.4,193.0,267.0,19.51,1.625
288,395.4,192.5,267.0,19.51,1.704
288,395.4,192.0,267.0,19.51,1.704
288,395.4,194.5,267.0,19.51,1.704
288,395.4,194.0,267.0,19.51,1.704
288,395.4,193.5,267.0,19.51,1.704
288,395.4,193.1,267.0,19.51,1.704
288,395.4,192.6,267.0,19.51,1.704
288,395.4,192.1,267.0,19.51,1.704
288,395.4,194.6,267.0,19.51,1.704
288,395.4,194.1,267.0,19.51,1.704
288,395.4,193.6,267.0,19.51,1.704
288,395.4,193.1,267.0,19.51,1.704
288,395.4,192.6,267.0,19.51,1.704
288,395.4,192.2,267.0,19.51,1.704
288,395.4,194.6,267.0,19.51,1.704
288,395.4,194.1,267.0,19.51,1.704
288,395.4,193.7,267.0,19.51,1.704
288,395.4,193.2,267.0,19.51,1.704
288,395.4,192.7,267.0,19.51,1.704
288,395.4,192.2,267.0,19.51,1.704
288,395.4,194.7,267.0,19.51,1.704
288,395.4,194.2,267.0,19.51,1.704
288,395.4,193.7,267.0,19.51,1.704
288,395.4,193.2,267.0,19.51,1.704
288,395.4,192.7,267.0,19.51,1.704
288,395.4,192.2,267.0,19.51,1.704
288,395.4,194.7,267.0,19.51,1.704
288,395.4,194.2,267.0,19.51,1.704
288,395.4,193.8,267.0,19.51,1.704
288,395.4,193.3,267.0,19.51,1.704
288,395.4,192.8,267.0,19.51,1.704
288,395.4,192.3,267.0,19.51,1.704
288,395.4,191.8,267.0,19.55,1.704
288,395.4,191.3,267.0,19.55,1.625
288,395.4,190.9,267.0,19.55,1.625
288,395.4,190.4,267.0,19.55,1.625
288,395.4,192.8,267.0,19.51,1.625
288,395.4,192.4,267.0,19.51,1.704
288,395.4,191.9,267.0,19.55,1.704
288,395.4,191.4,267.0,19.55,1.625
288,395.4,190.9,267.0,19.55,1.625
288,395.4,190.4,267.0,19.55,1.625
288,395.4,192.9,267.0,19.51,1.625
288,395.4,192.4,267.0,19.51,1.704
288,395.4,191.9,267.0,19.55,1.704
288,395.4,191.5,267.0,19.55,1.625
288,395.4,191.0,267.0,19.55,1.625
288,395.4,190.5,267.0,19.55,1.625
288,395.4,192.9,267.0,19.51,1.625
288,395.4,192.5,267.0,19.51,1.704
288,395.4,192.0,267.0,19.55,1.704
288,395.4,191.5,267.0,19.55,1.625
288,395.4,191.0,267.0,19.55,1.625
288,395.4,190.5,267.0,19.55,1.625
288,395.4,193.0,267.0,19.51,1.625
288,395.4,192.5,267.0,19.51,1.704
288,395.4,192.0,267.0,19.51,1.704
288,395.4,194.5,267.0,19.51,1.704
288,395.4,194.0,267.0,19.51,1.704
288,395.4,193.5,267.0,19.51,1.704
288,395.4,193.1,267.0,19.51,1.704
288,395.4,192.6,267.0,19.51,1.704
288,395.4,192.1,267.0,19.51,1.704
288,395.4,194.6,267.0,19.51,1.704
288,395.4,194.1,267.0,19.51,1.704
288,395.4,193.6,267.0,19.51,1.704
288,395.4,193.1,267.0,19.51,1.704
288,395.4,192.6,267.0,19.51,1.704
288,395.4,192.1,267.0,19.51,1.704
288,395.4,194.6,267.0,19.51,1.704
288,395.4,194.1,267.0,19.51,1.704
288,395.4,193.6,267.0,19.51,1.704
288,395.4,193.2,267.0,19.51,1.704
288,395.4,192.7,267.0,19.51,1.704
288,395.4,192.2,267.0,19.51,1.704
288,395.4,194.7,267.0,19.51,1.704
288,395.4,194.2,267.0,19.51,1.704
288,395.4,193.7,267.0,19.51,1.704
288,395.4,193.2,267.0,19.51,1.704
288,395.4,192.7,267.0,19.51,1.704
288,395.4,192.2,267.0,19.51,1.704
294,407.4,173.6,264.9,18.43,1.273
294,407.4,180.0,264.6,19.30,0.803
294,407.4,182.5,267.0,19.30,1.734
294,407.4,184.9,267.0,19.30,1.734
294,407.4,187.4,267.0,19.30,1.734
294,407.4,189.9,267.0,19.30,1.734
294,407.4,192.3,267.0,19.62,1.734
294,407.4,191.9,267.0,19.30,1.846
294,407.4,191.4,267.0,19.30,1.734
294,407.4,190.9,267.0,19.30,1.734
294,407.4,190.4,267.0,19.30,1.734
294,407.4,192.9,267.0,19.62,1.734
294,407.4,192.4,267.0,19.62,1.846
294,407.4,191.9,267.0,19.30,1.846
294,407.4,191.4,267.0,19.30,1.734
294,407.4,190.9,267.0,19.30,1.734
294,407.4,190.5,267.0,19.30,1.734
294,407.4,192.9,267.0,19.62,1.734
294,407.4,192.4,267.0,19.62,1.846
294,407.4,191.9,267.0,19.30,1.846
294,407.4,191.5,267.0,19.30,1.734
294,407.4,191.0,267.0,19.30,1.734
294,407.4,190.5,267.0,19.30,1.734
294,407.4,193.0,267.0,19.62,1.734
294,407.4,192.5,267.0,19.62,1.846
294,407.4,192.0,267.0,19.62,1.846
294,407.4,194.5,267.0,19.62,1.846
294,407.4,194.0,267.0,19.62,1.846
294,407.4,193.5,267.0,19.62,1.846
294,407.4,193.0,267.0,19.62,1.846
294,407.4,192.5,267.0,19.62,1.846
294,407.4,192.1,267.0,19.62,1.846
294,407.4,194.5,267.0,19.62,1.846
294,407.4,194.0,267.0,19.62,1.846
294,407.4,193.6,267.0,19.62,1.846
294,407.4,193.1,267.0,19.62,1.846
294,407.4,192.6,267.0,19.62,1.846
294,407.4,192.1,267.0,19.62,1.846
294,407.4,194.6,267.0,19.62,1.846
294,407.4,194.1,267.0,19.62,1.846
294,407.4,193.6,267.0,19.62,1.846
294,407.4,193.1,267.0,19.62,1.846
294,407.4,192.7,267.0,19.62,1.846
294,407.4,192.2,267.0,19.62,1.846
294,407.4,194.6,267.0,19.62,1.846
294,407.4,194.2,267.0,19.62,1.846
294,407.4,193.7,267.0,19.62,1.846
294,407.4,193.2,267.0,19.62,1.846
294,407.4,192.7,267.0,19.62,1.846
294,407.4,192.2,267.0,19.62,1.846
294,407.4,194.7,267.0,19.62,1.846
294,407.4,194.2,267.0,19.62,1.846
294,407.4,193.7,267.0,19.62,1.846
294,407.4,193.2,267.0,19.62,1.846
294,407.4,192.8,267.0,19.62,1.846
294,407.4,192.3,267.0,19.62,1.846
294,407.4,191.8,267.0,19.30,1.846
294,407.4,191.3,267.0,19.30,1.734
294,407.4,190.8,267.0,19.30,1.734
294,407.4,190.3,267.0,19.30,1.734
294,407.4,192.8,267.0,19.62,1.734
294,407.4,192.3,267.0,19.62,1.846
294,407.4,191.8,267.0,19.30,1.846
294,407.4,191.4,267.0,19.30,1.734
294,407.4,190.9,267.0,19.30,1.734
294,407.4,190.4,267.0,19.30,1.734
294,407.4,192.9,267.0,19.62,1.734
294,407.4,192.4,267.0,19.62,1.846
294,407.4,191.9,267.0,19.30,1.846
294,407.4,191.4,267.0,19.30,1.734
294,407.4,190.9,267.0,19.30,1.734
294,407.4,190.5,267.0,19.30,1.734
294,407.4,192.9,267.0,19.62,1.734
294,407.4,192.4,267.0,19.62,1.846
294,407.4,191.9,267.0,19.30,1.846
294,407.4,191.5,267.0,19.30,1.734
294,407.4,191.0,267.0,19.30,1.734
294,407.4,190.5,267.0,19.30,1.734
294,407.4,193.0,267.0,19.62,1.734
294,407.4,192.5,267.0,19.62,1.846
294,407.4,192.0,267.0,19.62,1.846
294,407.4,191.5,267.0,19.30,1.734
294,407.4,191.0,267.0,19.30,1.734
294,407.4,190.6,267.0,19.30,1.734
294,407.4,193.0,267.0,19.62,1.734
294,407.4,192.5,267.0,19.62,1.846
294,407.4,192.1,267.0,19.62,1.846
294,407.4,194.5,267.0,19.62,1.846
294,407.4,194.0,267.0,19.62,1.846
294,407.4,193.6,267.0,19.62,1.846
294,407.4,193.1,267.0,19.62,1.846
294,407.4,192.6,267.0,19.62,1.846
294,407.4,192.1,267.0,19.62,1.846
294,407.4,194.6,267.0,19.62,1.846
294,407.4,194.1,267.0,19.62,1.846
294,407.4,193.6,267.0,19.62,1.846
294,407.4,193.1,267.0,19.62,1.846
294,407.4,192.6,267.0,19.62,1.846
294,407.4,192.2,267.0,19.62,1.846
294,407.4,194.6,267.0,19.62,1.846
294,407.4,194.1,267.0,19.62,1.846
294,407.4,193.7,267.0,19.62,1.846
294,407.4,193.2,267.0,19.62,1.846
294,407.4,192.7,267.0,19.62,1.846
294,407.4,192.2,267.0,19.62,1.846
294,407.4,194.7,267.0,19.62,1.846
294,407.4,194.2,267.0,19.62,1.846
294,407.4,193.7,267.0,19.62,1.846
294,407.4,193.2,267.0,19.62,1.846
294,407.4,192.8,267.0,19.62,1.846
294,407.4,192.3,267.0,19.62,1.846
294,407.4,191.8,267.0,19.30,1.846
294,407.4,191.3,267.0,19.30,1.734
294,407.4,190.8,267.0,19.30,1.734
294,407.4,190.3,267.0,19.30,1.734
294,407.4,192.8,267.0,19.62,1.734
294,407.4,192.3,267.0,19.62,1.846
294,407.4,191.8,267.0,19.30,1.846
294,407.4,191.3,267.0,19.30,1.734
294,407.4,190.9,267.0,19.30,1.734
294,407.4,190.4,267.0,19.30,1.734
294,407.4,192.9,267.0,19.62,1.734
294,407.4,192.4,267.0,19.62,1.846
294,407.4,191.9,267.0,19.30,1.846
294,407.4,191.4,267.0,19.30,1.734
294,407.4,190.9,267.0,19.30,1.734
294,407.4,190.4,267.0,19.30,1.734
294,407.4,192.9,267.0,19.62,1.734
294,407.4,192.4,267.0,19.62,1.846
294,407.4,191.9,267.0,19.30,1.846
294,407.4,191.5,267.0,19.30,1.734
294,407.4,191.0,267.0,19.30,1.734
294,407.4,190.5,267.0,19.30,1.734
294,407.4,193.0,267.0,19.62,1.734
294,407.4,192.5,267.0,19.62,1.846
294,407.4,192.0,267.0,19.30,1.846
294,407.4,191.5,267.0,19.30,1.734
294,407.4,191.0,267.0,19.30,1.734
294,407.4,190.5,267.0,19.30,1.734
294,407.4,193.0,267.0,19.62,1.734
294,407.4,192.5,267.0,19.62,1.846
294,407.4,192.0,267.0,19.62,1.846
294,407.4,194.5,267.0,19.62,1.846
294,407.4,194.0,267.0,19.62,1.846
294,407.4,193.5,267.0,19.62,1.846
294,407.4,193.1,267.0,19.62,1.846
294,407.4,192.6,267.0,19.62,1.846
294,407.4,192.1,267.0,19.62,1.846
294,407.4,194.6,267.0,19.62,1.846
294,407.4,194.1,267.0,19.62,1.846
294,407.4,193.6,267.0,19.62,1.846
294,407.4,193.1,267.0,19.62,1.846
294,407.4,192.6,267.0,19.62,1.846
294,407.4,192.2,267.0,19.62,1.846
294,407.4,194.6,267.0,19.62,1.846
294,407.4,194.1,267.0,19.62,1.846
294,407.4,193.7,267.0,19.62,1.846
294,407.4,193.2,267.0,19.62,1.846
294,407.4,192.7,267.0,19.62,1.846
294,407.4,192.2,267.0,19.62,1.846
300,426.7,186.5,264.5,19.66,1.290
300,420.1,188.4,264.1,19.66,0.861
300,417.4,190.6,267.0,19.55,0.861
300,414.5,193.0,267.0,19.51,1.625
300,411.6,192.5,267.0,19.51,1.704
300,408.7,191.9,267.0,19.55,1.704
300,408.7,191.5,267.0,19.55,1.625
300,408.7,191.0,267.0,19.55,1.625
300,408.7,190.5,267.0,19.55,1.625
300,408.7,192.9,267.0,19.51,1.625
300,408.7,192.5,267.0,19.51,1.704
300,408.7,192.0,267.0,19.55,1.704
300,408.7,191.5,267.0,19.55,1.625
300,408.7,191.0,267.0,19.55,1.625
300,408.7,190.5,267.0,19.55,1.625
300,408.7,193.0,267.0,19.51,1.625
300,408.7,192.5,267.0,19.51,1.704
300,408.7,192.0,267.0,19.51,1.704
300,408.7,194.5,267.0,19.51,1.704
300,408.7,194.0,267.0,19.51,1.704
300,408.7,193.5,267.0,19.51,1.704
300,408.7,193.1,267.0,19.51,1.704
300,408.7,192.6,267.0,19.51,1.704
300,408.7,192.1,267.0,19.51,1.704
300,408.7,194.6,267.0,19.51,1.704
300,408.7,194.1,267.0,19.51,1.704
300,408.7,193.6,267.0,19.51,1.704
300,408.7,193.1,267.0,19.51,1.704
300,408.7,192.6,267.0,19.51,1.704
300,408.7,192.2,267.0,19.51,1.704
300,408.7,194.6,267.0,19.51,1.704
300,408.7,194.1,267.0,19.51,1.704
300,408.7,193.7,267.0,19.51,1.704
300,408.7,193.2,267.0,19.51,1.704
300,408.7,192.7,267.0,19.51,1.704
300,408.7,192.2,267.0,19.51,1.704
300,408.7,194.7,267.0,19.51,1.704
300,408.7,194.2,267.0,19.51,1.704
300,408.7,193.7,267.0,19.51,1.704
300,408.7,193.2,267.0,19.51,1.704
300,408.7,192.7,267.0,19.51,1.704
300,408.7,192.2,267.0,19.51,1.704
300,408.7,194.7,267.0,19.51,1.704
300,408.7,194.2,267.0,19.51,1.704
300,408.7,193.8,267.0,19.51,1.704
300,408.7,193.3,267.0,19.51,1.704
300,408.7,192.8,267.0,19.51,1.704
300,408.7,192.3,267.0,19.51,1.704
300,408.7,191.8,267.0,19.55,1.704
300,408.7,191.3,267.0,19.55,1.625
300,408.7,190.9,267.0,19.55,1.625
300,408.7,190.4,267.0,19.55,1.625
300,408.7,192.8,267.0,19.51,1.625
300,408.7,192.4,267.0,19.51,1.704
300,408.7,191.9,267.0,19.55,1.704
300,408.7,191.4,267.0,19.55,1.625
300,408.7,190.9,267.0,19.55,1.625
300,408.7,190.4,267.0,19.55,1.625
300,408.7,192.9,267.0,19.51,1.625
300,408.7,192.4,267.0,19.51,1.704
300,408.7,191.9,267.0,19.55,1.704
300,408.7,191.4,267.0,19.55,1.625
300,408.7,191.0,267.0,19.55,1.625
300,408.7,190.5,267.0,19.55,1.625
300,408.7,192.9,267.0,19.51,1.625
300,408.7,192.5,267.0,19.51,1.704
300,408.7,192.0,267.0,19.55,1.704
300,408.7,191.5,267.0,19.55,1.625
300,408.7,191.0,267.0,19.55,1.625
300,408.7,190.5,267.0,19.55,1.625
300,408.7,193.0,267.0,19.51,1.625
300,408.7,192.5,267.0,19.51,1.704
300,408.7,192.0,267.0,19.51,1.704
300,408.7,194.5,267.0,19.51,1.704
300,408.7,194.0,267.0,19.51,1.704
300,408.7,193.5,267.0,19.51,1.704
300,408.7,193.1,267.0,19.51,1.704
300,408.7,192.6,267.0,19.51,1.704
300,408.7,192.1,267.0,19.51,1.704
300,408.7,194.6,267.0,19.51,1.704
300,408.7,194.1,267.0,19.51,1.704
300,408.7,193.6,267.0,19.51,1.704
300,408.7,193.1,267.0,19.51,1.704
300,408.7,192.6,267.0,19.51,1.704
300,408.7,192.1,267.0,19.51,1.704
300,408.7,194.6,267.0,19.51,1.704
300,408.7,194.1,267.0,19.51,1.704
300,408.7,193.6,267.0,19.51,1.704
300,408.7,193.2,267.0,19.51,1.704
300,408.7,192.7,267.0,19.51,1.704
300,408.7,192.2,267.0,19.51,1.704
300,408.7,194.7,267.0,19.51,1.704
300,408.7,194.2,267.0,19.51,1.704
300,408.7,193.7,267.0,19.51,1.704
300,408.7,193.2,267.0,19.51,1.704
300,408.7,192.7,267.0,19.51,1.704
300,408.7,192.2,267.0,19.51,1.704
300,408.7,194.7,267.0,19.51,1.704
300,408.7,194.2,267.0,19.51,1.704
300,408.7,193.7,267.0,19.51,1.704
300,408.7,193.3,267.0,19.51,1.704
300,408.7,192.8,267.0,19.51,1.704
300,408.7,192.3,267.0,19.51,1.704
300,408.7,191.8,267.0,19.55,1.704
300,408.7,191.3,267.0,19.55,1.625
300,408.7,190.9,267.0,19.55,1.625
300,408.7,190.4,267.0,19.55,1.625
300,408.7,192.8,267.0,19.51,1.625
300,408.7,192.3,267.0,19.51,1.704
300,408.7,191.9,267.0,19.55,1.704
300,408.7,191.4,267.0,19.55,1.625
300,408.7,190.9,267.0,19.55,1.625
300,408.7,190.4,267.0,19.55,1.625
300,408.7,192.9,267.0,19.51,1.625
300,408.7,192.4,267.0,19.51,1.704
300,408.7,191.9,267.0,19.55,1.704
300,408.7,191.4,267.0,19.55,1.625
300,408.7,191.0,267.0,19.55,1.625
300,408.7,190.5,267.0,19.55,1.625
300,408.7,192.9,267.0,19.51,1.625
300,408.7,192.5,267.0,19.51,1.704
300,408.7,192.0,267.0,19.55,1.704
300,408.7,191.5,267.0,19.55,1.625
300,408.7,191.0,267.0,19.55,1.625
300,408.7,190.5,267.0,19.55,1.625
300,408.7,193.0,267.0,19.51,1.625
300,408.7,192.5,267.0,19.51,1.704
300,408.7,192.0,267.0,19.51,1.704
300,408.7,194.5,267.0,19.51,1.704
300,408.7,194.0,267.0,19.51,1.704
300,408.7,193.5,267.0,19.51,1.704
300,408.7,193.0,267.0,19.51,1.704
300,408.7,192.6,267.0,19.51,1.704
300,408.7,192.1,267.0,19.51,1.704
300,408.7,194.5,267.0,19.51,1.704
300,408.7,194.1,267.0,19.51,1.704
300,408.7,193.6,267.0,19.51,1.704
300,408.7,193.1,267.0,19.51,1.704
300,408.7,192.6,267.0,19.51,1.704
300,408.7,192.1,267.0,19.51,1.704
300,408.7,194.6,267.0,19.51,1.704
300,408.7,194.1,267.0,19.51,1.704
300,408.7,193.6,267.0,19.51,1.704
300,408.7,193.2,267.0,19.51,1.704
300,408.7,192.7,267.0,19.51,1.704
300,408.7,192.2,267.0,19.51,1.704
300,408.7,194.6,267.0,19.51,1.704
300,408.7,194.2,267.0,19.51,1.704
300,408.7,193.7,267.0,19.51,1.704
300,408.7,193.2,267.0,19.51,1.704
300,408.7,192.7,267.0,19.51,1.704
300,408.7,192.2,267.0,19.51,1.704
300,408.7,194.7,267.0,19.51,1.704
300,408.7,194.2,267.0,19.51,1.704
300,408.7,193.7,267.0,19.51,1.704
300,408.7,193.2,267.0,19.51,1.704
300,408.7,192.8,267.0,19.51,1.704
300,408.7,192.3,267.0,19.51,1.704
300,408.7,191.8,267.0,19.55,1.704
300,408.7,191.3,267.0,19.55,1.625
306,433.0,181.9,257.6,18.86,1.290
306,426.8,183.4,257.1,19.73,1.120
306,420.6,184.8,256.6,19.73,0.799
306,417.9,187.0,266.0,19.55,0.799
306,415.0,189.4,267.0,19.55,1.625
306,412.2,191.8,267.0,19.55,1.625
306,409.2,191.3,267.0,19.55,1.625
306,409.2,190.8,267.0,19.55,1.625
306,409.2,190.3,267.0,19.55,1.625
306,409.2,192.8,267.0,19.51,1.625
306,409.2,192.3,267.0,19.51,1.704
306,409.2,191.8,267.0,19.55,1.704
306,409.2,191.3,267.0,19.55,1.625
306,409.2,190.9,267.0,19.55,1.625
306,409.2,190.4,267.0,19.55,1.625
306,409.2,192.9,267.0,19.51,1.625
306,409.2,192.4,267.0,19.51,1.704
306,409.2,191.9,267.0,19.55,1.704
306,409.2,191.4,267.0,19.55,1.625
306,409.2,190.9,267.0,19.55,1.625
306,409.2,190.4,267.0,19.55,1.625
306,409.2,192.9,267.0,19.51,1.625
306,409.2,192.4,267.0,19.51,1.704
306,409.2,191.9,267.0,19.55,1.704
306,409.2,191.5,267.0,19.55,1.625
306,409.2,191.0,267.0,19.55,1.625
306,409.2,190.5,267.0,19.55,1.625
306,409.2,193.0,267.0,19.51,1.625
306,409.2,192.5,267.0,19.51,1.704
306,409.2,192.0,267.0,19.55,1.704
306,409.2,191.5,267.0,19.55,1.625
306,409.2,191.0,267.0,19.55,1.625
306,409.2,190.6,267.0,19.55,1.625
306,409.2,193.0,267.0,19.51,1.625
306,409.2,192.5,267.0,19.51,1.704
306,409.2,192.1,267.0,19.51,1.704
306,409.2,194.5,267.0,19.51,1.704
306,409.2,194.0,267.0,19.51,1.704
306,409.2,193.6,267.0,19.51,1.704
306,409.2,193.1,267.0,19.51,1.704
306,409.2,192.6,267.0,19.51,1.704
306,409.2,192.1,267.0,19.51,1.704
306,409.2,194.6,267.0,19.51,1.704
306,409.2,194.1,267.0,19.51,1.704
306,409.2,193.6,267.0,19.51,1.704
306,409.2,193.1,267.0,19.51,1.704
306,409.2,192.6,267.0,19.51,1.704
306,409.2,192.2,267.0,19.51,1.704
306,409.2,194.6,267.0,19.51,1.704
306,409.2,194.1,267.0,19.51,1.704
306,409.2,193.7,267.0,19.51,1.704
306,409.2,193.2,267.0,19.51,1.704
306,409.2,192.7,267.0,19.51,1.704
306,409.2,192.2,267.0,19.51,1.704
306,409.2,194.7,267.0,19.51,1.704
306,409.2,194.2,267.0,19.51,1.704
306,409.2,193.7,267.0,19.51,1.704
306,409.2,193.2,267.0,19.51,1.704
306,409.2,192.7,267.0,19.51,1.704
306,409.2,192.3,267.0,19.51,1.704
306,409.2,194.7,267.0,19.51,1.704
306,409.2,194.2,267.0,19.51,1.704
306,409.2,193.8,267.0,19.51,1.704
306,409.2,193.3,267.0,19.51,1.704
306,409.2,192.8,267.0,19.51,1.704
306,409.2,192.3,267.0,19.51,1.704
306,409.2,191.8,267.0,19.55,1.704
306,409.2,191.3,267.0,19.55,1.625
306,409.2,190.9,267.0,19.55,1.625
306,409.2,190.4,267.0,19.55,1.625
306,409.2,192.9,267.0,19.51,1.625
306,409.2,192.4,267.0,19.51,1.704
306,409.2,191.9,267.0,19.55,1.704
306,409.2,191.4,267.0,19.55,1.625
306,409.2,190.9,267.0,19.55,1.625
306,409.2,190.4,267.0,19.55,1.625
306,409.2,192.9,267.0,19.51,1.625
306,409.2,192.4,267.0,19.51,1.704
306,409.2,191.9,267.0,19.55,1.704
306,409.2,191.5,267.0,19.55,1.625
306,409.2,191.0,267.0,19.55,1.625
306,409.2,190.5,267.0,19.55,1.625
306,409.2,192.9,267.0,19.51,1.625
306,409.2,192.5,267.0,19.51,1.704
306,409.2,192.0,267.0,19.55,1.704
306,409.2,191.5,267.0,19.55,1.625
306,409.2,191.0,267.0,19.55,1.625
306,409.2,190.5,267.0,19.55,1.625
306,409.2,193.0,267.0,19.51,1.625
306,409.2,192.5,267.0,19.51,1.704
306,409.2,192.0,267.0,19.51,1.704
306,409.2,194.5,267.0,19.51,1.704
306,409.2,194.0,267.0,19.51,1.704
306,409.2,193.5,267.0,19.51,1.704
306,409.2,193.1,267.0,19.51,1.704
306,409.2,192.6,267.0,19.51,1.704
306,409.2,192.1,267.0,19.51,1.704
306,409.2,194.6,267.0,19.51,1.704
306,409.2,194.1,267.0,19.51,1.704
306,409.2,193.6,267.0,19.51,1.704
306,409.2,193.1,267.0,19.51,1.704
306,409.2,192.6,267.0,19.51,1.704
306,409.2,192.1,267.0,19.51,1.704
306,409.2,194.6,267.0,19.51,1.704
306,409.2,194.1,267.0,19.51,1.704
306,409.2,193.6,267.0,19.51,1.704
306,409.2,193.2,267.0,19.51,1.704
306,409.2,192.7,267.0,19.51,1.704
306,409.2,192.2,267.0,19.51,1.704
306,409.2,194.7,267.0,19.51,1.704
306,409.2,194.2,267.0,19.51,1.704
306,409.2,193.7,267.0,19.51,1.704
306,409.2,193.2,267.0,19.51,1.704
306,409.2,192.7,267.0,19.51,1.704
306,409.2,192.2,267.0,19.51,1.704
306,409.2,194.7,267.0,19.51,1.704
306,409.2,194.2,267.0,19.51,1.704
306,409.2,193.8,267.0,19.51,1.704
306,409.2,193.3,267.0,19.51,1.704
306,409.2,192.8,267.0,19.51,1.704
306,409.2,192.3,267.0,19.51,1.704
306,409.2,191.8,267.0,19.55,1.704
306,409.2,191.3,267.0,19.55,1.625
306,409.2,190.9,267.0,19.55,1.625
306,409.2,190.4,267.0,19.55,1.625
306,409.2,192.8,267.0,19.51,1.625
306,409.2,192.4,267.0,19.51,1.704
306,409.2,191.9,267.0,19.55,1.704
306,409.2,191.4,267.0,19.55,1.625
306,409.2,190.9,267.0,19.55,1.625
306,409.2,190.4,267.0,19.55,1.625
306,409.2,192.9,267.0,19.51,1.625
306,409.2,192.4,267.0,19.51,1.704
306,409.2,191.9,267.0,19.55,1.704
306,409.2,191.4,267.0,19.55,1.625
306,409.2,191.0,267.0,19.55,1.625
306,409.2,190.5,267.0,19.55,1.625
306,409.2,192.9,267.0,19.51,1.625
306,409.2,192.5,267.0,19.51,1.704
306,409.2,192.0,267.0,19.55,1.704
306,409.2,191.5,267.0,19.55,1.625
306,409.2,191.0,267.0,19.55,1.625
306,409.2,190.5,267.0,19.55,1.625
306,409.2,193.0,267.0,19.51,1.625
306,409.2,192.5,267.0,19.51,1.704
306,409.2,192.0,267.0,19.51,1.704
306,409.2,194.5,267.0,19.51,1.704
306,409.2,194.0,267.0,19.51,1.704
306,409.2,193.5,267.0,19.51,1.704
306,409.2,193.1,267.0,19.51,1.704
306,409.2,192.6,267.0,19.51,1.704
306,409.2,192.1,267.0,19.51,1.704
306,409.2,194.6,267.0,19.51,1.704
306,409.2,194.1,267.0,19.51,1.704
306,409.2,193.6,267.0,19.51,1.704
306,409.2,193.1,267.0,19.51,1.704
306,409.2,192.6,267.0,19.51,1.704
306,409.2,192.1,267.0,19.51,1.704
306,409.2,194.6,267.0,19.51,1.704
306,409.2,194.1,267.0,19.51,1.704
312,428.7,165.9,261.7,20.65,0.560
312,426.0,169.3,259.1,21.12,0.626
312,421.2,173.4,259.0,21.12,0.788
312,419.1,179.2,258.9,19.14,0.788
312,416.4,181.3,267.0,19.55,0.773
312,413.5,183.8,267.0,19.55,1.625
312,410.6,186.2,267.0,19.55,1.625
312,407.7,188.6,267.0,19.30,1.625
312,407.7,191.0,267.0,19.30,1.734
312,407.7,190.6,267.0,19.30,1.734
312,407.7,193.0,267.0,19.62,1.734
312,407.7,192.5,267.0,19.62,1.846
312,407.7,192.1,267.0,19.62,1.846
312,407.7,194.5,267.0,19.62,1.846
312,407.7,194.0,267.0,19.62,1.846
312,407.7,193.6,267.0,19.62,1.846
312,407.7,193.1,267.0,19.62,1.846
312,407.7,192.6,267.0,19.62,1.846
312,407.7,192.1,267.0,19.62,1.846
312,407.7,194.6,267.0,19.62,1.846
312,407.7,194.1,267.0,19.62,1.846
312,407.7,193.6,267.0,19.62,1.846
312,407.7,193.1,267.0,19.62,1.846
312,407.7,192.6,267.0,19.62,1.846
312,407.7,192.2,267.0,19.62,1.846
312,407.7,194.6,267.0,19.62,1.846
312,407.7,194.1,267.0,19.62,1.846
312,407.7,193.7,267.0,19.62,1.846
312,407.7,193.2,267.0,19.62,1.846
312,407.7,192.7,267.0,19.62,1.846
312,407.7,192.2,267.0,19.62,1.846
312,407.7,194.7,267.0,19.62,1.846
312,407.7,194.2,267.0,19.62,1.846
312,407.7,193.7,267.0,19.62,1.846
312,407.7,193.2,267.0,19.62,1.846
312,407.7,192.8,267.0,19.62,1.846
312,407.7,192.3,267.0,19.62,1.846
312,407.7,191.8,267.0,19.30,1.846
312,407.7,191.3,267.0,19.30,1.734
312,407.7,190.8,267.0,19.30,1.734
312,407.7,190.3,267.0,19.30,1.734
312,407.7,192.8,267.0,19.62,1.734
312,407.7,192.3,267.0,19.62,1.846
312,407.7,191.8,267.0,19.30,1.846
312,407.7,191.3,267.0,19.30,1.734
312,407.7,190.9,267.0,19.30,1.734
312,407.7,190.4,267.0,19.30,1.734
312,407.7,192.9,267.0,19.62,1.734
312,407.7,192.4,267.0,19.62,1.846
312,407.7,191.9,267.0,19.30,1.846
312,407.7,191.4,267.0,19.30,1.734
312,407.7,190.9,267.0,19.30,1.734
312,407.7,190.4,267.0,19.30,1.734
312,407.7,192.9,267.0,19.62,1.734
312,407.7,192.4,267.0,19.62,1.846
312,407.7,191.9,267.0,19.30,1.846
312,407.7,191.5,267.0,19.30,1.734
312,407.7,191.0,267.0,19.30,1.734
312,407.7,190.5,267.0,19.30,1.734
312,407.7,193.0,267.0,19.62,1.734
312,407.7,192.5,267.0,19.62,1.846
312,407.7,192.0,267.0,19.30,1.846
312,407.7,191.5,267.0,19.30,1.734
312,407.7,191.0,267.0,19.30,1.734
312,407.7,190.6,267.0,19.30,1.734
312,407.7,193.0,267.0,19.62,1.734
312,407.7,192.5,267.0,19.62,1.846
312,407.7,192.1,267.0,19.62,1.846
312,407.7,194.5,267.0,19.62,1.846
312,407.7,194.0,267.0,19.62,1.846
312,407.7,193.6,267.0,19.62,1.846
312,407.7,193.1,267.0,19.62,1.846
312,407.7,192.6,267.0,19.62,1.846
312,407.7,192.1,267.0,19.62,1.846
312,407.7,194.6,267.0,19.62,1.846
312,407.7,194.1,267.0,19.62,1.846
312,407.7,193.6,267.0,19.62,1.846
312,407.7,193.1,267.0,19.62,1.846
312,407.7,192.6,267.0,19.62,1.846
312,407.7,192.2,267.0,19.62,1.846
312,407.7,194.6,267.0,19.62,1.846
312,407.7,194.1,267.0,19.62,1.846
312,407.7,193.7,267.0,19.62,1.846
312,407.7,193.2,267.0,19.62,1.846
312,407.7,192.7,267.0,19.62,1.846
312,407.7,192.2,267.0,19.62,1.846
312,407.7,194.7,267.0,19.62,1.846
312,407.7,194.2,267.0,19.62,1.846
312,407.7,193.7,267.0,19.62,1.846
312,407.7,193.2,267.0,19.62,1.846
312,407.7,192.7,267.0,19.62,1.846
312,407.7,192.3,267.0,19.62,1.846
312,407.7,191.8,267.0,19.30,1.846
312,407.7,191.3,267.0,19.30,1.734
312,407.7,190.8,267.0,19.30,1.734
312,407.7,190.3,267.0,19.30,1.734
312,407.7,192.8,267.0,19.62,1.734
312,407.7,192.3,267.0,19.62,1.846
312,407.7,191.8,267.0,19.30,1.846
312,407.7,191.3,267.0,19.30,1.734
312,407.7,190.9,267.0,19.30,1.734
312,407.7,190.4,267.0,19.30,1.734
312,407.7,192.9,267.0,19.62,1.734
312,407.7,192.4,267.0,19.62,1.846
312,407.7,191.9,267.0,19.30,1.846
312,407.7,191.4,267.0,19.30,1.734
312,407.7,190.9,267.0,19.30,1.734
312,407.7,190.4,267.0,19.30,1.734
312,407.7,192.9,267.0,19.62,1.734
312,407.7,192.4,267.0,19.62,1.846
312,407.7,191.9,267.0,19.30,1.846
312,407.7,191.5,267.0,19.30,1.734
312,407.7,191.0,267.0,19.30,1.734
312,407.7,190.5,267.0,19.30,1.734
312,407.7,192.9,267.0,19.62,1.734
312,407.7,192.5,267.0,19.62,1.846
312,407.7,192.0,267.0,19.30,1.846
312,407.7,191.5,267.0,19.30,1.734
312,407.7,191.0,267.0,19.30,1.734
312,407.7,190.5,267.0,19.30,1.734
312,407.7,193.0,267.0,19.62,1.734
312,407.7,192.5,267.0,19.62,1.846
312,407.7,192.0,267.0,19.62,1.846
312,407.7,194.5,267.0,19.62,1.846
312,407.7,194.0,267.0,19.62,1.846
312,407.7,193.5,267.0,19.62,1.846
312,407.7,193.1,267.0,19.62,1.846
312,407.7,192.6,267.0,19.62,1.846
312,407.7,192.1,267.0,19.62,1.846
312,407.7,194.6,267.0,19.62,1.846
312,407.7,194.1,267.0,19.62,1.846
312,407.7,193.6,267.0,19.62,1.846
312,407.7,193.1,267.0,19.62,1.846
312,407.7,192.6,267.0,19.62,1.846
312,407.7,192.1,267.0,19.62,1.846
312,407.7,194.6,267.0,19.62,1.846
312,407.7,194.1,267.0,19.62,1.846
312,407.7,193.6,267.0,19.62,1.846
312,407.7,193.2,267.0,19.62,1.846
312,407.7,192.7,267.0,19.62,1.846
312,407.7,192.2,267.0,19.62,1.846
312,407.7,194.7,267.0,19.62,1.846
312,407.7,194.2,267.0,19.62,1.846
312,407.7,193.7,267.0,19.62,1.846
312,407.7,193.2,267.0,19.62,1.846
312,407.7,192.7,267.0,19.62,1.846
312,407.7,192.2,267.0,19.62,1.846
312,407.7,191.8,267.0,19.30,1.846
312,407.7,191.3,267.0,19.30,1.734
312,407.7,190.8,267.0,19.30,1.734
312,407.7,190.3,267.0,19.30,1.734
312,407.7,192.8,267.0,19.62,1.734
312,407.7,192.3,267.0,19.62,1.846
312,407.7,191.8,267.0,19.30,1.846
312,407.7,191.3,267.0,19.30,1.734
312,407.7,190.9,267.0,19.30,1.734
312,407.7,190.4,267.0,19.30,1.734
312,407.7,192.8,267.0,19.62,1.734
312,407.7,192.4,267.0,19.62,1.846
312,407.7,191.9,267.0,19.30,1.846
318,373.7,228.2,264.8,20.20,1.016
318,378.8,223.0,267.0,20.22,0.996
318,383.8,217.8,267.0,20.22,1.169
318,386.7,214.5,267.0,19.64,1.169
318,389.6,211.3,267.0,19.64,1.591
318,392.4,208.0,267.0,19.64,1.591
318,395.3,204.8,267.0,19.64,1.591
318,395.3,204.3,267.0,19.64,1.591
318,395.3,203.8,267.0,19.51,1.591
318,395.3,203.3,267.0,19.51,1.704
318,395.3,202.9,267.0,19.51,1.704
318,395.3,202.4,267.0,19.51,1.704
318,395.3,201.9,267.0,19.51,1.704
318,395.3,201.4,267.0,19.51,1.704
318,395.3,200.9,267.0,19.51,1.704
318,395.3,200.5,267.0,19.51,1.704
318,395.3,200.0,267.0,19.51,1.704
318,395.3,199.5,267.0,19.51,1.704
318,395.3,199.0,267.0,19.51,1.704
318,395.3,198.5,267.0,19.51,1.704
318,395.3,198.0,267.0,19.51,1.704
318,395.3,197.6,267.0,19.51,1.704
318,395.3,197.1,267.0,19.51,1.704
318,395.3,196.6,267.0,19.51,1.704
318,395.3,196.1,267.0,19.51,1.704
318,395.3,195.6,267.0,19.51,1.704
318,395.3,195.1,267.0,19.51,1.704
318,395.3,194.7,267.0,19.51,1.704
318,395.3,194.2,267.0,19.51,1.704
318,395.3,193.7,267.0,19.51,1.704
318,395.3,193.2,267.0,19.51,1.704
318,395.3,192.7,267.0,19.51,1.704
318,395.3,192.2,267.0,19.51,1.704
318,395.3,194.7,267.0,19.51,1.704
318,395.3,194.2,267.0,19.51,1.704
318,395.3,193.8,267.0,19.51,1.704
318,395.3,193.3,267.0,19.51,1.704
318,395.3,192.8,267.0,19.51,1.704
318,395.3,192.3,267.0,19.51,1.704
318,395.3,191.8,267.0,19.55,1.704
318,395.3,191.3,267.0,19.55,1.625
318,395.3,190.9,267.0,19.55,1.625
318,395.3,190.4,267.0,19.55,1.625
318,395.3,192.8,267.0,19.51,1.625
318,395.3,192.3,267.0,19.51,1.704
318,395.3,191.9,267.0,19.55,1.704
318,395.3,191.4,267.0,19.55,1.625
318,395.3,190.9,267.0,19.55,1.625
318,395.3,190.4,267.0,19.55,1.625
318,395.3,192.9,267.0,19.51,1.625
318,395.3,192.4,267.0,19.51,1.704
318,395.3,191.9,267.0,19.55,1.704
318,395.3,191.4,267.0,19.55,1.625
318,395.3,191.0,267.0,19.55,1.625
318,395.3,190.5,267.0,19.55,1.625
318,395.3,192.9,267.0,19.51,1.625
318,395.3,192.5,267.0,19.51,1.704
318,395.3,192.0,267.0,19.55,1.704
318,395.3,191.5,267.0,19.55,1.625
318,395.3,191.0,267.0,19.55,1.625
318,395.3,190.5,267.0,19.55,1.625
318,395.3,193.0,267.0,19.51,1.625
318,395.3,192.5,267.0,19.51,1.704
318,395.3,192.0,267.0,19.51,1.704
318,395.3,194.5,267.0,19.51,1.704
318,395.3,194.0,267.0,19.51,1.704
318,395.3,193.5,267.0,19.51,1.704
318,395.3,193.1,267.0,19.51,1.704
318,395.3,192.6,267.0,19.51,1.704
318,395.3,192.1,267.0,19.51,1.704
318,395.3,194.6,267.0,19.51,1.704
318,395.3,194.1,267.0,19.51,1.704
318,395.3,193.6,267.0,19.51,1.704
318,395.3,193.1,267.0,19.51,1.704
318,395.3,192.6,267.0,19.51,1.704
318,395.3,192.1,267.0,19.51,1.704
318,395.3,194.6,267.0,19.51,1.704
318,395.3,194.1,267.0,19.51,1.704
318,395.3,193.6,267.0,19.51,1.704
318,395.3,193.2,267.0,19.51,1.704
318,395.3,192.7,267.0,19.51,1.704
318,395.3,192.2,267.0,19.51,1.704
318,395.3,194.6,267.0,19.51,1.704
318,395.3,194.2,267.0,19.51,1.704
318,395.3,193.7,267.0,19.51,1.704
318,395.3,193.2,267.0,19.51,1.704
318,395.3,192.7,267.0,19.51,1.704
318,395.3,192.2,267.0,19.51,1.704
318,395.3,194.7,267.0,19.51,1.704
318,395.3,194.2,267.0,19.51,1.704
318,395.3,193.7,267.0,19.51,1.704
318,395.3,193.3,267.0,19.51,1.704
318,395.3,192.8,267.0,19.51,1.704
318,395.3,192.3,267.0,19.51,1.704
318,395.3,191.8,267.0,19.55,1.704
318,395.3,191.3,267.0,19.55,1.625
318,395.3,190.9,267.0,19.55,1.625
318,395.3,190.4,267.0,19.55,1.625
318,395.3,192.8,267.0,19.51,1.625
318,395.3,192.3,267.0,19.51,1.704
318,395.3,191.9,267.0,19.55,1.704
318,395.3,191.4,267.0,19.55,1.625
318,395.3,190.9,267.0,19.55,1.625
318,395.3,190.4,267.0,19.55,1.625
318,395.3,192.9,267.0,19.51,1.625
318,395.3,192.4,267.0,19.51,1.704
318,395.3,191.9,267.0,19.55,1.704
318,395.3,191.4,267.0,19.55,1.625
318,395.3,190.9,267.0,19.55,1.625
318,395.3,190.5,267.0,19.55,1.625
318,395.3,192.9,267.0,19.51,1.625
318,395.3,192.5,267.0,19.51,1.704
318,395.3,192.0,267.0,19.55,1.704
318,395.3,191.5,267.0,19.55,1.625
318,395.3,191.0,267.0,19.55,1.625
318,395.3,190.5,267.0,19.55,1.625
318,395.3,193.0,267.0,19.51,1.625
318,395.3,192.5,267.0,19.51,1.704
318,395.3,192.0,267.0,19.51,1.704
318,395.3,194.5,267.0,19.51,1.704
318,395.3,194.0,267.0,19.51,1.704
318,395.3,193.5,267.0,19.51,1.704
318,395.3,193.0,267.0,19.51,1.704
318,395.3,192.6,267.0,19.51,1.704
318,395.3,192.1,267.0,19.51,1.704
318,395.3,194.5,267.0,19.51,1.704
318,395.3,194.1,267.0,19.51,1.704
318,395.3,193.6,267.0,19.51,1.704
318,395.3,193.1,267.0,19.51,1.704
318,395.3,192.6,267.0,19.51,1.704
318,395.3,192.1,267.0,19.51,1.704
318,395.3,194.6,267.0,19.51,1.704
318,395.3,194.1,267.0,19.51,1.704
318,395.3,193.6,267.0,19.51,1.704
318,395.3,193.2,267.0,19.51,1.704
318,395.3,192.7,267.0,19.51,1.704
318,395.3,192.2,267.0,19.51,1.704
318,395.3,194.6,267.0,19.51,1.704
318,395.3,194.2,267.0,19.51,1.704
318,395.3,193.7,267.0,19.51,1.704
318,395.3,193.2,267.0,19.51,1.704
318,395.3,192.7,267.0,19.51,1.704
318,395.3,192.2,267.0,19.51,1.704
318,395.3,194.7,267.0,19.51,1.704
318,395.3,194.2,267.0,19.51,1.704
318,395.3,193.7,267.0,19.51,1.704
318,395.3,193.2,267.0,19.51,1.704
318,395.3,192.8,267.0,19.51,1.704
318,395.3,192.3,267.0,19.51,1.704
318,395.3,191.8,267.0,19.55,1.704
318,395.3,191.3,267.0,19.55,1.625
318,395.3,190.8,267.0,19.55,1.625
318,395.3,190.4,267.0,19.55,1.625
318,395.3,192.8,267.0,19.51,1.625
318,395.3,192.3,267.0,19.51,1.704
318,395.3,191.9,267.0,19.55,1.704
318,395.3,191.4,267.0,19.55,1.625
318,395.3,190.9,267.0,19.55,1.625
318,395.3,190.4,267.0,19.55,1.625
318,395.3,192.9,267.0,19.51,1.625
324,403.9,229.5,264.3,18.42,0.846
324,403.9,224.3,267.0,19.10,0.846
324,403.9,219.0,267.0,19.10,1.246
324,403.9,213.8,267.0,19.53,1.246
324,403.9,210.5,267.0,19.53,1.684
324,403.9,207.2,267.0,19.53,1.684
324,403.9,204.0,267.0,19.62,1.684
324,403.9,203.5,267.0,19.62,1.846
324,403.9,203.0,267.0,19.62,1.846
324,403.9,202.5,267.0,19.62,1.846
324,403.9,202.0,267.0,19.62,1.846
324,403.9,201.6,267.0,19.62,1.846
324,403.9,201.1,267.0,19.62,1.846
324,403.9,200.6,267.0,19.62,1.846
324,403.9,200.1,267.0,19.62,1.846
324,403.9,199.6,267.0,19.62,1.846
324,403.9,199.2,267.0,19.62,1.846
324,403.9,198.7,267.0,19.62,1.846
324,403.9,198.2,267.0,19.62,1.846
324,403.9,197.7,267.0,19.62,1.846
324,403.9,197.2,267.0,19.62,1.846
324,403.9,196.7,267.0,19.62,1.846
324,403.9,196.3,267.0,19.62,1.846
324,403.9,195.8,267.0,19.62,1.846
324,403.9,195.3,267.0,19.62,1.846
324,403.9,194.8,267.0,19.62,1.846
324,403.9,194.3,267.0,19.62,1.846
324,403.9,193.8,267.0,19.62,1.846
324,403.9,193.4,267.0,19.62,1.846
324,403.9,192.9,267.0,19.62,1.846
324,403.9,192.4,267.0,19.62,1.846
324,403.9,191.9,267.0,19.30,1.846
324,403.9,191.4,267.0,19.30,1.734
324,403.9,190.9,267.0,19.30,1.734
324,403.9,190.5,267.0,19.30,1.734
324,403.9,192.9,267.0,19.62,1.734
324,403.9,192.5,267.0,19.62,1.846
324,403.9,192.0,267.0,19.30,1.846
324,403.9,191.5,267.0,19.30,1.734
324,403.9,191.0,267.0,19.30,1.734
324,403.9,190.5,267.0,19.30,1.734
324,403.9,193.0,267.0,19.62,1.734
324,403.9,192.5,267.0,19.62,1.846
324,403.9,192.0,267.0,19.62,1.846
324,403.9,194.5,267.0,19.62,1.846
324,403.9,194.0,267.0,19.62,1.846
324,403.9,193.5,267.0,19.62,1.846
324,403.9,193.0,267.0,19.62,1.846
324,403.9,192.6,267.0,19.62,1.846
324,403.9,192.1,267.0,19.62,1.846
324,403.9,194.5,267.0,19.62,1.846
324,403.9,194.0,267.0,19.62,1.846
324,403.9,193.6,267.0,19.62,1.846
324,403.9,193.1,267.0,19.62,1.846
324,403.9,192.6,267.0,19.62,1.846
324,403.9,192.1,267.0,19.62,1.846
324,403.9,194.6,267.0,19.62,1.846
324,403.9,194.1,267.0,19.62,1.846
324,403.9,193.6,267.0,19.62,1.846
324,403.9,193.1,267.0,19.62,1.846
324,403.9,192.7,267.0,19.62,1.846
324,403.9,192.2,267.0,19.62,1.846
324,403.9,194.6,267.0,19.62,1.846
324,403.9,194.2,267.0,19.62,1.846
324,403.9,193.7,267.0,19.62,1.846
324,403.9,193.2,267.0,19.62,1.846
324,403.9,192.7,267.0,19.62,1.846
324,403.9,192.2,267.0,19.62,1.846
324,403.9,194.7,267.0,19.62,1.846
324,403.9,194.2,267.0,19.62,1.846
324,403.9,193.7,267.0,19.62,1.846
324,403.9,193.2,267.0,19.62,1.846
324,403.9,192.8,267.0,19.62,1.846
324,403.9,192.3,267.0,19.62,1.846
324,403.9,191.8,267.0,19.30,1.846
324,403.9,191.3,267.0,19.30,1.734
324,403.9,190.8,267.0,19.30,1.734
324,403.9,190.3,267.0,19.30,1.734
324,403.9,192.8,267.0,19.62,1.734
324,403.9,192.3,267.0,19.62,1.846
324,403.9,191.9,267.0,19.30,1.846
324,403.9,191.4,267.0,19.30,1.734
324,403.9,190.9,267.0,19.30,1.734
324,403.9,190.4,267.0,19.30,1.734
324,403.9,192.9,267.0,19.62,1.734
324,403.9,192.4,267.0,19.62,1.846
324,403.9,191.9,267.0,19.30,1.846
324,403.9,191.4,267.0,19.30,1.734
324,403.9,190.9,267.0,19.30,1.734
324,403.9,190.5,267.0,19.30,1.734
324,403.9,192.9,267.0,19.62,1.734
324,403.9,192.4,267.0,19.62,1.846
324,403.9,192.0,267.0,19.30,1.846
324,403.9,191.5,267.0,19.30,1.734
324,403.9,191.0,267.0,19.30,1.734
324,403.9,190.5,267.0,19.30,1.734
324,403.9,193.0,267.0,19.62,1.734
324,403.9,192.5,267.0,19.62,1.846
324,403.9,192.0,267.0,19.62,1.846
324,403.9,194.5,267.0,19.62,1.846
324,403.9,194.0,267.0,19.62,1.846
324,403.9,193.5,267.0,19.62,1.846
324,403.9,193.0,267.0,19.62,1.846
324,403.9,192.6,267.0,19.62,1.846
324,403.9,192.1,267.0,19.62,1.846
324,403.9,194.5,267.0,19.62,1.846
324,403.9,194.0,267.0,19.62,1.846
324,403.9,193.6,267.0,19.62,1.846
324,403.9,193.1,267.0,19.62,1.846
324,403.9,192.6,267.0,19.62,1.846
324,403.9,192.1,267.0,19.62,1.846
324,403.9,194.6,267.0,19.62,1.846
324,403.9,194.1,267.0,19.62,1.846
324,403.9,193.6,267.0,19.62,1.846
324,403.9,193.1,267.0,19.62,1.846
324,403.9,192.7,267.0,19.62,1.846
324,403.9,192.2,267.0,19.62,1.846
324,403.9,194.6,267.0,19.62,1.846
324,403.9,194.2,267.0,19.62,1.846
324,403.9,193.7,267.0,19.62,1.846
324,403.9,193.2,267.0,19.62,1.846
324,403.9,192.7,267.0,19.62,1.846
324,403.9,192.2,267.0,19.62,1.846
324,403.9,194.7,267.0,19.62,1.846
324,403.9,194.2,267.0,19.62,1.846
324,403.9,193.7,267.0,19.62,1.846
324,403.9,193.2,267.0,19.62,1.846
324,403.9,192.8,267.0,19.62,1.846
324,403.9,192.3,267.0,19.62,1.846
324,403.9,191.8,267.0,19.30,1.846
324,403.9,191.3,267.0,19.30,1.734
324,403.9,190.8,267.0,19.30,1.734
324,403.9,190.3,267.0,19.30,1.734
324,403.9,192.8,267.0,19.62,1.734
324,403.9,192.3,267.0,19.62,1.846
324,403.9,191.9,267.0,19.30,1.846
324,403.9,191.4,267.0,19.30,1.734
324,403.9,190.9,267.0,19.30,1.734
324,403.9,190.4,267.0,19.30,1.734
324,403.9,192.9,267.0,19.62,1.734
324,403.9,192.4,267.0,19.62,1.846
324,403.9,191.9,267.0,19.30,1.846
324,403.9,191.4,267.0,19.30,1.734
324,403.9,190.9,267.0,19.30,1.734
324,403.9,190.5,267.0,19.30,1.734
324,403.9,192.9,267.0,19.62,1.734
324,403.9,192.4,267.0,19.62,1.846
324,403.9,191.9,267.0,19.30,1.846
324,403.9,191.5,267.0,19.30,1.734
324,403.9,191.0,267.0,19.30,1.734
324,403.9,190.5,267.0,19.30,1.734
324,403.9,193.0,267.0,19.62,1.734
324,403.9,192.5,267.0,19.62,1.846
324,403.9,192.0,267.0,19.62,1.846
324,403.9,194.5,267.0,19.62,1.846
324,403.9,194.0,267.0,19.62,1.846
324,403.9,193.5,267.0,19.62,1.846
324,403.9,193.0,267.0,19.62,1.846
324,403.9,192.5,267.0,19.62,1.846
324,403.9,192.1,267.0,19.62,1.846
330,431.2,200.0,257.5,18.96,1.303
330,424.9,199.5,256.9,18.96,0.793
330,418.6,199.1,256.4,19.58,0.793
330,415.9,198.6,266.5,19.51,1.310
330,412.9,198.0,267.0,19.51,1.704
330,410.0,197.5,267.0,19.51,1.704
330,407.1,197.0,267.0,19.62,1.704
330,407.1,196.5,267.0,19.62,1.846
330,407.1,196.0,267.0,19.62,1.846
330,407.1,195.6,267.0,19.62,1.846
330,407.1,195.1,267.0,19.62,1.846
330,407.1,194.6,267.0,19.62,1.846
330,407.1,194.1,267.0,19.62,1.846
330,407.1,193.6,267.0,19.62,1.846
330,407.1,193.2,267.0,19.62,1.846
330,407.1,192.7,267.0,19.62,1.846
330,407.1,192.2,267.0,19.62,1.846
330,407.1,194.6,267.0,19.62,1.846
330,407.1,194.2,267.0,19.62,1.846
330,407.1,193.7,267.0,19.62,1.846
330,407.1,193.2,267.0,19.62,1.846
330,407.1,192.7,267.0,19.62,1.846
330,407.1,192.2,267.0,19.62,1.846
330,407.1,191.8,267.0,19.30,1.846
330,407.1,191.3,267.0,19.30,1.734
330,407.1,190.8,267.0,19.30,1.734
330,407.1,190.3,267.0,19.30,1.734
330,407.1,192.8,267.0,19.62,1.734
330,407.1,192.3,267.0,19.62,1.846
330,407.1,191.8,267.0,19.30,1.846
330,407.1,191.3,267.0,19.30,1.734
330,407.1,190.9,267.0,19.30,1.734
330,407.1,190.4,267.0,19.30,1.734
330,407.1,192.8,267.0,19.62,1.734
330,407.1,192.3,267.0,19.62,1.846
330,407.1,191.9,267.0,19.30,1.846
330,407.1,191.4,267.0,19.30,1.734
330,407.1,190.9,267.0,19.30,1.734
330,407.1,190.4,267.0,19.30,1.734
330,407.1,192.9,267.0,19.62,1.734
330,407.1,192.4,267.0,19.62,1.846
330,407.1,191.9,267.0,19.30,1.846
330,407.1,191.4,267.0,19.30,1.734
330,407.1,190.9,267.0,19.30,1.734
330,407.1,190.5,267.0,19.30,1.734
330,407.1,192.9,267.0,19.62,1.734
330,407.1,192.5,267.0,19.62,1.846
330,407.1,192.0,267.0,19.30,1.846
330,407.1,191.5,267.0,19.30,1.734
330,407.1,191.0,267.0,19.30,1.734
330,407.1,190.5,267.0,19.30,1.734
330,407.1,193.0,267.0,19.62,1.734
330,407.1,192.5,267.0,19.62,1.846
330,407.1,192.0,267.0,19.62,1.846
330,407.1,194.5,267.0,19.62,1.846
330,407.1,194.0,267.0,19.62,1.846
330,407.1,193.5,267.0,19.62,1.846
330,407.1,193.0,267.0,19.62,1.846
330,407.1,192.6,267.0,19.62,1.846
330,407.1,192.1,267.0,19.62,1.846
330,407.1,194.5,267.0,19.62,1.846
330,407.1,194.1,267.0,19.62,1.846
330,407.1,193.6,267.0,19.62,1.846
330,407.1,193.1,267.0,19.62,1.846
330,407.1,192.6,267.0,19.62,1.846
330,407.1,192.1,267.0,19.62,1.846
330,407.1,194.6,267.0,19.62,1.846
330,407.1,194.1,267.0,19.62,1.846
330,407.1,193.6,267.0,19.62,1.846
330,407.1,193.2,267.0,19.62,1.846
330,407.1,192.7,267.0,19.62,1.846
330,407.1,192.2,267.0,19.62,1.846
330,407.1,194.6,267.0,19.62,1.846
330,407.1,194.2,267.0,19.62,1.846
330,407.1,193.7,267.0,19.62,1.846
330,407.1,193.2,267.0,19.62,1.846
330,407.1,192.7,267.0,19.62,1.846
330,407.1,192.2,267.0,19.62,1.846
330,407.1,194.7,267.0,19.62,1.846
330,407.1,194.2,267.0,19.62,1.846
330,407.1,193.7,267.0,19.62,1.846
330,407.1,193.2,267.0,19.62,1.846
330,407.1,192.8,267.0,19.62,1.846
330,407.1,192.3,267.0,19.62,1.846
330,407.1,191.8,267.0,19.30,1.846
330,407.1,191.3,267.0,19.30,1.734
330,407.1,190.8,267.0,19.30,1.734
330,407.1,190.4,267.0,19.30,1.734
330,407.1,192.8,267.0,19.62,1.734
330,407.1,192.3,267.0,19.62,1.846
330,407.1,191.9,267.0,19.30,1.846
330,407.1,191.4,267.0,19.30,1.734
330,407.1,190.9,267.0,19.30,1.734
330,407.1,190.4,267.0,19.30,1.734
330,407.1,192.9,267.0,19.62,1.734
330,407.1,192.4,267.0,19.62,1.846
330,407.1,191.9,267.0,19.30,1.846
330,407.1,191.4,267.0,19.30,1.734
330,407.1,190.9,267.0,19.30,1.734
330,407.1,190.5,267.0,19.30,1.734
330,407.1,192.9,267.0,19.62,1.734
330,407.1,192.5,267.0,19.62,1.846
330,407.1,192.0,267.0,19.30,1.846
330,407.1,191.5,267.0,19.30,1.734
330,407.1,191.0,267.0,19.30,1.734
330,407.1,190.5,267.0,19.30,1.734
330,407.1,193.0,267.0,19.62,1.734
330,407.1,192.5,267.0,19.62,1.846
330,407.1,192.0,267.0,19.62,1.846
330,407.1,194.5,267.0,19.62,1.846
330,407.1,194.0,267.0,19.62,1.846
330,407.1,193.5,267.0,19.62,1.846
330,407.1,193.0,267.0,19.62,1.846
330,407.1,192.6,267.0,19.62,1.846
330,407.1,192.1,267.0,19.62,1.846
330,407.1,194.5,267.0,19.62,1.846
330,407.1,194.0,267.0,19.62,1.846
330,407.1,193.6,267.0,19.62,1.846
330,407.1,193.1,267.0,19.62,1.846
330,407.1,192.6,267.0,19.62,1.846
330,407.1,192.1,267.0,19.62,1.846
330,407.1,194.6,267.0,19.62,1.846
330,407.1,194.1,267.0,19.62,1.846
330,407.1,193.6,267.0,19.62,1.846
330,407.1,193.1,267.0,19.62,1.846
330,407.1,192.7,267.0,19.62,1.846
330,407.1,192.2,267.0,19.62,1.846
330,407.1,194.6,267.0,19.62,1.846
330,407.1,194.2,267.0,19.62,1.846
330,407.1,193.7,267.0,19.62,1.846
330,407.1,193.2,267.0,19.62,1.846
330,407.1,192.7,267.0,19.62,1.846
330,407.1,192.2,267.0,19.62,1.846
330,407.1,194.7,267.0,19.62,1.846
330,407.1,194.2,267.0,19.62,1.846
330,407.1,193.7,267.0,19.62,1.846
330,407.1,193.2,267.0,19.62,1.846
330,407.1,192.8,267.0,19.62,1.846
330,407.1,192.3,267.0,19.62,1.846
330,407.1,191.8,267.0,19.30,1.846
330,407.1,191.3,267.0,19.30,1.734
330,407.1,190.8,267.0,19.30,1.734
330,407.1,190.3,267.0,19.30,1.734
330,407.1,192.8,267.0,19.62,1.734
330,407.1,192.3,267.0,19.62,1.846
330,407.1,191.9,267.0,19.30,1.846
330,407.1,191.4,267.0,19.30,1.734
330,407.1,190.9,267.0,19.30,1.734
330,407.1,190.4,267.0,19.30,1.734
330,407.1,192.9,267.0,19.62,1.734
330,407.1,192.4,267.0,19.62,1.846
330,407.1,191.9,267.0,19.30,1.846
330,407.1,191.4,267.0,19.30,1.734
330,407.1,190.9,267.0,19.30,1.734
330,407.1,190.5,267.0,19.30,1.734
330,407.1,192.9,267.0,19.62,1.734
330,407.1,192.4,267.0,19.62,1.846
330,407.1,192.0,267.0,19.30,1.846
330,407.1,191.5,267.0,19.30,1.734
330,407.1,191.0,267.0,19.30,1.734
336,444.5,175.7,262.6,23.05,0.548
336,440.2,177.5,259.8,22.02,0.490
336,436.0,179.2,257.0,22.02,0.673
336,431.0,179.8,249.5,21.05,0.673
336,425.9,180.4,248.2,20.07,0.471
336,420.7,181.0,246.9,20.07,0.671
336,418.5,182.5,251.5,19.86,0.671
336,415.8,184.7,260.9,19.60,0.654
336,412.9,187.1,267.0,19.55,1.253
336,410.0,189.5,267.0,19.55,1.625
336,407.1,191.9,267.0,19.30,1.625
336,407.1,191.4,267.0,19.30,1.734
336,407.1,190.9,267.0,19.30,1.734
336,407.1,190.4,267.0,19.30,1.734
336,407.1,192.9,267.0,19.62,1.734
336,407.1,192.4,267.0,19.62,1.846
336,407.1,191.9,267.0,19.30,1.846
336,407.1,191.5,267.0,19.30,1.734
336,407.1,191.0,267.0,19.30,1.734
336,407.1,190.5,267.0,19.30,1.734
336,407.1,192.9,267.0,19.62,1.734
336,407.1,192.5,267.0,19.62,1.846
336,407.1,192.0,267.0,19.30,1.846
336,407.1,191.5,267.0,19.30,1.734
336,407.1,191.0,267.0,19.30,1.734
336,407.1,190.5,267.0,19.30,1.734
336,407.1,193.0,267.0,19.62,1.734
336,407.1,192.5,267.0,19.62,1.846
336,407.1,192.0,267.0,19.62,1.846
336,407.1,194.5,267.0,19.62,1.846
336,407.1,194.0,267.0,19.62,1.846
336,407.1,193.5,267.0,19.62,1.846
336,407.1,193.1,267.0,19.62,1.846
336,407.1,192.6,267.0,19.62,1.846
336,407.1,192.1,267.0,19.62,1.846
336,407.1,194.6,267.0,19.62,1.846
336,407.1,194.1,267.0,19.62,1.846
336,407.1,193.6,267.0,19.62,1.846
336,407.1,193.1,267.0,19.62,1.846
336,407.1,192.6,267.0,19.62,1.846
336,407.1,192.1,267.0,19.62,1.846
336,407.1,194.6,267.0,19.62,1.846
336,407.1,194.1,267.0,19.62,1.846
336,407.1,193.6,267.0,19.62,1.846
336,407.1,193.2,267.0,19.62,1.846
336,407.1,192.7,267.0,19.62,1.846
336,407.1,192.2,267.0,19.62,1.846
336,407.1,194.7,267.0,19.62,1.846
336,407.1,194.2,267.0,19.62,1.846
336,407.1,193.7,267.0,19.62,1.846
336,407.1,193.2,267.0,19.62,1.846
336,407.1,192.7,267.0,19.62,1.846
336,407.1,192.2,267.0,19.62,1.846
336,407.1,191.8,267.0,19.30,1.846
336,407.1,191.3,267.0,19.30,1.734
336,407.1,190.8,267.0,19.30,1.734
336,407.1,190.3,267.0,19.30,1.734
336,407.1,192.8,267.0,19.62,1.734
336,407.1,192.3,267.0,19.62,1.846
336,407.1,191.8,267.0,19.30,1.846
336,407.1,191.3,267.0,19.30,1.734
336,407.1,190.9,267.0,19.30,1.734
336,407.1,190.4,267.0,19.30,1.734
336,407.1,192.8,267.0,19.62,1.734
336,407.1,192.3,267.0,19.62,1.846
336,407.1,191.9,267.0,19.30,1.846
336,407.1,191.4,267.0,19.30,1.734
336,407.1,190.9,267.0,19.30,1.734
336,407.1,190.4,267.0,19.30,1.734
336,407.1,192.9,267.0,19.62,1.734
336,407.1,192.4,267.0,19.62,1.846
336,407.1,191.9,267.0,19.30,1.846
336,407.1,191.4,267.0,19.30,1.734
336,407.1,191.0,267.0,19.30,1.734
336,407.1,190.5,267.0,19.30,1.734
336,407.1,192.9,267.0,19.62,1.734
336,407.1,192.5,267.0,19.62,1.846
336,407.1,192.0,267.0,19.30,1.846
336,407.1,191.5,267.0,19.30,1.734
336,407.1,191.0,267.0,19.30,1.734
336,407.1,190.5,267.0,19.30,1.734
336,407.1,193.0,267.0,19.62,1.734
336,407.1,192.5,267.0,19.62,1.846
336,407.1,192.0,267.0,19.62,1.846
336,407.1,194.5,267.0,19.62,1.846
336,407.1,194.0,267.0,19.62,1.846
336,407.1,193.5,267.0,19.62,1.846
336,407.1,193.1,267.0,19.62,1.846
336,407.1,192.6,267.0,19.62,1.846
336,407.1,192.1,267.0,19.62,1.846
336,407.1,194.6,267.0,19.62,1.846
336,407.1,194.1,267.0,19.62,1.846
336,407.1,193.6,267.0,19.62,1.846
336,407.1,193.1,267.0,19.62,1.846
336,407.1,192.6,267.0,19.62,1.846
336,407.1,192.1,267.0,19.62,1.846
336,407.1,194.6,267.0,19.62,1.846
336,407.1,194.1,267.0,19.62,1.846
336,407.1,193.6,267.0,19.62,1.846
336,407.1,193.2,267.0,19.62,1.846
336,407.1,192.7,267.0,19.62,1.846
336,407.1,192.2,267.0,19.62,1.846
336,407.1,194.6,267.0,19.62,1.846
336,407.1,194.2,267.0,19.62,1.846
336,407.1,193.7,267.0,19.62,1.846
336,407.1,193.2,267.0,19.62,1.846
336,407.1,192.7,267.0,19.62,1.846
336,407.1,192.2,267.0,19.62,1.846
336,407.1,194.7,267.0,19.62,1.846
336,407.1,194.2,267.0,19.62,1.846
336,407.1,193.7,267.0,19.62,1.846
336,407.1,193.3,267.0,19.62,1.846
336,407.1,192.8,267.0,19.62,1.846
336,407.1,192.3,267.0,19.62,1.846
336,407.1,191.8,267.0,19.30,1.846
336,407.1,191.3,267.0,19.30,1.734
336,407.1,190.8,267.0,19.30,1.734
336,407.1,190.4,267.0,19.30,1.734
336,407.1,192.8,267.0,19.62,1.734
336,407.1,192.3,267.0,19.62,1.846
336,407.1,191.9,267.0,19.30,1.846
336,407.1,191.4,267.0,19.30,1.734
336,407.1,190.9,267.0,19.30,1.734
336,407.1,190.4,267.0,19.30,1.734
336,407.1,192.9,267.0,19.62,1.734
336,407.1,192.4,267.0,19.62,1.846
336,407.1,191.9,267.0,19.30,1.846
336,407.1,191.4,267.0,19.30,1.734
336,407.1,190.9,267.0,19.30,1.734
336,407.1,190.5,267.0,19.30,1.734
336,407.1,192.9,267.0,19.62,1.734
336,407.1,192.5,267.0,19.62,1.846
336,407.1,192.0,267.0,19.30,1.846
336,407.1,191.5,267.0,19.30,1.734
336,407.1,191.0,267.0,19.30,1.734
336,407.1,190.5,267.0,19.30,1.734
336,407.1,193.0,267.0,19.62,1.734
336,407.1,192.5,267.0,19.62,1.846
336,407.1,192.0,267.0,19.62,1.846
336,407.1,194.5,267.0,19.62,1.846
336,407.1,194.0,267.0,19.62,1.846
336,407.1,193.5,267.0,19.62,1.846
336,407.1,193.0,267.0,19.62,1.846
336,407.1,192.6,267.0,19.62,1.846
336,407.1,192.1,267.0,19.62,1.846
336,407.1,194.5,267.0,19.62,1.846
336,407.1,194.1,267.0,19.62,1.846
336,407.1,193.6,267.0,19.62,1.846
336,407.1,193.1,267.0,19.62,1.846
336,407.1,192.6,267.0,19.62,1.846
336,407.1,192.1,267.0,19.62,1.846
336,407.1,194.6,267.0,19.62,1.846
336,407.1,194.1,267.0,19.62,1.846
336,407.1,193.6,267.0,19.62,1.846
336,407.1,193.1,267.0,19.62,1.846
336,407.1,192.7,267.0,19.62,1.846
336,407.1,192.2,267.0,19.62,1.846
336,407.1,194.6,267.0,19.62,1.846
336,407.1,194.2,267.0,19.62,1.846
336,407.1,193.7,267.0,19.62,1.846
342,437.5,196.8,257.5,18.43,1.303
342,432.5,196.5,250.0,19.84,1.129
342,427.1,196.1,248.7,19.65,0.878
342,421.8,195.6,247.3,19.65,0.689
342,419.5,195.1,252.3,19.58,0.689
342,416.7,194.6,262.4,19.58,1.310
342,413.8,194.1,267.0,19.51,1.310
342,410.9,193.6,267.0,19.51,1.704
342,408.0,193.1,267.0,19.62,1.704
342,408.0,192.6,267.0,19.62,1.704
342,408.0,192.1,267.0,19.62,1.704
342,408.0,194.6,267.0,19.62,1.704
342,408.0,194.1,267.0,19.62,1.704
342,408.0,193.6,267.0,19.62,1.704
342,408.0,193.1,267.0,19.62,1.704
342,408.0,192.7,267.0,19.62,1.704
342,408.0,192.2,267.0,19.62,1.704
342,408.0,194.6,267.0,19.62,1.704
342,408.0,194.2,267.0,19.62,1.704
342,408.0,193.7,267.0,19.62,1.704
342,408.0,193.2,267.0,19.62,1.704
342,408.0,192.7,267.0,19.62,1.704
342,408.0,192.2,267.0,19.62,1.704
342,408.0,194.7,267.0,19.62,1.704
342,408.0,194.2,267.0,19.62,1.704
342,408.0,193.7,267.0,19.62,1.704
342,408.0,193.2,267.0,19.62,1.704
342,408.0,192.8,267.0,19.62,1.704
342,408.0,192.3,267.0,19.62,1.704
342,408.0,191.8,267.0,19.30,1.704
342,408.0,191.3,267.0,19.30,1.625
342,408.0,190.8,267.0,19.30,1.625
342,408.0,190.3,267.0,19.30,1.625
342,408.0,192.8,267.0,19.62,1.625
342,408.0,192.3,267.0,19.62,1.704
342,408.0,191.8,267.0,19.30,1.704
342,408.0,191.4,267.0,19.30,1.625
342,408.0,190.9,267.0,19.30,1.625
342,408.0,190.4,267.0,19.30,1.625
342,408.0,192.9,267.0,19.62,1.625
342,408.0,192.4,267.0,19.62,1.704
342,408.0,191.9,267.0,19.30,1.704
342,408.0,191.4,267.0,19.30,1.625
342,408.0,190.9,267.0,19.30,1.625
342,408.0,190.5,267.0,19.30,1.625
342,408.0,192.9,267.0,19.62,1.625
342,408.0,192.4,267.0,19.62,1.704
342,408.0,191.9,267.0,19.30,1.704
342,408.0,191.5,267.0,19.30,1.625
342,408.0,191.0,267.0,19.30,1.625
342,408.0,190.5,267.0,19.30,1.625
342,408.0,193.0,267.0,19.62,1.625
342,408.0,192.5,267.0,19.62,1.704
342,408.0,192.0,267.0,19.62,1.704
342,408.0,194.5,267.0,19.62,1.704
342,408.0,194.0,267.0,19.62,1.704
342,408.0,193.5,267.0,19.62,1.704
342,408.0,193.0,267.0,19.62,1.704
342,408.0,192.5,267.0,19.62,1.704
342,408.0,192.1,267.0,19.62,1.704
342,408.0,194.5,267.0,19.62,1.704
342,408.0,194.0,267.0,19.62,1.704
342,408.0,193.6,267.0,19.62,1.704
342,408.0,193.1,267.0,19.62,1.704
342,408.0,192.6,267.0,19.62,1.704
342,408.0,192.1,267.0,19.62,1.704
342,408.0,194.6,267.0,19.62,1.704
342,408.0,194.1,267.0,19.62,1.704
342,408.0,193.6,267.0,19.62,1.704
342,408.0,193.1,267.0,19.62,1.704
342,408.0,192.6,267.0,19.62,1.704
342,408.0,192.2,267.0,19.62,1.704
342,408.0,194.6,267.0,19.62,1.704
342,408.0,194.1,267.0,19.62,1.704
342,408.0,193.7,267.0,19.62,1.704
342,408.0,193.2,267.0,19.62,1.704
342,408.0,192.7,267.0,19.62,1.704
342,408.0,192.2,267.0,19.62,1.704
342,408.0,194.7,267.0,19.62,1.704
342,408.0,194.2,267.0,19.62,1.704
342,408.0,193.7,267.0,19.62,1.704
342,408.0,193.2,267.0,19.62,1.704
342,408.0,192.8,267.0,19.62,1.704
342,408.0,192.3,267.0,19.62,1.704
342,408.0,191.8,267.0,19.30,1.704
342,408.0,191.3,267.0,19.30,1.625
342,408.0,190.8,267.0,19.30,1.625
342,408.0,190.3,267.0,19.30,1.625
342,408.0,192.8,267.0,19.62,1.625
342,408.0,192.3,267.0,19.62,1.704
342,408.0,191.8,267.0,19.30,1.704
342,408.0,191.3,267.0,19.30,1.625
342,408.0,190.9,267.0,19.30,1.625
342,408.0,190.4,267.0,19.30,1.625
342,408.0,192.9,267.0,19.62,1.625
342,408.0,192.4,267.0,19.62,1.704
342,408.0,191.9,267.0,19.30,1.704
342,408.0,191.4,267.0,19.30,1.625
342,408.0,190.9,267.0,19.30,1.625
342,408.0,190.4,267.0,19.30,1.625
342,408.0,192.9,267.0,19.62,1.625
342,408.0,192.4,267.0,19.62,1.704
342,408.0,191.9,267.0,19.30,1.704
342,408.0,191.5,267.0,19.30,1.625
342,408.0,191.0,267.0,19.30,1.625
342,408.0,190.5,267.0,19.30,1.625
342,408.0,193.0,267.0,19.62,1.625
342,408.0,192.5,267.0,19.62,1.704
342,408.0,192.0,267.0,19.30,1.704
342,408.0,191.5,267.0,19.30,1.625
342,408.0,191.0,267.0,19.30,1.625
342,408.0,190.6,267.0,19.30,1.625
342,408.0,193.0,267.0,19.62,1.625
342,408.0,192.5,267.0,19.62,1.704
342,408.0,192.1,267.0,19.62,1.704
342,408.0,194.5,267.0,19.62,1.704
342,408.0,194.0,267.0,19.62,1.704
342,408.0,193.6,267.0,19.62,1.704
342,408.0,193.1,267.0,19.62,1.704
342,408.0,192.6,267.0,19.62,1.704
342,408.0,192.1,267.0,19.62,1.704
342,408.0,194.6,267.0,19.62,1.704
342,408.0,194.1,267.0,19.62,1.704
342,408.0,193.6,267.0,19.62,1.704
342,408.0,193.1,267.0,19.62,1.704
342,408.0,192.6,267.0,19.62,1.704
342,408.0,192.2,267.0,19.62,1.704
342,408.0,194.6,267.0,19.62,1.704
342,408.0,194.1,267.0,19.62,1.704
342,408.0,193.7,267.0,19.62,1.704
342,408.0,193.2,267.0,19.62,1.704
342,408.0,192.7,267.0,19.62,1.704
342,408.0,192.2,267.0,19.62,1.704
342,408.0,194.7,267.0,19.62,1.704
342,408.0,194.2,267.0,19.62,1.704
342,408.0,193.7,267.0,19.62,1.704
342,408.0,193.2,267.0,19.62,1.704
342,408.0,192.7,267.0,19.62,1.704
342,408.0,192.3,267.0,19.62,1.704
342,408.0,194.7,267.0,19.62,1.704
342,408.0,194.2,267.0,19.62,1.704
342,408.0,193.8,267.0,19.62,1.704
342,408.0,193.3,267.0,19.62,1.704
342,408.0,192.8,267.0,19.62,1.704
342,408.0,192.3,267.0,19.62,1.704
342,408.0,191.8,267.0,19.30,1.704
342,408.0,191.3,267.0,19.30,1.625
342,408.0,190.9,267.0,19.30,1.625
342,408.0,190.4,267.0,19.30,1.625
342,408.0,192.9,267.0,19.62,1.625
342,408.0,192.4,267.0,19.62,1.704
342,408.0,191.9,267.0,19.30,1.704
342,408.0,191.4,267.0,19.30,1.625
342,408.0,190.9,267.0,19.30,1.625
342,408.0,190.4,267.0,19.30,1.625
342,408.0,192.9,267.0,19.62,1.625
342,408.0,192.4,267.0,19.62,1.704
342,408.0,191.9,267.0,19.30,1.704
342,408.0,191.5,267.0,19.30,1.625
342,408.0,191.0,267.0,19.30,1.625
348,423.6,181.5,264.5,19.66,0.990
348,417.0,183.4,264.0,19.55,0.861
348,414.1,185.9,267.0,19.55,1.625
348,411.2,188.3,267.0,19.55,1.625
348,408.3,190.7,267.0,19.55,1.625
348,408.3,193.1,267.0,19.51,1.625
348,408.3,192.7,267.0,19.51,1.704
348,408.3,192.2,267.0,19.51,1.704
348,408.3,194.6,267.0,19.51,1.704
348,408.3,194.2,267.0,19.51,1.704
348,408.3,193.7,267.0,19.51,1.704
348,408.3,193.2,267.0,19.51,1.704
348,408.3,192.7,267.0,19.51,1.704
348,408.3,192.2,267.0,19.51,1.704
348,408.3,194.7,267.0,19.51,1.704
348,408.3,194.2,267.0,19.51,1.704
348,408.3,193.7,267.0,19.51,1.704
348,408.3,193.2,267.0,19.51,1.704
348,408.3,192.8,267.0,19.51,1.704
348,408.3,192.3,267.0,19.51,1.704
348,408.3,191.8,267.0,19.55,1.704
348,408.3,191.3,267.0,19.55,1.625
348,408.3,190.8,267.0,19.55,1.625
348,408.3,190.3,267.0,19.55,1.625
348,408.3,192.8,267.0,19.51,1.625
348,408.3,192.3,267.0,19.51,1.704
348,408.3,191.9,267.0,19.55,1.704
348,408.3,191.4,267.0,19.55,1.625
348,408.3,190.9,267.0,19.55,1.625
348,408.3,190.4,267.0,19.55,1.625
348,408.3,192.9,267.0,19.51,1.625
348,408.3,192.4,267.0,19.51,1.704
348,408.3,191.9,267.0,19.55,1.704
348,408.3,191.4,267.0,19.55,1.625
348,408.3,190.9,267.0,19.55,1.625
348,408.3,190.5,267.0,19.55,1.625
348,408.3,192.9,267.0,19.51,1.625
348,408.3,192.4,267.0,19.51,1.704
348,408.3,192.0,267.0,19.55,1.704
348,408.3,191.5,267.0,19.55,1.625
348,408.3,191.0,267.0,19.55,1.625
348,408.3,190.5,267.0,19.55,1.625
348,408.3,193.0,267.0,19.51,1.625
348,408.3,192.5,267.0,19.51,1.704
348,408.3,192.0,267.0,19.51,1.704
348,408.3,194.5,267.0,19.51,1.704
348,408.3,194.0,267.0,19.51,1.704
348,408.3,193.5,267.0,19.51,1.704
348,408.3,193.0,267.0,19.51,1.704
348,408.3,192.5,267.0,19.51,1.704
348,408.3,192.1,267.0,19.51,1.704
348,408.3,194.5,267.0,19.51,1.704
348,408.3,194.0,267.0,19.51,1.704
348,408.3,193.6,267.0,19.51,1.704
348,408.3,193.1,267.0,19.51,1.704
348,408.3,192.6,267.0,19.51,1.704
348,408.3,192.1,267.0,19.51,1.704
348,408.3,194.6,267.0,19.51,1.704
348,408.3,194.1,267.0,19.51,1.704
348,408.3,193.6,267.0,19.51,1.704
348,408.3,193.1,267.0,19.51,1.704
348,408.3,192.7,267.0,19.51,1.704
348,408.3,192.2,267.0,19.51,1.704
348,408.3,194.6,267.0,19.51,1.704
348,408.3,194.2,267.0,19.51,1.704
348,408.3,193.7,267.0,19.51,1.704
348,408.3,193.2,267.0,19.51,1.704
348,408.3,192.7,267.0,19.51,1.704
348,408.3,192.2,267.0,19.51,1.704
348,408.3,194.7,267.0,19.51,1.704
348,408.3,194.2,267.0,19.51,1.704
348,408.3,193.7,267.0,19.51,1.704
348,408.3,193.2,267.0,19.51,1.704
348,408.3,192.8,267.0,19.51,1.704
348,408.3,192.3,267.0,19.51,1.704
348,408.3,191.8,267.0,19.55,1.704
348,408.3,191.3,267.0,19.55,1.625
348,408.3,190.8,267.0,19.55,1.625
348,408.3,190.3,267.0,19.55,1.625
348,408.3,192.8,267.0,19.51,1.625
348,408.3,192.3,267.0,19.51,1.704
348,408.3,191.8,267.0,19.55,1.704
348,408.3,191.4,267.0,19.55,1.625
348,408.3,190.9,267.0,19.55,1.625
348,408.3,190.4,267.0,19.55,1.625
348,408.3,192.9,267.0,19.51,1.625
348,408.3,192.4,267.0,19.51,1.704
348,408.3,191.9,267.0,19.55,1.704
348,408.3,191.4,267.0,19.55,1.625
348,408.3,190.9,267.0,19.55,1.625
348,408.3,190.5,267.0,19.55,1.625
348,408.3,192.9,267.0,19.51,1.625
348,408.3,192.4,267.0,19.51,1.704
348,408.3,191.9,267.0,19.55,1.704
348,408.3,191.5,267.0,19.55,1.625
348,408.3,191.0,267.0,19.55,1.625
348,408.3,190.5,267.0,19.55,1.625
348,408.3,193.0,267.0,19.51,1.625
348,408.3,192.5,267.0,19.51,1.704
348,408.3,192.0,267.0,19.51,1.704
348,408.3,194.5,267.0,19.51,1.704
348,408.3,194.0,267.0,19.51,1.704
348,408.3,193.5,267.0,19.51,1.704
348,408.3,193.0,267.0,19.51,1.704
348,408.3,192.5,267.0,19.51,1.704
348,408.3,192.1,267.0,19.51,1.704
348,408.3,194.5,267.0,19.51,1.704
348,408.3,194.0,267.0,19.51,1.704
348,408.3,193.6,267.0,19.51,1.704
348,408.3,193.1,267.0,19.51,1.704
348,408.3,192.6,267.0,19.51,1.704
348,408.3,192.1,267.0,19.51,1.704
348,408.3,194.6,267.0,19.51,1.704
348,408.3,194.1,267.0,19.51,1.704
348,408.3,193.6,267.0,19.51,1.704
348,408.3,193.1,267.0,19.51,1.704
348,408.3,192.6,267.0,19.51,1.704
348,408.3,192.2,267.0,19.51,1.704
348,408.3,194.6,267.0,19.51,1.704
348,408.3,194.1,267.0,19.51,1.704
348,408.3,193.7,267.0,19.51,1.704
348,408.3,193.2,267.0,19.51,1.704
348,408.3,192.7,267.0,19.51,1.704
348,408.3,192.2,267.0,19.51,1.704
348,408.3,194.7,267.0,19.51,1.704
348,408.3,194.2,267.0,19.51,1.704
348,408.3,193.7,267.0,19.51,1.704
348,408.3,193.2,267.0,19.51,1.704
348,408.3,192.8,267.0,19.51,1.704
348,408.3,192.3,267.0,19.51,1.704
348,408.3,191.8,267.0,19.55,1.704
348,408.3,191.3,267.0,19.55,1.625
348,408.3,190.8,267.0,19.55,1.625
348,408.3,190.3,267.0,19.55,1.625
348,408.3,192.8,267.0,19.51,1.625
348,408.3,192.3,267.0,19.51,1.704
348,408.3,191.8,267.0,19.55,1.704
348,408.3,191.3,267.0,19.55,1.625
348,408.3,190.9,267.0,19.55,1.625
348,408.3,190.4,267.0,19.55,1.625
348,408.3,192.9,267.0,19.51,1.625
348,408.3,192.4,267.0,19.51,1.704
348,408.3,191.9,267.0,19.55,1.704
348,408.3,191.4,267.0,19.55,1.625
348,408.3,190.9,267.0,19.55,1.625
348,408.3,190.4,267.0,19.55,1.625
348,408.3,192.9,267.0,19.51,1.625
348,408.3,192.4,267.0,19.51,1.704
348,408.3,191.9,267.0,19.55,1.704
348,408.3,191.5,267.0,19.55,1.625
348,408.3,191.0,267.0,19.55,1.625
348,408.3,190.5,267.0,19.55,1.625
348,408.3,193.0,267.0,19.51,1.625
348,408.3,192.5,267.0,19.51,1.704
348,408.3,192.0,267.0,19.55,1.704
348,408.3,191.5,267.0,19.55,1.625
348,408.3,191.0,267.0,19.55,1.625
348,408.3,190.6,267.0,19.55,1.625
348,408.3,193.0,267.0,19.51,1.625
348,408.3,192.5,267.0,19.51,1.704
354,368.4,241.5,262.7,23.42,0.507
354,369.1,238.9,260.4,21.91,0.445
354,373.6,234.1,260.5,20.24,0.816
354,377.1,228.3,260.4,20.24,0.852
354,381.4,223.7,265.1,20.22,0.852
354,384.3,218.5,267.0,19.52,1.169
354,387.2,215.3,267.0,19.64,1.247
354,390.1,212.0,267.0,19.64,1.591
354,393.0,208.8,267.0,19.64,1.591
354,395.9,205.5,267.0,19.64,1.591
354,395.9,205.1,267.0,19.64,1.684
354,395.9,204.6,267.0,19.64,1.684
354,395.9,204.1,267.0,19.64,1.684
354,395.9,203.6,267.0,19.51,1.684
354,395.9,203.1,267.0,19.51,1.846
354,395.9,202.6,267.0,19.51,1.846
354,395.9,202.2,267.0,19.51,1.846
354,395.9,201.7,267.0,19.51,1.846
354,395.9,201.2,267.0,19.51,1.846
354,395.9,200.7,267.0,19.51,1.846
354,395.9,200.2,267.0,19.51,1.846
354,395.9,199.7,267.0,19.51,1.846
354,395.9,199.3,267.0,19.51,1.846
354,395.9,198.8,267.0,19.51,1.846
354,395.9,198.3,267.0,19.51,1.846
354,395.9,197.8,267.0,19.51,1.846
354,395.9,197.3,267.0,19.51,1.846
354,395.9,196.8,267.0,19.51,1.846
354,395.9,196.4,267.0,19.51,1.846
354,395.9,195.9,267.0,19.51,1.846
354,395.9,195.4,267.0,19.51,1.846
354,395.9,194.9,267.0,19.51,1.846
354,395.9,194.4,267.0,19.51,1.846
354,395.9,194.0,267.0,19.51,1.846
354,395.9,193.5,267.0,19.51,1.846
354,395.9,193.0,267.0,19.51,1.846
354,395.9,192.5,267.0,19.51,1.846
354,395.9,192.0,267.0,19.51,1.846
354,395.9,194.5,267.0,19.51,1.846
354,395.9,194.0,267.0,19.51,1.846
354,395.9,193.5,267.0,19.51,1.846
354,395.9,193.0,267.0,19.51,1.846
354,395.9,192.6,267.0,19.51,1.846
354,395.9,192.1,267.0,19.51,1.846
354,395.9,194.5,267.0,19.51,1.846
354,395.9,194.1,267.0,19.51,1.846
354,395.9,193.6,267.0,19.51,1.846
354,395.9,193.1,267.0,19.51,1.846
354,395.9,192.6,267.0,19.51,1.846
354,395.9,192.1,267.0,19.51,1.846
354,395.9,194.6,267.0,19.51,1.846
354,395.9,194.1,267.0,19.51,1.846
354,395.9,193.6,267.0,19.51,1.846
354,395.9,193.2,267.0,19.51,1.846
354,395.9,192.7,267.0,19.51,1.846
354,395.9,192.2,267.0,19.51,1.846
354,395.9,194.6,267.0,19.51,1.846
354,395.9,194.2,267.0,19.51,1.846
354,395.9,193.7,267.0,19.51,1.846
354,395.9,193.2,267.0,19.51,1.846
354,395.9,192.7,267.0,19.51,1.846
354,395.9,192.2,267.0,19.51,1.846
354,395.9,194.7,267.0,19.51,1.846
354,395.9,194.2,267.0,19.51,1.846
354,395.9,193.7,267.0,19.51,1.846
354,395.9,193.2,267.0,19.51,1.846
354,395.9,192.8,267.0,19.51,1.846
354,395.9,192.3,267.0,19.51,1.846
354,395.9,191.8,267.0,19.55,1.846
354,395.9,191.3,267.0,19.55,1.734
354,395.9,190.8,267.0,19.55,1.734
354,395.9,190.4,267.0,19.55,1.734
354,395.9,192.8,267.0,19.51,1.734
354,395.9,192.3,267.0,19.51,1.846
354,395.9,191.9,267.0,19.55,1.846
354,395.9,191.4,267.0,19.55,1.734
354,395.9,190.9,267.0,19.55,1.734
354,395.9,190.4,267.0,19.55,1.734
354,395.9,192.9,267.0,19.51,1.734
354,395.9,192.4,267.0,19.51,1.846
354,395.9,191.9,267.0,19.55,1.846
354,395.9,191.4,267.0,19.55,1.734
354,395.9,190.9,267.0,19.55,1.734
354,395.9,190.5,267.0,19.55,1.734
354,395.9,192.9,267.0,19.51,1.734
354,395.9,192.5,267.0,19.51,1.846
354,395.9,192.0,267.0,19.55,1.846
354,395.9,191.5,267.0,19.55,1.734
354,395.9,191.0,267.0,19.55,1.734
354,395.9,190.5,267.0,19.55,1.734
354,395.9,193.0,267.0,19.51,1.734
354,395.9,192.5,267.0,19.51,1.846
354,395.9,192.0,267.0,19.51,1.846
354,395.9,194.5,267.0,19.51,1.846
354,395.9,194.0,267.0,19.51,1.846
354,395.9,193.5,267.0,19.51,1.846
354,395.9,193.0,267.0,19.51,1.846
354,395.9,192.6,267.0,19.51,1.846
354,395.9,192.1,267.0,19.51,1.846
354,395.9,194.5,267.0,19.51,1.846
354,395.9,194.0,267.0,19.51,1.846
354,395.9,193.6,267.0,19.51,1.846
354,395.9,193.1,267.0,19.51,1.846
354,395.9,192.6,267.0,19.51,1.846
354,395.9,192.1,267.0,19.51,1.846
354,395.9,194.6,267.0,19.51,1.846
354,395.9,194.1,267.0,19.51,1.846
354,395.9,193.6,267.0,19.51,1.846
354,395.9,193.1,267.0,19.51,1.846
354,395.9,192.7,267.0,19.51,1.846
354,395.9,192.2,267.0,19.51,1.846
354,395.9,194.6,267.0,19.51,1.846
354,395.9,194.2,267.0,19.51,1.846
354,395.9,193.7,267.0,19.51,1.846
354,395.9,193.2,267.0,19.51,1.846
354,395.9,192.7,267.0,19.51,1.846
354,395.9,192.2,267.0,19.51,1.846
354,395.9,194.7,267.0,19.51,1.846
354,395.9,194.2,267.0,19.51,1.846
354,395.9,193.7,267.0,19.51,1.846
354,395.9,193.2,267.0,19.51,1.846
354,395.9,192.8,267.0,19.51,1.846
354,395.9,192.3,267.0,19.51,1.846
354,395.9,191.8,267.0,19.55,1.846
354,395.9,191.3,267.0,19.55,1.734
354,395.9,190.8,267.0,19.55,1.734
354,395.9,190.3,267.0,19.55,1.734
354,395.9,192.8,267.0,19.51,1.734
354,395.9,192.3,267.0,19.51,1.846
354,395.9,191.9,267.0,19.55,1.846
354,395.9,191.4,267.0,19.55,1.734
354,395.9,190.9,267.0,19.55,1.734
354,395.9,190.4,267.0,19.55,1.734
354,395.9,192.9,267.0,19.51,1.734
354,395.9,192.4,267.0,19.51,1.846
354,395.9,191.9,267.0,19.55,1.846
354,395.9,191.4,267.0,19.55,1.734
354,395.9,190.9,267.0,19.55,1.734
354,395.9,190.5,267.0,19.55,1.734
354,395.9,192.9,267.0,19.51,1.734
354,395.9,192.4,267.0,19.51,1.846
354,395.9,192.0,267.0,19.55,1.846
354,395.9,191.5,267.0,19.55,1.734
354,395.9,191.0,267.0,19.55,1.734
354,395.9,190.5,267.0,19.55,1.734
354,395.9,193.0,267.0,19.51,1.734
354,395.9,192.5,267.0,19.51,1.846
354,395.9,192.0,267.0,19.51,1.846
354,395.9,194.5,267.0,19.51,1.846
354,395.9,194.0,267.0,19.51,1.846
354,395.9,193.5,267.0,19.51,1.846
354,395.9,193.0,267.0,19.51,1.846
354,395.9,192.6,267.0,19.51,1.846
354,395.9,192.1,267.0,19.51,1.846
354,395.9,194.5,267.0,19.51,1.846
354,395.9,194.0,267.0,19.51,1.846
354,395.9,193.6,267.0,19.51,1.846
354,395.9,193.1,267.0,19.51,1.846
354,395.9,192.6,267.0,19.51,1.846
354,395.9,192.1,267.0,19.51,1.846
360,447.3,205.0,260.0,21.39,0.831
360,444.4,204.2,255.0,21.39,0.736
360,439.3,203.9,247.5,19.84,0.736
360,434.9,203.5,242.0,19.84,0.878
360,432.5,203.0,237.9,20.86,0.878
360,429.7,202.5,234.7,20.29,0.606
360,426.9,202.0,231.6,20.29,0.531
360,424.1,201.5,228.4,20.29,0.531
360,422.2,200.9,224.8,20.56,0.531
360,420.3,200.4,221.1,20.56,0.517
360,419.6,200.0,218.7,20.35,0.517
360,418.9,199.6,216.3,20.35,0.318
360,418.5,199.3,212.8,20.42,0.318
360,418.1,198.9,209.4,20.42,0.434
360,417.8,198.5,206.0,20.42,0.434
360,417.4,198.2,202.6,20.47,0.434
360,417.1,197.8,198.4,20.47,0.517
360,416.9,197.4,194.3,20.47,0.517
360,416.7,197.1,190.2,20.54,0.517
360,416.6,196.7,185.6,20.54,0.573
360,416.5,196.4,181.1,20.54,0.573
360,416.5,196.0,176.0,20.59,0.573
360,416.5,195.6,170.9,20.59,0.638
360,416.5,195.2,165.8,20.62,0.638
360,416.5,194.9,160.5,20.62,0.659
360,416.5,194.5,155.3,20.65,0.659
360,416.5,194.1,149.9,20.65,0.675
360,416.6,193.7,144.5,20.65,0.675
360,416.6,193.3,139.0,20.68,0.675
360,416.7,192.9,133.5,20.68,0.688
360,416.7,192.5,128.0,20.74,0.688
360,416.8,192.1,122.4,20.74,0.699
360,416.8,191.7,116.5,20.57,0.699
360,416.8,191.2,110.5,20.57,0.742
360,416.9,190.8,104.5,20.59,0.742
360,416.9,190.4,98.6,20.59,0.750
360,417.0,190.0,92.5,20.60,0.750
360,417.1,189.6,86.5,20.60,0.755
360,417.2,189.2,80.5,20.62,0.755
360,417.3,188.8,74.4,20.62,0.756
360,417.4,188.4,68.4,20.63,0.756
360,417.5,188.0,62.5,20.63,0.751
360,417.8,187.7,56.8,20.65,0.751
360,418.1,187.4,51.2,20.65,0.706
360,418.4,187.1,45.6,20.64,0.706
360,418.8,186.9,40.3,20.64,0.655
360,419.2,186.7,35.1,20.63,0.655
360,419.8,186.7,30.6,20.63,0.575
360,421.1,186.3,27.1,21.28,0.575
360,422.5,186.0,23.7,21.11,0.466
360,424.6,185.9,21.0,21.11,0.423
360,426.7,185.8,18.3,21.11,0.423
360,428.7,185.8,15.7,21.11,0.423
360,430.8,185.7,13.0,21.11,0.423
360,434.3,185.9,11.6,21.20,0.423
360,437.8,186.2,10.2,21.20,0.468
360,441.2,186.4,8.8,21.20,0.468
360,444.7,186.7,7.4,21.38,0.468
360,448.5,186.9,6.4,21.38,0.491
360,452.2,187.0,5.3,21.38,0.491
360,456.0,187.2,4.2,21.52,0.491
360,459.9,187.4,3.5,21.52,0.494
360,463.8,187.5,3.0,21.52,0.494
360,467.6,187.7,3.0,21.52,0.494
360,471.5,187.8,3.0,21.65,0.494
360,475.3,187.9,3.0,21.65,0.484
360,479.1,188.0,3.0,21.65,0.484
360,482.6,188.1,3.0,21.81,0.484
360,486.2,188.1,3.0,21.81,0.445
360,489.7,188.2,3.0,21.81,0.445
360,493.3,188.3,3.0,21.96,0.445
360,496.6,188.3,3.0,21.96,0.423
360,500.0,188.4,3.0,21.96,0.423
360,503.4,188.4,3.0,21.96,0.423
360,506.6,188.5,3.0,22.05,0.423
360,509.8,188.5,3.0,22.05,0.402
360,513.0,188.5,3.0,22.05,0.402
360,516.2,188.6,3.0,22.13,0.402
360,519.3,188.6,3.0,22.13,0.382
360,522.3,188.6,3.0,22.13,0.382
360,525.4,188.6,3.0,22.13,0.382
360,528.4,188.7,3.0,22.21,0.382
360,531.3,188.7,3.0,22.21,0.362
360,534.2,188.7,3.0,22.21,0.362
360,537.1,188.7,3.0,22.21,0.362
360,540.0,188.7,3.0,22.21,0.362
360,542.6,188.7,3.0,22.32,0.327
360,545.2,188.6,3.0,22.32,0.327
360,547.8,188.6,3.0,22.32,0.327
360,550.4,188.6,3.0,22.32,0.327
360,553.0,188.6,3.0,22.43,0.327
360,555.5,188.5,3.0,22.43,0.310
360,558.0,188.5,3.0,22.43,0.310
360,560.5,188.5,3.0,22.43,0.310
360,563.0,188.4,3.0,22.43,0.310
360,565.3,188.4,3.0,22.49,0.310
360,567.7,188.3,3.0,22.49,0.295
360,570.0,188.3,3.0,22.49,0.295
360,572.4,188.2,3.0,22.49,0.295
360,574.8,188.2,3.0,22.49,0.295
360,577.0,188.0,3.0,22.57,0.295
360,579.2,187.9,3.0,22.57,0.278
360,581.4,187.7,3.0,22.57,0.278
360,583.6,187.6,3.0,22.57,0.278
360,585.9,187.4,3.0,22.57,0.278
360,588.1,187.3,3.0,22.67,0.278
360,590.2,187.2,3.0,22.67,0.263
360,592.3,187.1,3.0,22.67,0.263
360,594.4,187.0,3.0,22.67,0.263
360,596.5,186.8,3.0,22.67,0.263
360,598.6,186.8,3.0,22.67,0.263
360,600.7,186.6,3.0,22.72,0.263
360,602.6,186.5,3.0,22.72,0.246
360,604.6,186.3,3.0,22.72,0.246
360,606.6,186.2,3.0,22.72,0.246
360,608.5,186.0,3.0,22.72,0.246
360,610.5,185.8,3.0,22.72,0.246
360,612.5,185.7,3.0,22.81,0.246
360,614.3,185.5,3.0,22.81,0.233
360,616.2,185.4,3.0,22.81,0.233
360,618.0,185.3,3.0,22.81,0.233
360,619.9,185.2,3.0,22.81,0.233
360,621.8,185.1,3.0,22.81,0.233
360,623.6,184.9,3.0,22.81,0.233
360,625.5,184.7,3.0,22.84,0.233
360,627.3,184.5,3.0,22.84,0.231
360,629.1,184.3,3.0,22.84,0.231
360,631.0,184.1,3.0,22.84,0.231
360,632.8,183.9,3.0,22.84,0.231
360,634.6,183.7,3.0,22.84,0.231
360,636.5,183.5,3.0,22.93,0.231
360,638.1,183.4,3.0,22.93,0.206
360,639.8,183.3,3.0,22.93,0.206
360,641.4,183.2,3.0,22.93,0.206
360,643.1,183.1,3.0,22.93,0.206
360,644.7,182.9,3.0,22.93,0.206
360,646.4,182.8,3.0,22.93,0.206
360,648.0,182.7,3.0,22.98,0.206
360,649.6,182.5,3.0,22.98,0.205
360,651.3,182.4,3.1,22.98,0.205
360,652.9,182.2,3.1,22.98,0.205
360,654.5,182.0,3.1,22.98,0.205
360,656.2,181.9,3.1,22.98,0.205
360,657.8,181.7,3.1,22.98,0.205
360,659.4,181.5,3.1,22.98,0.205
360,661.0,181.4,3.1,23.04,0.205
360,662.5,181.3,3.1,23.04,0.195
360,664.1,181.2,3.1,23.04,0.195
360,665.6,181.1,3.1,23.04,0.195
360,667.2,180.9,3.1,23.04,0.195
360,668.8,180.8,3.1,23.04,0.195
360,670.3,180.7,3.1,23.04,0.195
360,671.9,180.6,3.1,23.04,0.195
360,673.3,180.5,3.1,23.10,0.185
360,674.8,180.4,3.1,23.10,0.185
360,676.3,180.4,3.1,23.10,0.185
360,677.8,180.3,3.1,23.10,0.185
360,679.3,180.2,3.1,23.10,0.185
360,680.7,180.1,3.1,23.10,0.185
360,682.2,180.1,3.1,23.10,0.185
366,428.8,159.5,261.7,20.65,0.317
366,426.1,162.9,259.1,20.65,0.626
366,423.4,166.2,256.5,20.65,0.626
366,420.8,169.6,253.9,21.12,0.626
366,418.7,175.4,253.7,19.14,0.788
366,416.6,181.2,253.6,19.60,0.773
366,413.9,183.4,263.0,19.60,1.253
366,411.0,185.8,267.0,19.55,1.253
366,408.1,188.2,267.0,19.55,1.625
366,408.1,190.6,267.0,19.55,1.625
366,408.1,193.1,267.0,19.51,1.625
366,408.1,192.6,267.0,19.51,1.704
366,408.1,192.1,267.0,19.51,1.704
366,408.1,194.6,267.0,19.51,1.704
366,408.1,194.1,267.0,19.51,1.704
366,408.1,193.6,267.0,19.51,1.704
366,408.1,193.2,267.0,19.51,1.704
366,408.1,192.7,267.0,19.51,1.704
366,408.1,192.2,267.0,19.51,1.704
366,408.1,194.7,267.0,19.51,1.704
366,408.1,194.2,267.0,19.51,1.704
366,408.1,193.7,267.0,19.51,1.704
366,408.1,193.2,267.0,19.51,1.704
366,408.1,192.7,267.0,19.51,1.704
366,408.1,192.2,267.0,19.51,1.704
366,408.1,194.7,267.0,19.51,1.704
366,408.1,194.2,267.0,19.51,1.704
366,408.1,193.7,267.0,19.51,1.704
366,408.1,193.3,267.0,19.51,1.704
366,408.1,192.8,267.0,19.51,1.704
366,408.1,192.3,267.0,19.51,1.704
366,408.1,191.8,267.0,19.55,1.704
366,408.1,191.3,267.0,19.55,1.625
366,408.1,190.9,267.0,19.55,1.625
366,408.1,190.4,267.0,19.55,1.625
366,408.1,192.8,267.0,19.51,1.625
366,408.1,192.3,267.0,19.51,1.704
366,408.1,191.9,267.0,19.55,1.704
366,408.1,191.4,267.0,19.55,1.625
366,408.1,190.9,267.0,19.55,1.625
366,408.1,190.4,267.0,19.55,1.625
366,408.1,192.9,267.0,19.51,1.625
366,408.1,192.4,267.0,19.51,1.704
366,408.1,191.9,267.0,19.55,1.704
366,408.1,191.4,267.0,19.55,1.625
366,408.1,191.0,267.0,19.55,1.625
366,408.1,190.5,267.0,19.55,1.625
366,408.1,192.9,267.0,19.51,1.625
366,408.1,192.5,267.0,19.51,1.704
366,408.1,192.0,267.0,19.55,1.704
366,408.1,191.5,267.0,19.55,1.625
366,408.1,191.0,267.0,19.55,1.625
366,408.1,190.5,267.0,19.55,1.625
366,408.1,193.0,267.0,19.51,1.625
366,408.1,192.5,267.0,19.51,1.704
366,408.1,192.0,267.0,19.51,1.704
366,408.1,194.5,267.0,19.51,1.704
366,408.1,194.0,267.0,19.51,1.704
366,408.1,193.5,267.0,19.51,1.704
366,408.1,193.0,267.0,19.51,1.704
366,408.1,192.6,267.0,19.51,1.704
366,408.1,192.1,267.0,19.51,1.704
366,408.1,194.5,267.0,19.51,1.704
366,408.1,194.1,267.0,19.51,1.704
366,408.1,193.6,267.0,19.51,1.704
366,408.1,193.1,267.0,19.51,1.704
366,408.1,192.6,267.0,19.51,1.704
366,408.1,192.1,267.0,19.51,1.704
366,408.1,194.6,267.0,19.51,1.704
366,408.1,194.1,267.0,19.51,1.704
366,408.1,193.6,267.0,19.51,1.704
366,408.1,193.2,267.0,19.51,1.704
366,408.1,192.7,267.0,19.51,1.704
366,408.1,192.2,267.0,19.51,1.704
366,408.1,194.6,267.0,19.51,1.704
366,408.1,194.2,267.0,19.51,1.704
366,408.1,193.7,267.0,19.51,1.704
366,408.1,193.2,267.0,19.51,1.704
366,408.1,192.7,267.0,19.51,1.704
366,408.1,192.2,267.0,19.51,1.704
366,408.1,194.7,267.0,19.51,1.704
366,408.1,194.2,267.0,19.51,1.704
366,408.1,193.7,267.0,19.51,1.704
366,408.1,193.2,267.0,19.51,1.704
366,408.1,192.8,267.0,19.51,1.704
366,408.1,192.3,267.0,19.51,1.704
366,408.1,191.8,267.0,19.55,1.704
366,408.1,191.3,267.0,19.55,1.625
366,408.1,190.8,267.0,19.55,1.625
366,408.1,190.4,267.0,19.55,1.625
366,408.1,192.8,267.0,19.51,1.625
366,408.1,192.3,267.0,19.51,1.704
366,408.1,191.9,267.0,19.55,1.704
366,408.1,191.4,267.0,19.55,1.625
366,408.1,190.9,267.0,19.55,1.625
366,408.1,190.4,267.0,19.55,1.625
366,408.1,192.9,267.0,19.51,1.625
366,408.1,192.4,267.0,19.51,1.704
366,408.1,191.9,267.0,19.55,1.704
366,408.1,191.4,267.0,19.55,1.625
366,408.1,190.9,267.0,19.55,1.625
366,408.1,190.5,267.0,19.55,1.625
366,408.1,192.9,267.0,19.51,1.625
366,408.1,192.5,267.0,19.51,1.704
366,408.1,192.0,267.0,19.55,1.704
366,408.1,191.5,267.0,19.55,1.625
366,408.1,191.0,267.0,19.55,1.625
366,408.1,190.5,267.0,19.55,1.625
366,408.1,193.0,267.0,19.51,1.625
366,408.1,192.5,267.0,19.51,1.704
366,408.1,192.0,267.0,19.51,1.704
366,408.1,194.5,267.0,19.51,1.704
366,408.1,194.0,267.0,19.51,1.704
366,408.1,193.5,267.0,19.51,1.704
366,408.1,193.0,267.0,19.51,1.704
366,408.1,192.6,267.0,19.51,1.704
366,408.1,192.1,267.0,19.51,1.704
366,408.1,194.5,267.0,19.51,1.704
366,408.1,194.0,267.0,19.51,1.704
366,408.1,193.6,267.0,19.51,1.704
366,408.1,193.1,267.0,19.51,1.704
366,408.1,192.6,267.0,19.51,1.704
366,408.1,192.1,267.0,19.51,1.704
366,408.1,194.6,267.0,19.51,1.704
366,408.1,194.1,267.0,19.51,1.704
366,408.1,193.6,267.0,19.51,1.704
366,408.1,193.1,267.0,19.51,1.704
366,408.1,192.7,267.0,19.51,1.704
366,408.1,192.2,267.0,19.51,1.704
366,408.1,194.6,267.0,19.51,1.704
366,408.1,194.2,267.0,19.51,1.704
366,408.1,193.7,267.0,19.51,1.704
366,408.1,193.2,267.0,19.51,1.704
366,408.1,192.7,267.0,19.51,1.704
366,408.1,192.2,267.0,19.51,1.704
366,408.1,194.7,267.0,19.51,1.704
366,408.1,194.2,267.0,19.51,1.704
366,408.1,193.7,267.0,19.51,1.704
366,408.1,193.2,267.0,19.51,1.704
366,408.1,192.8,267.0,19.51,1.704
366,408.1,192.3,267.0,19.51,1.704
366,408.1,191.8,267.0,19.55,1.704
366,408.1,191.3,267.0,19.55,1.625
366,408.1,190.8,267.0,19.55,1.625
366,408.1,190.3,267.0,19.55,1.625
366,408.1,192.8,267.0,19.51,1.625
366,408.1,192.3,267.0,19.51,1.704
366,408.1,191.9,267.0,19.55,1.704
366,408.1,191.4,267.0,19.55,1.625
366,408.1,190.9,267.0,19.55,1.625
366,408.1,190.4,267.0,19.55,1.625
366,408.1,192.9,267.0,19.51,1.625
366,408.1,192.4,267.0,19.51,1.704
366,408.1,191.9,267.0,19.55,1.704
366,408.1,191.4,267.0,19.55,1.625
366,408.1,190.9,267.0,19.55,1.625
366,408.1,190.5,267.0,19.55,1.625
366,408.1,192.9,267.0,19.51,1.625
366,408.1,192.4,267.0,19.51,1.704
366,408.1,192.0,267.0,19.55,1.704
372,367.9,193.1,264.4,18.16,0.831
372,374.5,192.6,263.9,19.22,0.831
372,379.5,192.1,267.0,19.11,1.014
372,384.5,194.4,267.0,19.51,1.261
372,387.4,193.9,267.0,19.51,1.704
372,390.3,193.4,267.0,19.51,1.704
372,393.2,192.9,267.0,19.51,1.704
372,396.1,192.3,267.0,19.62,1.704
372,396.1,191.9,267.0,19.30,1.846
372,396.1,191.4,267.0,19.30,1.734
372,396.1,190.9,267.0,19.30,1.734
372,396.1,190.4,267.0,19.30,1.734
372,396.1,192.9,267.0,19.62,1.734
372,396.1,192.4,267.0,19.62,1.846
372,396.1,191.9,267.0,19.30,1.846
372,396.1,191.4,267.0,19.30,1.734
372,396.1,190.9,267.0,19.30,1.734
372,396.1,190.5,267.0,19.30,1.734
372,396.1,192.9,267.0,19.62,1.734
372,396.1,192.4,267.0,19.62,1.846
372,396.1,191.9,267.0,19.30,1.846
372,396.1,191.5,267.0,19.30,1.734
372,396.1,191.0,267.0,19.30,1.734
372,396.1,190.5,267.0,19.30,1.734
372,396.1,193.0,267.0,19.62,1.734
372,396.1,192.5,267.0,19.62,1.846
372,396.1,192.0,267.0,19.62,1.846
372,396.1,194.5,267.0,19.62,1.846
372,396.1,194.0,267.0,19.62,1.846
372,396.1,193.5,267.0,19.62,1.846
372,396.1,193.0,267.0,19.62,1.846
372,396.1,192.5,267.0,19.62,1.846
372,396.1,192.1,267.0,19.62,1.846
372,396.1,194.5,267.0,19.62,1.846
372,396.1,194.0,267.0,19.62,1.846
372,396.1,193.6,267.0,19.62,1.846
372,396.1,193.1,267.0,19.62,1.846
372,396.1,192.6,267.0,19.62,1.846
372,396.1,192.1,267.0,19.62,1.846
372,396.1,194.6,267.0,19.62,1.846
372,396.1,194.1,267.0,19.62,1.846
372,396.1,193.6,267.0,19.62,1.846
372,396.1,193.1,267.0,19.62,1.846
372,396.1,192.7,267.0,19.62,1.846
372,396.1,192.2,267.0,19.62,1.846
372,396.1,194.6,267.0,19.62,1.846
372,396.1,194.2,267.0,19.62,1.846
372,396.1,193.7,267.0,19.62,1.846
372,396.1,193.2,267.0,19.62,1.846
372,396.1,192.7,267.0,19.62,1.846
372,396.1,192.2,267.0,19.62,1.846
372,396.1,194.7,267.0,19.62,1.846
372,396.1,194.2,267.0,19.62,1.846
372,396.1,193.7,267.0,19.62,1.846
372,396.1,193.2,267.0,19.62,1.846
372,396.1,192.8,267.0,19.62,1.846
372,396.1,192.3,267.0,19.62,1.846
372,396.1,191.8,267.0,19.30,1.846
372,396.1,191.3,267.0,19.30,1.734
372,396.1,190.8,267.0,19.30,1.734
372,396.1,190.3,267.0,19.30,1.734
372,396.1,192.8,267.0,19.62,1.734
372,396.1,192.3,267.0,19.62,1.846
372,396.1,191.8,267.0,19.30,1.846
372,396.1,191.4,267.0,19.30,1.734
372,396.1,190.9,267.0,19.30,1.734
372,396.1,190.4,267.0,19.30,1.734
372,396.1,192.9,267.0,19.62,1.734
372,396.1,192.4,267.0,19.62,1.846
372,396.1,191.9,267.0,19.30,1.846
372,396.1,191.4,267.0,19.30,1.734
372,396.1,190.9,267.0,19.30,1.734
372,396.1,190.5,267.0,19.30,1.734
372,396.1,192.9,267.0,19.62,1.734
372,396.1,192.4,267.0,19.62,1.846
372,396.1,191.9,267.0,19.30,1.846
372,396.1,191.5,267.0,19.30,1.734
372,396.1,191.0,267.0,19.30,1.734
372,396.1,190.5,267.0,19.30,1.734
372,396.1,193.0,267.0,19.62,1.734
372,396.1,192.5,267.0,19.62,1.846
372,396.1,192.0,267.0,19.62,1.846
372,396.1,191.5,267.0,19.30,1.734
372,396.1,191.0,267.0,19.30,1.734
372,396.1,190.6,267.0,19.30,1.734
372,396.1,193.0,267.0,19.62,1.734
372,396.1,192.5,267.0,19.62,1.846
372,396.1,192.1,267.0,19.62,1.846
372,396.1,194.5,267.0,19.62,1.846
372,396.1,194.0,267.0,19.62,1.846
372,396.1,193.6,267.0,19.62,1.846
372,396.1,193.1,267.0,19.62,1.846
372,396.1,192.6,267.0,19.62,1.846
372,396.1,192.1,267.0,19.62,1.846
372,396.1,194.6,267.0,19.62,1.846
372,396.1,194.1,267.0,19.62,1.846
372,396.1,193.6,267.0,19.62,1.846
372,396.1,193.1,267.0,19.62,1.846
372,396.1,192.6,267.0,19.62,1.846
372,396.1,192.2,267.0,19.62,1.846
372,396.1,194.6,267.0,19.62,1.846
372,396.1,194.1,267.0,19.62,1.846
372,396.1,193.7,267.0,19.62,1.846
372,396.1,193.2,267.0,19.62,1.846
372,396.1,192.7,267.0,19.62,1.846
372,396.1,192.2,267.0,19.62,1.846
372,396.1,194.7,267.0,19.62,1.846
372,396.1,194.2,267.0,19.62,1.846
372,396.1,193.7,267.0,19.62,1.846
372,396.1,193.2,267.0,19.62,1.846
372,396.1,192.8,267.0,19.62,1.846
372,396.1,192.3,267.0,19.62,1.846
372,396.1,191.8,267.0,19.30,1.846
372,396.1,191.3,267.0,19.30,1.734
372,396.1,190.8,267.0,19.30,1.734
372,396.1,190.3,267.0,19.30,1.734
372,396.1,192.8,267.0,19.62,1.734
372,396.1,192.3,267.0,19.62,1.846
372,396.1,191.8,267.0,19.30,1.846
372,396.1,191.3,267.0,19.30,1.734
372,396.1,190.9,267.0,19.30,1.734
372,396.1,190.4,267.0,19.30,1.734
372,396.1,192.9,267.0,19.62,1.734
372,396.1,192.4,267.0,19.62,1.846
372,396.1,191.9,267.0,19.30,1.846
372,396.1,191.4,267.0,19.30,1.734
372,396.1,190.9,267.0,19.30,1.734
372,396.1,190.4,267.0,19.30,1.734
372,396.1,192.9,267.0,19.62,1.734
372,396.1,192.4,267.0,19.62,1.846
372,396.1,191.9,267.0,19.30,1.846
372,396.1,191.5,267.0,19.30,1.734
372,396.1,191.0,267.0,19.30,1.734
372,396.1,190.5,267.0,19.30,1.734
372,396.1,193.0,267.0,19.62,1.734
372,396.1,192.5,267.0,19.62,1.846
372,396.1,192.0,267.0,19.30,1.846
372,396.1,191.5,267.0,19.30,1.734
372,396.1,191.0,267.0,19.30,1.734
372,396.1,190.5,267.0,19.30,1.734
372,396.1,193.0,267.0,19.62,1.734
372,396.1,192.5,267.0,19.62,1.846
372,396.1,192.0,267.0,19.62,1.846
372,396.1,194.5,267.0,19.62,1.846
372,396.1,194.0,267.0,19.62,1.846
372,396.1,193.5,267.0,19.62,1.846
372,396.1,193.1,267.0,19.62,1.846
372,396.1,192.6,267.0,19.62,1.846
372,396.1,192.1,267.0,19.62,1.846
372,396.1,194.6,267.0,19.62,1.846
372,396.1,194.1,267.0,19.62,1.846
372,396.1,193.6,267.0,19.62,1.846
372,396.1,193.1,267.0,19.62,1.846
372,396.1,192.6,267.0,19.62,1.846
372,396.1,192.2,267.0,19.62,1.846
372,396.1,194.6,267.0,19.62,1.846
372,396.1,194.1,267.0,19.62,1.846
372,396.1,193.7,267.0,19.62,1.846
372,396.1,193.2,267.0,19.62,1.846
372,396.1,192.7,267.0,19.62,1.846
378,370.8,191.3,264.5,18.96,0.861
378,375.8,190.8,267.0,19.83,0.861
378,380.8,193.1,267.0,19.11,1.252
378,385.8,192.6,267.0,19.51,1.261
378,388.7,192.0,267.0,19.51,1.704
378,391.6,194.4,267.0,19.51,1.704
378,394.5,193.9,267.0,19.51,1.704
378,394.5,193.4,267.0,19.51,1.704
378,394.5,193.0,267.0,19.51,1.704
378,394.5,192.5,267.0,19.51,1.704
378,394.5,192.0,267.0,19.55,1.704
378,394.5,191.5,267.0,19.55,1.625
378,394.5,191.0,267.0,19.55,1.625
378,394.5,190.5,267.0,19.55,1.625
378,394.5,193.0,267.0,19.51,1.625
378,394.5,192.5,267.0,19.51,1.704
378,394.5,192.0,267.0,19.51,1.704
378,394.5,194.5,267.0,19.51,1.704
378,394.5,194.0,267.0,19.51,1.704
378,394.5,193.5,267.0,19.51,1.704
378,394.5,193.1,267.0,19.51,1.704
378,394.5,192.6,267.0,19.51,1.704
378,394.5,192.1,267.0,19.51,1.704
378,394.5,194.6,267.0,19.51,1.704
378,394.5,194.1,267.0,19.51,1.704
378,394.5,193.6,267.0,19.51,1.704
378,394.5,193.1,267.0,19.51,1.704
378,394.5,192.6,267.0,19.51,1.704
378,394.5,192.2,267.0,19.51,1.704
378,394.5,194.6,267.0,19.51,1.704
378,394.5,194.1,267.0,19.51,1.704
378,394.5,193.7,267.0,19.51,1.704
378,394.5,193.2,267.0,19.51,1.704
378,394.5,192.7,267.0,19.51,1.704
378,394.5,192.2,267.0,19.51,1.704
378,394.5,194.7,267.0,19.51,1.704
378,394.5,194.2,267.0,19.51,1.704
378,394.5,193.7,267.0,19.51,1.704
378,394.5,193.2,267.0,19.51,1.704
378,394.5,192.7,267.0,19.51,1.704
378,394.5,192.3,267.0,19.51,1.704
378,394.5,194.7,267.0,19.51,1.704
378,394.5,194.2,267.0,19.51,1.704
378,394.5,193.8,267.0,19.51,1.704
378,394.5,193.3,267.0,19.51,1.704
378,394.5,192.8,267.0,19.51,1.704
378,394.5,192.3,267.0,19.51,1.704
378,394.5,191.8,267.0,19.55,1.704
378,394.5,191.3,267.0,19.55,1.625
378,394.5,190.9,267.0,19.55,1.625
378,394.5,190.4,267.0,19.55,1.625
378,394.5,192.8,267.0,19.51,1.625
378,394.5,192.4,267.0,19.51,1.704
378,394.5,191.9,267.0,19.55,1.704
378,394.5,191.4,267.0,19.55,1.625
378,394.5,190.9,267.0,19.55,1.625
378,394.5,190.4,267.0,19.55,1.625
378,394.5,192.9,267.0,19.51,1.625
378,394.5,192.4,267.0,19.51,1.704
378,394.5,191.9,267.0,19.55,1.704
378,394.5,191.5,267.0,19.55,1.625
378,394.5,191.0,267.0,19.55,1.625
378,394.5,190.5,267.0,19.55,1.625
378,394.5,192.9,267.0,19.51,1.625
378,394.5,192.5,267.0,19.51,1.704
378,394.5,192.0,267.0,19.55,1.704
378,394.5,191.5,267.0,19.55,1.625
378,394.5,191.0,267.0,19.55,1.625
378,394.5,190.5,267.0,19.55,1.625
378,394.5,193.0,267.0,19.51,1.625
378,394.5,192.5,267.0,19.51,1.704
378,394.5,192.0,267.0,19.51,1.704
378,394.5,194.5,267.0,19.51,1.704
378,394.5,194.0,267.0,19.51,1.704
378,394.5,193.5,267.0,19.51,1.704
378,394.5,193.1,267.0,19.51,1.704
378,394.5,192.6,267.0,19.51,1.704
378,394.5,192.1,267.0,19.51,1.704
378,394.5,194.6,267.0,19.51,1.704
378,394.5,194.1,267.0,19.51,1.704
378,394.5,193.6,267.0,19.51,1.704
378,394.5,193.1,267.0,19.51,1.704
378,394.5,192.6,267.0,19.51,1.704
378,394.5,192.1,267.0,19.51,1.704
378,394.5,194.6,267.0,19.51,1.704
378,394.5,194.1,267.0,19.51,1.704
378,394.5,193.6,267.0,19.51,1.704
378,394.5,193.2,267.0,19.51,1.704
378,394.5,192.7,267.0,19.51,1.704
378,394.5,192.2,267.0,19.51,1.704
378,394.5,194.7,267.0,19.51,1.704
378,394.5,194.2,267.0,19.51,1.704
378,394.5,193.7,267.0,19.51,1.704
378,394.5,193.2,267.0,19.51,1.704
378,394.5,192.7,267.0,19.51,1.704
378,394.5,192.2,267.0,19.51,1.704
378,394.5,194.7,267.0,19.51,1.704
378,394.5,194.2,267.0,19.51,1.704
378,394.5,193.8,267.0,19.51,1.704
378,394.5,193.3,267.0,19.51,1.704
378,394.5,192.8,267.0,19.51,1.704
378,394.5,192.3,267.0,19.51,1.704
378,394.5,191.8,267.0,19.55,1.704
378,394.5,191.3,267.0,19.55,1.625
378,394.5,190.9,267.0,19.55,1.625
378,394.5,190.4,267.0,19.55,1.625
378,394.5,192.8,267.0,19.51,1.625
378,394.5,192.3,267.0,19.51,1.704
378,394.5,191.9,267.0,19.55,1.704
378,394.5,191.4,267.0,19.55,1.625
378,394.5,190.9,267.0,19.55,1.625
378,394.5,190.4,267.0,19.55,1.625
378,394.5,192.9,267.0,19.51,1.625
378,394.5,192.4,267.0,19.51,1.704
378,394.5,191.9,267.0,19.55,1.704
378,394.5,191.4,267.0,19.55,1.625
378,394.5,191.0,267.0,19.55,1.625
378,394.5,190.5,267.0,19.55,1.625
378,394.5,192.9,267.0,19.51,1.625
378,394.5,192.5,267.0,19.51,1.704
378,394.5,192.0,267.0,19.55,1.704
378,394.5,191.5,267.0,19.55,1.625
378,394.5,191.0,267.0,19.55,1.625
378,394.5,190.5,267.0,19.55,1.625
378,394.5,193.0,267.0,19.51,1.625
378,394.5,192.5,267.0,19.51,1.704
378,394.5,192.0,267.0,19.51,1.704
378,394.5,194.5,267.0,19.51,1.704
378,394.5,194.0,267.0,19.51,1.704
378,394.5,193.5,267.0,19.51,1.704
378,394.5,193.1,267.0,19.51,1.704
378,394.5,192.6,267.0,19.51,1.704
378,394.5,192.1,267.0,19.51,1.704
378,394.5,194.6,267.0,19.51,1.704
378,394.5,194.1,267.0,19.51,1.704
378,394.5,193.6,267.0,19.51,1.704
378,394.5,193.1,267.0,19.51,1.704
378,394.5,192.6,267.0,19.51,1.704
378,394.5,192.1,267.0,19.51,1.704
378,394.5,194.6,267.0,19.51,1.704
378,394.5,194.1,267.0,19.51,1.704
378,394.5,193.6,267.0,19.51,1.704
378,394.5,193.2,267.0,19.51,1.704
378,394.5,192.7,267.0,19.51,1.704
378,394.5,192.2,267.0,19.51,1.704
378,394.5,194.6,267.0,19.51,1.704
378,394.5,194.2,267.0,19.51,1.704
378,394.5,193.7,267.0,19.51,1.704
378,394.5,193.2,267.0,19.51,1.704
378,394.5,192.7,267.0,19.51,1.704
378,394.5,192.2,267.0,19.51,1.704
378,394.5,194.7,267.0,19.51,1.704
378,394.5,194.2,267.0,19.51,1.704
378,394.5,193.7,267.0,19.51,1.704
378,394.5,193.3,267.0,19.51,1.704
378,394.5,192.8,267.0,19.51,1.704
378,394.5,192.3,267.0,19.51,1.704
378,394.5,191.8,267.0,19.55,1.704
378,394.5,191.3,267.0,19.55,1.625
378,394.5,190.9,267.0,19.55,1.625
384,404.0,248.2,260.1,19.95,0.839
384,404.0,244.9,255.2,19.95,0.739
384,404.0,241.6,250.3,21.01,0.739
384,404.0,238.8,246.8,19.61,0.550
384,404.0,233.3,245.4,19.61,0.716
384,404.0,227.8,244.0,19.77,0.716
384,404.0,223.1,246.3,19.77,0.646
384,404.0,218.5,248.6,19.77,0.646
384,404.0,213.9,250.9,19.95,0.646
384,404.0,210.8,260.8,19.61,0.691
384,404.0,207.5,267.0,19.53,1.297
384,404.0,204.2,267.0,19.53,1.684
384,404.0,203.7,267.0,19.62,1.684
384,404.0,203.3,267.0,19.62,1.846
384,404.0,202.8,267.0,19.62,1.846
384,404.0,202.3,267.0,19.62,1.846
384,404.0,201.8,267.0,19.62,1.846
384,404.0,201.3,267.0,19.62,1.846
384,404.0,200.8,267.0,19.62,1.846
384,404.0,200.4,267.0,19.62,1.846
384,404.0,199.9,267.0,19.62,1.846
384,404.0,199.4,267.0,19.62,1.846
384,404.0,198.9,267.0,19.62,1.846
384,404.0,198.4,267.0,19.62,1.846
384,404.0,198.0,267.0,19.62,1.846
384,404.0,197.5,267.0,19.62,1.846
384,404.0,197.0,267.0,19.62,1.846
384,404.0,196.5,267.0,19.62,1.846
384,404.0,196.0,267.0,19.62,1.846
384,404.0,195.5,267.0,19.62,1.846
384,404.0,195.1,267.0,19.62,1.846
384,404.0,194.6,267.0,19.62,1.846
384,404.0,194.1,267.0,19.62,1.846
384,404.0,193.6,267.0,19.62,1.846
384,404.0,193.1,267.0,19.62,1.846
384,404.0,192.6,267.0,19.62,1.846
384,404.0,192.2,267.0,19.62,1.846
384,404.0,194.6,267.0,19.62,1.846
384,404.0,194.1,267.0,19.62,1.846
384,404.0,193.7,267.0,19.62,1.846
384,404.0,193.2,267.0,19.62,1.846
384,404.0,192.7,267.0,19.62,1.846
384,404.0,192.2,267.0,19.62,1.846
384,404.0,194.7,267.0,19.62,1.846
384,404.0,194.2,267.0,19.62,1.846
384,404.0,193.7,267.0,19.62,1.846
384,404.0,193.2,267.0,19.62,1.846
384,404.0,192.8,267.0,19.62,1.846
384,404.0,192.3,267.0,19.62,1.846
384,404.0,191.8,267.0,19.30,1.846
384,404.0,191.3,267.0,19.30,1.734
384,404.0,190.8,267.0,19.30,1.734
384,404.0,190.3,267.0,19.30,1.734
384,404.0,192.8,267.0,19.62,1.734
384,404.0,192.3,267.0,19.62,1.846
384,404.0,191.8,267.0,19.30,1.846
384,404.0,191.3,267.0,19.30,1.734
384,404.0,190.9,267.0,19.30,1.734
384,404.0,190.4,267.0,19.30,1.734
384,404.0,192.9,267.0,19.62,1.734
384,404.0,192.4,267.0,19.62,1.846
384,404.0,191.9,267.0,19.30,1.846
384,404.0,191.4,267.0,19.30,1.734
384,404.0,190.9,267.0,19.30,1.734
384,404.0,190.4,267.0,19.30,1.734
384,404.0,192.9,267.0,19.62,1.734
384,404.0,192.4,267.0,19.62,1.846
384,404.0,191.9,267.0,19.30,1.846
384,404.0,191.5,267.0,19.30,1.734
384,404.0,191.0,267.0,19.30,1.734
384,404.0,190.5,267.0,19.30,1.734
384,404.0,193.0,267.0,19.62,1.734
384,404.0,192.5,267.0,19.62,1.846
384,404.0,192.0,267.0,19.62,1.846
384,404.0,191.5,267.0,19.30,1.734
384,404.0,191.0,267.0,19.30,1.734
384,404.0,190.6,267.0,19.30,1.734
384,404.0,193.0,267.0,19.62,1.734
384,404.0,192.5,267.0,19.62,1.846
384,404.0,192.1,267.0,19.62,1.846
384,404.0,194.5,267.0,19.62,1.846
384,404.0,194.0,267.0,19.62,1.846
384,404.0,193.6,267.0,19.62,1.846
384,404.0,193.1,267.0,19.62,1.846
384,404.0,192.6,267.0,19.62,1.846
384,404.0,192.1,267.0,19.62,1.846
384,404.0,194.6,267.0,19.62,1.846
384,404.0,194.1,267.0,19.62,1.846
384,404.0,193.6,267.0,19.62,1.846
384,404.0,193.1,267.0,19.62,1.846
384,404.0,192.6,267.0,19.62,1.846
384,404.0,192.2,267.0,19.62,1.846
384,404.0,194.6,267.0,19.62,1.846
384,404.0,194.1,267.0,19.62,1.846
384,404.0,193.7,267.0,19.62,1.846
384,404.0,193.2,267.0,19.62,1.846
384,404.0,192.7,267.0,19.62,1.846
384,404.0,192.2,267.0,19.62,1.846
384,404.0,194.7,267.0,19.62,1.846
384,404.0,194.2,267.0,19.62,1.846
384,404.0,193.7,267.0,19.62,1.846
384,404.0,193.2,267.0,19.62,1.846
384,404.0,192.7,267.0,19.62,1.846
384,404.0,192.3,267.0,19.62,1.846
384,404.0,191.8,267.0,19.30,1.846
384,404.0,191.3,267.0,19.30,1.734
384,404.0,190.8,267.0,19.30,1.734
384,404.0,190.3,267.0,19.30,1.734
384,404.0,192.8,267.0,19.62,1.734
384,404.0,192.3,267.0,19.62,1.846
384,404.0,191.8,267.0,19.30,1.846
384,404.0,191.3,267.0,19.30,1.734
384,404.0,190.9,267.0,19.30,1.734
384,404.0,190.4,267.0,19.30,1.734
384,404.0,192.9,267.0,19.62,1.734
384,404.0,192.4,267.0,19.62,1.846
384,404.0,191.9,267.0,19.30,1.846
384,404.0,191.4,267.0,19.30,1.734
384,404.0,190.9,267.0,19.30,1.734
384,404.0,190.4,267.0,19.30,1.734
384,404.0,192.9,267.0,19.62,1.734
384,404.0,192.4,267.0,19.62,1.846
384,404.0,191.9,267.0,19.30,1.846
384,404.0,191.5,267.0,19.30,1.734
384,404.0,191.0,267.0,19.30,1.734
384,404.0,190.5,267.0,19.30,1.734
384,404.0,192.9,267.0,19.62,1.734
384,404.0,192.5,267.0,19.62,1.846
384,404.0,192.0,267.0,19.30,1.846
384,404.0,191.5,267.0,19.30,1.734
384,404.0,191.0,267.0,19.30,1.734
384,404.0,190.5,267.0,19.30,1.734
384,404.0,193.0,267.0,19.62,1.734
384,404.0,192.5,267.0,19.62,1.846
384,404.0,192.0,267.0,19.62,1.846
384,404.0,194.5,267.0,19.62,1.846
384,404.0,194.0,267.0,19.62,1.846
384,404.0,193.5,267.0,19.62,1.846
384,404.0,193.1,267.0,19.62,1.846
384,404.0,192.6,267.0,19.62,1.846
384,404.0,192.1,267.0,19.62,1.846
384,404.0,194.6,267.0,19.62,1.846
384,404.0,194.1,267.0,19.62,1.846
384,404.0,193.6,267.0,19.62,1.846
384,404.0,193.1,267.0,19.62,1.846
384,404.0,192.6,267.0,19.62,1.846
384,404.0,192.2,267.0,19.62,1.846
384,404.0,194.6,267.0,19.62,1.846
384,404.0,194.1,267.0,19.62,1.846
384,404.0,193.7,267.0,19.62,1.846
384,404.0,193.2,267.0,19.62,1.846
384,404.0,192.7,267.0,19.62,1.846
384,404.0,192.2,267.0,19.62,1.846
384,404.0,194.7,267.0,19.62,1.846
384,404.0,194.2,267.0,19.62,1.846
384,404.0,193.7,267.0,19.62,1.846
384,404.0,193.2,267.0,19.62,1.846
384,404.0,192.7,267.0,19.62,1.846
384,404.0,192.2,267.0,19.62,1.846
384,404.0,191.8,267.0,19.30,1.846
390,407.5,165.6,257.5,18.30,1.273
390,407.5,170.3,249.9,19.31,1.119
390,407.5,175.2,248.6,19.31,0.628
390,407.5,180.0,247.2,19.67,0.628
390,407.5,181.8,252.3,19.37,0.677
390,407.5,184.1,262.7,19.37,1.327
390,407.5,186.6,267.0,19.30,1.327
390,407.5,189.0,267.0,19.30,1.734
390,407.5,191.5,267.0,19.30,1.734
390,407.5,191.0,267.0,19.30,1.734
390,407.5,190.5,267.0,19.30,1.734
390,407.5,193.0,267.0,19.62,1.734
390,407.5,192.5,267.0,19.62,1.846
390,407.5,192.0,267.0,19.62,1.846
390,407.5,194.5,267.0,19.62,1.846
390,407.5,194.0,267.0,19.62,1.846
390,407.5,193.5,267.0,19.62,1.846
390,407.5,193.1,267.0,19.62,1.846
390,407.5,192.6,267.0,19.62,1.846
390,407.5,192.1,267.0,19.62,1.846
390,407.5,194.6,267.0,19.62,1.846
390,407.5,194.1,267.0,19.62,1.846
390,407.5,193.6,267.0,19.62,1.846
390,407.5,193.1,267.0,19.62,1.846
390,407.5,192.6,267.0,19.62,1.846
390,407.5,192.2,267.0,19.62,1.846
390,407.5,194.6,267.0,19.62,1.846
390,407.5,194.1,267.0,19.62,1.846
390,407.5,193.7,267.0,19.62,1.846
390,407.5,193.2,267.0,19.62,1.846
390,407.5,192.7,267.0,19.62,1.846
390,407.5,192.2,267.0,19.62,1.846
390,407.5,194.7,267.0,19.62,1.846
390,407.5,194.2,267.0,19.62,1.846
390,407.5,193.7,267.0,19.62,1.846
390,407.5,193.2,267.0,19.62,1.846
390,407.5,192.7,267.0,19.62,1.846
390,407.5,192.3,267.0,19.62,1.846
390,407.5,191.8,267.0,19.30,1.846
390,407.5,191.3,267.0,19.30,1.734
390,407.5,190.8,267.0,19.30,1.734
390,407.5,190.3,267.0,19.30,1.734
390,407.5,192.8,267.0,19.62,1.734
390,407.5,192.3,267.0,19.62,1.846
390,407.5,191.8,267.0,19.30,1.846
390,407.5,191.3,267.0,19.30,1.734
390,407.5,190.9,267.0,19.30,1.734
390,407.5,190.4,267.0,19.30,1.734
390,407.5,192.8,267.0,19.62,1.734
390,407.5,192.4,267.0,19.62,1.846
390,407.5,191.9,267.0,19.30,1.846
390,407.5,191.4,267.0,19.30,1.734
390,407.5,190.9,267.0,19.30,1.734
390,407.5,190.4,267.0,19.30,1.734
390,407.5,192.9,267.0,19.62,1.734
390,407.5,192.4,267.0,19.62,1.846
390,407.5,191.9,267.0,19.30,1.846
390,407.5,191.5,267.0,19.30,1.734
390,407.5,191.0,267.0,19.30,1.734
390,407.5,190.5,267.0,19.30,1.734
390,407.5,192.9,267.0,19.62,1.734
390,407.5,192.5,267.0,19.62,1.846
390,407.5,192.0,267.0,19.30,1.846
390,407.5,191.5,267.0,19.30,1.734
390,407.5,191.0,267.0,19.30,1.734
390,407.5,190.5,267.0,19.30,1.734
390,407.5,193.0,267.0,19.62,1.734
390,407.5,192.5,267.0,19.62,1.846
390,407.5,192.0,267.0,19.62,1.846
390,407.5,194.5,267.0,19.62,1.846
390,407.5,194.0,267.0,19.62,1.846
390,407.5,193.5,267.0,19.62,1.846
390,407.5,193.1,267.0,19.62,1.846
390,407.5,192.6,267.0,19.62,1.846
390,407.5,192.1,267.0,19.62,1.846
390,407.5,194.6,267.0,19.62,1.846
390,407.5,194.1,267.0,19.62,1.846
390,407.5,193.6,267.0,19.62,1.846
390,407.5,193.1,267.0,19.62,1.846
390,407.5,192.6,267.0,19.62,1.846
390,407.5,192.1,267.0,19.62,1.846
390,407.5,194.6,267.0,19.62,1.846
390,407.5,194.1,267.0,19.62,1.846
390,407.5,193.6,267.0,19.62,1.846
390,407.5,193.2,267.0,19.62,1.846
390,407.5,192.7,267.0,19.62,1.846
390,407.5,192.2,267.0,19.62,1.846
390,407.5,194.7,267.0,19.62,1.846
390,407.5,194.2,267.0,19.62,1.846
390,407.5,193.7,267.0,19.62,1.846
390,407.5,193.2,267.0,19.62,1.846
390,407.5,192.7,267.0,19.62,1.846
390,407.5,192.2,267.0,19.62,1.846
390,407.5,191.8,267.0,19.30,1.846
390,407.5,191.3,267.0,19.30,1.734
390,407.5,190.8,267.0,19.30,1.734
390,407.5,190.3,267.0,19.30,1.734
390,407.5,192.8,267.0,19.62,1.734
390,407.5,192.3,267.0,19.62,1.846
390,407.5,191.8,267.0,19.30,1.846
390,407.5,191.3,267.0,19.30,1.734
390,407.5,190.9,267.0,19.30,1.734
390,407.5,190.4,267.0,19.30,1.734
390,407.5,192.8,267.0,19.62,1.734
390,407.5,192.3,267.0,19.62,1.846
390,407.5,191.9,267.0,19.30,1.846
390,407.5,191.4,267.0,19.30,1.734
390,407.5,190.9,267.0,19.30,1.734
390,407.5,190.4,267.0,19.30,1.734
390,407.5,192.9,267.0,19.62,1.734
390,407.5,192.4,267.0,19.62,1.846
390,407.5,191.9,267.0,19.30,1.846
390,407.5,191.4,267.0,19.30,1.734
390,407.5,191.0,267.0,19.30,1.734
390,407.5,190.5,267.0,19.30,1.734
390,407.5,192.9,267.0,19.62,1.734
390,407.5,192.5,267.0,19.62,1.846
390,407.5,192.0,267.0,19.30,1.846
390,407.5,191.5,267.0,19.30,1.734
390,407.5,191.0,267.0,19.30,1.734
390,407.5,190.5,267.0,19.30,1.734
390,407.5,193.0,267.0,19.62,1.734
390,407.5,192.5,267.0,19.62,1.846
390,407.5,192.0,267.0,19.62,1.846
390,407.5,194.5,267.0,19.62,1.846
390,407.5,194.0,267.0,19.62,1.846
390,407.5,193.5,267.0,19.62,1.846
390,407.5,193.1,267.0,19.62,1.846
390,407.5,192.6,267.0,19.62,1.846
390,407.5,192.1,267.0,19.62,1.846
390,407.5,194.6,267.0,19.62,1.846
390,407.5,194.1,267.0,19.62,1.846
390,407.5,193.6,267.0,19.62,1.846
390,407.5,193.1,267.0,19.62,1.846
390,407.5,192.6,267.0,19.62,1.846
390,407.5,192.1,267.0,19.62,1.846
390,407.5,194.6,267.0,19.62,1.846
390,407.5,194.1,267.0,19.62,1.846
390,407.5,193.6,267.0,19.62,1.846
390,407.5,193.2,267.0,19.62,1.846
390,407.5,192.7,267.0,19.62,1.846
390,407.5,192.2,267.0,19.62,1.846
390,407.5,194.6,267.0,19.62,1.846
390,407.5,194.2,267.0,19.62,1.846
390,407.5,193.7,267.0,19.62,1.846
390,407.5,193.2,267.0,19.62,1.846
390,407.5,192.7,267.0,19.62,1.846
390,407.5,192.2,267.0,19.62,1.846
390,407.5,191.8,267.0,19.30,1.846
390,407.5,191.3,267.0,19.30,1.734
390,407.5,190.8,267.0,19.30,1.734
390,407.5,190.3,267.0,19.30,1.734
390,407.5,192.8,267.0,19.62,1.734
390,407.5,192.3,267.0,19.62,1.846
390,407.5,191.8,267.0,19.30,1.846
390,407.5,191.3,267.0,19.30,1.734
390,407.5,190.9,267.0,19.30,1.734
390,407.5,190.4,267.0,19.30,1.734
390,407.5,192.8,267.0,19.62,1.734
390,407.5,192.3,267.0,19.62,1.846
396,359.9,208.8,260.0,21.39,0.831
396,366.0,206.5,259.7,18.89,0.817
396,372.1,204.2,259.4,19.68,0.817
396,377.1,203.7,265.8,19.11,1.028
396,382.1,203.1,267.0,19.11,1.261
396,385.0,202.6,267.0,19.51,1.261
396,387.9,202.1,267.0,19.51,1.704
396,390.8,201.6,267.0,19.51,1.704
396,393.7,201.0,267.0,19.51,1.704
396,396.6,200.5,267.0,19.62,1.704
396,396.6,200.0,267.0,19.62,1.846
396,396.6,199.6,267.0,19.62,1.846
396,396.6,199.1,267.0,19.62,1.846
396,396.6,198.6,267.0,19.62,1.846
396,396.6,198.1,267.0,19.62,1.846
396,396.6,197.6,267.0,19.62,1.846
396,396.6,197.2,267.0,19.62,1.846
396,396.6,196.7,267.0,19.62,1.846
396,396.6,196.2,267.0,19.62,1.846
396,396.6,195.7,267.0,19.62,1.846
396,396.6,195.2,267.0,19.62,1.846
396,396.6,194.7,267.0,19.62,1.846
396,396.6,194.3,267.0,19.62,1.846
396,396.6,193.8,267.0,19.62,1.846
396,396.6,193.3,267.0,19.62,1.846
396,396.6,192.8,267.0,19.62,1.846
396,396.6,192.3,267.0,19.62,1.846
396,396.6,191.8,267.0,19.30,1.846
396,396.6,191.4,267.0,19.30,1.734
396,396.6,190.9,267.0,19.30,1.734
396,396.6,190.4,267.0,19.30,1.734
396,396.6,192.9,267.0,19.62,1.734
396,396.6,192.4,267.0,19.62,1.846
396,396.6,191.9,267.0,19.30,1.846
396,396.6,191.4,267.0,19.30,1.734
396,396.6,190.9,267.0,19.30,1.734
396,396.6,190.5,267.0,19.30,1.734
396,396.6,192.9,267.0,19.62,1.734
396,396.6,192.4,267.0,19.62,1.846
396,396.6,191.9,267.0,19.30,1.846
396,396.6,191.5,267.0,19.30,1.734
396,396.6,191.0,267.0,19.30,1.734
396,396.6,190.5,267.0,19.30,1.734
396,396.6,193.0,267.0,19.62,1.734
396,396.6,192.5,267.0,19.62,1.846
396,396.6,192.0,267.0,19.62,1.846
396,396.6,194.5,267.0,19.62,1.846
396,396.6,194.0,267.0,19.62,1.846
396,396.6,193.5,267.0,19.62,1.846
396,396.6,193.0,267.0,19.62,1.846
396,396.6,192.5,267.0,19.62,1.846
396,396.6,192.1,267.0,19.62,1.846
396,396.6,194.5,267.0,19.62,1.846
396,396.6,194.0,267.0,19.62,1.846
396,396.6,193.6,267.0,19.62,1.846
396,396.6,193.1,267.0,19.62,1.846
396,396.6,192.6,267.0,19.62,1.846
396,396.6,192.1,267.0,19.62,1.846
396,396.6,194.6,267.0,19.62,1.846
396,396.6,194.1,267.0,19.62,1.846
396,396.6,193.6,267.0,19.62,1.846
396,396.6,193.1,267.0,19.62,1.846
396,396.6,192.6,267.0,19.62,1.846
396,396.6,192.2,267.0,19.62,1.846
396,396.6,194.6,267.0,19.62,1.846
396,396.6,194.1,267.0,19.62,1.846
396,396.6,193.7,267.0,19.62,1.846
396,396.6,193.2,267.0,19.62,1.846
396,396.6,192.7,267.0,19.62,1.846
396,396.6,192.2,267.0,19.62,1.846
396,396.6,194.7,267.0,19.62,1.846
396,396.6,194.2,267.0,19.62,1.846
396,396.6,193.7,267.0,19.62,1.846
396,396.6,193.2,267.0,19.62,1.846
396,396.6,192.8,267.0,19.62,1.846
396,396.6,192.3,267.0,19.62,1.846
396,396.6,191.8,267.0,19.30,1.846
396,396.6,191.3,267.0,19.30,1.734
396,396.6,190.8,267.0,19.30,1.734
396,396.6,190.3,267.0,19.30,1.734
396,396.6,192.8,267.0,19.62,1.734
396,396.6,192.3,267.0,19.62,1.846
396,396.6,191.8,267.0,19.30,1.846
396,396.6,191.3,267.0,19.30,1.734
396,396.6,190.9,267.0,19.30,1.734
396,396.6,190.4,267.0,19.30,1.734
396,396.6,192.9,267.0,19.62,1.734
396,396.6,192.4,267.0,19.62,1.846
396,396.6,191.9,267.0,19.30,1.846
396,396.6,191.4,267.0,19.30,1.734
396,396.6,190.9,267.0,19.30,1.734
396,396.6,190.4,267.0,19.30,1.734
396,396.6,192.9,267.0,19.62,1.734
396,396.6,192.4,267.0,19.62,1.846
396,396.6,191.9,267.0,19.30,1.846
396,396.6,191.5,267.0,19.30,1.734
396,396.6,191.0,267.0,19.30,1.734
396,396.6,190.5,267.0,19.30,1.734
396,396.6,193.0,267.0,19.62,1.734
396,396.6,192.5,267.0,19.62,1.846
396,396.6,192.0,267.0,19.30,1.846
396,396.6,191.5,267.0,19.30,1.734
396,396.6,191.0,267.0,19.30,1.734
396,396.6,190.6,267.0,19.30,1.734
396,396.6,193.0,267.0,19.62,1.734
396,396.6,192.5,267.0,19.62,1.846
396,396.6,192.1,267.0,19.62,1.846
396,396.6,194.5,267.0,19.62,1.846
396,396.6,194.0,267.0,19.62,1.846
396,396.6,193.6,267.0,19.62,1.846
396,396.6,193.1,267.0,19.62,1.846
396,396.6,192.6,267.0,19.62,1.846
396,396.6,192.1,267.0,19.62,1.846
396,396.6,194.6,267.0,19.62,1.846
396,396.6,194.1,267.0,19.62,1.846
396,396.6,193.6,267.0,19.62,1.846
396,396.6,193.1,267.0,19.62,1.846
396,396.6,192.6,267.0,19.62,1.846
396,396.6,192.2,267.0,19.62,1.846
396,396.6,194.6,267.0,19.62,1.846
396,396.6,194.1,267.0,19.62,1.846
396,396.6,193.7,267.0,19.62,1.846
396,396.6,193.2,267.0,19.62,1.846
396,396.6,192.7,267.0,19.62,1.846
396,396.6,192.2,267.0,19.62,1.846
396,396.6,194.7,267.0,19.62,1.846
396,396.6,194.2,267.0,19.62,1.846
396,396.6,193.7,267.0,19.62,1.846
396,396.6,193.2,267.0,19.62,1.846
396,396.6,192.7,267.0,19.62,1.846
396,396.6,192.3,267.0,19.62,1.846
396,396.6,191.8,267.0,19.30,1.846
396,396.6,191.3,267.0,19.30,1.734
396,396.6,190.8,267.0,19.30,1.734
396,396.6,190.3,267.0,19.30,1.734
396,396.6,192.8,267.0,19.62,1.734
396,396.6,192.3,267.0,19.62,1.846
396,396.6,191.8,267.0,19.30,1.846
396,396.6,191.3,267.0,19.30,1.734
396,396.6,190.9,267.0,19.30,1.734
396,396.6,190.4,267.0,19.30,1.734
396,396.6,192.9,267.0,19.62,1.734
396,396.6,192.4,267.0,19.62,1.846
396,396.6,191.9,267.0,19.30,1.846
396,396.6,191.4,267.0,19.30,1.734
396,396.6,190.9,267.0,19.30,1.734
396,396.6,190.4,267.0,19.30,1.734
396,396.6,192.9,267.0,19.62,1.734
396,396.6,192.4,267.0,19.62,1.846
396,396.6,191.9,267.0,19.30,1.846
396,396.6,191.5,267.0,19.30,1.734
396,396.6,191.0,267.0,19.30,1.734
396,396.6,190.5,267.0,19.30,1.734
396,396.6,192.9,267.0,19.62,1.734
396,396.6,192.5,267.0,19.62,1.846
396,396.6,192.0,267.0,19.30,1.846
396,396.6,191.5,267.0,19.30,1.734
396,396.6,191.0,267.0,19.30,1.734
396,396.6,190.5,267.0,19.30,1.734
396,396.6,193.0,267.0,19.62,1.734
402,368.8,163.4,262.4,23.32,0.776
402,371.5,166.7,259.8,23.32,0.626
402,375.2,172.0,260.1,20.39,0.626
402,379.0,177.3,260.4,20.39,0.809
402,382.7,182.6,260.7,19.86,0.809
402,385.4,184.7,267.0,19.55,1.008
402,388.3,187.1,267.0,19.55,1.625
402,391.2,189.5,267.0,19.55,1.625
402,394.1,191.9,267.0,19.55,1.625
402,397.0,191.4,267.0,19.30,1.625
402,397.0,190.9,267.0,19.30,1.734
402,397.0,190.5,267.0,19.30,1.734
402,397.0,192.9,267.0,19.62,1.734
402,397.0,192.4,267.0,19.62,1.846
402,397.0,191.9,267.0,19.30,1.846
402,397.0,191.5,267.0,19.30,1.734
402,397.0,191.0,267.0,19.30,1.734
402,397.0,190.5,267.0,19.30,1.734
402,397.0,193.0,267.0,19.62,1.734
402,397.0,192.5,267.0,19.62,1.846
402,397.0,192.0,267.0,19.62,1.846
402,397.0,191.5,267.0,19.30,1.734
402,397.0,191.0,267.0,19.30,1.734
402,397.0,190.6,267.0,19.30,1.734
402,397.0,193.0,267.0,19.62,1.734
402,397.0,192.5,267.0,19.62,1.846
402,397.0,192.1,267.0,19.62,1.846
402,397.0,194.5,267.0,19.62,1.846
402,397.0,194.0,267.0,19.62,1.846
402,397.0,193.6,267.0,19.62,1.846
402,397.0,193.1,267.0,19.62,1.846
402,397.0,192.6,267.0,19.62,1.846
402,397.0,192.1,267.0,19.62,1.846
402,397.0,194.6,267.0,19.62,1.846
402,397.0,194.1,267.0,19.62,1.846
402,397.0,193.6,267.0,19.62,1.846
402,397.0,193.1,267.0,19.62,1.846
402,397.0,192.6,267.0,19.62,1.846
402,397.0,192.2,267.0,19.62,1.846
402,397.0,194.6,267.0,19.62,1.846
402,397.0,194.1,267.0,19.62,1.846
402,397.0,193.7,267.0,19.62,1.846
402,397.0,193.2,267.0,19.62,1.846
402,397.0,192.7,267.0,19.62,1.846
402,397.0,192.2,267.0,19.62,1.846
402,397.0,194.7,267.0,19.62,1.846
402,397.0,194.2,267.0,19.62,1.846
402,397.0,193.7,267.0,19.62,1.846
402,397.0,193.2,267.0,19.62,1.846
402,397.0,192.8,267.0,19.62,1.846
402,397.0,192.3,267.0,19.62,1.846
402,397.0,191.8,267.0,19.30,1.846
402,397.0,191.3,267.0,19.30,1.734
402,397.0,190.8,267.0,19.30,1.734
402,397.0,190.3,267.0,19.30,1.734
402,397.0,192.8,267.0,19.62,1.734
402,397.0,192.3,267.0,19.62,1.846
402,397.0,191.8,267.0,19.30,1.846
402,397.0,191.3,267.0,19.30,1.734
402,397.0,190.9,267.0,19.30,1.734
402,397.0,190.4,267.0,19.30,1.734
402,397.0,192.9,267.0,19.62,1.734
402,397.0,192.4,267.0,19.62,1.846
402,397.0,191.9,267.0,19.30,1.846
402,397.0,191.4,267.0,19.30,1.734
402,397.0,190.9,267.0,19.30,1.734
402,397.0,190.4,267.0,19.30,1.734
402,397.0,192.9,267.0,19.62,1.734
402,397.0,192.4,267.0,19.62,1.846
402,397.0,191.9,267.0,19.30,1.846
402,397.0,191.5,267.0,19.30,1.734
402,397.0,191.0,267.0,19.30,1.734
402,397.0,190.5,267.0,19.30,1.734
402,397.0,193.0,267.0,19.62,1.734
402,397.0,192.5,267.0,19.62,1.846
402,397.0,192.0,267.0,19.30,1.846
402,397.0,191.5,267.0,19.30,1.734
402,397.0,191.0,267.0,19.30,1.734
402,397.0,190.5,267.0,19.30,1.734
402,397.0,193.0,267.0,19.62,1.734
402,397.0,192.5,267.0,19.62,1.846
402,397.0,192.0,267.0,19.62,1.846
402,397.0,194.5,267.0,19.62,1.846
402,397.0,194.0,267.0,19.62,1.846
402,397.0,193.5,267.0,19.62,1.846
402,397.0,193.1,267.0,19.62,1.846
402,397.0,192.6,267.0,19.62,1.846
402,397.0,192.1,267.0,19.62,1.846
402,397.0,194.6,267.0,19.62,1.846
402,397.0,194.1,267.0,19.62,1.846
402,397.0,193.6,267.0,19.62,1.846
402,397.0,193.1,267.0,19.62,1.846
402,397.0,192.6,267.0,19.62,1.846
402,397.0,192.2,267.0,19.62,1.846
402,397.0,194.6,267.0,19.62,1.846
402,397.0,194.1,267.0,19.62,1.846
402,397.0,193.7,267.0,19.62,1.846
402,397.0,193.2,267.0,19.62,1.846
402,397.0,192.7,267.0,19.62,1.846
402,397.0,192.2,267.0,19.62,1.846
402,397.0,194.7,267.0,19.62,1.846
402,397.0,194.2,267.0,19.62,1.846
402,397.0,193.7,267.0,19.62,1.846
402,397.0,193.2,267.0,19.62,1.846
402,397.0,192.7,267.0,19.62,1.846
402,397.0,192.3,267.0,19.62,1.846
402,397.0,191.8,267.0,19.30,1.846
402,397.0,191.3,267.0,19.30,1.734
402,397.0,190.8,267.0,19.30,1.734
402,397.0,190.3,267.0,19.30,1.734
402,397.0,192.8,267.0,19.62,1.734
402,397.0,192.3,267.0,19.62,1.846
402,397.0,191.8,267.0,19.30,1.846
402,397.0,191.3,267.0,19.30,1.734
402,397.0,190.9,267.0,19.30,1.734
402,397.0,190.4,267.0,19.30,1.734
402,397.0,192.8,267.0,19.62,1.734
402,397.0,192.4,267.0,19.62,1.846
402,397.0,191.9,267.0,19.30,1.846
402,397.0,191.4,267.0,19.30,1.734
402,397.0,190.9,267.0,19.30,1.734
402,397.0,190.4,267.0,19.30,1.734
402,397.0,192.9,267.0,19.62,1.734
402,397.0,192.4,267.0,19.62,1.846
402,397.0,191.9,267.0,19.30,1.846
402,397.0,191.5,267.0,19.30,1.734
402,397.0,191.0,267.0,19.30,1.734
402,397.0,190.5,267.0,19.30,1.734
402,397.0,192.9,267.0,19.62,1.734
402,397.0,192.5,267.0,19.62,1.846
402,397.0,192.0,267.0,19.30,1.846
402,397.0,191.5,267.0,19.30,1.734
402,397.0,191.0,267.0,19.30,1.734
402,397.0,190.5,267.0,19.30,1.734
402,397.0,193.0,267.0,19.62,1.734
402,397.0,192.5,267.0,19.62,1.846
402,397.0,192.0,267.0,19.62,1.846
402,397.0,194.5,267.0,19.62,1.846
402,397.0,194.0,267.0,19.62,1.846
402,397.0,193.5,267.0,19.62,1.846
402,397.0,193.1,267.0,19.62,1.846
402,397.0,192.6,267.0,19.62,1.846
402,397.0,192.1,267.0,19.62,1.846
402,397.0,194.6,267.0,19.62,1.846
402,397.0,194.1,267.0,19.62,1.846
402,397.0,193.6,267.0,19.62,1.846
402,397.0,193.1,267.0,19.62,1.846
402,397.0,192.6,267.0,19.62,1.846
402,397.0,192.1,267.0,19.62,1.846
402,397.0,194.6,267.0,19.62,1.846
402,397.0,194.1,267.0,19.62,1.846
402,397.0,193.6,267.0,19.62,1.846
402,397.0,193.2,267.0,19.62,1.846
402,397.0,192.7,267.0,19.62,1.846
402,397.0,192.2,267.0,19.62,1.846
402,397.0,194.7,267.0,19.62,1.846
402,397.0,194.2,267.0,19.62,1.846
402,397.0,193.7,267.0,19.62,1.846
402,397.0,193.2,267.0,19.62,1.846
402,397.0,192.7,267.0,19.62,1.846
408,435.3,231.3,262.5,22.00,0.791
408,431.6,228.8,260.0,21.03,0.643
408,426.0,224.9,260.2,20.30,0.816
408,420.4,221.0,260.3,20.30,0.849
408,418.0,216.0,266.3,19.52,0.849
408,415.1,212.8,267.0,19.64,1.247
408,412.2,209.5,267.0,19.64,1.591
408,409.3,206.3,267.0,19.64,1.591
408,406.4,203.1,267.0,19.62,1.591
408,406.4,202.6,267.0,19.62,1.846
408,406.4,202.1,267.0,19.62,1.846
408,406.4,201.6,267.0,19.62,1.846
408,406.4,201.1,267.0,19.62,1.846
408,406.4,200.6,267.0,19.62,1.846
408,406.4,200.2,267.0,19.62,1.846
408,406.4,199.7,267.0,19.62,1.846
408,406.4,199.2,267.0,19.62,1.846
408,406.4,198.7,267.0,19.62,1.846
408,406.4,198.2,267.0,19.62,1.846
408,406.4,197.8,267.0,19.62,1.846
408,406.4,197.3,267.0,19.62,1.846
408,406.4,196.8,267.0,19.62,1.846
408,406.4,196.3,267.0,19.62,1.846
408,406.4,195.8,267.0,19.62,1.846
408,406.4,195.3,267.0,19.62,1.846
408,406.4,194.9,267.0,19.62,1.846
408,406.4,194.4,267.0,19.62,1.846
408,406.4,193.9,267.0,19.62,1.846
408,406.4,193.4,267.0,19.62,1.846
408,406.4,192.9,267.0,19.62,1.846
408,406.4,192.4,267.0,19.62,1.846
408,406.4,192.0,267.0,19.30,1.846
408,406.4,191.5,267.0,19.30,1.734
408,406.4,191.0,267.0,19.30,1.734
408,406.4,190.5,267.0,19.30,1.734
408,406.4,193.0,267.0,19.62,1.734
408,406.4,192.5,267.0,19.62,1.846
408,406.4,192.0,267.0,19.62,1.846
408,406.4,194.5,267.0,19.62,1.846
408,406.4,194.0,267.0,19.62,1.846
408,406.4,193.5,267.0,19.62,1.846
408,406.4,193.0,267.0,19.62,1.846
408,406.4,192.6,267.0,19.62,1.846
408,406.4,192.1,267.0,19.62,1.846
408,406.4,194.5,267.0,19.62,1.846
408,406.4,194.0,267.0,19.62,1.846
408,406.4,193.6,267.0,19.62,1.846
408,406.4,193.1,267.0,19.62,1.846
408,406.4,192.6,267.0,19.62,1.846
408,406.4,192.1,267.0,19.62,1.846
408,406.4,194.6,267.0,19.62,1.846
408,406.4,194.1,267.0,19.62,1.846
408,406.4,193.6,267.0,19.62,1.846
408,406.4,193.1,267.0,19.62,1.846
408,406.4,192.7,267.0,19.62,1.846
408,406.4,192.2,267.0,19.62,1.846
408,406.4,194.6,267.0,19.62,1.846
408,406.4,194.2,267.0,19.62,1.846
408,406.4,193.7,267.0,19.62,1.846
408,406.4,193.2,267.0,19.62,1.846
408,406.4,192.7,267.0,19.62,1.846
408,406.4,192.2,267.0,19.62,1.846
408,406.4,194.7,267.0,19.62,1.846
408,406.4,194.2,267.0,19.62,1.846
408,406.4,193.7,267.0,19.62,1.846
408,406.4,193.2,267.0,19.62,1.846
408,406.4,192.8,267.0,19.62,1.846
408,406.4,192.3,267.0,19.62,1.846
408,406.4,191.8,267.0,19.30,1.846
408,406.4,191.3,267.0,19.30,1.734
408,406.4,190.8,267.0,19.30,1.734
408,406.4,190.3,267.0,19.30,1.734
408,406.4,192.8,267.0,19.62,1.734
408,406.4,192.3,267.0,19.62,1.846
408,406.4,191.9,267.0,19.30,1.846
408,406.4,191.4,267.0,19.30,1.734
408,406.4,190.9,267.0,19.30,1.734
408,406.4,190.4,267.0,19.30,1.734
408,406.4,192.9,267.0,19.62,1.734
408,406.4,192.4,267.0,19.62,1.846
408,406.4,191.9,267.0,19.30,1.846
408,406.4,191.4,267.0,19.30,1.734
408,406.4,190.9,267.0,19.30,1.734
408,406.4,190.5,267.0,19.30,1.734
408,406.4,192.9,267.0,19.62,1.734
408,406.4,192.4,267.0,19.62,1.846
408,406.4,191.9,267.0,19.30,1.846
408,406.4,191.5,267.0,19.30,1.734
408,406.4,191.0,267.0,19.30,1.734
408,406.4,190.5,267.0,19.30,1.734
408,406.4,193.0,267.0,19.62,1.734
408,406.4,192.5,267.0,19.62,1.846
408,406.4,192.0,267.0,19.62,1.846
408,406.4,194.5,267.0,19.62,1.846
408,406.4,194.0,267.0,19.62,1.846
408,406.4,193.5,267.0,19.62,1.846
408,406.4,193.0,267.0,19.62,1.846
408,406.4,192.5,267.0,19.62,1.846
408,406.4,192.1,267.0,19.62,1.846
408,406.4,194.5,267.0,19.62,1.846
408,406.4,194.0,267.0,19.62,1.846
408,406.4,193.6,267.0,19.62,1.846
408,406.4,193.1,267.0,19.62,1.846
408,406.4,192.6,267.0,19.62,1.846
408,406.4,192.1,267.0,19.62,1.846
408,406.4,194.6,267.0,19.62,1.846
408,406.4,194.1,267.0,19.62,1.846
408,406.4,193.6,267.0,19.62,1.846
408,406.4,193.1,267.0,19.62,1.846
408,406.4,192.7,267.0,19.62,1.846
408,406.4,192.2,267.0,19.62,1.846
408,406.4,194.6,267.0,19.62,1.846
408,406.4,194.2,267.0,19.62,1.846
408,406.4,193.7,267.0,19.62,1.846
408,406.4,193.2,267.0,19.62,1.846
408,406.4,192.7,267.0,19.62,1.846
408,406.4,192.2,267.0,19.62,1.846
408,406.4,194.7,267.0,19.62,1.846
408,406.4,194.2,267.0,19.62,1.846
408,406.4,193.7,267.0,19.62,1.846
408,406.4,193.2,267.0,19.62,1.846
408,406.4,192.8,267.0,19.62,1.846
408,406.4,192.3,267.0,19.62,1.846
408,406.4,191.8,267.0,19.30,1.846
408,406.4,191.3,267.0,19.30,1.734
408,406.4,190.8,267.0,19.30,1.734
408,406.4,190.3,267.0,19.30,1.734
408,406.4,192.8,267.0,19.62,1.734
408,406.4,192.3,267.0,19.62,1.846
408,406.4,191.8,267.0,19.30,1.846
408,406.4,191.4,267.0,19.30,1.734
408,406.4,190.9,267.0,19.30,1.734
408,406.4,190.4,267.0,19.30,1.734
408,406.4,192.9,267.0,19.62,1.734
408,406.4,192.4,267.0,19.62,1.846
408,406.4,191.9,267.0,19.30,1.846
408,406.4,191.4,267.0,19.30,1.734
408,406.4,190.9,267.0,19.30,1.734
408,406.4,190.5,267.0,19.30,1.734
408,406.4,192.9,267.0,19.62,1.734
408,406.4,192.4,267.0,19.62,1.846
408,406.4,191.9,267.0,19.30,1.846
408,406.4,191.5,267.0,19.30,1.734
408,406.4,191.0,267.0,19.30,1.734
408,406.4,190.5,267.0,19.30,1.734
408,406.4,193.0,267.0,19.62,1.734
408,406.4,192.5,267.0,19.62,1.846
408,406.4,192.0,267.0,19.62,1.846
408,406.4,191.5,267.0,19.30,1.734
408,406.4,191.0,267.0,19.30,1.734
408,406.4,190.6,267.0,19.30,1.734
408,406.4,193.0,267.0,19.62,1.734
408,406.4,192.5,267.0,19.62,1.846
408,406.4,192.1,267.0,19.62,1.846
408,406.4,194.5,267.0,19.62,1.846
408,406.4,194.0,267.0,19.62,1.846
408,406.4,193.6,267.0,19.62,1.846
408,406.4,193.1,267.0,19.62,1.846
408,406.4,192.6,267.0,19.62,1.846
408,406.4,192.1,267.0,19.62,1.846
414,434.6,215.9,258.2,18.58,1.199
414,429.8,214.7,250.8,19.96,1.114
414,424.9,213.2,249.8,19.96,0.659
414,419.9,211.7,248.7,20.04,0.659
414,417.9,209.2,253.1,19.71,0.659
414,415.3,206.2,262.2,19.71,1.240
414,412.4,203.0,267.0,19.51,1.240
414,409.5,202.4,267.0,19.51,1.704
414,406.6,201.9,267.0,19.62,1.704
414,406.6,201.4,267.0,19.62,1.846
414,406.6,201.0,267.0,19.62,1.846
414,406.6,200.5,267.0,19.62,1.846
414,406.6,200.0,267.0,19.62,1.846
414,406.6,199.5,267.0,19.62,1.846
414,406.6,199.0,267.0,19.62,1.846
414,406.6,198.6,267.0,19.62,1.846
414,406.6,198.1,267.0,19.62,1.846
414,406.6,197.6,267.0,19.62,1.846
414,406.6,197.1,267.0,19.62,1.846
414,406.6,196.6,267.0,19.62,1.846
414,406.6,196.1,267.0,19.62,1.846
414,406.6,195.6,267.0,19.62,1.846
414,406.6,195.2,267.0,19.62,1.846
414,406.6,194.7,267.0,19.62,1.846
414,406.6,194.2,267.0,19.62,1.846
414,406.6,193.7,267.0,19.62,1.846
414,406.6,193.2,267.0,19.62,1.846
414,406.6,192.8,267.0,19.62,1.846
414,406.6,192.3,267.0,19.62,1.846
414,406.6,191.8,267.0,19.30,1.846
414,406.6,191.3,267.0,19.30,1.734
414,406.6,190.8,267.0,19.30,1.734
414,406.6,190.3,267.0,19.30,1.734
414,406.6,192.8,267.0,19.62,1.734
414,406.6,192.3,267.0,19.62,1.846
414,406.6,191.9,267.0,19.30,1.846
414,406.6,191.4,267.0,19.30,1.734
414,406.6,190.9,267.0,19.30,1.734
414,406.6,190.4,267.0,19.30,1.734
414,406.6,192.9,267.0,19.62,1.734
414,406.6,192.4,267.0,19.62,1.846
414,406.6,191.9,267.0,19.30,1.846
414,406.6,191.4,267.0,19.30,1.734
414,406.6,190.9,267.0,19.30,1.734
414,406.6,190.5,267.0,19.30,1.734
414,406.6,192.9,267.0,19.62,1.734
414,406.6,192.4,267.0,19.62,1.846
414,406.6,191.9,267.0,19.30,1.846
414,406.6,191.5,267.0,19.30,1.734
414,406.6,191.0,267.0,19.30,1.734
414,406.6,190.5,267.0,19.30,1.734
414,406.6,193.0,267.0,19.62,1.734
414,406.6,192.5,267.0,19.62,1.846
414,406.6,192.0,267.0,19.62,1.846
414,406.6,194.5,267.0,19.62,1.846
414,406.6,194.0,267.0,19.62,1.846
414,406.6,193.5,267.0,19.62,1.846
414,406.6,193.0,267.0,19.62,1.846
414,406.6,192.5,267.0,19.62,1.846
414,406.6,192.1,267.0,19.62,1.846
414,406.6,194.5,267.0,19.62,1.846
414,406.6,194.0,267.0,19.62,1.846
414,406.6,193.6,267.0,19.62,1.846
414,406.6,193.1,267.0,19.62,1.846
414,406.6,192.6,267.0,19.62,1.846
414,406.6,192.1,267.0,19.62,1.846
414,406.6,194.6,267.0,19.62,1.846
414,406.6,194.1,267.0,19.62,1.846
414,406.6,193.6,267.0,19.62,1.846
414,406.6,193.1,267.0,19.62,1.846
414,406.6,192.6,267.0,19.62,1.846
414,406.6,192.2,267.0,19.62,1.846
414,406.6,194.6,267.0,19.62,1.846
414,406.6,194.1,267.0,19.62,1.846
414,406.6,193.7,267.0,19.62,1.846
414,406.6,193.2,267.0,19.62,1.846
414,406.6,192.7,267.0,19.62,1.846
414,406.6,192.2,267.0,19.62,1.846
414,406.6,194.7,267.0,19.62,1.846
414,406.6,194.2,267.0,19.62,1.846
414,406.6,193.7,267.0,19.62,1.846
414,406.6,193.2,267.0,19.62,1.846
414,406.6,192.8,267.0,19.62,1.846
414,406.6,192.3,267.0,19.62,1.846
414,406.6,191.8,267.0,19.30,1.846
414,406.6,191.3,267.0,19.30,1.734
414,406.6,190.8,267.0,19.30,1.734
414,406.6,190.3,267.0,19.30,1.734
414,406.6,192.8,267.0,19.62,1.734
414,406.6,192.3,267.0,19.62,1.846
414,406.6,191.8,267.0,19.30,1.846
414,406.6,191.4,267.0,19.30,1.734
414,406.6,190.9,267.0,19.30,1.734
414,406.6,190.4,267.0,19.30,1.734
414,406.6,192.9,267.0,19.62,1.734
414,406.6,192.4,267.0,19.62,1.846
414,406.6,191.9,267.0,19.30,1.846
414,406.6,191.4,267.0,19.30,1.734
414,406.6,190.9,267.0,19.30,1.734
414,406.6,190.4,267.0,19.30,1.734
414,406.6,192.9,267.0,19.62,1.734
414,406.6,192.4,267.0,19.62,1.846
414,406.6,191.9,267.0,19.30,1.846
414,406.6,191.5,267.0,19.30,1.734
414,406.6,191.0,267.0,19.30,1.734
414,406.6,190.5,267.0,19.30,1.734
414,406.6,193.0,267.0,19.62,1.734
414,406.6,192.5,267.0,19.62,1.846
414,406.6,192.0,267.0,19.62,1.846
414,406.6,191.5,267.0,19.30,1.734
414,406.6,191.0,267.0,19.30,1.734
414,406.6,190.6,267.0,19.30,1.734
414,406.6,193.0,267.0,19.62,1.734
414,406.6,192.5,267.0,19.62,1.846
414,406.6,192.1,267.0,19.62,1.846
414,406.6,194.5,267.0,19.62,1.846
414,406.6,194.0,267.0,19.62,1.846
414,406.6,193.6,267.0,19.62,1.846
414,406.6,193.1,267.0,19.62,1.846
414,406.6,192.6,267.0,19.62,1.846
414,406.6,192.1,267.0,19.62,1.846
414,406.6,194.6,267.0,19.62,1.846
414,406.6,194.1,267.0,19.62,1.846
414,406.6,193.6,267.0,19.62,1.846
414,406.6,193.1,267.0,19.62,1.846
414,406.6,192.6,267.0,19.62,1.846
414,406.6,192.2,267.0,19.62,1.846
414,406.6,194.6,267.0,19.62,1.846
414,406.6,194.1,267.0,19.62,1.846
414,406.6,193.7,267.0,19.62,1.846
414,406.6,193.2,267.0,19.62,1.846
414,406.6,192.7,267.0,19.62,1.846
414,406.6,192.2,267.0,19.62,1.846
414,406.6,194.7,267.0,19.62,1.846
414,406.6,194.2,267.0,19.62,1.846
414,406.6,193.7,267.0,19.62,1.846
414,406.6,193.2,267.0,19.62,1.846
414,406.6,192.7,267.0,19.62,1.846
414,406.6,192.3,267.0,19.62,1.846
414,406.6,191.8,267.0,19.30,1.846
414,406.6,191.3,267.0,19.30,1.734
414,406.6,190.8,267.0,19.30,1.734
414,406.6,190.3,267.0,19.30,1.734
414,406.6,192.8,267.0,19.62,1.734
414,406.6,192.3,267.0,19.62,1.846
414,406.6,191.8,267.0,19.30,1.846
414,406.6,191.3,267.0,19.30,1.734
414,406.6,190.9,267.0,19.30,1.734
414,406.6,190.4,267.0,19.30,1.734
414,406.6,192.9,267.0,19.62,1.734
414,406.6,192.4,267.0,19.62,1.846
414,406.6,191.9,267.0,19.30,1.846
414,406.6,191.4,267.0,19.30,1.734
414,406.6,190.9,267.0,19.30,1.734
414,406.6,190.4,267.0,19.30,1.734
414,406.6,192.9,267.0,19.62,1.734
414,406.6,192.4,267.0,19.62,1.846
414,406.6,191.9,267.0,19.30,1.846
414,406.6,191.5,267.0,19.30,1.734
414,406.6,191.0,267.0,19.30,1.734
420,431.9,169.7,261.5,21.12,0.560
420,427.1,173.8,261.5,21.12,0.673
420,422.3,177.8,261.4,21.12,0.788
420,417.5,181.9,261.3,19.60,0.788
420,414.6,184.3,267.0,19.55,1.253
420,411.7,186.8,267.0,19.55,1.625
420,408.8,189.2,267.0,19.55,1.625
420,408.8,191.6,267.0,19.55,1.625
420,408.8,191.1,267.0,19.55,1.625
420,408.8,190.7,267.0,19.55,1.625
420,408.8,193.1,267.0,19.51,1.625
420,408.8,192.6,267.0,19.51,1.704
420,408.8,192.2,267.0,19.51,1.704
420,408.8,194.6,267.0,19.51,1.704
420,408.8,194.1,267.0,19.51,1.704
420,408.8,193.7,267.0,19.51,1.704
420,408.8,193.2,267.0,19.51,1.704
420,408.8,192.7,267.0,19.51,1.704
420,408.8,192.2,267.0,19.51,1.704
420,408.8,194.7,267.0,19.51,1.704
420,408.8,194.2,267.0,19.51,1.704
420,408.8,193.7,267.0,19.51,1.704
420,408.8,193.2,267.0,19.51,1.704
420,408.8,192.7,267.0,19.51,1.704
420,408.8,192.3,267.0,19.51,1.704
420,408.8,191.8,267.0,19.55,1.704
420,408.8,191.3,267.0,19.55,1.625
420,408.8,190.8,267.0,19.55,1.625
420,408.8,190.3,267.0,19.55,1.625
420,408.8,192.8,267.0,19.51,1.625
420,408.8,192.3,267.0,19.51,1.704
420,408.8,191.8,267.0,19.55,1.704
420,408.8,191.3,267.0,19.55,1.625
420,408.8,190.9,267.0,19.55,1.625
420,408.8,190.4,267.0,19.55,1.625
420,408.8,192.9,267.0,19.51,1.625
420,408.8,192.4,267.0,19.51,1.704
420,408.8,191.9,267.0,19.55,1.704
420,408.8,191.4,267.0,19.55,1.625
420,408.8,190.9,267.0,19.55,1.625
420,408.8,190.4,267.0,19.55,1.625
420,408.8,192.9,267.0,19.51,1.625
420,408.8,192.4,267.0,19.51,1.704
420,408.8,191.9,267.0,19.55,1.704
420,408.8,191.5,267.0,19.55,1.625
420,408.8,191.0,267.0,19.55,1.625
420,408.8,190.5,267.0,19.55,1.625
420,408.8,193.0,267.0,19.51,1.625
420,408.8,192.5,267.0,19.51,1.704
420,408.8,192.0,267.0,19.55,1.704
420,408.8,191.5,267.0,19.55,1.625
420,408.8,191.0,267.0,19.55,1.625
420,408.8,190.5,267.0,19.55,1.625
420,408.8,193.0,267.0,19.51,1.625
420,408.8,192.5,267.0,19.51,1.704
420,408.8,192.0,267.0,19.51,1.704
420,408.8,194.5,267.0,19.51,1.704
420,408.8,194.0,267.0,19.51,1.704
420,408.8,193.5,267.0,19.51,1.704
420,408.8,193.1,267.0,19.51,1.704
420,408.8,192.6,267.0,19.51,1.704
420,408.8,192.1,267.0,19.51,1.704
420,408.8,194.6,267.0,19.51,1.704
420,408.8,194.1,267.0,19.51,1.704
420,408.8,193.6,267.0,19.51,1.704
420,408.8,193.1,267.0,19.51,1.704
420,408.8,192.6,267.0,19.51,1.704
420,408.8,192.2,267.0,19.51,1.704
420,408.8,194.6,267.0,19.51,1.704
420,408.8,194.1,267.0,19.51,1.704
420,408.8,193.7,267.0,19.51,1.704
420,408.8,193.2,267.0,19.51,1.704
420,408.8,192.7,267.0,19.51,1.704
420,408.8,192.2,267.0,19.51,1.704
420,408.8,194.7,267.0,19.51,1.704
420,408.8,194.2,267.0,19.51,1.704
420,408.8,193.7,267.0,19.51,1.704
420,408.8,193.2,267.0,19.51,1.704
420,408.8,192.7,267.0,19.51,1.704
420,408.8,192.2,267.0,19.51,1.704
420,408.8,194.7,267.0,19.51,1.704
420,408.8,194.2,267.0,19.51,1.704
420,408.8,193.8,267.0,19.51,1.704
420,408.8,193.3,267.0,19.51,1.704
420,408.8,192.8,267.0,19.51,1.704
420,408.8,192.3,267.0,19.51,1.704
420,408.8,191.8,267.0,19.55,1.704
420,408.8,191.3,267.0,19.55,1.625
420,408.8,190.9,267.0,19.55,1.625
420,408.8,190.4,267.0,19.55,1.625
420,408.8,192.8,267.0,19.51,1.625
420,408.8,192.4,267.0,19.51,1.704
420,408.8,191.9,267.0,19.55,1.704
420,408.8,191.4,267.0,19.55,1.625
420,408.8,190.9,267.0,19.55,1.625
420,408.8,190.4,267.0,19.55,1.625
420,408.8,192.9,267.0,19.51,1.625
420,408.8,192.4,267.0,19.51,1.704
420,408.8,191.9,267.0,19.55,1.704
420,408.8,191.5,267.0,19.55,1.625
420,408.8,191.0,267.0,19.55,1.625
420,408.8,190.5,267.0,19.55,1.625
420,408.8,192.9,267.0,19.51,1.625
420,408.8,192.5,267.0,19.51,1.704
420,408.8,192.0,267.0,19.55,1.704
420,408.8,191.5,267.0,19.55,1.625
420,408.8,191.0,267.0,19.55,1.625
420,408.8,190.5,267.0,19.55,1.625
420,408.8,193.0,267.0,19.51,1.625
420,408.8,192.5,267.0,19.51,1.704
420,408.8,192.0,267.0,19.51,1.704
420,408.8,194.5,267.0,19.51,1.704
420,408.8,194.0,267.0,19.51,1.704
420,408.8,193.5,267.0,19.51,1.704
420,408.8,193.1,267.0,19.51,1.704
420,408.8,192.6,267.0,19.51,1.704
420,408.8,192.1,267.0,19.51,1.704
420,408.8,194.6,267.0,19.51,1.704
420,408.8,194.1,267.0,19.51,1.704
420,408.8,193.6,267.0,19.51,1.704
420,408.8,193.1,267.0,19.51,1.704
420,408.8,192.6,267.0,19.51,1.704
420,408.8,192.1,267.0,19.51,1.704
420,408.8,194.6,267.0,19.51,1.704
420,408.8,194.1,267.0,19.51,1.704
420,408.8,193.6,267.0,19.51,1.704
420,408.8,193.2,267.0,19.51,1.704
420,408.8,192.7,267.0,19.51,1.704
420,408.8,192.2,267.0,19.51,1.704
420,408.8,194.7,267.0,19.51,1.704
420,408.8,194.2,267.0,19.51,1.704
420,408.8,193.7,267.0,19.51,1.704
420,408.8,193.2,267.0,19.51,1.704
420,408.8,192.7,267.0,19.51,1.704
420,408.8,192.2,267.0,19.51,1.704
420,408.8,194.7,267.0,19.51,1.704
420,408.8,194.2,267.0,19.51,1.704
420,408.8,193.8,267.0,19.51,1.704
420,408.8,193.3,267.0,19.51,1.704
420,408.8,192.8,267.0,19.51,1.704
420,408.8,192.3,267.0,19.51,1.704
420,408.8,191.8,267.0,19.55,1.704
420,408.8,191.3,267.0,19.55,1.625
420,408.8,190.9,267.0,19.55,1.625
420,408.8,190.4,267.0,19.55,1.625
420,408.8,192.8,267.0,19.51,1.625
420,408.8,192.3,267.0,19.51,1.704
420,408.8,191.9,267.0,19.55,1.704
420,408.8,191.4,267.0,19.55,1.625
420,408.8,190.9,267.0,19.55,1.625
420,408.8,190.4,267.0,19.55,1.625
420,408.8,192.9,267.0,19.51,1.625
420,408.8,192.4,267.0,19.51,1.704
420,408.8,191.9,267.0,19.55,1.704
420,408.8,191.4,267.0,19.55,1.625
420,408.8,191.0,267.0,19.55,1.625
420,408.8,190.5,267.0,19.55,1.625
420,408.8,192.9,267.0,19.51,1.625
420,408.8,192.5,267.0,19.51,1.704
420,408.8,192.0,267.0,19.55,1.704
426,393.3,163.3,257.5,18.49,1.273
426,394.3,167.8,250.0,19.54,1.105
426,395.6,172.3,249.0,19.64,0.875
426,395.6,177.2,247.6,19.64,0.601
426,395.6,182.0,246.3,19.86,0.601
426,395.6,183.8,251.4,19.86,0.654
426,395.6,186.1,261.8,19.60,0.654
426,395.6,188.6,267.0,19.55,1.253
426,395.6,191.0,267.0,19.55,1.625
426,395.6,190.6,267.0,19.55,1.625
426,395.6,193.0,267.0,19.51,1.625
426,395.6,192.5,267.0,19.51,1.704
426,395.6,192.1,267.0,19.51,1.704
426,395.6,194.5,267.0,19.51,1.704
426,395.6,194.0,267.0,19.51,1.704
426,395.6,193.6,267.0,19.51,1.704
426,395.6,193.1,267.0,19.51,1.704
426,395.6,192.6,267.0,19.51,1.704
426,395.6,192.1,267.0,19.51,1.704
426,395.6,194.6,267.0,19.51,1.704
426,395.6,194.1,267.0,19.51,1.704
426,395.6,193.6,267.0,19.51,1.704
426,395.6,193.1,267.0,19.51,1.704
426,395.6,192.7,267.0,19.51,1.704
426,395.6,192.2,267.0,19.51,1.704
426,395.6,194.6,267.0,19.51,1.704
426,395.6,194.2,267.0,19.51,1.704
426,395.6,193.7,267.0,19.51,1.704
426,395.6,193.2,267.0,19.51,1.704
426,395.6,192.7,267.0,19.51,1.704
426,395.6,192.2,267.0,19.51,1.704
426,395.6,194.7,267.0,19.51,1.704
426,395.6,194.2,267.0,19.51,1.704
426,395.6,193.7,267.0,19.51,1.704
426,395.6,193.2,267.0,19.51,1.704
426,395.6,192.8,267.0,19.51,1.704
426,395.6,192.3,267.0,19.51,1.704
426,395.6,191.8,267.0,19.55,1.704
426,395.6,191.3,267.0,19.55,1.625
426,395.6,190.8,267.0,19.55,1.625
426,395.6,190.3,267.0,19.55,1.625
426,395.6,192.8,267.0,19.51,1.625
426,395.6,192.3,267.0,19.51,1.704
426,395.6,191.8,267.0,19.55,1.704
426,395.6,191.4,267.0,19.55,1.625
426,395.6,190.9,267.0,19.55,1.625
426,395.6,190.4,267.0,19.55,1.625
426,395.6,192.9,267.0,19.51,1.625
426,395.6,192.4,267.0,19.51,1.704
426,395.6,191.9,267.0,19.55,1.704
426,395.6,191.4,267.0,19.55,1.625
426,395.6,190.9,267.0,19.55,1.625
426,395.6,190.5,267.0,19.55,1.625
426,395.6,192.9,267.0,19.51,1.625
426,395.6,192.4,267.0,19.51,1.704
426,395.6,191.9,267.0,19.55,1.704
426,395.6,191.5,267.0,19.55,1.625
426,395.6,191.0,267.0,19.55,1.625
426,395.6,190.5,267.0,19.55,1.625
426,395.6,193.0,267.0,19.51,1.625
426,395.6,192.5,267.0,19.51,1.704
426,395.6,192.0,267.0,19.51,1.704
426,395.6,191.5,267.0,19.55,1.625
426,395.6,191.0,267.0,19.55,1.625
426,395.6,190.6,267.0,19.55,1.625
426,395.6,193.0,267.0,19.51,1.625
426,395.6,192.5,267.0,19.51,1.704
426,395.6,192.1,267.0,19.51,1.704
426,395.6,194.5,267.0,19.51,1.704
426,395.6,194.0,267.0,19.51,1.704
426,395.6,193.6,267.0,19.51,1.704
426,395.6,193.1,267.0,19.51,1.704
426,395.6,192.6,267.0,19.51,1.704
426,395.6,192.1,267.0,19.51,1.704
426,395.6,194.6,267.0,19.51,1.704
426,395.6,194.1,267.0,19.51,1.704
426,395.6,193.6,267.0,19.51,1.704
426,395.6,193.1,267.0,19.51,1.704
426,395.6,192.6,267.0,19.51,1.704
426,395.6,192.2,267.0,19.51,1.704
426,395.6,194.6,267.0,19.51,1.704
426,395.6,194.1,267.0,19.51,1.704
426,395.6,193.7,267.0,19.51,1.704
426,395.6,193.2,267.0,19.51,1.704
426,395.6,192.7,267.0,19.51,1.704
426,395.6,192.2,267.0,19.51,1.704
426,395.6,194.7,267.0,19.51,1.704
426,395.6,194.2,267.0,19.51,1.704
426,395.6,193.7,267.0,19.51,1.704
426,395.6,193.2,267.0,19.51,1.704
426,395.6,192.8,267.0,19.51,1.704
426,395.6,192.3,267.0,19.51,1.704
426,395.6,191.8,267.0,19.55,1.704
426,395.6,191.3,267.0,19.55,1.625
426,395.6,190.8,267.0,19.55,1.625
426,395.6,190.3,267.0,19.55,1.625
426,395.6,192.8,267.0,19.51,1.625
426,395.6,192.3,267.0,19.51,1.704
426,395.6,191.8,267.0,19.55,1.704
426,395.6,191.3,267.0,19.55,1.625
426,395.6,190.9,267.0,19.55,1.625
426,395.6,190.4,267.0,19.55,1.625
426,395.6,192.9,267.0,19.51,1.625
426,395.6,192.4,267.0,19.51,1.704
426,395.6,191.9,267.0,19.55,1.704
426,395.6,191.4,267.0,19.55,1.625
426,395.6,190.9,267.0,19.55,1.625
426,395.6,190.4,267.0,19.55,1.625
426,395.6,192.9,267.0,19.51,1.625
426,395.6,192.4,267.0,19.51,1.704
426,395.6,191.9,267.0,19.55,1.704
426,395.6,191.5,267.0,19.55,1.625
426,395.6,191.0,267.0,19.55,1.625
426,395.6,190.5,267.0,19.55,1.625
426,395.6,193.0,267.0,19.51,1.625
426,395.6,192.5,267.0,19.51,1.704
426,395.6,192.0,267.0,19.55,1.704
426,395.6,191.5,267.0,19.55,1.625
426,395.6,191.0,267.0,19.55,1.625
426,395.6,190.5,267.0,19.55,1.625
426,395.6,193.0,267.0,19.51,1.625
426,395.6,192.5,267.0,19.51,1.704
426,395.6,192.0,267.0,19.51,1.704
426,395.6,194.5,267.0,19.51,1.704
426,395.6,194.0,267.0,19.51,1.704
426,395.6,193.5,267.0,19.51,1.704
426,395.6,193.1,267.0,19.51,1.704
426,395.6,192.6,267.0,19.51,1.704
426,395.6,192.1,267.0,19.51,1.704
426,395.6,194.6,267.0,19.51,1.704
426,395.6,194.1,267.0,19.51,1.704
426,395.6,193.6,267.0,19.51,1.704
426,395.6,193.1,267.0,19.51,1.704
426,395.6,192.6,267.0,19.51,1.704
426,395.6,192.2,267.0,19.51,1.704
426,395.6,194.6,267.0,19.51,1.704
426,395.6,194.1,267.0,19.51,1.704
426,395.6,193.7,267.0,19.51,1.704
426,395.6,193.2,267.0,19.51,1.704
426,395.6,192.7,267.0,19.51,1.704
426,395.6,192.2,267.0,19.51,1.704
426,395.6,194.7,267.0,19.51,1.704
426,395.6,194.2,267.0,19.51,1.704
426,395.6,193.7,267.0,19.51,1.704
426,395.6,193.2,267.0,19.51,1.704
426,395.6,192.7,267.0,19.51,1.704
426,395.6,192.3,267.0,19.51,1.704
426,395.6,194.7,267.0,19.51,1.704
426,395.6,194.2,267.0,19.51,1.704
426,395.6,193.8,267.0,19.51,1.704
426,395.6,193.3,267.0,19.51,1.704
426,395.6,192.8,267.0,19.51,1.704
426,395.6,192.3,267.0,19.51,1.704
426,395.6,191.8,267.0,19.55,1.704
426,395.6,191.3,267.0,19.55,1.625
426,395.6,190.9,267.0,19.55,1.625
426,395.6,190.4,267.0,19.55,1.625
426,395.6,192.8,267.0,19.51,1.625
426,395.6,192.4,267.0,19.51,1.704
426,395.6,191.9,267.0,19.55,1.704
432,395.5,148.5,259.8,21.18,0.825
432,395.9,151.3,254.7,21.18,0.736
432,395.9,154.3,249.6,21.76,0.732
432,395.9,156.5,245.7,19.54,0.559
432,395.9,160.5,240.0,20.24,0.880
432,395.9,162.6,234.8,20.24,0.690
432,395.9,164.7,229.7,20.24,0.690
432,395.9,166.0,224.6,20.49,0.690
432,395.9,167.4,219.5,20.49,0.659
432,395.9,168.8,215.2,20.32,0.659
432,395.9,169.7,210.3,20.32,0.618
432,395.9,170.6,205.5,20.32,0.618
432,395.9,171.2,200.2,20.38,0.618
432,395.9,171.8,195.0,20.38,0.659
432,395.9,172.4,189.8,20.44,0.659
432,395.9,172.7,184.2,20.44,0.691
432,395.9,173.1,178.7,20.48,0.691
432,395.9,173.2,172.8,20.48,0.738
432,395.9,173.3,166.9,20.50,0.738
432,395.9,173.4,160.9,20.50,0.755
432,395.9,173.4,154.8,20.52,0.755
432,395.9,173.4,148.7,20.52,0.769
432,395.9,173.5,142.5,20.54,0.769
432,395.9,173.4,136.3,20.54,0.782
432,395.9,173.4,130.0,20.57,0.782
432,395.9,173.3,123.6,20.57,0.794
432,395.9,173.2,117.3,20.60,0.794
432,395.9,173.1,110.8,20.60,0.813
432,395.9,172.9,104.2,20.61,0.813
432,395.9,172.8,97.7,20.61,0.821
432,395.9,172.6,91.1,20.63,0.821
432,395.9,172.4,84.5,20.63,0.826
432,395.9,172.1,77.9,20.64,0.826
432,395.9,171.9,71.2,20.64,0.827
432,395.9,171.7,64.7,20.64,0.821
432,395.9,171.4,58.1,20.64,0.821
432,395.9,171.1,51.9,20.64,0.775
432,395.9,170.8,45.7,20.63,0.775
432,395.9,170.4,40.0,20.63,0.722
432,395.9,170.0,34.2,20.61,0.722
432,395.9,169.5,29.1,20.61,0.638
432,395.9,169.0,24.0,20.61,0.638
432,395.9,168.5,20.0,20.59,0.638
432,395.9,167.9,16.0,20.77,0.506
432,395.9,166.9,12.2,20.77,0.499
432,395.9,165.5,9.5,20.73,0.499
432,395.9,164.2,6.9,20.73,0.372
432,395.9,162.8,4.3,20.73,0.372
432,395.9,161.4,3.0,20.73,0.372
432,395.9,160.0,3.0,20.73,0.372
432,395.9,158.6,3.0,20.73,0.372
432,395.9,157.2,3.0,20.73,0.372
432,395.9,155.9,3.0,20.93,0.372
432,395.9,153.8,3.0,20.93,0.388
432,395.9,151.7,3.0,20.93,0.388
432,395.9,149.7,3.0,20.93,0.388
432,395.9,147.6,3.0,20.93,0.388
432,395.9,145.5,3.0,20.93,0.388
432,395.9,143.5,3.0,21.14,0.388
432,395.9,140.8,3.0,21.14,0.406
432,395.9,138.2,3.0,21.14,0.406
432,395.9,135.6,3.0,21.14,0.406
432,395.9,133.0,3.0,21.14,0.406
432,395.9,130.0,3.0,21.44,0.406
432,395.9,127.0,3.0,21.44,0.423
432,395.9,124.0,3.0,21.44,0.423
432,395.9,121.0,3.0,21.44,0.423
432,395.9,117.7,3.0,21.70,0.423
432,395.9,114.4,3.0,21.70,0.437
432,395.9,111.0,3.0,21.70,0.437
432,395.9,107.7,3.0,21.85,0.437
432,395.9,104.3,3.0,21.85,0.435
432,395.9,100.9,3.0,21.85,0.435
432,395.9,97.6,3.0,21.85,0.435
432,395.9,94.2,3.0,21.99,0.435
432,395.9,90.8,3.0,21.99,0.429
432,395.9,87.5,3.0,21.99,0.429
432,395.9,84.1,3.0,21.99,0.429
432,395.9,80.8,3.0,22.10,0.429
432,395.9,77.5,3.0,22.10,0.419
432,395.9,74.2,3.0,22.10,0.419
432,395.9,71.0,3.0,22.25,0.419
432,395.9,67.7,3.0,22.25,0.406
432,395.9,64.5,3.0,22.25,0.406
432,395.9,61.3,3.0,22.25,0.406
432,395.9,58.4,3.0,22.38,0.406
432,395.9,55.4,3.0,22.38,0.372
432,395.9,52.4,3.0,22.38,0.372
432,395.9,49.5,3.0,22.38,0.372
432,395.9,46.5,3.0,22.44,0.372
432,395.9,43.8,3.0,22.44,0.347
432,395.9,41.0,3.0,22.44,0.347
432,395.9,38.2,3.0,22.44,0.347
432,395.9,35.5,3.0,22.48,0.347
432,395.9,33.0,3.0,22.48,0.312
432,395.9,30.5,3.0,22.48,0.312
432,395.9,28.0,3.1,22.48,0.312
432,395.9,25.5,3.1,22.48,0.312
432,395.9,23.0,3.1,22.51,0.312
432,395.9,21.0,3.4,22.51,0.254
432,395.9,19.0,3.8,22.51,0.254
432,395.9,17.0,4.1,22.51,0.254
432,395.9,15.0,4.5,22.51,0.254
432,395.9,13.0,4.8,22.51,0.254
432,395.9,11.5,5.7,22.61,0.254
432,395.9,10.1,6.6,22.61,0.207
432,395.9,8.7,7.4,22.61,0.207
432,395.9,7.3,8.3,22.61,0.207
432,395.9,5.9,9.1,22.61,0.207
432,395.9,4.5,10.0,22.61,0.207
432,395.9,3.0,10.9,22.61,0.207
432,395.9,3.0,11.7,22.61,0.207
432,395.9,3.0,13.1,22.73,0.207
432,395.9,3.0,14.5,22.73,0.199
432,395.9,3.0,15.8,22.73,0.199
432,395.9,3.0,17.2,22.73,0.199
432,395.9,3.0,18.6,22.73,0.199
432,395.9,3.0,19.9,22.73,0.199
432,395.9,3.0,21.3,22.73,0.199
432,395.9,3.0,22.7,22.73,0.199
432,395.9,3.0,24.1,22.82,0.199
432,395.9,3.0,25.6,22.82,0.207
432,395.9,3.0,27.2,22.82,0.207
432,395.9,3.0,28.8,22.82,0.207
432,395.9,3.0,30.4,22.82,0.207
432,395.9,3.0,32.0,22.82,0.207
432,395.9,3.0,33.6,22.82,0.207
432,395.9,3.0,35.1,22.82,0.207
432,395.9,3.0,36.7,22.90,0.207
432,395.9,3.0,38.3,22.90,0.207
432,395.9,3.0,40.0,22.90,0.207
432,395.9,3.0,41.6,22.90,0.207
432,395.9,3.0,43.2,22.90,0.207
432,395.9,3.0,44.8,22.90,0.207
432,395.9,3.0,46.5,22.90,0.207
432,395.9,3.0,48.1,22.96,0.207
432,395.9,3.0,49.7,22.96,0.199
432,395.9,3.0,51.2,22.96,0.199
432,395.9,3.0,52.8,22.96,0.199
432,395.9,3.0,54.4,22.96,0.199
432,395.9,3.0,56.0,22.96,0.199
432,395.9,3.0,57.5,22.96,0.199
432,395.9,3.0,59.1,22.96,0.199
432,395.9,3.0,60.7,23.05,0.199
432,395.9,3.0,62.1,23.05,0.175
432,395.9,3.0,63.5,23.05,0.175
432,395.9,3.0,64.9,23.05,0.175
432,395.9,3.0,66.3,23.05,0.175
432,395.9,3.0,67.7,23.05,0.175
432,395.9,3.0,69.1,23.05,0.175
432,395.9,3.0,70.5,23.05,0.175
432,395.9,3.0,71.9,23.05,0.175
432,395.9,3.0,73.2,23.14,0.175
432,395.9,3.0,74.5,23.14,0.163
432,395.9,3.0,75.8,23.14,0.163
432,395.9,3.0,77.1,23.14,0.163
432,395.9,3.0,78.4,23.14,0.163
432,395.9,3.0,79.7,23.14,0.163
432,395.9,3.0,81.0,23.14,0.163
432,395.9,3.0,82.3,23.14,0.163
438,421.3,244.9,262.7,21.35,0.507
438,420.7,242.3,260.4,21.35,0.445
438,420.0,239.7,258.2,19.11,0.445
438,418.0,233.4,257.7,19.11,0.816
438,416.1,227.1,257.2,19.60,0.828
438,413.7,222.0,263.1,19.60,1.021
438,410.8,216.8,267.0,19.52,1.021
438,407.9,213.6,267.0,19.53,1.247
438,407.9,210.3,267.0,19.53,1.591
438,407.9,207.0,267.0,19.53,1.591
438,407.9,203.8,267.0,19.62,1.591
438,407.9,203.3,267.0,19.62,1.704
438,407.9,202.8,267.0,19.62,1.704
438,407.9,202.3,267.0,19.62,1.704
438,407.9,201.8,267.0,19.62,1.704
438,407.9,201.4,267.0,19.62,1.704
438,407.9,200.9,267.0,19.62,1.704
438,407.9,200.4,267.0,19.62,1.704
438,407.9,199.9,267.0,19.62,1.704
438,407.9,199.4,267.0,19.62,1.704
438,407.9,199.0,267.0,19.62,1.704
438,407.9,198.5,267.0,19.62,1.704
438,407.9,198.0,267.0,19.62,1.704
438,407.9,197.5,267.0,19.62,1.704
438,407.9,197.0,267.0,19.62,1.704
438,407.9,196.5,267.0,19.62,1.704
438,407.9,196.0,267.0,19.62,1.704
438,407.9,195.6,267.0,19.62,1.704
438,407.9,195.1,267.0,19.62,1.704
438,407.9,194.6,267.0,19.62,1.704
438,407.9,194.1,267.0,19.62,1.704
438,407.9,193.6,267.0,19.62,1.704
438,407.9,193.2,267.0,19.62,1.704
438,407.9,192.7,267.0,19.62,1.704
438,407.9,192.2,267.0,19.62,1.704
438,407.9,194.7,267.0,19.62,1.704
438,407.9,194.2,267.0,19.62,1.704
438,407.9,193.7,267.0,19.62,1.704
438,407.9,193.2,267.0,19.62,1.704
438,407.9,192.7,267.0,19.62,1.704
438,407.9,192.2,267.0,19.62,1.704
438,407.9,194.7,267.0,19.62,1.704
438,407.9,194.2,267.0,19.62,1.704
438,407.9,193.8,267.0,19.62,1.704
438,407.9,193.3,267.0,19.62,1.704
438,407.9,192.8,267.0,19.62,1.704
438,407.9,192.3,267.0,19.62,1.704
438,407.9,191.8,267.0,19.30,1.704
438,407.9,191.3,267.0,19.30,1.625
438,407.9,190.9,267.0,19.30,1.625
438,407.9,190.4,267.0,19.30,1.625
438,407.9,192.8,267.0,19.62,1.625
438,407.9,192.3,267.0,19.62,1.704
438,407.9,191.9,267.0,19.30,1.704
438,407.9,191.4,267.0,19.30,1.625
438,407.9,190.9,267.0,19.30,1.625
438,407.9,190.4,267.0,19.30,1.625
438,407.9,192.9,267.0,19.62,1.625
438,407.9,192.4,267.0,19.62,1.704
438,407.9,191.9,267.0,19.30,1.704
438,407.9,191.4,267.0,19.30,1.625
438,407.9,191.0,267.0,19.30,1.625
438,407.9,190.5,267.0,19.30,1.625
438,407.9,192.9,267.0,19.62,1.625
438,407.9,192.5,267.0,19.62,1.704
438,407.9,192.0,267.0,19.30,1.704
438,407.9,191.5,267.0,19.30,1.625
438,407.9,191.0,267.0,19.30,1.625
438,407.9,190.5,267.0,19.30,1.625
438,407.9,193.0,267.0,19.62,1.625
438,407.9,192.5,267.0,19.62,1.704
438,407.9,192.0,267.0,19.62,1.704
438,407.9,194.5,267.0,19.62,1.704
438,407.9,194.0,267.0,19.62,1.704
438,407.9,193.5,267.0,19.62,1.704
438,407.9,193.1,267.0,19.62,1.704
438,407.9,192.6,267.0,19.62,1.704
438,407.9,192.1,267.0,19.62,1.704
438,407.9,194.6,267.0,19.62,1.704
438,407.9,194.1,267.0,19.62,1.704
438,407.9,193.6,267.0,19.62,1.704
438,407.9,193.1,267.0,19.62,1.704
438,407.9,192.6,267.0,19.62,1.704
438,407.9,192.1,267.0,19.62,1.704
438,407.9,194.6,267.0,19.62,1.704
438,407.9,194.1,267.0,19.62,1.704
438,407.9,193.6,267.0,19.62,1.704
438,407.9,193.2,267.0,19.62,1.704
438,407.9,192.7,267.0,19.62,1.704
438,407.9,192.2,267.0,19.62,1.704
438,407.9,194.6,267.0,19.62,1.704
438,407.9,194.2,267.0,19.62,1.704
438,407.9,193.7,267.0,19.62,1.704
438,407.9,193.2,267.0,19.62,1.704
438,407.9,192.7,267.0,19.62,1.704
438,407.9,192.2,267.0,19.62,1.704
438,407.9,194.7,267.0,19.62,1.704
438,407.9,194.2,267.0,19.62,1.704
438,407.9,193.7,267.0,19.62,1.704
438,407.9,193.3,267.0,19.62,1.704
438,407.9,192.8,267.0,19.62,1.704
438,407.9,192.3,267.0,19.62,1.704
438,407.9,191.8,267.0,19.30,1.704
438,407.9,191.3,267.0,19.30,1.625
438,407.9,190.9,267.0,19.30,1.625
438,407.9,190.4,267.0,19.30,1.625
438,407.9,192.8,267.0,19.62,1.625
438,407.9,192.3,267.0,19.62,1.704
438,407.9,191.9,267.0,19.30,1.704
438,407.9,191.4,267.0,19.30,1.625
438,407.9,190.9,267.0,19.30,1.625
438,407.9,190.4,267.0,19.30,1.625
438,407.9,192.9,267.0,19.62,1.625
438,407.9,192.4,267.0,19.62,1.704
438,407.9,191.9,267.0,19.30,1.704
438,407.9,191.4,267.0,19.30,1.625
438,407.9,190.9,267.0,19.30,1.625
438,407.9,190.5,267.0,19.30,1.625
438,407.9,192.9,267.0,19.62,1.625
438,407.9,192.5,267.0,19.62,1.704
438,407.9,192.0,267.0,19.30,1.704
438,407.9,191.5,267.0,19.30,1.625
438,407.9,191.0,267.0,19.30,1.625
438,407.9,190.5,267.0,19.30,1.625
438,407.9,193.0,267.0,19.62,1.625
438,407.9,192.5,267.0,19.62,1.704
438,407.9,192.0,267.0,19.62,1.704
438,407.9,194.5,267.0,19.62,1.704
438,407.9,194.0,267.0,19.62,1.704
438,407.9,193.5,267.0,19.62,1.704
438,407.9,193.0,267.0,19.62,1.704
438,407.9,192.6,267.0,19.62,1.704
438,407.9,192.1,267.0,19.62,1.704
438,407.9,194.5,267.0,19.62,1.704
438,407.9,194.1,267.0,19.62,1.704
438,407.9,193.6,267.0,19.62,1.704
438,407.9,193.1,267.0,19.62,1.704
438,407.9,192.6,267.0,19.62,1.704
438,407.9,192.1,267.0,19.62,1.704
438,407.9,194.6,267.0,19.62,1.704
438,407.9,194.1,267.0,19.62,1.704
438,407.9,193.6,267.0,19.62,1.704
438,407.9,193.2,267.0,19.62,1.704
438,407.9,192.7,267.0,19.62,1.704
438,407.9,192.2,267.0,19.62,1.704
438,407.9,194.6,267.0,19.62,1.704
438,407.9,194.2,267.0,19.62,1.704
438,407.9,193.7,267.0,19.62,1.704
438,407.9,193.2,267.0,19.62,1.704
438,407.9,192.7,267.0,19.62,1.704
438,407.9,192.2,267.0,19.62,1.704
438,407.9,194.7,267.0,19.62,1.704
438,407.9,194.2,267.0,19.62,1.704
438,407.9,193.7,267.0,19.62,1.704
438,407.9,193.2,267.0,19.62,1.704
438,407.9,192.8,267.0,19.62,1.704
438,407.9,192.3,267.0,19.62,1.704
438,407.9,191.8,267.0,19.30,1.704
438,407.9,191.3,267.0,19.30,1.625
438,407.9,190.8,267.0,19.30,1.625
444,406.0,225.9,264.3,19.10,0.846
444,406.0,220.7,267.0,19.10,1.246
444,406.0,215.4,267.0,19.53,1.246
444,406.0,212.2,267.0,19.53,1.684
444,406.0,208.9,267.0,19.53,1.684
444,406.0,205.6,267.0,19.53,1.684
444,406.0,202.4,267.0,19.62,1.684
444,406.0,201.9,267.0,19.62,1.846
444,406.0,201.4,267.0,19.62,1.846
444,406.0,200.9,267.0,19.62,1.846
444,406.0,200.5,267.0,19.62,1.846
444,406.0,200.0,267.0,19.62,1.846
444,406.0,199.5,267.0,19.62,1.846
444,406.0,199.0,267.0,19.62,1.846
444,406.0,198.5,267.0,19.62,1.846
444,406.0,198.0,267.0,19.62,1.846
444,406.0,197.6,267.0,19.62,1.846
444,406.0,197.1,267.0,19.62,1.846
444,406.0,196.6,267.0,19.62,1.846
444,406.0,196.1,267.0,19.62,1.846
444,406.0,195.6,267.0,19.62,1.846
444,406.0,195.1,267.0,19.62,1.846
444,406.0,194.7,267.0,19.62,1.846
444,406.0,194.2,267.0,19.62,1.846
444,406.0,193.7,267.0,19.62,1.846
444,406.0,193.2,267.0,19.62,1.846
444,406.0,192.7,267.0,19.62,1.846
444,406.0,192.2,267.0,19.62,1.846
444,406.0,191.8,267.0,19.30,1.846
444,406.0,191.3,267.0,19.30,1.734
444,406.0,190.8,267.0,19.30,1.734
444,406.0,190.3,267.0,19.30,1.734
444,406.0,192.8,267.0,19.62,1.734
444,406.0,192.3,267.0,19.62,1.846
444,406.0,191.8,267.0,19.30,1.846
444,406.0,191.3,267.0,19.30,1.734
444,406.0,190.9,267.0,19.30,1.734
444,406.0,190.4,267.0,19.30,1.734
444,406.0,192.8,267.0,19.62,1.734
444,406.0,192.3,267.0,19.62,1.846
444,406.0,191.9,267.0,19.30,1.846
444,406.0,191.4,267.0,19.30,1.734
444,406.0,190.9,267.0,19.30,1.734
444,406.0,190.4,267.0,19.30,1.734
444,406.0,192.9,267.0,19.62,1.734
444,406.0,192.4,267.0,19.62,1.846
444,406.0,191.9,267.0,19.30,1.846
444,406.0,191.4,267.0,19.30,1.734
444,406.0,191.0,267.0,19.30,1.734
444,406.0,190.5,267.0,19.30,1.734
444,406.0,192.9,267.0,19.62,1.734
444,406.0,192.5,267.0,19.62,1.846
444,406.0,192.0,267.0,19.30,1.846
444,406.0,191.5,267.0,19.30,1.734
444,406.0,191.0,267.0,19.30,1.734
444,406.0,190.5,267.0,19.30,1.734
444,406.0,193.0,267.0,19.62,1.734
444,406.0,192.5,267.0,19.62,1.846
444,406.0,192.0,267.0,19.62,1.846
444,406.0,194.5,267.0,19.62,1.846
444,406.0,194.0,267.0,19.62,1.846
444,406.0,193.5,267.0,19.62,1.846
444,406.0,193.1,267.0,19.62,1.846
444,406.0,192.6,267.0,19.62,1.846
444,406.0,192.1,267.0,19.62,1.846
444,406.0,194.6,267.0,19.62,1.846
444,406.0,194.1,267.0,19.62,1.846
444,406.0,193.6,267.0,19.62,1.846
444,406.0,193.1,267.0,19.62,1.846
444,406.0,192.6,267.0,19.62,1.846
444,406.0,192.1,267.0,19.62,1.846
444,406.0,194.6,267.0,19.62,1.846
444,406.0,194.1,267.0,19.62,1.846
444,406.0,193.6,267.0,19.62,1.846
444,406.0,193.2,267.0,19.62,1.846
444,406.0,192.7,267.0,19.62,1.846
444,406.0,192.2,267.0,19.62,1.846
444,406.0,194.6,267.0,19.62,1.846
444,406.0,194.2,267.0,19.62,1.846
444,406.0,193.7,267.0,19.62,1.846
444,406.0,193.2,267.0,19.62,1.846
444,406.0,192.7,267.0,19.62,1.846
444,406.0,192.2,267.0,19.62,1.846
444,406.0,191.8,267.0,19.30,1.846
444,406.0,191.3,267.0,19.30,1.734
444,406.0,190.8,267.0,19.30,1.734
444,406.0,190.3,267.0,19.30,1.734
444,406.0,192.8,267.0,19.62,1.734
444,406.0,192.3,267.0,19.62,1.846
444,406.0,191.8,267.0,19.30,1.846
444,406.0,191.3,267.0,19.30,1.734
444,406.0,190.9,267.0,19.30,1.734
444,406.0,190.4,267.0,19.30,1.734
444,406.0,192.8,267.0,19.62,1.734
444,406.0,192.3,267.0,19.62,1.846
444,406.0,191.9,267.0,19.30,1.846
444,406.0,191.4,267.0,19.30,1.734
444,406.0,190.9,267.0,19.30,1.734
444,406.0,190.4,267.0,19.30,1.734
444,406.0,192.9,267.0,19.62,1.734
444,406.0,192.4,267.0,19.62,1.846
444,406.0,191.9,267.0,19.30,1.846
444,406.0,191.4,267.0,19.30,1.734
444,406.0,190.9,267.0,19.30,1.734
444,406.0,190.5,267.0,19.30,1.734
444,406.0,192.9,267.0,19.62,1.734
444,406.0,192.5,267.0,19.62,1.846
444,406.0,192.0,267.0,19.30,1.846
444,406.0,191.5,267.0,19.30,1.734
444,406.0,191.0,267.0,19.30,1.734
444,406.0,190.5,267.0,19.30,1.734
444,406.0,193.0,267.0,19.62,1.734
444,406.0,192.5,267.0,19.62,1.846
444,406.0,192.0,267.0,19.62,1.846
444,406.0,194.5,267.0,19.62,1.846
444,406.0,194.0,267.0,19.62,1.846
444,406.0,193.5,267.0,19.62,1.846
444,406.0,193.0,267.0,19.62,1.846
444,406.0,192.6,267.0,19.62,1.846
444,406.0,192.1,267.0,19.62,1.846
444,406.0,194.5,267.0,19.62,1.846
444,406.0,194.1,267.0,19.62,1.846
444,406.0,193.6,267.0,19.62,1.846
444,406.0,193.1,267.0,19.62,1.846
444,406.0,192.6,267.0,19.62,1.846
444,406.0,192.1,267.0,19.62,1.846
444,406.0,194.6,267.0,19.62,1.846
444,406.0,194.1,267.0,19.62,1.846
444,406.0,193.6,267.0,19.62,1.846
444,406.0,193.2,267.0,19.62,1.846
444,406.0,192.7,267.0,19.62,1.846
444,406.0,192.2,267.0,19.62,1.846
444,406.0,194.6,267.0,19.62,1.846
444,406.0,194.2,267.0,19.62,1.846
444,406.0,193.7,267.0,19.62,1.846
444,406.0,193.2,267.0,19.62,1.846
444,406.0,192.7,267.0,19.62,1.846
444,406.0,192.2,267.0,19.62,1.846
444,406.0,194.7,267.0,19.62,1.846
444,406.0,194.2,267.0,19.62,1.846
444,406.0,193.7,267.0,19.62,1.846
444,406.0,193.2,267.0,19.62,1.846
444,406.0,192.8,267.0,19.62,1.846
444,406.0,192.3,267.0,19.62,1.846
444,406.0,191.8,267.0,19.30,1.846
444,406.0,191.3,267.0,19.30,1.734
444,406.0,190.8,267.0,19.30,1.734
444,406.0,190.4,267.0,19.30,1.734
444,406.0,192.8,267.0,19.62,1.734
444,406.0,192.3,267.0,19.62,1.846
444,406.0,191.9,267.0,19.30,1.846
444,406.0,191.4,267.0,19.30,1.734
444,406.0,190.9,267.0,19.30,1.734
444,406.0,190.4,267.0,19.30,1.734
444,406.0,192.9,267.0,19.62,1.734
444,406.0,192.4,267.0,19.62,1.846
444,406.0,191.9,267.0,19.30,1.846
444,406.0,191.4,267.0,19.30,1.734
444,406.0,190.9,267.0,19.30,1.734
444,406.0,190.5,267.0,19.30,1.734
450,376.3,243.0,259.9,20.27,0.813
450,376.8,240.2,254.8,20.27,0.727
450,380.3,234.4,254.8,20.24,0.727
450,383.9,228.6,254.7,20.24,0.852
450,386.3,223.6,260.7,19.60,0.828
450,388.8,218.6,266.7,19.52,1.021
450,391.7,215.4,267.0,19.64,1.247
450,394.6,212.1,267.0,19.64,1.591
450,394.6,208.8,267.0,19.64,1.591
450,394.6,205.6,267.0,19.64,1.591
450,394.6,205.1,267.0,19.64,1.591
450,394.6,204.6,267.0,19.64,1.591
450,394.6,204.1,267.0,19.64,1.591
450,394.6,203.7,267.0,19.51,1.591
450,394.6,203.2,267.0,19.51,1.704
450,394.6,202.7,267.0,19.51,1.704
450,394.6,202.2,267.0,19.51,1.704
450,394.6,201.7,267.0,19.51,1.704
450,394.6,201.3,267.0,19.51,1.704
450,394.6,200.8,267.0,19.51,1.704
450,394.6,200.3,267.0,19.51,1.704
450,394.6,199.8,267.0,19.51,1.704
450,394.6,199.3,267.0,19.51,1.704
450,394.6,198.8,267.0,19.51,1.704
450,394.6,198.3,267.0,19.51,1.704
450,394.6,197.9,267.0,19.51,1.704
450,394.6,197.4,267.0,19.51,1.704
450,394.6,196.9,267.0,19.51,1.704
450,394.6,196.4,267.0,19.51,1.704
450,394.6,195.9,267.0,19.51,1.704
450,394.6,195.5,267.0,19.51,1.704
450,394.6,195.0,267.0,19.51,1.704
450,394.6,194.5,267.0,19.51,1.704
450,394.6,194.0,267.0,19.51,1.704
450,394.6,193.5,267.0,19.51,1.704
450,394.6,193.1,267.0,19.51,1.704
450,394.6,192.6,267.0,19.51,1.704
450,394.6,192.1,267.0,19.51,1.704
450,394.6,194.6,267.0,19.51,1.704
450,394.6,194.1,267.0,19.51,1.704
450,394.6,193.6,267.0,19.51,1.704
450,394.6,193.1,267.0,19.51,1.704
450,394.6,192.6,267.0,19.51,1.704
450,394.6,192.1,267.0,19.51,1.704
450,394.6,194.6,267.0,19.51,1.704
450,394.6,194.1,267.0,19.51,1.704
450,394.6,193.6,267.0,19.51,1.704
450,394.6,193.2,267.0,19.51,1.704
450,394.6,192.7,267.0,19.51,1.704
450,394.6,192.2,267.0,19.51,1.704
450,394.6,194.6,267.0,19.51,1.704
450,394.6,194.2,267.0,19.51,1.704
450,394.6,193.7,267.0,19.51,1.704
450,394.6,193.2,267.0,19.51,1.704
450,394.6,192.7,267.0,19.51,1.704
450,394.6,192.2,267.0,19.51,1.704
450,394.6,194.7,267.0,19.51,1.704
450,394.6,194.2,267.0,19.51,1.704
450,394.6,193.7,267.0,19.51,1.704
450,394.6,193.3,267.0,19.51,1.704
450,394.6,192.8,267.0,19.51,1.704
450,394.6,192.3,267.0,19.51,1.704
450,394.6,191.8,267.0,19.55,1.704
450,394.6,191.3,267.0,19.55,1.625
450,394.6,190.9,267.0,19.55,1.625
450,394.6,190.4,267.0,19.55,1.625
450,394.6,192.8,267.0,19.51,1.625
450,394.6,192.3,267.0,19.51,1.704
450,394.6,191.9,267.0,19.55,1.704
450,394.6,191.4,267.0,19.55,1.625
450,394.6,190.9,267.0,19.55,1.625
450,394.6,190.4,267.0,19.55,1.625
450,394.6,192.9,267.0,19.51,1.625
450,394.6,192.4,267.0,19.51,1.704
450,394.6,191.9,267.0,19.55,1.704
450,394.6,191.4,267.0,19.55,1.625
450,394.6,190.9,267.0,19.55,1.625
450,394.6,190.5,267.0,19.55,1.625
450,394.6,192.9,267.0,19.51,1.625
450,394.6,192.5,267.0,19.51,1.704
450,394.6,192.0,267.0,19.55,1.704
450,394.6,191.5,267.0,19.55,1.625
450,394.6,191.0,267.0,19.55,1.625
450,394.6,190.5,267.0,19.55,1.625
450,394.6,193.0,267.0,19.51,1.625
450,394.6,192.5,267.0,19.51,1.704
450,394.6,192.0,267.0,19.51,1.704
450,394.6,194.5,267.0,19.51,1.704
450,394.6,194.0,267.0,19.51,1.704
450,394.6,193.5,267.0,19.51,1.704
450,394.6,193.0,267.0,19.51,1.704
450,394.6,192.6,267.0,19.51,1.704
450,394.6,192.1,267.0,19.51,1.704
450,394.6,194.5,267.0,19.51,1.704
450,394.6,194.1,267.0,19.51,1.704
450,394.6,193.6,267.0,19.51,1.704
450,394.6,193.1,267.0,19.51,1.704
450,394.6,192.6,267.0,19.51,1.704
450,394.6,192.1,267.0,19.51,1.704
450,394.6,194.6,267.0,19.51,1.704
450,394.6,194.1,267.0,19.51,1.704
450,394.6,193.6,267.0,19.51,1.704
450,394.6,193.1,267.0,19.51,1.704
450,394.6,192.7,267.0,19.51,1.704
450,394.6,192.2,267.0,19.51,1.704
450,394.6,194.6,267.0,19.51,1.704
450,394.6,194.2,267.0,19.51,1.704
450,394.6,193.7,267.0,19.51,1.704
450,394.6,193.2,267.0,19.51,1.704
450,394.6,192.7,267.0,19.51,1.704
450,394.6,192.2,267.0,19.51,1.704
450,394.6,194.7,267.0,19.51,1.704
450,394.6,194.2,267.0,19.51,1.704
450,394.6,193.7,267.0,19.51,1.704
450,394.6,193.2,267.0,19.51,1.704
450,394.6,192.8,267.0,19.51,1.704
450,394.6,192.3,267.0,19.51,1.704
450,394.6,191.8,267.0,19.55,1.704
450,394.6,191.3,267.0,19.55,1.625
450,394.6,190.8,267.0,19.55,1.625
450,394.6,190.4,267.0,19.55,1.625
450,394.6,192.8,267.0,19.51,1.625
450,394.6,192.3,267.0,19.51,1.704
450,394.6,191.9,267.0,19.55,1.704
450,394.6,191.4,267.0,19.55,1.625
450,394.6,190.9,267.0,19.55,1.625
450,394.6,190.4,267.0,19.55,1.625
450,394.6,192.9,267.0,19.51,1.625
450,394.6,192.4,267.0,19.51,1.704
450,394.6,191.9,267.0,19.55,1.704
450,394.6,191.4,267.0,19.55,1.625
450,394.6,190.9,267.0,19.55,1.625
450,394.6,190.5,267.0,19.55,1.625
450,394.6,192.9,267.0,19.51,1.625
450,394.6,192.4,267.0,19.51,1.704
450,394.6,192.0,267.0,19.55,1.704
450,394.6,191.5,267.0,19.55,1.625
450,394.6,191.0,267.0,19.55,1.625
450,394.6,190.5,267.0,19.55,1.625
450,394.6,193.0,267.0,19.51,1.625
450,394.6,192.5,267.0,19.51,1.704
450,394.6,192.0,267.0,19.51,1.704
450,394.6,194.5,267.0,19.51,1.704
450,394.6,194.0,267.0,19.51,1.704
450,394.6,193.5,267.0,19.51,1.704
450,394.6,193.0,267.0,19.51,1.704
450,394.6,192.6,267.0,19.51,1.704
450,394.6,192.1,267.0,19.51,1.704
450,394.6,194.5,267.0,19.51,1.704
450,394.6,194.0,267.0,19.51,1.704
450,394.6,193.6,267.0,19.51,1.704
450,394.6,193.1,267.0,19.51,1.704
450,394.6,192.6,267.0,19.51,1.704
450,394.6,192.1,267.0,19.51,1.704
450,394.6,194.6,267.0,19.51,1.704
450,394.6,194.1,267.0,19.51,1.704
450,394.6,193.6,267.0,19.51,1.704
450,394.6,193.1,267.0,19.51,1.704
450,394.6,192.7,267.0,19.51,1.704
450,394.6,192.2,267.0,19.51,1.704
456,377.9,231.3,264.8,20.20,0.996
456,382.4,224.7,264.6,20.22,0.996
456,385.3,219.5,267.0,19.52,1.169
456,388.2,214.3,267.0,19.64,1.247
456,391.1,211.0,267.0,19.64,1.591
456,393.9,207.8,267.0,19.64,1.591
456,396.8,204.5,267.0,19.53,1.591
456,396.8,204.1,267.0,19.53,1.684
456,396.8,203.6,267.0,19.62,1.684
456,396.8,203.1,267.0,19.62,1.846
456,396.8,202.6,267.0,19.62,1.846
456,396.8,202.1,267.0,19.62,1.846
456,396.8,201.6,267.0,19.62,1.846
456,396.8,201.1,267.0,19.62,1.846
456,396.8,200.7,267.0,19.62,1.846
456,396.8,200.2,267.0,19.62,1.846
456,396.8,199.7,267.0,19.62,1.846
456,396.8,199.2,267.0,19.62,1.846
456,396.8,198.7,267.0,19.62,1.846
456,396.8,198.3,267.0,19.62,1.846
456,396.8,197.8,267.0,19.62,1.846
456,396.8,197.3,267.0,19.62,1.846
456,396.8,196.8,267.0,19.62,1.846
456,396.8,196.3,267.0,19.62,1.846
456,396.8,195.8,267.0,19.62,1.846
456,396.8,195.4,267.0,19.62,1.846
456,396.8,194.9,267.0,19.62,1.846
456,396.8,194.4,267.0,19.62,1.846
456,396.8,193.9,267.0,19.62,1.846
456,396.8,193.4,267.0,19.62,1.846
456,396.8,192.9,267.0,19.62,1.846
456,396.8,192.5,267.0,19.62,1.846
456,396.8,192.0,267.0,19.30,1.846
456,396.8,191.5,267.0,19.30,1.734
456,396.8,191.0,267.0,19.30,1.734
456,396.8,190.5,267.0,19.30,1.734
456,396.8,193.0,267.0,19.62,1.734
456,396.8,192.5,267.0,19.62,1.846
456,396.8,192.0,267.0,19.62,1.846
456,396.8,194.5,267.0,19.62,1.846
456,396.8,194.0,267.0,19.62,1.846
456,396.8,193.5,267.0,19.62,1.846
456,396.8,193.1,267.0,19.62,1.846
456,396.8,192.6,267.0,19.62,1.846
456,396.8,192.1,267.0,19.62,1.846
456,396.8,194.6,267.0,19.62,1.846
456,396.8,194.1,267.0,19.62,1.846
456,396.8,193.6,267.0,19.62,1.846
456,396.8,193.1,267.0,19.62,1.846
456,396.8,192.6,267.0,19.62,1.846
456,396.8,192.1,267.0,19.62,1.846
456,396.8,194.6,267.0,19.62,1.846
456,396.8,194.1,267.0,19.62,1.846
456,396.8,193.6,267.0,19.62,1.846
456,396.8,193.2,267.0,19.62,1.846
456,396.8,192.7,267.0,19.62,1.846
456,396.8,192.2,267.0,19.62,1.846
456,396.8,194.7,267.0,19.62,1.846
456,396.8,194.2,267.0,19.62,1.846
456,396.8,193.7,267.0,19.62,1.846
456,396.8,193.2,267.0,19.62,1.846
456,396.8,192.7,267.0,19.62,1.846
456,396.8,192.2,267.0,19.62,1.846
456,396.8,191.8,267.0,19.30,1.846
456,396.8,191.3,267.0,19.30,1.734
456,396.8,190.8,267.0,19.30,1.734
456,396.8,190.3,267.0,19.30,1.734
456,396.8,192.8,267.0,19.62,1.734
456,396.8,192.3,267.0,19.62,1.846
456,396.8,191.8,267.0,19.30,1.846
456,396.8,191.3,267.0,19.30,1.734
456,396.8,190.9,267.0,19.30,1.734
456,396.8,190.4,267.0,19.30,1.734
456,396.8,192.8,267.0,19.62,1.734
456,396.8,192.4,267.0,19.62,1.846
456,396.8,191.9,267.0,19.30,1.846
456,396.8,191.4,267.0,19.30,1.734
456,396.8,190.9,267.0,19.30,1.734
456,396.8,190.4,267.0,19.30,1.734
456,396.8,192.9,267.0,19.62,1.734
456,396.8,192.4,267.0,19.62,1.846
456,396.8,191.9,267.0,19.30,1.846
456,396.8,191.4,267.0,19.30,1.734
456,396.8,191.0,267.0,19.30,1.734
456,396.8,190.5,267.0,19.30,1.734
456,396.8,192.9,267.0,19.62,1.734
456,396.8,192.5,267.0,19.62,1.846
456,396.8,192.0,267.0,19.30,1.846
456,396.8,191.5,267.0,19.30,1.734
456,396.8,191.0,267.0,19.30,1.734
456,396.8,190.5,267.0,19.30,1.734
456,396.8,193.0,267.0,19.62,1.734
456,396.8,192.5,267.0,19.62,1.846
456,396.8,192.0,267.0,19.62,1.846
456,396.8,194.5,267.0,19.62,1.846
456,396.8,194.0,267.0,19.62,1.846
456,396.8,193.5,267.0,19.62,1.846
456,396.8,193.1,267.0,19.62,1.846
456,396.8,192.6,267.0,19.62,1.846
456,396.8,192.1,267.0,19.62,1.846
456,396.8,194.6,267.0,19.62,1.846
456,396.8,194.1,267.0,19.62,1.846
456,396.8,193.6,267.0,19.62,1.846
456,396.8,193.1,267.0,19.62,1.846
456,396.8,192.6,267.0,19.62,1.846
456,396.8,192.1,267.0,19.62,1.846
456,396.8,194.6,267.0,19.62,1.846
456,396.8,194.1,267.0,19.62,1.846
456,396.8,193.6,267.0,19.62,1.846
456,396.8,193.2,267.0,19.62,1.846
456,396.8,192.7,267.0,19.62,1.846
456,396.8,192.2,267.0,19.62,1.846
456,396.8,194.7,267.0,19.62,1.846
456,396.8,194.2,267.0,19.62,1.846
456,396.8,193.7,267.0,19.62,1.846
456,396.8,193.2,267.0,19.62,1.846
456,396.8,192.7,267.0,19.62,1.846
456,396.8,192.2,267.0,19.62,1.846
456,396.8,191.8,267.0,19.30,1.846
456,396.8,191.3,267.0,19.30,1.734
456,396.8,190.8,267.0,19.30,1.734
456,396.8,190.3,267.0,19.30,1.734
456,396.8,192.8,267.0,19.62,1.734
456,396.8,192.3,267.0,19.62,1.846
456,396.8,191.8,267.0,19.30,1.846
456,396.8,191.3,267.0,19.30,1.734
456,396.8,190.9,267.0,19.30,1.734
456,396.8,190.4,267.0,19.30,1.734
456,396.8,192.8,267.0,19.62,1.734
456,396.8,192.3,267.0,19.62,1.846
456,396.8,191.9,267.0,19.30,1.846
456,396.8,191.4,267.0,19.30,1.734
456,396.8,190.9,267.0,19.30,1.734
456,396.8,190.4,267.0,19.30,1.734
456,396.8,192.9,267.0,19.62,1.734
456,396.8,192.4,267.0,19.62,1.846
456,396.8,191.9,267.0,19.30,1.846
456,396.8,191.4,267.0,19.30,1.734
456,396.8,190.9,267.0,19.30,1.734
456,396.8,190.5,267.0,19.30,1.734
456,396.8,192.9,267.0,19.62,1.734
456,396.8,192.5,267.0,19.62,1.846
456,396.8,192.0,267.0,19.30,1.846
456,396.8,191.5,267.0,19.30,1.734
456,396.8,191.0,267.0,19.30,1.734
456,396.8,190.5,267.0,19.30,1.734
456,396.8,193.0,267.0,19.62,1.734
456,396.8,192.5,267.0,19.62,1.846
456,396.8,192.0,267.0,19.62,1.846
456,396.8,194.5,267.0,19.62,1.846
456,396.8,194.0,267.0,19.62,1.846
456,396.8,193.5,267.0,19.62,1.846
456,396.8,193.0,267.0,19.62,1.846
456,396.8,192.6,267.0,19.62,1.846
456,396.8,192.1,267.0,19.62,1.846
456,396.8,194.5,267.0,19.62,1.846
456,396.8,194.1,267.0,19.62,1.846
456,396.8,193.6,267.0,19.62,1.846
456,396.8,193.1,267.0,19.62,1.846
456,396.8,192.6,267.0,19.62,1.846
462,410.3,172.8,264.9,18.99,1.273
462,407.8,179.2,264.8,18.43,0.859
462,407.8,181.7,267.0,19.30,0.803
462,407.8,184.1,267.0,19.30,1.734
462,407.8,186.6,267.0,19.30,1.734
462,407.8,189.1,267.0,19.30,1.734
462,407.8,191.5,267.0,19.30,1.734
462,407.8,191.1,267.0,19.30,1.734
462,407.8,190.6,267.0,19.30,1.734
462,407.8,193.0,267.0,19.62,1.734
462,407.8,192.6,267.0,19.62,1.846
462,407.8,192.1,267.0,19.62,1.846
462,407.8,194.5,267.0,19.62,1.846
462,407.8,194.0,267.0,19.62,1.846
462,407.8,193.6,267.0,19.62,1.846
462,407.8,193.1,267.0,19.62,1.846
462,407.8,192.6,267.0,19.62,1.846
462,407.8,192.1,267.0,19.62,1.846
462,407.8,194.6,267.0,19.62,1.846
462,407.8,194.1,267.0,19.62,1.846
462,407.8,193.6,267.0,19.62,1.846
462,407.8,193.1,267.0,19.62,1.846
462,407.8,192.7,267.0,19.62,1.846
462,407.8,192.2,267.0,19.62,1.846
462,407.8,194.6,267.0,19.62,1.846
462,407.8,194.2,267.0,19.62,1.846
462,407.8,193.7,267.0,19.62,1.846
462,407.8,193.2,267.0,19.62,1.846
462,407.8,192.7,267.0,19.62,1.846
462,407.8,192.2,267.0,19.62,1.846
462,407.8,194.7,267.0,19.62,1.846
462,407.8,194.2,267.0,19.62,1.846
462,407.8,193.7,267.0,19.62,1.846
462,407.8,193.2,267.0,19.62,1.846
462,407.8,192.8,267.0,19.62,1.846
462,407.8,192.3,267.0,19.62,1.846
462,407.8,191.8,267.0,19.30,1.846
462,407.8,191.3,267.0,19.30,1.734
462,407.8,190.8,267.0,19.30,1.734
462,407.8,190.3,267.0,19.30,1.734
462,407.8,192.8,267.0,19.62,1.734
462,407.8,192.3,267.0,19.62,1.846
462,407.8,191.9,267.0,19.30,1.846
462,407.8,191.4,267.0,19.30,1.734
462,407.8,190.9,267.0,19.30,1.734
462,407.8,190.4,267.0,19.30,1.734
462,407.8,192.9,267.0,19.62,1.734
462,407.8,192.4,267.0,19.62,1.846
462,407.8,191.9,267.0,19.30,1.846
462,407.8,191.4,267.0,19.30,1.734
462,407.8,190.9,267.0,19.30,1.734
462,407.8,190.5,267.0,19.30,1.734
462,407.8,192.9,267.0,19.62,1.734
462,407.8,192.4,267.0,19.62,1.846
462,407.8,191.9,267.0,19.30,1.846
462,407.8,191.5,267.0,19.30,1.734
462,407.8,191.0,267.0,19.30,1.734
462,407.8,190.5,267.0,19.30,1.734
462,407.8,193.0,267.0,19.62,1.734
462,407.8,192.5,267.0,19.62,1.846
462,407.8,192.0,267.0,19.62,1.846
462,407.8,194.5,267.0,19.62,1.846
462,407.8,194.0,267.0,19.62,1.846
462,407.8,193.5,267.0,19.62,1.846
462,407.8,193.0,267.0,19.62,1.846
462,407.8,192.5,267.0,19.62,1.846
462,407.8,192.1,267.0,19.62,1.846
462,407.8,194.5,267.0,19.62,1.846
462,407.8,194.0,267.0,19.62,1.846
462,407.8,193.6,267.0,19.62,1.846
462,407.8,193.1,267.0,19.62,1.846
462,407.8,192.6,267.0,19.62,1.846
462,407.8,192.1,267.0,19.62,1.846
462,407.8,194.6,267.0,19.62,1.846
462,407.8,194.1,267.0,19.62,1.846
462,407.8,193.6,267.0,19.62,1.846
462,407.8,193.1,267.0,19.62,1.846
462,407.8,192.7,267.0,19.62,1.846
462,407.8,192.2,267.0,19.62,1.846
462,407.8,194.6,267.0,19.62,1.846
462,407.8,194.2,267.0,19.62,1.846
462,407.8,193.7,267.0,19.62,1.846
462,407.8,193.2,267.0,19.62,1.846
462,407.8,192.7,267.0,19.62,1.846
462,407.8,192.2,267.0,19.62,1.846
462,407.8,194.7,267.0,19.62,1.846
462,407.8,194.2,267.0,19.62,1.846
462,407.8,193.7,267.0,19.62,1.846
462,407.8,193.2,267.0,19.62,1.846
462,407.8,192.8,267.0,19.62,1.846
462,407.8,192.3,267.0,19.62,1.846
462,407.8,191.8,267.0,19.30,1.846
462,407.8,191.3,267.0,19.30,1.734
462,407.8,190.8,267.0,19.30,1.734
462,407.8,190.3,267.0,19.30,1.734
462,407.8,192.8,267.0,19.62,1.734
462,407.8,192.3,267.0,19.62,1.846
462,407.8,191.8,267.0,19.30,1.846
462,407.8,191.4,267.0,19.30,1.734
462,407.8,190.9,267.0,19.30,1.734
462,407.8,190.4,267.0,19.30,1.734
462,407.8,192.9,267.0,19.62,1.734
462,407.8,192.4,267.0,19.62,1.846
462,407.8,191.9,267.0,19.30,1.846
462,407.8,191.4,267.0,19.30,1.734
462,407.8,190.9,267.0,19.30,1.734
462,407.8,190.5,267.0,19.30,1.734
462,407.8,192.9,267.0,19.62,1.734
462,407.8,192.4,267.0,19.62,1.846
462,407.8,191.9,267.0,19.30,1.846
462,407.8,191.5,267.0,19.30,1.734
462,407.8,191.0,267.0,19.30,1.734
462,407.8,190.5,267.0,19.30,1.734
462,407.8,193.0,267.0,19.62,1.734
462,407.8,192.5,267.0,19.62,1.846
462,407.8,192.0,267.0,19.62,1.846
462,407.8,191.5,267.0,19.30,1.734
462,407.8,191.0,267.0,19.30,1.734
462,407.8,190.6,267.0,19.30,1.734
462,407.8,193.0,267.0,19.62,1.734
462,407.8,192.5,267.0,19.62,1.846
462,407.8,192.1,267.0,19.62,1.846
462,407.8,194.5,267.0,19.62,1.846
462,407.8,194.0,267.0,19.62,1.846
462,407.8,193.6,267.0,19.62,1.846
462,407.8,193.1,267.0,19.62,1.846
462,407.8,192.6,267.0,19.62,1.846
462,407.8,192.1,267.0,19.62,1.846
462,407.8,194.6,267.0,19.62,1.846
462,407.8,194.1,267.0,19.62,1.846
462,407.8,193.6,267.0,19.62,1.846
462,407.8,193.1,267.0,19.62,1.846
462,407.8,192.6,267.0,19.62,1.846
462,407.8,192.2,267.0,19.62,1.846
462,407.8,194.6,267.0,19.62,1.846
462,407.8,194.1,267.0,19.62,1.846
462,407.8,193.7,267.0,19.62,1.846
462,407.8,193.2,267.0,19.62,1.846
462,407.8,192.7,267.0,19.62,1.846
462,407.8,192.2,267.0,19.62,1.846
462,407.8,194.7,267.0,19.62,1.846
462,407.8,194.2,267.0,19.62,1.846
462,407.8,193.7,267.0,19.62,1.846
462,407.8,193.2,267.0,19.62,1.846
462,407.8,192.8,267.0,19.62,1.846
462,407.8,192.3,267.0,19.62,1.846
462,407.8,191.8,267.0,19.30,1.846
462,407.8,191.3,267.0,19.30,1.734
462,407.8,190.8,267.0,19.30,1.734
462,407.8,190.3,267.0,19.30,1.734
462,407.8,192.8,267.0,19.62,1.734
462,407.8,192.3,267.0,19.62,1.846
462,407.8,191.8,267.0,19.30,1.846
462,407.8,191.3,267.0,19.30,1.734
462,407.8,190.9,267.0,19.30,1.734
462,407.8,190.4,267.0,19.30,1.734
462,407.8,192.9,267.0,19.62,1.734
462,407.8,192.4,267.0,19.62,1.846
462,407.8,191.9,267.0,19.30,1.846
462,407.8,191.4,267.0,19.30,1.734
468,415.9,243.2,260.0,20.00,0.836
468,415.6,240.1,255.0,20.00,0.740
468,413.7,233.8,254.5,19.11,0.740
468,411.8,227.4,254.0,19.60,0.828
468,409.3,222.4,260.0,19.60,1.021
468,406.9,217.4,266.0,19.10,1.021
468,406.9,214.2,267.0,19.53,1.246
468,406.9,210.9,267.0,19.53,1.684
468,406.9,207.6,267.0,19.53,1.684
468,406.9,204.4,267.0,19.53,1.684
468,406.9,203.9,267.0,19.62,1.684
468,406.9,203.4,267.0,19.62,1.846
468,406.9,202.9,267.0,19.62,1.846
468,406.9,202.4,267.0,19.62,1.846
468,406.9,201.9,267.0,19.62,1.846
468,406.9,201.5,267.0,19.62,1.846
468,406.9,201.0,267.0,19.62,1.846
468,406.9,200.5,267.0,19.62,1.846
468,406.9,200.0,267.0,19.62,1.846
468,406.9,199.5,267.0,19.62,1.846
468,406.9,199.1,267.0,19.62,1.846
468,406.9,198.6,267.0,19.62,1.846
468,406.9,198.1,267.0,19.62,1.846
468,406.9,197.6,267.0,19.62,1.846
468,406.9,197.1,267.0,19.62,1.846
468,406.9,196.6,267.0,19.62,1.846
468,406.9,196.2,267.0,19.62,1.846
468,406.9,195.7,267.0,19.62,1.846
468,406.9,195.2,267.0,19.62,1.846
468,406.9,194.7,267.0,19.62,1.846
468,406.9,194.2,267.0,19.62,1.846
468,406.9,193.8,267.0,19.62,1.846
468,406.9,193.3,267.0,19.62,1.846
468,406.9,192.8,267.0,19.62,1.846
468,406.9,192.3,267.0,19.62,1.846
468,406.9,191.8,267.0,19.30,1.846
468,406.9,191.3,267.0,19.30,1.734
468,406.9,190.9,267.0,19.30,1.734
468,406.9,190.4,267.0,19.30,1.734
468,406.9,192.8,267.0,19.62,1.734
468,406.9,192.4,267.0,19.62,1.846
468,406.9,191.9,267.0,19.30,1.846
468,406.9,191.4,267.0,19.30,1.734
468,406.9,190.9,267.0,19.30,1.734
468,406.9,190.4,267.0,19.30,1.734
468,406.9,192.9,267.0,19.62,1.734
468,406.9,192.4,267.0,19.62,1.846
468,406.9,191.9,267.0,19.30,1.846
468,406.9,191.5,267.0,19.30,1.734
468,406.9,191.0,267.0,19.30,1.734
468,406.9,190.5,267.0,19.30,1.734
468,406.9,192.9,267.0,19.62,1.734
468,406.9,192.5,267.0,19.62,1.846
468,406.9,192.0,267.0,19.30,1.846
468,406.9,191.5,267.0,19.30,1.734
468,406.9,191.0,267.0,19.30,1.734
468,406.9,190.5,267.0,19.30,1.734
468,406.9,193.0,267.0,19.62,1.734
468,406.9,192.5,267.0,19.62,1.846
468,406.9,192.0,267.0,19.62,1.846
468,406.9,194.5,267.0,19.62,1.846
468,406.9,194.0,267.0,19.62,1.846
468,406.9,193.5,267.0,19.62,1.846
468,406.9,193.1,267.0,19.62,1.846
468,406.9,192.6,267.0,19.62,1.846
468,406.9,192.1,267.0,19.62,1.846
468,406.9,194.6,267.0,19.62,1.846
468,406.9,194.1,267.0,19.62,1.846
468,406.9,193.6,267.0,19.62,1.846
468,406.9,193.1,267.0,19.62,1.846
468,406.9,192.6,267.0,19.62,1.846
468,406.9,192.1,267.0,19.62,1.846
468,406.9,194.6,267.0,19.62,1.846
468,406.9,194.1,267.0,19.62,1.846
468,406.9,193.6,267.0,19.62,1.846
468,406.9,193.2,267.0,19.62,1.846
468,406.9,192.7,267.0,19.62,1.846
468,406.9,192.2,267.0,19.62,1.846
468,406.9,194.7,267.0,19.62,1.846
468,406.9,194.2,267.0,19.62,1.846
468,406.9,193.7,267.0,19.62,1.846
468,406.9,193.2,267.0,19.62,1.846
468,406.9,192.7,267.0,19.62,1.846
468,406.9,192.2,267.0,19.62,1.846
468,406.9,191.8,267.0,19.30,1.846
468,406.9,191.3,267.0,19.30,1.734
468,406.9,190.8,267.0,19.30,1.734
468,406.9,190.3,267.0,19.30,1.734
468,406.9,192.8,267.0,19.62,1.734
468,406.9,192.3,267.0,19.62,1.846
468,406.9,191.8,267.0,19.30,1.846
468,406.9,191.3,267.0,19.30,1.734
468,406.9,190.9,267.0,19.30,1.734
468,406.9,190.4,267.0,19.30,1.734
468,406.9,192.8,267.0,19.62,1.734
468,406.9,192.3,267.0,19.62,1.846
468,406.9,191.9,267.0,19.30,1.846
468,406.9,191.4,267.0,19.30,1.734
468,406.9,190.9,267.0,19.30,1.734
468,406.9,190.4,267.0,19.30,1.734
468,406.9,192.9,267.0,19.62,1.734
468,406.9,192.4,267.0,19.62,1.846
468,406.9,191.9,267.0,19.30,1.846
468,406.9,191.4,267.0,19.30,1.734
468,406.9,191.0,267.0,19.30,1.734
468,406.9,190.5,267.0,19.30,1.734
468,406.9,192.9,267.0,19.62,1.734
468,406.9,192.5,267.0,19.62,1.846
468,406.9,192.0,267.0,19.30,1.846
468,406.9,191.5,267.0,19.30,1.734
468,406.9,191.0,267.0,19.30,1.734
468,406.9,190.5,267.0,19.30,1.734
468,406.9,193.0,267.0,19.62,1.734
468,406.9,192.5,267.0,19.62,1.846
468,406.9,192.0,267.0,19.62,1.846
468,406.9,194.5,267.0,19.62,1.846
468,406.9,194.0,267.0,19.62,1.846
468,406.9,193.5,267.0,19.62,1.846
468,406.9,193.1,267.0,19.62,1.846
468,406.9,192.6,267.0,19.62,1.846
468,406.9,192.1,267.0,19.62,1.846
468,406.9,194.6,267.0,19.62,1.846
468,406.9,194.1,267.0,19.62,1.846
468,406.9,193.6,267.0,19.62,1.846
468,406.9,193.1,267.0,19.62,1.846
468,406.9,192.6,267.0,19.62,1.846
468,406.9,192.1,267.0,19.62,1.846
468,406.9,194.6,267.0,19.62,1.846
468,406.9,194.1,267.0,19.62,1.846
468,406.9,193.6,267.0,19.62,1.846
468,406.9,193.2,267.0,19.62,1.846
468,406.9,192.7,267.0,19.62,1.846
468,406.9,192.2,267.0,19.62,1.846
468,406.9,194.6,267.0,19.62,1.846
468,406.9,194.2,267.0,19.62,1.846
468,406.9,193.7,267.0,19.62,1.846
468,406.9,193.2,267.0,19.62,1.846
468,406.9,192.7,267.0,19.62,1.846
468,406.9,192.2,267.0,19.62,1.846
468,406.9,194.7,267.0,19.62,1.846
468,406.9,194.2,267.0,19.62,1.846
468,406.9,193.7,267.0,19.62,1.846
468,406.9,193.3,267.0,19.62,1.846
468,406.9,192.8,267.0,19.62,1.846
468,406.9,192.3,267.0,19.62,1.846
468,406.9,191.8,267.0,19.30,1.846
468,406.9,191.3,267.0,19.30,1.734
468,406.9,190.8,267.0,19.30,1.734
468,406.9,190.4,267.0,19.30,1.734
468,406.9,192.8,267.0,19.62,1.734
468,406.9,192.3,267.0,19.62,1.846
468,406.9,191.9,267.0,19.30,1.846
468,406.9,191.4,267.0,19.30,1.734
468,406.9,190.9,267.0,19.30,1.734
468,406.9,190.4,267.0,19.30,1.734
468,406.9,192.9,267.0,19.62,1.734
468,406.9,192.4,267.0,19.62,1.846
468,406.9,191.9,267.0,19.30,1.846
468,406.9,191.4,267.0,19.30,1.734
468,406.9,190.9,267.0,19.30,1.734
474,416.1,167.0,257.5,18.49,1.273
474,414.1,172.8,257.4,19.14,1.105
474,412.0,178.7,257.2,19.14,0.773
474,409.3,180.8,266.7,19.55,0.773
474,409.3,183.3,267.0,19.55,1.625
474,409.3,185.8,267.0,19.55,1.625
474,409.3,188.2,267.0,19.55,1.625
474,409.3,190.7,267.0,19.55,1.625
474,409.3,193.1,267.0,19.51,1.625
474,409.3,192.7,267.0,19.51,1.704
474,409.3,192.2,267.0,19.51,1.704
474,409.3,194.6,267.0,19.51,1.704
474,409.3,194.2,267.0,19.51,1.704
474,409.3,193.7,267.0,19.51,1.704
474,409.3,193.2,267.0,19.51,1.704
474,409.3,192.7,267.0,19.51,1.704
474,409.3,192.2,267.0,19.51,1.704
474,409.3,194.7,267.0,19.51,1.704
474,409.3,194.2,267.0,19.51,1.704
474,409.3,193.7,267.0,19.51,1.704
474,409.3,193.2,267.0,19.51,1.704
474,409.3,192.8,267.0,19.51,1.704
474,409.3,192.3,267.0,19.51,1.704
474,409.3,191.8,267.0,19.55,1.704
474,409.3,191.3,267.0,19.55,1.625
474,409.3,190.8,267.0,19.55,1.625
474,409.3,190.3,267.0,19.55,1.625
474,409.3,192.8,267.0,19.51,1.625
474,409.3,192.3,267.0,19.51,1.704
474,409.3,191.9,267.0,19.55,1.704
474,409.3,191.4,267.0,19.55,1.625
474,409.3,190.9,267.0,19.55,1.625
474,409.3,190.4,267.0,19.55,1.625
474,409.3,192.9,267.0,19.51,1.625
474,409.3,192.4,267.0,19.51,1.704
474,409.3,191.9,267.0,19.55,1.704
474,409.3,191.4,267.0,19.55,1.625
474,409.3,190.9,267.0,19.55,1.625
474,409.3,190.5,267.0,19.55,1.625
474,409.3,192.9,267.0,19.51,1.625
474,409.3,192.4,267.0,19.51,1.704
474,409.3,192.0,267.0,19.55,1.704
474,409.3,191.5,267.0,19.55,1.625
474,409.3,191.0,267.0,19.55,1.625
474,409.3,190.5,267.0,19.55,1.625
474,409.3,193.0,267.0,19.51,1.625
474,409.3,192.5,267.0,19.51,1.704
474,409.3,192.0,267.0,19.51,1.704
474,409.3,194.5,267.0,19.51,1.704
474,409.3,194.0,267.0,19.51,1.704
474,409.3,193.5,267.0,19.51,1.704
474,409.3,193.0,267.0,19.51,1.704
474,409.3,192.5,267.0,19.51,1.704
474,409.3,192.1,267.0,19.51,1.704
474,409.3,194.5,267.0,19.51,1.704
474,409.3,194.0,267.0,19.51,1.704
474,409.3,193.6,267.0,19.51,1.704
474,409.3,193.1,267.0,19.51,1.704
474,409.3,192.6,267.0,19.51,1.704
474,409.3,192.1,267.0,19.51,1.704
474,409.3,194.6,267.0,19.51,1.704
474,409.3,194.1,267.0,19.51,1.704
474,409.3,193.6,267.0,19.51,1.704
474,409.3,193.1,267.0,19.51,1.704
474,409.3,192.7,267.0,19.51,1.704
474,409.3,192.2,267.0,19.51,1.704
474,409.3,194.6,267.0,19.51,1.704
474,409.3,194.2,267.0,19.51,1.704
474,409.3,193.7,267.0,19.51,1.704
474,409.3,193.2,267.0,19.51,1.704
474,409.3,192.7,267.0,19.51,1.704
474,409.3,192.2,267.0,19.51,1.704
474,409.3,194.7,267.0,19.51,1.704
474,409.3,194.2,267.0,19.51,1.704
474,409.3,193.7,267.0,19.51,1.704
474,409.3,193.2,267.0,19.51,1.704
474,409.3,192.8,267.0,19.51,1.704
474,409.3,192.3,267.0,19.51,1.704
474,409.3,191.8,267.0,19.55,1.704
474,409.3,191.3,267.0,19.55,1.625
474,409.3,190.8,267.0,19.55,1.625
474,409.3,190.3,267.0,19.55,1.625
474,409.3,192.8,267.0,19.51,1.625
474,409.3,192.3,267.0,19.51,1.704
474,409.3,191.8,267.0,19.55,1.704
474,409.3,191.4,267.0,19.55,1.625
474,409.3,190.9,267.0,19.55,1.625
474,409.3,190.4,267.0,19.55,1.625
474,409.3,192.9,267.0,19.51,1.625
474,409.3,192.4,267.0,19.51,1.704
474,409.3,191.9,267.0,19.55,1.704
474,409.3,191.4,267.0,19.55,1.625
474,409.3,190.9,267.0,19.55,1.625
474,409.3,190.5,267.0,19.55,1.625
474,409.3,192.9,267.0,19.51,1.625
474,409.3,192.4,267.0,19.51,1.704
474,409.3,191.9,267.0,19.55,1.704
474,409.3,191.5,267.0,19.55,1.625
474,409.3,191.0,267.0,19.55,1.625
474,409.3,190.5,267.0,19.55,1.625
474,409.3,193.0,267.0,19.51,1.625
474,409.3,192.5,267.0,19.51,1.704
474,409.3,192.0,267.0,19.51,1.704
474,409.3,194.5,267.0,19.51,1.704
474,409.3,194.0,267.0,19.51,1.704
474,409.3,193.5,267.0,19.51,1.704
474,409.3,193.0,267.0,19.51,1.704
474,409.3,192.5,267.0,19.51,1.704
474,409.3,192.1,267.0,19.51,1.704
474,409.3,194.5,267.0,19.51,1.704
474,409.3,194.0,267.0,19.51,1.704
474,409.3,193.6,267.0,19.51,1.704
474,409.3,193.1,267.0,19.51,1.704
474,409.3,192.6,267.0,19.51,1.704
474,409.3,192.1,267.0,19.51,1.704
474,409.3,194.6,267.0,19.51,1.704
474,409.3,194.1,267.0,19.51,1.704
474,409.3,193.6,267.0,19.51,1.704
474,409.3,193.1,267.0,19.51,1.704
474,409.3,192.6,267.0,19.51,1.704
474,409.3,192.2,267.0,19.51,1.704
474,409.3,194.6,267.0,19.51,1.704
474,409.3,194.1,267.0,19.51,1.704
474,409.3,193.7,267.0,19.51,1.704
474,409.3,193.2,267.0,19.51,1.704
474,409.3,192.7,267.0,19.51,1.704
474,409.3,192.2,267.0,19.51,1.704
474,409.3,194.7,267.0,19.51,1.704
474,409.3,194.2,267.0,19.51,1.704
474,409.3,193.7,267.0,19.51,1.704
474,409.3,193.2,267.0,19.51,1.704
474,409.3,192.8,267.0,19.51,1.704
474,409.3,192.3,267.0,19.51,1.704
474,409.3,191.8,267.0,19.55,1.704
474,409.3,191.3,267.0,19.55,1.625
474,409.3,190.8,267.0,19.55,1.625
474,409.3,190.3,267.0,19.55,1.625
474,409.3,192.8,267.0,19.51,1.625
474,409.3,192.3,267.0,19.51,1.704
474,409.3,191.8,267.0,19.55,1.704
474,409.3,191.3,267.0,19.55,1.625
474,409.3,190.9,267.0,19.55,1.625
474,409.3,190.4,267.0,19.55,1.625
474,409.3,192.9,267.0,19.51,1.625
474,409.3,192.4,267.0,19.51,1.704
474,409.3,191.9,267.0,19.55,1.704
474,409.3,191.4,267.0,19.55,1.625
474,409.3,190.9,267.0,19.55,1.625
474,409.3,190.4,267.0,19.55,1.625
474,409.3,192.9,267.0,19.51,1.625
474,409.3,192.4,267.0,19.51,1.704
474,409.3,191.9,267.0,19.55,1.704
474,409.3,191.5,267.0,19.55,1.625
474,409.3,191.0,267.0,19.55,1.625
474,409.3,190.5,267.0,19.55,1.625
474,409.3,193.0,267.0,19.51,1.625
474,409.3,192.5,267.0,19.51,1.704
474,409.3,192.0,267.0,19.51,1.704
474,409.3,191.5,267.0,19.55,1.625
474,409.3,191.0,267.0,19.55,1.625
480,372.6,212.6,264.6,19.60,0.893
480,377.6,209.4,267.0,19.60,1.261
480,382.7,206.2,267.0,19.60,1.261
480,385.6,202.9,267.0,19.51,1.261
480,388.5,202.4,267.0,19.51,1.704
480,391.4,201.9,267.0,19.51,1.704
480,394.3,201.4,267.0,19.51,1.704
480,397.2,200.9,267.0,19.62,1.704
480,397.2,200.4,267.0,19.62,1.846
480,397.2,199.9,267.0,19.62,1.846
480,397.2,199.4,267.0,19.62,1.846
480,397.2,198.9,267.0,19.62,1.846
480,397.2,198.5,267.0,19.62,1.846
480,397.2,198.0,267.0,19.62,1.846
480,397.2,197.5,267.0,19.62,1.846
480,397.2,197.0,267.0,19.62,1.846
480,397.2,196.5,267.0,19.62,1.846
480,397.2,196.0,267.0,19.62,1.846
480,397.2,195.6,267.0,19.62,1.846
480,397.2,195.1,267.0,19.62,1.846
480,397.2,194.6,267.0,19.62,1.846
480,397.2,194.1,267.0,19.62,1.846
480,397.2,193.6,267.0,19.62,1.846
480,397.2,193.2,267.0,19.62,1.846
480,397.2,192.7,267.0,19.62,1.846
480,397.2,192.2,267.0,19.62,1.846
480,397.2,194.7,267.0,19.62,1.846
480,397.2,194.2,267.0,19.62,1.846
480,397.2,193.7,267.0,19.62,1.846
480,397.2,193.2,267.0,19.62,1.846
480,397.2,192.7,267.0,19.62,1.846
480,397.2,192.2,267.0,19.62,1.846
480,397.2,191.8,267.0,19.30,1.846
480,397.2,191.3,267.0,19.30,1.734
480,397.2,190.8,267.0,19.30,1.734
480,397.2,190.3,267.0,19.30,1.734
480,397.2,192.8,267.0,19.62,1.734
480,397.2,192.3,267.0,19.62,1.846
480,397.2,191.8,267.0,19.30,1.846
480,397.2,191.3,267.0,19.30,1.734
480,397.2,190.9,267.0,19.30,1.734
480,397.2,190.4,267.0,19.30,1.734
480,397.2,192.8,267.0,19.62,1.734
480,397.2,192.3,267.0,19.62,1.846
480,397.2,191.9,267.0,19.30,1.846
480,397.2,191.4,267.0,19.30,1.734
480,397.2,190.9,267.0,19.30,1.734
480,397.2,190.4,267.0,19.30,1.734
480,397.2,192.9,267.0,19.62,1.734
480,397.2,192.4,267.0,19.62,1.846
480,397.2,191.9,267.0,19.30,1.846
480,397.2,191.4,267.0,19.30,1.734
480,397.2,191.0,267.0,19.30,1.734
480,397.2,190.5,267.0,19.30,1.734
480,397.2,192.9,267.0,19.62,1.734
480,397.2,192.5,267.0,19.62,1.846
480,397.2,192.0,267.0,19.30,1.846
480,397.2,191.5,267.0,19.30,1.734
480,397.2,191.0,267.0,19.30,1.734
480,397.2,190.5,267.0,19.30,1.734
480,397.2,193.0,267.0,19.62,1.734
480,397.2,192.5,267.0,19.62,1.846
480,397.2,192.0,267.0,19.62,1.846
480,397.2,194.5,267.0,19.62,1.846
480,397.2,194.0,267.0,19.62,1.846
480,397.2,193.5,267.0,19.62,1.846
480,397.2,193.0,267.0,19.62,1.846
480,397.2,192.6,267.0,19.62,1.846
480,397.2,192.1,267.0,19.62,1.846
480,397.2,194.5,267.0,19.62,1.846
480,397.2,194.1,267.0,19.62,1.846
480,397.2,193.6,267.0,19.62,1.846
480,397.2,193.1,267.0,19.62,1.846
480,397.2,192.6,267.0,19.62,1.846
480,397.2,192.1,267.0,19.62,1.846
480,397.2,194.6,267.0,19.62,1.846
480,397.2,194.1,267.0,19.62,1.846
480,397.2,193.6,267.0,19.62,1.846
480,397.2,193.2,267.0,19.62,1.846
480,397.2,192.7,267.0,19.62,1.846
480,397.2,192.2,267.0,19.62,1.846
480,397.2,194.6,267.0,19.62,1.846
480,397.2,194.2,267.0,19.62,1.846
480,397.2,193.7,267.0,19.62,1.846
480,397.2,193.2,267.0,19.62,1.846
480,397.2,192.7,267.0,19.62,1.846
480,397.2,192.2,267.0,19.62,1.846
480,397.2,194.7,267.0,19.62,1.846
480,397.2,194.2,267.0,19.62,1.846
480,397.2,193.7,267.0,19.62,1.846
480,397.2,193.2,267.0,19.62,1.846
480,397.2,192.8,267.0,19.62,1.846
480,397.2,192.3,267.0,19.62,1.846
480,397.2,191.8,267.0,19.30,1.846
480,397.2,191.3,267.0,19.30,1.734
480,397.2,190.8,267.0,19.30,1.734
480,397.2,190.4,267.0,19.30,1.734
480,397.2,192.8,267.0,19.62,1.734
480,397.2,192.3,267.0,19.62,1.846
480,397.2,191.9,267.0,19.30,1.846
480,397.2,191.4,267.0,19.30,1.734
480,397.2,190.9,267.0,19.30,1.734
480,397.2,190.4,267.0,19.30,1.734
480,397.2,192.9,267.0,19.62,1.734
480,397.2,192.4,267.0,19.62,1.846
480,397.2,191.9,267.0,19.30,1.846
480,397.2,191.4,267.0,19.30,1.734
480,397.2,190.9,267.0,19.30,1.734
480,397.2,190.5,267.0,19.30,1.734
480,397.2,192.9,267.0,19.62,1.734
480,397.2,192.5,267.0,19.62,1.846
480,397.2,192.0,267.0,19.30,1.846
480,397.2,191.5,267.0,19.30,1.734
480,397.2,191.0,267.0,19.30,1.734
480,397.2,190.5,267.0,19.30,1.734
480,397.2,193.0,267.0,19.62,1.734
480,397.2,192.5,267.0,19.62,1.846
480,397.2,192.0,267.0,19.62,1.846
480,397.2,194.5,267.0,19.62,1.846
480,397.2,194.0,267.0,19.62,1.846
480,397.2,193.5,267.0,19.62,1.846
480,397.2,193.0,267.0,19.62,1.846
480,397.2,192.6,267.0,19.62,1.846
480,397.2,192.1,267.0,19.62,1.846
480,397.2,194.5,267.0,19.62,1.846
480,397.2,194.0,267.0,19.62,1.846
480,397.2,193.6,267.0,19.62,1.846
480,397.2,193.1,267.0,19.62,1.846
480,397.2,192.6,267.0,19.62,1.846
480,397.2,192.1,267.0,19.62,1.846
480,397.2,194.6,267.0,19.62,1.846
480,397.2,194.1,267.0,19.62,1.846
480,397.2,193.6,267.0,19.62,1.846
480,397.2,193.1,267.0,19.62,1.846
480,397.2,192.7,267.0,19.62,1.846
480,397.2,192.2,267.0,19.62,1.846
480,397.2,194.6,267.0,19.62,1.846
480,397.2,194.2,267.0,19.62,1.846
480,397.2,193.7,267.0,19.62,1.846
480,397.2,193.2,267.0,19.62,1.846
480,397.2,192.7,267.0,19.62,1.846
480,397.2,192.2,267.0,19.62,1.846
480,397.2,194.7,267.0,19.62,1.846
480,397.2,194.2,267.0,19.62,1.846
480,397.2,193.7,267.0,19.62,1.846
480,397.2,193.2,267.0,19.62,1.846
480,397.2,192.8,267.0,19.62,1.846
480,397.2,192.3,267.0,19.62,1.846
480,397.2,191.8,267.0,19.30,1.846
480,397.2,191.3,267.0,19.30,1.734
480,397.2,190.8,267.0,19.30,1.734
480,397.2,190.3,267.0,19.30,1.734
480,397.2,192.8,267.0,19.62,1.734
480,397.2,192.3,267.0,19.62,1.846
480,397.2,191.9,267.0,19.30,1.846
480,397.2,191.4,267.0,19.30,1.734
480,397.2,190.9,267.0,19.30,1.734
480,397.2,190.4,267.0,19.30,1.734
480,397.2,192.9,267.0,19.62,1.734
480,397.2,192.4,267.0,19.62,1.846
486,410.4,244.9,260.0,20.00,0.836
486,410.1,241.7,255.0,20.00,0.740
486,409.8,238.5,250.1,19.83,0.740
486,408.6,233.2,248.8,19.83,0.691
486,407.5,228.0,247.6,19.77,0.691
486,407.5,223.3,249.9,19.77,0.646
486,407.5,218.7,252.2,19.22,0.646
486,407.5,213.5,258.4,19.61,1.012
486,407.5,210.4,267.0,19.53,1.297
486,407.5,207.1,267.0,19.53,1.684
486,407.5,203.9,267.0,19.62,1.684
486,407.5,203.4,267.0,19.62,1.846
486,407.5,202.9,267.0,19.62,1.846
486,407.5,202.4,267.0,19.62,1.846
486,407.5,201.9,267.0,19.62,1.846
486,407.5,201.4,267.0,19.62,1.846
486,407.5,201.0,267.0,19.62,1.846
486,407.5,200.5,267.0,19.62,1.846
486,407.5,200.0,267.0,19.62,1.846
486,407.5,199.5,267.0,19.62,1.846
486,407.5,199.0,267.0,19.62,1.846
486,407.5,198.6,267.0,19.62,1.846
486,407.5,198.1,267.0,19.62,1.846
486,407.5,197.6,267.0,19.62,1.846
486,407.5,197.1,267.0,19.62,1.846
486,407.5,196.6,267.0,19.62,1.846
486,407.5,196.1,267.0,19.62,1.846
486,407.5,195.7,267.0,19.62,1.846
486,407.5,195.2,267.0,19.62,1.846
486,407.5,194.7,267.0,19.62,1.846
486,407.5,194.2,267.0,19.62,1.846
486,407.5,193.7,267.0,19.62,1.846
486,407.5,193.2,267.0,19.62,1.846
486,407.5,192.8,267.0,19.62,1.846
486,407.5,192.3,267.0,19.62,1.846
486,407.5,191.8,267.0,19.30,1.846
486,407.5,191.3,267.0,19.30,1.734
486,407.5,190.8,267.0,19.30,1.734
486,407.5,190.3,267.0,19.30,1.734
486,407.5,192.8,267.0,19.62,1.734
486,407.5,192.3,267.0,19.62,1.846
486,407.5,191.9,267.0,19.30,1.846
486,407.5,191.4,267.0,19.30,1.734
486,407.5,190.9,267.0,19.30,1.734
486,407.5,190.4,267.0,19.30,1.734
486,407.5,192.9,267.0,19.62,1.734
486,407.5,192.4,267.0,19.62,1.846
486,407.5,191.9,267.0,19.30,1.846
486,407.5,191.4,267.0,19.30,1.734
486,407.5,190.9,267.0,19.30,1.734
486,407.5,190.5,267.0,19.30,1.734
486,407.5,192.9,267.0,19.62,1.734
486,407.5,192.4,267.0,19.62,1.846
486,407.5,192.0,267.0,19.30,1.846
486,407.5,191.5,267.0,19.30,1.734
486,407.5,191.0,267.0,19.30,1.734
486,407.5,190.5,267.0,19.30,1.734
486,407.5,193.0,267.0,19.62,1.734
486,407.5,192.5,267.0,19.62,1.846
486,407.5,192.0,267.0,19.62,1.846
486,407.5,194.5,267.0,19.62,1.846
486,407.5,194.0,267.0,19.62,1.846
486,407.5,193.5,267.0,19.62,1.846
486,407.5,193.0,267.0,19.62,1.846
486,407.5,192.6,267.0,19.62,1.846
486,407.5,192.1,267.0,19.62,1.846
486,407.5,194.5,267.0,19.62,1.846
486,407.5,194.0,267.0,19.62,1.846
486,407.5,193.6,267.0,19.62,1.846
486,407.5,193.1,267.0,19.62,1.846
486,407.5,192.6,267.0,19.62,1.846
486,407.5,192.1,267.0,19.62,1.846
486,407.5,194.6,267.0,19.62,1.846
486,407.5,194.1,267.0,19.62,1.846
486,407.5,193.6,267.0,19.62,1.846
486,407.5,193.1,267.0,19.62,1.846
486,407.5,192.7,267.0,19.62,1.846
486,407.5,192.2,267.0,19.62,1.846
486,407.5,194.6,267.0,19.62,1.846
486,407.5,194.2,267.0,19.62,1.846
486,407.5,193.7,267.0,19.62,1.846
486,407.5,193.2,267.0,19.62,1.846
486,407.5,192.7,267.0,19.62,1.846
486,407.5,192.2,267.0,19.62,1.846
486,407.5,194.7,267.0,19.62,1.846
486,407.5,194.2,267.0,19.62,1.846
486,407.5,193.7,267.0,19.62,1.846
486,407.5,193.2,267.0,19.62,1.846
486,407.5,192.8,267.0,19.62,1.846
486,407.5,192.3,267.0,19.62,1.846
486,407.5,191.8,267.0,19.30,1.846
486,407.5,191.3,267.0,19.30,1.734
486,407.5,190.8,267.0,19.30,1.734
486,407.5,190.3,267.0,19.30,1.734
486,407.5,192.8,267.0,19.62,1.734
486,407.5,192.3,267.0,19.62,1.846
486,407.5,191.8,267.0,19.30,1.846
486,407.5,191.4,267.0,19.30,1.734
486,407.5,190.9,267.0,19.30,1.734
486,407.5,190.4,267.0,19.30,1.734
486,407.5,192.9,267.0,19.62,1.734
486,407.5,192.4,267.0,19.62,1.846
486,407.5,191.9,267.0,19.30,1.846
486,407.5,191.4,267.0,19.30,1.734
486,407.5,190.9,267.0,19.30,1.734
486,407.5,190.5,267.0,19.30,1.734
486,407.5,192.9,267.0,19.62,1.734
486,407.5,192.4,267.0,19.62,1.846
486,407.5,191.9,267.0,19.30,1.846
486,407.5,191.5,267.0,19.30,1.734
486,407.5,191.0,267.0,19.30,1.734
486,407.5,190.5,267.0,19.30,1.734
486,407.5,193.0,267.0,19.62,1.734
486,407.5,192.5,267.0,19.62,1.846
486,407.5,192.0,267.0,19.62,1.846
486,407.5,194.5,267.0,19.62,1.846
486,407.5,194.0,267.0,19.62,1.846
486,407.5,193.5,267.0,19.62,1.846
486,407.5,193.0,267.0,19.62,1.846
486,407.5,192.5,267.0,19.62,1.846
486,407.5,192.1,267.0,19.62,1.846
486,407.5,194.5,267.0,19.62,1.846
486,407.5,194.0,267.0,19.62,1.846
486,407.5,193.6,267.0,19.62,1.846
486,407.5,193.1,267.0,19.62,1.846
486,407.5,192.6,267.0,19.62,1.846
486,407.5,192.1,267.0,19.62,1.846
486,407.5,194.6,267.0,19.62,1.846
486,407.5,194.1,267.0,19.62,1.846
486,407.5,193.6,267.0,19.62,1.846
486,407.5,193.1,267.0,19.62,1.846
486,407.5,192.6,267.0,19.62,1.846
486,407.5,192.2,267.0,19.62,1.846
486,407.5,194.6,267.0,19.62,1.846
486,407.5,194.1,267.0,19.62,1.846
486,407.5,193.7,267.0,19.62,1.846
486,407.5,193.2,267.0,19.62,1.846
486,407.5,192.7,267.0,19.62,1.846
486,407.5,192.2,267.0,19.62,1.846
486,407.5,194.7,267.0,19.62,1.846
486,407.5,194.2,267.0,19.62,1.846
486,407.5,193.7,267.0,19.62,1.846
486,407.5,193.2,267.0,19.62,1.846
486,407.5,192.8,267.0,19.62,1.846
486,407.5,192.3,267.0,19.62,1.846
486,407.5,191.8,267.0,19.30,1.846
486,407.5,191.3,267.0,19.30,1.734
486,407.5,190.8,267.0,19.30,1.734
486,407.5,190.3,267.0,19.30,1.734
486,407.5,192.8,267.0,19.62,1.734
486,407.5,192.3,267.0,19.62,1.846
486,407.5,191.8,267.0,19.30,1.846
486,407.5,191.3,267.0,19.30,1.734
486,407.5,190.9,267.0,19.30,1.734
486,407.5,190.4,267.0,19.30,1.734
486,407.5,192.9,267.0,19.62,1.734
486,407.5,192.4,267.0,19.62,1.846
486,407.5,191.9,267.0,19.30,1.846
486,407.5,191.4,267.0,19.30,1.734
486,407.5,190.9,267.0,19.30,1.734
492,389.5,163.9,257.5,18.49,1.273
492,390.5,168.5,250.0,19.64,1.105
492,391.8,173.0,249.0,19.64,0.601
492,393.1,177.5,247.9,19.64,0.601
492,394.4,182.0,246.8,19.86,0.601
492,396.6,183.5,251.3,19.67,0.654
492,396.6,185.8,261.7,19.37,0.677
492,396.6,188.2,267.0,19.30,1.327
492,396.6,190.7,267.0,19.30,1.734
492,396.6,193.2,267.0,19.62,1.734
492,396.6,192.7,267.0,19.62,1.846
492,396.6,192.2,267.0,19.62,1.846
492,396.6,194.7,267.0,19.62,1.846
492,396.6,194.2,267.0,19.62,1.846
492,396.6,193.7,267.0,19.62,1.846
492,396.6,193.2,267.0,19.62,1.846
492,396.6,192.8,267.0,19.62,1.846
492,396.6,192.3,267.0,19.62,1.846
492,396.6,191.8,267.0,19.30,1.846
492,396.6,191.3,267.0,19.30,1.734
492,396.6,190.8,267.0,19.30,1.734
492,396.6,190.3,267.0,19.30,1.734
492,396.6,192.8,267.0,19.62,1.734
492,396.6,192.3,267.0,19.62,1.846
492,396.6,191.8,267.0,19.30,1.846
492,396.6,191.3,267.0,19.30,1.734
492,396.6,190.9,267.0,19.30,1.734
492,396.6,190.4,267.0,19.30,1.734
492,396.6,192.9,267.0,19.62,1.734
492,396.6,192.4,267.0,19.62,1.846
492,396.6,191.9,267.0,19.30,1.846
492,396.6,191.4,267.0,19.30,1.734
492,396.6,190.9,267.0,19.30,1.734
492,396.6,190.4,267.0,19.30,1.734
492,396.6,192.9,267.0,19.62,1.734
492,396.6,192.4,267.0,19.62,1.846
492,396.6,191.9,267.0,19.30,1.846
492,396.6,191.5,267.0,19.30,1.734
492,396.6,191.0,267.0,19.30,1.734
492,396.6,190.5,267.0,19.30,1.734
492,396.6,193.0,267.0,19.62,1.734
492,396.6,192.5,267.0,19.62,1.846
492,396.6,192.0,267.0,19.30,1.846
492,396.6,191.5,267.0,19.30,1.734
492,396.6,191.0,267.0,19.30,1.734
492,396.6,190.6,267.0,19.30,1.734
492,396.6,193.0,267.0,19.62,1.734
492,396.6,192.5,267.0,19.62,1.846
492,396.6,192.1,267.0,19.62,1.846
492,396.6,194.5,267.0,19.62,1.846
492,396.6,194.0,267.0,19.62,1.846
492,396.6,193.6,267.0,19.62,1.846
492,396.6,193.1,267.0,19.62,1.846
492,396.6,192.6,267.0,19.62,1.846
492,396.6,192.1,267.0,19.62,1.846
492,396.6,194.6,267.0,19.62,1.846
492,396.6,194.1,267.0,19.62,1.846
492,396.6,193.6,267.0,19.62,1.846
492,396.6,193.1,267.0,19.62,1.846
492,396.6,192.6,267.0,19.62,1.846
492,396.6,192.2,267.0,19.62,1.846
492,396.6,194.6,267.0,19.62,1.846
492,396.6,194.1,267.0,19.62,1.846
492,396.6,193.7,267.0,19.62,1.846
492,396.6,193.2,267.0,19.62,1.846
492,396.6,192.7,267.0,19.62,1.846
492,396.6,192.2,267.0,19.62,1.846
492,396.6,194.7,267.0,19.62,1.846
492,396.6,194.2,267.0,19.62,1.846
492,396.6,193.7,267.0,19.62,1.846
492,396.6,193.2,267.0,19.62,1.846
492,396.6,192.7,267.0,19.62,1.846
492,396.6,192.3,267.0,19.62,1.846
492,396.6,191.8,267.0,19.30,1.846
492,396.6,191.3,267.0,19.30,1.734
492,396.6,190.8,267.0,19.30,1.734
492,396.6,190.3,267.0,19.30,1.734
492,396.6,192.8,267.0,19.62,1.734
492,396.6,192.3,267.0,19.62,1.846
492,396.6,191.8,267.0,19.30,1.846
492,396.6,191.3,267.0,19.30,1.734
492,396.6,190.9,267.0,19.30,1.734
492,396.6,190.4,267.0,19.30,1.734
492,396.6,192.8,267.0,19.62,1.734
492,396.6,192.4,267.0,19.62,1.846
492,396.6,191.9,267.0,19.30,1.846
492,396.6,191.4,267.0,19.30,1.734
492,396.6,190.9,267.0,19.30,1.734
492,396.6,190.4,267.0,19.30,1.734
492,396.6,192.9,267.0,19.62,1.734
492,396.6,192.4,267.0,19.62,1.846
492,396.6,191.9,267.0,19.30,1.846
492,396.6,191.5,267.0,19.30,1.734
492,396.6,191.0,267.0,19.30,1.734
492,396.6,190.5,267.0,19.30,1.734
492,396.6,192.9,267.0,19.62,1.734
492,396.6,192.5,267.0,19.62,1.846
492,396.6,192.0,267.0,19.30,1.846
492,396.6,191.5,267.0,19.30,1.734
492,396.6,191.0,267.0,19.30,1.734
492,396.6,190.5,267.0,19.30,1.734
492,396.6,193.0,267.0,19.62,1.734
492,396.6,192.5,267.0,19.62,1.846
492,396.6,192.0,267.0,19.62,1.846
492,396.6,194.5,267.0,19.62,1.846
492,396.6,194.0,267.0,19.62,1.846
492,396.6,193.5,267.0,19.62,1.846
492,396.6,193.1,267.0,19.62,1.846
492,396.6,192.6,267.0,19.62,1.846
492,396.6,192.1,267.0,19.62,1.846
492,396.6,194.6,267.0,19.62,1.846
492,396.6,194.1,267.0,19.62,1.846
492,396.6,193.6,267.0,19.62,1.846
492,396.6,193.1,267.0,19.62,1.846
492,396.6,192.6,267.0,19.62,1.846
492,396.6,192.1,267.0,19.62,1.846
492,396.6,194.6,267.0,19.62,1.846
492,396.6,194.1,267.0,19.62,1.846
492,396.6,193.6,267.0,19.62,1.846
492,396.6,193.2,267.0,19.62,1.846
492,396.6,192.7,267.0,19.62,1.846
492,396.6,192.2,267.0,19.62,1.846
492,396.6,194.7,267.0,19.62,1.846
492,396.6,194.2,267.0,19.62,1.846
492,396.6,193.7,267.0,19.62,1.846
492,396.6,193.2,267.0,19.62,1.846
492,396.6,192.7,267.0,19.62,1.846
492,396.6,192.2,267.0,19.62,1.846
492,396.6,191.8,267.0,19.30,1.846
492,396.6,191.3,267.0,19.30,1.734
492,396.6,190.8,267.0,19.30,1.734
492,396.6,190.3,267.0,19.30,1.734
492,396.6,192.8,267.0,19.62,1.734
492,396.6,192.3,267.0,19.62,1.846
492,396.6,191.8,267.0,19.30,1.846
492,396.6,191.3,267.0,19.30,1.734
492,396.6,190.9,267.0,19.30,1.734
492,396.6,190.4,267.0,19.30,1.734
492,396.6,192.8,267.0,19.62,1.734
492,396.6,192.3,267.0,19.62,1.846
492,396.6,191.9,267.0,19.30,1.846
492,396.6,191.4,267.0,19.30,1.734
492,396.6,190.9,267.0,19.30,1.734
492,396.6,190.4,267.0,19.30,1.734
492,396.6,192.9,267.0,19.62,1.734
492,396.6,192.4,267.0,19.62,1.846
492,396.6,191.9,267.0,19.30,1.846
492,396.6,191.4,267.0,19.30,1.734
492,396.6,191.0,267.0,19.30,1.734
492,396.6,190.5,267.0,19.30,1.734
492,396.6,192.9,267.0,19.62,1.734
492,396.6,192.5,267.0,19.62,1.846
492,396.6,192.0,267.0,19.30,1.846
492,396.6,191.5,267.0,19.30,1.734
492,396.6,191.0,267.0,19.30,1.734
492,396.6,190.5,267.0,19.30,1.734
492,396.6,193.0,267.0,19.62,1.734
492,396.6,192.5,267.0,19.62,1.846
492,396.6,192.0,267.0,19.62,1.846
492,396.6,194.5,267.0,19.62,1.846
498,380.5,217.8,267.0,20.22,1.169
498,385.5,214.6,267.0,19.64,1.169
498,388.4,211.4,267.0,19.64,1.591
498,391.3,208.1,267.0,19.64,1.591
498,394.1,204.9,267.0,19.64,1.591
498,397.1,204.4,267.0,19.53,1.591
498,397.1,203.9,267.0,19.62,1.684
498,397.1,203.4,267.0,19.62,1.846
498,397.1,202.9,267.0,19.62,1.846
498,397.1,202.4,267.0,19.62,1.846
498,397.1,202.0,267.0,19.62,1.846
498,397.1,201.5,267.0,19.62,1.846
498,397.1,201.0,267.0,19.62,1.846
498,397.1,200.5,267.0,19.62,1.846
498,397.1,200.0,267.0,19.62,1.846
498,397.1,199.6,267.0,19.62,1.846
498,397.1,199.1,267.0,19.62,1.846
498,397.1,198.6,267.0,19.62,1.846
498,397.1,198.1,267.0,19.62,1.846
498,397.1,197.6,267.0,19.62,1.846
498,397.1,197.1,267.0,19.62,1.846
498,397.1,196.6,267.0,19.62,1.846
498,397.1,196.2,267.0,19.62,1.846
498,397.1,195.7,267.0,19.62,1.846
498,397.1,195.2,267.0,19.62,1.846
498,397.1,194.7,267.0,19.62,1.846
498,397.1,194.2,267.0,19.62,1.846
498,397.1,193.8,267.0,19.62,1.846
498,397.1,193.3,267.0,19.62,1.846
498,397.1,192.8,267.0,19.62,1.846
498,397.1,192.3,267.0,19.62,1.846
498,397.1,191.8,267.0,19.30,1.846
498,397.1,191.3,267.0,19.30,1.734
498,397.1,190.9,267.0,19.30,1.734
498,397.1,190.4,267.0,19.30,1.734
498,397.1,192.9,267.0,19.62,1.734
498,397.1,192.4,267.0,19.62,1.846
498,397.1,191.9,267.0,19.30,1.846
498,397.1,191.4,267.0,19.30,1.734
498,397.1,190.9,267.0,19.30,1.734
498,397.1,190.4,267.0,19.30,1.734
498,397.1,192.9,267.0,19.62,1.734
498,397.1,192.4,267.0,19.62,1.846
498,397.1,191.9,267.0,19.30,1.846
498,397.1,191.5,267.0,19.30,1.734
498,397.1,191.0,267.0,19.30,1.734
498,397.1,190.5,267.0,19.30,1.734
498,397.1,192.9,267.0,19.62,1.734
498,397.1,192.5,267.0,19.62,1.846
498,397.1,192.0,267.0,19.30,1.846
498,397.1,191.5,267.0,19.30,1.734
498,397.1,191.0,267.0,19.30,1.734
498,397.1,190.5,267.0,19.30,1.734
498,397.1,193.0,267.0,19.62,1.734
498,397.1,192.5,267.0,19.62,1.846
498,397.1,192.0,267.0,19.62,1.846
498,397.1,194.5,267.0,19.62,1.846
498,397.1,194.0,267.0,19.62,1.846
498,397.1,193.5,267.0,19.62,1.846
498,397.1,193.1,267.0,19.62,1.846
498,397.1,192.6,267.0,19.62,1.846
498,397.1,192.1,267.0,19.62,1.846
498,397.1,194.6,267.0,19.62,1.846
498,397.1,194.1,267.0,19.62,1.846
498,397.1,193.6,267.0,19.62,1.846
498,397.1,193.1,267.0,19.62,1.846
498,397.1,192.6,267.0,19.62,1.846
498,397.1,192.1,267.0,19.62,1.846
498,397.1,194.6,267.0,19.62,1.846
498,397.1,194.1,267.0,19.62,1.846
498,397.1,193.6,267.0,19.62,1.846
498,397.1,193.2,267.0,19.62,1.846
498,397.1,192.7,267.0,19.62,1.846
498,397.1,192.2,267.0,19.62,1.846
498,397.1,194.7,267.0,19.62,1.846
498,397.1,194.2,267.0,19.62,1.846
498,397.1,193.7,267.0,19.62,1.846
498,397.1,193.2,267.0,19.62,1.846
498,397.1,192.7,267.0,19.62,1.846
498,397.1,192.2,267.0,19.62,1.846
498,397.1,191.8,267.0,19.30,1.846
498,397.1,191.3,267.0,19.30,1.734
498,397.1,190.8,267.0,19.30,1.734
498,397.1,190.3,267.0,19.30,1.734
498,397.1,192.8,267.0,19.62,1.734
498,397.1,192.3,267.0,19.62,1.846
498,397.1,191.8,267.0,19.30,1.846
498,397.1,191.3,267.0,19.30,1.734
498,397.1,190.9,267.0,19.30,1.734
498,397.1,190.4,267.0,19.30,1.734
498,397.1,192.8,267.0,19.62,1.734
498,397.1,192.4,267.0,19.62,1.846
498,397.1,191.9,267.0,19.30,1.846
498,397.1,191.4,267.0,19.30,1.734
498,397.1,190.9,267.0,19.30,1.734
498,397.1,190.4,267.0,19.30,1.734
498,397.1,192.9,267.0,19.62,1.734
498,397.1,192.4,267.0,19.62,1.846
498,397.1,191.9,267.0,19.30,1.846
498,397.1,191.4,267.0,19.30,1.734
498,397.1,191.0,267.0,19.30,1.734
498,397.1,190.5,267.0,19.30,1.734
498,397.1,192.9,267.0,19.62,1.734
498,397.1,192.5,267.0,19.62,1.846
498,397.1,192.0,267.0,19.30,1.846
498,397.1,191.5,267.0,19.30,1.734
498,397.1,191.0,267.0,19.30,1.734
498,397.1,190.5,267.0,19.30,1.734
498,397.1,193.0,267.0,19.62,1.734
498,397.1,192.5,267.0,19.62,1.846
498,397.1,192.0,267.0,19.62,1.846
498,397.1,194.5,267.0,19.62,1.846
498,397.1,194.0,267.0,19.62,1.846
498,397.1,193.5,267.0,19.62,1.846
498,397.1,193.1,267.0,19.62,1.846
498,397.1,192.6,267.0,19.62,1.846
498,397.1,192.1,267.0,19.62,1.846
498,397.1,194.6,267.0,19.62,1.846
498,397.1,194.1,267.0,19.62,1.846
498,397.1,193.6,267.0,19.62,1.846
498,397.1,193.1,267.0,19.62,1.846
498,397.1,192.6,267.0,19.62,1.846
498,397.1,192.1,267.0,19.62,1.846
498,397.1,194.6,267.0,19.62,1.846
498,397.1,194.1,267.0,19.62,1.846
498,397.1,193.6,267.0,19.62,1.846
498,397.1,193.2,267.0,19.62,1.846
498,397.1,192.7,267.0,19.62,1.846
498,397.1,192.2,267.0,19.62,1.846
498,397.1,194.7,267.0,19.62,1.846
498,397.1,194.2,267.0,19.62,1.846
498,397.1,193.7,267.0,19.62,1.846
498,397.1,193.2,267.0,19.62,1.846
498,397.1,192.7,267.0,19.62,1.846
498,397.1,192.2,267.0,19.62,1.846
498,397.1,191.8,267.0,19.30,1.846
498,397.1,191.3,267.0,19.30,1.734
498,397.1,190.8,267.0,19.30,1.734
498,397.1,190.3,267.0,19.30,1.734
498,397.1,192.8,267.0,19.62,1.734
498,397.1,192.3,267.0,19.62,1.846
498,397.1,191.8,267.0,19.30,1.846
498,397.1,191.3,267.0,19.30,1.734
498,397.1,190.9,267.0,19.30,1.734
498,397.1,190.4,267.0,19.30,1.734
498,397.1,192.8,267.0,19.62,1.734
498,397.1,192.3,267.0,19.62,1.846
498,397.1,191.9,267.0,19.30,1.846
498,397.1,191.4,267.0,19.30,1.734
498,397.1,190.9,267.0,19.30,1.734
498,397.1,190.4,267.0,19.30,1.734
498,397.1,192.9,267.0,19.62,1.734
498,397.1,192.4,267.0,19.62,1.846
498,397.1,191.9,267.0,19.30,1.846
498,397.1,191.4,267.0,19.30,1.734
498,397.1,190.9,267.0,19.30,1.734
498,397.1,190.5,267.0,19.30,1.734
498,397.1,192.9,267.0,19.62,1.734
498,397.1,192.5,267.0,19.62,1.846
498,397.1,192.0,267.0,19.30,1.846
504,425.9,192.2,264.4,18.77,1.303
504,419.4,194.2,264.0,19.58,0.831
504,416.4,193.6,267.0,19.51,1.310
504,413.5,193.1,267.0,19.51,1.704
504,410.6,192.6,267.0,19.51,1.704
504,407.7,192.1,267.0,19.62,1.704
504,407.7,194.6,267.0,19.62,1.846
504,407.7,194.1,267.0,19.62,1.846
504,407.7,193.6,267.0,19.62,1.846
504,407.7,193.1,267.0,19.62,1.846
504,407.7,192.6,267.0,19.62,1.846
504,407.7,192.1,267.0,19.62,1.846
504,407.7,194.6,267.0,19.62,1.846
504,407.7,194.1,267.0,19.62,1.846
504,407.7,193.6,267.0,19.62,1.846
504,407.7,193.2,267.0,19.62,1.846
504,407.7,192.7,267.0,19.62,1.846
504,407.7,192.2,267.0,19.62,1.846
504,407.7,194.6,267.0,19.62,1.846
504,407.7,194.2,267.0,19.62,1.846
504,407.7,193.7,267.0,19.62,1.846
504,407.7,193.2,267.0,19.62,1.846
504,407.7,192.7,267.0,19.62,1.846
504,407.7,192.2,267.0,19.62,1.846
504,407.7,194.7,267.0,19.62,1.846
504,407.7,194.2,267.0,19.62,1.846
504,407.7,193.7,267.0,19.62,1.846
504,407.7,193.3,267.0,19.62,1.846
504,407.7,192.8,267.0,19.62,1.846
504,407.7,192.3,267.0,19.62,1.846
504,407.7,191.8,267.0,19.30,1.846
504,407.7,191.3,267.0,19.30,1.734
504,407.7,190.9,267.0,19.30,1.734
504,407.7,190.4,267.0,19.30,1.734
504,407.7,192.8,267.0,19.62,1.734
504,407.7,192.3,267.0,19.62,1.846
504,407.7,191.9,267.0,19.30,1.846
504,407.7,191.4,267.0,19.30,1.734
504,407.7,190.9,267.0,19.30,1.734
504,407.7,190.4,267.0,19.30,1.734
504,407.7,192.9,267.0,19.62,1.734
504,407.7,192.4,267.0,19.62,1.846
504,407.7,191.9,267.0,19.30,1.846
504,407.7,191.4,267.0,19.30,1.734
504,407.7,190.9,267.0,19.30,1.734
504,407.7,190.5,267.0,19.30,1.734
504,407.7,192.9,267.0,19.62,1.734
504,407.7,192.5,267.0,19.62,1.846
504,407.7,192.0,267.0,19.30,1.846
504,407.7,191.5,267.0,19.30,1.734
504,407.7,191.0,267.0,19.30,1.734
504,407.7,190.5,267.0,19.30,1.734
504,407.7,193.0,267.0,19.62,1.734
504,407.7,192.5,267.0,19.62,1.846
504,407.7,192.0,267.0,19.62,1.846
504,407.7,194.5,267.0,19.62,1.846
504,407.7,194.0,267.0,19.62,1.846
504,407.7,193.5,267.0,19.62,1.846
504,407.7,193.0,267.0,19.62,1.846
504,407.7,192.6,267.0,19.62,1.846
504,407.7,192.1,267.0,19.62,1.846
504,407.7,194.5,267.0,19.62,1.846
504,407.7,194.1,267.0,19.62,1.846
504,407.7,193.6,267.0,19.62,1.846
504,407.7,193.1,267.0,19.62,1.846
504,407.7,192.6,267.0,19.62,1.846
504,407.7,192.1,267.0,19.62,1.846
504,407.7,194.6,267.0,19.62,1.846
504,407.7,194.1,267.0,19.62,1.846
504,407.7,193.6,267.0,19.62,1.846
504,407.7,193.1,267.0,19.62,1.846
504,407.7,192.7,267.0,19.62,1.846
504,407.7,192.2,267.0,19.62,1.846
504,407.7,194.6,267.0,19.62,1.846
504,407.7,194.2,267.0,19.62,1.846
504,407.7,193.7,267.0,19.62,1.846
504,407.7,193.2,267.0,19.62,1.846
504,407.7,192.7,267.0,19.62,1.846
504,407.7,192.2,267.0,19.62,1.846
504,407.7,194.7,267.0,19.62,1.846
504,407.7,194.2,267.0,19.62,1.846
504,407.7,193.7,267.0,19.62,1.846
504,407.7,193.2,267.0,19.62,1.846
504,407.7,192.8,267.0,19.62,1.846
504,407.7,192.3,267.0,19.62,1.846
504,407.7,191.8,267.0,19.30,1.846
504,407.7,191.3,267.0,19.30,1.734
504,407.7,190.8,267.0,19.30,1.734
504,407.7,190.4,267.0,19.30,1.734
504,407.7,192.8,267.0,19.62,1.734
504,407.7,192.3,267.0,19.62,1.846
504,407.7,191.9,267.0,19.30,1.846
504,407.7,191.4,267.0,19.30,1.734
504,407.7,190.9,267.0,19.30,1.734
504,407.7,190.4,267.0,19.30,1.734
504,407.7,192.9,267.0,19.62,1.734
504,407.7,192.4,267.0,19.62,1.846
504,407.7,191.9,267.0,19.30,1.846
504,407.7,191.4,267.0,19.30,1.734
504,407.7,190.9,267.0,19.30,1.734
504,407.7,190.5,267.0,19.30,1.734
504,407.7,192.9,267.0,19.62,1.734
504,407.7,192.4,267.0,19.62,1.846
504,407.7,192.0,267.0,19.30,1.846
504,407.7,191.5,267.0,19.30,1.734
504,407.7,191.0,267.0,19.30,1.734
504,407.7,190.5,267.0,19.30,1.734
504,407.7,193.0,267.0,19.62,1.734
504,407.7,192.5,267.0,19.62,1.846
504,407.7,192.0,267.0,19.62,1.846
504,407.7,194.5,267.0,19.62,1.846
504,407.7,194.0,267.0,19.62,1.846
504,407.7,193.5,267.0,19.62,1.846
504,407.7,193.0,267.0,19.62,1.846
504,407.7,192.6,267.0,19.62,1.846
504,407.7,192.1,267.0,19.62,1.846
504,407.7,194.5,267.0,19.62,1.846
504,407.7,194.0,267.0,19.62,1.846
504,407.7,193.6,267.0,19.62,1.846
504,407.7,193.1,267.0,19.62,1.846
504,407.7,192.6,267.0,19.62,1.846
504,407.7,192.1,267.0,19.62,1.846
504,407.7,194.6,267.0,19.62,1.846
504,407.7,194.1,267.0,19.62,1.846
504,407.7,193.6,267.0,19.62,1.846
504,407.7,193.1,267.0,19.62,1.846
504,407.7,192.7,267.0,19.62,1.846
504,407.7,192.2,267.0,19.62,1.846
504,407.7,194.6,267.0,19.62,1.846
504,407.7,194.2,267.0,19.62,1.846
504,407.7,193.7,267.0,19.62,1.846
504,407.7,193.2,267.0,19.62,1.846
504,407.7,192.7,267.0,19.62,1.846
504,407.7,192.2,267.0,19.62,1.846
504,407.7,194.7,267.0,19.62,1.846
504,407.7,194.2,267.0,19.62,1.846
504,407.7,193.7,267.0,19.62,1.846
504,407.7,193.2,267.0,19.62,1.846
504,407.7,192.8,267.0,19.62,1.846
504,407.7,192.3,267.0,19.62,1.846
504,407.7,191.8,267.0,19.30,1.846
504,407.7,191.3,267.0,19.30,1.734
504,407.7,190.8,267.0,19.30,1.734
504,407.7,190.3,267.0,19.30,1.734
504,407.7,192.8,267.0,19.62,1.734
504,407.7,192.3,267.0,19.62,1.846
504,407.7,191.9,267.0,19.30,1.846
504,407.7,191.4,267.0,19.30,1.734
504,407.7,190.9,267.0,19.30,1.734
504,407.7,190.4,267.0,19.30,1.734
504,407.7,192.9,267.0,19.62,1.734
504,407.7,192.4,267.0,19.62,1.846
504,407.7,191.9,267.0,19.30,1.846
504,407.7,191.4,267.0,19.30,1.734
504,407.7,190.9,267.0,19.30,1.734
504,407.7,190.5,267.0,19.30,1.734
504,407.7,192.9,267.0,19.62,1.734
504,407.7,192.4,267.0,19.62,1.846
504,407.7,191.9,267.0,19.30,1.846
504,407.7,191.5,267.0,19.30,1.734
510,400.9,233.7,264.3,18.42,0.839
510,400.9,227.2,263.6,19.22,0.846
510,400.9,222.0,267.0,19.10,1.012
510,400.9,216.7,267.0,19.10,1.246
510,400.9,213.5,267.0,19.53,1.246
510,400.9,210.2,267.0,19.53,1.684
510,400.9,206.9,267.0,19.53,1.684
510,400.9,203.7,267.0,19.62,1.684
510,400.9,203.2,267.0,19.62,1.846
510,400.9,202.7,267.0,19.62,1.846
510,400.9,202.2,267.0,19.62,1.846
510,400.9,201.7,267.0,19.62,1.846
510,400.9,201.3,267.0,19.62,1.846
510,400.9,200.8,267.0,19.62,1.846
510,400.9,200.3,267.0,19.62,1.846
510,400.9,199.8,267.0,19.62,1.846
510,400.9,199.3,267.0,19.62,1.846
510,400.9,198.8,267.0,19.62,1.846
510,400.9,198.4,267.0,19.62,1.846
510,400.9,197.9,267.0,19.62,1.846
510,400.9,197.4,267.0,19.62,1.846
510,400.9,196.9,267.0,19.62,1.846
510,400.9,196.4,267.0,19.62,1.846
510,400.9,195.9,267.0,19.62,1.846
510,400.9,195.5,267.0,19.62,1.846
510,400.9,195.0,267.0,19.62,1.846
510,400.9,194.5,267.0,19.62,1.846
510,400.9,194.0,267.0,19.62,1.846
510,400.9,193.5,267.0,19.62,1.846
510,400.9,193.1,267.0,19.62,1.846
510,400.9,192.6,267.0,19.62,1.846
510,400.9,192.1,267.0,19.62,1.846
510,400.9,194.6,267.0,19.62,1.846
510,400.9,194.1,267.0,19.62,1.846
510,400.9,193.6,267.0,19.62,1.846
510,400.9,193.1,267.0,19.62,1.846
510,400.9,192.6,267.0,19.62,1.846
510,400.9,192.1,267.0,19.62,1.846
510,400.9,194.6,267.0,19.62,1.846
510,400.9,194.1,267.0,19.62,1.846
510,400.9,193.6,267.0,19.62,1.846
510,400.9,193.2,267.0,19.62,1.846
510,400.9,192.7,267.0,19.62,1.846
510,400.9,192.2,267.0,19.62,1.846
510,400.9,194.7,267.0,19.62,1.846
510,400.9,194.2,267.0,19.62,1.846
510,400.9,193.7,267.0,19.62,1.846
510,400.9,193.2,267.0,19.62,1.846
510,400.9,192.7,267.0,19.62,1.846
510,400.9,192.2,267.0,19.62,1.846
510,400.9,191.8,267.0,19.30,1.846
510,400.9,191.3,267.0,19.30,1.734
510,400.9,190.8,267.0,19.30,1.734
510,400.9,190.3,267.0,19.30,1.734
510,400.9,192.8,267.0,19.62,1.734
510,400.9,192.3,267.0,19.62,1.846
510,400.9,191.8,267.0,19.30,1.846
510,400.9,191.3,267.0,19.30,1.734
510,400.9,190.9,267.0,19.30,1.734
510,400.9,190.4,267.0,19.30,1.734
510,400.9,192.8,267.0,19.62,1.734
510,400.9,192.4,267.0,19.62,1.846
510,400.9,191.9,267.0,19.30,1.846
510,400.9,191.4,267.0,19.30,1.734
510,400.9,190.9,267.0,19.30,1.734
510,400.9,190.4,267.0,19.30,1.734
510,400.9,192.9,267.0,19.62,1.734
510,400.9,192.4,267.0,19.62,1.846
510,400.9,191.9,267.0,19.30,1.846
510,400.9,191.4,267.0,19.30,1.734
510,400.9,191.0,267.0,19.30,1.734
510,400.9,190.5,267.0,19.30,1.734
510,400.9,192.9,267.0,19.62,1.734
510,400.9,192.5,267.0,19.62,1.846
510,400.9,192.0,267.0,19.30,1.846
510,400.9,191.5,267.0,19.30,1.734
510,400.9,191.0,267.0,19.30,1.734
510,400.9,190.5,267.0,19.30,1.734
510,400.9,193.0,267.0,19.62,1.734
510,400.9,192.5,267.0,19.62,1.846
510,400.9,192.0,267.0,19.62,1.846
510,400.9,194.5,267.0,19.62,1.846
510,400.9,194.0,267.0,19.62,1.846
510,400.9,193.5,267.0,19.62,1.846
510,400.9,193.1,267.0,19.62,1.846
510,400.9,192.6,267.0,19.62,1.846
510,400.9,192.1,267.0,19.62,1.846
510,400.9,194.6,267.0,19.62,1.846
510,400.9,194.1,267.0,19.62,1.846
510,400.9,193.6,267.0,19.62,1.846
510,400.9,193.1,267.0,19.62,1.846
510,400.9,192.6,267.0,19.62,1.846
510,400.9,192.1,267.0,19.62,1.846
510,400.9,194.6,267.0,19.62,1.846
510,400.9,194.1,267.0,19.62,1.846
510,400.9,193.6,267.0,19.62,1.846
510,400.9,193.2,267.0,19.62,1.846
510,400.9,192.7,267.0,19.62,1.846
510,400.9,192.2,267.0,19.62,1.846
510,400.9,194.6,267.0,19.62,1.846
510,400.9,194.2,267.0,19.62,1.846
510,400.9,193.7,267.0,19.62,1.846
510,400.9,193.2,267.0,19.62,1.846
510,400.9,192.7,267.0,19.62,1.846
510,400.9,192.2,267.0,19.62,1.846
510,400.9,191.8,267.0,19.30,1.846
510,400.9,191.3,267.0,19.30,1.734
510,400.9,190.8,267.0,19.30,1.734
510,400.9,190.3,267.0,19.30,1.734
510,400.9,192.8,267.0,19.62,1.734
510,400.9,192.3,267.0,19.62,1.846
510,400.9,191.8,267.0,19.30,1.846
510,400.9,191.3,267.0,19.30,1.734
510,400.9,190.9,267.0,19.30,1.734
510,400.9,190.4,267.0,19.30,1.734
510,400.9,192.8,267.0,19.62,1.734
510,400.9,192.3,267.0,19.62,1.846
510,400.9,191.9,267.0,19.30,1.846
510,400.9,191.4,267.0,19.30,1.734
510,400.9,190.9,267.0,19.30,1.734
510,400.9,190.4,267.0,19.30,1.734
510,400.9,192.9,267.0,19.62,1.734
510,400.9,192.4,267.0,19.62,1.846
510,400.9,191.9,267.0,19.30,1.846
510,400.9,191.4,267.0,19.30,1.734
510,400.9,190.9,267.0,19.30,1.734
510,400.9,190.5,267.0,19.30,1.734
510,400.9,192.9,267.0,19.62,1.734
510,400.9,192.5,267.0,19.62,1.846
510,400.9,192.0,267.0,19.30,1.846
510,400.9,191.5,267.0,19.30,1.734
510,400.9,191.0,267.0,19.30,1.734
510,400.9,190.5,267.0,19.30,1.734
510,400.9,193.0,267.0,19.62,1.734
510,400.9,192.5,267.0,19.62,1.846
510,400.9,192.0,267.0,19.62,1.846
510,400.9,194.5,267.0,19.62,1.846
510,400.9,194.0,267.0,19.62,1.846
510,400.9,193.5,267.0,19.62,1.846
510,400.9,193.0,267.0,19.62,1.846
510,400.9,192.6,267.0,19.62,1.846
510,400.9,192.1,267.0,19.62,1.846
510,400.9,194.5,267.0,19.62,1.846
510,400.9,194.1,267.0,19.62,1.846
510,400.9,193.6,267.0,19.62,1.846
510,400.9,193.1,267.0,19.62,1.846
510,400.9,192.6,267.0,19.62,1.846
510,400.9,192.1,267.0,19.62,1.846
510,400.9,194.6,267.0,19.62,1.846
510,400.9,194.1,267.0,19.62,1.846
510,400.9,193.6,267.0,19.62,1.846
510,400.9,193.2,267.0,19.62,1.846
510,400.9,192.7,267.0,19.62,1.846
510,400.9,192.2,267.0,19.62,1.846
510,400.9,194.6,267.0,19.62,1.846
510,400.9,194.2,267.0,19.62,1.846
510,400.9,193.7,267.0,19.62,1.846
510,400.9,193.2,267.0,19.62,1.846
510,400.9,192.7,267.0,19.62,1.846
510,400.9,192.2,267.0,19.62,1.846
516,407.7,153.4,259.8,21.19,0.824
516,407.7,156.3,254.8,18.30,0.732
516,407.7,160.3,249.0,19.46,1.119
516,407.7,164.3,243.2,19.46,0.880
516,407.7,168.3,237.4,19.83,0.880
516,407.7,170.6,233.8,19.83,0.537
516,407.7,172.9,230.1,19.83,0.537
516,407.7,175.2,226.5,20.03,0.537
516,407.7,176.6,222.2,20.03,0.572
516,407.7,178.1,217.8,20.03,0.572
516,407.7,179.0,213.0,20.15,0.572
516,407.7,179.9,208.1,20.15,0.618
516,407.7,180.0,204.5,20.12,0.618
516,407.7,180.1,200.2,20.17,0.450
516,407.7,180.1,195.9,20.17,0.540
516,407.7,180.1,191.5,20.20,0.540
516,407.7,180.1,186.7,20.20,0.600
516,407.7,180.0,181.9,20.20,0.600
516,407.7,179.9,176.6,20.32,0.600
516,407.7,180.0,170.7,20.24,0.738
516,407.7,180.1,164.6,20.26,0.671
516,407.7,180.1,158.6,20.26,0.695
516,407.7,179.9,152.9,20.35,0.695
516,407.7,180.0,146.7,20.35,0.769
516,407.7,179.9,140.5,20.37,0.769
516,407.7,179.9,134.2,20.37,0.782
516,407.7,179.8,127.9,20.39,0.782
516,407.7,179.7,121.5,20.39,0.794
516,407.7,179.6,115.0,20.40,0.794
516,407.7,179.4,108.5,20.40,0.813
516,407.7,179.3,101.9,20.41,0.813
516,407.7,179.1,95.4,20.42,0.821
516,407.7,178.9,88.8,20.42,0.826
516,407.7,178.7,82.2,20.42,0.826
516,407.7,178.5,75.6,20.42,0.827
516,407.7,178.3,69.0,20.43,0.827
516,407.7,178.0,62.4,20.43,0.821
516,407.7,177.7,56.2,20.44,0.821
516,407.7,177.3,50.0,20.44,0.775
516,407.7,177.0,44.2,20.44,0.775
516,407.7,176.6,38.5,20.44,0.722
516,407.7,176.1,33.4,20.45,0.722
516,407.7,175.7,28.3,20.45,0.638
516,407.7,175.2,23.2,20.45,0.638
516,407.7,174.6,19.2,20.45,0.506
516,407.7,174.1,15.2,20.45,0.506
516,407.7,173.5,11.2,20.51,0.506
516,407.7,172.9,8.5,20.51,0.353
516,407.7,172.2,5.7,20.51,0.353
516,407.7,171.6,3.0,20.51,0.353
516,407.7,170.9,3.0,20.51,0.353
516,407.7,170.3,3.0,20.51,0.353
516,407.7,169.6,3.0,20.51,0.353
516,407.7,169.0,3.0,20.51,0.353
516,407.7,168.3,3.0,20.51,0.353
516,407.7,167.7,3.0,20.67,0.353
516,407.7,166.3,3.0,20.67,0.372
516,407.7,164.9,3.0,20.67,0.372
516,407.7,163.5,3.0,20.67,0.372
516,407.7,162.2,3.0,20.67,0.372
516,407.7,160.8,3.0,20.67,0.372
516,407.7,159.4,3.0,20.67,0.372
516,407.7,158.0,3.0,20.67,0.372
516,407.7,156.6,3.0,20.67,0.372
516,407.7,154.6,3.0,20.90,0.372
516,407.7,152.5,3.0,20.90,0.388
516,407.7,150.4,3.0,20.90,0.388
516,407.7,148.4,3.0,20.90,0.388
516,407.7,146.3,3.0,20.90,0.388
516,407.7,144.2,3.0,20.90,0.388
516,407.7,141.6,3.0,21.13,0.388
516,407.7,139.0,3.0,21.13,0.406
516,407.7,136.4,3.0,21.13,0.406
516,407.7,133.8,3.0,21.13,0.406
516,407.7,131.2,3.0,21.43,0.406
516,407.7,128.2,3.0,21.43,0.423
516,407.7,125.2,3.0,21.43,0.423
516,407.7,122.2,3.0,21.43,0.423
516,407.7,119.2,3.0,21.70,0.423
516,407.7,115.9,3.0,21.70,0.437
516,407.7,112.5,3.0,21.70,0.437
516,407.7,109.2,3.0,21.70,0.437
516,407.7,105.8,3.0,21.85,0.437
516,407.7,102.4,3.0,21.85,0.435
516,407.7,99.1,3.0,21.85,0.435
516,407.7,95.7,3.0,21.98,0.435
516,407.7,92.3,3.0,21.98,0.429
516,407.7,89.0,3.0,21.98,0.429
516,407.7,85.6,3.0,21.98,0.429
516,407.7,82.3,3.0,22.09,0.429
516,407.7,79.0,3.0,22.09,0.419
516,407.7,75.7,3.0,22.09,0.419
516,407.7,72.4,3.0,22.09,0.419
516,407.7,69.2,3.0,22.25,0.419
516,407.7,66.0,3.0,22.25,0.406
516,407.7,62.8,3.0,22.25,0.406
516,407.7,59.6,3.0,22.37,0.406
516,407.7,56.6,3.0,22.37,0.372
516,407.7,53.7,3.0,22.37,0.372
516,407.7,50.7,3.0,22.37,0.372
516,407.7,47.8,3.0,22.44,0.372
516,407.7,45.0,3.0,22.44,0.347
516,407.7,42.2,3.0,22.44,0.347
516,407.7,39.5,3.0,22.44,0.347
516,407.7,36.7,3.0,22.44,0.347
516,407.7,34.2,3.0,22.48,0.347
516,407.7,31.7,3.0,22.48,0.312
516,407.7,29.2,3.1,22.48,0.312
516,407.7,26.7,3.1,22.48,0.312
516,407.7,24.2,3.1,22.48,0.312
516,407.7,22.2,3.4,22.51,0.312
516,407.7,20.2,3.8,22.51,0.254
516,407.7,18.2,4.1,22.51,0.254
516,407.7,16.2,4.5,22.51,0.254
516,407.7,14.2,4.8,22.51,0.254
516,407.7,12.2,5.2,22.51,0.254
516,407.7,10.8,6.0,22.61,0.254
516,407.7,9.3,6.9,22.61,0.207
516,407.7,7.9,7.8,22.61,0.207
516,407.7,6.5,8.6,22.61,0.207
516,407.7,5.1,9.5,22.61,0.207
516,407.7,3.7,10.3,22.61,0.207
516,407.7,3.0,11.2,22.61,0.207
516,407.7,3.0,12.1,22.73,0.207
516,407.7,3.0,13.4,22.73,0.199
516,407.7,3.0,14.8,22.73,0.199
516,407.7,3.0,16.2,22.73,0.199
516,407.7,3.0,17.5,22.73,0.199
516,407.7,3.0,18.9,22.73,0.199
516,407.7,3.0,20.3,22.73,0.199
516,407.7,3.0,21.7,22.73,0.199
516,407.7,3.0,23.0,22.73,0.199
516,407.7,3.0,24.4,22.82,0.199
516,407.7,3.0,26.0,22.82,0.207
516,407.7,3.0,27.6,22.82,0.207
516,407.7,3.0,29.1,22.82,0.207
516,407.7,3.0,30.7,22.82,0.207
516,407.7,3.0,32.3,22.82,0.207
516,407.7,3.0,33.9,22.82,0.207
516,407.7,3.0,35.5,22.82,0.207
516,407.7,3.0,37.1,22.90,0.207
516,407.7,3.0,38.7,22.90,0.207
516,407.7,3.0,40.4,22.90,0.207
516,407.7,3.0,42.0,22.90,0.207
516,407.7,3.0,43.6,22.90,0.207
516,407.7,3.0,45.2,22.90,0.207
516,407.7,3.0,46.9,22.90,0.207
516,407.7,3.0,48.5,22.97,0.207
516,407.7,3.0,50.1,22.97,0.199
516,407.7,3.0,51.6,22.97,0.199
516,407.7,3.0,53.2,22.97,0.199
516,407.7,3.0,54.8,22.97,0.199
516,407.7,3.0,56.4,22.97,0.199
516,407.7,3.0,57.9,22.97,0.199
516,407.7,3.0,59.5,22.97,0.199
516,407.7,3.0,60.9,23.06,0.199
516,407.7,3.0,62.3,23.06,0.175
516,407.7,3.0,63.7,23.06,0.175
516,407.7,3.0,65.1,23.06,0.175
516,407.7,3.0,66.5,23.06,0.175
522,432.6,211.6,257.6,18.58,1.284
522,426.5,209.2,257.3,19.44,1.114
522,420.4,207.0,257.0,19.44,0.817
522,417.8,203.9,266.1,19.51,0.817
522,414.9,203.4,267.0,19.51,1.704
522,412.0,202.9,267.0,19.51,1.704
522,409.0,202.4,267.0,19.51,1.704
522,409.0,201.9,267.0,19.51,1.704
522,409.0,201.4,267.0,19.51,1.704
522,409.0,200.9,267.0,19.51,1.704
522,409.0,200.5,267.0,19.51,1.704
522,409.0,200.0,267.0,19.51,1.704
522,409.0,199.5,267.0,19.51,1.704
522,409.0,199.0,267.0,19.51,1.704
522,409.0,198.5,267.0,19.51,1.704
522,409.0,198.0,267.0,19.51,1.704
522,409.0,197.6,267.0,19.51,1.704
522,409.0,197.1,267.0,19.51,1.704
522,409.0,196.6,267.0,19.51,1.704
522,409.0,196.1,267.0,19.51,1.704
522,409.0,195.6,267.0,19.51,1.704
522,409.0,195.2,267.0,19.51,1.704
522,409.0,194.7,267.0,19.51,1.704
522,409.0,194.2,267.0,19.51,1.704
522,409.0,193.7,267.0,19.51,1.704
522,409.0,193.2,267.0,19.51,1.704
522,409.0,192.7,267.0,19.51,1.704
522,409.0,192.2,267.0,19.51,1.704
522,409.0,194.7,267.0,19.51,1.704
522,409.0,194.2,267.0,19.51,1.704
522,409.0,193.8,267.0,19.51,1.704
522,409.0,193.3,267.0,19.51,1.704
522,409.0,192.8,267.0,19.51,1.704
522,409.0,192.3,267.0,19.51,1.704
522,409.0,191.8,267.0,19.55,1.704
522,409.0,191.3,267.0,19.55,1.625
522,409.0,190.9,267.0,19.55,1.625
522,409.0,190.4,267.0,19.55,1.625
522,409.0,192.8,267.0,19.51,1.625
522,409.0,192.4,267.0,19.51,1.704
522,409.0,191.9,267.0,19.55,1.704
522,409.0,191.4,267.0,19.55,1.625
522,409.0,190.9,267.0,19.55,1.625
522,409.0,190.4,267.0,19.55,1.625
522,409.0,192.9,267.0,19.51,1.625
522,409.0,192.4,267.0,19.51,1.704
522,409.0,191.9,267.0,19.55,1.704
522,409.0,191.4,267.0,19.55,1.625
522,409.0,191.0,267.0,19.55,1.625
522,409.0,190.5,267.0,19.55,1.625
522,409.0,192.9,267.0,19.51,1.625
522,409.0,192.5,267.0,19.51,1.704
522,409.0,192.0,267.0,19.55,1.704
522,409.0,191.5,267.0,19.55,1.625
522,409.0,191.0,267.0,19.55,1.625
522,409.0,190.5,267.0,19.55,1.625
522,409.0,193.0,267.0,19.51,1.625
522,409.0,192.5,267.0,19.51,1.704
522,409.0,192.0,267.0,19.51,1.704
522,409.0,194.5,267.0,19.51,1.704
522,409.0,194.0,267.0,19.51,1.704
522,409.0,193.5,267.0,19.51,1.704
522,409.0,193.1,267.0,19.51,1.704
522,409.0,192.6,267.0,19.51,1.704
522,409.0,192.1,267.0,19.51,1.704
522,409.0,194.6,267.0,19.51,1.704
522,409.0,194.1,267.0,19.51,1.704
522,409.0,193.6,267.0,19.51,1.704
522,409.0,193.1,267.0,19.51,1.704
522,409.0,192.6,267.0,19.51,1.704
522,409.0,192.1,267.0,19.51,1.704
522,409.0,194.6,267.0,19.51,1.704
522,409.0,194.1,267.0,19.51,1.704
522,409.0,193.6,267.0,19.51,1.704
522,409.0,193.2,267.0,19.51,1.704
522,409.0,192.7,267.0,19.51,1.704
522,409.0,192.2,267.0,19.51,1.704
522,409.0,194.7,267.0,19.51,1.704
522,409.0,194.2,267.0,19.51,1.704
522,409.0,193.7,267.0,19.51,1.704
522,409.0,193.2,267.0,19.51,1.704
522,409.0,192.7,267.0,19.51,1.704
522,409.0,192.2,267.0,19.51,1.704
522,409.0,194.7,267.0,19.51,1.704
522,409.0,194.2,267.0,19.51,1.704
522,409.0,193.7,267.0,19.51,1.704
522,409.0,193.3,267.0,19.51,1.704
522,409.0,192.8,267.0,19.51,1.704
522,409.0,192.3,267.0,19.51,1.704
522,409.0,191.8,267.0,19.55,1.704
522,409.0,191.3,267.0,19.55,1.625
522,409.0,190.9,267.0,19.55,1.625
522,409.0,190.4,267.0,19.55,1.625
522,409.0,192.8,267.0,19.51,1.625
522,409.0,192.3,267.0,19.51,1.704
522,409.0,191.9,267.0,19.55,1.704
522,409.0,191.4,267.0,19.55,1.625
522,409.0,190.9,267.0,19.55,1.625
522,409.0,190.4,267.0,19.55,1.625
522,409.0,192.9,267.0,19.51,1.625
522,409.0,192.4,267.0,19.51,1.704
522,409.0,191.9,267.0,19.55,1.704
522,409.0,191.4,267.0,19.55,1.625
522,409.0,190.9,267.0,19.55,1.625
522,409.0,190.5,267.0,19.55,1.625
522,409.0,192.9,267.0,19.51,1.625
522,409.0,192.5,267.0,19.51,1.704
522,409.0,192.0,267.0,19.55,1.704
522,409.0,191.5,267.0,19.55,1.625
522,409.0,191.0,267.0,19.55,1.625
522,409.0,190.5,267.0,19.55,1.625
522,409.0,193.0,267.0,19.51,1.625
522,409.0,192.5,267.0,19.51,1.704
522,409.0,192.0,267.0,19.51,1.704
522,409.0,194.5,267.0,19.51,1.704
522,409.0,194.0,267.0,19.51,1.704
522,409.0,193.5,267.0,19.51,1.704
522,409.0,193.0,267.0,19.51,1.704
522,409.0,192.6,267.0,19.51,1.704
522,409.0,192.1,267.0,19.51,1.704
522,409.0,194.5,267.0,19.51,1.704
522,409.0,194.1,267.0,19.51,1.704
522,409.0,193.6,267.0,19.51,1.704
522,409.0,193.1,267.0,19.51,1.704
522,409.0,192.6,267.0,19.51,1.704
522,409.0,192.1,267.0,19.51,1.704
522,409.0,194.6,267.0,19.51,1.704
522,409.0,194.1,267.0,19.51,1.704
522,409.0,193.6,267.0,19.51,1.704
522,409.0,193.2,267.0,19.51,1.704
522,409.0,192.7,267.0,19.51,1.704
522,409.0,192.2,267.0,19.51,1.704
522,409.0,194.6,267.0,19.51,1.704
522,409.0,194.2,267.0,19.51,1.704
522,409.0,193.7,267.0,19.51,1.704
522,409.0,193.2,267.0,19.51,1.704
522,409.0,192.7,267.0,19.51,1.704
522,409.0,192.2,267.0,19.51,1.704
522,409.0,194.7,267.0,19.51,1.704
522,409.0,194.2,267.0,19.51,1.704
522,409.0,193.7,267.0,19.51,1.704
522,409.0,193.2,267.0,19.51,1.704
522,409.0,192.8,267.0,19.51,1.704
522,409.0,192.3,267.0,19.51,1.704
522,409.0,191.8,267.0,19.55,1.704
522,409.0,191.3,267.0,19.55,1.625
522,409.0,190.8,267.0,19.55,1.625
522,409.0,190.4,267.0,19.55,1.625
522,409.0,192.8,267.0,19.51,1.625
522,409.0,192.3,267.0,19.51,1.704
522,409.0,191.9,267.0,19.55,1.704
522,409.0,191.4,267.0,19.55,1.625
522,409.0,190.9,267.0,19.55,1.625
522,409.0,190.4,267.0,19.55,1.625
522,409.0,192.9,267.0,19.51,1.625
522,409.0,192.4,267.0,19.51,1.704
522,409.0,191.9,267.0,19.55,1.704
522,409.0,191.4,267.0,19.55,1.625
522,409.0,190.9,267.0,19.55,1.625
522,409.0,190.5,267.0,19.55,1.625
528,374.2,223.1,264.9,20.22,1.000
528,379.2,217.9,267.0,20.22,1.169
528,384.2,214.7,267.0,19.64,1.169
528,387.1,211.4,267.0,19.64,1.591
528,390.0,208.2,267.0,19.64,1.591
528,392.9,204.9,267.0,19.64,1.591
528,395.8,204.4,267.0,19.64,1.591
528,395.8,203.9,267.0,19.51,1.591
528,395.8,203.5,267.0,19.51,1.704
528,395.8,203.0,267.0,19.51,1.704
528,395.8,202.5,267.0,19.51,1.704
528,395.8,202.0,267.0,19.51,1.704
528,395.8,201.5,267.0,19.51,1.704
528,395.8,201.0,267.0,19.51,1.704
528,395.8,200.6,267.0,19.51,1.704
528,395.8,200.1,267.0,19.51,1.704
528,395.8,199.6,267.0,19.51,1.704
528,395.8,199.1,267.0,19.51,1.704
528,395.8,198.6,267.0,19.51,1.704
528,395.8,198.2,267.0,19.51,1.704
528,395.8,197.7,267.0,19.51,1.704
528,395.8,197.2,267.0,19.51,1.704
528,395.8,196.7,267.0,19.51,1.704
528,395.8,196.2,267.0,19.51,1.704
528,395.8,195.7,267.0,19.51,1.704
528,395.8,195.3,267.0,19.51,1.704
528,395.8,194.8,267.0,19.51,1.704
528,395.8,194.3,267.0,19.51,1.704
528,395.8,193.8,267.0,19.51,1.704
528,395.8,193.3,267.0,19.51,1.704
528,395.8,192.9,267.0,19.51,1.704
528,395.8,192.4,267.0,19.51,1.704
528,395.8,191.9,267.0,19.55,1.704
528,395.8,191.4,267.0,19.55,1.625
528,395.8,190.9,267.0,19.55,1.625
528,395.8,190.4,267.0,19.55,1.625
528,395.8,192.9,267.0,19.51,1.625
528,395.8,192.4,267.0,19.51,1.704
528,395.8,191.9,267.0,19.55,1.704
528,395.8,191.5,267.0,19.55,1.625
528,395.8,191.0,267.0,19.55,1.625
528,395.8,190.5,267.0,19.55,1.625
528,395.8,192.9,267.0,19.51,1.625
528,395.8,192.5,267.0,19.51,1.704
528,395.8,192.0,267.0,19.55,1.704
528,395.8,191.5,267.0,19.55,1.625
528,395.8,191.0,267.0,19.55,1.625
528,395.8,190.5,267.0,19.55,1.625
528,395.8,193.0,267.0,19.51,1.625
528,395.8,192.5,267.0,19.51,1.704
528,395.8,192.0,267.0,19.51,1.704
528,395.8,194.5,267.0,19.51,1.704
528,395.8,194.0,267.0,19.51,1.704
528,395.8,193.5,267.0,19.51,1.704
528,395.8,193.1,267.0,19.51,1.704
528,395.8,192.6,267.0,19.51,1.704
528,395.8,192.1,267.0,19.51,1.704
528,395.8,194.6,267.0,19.51,1.704
528,395.8,194.1,267.0,19.51,1.704
528,395.8,193.6,267.0,19.51,1.704
528,395.8,193.1,267.0,19.51,1.704
528,395.8,192.6,267.0,19.51,1.704
528,395.8,192.2,267.0,19.51,1.704
528,395.8,194.6,267.0,19.51,1.704
528,395.8,194.1,267.0,19.51,1.704
528,395.8,193.7,267.0,19.51,1.704
528,395.8,193.2,267.0,19.51,1.704
528,395.8,192.7,267.0,19.51,1.704
528,395.8,192.2,267.0,19.51,1.704
528,395.8,194.7,267.0,19.51,1.704
528,395.8,194.2,267.0,19.51,1.704
528,395.8,193.7,267.0,19.51,1.704
528,395.8,193.2,267.0,19.51,1.704
528,395.8,192.7,267.0,19.51,1.704
528,395.8,192.2,267.0,19.51,1.704
528,395.8,194.7,267.0,19.51,1.704
528,395.8,194.2,267.0,19.51,1.704
528,395.8,193.8,267.0,19.51,1.704
528,395.8,193.3,267.0,19.51,1.704
528,395.8,192.8,267.0,19.51,1.704
528,395.8,192.3,267.0,19.51,1.704
528,395.8,191.8,267.0,19.55,1.704
528,395.8,191.3,267.0,19.55,1.625
528,395.8,190.9,267.0,19.55,1.625
528,395.8,190.4,267.0,19.55,1.625
528,395.8,192.8,267.0,19.51,1.625
528,395.8,192.4,267.0,19.51,1.704
528,395.8,191.9,267.0,19.55,1.704
528,395.8,191.4,267.0,19.55,1.625
528,395.8,190.9,267.0,19.55,1.625
528,395.8,190.4,267.0,19.55,1.625
528,395.8,192.9,267.0,19.51,1.625
528,395.8,192.4,267.0,19.51,1.704
528,395.8,191.9,267.0,19.55,1.704
528,395.8,191.5,267.0,19.55,1.625
528,395.8,191.0,267.0,19.55,1.625
528,395.8,190.5,267.0,19.55,1.625
528,395.8,192.9,267.0,19.51,1.625
528,395.8,192.5,267.0,19.51,1.704
528,395.8,192.0,267.0,19.55,1.704
528,395.8,191.5,267.0,19.55,1.625
528,395.8,191.0,267.0,19.55,1.625
528,395.8,190.5,267.0,19.55,1.625
528,395.8,193.0,267.0,19.51,1.625
528,395.8,192.5,267.0,19.51,1.704
528,395.8,192.0,267.0,19.51,1.704
528,395.8,194.5,267.0,19.51,1.704
528,395.8,194.0,267.0,19.51,1.704
528,395.8,193.5,267.0,19.51,1.704
528,395.8,193.1,267.0,19.51,1.704
528,395.8,192.6,267.0,19.51,1.704
528,395.8,192.1,267.0,19.51,1.704
528,395.8,194.6,267.0,19.51,1.704
528,395.8,194.1,267.0,19.51,1.704
528,395.8,193.6,267.0,19.51,1.704
528,395.8,193.1,267.0,19.51,1.704
528,395.8,192.6,267.0,19.51,1.704
528,395.8,192.1,267.0,19.51,1.704
528,395.8,194.6,267.0,19.51,1.704
528,395.8,194.1,267.0,19.51,1.704
528,395.8,193.6,267.0,19.51,1.704
528,395.8,193.2,267.0,19.51,1.704
528,395.8,192.7,267.0,19.51,1.704
528,395.8,192.2,267.0,19.51,1.704
528,395.8,194.7,267.0,19.51,1.704
528,395.8,194.2,267.0,19.51,1.704
528,395.8,193.7,267.0,19.51,1.704
528,395.8,193.2,267.0,19.51,1.704
528,395.8,192.7,267.0,19.51,1.704
528,395.8,192.2,267.0,19.51,1.704
528,395.8,194.7,267.0,19.51,1.704
528,395.8,194.2,267.0,19.51,1.704
528,395.8,193.7,267.0,19.51,1.704
528,395.8,193.3,267.0,19.51,1.704
528,395.8,192.8,267.0,19.51,1.704
528,395.8,192.3,267.0,19.51,1.704
528,395.8,191.8,267.0,19.55,1.704
528,395.8,191.3,267.0,19.55,1.625
528,395.8,190.9,267.0,19.55,1.625
528,395.8,190.4,267.0,19.55,1.625
528,395.8,192.8,267.0,19.51,1.625
528,395.8,192.3,267.0,19.51,1.704
528,395.8,191.9,267.0,19.55,1.704
528,395.8,191.4,267.0,19.55,1.625
528,395.8,190.9,267.0,19.55,1.625
528,395.8,190.4,267.0,19.55,1.625
528,395.8,192.9,267.0,19.51,1.625
528,395.8,192.4,267.0,19.51,1.704
528,395.8,191.9,267.0,19.55,1.704
528,395.8,191.4,267.0,19.55,1.625
528,395.8,191.0,267.0,19.55,1.625
528,395.8,190.5,267.0,19.55,1.625
528,395.8,192.9,267.0,19.51,1.625
528,395.8,192.5,267.0,19.51,1.704
528,395.8,192.0,267.0,19.55,1.704
528,395.8,191.5,267.0,19.55,1.625
528,395.8,191.0,267.0,19.55,1.625
528,395.8,190.5,267.0,19.55,1.625
528,395.8,193.0,267.0,19.51,1.625
528,395.8,192.5,267.0,19.51,1.704
534,394.8,164.2,257.5,18.49,1.273
534,395.8,168.8,250.0,19.64,1.105
534,395.8,173.6,248.7,19.64,0.601
534,395.8,178.4,247.3,19.64,0.601
534,395.8,180.2,252.5,19.60,0.601
534,395.8,182.5,262.8,19.60,1.253
534,395.8,185.0,267.0,19.55,1.253
534,395.8,187.5,267.0,19.55,1.625
534,395.8,189.9,267.0,19.55,1.625
534,395.8,192.4,267.0,19.51,1.625
534,395.8,191.9,267.0,19.55,1.704
534,395.8,191.4,267.0,19.55,1.625
534,395.8,190.9,267.0,19.55,1.625
534,395.8,190.5,267.0,19.55,1.625
534,395.8,192.9,267.0,19.51,1.625
534,395.8,192.4,267.0,19.51,1.704
534,395.8,192.0,267.0,19.55,1.704
534,395.8,191.5,267.0,19.55,1.625
534,395.8,191.0,267.0,19.55,1.625
534,395.8,190.5,267.0,19.55,1.625
534,395.8,193.0,267.0,19.51,1.625
534,395.8,192.5,267.0,19.51,1.704
534,395.8,192.0,267.0,19.51,1.704
534,395.8,194.5,267.0,19.51,1.704
534,395.8,194.0,267.0,19.51,1.704
534,395.8,193.5,267.0,19.51,1.704
534,395.8,193.0,267.0,19.51,1.704
534,395.8,192.6,267.0,19.51,1.704
534,395.8,192.1,267.0,19.51,1.704
534,395.8,194.5,267.0,19.51,1.704
534,395.8,194.0,267.0,19.51,1.704
534,395.8,193.6,267.0,19.51,1.704
534,395.8,193.1,267.0,19.51,1.704
534,395.8,192.6,267.0,19.51,1.704
534,395.8,192.1,267.0,19.51,1.704
534,395.8,194.6,267.0,19.51,1.704
534,395.8,194.1,267.0,19.51,1.704
534,395.8,193.6,267.0,19.51,1.704
534,395.8,193.1,267.0,19.51,1.704
534,395.8,192.7,267.0,19.51,1.704
534,395.8,192.2,267.0,19.51,1.704
534,395.8,194.6,267.0,19.51,1.704
534,395.8,194.2,267.0,19.51,1.704
534,395.8,193.7,267.0,19.51,1.704
534,395.8,193.2,267.0,19.51,1.704
534,395.8,192.7,267.0,19.51,1.704
534,395.8,192.2,267.0,19.51,1.704
534,395.8,194.7,267.0,19.51,1.704
534,395.8,194.2,267.0,19.51,1.704
534,395.8,193.7,267.0,19.51,1.704
534,395.8,193.2,267.0,19.51,1.704
534,395.8,192.8,267.0,19.51,1.704
534,395.8,192.3,267.0,19.51,1.704
534,395.8,191.8,267.0,19.55,1.704
534,395.8,191.3,267.0,19.55,1.625
534,395.8,190.8,267.0,19.55,1.625
534,395.8,190.3,267.0,19.55,1.625
534,395.8,192.8,267.0,19.51,1.625
534,395.8,192.3,267.0,19.51,1.704
534,395.8,191.8,267.0,19.55,1.704
534,395.8,191.4,267.0,19.55,1.625
534,395.8,190.9,267.0,19.55,1.625
534,395.8,190.4,267.0,19.55,1.625
534,395.8,192.9,267.0,19.51,1.625
534,395.8,192.4,267.0,19.51,1.704
534,395.8,191.9,267.0,19.55,1.704
534,395.8,191.4,267.0,19.55,1.625
534,395.8,190.9,267.0,19.55,1.625
534,395.8,190.5,267.0,19.55,1.625
534,395.8,192.9,267.0,19.51,1.625
534,395.8,192.4,267.0,19.51,1.704
534,395.8,191.9,267.0,19.55,1.704
534,395.8,191.5,267.0,19.55,1.625
534,395.8,191.0,267.0,19.55,1.625
534,395.8,190.5,267.0,19.55,1.625
534,395.8,193.0,267.0,19.51,1.625
534,395.8,192.5,267.0,19.51,1.704
534,395.8,192.0,267.0,19.51,1.704
534,395.8,194.5,267.0,19.51,1.704
534,395.8,194.0,267.0,19.51,1.704
534,395.8,193.5,267.0,19.51,1.704
534,395.8,193.0,267.0,19.51,1.704
534,395.8,192.5,267.0,19.51,1.704
534,395.8,192.1,267.0,19.51,1.704
534,395.8,194.5,267.0,19.51,1.704
534,395.8,194.0,267.0,19.51,1.704
534,395.8,193.6,267.0,19.51,1.704
534,395.8,193.1,267.0,19.51,1.704
534,395.8,192.6,267.0,19.51,1.704
534,395.8,192.1,267.0,19.51,1.704
534,395.8,194.6,267.0,19.51,1.704
534,395.8,194.1,267.0,19.51,1.704
534,395.8,193.6,267.0,19.51,1.704
534,395.8,193.1,267.0,19.51,1.704
534,395.8,192.6,267.0,19.51,1.704
534,395.8,192.2,267.0,19.51,1.704
534,395.8,194.6,267.0,19.51,1.704
534,395.8,194.1,267.0,19.51,1.704
534,395.8,193.7,267.0,19.51,1.704
534,395.8,193.2,267.0,19.51,1.704
534,395.8,192.7,267.0,19.51,1.704
534,395.8,192.2,267.0,19.51,1.704
534,395.8,194.7,267.0,19.51,1.704
534,395.8,194.2,267.0,19.51,1.704
534,395.8,193.7,267.0,19.51,1.704
534,395.8,193.2,267.0,19.51,1.704
534,395.8,192.8,267.0,19.51,1.704
534,395.8,192.3,267.0,19.51,1.704
534,395.8,191.8,267.0,19.55,1.704
534,395.8,191.3,267.0,19.55,1.625
534,395.8,190.8,267.0,19.55,1.625
534,395.8,190.3,267.0,19.55,1.625
534,395.8,192.8,267.0,19.51,1.625
534,395.8,192.3,267.0,19.51,1.704
534,395.8,191.8,267.0,19.55,1.704
534,395.8,191.3,267.0,19.55,1.625
534,395.8,190.9,267.0,19.55,1.625
534,395.8,190.4,267.0,19.55,1.625
534,395.8,192.9,267.0,19.51,1.625
534,395.8,192.4,267.0,19.51,1.704
534,395.8,191.9,267.0,19.55,1.704
534,395.8,191.4,267.0,19.55,1.625
534,395.8,190.9,267.0,19.55,1.625
534,395.8,190.4,267.0,19.55,1.625
534,395.8,192.9,267.0,19.51,1.625
534,395.8,192.4,267.0,19.51,1.704
534,395.8,191.9,267.0,19.55,1.704
534,395.8,191.5,267.0,19.55,1.625
534,395.8,191.0,267.0,19.55,1.625
534,395.8,190.5,267.0,19.55,1.625
534,395.8,193.0,267.0,19.51,1.625
534,395.8,192.5,267.0,19.51,1.704
534,395.8,192.0,267.0,19.51,1.704
534,395.8,191.5,267.0,19.55,1.625
534,395.8,191.0,267.0,19.55,1.625
534,395.8,190.6,267.0,19.55,1.625
534,395.8,193.0,267.0,19.51,1.625
534,395.8,192.5,267.0,19.51,1.704
534,395.8,192.1,267.0,19.51,1.704
534,395.8,194.5,267.0,19.51,1.704
534,395.8,194.0,267.0,19.51,1.704
534,395.8,193.6,267.0,19.51,1.704
534,395.8,193.1,267.0,19.51,1.704
534,395.8,192.6,267.0,19.51,1.704
534,395.8,192.1,267.0,19.51,1.704
534,395.8,194.6,267.0,19.51,1.704
534,395.8,194.1,267.0,19.51,1.704
534,395.8,193.6,267.0,19.51,1.704
534,395.8,193.1,267.0,19.51,1.704
534,395.8,192.6,267.0,19.51,1.704
534,395.8,192.2,267.0,19.51,1.704
534,395.8,194.6,267.0,19.51,1.704
534,395.8,194.1,267.0,19.51,1.704
534,395.8,193.7,267.0,19.51,1.704
534,395.8,193.2,267.0,19.51,1.704
534,395.8,192.7,267.0,19.51,1.704
534,395.8,192.2,267.0,19.51,1.704
534,395.8,194.7,267.0,19.51,1.704
534,395.8,194.2,267.0,19.51,1.704
534,395.8,193.7,267.0,19.51,1.704
540,425.7,165.1,262.4,20.65,0.776
540,423.0,168.5,259.8,21.12,0.626
540,418.2,172.6,259.7,19.14,0.788
540,416.1,178.4,259.6,19.14,0.773
540,413.4,180.6,267.0,19.55,0.773
540,410.6,182.9,267.0,19.55,1.625
540,407.7,185.4,267.0,19.30,1.625
540,407.7,187.8,267.0,19.30,1.734
540,407.7,190.3,267.0,19.30,1.734
540,407.7,192.8,267.0,19.62,1.734
540,407.7,192.3,267.0,19.62,1.846
540,407.7,191.8,267.0,19.30,1.846
540,407.7,191.3,267.0,19.30,1.734
540,407.7,190.8,267.0,19.30,1.734
540,407.7,190.3,267.0,19.30,1.734
540,407.7,192.8,267.0,19.62,1.734
540,407.7,192.3,267.0,19.62,1.846
540,407.7,191.9,267.0,19.30,1.846
540,407.7,191.4,267.0,19.30,1.734
540,407.7,190.9,267.0,19.30,1.734
540,407.7,190.4,267.0,19.30,1.734
540,407.7,192.9,267.0,19.62,1.734
540,407.7,192.4,267.0,19.62,1.846
540,407.7,191.9,267.0,19.30,1.846
540,407.7,191.4,267.0,19.30,1.734
540,407.7,190.9,267.0,19.30,1.734
540,407.7,190.5,267.0,19.30,1.734
540,407.7,192.9,267.0,19.62,1.734
540,407.7,192.4,267.0,19.62,1.846
540,407.7,191.9,267.0,19.30,1.846
540,407.7,191.5,267.0,19.30,1.734
540,407.7,191.0,267.0,19.30,1.734
540,407.7,190.5,267.0,19.30,1.734
540,407.7,193.0,267.0,19.62,1.734
540,407.7,192.5,267.0,19.62,1.846
540,407.7,192.0,267.0,19.62,1.846
540,407.7,194.5,267.0,19.62,1.846
540,407.7,194.0,267.0,19.62,1.846
540,407.7,193.5,267.0,19.62,1.846
540,407.7,193.0,267.0,19.62,1.846
540,407.7,192.5,267.0,19.62,1.846
540,407.7,192.1,267.0,19.62,1.846
540,407.7,194.5,267.0,19.62,1.846
540,407.7,194.0,267.0,19.62,1.846
540,407.7,193.6,267.0,19.62,1.846
540,407.7,193.1,267.0,19.62,1.846
540,407.7,192.6,267.0,19.62,1.846
540,407.7,192.1,267.0,19.62,1.846
540,407.7,194.6,267.0,19.62,1.846
540,407.7,194.1,267.0,19.62,1.846
540,407.7,193.6,267.0,19.62,1.846
540,407.7,193.1,267.0,19.62,1.846
540,407.7,192.6,267.0,19.62,1.846
540,407.7,192.2,267.0,19.62,1.846
540,407.7,194.6,267.0,19.62,1.846
540,407.7,194.1,267.0,19.62,1.846
540,407.7,193.7,267.0,19.62,1.846
540,407.7,193.2,267.0,19.62,1.846
540,407.7,192.7,267.0,19.62,1.846
540,407.7,192.2,267.0,19.62,1.846
540,407.7,194.7,267.0,19.62,1.846
540,407.7,194.2,267.0,19.62,1.846
540,407.7,193.7,267.0,19.62,1.846
540,407.7,193.2,267.0,19.62,1.846
540,407.7,192.8,267.0,19.62,1.846
540,407.7,192.3,267.0,19.62,1.846
540,407.7,191.8,267.0,19.30,1.846
540,407.7,191.3,267.0,19.30,1.734
540,407.7,190.8,267.0,19.30,1.734
540,407.7,190.3,267.0,19.30,1.734
540,407.7,192.8,267.0,19.62,1.734
540,407.7,192.3,267.0,19.62,1.846
540,407.7,191.8,267.0,19.30,1.846
540,407.7,191.4,267.0,19.30,1.734
540,407.7,190.9,267.0,19.30,1.734
540,407.7,190.4,267.0,19.30,1.734
540,407.7,192.9,267.0,19.62,1.734
540,407.7,192.4,267.0,19.62,1.846
540,407.7,191.9,267.0,19.30,1.846
540,407.7,191.4,267.0,19.30,1.734
540,407.7,190.9,267.0,19.30,1.734
540,407.7,190.4,267.0,19.30,1.734
540,407.7,192.9,267.0,19.62,1.734
540,407.7,192.4,267.0,19.62,1.846
540,407.7,191.9,267.0,19.30,1.846
540,407.7,191.5,267.0,19.30,1.734
540,407.7,191.0,267.0,19.30,1.734
540,407.7,190.5,267.0,19.30,1.734
540,407.7,193.0,267.0,19.62,1.734
540,407.7,192.5,267.0,19.62,1.846
540,407.7,192.0,267.0,19.62,1.846
540,407.7,191.5,267.0,19.30,1.734
540,407.7,191.0,267.0,19.30,1.734
540,407.7,190.6,267.0,19.30,1.734
540,407.7,193.0,267.0,19.62,1.734
540,407.7,192.5,267.0,19.62,1.846
540,407.7,192.1,267.0,19.62,1.846
540,407.7,194.5,267.0,19.62,1.846
540,407.7,194.0,267.0,19.62,1.846
540,407.7,193.6,267.0,19.62,1.846
540,407.7,193.1,267.0,19.62,1.846
540,407.7,192.6,267.0,19.62,1.846
540,407.7,192.1,267.0,19.62,1.846
540,407.7,194.6,267.0,19.62,1.846
540,407.7,194.1,267.0,19.62,1.846
540,407.7,193.6,267.0,19.62,1.846
540,407.7,193.1,267.0,19.62,1.846
540,407.7,192.6,267.0,19.62,1.846
540,407.7,192.2,267.0,19.62,1.846
540,407.7,194.6,267.0,19.62,1.846
540,407.7,194.1,267.0,19.62,1.846
540,407.7,193.7,267.0,19.62,1.846
540,407.7,193.2,267.0,19.62,1.846
540,407.7,192.7,267.0,19.62,1.846
540,407.7,192.2,267.0,19.62,1.846
540,407.7,194.7,267.0,19.62,1.846
540,407.7,194.2,267.0,19.62,1.846
540,407.7,193.7,267.0,19.62,1.846
540,407.7,193.2,267.0,19.62,1.846
540,407.7,192.7,267.0,19.62,1.846
540,407.7,192.3,267.0,19.62,1.846
540,407.7,191.8,267.0,19.30,1.846
540,407.7,191.3,267.0,19.30,1.734
540,407.7,190.8,267.0,19.30,1.734
540,407.7,190.3,267.0,19.30,1.734
540,407.7,192.8,267.0,19.62,1.734
540,407.7,192.3,267.0,19.62,1.846
540,407.7,191.8,267.0,19.30,1.846
540,407.7,191.3,267.0,19.30,1.734
540,407.7,190.9,267.0,19.30,1.734
540,407.7,190.4,267.0,19.30,1.734
540,407.7,192.9,267.0,19.62,1.734
540,407.7,192.4,267.0,19.62,1.846
540,407.7,191.9,267.0,19.30,1.846
540,407.7,191.4,267.0,19.30,1.734
540,407.7,190.9,267.0,19.30,1.734
540,407.7,190.4,267.0,19.30,1.734
540,407.7,192.9,267.0,19.62,1.734
540,407.7,192.4,267.0,19.62,1.846
540,407.7,191.9,267.0,19.30,1.846
540,407.7,191.5,267.0,19.30,1.734
540,407.7,191.0,267.0,19.30,1.734
540,407.7,190.5,267.0,19.30,1.734
540,407.7,192.9,267.0,19.62,1.734
540,407.7,192.5,267.0,19.62,1.846
540,407.7,192.0,267.0,19.30,1.846
540,407.7,191.5,267.0,19.30,1.734
540,407.7,191.0,267.0,19.30,1.734
540,407.7,190.5,267.0,19.30,1.734
540,407.7,193.0,267.0,19.62,1.734
540,407.7,192.5,267.0,19.62,1.846
540,407.7,192.0,267.0,19.62,1.846
540,407.7,194.5,267.0,19.62,1.846
540,407.7,194.0,267.0,19.62,1.846
540,407.7,193.5,267.0,19.62,1.846
540,407.7,193.1,267.0,19.62,1.846
540,407.7,192.6,267.0,19.62,1.846
540,407.7,192.1,267.0,19.62,1.846
540,407.7,194.6,267.0,19.62,1.846
540,407.7,194.1,267.0,19.62,1.846
546,439.6,230.4,262.5,22.00,0.791
546,435.9,227.8,260.0,19.21,0.643
546,431.6,225.8,253.3,20.30,1.036
546,426.0,222.0,253.4,20.30,0.849
546,420.4,218.1,253.5,20.30,0.849
546,418.0,213.1,259.5,19.71,0.849
546,415.1,209.8,267.0,19.64,1.240
546,412.2,206.6,267.0,19.64,1.591
546,409.3,203.4,267.0,19.51,1.591
546,406.4,202.9,267.0,19.62,1.704
546,406.4,202.4,267.0,19.62,1.846
546,406.4,201.9,267.0,19.62,1.846
546,406.4,201.4,267.0,19.62,1.846
546,406.4,200.9,267.0,19.62,1.846
546,406.4,200.4,267.0,19.62,1.846
546,406.4,200.0,267.0,19.62,1.846
546,406.4,199.5,267.0,19.62,1.846
546,406.4,199.0,267.0,19.62,1.846
546,406.4,198.5,267.0,19.62,1.846
546,406.4,198.0,267.0,19.62,1.846
546,406.4,197.5,267.0,19.62,1.846
546,406.4,197.1,267.0,19.62,1.846
546,406.4,196.6,267.0,19.62,1.846
546,406.4,196.1,267.0,19.62,1.846
546,406.4,195.6,267.0,19.62,1.846
546,406.4,195.1,267.0,19.62,1.846
546,406.4,194.6,267.0,19.62,1.846
546,406.4,194.2,267.0,19.62,1.846
546,406.4,193.7,267.0,19.62,1.846
546,406.4,193.2,267.0,19.62,1.846
546,406.4,192.7,267.0,19.62,1.846
546,406.4,192.2,267.0,19.62,1.846
546,406.4,194.7,267.0,19.62,1.846
546,406.4,194.2,267.0,19.62,1.846
546,406.4,193.7,267.0,19.62,1.846
546,406.4,193.3,267.0,19.62,1.846
546,406.4,192.8,267.0,19.62,1.846
546,406.4,192.3,267.0,19.62,1.846
546,406.4,191.8,267.0,19.30,1.846
546,406.4,191.3,267.0,19.30,1.734
546,406.4,190.8,267.0,19.30,1.734
546,406.4,190.4,267.0,19.30,1.734
546,406.4,192.8,267.0,19.62,1.734
546,406.4,192.3,267.0,19.62,1.846
546,406.4,191.9,267.0,19.30,1.846
546,406.4,191.4,267.0,19.30,1.734
546,406.4,190.9,267.0,19.30,1.734
546,406.4,190.4,267.0,19.30,1.734
546,406.4,192.9,267.0,19.62,1.734
546,406.4,192.4,267.0,19.62,1.846
546,406.4,191.9,267.0,19.30,1.846
546,406.4,191.4,267.0,19.30,1.734
546,406.4,190.9,267.0,19.30,1.734
546,406.4,190.5,267.0,19.30,1.734
546,406.4,192.9,267.0,19.62,1.734
546,406.4,192.5,267.0,19.62,1.846
546,406.4,192.0,267.0,19.30,1.846
546,406.4,191.5,267.0,19.30,1.734
546,406.4,191.0,267.0,19.30,1.734
546,406.4,190.5,267.0,19.30,1.734
546,406.4,193.0,267.0,19.62,1.734
546,406.4,192.5,267.0,19.62,1.846
546,406.4,192.0,267.0,19.62,1.846
546,406.4,194.5,267.0,19.62,1.846
546,406.4,194.0,267.0,19.62,1.846
546,406.4,193.5,267.0,19.62,1.846
546,406.4,193.0,267.0,19.62,1.846
546,406.4,192.6,267.0,19.62,1.846
546,406.4,192.1,267.0,19.62,1.846
546,406.4,194.5,267.0,19.62,1.846
546,406.4,194.0,267.0,19.62,1.846
546,406.4,193.6,267.0,19.62,1.846
546,406.4,193.1,267.0,19.62,1.846
546,406.4,192.6,267.0,19.62,1.846
546,406.4,192.1,267.0,19.62,1.846
546,406.4,194.6,267.0,19.62,1.846
546,406.4,194.1,267.0,19.62,1.846
546,406.4,193.6,267.0,19.62,1.846
546,406.4,193.1,267.0,19.62,1.846
546,406.4,192.7,267.0,19.62,1.846
546,406.4,192.2,267.0,19.62,1.846
546,406.4,194.6,267.0,19.62,1.846
546,406.4,194.2,267.0,19.62,1.846
546,406.4,193.7,267.0,19.62,1.846
546,406.4,193.2,267.0,19.62,1.846
546,406.4,192.7,267.0,19.62,1.846
546,406.4,192.2,267.0,19.62,1.846
546,406.4,194.7,267.0,19.62,1.846
546,406.4,194.2,267.0,19.62,1.846
546,406.4,193.7,267.0,19.62,1.846
546,406.4,193.2,267.0,19.62,1.846
546,406.4,192.8,267.0,19.62,1.846
546,406.4,192.3,267.0,19.62,1.846
546,406.4,191.8,267.0,19.30,1.846
546,406.4,191.3,267.0,19.30,1.734
546,406.4,190.8,267.0,19.30,1.734
546,406.4,190.3,267.0,19.30,1.734
546,406.4,192.8,267.0,19.62,1.734
546,406.4,192.3,267.0,19.62,1.846
546,406.4,191.9,267.0,19.30,1.846
546,406.4,191.4,267.0,19.30,1.734
546,406.4,190.9,267.0,19.30,1.734
546,406.4,190.4,267.0,19.30,1.734
546,406.4,192.9,267.0,19.62,1.734
546,406.4,192.4,267.0,19.62,1.846
546,406.4,191.9,267.0,19.30,1.846
546,406.4,191.4,267.0,19.30,1.734
546,406.4,190.9,267.0,19.30,1.734
546,406.4,190.5,267.0,19.30,1.734
546,406.4,192.9,267.0,19.62,1.734
546,406.4,192.4,267.0,19.62,1.846
546,406.4,192.0,267.0,19.30,1.846
546,406.4,191.5,267.0,19.30,1.734
546,406.4,191.0,267.0,19.30,1.734
546,406.4,190.5,267.0,19.30,1.734
546,406.4,193.0,267.0,19.62,1.734
546,406.4,192.5,267.0,19.62,1.846
546,406.4,192.0,267.0,19.62,1.846
546,406.4,194.5,267.0,19.62,1.846
546,406.4,194.0,267.0,19.62,1.846
546,406.4,193.5,267.0,19.62,1.846
546,406.4,193.0,267.0,19.62,1.846
546,406.4,192.6,267.0,19.62,1.846
546,406.4,192.1,267.0,19.62,1.846
546,406.4,194.5,267.0,19.62,1.846
546,406.4,194.0,267.0,19.62,1.846
546,406.4,193.6,267.0,19.62,1.846
546,406.4,193.1,267.0,19.62,1.846
546,406.4,192.6,267.0,19.62,1.846
546,406.4,192.1,267.0,19.62,1.846
546,406.4,194.6,267.0,19.62,1.846
546,406.4,194.1,267.0,19.62,1.846
546,406.4,193.6,267.0,19.62,1.846
546,406.4,193.1,267.0,19.62,1.846
546,406.4,192.7,267.0,19.62,1.846
546,406.4,192.2,267.0,19.62,1.846
546,406.4,194.6,267.0,19.62,1.846
546,406.4,194.2,267.0,19.62,1.846
546,406.4,193.7,267.0,19.62,1.846
546,406.4,193.2,267.0,19.62,1.846
546,406.4,192.7,267.0,19.62,1.846
546,406.4,192.2,267.0,19.62,1.846
546,406.4,194.7,267.0,19.62,1.846
546,406.4,194.2,267.0,19.62,1.846
546,406.4,193.7,267.0,19.62,1.846
546,406.4,193.2,267.0,19.62,1.846
546,406.4,192.8,267.0,19.62,1.846
546,406.4,192.3,267.0,19.62,1.846
546,406.4,191.8,267.0,19.30,1.846
546,406.4,191.3,267.0,19.30,1.734
546,406.4,190.8,267.0,19.30,1.734
546,406.4,190.3,267.0,19.30,1.734
546,406.4,192.8,267.0,19.62,1.734
546,406.4,192.3,267.0,19.62,1.846
546,406.4,191.9,267.0,19.30,1.846
546,406.4,191.4,267.0,19.30,1.734
546,406.4,190.9,267.0,19.30,1.734
546,406.4,190.4,267.0,19.30,1.734
546,406.4,192.9,267.0,19.62,1.734
546,406.4,192.4,267.0,19.62,1.846
552,432.7,193.3,257.5,18.43,1.303
552,426.3,192.8,256.9,18.96,1.129
552,420.0,192.4,256.4,18.96,0.793
552,417.3,191.9,266.5,19.55,0.793
552,414.4,191.3,267.0,19.55,1.625
552,411.4,190.8,267.0,19.55,1.625
552,408.5,190.3,267.0,19.55,1.625
552,408.5,192.8,267.0,19.51,1.625
552,408.5,192.3,267.0,19.51,1.704
552,408.5,191.8,267.0,19.55,1.704
552,408.5,191.3,267.0,19.55,1.625
552,408.5,190.9,267.0,19.55,1.625
552,408.5,190.4,267.0,19.55,1.625
552,408.5,192.8,267.0,19.51,1.625
552,408.5,192.4,267.0,19.51,1.704
552,408.5,191.9,267.0,19.55,1.704
552,408.5,191.4,267.0,19.55,1.625
552,408.5,190.9,267.0,19.55,1.625
552,408.5,190.4,267.0,19.55,1.625
552,408.5,192.9,267.0,19.51,1.625
552,408.5,192.4,267.0,19.51,1.704
552,408.5,191.9,267.0,19.55,1.704
552,408.5,191.5,267.0,19.55,1.625
552,408.5,191.0,267.0,19.55,1.625
552,408.5,190.5,267.0,19.55,1.625
552,408.5,192.9,267.0,19.51,1.625
552,408.5,192.5,267.0,19.51,1.704
552,408.5,192.0,267.0,19.55,1.704
552,408.5,191.5,267.0,19.55,1.625
552,408.5,191.0,267.0,19.55,1.625
552,408.5,190.5,267.0,19.55,1.625
552,408.5,193.0,267.0,19.51,1.625
552,408.5,192.5,267.0,19.51,1.704
552,408.5,192.0,267.0,19.51,1.704
552,408.5,194.5,267.0,19.51,1.704
552,408.5,194.0,267.0,19.51,1.704
552,408.5,193.5,267.0,19.51,1.704
552,408.5,193.1,267.0,19.51,1.704
552,408.5,192.6,267.0,19.51,1.704
552,408.5,192.1,267.0,19.51,1.704
552,408.5,194.6,267.0,19.51,1.704
552,408.5,194.1,267.0,19.51,1.704
552,408.5,193.6,267.0,19.51,1.704
552,408.5,193.1,267.0,19.51,1.704
552,408.5,192.6,267.0,19.51,1.704
552,408.5,192.1,267.0,19.51,1.704
552,408.5,194.6,267.0,19.51,1.704
552,408.5,194.1,267.0,19.51,1.704
552,408.5,193.6,267.0,19.51,1.704
552,408.5,193.2,267.0,19.51,1.704
552,408.5,192.7,267.0,19.51,1.704
552,408.5,192.2,267.0,19.51,1.704
552,408.5,194.7,267.0,19.51,1.704
552,408.5,194.2,267.0,19.51,1.704
552,408.5,193.7,267.0,19.51,1.704
552,408.5,193.2,267.0,19.51,1.704
552,408.5,192.7,267.0,19.51,1.704
552,408.5,192.2,267.0,19.51,1.704
552,408.5,194.7,267.0,19.51,1.704
552,408.5,194.2,267.0,19.51,1.704
552,408.5,193.7,267.0,19.51,1.704
552,408.5,193.3,267.0,19.51,1.704
552,408.5,192.8,267.0,19.51,1.704
552,408.5,192.3,267.0,19.51,1.704
552,408.5,191.8,267.0,19.55,1.704
552,408.5,191.3,267.0,19.55,1.625
552,408.5,190.9,267.0,19.55,1.625
552,408.5,190.4,267.0,19.55,1.625
552,408.5,192.8,267.0,19.51,1.625
552,408.5,192.3,267.0,19.51,1.704
552,408.5,191.9,267.0,19.55,1.704
552,408.5,191.4,267.0,19.55,1.625
552,408.5,190.9,267.0,19.55,1.625
552,408.5,190.4,267.0,19.55,1.625
552,408.5,192.9,267.0,19.51,1.625
552,408.5,192.4,267.0,19.51,1.704
552,408.5,191.9,267.0,19.55,1.704
552,408.5,191.4,267.0,19.55,1.625
552,408.5,191.0,267.0,19.55,1.625
552,408.5,190.5,267.0,19.55,1.625
552,408.5,192.9,267.0,19.51,1.625
552,408.5,192.5,267.0,19.51,1.704
552,408.5,192.0,267.0,19.55,1.704
552,408.5,191.5,267.0,19.55,1.625
552,408.5,191.0,267.0,19.55,1.625
552,408.5,190.5,267.0,19.55,1.625
552,408.5,193.0,267.0,19.51,1.625
552,408.5,192.5,267.0,19.51,1.704
552,408.5,192.0,267.0,19.51,1.704
552,408.5,194.5,267.0,19.51,1.704
552,408.5,194.0,267.0,19.51,1.704
552,408.5,193.5,267.0,19.51,1.704
552,408.5,193.0,267.0,19.51,1.704
552,408.5,192.6,267.0,19.51,1.704
552,408.5,192.1,267.0,19.51,1.704
552,408.5,194.5,267.0,19.51,1.704
552,408.5,194.1,267.0,19.51,1.704
552,408.5,193.6,267.0,19.51,1.704
552,408.5,193.1,267.0,19.51,1.704
552,408.5,192.6,267.0,19.51,1.704
552,408.5,192.1,267.0,19.51,1.704
552,408.5,194.6,267.0,19.51,1.704
552,408.5,194.1,267.0,19.51,1.704
552,408.5,193.6,267.0,19.51,1.704
552,408.5,193.2,267.0,19.51,1.704
552,408.5,192.7,267.0,19.51,1.704
552,408.5,192.2,267.0,19.51,1.704
552,408.5,194.6,267.0,19.51,1.704
552,408.5,194.2,267.0,19.51,1.704
552,408.5,193.7,267.0,19.51,1.704
552,408.5,193.2,267.0,19.51,1.704
552,408.5,192.7,267.0,19.51,1.704
552,408.5,192.2,267.0,19.51,1.704
552,408.5,194.7,267.0,19.51,1.704
552,408.5,194.2,267.0,19.51,1.704
552,408.5,193.7,267.0,19.51,1.704
552,408.5,193.2,267.0,19.51,1.704
552,408.5,192.8,267.0,19.51,1.704
552,408.5,192.3,267.0,19.51,1.704
552,408.5,191.8,267.0,19.55,1.704
552,408.5,191.3,267.0,19.55,1.625
552,408.5,190.8,267.0,19.55,1.625
552,408.5,190.4,267.0,19.55,1.625
552,408.5,192.8,267.0,19.51,1.625
552,408.5,192.3,267.0,19.51,1.704
552,408.5,191.9,267.0,19.55,1.704
552,408.5,191.4,267.0,19.55,1.625
552,408.5,190.9,267.0,19.55,1.625
552,408.5,190.4,267.0,19.55,1.625
552,408.5,192.9,267.0,19.51,1.625
552,408.5,192.4,267.0,19.51,1.704
552,408.5,191.9,267.0,19.55,1.704
552,408.5,191.4,267.0,19.55,1.625
552,408.5,190.9,267.0,19.55,1.625
552,408.5,190.5,267.0,19.55,1.625
552,408.5,192.9,267.0,19.51,1.625
552,408.5,192.5,267.0,19.51,1.704
552,408.5,192.0,267.0,19.55,1.704
552,408.5,191.5,267.0,19.55,1.625
552,408.5,191.0,267.0,19.55,1.625
552,408.5,190.5,267.0,19.55,1.625
552,408.5,193.0,267.0,19.51,1.625
552,408.5,192.5,267.0,19.51,1.704
552,408.5,192.0,267.0,19.51,1.704
552,408.5,194.5,267.0,19.51,1.704
552,408.5,194.0,267.0,19.51,1.704
552,408.5,193.5,267.0,19.51,1.704
552,408.5,193.0,267.0,19.51,1.704
552,408.5,192.6,267.0,19.51,1.704
552,408.5,192.1,267.0,19.51,1.704
552,408.5,194.5,267.0,19.51,1.704
552,408.5,194.0,267.0,19.51,1.704
552,408.5,193.6,267.0,19.51,1.704
552,408.5,193.1,267.0,19.51,1.704
552,408.5,192.6,267.0,19.51,1.704
552,408.5,192.1,267.0,19.51,1.704
552,408.5,194.6,267.0,19.51,1.704
552,408.5,194.1,267.0,19.51,1.704
552,408.5,193.6,267.0,19.51,1.704
552,408.5,193.1,267.0,19.51,1.704
558,376.7,168.1,258.1,20.39,1.187
558,380.4,173.3,258.4,20.39,0.809
558,384.1,178.6,258.7,19.14,0.809
558,386.8,180.8,267.0,19.55,0.773
558,389.7,183.1,267.0,19.55,1.625
558,392.6,185.6,267.0,19.55,1.625
558,395.5,188.0,267.0,19.55,1.625
558,395.5,190.4,267.0,19.55,1.625
558,395.5,192.9,267.0,19.51,1.625
558,395.5,192.4,267.0,19.51,1.704
558,395.5,191.9,267.0,19.55,1.704
558,395.5,191.5,267.0,19.55,1.625
558,395.5,191.0,267.0,19.55,1.625
558,395.5,190.5,267.0,19.55,1.625
558,395.5,192.9,267.0,19.51,1.625
558,395.5,192.5,267.0,19.51,1.704
558,395.5,192.0,267.0,19.55,1.704
558,395.5,191.5,267.0,19.55,1.625
558,395.5,191.0,267.0,19.55,1.625
558,395.5,190.5,267.0,19.55,1.625
558,395.5,193.0,267.0,19.51,1.625
558,395.5,192.5,267.0,19.51,1.704
558,395.5,192.0,267.0,19.51,1.704
558,395.5,194.5,267.0,19.51,1.704
558,395.5,194.0,267.0,19.51,1.704
558,395.5,193.5,267.0,19.51,1.704
558,395.5,193.1,267.0,19.51,1.704
558,395.5,192.6,267.0,19.51,1.704
558,395.5,192.1,267.0,19.51,1.704
558,395.5,194.6,267.0,19.51,1.704
558,395.5,194.1,267.0,19.51,1.704
558,395.5,193.6,267.0,19.51,1.704
558,395.5,193.1,267.0,19.51,1.704
558,395.5,192.6,267.0,19.51,1.704
558,395.5,192.2,267.0,19.51,1.704
558,395.5,194.6,267.0,19.51,1.704
558,395.5,194.1,267.0,19.51,1.704
558,395.5,193.7,267.0,19.51,1.704
558,395.5,193.2,267.0,19.51,1.704
558,395.5,192.7,267.0,19.51,1.704
558,395.5,192.2,267.0,19.51,1.704
558,395.5,194.7,267.0,19.51,1.704
558,395.5,194.2,267.0,19.51,1.704
558,395.5,193.7,267.0,19.51,1.704
558,395.5,193.2,267.0,19.51,1.704
558,395.5,192.7,267.0,19.51,1.704
558,395.5,192.2,267.0,19.51,1.704
558,395.5,194.7,267.0,19.51,1.704
558,395.5,194.2,267.0,19.51,1.704
558,395.5,193.8,267.0,19.51,1.704
558,395.5,193.3,267.0,19.51,1.704
558,395.5,192.8,267.0,19.51,1.704
558,395.5,192.3,267.0,19.51,1.704
558,395.5,191.8,267.0,19.55,1.704
558,395.5,191.3,267.0,19.55,1.625
558,395.5,190.9,267.0,19.55,1.625
558,395.5,190.4,267.0,19.55,1.625
558,395.5,192.8,267.0,19.51,1.625
558,395.5,192.4,267.0,19.51,1.704
558,395.5,191.9,267.0,19.55,1.704
558,395.5,191.4,267.0,19.55,1.625
558,395.5,190.9,267.0,19.55,1.625
558,395.5,190.4,267.0,19.55,1.625
558,395.5,192.9,267.0,19.51,1.625
558,395.5,192.4,267.0,19.51,1.704
558,395.5,191.9,267.0,19.55,1.704
558,395.5,191.5,267.0,19.55,1.625
558,395.5,191.0,267.0,19.55,1.625
558,395.5,190.5,267.0,19.55,1.625
558,395.5,192.9,267.0,19.51,1.625
558,395.5,192.5,267.0,19.51,1.704
558,395.5,192.0,267.0,19.55,1.704
558,395.5,191.5,267.0,19.55,1.625
558,395.5,191.0,267.0,19.55,1.625
558,395.5,190.5,267.0,19.55,1.625
558,395.5,193.0,267.0,19.51,1.625
558,395.5,192.5,267.0,19.51,1.704
558,395.5,192.0,267.0,19.51,1.704
558,395.5,194.5,267.0,19.51,1.704
558,395.5,194.0,267.0,19.51,1.704
558,395.5,193.5,267.0,19.51,1.704
558,395.5,193.1,267.0,19.51,1.704
558,395.5,192.6,267.0,19.51,1.704
558,395.5,192.1,267.0,19.51,1.704
558,395.5,194.6,267.0,19.51,1.704
558,395.5,194.1,267.0,19.51,1.704
558,395.5,193.6,267.0,19.51,1.704
558,395.5,193.1,267.0,19.51,1.704
558,395.5,192.6,267.0,19.51,1.704
558,395.5,192.1,267.0,19.51,1.704
558,395.5,194.6,267.0,19.51,1.704
558,395.5,194.1,267.0,19.51,1.704
558,395.5,193.6,267.0,19.51,1.704
558,395.5,193.2,267.0,19.51,1.704
558,395.5,192.7,267.0,19.51,1.704
558,395.5,192.2,267.0,19.51,1.704
558,395.5,194.7,267.0,19.51,1.704
558,395.5,194.2,267.0,19.51,1.704
558,395.5,193.7,267.0,19.51,1.704
558,395.5,193.2,267.0,19.51,1.704
558,395.5,192.7,267.0,19.51,1.704
558,395.5,192.2,267.0,19.51,1.704
558,395.5,194.7,267.0,19.51,1.704
558,395.5,194.2,267.0,19.51,1.704
558,395.5,193.7,267.0,19.51,1.704
558,395.5,193.3,267.0,19.51,1.704
558,395.5,192.8,267.0,19.51,1.704
558,395.5,192.3,267.0,19.51,1.704
558,395.5,191.8,267.0,19.55,1.704
558,395.5,191.3,267.0,19.55,1.625
558,395.5,190.9,267.0,19.55,1.625
558,395.5,190.4,267.0,19.55,1.625
558,395.5,192.8,267.0,19.51,1.625
558,395.5,192.3,267.0,19.51,1.704
558,395.5,191.9,267.0,19.55,1.704
558,395.5,191.4,267.0,19.55,1.625
558,395.5,190.9,267.0,19.55,1.625
558,395.5,190.4,267.0,19.55,1.625
558,395.5,192.9,267.0,19.51,1.625
558,395.5,192.4,267.0,19.51,1.704
558,395.5,191.9,267.0,19.55,1.704
558,395.5,191.4,267.0,19.55,1.625
558,395.5,191.0,267.0,19.55,1.625
558,395.5,190.5,267.0,19.55,1.625
558,395.5,192.9,267.0,19.51,1.625
558,395.5,192.5,267.0,19.51,1.704
558,395.5,192.0,267.0,19.55,1.704
558,395.5,191.5,267.0,19.55,1.625
558,395.5,191.0,267.0,19.55,1.625
558,395.5,190.5,267.0,19.55,1.625
558,395.5,193.0,267.0,19.51,1.625
558,395.5,192.5,267.0,19.51,1.704
558,395.5,192.0,267.0,19.51,1.704
558,395.5,194.5,267.0,19.51,1.704
558,395.5,194.0,267.0,19.51,1.704
558,395.5,193.5,267.0,19.51,1.704
558,395.5,193.0,267.0,19.51,1.704
558,395.5,192.6,267.0,19.51,1.704
558,395.5,192.1,267.0,19.51,1.704
558,395.5,194.5,267.0,19.51,1.704
558,395.5,194.1,267.0,19.51,1.704
558,395.5,193.6,267.0,19.51,1.704
558,395.5,193.1,267.0,19.51,1.704
558,395.5,192.6,267.0,19.51,1.704
558,395.5,192.1,267.0,19.51,1.704
558,395.5,194.6,267.0,19.51,1.704
558,395.5,194.1,267.0,19.51,1.704
558,395.5,193.6,267.0,19.51,1.704
558,395.5,193.2,267.0,19.51,1.704
558,395.5,192.7,267.0,19.51,1.704
558,395.5,192.2,267.0,19.51,1.704
558,395.5,194.6,267.0,19.51,1.704
558,395.5,194.2,267.0,19.51,1.704
558,395.5,193.7,267.0,19.51,1.704
558,395.5,193.2,267.0,19.51,1.704
558,395.5,192.7,267.0,19.51,1.704
558,395.5,192.2,267.0,19.51,1.704
558,395.5,194.7,267.0,19.51,1.704
558,395.5,194.2,267.0,19.51,1.704
558,395.5,193.7,267.0,19.51,1.704
564,409.4,163.6,257.5,18.49,1.273
564,408.3,168.2,250.0,19.64,1.105
564,408.3,173.0,248.7,19.64,0.601
564,408.3,177.9,247.3,19.64,0.601
564,408.3,179.7,252.5,19.14,0.601
564,408.3,181.9,262.8,19.60,0.773
564,408.3,184.4,267.0,19.55,1.253
564,408.3,186.9,267.0,19.55,1.625
564,408.3,189.3,267.0,19.55,1.625
564,408.3,191.8,267.0,19.55,1.625
564,408.3,191.3,267.0,19.55,1.625
564,408.3,190.8,267.0,19.55,1.625
564,408.3,190.4,267.0,19.55,1.625
564,408.3,192.8,267.0,19.51,1.625
564,408.3,192.3,267.0,19.51,1.704
564,408.3,191.9,267.0,19.55,1.704
564,408.3,191.4,267.0,19.55,1.625
564,408.3,190.9,267.0,19.55,1.625
564,408.3,190.4,267.0,19.55,1.625
564,408.3,192.9,267.0,19.51,1.625
564,408.3,192.4,267.0,19.51,1.704
564,408.3,191.9,267.0,19.55,1.704
564,408.3,191.4,267.0,19.55,1.625
564,408.3,190.9,267.0,19.55,1.625
564,408.3,190.5,267.0,19.55,1.625
564,408.3,192.9,267.0,19.51,1.625
564,408.3,192.5,267.0,19.51,1.704
564,408.3,192.0,267.0,19.55,1.704
564,408.3,191.5,267.0,19.55,1.625
564,408.3,191.0,267.0,19.55,1.625
564,408.3,190.5,267.0,19.55,1.625
564,408.3,193.0,267.0,19.51,1.625
564,408.3,192.5,267.0,19.51,1.704
564,408.3,192.0,267.0,19.51,1.704
564,408.3,194.5,267.0,19.51,1.704
564,408.3,194.0,267.0,19.51,1.704
564,408.3,193.5,267.0,19.51,1.704
564,408.3,193.0,267.0,19.51,1.704
564,408.3,192.6,267.0,19.51,1.704
564,408.3,192.1,267.0,19.51,1.704
564,408.3,194.5,267.0,19.51,1.704
564,408.3,194.1,267.0,19.51,1.704
564,408.3,193.6,267.0,19.51,1.704
564,408.3,193.1,267.0,19.51,1.704
564,408.3,192.6,267.0,19.51,1.704
564,408.3,192.1,267.0,19.51,1.704
564,408.3,194.6,267.0,19.51,1.704
564,408.3,194.1,267.0,19.51,1.704
564,408.3,193.6,267.0,19.51,1.704
564,408.3,193.1,267.0,19.51,1.704
564,408.3,192.7,267.0,19.51,1.704
564,408.3,192.2,267.0,19.51,1.704
564,408.3,194.6,267.0,19.51,1.704
564,408.3,194.2,267.0,19.51,1.704
564,408.3,193.7,267.0,19.51,1.704
564,408.3,193.2,267.0,19.51,1.704
564,408.3,192.7,267.0,19.51,1.704
564,408.3,192.2,267.0,19.51,1.704
564,408.3,194.7,267.0,19.51,1.704
564,408.3,194.2,267.0,19.51,1.704
564,408.3,193.7,267.0,19.51,1.704
564,408.3,193.2,267.0,19.51,1.704
564,408.3,192.8,267.0,19.51,1.704
564,408.3,192.3,267.0,19.51,1.704
564,408.3,191.8,267.0,19.55,1.704
564,408.3,191.3,267.0,19.55,1.625
564,408.3,190.8,267.0,19.55,1.625
564,408.3,190.4,267.0,19.55,1.625
564,408.3,192.8,267.0,19.51,1.625
564,408.3,192.3,267.0,19.51,1.704
564,408.3,191.9,267.0,19.55,1.704
564,408.3,191.4,267.0,19.55,1.625
564,408.3,190.9,267.0,19.55,1.625
564,408.3,190.4,267.0,19.55,1.625
564,408.3,192.9,267.0,19.51,1.625
564,408.3,192.4,267.0,19.51,1.704
564,408.3,191.9,267.0,19.55,1.704
564,408.3,191.4,267.0,19.55,1.625
564,408.3,190.9,267.0,19.55,1.625
564,408.3,190.5,267.0,19.55,1.625
564,408.3,192.9,267.0,19.51,1.625
564,408.3,192.4,267.0,19.51,1.704
564,408.3,192.0,267.0,19.55,1.704
564,408.3,191.5,267.0,19.55,1.625
564,408.3,191.0,267.0,19.55,1.625
564,408.3,190.5,267.0,19.55,1.625
564,408.3,193.0,267.0,19.51,1.625
564,408.3,192.5,267.0,19.51,1.704
564,408.3,192.0,267.0,19.51,1.704
564,408.3,194.5,267.0,19.51,1.704
564,408.3,194.0,267.0,19.51,1.704
564,408.3,193.5,267.0,19.51,1.704
564,408.3,193.0,267.0,19.51,1.704
564,408.3,192.6,267.0,19.51,1.704
564,408.3,192.1,267.0,19.51,1.704
564,408.3,194.5,267.0,19.51,1.704
564,408.3,194.0,267.0,19.51,1.704
564,408.3,193.6,267.0,19.51,1.704
564,408.3,193.1,267.0,19.51,1.704
564,408.3,192.6,267.0,19.51,1.704
564,408.3,192.1,267.0,19.51,1.704
564,408.3,194.6,267.0,19.51,1.704
564,408.3,194.1,267.0,19.51,1.704
564,408.3,193.6,267.0,19.51,1.704
564,408.3,193.1,267.0,19.51,1.704
564,408.3,192.7,267.0,19.51,1.704
564,408.3,192.2,267.0,19.51,1.704
564,408.3,194.6,267.0,19.51,1.704
564,408.3,194.2,267.0,19.51,1.704
564,408.3,193.7,267.0,19.51,1.704
564,408.3,193.2,267.0,19.51,1.704
564,408.3,192.7,267.0,19.51,1.704
564,408.3,192.2,267.0,19.51,1.704
564,408.3,194.7,267.0,19.51,1.704
564,408.3,194.2,267.0,19.51,1.704
564,408.3,193.7,267.0,19.51,1.704
564,408.3,193.2,267.0,19.51,1.704
564,408.3,192.8,267.0,19.51,1.704
564,408.3,192.3,267.0,19.51,1.704
564,408.3,191.8,267.0,19.55,1.704
564,408.3,191.3,267.0,19.55,1.625
564,408.3,190.8,267.0,19.55,1.625
564,408.3,190.3,267.0,19.55,1.625
564,408.3,192.8,267.0,19.51,1.625
564,408.3,192.3,267.0,19.51,1.704
564,408.3,191.9,267.0,19.55,1.704
564,408.3,191.4,267.0,19.55,1.625
564,408.3,190.9,267.0,19.55,1.625
564,408.3,190.4,267.0,19.55,1.625
564,408.3,192.9,267.0,19.51,1.625
564,408.3,192.4,267.0,19.51,1.704
564,408.3,191.9,267.0,19.55,1.704
564,408.3,191.4,267.0,19.55,1.625
564,408.3,190.9,267.0,19.55,1.625
564,408.3,190.5,267.0,19.55,1.625
564,408.3,192.9,267.0,19.51,1.625
564,408.3,192.4,267.0,19.51,1.704
564,408.3,191.9,267.0,19.55,1.704
564,408.3,191.5,267.0,19.55,1.625
564,408.3,191.0,267.0,19.55,1.625
564,408.3,190.5,267.0,19.55,1.625
564,408.3,193.0,267.0,19.51,1.625
564,408.3,192.5,267.0,19.51,1.704
564,408.3,192.0,267.0,19.51,1.704
564,408.3,194.5,267.0,19.51,1.704
564,408.3,194.0,267.0,19.51,1.704
564,408.3,193.5,267.0,19.51,1.704
564,408.3,193.0,267.0,19.51,1.704
564,408.3,192.5,267.0,19.51,1.704
564,408.3,192.1,267.0,19.51,1.704
564,408.3,194.5,267.0,19.51,1.704
564,408.3,194.0,267.0,19.51,1.704
564,408.3,193.6,267.0,19.51,1.704
564,408.3,193.1,267.0,19.51,1.704
564,408.3,192.6,267.0,19.51,1.704
564,408.3,192.1,267.0,19.51,1.704
564,408.3,194.6,267.0,19.51,1.704
564,408.3,194.1,267.0,19.51,1.704
564,408.3,193.6,267.0,19.51,1.704
564,408.3,193.1,267.0,19.51,1.704
570,427.4,173.7,264.9,21.17,0.806
570,421.5,178.9,264.4,21.17,0.990
570,418.6,181.3,267.0,19.55,0.990
570,415.7,183.7,267.0,19.55,1.625
570,412.8,186.2,267.0,19.55,1.625
570,409.9,188.6,267.0,19.55,1.625
570,407.1,191.0,267.0,19.30,1.625
570,407.1,190.5,267.0,19.30,1.734
570,407.1,192.9,267.0,19.62,1.734
570,407.1,192.5,267.0,19.62,1.846
570,407.1,192.0,267.0,19.30,1.846
570,407.1,191.5,267.0,19.30,1.734
570,407.1,191.0,267.0,19.30,1.734
570,407.1,190.5,267.0,19.30,1.734
570,407.1,193.0,267.0,19.62,1.734
570,407.1,192.5,267.0,19.62,1.846
570,407.1,192.0,267.0,19.62,1.846
570,407.1,194.5,267.0,19.62,1.846
570,407.1,194.0,267.0,19.62,1.846
570,407.1,193.5,267.0,19.62,1.846
570,407.1,193.1,267.0,19.62,1.846
570,407.1,192.6,267.0,19.62,1.846
570,407.1,192.1,267.0,19.62,1.846
570,407.1,194.6,267.0,19.62,1.846
570,407.1,194.1,267.0,19.62,1.846
570,407.1,193.6,267.0,19.62,1.846
570,407.1,193.1,267.0,19.62,1.846
570,407.1,192.6,267.0,19.62,1.846
570,407.1,192.1,267.0,19.62,1.846
570,407.1,194.6,267.0,19.62,1.846
570,407.1,194.1,267.0,19.62,1.846
570,407.1,193.6,267.0,19.62,1.846
570,407.1,193.2,267.0,19.62,1.846
570,407.1,192.7,267.0,19.62,1.846
570,407.1,192.2,267.0,19.62,1.846
570,407.1,194.7,267.0,19.62,1.846
570,407.1,194.2,267.0,19.62,1.846
570,407.1,193.7,267.0,19.62,1.846
570,407.1,193.2,267.0,19.62,1.846
570,407.1,192.7,267.0,19.62,1.846
570,407.1,192.2,267.0,19.62,1.846
570,407.1,191.8,267.0,19.30,1.846
570,407.1,191.3,267.0,19.30,1.734
570,407.1,190.8,267.0,19.30,1.734
570,407.1,190.3,267.0,19.30,1.734
570,407.1,192.8,267.0,19.62,1.734
570,407.1,192.3,267.0,19.62,1.846
570,407.1,191.8,267.0,19.30,1.846
570,407.1,191.3,267.0,19.30,1.734
570,407.1,190.9,267.0,19.30,1.734
570,407.1,190.4,267.0,19.30,1.734
570,407.1,192.8,267.0,19.62,1.734
570,407.1,192.3,267.0,19.62,1.846
570,407.1,191.9,267.0,19.30,1.846
570,407.1,191.4,267.0,19.30,1.734
570,407.1,190.9,267.0,19.30,1.734
570,407.1,190.4,267.0,19.30,1.734
570,407.1,192.9,267.0,19.62,1.734
570,407.1,192.4,267.0,19.62,1.846
570,407.1,191.9,267.0,19.30,1.846
570,407.1,191.4,267.0,19.30,1.734
570,407.1,191.0,267.0,19.30,1.734
570,407.1,190.5,267.0,19.30,1.734
570,407.1,192.9,267.0,19.62,1.734
570,407.1,192.5,267.0,19.62,1.846
570,407.1,192.0,267.0,19.30,1.846
570,407.1,191.5,267.0,19.30,1.734
570,407.1,191.0,267.0,19.30,1.734
570,407.1,190.5,267.0,19.30,1.734
570,407.1,193.0,267.0,19.62,1.734
570,407.1,192.5,267.0,19.62,1.846
570,407.1,192.0,267.0,19.62,1.846
570,407.1,194.5,267.0,19.62,1.846
570,407.1,194.0,267.0,19.62,1.846
570,407.1,193.5,267.0,19.62,1.846
570,407.1,193.1,267.0,19.62,1.846
570,407.1,192.6,267.0,19.62,1.846
570,407.1,192.1,267.0,19.62,1.846
570,407.1,194.6,267.0,19.62,1.846
570,407.1,194.1,267.0,19.62,1.846
570,407.1,193.6,267.0,19.62,1.846
570,407.1,193.1,267.0,19.62,1.846
570,407.1,192.6,267.0,19.62,1.846
570,407.1,192.1,267.0,19.62,1.846
570,407.1,194.6,267.0,19.62,1.846
570,407.1,194.1,267.0,19.62,1.846
570,407.1,193.6,267.0,19.62,1.846
570,407.1,193.2,267.0,19.62,1.846
570,407.1,192.7,267.0,19.62,1.846
570,407.1,192.2,267.0,19.62,1.846
570,407.1,194.6,267.0,19.62,1.846
570,407.1,194.2,267.0,19.62,1.846
570,407.1,193.7,267.0,19.62,1.846
570,407.1,193.2,267.0,19.62,1.846
570,407.1,192.7,267.0,19.62,1.846
570,407.1,192.2,267.0,19.62,1.846
570,407.1,191.8,267.0,19.30,1.846
570,407.1,191.3,267.0,19.30,1.734
570,407.1,190.8,267.0,19.30,1.734
570,407.1,190.3,267.0,19.30,1.734
570,407.1,192.8,267.0,19.62,1.734
570,407.1,192.3,267.0,19.62,1.846
570,407.1,191.8,267.0,19.30,1.846
570,407.1,191.3,267.0,19.30,1.734
570,407.1,190.9,267.0,19.30,1.734
570,407.1,190.4,267.0,19.30,1.734
570,407.1,192.8,267.0,19.62,1.734
570,407.1,192.3,267.0,19.62,1.846
570,407.1,191.9,267.0,19.30,1.846
570,407.1,191.4,267.0,19.30,1.734
570,407.1,190.9,267.0,19.30,1.734
570,407.1,190.4,267.0,19.30,1.734
570,407.1,192.9,267.0,19.62,1.734
570,407.1,192.4,267.0,19.62,1.846
570,407.1,191.9,267.0,19.30,1.846
570,407.1,191.4,267.0,19.30,1.734
570,407.1,190.9,267.0,19.30,1.734
570,407.1,190.5,267.0,19.30,1.734
570,407.1,192.9,267.0,19.62,1.734
570,407.1,192.5,267.0,19.62,1.846
570,407.1,192.0,267.0,19.30,1.846
570,407.1,191.5,267.0,19.30,1.734
570,407.1,191.0,267.0,19.30,1.734
570,407.1,190.5,267.0,19.30,1.734
570,407.1,193.0,267.0,19.62,1.734
570,407.1,192.5,267.0,19.62,1.846
570,407.1,192.0,267.0,19.62,1.846
570,407.1,194.5,267.0,19.62,1.846
570,407.1,194.0,267.0,19.62,1.846
570,407.1,193.5,267.0,19.62,1.846
570,407.1,193.0,267.0,19.62,1.846
570,407.1,192.6,267.0,19.62,1.846
570,407.1,192.1,267.0,19.62,1.846
570,407.1,194.5,267.0,19.62,1.846
570,407.1,194.1,267.0,19.62,1.846
570,407.1,193.6,267.0,19.62,1.846
570,407.1,193.1,267.0,19.62,1.846
570,407.1,192.6,267.0,19.62,1.846
570,407.1,192.1,267.0,19.62,1.846
570,407.1,194.6,267.0,19.62,1.846
570,407.1,194.1,267.0,19.62,1.846
570,407.1,193.6,267.0,19.62,1.846
570,407.1,193.2,267.0,19.62,1.846
570,407.1,192.7,267.0,19.62,1.846
570,407.1,192.2,267.0,19.62,1.846
570,407.1,194.6,267.0,19.62,1.846
570,407.1,194.2,267.0,19.62,1.846
570,407.1,193.7,267.0,19.62,1.846
570,407.1,193.2,267.0,19.62,1.846
570,407.1,192.7,267.0,19.62,1.846
570,407.1,192.2,267.0,19.62,1.846
570,407.1,194.7,267.0,19.62,1.846
570,407.1,194.2,267.0,19.62,1.846
570,407.1,193.7,267.0,19.62,1.846
570,407.1,193.2,267.0,19.62,1.846
570,407.1,192.8,267.0,19.62,1.846
570,407.1,192.3,267.0,19.62,1.846
570,407.1,191.8,267.0,19.30,1.846
570,407.1,191.3,267.0,19.30,1.734
570,407.1,190.8,267.0,19.30,1.734
576,370.0,182.5,264.5,18.96,0.990
576,374.9,184.8,267.0,19.83,0.861
576,379.9,187.1,267.0,19.83,1.252
576,384.9,189.5,267.0,19.55,1.252
576,387.8,191.9,267.0,19.55,1.625
576,390.7,191.4,267.0,19.55,1.625
576,393.6,190.8,267.0,19.55,1.625
576,396.5,190.3,267.0,19.30,1.625
576,396.5,192.8,267.0,19.62,1.734
576,396.5,192.3,267.0,19.62,1.846
576,396.5,191.8,267.0,19.30,1.846
576,396.5,191.3,267.0,19.30,1.734
576,396.5,190.9,267.0,19.30,1.734
576,396.5,190.4,267.0,19.30,1.734
576,396.5,192.9,267.0,19.62,1.734
576,396.5,192.4,267.0,19.62,1.846
576,396.5,191.9,267.0,19.30,1.846
576,396.5,191.4,267.0,19.30,1.734
576,396.5,190.9,267.0,19.30,1.734
576,396.5,190.4,267.0,19.30,1.734
576,396.5,192.9,267.0,19.62,1.734
576,396.5,192.4,267.0,19.62,1.846
576,396.5,191.9,267.0,19.30,1.846
576,396.5,191.5,267.0,19.30,1.734
576,396.5,191.0,267.0,19.30,1.734
576,396.5,190.5,267.0,19.30,1.734
576,396.5,192.9,267.0,19.62,1.734
576,396.5,192.5,267.0,19.62,1.846
576,396.5,192.0,267.0,19.30,1.846
576,396.5,191.5,267.0,19.30,1.734
576,396.5,191.0,267.0,19.30,1.734
576,396.5,190.5,267.0,19.30,1.734
576,396.5,193.0,267.0,19.62,1.734
576,396.5,192.5,267.0,19.62,1.846
576,396.5,192.0,267.0,19.62,1.846
576,396.5,194.5,267.0,19.62,1.846
576,396.5,194.0,267.0,19.62,1.846
576,396.5,193.5,267.0,19.62,1.846
576,396.5,193.1,267.0,19.62,1.846
576,396.5,192.6,267.0,19.62,1.846
576,396.5,192.1,267.0,19.62,1.846
576,396.5,194.6,267.0,19.62,1.846
576,396.5,194.1,267.0,19.62,1.846
576,396.5,193.6,267.0,19.62,1.846
576,396.5,193.1,267.0,19.62,1.846
576,396.5,192.6,267.0,19.62,1.846
576,396.5,192.1,267.0,19.62,1.846
576,396.5,194.6,267.0,19.62,1.846
576,396.5,194.1,267.0,19.62,1.846
576,396.5,193.6,267.0,19.62,1.846
576,396.5,193.2,267.0,19.62,1.846
576,396.5,192.7,267.0,19.62,1.846
576,396.5,192.2,267.0,19.62,1.846
576,396.5,194.7,267.0,19.62,1.846
576,396.5,194.2,267.0,19.62,1.846
576,396.5,193.7,267.0,19.62,1.846
576,396.5,193.2,267.0,19.62,1.846
576,396.5,192.7,267.0,19.62,1.846
576,396.5,192.2,267.0,19.62,1.846
576,396.5,191.8,267.0,19.30,1.846
576,396.5,191.3,267.0,19.30,1.734
576,396.5,190.8,267.0,19.30,1.734
576,396.5,190.3,267.0,19.30,1.734
576,396.5,192.8,267.0,19.62,1.734
576,396.5,192.3,267.0,19.62,1.846
576,396.5,191.8,267.0,19.30,1.846
576,396.5,191.3,267.0,19.30,1.734
576,396.5,190.9,267.0,19.30,1.734
576,396.5,190.4,267.0,19.30,1.734
576,396.5,192.8,267.0,19.62,1.734
576,396.5,192.4,267.0,19.62,1.846
576,396.5,191.9,267.0,19.30,1.846
576,396.5,191.4,267.0,19.30,1.734
576,396.5,190.9,267.0,19.30,1.734
576,396.5,190.4,267.0,19.30,1.734
576,396.5,192.9,267.0,19.62,1.734
576,396.5,192.4,267.0,19.62,1.846
576,396.5,191.9,267.0,19.30,1.846
576,396.5,191.4,267.0,19.30,1.734
576,396.5,191.0,267.0,19.30,1.734
576,396.5,190.5,267.0,19.30,1.734
576,396.5,192.9,267.0,19.62,1.734
576,396.5,192.5,267.0,19.62,1.846
576,396.5,192.0,267.0,19.30,1.846
576,396.5,191.5,267.0,19.30,1.734
576,396.5,191.0,267.0,19.30,1.734
576,396.5,190.5,267.0,19.30,1.734
576,396.5,193.0,267.0,19.62,1.734
576,396.5,192.5,267.0,19.62,1.846
576,396.5,192.0,267.0,19.62,1.846
576,396.5,194.5,267.0,19.62,1.846
576,396.5,194.0,267.0,19.62,1.846
576,396.5,193.5,267.0,19.62,1.846
576,396.5,193.1,267.0,19.62,1.846
576,396.5,192.6,267.0,19.62,1.846
576,396.5,192.1,267.0,19.62,1.846
576,396.5,194.6,267.0,19.62,1.846
576,396.5,194.1,267.0,19.62,1.846
576,396.5,193.6,267.0,19.62,1.846
576,396.5,193.1,267.0,19.62,1.846
576,396.5,192.6,267.0,19.62,1.846
576,396.5,192.1,267.0,19.62,1.846
576,396.5,194.6,267.0,19.62,1.846
576,396.5,194.1,267.0,19.62,1.846
576,396.5,193.6,267.0,19.62,1.846
576,396.5,193.2,267.0,19.62,1.846
576,396.5,192.7,267.0,19.62,1.846
576,396.5,192.2,267.0,19.62,1.846
576,396.5,194.6,267.0,19.62,1.846
576,396.5,194.2,267.0,19.62,1.846
576,396.5,193.7,267.0,19.62,1.846
576,396.5,193.2,267.0,19.62,1.846
576,396.5,192.7,267.0,19.62,1.846
576,396.5,192.2,267.0,19.62,1.846
576,396.5,191.8,267.0,19.30,1.846
576,396.5,191.3,267.0,19.30,1.734
576,396.5,190.8,267.0,19.30,1.734
576,396.5,190.3,267.0,19.30,1.734
576,396.5,192.8,267.0,19.62,1.734
576,396.5,192.3,267.0,19.62,1.846
576,396.5,191.8,267.0,19.30,1.846
576,396.5,191.3,267.0,19.30,1.734
576,396.5,190.9,267.0,19.30,1.734
576,396.5,190.4,267.0,19.30,1.734
576,396.5,192.8,267.0,19.62,1.734
576,396.5,192.3,267.0,19.62,1.846
576,396.5,191.9,267.0,19.30,1.846
576,396.5,191.4,267.0,19.30,1.734
576,396.5,190.9,267.0,19.30,1.734
576,396.5,190.4,267.0,19.30,1.734
576,396.5,192.9,267.0,19.62,1.734
576,396.5,192.4,267.0,19.62,1.846
576,396.5,191.9,267.0,19.30,1.846
576,396.5,191.4,267.0,19.30,1.734
576,396.5,190.9,267.0,19.30,1.734
576,396.5,190.5,267.0,19.30,1.734
576,396.5,192.9,267.0,19.62,1.734
576,396.5,192.5,267.0,19.62,1.846
576,396.5,192.0,267.0,19.30,1.846
576,396.5,191.5,267.0,19.30,1.734
576,396.5,191.0,267.0,19.30,1.734
576,396.5,190.5,267.0,19.30,1.734
576,396.5,193.0,267.0,19.62,1.734
576,396.5,192.5,267.0,19.62,1.846
576,396.5,192.0,267.0,19.62,1.846
576,396.5,194.5,267.0,19.62,1.846
576,396.5,194.0,267.0,19.62,1.846
576,396.5,193.5,267.0,19.62,1.846
576,396.5,193.0,267.0,19.62,1.846
576,396.5,192.6,267.0,19.62,1.846
576,396.5,192.1,267.0,19.62,1.846
576,396.5,194.5,267.0,19.62,1.846
576,396.5,194.1,267.0,19.62,1.846
576,396.5,193.6,267.0,19.62,1.846
576,396.5,193.1,267.0,19.62,1.846
576,396.5,192.6,267.0,19.62,1.846
576,396.5,192.1,267.0,19.62,1.846
576,396.5,194.6,267.0,19.62,1.846
576,396.5,194.1,267.0,19.62,1.846
576,396.5,193.6,267.0,19.62,1.846
582,369.8,198.0,264.4,18.16,0.831
582,374.8,197.5,267.0,19.11,0.831
582,379.8,196.9,267.0,19.11,1.261
582,384.8,196.4,267.0,19.51,1.261
582,387.7,195.9,267.0,19.51,1.704
582,390.6,195.4,267.0,19.51,1.704
582,393.5,194.8,267.0,19.51,1.704
582,396.4,194.3,267.0,19.62,1.704
582,396.4,193.8,267.0,19.62,1.846
582,396.4,193.4,267.0,19.62,1.846
582,396.4,192.9,267.0,19.62,1.846
582,396.4,192.4,267.0,19.62,1.846
582,396.4,191.9,267.0,19.30,1.846
582,396.4,191.4,267.0,19.30,1.734
582,396.4,190.9,267.0,19.30,1.734
582,396.4,190.5,267.0,19.30,1.734
582,396.4,192.9,267.0,19.62,1.734
582,396.4,192.5,267.0,19.62,1.846
582,396.4,192.0,267.0,19.30,1.846
582,396.4,191.5,267.0,19.30,1.734
582,396.4,191.0,267.0,19.30,1.734
582,396.4,190.5,267.0,19.30,1.734
582,396.4,193.0,267.0,19.62,1.734
582,396.4,192.5,267.0,19.62,1.846
582,396.4,192.0,267.0,19.62,1.846
582,396.4,194.5,267.0,19.62,1.846
582,396.4,194.0,267.0,19.62,1.846
582,396.4,193.5,267.0,19.62,1.846
582,396.4,193.0,267.0,19.62,1.846
582,396.4,192.6,267.0,19.62,1.846
582,396.4,192.1,267.0,19.62,1.846
582,396.4,194.5,267.0,19.62,1.846
582,396.4,194.0,267.0,19.62,1.846
582,396.4,193.6,267.0,19.62,1.846
582,396.4,193.1,267.0,19.62,1.846
582,396.4,192.6,267.0,19.62,1.846
582,396.4,192.1,267.0,19.62,1.846
582,396.4,194.6,267.0,19.62,1.846
582,396.4,194.1,267.0,19.62,1.846
582,396.4,193.6,267.0,19.62,1.846
582,396.4,193.1,267.0,19.62,1.846
582,396.4,192.7,267.0,19.62,1.846
582,396.4,192.2,267.0,19.62,1.846
582,396.4,194.6,267.0,19.62,1.846
582,396.4,194.2,267.0,19.62,1.846
582,396.4,193.7,267.0,19.62,1.846
582,396.4,193.2,267.0,19.62,1.846
582,396.4,192.7,267.0,19.62,1.846
582,396.4,192.2,267.0,19.62,1.846
582,396.4,194.7,267.0,19.62,1.846
582,396.4,194.2,267.0,19.62,1.846
582,396.4,193.7,267.0,19.62,1.846
582,396.4,193.2,267.0,19.62,1.846
582,396.4,192.8,267.0,19.62,1.846
582,396.4,192.3,267.0,19.62,1.846
582,396.4,191.8,267.0,19.30,1.846
582,396.4,191.3,267.0,19.30,1.734
582,396.4,190.8,267.0,19.30,1.734
582,396.4,190.3,267.0,19.30,1.734
582,396.4,192.8,267.0,19.62,1.734
582,396.4,192.3,267.0,19.62,1.846
582,396.4,191.9,267.0,19.30,1.846
582,396.4,191.4,267.0,19.30,1.734
582,396.4,190.9,267.0,19.30,1.734
582,396.4,190.4,267.0,19.30,1.734
582,396.4,192.9,267.0,19.62,1.734
582,396.4,192.4,267.0,19.62,1.846
582,396.4,191.9,267.0,19.30,1.846
582,396.4,191.4,267.0,19.30,1.734
582,396.4,190.9,267.0,19.30,1.734
582,396.4,190.5,267.0,19.30,1.734
582,396.4,192.9,267.0,19.62,1.734
582,396.4,192.4,267.0,19.62,1.846
582,396.4,192.0,267.0,19.30,1.846
582,396.4,191.5,267.0,19.30,1.734
582,396.4,191.0,267.0,19.30,1.734
582,396.4,190.5,267.0,19.30,1.734
582,396.4,193.0,267.0,19.62,1.734
582,396.4,192.5,267.0,19.62,1.846
582,396.4,192.0,267.0,19.62,1.846
582,396.4,194.5,267.0,19.62,1.846
582,396.4,194.0,267.0,19.62,1.846
582,396.4,193.5,267.0,19.62,1.846
582,396.4,193.0,267.0,19.62,1.846
582,396.4,192.6,267.0,19.62,1.846
582,396.4,192.1,267.0,19.62,1.846
582,396.4,194.5,267.0,19.62,1.846
582,396.4,194.0,267.0,19.62,1.846
582,396.4,193.6,267.0,19.62,1.846
582,396.4,193.1,267.0,19.62,1.846
582,396.4,192.6,267.0,19.62,1.846
582,396.4,192.1,267.0,19.62,1.846
582,396.4,194.6,267.0,19.62,1.846
582,396.4,194.1,267.0,19.62,1.846
582,396.4,193.6,267.0,19.62,1.846
582,396.4,193.1,267.0,19.62,1.846
582,396.4,192.7,267.0,19.62,1.846
582,396.4,192.2,267.0,19.62,1.846
582,396.4,194.6,267.0,19.62,1.846
582,396.4,194.2,267.0,19.62,1.846
582,396.4,193.7,267.0,19.62,1.846
582,396.4,193.2,267.0,19.62,1.846
582,396.4,192.7,267.0,19.62,1.846
582,396.4,192.2,267.0,19.62,1.846
582,396.4,194.7,267.0,19.62,1.846
582,396.4,194.2,267.0,19.62,1.846
582,396.4,193.7,267.0,19.62,1.846
582,396.4,193.2,267.0,19.62,1.846
582,396.4,192.8,267.0,19.62,1.846
582,396.4,192.3,267.0,19.62,1.846
582,396.4,191.8,267.0,19.30,1.846
582,396.4,191.3,267.0,19.30,1.734
582,396.4,190.8,267.0,19.30,1.734
582,396.4,190.3,267.0,19.30,1.734
582,396.4,192.8,267.0,19.62,1.734
582,396.4,192.3,267.0,19.62,1.846
582,396.4,191.9,267.0,19.30,1.846
582,396.4,191.4,267.0,19.30,1.734
582,396.4,190.9,267.0,19.30,1.734
582,396.4,190.4,267.0,19.30,1.734
582,396.4,192.9,267.0,19.62,1.734
582,396.4,192.4,267.0,19.62,1.846
582,396.4,191.9,267.0,19.30,1.846
582,396.4,191.4,267.0,19.30,1.734
582,396.4,190.9,267.0,19.30,1.734
582,396.4,190.5,267.0,19.30,1.734
582,396.4,192.9,267.0,19.62,1.734
582,396.4,192.4,267.0,19.62,1.846
582,396.4,191.9,267.0,19.30,1.846
582,396.4,191.5,267.0,19.30,1.734
582,396.4,191.0,267.0,19.30,1.734
582,396.4,190.5,267.0,19.30,1.734
582,396.4,193.0,267.0,19.62,1.734
582,396.4,192.5,267.0,19.62,1.846
582,396.4,192.0,267.0,19.62,1.846
582,396.4,194.5,267.0,19.62,1.846
582,396.4,194.0,267.0,19.62,1.846
582,396.4,193.5,267.0,19.62,1.846
582,396.4,193.0,267.0,19.62,1.846
582,396.4,192.5,267.0,19.62,1.846
582,396.4,192.1,267.0,19.62,1.846
582,396.4,194.5,267.0,19.62,1.846
582,396.4,194.0,267.0,19.62,1.846
582,396.4,193.6,267.0,19.62,1.846
582,396.4,193.1,267.0,19.62,1.846
582,396.4,192.6,267.0,19.62,1.846
582,396.4,192.1,267.0,19.62,1.846
582,396.4,194.6,267.0,19.62,1.846
582,396.4,194.1,267.0,19.62,1.846
582,396.4,193.6,267.0,19.62,1.846
582,396.4,193.1,267.0,19.62,1.846
582,396.4,192.7,267.0,19.62,1.846
582,396.4,192.2,267.0,19.62,1.846
582,396.4,194.6,267.0,19.62,1.846
582,396.4,194.2,267.0,19.62,1.846
582,396.4,193.7,267.0,19.62,1.846
582,396.4,193.2,267.0,19.62,1.846
582,396.4,192.7,267.0,19.62,1.846
582,396.4,192.2,267.0,19.62,1.846
582,396.4,194.7,267.0,19.62,1.846
588,413.7,173.8,264.9,18.99,1.273
588,411.2,180.2,264.8,19.55,0.859
588,408.3,182.6,267.0,19.55,1.625
588,408.3,185.1,267.0,19.55,1.625
588,408.3,187.5,267.0,19.55,1.625
588,408.3,190.0,267.0,19.55,1.625
588,408.3,192.5,267.0,19.51,1.625
588,408.3,192.0,267.0,19.55,1.704
588,408.3,191.5,267.0,19.55,1.625
588,408.3,191.0,267.0,19.55,1.625
588,408.3,190.5,267.0,19.55,1.625
588,408.3,193.0,267.0,19.51,1.625
588,408.3,192.5,267.0,19.51,1.704
588,408.3,192.0,267.0,19.51,1.704
588,408.3,194.5,267.0,19.51,1.704
588,408.3,194.0,267.0,19.51,1.704
588,408.3,193.5,267.0,19.51,1.704
588,408.3,193.1,267.0,19.51,1.704
588,408.3,192.6,267.0,19.51,1.704
588,408.3,192.1,267.0,19.51,1.704
588,408.3,194.6,267.0,19.51,1.704
588,408.3,194.1,267.0,19.51,1.704
588,408.3,193.6,267.0,19.51,1.704
588,408.3,193.1,267.0,19.51,1.704
588,408.3,192.6,267.0,19.51,1.704
588,408.3,192.1,267.0,19.51,1.704
588,408.3,194.6,267.0,19.51,1.704
588,408.3,194.1,267.0,19.51,1.704
588,408.3,193.6,267.0,19.51,1.704
588,408.3,193.2,267.0,19.51,1.704
588,408.3,192.7,267.0,19.51,1.704
588,408.3,192.2,267.0,19.51,1.704
588,408.3,194.7,267.0,19.51,1.704
588,408.3,194.2,267.0,19.51,1.704
588,408.3,193.7,267.0,19.51,1.704
588,408.3,193.2,267.0,19.51,1.704
588,408.3,192.7,267.0,19.51,1.704
588,408.3,192.2,267.0,19.51,1.704
588,408.3,194.7,267.0,19.51,1.704
588,408.3,194.2,267.0,19.51,1.704
588,408.3,193.8,267.0,19.51,1.704
588,408.3,193.3,267.0,19.51,1.704
588,408.3,192.8,267.0,19.51,1.704
588,408.3,192.3,267.0,19.51,1.704
588,408.3,191.8,267.0,19.55,1.704
588,408.3,191.3,267.0,19.55,1.625
588,408.3,190.9,267.0,19.55,1.625
588,408.3,190.4,267.0,19.55,1.625
588,408.3,192.8,267.0,19.51,1.625
588,408.3,192.3,267.0,19.51,1.704
588,408.3,191.9,267.0,19.55,1.704
588,408.3,191.4,267.0,19.55,1.625
588,408.3,190.9,267.0,19.55,1.625
588,408.3,190.4,267.0,19.55,1.625
588,408.3,192.9,267.0,19.51,1.625
588,408.3,192.4,267.0,19.51,1.704
588,408.3,191.9,267.0,19.55,1.704
588,408.3,191.4,267.0,19.55,1.625
588,408.3,191.0,267.0,19.55,1.625
588,408.3,190.5,267.0,19.55,1.625
588,408.3,192.9,267.0,19.51,1.625
588,408.3,192.5,267.0,19.51,1.704
588,408.3,192.0,267.0,19.55,1.704
588,408.3,191.5,267.0,19.55,1.625
588,408.3,191.0,267.0,19.55,1.625
588,408.3,190.5,267.0,19.55,1.625
588,408.3,193.0,267.0,19.51,1.625
588,408.3,192.5,267.0,19.51,1.704
588,408.3,192.0,267.0,19.51,1.704
588,408.3,194.5,267.0,19.51,1.704
588,408.3,194.0,267.0,19.51,1.704
588,408.3,193.5,267.0,19.51,1.704
588,408.3,193.1,267.0,19.51,1.704
588,408.3,192.6,267.0,19.51,1.704
588,408.3,192.1,267.0,19.51,1.704
588,408.3,194.6,267.0,19.51,1.704
588,408.3,194.1,267.0,19.51,1.704
588,408.3,193.6,267.0,19.51,1.704
588,408.3,193.1,267.0,19.51,1.704
588,408.3,192.6,267.0,19.51,1.704
588,408.3,192.1,267.0,19.51,1.704
588,408.3,194.6,267.0,19.51,1.704
588,408.3,194.1,267.0,19.51,1.704
588,408.3,193.6,267.0,19.51,1.704
588,408.3,193.2,267.0,19.51,1.704
588,408.3,192.7,267.0,19.51,1.704
588,408.3,192.2,267.0,19.51,1.704
588,408.3,194.6,267.0,19.51,1.704
588,408.3,194.2,267.0,19.51,1.704
588,408.3,193.7,267.0,19.51,1.704
588,408.3,193.2,267.0,19.51,1.704
588,408.3,192.7,267.0,19.51,1.704
588,408.3,192.2,267.0,19.51,1.704
588,408.3,194.7,267.0,19.51,1.704
588,408.3,194.2,267.0,19.51,1.704
588,408.3,193.7,267.0,19.51,1.704
588,408.3,193.3,267.0,19.51,1.704
588,408.3,192.8,267.0,19.51,1.704
588,408.3,192.3,267.0,19.51,1.704
588,408.3,191.8,267.0,19.55,1.704
588,408.3,191.3,267.0,19.55,1.625
588,408.3,190.8,267.0,19.55,1.625
588,408.3,190.4,267.0,19.55,1.625
588,408.3,192.8,267.0,19.51,1.625
588,408.3,192.3,267.0,19.51,1.704
588,408.3,191.9,267.0,19.55,1.704
588,408.3,191.4,267.0,19.55,1.625
588,408.3,190.9,267.0,19.55,1.625
588,408.3,190.4,267.0,19.55,1.625
588,408.3,192.9,267.0,19.51,1.625
588,408.3,192.4,267.0,19.51,1.704
588,408.3,191.9,267.0,19.55,1.704
588,408.3,191.4,267.0,19.55,1.625
588,408.3,190.9,267.0,19.55,1.625
588,408.3,190.5,267.0,19.55,1.625
588,408.3,192.9,267.0,19.51,1.625
588,408.3,192.5,267.0,19.51,1.704
588,408.3,192.0,267.0,19.55,1.704
588,408.3,191.5,267.0,19.55,1.625
588,408.3,191.0,267.0,19.55,1.625
588,408.3,190.5,267.0,19.55,1.625
588,408.3,193.0,267.0,19.51,1.625
588,408.3,192.5,267.0,19.51,1.704
588,408.3,192.0,267.0,19.51,1.704
588,408.3,194.5,267.0,19.51,1.704
588,408.3,194.0,267.0,19.51,1.704
588,408.3,193.5,267.0,19.51,1.704
588,408.3,193.0,267.0,19.51,1.704
588,408.3,192.6,267.0,19.51,1.704
588,408.3,192.1,267.0,19.51,1.704
588,408.3,194.5,267.0,19.51,1.704
588,408.3,194.1,267.0,19.51,1.704
588,408.3,193.6,267.0,19.51,1.704
588,408.3,193.1,267.0,19.51,1.704
588,408.3,192.6,267.0,19.51,1.704
588,408.3,192.1,267.0,19.51,1.704
588,408.3,194.6,267.0,19.51,1.704
588,408.3,194.1,267.0,19.51,1.704
588,408.3,193.6,267.0,19.51,1.704
588,408.3,193.1,267.0,19.51,1.704
588,408.3,192.7,267.0,19.51,1.704
588,408.3,192.2,267.0,19.51,1.704
588,408.3,194.6,267.0,19.51,1.704
588,408.3,194.2,267.0,19.51,1.704
588,408.3,193.7,267.0,19.51,1.704
588,408.3,193.2,267.0,19.51,1.704
588,408.3,192.7,267.0,19.51,1.704
588,408.3,192.2,267.0,19.51,1.704
588,408.3,194.7,267.0,19.51,1.704
588,408.3,194.2,267.0,19.51,1.704
588,408.3,193.7,267.0,19.51,1.704
588,408.3,193.2,267.0,19.51,1.704
588,408.3,192.8,267.0,19.51,1.704
588,408.3,192.3,267.0,19.51,1.704
588,408.3,191.8,267.0,19.55,1.704
588,408.3,191.3,267.0,19.55,1.625
588,408.3,190.8,267.0,19.55,1.625
588,408.3,190.3,267.0,19.55,1.625
588,408.3,192.8,267.0,19.51,1.625
588,408.3,192.3,267.0,19.51,1.704
594,365.8,230.1,264.5,21.92,1.016
594,372.2,225.4,264.4,20.22,1.016
594,377.2,220.1,267.0,20.22,1.169
594,382.3,214.9,267.0,19.60,1.169
594,385.2,211.7,267.0,19.64,1.261
594,388.1,208.4,267.0,19.64,1.591
594,390.9,205.2,267.0,19.64,1.591
594,393.9,204.7,267.0,19.64,1.591
594,396.8,204.2,267.0,19.53,1.591
594,396.8,203.7,267.0,19.62,1.684
594,396.8,203.2,267.0,19.62,1.846
594,396.8,202.7,267.0,19.62,1.846
594,396.8,202.2,267.0,19.62,1.846
594,396.8,201.7,267.0,19.62,1.846
594,396.8,201.3,267.0,19.62,1.846
594,396.8,200.8,267.0,19.62,1.846
594,396.8,200.3,267.0,19.62,1.846
594,396.8,199.8,267.0,19.62,1.846
594,396.8,199.3,267.0,19.62,1.846
594,396.8,198.8,267.0,19.62,1.846
594,396.8,198.4,267.0,19.62,1.846
594,396.8,197.9,267.0,19.62,1.846
594,396.8,197.4,267.0,19.62,1.846
594,396.8,196.9,267.0,19.62,1.846
594,396.8,196.4,267.0,19.62,1.846
594,396.8,195.9,267.0,19.62,1.846
594,396.8,195.5,267.0,19.62,1.846
594,396.8,195.0,267.0,19.62,1.846
594,396.8,194.5,267.0,19.62,1.846
594,396.8,194.0,267.0,19.62,1.846
594,396.8,193.5,267.0,19.62,1.846
594,396.8,193.1,267.0,19.62,1.846
594,396.8,192.6,267.0,19.62,1.846
594,396.8,192.1,267.0,19.62,1.846
594,396.8,194.6,267.0,19.62,1.846
594,396.8,194.1,267.0,19.62,1.846
594,396.8,193.6,267.0,19.62,1.846
594,396.8,193.1,267.0,19.62,1.846
594,396.8,192.6,267.0,19.62,1.846
594,396.8,192.1,267.0,19.62,1.846
594,396.8,194.6,267.0,19.62,1.846
594,396.8,194.1,267.0,19.62,1.846
594,396.8,193.6,267.0,19.62,1.846
594,396.8,193.2,267.0,19.62,1.846
594,396.8,192.7,267.0,19.62,1.846
594,396.8,192.2,267.0,19.62,1.846
594,396.8,194.7,267.0,19.62,1.846
594,396.8,194.2,267.0,19.62,1.846
594,396.8,193.7,267.0,19.62,1.846
594,396.8,193.2,267.0,19.62,1.846
594,396.8,192.7,267.0,19.62,1.846
594,396.8,192.2,267.0,19.62,1.846
594,396.8,191.8,267.0,19.30,1.846
594,396.8,191.3,267.0,19.30,1.734
594,396.8,190.8,267.0,19.30,1.734
594,396.8,190.3,267.0,19.30,1.734
594,396.8,192.8,267.0,19.62,1.734
594,396.8,192.3,267.0,19.62,1.846
594,396.8,191.8,267.0,19.30,1.846
594,396.8,191.3,267.0,19.30,1.734
594,396.8,190.9,267.0,19.30,1.734
594,396.8,190.4,267.0,19.30,1.734
594,396.8,192.8,267.0,19.62,1.734
594,396.8,192.3,267.0,19.62,1.846
594,396.8,191.9,267.0,19.30,1.846
594,396.8,191.4,267.0,19.30,1.734
594,396.8,190.9,267.0,19.30,1.734
594,396.8,190.4,267.0,19.30,1.734
594,396.8,192.9,267.0,19.62,1.734
594,396.8,192.4,267.0,19.62,1.846
594,396.8,191.9,267.0,19.30,1.846
594,396.8,191.4,267.0,19.30,1.734
594,396.8,191.0,267.0,19.30,1.734
594,396.8,190.5,267.0,19.30,1.734
594,396.8,192.9,267.0,19.62,1.734
594,396.8,192.5,267.0,19.62,1.846
594,396.8,192.0,267.0,19.30,1.846
594,396.8,191.5,267.0,19.30,1.734
594,396.8,191.0,267.0,19.30,1.734
594,396.8,190.5,267.0,19.30,1.734
594,396.8,193.0,267.0,19.62,1.734
594,396.8,192.5,267.0,19.62,1.846
594,396.8,192.0,267.0,19.62,1.846
594,396.8,194.5,267.0,19.62,1.846
594,396.8,194.0,267.0,19.62,1.846
594,396.8,193.5,267.0,19.62,1.846
594,396.8,193.0,267.0,19.62,1.846
594,396.8,192.6,267.0,19.62,1.846
594,396.8,192.1,267.0,19.62,1.846
594,396.8,194.5,267.0,19.62,1.846
594,396.8,194.1,267.0,19.62,1.846
594,396.8,193.6,267.0,19.62,1.846
594,396.8,193.1,267.0,19.62,1.846
594,396.8,192.6,267.0,19.62,1.846
594,396.8,192.1,267.0,19.62,1.846
594,396.8,194.6,267.0,19.62,1.846
594,396.8,194.1,267.0,19.62,1.846
594,396.8,193.6,267.0,19.62,1.846
594,396.8,193.2,267.0,19.62,1.846
594,396.8,192.7,267.0,19.62,1.846
594,396.8,192.2,267.0,19.62,1.846
594,396.8,194.6,267.0,19.62,1.846
594,396.8,194.2,267.0,19.62,1.846
594,396.8,193.7,267.0,19.62,1.846
594,396.8,193.2,267.0,19.62,1.846
594,396.8,192.7,267.0,19.62,1.846
594,396.8,192.2,267.0,19.62,1.846
594,396.8,194.7,267.0,19.62,1.846
594,396.8,194.2,267.0,19.62,1.846
594,396.8,193.7,267.0,19.62,1.846
594,396.8,193.3,267.0,19.62,1.846
594,396.8,192.8,267.0,19.62,1.846
594,396.8,192.3,267.0,19.62,1.846
594,396.8,191.8,267.0,19.30,1.846
594,396.8,191.3,267.0,19.30,1.734
594,396.8,190.8,267.0,19.30,1.734
594,396.8,190.4,267.0,19.30,1.734
594,396.8,192.8,267.0,19.62,1.734
594,396.8,192.3,267.0,19.62,1.846
594,396.8,191.9,267.0,19.30,1.846
594,396.8,191.4,267.0,19.30,1.734
594,396.8,190.9,267.0,19.30,1.734
594,396.8,190.4,267.0,19.30,1.734
594,396.8,192.9,267.0,19.62,1.734
594,396.8,192.4,267.0,19.62,1.846
594,396.8,191.9,267.0,19.30,1.846
594,396.8,191.4,267.0,19.30,1.734
594,396.8,190.9,267.0,19.30,1.734
594,396.8,190.5,267.0,19.30,1.734
594,396.8,192.9,267.0,19.62,1.734
594,396.8,192.5,267.0,19.62,1.846
594,396.8,192.0,267.0,19.30,1.846
594,396.8,191.5,267.0,19.30,1.734
594,396.8,191.0,267.0,19.30,1.734
594,396.8,190.5,267.0,19.30,1.734
594,396.8,193.0,267.0,19.62,1.734
594,396.8,192.5,267.0,19.62,1.846
594,396.8,192.0,267.0,19.62,1.846
594,396.8,194.5,267.0,19.62,1.846
594,396.8,194.0,267.0,19.62,1.846
594,396.8,193.5,267.0,19.62,1.846
594,396.8,193.0,267.0,19.62,1.846
594,396.8,192.6,267.0,19.62,1.846
594,396.8,192.1,267.0,19.62,1.846
594,396.8,194.5,267.0,19.62,1.846
594,396.8,194.0,267.0,19.62,1.846
594,396.8,193.6,267.0,19.62,1.846
594,396.8,193.1,267.0,19.62,1.846
594,396.8,192.6,267.0,19.62,1.846
594,396.8,192.1,267.0,19.62,1.846
594,396.8,194.6,267.0,19.62,1.846
594,396.8,194.1,267.0,19.62,1.846
594,396.8,193.6,267.0,19.62,1.846
594,396.8,193.1,267.0,19.62,1.846
594,396.8,192.7,267.0,19.62,1.846
594,396.8,192.2,267.0,19.62,1.846
594,396.8,194.6,267.0,19.62,1.846
594,396.8,194.2,267.0,19.62,1.846
594,396.8,193.7,267.0,19.62,1.846
594,396.8,193.2,267.0,19.62,1.846
600,371.6,164.1,262.4,23.32,0.776
600,373.5,168.1,255.5,20.39,0.626
600,377.2,173.4,255.8,20.39,0.809
600,381.0,178.7,256.1,20.39,0.809
600,385.8,180.6,262.3,19.60,0.809
600,388.6,183.0,267.0,19.55,1.253
600,391.5,185.4,267.0,19.55,1.625
600,394.4,187.8,267.0,19.55,1.625
600,394.4,190.2,267.0,19.55,1.625
600,394.4,192.7,267.0,19.51,1.625
600,394.4,192.2,267.0,19.51,1.704
600,394.4,194.7,267.0,19.51,1.704
600,394.4,194.2,267.0,19.51,1.704
600,394.4,193.7,267.0,19.51,1.704
600,394.4,193.2,267.0,19.51,1.704
600,394.4,192.8,267.0,19.51,1.704
600,394.4,192.3,267.0,19.51,1.704
600,394.4,191.8,267.0,19.55,1.704
600,394.4,191.3,267.0,19.55,1.625
600,394.4,190.8,267.0,19.55,1.625
600,394.4,190.4,267.0,19.55,1.625
600,394.4,192.8,267.0,19.51,1.625
600,394.4,192.3,267.0,19.51,1.704
600,394.4,191.9,267.0,19.55,1.704
600,394.4,191.4,267.0,19.55,1.625
600,394.4,190.9,267.0,19.55,1.625
600,394.4,190.4,267.0,19.55,1.625
600,394.4,192.9,267.0,19.51,1.625
600,394.4,192.4,267.0,19.51,1.704
600,394.4,191.9,267.0,19.55,1.704
600,394.4,191.4,267.0,19.55,1.625
600,394.4,190.9,267.0,19.55,1.625
600,394.4,190.5,267.0,19.55,1.625
600,394.4,192.9,267.0,19.51,1.625
600,394.4,192.4,267.0,19.51,1.704
600,394.4,192.0,267.0,19.55,1.704
600,394.4,191.5,267.0,19.55,1.625
600,394.4,191.0,267.0,19.55,1.625
600,394.4,190.5,267.0,19.55,1.625
600,394.4,193.0,267.0,19.51,1.625
600,394.4,192.5,267.0,19.51,1.704
600,394.4,192.0,267.0,19.51,1.704
600,394.4,194.5,267.0,19.51,1.704
600,394.4,194.0,267.0,19.51,1.704
600,394.4,193.5,267.0,19.51,1.704
600,394.4,193.0,267.0,19.51,1.704
600,394.4,192.6,267.0,19.51,1.704
600,394.4,192.1,267.0,19.51,1.704
600,394.4,194.5,267.0,19.51,1.704
600,394.4,194.0,267.0,19.51,1.704
600,394.4,193.6,267.0,19.51,1.704
600,394.4,193.1,267.0,19.51,1.704
600,394.4,192.6,267.0,19.51,1.704
600,394.4,192.1,267.0,19.51,1.704
600,394.4,194.6,267.0,19.51,1.704
600,394.4,194.1,267.0,19.51,1.704
600,394.4,193.6,267.0,19.51,1.704
600,394.4,193.1,267.0,19.51,1.704
600,394.4,192.7,267.0,19.51,1.704
600,394.4,192.2,267.0,19.51,1.704
600,394.4,194.6,267.0,19.51,1.704
600,394.4,194.2,267.0,19.51,1.704
600,394.4,193.7,267.0,19.51,1.704
600,394.4,193.2,267.0,19.51,1.704
600,394.4,192.7,267.0,19.51,1.704
600,394.4,192.2,267.0,19.51,1.704
600,394.4,194.7,267.0,19.51,1.704
600,394.4,194.2,267.0,19.51,1.704
600,394.4,193.7,267.0,19.51,1.704
600,394.4,193.2,267.0,19.51,1.704
600,394.4,192.8,267.0,19.51,1.704
600,394.4,192.3,267.0,19.51,1.704
600,394.4,191.8,267.0,19.55,1.704
600,394.4,191.3,267.0,19.55,1.625
600,394.4,190.8,267.0,19.55,1.625
600,394.4,190.3,267.0,19.55,1.625
600,394.4,192.8,267.0,19.51,1.625
600,394.4,192.3,267.0,19.51,1.704
600,394.4,191.9,267.0,19.55,1.704
600,394.4,191.4,267.0,19.55,1.625
600,394.4,190.9,267.0,19.55,1.625
600,394.4,190.4,267.0,19.55,1.625
600,394.4,192.9,267.0,19.51,1.625
600,394.4,192.4,267.0,19.51,1.704
600,394.4,191.9,267.0,19.55,1.704
600,394.4,191.4,267.0,19.55,1.625
600,394.4,190.9,267.0,19.55,1.625
600,394.4,190.5,267.0,19.55,1.625
600,394.4,192.9,267.0,19.51,1.625
600,394.4,192.4,267.0,19.51,1.704
600,394.4,192.0,267.0,19.55,1.704
600,394.4,191.5,267.0,19.55,1.625
600,394.4,191.0,267.0,19.55,1.625
600,394.4,190.5,267.0,19.55,1.625
600,394.4,193.0,267.0,19.51,1.625
600,394.4,192.5,267.0,19.51,1.704
600,394.4,192.0,267.0,19.51,1.704
600,394.4,194.5,267.0,19.51,1.704
600,394.4,194.0,267.0,19.51,1.704
600,394.4,193.5,267.0,19.51,1.704
600,394.4,193.0,267.0,19.51,1.704
600,394.4,192.5,267.0,19.51,1.704
600,394.4,192.1,267.0,19.51,1.704
600,394.4,194.5,267.0,19.51,1.704
600,394.4,194.0,267.0,19.51,1.704
600,394.4,193.6,267.0,19.51,1.704
600,394.4,193.1,267.0,19.51,1.704
600,394.4,192.6,267.0,19.51,1.704
600,394.4,192.1,267.0,19.51,1.704
600,394.4,194.6,267.0,19.51,1.704
600,394.4,194.1,267.0,19.51,1.704
600,394.4,193.6,267.0,19.51,1.704
600,394.4,193.1,267.0,19.51,1.704
600,394.4,192.7,267.0,19.51,1.704
600,394.4,192.2,267.0,19.51,1.704
600,394.4,194.6,267.0,19.51,1.704
600,394.4,194.2,267.0,19.51,1.704
600,394.4,193.7,267.0,19.51,1.704
600,394.4,193.2,267.0,19.51,1.704
600,394.4,192.7,267.0,19.51,1.704
600,394.4,192.2,267.0,19.51,1.704
600,394.4,194.7,267.0,19.51,1.704
600,394.4,194.2,267.0,19.51,1.704
600,394.4,193.7,267.0,19.51,1.704
600,394.4,193.2,267.0,19.51,1.704
600,394.4,192.8,267.0,19.51,1.704
600,394.4,192.3,267.0,19.51,1.704
600,394.4,191.8,267.0,19.55,1.704
600,394.4,191.3,267.0,19.55,1.625
600,394.4,190.8,267.0,19.55,1.625
600,394.4,190.3,267.0,19.55,1.625
600,394.4,192.8,267.0,19.51,1.625
600,394.4,192.3,267.0,19.51,1.704
600,394.4,191.8,267.0,19.55,1.704
600,394.4,191.4,267.0,19.55,1.625
600,394.4,190.9,267.0,19.55,1.625
600,394.4,190.4,267.0,19.55,1.625
600,394.4,192.9,267.0,19.51,1.625
600,394.4,192.4,267.0,19.51,1.704
600,394.4,191.9,267.0,19.55,1.704
600,394.4,191.4,267.0,19.55,1.625
600,394.4,190.9,267.0,19.55,1.625
600,394.4,190.5,267.0,19.55,1.625
600,394.4,192.9,267.0,19.51,1.625
600,394.4,192.4,267.0,19.51,1.704
600,394.4,191.9,267.0,19.55,1.704
600,394.4,191.5,267.0,19.55,1.625
600,394.4,191.0,267.0,19.55,1.625
600,394.4,190.5,267.0,19.55,1.625
600,394.4,193.0,267.0,19.51,1.625
600,394.4,192.5,267.0,19.51,1.704
600,394.4,192.0,267.0,19.51,1.704
600,394.4,194.5,267.0,19.51,1.704
600,394.4,194.0,267.0,19.51,1.704
600,394.4,193.5,267.0,19.51,1.704
600,394.4,193.0,267.0,19.51,1.704
600,394.4,192.5,267.0,19.51,1.704
600,394.4,192.1,267.0,19.51,1.704
600,394.4,194.5,267.0,19.51,1.704
600,394.4,194.0,267.0,19.51,1.704
606,357.6,228.9,262.8,22.91,0.487
606,359.8,227.7,260.5,21.36,0.425
606,365.4,223.8,260.6,19.78,0.718
606,371.0,220.0,260.8,19.78,0.849
606,375.3,215.4,265.4,19.60,0.849
606,380.3,212.2,267.0,19.60,1.261
606,385.3,209.0,267.0,19.64,1.261
606,388.2,205.7,267.0,19.64,1.591
606,391.1,202.5,267.0,19.51,1.591
606,394.0,202.0,267.0,19.51,1.704
606,396.9,201.5,267.0,19.62,1.704
606,396.9,201.0,267.0,19.62,1.846
606,396.9,200.5,267.0,19.62,1.846
606,396.9,200.0,267.0,19.62,1.846
606,396.9,199.5,267.0,19.62,1.846
606,396.9,199.0,267.0,19.62,1.846
606,396.9,198.6,267.0,19.62,1.846
606,396.9,198.1,267.0,19.62,1.846
606,396.9,197.6,267.0,19.62,1.846
606,396.9,197.1,267.0,19.62,1.846
606,396.9,196.6,267.0,19.62,1.846
606,396.9,196.2,267.0,19.62,1.846
606,396.9,195.7,267.0,19.62,1.846
606,396.9,195.2,267.0,19.62,1.846
606,396.9,194.7,267.0,19.62,1.846
606,396.9,194.2,267.0,19.62,1.846
606,396.9,193.8,267.0,19.62,1.846
606,396.9,193.3,267.0,19.62,1.846
606,396.9,192.8,267.0,19.62,1.846
606,396.9,192.3,267.0,19.62,1.846
606,396.9,191.8,267.0,19.30,1.846
606,396.9,191.3,267.0,19.30,1.734
606,396.9,190.9,267.0,19.30,1.734
606,396.9,190.4,267.0,19.30,1.734
606,396.9,192.8,267.0,19.62,1.734
606,396.9,192.3,267.0,19.62,1.846
606,396.9,191.9,267.0,19.30,1.846
606,396.9,191.4,267.0,19.30,1.734
606,396.9,190.9,267.0,19.30,1.734
606,396.9,190.4,267.0,19.30,1.734
606,396.9,192.9,267.0,19.62,1.734
606,396.9,192.4,267.0,19.62,1.846
606,396.9,191.9,267.0,19.30,1.846
606,396.9,191.4,267.0,19.30,1.734
606,396.9,191.0,267.0,19.30,1.734
606,396.9,190.5,267.0,19.30,1.734
606,396.9,192.9,267.0,19.62,1.734
606,396.9,192.5,267.0,19.62,1.846
606,396.9,192.0,267.0,19.30,1.846
606,396.9,191.5,267.0,19.30,1.734
606,396.9,191.0,267.0,19.30,1.734
606,396.9,190.5,267.0,19.30,1.734
606,396.9,193.0,267.0,19.62,1.734
606,396.9,192.5,267.0,19.62,1.846
606,396.9,192.0,267.0,19.62,1.846
606,396.9,194.5,267.0,19.62,1.846
606,396.9,194.0,267.0,19.62,1.846
606,396.9,193.5,267.0,19.62,1.846
606,396.9,193.1,267.0,19.62,1.846
606,396.9,192.6,267.0,19.62,1.846
606,396.9,192.1,267.0,19.62,1.846
606,396.9,194.6,267.0,19.62,1.846
606,396.9,194.1,267.0,19.62,1.846
606,396.9,193.6,267.0,19.62,1.846
606,396.9,193.1,267.0,19.62,1.846
606,396.9,192.6,267.0,19.62,1.846
606,396.9,192.1,267.0,19.62,1.846
606,396.9,194.6,267.0,19.62,1.846
606,396.9,194.1,267.0,19.62,1.846
606,396.9,193.6,267.0,19.62,1.846
606,396.9,193.2,267.0,19.62,1.846
606,396.9,192.7,267.0,19.62,1.846
606,396.9,192.2,267.0,19.62,1.846
606,396.9,194.6,267.0,19.62,1.846
606,396.9,194.2,267.0,19.62,1.846
606,396.9,193.7,267.0,19.62,1.846
606,396.9,193.2,267.0,19.62,1.846
606,396.9,192.7,267.0,19.62,1.846
606,396.9,192.2,267.0,19.62,1.846
606,396.9,194.7,267.0,19.62,1.846
606,396.9,194.2,267.0,19.62,1.846
606,396.9,193.7,267.0,19.62,1.846
606,396.9,193.3,267.0,19.62,1.846
606,396.9,192.8,267.0,19.62,1.846
606,396.9,192.3,267.0,19.62,1.846
606,396.9,191.8,267.0,19.30,1.846
606,396.9,191.3,267.0,19.30,1.734
606,396.9,190.9,267.0,19.30,1.734
606,396.9,190.4,267.0,19.30,1.734
606,396.9,192.8,267.0,19.62,1.734
606,396.9,192.3,267.0,19.62,1.846
606,396.9,191.9,267.0,19.30,1.846
606,396.9,191.4,267.0,19.30,1.734
606,396.9,190.9,267.0,19.30,1.734
606,396.9,190.4,267.0,19.30,1.734
606,396.9,192.9,267.0,19.62,1.734
606,396.9,192.4,267.0,19.62,1.846
606,396.9,191.9,267.0,19.30,1.846
606,396.9,191.4,267.0,19.30,1.734
606,396.9,190.9,267.0,19.30,1.734
606,396.9,190.5,267.0,19.30,1.734
606,396.9,192.9,267.0,19.62,1.734
606,396.9,192.5,267.0,19.62,1.846
606,396.9,192.0,267.0,19.30,1.846
606,396.9,191.5,267.0,19.30,1.734
606,396.9,191.0,267.0,19.30,1.734
606,396.9,190.5,267.0,19.30,1.734
606,396.9,193.0,267.0,19.62,1.734
606,396.9,192.5,267.0,19.62,1.846
606,396.9,192.0,267.0,19.62,1.846
606,396.9,194.5,267.0,19.62,1.846
606,396.9,194.0,267.0,19.62,1.846
606,396.9,193.5,267.0,19.62,1.846
606,396.9,193.0,267.0,19.62,1.846
606,396.9,192.6,267.0,19.62,1.846
606,396.9,192.1,267.0,19.62,1.846
606,396.9,194.5,267.0,19.62,1.846
606,396.9,194.1,267.0,19.62,1.846
606,396.9,193.6,267.0,19.62,1.846
606,396.9,193.1,267.0,19.62,1.846
606,396.9,192.6,267.0,19.62,1.846
606,396.9,192.1,267.0,19.62,1.846
606,396.9,194.6,267.0,19.62,1.846
606,396.9,194.1,267.0,19.62,1.846
606,396.9,193.6,267.0,19.62,1.846
606,396.9,193.1,267.0,19.62,1.846
606,396.9,192.7,267.0,19.62,1.846
606,396.9,192.2,267.0,19.62,1.846
606,396.9,194.6,267.0,19.62,1.846
606,396.9,194.2,267.0,19.62,1.846
606,396.9,193.7,267.0,19.62,1.846
606,396.9,193.2,267.0,19.62,1.846
606,396.9,192.7,267.0,19.62,1.846
606,396.9,192.2,267.0,19.62,1.846
606,396.9,194.7,267.0,19.62,1.846
606,396.9,194.2,267.0,19.62,1.846
606,396.9,193.7,267.0,19.62,1.846
606,396.9,193.2,267.0,19.62,1.846
606,396.9,192.8,267.0,19.62,1.846
606,396.9,192.3,267.0,19.62,1.846
606,396.9,191.8,267.0,19.30,1.846
606,396.9,191.3,267.0,19.30,1.734
606,396.9,190.8,267.0,19.30,1.734
606,396.9,190.4,267.0,19.30,1.734
606,396.9,192.8,267.0,19.62,1.734
606,396.9,192.3,267.0,19.62,1.846
606,396.9,191.9,267.0,19.30,1.846
606,396.9,191.4,267.0,19.30,1.734
606,396.9,190.9,267.0,19.30,1.734
606,396.9,190.4,267.0,19.30,1.734
606,396.9,192.9,267.0,19.62,1.734
606,396.9,192.4,267.0,19.62,1.846
606,396.9,191.9,267.0,19.30,1.846
606,396.9,191.4,267.0,19.30,1.734
606,396.9,190.9,267.0,19.30,1.734
606,396.9,190.5,267.0,19.30,1.734
606,396.9,192.9,267.0,19.62,1.734
606,396.9,192.4,267.0,19.62,1.846
606,396.9,192.0,267.0,19.30,1.846
606,396.9,191.5,267.0,19.30,1.734
612,387.8,153.0,259.8,21.18,0.825
612,388.3,155.8,254.7,21.18,0.736
612,389.3,160.4,247.2,19.54,0.736
612,390.1,164.2,241.3,19.54,0.875
612,390.6,166.1,236.1,20.24,0.875
612,391.1,168.1,230.8,20.06,0.704
612,391.7,170.0,227.3,20.22,0.499
612,392.1,171.1,223.2,20.22,0.542
612,392.5,172.2,219.0,20.22,0.542
612,392.9,173.3,214.8,20.32,0.542
612,393.2,173.9,210.2,20.32,0.592
612,393.5,174.5,205.4,20.32,0.592
612,393.8,174.7,200.4,20.38,0.592
612,394.0,175.0,195.3,20.38,0.634
612,394.3,175.2,190.3,20.44,0.634
612,394.4,175.3,185.0,20.44,0.665
612,394.6,175.4,179.6,20.48,0.665
612,394.8,175.2,174.0,20.48,0.709
612,394.9,175.0,168.3,20.48,0.709
612,395.0,174.8,162.5,20.50,0.709
612,395.1,174.6,156.7,20.50,0.724
612,395.2,174.3,150.8,20.52,0.724
612,395.3,174.0,144.9,20.52,0.737
612,395.4,173.7,139.0,20.54,0.737
612,395.5,173.4,133.0,20.54,0.748
612,395.6,173.1,127.0,20.57,0.748
612,395.7,172.7,120.9,20.57,0.758
612,395.7,172.3,114.7,20.60,0.758
612,395.8,172.0,108.5,20.60,0.774
612,395.8,171.8,102.0,20.61,0.774
612,395.8,171.6,95.4,20.63,0.780
612,395.9,171.2,89.1,20.63,0.784
612,395.9,171.0,82.5,20.64,0.826
612,395.9,170.8,75.9,20.64,0.827
612,395.9,170.6,69.3,20.64,0.827
612,395.9,170.3,62.8,20.64,0.821
612,395.9,170.0,56.6,20.64,0.821
612,395.9,169.6,50.4,20.64,0.775
612,395.9,169.2,44.6,20.63,0.775
612,395.9,168.9,38.9,20.63,0.722
612,395.9,168.4,33.8,20.61,0.722
612,395.9,167.9,28.7,20.83,0.638
612,395.9,167.2,23.8,20.77,0.618
612,395.9,166.2,20.0,20.77,0.499
612,395.8,165.1,16.1,20.77,0.499
612,395.8,164.1,12.2,20.77,0.499
612,395.8,162.7,9.6,20.73,0.499
612,395.8,161.4,7.0,20.73,0.372
612,395.8,160.0,4.3,20.73,0.372
612,395.8,158.6,3.0,20.73,0.372
612,395.8,157.2,3.0,20.73,0.372
612,395.8,155.8,3.0,20.93,0.372
612,395.8,153.8,3.0,20.93,0.388
612,395.8,151.7,3.0,20.93,0.388
612,395.8,149.6,3.0,20.93,0.388
612,395.8,147.6,3.0,20.93,0.388
612,395.8,145.5,3.0,20.93,0.388
612,395.8,143.4,3.0,21.14,0.388
612,395.8,140.8,3.0,21.14,0.406
612,395.8,138.2,3.0,21.14,0.406
612,395.8,135.6,3.0,21.14,0.406
612,395.8,133.0,3.0,21.14,0.406
612,395.8,130.0,3.0,21.44,0.406
612,395.8,127.0,3.0,21.44,0.423
612,395.8,124.0,3.0,21.44,0.423
612,395.8,121.0,3.0,21.44,0.423
612,395.8,117.7,3.0,21.70,0.423
612,395.8,114.3,3.0,21.70,0.437
612,395.8,111.0,3.0,21.70,0.437
612,395.8,107.7,3.0,21.85,0.437
612,395.8,104.3,3.0,21.85,0.435
612,395.8,100.9,3.0,21.85,0.435
612,395.8,97.5,3.0,21.85,0.435
612,395.8,94.2,3.0,21.99,0.435
612,395.8,90.8,3.0,21.99,0.429
612,395.8,87.5,3.0,21.99,0.429
612,395.8,84.1,3.0,21.99,0.429
612,395.8,80.8,3.0,22.10,0.429
612,395.8,77.5,3.0,22.10,0.419
612,395.8,74.2,3.0,22.10,0.419
612,395.8,70.9,3.0,22.25,0.419
612,395.8,67.7,3.0,22.25,0.406
612,395.8,64.5,3.0,22.25,0.406
612,395.8,61.3,3.0,22.25,0.406
612,395.8,58.3,3.0,22.38,0.406
612,395.8,55.4,3.0,22.38,0.372
612,395.8,52.4,3.0,22.38,0.372
612,395.8,49.5,3.0,22.38,0.372
612,395.8,46.7,3.0,22.44,0.372
612,395.8,43.9,3.0,22.44,0.347
612,395.8,41.2,3.0,22.44,0.347
612,395.8,38.4,3.0,22.44,0.347
612,395.8,35.6,3.0,22.48,0.347
612,395.8,33.1,3.0,22.48,0.312
612,395.8,30.6,3.0,22.48,0.312
612,395.8,28.1,3.1,22.48,0.312
612,395.8,25.6,3.1,22.48,0.312
612,395.8,23.1,3.1,22.51,0.312
612,395.8,21.1,3.4,22.51,0.254
612,395.8,19.1,3.8,22.51,0.254
612,395.8,17.1,4.1,22.51,0.254
612,395.8,15.1,4.5,22.51,0.254
612,395.8,13.1,4.8,22.51,0.254
612,395.8,11.1,5.2,22.61,0.254
612,395.8,9.7,6.0,22.61,0.207
612,395.5,8.3,6.9,22.61,0.211
612,395.2,6.9,7.8,22.61,0.211
612,394.9,5.5,8.6,22.61,0.211
612,394.5,4.1,9.5,22.61,0.211
612,394.2,3.0,10.4,22.61,0.211
612,393.9,3.0,11.3,22.61,0.211
612,393.5,3.0,12.1,22.73,0.211
612,393.3,3.0,13.5,22.73,0.202
612,393.0,3.0,14.9,22.73,0.202
612,392.7,3.0,16.3,22.73,0.202
612,392.4,3.0,17.6,22.73,0.202
612,392.2,3.0,19.0,22.73,0.202
612,391.9,3.0,20.4,22.73,0.202
612,391.6,3.0,21.8,22.73,0.202
612,391.3,3.0,23.2,22.73,0.202
612,391.1,3.0,24.6,22.82,0.202
612,390.8,3.0,26.2,22.82,0.210
612,390.6,3.0,27.7,22.82,0.210
612,390.4,3.0,29.3,22.82,0.210
612,390.1,3.0,30.9,22.82,0.210
612,389.9,3.0,32.5,22.82,0.210
612,389.6,3.0,34.1,22.82,0.210
612,389.4,3.0,35.7,22.82,0.210
612,389.2,3.0,37.3,22.90,0.210
612,389.0,3.0,39.0,22.90,0.209
612,388.8,3.0,40.6,22.90,0.209
612,388.5,3.0,42.2,22.90,0.209
612,388.3,3.0,43.9,22.90,0.209
612,388.1,3.0,45.5,22.90,0.209
612,387.9,3.0,47.2,22.90,0.209
612,387.7,3.0,48.8,22.96,0.209
612,387.5,3.0,50.4,22.96,0.201
612,387.3,3.0,52.0,22.96,0.201
612,387.1,3.0,53.5,22.96,0.201
612,386.9,3.0,55.1,22.96,0.201
612,386.7,3.0,56.7,22.96,0.201
612,386.5,3.0,58.3,22.96,0.201
612,386.3,3.0,59.9,22.96,0.201
612,386.2,3.0,61.3,23.05,0.201
612,386.0,3.0,62.7,23.05,0.178
612,385.8,3.0,64.1,23.05,0.178
612,385.7,3.0,65.5,23.05,0.178
612,385.5,3.0,67.0,23.05,0.178
612,385.3,3.0,68.4,23.05,0.178
612,385.2,3.0,69.8,23.05,0.178
612,385.0,3.0,71.2,23.05,0.178
612,384.8,3.0,72.6,23.14,0.178
612,384.7,3.0,73.9,23.14,0.166
612,384.5,3.0,75.2,23.14,0.166
612,384.4,3.0,76.6,23.14,0.166
612,384.2,3.0,77.9,23.14,0.166
612,384.1,3.0,79.2,23.14,0.166
612,383.9,3.0,80.5,23.13,0.166
612,383.6,3.0,81.8,23.13,0.166
612,383.3,3.0,83.2,23.13,0.172
618,373.2,162.8,258.1,19.21,0.776
618,375.1,166.8,251.3,20.06,1.024
618,377.4,170.4,250.8,20.52,0.803
618,379.7,174.0,250.3,20.52,0.531
618,381.9,177.5,249.8,20.52,0.531
618,384.2,181.1,249.3,19.86,0.531
618,386.4,182.6,253.8,19.60,0.654
618,389.1,184.8,263.3,19.60,1.253
618,391.9,187.2,267.0,19.55,1.253
618,394.8,189.6,267.0,19.55,1.625
618,394.8,192.0,267.0,19.51,1.625
618,394.8,194.5,267.0,19.51,1.704
618,394.8,194.0,267.0,19.51,1.704
618,394.8,193.5,267.0,19.51,1.704
618,394.8,193.1,267.0,19.51,1.704
618,394.8,192.6,267.0,19.51,1.704
618,394.8,192.1,267.0,19.51,1.704
618,394.8,194.6,267.0,19.51,1.704
618,394.8,194.1,267.0,19.51,1.704
618,394.8,193.6,267.0,19.51,1.704
618,394.8,193.1,267.0,19.51,1.704
618,394.8,192.6,267.0,19.51,1.704
618,394.8,192.1,267.0,19.51,1.704
618,394.8,194.6,267.0,19.51,1.704
618,394.8,194.1,267.0,19.51,1.704
618,394.8,193.6,267.0,19.51,1.704
618,394.8,193.2,267.0,19.51,1.704
618,394.8,192.7,267.0,19.51,1.704
618,394.8,192.2,267.0,19.51,1.704
618,394.8,194.6,267.0,19.51,1.704
618,394.8,194.2,267.0,19.51,1.704
618,394.8,193.7,267.0,19.51,1.704
618,394.8,193.2,267.0,19.51,1.704
618,394.8,192.7,267.0,19.51,1.704
618,394.8,192.2,267.0,19.51,1.704
618,394.8,194.7,267.0,19.51,1.704
618,394.8,194.2,267.0,19.51,1.704
618,394.8,193.7,267.0,19.51,1.704
618,394.8,193.3,267.0,19.51,1.704
618,394.8,192.8,267.0,19.51,1.704
618,394.8,192.3,267.0,19.51,1.704
618,394.8,191.8,267.0,19.55,1.704
618,394.8,191.3,267.0,19.55,1.625
618,394.8,190.9,267.0,19.55,1.625
618,394.8,190.4,267.0,19.55,1.625
618,394.8,192.8,267.0,19.51,1.625
618,394.8,192.3,267.0,19.51,1.704
618,394.8,191.9,267.0,19.55,1.704
618,394.8,191.4,267.0,19.55,1.625
618,394.8,190.9,267.0,19.55,1.625
618,394.8,190.4,267.0,19.55,1.625
618,394.8,192.9,267.0,19.51,1.625
618,394.8,192.4,267.0,19.51,1.704
618,394.8,191.9,267.0,19.55,1.704
618,394.8,191.4,267.0,19.55,1.625
618,394.8,190.9,267.0,19.55,1.625
618,394.8,190.5,267.0,19.55,1.625
618,394.8,192.9,267.0,19.51,1.625
618,394.8,192.5,267.0,19.51,1.704
618,394.8,192.0,267.0,19.55,1.704
618,394.8,191.5,267.0,19.55,1.625
618,394.8,191.0,267.0,19.55,1.625
618,394.8,190.5,267.0,19.55,1.625
618,394.8,193.0,267.0,19.51,1.625
618,394.8,192.5,267.0,19.51,1.704
618,394.8,192.0,267.0,19.51,1.704
618,394.8,194.5,267.0,19.51,1.704
618,394.8,194.0,267.0,19.51,1.704
618,394.8,193.5,267.0,19.51,1.704
618,394.8,193.0,267.0,19.51,1.704
618,394.8,192.6,267.0,19.51,1.704
618,394.8,192.1,267.0,19.51,1.704
618,394.8,194.5,267.0,19.51,1.704
618,394.8,194.1,267.0,19.51,1.704
618,394.8,193.6,267.0,19.51,1.704
618,394.8,193.1,267.0,19.51,1.704
618,394.8,192.6,267.0,19.51,1.704
618,394.8,192.1,267.0,19.51,1.704
618,394.8,194.6,267.0,19.51,1.704
618,394.8,194.1,267.0,19.51,1.704
618,394.8,193.6,267.0,19.51,1.704
618,394.8,193.2,267.0,19.51,1.704
618,394.8,192.7,267.0,19.51,1.704
618,394.8,192.2,267.0,19.51,1.704
618,394.8,194.6,267.0,19.51,1.704
618,394.8,194.2,267.0,19.51,1.704
618,394.8,193.7,267.0,19.51,1.704
618,394.8,193.2,267.0,19.51,1.704
618,394.8,192.7,267.0,19.51,1.704
618,394.8,192.2,267.0,19.51,1.704
618,394.8,194.7,267.0,19.51,1.704
618,394.8,194.2,267.0,19.51,1.704
618,394.8,193.7,267.0,19.51,1.704
618,394.8,193.2,267.0,19.51,1.704
618,394.8,192.8,267.0,19.51,1.704
618,394.8,192.3,267.0,19.51,1.704
618,394.8,191.8,267.0,19.55,1.704
618,394.8,191.3,267.0,19.55,1.625
618,394.8,190.8,267.0,19.55,1.625
618,394.8,190.4,267.0,19.55,1.625
618,394.8,192.8,267.0,19.51,1.625
618,394.8,192.3,267.0,19.51,1.704
618,394.8,191.9,267.0,19.55,1.704
618,394.8,191.4,267.0,19.55,1.625
618,394.8,190.9,267.0,19.55,1.625
618,394.8,190.4,267.0,19.55,1.625
618,394.8,192.9,267.0,19.51,1.625
618,394.8,192.4,267.0,19.51,1.704
618,394.8,191.9,267.0,19.55,1.704
618,394.8,191.4,267.0,19.55,1.625
618,394.8,190.9,267.0,19.55,1.625
618,394.8,190.5,267.0,19.55,1.625
618,394.8,192.9,267.0,19.51,1.625
618,394.8,192.5,267.0,19.51,1.704
618,394.8,192.0,267.0,19.55,1.704
618,394.8,191.5,267.0,19.55,1.625
618,394.8,191.0,267.0,19.55,1.625
618,394.8,190.5,267.0,19.55,1.625
618,394.8,193.0,267.0,19.51,1.625
618,394.8,192.5,267.0,19.51,1.704
618,394.8,192.0,267.0,19.51,1.704
618,394.8,194.5,267.0,19.51,1.704
618,394.8,194.0,267.0,19.51,1.704
618,394.8,193.5,267.0,19.51,1.704
618,394.8,193.0,267.0,19.51,1.704
618,394.8,192.6,267.0,19.51,1.704
618,394.8,192.1,267.0,19.51,1.704
618,394.8,194.5,267.0,19.51,1.704
618,394.8,194.0,267.0,19.51,1.704
618,394.8,193.6,267.0,19.51,1.704
618,394.8,193.1,267.0,19.51,1.704
618,394.8,192.6,267.0,19.51,1.704
618,394.8,192.1,267.0,19.51,1.704
618,394.8,194.6,267.0,19.51,1.704
618,394.8,194.1,267.0,19.51,1.704
618,394.8,193.6,267.0,19.51,1.704
618,394.8,193.1,267.0,19.51,1.704
618,394.8,192.7,267.0,19.51,1.704
618,394.8,192.2,267.0,19.51,1.704
618,394.8,194.6,267.0,19.51,1.704
618,394.8,194.2,267.0,19.51,1.704
618,394.8,193.7,267.0,19.51,1.704
618,394.8,193.2,267.0,19.51,1.704
618,394.8,192.7,267.0,19.51,1.704
618,394.8,192.2,267.0,19.51,1.704
618,394.8,194.7,267.0,19.51,1.704
618,394.8,194.2,267.0,19.51,1.704
618,394.8,193.7,267.0,19.51,1.704
618,394.8,193.2,267.0,19.51,1.704
618,394.8,192.8,267.0,19.51,1.704
618,394.8,192.3,267.0,19.51,1.704
618,394.8,191.8,267.0,19.55,1.704
618,394.8,191.3,267.0,19.55,1.625
618,394.8,190.8,267.0,19.55,1.625
618,394.8,190.3,267.0,19.55,1.625
618,394.8,192.8,267.0,19.51,1.625
618,394.8,192.3,267.0,19.51,1.704
618,394.8,191.9,267.0,19.55,1.704
618,394.8,191.4,267.0,19.55,1.625
618,394.8,190.9,267.0,19.55,1.625
624,367.0,202.7,264.6,18.16,0.893
624,373.6,202.2,264.1,19.11,0.831
624,378.6,201.7,267.0,19.11,1.261
624,383.6,201.1,267.0,19.11,1.261
624,386.5,200.6,267.0,19.51,1.261
624,389.4,200.1,267.0,19.51,1.704
624,392.3,199.6,267.0,19.51,1.704
624,395.2,199.1,267.0,19.51,1.704
624,395.2,198.6,267.0,19.51,1.704
624,395.2,198.1,267.0,19.51,1.704
624,395.2,197.6,267.0,19.51,1.704
624,395.2,197.1,267.0,19.51,1.704
624,395.2,196.6,267.0,19.51,1.704
624,395.2,196.2,267.0,19.51,1.704
624,395.2,195.7,267.0,19.51,1.704
624,395.2,195.2,267.0,19.51,1.704
624,395.2,194.7,267.0,19.51,1.704
624,395.2,194.2,267.0,19.51,1.704
624,395.2,193.8,267.0,19.51,1.704
624,395.2,193.3,267.0,19.51,1.704
624,395.2,192.8,267.0,19.51,1.704
624,395.2,192.3,267.0,19.51,1.704
624,395.2,191.8,267.0,19.55,1.704
624,395.2,191.3,267.0,19.55,1.625
624,395.2,190.9,267.0,19.55,1.625
624,395.2,190.4,267.0,19.55,1.625
624,395.2,192.8,267.0,19.51,1.625
624,395.2,192.3,267.0,19.51,1.704
624,395.2,191.9,267.0,19.55,1.704
624,395.2,191.4,267.0,19.55,1.625
624,395.2,190.9,267.0,19.55,1.625
624,395.2,190.4,267.0,19.55,1.625
624,395.2,192.9,267.0,19.51,1.625
624,395.2,192.4,267.0,19.51,1.704
624,395.2,191.9,267.0,19.55,1.704
624,395.2,191.4,267.0,19.55,1.625
624,395.2,191.0,267.0,19.55,1.625
624,395.2,190.5,267.0,19.55,1.625
624,395.2,192.9,267.0,19.51,1.625
624,395.2,192.5,267.0,19.51,1.704
624,395.2,192.0,267.0,19.55,1.704
624,395.2,191.5,267.0,19.55,1.625
624,395.2,191.0,267.0,19.55,1.625
624,395.2,190.5,267.0,19.55,1.625
624,395.2,193.0,267.0,19.51,1.625
624,395.2,192.5,267.0,19.51,1.704
624,395.2,192.0,267.0,19.51,1.704
624,395.2,194.5,267.0,19.51,1.704
624,395.2,194.0,267.0,19.51,1.704
624,395.2,193.5,267.0,19.51,1.704
624,395.2,193.1,267.0,19.51,1.704
624,395.2,192.6,267.0,19.51,1.704
624,395.2,192.1,267.0,19.51,1.704
624,395.2,194.6,267.0,19.51,1.704
624,395.2,194.1,267.0,19.51,1.704
624,395.2,193.6,267.0,19.51,1.704
624,395.2,193.1,267.0,19.51,1.704
624,395.2,192.6,267.0,19.51,1.704
624,395.2,192.1,267.0,19.51,1.704
624,395.2,194.6,267.0,19.51,1.704
624,395.2,194.1,267.0,19.51,1.704
624,395.2,193.6,267.0,19.51,1.704
624,395.2,193.2,267.0,19.51,1.704
624,395.2,192.7,267.0,19.51,1.704
624,395.2,192.2,267.0,19.51,1.704
624,395.2,194.6,267.0,19.51,1.704
624,395.2,194.2,267.0,19.51,1.704
624,395.2,193.7,267.0,19.51,1.704
624,395.2,193.2,267.0,19.51,1.704
624,395.2,192.7,267.0,19.51,1.704
624,395.2,192.2,267.0,19.51,1.704
624,395.2,194.7,267.0,19.51,1.704
624,395.2,194.2,267.0,19.51,1.704
624,395.2,193.7,267.0,19.51,1.704
624,395.2,193.3,267.0,19.51,1.704
624,395.2,192.8,267.0,19.51,1.704
624,395.2,192.3,267.0,19.51,1.704
624,395.2,191.8,267.0,19.55,1.704
624,395.2,191.3,267.0,19.55,1.625
624,395.2,190.9,267.0,19.55,1.625
624,395.2,190.4,267.0,19.55,1.625
624,395.2,192.8,267.0,19.51,1.625
624,395.2,192.3,267.0,19.51,1.704
624,395.2,191.9,267.0,19.55,1.704
624,395.2,191.4,267.0,19.55,1.625
624,395.2,190.9,267.0,19.55,1.625
624,395.2,190.4,267.0,19.55,1.625
624,395.2,192.9,267.0,19.51,1.625
624,395.2,192.4,267.0,19.51,1.704
624,395.2,191.9,267.0,19.55,1.704
624,395.2,191.4,267.0,19.55,1.625
624,395.2,190.9,267.0,19.55,1.625
624,395.2,190.5,267.0,19.55,1.625
624,395.2,192.9,267.0,19.51,1.625
624,395.2,192.5,267.0,19.51,1.704
624,395.2,192.0,267.0,19.55,1.704
624,395.2,191.5,267.0,19.55,1.625
624,395.2,191.0,267.0,19.55,1.625
624,395.2,190.5,267.0,19.55,1.625
624,395.2,193.0,267.0,19.51,1.625
624,395.2,192.5,267.0,19.51,1.704
624,395.2,192.0,267.0,19.51,1.704
624,395.2,194.5,267.0,19.51,1.704
624,395.2,194.0,267.0,19.51,1.704
624,395.2,193.5,267.0,19.51,1.704
624,395.2,193.0,267.0,19.51,1.704
624,395.2,192.6,267.0,19.51,1.704
624,395.2,192.1,267.0,19.51,1.704
624,395.2,194.5,267.0,19.51,1.704
624,395.2,194.1,267.0,19.51,1.704
624,395.2,193.6,267.0,19.51,1.704
624,395.2,193.1,267.0,19.51,1.704
624,395.2,192.6,267.0,19.51,1.704
624,395.2,192.1,267.0,19.51,1.704
624,395.2,194.6,267.0,19.51,1.704
624,395.2,194.1,267.0,19.51,1.704
624,395.2,193.6,267.0,19.51,1.704
624,395.2,193.2,267.0,19.51,1.704
624,395.2,192.7,267.0,19.51,1.704
624,395.2,192.2,267.0,19.51,1.704
624,395.2,194.6,267.0,19.51,1.704
624,395.2,194.2,267.0,19.51,1.704
624,395.2,193.7,267.0,19.51,1.704
624,395.2,193.2,267.0,19.51,1.704
624,395.2,192.7,267.0,19.51,1.704
624,395.2,192.2,267.0,19.51,1.704
624,395.2,194.7,267.0,19.51,1.704
624,395.2,194.2,267.0,19.51,1.704
624,395.2,193.7,267.0,19.51,1.704
624,395.2,193.2,267.0,19.51,1.704
624,395.2,192.8,267.0,19.51,1.704
624,395.2,192.3,267.0,19.51,1.704
624,395.2,191.8,267.0,19.55,1.704
624,395.2,191.3,267.0,19.55,1.625
624,395.2,190.8,267.0,19.55,1.625
624,395.2,190.4,267.0,19.55,1.625
624,395.2,192.8,267.0,19.51,1.625
624,395.2,192.3,267.0,19.51,1.704
624,395.2,191.9,267.0,19.55,1.704
624,395.2,191.4,267.0,19.55,1.625
624,395.2,190.9,267.0,19.55,1.625
624,395.2,190.4,267.0,19.55,1.625
624,395.2,192.9,267.0,19.51,1.625
624,395.2,192.4,267.0,19.51,1.704
624,395.2,191.9,267.0,19.55,1.704
624,395.2,191.4,267.0,19.55,1.625
624,395.2,190.9,267.0,19.55,1.625
624,395.2,190.5,267.0,19.55,1.625
624,395.2,192.9,267.0,19.51,1.625
624,395.2,192.5,267.0,19.51,1.704
624,395.2,192.0,267.0,19.55,1.704
624,395.2,191.5,267.0,19.55,1.625
624,395.2,191.0,267.0,19.55,1.625
624,395.2,190.5,267.0,19.55,1.625
624,395.2,193.0,267.0,19.51,1.625
624,395.2,192.5,267.0,19.51,1.704
624,395.2,192.0,267.0,19.51,1.704
624,395.2,194.5,267.0,19.51,1.704
624,395.2,194.0,267.0,19.51,1.704
624,395.2,193.5,267.0,19.51,1.704
630,417.6,175.6,264.5,18.99,0.990
630,415.0,182.0,264.4,19.55,0.859
630,412.1,184.4,267.0,19.55,1.625
630,409.2,186.8,267.0,19.55,1.625
630,409.2,189.2,267.0,19.55,1.625
630,409.2,191.7,267.0,19.55,1.625
630,409.2,191.2,267.0,19.55,1.625
630,409.2,190.7,267.0,19.55,1.625
630,409.2,193.2,267.0,19.51,1.625
630,409.2,192.7,267.0,19.51,1.704
630,409.2,192.2,267.0,19.51,1.704
630,409.2,194.7,267.0,19.51,1.704
630,409.2,194.2,267.0,19.51,1.704
630,409.2,193.7,267.0,19.51,1.704
630,409.2,193.3,267.0,19.51,1.704
630,409.2,192.8,267.0,19.51,1.704
630,409.2,192.3,267.0,19.51,1.704
630,409.2,191.8,267.0,19.55,1.704
630,409.2,191.3,267.0,19.55,1.625
630,409.2,190.9,267.0,19.55,1.625
630,409.2,190.4,267.0,19.55,1.625
630,409.2,192.8,267.0,19.51,1.625
630,409.2,192.3,267.0,19.51,1.704
630,409.2,191.9,267.0,19.55,1.704
630,409.2,191.4,267.0,19.55,1.625
630,409.2,190.9,267.0,19.55,1.625
630,409.2,190.4,267.0,19.55,1.625
630,409.2,192.9,267.0,19.51,1.625
630,409.2,192.4,267.0,19.51,1.704
630,409.2,191.9,267.0,19.55,1.704
630,409.2,191.4,267.0,19.55,1.625
630,409.2,190.9,267.0,19.55,1.625
630,409.2,190.5,267.0,19.55,1.625
630,409.2,192.9,267.0,19.51,1.625
630,409.2,192.5,267.0,19.51,1.704
630,409.2,192.0,267.0,19.55,1.704
630,409.2,191.5,267.0,19.55,1.625
630,409.2,191.0,267.0,19.55,1.625
630,409.2,190.5,267.0,19.55,1.625
630,409.2,193.0,267.0,19.51,1.625
630,409.2,192.5,267.0,19.51,1.704
630,409.2,192.0,267.0,19.51,1.704
630,409.2,194.5,267.0,19.51,1.704
630,409.2,194.0,267.0,19.51,1.704
630,409.2,193.5,267.0,19.51,1.704
630,409.2,193.0,267.0,19.51,1.704
630,409.2,192.6,267.0,19.51,1.704
630,409.2,192.1,267.0,19.51,1.704
630,409.2,194.5,267.0,19.51,1.704
630,409.2,194.1,267.0,19.51,1.704
630,409.2,193.6,267.0,19.51,1.704
630,409.2,193.1,267.0,19.51,1.704
630,409.2,192.6,267.0,19.51,1.704
630,409.2,192.1,267.0,19.51,1.704
630,409.2,194.6,267.0,19.51,1.704
630,409.2,194.1,267.0,19.51,1.704
630,409.2,193.6,267.0,19.51,1.704
630,409.2,193.2,267.0,19.51,1.704
630,409.2,192.7,267.0,19.51,1.704
630,409.2,192.2,267.0,19.51,1.704
630,409.2,194.6,267.0,19.51,1.704
630,409.2,194.2,267.0,19.51,1.704
630,409.2,193.7,267.0,19.51,1.704
630,409.2,193.2,267.0,19.51,1.704
630,409.2,192.7,267.0,19.51,1.704
630,409.2,192.2,267.0,19.51,1.704
630,409.2,194.7,267.0,19.51,1.704
630,409.2,194.2,267.0,19.51,1.704
630,409.2,193.7,267.0,19.51,1.704
630,409.2,193.2,267.0,19.51,1.704
630,409.2,192.8,267.0,19.51,1.704
630,409.2,192.3,267.0,19.51,1.704
630,409.2,191.8,267.0,19.55,1.704
630,409.2,191.3,267.0,19.55,1.625
630,409.2,190.8,267.0,19.55,1.625
630,409.2,190.4,267.0,19.55,1.625
630,409.2,192.8,267.0,19.51,1.625
630,409.2,192.3,267.0,19.51,1.704
630,409.2,191.9,267.0,19.55,1.704
630,409.2,191.4,267.0,19.55,1.625
630,409.2,190.9,267.0,19.55,1.625
630,409.2,190.4,267.0,19.55,1.625
630,409.2,192.9,267.0,19.51,1.625
630,409.2,192.4,267.0,19.51,1.704
630,409.2,191.9,267.0,19.55,1.704
630,409.2,191.4,267.0,19.55,1.625
630,409.2,190.9,267.0,19.55,1.625
630,409.2,190.5,267.0,19.55,1.625
630,409.2,192.9,267.0,19.51,1.625
630,409.2,192.5,267.0,19.51,1.704
630,409.2,192.0,267.0,19.55,1.704
630,409.2,191.5,267.0,19.55,1.625
630,409.2,191.0,267.0,19.55,1.625
630,409.2,190.5,267.0,19.55,1.625
630,409.2,193.0,267.0,19.51,1.625
630,409.2,192.5,267.0,19.51,1.704
630,409.2,192.0,267.0,19.51,1.704
630,409.2,194.5,267.0,19.51,1.704
630,409.2,194.0,267.0,19.51,1.704
630,409.2,193.5,267.0,19.51,1.704
630,409.2,193.0,267.0,19.51,1.704
630,409.2,192.6,267.0,19.51,1.704
630,409.2,192.1,267.0,19.51,1.704
630,409.2,194.5,267.0,19.51,1.704
630,409.2,194.0,267.0,19.51,1.704
630,409.2,193.6,267.0,19.51,1.704
630,409.2,193.1,267.0,19.51,1.704
630,409.2,192.6,267.0,19.51,1.704
630,409.2,192.1,267.0,19.51,1.704
630,409.2,194.6,267.0,19.51,1.704
630,409.2,194.1,267.0,19.51,1.704
630,409.2,193.6,267.0,19.51,1.704
630,409.2,193.1,267.0,19.51,1.704
630,409.2,192.7,267.0,19.51,1.704
630,409.2,192.2,267.0,19.51,1.704
630,409.2,194.6,267.0,19.51,1.704
630,409.2,194.2,267.0,19.51,1.704
630,409.2,193.7,267.0,19.51,1.704
630,409.2,193.2,267.0,19.51,1.704
630,409.2,192.7,267.0,19.51,1.704
630,409.2,192.2,267.0,19.51,1.704
630,409.2,194.7,267.0,19.51,1.704
630,409.2,194.2,267.0,19.51,1.704
630,409.2,193.7,267.0,19.51,1.704
630,409.2,193.2,267.0,19.51,1.704
630,409.2,192.8,267.0,19.51,1.704
630,409.2,192.3,267.0,19.51,1.704
630,409.2,191.8,267.0,19.55,1.704
630,409.2,191.3,267.0,19.55,1.625
630,409.2,190.8,267.0,19.55,1.625
630,409.2,190.3,267.0,19.55,1.625
630,409.2,192.8,267.0,19.51,1.625
630,409.2,192.3,267.0,19.51,1.704
630,409.2,191.9,267.0,19.55,1.704
630,409.2,191.4,267.0,19.55,1.625
630,409.2,190.9,267.0,19.55,1.625
630,409.2,190.4,267.0,19.55,1.625
630,409.2,192.9,267.0,19.51,1.625
630,409.2,192.4,267.0,19.51,1.704
630,409.2,191.9,267.0,19.55,1.704
630,409.2,191.4,267.0,19.55,1.625
630,409.2,190.9,267.0,19.55,1.625
630,409.2,190.5,267.0,19.55,1.625
630,409.2,192.9,267.0,19.51,1.625
630,409.2,192.4,267.0,19.51,1.704
630,409.2,192.0,267.0,19.55,1.704
630,409.2,191.5,267.0,19.55,1.625
630,409.2,191.0,267.0,19.55,1.625
630,409.2,190.5,267.0,19.55,1.625
630,409.2,193.0,267.0,19.51,1.625
630,409.2,192.5,267.0,19.51,1.704
630,409.2,192.0,267.0,19.51,1.704
630,409.2,194.5,267.0,19.51,1.704
630,409.2,194.0,267.0,19.51,1.704
630,409.2,193.5,267.0,19.51,1.704
630,409.2,193.0,267.0,19.51,1.704
630,409.2,192.5,267.0,19.51,1.704
630,409.2,192.1,267.0,19.51,1.704
630,409.2,194.5,267.0,19.51,1.704
630,409.2,194.0,267.0,19.51,1.704
636,355.1,208.5,260.0,21.39,0.831
636,358.1,207.7,255.0,21.39,0.736
636,361.1,206.9,250.0,19.84,0.736
636,366.0,205.4,248.9,19.84,0.659
636,370.9,203.9,247.9,19.70,0.659
636,375.2,203.4,250.4,19.74,0.689
636,379.5,202.9,252.9,19.22,0.622
636,384.4,202.3,259.3,19.58,1.014
636,387.3,201.8,267.0,19.51,1.310
636,390.2,201.3,267.0,19.51,1.704
636,393.2,200.8,267.0,19.51,1.704
636,396.1,200.3,267.0,19.62,1.704
636,396.1,199.8,267.0,19.62,1.846
636,396.1,199.3,267.0,19.62,1.846
636,396.1,198.8,267.0,19.62,1.846
636,396.1,198.3,267.0,19.62,1.846
636,396.1,197.9,267.0,19.62,1.846
636,396.1,197.4,267.0,19.62,1.846
636,396.1,196.9,267.0,19.62,1.846
636,396.1,196.4,267.0,19.62,1.846
636,396.1,195.9,267.0,19.62,1.846
636,396.1,195.4,267.0,19.62,1.846
636,396.1,195.0,267.0,19.62,1.846
636,396.1,194.5,267.0,19.62,1.846
636,396.1,194.0,267.0,19.62,1.846
636,396.1,193.5,267.0,19.62,1.846
636,396.1,193.0,267.0,19.62,1.846
636,396.1,192.6,267.0,19.62,1.846
636,396.1,192.1,267.0,19.62,1.846
636,396.1,194.5,267.0,19.62,1.846
636,396.1,194.0,267.0,19.62,1.846
636,396.1,193.6,267.0,19.62,1.846
636,396.1,193.1,267.0,19.62,1.846
636,396.1,192.6,267.0,19.62,1.846
636,396.1,192.1,267.0,19.62,1.846
636,396.1,194.6,267.0,19.62,1.846
636,396.1,194.1,267.0,19.62,1.846
636,396.1,193.6,267.0,19.62,1.846
636,396.1,193.1,267.0,19.62,1.846
636,396.1,192.7,267.0,19.62,1.846
636,396.1,192.2,267.0,19.62,1.846
636,396.1,194.6,267.0,19.62,1.846
636,396.1,194.2,267.0,19.62,1.846
636,396.1,193.7,267.0,19.62,1.846
636,396.1,193.2,267.0,19.62,1.846
636,396.1,192.7,267.0,19.62,1.846
636,396.1,192.2,267.0,19.62,1.846
636,396.1,194.7,267.0,19.62,1.846
636,396.1,194.2,267.0,19.62,1.846
636,396.1,193.7,267.0,19.62,1.846
636,396.1,193.2,267.0,19.62,1.846
636,396.1,192.8,267.0,19.62,1.846
636,396.1,192.3,267.0,19.62,1.846
636,396.1,191.8,267.0,19.30,1.846
636,396.1,191.3,267.0,19.30,1.734
636,396.1,190.8,267.0,19.30,1.734
636,396.1,190.3,267.0,19.30,1.734
636,396.1,192.8,267.0,19.62,1.734
636,396.1,192.3,267.0,19.62,1.846
636,396.1,191.9,267.0,19.30,1.846
636,396.1,191.4,267.0,19.30,1.734
636,396.1,190.9,267.0,19.30,1.734
636,396.1,190.4,267.0,19.30,1.734
636,396.1,192.9,267.0,19.62,1.734
636,396.1,192.4,267.0,19.62,1.846
636,396.1,191.9,267.0,19.30,1.846
636,396.1,191.4,267.0,19.30,1.734
636,396.1,190.9,267.0,19.30,1.734
636,396.1,190.5,267.0,19.30,1.734
636,396.1,192.9,267.0,19.62,1.734
636,396.1,192.4,267.0,19.62,1.846
636,396.1,192.0,267.0,19.30,1.846
636,396.1,191.5,267.0,19.30,1.734
636,396.1,191.0,267.0,19.30,1.734
636,396.1,190.5,267.0,19.30,1.734
636,396.1,193.0,267.0,19.62,1.734
636,396.1,192.5,267.0,19.62,1.846
636,396.1,192.0,267.0,19.62,1.846
636,396.1,194.5,267.0,19.62,1.846
636,396.1,194.0,267.0,19.62,1.846
636,396.1,193.5,267.0,19.62,1.846
636,396.1,193.0,267.0,19.62,1.846
636,396.1,192.6,267.0,19.62,1.846
636,396.1,192.1,267.0,19.62,1.846
636,396.1,194.5,267.0,19.62,1.846
636,396.1,194.0,267.0,19.62,1.846
636,396.1,193.6,267.0,19.62,1.846
636,396.1,193.1,267.0,19.62,1.846
636,396.1,192.6,267.0,19.62,1.846
636,396.1,192.1,267.0,19.62,1.846
636,396.1,194.6,267.0,19.62,1.846
636,396.1,194.1,267.0,19.62,1.846
636,396.1,193.6,267.0,19.62,1.846
636,396.1,193.1,267.0,19.62,1.846
636,396.1,192.7,267.0,19.62,1.846
636,396.1,192.2,267.0,19.62,1.846
636,396.1,194.6,267.0,19.62,1.846
636,396.1,194.2,267.0,19.62,1.846
636,396.1,193.7,267.0,19.62,1.846
636,396.1,193.2,267.0,19.62,1.846
636,396.1,192.7,267.0,19.62,1.846
636,396.1,192.2,267.0,19.62,1.846
636,396.1,194.7,267.0,19.62,1.846
636,396.1,194.2,267.0,19.62,1.846
636,396.1,193.7,267.0,19.62,1.846
636,396.1,193.2,267.0,19.62,1.846
636,396.1,192.8,267.0,19.62,1.846
636,396.1,192.3,267.0,19.62,1.846
636,396.1,191.8,267.0,19.30,1.846
636,396.1,191.3,267.0,19.30,1.734
636,396.1,190.8,267.0,19.30,1.734
636,396.1,190.3,267.0,19.30,1.734
636,396.1,192.8,267.0,19.62,1.734
636,396.1,192.3,267.0,19.62,1.846
636,396.1,191.9,267.0,19.30,1.846
636,396.1,191.4,267.0,19.30,1.734
636,396.1,190.9,267.0,19.30,1.734
636,396.1,190.4,267.0,19.30,1.734
636,396.1,192.9,267.0,19.62,1.734
636,396.1,192.4,267.0,19.62,1.846
636,396.1,191.9,267.0,19.30,1.846
636,396.1,191.4,267.0,19.30,1.734
636,396.1,190.9,267.0,19.30,1.734
636,396.1,190.5,267.0,19.30,1.734
636,396.1,192.9,267.0,19.62,1.734
636,396.1,192.4,267.0,19.62,1.846
636,396.1,191.9,267.0,19.30,1.846
636,396.1,191.5,267.0,19.30,1.734
636,396.1,191.0,267.0,19.30,1.734
636,396.1,190.5,267.0,19.30,1.734
636,396.1,193.0,267.0,19.62,1.734
636,396.1,192.5,267.0,19.62,1.846
636,396.1,192.0,267.0,19.62,1.846
636,396.1,194.5,267.0,19.62,1.846
636,396.1,194.0,267.0,19.62,1.846
636,396.1,193.5,267.0,19.62,1.846
636,396.1,193.0,267.0,19.62,1.846
636,396.1,192.5,267.0,19.62,1.846
636,396.1,192.1,267.0,19.62,1.846
636,396.1,194.5,267.0,19.62,1.846
636,396.1,194.0,267.0,19.62,1.846
636,396.1,193.6,267.0,19.62,1.846
636,396.1,193.1,267.0,19.62,1.846
636,396.1,192.6,267.0,19.62,1.846
636,396.1,192.1,267.0,19.62,1.846
636,396.1,194.6,267.0,19.62,1.846
636,396.1,194.1,267.0,19.62,1.846
636,396.1,193.6,267.0,19.62,1.846
636,396.1,193.1,267.0,19.62,1.846
636,396.1,192.6,267.0,19.62,1.846
636,396.1,192.2,267.0,19.62,1.846
636,396.1,194.6,267.0,19.62,1.846
636,396.1,194.1,267.0,19.62,1.846
636,396.1,193.7,267.0,19.62,1.846
636,396.1,193.2,267.0,19.62,1.846
636,396.1,192.7,267.0,19.62,1.846
636,396.1,192.2,267.0,19.62,1.846
636,396.1,194.7,267.0,19.62,1.846
636,396.1,194.2,267.0,19.62,1.846
636,396.1,193.7,267.0,19.62,1.846
642,352.7,212.5,260.0,21.39,0.831
642,355.7,211.7,255.0,21.39,0.736
642,358.7,210.9,250.0,22.02,0.736
642,363.6,209.4,248.9,19.84,0.560
642,368.6,207.9,247.9,19.84,0.659
642,373.5,206.4,246.9,20.07,0.659
642,377.3,204.4,249.4,20.07,0.624
642,381.6,203.9,251.9,19.74,0.624
642,386.5,203.4,258.4,19.58,0.622
642,389.3,202.9,267.0,19.51,1.310
642,392.2,202.3,267.0,19.51,1.704
642,395.1,201.8,267.0,19.51,1.704
642,395.1,201.3,267.0,19.51,1.704
642,395.1,200.9,267.0,19.51,1.704
642,395.1,200.4,267.0,19.51,1.704
642,395.1,199.9,267.0,19.51,1.704
642,395.1,199.4,267.0,19.51,1.704
642,395.1,198.9,267.0,19.51,1.704
642,395.1,198.4,267.0,19.51,1.704
642,395.1,198.0,267.0,19.51,1.704
642,395.1,197.5,267.0,19.51,1.704
642,395.1,197.0,267.0,19.51,1.704
642,395.1,196.5,267.0,19.51,1.704
642,395.1,196.0,267.0,19.51,1.704
642,395.1,195.6,267.0,19.51,1.704
642,395.1,195.1,267.0,19.51,1.704
642,395.1,194.6,267.0,19.51,1.704
642,395.1,194.1,267.0,19.51,1.704
642,395.1,193.6,267.0,19.51,1.704
642,395.1,193.2,267.0,19.51,1.704
642,395.1,192.7,267.0,19.51,1.704
642,395.1,192.2,267.0,19.51,1.704
642,395.1,194.6,267.0,19.51,1.704
642,395.1,194.2,267.0,19.51,1.704
642,395.1,193.7,267.0,19.51,1.704
642,395.1,193.2,267.0,19.51,1.704
642,395.1,192.7,267.0,19.51,1.704
642,395.1,192.2,267.0,19.51,1.704
642,395.1,194.7,267.0,19.51,1.704
642,395.1,194.2,267.0,19.51,1.704
642,395.1,193.7,267.0,19.51,1.704
642,395.1,193.2,267.0,19.51,1.704
642,395.1,192.8,267.0,19.51,1.704
642,395.1,192.3,267.0,19.51,1.704
642,395.1,191.8,267.0,19.55,1.704
642,395.1,191.3,267.0,19.55,1.625
642,395.1,190.8,267.0,19.55,1.625
642,395.1,190.4,267.0,19.55,1.625
642,395.1,192.8,267.0,19.51,1.625
642,395.1,192.3,267.0,19.51,1.704
642,395.1,191.9,267.0,19.55,1.704
642,395.1,191.4,267.0,19.55,1.625
642,395.1,190.9,267.0,19.55,1.625
642,395.1,190.4,267.0,19.55,1.625
642,395.1,192.9,267.0,19.51,1.625
642,395.1,192.4,267.0,19.51,1.704
642,395.1,191.9,267.0,19.55,1.704
642,395.1,191.4,267.0,19.55,1.625
642,395.1,190.9,267.0,19.55,1.625
642,395.1,190.5,267.0,19.55,1.625
642,395.1,192.9,267.0,19.51,1.625
642,395.1,192.5,267.0,19.51,1.704
642,395.1,192.0,267.0,19.55,1.704
642,395.1,191.5,267.0,19.55,1.625
642,395.1,191.0,267.0,19.55,1.625
642,395.1,190.5,267.0,19.55,1.625
642,395.1,193.0,267.0,19.51,1.625
642,395.1,192.5,267.0,19.51,1.704
642,395.1,192.0,267.0,19.51,1.704
642,395.1,194.5,267.0,19.51,1.704
642,395.1,194.0,267.0,19.51,1.704
642,395.1,193.5,267.0,19.51,1.704
642,395.1,193.0,267.0,19.51,1.704
642,395.1,192.6,267.0,19.51,1.704
642,395.1,192.1,267.0,19.51,1.704
642,395.1,194.5,267.0,19.51,1.704
642,395.1,194.0,267.0,19.51,1.704
642,395.1,193.6,267.0,19.51,1.704
642,395.1,193.1,267.0,19.51,1.704
642,395.1,192.6,267.0,19.51,1.704
642,395.1,192.1,267.0,19.51,1.704
642,395.1,194.6,267.0,19.51,1.704
642,395.1,194.1,267.0,19.51,1.704
642,395.1,193.6,267.0,19.51,1.704
642,395.1,193.1,267.0,19.51,1.704
642,395.1,192.7,267.0,19.51,1.704
642,395.1,192.2,267.0,19.51,1.704
642,395.1,194.6,267.0,19.51,1.704
642,395.1,194.2,267.0,19.51,1.704
642,395.1,193.7,267.0,19.51,1.704
642,395.1,193.2,267.0,19.51,1.704
642,395.1,192.7,267.0,19.51,1.704
642,395.1,192.2,267.0,19.51,1.704
642,395.1,194.7,267.0,19.51,1.704
642,395.1,194.2,267.0,19.51,1.704
642,395.1,193.7,267.0,19.51,1.704
642,395.1,193.2,267.0,19.51,1.704
642,395.1,192.8,267.0,19.51,1.704
642,395.1,192.3,267.0,19.51,1.704
642,395.1,191.8,267.0,19.55,1.704
642,395.1,191.3,267.0,19.55,1.625
642,395.1,190.8,267.0,19.55,1.625
642,395.1,190.3,267.0,19.55,1.625
642,395.1,192.8,267.0,19.51,1.625
642,395.1,192.3,267.0,19.51,1.704
642,395.1,191.9,267.0,19.55,1.704
642,395.1,191.4,267.0,19.55,1.625
642,395.1,190.9,267.0,19.55,1.625
642,395.1,190.4,267.0,19.55,1.625
642,395.1,192.9,267.0,19.51,1.625
642,395.1,192.4,267.0,19.51,1.704
642,395.1,191.9,267.0,19.55,1.704
642,395.1,191.4,267.0,19.55,1.625
642,395.1,190.9,267.0,19.55,1.625
642,395.1,190.5,267.0,19.55,1.625
642,395.1,192.9,267.0,19.51,1.625
642,395.1,192.4,267.0,19.51,1.704
642,395.1,192.0,267.0,19.55,1.704
642,395.1,191.5,267.0,19.55,1.625
642,395.1,191.0,267.0,19.55,1.625
642,395.1,190.5,267.0,19.55,1.625
642,395.1,193.0,267.0,19.51,1.625
642,395.1,192.5,267.0,19.51,1.704
642,395.1,192.0,267.0,19.51,1.704
642,395.1,194.5,267.0,19.51,1.704
642,395.1,194.0,267.0,19.51,1.704
642,395.1,193.5,267.0,19.51,1.704
642,395.1,193.0,267.0,19.51,1.704
642,395.1,192.5,267.0,19.51,1.704
642,395.1,192.1,267.0,19.51,1.704
642,395.1,194.5,267.0,19.51,1.704
642,395.1,194.0,267.0,19.51,1.704
642,395.1,193.6,267.0,19.51,1.704
642,395.1,193.1,267.0,19.51,1.704
642,395.1,192.6,267.0,19.51,1.704
642,395.1,192.1,267.0,19.51,1.704
642,395.1,194.6,267.0,19.51,1.704
642,395.1,194.1,267.0,19.51,1.704
642,395.1,193.6,267.0,19.51,1.704
642,395.1,193.1,267.0,19.51,1.704
642,395.1,192.7,267.0,19.51,1.704
642,395.1,192.2,267.0,19.51,1.704
642,395.1,194.6,267.0,19.51,1.704
642,395.1,194.2,267.0,19.51,1.704
642,395.1,193.7,267.0,19.51,1.704
642,395.1,193.2,267.0,19.51,1.704
642,395.1,192.7,267.0,19.51,1.704
642,395.1,192.2,267.0,19.51,1.704
642,395.1,194.7,267.0,19.51,1.704
642,395.1,194.2,267.0,19.51,1.704
642,395.1,193.7,267.0,19.51,1.704
642,395.1,193.2,267.0,19.51,1.704
642,395.1,192.8,267.0,19.51,1.704
642,395.1,192.3,267.0,19.51,1.704
642,395.1,191.8,267.0,19.55,1.704
642,395.1,191.3,267.0,19.55,1.625
642,395.1,190.8,267.0,19.55,1.625
642,395.1,190.3,267.0,19.55,1.625
642,395.1,192.8,267.0,19.51,1.625
642,395.1,192.3,267.0,19.51,1.704
648,361.2,200.6,260.1,18.56,0.835
648,367.5,200.1,259.6,18.56,0.793
648,373.8,199.7,259.0,19.22,0.793
648,378.7,199.1,265.4,19.11,1.014
648,383.7,198.6,267.0,19.11,1.261
648,386.6,198.1,267.0,19.51,1.261
648,389.5,197.6,267.0,19.51,1.704
648,392.4,197.0,267.0,19.51,1.704
648,395.4,196.5,267.0,19.51,1.704
648,395.4,196.0,267.0,19.51,1.704
648,395.4,195.6,267.0,19.51,1.704
648,395.4,195.1,267.0,19.51,1.704
648,395.4,194.6,267.0,19.51,1.704
648,395.4,194.1,267.0,19.51,1.704
648,395.4,193.6,267.0,19.51,1.704
648,395.4,193.2,267.0,19.51,1.704
648,395.4,192.7,267.0,19.51,1.704
648,395.4,192.2,267.0,19.51,1.704
648,395.4,194.6,267.0,19.51,1.704
648,395.4,194.2,267.0,19.51,1.704
648,395.4,193.7,267.0,19.51,1.704
648,395.4,193.2,267.0,19.51,1.704
648,395.4,192.7,267.0,19.51,1.704
648,395.4,192.2,267.0,19.51,1.704
648,395.4,194.7,267.0,19.51,1.704
648,395.4,194.2,267.0,19.51,1.704
648,395.4,193.7,267.0,19.51,1.704
648,395.4,193.3,267.0,19.51,1.704
648,395.4,192.8,267.0,19.51,1.704
648,395.4,192.3,267.0,19.51,1.704
648,395.4,191.8,267.0,19.55,1.704
648,395.4,191.3,267.0,19.55,1.625
648,395.4,190.9,267.0,19.55,1.625
648,395.4,190.4,267.0,19.55,1.625
648,395.4,192.8,267.0,19.51,1.625
648,395.4,192.3,267.0,19.51,1.704
648,395.4,191.9,267.0,19.55,1.704
648,395.4,191.4,267.0,19.55,1.625
648,395.4,190.9,267.0,19.55,1.625
648,395.4,190.4,267.0,19.55,1.625
648,395.4,192.9,267.0,19.51,1.625
648,395.4,192.4,267.0,19.51,1.704
648,395.4,191.9,267.0,19.55,1.704
648,395.4,191.4,267.0,19.55,1.625
648,395.4,190.9,267.0,19.55,1.625
648,395.4,190.5,267.0,19.55,1.625
648,395.4,192.9,267.0,19.51,1.625
648,395.4,192.5,267.0,19.51,1.704
648,395.4,192.0,267.0,19.55,1.704
648,395.4,191.5,267.0,19.55,1.625
648,395.4,191.0,267.0,19.55,1.625
648,395.4,190.5,267.0,19.55,1.625
648,395.4,193.0,267.0,19.51,1.625
648,395.4,192.5,267.0,19.51,1.704
648,395.4,192.0,267.0,19.51,1.704
648,395.4,194.5,267.0,19.51,1.704
648,395.4,194.0,267.0,19.51,1.704
648,395.4,193.5,267.0,19.51,1.704
648,395.4,193.0,267.0,19.51,1.704
648,395.4,192.6,267.0,19.51,1.704
648,395.4,192.1,267.0,19.51,1.704
648,395.4,194.5,267.0,19.51,1.704
648,395.4,194.1,267.0,19.51,1.704
648,395.4,193.6,267.0,19.51,1.704
648,395.4,193.1,267.0,19.51,1.704
648,395.4,192.6,267.0,19.51,1.704
648,395.4,192.1,267.0,19.51,1.704
648,395.4,194.6,267.0,19.51,1.704
648,395.4,194.1,267.0,19.51,1.704
648,395.4,193.6,267.0,19.51,1.704
648,395.4,193.1,267.0,19.51,1.704
648,395.4,192.7,267.0,19.51,1.704
648,395.4,192.2,267.0,19.51,1.704
648,395.4,194.6,267.0,19.51,1.704
648,395.4,194.2,267.0,19.51,1.704
648,395.4,193.7,267.0,19.51,1.704
648,395.4,193.2,267.0,19.51,1.704
648,395.4,192.7,267.0,19.51,1.704
648,395.4,192.2,267.0,19.51,1.704
648,395.4,194.7,267.0,19.51,1.704
648,395.4,194.2,267.0,19.51,1.704
648,395.4,193.7,267.0,19.51,1.704
648,395.4,193.2,267.0,19.51,1.704
648,395.4,192.8,267.0,19.51,1.704
648,395.4,192.3,267.0,19.51,1.704
648,395.4,191.8,267.0,19.55,1.704
648,395.4,191.3,267.0,19.55,1.625
648,395.4,190.8,267.0,19.55,1.625
648,395.4,190.4,267.0,19.55,1.625
648,395.4,192.8,267.0,19.51,1.625
648,395.4,192.3,267.0,19.51,1.704
648,395.4,191.9,267.0,19.55,1.704
648,395.4,191.4,267.0,19.55,1.625
648,395.4,190.9,267.0,19.55,1.625
648,395.4,190.4,267.0,19.55,1.625
648,395.4,192.9,267.0,19.51,1.625
648,395.4,192.4,267.0,19.51,1.704
648,395.4,191.9,267.0,19.55,1.704
648,395.4,191.4,267.0,19.55,1.625
648,395.4,190.9,267.0,19.55,1.625
648,395.4,190.5,267.0,19.55,1.625
648,395.4,192.9,267.0,19.51,1.625
648,395.4,192.4,267.0,19.51,1.704
648,395.4,192.0,267.0,19.55,1.704
648,395.4,191.5,267.0,19.55,1.625
648,395.4,191.0,267.0,19.55,1.625
648,395.4,190.5,267.0,19.55,1.625
648,395.4,193.0,267.0,19.51,1.625
648,395.4,192.5,267.0,19.51,1.704
648,395.4,192.0,267.0,19.51,1.704
648,395.4,194.5,267.0,19.51,1.704
648,395.4,194.0,267.0,19.51,1.704
648,395.4,193.5,267.0,19.51,1.704
648,395.4,193.0,267.0,19.51,1.704
648,395.4,192.6,267.0,19.51,1.704
648,395.4,192.1,267.0,19.51,1.704
648,395.4,194.5,267.0,19.51,1.704
648,395.4,194.0,267.0,19.51,1.704
648,395.4,193.6,267.0,19.51,1.704
648,395.4,193.1,267.0,19.51,1.704
648,395.4,192.6,267.0,19.51,1.704
648,395.4,192.1,267.0,19.51,1.704
648,395.4,194.6,267.0,19.51,1.704
648,395.4,194.1,267.0,19.51,1.704
648,395.4,193.6,267.0,19.51,1.704
648,395.4,193.1,267.0,19.51,1.704
648,395.4,192.7,267.0,19.51,1.704
648,395.4,192.2,267.0,19.51,1.704
648,395.4,194.6,267.0,19.51,1.704
648,395.4,194.2,267.0,19.51,1.704
648,395.4,193.7,267.0,19.51,1.704
648,395.4,193.2,267.0,19.51,1.704
648,395.4,192.7,267.0,19.51,1.704
648,395.4,192.2,267.0,19.51,1.704
648,395.4,194.7,267.0,19.51,1.704
648,395.4,194.2,267.0,19.51,1.704
648,395.4,193.7,267.0,19.51,1.704
648,395.4,193.2,267.0,19.51,1.704
648,395.4,192.8,267.0,19.51,1.704
648,395.4,192.3,267.0,19.51,1.704
648,395.4,191.8,267.0,19.55,1.704
648,395.4,191.3,267.0,19.55,1.625
648,395.4,190.8,267.0,19.55,1.625
648,395.4,190.3,267.0,19.55,1.625
648,395.4,192.8,267.0,19.51,1.625
648,395.4,192.3,267.0,19.51,1.704
648,395.4,191.9,267.0,19.55,1.704
648,395.4,191.4,267.0,19.55,1.625
648,395.4,190.9,267.0,19.55,1.625
648,395.4,190.4,267.0,19.55,1.625
648,395.4,192.9,267.0,19.51,1.625
648,395.4,192.4,267.0,19.51,1.704
648,395.4,191.9,267.0,19.55,1.704
648,395.4,191.4,267.0,19.55,1.625
648,395.4,190.9,267.0,19.55,1.625
648,395.4,190.5,267.0,19.55,1.625
648,395.4,192.9,267.0,19.51,1.625
648,395.4,192.4,267.0,19.51,1.704
648,395.4,191.9,267.0,19.55,1.704
648,395.4,191.5,267.0,19.55,1.625
654,435.6,220.9,258.2,19.21,1.199
654,431.3,218.9,251.4,20.56,1.036
654,427.3,216.6,250.9,20.56,0.590
654,422.3,215.1,249.9,19.96,0.590
654,417.4,213.5,248.9,20.04,0.659
654,415.4,211.1,253.2,19.71,0.674
654,412.7,208.0,262.3,19.71,1.240
654,409.8,204.8,267.0,19.64,1.240
654,406.9,204.3,267.0,19.53,1.591
654,406.9,203.8,267.0,19.62,1.684
654,406.9,203.3,267.0,19.62,1.846
654,406.9,202.8,267.0,19.62,1.846
654,406.9,202.4,267.0,19.62,1.846
654,406.9,201.9,267.0,19.62,1.846
654,406.9,201.4,267.0,19.62,1.846
654,406.9,200.9,267.0,19.62,1.846
654,406.9,200.4,267.0,19.62,1.846
654,406.9,199.9,267.0,19.62,1.846
654,406.9,199.5,267.0,19.62,1.846
654,406.9,199.0,267.0,19.62,1.846
654,406.9,198.5,267.0,19.62,1.846
654,406.9,198.0,267.0,19.62,1.846
654,406.9,197.5,267.0,19.62,1.846
654,406.9,197.0,267.0,19.62,1.846
654,406.9,196.6,267.0,19.62,1.846
654,406.9,196.1,267.0,19.62,1.846
654,406.9,195.6,267.0,19.62,1.846
654,406.9,195.1,267.0,19.62,1.846
654,406.9,194.6,267.0,19.62,1.846
654,406.9,194.2,267.0,19.62,1.846
654,406.9,193.7,267.0,19.62,1.846
654,406.9,193.2,267.0,19.62,1.846
654,406.9,192.7,267.0,19.62,1.846
654,406.9,192.2,267.0,19.62,1.846
654,406.9,194.7,267.0,19.62,1.846
654,406.9,194.2,267.0,19.62,1.846
654,406.9,193.7,267.0,19.62,1.846
654,406.9,193.2,267.0,19.62,1.846
654,406.9,192.8,267.0,19.62,1.846
654,406.9,192.3,267.0,19.62,1.846
654,406.9,191.8,267.0,19.30,1.846
654,406.9,191.3,267.0,19.30,1.734
654,406.9,190.8,267.0,19.30,1.734
654,406.9,190.3,267.0,19.30,1.734
654,406.9,192.8,267.0,19.62,1.734
654,406.9,192.3,267.0,19.62,1.846
654,406.9,191.9,267.0,19.30,1.846
654,406.9,191.4,267.0,19.30,1.734
654,406.9,190.9,267.0,19.30,1.734
654,406.9,190.4,267.0,19.30,1.734
654,406.9,192.9,267.0,19.62,1.734
654,406.9,192.4,267.0,19.62,1.846
654,406.9,191.9,267.0,19.30,1.846
654,406.9,191.4,267.0,19.30,1.734
654,406.9,190.9,267.0,19.30,1.734
654,406.9,190.5,267.0,19.30,1.734
654,406.9,192.9,267.0,19.62,1.734
654,406.9,192.4,267.0,19.62,1.846
654,406.9,192.0,267.0,19.30,1.846
654,406.9,191.5,267.0,19.30,1.734
654,406.9,191.0,267.0,19.30,1.734
654,406.9,190.5,267.0,19.30,1.734
654,406.9,193.0,267.0,19.62,1.734
654,406.9,192.5,267.0,19.62,1.846
654,406.9,192.0,267.0,19.62,1.846
654,406.9,194.5,267.0,19.62,1.846
654,406.9,194.0,267.0,19.62,1.846
654,406.9,193.5,267.0,19.62,1.846
654,406.9,193.0,267.0,19.62,1.846
654,406.9,192.5,267.0,19.62,1.846
654,406.9,192.1,267.0,19.62,1.846
654,406.9,194.5,267.0,19.62,1.846
654,406.9,194.0,267.0,19.62,1.846
654,406.9,193.6,267.0,19.62,1.846
654,406.9,193.1,267.0,19.62,1.846
654,406.9,192.6,267.0,19.62,1.846
654,406.9,192.1,267.0,19.62,1.846
654,406.9,194.6,267.0,19.62,1.846
654,406.9,194.1,267.0,19.62,1.846
654,406.9,193.6,267.0,19.62,1.846
654,406.9,193.1,267.0,19.62,1.846
654,406.9,192.7,267.0,19.62,1.846
654,406.9,192.2,267.0,19.62,1.846
654,406.9,194.6,267.0,19.62,1.846
654,406.9,194.2,267.0,19.62,1.846
654,406.9,193.7,267.0,19.62,1.846
654,406.9,193.2,267.0,19.62,1.846
654,406.9,192.7,267.0,19.62,1.846
654,406.9,192.2,267.0,19.62,1.846
654,406.9,194.7,267.0,19.62,1.846
654,406.9,194.2,267.0,19.62,1.846
654,406.9,193.7,267.0,19.62,1.846
654,406.9,193.2,267.0,19.62,1.846
654,406.9,192.8,267.0,19.62,1.846
654,406.9,192.3,267.0,19.62,1.846
654,406.9,191.8,267.0,19.30,1.846
654,406.9,191.3,267.0,19.30,1.734
654,406.9,190.8,267.0,19.30,1.734
654,406.9,190.3,267.0,19.30,1.734
654,406.9,192.8,267.0,19.62,1.734
654,406.9,192.3,267.0,19.62,1.846
654,406.9,191.8,267.0,19.30,1.846
654,406.9,191.4,267.0,19.30,1.734
654,406.9,190.9,267.0,19.30,1.734
654,406.9,190.4,267.0,19.30,1.734
654,406.9,192.9,267.0,19.62,1.734
654,406.9,192.4,267.0,19.62,1.846
654,406.9,191.9,267.0,19.30,1.846
654,406.9,191.4,267.0,19.30,1.734
654,406.9,190.9,267.0,19.30,1.734
654,406.9,190.5,267.0,19.30,1.734
654,406.9,192.9,267.0,19.62,1.734
654,406.9,192.4,267.0,19.62,1.846
654,406.9,191.9,267.0,19.30,1.846
654,406.9,191.5,267.0,19.30,1.734
654,406.9,191.0,267.0,19.30,1.734
654,406.9,190.5,267.0,19.30,1.734
654,406.9,193.0,267.0,19.62,1.734
654,406.9,192.5,267.0,19.62,1.846
654,406.9,192.0,267.0,19.62,1.846
654,406.9,194.5,267.0,19.62,1.846
654,406.9,194.0,267.0,19.62,1.846
654,406.9,193.5,267.0,19.62,1.846
654,406.9,193.0,267.0,19.62,1.846
654,406.9,192.5,267.0,19.62,1.846
654,406.9,192.1,267.0,19.62,1.846
654,406.9,194.5,267.0,19.62,1.846
654,406.9,194.0,267.0,19.62,1.846
654,406.9,193.6,267.0,19.62,1.846
654,406.9,193.1,267.0,19.62,1.846
654,406.9,192.6,267.0,19.62,1.846
654,406.9,192.1,267.0,19.62,1.846
654,406.9,194.6,267.0,19.62,1.846
654,406.9,194.1,267.0,19.62,1.846
654,406.9,193.6,267.0,19.62,1.846
654,406.9,193.1,267.0,19.62,1.846
654,406.9,192.6,267.0,19.62,1.846
654,406.9,192.2,267.0,19.62,1.846
654,406.9,194.6,267.0,19.62,1.846
654,406.9,194.1,267.0,19.62,1.846
654,406.9,193.7,267.0,19.62,1.846
654,406.9,193.2,267.0,19.62,1.846
654,406.9,192.7,267.0,19.62,1.846
654,406.9,192.2,267.0,19.62,1.846
654,406.9,194.7,267.0,19.62,1.846
654,406.9,194.2,267.0,19.62,1.846
654,406.9,193.7,267.0,19.62,1.846
654,406.9,193.2,267.0,19.62,1.846
654,406.9,192.8,267.0,19.62,1.846
654,406.9,192.3,267.0,19.62,1.846
654,406.9,191.8,267.0,19.30,1.846
654,406.9,191.3,267.0,19.30,1.734
654,406.9,190.8,267.0,19.30,1.734
654,406.9,190.3,267.0,19.30,1.734
654,406.9,192.8,267.0,19.62,1.734
654,406.9,192.3,267.0,19.62,1.846
654,406.9,191.8,267.0,19.30,1.846
654,406.9,191.3,267.0,19.30,1.734
654,406.9,190.9,267.0,19.30,1.734
654,406.9,190.4,267.0,19.30,1.734
660,427.4,189.5,264.5,19.66,1.290
660,420.8,191.4,264.1,19.66,0.861
660,418.1,190.9,267.0,19.55,0.861
660,415.2,190.4,267.0,19.55,1.625
660,412.3,192.8,267.0,19.51,1.625
660,409.4,192.3,267.0,19.51,1.704
660,406.5,191.8,267.0,19.30,1.704
660,406.5,191.3,267.0,19.30,1.734
660,406.5,190.8,267.0,19.30,1.734
660,406.5,190.3,267.0,19.30,1.734
660,406.5,192.8,267.0,19.62,1.734
660,406.5,192.3,267.0,19.62,1.846
660,406.5,191.8,267.0,19.30,1.846
660,406.5,191.3,267.0,19.30,1.734
660,406.5,190.9,267.0,19.30,1.734
660,406.5,190.4,267.0,19.30,1.734
660,406.5,192.8,267.0,19.62,1.734
660,406.5,192.3,267.0,19.62,1.846
660,406.5,191.9,267.0,19.30,1.846
660,406.5,191.4,267.0,19.30,1.734
660,406.5,190.9,267.0,19.30,1.734
660,406.5,190.4,267.0,19.30,1.734
660,406.5,192.9,267.0,19.62,1.734
660,406.5,192.4,267.0,19.62,1.846
660,406.5,191.9,267.0,19.30,1.846
660,406.5,191.4,267.0,19.30,1.734
660,406.5,190.9,267.0,19.30,1.734
660,406.5,190.5,267.0,19.30,1.734
660,406.5,192.9,267.0,19.62,1.734
660,406.5,192.5,267.0,19.62,1.846
660,406.5,192.0,267.0,19.30,1.846
660,406.5,191.5,267.0,19.30,1.734
660,406.5,191.0,267.0,19.30,1.734
660,406.5,190.5,267.0,19.30,1.734
660,406.5,193.0,267.0,19.62,1.734
660,406.5,192.5,267.0,19.62,1.846
660,406.5,192.0,267.0,19.62,1.846
660,406.5,194.5,267.0,19.62,1.846
660,406.5,194.0,267.0,19.62,1.846
660,406.5,193.5,267.0,19.62,1.846
660,406.5,193.0,267.0,19.62,1.846
660,406.5,192.6,267.0,19.62,1.846
660,406.5,192.1,267.0,19.62,1.846
660,406.5,194.5,267.0,19.62,1.846
660,406.5,194.1,267.0,19.62,1.846
660,406.5,193.6,267.0,19.62,1.846
660,406.5,193.1,267.0,19.62,1.846
660,406.5,192.6,267.0,19.62,1.846
660,406.5,192.1,267.0,19.62,1.846
660,406.5,194.6,267.0,19.62,1.846
660,406.5,194.1,267.0,19.62,1.846
660,406.5,193.6,267.0,19.62,1.846
660,406.5,193.1,267.0,19.62,1.846
660,406.5,192.7,267.0,19.62,1.846
660,406.5,192.2,267.0,19.62,1.846
660,406.5,194.6,267.0,19.62,1.846
660,406.5,194.2,267.0,19.62,1.846
660,406.5,193.7,267.0,19.62,1.846
660,406.5,193.2,267.0,19.62,1.846
660,406.5,192.7,267.0,19.62,1.846
660,406.5,192.2,267.0,19.62,1.846
660,406.5,194.7,267.0,19.62,1.846
660,406.5,194.2,267.0,19.62,1.846
660,406.5,193.7,267.0,19.62,1.846
660,406.5,193.2,267.0,19.62,1.846
660,406.5,192.8,267.0,19.62,1.846
660,406.5,192.3,267.0,19.62,1.846
660,406.5,191.8,267.0,19.30,1.846
660,406.5,191.3,267.0,19.30,1.734
660,406.5,190.8,267.0,19.30,1.734
660,406.5,190.4,267.0,19.30,1.734
660,406.5,192.8,267.0,19.62,1.734
660,406.5,192.3,267.0,19.62,1.846
660,406.5,191.9,267.0,19.30,1.846
660,406.5,191.4,267.0,19.30,1.734
660,406.5,190.9,267.0,19.30,1.734
660,406.5,190.4,267.0,19.30,1.734
660,406.5,192.9,267.0,19.62,1.734
660,406.5,192.4,267.0,19.62,1.846
660,406.5,191.9,267.0,19.30,1.846
660,406.5,191.4,267.0,19.30,1.734
660,406.5,190.9,267.0,19.30,1.734
660,406.5,190.5,267.0,19.30,1.734
660,406.5,192.9,267.0,19.62,1.734
660,406.5,192.4,267.0,19.62,1.846
660,406.5,192.0,267.0,19.30,1.846
660,406.5,191.5,267.0,19.30,1.734
660,406.5,191.0,267.0,19.30,1.734
660,406.5,190.5,267.0,19.30,1.734
660,406.5,193.0,267.0,19.62,1.734
660,406.5,192.5,267.0,19.62,1.846
660,406.5,192.0,267.0,19.62,1.846
660,406.5,194.5,267.0,19.62,1.846
660,406.5,194.0,267.0,19.62,1.846
660,406.5,193.5,267.0,19.62,1.846
660,406.5,193.0,267.0,19.62,1.846
660,406.5,192.6,267.0,19.62,1.846
660,406.5,192.1,267.0,19.62,1.846
660,406.5,194.5,267.0,19.62,1.846
660,406.5,194.0,267.0,19.62,1.846
660,406.5,193.6,267.0,19.62,1.846
660,406.5,193.1,267.0,19.62,1.846
660,406.5,192.6,267.0,19.62,1.846
660,406.5,192.1,267.0,19.62,1.846
660,406.5,194.6,267.0,19.62,1.846
660,406.5,194.1,267.0,19.62,1.846
660,406.5,193.6,267.0,19.62,1.846
660,406.5,193.1,267.0,19.62,1.846
660,406.5,192.7,267.0,19.62,1.846
660,406.5,192.2,267.0,19.62,1.846
660,406.5,194.6,267.0,19.62,1.846
660,406.5,194.2,267.0,19.62,1.846
660,406.5,193.7,267.0,19.62,1.846
660,406.5,193.2,267.0,19.62,1.846
660,406.5,192.7,267.0,19.62,1.846
660,406.5,192.2,267.0,19.62,1.846
660,406.5,194.7,267.0,19.62,1.846
660,406.5,194.2,267.0,19.62,1.846
660,406.5,193.7,267.0,19.62,1.846
660,406.5,193.2,267.0,19.62,1.846
660,406.5,192.8,267.0,19.62,1.846
660,406.5,192.3,267.0,19.62,1.846
660,406.5,191.8,267.0,19.30,1.846
660,406.5,191.3,267.0,19.30,1.734
660,406.5,190.8,267.0,19.30,1.734
660,406.5,190.3,267.0,19.30,1.734
660,406.5,192.8,267.0,19.62,1.734
660,406.5,192.3,267.0,19.62,1.846
660,406.5,191.9,267.0,19.30,1.846
660,406.5,191.4,267.0,19.30,1.734
660,406.5,190.9,267.0,19.30,1.734
660,406.5,190.4,267.0,19.30,1.734
660,406.5,192.9,267.0,19.62,1.734
660,406.5,192.4,267.0,19.62,1.846
660,406.5,191.9,267.0,19.30,1.846
660,406.5,191.4,267.0,19.30,1.734
660,406.5,190.9,267.0,19.30,1.734
660,406.5,190.5,267.0,19.30,1.734
660,406.5,192.9,267.0,19.62,1.734
660,406.5,192.4,267.0,19.62,1.846
660,406.5,191.9,267.0,19.30,1.846
660,406.5,191.5,267.0,19.30,1.734
660,406.5,191.0,267.0,19.30,1.734
660,406.5,190.5,267.0,19.30,1.734
660,406.5,193.0,267.0,19.62,1.734
660,406.5,192.5,267.0,19.62,1.846
660,406.5,192.0,267.0,19.62,1.846
660,406.5,194.5,267.0,19.62,1.846
660,406.5,194.0,267.0,19.62,1.846
660,406.5,193.5,267.0,19.62,1.846
660,406.5,193.0,267.0,19.62,1.846
660,406.5,192.5,267.0,19.62,1.846
660,406.5,192.1,267.0,19.62,1.846
660,406.5,194.5,267.0,19.62,1.846
660,406.5,194.0,267.0,19.62,1.846
660,406.5,193.6,267.0,19.62,1.846
660,406.5,193.1,267.0,19.62,1.846
660,406.5,192.6,267.0,19.62,1.846
660,406.5,192.1,267.0,19.62,1.846
660,406.5,194.6,267.0,19.62,1.846
666,440.6,187.4,257.6,18.86,0.834
666,435.6,187.9,250.1,20.04,1.120
666,431.2,188.1,244.6,20.07,0.875
666,426.1,188.7,243.4,20.07,0.671
666,420.9,189.3,242.1,20.07,0.671
666,418.7,190.8,246.6,19.86,0.671
666,416.5,192.3,251.1,19.90,0.654
666,413.8,191.8,261.2,19.60,0.687
666,410.8,191.3,267.0,19.55,1.253
666,407.9,190.8,267.0,19.30,1.625
666,407.9,193.2,267.0,19.62,1.625
666,407.9,192.8,267.0,19.62,1.704
666,407.9,192.3,267.0,19.62,1.704
666,407.9,191.8,267.0,19.30,1.704
666,407.9,191.3,267.0,19.30,1.625
666,407.9,190.8,267.0,19.30,1.625
666,407.9,190.3,267.0,19.30,1.625
666,407.9,192.8,267.0,19.62,1.625
666,407.9,192.3,267.0,19.62,1.704
666,407.9,191.9,267.0,19.30,1.704
666,407.9,191.4,267.0,19.30,1.625
666,407.9,190.9,267.0,19.30,1.625
666,407.9,190.4,267.0,19.30,1.625
666,407.9,192.9,267.0,19.62,1.625
666,407.9,192.4,267.0,19.62,1.704
666,407.9,191.9,267.0,19.30,1.704
666,407.9,191.4,267.0,19.30,1.625
666,407.9,190.9,267.0,19.30,1.625
666,407.9,190.5,267.0,19.30,1.625
666,407.9,192.9,267.0,19.62,1.625
666,407.9,192.4,267.0,19.62,1.704
666,407.9,191.9,267.0,19.30,1.704
666,407.9,191.5,267.0,19.30,1.625
666,407.9,191.0,267.0,19.30,1.625
666,407.9,190.5,267.0,19.30,1.625
666,407.9,193.0,267.0,19.62,1.625
666,407.9,192.5,267.0,19.62,1.704
666,407.9,192.0,267.0,19.62,1.704
666,407.9,194.5,267.0,19.62,1.704
666,407.9,194.0,267.0,19.62,1.704
666,407.9,193.5,267.0,19.62,1.704
666,407.9,193.0,267.0,19.62,1.704
666,407.9,192.5,267.0,19.62,1.704
666,407.9,192.1,267.0,19.62,1.704
666,407.9,194.5,267.0,19.62,1.704
666,407.9,194.0,267.0,19.62,1.704
666,407.9,193.6,267.0,19.62,1.704
666,407.9,193.1,267.0,19.62,1.704
666,407.9,192.6,267.0,19.62,1.704
666,407.9,192.1,267.0,19.62,1.704
666,407.9,194.6,267.0,19.62,1.704
666,407.9,194.1,267.0,19.62,1.704
666,407.9,193.6,267.0,19.62,1.704
666,407.9,193.1,267.0,19.62,1.704
666,407.9,192.7,267.0,19.62,1.704
666,407.9,192.2,267.0,19.62,1.704
666,407.9,194.6,267.0,19.62,1.704
666,407.9,194.2,267.0,19.62,1.704
666,407.9,193.7,267.0,19.62,1.704
666,407.9,193.2,267.0,19.62,1.704
666,407.9,192.7,267.0,19.62,1.704
666,407.9,192.2,267.0,19.62,1.704
666,407.9,194.7,267.0,19.62,1.704
666,407.9,194.2,267.0,19.62,1.704
666,407.9,193.7,267.0,19.62,1.704
666,407.9,193.2,267.0,19.62,1.704
666,407.9,192.8,267.0,19.62,1.704
666,407.9,192.3,267.0,19.62,1.704
666,407.9,191.8,267.0,19.30,1.704
666,407.9,191.3,267.0,19.30,1.625
666,407.9,190.8,267.0,19.30,1.625
666,407.9,190.3,267.0,19.30,1.625
666,407.9,192.8,267.0,19.62,1.625
666,407.9,192.3,267.0,19.62,1.704
666,407.9,191.8,267.0,19.30,1.704
666,407.9,191.4,267.0,19.30,1.625
666,407.9,190.9,267.0,19.30,1.625
666,407.9,190.4,267.0,19.30,1.625
666,407.9,192.9,267.0,19.62,1.625
666,407.9,192.4,267.0,19.62,1.704
666,407.9,191.9,267.0,19.30,1.704
666,407.9,191.4,267.0,19.30,1.625
666,407.9,190.9,267.0,19.30,1.625
666,407.9,190.5,267.0,19.30,1.625
666,407.9,192.9,267.0,19.62,1.625
666,407.9,192.4,267.0,19.62,1.704
666,407.9,191.9,267.0,19.30,1.704
666,407.9,191.5,267.0,19.30,1.625
666,407.9,191.0,267.0,19.30,1.625
666,407.9,190.5,267.0,19.30,1.625
666,407.9,193.0,267.0,19.62,1.625
666,407.9,192.5,267.0,19.62,1.704
666,407.9,192.0,267.0,19.62,1.704
666,407.9,191.5,267.0,19.30,1.625
666,407.9,191.0,267.0,19.30,1.625
666,407.9,190.6,267.0,19.30,1.625
666,407.9,193.0,267.0,19.62,1.625
666,407.9,192.5,267.0,19.62,1.704
666,407.9,192.1,267.0,19.62,1.704
666,407.9,194.5,267.0,19.62,1.704
666,407.9,194.0,267.0,19.62,1.704
666,407.9,193.6,267.0,19.62,1.704
666,407.9,193.1,267.0,19.62,1.704
666,407.9,192.6,267.0,19.62,1.704
666,407.9,192.1,267.0,19.62,1.704
666,407.9,194.6,267.0,19.62,1.704
666,407.9,194.1,267.0,19.62,1.704
666,407.9,193.6,267.0,19.62,1.704
666,407.9,193.1,267.0,19.62,1.704
666,407.9,192.6,267.0,19.62,1.704
666,407.9,192.2,267.0,19.62,1.704
666,407.9,194.6,267.0,19.62,1.704
666,407.9,194.1,267.0,19.62,1.704
666,407.9,193.7,267.0,19.62,1.704
666,407.9,193.2,267.0,19.62,1.704
666,407.9,192.7,267.0,19.62,1.704
666,407.9,192.2,267.0,19.62,1.704
666,407.9,194.7,267.0,19.62,1.704
666,407.9,194.2,267.0,19.62,1.704
666,407.9,193.7,267.0,19.62,1.704
666,407.9,193.2,267.0,19.62,1.704
666,407.9,192.8,267.0,19.62,1.704
666,407.9,192.3,267.0,19.62,1.704
666,407.9,191.8,267.0,19.30,1.704
666,407.9,191.3,267.0,19.30,1.625
666,407.9,190.8,267.0,19.30,1.625
666,407.9,190.3,267.0,19.30,1.625
666,407.9,192.8,267.0,19.62,1.625
666,407.9,192.3,267.0,19.62,1.704
666,407.9,191.8,267.0,19.30,1.704
666,407.9,191.3,267.0,19.30,1.625
666,407.9,190.9,267.0,19.30,1.625
666,407.9,190.4,267.0,19.30,1.625
666,407.9,192.9,267.0,19.62,1.625
666,407.9,192.4,267.0,19.62,1.704
666,407.9,191.9,267.0,19.30,1.704
666,407.9,191.4,267.0,19.30,1.625
666,407.9,190.9,267.0,19.30,1.625
666,407.9,190.4,267.0,19.30,1.625
666,407.9,192.9,267.0,19.62,1.625
666,407.9,192.4,267.0,19.62,1.704
666,407.9,191.9,267.0,19.30,1.704
666,407.9,191.5,267.0,19.30,1.625
666,407.9,191.0,267.0,19.30,1.625
666,407.9,190.5,267.0,19.30,1.625
666,407.9,193.0,267.0,19.62,1.625
666,407.9,192.5,267.0,19.62,1.704
666,407.9,192.0,267.0,19.30,1.704
666,407.9,191.5,267.0,19.30,1.625
666,407.9,191.0,267.0,19.30,1.625
666,407.9,190.5,267.0,19.30,1.625
666,407.9,193.0,267.0,19.62,1.625
666,407.9,192.5,267.0,19.62,1.704
666,407.9,192.0,267.0,19.62,1.704
666,407.9,194.5,267.0,19.62,1.704
666,407.9,194.0,267.0,19.62,1.704
666,407.9,193.5,267.0,19.62,1.704
666,407.9,193.1,267.0,19.62,1.704
666,407.9,192.6,267.0,19.62,1.704
666,407.9,192.1,267.0,19.62,1.704
672,414.0,239.6,260.0,19.11,0.836
672,412.1,233.3,259.5,19.11,0.828
672,410.1,227.0,259.0,19.60,0.828
672,407.7,222.0,265.0,19.10,1.021
672,407.7,216.7,267.0,19.10,1.246
672,407.7,213.5,267.0,19.53,1.246
672,407.7,210.2,267.0,19.53,1.684
672,407.7,206.9,267.0,19.53,1.684
672,407.7,203.7,267.0,19.62,1.684
672,407.7,203.2,267.0,19.62,1.846
672,407.7,202.7,267.0,19.62,1.846
672,407.7,202.2,267.0,19.62,1.846
672,407.7,201.7,267.0,19.62,1.846
672,407.7,201.3,267.0,19.62,1.846
672,407.7,200.8,267.0,19.62,1.846
672,407.7,200.3,267.0,19.62,1.846
672,407.7,199.8,267.0,19.62,1.846
672,407.7,199.3,267.0,19.62,1.846
672,407.7,198.8,267.0,19.62,1.846
672,407.7,198.3,267.0,19.62,1.846
672,407.7,197.9,267.0,19.62,1.846
672,407.7,197.4,267.0,19.62,1.846
672,407.7,196.9,267.0,19.62,1.846
672,407.7,196.4,267.0,19.62,1.846
672,407.7,195.9,267.0,19.62,1.846
672,407.7,195.5,267.0,19.62,1.846
672,407.7,195.0,267.0,19.62,1.846
672,407.7,194.5,267.0,19.62,1.846
672,407.7,194.0,267.0,19.62,1.846
672,407.7,193.5,267.0,19.62,1.846
672,407.7,193.1,267.0,19.62,1.846
672,407.7,192.6,267.0,19.62,1.846
672,407.7,192.1,267.0,19.62,1.846
672,407.7,194.6,267.0,19.62,1.846
672,407.7,194.1,267.0,19.62,1.846
672,407.7,193.6,267.0,19.62,1.846
672,407.7,193.1,267.0,19.62,1.846
672,407.7,192.6,267.0,19.62,1.846
672,407.7,192.1,267.0,19.62,1.846
672,407.7,194.6,267.0,19.62,1.846
672,407.7,194.1,267.0,19.62,1.846
672,407.7,193.6,267.0,19.62,1.846
672,407.7,193.2,267.0,19.62,1.846
672,407.7,192.7,267.0,19.62,1.846
672,407.7,192.2,267.0,19.62,1.846
672,407.7,194.6,267.0,19.62,1.846
672,407.7,194.2,267.0,19.62,1.846
672,407.7,193.7,267.0,19.62,1.846
672,407.7,193.2,267.0,19.62,1.846
672,407.7,192.7,267.0,19.62,1.846
672,407.7,192.2,267.0,19.62,1.846
672,407.7,194.7,267.0,19.62,1.846
672,407.7,194.2,267.0,19.62,1.846
672,407.7,193.7,267.0,19.62,1.846
672,407.7,193.3,267.0,19.62,1.846
672,407.7,192.8,267.0,19.62,1.846
672,407.7,192.3,267.0,19.62,1.846
672,407.7,191.8,267.0,19.30,1.846
672,407.7,191.3,267.0,19.30,1.734
672,407.7,190.9,267.0,19.30,1.734
672,407.7,190.4,267.0,19.30,1.734
672,407.7,192.8,267.0,19.62,1.734
672,407.7,192.3,267.0,19.62,1.846
672,407.7,191.9,267.0,19.30,1.846
672,407.7,191.4,267.0,19.30,1.734
672,407.7,190.9,267.0,19.30,1.734
672,407.7,190.4,267.0,19.30,1.734
672,407.7,192.9,267.0,19.62,1.734
672,407.7,192.4,267.0,19.62,1.846
672,407.7,191.9,267.0,19.30,1.846
672,407.7,191.4,267.0,19.30,1.734
672,407.7,190.9,267.0,19.30,1.734
672,407.7,190.5,267.0,19.30,1.734
672,407.7,192.9,267.0,19.62,1.734
672,407.7,192.5,267.0,19.62,1.846
672,407.7,192.0,267.0,19.30,1.846
672,407.7,191.5,267.0,19.30,1.734
672,407.7,191.0,267.0,19.30,1.734
672,407.7,190.5,267.0,19.30,1.734
672,407.7,193.0,267.0,19.62,1.734
672,407.7,192.5,267.0,19.62,1.846
672,407.7,192.0,267.0,19.62,1.846
672,407.7,194.5,267.0,19.62,1.846
672,407.7,194.0,267.0,19.62,1.846
672,407.7,193.5,267.0,19.62,1.846
672,407.7,193.0,267.0,19.62,1.846
672,407.7,192.6,267.0,19.62,1.846
672,407.7,192.1,267.0,19.62,1.846
672,407.7,194.5,267.0,19.62,1.846
672,407.7,194.1,267.0,19.62,1.846
672,407.7,193.6,267.0,19.62,1.846
672,407.7,193.1,267.0,19.62,1.846
672,407.7,192.6,267.0,19.62,1.846
672,407.7,192.1,267.0,19.62,1.846
672,407.7,194.6,267.0,19.62,1.846
672,407.7,194.1,267.0,19.62,1.846
672,407.7,193.6,267.0,19.62,1.846
672,407.7,193.1,267.0,19.62,1.846
672,407.7,192.7,267.0,19.62,1.846
672,407.7,192.2,267.0,19.62,1.846
672,407.7,194.6,267.0,19.62,1.846
672,407.7,194.2,267.0,19.62,1.846
672,407.7,193.7,267.0,19.62,1.846
672,407.7,193.2,267.0,19.62,1.846
672,407.7,192.7,267.0,19.62,1.846
672,407.7,192.2,267.0,19.62,1.846
672,407.7,194.7,267.0,19.62,1.846
672,407.7,194.2,267.0,19.62,1.846
672,407.7,193.7,267.0,19.62,1.846
672,407.7,193.2,267.0,19.62,1.846
672,407.7,192.8,267.0,19.62,1.846
672,407.7,192.3,267.0,19.62,1.846
672,407.7,191.8,267.0,19.30,1.846
672,407.7,191.3,267.0,19.30,1.734
672,407.7,190.8,267.0,19.30,1.734
672,407.7,190.4,267.0,19.30,1.734
672,407.7,192.8,267.0,19.62,1.734
672,407.7,192.3,267.0,19.62,1.846
672,407.7,191.9,267.0,19.30,1.846
672,407.7,191.4,267.0,19.30,1.734
672,407.7,190.9,267.0,19.30,1.734
672,407.7,190.4,267.0,19.30,1.734
672,407.7,192.9,267.0,19.62,1.734
672,407.7,192.4,267.0,19.62,1.846
672,407.7,191.9,267.0,19.30,1.846
672,407.7,191.4,267.0,19.30,1.734
672,407.7,190.9,267.0,19.30,1.734
672,407.7,190.5,267.0,19.30,1.734
672,407.7,192.9,267.0,19.62,1.734
672,407.7,192.4,267.0,19.62,1.846
672,407.7,192.0,267.0,19.30,1.846
672,407.7,191.5,267.0,19.30,1.734
672,407.7,191.0,267.0,19.30,1.734
672,407.7,190.5,267.0,19.30,1.734
672,407.7,193.0,267.0,19.62,1.734
672,407.7,192.5,267.0,19.62,1.846
672,407.7,192.0,267.0,19.62,1.846
672,407.7,194.5,267.0,19.62,1.846
672,407.7,194.0,267.0,19.62,1.846
672,407.7,193.5,267.0,19.62,1.846
672,407.7,193.0,267.0,19.62,1.846
672,407.7,192.6,267.0,19.62,1.846
672,407.7,192.1,267.0,19.62,1.846
672,407.7,194.5,267.0,19.62,1.846
672,407.7,194.0,267.0,19.62,1.846
672,407.7,193.6,267.0,19.62,1.846
672,407.7,193.1,267.0,19.62,1.846
672,407.7,192.6,267.0,19.62,1.846
672,407.7,192.1,267.0,19.62,1.846
672,407.7,194.6,267.0,19.62,1.846
672,407.7,194.1,267.0,19.62,1.846
672,407.7,193.6,267.0,19.62,1.846
672,407.7,193.1,267.0,19.62,1.846
672,407.7,192.7,267.0,19.62,1.846
672,407.7,192.2,267.0,19.62,1.846
672,407.7,194.6,267.0,19.62,1.846
672,407.7,194.2,267.0,19.62,1.846
672,407.7,193.7,267.0,19.62,1.846
672,407.7,193.2,267.0,19.62,1.846
672,407.7,192.7,267.0,19.62,1.846
678,436.2,232.3,262.5,22.00,0.791
678,432.5,229.8,260.0,22.00,0.643
678,428.1,225.0,260.1,20.30,0.643
678,422.5,221.2,260.2,20.30,0.849
678,420.1,216.2,266.2,20.25,0.849
678,417.2,212.9,267.0,19.64,1.000
678,414.3,209.7,267.0,19.64,1.591
678,411.4,206.4,267.0,19.64,1.591
678,408.5,203.2,267.0,19.51,1.591
678,408.5,202.7,267.0,19.51,1.704
678,408.5,202.2,267.0,19.51,1.704
678,408.5,201.7,267.0,19.51,1.704
678,408.5,201.3,267.0,19.51,1.704
678,408.5,200.8,267.0,19.51,1.704
678,408.5,200.3,267.0,19.51,1.704
678,408.5,199.8,267.0,19.51,1.704
678,408.5,199.3,267.0,19.51,1.704
678,408.5,198.8,267.0,19.51,1.704
678,408.5,198.4,267.0,19.51,1.704
678,408.5,197.9,267.0,19.51,1.704
678,408.5,197.4,267.0,19.51,1.704
678,408.5,196.9,267.0,19.51,1.704
678,408.5,196.4,267.0,19.51,1.704
678,408.5,195.9,267.0,19.51,1.704
678,408.5,195.5,267.0,19.51,1.704
678,408.5,195.0,267.0,19.51,1.704
678,408.5,194.5,267.0,19.51,1.704
678,408.5,194.0,267.0,19.51,1.704
678,408.5,193.5,267.0,19.51,1.704
678,408.5,193.1,267.0,19.51,1.704
678,408.5,192.6,267.0,19.51,1.704
678,408.5,192.1,267.0,19.51,1.704
678,408.5,194.6,267.0,19.51,1.704
678,408.5,194.1,267.0,19.51,1.704
678,408.5,193.6,267.0,19.51,1.704
678,408.5,193.1,267.0,19.51,1.704
678,408.5,192.6,267.0,19.51,1.704
678,408.5,192.1,267.0,19.51,1.704
678,408.5,194.6,267.0,19.51,1.704
678,408.5,194.1,267.0,19.51,1.704
678,408.5,193.6,267.0,19.51,1.704
678,408.5,193.2,267.0,19.51,1.704
678,408.5,192.7,267.0,19.51,1.704
678,408.5,192.2,267.0,19.51,1.704
678,408.5,194.7,267.0,19.51,1.704
678,408.5,194.2,267.0,19.51,1.704
678,408.5,193.7,267.0,19.51,1.704
678,408.5,193.2,267.0,19.51,1.704
678,408.5,192.7,267.0,19.51,1.704
678,408.5,192.2,267.0,19.51,1.704
678,408.5,194.7,267.0,19.51,1.704
678,408.5,194.2,267.0,19.51,1.704
678,408.5,193.8,267.0,19.51,1.704
678,408.5,193.3,267.0,19.51,1.704
678,408.5,192.8,267.0,19.51,1.704
678,408.5,192.3,267.0,19.51,1.704
678,408.5,191.8,267.0,19.55,1.704
678,408.5,191.3,267.0,19.55,1.625
678,408.5,190.9,267.0,19.55,1.625
678,408.5,190.4,267.0,19.55,1.625
678,408.5,192.8,267.0,19.51,1.625
678,408.5,192.3,267.0,19.51,1.704
678,408.5,191.9,267.0,19.55,1.704
678,408.5,191.4,267.0,19.55,1.625
678,408.5,190.9,267.0,19.55,1.625
678,408.5,190.4,267.0,19.55,1.625
678,408.5,192.9,267.0,19.51,1.625
678,408.5,192.4,267.0,19.51,1.704
678,408.5,191.9,267.0,19.55,1.704
678,408.5,191.4,267.0,19.55,1.625
678,408.5,191.0,267.0,19.55,1.625
678,408.5,190.5,267.0,19.55,1.625
678,408.5,192.9,267.0,19.51,1.625
678,408.5,192.5,267.0,19.51,1.704
678,408.5,192.0,267.0,19.55,1.704
678,408.5,191.5,267.0,19.55,1.625
678,408.5,191.0,267.0,19.55,1.625
678,408.5,190.5,267.0,19.55,1.625
678,408.5,193.0,267.0,19.51,1.625
678,408.5,192.5,267.0,19.51,1.704
678,408.5,192.0,267.0,19.51,1.704
678,408.5,194.5,267.0,19.51,1.704
678,408.5,194.0,267.0,19.51,1.704
678,408.5,193.5,267.0,19.51,1.704
678,408.5,193.1,267.0,19.51,1.704
678,408.5,192.6,267.0,19.51,1.704
678,408.5,192.1,267.0,19.51,1.704
678,408.5,194.6,267.0,19.51,1.704
678,408.5,194.1,267.0,19.51,1.704
678,408.5,193.6,267.0,19.51,1.704
678,408.5,193.1,267.0,19.51,1.704
678,408.5,192.6,267.0,19.51,1.704
678,408.5,192.1,267.0,19.51,1.704
678,408.5,194.6,267.0,19.51,1.704
678,408.5,194.1,267.0,19.51,1.704
678,408.5,193.6,267.0,19.51,1.704
678,408.5,193.2,267.0,19.51,1.704
678,408.5,192.7,267.0,19.51,1.704
678,408.5,192.2,267.0,19.51,1.704
678,408.5,194.6,267.0,19.51,1.704
678,408.5,194.2,267.0,19.51,1.704
678,408.5,193.7,267.0,19.51,1.704
678,408.5,193.2,267.0,19.51,1.704
678,408.5,192.7,267.0,19.51,1.704
678,408.5,192.2,267.0,19.51,1.704
678,408.5,194.7,267.0,19.51,1.704
678,408.5,194.2,267.0,19.51,1.704
678,408.5,193.7,267.0,19.51,1.704
678,408.5,193.3,267.0,19.51,1.704
678,408.5,192.8,267.0,19.51,1.704
678,408.5,192.3,267.0,19.51,1.704
678,408.5,191.8,267.0,19.55,1.704
678,408.5,191.3,267.0,19.55,1.625
678,408.5,190.8,267.0,19.55,1.625
678,408.5,190.4,267.0,19.55,1.625
678,408.5,192.8,267.0,19.51,1.625
678,408.5,192.3,267.0,19.51,1.704
678,408.5,191.9,267.0,19.55,1.704
678,408.5,191.4,267.0,19.55,1.625
678,408.5,190.9,267.0,19.55,1.625
678,408.5,190.4,267.0,19.55,1.625
678,408.5,192.9,267.0,19.51,1.625
678,408.5,192.4,267.0,19.51,1.704
678,408.5,191.9,267.0,19.55,1.704
678,408.5,191.4,267.0,19.55,1.625
678,408.5,190.9,267.0,19.55,1.625
678,408.5,190.5,267.0,19.55,1.625
678,408.5,192.9,267.0,19.51,1.625
678,408.5,192.5,267.0,19.51,1.704
678,408.5,192.0,267.0,19.55,1.704
678,408.5,191.5,267.0,19.55,1.625
678,408.5,191.0,267.0,19.55,1.625
678,408.5,190.5,267.0,19.55,1.625
678,408.5,193.0,267.0,19.51,1.625
678,408.5,192.5,267.0,19.51,1.704
678,408.5,192.0,267.0,19.51,1.704
678,408.5,194.5,267.0,19.51,1.704
678,408.5,194.0,267.0,19.51,1.704
678,408.5,193.5,267.0,19.51,1.704
678,408.5,193.0,267.0,19.51,1.704
678,408.5,192.6,267.0,19.51,1.704
678,408.5,192.1,267.0,19.51,1.704
678,408.5,194.5,267.0,19.51,1.704
678,408.5,194.1,267.0,19.51,1.704
678,408.5,193.6,267.0,19.51,1.704
678,408.5,193.1,267.0,19.51,1.704
678,408.5,192.6,267.0,19.51,1.704
678,408.5,192.1,267.0,19.51,1.704
678,408.5,194.6,267.0,19.51,1.704
678,408.5,194.1,267.0,19.51,1.704
678,408.5,193.6,267.0,19.51,1.704
678,408.5,193.1,267.0,19.51,1.704
678,408.5,192.7,267.0,19.51,1.704
678,408.5,192.2,267.0,19.51,1.704
678,408.5,194.6,267.0,19.51,1.704
678,408.5,194.2,267.0,19.51,1.704
678,408.5,193.7,267.0,19.51,1.704
678,408.5,193.2,267.0,19.51,1.704
678,408.5,192.7,267.0,19.51,1.704
678,408.5,192.2,267.0,19.51,1.704
684,360.0,204.6,260.0,21.39,0.831
684,366.3,204.1,259.4,18.89,0.817
684,372.6,203.7,258.9,19.22,0.817
684,377.5,203.1,265.3,19.11,1.014
684,382.5,202.6,267.0,19.11,1.261
684,385.4,202.1,267.0,19.51,1.261
684,388.4,201.6,267.0,19.51,1.704
684,391.2,201.0,267.0,19.51,1.704
684,394.2,200.5,267.0,19.51,1.704
684,397.1,200.0,267.0,19.62,1.704
684,397.1,199.5,267.0,19.62,1.846
684,397.1,199.0,267.0,19.62,1.846
684,397.1,198.6,267.0,19.62,1.846
684,397.1,198.1,267.0,19.62,1.846
684,397.1,197.6,267.0,19.62,1.846
684,397.1,197.1,267.0,19.62,1.846
684,397.1,196.6,267.0,19.62,1.846
684,397.1,196.2,267.0,19.62,1.846
684,397.1,195.7,267.0,19.62,1.846
684,397.1,195.2,267.0,19.62,1.846
684,397.1,194.7,267.0,19.62,1.846
684,397.1,194.2,267.0,19.62,1.846
684,397.1,193.7,267.0,19.62,1.846
684,397.1,193.3,267.0,19.62,1.846
684,397.1,192.8,267.0,19.62,1.846
684,397.1,192.3,267.0,19.62,1.846
684,397.1,191.8,267.0,19.30,1.846
684,397.1,191.3,267.0,19.30,1.734
684,397.1,190.9,267.0,19.30,1.734
684,397.1,190.4,267.0,19.30,1.734
684,397.1,192.8,267.0,19.62,1.734
684,397.1,192.3,267.0,19.62,1.846
684,397.1,191.9,267.0,19.30,1.846
684,397.1,191.4,267.0,19.30,1.734
684,397.1,190.9,267.0,19.30,1.734
684,397.1,190.4,267.0,19.30,1.734
684,397.1,192.9,267.0,19.62,1.734
684,397.1,192.4,267.0,19.62,1.846
684,397.1,191.9,267.0,19.30,1.846
684,397.1,191.4,267.0,19.30,1.734
684,397.1,190.9,267.0,19.30,1.734
684,397.1,190.5,267.0,19.30,1.734
684,397.1,192.9,267.0,19.62,1.734
684,397.1,192.5,267.0,19.62,1.846
684,397.1,192.0,267.0,19.30,1.846
684,397.1,191.5,267.0,19.30,1.734
684,397.1,191.0,267.0,19.30,1.734
684,397.1,190.5,267.0,19.30,1.734
684,397.1,193.0,267.0,19.62,1.734
684,397.1,192.5,267.0,19.62,1.846
684,397.1,192.0,267.0,19.62,1.846
684,397.1,194.5,267.0,19.62,1.846
684,397.1,194.0,267.0,19.62,1.846
684,397.1,193.5,267.0,19.62,1.846
684,397.1,193.0,267.0,19.62,1.846
684,397.1,192.6,267.0,19.62,1.846
684,397.1,192.1,267.0,19.62,1.846
684,397.1,194.5,267.0,19.62,1.846
684,397.1,194.1,267.0,19.62,1.846
684,397.1,193.6,267.0,19.62,1.846
684,397.1,193.1,267.0,19.62,1.846
684,397.1,192.6,267.0,19.62,1.846
684,397.1,192.1,267.0,19.62,1.846
684,397.1,194.6,267.0,19.62,1.846
684,397.1,194.1,267.0,19.62,1.846
684,397.1,193.6,267.0,19.62,1.846
684,397.1,193.2,267.0,19.62,1.846
684,397.1,192.7,267.0,19.62,1.846
684,397.1,192.2,267.0,19.62,1.846
684,397.1,194.6,267.0,19.62,1.846
684,397.1,194.2,267.0,19.62,1.846
684,397.1,193.7,267.0,19.62,1.846
684,397.1,193.2,267.0,19.62,1.846
684,397.1,192.7,267.0,19.62,1.846
684,397.1,192.2,267.0,19.62,1.846
684,397.1,194.7,267.0,19.62,1.846
684,397.1,194.2,267.0,19.62,1.846
684,397.1,193.7,267.0,19.62,1.846
684,397.1,193.2,267.0,19.62,1.846
684,397.1,192.8,267.0,19.62,1.846
684,397.1,192.3,267.0,19.62,1.846
684,397.1,191.8,267.0,19.30,1.846
684,397.1,191.3,267.0,19.30,1.734
684,397.1,190.8,267.0,19.30,1.734
684,397.1,190.4,267.0,19.30,1.734
684,397.1,192.8,267.0,19.62,1.734
684,397.1,192.3,267.0,19.62,1.846
684,397.1,191.9,267.0,19.30,1.846
684,397.1,191.4,267.0,19.30,1.734
684,397.1,190.9,267.0,19.30,1.734
684,397.1,190.4,267.0,19.30,1.734
684,397.1,192.9,267.0,19.62,1.734
684,397.1,192.4,267.0,19.62,1.846
684,397.1,191.9,267.0,19.30,1.846
684,397.1,191.4,267.0,19.30,1.734
684,397.1,190.9,267.0,19.30,1.734
684,397.1,190.5,267.0,19.30,1.734
684,397.1,192.9,267.0,19.62,1.734
684,397.1,192.5,267.0,19.62,1.846
684,397.1,192.0,267.0,19.30,1.846
684,397.1,191.5,267.0,19.30,1.734
684,397.1,191.0,267.0,19.30,1.734
684,397.1,190.5,267.0,19.30,1.734
684,397.1,193.0,267.0,19.62,1.734
684,397.1,192.5,267.0,19.62,1.846
684,397.1,192.0,267.0,19.62,1.846
684,397.1,194.5,267.0,19.62,1.846
684,397.1,194.0,267.0,19.62,1.846
684,397.1,193.5,267.0,19.62,1.846
684,397.1,193.0,267.0,19.62,1.846
684,397.1,192.6,267.0,19.62,1.846
684,397.1,192.1,267.0,19.62,1.846
684,397.1,194.5,267.0,19.62,1.846
684,397.1,194.0,267.0,19.62,1.846
684,397.1,193.6,267.0,19.62,1.846
684,397.1,193.1,267.0,19.62,1.846
684,397.1,192.6,267.0,19.62,1.846
684,397.1,192.1,267.0,19.62,1.846
684,397.1,194.6,267.0,19.62,1.846
684,397.1,194.1,267.0,19.62,1.846
684,397.1,193.6,267.0,19.62,1.846
684,397.1,193.1,267.0,19.62,1.846
684,397.1,192.7,267.0,19.62,1.846
684,397.1,192.2,267.0,19.62,1.846
684,397.1,194.6,267.0,19.62,1.846
684,397.1,194.2,267.0,19.62,1.846
684,397.1,193.7,267.0,19.62,1.846
684,397.1,193.2,267.0,19.62,1.846
684,397.1,192.7,267.0,19.62,1.846
684,397.1,192.2,267.0,19.62,1.846
684,397.1,194.7,267.0,19.62,1.846
684,397.1,194.2,267.0,19.62,1.846
684,397.1,193.7,267.0,19.62,1.846
684,397.1,193.2,267.0,19.62,1.846
684,397.1,192.8,267.0,19.62,1.846
684,397.1,192.3,267.0,19.62,1.846
684,397.1,191.8,267.0,19.30,1.846
684,397.1,191.3,267.0,19.30,1.734
684,397.1,190.8,267.0,19.30,1.734
684,397.1,190.3,267.0,19.30,1.734
684,397.1,192.8,267.0,19.62,1.734
684,397.1,192.3,267.0,19.62,1.846
684,397.1,191.9,267.0,19.30,1.846
684,397.1,191.4,267.0,19.30,1.734
684,397.1,190.9,267.0,19.30,1.734
684,397.1,190.4,267.0,19.30,1.734
684,397.1,192.9,267.0,19.62,1.734
684,397.1,192.4,267.0,19.62,1.846
684,397.1,191.9,267.0,19.30,1.846
684,397.1,191.4,267.0,19.30,1.734
684,397.1,190.9,267.0,19.30,1.734
684,397.1,190.5,267.0,19.30,1.734
684,397.1,192.9,267.0,19.62,1.734
684,397.1,192.4,267.0,19.62,1.846
684,397.1,192.0,267.0,19.30,1.846
684,397.1,191.5,267.0,19.30,1.734
684,397.1,191.0,267.0,19.30,1.734
684,397.1,190.5,267.0,19.30,1.734
684,397.1,193.0,267.0,19.62,1.734
684,397.1,192.5,267.0,19.62,1.846
690,439.4,168.5,265.6,21.99,0.560
690,435.1,170.2,262.8,22.02,0.806
690,430.9,171.9,259.9,21.12,0.673
690,426.1,176.0,259.9,21.12,0.788
690,421.3,180.1,259.8,19.73,0.788
690,418.6,182.3,267.0,19.55,0.799
690,415.7,184.7,267.0,19.55,1.625
690,412.8,187.1,267.0,19.55,1.625
690,409.9,189.5,267.0,19.55,1.625
690,407.0,191.9,267.0,19.30,1.625
690,407.0,191.4,267.0,19.30,1.734
690,407.0,190.9,267.0,19.30,1.734
690,407.0,190.5,267.0,19.30,1.734
690,407.0,192.9,267.0,19.62,1.734
690,407.0,192.4,267.0,19.62,1.846
690,407.0,192.0,267.0,19.30,1.846
690,407.0,191.5,267.0,19.30,1.734
690,407.0,191.0,267.0,19.30,1.734
690,407.0,190.5,267.0,19.30,1.734
690,407.0,193.0,267.0,19.62,1.734
690,407.0,192.5,267.0,19.62,1.846
690,407.0,192.0,267.0,19.62,1.846
690,407.0,194.5,267.0,19.62,1.846
690,407.0,194.0,267.0,19.62,1.846
690,407.0,193.5,267.0,19.62,1.846
690,407.0,193.0,267.0,19.62,1.846
690,407.0,192.6,267.0,19.62,1.846
690,407.0,192.1,267.0,19.62,1.846
690,407.0,194.5,267.0,19.62,1.846
690,407.0,194.0,267.0,19.62,1.846
690,407.0,193.6,267.0,19.62,1.846
690,407.0,193.1,267.0,19.62,1.846
690,407.0,192.6,267.0,19.62,1.846
690,407.0,192.1,267.0,19.62,1.846
690,407.0,194.6,267.0,19.62,1.846
690,407.0,194.1,267.0,19.62,1.846
690,407.0,193.6,267.0,19.62,1.846
690,407.0,193.1,267.0,19.62,1.846
690,407.0,192.7,267.0,19.62,1.846
690,407.0,192.2,267.0,19.62,1.846
690,407.0,194.6,267.0,19.62,1.846
690,407.0,194.2,267.0,19.62,1.846
690,407.0,193.7,267.0,19.62,1.846
690,407.0,193.2,267.0,19.62,1.846
690,407.0,192.7,267.0,19.62,1.846
690,407.0,192.2,267.0,19.62,1.846
690,407.0,194.7,267.0,19.62,1.846
690,407.0,194.2,267.0,19.62,1.846
690,407.0,193.7,267.0,19.62,1.846
690,407.0,193.2,267.0,19.62,1.846
690,407.0,192.8,267.0,19.62,1.846
690,407.0,192.3,267.0,19.62,1.846
690,407.0,191.8,267.0,19.30,1.846
690,407.0,191.3,267.0,19.30,1.734
690,407.0,190.8,267.0,19.30,1.734
690,407.0,190.3,267.0,19.30,1.734
690,407.0,192.8,267.0,19.62,1.734
690,407.0,192.3,267.0,19.62,1.846
690,407.0,191.9,267.0,19.30,1.846
690,407.0,191.4,267.0,19.30,1.734
690,407.0,190.9,267.0,19.30,1.734
690,407.0,190.4,267.0,19.30,1.734
690,407.0,192.9,267.0,19.62,1.734
690,407.0,192.4,267.0,19.62,1.846
690,407.0,191.9,267.0,19.30,1.846
690,407.0,191.4,267.0,19.30,1.734
690,407.0,190.9,267.0,19.30,1.734
690,407.0,190.5,267.0,19.30,1.734
690,407.0,192.9,267.0,19.62,1.734
690,407.0,192.4,267.0,19.62,1.846
690,407.0,191.9,267.0,19.30,1.846
690,407.0,191.5,267.0,19.30,1.734
690,407.0,191.0,267.0,19.30,1.734
690,407.0,190.5,267.0,19.30,1.734
690,407.0,193.0,267.0,19.62,1.734
690,407.0,192.5,267.0,19.62,1.846
690,407.0,192.0,267.0,19.62,1.846
690,407.0,194.5,267.0,19.62,1.846
690,407.0,194.0,267.0,19.62,1.846
690,407.0,193.5,267.0,19.62,1.846
690,407.0,193.0,267.0,19.62,1.846
690,407.0,192.5,267.0,19.62,1.846
690,407.0,192.1,267.0,19.62,1.846
690,407.0,194.5,267.0,19.62,1.846
690,407.0,194.0,267.0,19.62,1.846
690,407.0,193.6,267.0,19.62,1.846
690,407.0,193.1,267.0,19.62,1.846
690,407.0,192.6,267.0,19.62,1.846
690,407.0,192.1,267.0,19.62,1.846
690,407.0,194.6,267.0,19.62,1.846
690,407.0,194.1,267.0,19.62,1.846
690,407.0,193.6,267.0,19.62,1.846
690,407.0,193.1,267.0,19.62,1.846
690,407.0,192.7,267.0,19.62,1.846
690,407.0,192.2,267.0,19.62,1.846
690,407.0,194.6,267.0,19.62,1.846
690,407.0,194.2,267.0,19.62,1.846
690,407.0,193.7,267.0,19.62,1.846
690,407.0,193.2,267.0,19.62,1.846
690,407.0,192.7,267.0,19.62,1.846
690,407.0,192.2,267.0,19.62,1.846
690,407.0,194.7,267.0,19.62,1.846
690,407.0,194.2,267.0,19.62,1.846
690,407.0,193.7,267.0,19.62,1.846
690,407.0,193.2,267.0,19.62,1.846
690,407.0,192.8,267.0,19.62,1.846
690,407.0,192.3,267.0,19.62,1.846
690,407.0,191.8,267.0,19.30,1.846
690,407.0,191.3,267.0,19.30,1.734
690,407.0,190.8,267.0,19.30,1.734
690,407.0,190.3,267.0,19.30,1.734
690,407.0,192.8,267.0,19.62,1.734
690,407.0,192.3,267.0,19.62,1.846
690,407.0,191.8,267.0,19.30,1.846
690,407.0,191.4,267.0,19.30,1.734
690,407.0,190.9,267.0,19.30,1.734
690,407.0,190.4,267.0,19.30,1.734
690,407.0,192.9,267.0,19.62,1.734
690,407.0,192.4,267.0,19.62,1.846
690,407.0,191.9,267.0,19.30,1.846
690,407.0,191.4,267.0,19.30,1.734
690,407.0,190.9,267.0,19.30,1.734
690,407.0,190.5,267.0,19.30,1.734
690,407.0,192.9,267.0,19.62,1.734
690,407.0,192.4,267.0,19.62,1.846
690,407.0,191.9,267.0,19.30,1.846
690,407.0,191.5,267.0,19.30,1.734
690,407.0,191.0,267.0,19.30,1.734
690,407.0,190.5,267.0,19.30,1.734
690,407.0,193.0,267.0,19.62,1.734
690,407.0,192.5,267.0,19.62,1.846
690,407.0,192.0,267.0,19.62,1.846
690,407.0,191.5,267.0,19.30,1.734
690,407.0,191.0,267.0,19.30,1.734
690,407.0,190.6,267.0,19.30,1.734
690,407.0,193.0,267.0,19.62,1.734
690,407.0,192.5,267.0,19.62,1.846
690,407.0,192.1,267.0,19.62,1.846
690,407.0,194.5,267.0,19.62,1.846
690,407.0,194.0,267.0,19.62,1.846
690,407.0,193.6,267.0,19.62,1.846
690,407.0,193.1,267.0,19.62,1.846
690,407.0,192.6,267.0,19.62,1.846
690,407.0,192.1,267.0,19.62,1.846
690,407.0,194.6,267.0,19.62,1.846
690,407.0,194.1,267.0,19.62,1.846
690,407.0,193.6,267.0,19.62,1.846
690,407.0,193.1,267.0,19.62,1.846
690,407.0,192.6,267.0,19.62,1.846
690,407.0,192.2,267.0,19.62,1.846
690,407.0,194.6,267.0,19.62,1.846
690,407.0,194.1,267.0,19.62,1.846
690,407.0,193.7,267.0,19.62,1.846
690,407.0,193.2,267.0,19.62,1.846
690,407.0,192.7,267.0,19.62,1.846
690,407.0,192.2,267.0,19.62,1.846
690,407.0,194.7,267.0,19.62,1.846
690,407.0,194.2,267.0,19.62,1.846
690,407.0,193.7,267.0,19.62,1.846
690,407.0,193.2,267.0,19.62,1.846
696,413.1,164.6,257.5,18.49,1.273
696,412.0,169.1,250.0,19.64,1.105
696,410.7,173.7,249.0,19.64,0.601
696,409.4,178.2,247.9,19.64,0.601
696,407.3,179.7,252.4,18.64,0.601
696,407.3,182.0,262.8,19.37,0.751
696,407.3,184.4,267.0,19.30,1.327
696,407.3,186.9,267.0,19.30,1.734
696,407.3,189.4,267.0,19.30,1.734
696,407.3,191.8,267.0,19.30,1.734
696,407.3,191.3,267.0,19.30,1.734
696,407.3,190.9,267.0,19.30,1.734
696,407.3,190.4,267.0,19.30,1.734
696,407.3,192.8,267.0,19.62,1.734
696,407.3,192.4,267.0,19.62,1.846
696,407.3,191.9,267.0,19.30,1.846
696,407.3,191.4,267.0,19.30,1.734
696,407.3,190.9,267.0,19.30,1.734
696,407.3,190.4,267.0,19.30,1.734
696,407.3,192.9,267.0,19.62,1.734
696,407.3,192.4,267.0,19.62,1.846
696,407.3,191.9,267.0,19.30,1.846
696,407.3,191.5,267.0,19.30,1.734
696,407.3,191.0,267.0,19.30,1.734
696,407.3,190.5,267.0,19.30,1.734
696,407.3,192.9,267.0,19.62,1.734
696,407.3,192.5,267.0,19.62,1.846
696,407.3,192.0,267.0,19.30,1.846
696,407.3,191.5,267.0,19.30,1.734
696,407.3,191.0,267.0,19.30,1.734
696,407.3,190.5,267.0,19.30,1.734
696,407.3,193.0,267.0,19.62,1.734
696,407.3,192.5,267.0,19.62,1.846
696,407.3,192.0,267.0,19.62,1.846
696,407.3,194.5,267.0,19.62,1.846
696,407.3,194.0,267.0,19.62,1.846
696,407.3,193.5,267.0,19.62,1.846
696,407.3,193.1,267.0,19.62,1.846
696,407.3,192.6,267.0,19.62,1.846
696,407.3,192.1,267.0,19.62,1.846
696,407.3,194.6,267.0,19.62,1.846
696,407.3,194.1,267.0,19.62,1.846
696,407.3,193.6,267.0,19.62,1.846
696,407.3,193.1,267.0,19.62,1.846
696,407.3,192.6,267.0,19.62,1.846
696,407.3,192.1,267.0,19.62,1.846
696,407.3,194.6,267.0,19.62,1.846
696,407.3,194.1,267.0,19.62,1.846
696,407.3,193.6,267.0,19.62,1.846
696,407.3,193.2,267.0,19.62,1.846
696,407.3,192.7,267.0,19.62,1.846
696,407.3,192.2,267.0,19.62,1.846
696,407.3,194.7,267.0,19.62,1.846
696,407.3,194.2,267.0,19.62,1.846
696,407.3,193.7,267.0,19.62,1.846
696,407.3,193.2,267.0,19.62,1.846
696,407.3,192.7,267.0,19.62,1.846
696,407.3,192.2,267.0,19.62,1.846
696,407.3,191.8,267.0,19.30,1.846
696,407.3,191.3,267.0,19.30,1.734
696,407.3,190.8,267.0,19.30,1.734
696,407.3,190.3,267.0,19.30,1.734
696,407.3,192.8,267.0,19.62,1.734
696,407.3,192.3,267.0,19.62,1.846
696,407.3,191.8,267.0,19.30,1.846
696,407.3,191.3,267.0,19.30,1.734
696,407.3,190.9,267.0,19.30,1.734
696,407.3,190.4,267.0,19.30,1.734
696,407.3,192.8,267.0,19.62,1.734
696,407.3,192.3,267.0,19.62,1.846
696,407.3,191.9,267.0,19.30,1.846
696,407.3,191.4,267.0,19.30,1.734
696,407.3,190.9,267.0,19.30,1.734
696,407.3,190.4,267.0,19.30,1.734
696,407.3,192.9,267.0,19.62,1.734
696,407.3,192.4,267.0,19.62,1.846
696,407.3,191.9,267.0,19.30,1.846
696,407.3,191.4,267.0,19.30,1.734
696,407.3,191.0,267.0,19.30,1.734
696,407.3,190.5,267.0,19.30,1.734
696,407.3,192.9,267.0,19.62,1.734
696,407.3,192.5,267.0,19.62,1.846
696,407.3,192.0,267.0,19.30,1.846
696,407.3,191.5,267.0,19.30,1.734
696,407.3,191.0,267.0,19.30,1.734
696,407.3,190.5,267.0,19.30,1.734
696,407.3,193.0,267.0,19.62,1.734
696,407.3,192.5,267.0,19.62,1.846
696,407.3,192.0,267.0,19.62,1.846
696,407.3,194.5,267.0,19.62,1.846
696,407.3,194.0,267.0,19.62,1.846
696,407.3,193.5,267.0,19.62,1.846
696,407.3,193.1,267.0,19.62,1.846
696,407.3,192.6,267.0,19.62,1.846
696,407.3,192.1,267.0,19.62,1.846
696,407.3,194.6,267.0,19.62,1.846
696,407.3,194.1,267.0,19.62,1.846
696,407.3,193.6,267.0,19.62,1.846
696,407.3,193.1,267.0,19.62,1.846
696,407.3,192.6,267.0,19.62,1.846
696,407.3,192.1,267.0,19.62,1.846
696,407.3,194.6,267.0,19.62,1.846
696,407.3,194.1,267.0,19.62,1.846
696,407.3,193.6,267.0,19.62,1.846
696,407.3,193.2,267.0,19.62,1.846
696,407.3,192.7,267.0,19.62,1.846
696,407.3,192.2,267.0,19.62,1.846
696,407.3,194.6,267.0,19.62,1.846
696,407.3,194.2,267.0,19.62,1.846
696,407.3,193.7,267.0,19.62,1.846
696,407.3,193.2,267.0,19.62,1.846
696,407.3,192.7,267.0,19.62,1.846
696,407.3,192.2,267.0,19.62,1.846
696,407.3,191.8,267.0,19.30,1.846
696,407.3,191.3,267.0,19.30,1.734
696,407.3,190.8,267.0,19.30,1.734
696,407.3,190.3,267.0,19.30,1.734
696,407.3,192.8,267.0,19.62,1.734
696,407.3,192.3,267.0,19.62,1.846
696,407.3,191.8,267.0,19.30,1.846
696,407.3,191.3,267.0,19.30,1.734
696,407.3,190.9,267.0,19.30,1.734
696,407.3,190.4,267.0,19.30,1.734
696,407.3,192.8,267.0,19.62,1.734
696,407.3,192.3,267.0,19.62,1.846
696,407.3,191.9,267.0,19.30,1.846
696,407.3,191.4,267.0,19.30,1.734
696,407.3,190.9,267.0,19.30,1.734
696,407.3,190.4,267.0,19.30,1.734
696,407.3,192.9,267.0,19.62,1.734
696,407.3,192.4,267.0,19.62,1.846
696,407.3,191.9,267.0,19.30,1.846
696,407.3,191.4,267.0,19.30,1.734
696,407.3,190.9,267.0,19.30,1.734
696,407.3,190.5,267.0,19.30,1.734
696,407.3,192.9,267.0,19.62,1.734
696,407.3,192.5,267.0,19.62,1.846
696,407.3,192.0,267.0,19.30,1.846
696,407.3,191.5,267.0,19.30,1.734
696,407.3,191.0,267.0,19.30,1.734
696,407.3,190.5,267.0,19.30,1.734
696,407.3,193.0,267.0,19.62,1.734
696,407.3,192.5,267.0,19.62,1.846
696,407.3,192.0,267.0,19.62,1.846
696,407.3,194.5,267.0,19.62,1.846
696,407.3,194.0,267.0,19.62,1.846
696,407.3,193.5,267.0,19.62,1.846
696,407.3,193.0,267.0,19.62,1.846
696,407.3,192.6,267.0,19.62,1.846
696,407.3,192.1,267.0,19.62,1.846
696,407.3,194.5,267.0,19.62,1.846
696,407.3,194.1,267.0,19.62,1.846
696,407.3,193.6,267.0,19.62,1.846
696,407.3,193.1,267.0,19.62,1.846
696,407.3,192.6,267.0,19.62,1.846
696,407.3,192.1,267.0,19.62,1.846
696,407.3,194.6,267.0,19.62,1.846
696,407.3,194.1,267.0,19.62,1.846
696,407.3,193.6,267.0,19.62,1.846
696,407.3,193.2,267.0,19.62,1.846
702,398.6,168.5,257.4,18.64,1.291
702,398.6,174.5,257.0,18.64,0.751
702,398.6,180.5,256.7,19.37,0.751
702,398.6,182.8,267.0,19.30,1.327
702,398.6,185.3,267.0,19.30,1.734
702,398.6,187.8,267.0,19.30,1.734
702,398.6,190.2,267.0,19.30,1.734
702,398.6,192.7,267.0,19.62,1.734
702,398.6,192.2,267.0,19.62,1.846
702,398.6,194.7,267.0,19.62,1.846
702,398.6,194.2,267.0,19.62,1.846
702,398.6,193.7,267.0,19.62,1.846
702,398.6,193.2,267.0,19.62,1.846
702,398.6,192.7,267.0,19.62,1.846
702,398.6,192.2,267.0,19.62,1.846
702,398.6,191.8,267.0,19.30,1.846
702,398.6,191.3,267.0,19.30,1.734
702,398.6,190.8,267.0,19.30,1.734
702,398.6,190.3,267.0,19.30,1.734
702,398.6,192.8,267.0,19.62,1.734
702,398.6,192.3,267.0,19.62,1.846
702,398.6,191.8,267.0,19.30,1.846
702,398.6,191.3,267.0,19.30,1.734
702,398.6,190.9,267.0,19.30,1.734
702,398.6,190.4,267.0,19.30,1.734
702,398.6,192.8,267.0,19.62,1.734
702,398.6,192.4,267.0,19.62,1.846
702,398.6,191.9,267.0,19.30,1.846
702,398.6,191.4,267.0,19.30,1.734
702,398.6,190.9,267.0,19.30,1.734
702,398.6,190.4,267.0,19.30,1.734
702,398.6,192.9,267.0,19.62,1.734
702,398.6,192.4,267.0,19.62,1.846
702,398.6,191.9,267.0,19.30,1.846
702,398.6,191.4,267.0,19.30,1.734
702,398.6,191.0,267.0,19.30,1.734
702,398.6,190.5,267.0,19.30,1.734
702,398.6,192.9,267.0,19.62,1.734
702,398.6,192.5,267.0,19.62,1.846
702,398.6,192.0,267.0,19.30,1.846
702,398.6,191.5,267.0,19.30,1.734
702,398.6,191.0,267.0,19.30,1.734
702,398.6,190.5,267.0,19.30,1.734
702,398.6,193.0,267.0,19.62,1.734
702,398.6,192.5,267.0,19.62,1.846
702,398.6,192.0,267.0,19.62,1.846
702,398.6,194.5,267.0,19.62,1.846
702,398.6,194.0,267.0,19.62,1.846
702,398.6,193.5,267.0,19.62,1.846
702,398.6,193.1,267.0,19.62,1.846
702,398.6,192.6,267.0,19.62,1.846
702,398.6,192.1,267.0,19.62,1.846
702,398.6,194.6,267.0,19.62,1.846
702,398.6,194.1,267.0,19.62,1.846
702,398.6,193.6,267.0,19.62,1.846
702,398.6,193.1,267.0,19.62,1.846
702,398.6,192.6,267.0,19.62,1.846
702,398.6,192.1,267.0,19.62,1.846
702,398.6,194.6,267.0,19.62,1.846
702,398.6,194.1,267.0,19.62,1.846
702,398.6,193.6,267.0,19.62,1.846
702,398.6,193.2,267.0,19.62,1.846
702,398.6,192.7,267.0,19.62,1.846
702,398.6,192.2,267.0,19.62,1.846
702,398.6,194.6,267.0,19.62,1.846
702,398.6,194.2,267.0,19.62,1.846
702,398.6,193.7,267.0,19.62,1.846
702,398.6,193.2,267.0,19.62,1.846
702,398.6,192.7,267.0,19.62,1.846
702,398.6,192.2,267.0,19.62,1.846
702,398.6,191.8,267.0,19.30,1.846
702,398.6,191.3,267.0,19.30,1.734
702,398.6,190.8,267.0,19.30,1.734
702,398.6,190.3,267.0,19.30,1.734
702,398.6,192.8,267.0,19.62,1.734
702,398.6,192.3,267.0,19.62,1.846
702,398.6,191.8,267.0,19.30,1.846
702,398.6,191.3,267.0,19.30,1.734
702,398.6,190.9,267.0,19.30,1.734
702,398.6,190.4,267.0,19.30,1.734
702,398.6,192.8,267.0,19.62,1.734
702,398.6,192.3,267.0,19.62,1.846
702,398.6,191.9,267.0,19.30,1.846
702,398.6,191.4,267.0,19.30,1.734
702,398.6,190.9,267.0,19.30,1.734
702,398.6,190.4,267.0,19.30,1.734
702,398.6,192.9,267.0,19.62,1.734
702,398.6,192.4,267.0,19.62,1.846
702,398.6,191.9,267.0,19.30,1.846
702,398.6,191.4,267.0,19.30,1.734
702,398.6,190.9,267.0,19.30,1.734
702,398.6,190.5,267.0,19.30,1.734
702,398.6,192.9,267.0,19.62,1.734
702,398.6,192.5,267.0,19.62,1.846
702,398.6,192.0,267.0,19.30,1.846
702,398.6,191.5,267.0,19.30,1.734
702,398.6,191.0,267.0,19.30,1.734
702,398.6,190.5,267.0,19.30,1.734
702,398.6,193.0,267.0,19.62,1.734
702,398.6,192.5,267.0,19.62,1.846
702,398.6,192.0,267.0,19.62,1.846
702,398.6,194.5,267.0,19.62,1.846
702,398.6,194.0,267.0,19.62,1.846
702,398.6,193.5,267.0,19.62,1.846
702,398.6,193.0,267.0,19.62,1.846
702,398.6,192.6,267.0,19.62,1.846
702,398.6,192.1,267.0,19.62,1.846
702,398.6,194.5,267.0,19.62,1.846
702,398.6,194.1,267.0,19.62,1.846
702,398.6,193.6,267.0,19.62,1.846
702,398.6,193.1,267.0,19.62,1.846
702,398.6,192.6,267.0,19.62,1.846
702,398.6,192.1,267.0,19.62,1.846
702,398.6,194.6,267.0,19.62,1.846
702,398.6,194.1,267.0,19.62,1.846
702,398.6,193.6,267.0,19.62,1.846
702,398.6,193.2,267.0,19.62,1.846
702,398.6,192.7,267.0,19.62,1.846
702,398.6,192.2,267.0,19.62,1.846
702,398.6,194.6,267.0,19.62,1.846
702,398.6,194.2,267.0,19.62,1.846
702,398.6,193.7,267.0,19.62,1.846
702,398.6,193.2,267.0,19.62,1.846
702,398.6,192.7,267.0,19.62,1.846
702,398.6,192.2,267.0,19.62,1.846
702,398.6,194.7,267.0,19.62,1.846
702,398.6,194.2,267.0,19.62,1.846
702,398.6,193.7,267.0,19.62,1.846
702,398.6,193.2,267.0,19.62,1.846
702,398.6,192.8,267.0,19.62,1.846
702,398.6,192.3,267.0,19.62,1.846
702,398.6,191.8,267.0,19.30,1.846
702,398.6,191.3,267.0,19.30,1.734
702,398.6,190.8,267.0,19.30,1.734
702,398.6,190.4,267.0,19.30,1.734
702,398.6,192.8,267.0,19.62,1.734
702,398.6,192.3,267.0,19.62,1.846
702,398.6,191.9,267.0,19.30,1.846
702,398.6,191.4,267.0,19.30,1.734
702,398.6,190.9,267.0,19.30,1.734
702,398.6,190.4,267.0,19.30,1.734
702,398.6,192.9,267.0,19.62,1.734
702,398.6,192.4,267.0,19.62,1.846
702,398.6,191.9,267.0,19.30,1.846
702,398.6,191.4,267.0,19.30,1.734
702,398.6,190.9,267.0,19.30,1.734
702,398.6,190.5,267.0,19.30,1.734
702,398.6,192.9,267.0,19.62,1.734
702,398.6,192.5,267.0,19.62,1.846
702,398.6,192.0,267.0,19.30,1.846
702,398.6,191.5,267.0,19.30,1.734
702,398.6,191.0,267.0,19.30,1.734
702,398.6,190.5,267.0,19.30,1.734
702,398.6,193.0,267.0,19.62,1.734
702,398.6,192.5,267.0,19.62,1.846
702,398.6,192.0,267.0,19.62,1.846
702,398.6,194.5,267.0,19.62,1.846
702,398.6,194.0,267.0,19.62,1.846
702,398.6,193.5,267.0,19.62,1.846
702,398.6,193.0,267.0,19.62,1.846
708,431.1,234.1,262.5,21.03,0.791
708,426.6,229.4,262.6,21.03,0.816
708,421.0,225.5,262.7,20.30,0.816
708,418.6,220.5,267.0,19.52,0.849
708,415.7,215.3,267.0,19.64,1.247
708,412.8,212.0,267.0,19.64,1.591
708,409.9,208.8,267.0,19.64,1.591
708,407.0,205.5,267.0,19.53,1.591
708,407.0,205.1,267.0,19.53,1.684
708,407.0,204.6,267.0,19.53,1.684
708,407.0,204.1,267.0,19.53,1.684
708,407.0,203.6,267.0,19.62,1.684
708,407.0,203.1,267.0,19.62,1.846
708,407.0,202.7,267.0,19.62,1.846
708,407.0,202.2,267.0,19.62,1.846
708,407.0,201.7,267.0,19.62,1.846
708,407.0,201.2,267.0,19.62,1.846
708,407.0,200.7,267.0,19.62,1.846
708,407.0,200.2,267.0,19.62,1.846
708,407.0,199.8,267.0,19.62,1.846
708,407.0,199.3,267.0,19.62,1.846
708,407.0,198.8,267.0,19.62,1.846
708,407.0,198.3,267.0,19.62,1.846
708,407.0,197.8,267.0,19.62,1.846
708,407.0,197.3,267.0,19.62,1.846
708,407.0,196.9,267.0,19.62,1.846
708,407.0,196.4,267.0,19.62,1.846
708,407.0,195.9,267.0,19.62,1.846
708,407.0,195.4,267.0,19.62,1.846
708,407.0,194.9,267.0,19.62,1.846
708,407.0,194.5,267.0,19.62,1.846
708,407.0,194.0,267.0,19.62,1.846
708,407.0,193.5,267.0,19.62,1.846
708,407.0,193.0,267.0,19.62,1.846
708,407.0,192.5,267.0,19.62,1.846
708,407.0,192.0,267.0,19.62,1.846
708,407.0,194.5,267.0,19.62,1.846
708,407.0,194.0,267.0,19.62,1.846
708,407.0,193.5,267.0,19.62,1.846
708,407.0,193.1,267.0,19.62,1.846
708,407.0,192.6,267.0,19.62,1.846
708,407.0,192.1,267.0,19.62,1.846
708,407.0,194.6,267.0,19.62,1.846
708,407.0,194.1,267.0,19.62,1.846
708,407.0,193.6,267.0,19.62,1.846
708,407.0,193.1,267.0,19.62,1.846
708,407.0,192.6,267.0,19.62,1.846
708,407.0,192.2,267.0,19.62,1.846
708,407.0,194.6,267.0,19.62,1.846
708,407.0,194.1,267.0,19.62,1.846
708,407.0,193.7,267.0,19.62,1.846
708,407.0,193.2,267.0,19.62,1.846
708,407.0,192.7,267.0,19.62,1.846
708,407.0,192.2,267.0,19.62,1.846
708,407.0,194.7,267.0,19.62,1.846
708,407.0,194.2,267.0,19.62,1.846
708,407.0,193.7,267.0,19.62,1.846
708,407.0,193.2,267.0,19.62,1.846
708,407.0,192.7,267.0,19.62,1.846
708,407.0,192.2,267.0,19.62,1.846
708,407.0,191.8,267.0,19.30,1.846
708,407.0,191.3,267.0,19.30,1.734
708,407.0,190.8,267.0,19.30,1.734
708,407.0,190.3,267.0,19.30,1.734
708,407.0,192.8,267.0,19.62,1.734
708,407.0,192.3,267.0,19.62,1.846
708,407.0,191.8,267.0,19.30,1.846
708,407.0,191.3,267.0,19.30,1.734
708,407.0,190.9,267.0,19.30,1.734
708,407.0,190.4,267.0,19.30,1.734
708,407.0,192.8,267.0,19.62,1.734
708,407.0,192.4,267.0,19.62,1.846
708,407.0,191.9,267.0,19.30,1.846
708,407.0,191.4,267.0,19.30,1.734
708,407.0,190.9,267.0,19.30,1.734
708,407.0,190.4,267.0,19.30,1.734
708,407.0,192.9,267.0,19.62,1.734
708,407.0,192.4,267.0,19.62,1.846
708,407.0,191.9,267.0,19.30,1.846
708,407.0,191.5,267.0,19.30,1.734
708,407.0,191.0,267.0,19.30,1.734
708,407.0,190.5,267.0,19.30,1.734
708,407.0,192.9,267.0,19.62,1.734
708,407.0,192.5,267.0,19.62,1.846
708,407.0,192.0,267.0,19.30,1.846
708,407.0,191.5,267.0,19.30,1.734
708,407.0,191.0,267.0,19.30,1.734
708,407.0,190.5,267.0,19.30,1.734
708,407.0,193.0,267.0,19.62,1.734
708,407.0,192.5,267.0,19.62,1.846
708,407.0,192.0,267.0,19.62,1.846
708,407.0,194.5,267.0,19.62,1.846
708,407.0,194.0,267.0,19.62,1.846
708,407.0,193.5,267.0,19.62,1.846
708,407.0,193.1,267.0,19.62,1.846
708,407.0,192.6,267.0,19.62,1.846
708,407.0,192.1,267.0,19.62,1.846
708,407.0,194.6,267.0,19.62,1.846
708,407.0,194.1,267.0,19.62,1.846
708,407.0,193.6,267.0,19.62,1.846
708,407.0,193.1,267.0,19.62,1.846
708,407.0,192.6,267.0,19.62,1.846
708,407.0,192.1,267.0,19.62,1.846
708,407.0,194.6,267.0,19.62,1.846
708,407.0,194.1,267.0,19.62,1.846
708,407.0,193.6,267.0,19.62,1.846
708,407.0,193.2,267.0,19.62,1.846
708,407.0,192.7,267.0,19.62,1.846
708,407.0,192.2,267.0,19.62,1.846
708,407.0,194.7,267.0,19.62,1.846
708,407.0,194.2,267.0,19.62,1.846
708,407.0,193.7,267.0,19.62,1.846
708,407.0,193.2,267.0,19.62,1.846
708,407.0,192.7,267.0,19.62,1.846
708,407.0,192.2,267.0,19.62,1.846
708,407.0,191.8,267.0,19.30,1.846
708,407.0,191.3,267.0,19.30,1.734
708,407.0,190.8,267.0,19.30,1.734
708,407.0,190.3,267.0,19.30,1.734
708,407.0,192.8,267.0,19.62,1.734
708,407.0,192.3,267.0,19.62,1.846
708,407.0,191.8,267.0,19.30,1.846
708,407.0,191.3,267.0,19.30,1.734
708,407.0,190.9,267.0,19.30,1.734
708,407.0,190.4,267.0,19.30,1.734
708,407.0,192.8,267.0,19.62,1.734
708,407.0,192.3,267.0,19.62,1.846
708,407.0,191.9,267.0,19.30,1.846
708,407.0,191.4,267.0,19.30,1.734
708,407.0,190.9,267.0,19.30,1.734
708,407.0,190.4,267.0,19.30,1.734
708,407.0,192.9,267.0,19.62,1.734
708,407.0,192.4,267.0,19.62,1.846
708,407.0,191.9,267.0,19.30,1.846
708,407.0,191.4,267.0,19.30,1.734
708,407.0,191.0,267.0,19.30,1.734
708,407.0,190.5,267.0,19.30,1.734
708,407.0,192.9,267.0,19.62,1.734
708,407.0,192.5,267.0,19.62,1.846
708,407.0,192.0,267.0,19.30,1.846
708,407.0,191.5,267.0,19.30,1.734
708,407.0,191.0,267.0,19.30,1.734
708,407.0,190.5,267.0,19.30,1.734
708,407.0,193.0,267.0,19.62,1.734
708,407.0,192.5,267.0,19.62,1.846
708,407.0,192.0,267.0,19.62,1.846
708,407.0,194.5,267.0,19.62,1.846
708,407.0,194.0,267.0,19.62,1.846
708,407.0,193.5,267.0,19.62,1.846
708,407.0,193.1,267.0,19.62,1.846
708,407.0,192.6,267.0,19.62,1.846
708,407.0,192.1,267.0,19.62,1.846
708,407.0,194.6,267.0,19.62,1.846
708,407.0,194.1,267.0,19.62,1.846
708,407.0,193.6,267.0,19.62,1.846
708,407.0,193.1,267.0,19.62,1.846
708,407.0,192.6,267.0,19.62,1.846
708,407.0,192.1,267.0,19.62,1.846
708,407.0,194.6,267.0,19.62,1.846
708,407.0,194.1,267.0,19.62,1.846
714,447.4,206.8,260.0,21.39,0.831
714,444.4,206.0,255.0,21.39,0.736
714,439.6,204.8,247.6,19.83,0.736
714,435.4,203.8,242.1,19.84,0.875
714,432.9,203.3,237.9,20.86,0.878
714,430.1,202.8,234.8,20.29,0.606
714,427.3,202.3,231.6,20.29,0.531
714,424.5,201.8,228.4,20.29,0.531
714,422.6,201.3,224.8,20.56,0.531
714,420.7,200.7,221.2,20.56,0.517
714,420.1,200.3,218.7,20.56,0.517
714,419.4,200.0,216.3,20.35,0.517
714,419.0,199.6,212.9,20.42,0.318
714,418.6,199.2,209.5,20.42,0.434
714,418.2,198.8,206.0,20.42,0.434
714,417.8,198.5,202.6,20.47,0.434
714,417.6,198.1,198.5,20.47,0.517
714,417.4,197.8,194.4,20.47,0.517
714,417.2,197.4,190.2,20.54,0.517
714,417.1,197.0,185.7,20.54,0.573
714,417.0,196.7,181.1,20.54,0.573
714,417.0,196.3,176.0,20.59,0.573
714,417.0,195.9,170.9,20.59,0.638
714,416.9,195.6,165.8,20.62,0.638
714,417.0,195.2,160.6,20.62,0.659
714,417.0,194.8,155.3,20.65,0.659
714,417.0,194.4,149.9,20.65,0.675
714,417.0,194.0,144.5,20.65,0.675
714,417.1,193.6,139.1,20.68,0.675
714,417.1,193.2,133.6,20.68,0.688
714,417.2,192.8,128.0,20.74,0.688
714,417.3,192.4,122.4,20.74,0.699
714,417.3,191.9,116.7,20.57,0.699
714,417.4,191.5,110.8,20.57,0.742
714,417.4,191.1,104.8,20.59,0.742
714,417.4,190.7,98.8,20.59,0.750
714,417.5,190.3,92.8,20.60,0.750
714,417.6,189.9,86.8,20.60,0.755
714,417.7,189.5,80.7,20.62,0.755
714,417.8,189.0,74.7,20.62,0.756
714,417.9,188.7,68.7,20.63,0.756
714,418.0,188.2,62.7,20.63,0.751
714,418.3,187.9,57.1,20.65,0.751
714,418.6,187.7,51.4,20.65,0.706
714,418.9,187.3,45.8,20.64,0.706
714,419.3,187.2,40.6,20.64,0.655
714,419.7,187.0,35.4,20.63,0.655
714,421.1,186.6,31.9,21.28,0.575
714,422.5,186.3,28.5,21.28,0.466
714,423.9,185.9,25.1,21.28,0.466
714,425.9,185.9,22.4,21.11,0.466
714,428.0,185.8,19.7,21.11,0.423
714,430.1,185.7,17.1,21.11,0.423
714,432.1,185.6,14.4,21.66,0.423
714,434.6,185.5,12.3,21.66,0.398
714,438.0,185.7,10.9,21.20,0.398
714,441.5,186.0,9.6,21.20,0.468
714,445.0,186.2,8.2,21.38,0.468
714,448.8,186.4,7.1,21.38,0.491
714,452.5,186.6,6.0,21.38,0.491
714,456.3,186.8,5.0,21.52,0.491
714,460.2,186.9,4.2,21.52,0.494
714,464.1,187.1,3.4,21.52,0.494
714,467.9,187.2,3.0,21.52,0.494
714,471.7,187.3,3.0,21.65,0.484
714,475.6,187.4,3.0,21.65,0.484
714,479.4,187.5,3.0,21.65,0.484
714,482.9,187.6,3.0,21.81,0.484
714,486.5,187.7,3.0,21.81,0.445
714,490.0,187.7,3.0,21.81,0.445
714,493.5,187.8,3.0,21.96,0.445
714,496.9,187.9,3.0,21.96,0.423
714,500.3,187.9,3.0,21.96,0.423
714,503.7,188.0,3.0,21.96,0.423
714,506.9,188.0,3.0,22.05,0.423
714,510.1,188.0,3.0,22.05,0.402
714,513.3,188.1,3.0,22.05,0.402
714,516.5,188.1,3.0,22.13,0.402
714,519.5,188.1,3.0,22.13,0.382
714,522.6,188.2,3.0,22.13,0.382
714,525.6,188.2,3.0,22.13,0.382
714,528.7,188.2,3.0,22.21,0.382
714,531.6,188.2,3.0,22.21,0.362
714,534.5,188.2,3.0,22.21,0.362
714,537.4,188.2,3.0,22.21,0.362
714,540.2,188.2,3.0,22.32,0.362
714,542.9,188.2,3.0,22.32,0.327
714,545.5,188.2,3.0,22.32,0.327
714,548.1,188.2,3.0,22.32,0.327
714,550.7,188.1,3.0,22.32,0.327
714,553.2,188.1,3.0,22.43,0.327
714,555.7,188.1,3.0,22.43,0.310
714,558.1,188.0,3.0,22.43,0.310
714,560.6,188.0,3.0,22.43,0.310
714,563.1,187.9,3.0,22.43,0.310
714,565.5,187.9,3.0,22.49,0.310
714,567.8,187.8,3.0,22.49,0.295
714,570.2,187.8,3.0,22.49,0.295
714,572.6,187.7,3.0,22.49,0.295
714,574.9,187.7,3.0,22.49,0.295
714,577.1,187.5,3.0,22.57,0.295
714,579.4,187.4,3.0,22.57,0.278
714,581.6,187.3,3.0,22.57,0.278
714,583.8,187.1,3.0,22.57,0.278
714,586.0,187.0,3.0,22.57,0.278
714,588.2,186.8,3.0,22.67,0.278
714,590.3,186.7,3.0,22.67,0.263
714,592.4,186.6,3.0,22.67,0.263
714,594.5,186.5,3.0,22.67,0.263
714,596.6,186.4,3.0,22.67,0.263
714,598.7,186.3,3.0,22.67,0.263
714,600.8,186.2,3.0,22.72,0.263
714,602.8,186.0,3.0,22.72,0.246
714,604.8,185.8,3.0,22.72,0.246
714,606.7,185.7,3.0,22.72,0.246
714,608.7,185.5,3.0,22.72,0.246
714,610.6,185.4,3.0,22.72,0.246
714,612.6,185.2,3.0,22.81,0.246
714,614.5,185.1,3.0,22.81,0.233
714,616.3,185.0,3.0,22.81,0.233
714,618.2,184.8,3.0,22.81,0.233
714,620.0,184.7,3.0,22.81,0.233
714,621.9,184.6,3.0,22.81,0.233
714,623.8,184.4,3.0,22.81,0.233
714,625.6,184.3,3.0,22.84,0.233
714,627.4,184.1,3.0,22.84,0.231
714,629.3,183.9,3.0,22.84,0.231
714,631.1,183.7,3.0,22.84,0.231
714,633.0,183.5,3.0,22.84,0.231
714,634.8,183.3,3.0,22.84,0.231
714,636.6,183.1,3.0,22.93,0.231
714,638.3,183.0,3.0,22.93,0.206
714,639.9,182.8,3.0,22.93,0.206
714,641.6,182.7,3.0,22.93,0.206
714,643.2,182.6,3.0,22.93,0.206
714,644.9,182.5,3.0,22.93,0.206
714,646.5,182.4,3.0,22.93,0.206
714,648.1,182.2,3.0,22.98,0.206
714,649.8,182.1,3.0,22.98,0.205
714,651.4,181.9,3.1,22.98,0.205
714,653.0,181.7,3.1,22.98,0.205
714,654.7,181.6,3.1,22.98,0.205
714,656.3,181.4,3.1,22.98,0.205
714,658.0,181.2,3.1,22.98,0.205
714,659.6,181.1,3.1,22.98,0.205
714,661.1,181.0,3.1,23.04,0.205
714,662.7,180.8,3.1,23.04,0.195
714,664.2,180.7,3.1,23.04,0.195
714,665.8,180.6,3.1,23.04,0.195
714,667.3,180.5,3.1,23.04,0.195
714,668.9,180.4,3.1,23.04,0.195
714,670.5,180.2,3.1,23.04,0.195
714,672.0,180.1,3.1,23.10,0.195
714,673.5,180.0,3.1,23.10,0.185
714,675.0,180.0,3.1,23.07,0.185
714,676.5,179.8,3.1,23.07,0.194
714,678.1,179.7,3.1,23.07,0.194
714,679.6,179.5,3.1,23.07,0.194
714,681.1,179.4,3.1,23.07,0.194
714,682.7,179.2,3.2,23.07,0.194
720,388.4,226.1,267.0,19.52,0.894
720,391.2,220.9,267.0,19.52,1.247
720,394.1,215.6,267.0,19.64,1.247
720,397.0,212.4,267.0,19.53,1.591
720,397.0,209.1,267.0,19.53,1.684
720,397.0,205.9,267.0,19.53,1.684
720,397.0,202.6,267.0,19.62,1.684
720,397.0,202.1,267.0,19.62,1.846
720,397.0,201.6,267.0,19.62,1.846
720,397.0,201.1,267.0,19.62,1.846
720,397.0,200.7,267.0,19.62,1.846
720,397.0,200.2,267.0,19.62,1.846
720,397.0,199.7,267.0,19.62,1.846
720,397.0,199.2,267.0,19.62,1.846
720,397.0,198.7,267.0,19.62,1.846
720,397.0,198.2,267.0,19.62,1.846
720,397.0,197.8,267.0,19.62,1.846
720,397.0,197.3,267.0,19.62,1.846
720,397.0,196.8,267.0,19.62,1.846
720,397.0,196.3,267.0,19.62,1.846
720,397.0,195.8,267.0,19.62,1.846
720,397.0,195.4,267.0,19.62,1.846
720,397.0,194.9,267.0,19.62,1.846
720,397.0,194.4,267.0,19.62,1.846
720,397.0,193.9,267.0,19.62,1.846
720,397.0,193.4,267.0,19.62,1.846
720,397.0,192.9,267.0,19.62,1.846
720,397.0,192.5,267.0,19.62,1.846
720,397.0,192.0,267.0,19.30,1.846
720,397.0,191.5,267.0,19.30,1.734
720,397.0,191.0,267.0,19.30,1.734
720,397.0,190.5,267.0,19.30,1.734
720,397.0,193.0,267.0,19.62,1.734
720,397.0,192.5,267.0,19.62,1.846
720,397.0,192.0,267.0,19.62,1.846
720,397.0,194.5,267.0,19.62,1.846
720,397.0,194.0,267.0,19.62,1.846
720,397.0,193.5,267.0,19.62,1.846
720,397.0,193.1,267.0,19.62,1.846
720,397.0,192.6,267.0,19.62,1.846
720,397.0,192.1,267.0,19.62,1.846
720,397.0,194.6,267.0,19.62,1.846
720,397.0,194.1,267.0,19.62,1.846
720,397.0,193.6,267.0,19.62,1.846
720,397.0,193.1,267.0,19.62,1.846
720,397.0,192.6,267.0,19.62,1.846
720,397.0,192.1,267.0,19.62,1.846
720,397.0,194.6,267.0,19.62,1.846
720,397.0,194.1,267.0,19.62,1.846
720,397.0,193.6,267.0,19.62,1.846
720,397.0,193.2,267.0,19.62,1.846
720,397.0,192.7,267.0,19.62,1.846
720,397.0,192.2,267.0,19.62,1.846
720,397.0,194.7,267.0,19.62,1.846
720,397.0,194.2,267.0,19.62,1.846
720,397.0,193.7,267.0,19.62,1.846
720,397.0,193.2,267.0,19.62,1.846
720,397.0,192.7,267.0,19.62,1.846
720,397.0,192.2,267.0,19.62,1.846
720,397.0,191.8,267.0,19.30,1.846
720,397.0,191.3,267.0,19.30,1.734
720,397.0,190.8,267.0,19.30,1.734
720,397.0,190.3,267.0,19.30,1.734
720,397.0,192.8,267.0,19.62,1.734
720,397.0,192.3,267.0,19.62,1.846
720,397.0,191.8,267.0,19.30,1.846
720,397.0,191.3,267.0,19.30,1.734
720,397.0,190.9,267.0,19.30,1.734
720,397.0,190.4,267.0,19.30,1.734
720,397.0,192.8,267.0,19.62,1.734
720,397.0,192.3,267.0,19.62,1.846
720,397.0,191.9,267.0,19.30,1.846
720,397.0,191.4,267.0,19.30,1.734
720,397.0,190.9,267.0,19.30,1.734
720,397.0,190.4,267.0,19.30,1.734
720,397.0,192.9,267.0,19.62,1.734
720,397.0,192.4,267.0,19.62,1.846
720,397.0,191.9,267.0,19.30,1.846
720,397.0,191.4,267.0,19.30,1.734
720,397.0,191.0,267.0,19.30,1.734
720,397.0,190.5,267.0,19.30,1.734
720,397.0,192.9,267.0,19.62,1.734
720,397.0,192.5,267.0,19.62,1.846
720,397.0,192.0,267.0,19.30,1.846
720,397.0,191.5,267.0,19.30,1.734
720,397.0,191.0,267.0,19.30,1.734
720,397.0,190.5,267.0,19.30,1.734
720,397.0,193.0,267.0,19.62,1.734
720,397.0,192.5,267.0,19.62,1.846
720,397.0,192.0,267.0,19.62,1.846
720,397.0,194.5,267.0,19.62,1.846
720,397.0,194.0,267.0,19.62,1.846
720,397.0,193.5,267.0,19.62,1.846
720,397.0,193.0,267.0,19.62,1.846
720,397.0,192.6,267.0,19.62,1.846
720,397.0,192.1,267.0,19.62,1.846
720,397.0,194.5,267.0,19.62,1.846
720,397.0,194.1,267.0,19.62,1.846
720,397.0,193.6,267.0,19.62,1.846
720,397.0,193.1,267.0,19.62,1.846
720,397.0,192.6,267.0,19.62,1.846
720,397.0,192.1,267.0,19.62,1.846
720,397.0,194.6,267.0,19.62,1.846
720,397.0,194.1,267.0,19.62,1.846
720,397.0,193.6,267.0,19.62,1.846
720,397.0,193.2,267.0,19.62,1.846
720,397.0,192.7,267.0,19.62,1.846
720,397.0,192.2,267.0,19.62,1.846
720,397.0,194.6,267.0,19.62,1.846
720,397.0,194.2,267.0,19.62,1.846
720,397.0,193.7,267.0,19.62,1.846
720,397.0,193.2,267.0,19.62,1.846
720,397.0,192.7,267.0,19.62,1.846
720,397.0,192.2,267.0,19.62,1.846
720,397.0,194.7,267.0,19.62,1.846
720,397.0,194.2,267.0,19.62,1.846
720,397.0,193.7,267.0,19.62,1.846
720,397.0,193.3,267.0,19.62,1.846
720,397.0,192.8,267.0,19.62,1.846
720,397.0,192.3,267.0,19.62,1.846
720,397.0,191.8,267.0,19.30,1.846
720,397.0,191.3,267.0,19.30,1.734
720,397.0,190.8,267.0,19.30,1.734
720,397.0,190.4,267.0,19.30,1.734
720,397.0,192.8,267.0,19.62,1.734
720,397.0,192.3,267.0,19.62,1.846
720,397.0,191.9,267.0,19.30,1.846
720,397.0,191.4,267.0,19.30,1.734
720,397.0,190.9,267.0,19.30,1.734
720,397.0,190.4,267.0,19.30,1.734
720,397.0,192.9,267.0,19.62,1.734
720,397.0,192.4,267.0,19.62,1.846
720,397.0,191.9,267.0,19.30,1.846
720,397.0,191.4,267.0,19.30,1.734
720,397.0,190.9,267.0,19.30,1.734
720,397.0,190.5,267.0,19.30,1.734
720,397.0,192.9,267.0,19.62,1.734
720,397.0,192.5,267.0,19.62,1.846
720,397.0,192.0,267.0,19.30,1.846
720,397.0,191.5,267.0,19.30,1.734
720,397.0,191.0,267.0,19.30,1.734
720,397.0,190.5,267.0,19.30,1.734
720,397.0,193.0,267.0,19.62,1.734
720,397.0,192.5,267.0,19.62,1.846
720,397.0,192.0,267.0,19.62,1.846
720,397.0,194.5,267.0,19.62,1.846
720,397.0,194.0,267.0,19.62,1.846
720,397.0,193.5,267.0,19.62,1.846
720,397.0,193.0,267.0,19.62,1.846
720,397.0,192.6,267.0,19.62,1.846
720,397.0,192.1,267.0,19.62,1.846
720,397.0,194.5,267.0,19.62,1.846
720,397.0,194.0,267.0,19.62,1.846
720,397.0,193.6,267.0,19.62,1.846
720,397.0,193.1,267.0,19.62,1.846
720,397.0,192.6,267.0,19.62,1.846
720,397.0,192.1,267.0,19.62,1.846
720,397.0,194.6,267.0,19.62,1.846
720,397.0,194.1,267.0,19.62,1.846
720,397.0,193.6,267.0,19.62,1.846
726,366.6,177.3,264.5,21.99,0.990
726,372.5,182.6,264.0,19.86,0.990
726,377.5,184.9,267.0,19.83,1.008
726,382.5,187.3,267.0,19.83,1.252
726,385.3,189.7,267.0,19.55,1.252
726,388.2,192.1,267.0,19.51,1.625
726,391.1,194.5,267.0,19.51,1.704
726,394.1,194.0,267.0,19.51,1.704
726,397.0,193.5,267.0,19.62,1.704
726,397.0,193.0,267.0,19.62,1.846
726,397.0,192.5,267.0,19.62,1.846
726,397.0,192.0,267.0,19.62,1.846
726,397.0,194.5,267.0,19.62,1.846
726,397.0,194.0,267.0,19.62,1.846
726,397.0,193.5,267.0,19.62,1.846
726,397.0,193.0,267.0,19.62,1.846
726,397.0,192.6,267.0,19.62,1.846
726,397.0,192.1,267.0,19.62,1.846
726,397.0,194.5,267.0,19.62,1.846
726,397.0,194.1,267.0,19.62,1.846
726,397.0,193.6,267.0,19.62,1.846
726,397.0,193.1,267.0,19.62,1.846
726,397.0,192.6,267.0,19.62,1.846
726,397.0,192.1,267.0,19.62,1.846
726,397.0,194.6,267.0,19.62,1.846
726,397.0,194.1,267.0,19.62,1.846
726,397.0,193.6,267.0,19.62,1.846
726,397.0,193.1,267.0,19.62,1.846
726,397.0,192.7,267.0,19.62,1.846
726,397.0,192.2,267.0,19.62,1.846
726,397.0,194.6,267.0,19.62,1.846
726,397.0,194.2,267.0,19.62,1.846
726,397.0,193.7,267.0,19.62,1.846
726,397.0,193.2,267.0,19.62,1.846
726,397.0,192.7,267.0,19.62,1.846
726,397.0,192.2,267.0,19.62,1.846
726,397.0,194.7,267.0,19.62,1.846
726,397.0,194.2,267.0,19.62,1.846
726,397.0,193.7,267.0,19.62,1.846
726,397.0,193.2,267.0,19.62,1.846
726,397.0,192.8,267.0,19.62,1.846
726,397.0,192.3,267.0,19.62,1.846
726,397.0,191.8,267.0,19.30,1.846
726,397.0,191.3,267.0,19.30,1.734
726,397.0,190.8,267.0,19.30,1.734
726,397.0,190.4,267.0,19.30,1.734
726,397.0,192.8,267.0,19.62,1.734
726,397.0,192.3,267.0,19.62,1.846
726,397.0,191.9,267.0,19.30,1.846
726,397.0,191.4,267.0,19.30,1.734
726,397.0,190.9,267.0,19.30,1.734
726,397.0,190.4,267.0,19.30,1.734
726,397.0,192.9,267.0,19.62,1.734
726,397.0,192.4,267.0,19.62,1.846
726,397.0,191.9,267.0,19.30,1.846
726,397.0,191.4,267.0,19.30,1.734
726,397.0,190.9,267.0,19.30,1.734
726,397.0,190.5,267.0,19.30,1.734
726,397.0,192.9,267.0,19.62,1.734
726,397.0,192.4,267.0,19.62,1.846
726,397.0,192.0,267.0,19.30,1.846
726,397.0,191.5,267.0,19.30,1.734
726,397.0,191.0,267.0,19.30,1.734
726,397.0,190.5,267.0,19.30,1.734
726,397.0,193.0,267.0,19.62,1.734
726,397.0,192.5,267.0,19.62,1.846
726,397.0,192.0,267.0,19.62,1.846
726,397.0,194.5,267.0,19.62,1.846
726,397.0,194.0,267.0,19.62,1.846
726,397.0,193.5,267.0,19.62,1.846
726,397.0,193.0,267.0,19.62,1.846
726,397.0,192.6,267.0,19.62,1.846
726,397.0,192.1,267.0,19.62,1.846
726,397.0,194.5,267.0,19.62,1.846
726,397.0,194.0,267.0,19.62,1.846
726,397.0,193.6,267.0,19.62,1.846
726,397.0,193.1,267.0,19.62,1.846
726,397.0,192.6,267.0,19.62,1.846
726,397.0,192.1,267.0,19.62,1.846
726,397.0,194.6,267.0,19.62,1.846
726,397.0,194.1,267.0,19.62,1.846
726,397.0,193.6,267.0,19.62,1.846
726,397.0,193.1,267.0,19.62,1.846
726,397.0,192.7,267.0,19.62,1.846
726,397.0,192.2,267.0,19.62,1.846
726,397.0,194.6,267.0,19.62,1.846
726,397.0,194.2,267.0,19.62,1.846
726,397.0,193.7,267.0,19.62,1.846
726,397.0,193.2,267.0,19.62,1.846
726,397.0,192.7,267.0,19.62,1.846
726,397.0,192.2,267.0,19.62,1.846
726,397.0,194.7,267.0,19.62,1.846
726,397.0,194.2,267.0,19.62,1.846
726,397.0,193.7,267.0,19.62,1.846
726,397.0,193.2,267.0,19.62,1.846
726,397.0,192.8,267.0,19.62,1.846
726,397.0,192.3,267.0,19.62,1.846
726,397.0,191.8,267.0,19.30,1.846
726,397.0,191.3,267.0,19.30,1.734
726,397.0,190.8,267.0,19.30,1.734
726,397.0,190.3,267.0,19.30,1.734
726,397.0,192.8,267.0,19.62,1.734
726,397.0,192.3,267.0,19.62,1.846
726,397.0,191.9,267.0,19.30,1.846
726,397.0,191.4,267.0,19.30,1.734
726,397.0,190.9,267.0,19.30,1.734
726,397.0,190.4,267.0,19.30,1.734
726,397.0,192.9,267.0,19.62,1.734
726,397.0,192.4,267.0,19.62,1.846
726,397.0,191.9,267.0,19.30,1.846
726,397.0,191.4,267.0,19.30,1.734
726,397.0,190.9,267.0,19.30,1.734
726,397.0,190.5,267.0,19.30,1.734
726,397.0,192.9,267.0,19.62,1.734
726,397.0,192.4,267.0,19.62,1.846
726,397.0,191.9,267.0,19.30,1.846
726,397.0,191.5,267.0,19.30,1.734
726,397.0,191.0,267.0,19.30,1.734
726,397.0,190.5,267.0,19.30,1.734
726,397.0,193.0,267.0,19.62,1.734
726,397.0,192.5,267.0,19.62,1.846
726,397.0,192.0,267.0,19.62,1.846
726,397.0,194.5,267.0,19.62,1.846
726,397.0,194.0,267.0,19.62,1.846
726,397.0,193.5,267.0,19.62,1.846
726,397.0,193.0,267.0,19.62,1.846
726,397.0,192.5,267.0,19.62,1.846
726,397.0,192.1,267.0,19.62,1.846
726,397.0,194.5,267.0,19.62,1.846
726,397.0,194.0,267.0,19.62,1.846
726,397.0,193.6,267.0,19.62,1.846
726,397.0,193.1,267.0,19.62,1.846
726,397.0,192.6,267.0,19.62,1.846
726,397.0,192.1,267.0,19.62,1.846
726,397.0,194.6,267.0,19.62,1.846
726,397.0,194.1,267.0,19.62,1.846
726,397.0,193.6,267.0,19.62,1.846
726,397.0,193.1,267.0,19.62,1.846
726,397.0,192.7,267.0,19.62,1.846
726,397.0,192.2,267.0,19.62,1.846
726,397.0,194.6,267.0,19.62,1.846
726,397.0,194.2,267.0,19.62,1.846
726,397.0,193.7,267.0,19.62,1.846
726,397.0,193.2,267.0,19.62,1.846
726,397.0,192.7,267.0,19.62,1.846
726,397.0,192.2,267.0,19.62,1.846
726,397.0,194.7,267.0,19.62,1.846
726,397.0,194.2,267.0,19.62,1.846
726,397.0,193.7,267.0,19.62,1.846
726,397.0,193.2,267.0,19.62,1.846
726,397.0,192.8,267.0,19.62,1.846
726,397.0,192.3,267.0,19.62,1.846
726,397.0,191.8,267.0,19.30,1.846
726,397.0,191.3,267.0,19.30,1.734
726,397.0,190.8,267.0,19.30,1.734
726,397.0,190.3,267.0,19.30,1.734
726,397.0,192.8,267.0,19.62,1.734
726,397.0,192.3,267.0,19.62,1.846
726,397.0,191.8,267.0,19.30,1.846
726,397.0,191.4,267.0,19.30,1.734
732,423.5,212.1,264.6,19.30,0.893
732,416.9,209.3,264.2,19.64,0.893
732,414.1,206.1,267.0,19.64,1.591
732,411.2,202.8,267.0,19.51,1.591
732,408.2,202.3,267.0,19.51,1.704
732,408.2,201.8,267.0,19.51,1.704
732,408.2,201.3,267.0,19.51,1.704
732,408.2,200.9,267.0,19.51,1.704
732,408.2,200.4,267.0,19.51,1.704
732,408.2,199.9,267.0,19.51,1.704
732,408.2,199.4,267.0,19.51,1.704
732,408.2,198.9,267.0,19.51,1.704
732,408.2,198.5,267.0,19.51,1.704
732,408.2,198.0,267.0,19.51,1.704
732,408.2,197.5,267.0,19.51,1.704
732,408.2,197.0,267.0,19.51,1.704
732,408.2,196.5,267.0,19.51,1.704
732,408.2,196.0,267.0,19.51,1.704
732,408.2,195.6,267.0,19.51,1.704
732,408.2,195.1,267.0,19.51,1.704
732,408.2,194.6,267.0,19.51,1.704
732,408.2,194.1,267.0,19.51,1.704
732,408.2,193.6,267.0,19.51,1.704
732,408.2,193.2,267.0,19.51,1.704
732,408.2,192.7,267.0,19.51,1.704
732,408.2,192.2,267.0,19.51,1.704
732,408.2,194.6,267.0,19.51,1.704
732,408.2,194.2,267.0,19.51,1.704
732,408.2,193.7,267.0,19.51,1.704
732,408.2,193.2,267.0,19.51,1.704
732,408.2,192.7,267.0,19.51,1.704
732,408.2,192.2,267.0,19.51,1.704
732,408.2,194.7,267.0,19.51,1.704
732,408.2,194.2,267.0,19.51,1.704
732,408.2,193.7,267.0,19.51,1.704
732,408.2,193.3,267.0,19.51,1.704
732,408.2,192.8,267.0,19.51,1.704
732,408.2,192.3,267.0,19.51,1.704
732,408.2,191.8,267.0,19.55,1.704
732,408.2,191.3,267.0,19.55,1.625
732,408.2,190.8,267.0,19.55,1.625
732,408.2,190.4,267.0,19.55,1.625
732,408.2,192.8,267.0,19.51,1.625
732,408.2,192.3,267.0,19.51,1.704
732,408.2,191.9,267.0,19.55,1.704
732,408.2,191.4,267.0,19.55,1.625
732,408.2,190.9,267.0,19.55,1.625
732,408.2,190.4,267.0,19.55,1.625
732,408.2,192.9,267.0,19.51,1.625
732,408.2,192.4,267.0,19.51,1.704
732,408.2,191.9,267.0,19.55,1.704
732,408.2,191.4,267.0,19.55,1.625
732,408.2,190.9,267.0,19.55,1.625
732,408.2,190.5,267.0,19.55,1.625
732,408.2,192.9,267.0,19.51,1.625
732,408.2,192.5,267.0,19.51,1.704
732,408.2,192.0,267.0,19.55,1.704
732,408.2,191.5,267.0,19.55,1.625
732,408.2,191.0,267.0,19.55,1.625
732,408.2,190.5,267.0,19.55,1.625
732,408.2,193.0,267.0,19.51,1.625
732,408.2,192.5,267.0,19.51,1.704
732,408.2,192.0,267.0,19.51,1.704
732,408.2,194.5,267.0,19.51,1.704
732,408.2,194.0,267.0,19.51,1.704
732,408.2,193.5,267.0,19.51,1.704
732,408.2,193.0,267.0,19.51,1.704
732,408.2,192.6,267.0,19.51,1.704
732,408.2,192.1,267.0,19.51,1.704
732,408.2,194.5,267.0,19.51,1.704
732,408.2,194.1,267.0,19.51,1.704
732,408.2,193.6,267.0,19.51,1.704
732,408.2,193.1,267.0,19.51,1.704
732,408.2,192.6,267.0,19.51,1.704
732,408.2,192.1,267.0,19.51,1.704
732,408.2,194.6,267.0,19.51,1.704
732,408.2,194.1,267.0,19.51,1.704
732,408.2,193.6,267.0,19.51,1.704
732,408.2,193.1,267.0,19.51,1.704
732,408.2,192.7,267.0,19.51,1.704
732,408.2,192.2,267.0,19.51,1.704
732,408.2,194.6,267.0,19.51,1.704
732,408.2,194.2,267.0,19.51,1.704
732,408.2,193.7,267.0,19.51,1.704
732,408.2,193.2,267.0,19.51,1.704
732,408.2,192.7,267.0,19.51,1.704
732,408.2,192.2,267.0,19.51,1.704
732,408.2,194.7,267.0,19.51,1.704
732,408.2,194.2,267.0,19.51,1.704
732,408.2,193.7,267.0,19.51,1.704
732,408.2,193.2,267.0,19.51,1.704
732,408.2,192.8,267.0,19.51,1.704
732,408.2,192.3,267.0,19.51,1.704
732,408.2,191.8,267.0,19.55,1.704
732,408.2,191.3,267.0,19.55,1.625
732,408.2,190.8,267.0,19.55,1.625
732,408.2,190.3,267.0,19.55,1.625
732,408.2,192.8,267.0,19.51,1.625
732,408.2,192.3,267.0,19.51,1.704
732,408.2,191.9,267.0,19.55,1.704
732,408.2,191.4,267.0,19.55,1.625
732,408.2,190.9,267.0,19.55,1.625
732,408.2,190.4,267.0,19.55,1.625
732,408.2,192.9,267.0,19.51,1.625
732,408.2,192.4,267.0,19.51,1.704
732,408.2,191.9,267.0,19.55,1.704
732,408.2,191.4,267.0,19.55,1.625
732,408.2,190.9,267.0,19.55,1.625
732,408.2,190.5,267.0,19.55,1.625
732,408.2,192.9,267.0,19.51,1.625
732,408.2,192.4,267.0,19.51,1.704
732,408.2,192.0,267.0,19.55,1.704
732,408.2,191.5,267.0,19.55,1.625
732,408.2,191.0,267.0,19.55,1.625
732,408.2,190.5,267.0,19.55,1.625
732,408.2,193.0,267.0,19.51,1.625
732,408.2,192.5,267.0,19.51,1.704
732,408.2,192.0,267.0,19.51,1.704
732,408.2,194.5,267.0,19.51,1.704
732,408.2,194.0,267.0,19.51,1.704
732,408.2,193.5,267.0,19.51,1.704
732,408.2,193.0,267.0,19.51,1.704
732,408.2,192.6,267.0,19.51,1.704
732,408.2,192.1,267.0,19.51,1.704
732,408.2,194.5,267.0,19.51,1.704
732,408.2,194.0,267.0,19.51,1.704
732,408.2,193.6,267.0,19.51,1.704
732,408.2,193.1,267.0,19.51,1.704
732,408.2,192.6,267.0,19.51,1.704
732,408.2,192.1,267.0,19.51,1.704
732,408.2,194.6,267.0,19.51,1.704
732,408.2,194.1,267.0,19.51,1.704
732,408.2,193.6,267.0,19.51,1.704
732,408.2,193.1,267.0,19.51,1.704
732,408.2,192.7,267.0,19.51,1.704
732,408.2,192.2,267.0,19.51,1.704
732,408.2,194.6,267.0,19.51,1.704
732,408.2,194.2,267.0,19.51,1.704
732,408.2,193.7,267.0,19.51,1.704
732,408.2,193.2,267.0,19.51,1.704
732,408.2,192.7,267.0,19.51,1.704
732,408.2,192.2,267.0,19.51,1.704
732,408.2,194.7,267.0,19.51,1.704
732,408.2,194.2,267.0,19.51,1.704
732,408.2,193.7,267.0,19.51,1.704
732,408.2,193.2,267.0,19.51,1.704
732,408.2,192.8,267.0,19.51,1.704
732,408.2,192.3,267.0,19.51,1.704
732,408.2,191.8,267.0,19.55,1.704
732,408.2,191.3,267.0,19.55,1.625
732,408.2,190.8,267.0,19.55,1.625
732,408.2,190.3,267.0,19.55,1.625
732,408.2,192.8,267.0,19.51,1.625
732,408.2,192.3,267.0,19.51,1.704
732,408.2,191.9,267.0,19.55,1.704
732,408.2,191.4,267.0,19.55,1.625
732,408.2,190.9,267.0,19.55,1.625
732,408.2,190.4,267.0,19.55,1.625
732,408.2,192.9,267.0,19.51,1.625
732,408.2,192.4,267.0,19.51,1.704
738,421.9,179.9,264.5,21.17,0.990
738,419.1,182.3,267.0,19.55,0.990
738,416.2,184.8,267.0,19.55,1.625
738,413.3,187.2,267.0,19.55,1.625
738,410.4,189.6,267.0,19.55,1.625
738,407.5,192.0,267.0,19.30,1.625
738,407.5,191.5,267.0,19.30,1.734
738,407.5,191.0,267.0,19.30,1.734
738,407.5,190.5,267.0,19.30,1.734
738,407.5,193.0,267.0,19.62,1.734
738,407.5,192.5,267.0,19.62,1.846
738,407.5,192.0,267.0,19.62,1.846
738,407.5,194.5,267.0,19.62,1.846
738,407.5,194.0,267.0,19.62,1.846
738,407.5,193.5,267.0,19.62,1.846
738,407.5,193.0,267.0,19.62,1.846
738,407.5,192.6,267.0,19.62,1.846
738,407.5,192.1,267.0,19.62,1.846
738,407.5,194.5,267.0,19.62,1.846
738,407.5,194.1,267.0,19.62,1.846
738,407.5,193.6,267.0,19.62,1.846
738,407.5,193.1,267.0,19.62,1.846
738,407.5,192.6,267.0,19.62,1.846
738,407.5,192.1,267.0,19.62,1.846
738,407.5,194.6,267.0,19.62,1.846
738,407.5,194.1,267.0,19.62,1.846
738,407.5,193.6,267.0,19.62,1.846
738,407.5,193.2,267.0,19.62,1.846
738,407.5,192.7,267.0,19.62,1.846
738,407.5,192.2,267.0,19.62,1.846
738,407.5,194.6,267.0,19.62,1.846
738,407.5,194.2,267.0,19.62,1.846
738,407.5,193.7,267.0,19.62,1.846
738,407.5,193.2,267.0,19.62,1.846
738,407.5,192.7,267.0,19.62,1.846
738,407.5,192.2,267.0,19.62,1.846
738,407.5,194.7,267.0,19.62,1.846
738,407.5,194.2,267.0,19.62,1.846
738,407.5,193.7,267.0,19.62,1.846
738,407.5,193.3,267.0,19.62,1.846
738,407.5,192.8,267.0,19.62,1.846
738,407.5,192.3,267.0,19.62,1.846
738,407.5,191.8,267.0,19.30,1.846
738,407.5,191.3,267.0,19.30,1.734
738,407.5,190.8,267.0,19.30,1.734
738,407.5,190.4,267.0,19.30,1.734
738,407.5,192.8,267.0,19.62,1.734
738,407.5,192.3,267.0,19.62,1.846
738,407.5,191.9,267.0,19.30,1.846
738,407.5,191.4,267.0,19.30,1.734
738,407.5,190.9,267.0,19.30,1.734
738,407.5,190.4,267.0,19.30,1.734
738,407.5,192.9,267.0,19.62,1.734
738,407.5,192.4,267.0,19.62,1.846
738,407.5,191.9,267.0,19.30,1.846
738,407.5,191.4,267.0,19.30,1.734
738,407.5,190.9,267.0,19.30,1.734
738,407.5,190.5,267.0,19.30,1.734
738,407.5,192.9,267.0,19.62,1.734
738,407.5,192.5,267.0,19.62,1.846
738,407.5,192.0,267.0,19.30,1.846
738,407.5,191.5,267.0,19.30,1.734
738,407.5,191.0,267.0,19.30,1.734
738,407.5,190.5,267.0,19.30,1.734
738,407.5,193.0,267.0,19.62,1.734
738,407.5,192.5,267.0,19.62,1.846
738,407.5,192.0,267.0,19.62,1.846
738,407.5,194.5,267.0,19.62,1.846
738,407.5,194.0,267.0,19.62,1.846
738,407.5,193.5,267.0,19.62,1.846
738,407.5,193.0,267.0,19.62,1.846
738,407.5,192.6,267.0,19.62,1.846
738,407.5,192.1,267.0,19.62,1.846
738,407.5,194.5,267.0,19.62,1.846
738,407.5,194.0,267.0,19.62,1.846
738,407.5,193.6,267.0,19.62,1.846
738,407.5,193.1,267.0,19.62,1.846
738,407.5,192.6,267.0,19.62,1.846
738,407.5,192.1,267.0,19.62,1.846
738,407.5,194.6,267.0,19.62,1.846
738,407.5,194.1,267.0,19.62,1.846
738,407.5,193.6,267.0,19.62,1.846
738,407.5,193.1,267.0,19.62,1.846
738,407.5,192.7,267.0,19.62,1.846
738,407.5,192.2,267.0,19.62,1.846
738,407.5,194.6,267.0,19.62,1.846
738,407.5,194.2,267.0,19.62,1.846
738,407.5,193.7,267.0,19.62,1.846
738,407.5,193.2,267.0,19.62,1.846
738,407.5,192.7,267.0,19.62,1.846
738,407.5,192.2,267.0,19.62,1.846
738,407.5,194.7,267.0,19.62,1.846
738,407.5,194.2,267.0,19.62,1.846
738,407.5,193.7,267.0,19.62,1.846
738,407.5,193.2,267.0,19.62,1.846
738,407.5,192.8,267.0,19.62,1.846
738,407.5,192.3,267.0,19.62,1.846
738,407.5,191.8,267.0,19.30,1.846
738,407.5,191.3,267.0,19.30,1.734
738,407.5,190.8,267.0,19.30,1.734
738,407.5,190.3,267.0,19.30,1.734
738,407.5,192.8,267.0,19.62,1.734
738,407.5,192.3,267.0,19.62,1.846
738,407.5,191.9,267.0,19.30,1.846
738,407.5,191.4,267.0,19.30,1.734
738,407.5,190.9,267.0,19.30,1.734
738,407.5,190.4,267.0,19.30,1.734
738,407.5,192.9,267.0,19.62,1.734
738,407.5,192.4,267.0,19.62,1.846
738,407.5,191.9,267.0,19.30,1.846
738,407.5,191.4,267.0,19.30,1.734
738,407.5,190.9,267.0,19.30,1.734
738,407.5,190.5,267.0,19.30,1.734
738,407.5,192.9,267.0,19.62,1.734
738,407.5,192.4,267.0,19.62,1.846
738,407.5,192.0,267.0,19.30,1.846
738,407.5,191.5,267.0,19.30,1.734
738,407.5,191.0,267.0,19.30,1.734
738,407.5,190.5,267.0,19.30,1.734
738,407.5,193.0,267.0,19.62,1.734
738,407.5,192.5,267.0,19.62,1.846
738,407.5,192.0,267.0,19.62,1.846
738,407.5,194.5,267.0,19.62,1.846
738,407.5,194.0,267.0,19.62,1.846
738,407.5,193.5,267.0,19.62,1.846
738,407.5,193.0,267.0,19.62,1.846
738,407.5,192.6,267.0,19.62,1.846
738,407.5,192.1,267.0,19.62,1.846
738,407.5,194.5,267.0,19.62,1.846
738,407.5,194.0,267.0,19.62,1.846
738,407.5,193.6,267.0,19.62,1.846
738,407.5,193.1,267.0,19.62,1.846
738,407.5,192.6,267.0,19.62,1.846
738,407.5,192.1,267.0,19.62,1.846
738,407.5,194.6,267.0,19.62,1.846
738,407.5,194.1,267.0,19.62,1.846
738,407.5,193.6,267.0,19.62,1.846
738,407.5,193.1,267.0,19.62,1.846
738,407.5,192.7,267.0,19.62,1.846
738,407.5,192.2,267.0,19.62,1.846
738,407.5,194.6,267.0,19.62,1.846
738,407.5,194.2,267.0,19.62,1.846
738,407.5,193.7,267.0,19.62,1.846
738,407.5,193.2,267.0,19.62,1.846
738,407.5,192.7,267.0,19.62,1.846
738,407.5,192.2,267.0,19.62,1.846
738,407.5,194.7,267.0,19.62,1.846
738,407.5,194.2,267.0,19.62,1.846
738,407.5,193.7,267.0,19.62,1.846
738,407.5,193.2,267.0,19.62,1.846
738,407.5,192.8,267.0,19.62,1.846
738,407.5,192.3,267.0,19.62,1.846
738,407.5,191.8,267.0,19.30,1.846
738,407.5,191.3,267.0,19.30,1.734
738,407.5,190.8,267.0,19.30,1.734
738,407.5,190.3,267.0,19.30,1.734
738,407.5,192.8,267.0,19.62,1.734
738,407.5,192.3,267.0,19.62,1.846
738,407.5,191.9,267.0,19.30,1.846
738,407.5,191.4,267.0,19.30,1.734
744,446.3,177.7,262.6,23.05,0.548
744,443.2,177.6,260.2,22.02,0.490
744,438.9,179.3,257.4,22.02,0.673
744,433.9,179.9,249.9,22.00,0.673
744,429.6,180.0,244.5,20.07,0.497
744,424.4,180.6,243.2,20.07,0.671
744,419.2,181.2,241.9,19.86,0.671
744,417.0,182.8,246.4,19.86,0.654
744,414.9,184.3,250.9,19.86,0.654
744,412.2,186.4,260.3,19.60,0.654
744,409.3,188.8,267.0,19.55,1.253
744,406.4,191.2,267.0,19.30,1.625
744,406.4,190.8,267.0,19.30,1.734
744,406.4,193.2,267.0,19.62,1.734
744,406.4,192.7,267.0,19.62,1.846
744,406.4,192.3,267.0,19.62,1.846
744,406.4,191.8,267.0,19.30,1.846
744,406.4,191.3,267.0,19.30,1.734
744,406.4,190.8,267.0,19.30,1.734
744,406.4,190.3,267.0,19.30,1.734
744,406.4,192.8,267.0,19.62,1.734
744,406.4,192.3,267.0,19.62,1.846
744,406.4,191.8,267.0,19.30,1.846
744,406.4,191.3,267.0,19.30,1.734
744,406.4,190.9,267.0,19.30,1.734
744,406.4,190.4,267.0,19.30,1.734
744,406.4,192.8,267.0,19.62,1.734
744,406.4,192.4,267.0,19.62,1.846
744,406.4,191.9,267.0,19.30,1.846
744,406.4,191.4,267.0,19.30,1.734
744,406.4,190.9,267.0,19.30,1.734
744,406.4,190.4,267.0,19.30,1.734
744,406.4,192.9,267.0,19.62,1.734
744,406.4,192.4,267.0,19.62,1.846
744,406.4,191.9,267.0,19.30,1.846
744,406.4,191.5,267.0,19.30,1.734
744,406.4,191.0,267.0,19.30,1.734
744,406.4,190.5,267.0,19.30,1.734
744,406.4,192.9,267.0,19.62,1.734
744,406.4,192.5,267.0,19.62,1.846
744,406.4,192.0,267.0,19.30,1.846
744,406.4,191.5,267.0,19.30,1.734
744,406.4,191.0,267.0,19.30,1.734
744,406.4,190.5,267.0,19.30,1.734
744,406.4,193.0,267.0,19.62,1.734
744,406.4,192.5,267.0,19.62,1.846
744,406.4,192.0,267.0,19.62,1.846
744,406.4,194.5,267.0,19.62,1.846
744,406.4,194.0,267.0,19.62,1.846
744,406.4,193.5,267.0,19.62,1.846
744,406.4,193.1,267.0,19.62,1.846
744,406.4,192.6,267.0,19.62,1.846
744,406.4,192.1,267.0,19.62,1.846
744,406.4,194.6,267.0,19.62,1.846
744,406.4,194.1,267.0,19.62,1.846
744,406.4,193.6,267.0,19.62,1.846
744,406.4,193.1,267.0,19.62,1.846
744,406.4,192.6,267.0,19.62,1.846
744,406.4,192.1,267.0,19.62,1.846
744,406.4,194.6,267.0,19.62,1.846
744,406.4,194.1,267.0,19.62,1.846
744,406.4,193.6,267.0,19.62,1.846
744,406.4,193.2,267.0,19.62,1.846
744,406.4,192.7,267.0,19.62,1.846
744,406.4,192.2,267.0,19.62,1.846
744,406.4,194.7,267.0,19.62,1.846
744,406.4,194.2,267.0,19.62,1.846
744,406.4,193.7,267.0,19.62,1.846
744,406.4,193.2,267.0,19.62,1.846
744,406.4,192.7,267.0,19.62,1.846
744,406.4,192.2,267.0,19.62,1.846
744,406.4,191.8,267.0,19.30,1.846
744,406.4,191.3,267.0,19.30,1.734
744,406.4,190.8,267.0,19.30,1.734
744,406.4,190.3,267.0,19.30,1.734
744,406.4,192.8,267.0,19.62,1.734
744,406.4,192.3,267.0,19.62,1.846
744,406.4,191.8,267.0,19.30,1.846
744,406.4,191.3,267.0,19.30,1.734
744,406.4,190.9,267.0,19.30,1.734
744,406.4,190.4,267.0,19.30,1.734
744,406.4,192.8,267.0,19.62,1.734
744,406.4,192.4,267.0,19.62,1.846
744,406.4,191.9,267.0,19.30,1.846
744,406.4,191.4,267.0,19.30,1.734
744,406.4,190.9,267.0,19.30,1.734
744,406.4,190.4,267.0,19.30,1.734
744,406.4,192.9,267.0,19.62,1.734
744,406.4,192.4,267.0,19.62,1.846
744,406.4,191.9,267.0,19.30,1.846
744,406.4,191.4,267.0,19.30,1.734
744,406.4,191.0,267.0,19.30,1.734
744,406.4,190.5,267.0,19.30,1.734
744,406.4,192.9,267.0,19.62,1.734
744,406.4,192.5,267.0,19.62,1.846
744,406.4,192.0,267.0,19.30,1.846
744,406.4,191.5,267.0,19.30,1.734
744,406.4,191.0,267.0,19.30,1.734
744,406.4,190.5,267.0,19.30,1.734
744,406.4,193.0,267.0,19.62,1.734
744,406.4,192.5,267.0,19.62,1.846
744,406.4,192.0,267.0,19.62,1.846
744,406.4,194.5,267.0,19.62,1.846
744,406.4,194.0,267.0,19.62,1.846
744,406.4,193.5,267.0,19.62,1.846
744,406.4,193.1,267.0,19.62,1.846
744,406.4,192.6,267.0,19.62,1.846
744,406.4,192.1,267.0,19.62,1.846
744,406.4,194.6,267.0,19.62,1.846
744,406.4,194.1,267.0,19.62,1.846
744,406.4,193.6,267.0,19.62,1.846
744,406.4,193.1,267.0,19.62,1.846
744,406.4,192.6,267.0,19.62,1.846
744,406.4,192.1,267.0,19.62,1.846
744,406.4,194.6,267.0,19.62,1.846
744,406.4,194.1,267.0,19.62,1.846
744,406.4,193.6,267.0,19.62,1.846
744,406.4,193.2,267.0,19.62,1.846
744,406.4,192.7,267.0,19.62,1.846
744,406.4,192.2,267.0,19.62,1.846
744,406.4,194.6,267.0,19.62,1.846
744,406.4,194.2,267.0,19.62,1.846
744,406.4,193.7,267.0,19.62,1.846
744,406.4,193.2,267.0,19.62,1.846
744,406.4,192.7,267.0,19.62,1.846
744,406.4,192.2,267.0,19.62,1.846
744,406.4,191.8,267.0,19.30,1.846
744,406.4,191.3,267.0,19.30,1.734
744,406.4,190.8,267.0,19.30,1.734
744,406.4,190.3,267.0,19.30,1.734
744,406.4,192.8,267.0,19.62,1.734
744,406.4,192.3,267.0,19.62,1.846
744,406.4,191.8,267.0,19.30,1.846
744,406.4,191.3,267.0,19.30,1.734
744,406.4,190.9,267.0,19.30,1.734
744,406.4,190.4,267.0,19.30,1.734
744,406.4,192.8,267.0,19.62,1.734
744,406.4,192.3,267.0,19.62,1.846
744,406.4,191.9,267.0,19.30,1.846
744,406.4,191.4,267.0,19.30,1.734
744,406.4,190.9,267.0,19.30,1.734
744,406.4,190.4,267.0,19.30,1.734
744,406.4,192.9,267.0,19.62,1.734
744,406.4,192.4,267.0,19.62,1.846
744,406.4,191.9,267.0,19.30,1.846
744,406.4,191.4,267.0,19.30,1.734
744,406.4,190.9,267.0,19.30,1.734
744,406.4,190.5,267.0,19.30,1.734
744,406.4,192.9,267.0,19.62,1.734
744,406.4,192.5,267.0,19.62,1.846
744,406.4,192.0,267.0,19.30,1.846
744,406.4,191.5,267.0,19.30,1.734
744,406.4,191.0,267.0,19.30,1.734
744,406.4,190.5,267.0,19.30,1.734
744,406.4,193.0,267.0,19.62,1.734
744,406.4,192.5,267.0,19.62,1.846
744,406.4,192.0,267.0,19.62,1.846
744,406.4,194.5,267.0,19.62,1.846
744,406.4,194.0,267.0,19.62,1.846
744,406.4,193.5,267.0,19.62,1.846
750,420.5,240.0,262.7,21.03,0.507
750,418.6,233.7,262.2,19.11,0.816
750,416.6,227.3,261.7,19.60,0.828
750,413.8,222.1,267.0,19.52,1.021
750,410.9,216.9,267.0,19.52,1.247
750,408.0,213.6,267.0,19.64,1.247
750,408.0,210.4,267.0,19.64,1.591
750,408.0,207.1,267.0,19.64,1.591
750,408.0,203.8,267.0,19.51,1.591
750,408.0,203.4,267.0,19.51,1.704
750,408.0,202.9,267.0,19.51,1.704
750,408.0,202.4,267.0,19.51,1.704
750,408.0,201.9,267.0,19.51,1.704
750,408.0,201.4,267.0,19.51,1.704
750,408.0,201.0,267.0,19.51,1.704
750,408.0,200.5,267.0,19.51,1.704
750,408.0,200.0,267.0,19.51,1.704
750,408.0,199.5,267.0,19.51,1.704
750,408.0,199.0,267.0,19.51,1.704
750,408.0,198.6,267.0,19.51,1.704
750,408.0,198.1,267.0,19.51,1.704
750,408.0,197.6,267.0,19.51,1.704
750,408.0,197.1,267.0,19.51,1.704
750,408.0,196.6,267.0,19.51,1.704
750,408.0,196.1,267.0,19.51,1.704
750,408.0,195.6,267.0,19.51,1.704
750,408.0,195.2,267.0,19.51,1.704
750,408.0,194.7,267.0,19.51,1.704
750,408.0,194.2,267.0,19.51,1.704
750,408.0,193.7,267.0,19.51,1.704
750,408.0,193.2,267.0,19.51,1.704
750,408.0,192.8,267.0,19.51,1.704
750,408.0,192.3,267.0,19.51,1.704
750,408.0,191.8,267.0,19.55,1.704
750,408.0,191.3,267.0,19.55,1.625
750,408.0,190.8,267.0,19.55,1.625
750,408.0,190.3,267.0,19.55,1.625
750,408.0,192.8,267.0,19.51,1.625
750,408.0,192.3,267.0,19.51,1.704
750,408.0,191.9,267.0,19.55,1.704
750,408.0,191.4,267.0,19.55,1.625
750,408.0,190.9,267.0,19.55,1.625
750,408.0,190.4,267.0,19.55,1.625
750,408.0,192.9,267.0,19.51,1.625
750,408.0,192.4,267.0,19.51,1.704
750,408.0,191.9,267.0,19.55,1.704
750,408.0,191.4,267.0,19.55,1.625
750,408.0,190.9,267.0,19.55,1.625
750,408.0,190.5,267.0,19.55,1.625
750,408.0,192.9,267.0,19.51,1.625
750,408.0,192.4,267.0,19.51,1.704
750,408.0,191.9,267.0,19.55,1.704
750,408.0,191.5,267.0,19.55,1.625
750,408.0,191.0,267.0,19.55,1.625
750,408.0,190.5,267.0,19.55,1.625
750,408.0,193.0,267.0,19.51,1.625
750,408.0,192.5,267.0,19.51,1.704
750,408.0,192.0,267.0,19.51,1.704
750,408.0,194.5,267.0,19.51,1.704
750,408.0,194.0,267.0,19.51,1.704
750,408.0,193.5,267.0,19.51,1.704
750,408.0,193.0,267.0,19.51,1.704
750,408.0,192.5,267.0,19.51,1.704
750,408.0,192.1,267.0,19.51,1.704
750,408.0,194.5,267.0,19.51,1.704
750,408.0,194.0,267.0,19.51,1.704
750,408.0,193.6,267.0,19.51,1.704
750,408.0,193.1,267.0,19.51,1.704
750,408.0,192.6,267.0,19.51,1.704
750,408.0,192.1,267.0,19.51,1.704
750,408.0,194.6,267.0,19.51,1.704
750,408.0,194.1,267.0,19.51,1.704
750,408.0,193.6,267.0,19.51,1.704
750,408.0,193.1,267.0,19.51,1.704
750,408.0,192.6,267.0,19.51,1.704
750,408.0,192.2,267.0,19.51,1.704
750,408.0,194.6,267.0,19.51,1.704
750,408.0,194.1,267.0,19.51,1.704
750,408.0,193.7,267.0,19.51,1.704
750,408.0,193.2,267.0,19.51,1.704
750,408.0,192.7,267.0,19.51,1.704
750,408.0,192.2,267.0,19.51,1.704
750,408.0,194.7,267.0,19.51,1.704
750,408.0,194.2,267.0,19.51,1.704
750,408.0,193.7,267.0,19.51,1.704
750,408.0,193.2,267.0,19.51,1.704
750,408.0,192.8,267.0,19.51,1.704
750,408.0,192.3,267.0,19.51,1.704
750,408.0,191.8,267.0,19.55,1.704
750,408.0,191.3,267.0,19.55,1.625
750,408.0,190.8,267.0,19.55,1.625
750,408.0,190.3,267.0,19.55,1.625
750,408.0,192.8,267.0,19.51,1.625
750,408.0,192.3,267.0,19.51,1.704
750,408.0,191.8,267.0,19.55,1.704
750,408.0,191.4,267.0,19.55,1.625
750,408.0,190.9,267.0,19.55,1.625
750,408.0,190.4,267.0,19.55,1.625
750,408.0,192.9,267.0,19.51,1.625
750,408.0,192.4,267.0,19.51,1.704
750,408.0,191.9,267.0,19.55,1.704
750,408.0,191.4,267.0,19.55,1.625
750,408.0,190.9,267.0,19.55,1.625
750,408.0,190.4,267.0,19.55,1.625
750,408.0,192.9,267.0,19.51,1.625
750,408.0,192.4,267.0,19.51,1.704
750,408.0,191.9,267.0,19.55,1.704
750,408.0,191.5,267.0,19.55,1.625
750,408.0,191.0,267.0,19.55,1.625
750,408.0,190.5,267.0,19.55,1.625
750,408.0,193.0,267.0,19.51,1.625
750,408.0,192.5,267.0,19.51,1.704
750,408.0,192.0,267.0,19.51,1.704
750,408.0,191.5,267.0,19.55,1.625
750,408.0,191.0,267.0,19.55,1.625
750,408.0,190.6,267.0,19.55,1.625
750,408.0,193.0,267.0,19.51,1.625
750,408.0,192.5,267.0,19.51,1.704
750,408.0,192.1,267.0,19.51,1.704
750,408.0,194.5,267.0,19.51,1.704
750,408.0,194.0,267.0,19.51,1.704
750,408.0,193.6,267.0,19.51,1.704
750,408.0,193.1,267.0,19.51,1.704
750,408.0,192.6,267.0,19.51,1.704
750,408.0,192.1,267.0,19.51,1.704
750,408.0,194.6,267.0,19.51,1.704
750,408.0,194.1,267.0,19.51,1.704
750,408.0,193.6,267.0,19.51,1.704
750,408.0,193.1,267.0,19.51,1.704
750,408.0,192.6,267.0,19.51,1.704
750,408.0,192.2,267.0,19.51,1.704
750,408.0,194.6,267.0,19.51,1.704
750,408.0,194.1,267.0,19.51,1.704
750,408.0,193.7,267.0,19.51,1.704
750,408.0,193.2,267.0,19.51,1.704
750,408.0,192.7,267.0,19.51,1.704
750,408.0,192.2,267.0,19.51,1.704
750,408.0,194.7,267.0,19.51,1.704
750,408.0,194.2,267.0,19.51,1.704
750,408.0,193.7,267.0,19.51,1.704
750,408.0,193.2,267.0,19.51,1.704
750,408.0,192.7,267.0,19.51,1.704
750,408.0,192.3,267.0,19.51,1.704
750,408.0,191.8,267.0,19.55,1.704
750,408.0,191.3,267.0,19.55,1.625
750,408.0,190.8,267.0,19.55,1.625
750,408.0,190.3,267.0,19.55,1.625
750,408.0,192.8,267.0,19.51,1.625
750,408.0,192.3,267.0,19.51,1.704
750,408.0,191.8,267.0,19.55,1.704
750,408.0,191.3,267.0,19.55,1.625
750,408.0,190.9,267.0,19.55,1.625
750,408.0,190.4,267.0,19.55,1.625
750,408.0,192.9,267.0,19.51,1.625
750,408.0,192.4,267.0,19.51,1.704
750,408.0,191.9,267.0,19.55,1.704
750,408.0,191.4,267.0,19.55,1.625
750,408.0,190.9,267.0,19.55,1.625
750,408.0,190.4,267.0,19.55,1.625
750,408.0,192.9,267.0,19.51,1.625
756,374.3,213.0,267.0,19.60,1.000
756,379.3,209.8,267.0,19.60,1.261
756,384.3,206.6,267.0,19.64,1.261
756,387.2,203.3,267.0,19.51,1.591
756,390.1,202.8,267.0,19.51,1.704
756,393.0,202.3,267.0,19.51,1.704
756,395.9,201.8,267.0,19.51,1.704
756,395.9,201.3,267.0,19.51,1.846
756,395.9,200.8,267.0,19.51,1.846
756,395.9,200.3,267.0,19.51,1.846
756,395.9,199.8,267.0,19.51,1.846
756,395.9,199.4,267.0,19.51,1.846
756,395.9,198.9,267.0,19.51,1.846
756,395.9,198.4,267.0,19.51,1.846
756,395.9,197.9,267.0,19.51,1.846
756,395.9,197.4,267.0,19.51,1.846
756,395.9,197.0,267.0,19.51,1.846
756,395.9,196.5,267.0,19.51,1.846
756,395.9,196.0,267.0,19.51,1.846
756,395.9,195.5,267.0,19.51,1.846
756,395.9,195.0,267.0,19.51,1.846
756,395.9,194.6,267.0,19.51,1.846
756,395.9,194.1,267.0,19.51,1.846
756,395.9,193.6,267.0,19.51,1.846
756,395.9,193.1,267.0,19.51,1.846
756,395.9,192.6,267.0,19.51,1.846
756,395.9,192.1,267.0,19.51,1.846
756,395.9,194.6,267.0,19.51,1.846
756,395.9,194.1,267.0,19.51,1.846
756,395.9,193.6,267.0,19.51,1.846
756,395.9,193.2,267.0,19.51,1.846
756,395.9,192.7,267.0,19.51,1.846
756,395.9,192.2,267.0,19.51,1.846
756,395.9,194.6,267.0,19.51,1.846
756,395.9,194.2,267.0,19.51,1.846
756,395.9,193.7,267.0,19.51,1.846
756,395.9,193.2,267.0,19.51,1.846
756,395.9,192.7,267.0,19.51,1.846
756,395.9,192.2,267.0,19.51,1.846
756,395.9,194.7,267.0,19.51,1.846
756,395.9,194.2,267.0,19.51,1.846
756,395.9,193.7,267.0,19.51,1.846
756,395.9,193.3,267.0,19.51,1.846
756,395.9,192.8,267.0,19.51,1.846
756,395.9,192.3,267.0,19.51,1.846
756,395.9,191.8,267.0,19.55,1.846
756,395.9,191.3,267.0,19.55,1.734
756,395.9,190.9,267.0,19.55,1.734
756,395.9,190.4,267.0,19.55,1.734
756,395.9,192.8,267.0,19.51,1.734
756,395.9,192.3,267.0,19.51,1.846
756,395.9,191.9,267.0,19.55,1.846
756,395.9,191.4,267.0,19.55,1.734
756,395.9,190.9,267.0,19.55,1.734
756,395.9,190.4,267.0,19.55,1.734
756,395.9,192.9,267.0,19.51,1.734
756,395.9,192.4,267.0,19.51,1.846
756,395.9,191.9,267.0,19.55,1.846
756,395.9,191.4,267.0,19.55,1.734
756,395.9,190.9,267.0,19.55,1.734
756,395.9,190.5,267.0,19.55,1.734
756,395.9,192.9,267.0,19.51,1.734
756,395.9,192.5,267.0,19.51,1.846
756,395.9,192.0,267.0,19.55,1.846
756,395.9,191.5,267.0,19.55,1.734
756,395.9,191.0,267.0,19.55,1.734
756,395.9,190.5,267.0,19.55,1.734
756,395.9,193.0,267.0,19.51,1.734
756,395.9,192.5,267.0,19.51,1.846
756,395.9,192.0,267.0,19.51,1.846
756,395.9,194.5,267.0,19.51,1.846
756,395.9,194.0,267.0,19.51,1.846
756,395.9,193.5,267.0,19.51,1.846
756,395.9,193.0,267.0,19.51,1.846
756,395.9,192.6,267.0,19.51,1.846
756,395.9,192.1,267.0,19.51,1.846
756,395.9,194.5,267.0,19.51,1.846
756,395.9,194.1,267.0,19.51,1.846
756,395.9,193.6,267.0,19.51,1.846
756,395.9,193.1,267.0,19.51,1.846
756,395.9,192.6,267.0,19.51,1.846
756,395.9,192.1,267.0,19.51,1.846
756,395.9,194.6,267.0,19.51,1.846
756,395.9,194.1,267.0,19.51,1.846
756,395.9,193.6,267.0,19.51,1.846
756,395.9,193.1,267.0,19.51,1.846
756,395.9,192.7,267.0,19.51,1.846
756,395.9,192.2,267.0,19.51,1.846
756,395.9,194.6,267.0,19.51,1.846
756,395.9,194.2,267.0,19.51,1.846
756,395.9,193.7,267.0,19.51,1.846
756,395.9,193.2,267.0,19.51,1.846
756,395.9,192.7,267.0,19.51,1.846
756,395.9,192.2,267.0,19.51,1.846
756,395.9,194.7,267.0,19.51,1.846
756,395.9,194.2,267.0,19.51,1.846
756,395.9,193.7,267.0,19.51,1.846
756,395.9,193.2,267.0,19.51,1.846
756,395.9,192.8,267.0,19.51,1.846
756,395.9,192.3,267.0,19.51,1.846
756,395.9,191.8,267.0,19.55,1.846
756,395.9,191.3,267.0,19.55,1.734
756,395.9,190.8,267.0,19.55,1.734
756,395.9,190.4,267.0,19.55,1.734
756,395.9,192.8,267.0,19.51,1.734
756,395.9,192.3,267.0,19.51,1.846
756,395.9,191.9,267.0,19.55,1.846
756,395.9,191.4,267.0,19.55,1.734
756,395.9,190.9,267.0,19.55,1.734
756,395.9,190.4,267.0,19.55,1.734
756,395.9,192.9,267.0,19.51,1.734
756,395.9,192.4,267.0,19.51,1.846
756,395.9,191.9,267.0,19.55,1.846
756,395.9,191.4,267.0,19.55,1.734
756,395.9,190.9,267.0,19.55,1.734
756,395.9,190.5,267.0,19.55,1.734
756,395.9,192.9,267.0,19.51,1.734
756,395.9,192.4,267.0,19.51,1.846
756,395.9,192.0,267.0,19.55,1.846
756,395.9,191.5,267.0,19.55,1.734
756,395.9,191.0,267.0,19.55,1.734
756,395.9,190.5,267.0,19.55,1.734
756,395.9,193.0,267.0,19.51,1.734
756,395.9,192.5,267.0,19.51,1.846
756,395.9,192.0,267.0,19.51,1.846
756,395.9,194.5,267.0,19.51,1.846
756,395.9,194.0,267.0,19.51,1.846
756,395.9,193.5,267.0,19.51,1.846
756,395.9,193.0,267.0,19.51,1.846
756,395.9,192.6,267.0,19.51,1.846
756,395.9,192.1,267.0,19.51,1.846
756,395.9,194.5,267.0,19.51,1.846
756,395.9,194.0,267.0,19.51,1.846
756,395.9,193.6,267.0,19.51,1.846
756,395.9,193.1,267.0,19.51,1.846
756,395.9,192.6,267.0,19.51,1.846
756,395.9,192.1,267.0,19.51,1.846
756,395.9,194.6,267.0,19.51,1.846
756,395.9,194.1,267.0,19.51,1.846
756,395.9,193.6,267.0,19.51,1.846
756,395.9,193.1,267.0,19.51,1.846
756,395.9,192.7,267.0,19.51,1.846
756,395.9,192.2,267.0,19.51,1.846
756,395.9,194.6,267.0,19.51,1.846
756,395.9,194.2,267.0,19.51,1.846
756,395.9,193.7,267.0,19.51,1.846
756,395.9,193.2,267.0,19.51,1.846
756,395.9,192.7,267.0,19.51,1.846
756,395.9,192.2,267.0,19.51,1.846
756,395.9,194.7,267.0,19.51,1.846
756,395.9,194.2,267.0,19.51,1.846
756,395.9,193.7,267.0,19.51,1.846
756,395.9,193.2,267.0,19.51,1.846
756,395.9,192.8,267.0,19.51,1.846
756,395.9,192.3,267.0,19.51,1.846
756,395.9,191.8,267.0,19.55,1.846
756,395.9,191.3,267.0,19.55,1.734
756,395.9,190.8,267.0,19.55,1.734
756,395.9,190.3,267.0,19.55,1.734
756,395.9,192.8,267.0,19.51,1.734
762,351.0,206.3,260.0,21.39,0.831
762,354.0,205.5,255.0,21.39,0.736
762,357.0,204.7,250.0,22.02,0.736
762,359.5,203.8,246.3,22.15,0.560
762,364.8,203.3,245.0,19.70,0.547
762,370.1,202.9,243.7,19.70,0.689
762,374.4,202.4,246.2,19.74,0.689
762,378.7,201.9,248.7,19.74,0.622
762,383.0,201.4,251.1,19.74,0.622
762,385.7,200.9,261.2,19.58,0.622
762,388.6,200.3,267.0,19.51,1.310
762,391.5,199.8,267.0,19.51,1.704
762,394.4,199.3,267.0,19.51,1.704
762,394.4,198.8,267.0,19.51,1.704
762,394.4,198.3,267.0,19.51,1.704
762,394.4,197.9,267.0,19.51,1.704
762,394.4,197.4,267.0,19.51,1.704
762,394.4,196.9,267.0,19.51,1.704
762,394.4,196.4,267.0,19.51,1.704
762,394.4,195.9,267.0,19.51,1.704
762,394.4,195.4,267.0,19.51,1.704
762,394.4,195.0,267.0,19.51,1.704
762,394.4,194.5,267.0,19.51,1.704
762,394.4,194.0,267.0,19.51,1.704
762,394.4,193.5,267.0,19.51,1.704
762,394.4,193.0,267.0,19.51,1.704
762,394.4,192.6,267.0,19.51,1.704
762,394.4,192.1,267.0,19.51,1.704
762,394.4,194.5,267.0,19.51,1.704
762,394.4,194.0,267.0,19.51,1.704
762,394.4,193.6,267.0,19.51,1.704
762,394.4,193.1,267.0,19.51,1.704
762,394.4,192.6,267.0,19.51,1.704
762,394.4,192.1,267.0,19.51,1.704
762,394.4,194.6,267.0,19.51,1.704
762,394.4,194.1,267.0,19.51,1.704
762,394.4,193.6,267.0,19.51,1.704
762,394.4,193.1,267.0,19.51,1.704
762,394.4,192.7,267.0,19.51,1.704
762,394.4,192.2,267.0,19.51,1.704
762,394.4,194.6,267.0,19.51,1.704
762,394.4,194.2,267.0,19.51,1.704
762,394.4,193.7,267.0,19.51,1.704
762,394.4,193.2,267.0,19.51,1.704
762,394.4,192.7,267.0,19.51,1.704
762,394.4,192.2,267.0,19.51,1.704
762,394.4,194.7,267.0,19.51,1.704
762,394.4,194.2,267.0,19.51,1.704
762,394.4,193.7,267.0,19.51,1.704
762,394.4,193.2,267.0,19.51,1.704
762,394.4,192.8,267.0,19.51,1.704
762,394.4,192.3,267.0,19.51,1.704
762,394.4,191.8,267.0,19.55,1.704
762,394.4,191.3,267.0,19.55,1.625
762,394.4,190.8,267.0,19.55,1.625
762,394.4,190.3,267.0,19.55,1.625
762,394.4,192.8,267.0,19.51,1.625
762,394.4,192.3,267.0,19.51,1.704
762,394.4,191.9,267.0,19.55,1.704
762,394.4,191.4,267.0,19.55,1.625
762,394.4,190.9,267.0,19.55,1.625
762,394.4,190.4,267.0,19.55,1.625
762,394.4,192.9,267.0,19.51,1.625
762,394.4,192.4,267.0,19.51,1.704
762,394.4,191.9,267.0,19.55,1.704
762,394.4,191.4,267.0,19.55,1.625
762,394.4,190.9,267.0,19.55,1.625
762,394.4,190.5,267.0,19.55,1.625
762,394.4,192.9,267.0,19.51,1.625
762,394.4,192.4,267.0,19.51,1.704
762,394.4,191.9,267.0,19.55,1.704
762,394.4,191.5,267.0,19.55,1.625
762,394.4,191.0,267.0,19.55,1.625
762,394.4,190.5,267.0,19.55,1.625
762,394.4,193.0,267.0,19.51,1.625
762,394.4,192.5,267.0,19.51,1.704
762,394.4,192.0,267.0,19.51,1.704
762,394.4,194.5,267.0,19.51,1.704
762,394.4,194.0,267.0,19.51,1.704
762,394.4,193.5,267.0,19.51,1.704
762,394.4,193.0,267.0,19.51,1.704
762,394.4,192.5,267.0,19.51,1.704
762,394.4,192.1,267.0,19.51,1.704
762,394.4,194.5,267.0,19.51,1.704
762,394.4,194.0,267.0,19.51,1.704
762,394.4,193.6,267.0,19.51,1.704
762,394.4,193.1,267.0,19.51,1.704
762,394.4,192.6,267.0,19.51,1.704
762,394.4,192.1,267.0,19.51,1.704
762,394.4,194.6,267.0,19.51,1.704
762,394.4,194.1,267.0,19.51,1.704
762,394.4,193.6,267.0,19.51,1.704
762,394.4,193.1,267.0,19.51,1.704
762,394.4,192.7,267.0,19.51,1.704
762,394.4,192.2,267.0,19.51,1.704
762,394.4,194.6,267.0,19.51,1.704
762,394.4,194.2,267.0,19.51,1.704
762,394.4,193.7,267.0,19.51,1.704
762,394.4,193.2,267.0,19.51,1.704
762,394.4,192.7,267.0,19.51,1.704
762,394.4,192.2,267.0,19.51,1.704
762,394.4,194.7,267.0,19.51,1.704
762,394.4,194.2,267.0,19.51,1.704
762,394.4,193.7,267.0,19.51,1.704
762,394.4,193.2,267.0,19.51,1.704
762,394.4,192.8,267.0,19.51,1.704
762,394.4,192.3,267.0,19.51,1.704
762,394.4,191.8,267.0,19.55,1.704
762,394.4,191.3,267.0,19.55,1.625
762,394.4,190.8,267.0,19.55,1.625
762,394.4,190.3,267.0,19.55,1.625
762,394.4,192.8,267.0,19.51,1.625
762,394.4,192.3,267.0,19.51,1.704
762,394.4,191.8,267.0,19.55,1.704
762,394.4,191.4,267.0,19.55,1.625
762,394.4,190.9,267.0,19.55,1.625
762,394.4,190.4,267.0,19.55,1.625
762,394.4,192.9,267.0,19.51,1.625
762,394.4,192.4,267.0,19.51,1.704
762,394.4,191.9,267.0,19.55,1.704
762,394.4,191.4,267.0,19.55,1.625
762,394.4,190.9,267.0,19.55,1.625
762,394.4,190.5,267.0,19.55,1.625
762,394.4,192.9,267.0,19.51,1.625
762,394.4,192.4,267.0,19.51,1.704
762,394.4,191.9,267.0,19.55,1.704
762,394.4,191.5,267.0,19.55,1.625
762,394.4,191.0,267.0,19.55,1.625
762,394.4,190.5,267.0,19.55,1.625
762,394.4,193.0,267.0,19.51,1.625
762,394.4,192.5,267.0,19.51,1.704
762,394.4,192.0,267.0,19.51,1.704
762,394.4,194.5,267.0,19.51,1.704
762,394.4,194.0,267.0,19.51,1.704
762,394.4,193.5,267.0,19.51,1.704
762,394.4,193.0,267.0,19.51,1.704
762,394.4,192.5,267.0,19.51,1.704
762,394.4,192.1,267.0,19.51,1.704
762,394.4,194.5,267.0,19.51,1.704
762,394.4,194.0,267.0,19.51,1.704
762,394.4,193.6,267.0,19.51,1.704
762,394.4,193.1,267.0,19.51,1.704
762,394.4,192.6,267.0,19.51,1.704
762,394.4,192.1,267.0,19.51,1.704
762,394.4,194.6,267.0,19.51,1.704
762,394.4,194.1,267.0,19.51,1.704
762,394.4,193.6,267.0,19.51,1.704
762,394.4,193.1,267.0,19.51,1.704
762,394.4,192.6,267.0,19.51,1.704
762,394.4,192.2,267.0,19.51,1.704
762,394.4,194.6,267.0,19.51,1.704
762,394.4,194.1,267.0,19.51,1.704
762,394.4,193.7,267.0,19.51,1.704
762,394.4,193.2,267.0,19.51,1.704
762,394.4,192.7,267.0,19.51,1.704
762,394.4,192.2,267.0,19.51,1.704
762,394.4,194.7,267.0,19.51,1.704
762,394.4,194.2,267.0,19.51,1.704
762,394.4,193.7,267.0,19.51,1.704
762,394.4,193.2,267.0,19.51,1.704
768,405.9,232.2,264.3,18.42,0.846
768,405.9,225.7,263.6,19.22,0.846
768,405.9,220.5,267.0,19.10,1.012
768,405.9,215.2,267.0,19.53,1.246
768,405.9,212.0,267.0,19.53,1.684
768,405.9,208.7,267.0,19.53,1.684
768,405.9,205.5,267.0,19.53,1.684
768,405.9,205.0,267.0,19.53,1.684
768,405.9,204.5,267.0,19.53,1.684
768,405.9,204.0,267.0,19.53,1.684
768,405.9,203.5,267.0,19.62,1.684
768,405.9,203.1,267.0,19.62,1.846
768,405.9,202.6,267.0,19.62,1.846
768,405.9,202.1,267.0,19.62,1.846
768,405.9,201.6,267.0,19.62,1.846
768,405.9,201.1,267.0,19.62,1.846
768,405.9,200.6,267.0,19.62,1.846
768,405.9,200.2,267.0,19.62,1.846
768,405.9,199.7,267.0,19.62,1.846
768,405.9,199.2,267.0,19.62,1.846
768,405.9,198.7,267.0,19.62,1.846
768,405.9,198.2,267.0,19.62,1.846
768,405.9,197.7,267.0,19.62,1.846
768,405.9,197.3,267.0,19.62,1.846
768,405.9,196.8,267.0,19.62,1.846
768,405.9,196.3,267.0,19.62,1.846
768,405.9,195.8,267.0,19.62,1.846
768,405.9,195.3,267.0,19.62,1.846
768,405.9,194.8,267.0,19.62,1.846
768,405.9,194.4,267.0,19.62,1.846
768,405.9,193.9,267.0,19.62,1.846
768,405.9,193.4,267.0,19.62,1.846
768,405.9,192.9,267.0,19.62,1.846
768,405.9,192.4,267.0,19.62,1.846
768,405.9,192.0,267.0,19.30,1.846
768,405.9,191.5,267.0,19.30,1.734
768,405.9,191.0,267.0,19.30,1.734
768,405.9,190.5,267.0,19.30,1.734
768,405.9,193.0,267.0,19.62,1.734
768,405.9,192.5,267.0,19.62,1.846
768,405.9,192.0,267.0,19.62,1.846
768,405.9,194.5,267.0,19.62,1.846
768,405.9,194.0,267.0,19.62,1.846
768,405.9,193.5,267.0,19.62,1.846
768,405.9,193.0,267.0,19.62,1.846
768,405.9,192.5,267.0,19.62,1.846
768,405.9,192.1,267.0,19.62,1.846
768,405.9,194.5,267.0,19.62,1.846
768,405.9,194.0,267.0,19.62,1.846
768,405.9,193.6,267.0,19.62,1.846
768,405.9,193.1,267.0,19.62,1.846
768,405.9,192.6,267.0,19.62,1.846
768,405.9,192.1,267.0,19.62,1.846
768,405.9,194.6,267.0,19.62,1.846
768,405.9,194.1,267.0,19.62,1.846
768,405.9,193.6,267.0,19.62,1.846
768,405.9,193.1,267.0,19.62,1.846
768,405.9,192.7,267.0,19.62,1.846
768,405.9,192.2,267.0,19.62,1.846
768,405.9,194.6,267.0,19.62,1.846
768,405.9,194.2,267.0,19.62,1.846
768,405.9,193.7,267.0,19.62,1.846
768,405.9,193.2,267.0,19.62,1.846
768,405.9,192.7,267.0,19.62,1.846
768,405.9,192.2,267.0,19.62,1.846
768,405.9,194.7,267.0,19.62,1.846
768,405.9,194.2,267.0,19.62,1.846
768,405.9,193.7,267.0,19.62,1.846
768,405.9,193.2,267.0,19.62,1.846
768,405.9,192.8,267.0,19.62,1.846
768,405.9,192.3,267.0,19.62,1.846
768,405.9,191.8,267.0,19.30,1.846
768,405.9,191.3,267.0,19.30,1.734
768,405.9,190.8,267.0,19.30,1.734
768,405.9,190.3,267.0,19.30,1.734
768,405.9,192.8,267.0,19.62,1.734
768,405.9,192.3,267.0,19.62,1.846
768,405.9,191.8,267.0,19.30,1.846
768,405.9,191.4,267.0,19.30,1.734
768,405.9,190.9,267.0,19.30,1.734
768,405.9,190.4,267.0,19.30,1.734
768,405.9,192.9,267.0,19.62,1.734
768,405.9,192.4,267.0,19.62,1.846
768,405.9,191.9,267.0,19.30,1.846
768,405.9,191.4,267.0,19.30,1.734
768,405.9,190.9,267.0,19.30,1.734
768,405.9,190.5,267.0,19.30,1.734
768,405.9,192.9,267.0,19.62,1.734
768,405.9,192.4,267.0,19.62,1.846
768,405.9,191.9,267.0,19.30,1.846
768,405.9,191.5,267.0,19.30,1.734
768,405.9,191.0,267.0,19.30,1.734
768,405.9,190.5,267.0,19.30,1.734
768,405.9,193.0,267.0,19.62,1.734
768,405.9,192.5,267.0,19.62,1.846
768,405.9,192.0,267.0,19.62,1.846
768,405.9,194.5,267.0,19.62,1.846
768,405.9,194.0,267.0,19.62,1.846
768,405.9,193.5,267.0,19.62,1.846
768,405.9,193.0,267.0,19.62,1.846
768,405.9,192.5,267.0,19.62,1.846
768,405.9,192.1,267.0,19.62,1.846
768,405.9,194.5,267.0,19.62,1.846
768,405.9,194.0,267.0,19.62,1.846
768,405.9,193.6,267.0,19.62,1.846
768,405.9,193.1,267.0,19.62,1.846
768,405.9,192.6,267.0,19.62,1.846
768,405.9,192.1,267.0,19.62,1.846
768,405.9,194.6,267.0,19.62,1.846
768,405.9,194.1,267.0,19.62,1.846
768,405.9,193.6,267.0,19.62,1.846
768,405.9,193.1,267.0,19.62,1.846
768,405.9,192.6,267.0,19.62,1.846
768,405.9,192.2,267.0,19.62,1.846
768,405.9,194.6,267.0,19.62,1.846
768,405.9,194.1,267.0,19.62,1.846
768,405.9,193.7,267.0,19.62,1.846
768,405.9,193.2,267.0,19.62,1.846
768,405.9,192.7,267.0,19.62,1.846
768,405.9,192.2,267.0,19.62,1.846
768,405.9,194.7,267.0,19.62,1.846
768,405.9,194.2,267.0,19.62,1.846
768,405.9,193.7,267.0,19.62,1.846
768,405.9,193.2,267.0,19.62,1.846
768,405.9,192.8,267.0,19.62,1.846
768,405.9,192.3,267.0,19.62,1.846
768,405.9,191.8,267.0,19.30,1.846
768,405.9,191.3,267.0,19.30,1.734
768,405.9,190.8,267.0,19.30,1.734
768,405.9,190.3,267.0,19.30,1.734
768,405.9,192.8,267.0,19.62,1.734
768,405.9,192.3,267.0,19.62,1.846
768,405.9,191.8,267.0,19.30,1.846
768,405.9,191.3,267.0,19.30,1.734
768,405.9,190.9,267.0,19.30,1.734
768,405.9,190.4,267.0,19.30,1.734
768,405.9,192.9,267.0,19.62,1.734
768,405.9,192.4,267.0,19.62,1.846
768,405.9,191.9,267.0,19.30,1.846
768,405.9,191.4,267.0,19.30,1.734
768,405.9,190.9,267.0,19.30,1.734
768,405.9,190.4,267.0,19.30,1.734
768,405.9,192.9,267.0,19.62,1.734
768,405.9,192.4,267.0,19.62,1.846
768,405.9,191.9,267.0,19.30,1.846
768,405.9,191.5,267.0,19.30,1.734
768,405.9,191.0,267.0,19.30,1.734
768,405.9,190.5,267.0,19.30,1.734
768,405.9,193.0,267.0,19.62,1.734
768,405.9,192.5,267.0,19.62,1.846
768,405.9,192.0,267.0,19.30,1.846
768,405.9,191.5,267.0,19.30,1.734
768,405.9,191.0,267.0,19.30,1.734
768,405.9,190.6,267.0,19.30,1.734
768,405.9,193.0,267.0,19.62,1.734
768,405.9,192.5,267.0,19.62,1.846
768,405.9,192.1,267.0,19.62,1.846
768,405.9,194.5,267.0,19.62,1.846
768,405.9,194.0,267.0,19.62,1.846
768,405.9,193.6,267.0,19.62,1.846
774,445.6,223.9,259.9,21.36,0.804
774,443.1,222.9,254.8,19.21,0.718
774,439.5,221.6,249.6,20.24,1.036
774,435.9,220.2,244.5,20.24,0.806
774,432.3,218.8,239.3,21.06,0.806
774,430.5,217.9,236.7,20.89,0.577
774,428.8,216.9,234.1,20.89,0.411
774,427.1,216.0,231.5,20.47,0.411
774,424.6,215.2,228.4,20.47,0.501
774,423.0,214.5,224.8,20.70,0.501
774,421.3,213.8,221.2,20.70,0.499
774,419.7,213.1,217.7,20.51,0.499
774,419.3,212.1,215.2,20.60,0.337
774,419.0,211.3,211.8,20.60,0.438
774,418.8,210.5,208.4,20.60,0.438
774,418.6,209.8,205.0,20.60,0.438
774,418.5,209.1,201.0,20.67,0.438
774,418.4,208.5,196.9,20.67,0.511
774,418.3,207.8,192.9,20.67,0.511
774,418.3,207.3,188.4,20.76,0.511
774,418.2,206.7,184.0,20.76,0.560
774,418.2,206.2,179.5,20.83,0.560
774,418.2,205.7,174.7,20.83,0.614
774,418.3,205.2,169.8,20.83,0.614
774,418.4,204.7,164.8,20.88,0.614
774,418.4,204.2,159.7,20.88,0.630
774,418.4,203.8,154.5,20.65,0.630
774,418.5,203.4,149.1,20.65,0.675
774,418.5,203.0,143.7,20.68,0.675
774,418.6,202.6,138.2,20.68,0.688
774,418.6,202.2,132.7,20.68,0.688
774,418.6,201.8,127.2,20.74,0.688
774,418.7,201.4,121.6,20.74,0.699
774,418.8,200.9,115.9,20.79,0.699
774,418.9,200.5,110.2,20.79,0.715
774,418.9,200.1,104.4,20.82,0.715
774,419.0,199.6,98.7,20.82,0.719
774,419.1,199.2,92.9,20.86,0.719
774,419.2,198.7,87.2,20.86,0.722
774,419.3,198.3,81.4,20.89,0.722
774,419.4,197.9,75.7,20.89,0.720
774,419.5,197.5,70.0,20.94,0.720
774,419.6,197.1,64.3,20.94,0.713
774,419.8,196.7,58.6,20.96,0.713
774,420.2,196.2,54.5,21.55,0.668
774,420.7,195.8,50.4,21.55,0.518
774,421.1,195.4,46.3,21.50,0.518
774,421.9,195.1,42.4,21.50,0.496
774,422.7,194.8,38.5,21.50,0.496
774,423.5,194.5,34.6,21.41,0.496
774,424.8,194.5,31.2,21.41,0.461
774,426.1,194.5,27.7,21.41,0.461
774,427.4,194.5,24.3,21.41,0.461
774,429.3,194.9,21.6,21.28,0.461
774,431.1,195.3,18.9,21.28,0.415
774,433.4,195.6,16.8,21.79,0.415
774,435.6,195.8,14.7,21.79,0.384
774,437.9,196.1,12.7,21.79,0.384
774,441.2,197.0,11.3,21.35,0.384
774,444.4,197.9,9.9,21.52,0.457
774,448.0,198.6,8.8,21.52,0.475
774,451.6,199.4,7.8,21.52,0.475
774,455.1,200.2,6.7,21.52,0.475
774,458.8,200.8,5.9,21.66,0.475
774,462.5,201.5,5.1,21.66,0.476
774,466.1,202.1,4.3,21.66,0.476
774,469.7,202.7,3.7,21.78,0.476
774,473.4,203.3,3.1,21.78,0.464
774,477.0,203.8,3.0,21.78,0.464
774,480.3,204.8,3.0,22.02,0.464
774,483.5,205.6,3.0,22.02,0.408
774,486.7,206.3,3.0,22.02,0.408
774,489.8,207.1,3.0,22.02,0.408
774,493.0,207.8,3.0,22.15,0.408
774,496.0,208.5,3.0,22.15,0.388
774,499.0,209.2,3.0,22.15,0.388
774,502.0,209.8,3.0,22.15,0.388
774,505.1,210.5,3.0,22.22,0.388
774,508.0,211.1,3.0,22.22,0.369
774,510.8,211.7,3.0,22.22,0.369
774,513.7,212.2,3.0,22.22,0.369
774,516.6,212.8,3.0,22.29,0.369
774,519.4,213.4,3.0,22.29,0.351
774,522.1,213.9,3.0,22.29,0.351
774,524.9,214.4,3.0,22.29,0.351
774,527.7,214.9,3.0,22.29,0.351
774,530.3,215.3,3.0,22.36,0.351
774,532.9,215.8,3.0,22.36,0.334
774,535.4,216.4,3.0,22.41,0.334
774,537.9,217.1,3.0,22.41,0.323
774,540.4,217.7,3.0,22.50,0.323
774,542.7,218.2,3.0,22.50,0.293
774,545.0,218.7,3.0,22.50,0.293
774,547.3,219.2,3.0,22.50,0.293
774,549.6,219.7,3.0,22.50,0.293
774,551.9,220.2,3.0,22.50,0.293
774,554.0,220.7,3.0,22.59,0.279
774,556.2,221.1,3.0,22.59,0.279
774,558.4,221.6,3.0,22.59,0.279
774,560.6,222.0,3.0,22.59,0.279
774,562.8,222.4,3.0,22.59,0.279
774,564.9,222.8,3.0,22.65,0.279
774,567.0,223.2,3.0,22.65,0.266
774,569.1,223.6,3.0,22.65,0.266
774,571.1,224.0,3.0,22.65,0.266
774,573.2,224.4,3.0,22.65,0.266
774,575.3,224.8,3.0,22.65,0.266
774,577.2,225.2,3.0,22.73,0.266
774,579.1,225.6,3.0,22.73,0.241
774,581.0,226.0,3.0,22.73,0.241
774,582.9,226.3,3.0,22.73,0.241
774,584.8,226.7,3.0,22.73,0.241
774,586.6,227.1,3.0,22.73,0.241
774,588.5,227.5,3.0,22.78,0.241
774,590.4,227.8,3.0,22.78,0.235
774,592.3,228.0,3.0,22.84,0.235
774,594.0,228.4,3.0,22.84,0.218
774,595.7,228.8,3.0,22.84,0.218
774,597.4,229.2,3.0,22.84,0.218
774,599.1,229.7,3.0,22.84,0.218
774,600.7,230.0,3.0,22.89,0.218
774,602.4,230.3,3.0,22.89,0.213
774,604.1,230.6,3.0,22.89,0.213
774,605.8,230.9,3.0,22.89,0.213
774,607.4,231.2,3.0,22.89,0.213
774,609.1,231.5,3.0,22.89,0.213
774,610.8,231.8,3.0,22.89,0.213
774,612.5,232.1,3.0,22.96,0.213
774,614.0,232.4,3.0,22.96,0.194
774,615.5,232.8,3.0,22.96,0.194
774,617.0,233.1,3.0,22.96,0.194
774,618.5,233.5,3.0,22.96,0.194
774,620.0,233.8,3.0,22.96,0.194
774,621.5,234.2,3.0,22.96,0.194
774,623.1,234.5,3.0,22.96,0.194
774,624.6,234.9,3.0,23.01,0.194
774,626.0,235.1,3.0,23.01,0.189
774,627.5,235.4,3.0,23.01,0.189
774,629.0,235.6,3.0,23.01,0.189
774,630.5,235.9,3.0,23.01,0.189
774,632.0,236.2,3.0,23.01,0.189
774,633.5,236.4,3.0,23.01,0.189
774,635.0,236.7,3.0,23.01,0.189
774,636.4,236.9,3.0,23.08,0.189
774,637.9,237.2,3.0,23.08,0.180
774,639.3,237.5,3.0,23.08,0.180
774,640.7,237.8,3.0,23.08,0.180
774,642.1,238.1,3.0,23.08,0.180
774,643.5,238.4,3.0,23.08,0.180
774,644.9,238.6,3.0,23.08,0.180
774,646.3,238.9,3.0,23.08,0.180
774,647.7,239.2,3.0,23.08,0.180
774,649.1,239.5,3.0,23.14,0.180
774,650.4,239.7,3.0,23.14,0.169
774,651.7,240.0,3.0,23.14,0.169
774,653.0,240.3,3.0,23.16,0.169
774,654.3,240.6,3.0,23.16,0.166
774,655.6,241.0,3.0,23.16,0.166
774,656.8,241.3,3.0,23.16,0.166
774,658.1,241.7,3.0,23.16,0.166
780,435.7,194.7,257.5,18.43,1.303
780,430.7,194.4,250.0,19.65,1.129
780,425.4,194.0,248.7,19.65,0.689
780,420.1,193.5,247.3,19.65,0.689
780,417.8,193.0,252.3,19.58,0.689
780,415.0,192.5,262.4,19.58,1.310
780,412.1,192.0,267.0,19.51,1.310
780,409.2,194.4,267.0,19.51,1.704
780,409.2,193.9,267.0,19.51,1.704
780,409.2,193.5,267.0,19.51,1.704
780,409.2,193.0,267.0,19.51,1.704
780,409.2,192.5,267.0,19.51,1.704
780,409.2,192.0,267.0,19.51,1.704
780,409.2,194.5,267.0,19.51,1.704
780,409.2,194.0,267.0,19.51,1.704
780,409.2,193.5,267.0,19.51,1.704
780,409.2,193.0,267.0,19.51,1.704
780,409.2,192.6,267.0,19.51,1.704
780,409.2,192.1,267.0,19.51,1.704
780,409.2,194.5,267.0,19.51,1.704
780,409.2,194.0,267.0,19.51,1.704
780,409.2,193.6,267.0,19.51,1.704
780,409.2,193.1,267.0,19.51,1.704
780,409.2,192.6,267.0,19.51,1.704
780,409.2,192.1,267.0,19.51,1.704
780,409.2,194.6,267.0,19.51,1.704
780,409.2,194.1,267.0,19.51,1.704
780,409.2,193.6,267.0,19.51,1.704
780,409.2,193.1,267.0,19.51,1.704
780,409.2,192.7,267.0,19.51,1.704
780,409.2,192.2,267.0,19.51,1.704
780,409.2,194.6,267.0,19.51,1.704
780,409.2,194.2,267.0,19.51,1.704
780,409.2,193.7,267.0,19.51,1.704
780,409.2,193.2,267.0,19.51,1.704
780,409.2,192.7,267.0,19.51,1.704
780,409.2,192.2,267.0,19.51,1.704
780,409.2,194.7,267.0,19.51,1.704
780,409.2,194.2,267.0,19.51,1.704
780,409.2,193.7,267.0,19.51,1.704
780,409.2,193.2,267.0,19.51,1.704
780,409.2,192.8,267.0,19.51,1.704
780,409.2,192.3,267.0,19.51,1.704
780,409.2,191.8,267.0,19.55,1.704
780,409.2,191.3,267.0,19.55,1.625
780,409.2,190.8,267.0,19.55,1.625
780,409.2,190.3,267.0,19.55,1.625
780,409.2,192.8,267.0,19.51,1.625
780,409.2,192.3,267.0,19.51,1.704
780,409.2,191.9,267.0,19.55,1.704
780,409.2,191.4,267.0,19.55,1.625
780,409.2,190.9,267.0,19.55,1.625
780,409.2,190.4,267.0,19.55,1.625
780,409.2,192.9,267.0,19.51,1.625
780,409.2,192.4,267.0,19.51,1.704
780,409.2,191.9,267.0,19.55,1.704
780,409.2,191.4,267.0,19.55,1.625
780,409.2,190.9,267.0,19.55,1.625
780,409.2,190.5,267.0,19.55,1.625
780,409.2,192.9,267.0,19.51,1.625
780,409.2,192.4,267.0,19.51,1.704
780,409.2,191.9,267.0,19.55,1.704
780,409.2,191.5,267.0,19.55,1.625
780,409.2,191.0,267.0,19.55,1.625
780,409.2,190.5,267.0,19.55,1.625
780,409.2,193.0,267.0,19.51,1.625
780,409.2,192.5,267.0,19.51,1.704
780,409.2,192.0,267.0,19.51,1.704
780,409.2,194.5,267.0,19.51,1.704
780,409.2,194.0,267.0,19.51,1.704
780,409.2,193.5,267.0,19.51,1.704
780,409.2,193.0,267.0,19.51,1.704
780,409.2,192.5,267.0,19.51,1.704
780,409.2,192.1,267.0,19.51,1.704
780,409.2,194.5,267.0,19.51,1.704
780,409.2,194.0,267.0,19.51,1.704
780,409.2,193.6,267.0,19.51,1.704
780,409.2,193.1,267.0,19.51,1.704
780,409.2,192.6,267.0,19.51,1.704
780,409.2,192.1,267.0,19.51,1.704
780,409.2,194.6,267.0,19.51,1.704
780,409.2,194.1,267.0,19.51,1.704
780,409.2,193.6,267.0,19.51,1.704
780,409.2,193.1,267.0,19.51,1.704
780,409.2,192.6,267.0,19.51,1.704
780,409.2,192.2,267.0,19.51,1.704
780,409.2,194.6,267.0,19.51,1.704
780,409.2,194.1,267.0,19.51,1.704
780,409.2,193.7,267.0,19.51,1.704
780,409.2,193.2,267.0,19.51,1.704
780,409.2,192.7,267.0,19.51,1.704
780,409.2,192.2,267.0,19.51,1.704
780,409.2,194.7,267.0,19.51,1.704
780,409.2,194.2,267.0,19.51,1.704
780,409.2,193.7,267.0,19.51,1.704
780,409.2,193.2,267.0,19.51,1.704
780,409.2,192.8,267.0,19.51,1.704
780,409.2,192.3,267.0,19.51,1.704
780,409.2,191.8,267.0,19.55,1.704
780,409.2,191.3,267.0,19.55,1.625
780,409.2,190.8,267.0,19.55,1.625
780,409.2,190.3,267.0,19.55,1.625
780,409.2,192.8,267.0,19.51,1.625
780,409.2,192.3,267.0,19.51,1.704
780,409.2,191.8,267.0,19.55,1.704
780,409.2,191.4,267.0,19.55,1.625
780,409.2,190.9,267.0,19.55,1.625
780,409.2,190.4,267.0,19.55,1.625
780,409.2,192.9,267.0,19.51,1.625
780,409.2,192.4,267.0,19.51,1.704
780,409.2,191.9,267.0,19.55,1.704
780,409.2,191.4,267.0,19.55,1.625
780,409.2,190.9,267.0,19.55,1.625
780,409.2,190.4,267.0,19.55,1.625
780,409.2,192.9,267.0,19.51,1.625
780,409.2,192.4,267.0,19.51,1.704
780,409.2,191.9,267.0,19.55,1.704
780,409.2,191.5,267.0,19.55,1.625
780,409.2,191.0,267.0,19.55,1.625
780,409.2,190.5,267.0,19.55,1.625
780,409.2,193.0,267.0,19.51,1.625
780,409.2,192.5,267.0,19.51,1.704
780,409.2,192.0,267.0,19.51,1.704
780,409.2,191.5,267.0,19.55,1.625
780,409.2,191.0,267.0,19.55,1.625
780,409.2,190.6,267.0,19.55,1.625
780,409.2,193.0,267.0,19.51,1.625
780,409.2,192.5,267.0,19.51,1.704
780,409.2,192.1,267.0,19.51,1.704
780,409.2,194.5,267.0,19.51,1.704
780,409.2,194.0,267.0,19.51,1.704
780,409.2,193.6,267.0,19.51,1.704
780,409.2,193.1,267.0,19.51,1.704
780,409.2,192.6,267.0,19.51,1.704
780,409.2,192.1,267.0,19.51,1.704
780,409.2,194.6,267.0,19.51,1.704
780,409.2,194.1,267.0,19.51,1.704
780,409.2,193.6,267.0,19.51,1.704
780,409.2,193.1,267.0,19.51,1.704
780,409.2,192.6,267.0,19.51,1.704
780,409.2,192.2,267.0,19.51,1.704
780,409.2,194.6,267.0,19.51,1.704
780,409.2,194.1,267.0,19.51,1.704
780,409.2,193.7,267.0,19.51,1.704
780,409.2,193.2,267.0,19.51,1.704
780,409.2,192.7,267.0,19.51,1.704
780,409.2,192.2,267.0,19.51,1.704
780,409.2,194.7,267.0,19.51,1.704
780,409.2,194.2,267.0,19.51,1.704
780,409.2,193.7,267.0,19.51,1.704
780,409.2,193.2,267.0,19.51,1.704
780,409.2,192.7,267.0,19.51,1.704
780,409.2,192.3,267.0,19.51,1.704
780,409.2,191.8,267.0,19.55,1.704
780,409.2,191.3,267.0,19.55,1.625
780,409.2,190.8,267.0,19.55,1.625
780,409.2,190.3,267.0,19.55,1.625
780,409.2,192.8,267.0,19.51,1.625
780,409.2,192.3,267.0,19.51,1.704
780,409.2,191.8,267.0,19.55,1.704
786,431.4,241.7,265.3,21.19,0.366
786,430.7,239.0,263.1,21.03,0.507
786,426.2,234.3,263.1,21.03,0.816
786,421.7,229.5,263.1,21.03,0.816
786,419.3,224.5,267.0,19.52,0.816
786,416.4,219.3,267.0,19.52,1.247
786,413.5,214.0,267.0,19.64,1.247
786,410.6,210.8,267.0,19.64,1.591
786,407.7,207.5,267.0,19.53,1.591
786,407.7,204.3,267.0,19.53,1.684
786,407.7,203.8,267.0,19.62,1.684
786,407.7,203.3,267.0,19.62,1.846
786,407.7,202.8,267.0,19.62,1.846
786,407.7,202.3,267.0,19.62,1.846
786,407.7,201.9,267.0,19.62,1.846
786,407.7,201.4,267.0,19.62,1.846
786,407.7,200.9,267.0,19.62,1.846
786,407.7,200.4,267.0,19.62,1.846
786,407.7,199.9,267.0,19.62,1.846
786,407.7,199.5,267.0,19.62,1.846
786,407.7,199.0,267.0,19.62,1.846
786,407.7,198.5,267.0,19.62,1.846
786,407.7,198.0,267.0,19.62,1.846
786,407.7,197.5,267.0,19.62,1.846
786,407.7,197.0,267.0,19.62,1.846
786,407.7,196.6,267.0,19.62,1.846
786,407.7,196.1,267.0,19.62,1.846
786,407.7,195.6,267.0,19.62,1.846
786,407.7,195.1,267.0,19.62,1.846
786,407.7,194.6,267.0,19.62,1.846
786,407.7,194.2,267.0,19.62,1.846
786,407.7,193.7,267.0,19.62,1.846
786,407.7,193.2,267.0,19.62,1.846
786,407.7,192.7,267.0,19.62,1.846
786,407.7,192.2,267.0,19.62,1.846
786,407.7,194.7,267.0,19.62,1.846
786,407.7,194.2,267.0,19.62,1.846
786,407.7,193.7,267.0,19.62,1.846
786,407.7,193.2,267.0,19.62,1.846
786,407.7,192.8,267.0,19.62,1.846
786,407.7,192.3,267.0,19.62,1.846
786,407.7,191.8,267.0,19.30,1.846
786,407.7,191.3,267.0,19.30,1.734
786,407.7,190.8,267.0,19.30,1.734
786,407.7,190.3,267.0,19.30,1.734
786,407.7,192.8,267.0,19.62,1.734
786,407.7,192.3,267.0,19.62,1.846
786,407.7,191.8,267.0,19.30,1.846
786,407.7,191.4,267.0,19.30,1.734
786,407.7,190.9,267.0,19.30,1.734
786,407.7,190.4,267.0,19.30,1.734
786,407.7,192.9,267.0,19.62,1.734
786,407.7,192.4,267.0,19.62,1.846
786,407.7,191.9,267.0,19.30,1.846
786,407.7,191.4,267.0,19.30,1.734
786,407.7,190.9,267.0,19.30,1.734
786,407.7,190.5,267.0,19.30,1.734
786,407.7,192.9,267.0,19.62,1.734
786,407.7,192.4,267.0,19.62,1.846
786,407.7,191.9,267.0,19.30,1.846
786,407.7,191.5,267.0,19.30,1.734
786,407.7,191.0,267.0,19.30,1.734
786,407.7,190.5,267.0,19.30,1.734
786,407.7,193.0,267.0,19.62,1.734
786,407.7,192.5,267.0,19.62,1.846
786,407.7,192.0,267.0,19.62,1.846
786,407.7,194.5,267.0,19.62,1.846
786,407.7,194.0,267.0,19.62,1.846
786,407.7,193.5,267.0,19.62,1.846
786,407.7,193.0,267.0,19.62,1.846
786,407.7,192.5,267.0,19.62,1.846
786,407.7,192.1,267.0,19.62,1.846
786,407.7,194.5,267.0,19.62,1.846
786,407.7,194.0,267.0,19.62,1.846
786,407.7,193.6,267.0,19.62,1.846
786,407.7,193.1,267.0,19.62,1.846
786,407.7,192.6,267.0,19.62,1.846
786,407.7,192.1,267.0,19.62,1.846
786,407.7,194.6,267.0,19.62,1.846
786,407.7,194.1,267.0,19.62,1.846
786,407.7,193.6,267.0,19.62,1.846
786,407.7,193.1,267.0,19.62,1.846
786,407.7,192.6,267.0,19.62,1.846
786,407.7,192.2,267.0,19.62,1.846
786,407.7,194.6,267.0,19.62,1.846
786,407.7,194.1,267.0,19.62,1.846
786,407.7,193.7,267.0,19.62,1.846
786,407.7,193.2,267.0,19.62,1.846
786,407.7,192.7,267.0,19.62,1.846
786,407.7,192.2,267.0,19.62,1.846
786,407.7,194.7,267.0,19.62,1.846
786,407.7,194.2,267.0,19.62,1.846
786,407.7,193.7,267.0,19.62,1.846
786,407.7,193.2,267.0,19.62,1.846
786,407.7,192.8,267.0,19.62,1.846
786,407.7,192.3,267.0,19.62,1.846
786,407.7,191.8,267.0,19.30,1.846
786,407.7,191.3,267.0,19.30,1.734
786,407.7,190.8,267.0,19.30,1.734
786,407.7,190.3,267.0,19.30,1.734
786,407.7,192.8,267.0,19.62,1.734
786,407.7,192.3,267.0,19.62,1.846
786,407.7,191.8,267.0,19.30,1.846
786,407.7,191.4,267.0,19.30,1.734
786,407.7,190.9,267.0,19.30,1.734
786,407.7,190.4,267.0,19.30,1.734
786,407.7,192.9,267.0,19.62,1.734
786,407.7,192.4,267.0,19.62,1.846
786,407.7,191.9,267.0,19.30,1.846
786,407.7,191.4,267.0,19.30,1.734
786,407.7,190.9,267.0,19.30,1.734
786,407.7,190.4,267.0,19.30,1.734
786,407.7,192.9,267.0,19.62,1.734
786,407.7,192.4,267.0,19.62,1.846
786,407.7,191.9,267.0,19.30,1.846
786,407.7,191.5,267.0,19.30,1.734
786,407.7,191.0,267.0,19.30,1.734
786,407.7,190.5,267.0,19.30,1.734
786,407.7,193.0,267.0,19.62,1.734
786,407.7,192.5,267.0,19.62,1.846
786,407.7,192.0,267.0,19.62,1.846
786,407.7,191.5,267.0,19.30,1.734
786,407.7,191.0,267.0,19.30,1.734
786,407.7,190.6,267.0,19.30,1.734
786,407.7,193.0,267.0,19.62,1.734
786,407.7,192.5,267.0,19.62,1.846
786,407.7,192.1,267.0,19.62,1.846
786,407.7,194.5,267.0,19.62,1.846
786,407.7,194.0,267.0,19.62,1.846
786,407.7,193.6,267.0,19.62,1.846
786,407.7,193.1,267.0,19.62,1.846
786,407.7,192.6,267.0,19.62,1.846
786,407.7,192.1,267.0,19.62,1.846
786,407.7,194.6,267.0,19.62,1.846
786,407.7,194.1,267.0,19.62,1.846
786,407.7,193.6,267.0,19.62,1.846
786,407.7,193.1,267.0,19.62,1.846
786,407.7,192.6,267.0,19.62,1.846
786,407.7,192.2,267.0,19.62,1.846
786,407.7,194.6,267.0,19.62,1.846
786,407.7,194.1,267.0,19.62,1.846
786,407.7,193.7,267.0,19.62,1.846
786,407.7,193.2,267.0,19.62,1.846
786,407.7,192.7,267.0,19.62,1.846
786,407.7,192.2,267.0,19.62,1.846
786,407.7,194.7,267.0,19.62,1.846
786,407.7,194.2,267.0,19.62,1.846
786,407.7,193.7,267.0,19.62,1.846
786,407.7,193.2,267.0,19.62,1.846
786,407.7,192.7,267.0,19.62,1.846
786,407.7,192.3,267.0,19.62,1.846
786,407.7,191.8,267.0,19.30,1.846
786,407.7,191.3,267.0,19.30,1.734
786,407.7,190.8,267.0,19.30,1.734
786,407.7,190.3,267.0,19.30,1.734
786,407.7,192.8,267.0,19.62,1.734
786,407.7,192.3,267.0,19.62,1.846
786,407.7,191.8,267.0,19.30,1.846
786,407.7,191.3,267.0,19.30,1.734
786,407.7,190.9,267.0,19.30,1.734
792,401.8,248.1,260.1,19.95,0.839
792,401.8,244.8,255.2,19.95,0.739
792,401.8,241.5,250.3,21.01,0.739
792,401.8,238.8,246.8,19.61,0.550
792,401.8,233.3,245.4,19.61,0.716
792,401.8,227.7,244.0,19.77,0.716
792,401.8,223.1,246.3,19.77,0.646
792,401.8,218.5,248.6,19.77,0.646
792,401.8,213.8,250.9,19.95,0.646
792,401.8,210.7,260.8,19.61,0.691
792,401.8,207.4,267.0,19.53,1.297
792,401.8,204.2,267.0,19.53,1.684
792,401.8,203.7,267.0,19.62,1.684
792,401.8,203.2,267.0,19.62,1.846
792,401.8,202.7,267.0,19.62,1.846
792,401.8,202.3,267.0,19.62,1.846
792,401.8,201.8,267.0,19.62,1.846
792,401.8,201.3,267.0,19.62,1.846
792,401.8,200.8,267.0,19.62,1.846
792,401.8,200.3,267.0,19.62,1.846
792,401.8,199.8,267.0,19.62,1.846
792,401.8,199.4,267.0,19.62,1.846
792,401.8,198.9,267.0,19.62,1.846
792,401.8,198.4,267.0,19.62,1.846
792,401.8,197.9,267.0,19.62,1.846
792,401.8,197.4,267.0,19.62,1.846
792,401.8,196.9,267.0,19.62,1.846
792,401.8,196.5,267.0,19.62,1.846
792,401.8,196.0,267.0,19.62,1.846
792,401.8,195.5,267.0,19.62,1.846
792,401.8,195.0,267.0,19.62,1.846
792,401.8,194.5,267.0,19.62,1.846
792,401.8,194.1,267.0,19.62,1.846
792,401.8,193.6,267.0,19.62,1.846
792,401.8,193.1,267.0,19.62,1.846
792,401.8,192.6,267.0,19.62,1.846
792,401.8,192.1,267.0,19.62,1.846
792,401.8,194.6,267.0,19.62,1.846
792,401.8,194.1,267.0,19.62,1.846
792,401.8,193.6,267.0,19.62,1.846
792,401.8,193.1,267.0,19.62,1.846
792,401.8,192.7,267.0,19.62,1.846
792,401.8,192.2,267.0,19.62,1.846
792,401.8,194.6,267.0,19.62,1.846
792,401.8,194.2,267.0,19.62,1.846
792,401.8,193.7,267.0,19.62,1.846
792,401.8,193.2,267.0,19.62,1.846
792,401.8,192.7,267.0,19.62,1.846
792,401.8,192.2,267.0,19.62,1.846
792,401.8,194.7,267.0,19.62,1.846
792,401.8,194.2,267.0,19.62,1.846
792,401.8,193.7,267.0,19.62,1.846
792,401.8,193.2,267.0,19.62,1.846
792,401.8,192.8,267.0,19.62,1.846
792,401.8,192.3,267.0,19.62,1.846
792,401.8,191.8,267.0,19.30,1.846
792,401.8,191.3,267.0,19.30,1.734
792,401.8,190.8,267.0,19.30,1.734
792,401.8,190.3,267.0,19.30,1.734
792,401.8,192.8,267.0,19.62,1.734
792,401.8,192.3,267.0,19.62,1.846
792,401.8,191.9,267.0,19.30,1.846
792,401.8,191.4,267.0,19.30,1.734
792,401.8,190.9,267.0,19.30,1.734
792,401.8,190.4,267.0,19.30,1.734
792,401.8,192.9,267.0,19.62,1.734
792,401.8,192.4,267.0,19.62,1.846
792,401.8,191.9,267.0,19.30,1.846
792,401.8,191.4,267.0,19.30,1.734
792,401.8,190.9,267.0,19.30,1.734
792,401.8,190.5,267.0,19.30,1.734
792,401.8,192.9,267.0,19.62,1.734
792,401.8,192.4,267.0,19.62,1.846
792,401.8,192.0,267.0,19.30,1.846
792,401.8,191.5,267.0,19.30,1.734
792,401.8,191.0,267.0,19.30,1.734
792,401.8,190.5,267.0,19.30,1.734
792,401.8,193.0,267.0,19.62,1.734
792,401.8,192.5,267.0,19.62,1.846
792,401.8,192.0,267.0,19.62,1.846
792,401.8,194.5,267.0,19.62,1.846
792,401.8,194.0,267.0,19.62,1.846
792,401.8,193.5,267.0,19.62,1.846
792,401.8,193.0,267.0,19.62,1.846
792,401.8,192.6,267.0,19.62,1.846
792,401.8,192.1,267.0,19.62,1.846
792,401.8,194.5,267.0,19.62,1.846
792,401.8,194.0,267.0,19.62,1.846
792,401.8,193.6,267.0,19.62,1.846
792,401.8,193.1,267.0,19.62,1.846
792,401.8,192.6,267.0,19.62,1.846
792,401.8,192.1,267.0,19.62,1.846
792,401.8,194.6,267.0,19.62,1.846
792,401.8,194.1,267.0,19.62,1.846
792,401.8,193.6,267.0,19.62,1.846
792,401.8,193.1,267.0,19.62,1.846
792,401.8,192.7,267.0,19.62,1.846
792,401.8,192.2,267.0,19.62,1.846
792,401.8,194.6,267.0,19.62,1.846
792,401.8,194.2,267.0,19.62,1.846
792,401.8,193.7,267.0,19.62,1.846
792,401.8,193.2,267.0,19.62,1.846
792,401.8,192.7,267.0,19.62,1.846
792,401.8,192.2,267.0,19.62,1.846
792,401.8,194.7,267.0,19.62,1.846
792,401.8,194.2,267.0,19.62,1.846
792,401.8,193.7,267.0,19.62,1.846
792,401.8,193.2,267.0,19.62,1.846
792,401.8,192.8,267.0,19.62,1.846
792,401.8,192.3,267.0,19.62,1.846
792,401.8,191.8,267.0,19.30,1.846
792,401.8,191.3,267.0,19.30,1.734
792,401.8,190.8,267.0,19.30,1.734
792,401.8,190.3,267.0,19.30,1.734
792,401.8,192.8,267.0,19.62,1.734
792,401.8,192.3,267.0,19.62,1.846
792,401.8,191.9,267.0,19.30,1.846
792,401.8,191.4,267.0,19.30,1.734
792,401.8,190.9,267.0,19.30,1.734
792,401.8,190.4,267.0,19.30,1.734
792,401.8,192.9,267.0,19.62,1.734
792,401.8,192.4,267.0,19.62,1.846
792,401.8,191.9,267.0,19.30,1.846
792,401.8,191.4,267.0,19.30,1.734
792,401.8,190.9,267.0,19.30,1.734
792,401.8,190.5,267.0,19.30,1.734
792,401.8,192.9,267.0,19.62,1.734
792,401.8,192.4,267.0,19.62,1.846
792,401.8,191.9,267.0,19.30,1.846
792,401.8,191.5,267.0,19.30,1.734
792,401.8,191.0,267.0,19.30,1.734
792,401.8,190.5,267.0,19.30,1.734
792,401.8,193.0,267.0,19.62,1.734
792,401.8,192.5,267.0,19.62,1.846
792,401.8,192.0,267.0,19.62,1.846
792,401.8,194.5,267.0,19.62,1.846
792,401.8,194.0,267.0,19.62,1.846
792,401.8,193.5,267.0,19.62,1.846
792,401.8,193.0,267.0,19.62,1.846
792,401.8,192.5,267.0,19.62,1.846
792,401.8,192.1,267.0,19.62,1.846
792,401.8,194.5,267.0,19.62,1.846
792,401.8,194.0,267.0,19.62,1.846
792,401.8,193.6,267.0,19.62,1.846
792,401.8,193.1,267.0,19.62,1.846
792,401.8,192.6,267.0,19.62,1.846
792,401.8,192.1,267.0,19.62,1.846
792,401.8,194.6,267.0,19.62,1.846
792,401.8,194.1,267.0,19.62,1.846
792,401.8,193.6,267.0,19.62,1.846
792,401.8,193.1,267.0,19.62,1.846
792,401.8,192.7,267.0,19.62,1.846
792,401.8,192.2,267.0,19.62,1.846
792,401.8,194.6,267.0,19.62,1.846
792,401.8,194.2,267.0,19.62,1.846
792,401.8,193.7,267.0,19.62,1.846
792,401.8,193.2,267.0,19.62,1.846
792,401.8,192.7,267.0,19.62,1.846
792,401.8,192.2,267.0,19.62,1.846
792,401.8,194.7,267.0,19.62,1.846
798,410.1,229.2,264.4,18.91,0.894
798,407.2,224.0,267.0,19.10,0.894
798,407.2,218.8,267.0,19.10,1.246
798,407.2,213.5,267.0,19.53,1.246
798,407.2,210.2,267.0,19.53,1.684
798,407.2,207.0,267.0,19.53,1.684
798,407.2,203.7,267.0,19.62,1.684
798,407.2,203.2,267.0,19.62,1.846
798,407.2,202.8,267.0,19.62,1.846
798,407.2,202.3,267.0,19.62,1.846
798,407.2,201.8,267.0,19.62,1.846
798,407.2,201.3,267.0,19.62,1.846
798,407.2,200.8,267.0,19.62,1.846
798,407.2,200.3,267.0,19.62,1.846
798,407.2,199.8,267.0,19.62,1.846
798,407.2,199.4,267.0,19.62,1.846
798,407.2,198.9,267.0,19.62,1.846
798,407.2,198.4,267.0,19.62,1.846
798,407.2,197.9,267.0,19.62,1.846
798,407.2,197.4,267.0,19.62,1.846
798,407.2,197.0,267.0,19.62,1.846
798,407.2,196.5,267.0,19.62,1.846
798,407.2,196.0,267.0,19.62,1.846
798,407.2,195.5,267.0,19.62,1.846
798,407.2,195.0,267.0,19.62,1.846
798,407.2,194.6,267.0,19.62,1.846
798,407.2,194.1,267.0,19.62,1.846
798,407.2,193.6,267.0,19.62,1.846
798,407.2,193.1,267.0,19.62,1.846
798,407.2,192.6,267.0,19.62,1.846
798,407.2,192.1,267.0,19.62,1.846
798,407.2,194.6,267.0,19.62,1.846
798,407.2,194.1,267.0,19.62,1.846
798,407.2,193.6,267.0,19.62,1.846
798,407.2,193.2,267.0,19.62,1.846
798,407.2,192.7,267.0,19.62,1.846
798,407.2,192.2,267.0,19.62,1.846
798,407.2,194.6,267.0,19.62,1.846
798,407.2,194.2,267.0,19.62,1.846
798,407.2,193.7,267.0,19.62,1.846
798,407.2,193.2,267.0,19.62,1.846
798,407.2,192.7,267.0,19.62,1.846
798,407.2,192.2,267.0,19.62,1.846
798,407.2,191.8,267.0,19.30,1.846
798,407.2,191.3,267.0,19.30,1.734
798,407.2,190.8,267.0,19.30,1.734
798,407.2,190.3,267.0,19.30,1.734
798,407.2,192.8,267.0,19.62,1.734
798,407.2,192.3,267.0,19.62,1.846
798,407.2,191.8,267.0,19.30,1.846
798,407.2,191.3,267.0,19.30,1.734
798,407.2,190.9,267.0,19.30,1.734
798,407.2,190.4,267.0,19.30,1.734
798,407.2,192.8,267.0,19.62,1.734
798,407.2,192.3,267.0,19.62,1.846
798,407.2,191.9,267.0,19.30,1.846
798,407.2,191.4,267.0,19.30,1.734
798,407.2,190.9,267.0,19.30,1.734
798,407.2,190.4,267.0,19.30,1.734
798,407.2,192.9,267.0,19.62,1.734
798,407.2,192.4,267.0,19.62,1.846
798,407.2,191.9,267.0,19.30,1.846
798,407.2,191.4,267.0,19.30,1.734
798,407.2,190.9,267.0,19.30,1.734
798,407.2,190.5,267.0,19.30,1.734
798,407.2,192.9,267.0,19.62,1.734
798,407.2,192.5,267.0,19.62,1.846
798,407.2,192.0,267.0,19.30,1.846
798,407.2,191.5,267.0,19.30,1.734
798,407.2,191.0,267.0,19.30,1.734
798,407.2,190.5,267.0,19.30,1.734
798,407.2,193.0,267.0,19.62,1.734
798,407.2,192.5,267.0,19.62,1.846
798,407.2,192.0,267.0,19.62,1.846
798,407.2,194.5,267.0,19.62,1.846
798,407.2,194.0,267.0,19.62,1.846
798,407.2,193.5,267.0,19.62,1.846
798,407.2,193.0,267.0,19.62,1.846
798,407.2,192.6,267.0,19.62,1.846
798,407.2,192.1,267.0,19.62,1.846
798,407.2,194.5,267.0,19.62,1.846
798,407.2,194.1,267.0,19.62,1.846
798,407.2,193.6,267.0,19.62,1.846
798,407.2,193.1,267.0,19.62,1.846
798,407.2,192.6,267.0,19.62,1.846
798,407.2,192.1,267.0,19.62,1.846
798,407.2,194.6,267.0,19.62,1.846
798,407.2,194.1,267.0,19.62,1.846
798,407.2,193.6,267.0,19.62,1.846
798,407.2,193.2,267.0,19.62,1.846
798,407.2,192.7,267.0,19.62,1.846
798,407.2,192.2,267.0,19.62,1.846
798,407.2,194.6,267.0,19.62,1.846
798,407.2,194.2,267.0,19.62,1.846
798,407.2,193.7,267.0,19.62,1.846
798,407.2,193.2,267.0,19.62,1.846
798,407.2,192.7,267.0,19.62,1.846
798,407.2,192.2,267.0,19.62,1.846
798,407.2,194.7,267.0,19.62,1.846
798,407.2,194.2,267.0,19.62,1.846
798,407.2,193.7,267.0,19.62,1.846
798,407.2,193.2,267.0,19.62,1.846
798,407.2,192.8,267.0,19.62,1.846
798,407.2,192.3,267.0,19.62,1.846
798,407.2,191.8,267.0,19.30,1.846
798,407.2,191.3,267.0,19.30,1.734
798,407.2,190.8,267.0,19.30,1.734
798,407.2,190.4,267.0,19.30,1.734
798,407.2,192.8,267.0,19.62,1.734
798,407.2,192.3,267.0,19.62,1.846
798,407.2,191.9,267.0,19.30,1.846
798,407.2,191.4,267.0,19.30,1.734
798,407.2,190.9,267.0,19.30,1.734
798,407.2,190.4,267.0,19.30,1.734
798,407.2,192.9,267.0,19.62,1.734
798,407.2,192.4,267.0,19.62,1.846
798,407.2,191.9,267.0,19.30,1.846
798,407.2,191.4,267.0,19.30,1.734
798,407.2,190.9,267.0,19.30,1.734
798,407.2,190.5,267.0,19.30,1.734
798,407.2,192.9,267.0,19.62,1.734
798,407.2,192.5,267.0,19.62,1.846
798,407.2,192.0,267.0,19.30,1.846
798,407.2,191.5,267.0,19.30,1.734
798,407.2,191.0,267.0,19.30,1.734
798,407.2,190.5,267.0,19.30,1.734
798,407.2,193.0,267.0,19.62,1.734
798,407.2,192.5,267.0,19.62,1.846
798,407.2,192.0,267.0,19.62,1.846
798,407.2,194.5,267.0,19.62,1.846
798,407.2,194.0,267.0,19.62,1.846
798,407.2,193.5,267.0,19.62,1.846
798,407.2,193.0,267.0,19.62,1.846
798,407.2,192.6,267.0,19.62,1.846
798,407.2,192.1,267.0,19.62,1.846
798,407.2,194.5,267.0,19.62,1.846
798,407.2,194.0,267.0,19.62,1.846
798,407.2,193.6,267.0,19.62,1.846
798,407.2,193.1,267.0,19.62,1.846
798,407.2,192.6,267.0,19.62,1.846
798,407.2,192.1,267.0,19.62,1.846
798,407.2,194.6,267.0,19.62,1.846
798,407.2,194.1,267.0,19.62,1.846
798,407.2,193.6,267.0,19.62,1.846
798,407.2,193.1,267.0,19.62,1.846
798,407.2,192.7,267.0,19.62,1.846
798,407.2,192.2,267.0,19.62,1.846
798,407.2,194.6,267.0,19.62,1.846
798,407.2,194.2,267.0,19.62,1.846
798,407.2,193.7,267.0,19.62,1.846
798,407.2,193.2,267.0,19.62,1.846
798,407.2,192.7,267.0,19.62,1.846
798,407.2,192.2,267.0,19.62,1.846
798,407.2,194.7,267.0,19.62,1.846
798,407.2,194.2,267.0,19.62,1.846
798,407.2,193.7,267.0,19.62,1.846
798,407.2,193.2,267.0,19.62,1.846
798,407.2,192.8,267.0,19.62,1.846
798,407.2,192.3,267.0,19.62,1.846
798,407.2,191.8,267.0,19.30,1.846
804,406.9,241.5,260.1,19.95,0.839
804,406.9,235.0,259.4,18.69,0.739
804,406.9,228.6,258.7,18.69,0.812
804,406.9,223.4,264.9,19.10,0.812
804,406.9,218.1,267.0,19.10,1.246
804,406.9,214.8,267.0,19.53,1.246
804,406.9,211.6,267.0,19.53,1.684
804,406.9,208.3,267.0,19.53,1.684
804,406.9,205.1,267.0,19.53,1.684
804,406.9,204.6,267.0,19.53,1.684
804,406.9,204.1,267.0,19.53,1.684
804,406.9,203.6,267.0,19.62,1.684
804,406.9,203.1,267.0,19.62,1.846
804,406.9,202.7,267.0,19.62,1.846
804,406.9,202.2,267.0,19.62,1.846
804,406.9,201.7,267.0,19.62,1.846
804,406.9,201.2,267.0,19.62,1.846
804,406.9,200.7,267.0,19.62,1.846
804,406.9,200.2,267.0,19.62,1.846
804,406.9,199.8,267.0,19.62,1.846
804,406.9,199.3,267.0,19.62,1.846
804,406.9,198.8,267.0,19.62,1.846
804,406.9,198.3,267.0,19.62,1.846
804,406.9,197.8,267.0,19.62,1.846
804,406.9,197.3,267.0,19.62,1.846
804,406.9,196.9,267.0,19.62,1.846
804,406.9,196.4,267.0,19.62,1.846
804,406.9,195.9,267.0,19.62,1.846
804,406.9,195.4,267.0,19.62,1.846
804,406.9,194.9,267.0,19.62,1.846
804,406.9,194.4,267.0,19.62,1.846
804,406.9,194.0,267.0,19.62,1.846
804,406.9,193.5,267.0,19.62,1.846
804,406.9,193.0,267.0,19.62,1.846
804,406.9,192.5,267.0,19.62,1.846
804,406.9,192.0,267.0,19.62,1.846
804,406.9,194.5,267.0,19.62,1.846
804,406.9,194.0,267.0,19.62,1.846
804,406.9,193.5,267.0,19.62,1.846
804,406.9,193.1,267.0,19.62,1.846
804,406.9,192.6,267.0,19.62,1.846
804,406.9,192.1,267.0,19.62,1.846
804,406.9,194.6,267.0,19.62,1.846
804,406.9,194.1,267.0,19.62,1.846
804,406.9,193.6,267.0,19.62,1.846
804,406.9,193.1,267.0,19.62,1.846
804,406.9,192.6,267.0,19.62,1.846
804,406.9,192.1,267.0,19.62,1.846
804,406.9,194.6,267.0,19.62,1.846
804,406.9,194.1,267.0,19.62,1.846
804,406.9,193.6,267.0,19.62,1.846
804,406.9,193.2,267.0,19.62,1.846
804,406.9,192.7,267.0,19.62,1.846
804,406.9,192.2,267.0,19.62,1.846
804,406.9,194.7,267.0,19.62,1.846
804,406.9,194.2,267.0,19.62,1.846
804,406.9,193.7,267.0,19.62,1.846
804,406.9,193.2,267.0,19.62,1.846
804,406.9,192.7,267.0,19.62,1.846
804,406.9,192.2,267.0,19.62,1.846
804,406.9,191.8,267.0,19.30,1.846
804,406.9,191.3,267.0,19.30,1.734
804,406.9,190.8,267.0,19.30,1.734
804,406.9,190.3,267.0,19.30,1.734
804,406.9,192.8,267.0,19.62,1.734
804,406.9,192.3,267.0,19.62,1.846
804,406.9,191.8,267.0,19.30,1.846
804,406.9,191.3,267.0,19.30,1.734
804,406.9,190.9,267.0,19.30,1.734
804,406.9,190.4,267.0,19.30,1.734
804,406.9,192.8,267.0,19.62,1.734
804,406.9,192.3,267.0,19.62,1.846
804,406.9,191.9,267.0,19.30,1.846
804,406.9,191.4,267.0,19.30,1.734
804,406.9,190.9,267.0,19.30,1.734
804,406.9,190.4,267.0,19.30,1.734
804,406.9,192.9,267.0,19.62,1.734
804,406.9,192.4,267.0,19.62,1.846
804,406.9,191.9,267.0,19.30,1.846
804,406.9,191.4,267.0,19.30,1.734
804,406.9,191.0,267.0,19.30,1.734
804,406.9,190.5,267.0,19.30,1.734
804,406.9,192.9,267.0,19.62,1.734
804,406.9,192.5,267.0,19.62,1.846
804,406.9,192.0,267.0,19.30,1.846
804,406.9,191.5,267.0,19.30,1.734
804,406.9,191.0,267.0,19.30,1.734
804,406.9,190.5,267.0,19.30,1.734
804,406.9,193.0,267.0,19.62,1.734
804,406.9,192.5,267.0,19.62,1.846
804,406.9,192.0,267.0,19.62,1.846
804,406.9,194.5,267.0,19.62,1.846
804,406.9,194.0,267.0,19.62,1.846
804,406.9,193.5,267.0,19.62,1.846
804,406.9,193.1,267.0,19.62,1.846
804,406.9,192.6,267.0,19.62,1.846
804,406.9,192.1,267.0,19.62,1.846
804,406.9,194.6,267.0,19.62,1.846
804,406.9,194.1,267.0,19.62,1.846
804,406.9,193.6,267.0,19.62,1.846
804,406.9,193.1,267.0,19.62,1.846
804,406.9,192.6,267.0,19.62,1.846
804,406.9,192.1,267.0,19.62,1.846
804,406.9,194.6,267.0,19.62,1.846
804,406.9,194.1,267.0,19.62,1.846
804,406.9,193.6,267.0,19.62,1.846
804,406.9,193.2,267.0,19.62,1.846
804,406.9,192.7,267.0,19.62,1.846
804,406.9,192.2,267.0,19.62,1.846
804,406.9,194.6,267.0,19.62,1.846
804,406.9,194.2,267.0,19.62,1.846
804,406.9,193.7,267.0,19.62,1.846
804,406.9,193.2,267.0,19.62,1.846
804,406.9,192.7,267.0,19.62,1.846
804,406.9,192.2,267.0,19.62,1.846
804,406.9,194.7,267.0,19.62,1.846
804,406.9,194.2,267.0,19.62,1.846
804,406.9,193.7,267.0,19.62,1.846
804,406.9,193.3,267.0,19.62,1.846
804,406.9,192.8,267.0,19.62,1.846
804,406.9,192.3,267.0,19.62,1.846
804,406.9,191.8,267.0,19.30,1.846
804,406.9,191.3,267.0,19.30,1.734
804,406.9,190.9,267.0,19.30,1.734
804,406.9,190.4,267.0,19.30,1.734
804,406.9,192.8,267.0,19.62,1.734
804,406.9,192.3,267.0,19.62,1.846
804,406.9,191.9,267.0,19.30,1.846
804,406.9,191.4,267.0,19.30,1.734
804,406.9,190.9,267.0,19.30,1.734
804,406.9,190.4,267.0,19.30,1.734
804,406.9,192.9,267.0,19.62,1.734
804,406.9,192.4,267.0,19.62,1.846
804,406.9,191.9,267.0,19.30,1.846
804,406.9,191.4,267.0,19.30,1.734
804,406.9,190.9,267.0,19.30,1.734
804,406.9,190.5,267.0,19.30,1.734
804,406.9,192.9,267.0,19.62,1.734
804,406.9,192.5,267.0,19.62,1.846
804,406.9,192.0,267.0,19.30,1.846
804,406.9,191.5,267.0,19.30,1.734
804,406.9,191.0,267.0,19.30,1.734
804,406.9,190.5,267.0,19.30,1.734
804,406.9,193.0,267.0,19.62,1.734
804,406.9,192.5,267.0,19.62,1.846
804,406.9,192.0,267.0,19.62,1.846
804,406.9,194.5,267.0,19.62,1.846
804,406.9,194.0,267.0,19.62,1.846
804,406.9,193.5,267.0,19.62,1.846
804,406.9,193.0,267.0,19.62,1.846
804,406.9,192.6,267.0,19.62,1.846
804,406.9,192.1,267.0,19.62,1.846
804,406.9,194.5,267.0,19.62,1.846
804,406.9,194.1,267.0,19.62,1.846
804,406.9,193.6,267.0,19.62,1.846
804,406.9,193.1,267.0,19.62,1.846
804,406.9,192.6,267.0,19.62,1.846
804,406.9,192.1,267.0,19.62,1.846
804,406.9,194.6,267.0,19.62,1.846
804,406.9,194.1,267.0,19.62,1.846
810,408.1,168.0,257.4,18.49,1.273
810,408.1,174.0,257.0,19.14,1.105
810,408.1,180.0,256.7,19.14,0.773
810,408.1,182.2,267.0,19.55,0.773
810,408.1,184.7,267.0,19.55,1.625
810,408.1,187.2,267.0,19.55,1.625
810,408.1,189.6,267.0,19.55,1.625
810,408.1,192.1,267.0,19.51,1.625
810,408.1,194.6,267.0,19.51,1.704
810,408.1,194.1,267.0,19.51,1.704
810,408.1,193.6,267.0,19.51,1.704
810,408.1,193.1,267.0,19.51,1.704
810,408.1,192.6,267.0,19.51,1.704
810,408.1,192.2,267.0,19.51,1.704
810,408.1,194.6,267.0,19.51,1.704
810,408.1,194.1,267.0,19.51,1.704
810,408.1,193.7,267.0,19.51,1.704
810,408.1,193.2,267.0,19.51,1.704
810,408.1,192.7,267.0,19.51,1.704
810,408.1,192.2,267.0,19.51,1.704
810,408.1,194.7,267.0,19.51,1.704
810,408.1,194.2,267.0,19.51,1.704
810,408.1,193.7,267.0,19.51,1.704
810,408.1,193.2,267.0,19.51,1.704
810,408.1,192.8,267.0,19.51,1.704
810,408.1,192.3,267.0,19.51,1.704
810,408.1,191.8,267.0,19.55,1.704
810,408.1,191.3,267.0,19.55,1.625
810,408.1,190.8,267.0,19.55,1.625
810,408.1,190.3,267.0,19.55,1.625
810,408.1,192.8,267.0,19.51,1.625
810,408.1,192.3,267.0,19.51,1.704
810,408.1,191.8,267.0,19.55,1.704
810,408.1,191.3,267.0,19.55,1.625
810,408.1,190.9,267.0,19.55,1.625
810,408.1,190.4,267.0,19.55,1.625
810,408.1,192.9,267.0,19.51,1.625
810,408.1,192.4,267.0,19.51,1.704
810,408.1,191.9,267.0,19.55,1.704
810,408.1,191.4,267.0,19.55,1.625
810,408.1,190.9,267.0,19.55,1.625
810,408.1,190.4,267.0,19.55,1.625
810,408.1,192.9,267.0,19.51,1.625
810,408.1,192.4,267.0,19.51,1.704
810,408.1,191.9,267.0,19.55,1.704
810,408.1,191.5,267.0,19.55,1.625
810,408.1,191.0,267.0,19.55,1.625
810,408.1,190.5,267.0,19.55,1.625
810,408.1,193.0,267.0,19.51,1.625
810,408.1,192.5,267.0,19.51,1.704
810,408.1,192.0,267.0,19.55,1.704
810,408.1,191.5,267.0,19.55,1.625
810,408.1,191.0,267.0,19.55,1.625
810,408.1,190.6,267.0,19.55,1.625
810,408.1,193.0,267.0,19.51,1.625
810,408.1,192.5,267.0,19.51,1.704
810,408.1,192.1,267.0,19.51,1.704
810,408.1,194.5,267.0,19.51,1.704
810,408.1,194.0,267.0,19.51,1.704
810,408.1,193.6,267.0,19.51,1.704
810,408.1,193.1,267.0,19.51,1.704
810,408.1,192.6,267.0,19.51,1.704
810,408.1,192.1,267.0,19.51,1.704
810,408.1,194.6,267.0,19.51,1.704
810,408.1,194.1,267.0,19.51,1.704
810,408.1,193.6,267.0,19.51,1.704
810,408.1,193.1,267.0,19.51,1.704
810,408.1,192.6,267.0,19.51,1.704
810,408.1,192.2,267.0,19.51,1.704
810,408.1,194.6,267.0,19.51,1.704
810,408.1,194.1,267.0,19.51,1.704
810,408.1,193.7,267.0,19.51,1.704
810,408.1,193.2,267.0,19.51,1.704
810,408.1,192.7,267.0,19.51,1.704
810,408.1,192.2,267.0,19.51,1.704
810,408.1,194.7,267.0,19.51,1.704
810,408.1,194.2,267.0,19.51,1.704
810,408.1,193.7,267.0,19.51,1.704
810,408.1,193.2,267.0,19.51,1.704
810,408.1,192.7,267.0,19.51,1.704
810,408.1,192.3,267.0,19.51,1.704
810,408.1,194.7,267.0,19.51,1.704
810,408.1,194.2,267.0,19.51,1.704
810,408.1,193.8,267.0,19.51,1.704
810,408.1,193.3,267.0,19.51,1.704
810,408.1,192.8,267.0,19.51,1.704
810,408.1,192.3,267.0,19.51,1.704
810,408.1,191.8,267.0,19.55,1.704
810,408.1,191.3,267.0,19.55,1.625
810,408.1,190.9,267.0,19.55,1.625
810,408.1,190.4,267.0,19.55,1.625
810,408.1,192.9,267.0,19.51,1.625
810,408.1,192.4,267.0,19.51,1.704
810,408.1,191.9,267.0,19.55,1.704
810,408.1,191.4,267.0,19.55,1.625
810,408.1,190.9,267.0,19.55,1.625
810,408.1,190.4,267.0,19.55,1.625
810,408.1,192.9,267.0,19.51,1.625
810,408.1,192.4,267.0,19.51,1.704
810,408.1,191.9,267.0,19.55,1.704
810,408.1,191.5,267.0,19.55,1.625
810,408.1,191.0,267.0,19.55,1.625
810,408.1,190.5,267.0,19.55,1.625
810,408.1,192.9,267.0,19.51,1.625
810,408.1,192.5,267.0,19.51,1.704
810,408.1,192.0,267.0,19.55,1.704
810,408.1,191.5,267.0,19.55,1.625
810,408.1,191.0,267.0,19.55,1.625
810,408.1,190.5,267.0,19.55,1.625
810,408.1,193.0,267.0,19.51,1.625
810,408.1,192.5,267.0,19.51,1.704
810,408.1,192.0,267.0,19.51,1.704
810,408.1,194.5,267.0,19.51,1.704
810,408.1,194.0,267.0,19.51,1.704
810,408.1,193.5,267.0,19.51,1.704
810,408.1,193.1,267.0,19.51,1.704
810,408.1,192.6,267.0,19.51,1.704
810,408.1,192.1,267.0,19.51,1.704
810,408.1,194.6,267.0,19.51,1.704
810,408.1,194.1,267.0,19.51,1.704
810,408.1,193.6,267.0,19.51,1.704
810,408.1,193.1,267.0,19.51,1.704
810,408.1,192.6,267.0,19.51,1.704
810,408.1,192.1,267.0,19.51,1.704
810,408.1,194.6,267.0,19.51,1.704
810,408.1,194.1,267.0,19.51,1.704
810,408.1,193.6,267.0,19.51,1.704
810,408.1,193.2,267.0,19.51,1.704
810,408.1,192.7,267.0,19.51,1.704
810,408.1,192.2,267.0,19.51,1.704
810,408.1,194.7,267.0,19.51,1.704
810,408.1,194.2,267.0,19.51,1.704
810,408.1,193.7,267.0,19.51,1.704
810,408.1,193.2,267.0,19.51,1.704
810,408.1,192.7,267.0,19.51,1.704
810,408.1,192.2,267.0,19.51,1.704
810,408.1,194.7,267.0,19.51,1.704
810,408.1,194.2,267.0,19.51,1.704
810,408.1,193.8,267.0,19.51,1.704
810,408.1,193.3,267.0,19.51,1.704
810,408.1,192.8,267.0,19.51,1.704
810,408.1,192.3,267.0,19.51,1.704
810,408.1,191.8,267.0,19.55,1.704
810,408.1,191.3,267.0,19.55,1.625
810,408.1,190.9,267.0,19.55,1.625
810,408.1,190.4,267.0,19.55,1.625
810,408.1,192.8,267.0,19.51,1.625
810,408.1,192.4,267.0,19.51,1.704
810,408.1,191.9,267.0,19.55,1.704
810,408.1,191.4,267.0,19.55,1.625
810,408.1,190.9,267.0,19.55,1.625
810,408.1,190.4,267.0,19.55,1.625
810,408.1,192.9,267.0,19.51,1.625
810,408.1,192.4,267.0,19.51,1.704
810,408.1,191.9,267.0,19.55,1.704
810,408.1,191.4,267.0,19.55,1.625
810,408.1,191.0,267.0,19.55,1.625
810,408.1,190.5,267.0,19.55,1.625
810,408.1,192.9,267.0,19.51,1.625
810,408.1,192.5,267.0,19.51,1.704
816,355.5,178.4,262.6,23.05,0.548
816,358.6,178.3,260.2,23.05,0.490
816,363.4,182.4,260.1,19.23,0.490
816,369.6,183.9,259.6,19.23,0.799
816,374.4,185.8,265.9,19.83,0.799
816,379.3,188.1,267.0,19.83,1.252
816,384.3,190.5,267.0,19.55,1.252
816,387.2,192.9,267.0,19.51,1.625
816,390.1,192.3,267.0,19.51,1.704
816,393.0,191.8,267.0,19.55,1.704
816,395.9,191.3,267.0,19.55,1.625
816,395.9,190.8,267.0,19.55,1.734
816,395.9,190.3,267.0,19.55,1.734
816,395.9,192.8,267.0,19.51,1.734
816,395.9,192.3,267.0,19.51,1.846
816,395.9,191.8,267.0,19.55,1.846
816,395.9,191.4,267.0,19.55,1.734
816,395.9,190.9,267.0,19.55,1.734
816,395.9,190.4,267.0,19.55,1.734
816,395.9,192.9,267.0,19.51,1.734
816,395.9,192.4,267.0,19.51,1.846
816,395.9,191.9,267.0,19.55,1.846
816,395.9,191.4,267.0,19.55,1.734
816,395.9,190.9,267.0,19.55,1.734
816,395.9,190.4,267.0,19.55,1.734
816,395.9,192.9,267.0,19.51,1.734
816,395.9,192.4,267.0,19.51,1.846
816,395.9,191.9,267.0,19.55,1.846
816,395.9,191.5,267.0,19.55,1.734
816,395.9,191.0,267.0,19.55,1.734
816,395.9,190.5,267.0,19.55,1.734
816,395.9,193.0,267.0,19.51,1.734
816,395.9,192.5,267.0,19.51,1.846
816,395.9,192.0,267.0,19.51,1.846
816,395.9,191.5,267.0,19.55,1.734
816,395.9,191.0,267.0,19.55,1.734
816,395.9,190.6,267.0,19.55,1.734
816,395.9,193.0,267.0,19.51,1.734
816,395.9,192.5,267.0,19.51,1.846
816,395.9,192.1,267.0,19.51,1.846
816,395.9,194.5,267.0,19.51,1.846
816,395.9,194.0,267.0,19.51,1.846
816,395.9,193.6,267.0,19.51,1.846
816,395.9,193.1,267.0,19.51,1.846
816,395.9,192.6,267.0,19.51,1.846
816,395.9,192.1,267.0,19.51,1.846
816,395.9,194.6,267.0,19.51,1.846
816,395.9,194.1,267.0,19.51,1.846
816,395.9,193.6,267.0,19.51,1.846
816,395.9,193.1,267.0,19.51,1.846
816,395.9,192.6,267.0,19.51,1.846
816,395.9,192.2,267.0,19.51,1.846
816,395.9,194.6,267.0,19.51,1.846
816,395.9,194.1,267.0,19.51,1.846
816,395.9,193.7,267.0,19.51,1.846
816,395.9,193.2,267.0,19.51,1.846
816,395.9,192.7,267.0,19.51,1.846
816,395.9,192.2,267.0,19.51,1.846
816,395.9,194.7,267.0,19.51,1.846
816,395.9,194.2,267.0,19.51,1.846
816,395.9,193.7,267.0,19.51,1.846
816,395.9,193.2,267.0,19.51,1.846
816,395.9,192.7,267.0,19.51,1.846
816,395.9,192.3,267.0,19.51,1.846
816,395.9,191.8,267.0,19.55,1.846
816,395.9,191.3,267.0,19.55,1.734
816,395.9,190.8,267.0,19.55,1.734
816,395.9,190.3,267.0,19.55,1.734
816,395.9,192.8,267.0,19.51,1.734
816,395.9,192.3,267.0,19.51,1.846
816,395.9,191.8,267.0,19.55,1.846
816,395.9,191.3,267.0,19.55,1.734
816,395.9,190.9,267.0,19.55,1.734
816,395.9,190.4,267.0,19.55,1.734
816,395.9,192.9,267.0,19.51,1.734
816,395.9,192.4,267.0,19.51,1.846
816,395.9,191.9,267.0,19.55,1.846
816,395.9,191.4,267.0,19.55,1.734
816,395.9,190.9,267.0,19.55,1.734
816,395.9,190.4,267.0,19.55,1.734
816,395.9,192.9,267.0,19.51,1.734
816,395.9,192.4,267.0,19.51,1.846
816,395.9,191.9,267.0,19.55,1.846
816,395.9,191.5,267.0,19.55,1.734
816,395.9,191.0,267.0,19.55,1.734
816,395.9,190.5,267.0,19.55,1.734
816,395.9,193.0,267.0,19.51,1.734
816,395.9,192.5,267.0,19.51,1.846
816,395.9,192.0,267.0,19.55,1.846
816,395.9,191.5,267.0,19.55,1.734
816,395.9,191.0,267.0,19.55,1.734
816,395.9,190.5,267.0,19.55,1.734
816,395.9,193.0,267.0,19.51,1.734
816,395.9,192.5,267.0,19.51,1.846
816,395.9,192.0,267.0,19.51,1.846
816,395.9,194.5,267.0,19.51,1.846
816,395.9,194.0,267.0,19.51,1.846
816,395.9,193.5,267.0,19.51,1.846
816,395.9,193.1,267.0,19.51,1.846
816,395.9,192.6,267.0,19.51,1.846
816,395.9,192.1,267.0,19.51,1.846
816,395.9,194.6,267.0,19.51,1.846
816,395.9,194.1,267.0,19.51,1.846
816,395.9,193.6,267.0,19.51,1.846
816,395.9,193.1,267.0,19.51,1.846
816,395.9,192.6,267.0,19.51,1.846
816,395.9,192.2,267.0,19.51,1.846
816,395.9,194.6,267.0,19.51,1.846
816,395.9,194.1,267.0,19.51,1.846
816,395.9,193.7,267.0,19.51,1.846
816,395.9,193.2,267.0,19.51,1.846
816,395.9,192.7,267.0,19.51,1.846
816,395.9,192.2,267.0,19.51,1.846
816,395.9,194.7,267.0,19.51,1.846
816,395.9,194.2,267.0,19.51,1.846
816,395.9,193.7,267.0,19.51,1.846
816,395.9,193.2,267.0,19.51,1.846
816,395.9,192.7,267.0,19.51,1.846
816,395.9,192.2,267.0,19.51,1.846
816,395.9,191.8,267.0,19.55,1.846
816,395.9,191.3,267.0,19.55,1.734
816,395.9,190.8,267.0,19.55,1.734
816,395.9,190.3,267.0,19.55,1.734
816,395.9,192.8,267.0,19.51,1.734
816,395.9,192.3,267.0,19.51,1.846
816,395.9,191.8,267.0,19.55,1.846
816,395.9,191.3,267.0,19.55,1.734
816,395.9,190.9,267.0,19.55,1.734
816,395.9,190.4,267.0,19.55,1.734
816,395.9,192.8,267.0,19.51,1.734
816,395.9,192.4,267.0,19.51,1.846
816,395.9,191.9,267.0,19.55,1.846
816,395.9,191.4,267.0,19.55,1.734
816,395.9,190.9,267.0,19.55,1.734
816,395.9,190.4,267.0,19.55,1.734
816,395.9,192.9,267.0,19.51,1.734
816,395.9,192.4,267.0,19.51,1.846
816,395.9,191.9,267.0,19.55,1.846
816,395.9,191.5,267.0,19.55,1.734
816,395.9,191.0,267.0,19.55,1.734
816,395.9,190.5,267.0,19.55,1.734
816,395.9,192.9,267.0,19.51,1.734
816,395.9,192.5,267.0,19.51,1.846
816,395.9,192.0,267.0,19.55,1.846
816,395.9,191.5,267.0,19.55,1.734
816,395.9,191.0,267.0,19.55,1.734
816,395.9,190.5,267.0,19.55,1.734
816,395.9,193.0,267.0,19.51,1.734
816,395.9,192.5,267.0,19.51,1.846
816,395.9,192.0,267.0,19.51,1.846
816,395.9,194.5,267.0,19.51,1.846
816,395.9,194.0,267.0,19.51,1.846
816,395.9,193.5,267.0,19.51,1.846
816,395.9,193.1,267.0,19.51,1.846
816,395.9,192.6,267.0,19.51,1.846
816,395.9,192.1,267.0,19.51,1.846
816,395.9,194.6,267.0,19.51,1.846
816,395.9,194.1,267.0,19.51,1.846
816,395.9,193.6,267.0,19.51,1.846
816,395.9,193.1,267.0,19.51,1.846
822,420.7,167.0,262.4,20.65,0.776
822,418.6,172.8,262.3,19.14,0.626
822,416.5,178.6,262.1,19.14,0.773
822,413.8,180.8,267.0,19.55,0.773
822,410.9,183.2,267.0,19.55,1.625
822,408.0,185.6,267.0,19.55,1.625
822,408.0,188.1,267.0,19.55,1.625
822,408.0,190.5,267.0,19.55,1.625
822,408.0,193.0,267.0,19.51,1.625
822,408.0,192.5,267.0,19.51,1.704
822,408.0,192.0,267.0,19.51,1.704
822,408.0,194.5,267.0,19.51,1.704
822,408.0,194.0,267.0,19.51,1.704
822,408.0,193.5,267.0,19.51,1.704
822,408.0,193.0,267.0,19.51,1.704
822,408.0,192.6,267.0,19.51,1.704
822,408.0,192.1,267.0,19.51,1.704
822,408.0,194.5,267.0,19.51,1.704
822,408.0,194.1,267.0,19.51,1.704
822,408.0,193.6,267.0,19.51,1.704
822,408.0,193.1,267.0,19.51,1.704
822,408.0,192.6,267.0,19.51,1.704
822,408.0,192.1,267.0,19.51,1.704
822,408.0,194.6,267.0,19.51,1.704
822,408.0,194.1,267.0,19.51,1.704
822,408.0,193.6,267.0,19.51,1.704
822,408.0,193.2,267.0,19.51,1.704
822,408.0,192.7,267.0,19.51,1.704
822,408.0,192.2,267.0,19.51,1.704
822,408.0,194.6,267.0,19.51,1.704
822,408.0,194.2,267.0,19.51,1.704
822,408.0,193.7,267.0,19.51,1.704
822,408.0,193.2,267.0,19.51,1.704
822,408.0,192.7,267.0,19.51,1.704
822,408.0,192.2,267.0,19.51,1.704
822,408.0,194.7,267.0,19.51,1.704
822,408.0,194.2,267.0,19.51,1.704
822,408.0,193.7,267.0,19.51,1.704
822,408.0,193.2,267.0,19.51,1.704
822,408.0,192.8,267.0,19.51,1.704
822,408.0,192.3,267.0,19.51,1.704
822,408.0,191.8,267.0,19.55,1.704
822,408.0,191.3,267.0,19.55,1.625
822,408.0,190.8,267.0,19.55,1.625
822,408.0,190.4,267.0,19.55,1.625
822,408.0,192.8,267.0,19.51,1.625
822,408.0,192.3,267.0,19.51,1.704
822,408.0,191.9,267.0,19.55,1.704
822,408.0,191.4,267.0,19.55,1.625
822,408.0,190.9,267.0,19.55,1.625
822,408.0,190.4,267.0,19.55,1.625
822,408.0,192.9,267.0,19.51,1.625
822,408.0,192.4,267.0,19.51,1.704
822,408.0,191.9,267.0,19.55,1.704
822,408.0,191.4,267.0,19.55,1.625
822,408.0,190.9,267.0,19.55,1.625
822,408.0,190.5,267.0,19.55,1.625
822,408.0,192.9,267.0,19.51,1.625
822,408.0,192.5,267.0,19.51,1.704
822,408.0,192.0,267.0,19.55,1.704
822,408.0,191.5,267.0,19.55,1.625
822,408.0,191.0,267.0,19.55,1.625
822,408.0,190.5,267.0,19.55,1.625
822,408.0,193.0,267.0,19.51,1.625
822,408.0,192.5,267.0,19.51,1.704
822,408.0,192.0,267.0,19.51,1.704
822,408.0,194.5,267.0,19.51,1.704
822,408.0,194.0,267.0,19.51,1.704
822,408.0,193.5,267.0,19.51,1.704
822,408.0,193.0,267.0,19.51,1.704
822,408.0,192.6,267.0,19.51,1.704
822,408.0,192.1,267.0,19.51,1.704
822,408.0,194.5,267.0,19.51,1.704
822,408.0,194.0,267.0,19.51,1.704
822,408.0,193.6,267.0,19.51,1.704
822,408.0,193.1,267.0,19.51,1.704
822,408.0,192.6,267.0,19.51,1.704
822,408.0,192.1,267.0,19.51,1.704
822,408.0,194.6,267.0,19.51,1.704
822,408.0,194.1,267.0,19.51,1.704
822,408.0,193.6,267.0,19.51,1.704
822,408.0,193.1,267.0,19.51,1.704
822,408.0,192.7,267.0,19.51,1.704
822,408.0,192.2,267.0,19.51,1.704
822,408.0,194.6,267.0,19.51,1.704
822,408.0,194.2,267.0,19.51,1.704
822,408.0,193.7,267.0,19.51,1.704
822,408.0,193.2,267.0,19.51,1.704
822,408.0,192.7,267.0,19.51,1.704
822,408.0,192.2,267.0,19.51,1.704
822,408.0,194.7,267.0,19.51,1.704
822,408.0,194.2,267.0,19.51,1.704
822,408.0,193.7,267.0,19.51,1.704
822,408.0,193.2,267.0,19.51,1.704
822,408.0,192.8,267.0,19.51,1.704
822,408.0,192.3,267.0,19.51,1.704
822,408.0,191.8,267.0,19.55,1.704
822,408.0,191.3,267.0,19.55,1.625
822,408.0,190.8,267.0,19.55,1.625
822,408.0,190.3,267.0,19.55,1.625
822,408.0,192.8,267.0,19.51,1.625
822,408.0,192.3,267.0,19.51,1.704
822,408.0,191.9,267.0,19.55,1.704
822,408.0,191.4,267.0,19.55,1.625
822,408.0,190.9,267.0,19.55,1.625
822,408.0,190.4,267.0,19.55,1.625
822,408.0,192.9,267.0,19.51,1.625
822,408.0,192.4,267.0,19.51,1.704
822,408.0,191.9,267.0,19.55,1.704
822,408.0,191.4,267.0,19.55,1.625
822,408.0,190.9,267.0,19.55,1.625
822,408.0,190.5,267.0,19.55,1.625
822,408.0,192.9,267.0,19.51,1.625
822,408.0,192.4,267.0,19.51,1.704
822,408.0,192.0,267.0,19.55,1.704
822,408.0,191.5,267.0,19.55,1.625
822,408.0,191.0,267.0,19.55,1.625
822,408.0,190.5,267.0,19.55,1.625
822,408.0,193.0,267.0,19.51,1.625
822,408.0,192.5,267.0,19.51,1.704
822,408.0,192.0,267.0,19.51,1.704
822,408.0,194.5,267.0,19.51,1.704
822,408.0,194.0,267.0,19.51,1.704
822,408.0,193.5,267.0,19.51,1.704
822,408.0,193.0,267.0,19.51,1.704
822,408.0,192.5,267.0,19.51,1.704
822,408.0,192.1,267.0,19.51,1.704
822,408.0,194.5,267.0,19.51,1.704
822,408.0,194.0,267.0,19.51,1.704
822,408.0,193.6,267.0,19.51,1.704
822,408.0,193.1,267.0,19.51,1.704
822,408.0,192.6,267.0,19.51,1.704
822,408.0,192.1,267.0,19.51,1.704
822,408.0,194.6,267.0,19.51,1.704
822,408.0,194.1,267.0,19.51,1.704
822,408.0,193.6,267.0,19.51,1.704
822,408.0,193.1,267.0,19.51,1.704
822,408.0,192.7,267.0,19.51,1.704
822,408.0,192.2,267.0,19.51,1.704
822,408.0,194.6,267.0,19.51,1.704
822,408.0,194.2,267.0,19.51,1.704
822,408.0,193.7,267.0,19.51,1.704
822,408.0,193.2,267.0,19.51,1.704
822,408.0,192.7,267.0,19.51,1.704
822,408.0,192.2,267.0,19.51,1.704
822,408.0,194.7,267.0,19.51,1.704
822,408.0,194.2,267.0,19.51,1.704
822,408.0,193.7,267.0,19.51,1.704
822,408.0,193.2,267.0,19.51,1.704
822,408.0,192.8,267.0,19.51,1.704
822,408.0,192.3,267.0,19.51,1.704
822,408.0,191.8,267.0,19.55,1.704
822,408.0,191.3,267.0,19.55,1.625
822,408.0,190.8,267.0,19.55,1.625
822,408.0,190.3,267.0,19.55,1.625
822,408.0,192.8,267.0,19.51,1.625
822,408.0,192.3,267.0,19.51,1.704
822,408.0,191.8,267.0,19.55,1.704
822,408.0,191.4,267.0,19.55,1.625
822,408.0,190.9,267.0,19.55,1.625
828,438.0,219.6,258.2,19.21,1.199
828,433.7,217.6,251.4,20.24,1.036
828,430.1,216.2,246.3,20.56,0.806
828,425.1,214.7,245.2,19.96,0.590
828,420.2,213.2,244.2,19.96,0.659
828,418.2,210.7,248.6,20.04,0.659
828,416.2,208.2,252.9,19.71,0.674
828,413.6,205.2,262.0,19.71,1.240
828,410.6,204.7,267.0,19.64,1.240
828,407.7,204.2,267.0,19.53,1.591
828,407.7,203.7,267.0,19.62,1.684
828,407.7,203.2,267.0,19.62,1.846
828,407.7,202.8,267.0,19.62,1.846
828,407.7,202.3,267.0,19.62,1.846
828,407.7,201.8,267.0,19.62,1.846
828,407.7,201.3,267.0,19.62,1.846
828,407.7,200.8,267.0,19.62,1.846
828,407.7,200.3,267.0,19.62,1.846
828,407.7,199.9,267.0,19.62,1.846
828,407.7,199.4,267.0,19.62,1.846
828,407.7,198.9,267.0,19.62,1.846
828,407.7,198.4,267.0,19.62,1.846
828,407.7,197.9,267.0,19.62,1.846
828,407.7,197.4,267.0,19.62,1.846
828,407.7,197.0,267.0,19.62,1.846
828,407.7,196.5,267.0,19.62,1.846
828,407.7,196.0,267.0,19.62,1.846
828,407.7,195.5,267.0,19.62,1.846
828,407.7,195.0,267.0,19.62,1.846
828,407.7,194.6,267.0,19.62,1.846
828,407.7,194.1,267.0,19.62,1.846
828,407.7,193.6,267.0,19.62,1.846
828,407.7,193.1,267.0,19.62,1.846
828,407.7,192.6,267.0,19.62,1.846
828,407.7,192.1,267.0,19.62,1.846
828,407.7,194.6,267.0,19.62,1.846
828,407.7,194.1,267.0,19.62,1.846
828,407.7,193.6,267.0,19.62,1.846
828,407.7,193.2,267.0,19.62,1.846
828,407.7,192.7,267.0,19.62,1.846
828,407.7,192.2,267.0,19.62,1.846
828,407.7,194.7,267.0,19.62,1.846
828,407.7,194.2,267.0,19.62,1.846
828,407.7,193.7,267.0,19.62,1.846
828,407.7,193.2,267.0,19.62,1.846
828,407.7,192.7,267.0,19.62,1.846
828,407.7,192.2,267.0,19.62,1.846
828,407.7,191.8,267.0,19.30,1.846
828,407.7,191.3,267.0,19.30,1.734
828,407.7,190.8,267.0,19.30,1.734
828,407.7,190.3,267.0,19.30,1.734
828,407.7,192.8,267.0,19.62,1.734
828,407.7,192.3,267.0,19.62,1.846
828,407.7,191.8,267.0,19.30,1.846
828,407.7,191.3,267.0,19.30,1.734
828,407.7,190.9,267.0,19.30,1.734
828,407.7,190.4,267.0,19.30,1.734
828,407.7,192.8,267.0,19.62,1.734
828,407.7,192.3,267.0,19.62,1.846
828,407.7,191.9,267.0,19.30,1.846
828,407.7,191.4,267.0,19.30,1.734
828,407.7,190.9,267.0,19.30,1.734
828,407.7,190.4,267.0,19.30,1.734
828,407.7,192.9,267.0,19.62,1.734
828,407.7,192.4,267.0,19.62,1.846
828,407.7,191.9,267.0,19.30,1.846
828,407.7,191.4,267.0,19.30,1.734
828,407.7,191.0,267.0,19.30,1.734
828,407.7,190.5,267.0,19.30,1.734
828,407.7,192.9,267.0,19.62,1.734
828,407.7,192.5,267.0,19.62,1.846
828,407.7,192.0,267.0,19.30,1.846
828,407.7,191.5,267.0,19.30,1.734
828,407.7,191.0,267.0,19.30,1.734
828,407.7,190.5,267.0,19.30,1.734
828,407.7,193.0,267.0,19.62,1.734
828,407.7,192.5,267.0,19.62,1.846
828,407.7,192.0,267.0,19.62,1.846
828,407.7,194.5,267.0,19.62,1.846
828,407.7,194.0,267.0,19.62,1.846
828,407.7,193.5,267.0,19.62,1.846
828,407.7,193.1,267.0,19.62,1.846
828,407.7,192.6,267.0,19.62,1.846
828,407.7,192.1,267.0,19.62,1.846
828,407.7,194.6,267.0,19.62,1.846
828,407.7,194.1,267.0,19.62,1.846
828,407.7,193.6,267.0,19.62,1.846
828,407.7,193.1,267.0,19.62,1.846
828,407.7,192.6,267.0,19.62,1.846
828,407.7,192.1,267.0,19.62,1.846
828,407.7,194.6,267.0,19.62,1.846
828,407.7,194.1,267.0,19.62,1.846
828,407.7,193.6,267.0,19.62,1.846
828,407.7,193.2,267.0,19.62,1.846
828,407.7,192.7,267.0,19.62,1.846
828,407.7,192.2,267.0,19.62,1.846
828,407.7,194.6,267.0,19.62,1.846
828,407.7,194.2,267.0,19.62,1.846
828,407.7,193.7,267.0,19.62,1.846
828,407.7,193.2,267.0,19.62,1.846
828,407.7,192.7,267.0,19.62,1.846
828,407.7,192.2,267.0,19.62,1.846
828,407.7,194.7,267.0,19.62,1.846
828,407.7,194.2,267.0,19.62,1.846
828,407.7,193.7,267.0,19.62,1.846
828,407.7,193.3,267.0,19.62,1.846
828,407.7,192.8,267.0,19.62,1.846
828,407.7,192.3,267.0,19.62,1.846
828,407.7,191.8,267.0,19.30,1.846
828,407.7,191.3,267.0,19.30,1.734
828,407.7,190.9,267.0,19.30,1.734
828,407.7,190.4,267.0,19.30,1.734
828,407.7,192.8,267.0,19.62,1.734
828,407.7,192.3,267.0,19.62,1.846
828,407.7,191.9,267.0,19.30,1.846
828,407.7,191.4,267.0,19.30,1.734
828,407.7,190.9,267.0,19.30,1.734
828,407.7,190.4,267.0,19.30,1.734
828,407.7,192.9,267.0,19.62,1.734
828,407.7,192.4,267.0,19.62,1.846
828,407.7,191.9,267.0,19.30,1.846
828,407.7,191.4,267.0,19.30,1.734
828,407.7,190.9,267.0,19.30,1.734
828,407.7,190.5,267.0,19.30,1.734
828,407.7,192.9,267.0,19.62,1.734
828,407.7,192.5,267.0,19.62,1.846
828,407.7,192.0,267.0,19.30,1.846
828,407.7,191.5,267.0,19.30,1.734
828,407.7,191.0,267.0,19.30,1.734
828,407.7,190.5,267.0,19.30,1.734
828,407.7,193.0,267.0,19.62,1.734
828,407.7,192.5,267.0,19.62,1.846
828,407.7,192.0,267.0,19.62,1.846
828,407.7,194.5,267.0,19.62,1.846
828,407.7,194.0,267.0,19.62,1.846
828,407.7,193.5,267.0,19.62,1.846
828,407.7,193.0,267.0,19.62,1.846
828,407.7,192.6,267.0,19.62,1.846
828,407.7,192.1,267.0,19.62,1.846
828,407.7,194.5,267.0,19.62,1.846
828,407.7,194.1,267.0,19.62,1.846
828,407.7,193.6,267.0,19.62,1.846
828,407.7,193.1,267.0,19.62,1.846
828,407.7,192.6,267.0,19.62,1.846
828,407.7,192.1,267.0,19.62,1.846
828,407.7,194.6,267.0,19.62,1.846
828,407.7,194.1,267.0,19.62,1.846
828,407.7,193.6,267.0,19.62,1.846
828,407.7,193.2,267.0,19.62,1.846
828,407.7,192.7,267.0,19.62,1.846
828,407.7,192.2,267.0,19.62,1.846
828,407.7,194.6,267.0,19.62,1.846
828,407.7,194.2,267.0,19.62,1.846
828,407.7,193.7,267.0,19.62,1.846
828,407.7,193.2,267.0,19.62,1.846
828,407.7,192.7,267.0,19.62,1.846
828,407.7,192.2,267.0,19.62,1.846
828,407.7,194.7,267.0,19.62,1.846
828,407.7,194.2,267.0,19.62,1.846
828,407.7,193.7,267.0,19.62,1.846
834,420.4,179.8,264.5,21.17,0.990
834,417.5,182.2,267.0,19.55,0.990
834,414.6,184.7,267.0,19.55,1.625
834,411.8,187.1,267.0,19.55,1.625
834,408.9,189.5,267.0,19.55,1.625
834,408.9,191.9,267.0,19.55,1.625
834,408.9,191.5,267.0,19.55,1.625
834,408.9,191.0,267.0,19.55,1.625
834,408.9,190.5,267.0,19.55,1.625
834,408.9,192.9,267.0,19.51,1.625
834,408.9,192.5,267.0,19.51,1.704
834,408.9,192.0,267.0,19.55,1.704
834,408.9,191.5,267.0,19.55,1.625
834,408.9,191.0,267.0,19.55,1.625
834,408.9,190.5,267.0,19.55,1.625
834,408.9,193.0,267.0,19.51,1.625
834,408.9,192.5,267.0,19.51,1.704
834,408.9,192.0,267.0,19.51,1.704
834,408.9,194.5,267.0,19.51,1.704
834,408.9,194.0,267.0,19.51,1.704
834,408.9,193.5,267.0,19.51,1.704
834,408.9,193.1,267.0,19.51,1.704
834,408.9,192.6,267.0,19.51,1.704
834,408.9,192.1,267.0,19.51,1.704
834,408.9,194.6,267.0,19.51,1.704
834,408.9,194.1,267.0,19.51,1.704
834,408.9,193.6,267.0,19.51,1.704
834,408.9,193.1,267.0,19.51,1.704
834,408.9,192.6,267.0,19.51,1.704
834,408.9,192.2,267.0,19.51,1.704
834,408.9,194.6,267.0,19.51,1.704
834,408.9,194.1,267.0,19.51,1.704
834,408.9,193.7,267.0,19.51,1.704
834,408.9,193.2,267.0,19.51,1.704
834,408.9,192.7,267.0,19.51,1.704
834,408.9,192.2,267.0,19.51,1.704
834,408.9,194.7,267.0,19.51,1.704
834,408.9,194.2,267.0,19.51,1.704
834,408.9,193.7,267.0,19.51,1.704
834,408.9,193.2,267.0,19.51,1.704
834,408.9,192.7,267.0,19.51,1.704
834,408.9,192.2,267.0,19.51,1.704
834,408.9,194.7,267.0,19.51,1.704
834,408.9,194.2,267.0,19.51,1.704
834,408.9,193.8,267.0,19.51,1.704
834,408.9,193.3,267.0,19.51,1.704
834,408.9,192.8,267.0,19.51,1.704
834,408.9,192.3,267.0,19.51,1.704
834,408.9,191.8,267.0,19.55,1.704
834,408.9,191.3,267.0,19.55,1.625
834,408.9,190.9,267.0,19.55,1.625
834,408.9,190.4,267.0,19.55,1.625
834,408.9,192.8,267.0,19.51,1.625
834,408.9,192.4,267.0,19.51,1.704
834,408.9,191.9,267.0,19.55,1.704
834,408.9,191.4,267.0,19.55,1.625
834,408.9,190.9,267.0,19.55,1.625
834,408.9,190.4,267.0,19.55,1.625
834,408.9,192.9,267.0,19.51,1.625
834,408.9,192.4,267.0,19.51,1.704
834,408.9,191.9,267.0,19.55,1.704
834,408.9,191.4,267.0,19.55,1.625
834,408.9,191.0,267.0,19.55,1.625
834,408.9,190.5,267.0,19.55,1.625
834,408.9,192.9,267.0,19.51,1.625
834,408.9,192.5,267.0,19.51,1.704
834,408.9,192.0,267.0,19.55,1.704
834,408.9,191.5,267.0,19.55,1.625
834,408.9,191.0,267.0,19.55,1.625
834,408.9,190.5,267.0,19.55,1.625
834,408.9,193.0,267.0,19.51,1.625
834,408.9,192.5,267.0,19.51,1.704
834,408.9,192.0,267.0,19.51,1.704
834,408.9,194.5,267.0,19.51,1.704
834,408.9,194.0,267.0,19.51,1.704
834,408.9,193.5,267.0,19.51,1.704
834,408.9,193.1,267.0,19.51,1.704
834,408.9,192.6,267.0,19.51,1.704
834,408.9,192.1,267.0,19.51,1.704
834,408.9,194.6,267.0,19.51,1.704
834,408.9,194.1,267.0,19.51,1.704
834,408.9,193.6,267.0,19.51,1.704
834,408.9,193.1,267.0,19.51,1.704
834,408.9,192.6,267.0,19.51,1.704
834,408.9,192.1,267.0,19.51,1.704
834,408.9,194.6,267.0,19.51,1.704
834,408.9,194.1,267.0,19.51,1.704
834,408.9,193.6,267.0,19.51,1.704
834,408.9,193.2,267.0,19.51,1.704
834,408.9,192.7,267.0,19.51,1.704
834,408.9,192.2,267.0,19.51,1.704
834,408.9,194.7,267.0,19.51,1.704
834,408.9,194.2,267.0,19.51,1.704
834,408.9,193.7,267.0,19.51,1.704
834,408.9,193.2,267.0,19.51,1.704
834,408.9,192.7,267.0,19.51,1.704
834,408.9,192.2,267.0,19.51,1.704
834,408.9,194.7,267.0,19.51,1.704
834,408.9,194.2,267.0,19.51,1.704
834,408.9,193.7,267.0,19.51,1.704
834,408.9,193.3,267.0,19.51,1.704
834,408.9,192.8,267.0,19.51,1.704
834,408.9,192.3,267.0,19.51,1.704
834,408.9,191.8,267.0,19.55,1.704
834,408.9,191.3,267.0,19.55,1.625
834,408.9,190.9,267.0,19.55,1.625
834,408.9,190.4,267.0,19.55,1.625
834,408.9,192.8,267.0,19.51,1.625
834,408.9,192.3,267.0,19.51,1.704
834,408.9,191.9,267.0,19.55,1.704
834,408.9,191.4,267.0,19.55,1.625
834,408.9,190.9,267.0,19.55,1.625
834,408.9,190.4,267.0,19.55,1.625
834,408.9,192.9,267.0,19.51,1.625
834,408.9,192.4,267.0,19.51,1.704
834,408.9,191.9,267.0,19.55,1.704
834,408.9,191.4,267.0,19.55,1.625
834,408.9,190.9,267.0,19.55,1.625
834,408.9,190.5,267.0,19.55,1.625
834,408.9,192.9,267.0,19.51,1.625
834,408.9,192.5,267.0,19.51,1.704
834,408.9,192.0,267.0,19.55,1.704
834,408.9,191.5,267.0,19.55,1.625
834,408.9,191.0,267.0,19.55,1.625
834,408.9,190.5,267.0,19.55,1.625
834,408.9,193.0,267.0,19.51,1.625
834,408.9,192.5,267.0,19.51,1.704
834,408.9,192.0,267.0,19.51,1.704
834,408.9,194.5,267.0,19.51,1.704
834,408.9,194.0,267.0,19.51,1.704
834,408.9,193.5,267.0,19.51,1.704
834,408.9,193.0,267.0,19.51,1.704
834,408.9,192.6,267.0,19.51,1.704
834,408.9,192.1,267.0,19.51,1.704
834,408.9,194.5,267.0,19.51,1.704
834,408.9,194.1,267.0,19.51,1.704
834,408.9,193.6,267.0,19.51,1.704
834,408.9,193.1,267.0,19.51,1.704
834,408.9,192.6,267.0,19.51,1.704
834,408.9,192.1,267.0,19.51,1.704
834,408.9,194.6,267.0,19.51,1.704
834,408.9,194.1,267.0,19.51,1.704
834,408.9,193.6,267.0,19.51,1.704
834,408.9,193.2,267.0,19.51,1.704
834,408.9,192.7,267.0,19.51,1.704
834,408.9,192.2,267.0,19.51,1.704
834,408.9,194.6,267.0,19.51,1.704
834,408.9,194.2,267.0,19.51,1.704
834,408.9,193.7,267.0,19.51,1.704
834,408.9,193.2,267.0,19.51,1.704
834,408.9,192.7,267.0,19.51,1.704
834,408.9,192.2,267.0,19.51,1.704
834,408.9,194.7,267.0,19.51,1.704
834,408.9,194.2,267.0,19.51,1.704
834,408.9,193.7,267.0,19.51,1.704
834,408.9,193.2,267.0,19.51,1.704
834,408.9,192.8,267.0,19.51,1.704
834,408.9,192.3,267.0,19.51,1.704
834,408.9,191.8,267.0,19.55,1.704
834,408.9,191.3,267.0,19.55,1.625
