pid,x,y,z,T,speed
0,418.4,161.6,257.5,18.53,1.274
0,417.4,166.2,250.0,19.62,1.107
0,416.1,170.7,248.9,19.71,0.876
0,414.8,175.3,247.9,19.71,0.606
0,413.6,179.8,246.8,19.71,0.606
0,411.4,181.4,251.3,19.93,0.606
0,408.7,183.6,260.7,19.65,0.654
0,408.7,186.1,267.0,19.60,1.252
0,408.7,188.6,267.0,19.60,1.623
0,408.7,191.1,267.0,19.60,1.623
0,408.7,190.6,267.0,19.60,1.623
0,408.7,193.1,267.0,19.56,1.623
0,408.7,192.7,267.0,19.56,1.704
0,408.7,192.3,267.0,19.56,1.704
0,408.7,191.8,267.0,19.60,1.704
0,408.7,191.4,267.0,19.60,1.623
0,408.7,190.9,267.0,19.60,1.623
0,408.7,190.5,267.0,19.60,1.623
0,408.7,193.0,267.0,19.56,1.623
0,408.7,192.5,267.0,19.56,1.704
0,408.7,192.1,267.0,19.56,1.704
0,408.7,194.6,267.0,19.56,1.704
0,408.7,194.2,267.0,19.56,1.704
0,408.7,193.7,267.0,19.56,1.704
0,408.7,193.3,267.0,19.56,1.704
0,408.7,192.8,267.0,19.56,1.704
0,408.7,192.4,267.0,19.56,1.704
0,408.7,191.9,267.0,19.60,1.704
0,408.7,191.5,267.0,19.60,1.623
0,408.7,191.1,267.0,19.60,1.623
0,408.7,190.6,267.0,19.60,1.623
0,408.7,193.1,267.0,19.56,1.623
0,408.7,192.7,267.0,19.56,1.704
0,408.7,192.2,267.0,19.56,1.704
0,408.7,194.7,267.0,19.56,1.704
0,408.7,194.3,267.0,19.56,1.704
0,408.7,193.8,267.0,19.56,1.704
0,408.7,193.4,267.0,19.56,1.704
0,408.7,193.0,267.0,19.56,1.704
0,408.7,192.5,267.0,19.56,1.704
0,408.7,192.1,267.0,19.56,1.704
0,408.7,194.6,267.0,19.56,1.704
0,408.7,194.1,267.0,19.56,1.704
0,408.7,193.7,267.0,19.56,1.704
0,408.7,193.2,267.0,19.56,1.704
0,408.7,192.8,267.0,19.56,1.704
0,408.7,192.4,267.0,19.56,1.704
0,408.7,191.9,267.0,19.60,1.704
0,408.7,191.5,267.0,19.60,1.623
0,408.7,191.0,267.0,19.60,1.623
0,408.7,190.6,267.0,19.60,1.623
0,408.7,193.1,267.0,19.56,1.623
0,408.7,192.7,267.0,19.56,1.704
0,408.7,192.2,267.0,19.56,1.704
0,408.7,194.7,267.0,19.56,1.704
0,408.7,194.3,267.0,19.56,1.704
0,408.7,193.8,267.0,19.56,1.704
0,408.7,193.4,267.0,19.56,1.704
0,408.7,192.9,267.0,19.56,1.704
0,408.7,192.5,267.0,19.56,1.704
0,408.7,192.1,267.0,19.56,1.704
0,408.7,194.6,267.0,19.56,1.704
0,408.7,194.1,267.0,19.56,1.704
0,408.7,193.7,267.0,19.56,1.704
0,408.7,193.2,267.0,19.56,1.704
0,408.7,192.8,267.0,19.56,1.704
0,408.7,192.3,267.0,19.56,1.704
0,408.7,191.9,267.0,19.60,1.704
0,408.7,191.5,267.0,19.60,1.623
0,408.7,191.0,267.0,19.60,1.623
0,408.7,190.6,267.0,19.60,1.623
0,408.7,193.1,267.0,19.56,1.623
0,408.7,192.6,267.0,19.56,1.704
0,408.7,192.2,267.0,19.56,1.704
0,408.7,194.7,267.0,19.56,1.704
0,408.7,194.2,267.0,19.56,1.704
0,408.7,193.8,267.0,19.56,1.704
0,408.7,193.3,267.0,19.56,1.704
0,408.7,192.9,267.0,19.56,1.704
0,408.7,192.5,267.0,19.56,1.704
0,408.7,192.0,267.0,19.56,1.704
0,408.7,194.5,267.0,19.56,1.704
0,408.7,194.1,267.0,19.56,1.704
0,408.7,193.6,267.0,19.56,1.704
0,408.7,193.2,267.0,19.56,1.704
0,408.7,192.8,267.0,19.56,1.704
0,408.7,192.3,267.0,19.56,1.704
0,408.7,191.9,267.0,19.60,1.704
0,408.7,191.4,267.0,19.60,1.623
0,408.7,191.0,267.0,19.60,1.623
0,408.7,190.5,267.0,19.60,1.623
0,408.7,193.0,267.0,19.56,1.623
0,408.7,192.6,267.0,19.56,1.704
0,408.7,192.2,267.0,19.56,1.704
0,408.7,194.6,267.0,19.56,1.704
0,408.7,194.2,267.0,19.56,1.704
0,408.7,193.8,267.0,19.56,1.704
0,408.7,193.3,267.0,19.56,1.704
0,408.7,192.9,267.0,19.56,1.704
0,408.7,192.4,267.0,19.56,1.704
0,408.7,192.0,267.0,19.60,1.704
0,408.7,191.6,267.0,19.60,1.623
0,408.7,191.1,267.0,19.60,1.623
0,408.7,190.7,267.0,19.60,1.623
0,408.7,193.2,267.0,19.56,1.623
0,408.7,192.7,267.0,19.56,1.704
0,408.7,192.3,267.0,19.56,1.704
0,408.7,191.8,267.0,19.60,1.704
0,408.7,191.4,267.0,19.60,1.623
0,408.7,190.9,267.0,19.60,1.623
0,408.7,190.5,267.0,19.60,1.623
0,408.7,193.0,267.0,19.56,1.623
0,408.7,192.6,267.0,19.56,1.704
0,408.7,192.1,267.0,19.56,1.704
0,408.7,194.6,267.0,19.56,1.704
0,408.7,194.2,267.0,19.56,1.704
0,408.7,193.7,267.0,19.56,1.704
0,408.7,193.3,267.0,19.56,1.704
0,408.7,192.9,267.0,19.56,1.704
0,408.7,192.4,267.0,19.56,1.704
0,408.7,192.0,267.0,19.60,1.704
0,408.7,191.5,267.0,19.60,1.623
0,408.7,191.1,267.0,19.60,1.623
0,408.7,190.6,267.0,19.60,1.623
0,408.7,193.1,267.0,19.56,1.623
0,408.7,192.7,267.0,19.56,1.704
0,408.7,192.2,267.0,19.56,1.704
0,408.7,191.8,267.0,19.60,1.704
0,408.7,191.4,267.0,19.60,1.623
0,408.7,190.9,267.0,19.60,1.623
0,408.7,190.5,267.0,19.60,1.623
0,408.7,193.0,267.0,19.56,1.623
0,408.7,192.5,267.0,19.56,1.704
0,408.7,192.1,267.0,19.56,1.704
0,408.7,194.6,267.0,19.56,1.704
0,408.7,194.2,267.0,19.56,1.704
0,408.7,193.7,267.0,19.56,1.704
0,408.7,193.3,267.0,19.56,1.704
0,408.7,192.8,267.0,19.56,1.704
0,408.7,192.4,267.0,19.56,1.704
0,408.7,191.9,267.0,19.60,1.704
0,408.7,191.5,267.0,19.60,1.623
0,408.7,191.1,267.0,19.60,1.623
0,408.7,190.6,267.0,19.60,1.623
0,408.7,193.1,267.0,19.56,1.623
0,408.7,192.7,267.0,19.56,1.704
0,408.7,192.2,267.0,19.56,1.704
0,408.7,194.7,267.0,19.56,1.704
0,408.7,194.3,267.0,19.56,1.704
0,408.7,193.8,267.0,19.56,1.704
0,408.7,193.4,267.0,19.56,1.704
0,408.7,192.9,267.0,19.56,1.704
0,408.7,192.5,267.0,19.56,1.704
0,408.7,192.1,267.0,19.56,1.704
0,408.7,194.6,267.0,19.56,1.704
0,408.7,194.1,267.0,19.56,1.704
0,408.7,193.7,267.0,19.56,1.704
0,408.7,193.2,267.0,19.56,1.704
0,408.7,192.8,267.0,19.56,1.704
0,408.7,192.3,267.0,19.56,1.704
6,420.5,244.5,262.7,21.44,0.506
6,419.8,241.8,260.4,20.06,0.444
6,419.5,238.7,255.5,19.15,0.739
6,417.6,232.4,255.0,19.15,0.826
6,415.6,226.1,254.5,19.65,0.826
6,413.2,221.1,260.4,19.65,1.020
6,410.8,216.1,266.4,19.57,1.020
6,407.9,212.9,267.0,19.58,1.248
6,407.9,209.6,267.0,19.58,1.592
6,407.9,206.4,267.0,19.58,1.592
6,407.9,203.2,267.0,19.67,1.592
6,407.9,202.7,267.0,19.67,1.704
6,407.9,202.3,267.0,19.67,1.704
6,407.9,201.8,267.0,19.67,1.704
6,407.9,201.4,267.0,19.67,1.704
6,407.9,201.0,267.0,19.67,1.704
6,407.9,200.5,267.0,19.67,1.704
6,407.9,200.1,267.0,19.67,1.704
6,407.9,199.6,267.0,19.67,1.704
6,407.9,199.2,267.0,19.67,1.704
6,407.9,198.7,267.0,19.67,1.704
6,407.9,198.3,267.0,19.67,1.704
6,407.9,197.8,267.0,19.67,1.704
6,407.9,197.4,267.0,19.67,1.704
6,407.9,197.0,267.0,19.67,1.704
6,407.9,196.5,267.0,19.67,1.704
6,407.9,196.1,267.0,19.67,1.704
6,407.9,195.6,267.0,19.67,1.704
6,407.9,195.2,267.0,19.67,1.704
6,407.9,194.8,267.0,19.67,1.704
6,407.9,194.3,267.0,19.67,1.704
6,407.9,193.9,267.0,19.67,1.704
6,407.9,193.4,267.0,19.67,1.704
6,407.9,193.0,267.0,19.67,1.704
6,407.9,192.5,267.0,19.67,1.704
6,407.9,192.1,267.0,19.67,1.704
6,407.9,194.6,267.0,19.67,1.704
6,407.9,194.2,267.0,19.67,1.704
6,407.9,193.7,267.0,19.67,1.704
6,407.9,193.3,267.0,19.67,1.704
6,407.9,192.8,267.0,19.67,1.704
6,407.9,192.4,267.0,19.67,1.704
6,407.9,191.9,267.0,19.35,1.704
6,407.9,191.5,267.0,19.35,1.623
6,407.9,191.0,267.0,19.35,1.623
6,407.9,190.6,267.0,19.35,1.623
6,407.9,193.1,267.0,19.67,1.623
6,407.9,192.7,267.0,19.67,1.704
6,407.9,192.2,267.0,19.67,1.704
6,407.9,194.7,267.0,19.67,1.704
6,407.9,194.3,267.0,19.67,1.704
6,407.9,193.8,267.0,19.67,1.704
6,407.9,193.4,267.0,19.67,1.704
6,407.9,192.9,267.0,19.67,1.704
6,407.9,192.5,267.0,19.67,1.704
6,407.9,192.1,267.0,19.67,1.704
6,407.9,194.6,267.0,19.67,1.704
6,407.9,194.1,267.0,19.67,1.704
6,407.9,193.7,267.0,19.67,1.704
6,407.9,193.2,267.0,19.67,1.704
6,407.9,192.8,267.0,19.67,1.704
6,407.9,192.3,267.0,19.67,1.704
6,407.9,191.9,267.0,19.35,1.704
6,407.9,191.5,267.0,19.35,1.623
6,407.9,191.0,267.0,19.35,1.623
6,407.9,190.6,267.0,19.35,1.623
6,407.9,193.1,267.0,19.67,1.623
6,407.9,192.6,267.0,19.67,1.704
6,407.9,192.2,267.0,19.67,1.704
6,407.9,194.7,267.0,19.67,1.704
6,407.9,194.2,267.0,19.67,1.704
6,407.9,193.8,267.0,19.67,1.704
6,407.9,193.4,267.0,19.67,1.704
6,407.9,192.9,267.0,19.67,1.704
6,407.9,192.5,267.0,19.67,1.704
6,407.9,192.0,267.0,19.67,1.704
6,407.9,194.5,267.0,19.67,1.704
6,407.9,194.1,267.0,19.67,1.704
6,407.9,193.7,267.0,19.67,1.704
6,407.9,193.2,267.0,19.67,1.704
6,407.9,192.8,267.0,19.67,1.704
6,407.9,192.3,267.0,19.67,1.704
6,407.9,191.9,267.0,19.35,1.704
6,407.9,191.4,267.0,19.35,1.623
6,407.9,191.0,267.0,19.35,1.623
6,407.9,190.6,267.0,19.35,1.623
6,407.9,193.1,267.0,19.67,1.623
6,407.9,192.6,267.0,19.67,1.704
6,407.9,192.2,267.0,19.67,1.704
6,407.9,194.7,267.0,19.67,1.704
6,407.9,194.2,267.0,19.67,1.704
6,407.9,193.8,267.0,19.67,1.704
6,407.9,193.3,267.0,19.67,1.704
6,407.9,192.9,267.0,19.67,1.704
6,407.9,192.5,267.0,19.67,1.704
6,407.9,192.0,267.0,19.67,1.704
6,407.9,194.5,267.0,19.67,1.704
6,407.9,194.1,267.0,19.67,1.704
6,407.9,193.6,267.0,19.67,1.704
6,407.9,193.2,267.0,19.67,1.704
6,407.9,192.7,267.0,19.67,1.704
6,407.9,192.3,267.0,19.67,1.704
6,407.9,191.9,267.0,19.35,1.704
6,407.9,191.4,267.0,19.35,1.623
6,407.9,191.0,267.0,19.35,1.623
6,407.9,190.5,267.0,19.35,1.623
6,407.9,193.0,267.0,19.67,1.623
6,407.9,192.6,267.0,19.67,1.704
6,407.9,192.1,267.0,19.67,1.704
6,407.9,194.6,267.0,19.67,1.704
6,407.9,194.2,267.0,19.67,1.704
6,407.9,193.8,267.0,19.67,1.704
6,407.9,193.3,267.0,19.67,1.704
6,407.9,192.9,267.0,19.67,1.704
6,407.9,192.4,267.0,19.67,1.704
6,407.9,192.0,267.0,19.35,1.704
6,407.9,191.5,267.0,19.35,1.623
6,407.9,191.1,267.0,19.35,1.623
6,407.9,190.7,267.0,19.35,1.623
6,407.9,193.2,267.0,19.67,1.623
6,407.9,192.7,267.0,19.67,1.704
6,407.9,192.3,267.0,19.67,1.704
6,407.9,191.8,267.0,19.35,1.704
6,407.9,191.4,267.0,19.35,1.623
6,407.9,190.9,267.0,19.35,1.623
6,407.9,190.5,267.0,19.35,1.623
6,407.9,193.0,267.0,19.67,1.623
6,407.9,192.6,267.0,19.67,1.704
6,407.9,192.1,267.0,19.67,1.704
6,407.9,194.6,267.0,19.67,1.704
6,407.9,194.2,267.0,19.67,1.704
6,407.9,193.7,267.0,19.67,1.704
6,407.9,193.3,267.0,19.67,1.704
6,407.9,192.8,267.0,19.67,1.704
6,407.9,192.4,267.0,19.67,1.704
6,407.9,191.9,267.0,19.35,1.704
6,407.9,191.5,267.0,19.35,1.623
6,407.9,191.1,267.0,19.35,1.623
6,407.9,190.6,267.0,19.35,1.623
6,407.9,193.1,267.0,19.67,1.623
6,407.9,192.7,267.0,19.67,1.704
6,407.9,192.2,267.0,19.67,1.704
6,407.9,191.8,267.0,19.35,1.704
6,407.9,191.3,267.0,19.35,1.623
6,407.9,190.9,267.0,19.35,1.623
6,407.9,190.5,267.0,19.35,1.623
6,407.9,193.0,267.0,19.67,1.623
6,407.9,192.5,267.0,19.67,1.704
6,407.9,192.1,267.0,19.67,1.704
6,407.9,194.6,267.0,19.67,1.704
6,407.9,194.1,267.0,19.67,1.704
6,407.9,193.7,267.0,19.67,1.704
6,407.9,193.2,267.0,19.67,1.704
6,407.9,192.8,267.0,19.67,1.704
6,407.9,192.4,267.0,19.67,1.704
6,407.9,191.9,267.0,19.35,1.704
6,407.9,191.5,267.0,19.35,1.623
6,407.9,191.0,267.0,19.35,1.623
6,407.9,190.6,267.0,19.35,1.623
6,407.9,193.1,267.0,19.67,1.623
12,438.2,200.3,257.5,18.46,1.304
12,433.2,200.0,250.0,19.89,1.129
12,427.9,199.6,248.6,19.70,0.879
12,422.6,199.2,247.3,19.70,0.689
12,417.2,198.7,245.9,19.96,0.689
12,414.9,198.3,250.9,19.96,0.686
12,412.2,197.8,261.0,19.63,0.686
12,409.2,197.3,267.0,19.56,1.310
12,409.2,196.9,267.0,19.56,1.704
12,409.2,196.5,267.0,19.56,1.704
12,409.2,196.0,267.0,19.56,1.704
12,409.2,195.6,267.0,19.56,1.704
12,409.2,195.1,267.0,19.56,1.704
12,409.2,194.7,267.0,19.56,1.704
12,409.2,194.2,267.0,19.56,1.704
12,409.2,193.8,267.0,19.56,1.704
12,409.2,193.3,267.0,19.56,1.704
12,409.2,192.9,267.0,19.56,1.704
12,409.2,192.5,267.0,19.56,1.704
12,409.2,192.0,267.0,19.56,1.704
12,409.2,194.5,267.0,19.56,1.704
12,409.2,194.1,267.0,19.56,1.704
12,409.2,193.6,267.0,19.56,1.704
12,409.2,193.2,267.0,19.56,1.704
12,409.2,192.8,267.0,19.56,1.704
12,409.2,192.3,267.0,19.56,1.704
12,409.2,191.9,267.0,19.60,1.704
12,409.2,191.4,267.0,19.60,1.623
12,409.2,191.0,267.0,19.60,1.623
12,409.2,190.5,267.0,19.60,1.623
12,409.2,193.0,267.0,19.56,1.623
12,409.2,192.6,267.0,19.56,1.704
12,409.2,192.2,267.0,19.56,1.704
12,409.2,194.7,267.0,19.56,1.704
12,409.2,194.2,267.0,19.56,1.704
12,409.2,193.8,267.0,19.56,1.704
12,409.2,193.3,267.0,19.56,1.704
12,409.2,192.9,267.0,19.56,1.704
12,409.2,192.4,267.0,19.56,1.704
12,409.2,192.0,267.0,19.56,1.704
12,409.2,191.6,267.0,19.60,1.623
12,409.2,191.1,267.0,19.60,1.623
12,409.2,190.7,267.0,19.60,1.623
12,409.2,193.2,267.0,19.56,1.623
12,409.2,192.7,267.0,19.56,1.704
12,409.2,192.3,267.0,19.56,1.704
12,409.2,191.8,267.0,19.60,1.704
12,409.2,191.4,267.0,19.60,1.623
12,409.2,190.9,267.0,19.60,1.623
12,409.2,190.5,267.0,19.60,1.623
12,409.2,193.0,267.0,19.56,1.623
12,409.2,192.6,267.0,19.56,1.704
12,409.2,192.1,267.0,19.56,1.704
12,409.2,194.6,267.0,19.56,1.704
12,409.2,194.2,267.0,19.56,1.704
12,409.2,193.7,267.0,19.56,1.704
12,409.2,193.3,267.0,19.56,1.704
12,409.2,192.9,267.0,19.56,1.704
12,409.2,192.4,267.0,19.56,1.704
12,409.2,192.0,267.0,19.60,1.704
12,409.2,191.5,267.0,19.60,1.623
12,409.2,191.1,267.0,19.60,1.623
12,409.2,190.6,267.0,19.60,1.623
12,409.2,193.1,267.0,19.56,1.623
12,409.2,192.7,267.0,19.56,1.704
12,409.2,192.3,267.0,19.56,1.704
12,409.2,191.8,267.0,19.60,1.704
12,409.2,191.4,267.0,19.60,1.623
12,409.2,190.9,267.0,19.60,1.623
12,409.2,190.5,267.0,19.60,1.623
12,409.2,193.0,267.0,19.56,1.623
12,409.2,192.5,267.0,19.56,1.704
12,409.2,192.1,267.0,19.56,1.704
12,409.2,194.6,267.0,19.56,1.704
12,409.2,194.2,267.0,19.56,1.704
12,409.2,193.7,267.0,19.56,1.704
12,409.2,193.3,267.0,19.56,1.704
12,409.2,192.8,267.0,19.56,1.704
12,409.2,192.4,267.0,19.56,1.704
12,409.2,191.9,267.0,19.60,1.704
12,409.2,191.5,267.0,19.60,1.623
12,409.2,191.1,267.0,19.60,1.623
12,409.2,190.6,267.0,19.60,1.623
12,409.2,193.1,267.0,19.56,1.623
12,409.2,192.7,267.0,19.56,1.704
12,409.2,192.2,267.0,19.56,1.704
12,409.2,194.7,267.0,19.56,1.704
12,409.2,194.3,267.0,19.56,1.704
12,409.2,193.8,267.0,19.56,1.704
12,409.2,193.4,267.0,19.56,1.704
12,409.2,193.0,267.0,19.56,1.704
12,409.2,192.5,267.0,19.56,1.704
12,409.2,192.1,267.0,19.56,1.704
12,409.2,194.6,267.0,19.56,1.704
12,409.2,194.1,267.0,19.56,1.704
12,409.2,193.7,267.0,19.56,1.704
12,409.2,193.2,267.0,19.56,1.704
12,409.2,192.8,267.0,19.56,1.704
12,409.2,192.4,267.0,19.56,1.704
12,409.2,191.9,267.0,19.60,1.704
12,409.2,191.5,267.0,19.60,1.623
12,409.2,191.0,267.0,19.60,1.623
12,409.2,190.6,267.0,19.60,1.623
12,409.2,193.1,267.0,19.56,1.623
12,409.2,192.6,267.0,19.56,1.704
12,409.2,192.2,267.0,19.56,1.704
12,409.2,194.7,267.0,19.56,1.704
12,409.2,194.3,267.0,19.56,1.704
12,409.2,193.8,267.0,19.56,1.704
12,409.2,193.4,267.0,19.56,1.704
12,409.2,192.9,267.0,19.56,1.704
12,409.2,192.5,267.0,19.56,1.704
12,409.2,192.0,267.0,19.56,1.704
12,409.2,194.6,267.0,19.56,1.704
12,409.2,194.1,267.0,19.56,1.704
12,409.2,193.7,267.0,19.56,1.704
12,409.2,193.2,267.0,19.56,1.704
12,409.2,192.8,267.0,19.56,1.704
12,409.2,192.3,267.0,19.56,1.704
12,409.2,191.9,267.0,19.60,1.704
12,409.2,191.4,267.0,19.60,1.623
12,409.2,191.0,267.0,19.60,1.623
12,409.2,190.6,267.0,19.60,1.623
12,409.2,193.1,267.0,19.56,1.623
12,409.2,192.6,267.0,19.56,1.704
12,409.2,192.2,267.0,19.56,1.704
12,409.2,194.7,267.0,19.56,1.704
12,409.2,194.2,267.0,19.56,1.704
12,409.2,193.8,267.0,19.56,1.704
12,409.2,193.3,267.0,19.56,1.704
12,409.2,192.9,267.0,19.56,1.704
12,409.2,192.5,267.0,19.56,1.704
12,409.2,192.0,267.0,19.56,1.704
12,409.2,194.5,267.0,19.56,1.704
12,409.2,194.1,267.0,19.56,1.704
12,409.2,193.6,267.0,19.56,1.704
12,409.2,193.2,267.0,19.56,1.704
12,409.2,192.8,267.0,19.56,1.704
12,409.2,192.3,267.0,19.56,1.704
12,409.2,191.9,267.0,19.60,1.704
12,409.2,191.4,267.0,19.60,1.623
12,409.2,191.0,267.0,19.60,1.623
12,409.2,190.5,267.0,19.60,1.623
12,409.2,193.0,267.0,19.56,1.623
12,409.2,192.6,267.0,19.56,1.704
12,409.2,192.2,267.0,19.56,1.704
12,409.2,194.6,267.0,19.56,1.704
12,409.2,194.2,267.0,19.56,1.704
12,409.2,193.8,267.0,19.56,1.704
12,409.2,193.3,267.0,19.56,1.704
12,409.2,192.9,267.0,19.56,1.704
12,409.2,192.4,267.0,19.56,1.704
12,409.2,192.0,267.0,19.60,1.704
12,409.2,191.6,267.0,19.60,1.623
12,409.2,191.1,267.0,19.60,1.623
12,409.2,190.7,267.0,19.60,1.623
12,409.2,193.2,267.0,19.56,1.623
12,409.2,192.7,267.0,19.56,1.704
12,409.2,192.3,267.0,19.56,1.704
12,409.2,191.8,267.0,19.60,1.704
18,370.8,159.2,262.4,23.43,0.469
18,372.7,163.3,255.6,19.25,0.626
18,374.6,167.3,248.7,20.12,1.025
18,376.9,170.9,248.2,20.59,0.804
18,379.1,174.6,247.7,20.59,0.535
18,381.3,178.2,247.2,20.59,0.535
18,383.6,181.8,246.7,20.16,0.535
18,385.8,183.3,251.2,19.93,0.602
18,388.5,185.5,260.6,19.65,0.654
18,391.4,188.0,267.0,19.60,1.252
18,394.2,190.4,267.0,19.60,1.623
18,397.1,192.9,267.0,19.67,1.623
18,397.1,192.4,267.0,19.67,1.846
18,397.1,192.0,267.0,19.35,1.846
18,397.1,191.5,267.0,19.35,1.732
18,397.1,191.1,267.0,19.35,1.732
18,397.1,190.7,267.0,19.35,1.732
18,397.1,193.2,267.0,19.67,1.732
18,397.1,192.7,267.0,19.67,1.846
18,397.1,192.3,267.0,19.67,1.846
18,397.1,191.8,267.0,19.35,1.846
18,397.1,191.4,267.0,19.35,1.732
18,397.1,190.9,267.0,19.35,1.732
18,397.1,190.5,267.0,19.35,1.732
18,397.1,193.0,267.0,19.67,1.732
18,397.1,192.6,267.0,19.67,1.846
18,397.1,192.1,267.0,19.67,1.846
18,397.1,194.6,267.0,19.67,1.846
18,397.1,194.2,267.0,19.67,1.846
18,397.1,193.7,267.0,19.67,1.846
18,397.1,193.3,267.0,19.67,1.846
18,397.1,192.8,267.0,19.67,1.846
18,397.1,192.4,267.0,19.67,1.846
18,397.1,191.9,267.0,19.35,1.846
18,397.1,191.5,267.0,19.35,1.732
18,397.1,191.1,267.0,19.35,1.732
18,397.1,190.6,267.0,19.35,1.732
18,397.1,193.1,267.0,19.67,1.732
18,397.1,192.7,267.0,19.67,1.846
18,397.1,192.2,267.0,19.67,1.846
18,397.1,191.8,267.0,19.35,1.846
18,397.1,191.3,267.0,19.35,1.732
18,397.1,190.9,267.0,19.35,1.732
18,397.1,190.5,267.0,19.35,1.732
18,397.1,193.0,267.0,19.67,1.732
18,397.1,192.5,267.0,19.67,1.846
18,397.1,192.1,267.0,19.67,1.846
18,397.1,194.6,267.0,19.67,1.846
18,397.1,194.1,267.0,19.67,1.846
18,397.1,193.7,267.0,19.67,1.846
18,397.1,193.3,267.0,19.67,1.846
18,397.1,192.8,267.0,19.67,1.846
18,397.1,192.4,267.0,19.67,1.846
18,397.1,191.9,267.0,19.35,1.846
18,397.1,191.5,267.0,19.35,1.732
18,397.1,191.0,267.0,19.35,1.732
18,397.1,190.6,267.0,19.35,1.732
18,397.1,193.1,267.0,19.67,1.732
18,397.1,192.7,267.0,19.67,1.846
18,397.1,192.2,267.0,19.67,1.846
18,397.1,194.7,267.0,19.67,1.846
18,397.1,194.3,267.0,19.67,1.846
18,397.1,193.8,267.0,19.67,1.846
18,397.1,193.4,267.0,19.67,1.846
18,397.1,192.9,267.0,19.67,1.846
18,397.1,192.5,267.0,19.67,1.846
18,397.1,192.1,267.0,19.67,1.846
18,397.1,194.6,267.0,19.67,1.846
18,397.1,194.1,267.0,19.67,1.846
18,397.1,193.7,267.0,19.67,1.846
18,397.1,193.2,267.0,19.67,1.846
18,397.1,192.8,267.0,19.67,1.846
18,397.1,192.3,267.0,19.67,1.846
18,397.1,191.9,267.0,19.35,1.846
18,397.1,191.5,267.0,19.35,1.732
18,397.1,191.0,267.0,19.35,1.732
18,397.1,190.6,267.0,19.35,1.732
18,397.1,193.1,267.0,19.67,1.732
18,397.1,192.6,267.0,19.67,1.846
18,397.1,192.2,267.0,19.67,1.846
18,397.1,194.7,267.0,19.67,1.846
18,397.1,194.2,267.0,19.67,1.846
18,397.1,193.8,267.0,19.67,1.846
18,397.1,193.4,267.0,19.67,1.846
18,397.1,192.9,267.0,19.67,1.846
18,397.1,192.5,267.0,19.67,1.846
18,397.1,192.0,267.0,19.67,1.846
18,397.1,194.5,267.0,19.67,1.846
18,397.1,194.1,267.0,19.67,1.846
18,397.1,193.7,267.0,19.67,1.846
18,397.1,193.2,267.0,19.67,1.846
18,397.1,192.8,267.0,19.67,1.846
18,397.1,192.3,267.0,19.67,1.846
18,397.1,191.9,267.0,19.35,1.846
18,397.1,191.4,267.0,19.35,1.732
18,397.1,191.0,267.0,19.35,1.732
18,397.1,190.5,267.0,19.35,1.732
18,397.1,193.1,267.0,19.67,1.732
18,397.1,192.6,267.0,19.67,1.846
18,397.1,192.2,267.0,19.67,1.846
18,397.1,194.7,267.0,19.67,1.846
18,397.1,194.2,267.0,19.67,1.846
18,397.1,193.8,267.0,19.67,1.846
18,397.1,193.3,267.0,19.67,1.846
18,397.1,192.9,267.0,19.67,1.846
18,397.1,192.5,267.0,19.67,1.846
18,397.1,192.0,267.0,19.67,1.846
18,397.1,194.5,267.0,19.67,1.846
18,397.1,194.1,267.0,19.67,1.846
18,397.1,193.6,267.0,19.67,1.846
18,397.1,193.2,267.0,19.67,1.846
18,397.1,192.7,267.0,19.67,1.846
18,397.1,192.3,267.0,19.67,1.846
18,397.1,191.9,267.0,19.35,1.846
18,397.1,191.4,267.0,19.35,1.732
18,397.1,191.0,267.0,19.35,1.732
18,397.1,190.5,267.0,19.35,1.732
18,397.1,193.0,267.0,19.67,1.732
18,397.1,192.6,267.0,19.67,1.846
18,397.1,192.1,267.0,19.67,1.846
18,397.1,194.6,267.0,19.67,1.846
18,397.1,194.2,267.0,19.67,1.846
18,397.1,193.8,267.0,19.67,1.846
18,397.1,193.3,267.0,19.67,1.846
18,397.1,192.9,267.0,19.67,1.846
18,397.1,192.4,267.0,19.67,1.846
18,397.1,192.0,267.0,19.35,1.846
18,397.1,191.5,267.0,19.35,1.732
18,397.1,191.1,267.0,19.35,1.732
18,397.1,190.7,267.0,19.35,1.732
18,397.1,193.2,267.0,19.67,1.732
18,397.1,192.7,267.0,19.67,1.846
18,397.1,192.3,267.0,19.67,1.846
18,397.1,191.8,267.0,19.35,1.846
18,397.1,191.4,267.0,19.35,1.732
18,397.1,190.9,267.0,19.35,1.732
18,397.1,190.5,267.0,19.35,1.732
18,397.1,193.0,267.0,19.67,1.732
18,397.1,192.6,267.0,19.67,1.846
18,397.1,192.1,267.0,19.67,1.846
18,397.1,194.6,267.0,19.67,1.846
18,397.1,194.2,267.0,19.67,1.846
18,397.1,193.7,267.0,19.67,1.846
18,397.1,193.3,267.0,19.67,1.846
18,397.1,192.8,267.0,19.67,1.846
18,397.1,192.4,267.0,19.67,1.846
18,397.1,191.9,267.0,19.35,1.846
18,397.1,191.5,267.0,19.35,1.732
18,397.1,191.1,267.0,19.35,1.732
18,397.1,190.6,267.0,19.35,1.732
18,397.1,193.1,267.0,19.67,1.732
18,397.1,192.7,267.0,19.67,1.846
18,397.1,192.2,267.0,19.67,1.846
18,397.1,191.8,267.0,19.35,1.846
18,397.1,191.3,267.0,19.35,1.732
18,397.1,190.9,267.0,19.35,1.732
18,397.1,190.5,267.0,19.35,1.732
18,397.1,193.0,267.0,19.67,1.732
18,397.1,192.5,267.0,19.67,1.846
18,397.1,192.1,267.0,19.67,1.846
24,403.6,228.8,264.3,18.46,0.845
24,403.6,223.6,267.0,19.15,0.845
24,403.6,218.4,267.0,19.15,1.247
24,403.6,215.1,267.0,19.58,1.247
24,403.6,211.9,267.0,19.58,1.685
24,403.6,208.7,267.0,19.58,1.685
24,403.6,205.4,267.0,19.58,1.685
24,403.6,205.0,267.0,19.58,1.685
24,403.6,204.5,267.0,19.58,1.685
24,403.6,204.1,267.0,19.58,1.685
24,403.6,203.6,267.0,19.67,1.685
24,403.6,203.2,267.0,19.67,1.846
24,403.6,202.8,267.0,19.67,1.846
24,403.6,202.3,267.0,19.67,1.846
24,403.6,201.9,267.0,19.67,1.846
24,403.6,201.4,267.0,19.67,1.846
24,403.6,201.0,267.0,19.67,1.846
24,403.6,200.5,267.0,19.67,1.846
24,403.6,200.1,267.0,19.67,1.846
24,403.6,199.7,267.0,19.67,1.846
24,403.6,199.2,267.0,19.67,1.846
24,403.6,198.8,267.0,19.67,1.846
24,403.6,198.3,267.0,19.67,1.846
24,403.6,197.9,267.0,19.67,1.846
24,403.6,197.4,267.0,19.67,1.846
24,403.6,197.0,267.0,19.67,1.846
24,403.6,196.6,267.0,19.67,1.846
24,403.6,196.1,267.0,19.67,1.846
24,403.6,195.7,267.0,19.67,1.846
24,403.6,195.2,267.0,19.67,1.846
24,403.6,194.8,267.0,19.67,1.846
24,403.6,194.3,267.0,19.67,1.846
24,403.6,193.9,267.0,19.67,1.846
24,403.6,193.4,267.0,19.67,1.846
24,403.6,193.0,267.0,19.67,1.846
24,403.6,192.6,267.0,19.67,1.846
24,403.6,192.1,267.0,19.67,1.846
24,403.6,194.6,267.0,19.67,1.846
24,403.6,194.2,267.0,19.67,1.846
24,403.6,193.7,267.0,19.67,1.846
24,403.6,193.3,267.0,19.67,1.846
24,403.6,192.8,267.0,19.67,1.846
24,403.6,192.4,267.0,19.67,1.846
24,403.6,192.0,267.0,19.35,1.846
24,403.6,191.5,267.0,19.35,1.732
24,403.6,191.1,267.0,19.35,1.732
24,403.6,190.6,267.0,19.35,1.732
24,403.6,193.1,267.0,19.67,1.732
24,403.6,192.7,267.0,19.67,1.846
24,403.6,192.2,267.0,19.67,1.846
24,403.6,191.8,267.0,19.35,1.846
24,403.6,191.4,267.0,19.35,1.732
24,403.6,190.9,267.0,19.35,1.732
24,403.6,190.5,267.0,19.35,1.732
24,403.6,193.0,267.0,19.67,1.732
24,403.6,192.5,267.0,19.67,1.846
24,403.6,192.1,267.0,19.67,1.846
24,403.6,194.6,267.0,19.67,1.846
24,403.6,194.2,267.0,19.67,1.846
24,403.6,193.7,267.0,19.67,1.846
24,403.6,193.3,267.0,19.67,1.846
24,403.6,192.8,267.0,19.67,1.846
24,403.6,192.4,267.0,19.67,1.846
24,403.6,191.9,267.0,19.35,1.846
24,403.6,191.5,267.0,19.35,1.732
24,403.6,191.0,267.0,19.35,1.732
24,403.6,190.6,267.0,19.35,1.732
24,403.6,193.1,267.0,19.67,1.732
24,403.6,192.7,267.0,19.67,1.846
24,403.6,192.2,267.0,19.67,1.846
24,403.6,194.7,267.0,19.67,1.846
24,403.6,194.3,267.0,19.67,1.846
24,403.6,193.8,267.0,19.67,1.846
24,403.6,193.4,267.0,19.67,1.846
24,403.6,192.9,267.0,19.67,1.846
24,403.6,192.5,267.0,19.67,1.846
24,403.6,192.1,267.0,19.67,1.846
24,403.6,194.6,267.0,19.67,1.846
24,403.6,194.1,267.0,19.67,1.846
24,403.6,193.7,267.0,19.67,1.846
24,403.6,193.2,267.0,19.67,1.846
24,403.6,192.8,267.0,19.67,1.846
24,403.6,192.3,267.0,19.67,1.846
24,403.6,191.9,267.0,19.35,1.846
24,403.6,191.5,267.0,19.35,1.732
24,403.6,191.0,267.0,19.35,1.732
24,403.6,190.6,267.0,19.35,1.732
24,403.6,193.1,267.0,19.67,1.732
24,403.6,192.6,267.0,19.67,1.846
24,403.6,192.2,267.0,19.67,1.846
24,403.6,194.7,267.0,19.67,1.846
24,403.6,194.2,267.0,19.67,1.846
24,403.6,193.8,267.0,19.67,1.846
24,403.6,193.4,267.0,19.67,1.846
24,403.6,192.9,267.0,19.67,1.846
24,403.6,192.5,267.0,19.67,1.846
24,403.6,192.0,267.0,19.67,1.846
24,403.6,194.5,267.0,19.67,1.846
24,403.6,194.1,267.0,19.67,1.846
24,403.6,193.7,267.0,19.67,1.846
24,403.6,193.2,267.0,19.67,1.846
24,403.6,192.8,267.0,19.67,1.846
24,403.6,192.3,267.0,19.67,1.846
24,403.6,191.9,267.0,19.35,1.846
24,403.6,191.4,267.0,19.35,1.732
24,403.6,191.0,267.0,19.35,1.732
24,403.6,190.6,267.0,19.35,1.732
24,403.6,193.1,267.0,19.67,1.732
24,403.6,192.6,267.0,19.67,1.846
24,403.6,192.2,267.0,19.67,1.846
24,403.6,194.7,267.0,19.67,1.846
24,403.6,194.2,267.0,19.67,1.846
24,403.6,193.8,267.0,19.67,1.846
24,403.6,193.3,267.0,19.67,1.846
24,403.6,192.9,267.0,19.67,1.846
24,403.6,192.5,267.0,19.67,1.846
24,403.6,192.0,267.0,19.67,1.846
24,403.6,194.5,267.0,19.67,1.846
24,403.6,194.1,267.0,19.67,1.846
24,403.6,193.6,267.0,19.67,1.846
24,403.6,193.2,267.0,19.67,1.846
24,403.6,192.7,267.0,19.67,1.846
24,403.6,192.3,267.0,19.67,1.846
24,403.6,191.9,267.0,19.35,1.846
24,403.6,191.4,267.0,19.35,1.732
24,403.6,191.0,267.0,19.35,1.732
24,403.6,190.5,267.0,19.35,1.732
24,403.6,193.0,267.0,19.67,1.732
24,403.6,192.6,267.0,19.67,1.846
24,403.6,192.1,267.0,19.67,1.846
24,403.6,194.6,267.0,19.67,1.846
24,403.6,194.2,267.0,19.67,1.846
24,403.6,193.8,267.0,19.67,1.846
24,403.6,193.3,267.0,19.67,1.846
24,403.6,192.9,267.0,19.67,1.846
24,403.6,192.4,267.0,19.67,1.846
24,403.6,192.0,267.0,19.35,1.846
24,403.6,191.5,267.0,19.35,1.732
24,403.6,191.1,267.0,19.35,1.732
24,403.6,190.7,267.0,19.35,1.732
24,403.6,193.2,267.0,19.67,1.732
24,403.6,192.7,267.0,19.67,1.846
24,403.6,192.3,267.0,19.67,1.846
24,403.6,191.8,267.0,19.35,1.846
24,403.6,191.4,267.0,19.35,1.732
24,403.6,190.9,267.0,19.35,1.732
24,403.6,190.5,267.0,19.35,1.732
24,403.6,193.0,267.0,19.67,1.732
24,403.6,192.6,267.0,19.67,1.846
24,403.6,192.1,267.0,19.67,1.846
24,403.6,194.6,267.0,19.67,1.846
24,403.6,194.2,267.0,19.67,1.846
24,403.6,193.7,267.0,19.67,1.846
24,403.6,193.3,267.0,19.67,1.846
24,403.6,192.8,267.0,19.67,1.846
24,403.6,192.4,267.0,19.67,1.846
24,403.6,191.9,267.0,19.35,1.846
24,403.6,191.5,267.0,19.35,1.732
24,403.6,191.1,267.0,19.35,1.732
24,403.6,190.6,267.0,19.35,1.732
30,414.6,178.4,264.9,19.03,0.861
30,411.7,180.8,267.0,19.60,0.861
30,408.8,183.3,267.0,19.60,1.623
30,408.8,185.8,267.0,19.60,1.623
30,408.8,188.3,267.0,19.60,1.623
30,408.8,190.8,267.0,19.60,1.623
30,408.8,190.3,267.0,19.60,1.623
30,408.8,192.8,267.0,19.56,1.623
30,408.8,192.4,267.0,19.56,1.704
30,408.8,191.9,267.0,19.60,1.704
30,408.8,191.5,267.0,19.60,1.623
30,408.8,191.1,267.0,19.60,1.623
30,408.8,190.6,267.0,19.60,1.623
30,408.8,193.1,267.0,19.56,1.623
30,408.8,192.7,267.0,19.56,1.704
30,408.8,192.2,267.0,19.56,1.704
30,408.8,191.8,267.0,19.60,1.704
30,408.8,191.3,267.0,19.60,1.623
30,408.8,190.9,267.0,19.60,1.623
30,408.8,190.5,267.0,19.60,1.623
30,408.8,193.0,267.0,19.56,1.623
30,408.8,192.5,267.0,19.56,1.704
30,408.8,192.1,267.0,19.56,1.704
30,408.8,194.6,267.0,19.56,1.704
30,408.8,194.1,267.0,19.56,1.704
30,408.8,193.7,267.0,19.56,1.704
30,408.8,193.2,267.0,19.56,1.704
30,408.8,192.8,267.0,19.56,1.704
30,408.8,192.4,267.0,19.56,1.704
30,408.8,191.9,267.0,19.60,1.704
30,408.8,191.5,267.0,19.60,1.623
30,408.8,191.0,267.0,19.60,1.623
30,408.8,190.6,267.0,19.60,1.623
30,408.8,193.1,267.0,19.56,1.623
30,408.8,192.7,267.0,19.56,1.704
30,408.8,192.2,267.0,19.56,1.704
30,408.8,194.7,267.0,19.56,1.704
30,408.8,194.3,267.0,19.56,1.704
30,408.8,193.8,267.0,19.56,1.704
30,408.8,193.4,267.0,19.56,1.704
30,408.8,192.9,267.0,19.56,1.704
30,408.8,192.5,267.0,19.56,1.704
30,408.8,192.1,267.0,19.56,1.704
30,408.8,194.6,267.0,19.56,1.704
30,408.8,194.1,267.0,19.56,1.704
30,408.8,193.7,267.0,19.56,1.704
30,408.8,193.2,267.0,19.56,1.704
30,408.8,192.8,267.0,19.56,1.704
30,408.8,192.3,267.0,19.56,1.704
30,408.8,191.9,267.0,19.60,1.704
30,408.8,191.5,267.0,19.60,1.623
30,408.8,191.0,267.0,19.60,1.623
30,408.8,190.6,267.0,19.60,1.623
30,408.8,193.1,267.0,19.56,1.623
30,408.8,192.6,267.0,19.56,1.704
30,408.8,192.2,267.0,19.56,1.704
30,408.8,194.7,267.0,19.56,1.704
30,408.8,194.2,267.0,19.56,1.704
30,408.8,193.8,267.0,19.56,1.704
30,408.8,193.4,267.0,19.56,1.704
30,408.8,192.9,267.0,19.56,1.704
30,408.8,192.5,267.0,19.56,1.704
30,408.8,192.0,267.0,19.56,1.704
30,408.8,194.5,267.0,19.56,1.704
30,408.8,194.1,267.0,19.56,1.704
30,408.8,193.6,267.0,19.56,1.704
30,408.8,193.2,267.0,19.56,1.704
30,408.8,192.8,267.0,19.56,1.704
30,408.8,192.3,267.0,19.56,1.704
30,408.8,191.9,267.0,19.60,1.704
30,408.8,191.4,267.0,19.60,1.623
30,408.8,191.0,267.0,19.60,1.623
30,408.8,190.5,267.0,19.60,1.623
30,408.8,193.0,267.0,19.56,1.623
30,408.8,192.6,267.0,19.56,1.704
30,408.8,192.2,267.0,19.56,1.704
30,408.8,194.7,267.0,19.56,1.704
30,408.8,194.2,267.0,19.56,1.704
30,408.8,193.8,267.0,19.56,1.704
30,408.8,193.3,267.0,19.56,1.704
30,408.8,192.9,267.0,19.56,1.704
30,408.8,192.4,267.0,19.56,1.704
30,408.8,192.0,267.0,19.56,1.704
30,408.8,194.5,267.0,19.56,1.704
30,408.8,194.1,267.0,19.56,1.704
30,408.8,193.6,267.0,19.56,1.704
30,408.8,193.2,267.0,19.56,1.704
30,408.8,192.7,267.0,19.56,1.704
30,408.8,192.3,267.0,19.56,1.704
30,408.8,191.8,267.0,19.60,1.704
30,408.8,191.4,267.0,19.60,1.623
30,408.8,191.0,267.0,19.60,1.623
30,408.8,190.5,267.0,19.60,1.623
30,408.8,193.0,267.0,19.56,1.623
30,408.8,192.6,267.0,19.56,1.704
30,408.8,192.1,267.0,19.56,1.704
30,408.8,194.6,267.0,19.56,1.704
30,408.8,194.2,267.0,19.56,1.704
30,408.8,193.8,267.0,19.56,1.704
30,408.8,193.3,267.0,19.56,1.704
30,408.8,192.9,267.0,19.56,1.704
30,408.8,192.4,267.0,19.56,1.704
30,408.8,192.0,267.0,19.60,1.704
30,408.8,191.5,267.0,19.60,1.623
30,408.8,191.1,267.0,19.60,1.623
30,408.8,190.6,267.0,19.60,1.623
30,408.8,193.2,267.0,19.56,1.623
30,408.8,192.7,267.0,19.56,1.704
30,408.8,192.3,267.0,19.56,1.704
30,408.8,191.8,267.0,19.60,1.704
30,408.8,191.4,267.0,19.60,1.623
30,408.8,190.9,267.0,19.60,1.623
30,408.8,190.5,267.0,19.60,1.623
30,408.8,193.0,267.0,19.56,1.623
30,408.8,192.6,267.0,19.56,1.704
30,408.8,192.1,267.0,19.56,1.704
30,408.8,194.6,267.0,19.56,1.704
30,408.8,194.2,267.0,19.56,1.704
30,408.8,193.7,267.0,19.56,1.704
30,408.8,193.3,267.0,19.56,1.704
30,408.8,192.8,267.0,19.56,1.704
30,408.8,192.4,267.0,19.56,1.704
30,408.8,191.9,267.0,19.60,1.704
30,408.8,191.5,267.0,19.60,1.623
30,408.8,191.1,267.0,19.60,1.623
30,408.8,190.6,267.0,19.60,1.623
30,408.8,193.1,267.0,19.56,1.623
30,408.8,192.7,267.0,19.56,1.704
30,408.8,192.2,267.0,19.56,1.704
30,408.8,194.7,267.0,19.56,1.704
30,408.8,194.3,267.0,19.56,1.704
30,408.8,193.8,267.0,19.56,1.704
30,408.8,193.4,267.0,19.56,1.704
30,408.8,193.0,267.0,19.56,1.704
30,408.8,192.5,267.0,19.56,1.704
30,408.8,192.1,267.0,19.56,1.704
30,408.8,194.6,267.0,19.56,1.704
30,408.8,194.1,267.0,19.56,1.704
30,408.8,193.7,267.0,19.56,1.704
30,408.8,193.2,267.0,19.56,1.704
30,408.8,192.8,267.0,19.56,1.704
30,408.8,192.4,267.0,19.56,1.704
30,408.8,191.9,267.0,19.60,1.704
30,408.8,191.5,267.0,19.60,1.623
30,408.8,191.0,267.0,19.60,1.623
30,408.8,190.6,267.0,19.60,1.623
30,408.8,193.1,267.0,19.56,1.623
30,408.8,192.7,267.0,19.56,1.704
30,408.8,192.2,267.0,19.56,1.704
30,408.8,194.7,267.0,19.56,1.704
30,408.8,194.3,267.0,19.56,1.704
30,408.8,193.8,267.0,19.56,1.704
30,408.8,193.4,267.0,19.56,1.704
30,408.8,192.9,267.0,19.56,1.704
30,408.8,192.5,267.0,19.56,1.704
30,408.8,192.1,267.0,19.56,1.704
30,408.8,194.6,267.0,19.56,1.704
30,408.8,194.1,267.0,19.56,1.704
30,408.8,193.7,267.0,19.56,1.704
30,408.8,193.2,267.0,19.56,1.704
36,444.2,210.2,260.0,21.47,0.831
36,439.4,209.0,252.6,18.61,0.736
36,435.1,208.1,247.0,19.88,1.115
36,430.9,207.1,241.5,20.01,0.876
36,426.0,205.6,240.5,20.01,0.659
36,423.6,204.8,237.4,20.53,0.659
36,421.1,204.1,234.3,20.53,0.502
36,418.3,203.6,231.1,20.28,0.502
36,417.2,203.2,230.2,20.28,0.186
36,416.1,202.8,229.3,20.28,0.186
36,414.9,202.4,228.4,20.28,0.186
36,414.3,202.0,226.0,20.40,0.186
36,413.6,201.7,223.6,20.40,0.320
36,412.9,201.3,221.1,20.40,0.320
36,412.2,201.0,218.7,20.40,0.320
36,411.6,200.6,216.2,20.40,0.320
36,411.2,200.3,212.8,20.47,0.320
36,410.8,200.0,209.3,20.47,0.437
36,410.4,199.6,205.9,20.47,0.437
36,410.0,199.3,202.4,20.53,0.437
36,409.8,199.0,198.3,20.53,0.521
36,409.6,198.6,194.1,20.53,0.521
36,409.3,198.3,190.0,20.59,0.521
36,409.2,198.0,185.4,20.59,0.577
36,409.1,197.6,180.8,20.59,0.577
36,409.1,197.3,175.6,20.64,0.577
36,409.1,196.9,170.5,20.64,0.643
36,409.1,196.6,165.2,20.67,0.643
36,409.1,196.2,159.9,20.67,0.664
36,409.2,195.9,154.6,20.70,0.664
36,409.2,195.5,149.1,20.70,0.681
36,409.2,195.2,143.7,20.73,0.681
36,409.3,194.8,138.2,20.73,0.695
36,409.3,194.4,132.6,20.73,0.695
36,409.4,194.0,127.0,20.78,0.695
36,409.4,193.7,121.3,20.78,0.707
36,409.5,193.2,115.5,20.83,0.707
36,409.6,192.8,109.8,20.83,0.723
36,409.7,192.4,104.0,20.86,0.723
36,409.8,192.0,98.2,20.86,0.729
36,409.8,191.6,92.0,20.66,0.729
36,409.9,191.2,86.0,20.66,0.764
36,410.0,190.9,79.8,20.67,0.764
36,410.1,190.5,73.7,20.67,0.765
36,410.2,190.1,67.7,20.69,0.765
36,410.3,189.7,61.6,20.69,0.760
36,410.6,189.5,55.9,20.69,0.760
36,410.9,189.2,50.2,20.69,0.715
36,411.3,189.0,44.9,20.69,0.715
36,411.7,188.9,39.6,20.69,0.664
36,412.1,188.7,34.3,20.68,0.664
36,412.7,188.7,29.7,20.68,0.583
36,413.3,188.7,25.1,20.68,0.583
36,414.1,188.9,21.5,20.66,0.583
36,414.9,189.2,17.9,20.66,0.460
36,415.7,189.4,14.3,20.66,0.460
36,416.5,189.6,10.8,20.68,0.460
36,417.7,190.3,8.4,20.68,0.340
36,418.9,191.0,6.0,20.68,0.340
36,420.0,191.6,3.7,20.96,0.340
36,422.9,192.0,3.0,20.96,0.428
36,425.6,193.0,3.0,21.11,0.428
36,428.4,194.0,3.0,21.11,0.426
36,431.1,195.0,3.0,21.11,0.426
36,434.3,195.9,3.0,21.40,0.426
36,437.6,196.8,3.0,21.40,0.461
36,440.9,197.6,3.0,21.40,0.461
36,444.2,198.5,3.0,21.58,0.461
36,447.8,199.2,3.0,21.58,0.480
36,451.4,199.9,3.0,21.58,0.480
36,455.0,200.7,3.0,21.58,0.480
36,458.7,201.3,3.0,21.73,0.480
36,462.4,201.9,3.0,21.73,0.481
36,466.1,202.6,3.0,21.73,0.481
36,469.8,203.1,3.0,21.86,0.481
36,473.4,203.7,3.0,21.86,0.469
36,477.1,204.2,3.0,21.96,0.469
36,480.5,205.2,3.0,22.11,0.451
36,483.7,206.0,3.0,22.11,0.413
36,486.9,206.8,3.0,22.11,0.413
36,490.1,207.5,3.0,22.11,0.413
36,493.3,208.3,3.0,22.24,0.413
36,496.3,208.9,3.0,22.24,0.393
36,499.4,209.6,3.0,22.24,0.393
36,502.5,210.2,3.0,22.24,0.393
36,505.4,210.8,3.0,22.31,0.393
36,508.3,211.4,3.0,22.31,0.373
36,511.2,212.0,3.0,22.31,0.373
36,514.1,212.6,3.0,22.31,0.373
36,517.1,213.2,3.0,22.39,0.373
36,519.9,213.7,3.0,22.39,0.355
36,522.6,214.2,3.0,22.39,0.355
36,525.4,214.7,3.0,22.39,0.355
36,528.2,215.2,3.0,22.45,0.355
36,530.9,215.7,3.0,22.45,0.337
36,533.5,216.1,3.0,22.51,0.337
36,536.1,216.8,3.0,22.51,0.327
36,538.6,217.4,3.0,22.51,0.327
36,540.9,217.9,3.0,22.60,0.327
36,543.2,218.4,3.0,22.60,0.296
36,545.5,218.9,3.0,22.60,0.296
36,547.8,219.5,3.0,22.60,0.296
36,550.1,220.0,3.0,22.60,0.296
36,552.5,220.5,3.0,22.69,0.296
36,554.7,220.9,3.0,22.69,0.281
36,556.9,221.4,3.0,22.69,0.281
36,559.1,221.8,3.0,22.69,0.281
36,561.3,222.3,3.0,22.69,0.281
36,563.5,222.8,3.0,22.69,0.281
36,565.6,223.2,3.0,22.75,0.281
36,567.7,223.6,3.0,22.75,0.268
36,569.8,224.0,3.0,22.75,0.268
36,571.9,224.4,3.0,22.75,0.268
36,574.0,224.8,3.0,22.75,0.268
36,576.1,225.2,3.0,22.83,0.268
36,578.0,225.6,3.0,22.83,0.243
36,579.9,226.0,3.0,22.83,0.243
36,581.8,226.3,3.0,22.83,0.243
36,583.8,226.7,3.0,22.83,0.243
36,585.6,227.1,3.0,22.83,0.243
36,587.6,227.5,3.0,22.83,0.243
36,589.4,227.8,3.0,22.88,0.243
36,591.3,228.1,3.0,22.94,0.237
36,593.0,228.5,3.0,22.94,0.221
36,594.8,228.9,3.0,22.94,0.221
36,596.5,229.3,3.0,22.94,0.221
36,598.2,229.7,3.0,22.94,0.221
36,599.9,230.2,3.0,22.94,0.221
36,601.6,230.5,3.0,22.99,0.215
36,603.3,230.8,3.0,22.99,0.215
36,605.0,231.1,3.0,22.99,0.215
36,606.7,231.4,3.0,22.99,0.215
36,608.4,231.7,3.0,22.99,0.215
36,610.1,232.0,3.0,22.99,0.215
36,611.8,232.4,3.0,22.99,0.215
36,613.3,232.7,3.0,23.06,0.215
36,614.8,233.1,3.0,23.06,0.196
36,616.3,233.4,3.0,23.06,0.196
36,617.9,233.8,3.0,23.06,0.196
36,619.4,234.1,3.0,23.06,0.196
36,620.9,234.5,3.0,23.06,0.196
36,622.4,234.8,3.0,23.06,0.196
36,624.0,235.2,3.0,23.06,0.196
36,625.5,235.5,3.0,23.12,0.190
36,627.0,235.7,3.0,23.12,0.190
36,628.5,236.0,3.0,23.12,0.190
36,630.0,236.3,3.0,23.12,0.190
36,631.5,236.5,3.0,23.12,0.190
36,633.0,236.8,3.0,23.12,0.190
36,634.5,237.1,3.0,23.12,0.190
36,635.9,237.3,3.0,23.12,0.190
36,637.4,237.6,3.0,23.18,0.182
36,638.8,237.9,3.0,23.18,0.182
36,640.2,238.2,3.0,23.18,0.182
36,641.6,238.5,3.0,23.18,0.182
36,643.1,238.8,3.0,23.18,0.182
36,644.5,239.1,3.0,23.18,0.182
36,645.9,239.4,3.0,23.18,0.182
36,647.3,239.7,3.0,23.18,0.182
36,648.7,239.9,3.0,23.24,0.182
42,408.6,232.9,264.3,18.95,0.893
42,408.6,226.2,263.6,19.65,0.893
42,408.6,220.9,267.0,19.57,1.020
42,408.6,215.7,267.0,19.69,1.248
42,408.6,212.5,267.0,19.69,1.592
42,408.6,209.2,267.0,19.69,1.592
42,408.6,206.0,267.0,19.69,1.592
42,408.6,202.8,267.0,19.56,1.592
42,408.6,202.3,267.0,19.56,1.704
42,408.6,201.9,267.0,19.56,1.704
42,408.6,201.4,267.0,19.56,1.704
42,408.6,201.0,267.0,19.56,1.704
42,408.6,200.5,267.0,19.56,1.704
42,408.6,200.1,267.0,19.56,1.704
42,408.6,199.7,267.0,19.56,1.704
42,408.6,199.2,267.0,19.56,1.704
42,408.6,198.8,267.0,19.56,1.704
42,408.6,198.3,267.0,19.56,1.704
42,408.6,197.9,267.0,19.56,1.704
42,408.6,197.4,267.0,19.56,1.704
42,408.6,197.0,267.0,19.56,1.704
42,408.6,196.6,267.0,19.56,1.704
42,408.6,196.1,267.0,19.56,1.704
42,408.6,195.7,267.0,19.56,1.704
42,408.6,195.2,267.0,19.56,1.704
42,408.6,194.8,267.0,19.56,1.704
42,408.6,194.3,267.0,19.56,1.704
42,408.6,193.9,267.0,19.56,1.704
42,408.6,193.5,267.0,19.56,1.704
42,408.6,193.0,267.0,19.56,1.704
42,408.6,192.6,267.0,19.56,1.704
42,408.6,192.1,267.0,19.56,1.704
42,408.6,194.6,267.0,19.56,1.704
42,408.6,194.2,267.0,19.56,1.704
42,408.6,193.7,267.0,19.56,1.704
42,408.6,193.3,267.0,19.56,1.704
42,408.6,192.9,267.0,19.56,1.704
42,408.6,192.4,267.0,19.56,1.704
42,408.6,192.0,267.0,19.60,1.704
42,408.6,191.5,267.0,19.60,1.623
42,408.6,191.1,267.0,19.60,1.623
42,408.6,190.6,267.0,19.60,1.623
42,408.6,193.1,267.0,19.56,1.623
42,408.6,192.7,267.0,19.56,1.704
42,408.6,192.2,267.0,19.56,1.704
42,408.6,191.8,267.0,19.60,1.704
42,408.6,191.4,267.0,19.60,1.623
42,408.6,190.9,267.0,19.60,1.623
42,408.6,190.5,267.0,19.60,1.623
42,408.6,193.0,267.0,19.56,1.623
42,408.6,192.5,267.0,19.56,1.704
42,408.6,192.1,267.0,19.56,1.704
42,408.6,194.6,267.0,19.56,1.704
42,408.6,194.2,267.0,19.56,1.704
42,408.6,193.7,267.0,19.56,1.704
42,408.6,193.3,267.0,19.56,1.704
42,408.6,192.8,267.0,19.56,1.704
42,408.6,192.4,267.0,19.56,1.704
42,408.6,191.9,267.0,19.60,1.704
42,408.6,191.5,267.0,19.60,1.623
42,408.6,191.1,267.0,19.60,1.623
42,408.6,190.6,267.0,19.60,1.623
42,408.6,193.1,267.0,19.56,1.623
42,408.6,192.7,267.0,19.56,1.704
42,408.6,192.2,267.0,19.56,1.704
42,408.6,194.7,267.0,19.56,1.704
42,408.6,194.3,267.0,19.56,1.704
42,408.6,193.8,267.0,19.56,1.704
42,408.6,193.4,267.0,19.56,1.704
42,408.6,192.9,267.0,19.56,1.704
42,408.6,192.5,267.0,19.56,1.704
42,408.6,192.1,267.0,19.56,1.704
42,408.6,194.6,267.0,19.56,1.704
42,408.6,194.1,267.0,19.56,1.704
42,408.6,193.7,267.0,19.56,1.704
42,408.6,193.2,267.0,19.56,1.704
42,408.6,192.8,267.0,19.56,1.704
42,408.6,192.3,267.0,19.56,1.704
42,408.6,191.9,267.0,19.60,1.704
42,408.6,191.5,267.0,19.60,1.623
42,408.6,191.0,267.0,19.60,1.623
42,408.6,190.6,267.0,19.60,1.623
42,408.6,193.1,267.0,19.56,1.623
42,408.6,192.6,267.0,19.56,1.704
42,408.6,192.2,267.0,19.56,1.704
42,408.6,194.7,267.0,19.56,1.704
42,408.6,194.2,267.0,19.56,1.704
42,408.6,193.8,267.0,19.56,1.704
42,408.6,193.4,267.0,19.56,1.704
42,408.6,192.9,267.0,19.56,1.704
42,408.6,192.5,267.0,19.56,1.704
42,408.6,192.0,267.0,19.56,1.704
42,408.6,194.5,267.0,19.56,1.704
42,408.6,194.1,267.0,19.56,1.704
42,408.6,193.7,267.0,19.56,1.704
42,408.6,193.2,267.0,19.56,1.704
42,408.6,192.8,267.0,19.56,1.704
42,408.6,192.3,267.0,19.56,1.704
42,408.6,191.9,267.0,19.60,1.704
42,408.6,191.4,267.0,19.60,1.623
42,408.6,191.0,267.0,19.60,1.623
42,408.6,190.6,267.0,19.60,1.623
42,408.6,193.1,267.0,19.56,1.623
42,408.6,192.6,267.0,19.56,1.704
42,408.6,192.2,267.0,19.56,1.704
42,408.6,194.7,267.0,19.56,1.704
42,408.6,194.2,267.0,19.56,1.704
42,408.6,193.8,267.0,19.56,1.704
42,408.6,193.3,267.0,19.56,1.704
42,408.6,192.9,267.0,19.56,1.704
42,408.6,192.5,267.0,19.56,1.704
42,408.6,192.0,267.0,19.56,1.704
42,408.6,194.5,267.0,19.56,1.704
42,408.6,194.1,267.0,19.56,1.704
42,408.6,193.6,267.0,19.56,1.704
42,408.6,193.2,267.0,19.56,1.704
42,408.6,192.7,267.0,19.56,1.704
42,408.6,192.3,267.0,19.56,1.704
42,408.6,191.9,267.0,19.60,1.704
42,408.6,191.4,267.0,19.60,1.623
42,408.6,191.0,267.0,19.60,1.623
42,408.6,190.5,267.0,19.60,1.623
42,408.6,193.0,267.0,19.56,1.623
42,408.6,192.6,267.0,19.56,1.704
42,408.6,192.1,267.0,19.56,1.704
42,408.6,194.6,267.0,19.56,1.704
42,408.6,194.2,267.0,19.56,1.704
42,408.6,193.8,267.0,19.56,1.704
42,408.6,193.3,267.0,19.56,1.704
42,408.6,192.9,267.0,19.56,1.704
42,408.6,192.4,267.0,19.56,1.704
42,408.6,192.0,267.0,19.60,1.704
42,408.6,191.5,267.0,19.60,1.623
42,408.6,191.1,267.0,19.60,1.623
42,408.6,190.7,267.0,19.60,1.623
42,408.6,193.2,267.0,19.56,1.623
42,408.6,192.7,267.0,19.56,1.704
42,408.6,192.3,267.0,19.56,1.704
42,408.6,191.8,267.0,19.60,1.704
42,408.6,191.4,267.0,19.60,1.623
42,408.6,190.9,267.0,19.60,1.623
42,408.6,190.5,267.0,19.60,1.623
42,408.6,193.0,267.0,19.56,1.623
42,408.6,192.6,267.0,19.56,1.704
42,408.6,192.1,267.0,19.56,1.704
42,408.6,194.6,267.0,19.56,1.704
42,408.6,194.2,267.0,19.56,1.704
42,408.6,193.7,267.0,19.56,1.704
42,408.6,193.3,267.0,19.56,1.704
42,408.6,192.8,267.0,19.56,1.704
42,408.6,192.4,267.0,19.56,1.704
42,408.6,191.9,267.0,19.60,1.704
42,408.6,191.5,267.0,19.60,1.623
42,408.6,191.1,267.0,19.60,1.623
42,408.6,190.6,267.0,19.60,1.623
42,408.6,193.1,267.0,19.56,1.623
42,408.6,192.7,267.0,19.56,1.704
42,408.6,192.2,267.0,19.56,1.704
42,408.6,191.8,267.0,19.60,1.704
42,408.6,191.3,267.0,19.60,1.623
48,404.5,241.6,260.1,20.01,0.839
48,404.5,235.1,259.4,18.73,0.739
48,404.5,228.7,258.7,18.73,0.811
48,404.5,223.5,265.0,19.15,0.811
48,404.5,218.2,267.0,19.15,1.247
48,404.5,215.0,267.0,19.58,1.247
48,404.5,211.8,267.0,19.58,1.685
48,404.5,208.5,267.0,19.58,1.685
48,404.5,205.3,267.0,19.58,1.685
48,404.5,204.9,267.0,19.58,1.685
48,404.5,204.4,267.0,19.58,1.685
48,404.5,204.0,267.0,19.67,1.685
48,404.5,203.5,267.0,19.67,1.846
48,404.5,203.1,267.0,19.67,1.846
48,404.5,202.7,267.0,19.67,1.846
48,404.5,202.2,267.0,19.67,1.846
48,404.5,201.8,267.0,19.67,1.846
48,404.5,201.3,267.0,19.67,1.846
48,404.5,200.9,267.0,19.67,1.846
48,404.5,200.4,267.0,19.67,1.846
48,404.5,200.0,267.0,19.67,1.846
48,404.5,199.5,267.0,19.67,1.846
48,404.5,199.1,267.0,19.67,1.846
48,404.5,198.7,267.0,19.67,1.846
48,404.5,198.2,267.0,19.67,1.846
48,404.5,197.8,267.0,19.67,1.846
48,404.5,197.3,267.0,19.67,1.846
48,404.5,196.9,267.0,19.67,1.846
48,404.5,196.4,267.0,19.67,1.846
48,404.5,196.0,267.0,19.67,1.846
48,404.5,195.6,267.0,19.67,1.846
48,404.5,195.1,267.0,19.67,1.846
48,404.5,194.7,267.0,19.67,1.846
48,404.5,194.2,267.0,19.67,1.846
48,404.5,193.8,267.0,19.67,1.846
48,404.5,193.3,267.0,19.67,1.846
48,404.5,192.9,267.0,19.67,1.846
48,404.5,192.5,267.0,19.67,1.846
48,404.5,192.0,267.0,19.67,1.846
48,404.5,194.5,267.0,19.67,1.846
48,404.5,194.1,267.0,19.67,1.846
48,404.5,193.6,267.0,19.67,1.846
48,404.5,193.2,267.0,19.67,1.846
48,404.5,192.7,267.0,19.67,1.846
48,404.5,192.3,267.0,19.67,1.846
48,404.5,191.9,267.0,19.35,1.846
48,404.5,191.4,267.0,19.35,1.732
48,404.5,191.0,267.0,19.35,1.732
48,404.5,190.5,267.0,19.35,1.732
48,404.5,193.0,267.0,19.67,1.732
48,404.5,192.6,267.0,19.67,1.846
48,404.5,192.1,267.0,19.67,1.846
48,404.5,194.6,267.0,19.67,1.846
48,404.5,194.2,267.0,19.67,1.846
48,404.5,193.8,267.0,19.67,1.846
48,404.5,193.3,267.0,19.67,1.846
48,404.5,192.9,267.0,19.67,1.846
48,404.5,192.4,267.0,19.67,1.846
48,404.5,192.0,267.0,19.35,1.846
48,404.5,191.5,267.0,19.35,1.732
48,404.5,191.1,267.0,19.35,1.732
48,404.5,190.7,267.0,19.35,1.732
48,404.5,193.2,267.0,19.67,1.732
48,404.5,192.7,267.0,19.67,1.846
48,404.5,192.3,267.0,19.67,1.846
48,404.5,191.8,267.0,19.35,1.846
48,404.5,191.4,267.0,19.35,1.732
48,404.5,190.9,267.0,19.35,1.732
48,404.5,190.5,267.0,19.35,1.732
48,404.5,193.0,267.0,19.67,1.732
48,404.5,192.6,267.0,19.67,1.846
48,404.5,192.1,267.0,19.67,1.846
48,404.5,194.6,267.0,19.67,1.846
48,404.5,194.2,267.0,19.67,1.846
48,404.5,193.7,267.0,19.67,1.846
48,404.5,193.3,267.0,19.67,1.846
48,404.5,192.8,267.0,19.67,1.846
48,404.5,192.4,267.0,19.67,1.846
48,404.5,191.9,267.0,19.35,1.846
48,404.5,191.5,267.0,19.35,1.732
48,404.5,191.1,267.0,19.35,1.732
48,404.5,190.6,267.0,19.35,1.732
48,404.5,193.1,267.0,19.67,1.732
48,404.5,192.7,267.0,19.67,1.846
48,404.5,192.2,267.0,19.67,1.846
48,404.5,191.8,267.0,19.35,1.846
48,404.5,191.3,267.0,19.35,1.732
48,404.5,190.9,267.0,19.35,1.732
48,404.5,190.5,267.0,19.35,1.732
48,404.5,193.0,267.0,19.67,1.732
48,404.5,192.5,267.0,19.67,1.846
48,404.5,192.1,267.0,19.67,1.846
48,404.5,194.6,267.0,19.67,1.846
48,404.5,194.1,267.0,19.67,1.846
48,404.5,193.7,267.0,19.67,1.846
48,404.5,193.3,267.0,19.67,1.846
48,404.5,192.8,267.0,19.67,1.846
48,404.5,192.4,267.0,19.67,1.846
48,404.5,191.9,267.0,19.35,1.846
48,404.5,191.5,267.0,19.35,1.732
48,404.5,191.0,267.0,19.35,1.732
48,404.5,190.6,267.0,19.35,1.732
48,404.5,193.1,267.0,19.67,1.732
48,404.5,192.7,267.0,19.67,1.846
48,404.5,192.2,267.0,19.67,1.846
48,404.5,194.7,267.0,19.67,1.846
48,404.5,194.3,267.0,19.67,1.846
48,404.5,193.8,267.0,19.67,1.846
48,404.5,193.4,267.0,19.67,1.846
48,404.5,192.9,267.0,19.67,1.846
48,404.5,192.5,267.0,19.67,1.846
48,404.5,192.1,267.0,19.67,1.846
48,404.5,194.6,267.0,19.67,1.846
48,404.5,194.1,267.0,19.67,1.846
48,404.5,193.7,267.0,19.67,1.846
48,404.5,193.2,267.0,19.67,1.846
48,404.5,192.8,267.0,19.67,1.846
48,404.5,192.3,267.0,19.67,1.846
48,404.5,191.9,267.0,19.35,1.846
48,404.5,191.5,267.0,19.35,1.732
48,404.5,191.0,267.0,19.35,1.732
48,404.5,190.6,267.0,19.35,1.732
48,404.5,193.1,267.0,19.67,1.732
48,404.5,192.6,267.0,19.67,1.846
48,404.5,192.2,267.0,19.67,1.846
48,404.5,194.7,267.0,19.67,1.846
48,404.5,194.2,267.0,19.67,1.846
48,404.5,193.8,267.0,19.67,1.846
48,404.5,193.4,267.0,19.67,1.846
48,404.5,192.9,267.0,19.67,1.846
48,404.5,192.5,267.0,19.67,1.846
48,404.5,192.0,267.0,19.67,1.846
48,404.5,194.5,267.0,19.67,1.846
48,404.5,194.1,267.0,19.67,1.846
48,404.5,193.7,267.0,19.67,1.846
48,404.5,193.2,267.0,19.67,1.846
48,404.5,192.8,267.0,19.67,1.846
48,404.5,192.3,267.0,19.67,1.846
48,404.5,191.9,267.0,19.35,1.846
48,404.5,191.4,267.0,19.35,1.732
48,404.5,191.0,267.0,19.35,1.732
48,404.5,190.5,267.0,19.35,1.732
48,404.5,193.1,267.0,19.67,1.732
48,404.5,192.6,267.0,19.67,1.846
48,404.5,192.2,267.0,19.67,1.846
48,404.5,194.7,267.0,19.67,1.846
48,404.5,194.2,267.0,19.67,1.846
48,404.5,193.8,267.0,19.67,1.846
48,404.5,193.3,267.0,19.67,1.846
48,404.5,192.9,267.0,19.67,1.846
48,404.5,192.5,267.0,19.67,1.846
48,404.5,192.0,267.0,19.67,1.846
48,404.5,194.5,267.0,19.67,1.846
48,404.5,194.1,267.0,19.67,1.846
48,404.5,193.6,267.0,19.67,1.846
48,404.5,193.2,267.0,19.67,1.846
48,404.5,192.7,267.0,19.67,1.846
48,404.5,192.3,267.0,19.67,1.846
48,404.5,191.9,267.0,19.35,1.846
48,404.5,191.4,267.0,19.35,1.732
54,354.2,175.2,262.6,23.16,0.541
54,357.2,175.2,260.2,23.16,0.484
54,360.2,175.2,257.8,22.04,0.484
54,365.0,179.3,257.8,22.04,0.789
54,371.2,180.8,257.3,19.29,0.789
54,376.0,182.7,263.5,19.92,0.800
54,381.0,185.1,267.0,19.89,1.008
54,386.0,187.5,267.0,19.60,1.252
54,388.9,189.9,267.0,19.60,1.623
54,391.8,192.4,267.0,19.56,1.623
54,394.7,191.9,267.0,19.60,1.704
54,394.7,191.5,267.0,19.60,1.623
54,394.7,191.0,267.0,19.60,1.623
54,394.7,190.6,267.0,19.60,1.623
54,394.7,193.1,267.0,19.56,1.623
54,394.7,192.6,267.0,19.56,1.704
54,394.7,192.2,267.0,19.56,1.704
54,394.7,194.7,267.0,19.56,1.704
54,394.7,194.3,267.0,19.56,1.704
54,394.7,193.8,267.0,19.56,1.704
54,394.7,193.4,267.0,19.56,1.704
54,394.7,192.9,267.0,19.56,1.704
54,394.7,192.5,267.0,19.56,1.704
54,394.7,192.0,267.0,19.56,1.704
54,394.7,194.6,267.0,19.56,1.704
54,394.7,194.1,267.0,19.56,1.704
54,394.7,193.7,267.0,19.56,1.704
54,394.7,193.2,267.0,19.56,1.704
54,394.7,192.8,267.0,19.56,1.704
54,394.7,192.3,267.0,19.56,1.704
54,394.7,191.9,267.0,19.60,1.704
54,394.7,191.4,267.0,19.60,1.623
54,394.7,191.0,267.0,19.60,1.623
54,394.7,190.6,267.0,19.60,1.623
54,394.7,193.1,267.0,19.56,1.623
54,394.7,192.6,267.0,19.56,1.704
54,394.7,192.2,267.0,19.56,1.704
54,394.7,194.7,267.0,19.56,1.704
54,394.7,194.2,267.0,19.56,1.704
54,394.7,193.8,267.0,19.56,1.704
54,394.7,193.3,267.0,19.56,1.704
54,394.7,192.9,267.0,19.56,1.704
54,394.7,192.5,267.0,19.56,1.704
54,394.7,192.0,267.0,19.56,1.704
54,394.7,194.5,267.0,19.56,1.704
54,394.7,194.1,267.0,19.56,1.704
54,394.7,193.6,267.0,19.56,1.704
54,394.7,193.2,267.0,19.56,1.704
54,394.7,192.8,267.0,19.56,1.704
54,394.7,192.3,267.0,19.56,1.704
54,394.7,191.9,267.0,19.60,1.704
54,394.7,191.4,267.0,19.60,1.623
54,394.7,191.0,267.0,19.60,1.623
54,394.7,190.5,267.0,19.60,1.623
54,394.7,193.0,267.0,19.56,1.623
54,394.7,192.6,267.0,19.56,1.704
54,394.7,192.2,267.0,19.56,1.704
54,394.7,194.6,267.0,19.56,1.704
54,394.7,194.2,267.0,19.56,1.704
54,394.7,193.8,267.0,19.56,1.704
54,394.7,193.3,267.0,19.56,1.704
54,394.7,192.9,267.0,19.56,1.704
54,394.7,192.4,267.0,19.56,1.704
54,394.7,192.0,267.0,19.60,1.704
54,394.7,191.6,267.0,19.60,1.623
54,394.7,191.1,267.0,19.60,1.623
54,394.7,190.7,267.0,19.60,1.623
54,394.7,193.2,267.0,19.56,1.623
54,394.7,192.7,267.0,19.56,1.704
54,394.7,192.3,267.0,19.56,1.704
54,394.7,191.8,267.0,19.60,1.704
54,394.7,191.4,267.0,19.60,1.623
54,394.7,190.9,267.0,19.60,1.623
54,394.7,190.5,267.0,19.60,1.623
54,394.7,193.0,267.0,19.56,1.623
54,394.7,192.6,267.0,19.56,1.704
54,394.7,192.1,267.0,19.56,1.704
54,394.7,194.6,267.0,19.56,1.704
54,394.7,194.2,267.0,19.56,1.704
54,394.7,193.7,267.0,19.56,1.704
54,394.7,193.3,267.0,19.56,1.704
54,394.7,192.9,267.0,19.56,1.704
54,394.7,192.4,267.0,19.56,1.704
54,394.7,192.0,267.0,19.60,1.704
54,394.7,191.5,267.0,19.60,1.623
54,394.7,191.1,267.0,19.60,1.623
54,394.7,190.6,267.0,19.60,1.623
54,394.7,193.1,267.0,19.56,1.623
54,394.7,192.7,267.0,19.56,1.704
54,394.7,192.2,267.0,19.56,1.704
54,394.7,191.8,267.0,19.60,1.704
54,394.7,191.4,267.0,19.60,1.623
54,394.7,190.9,267.0,19.60,1.623
54,394.7,190.5,267.0,19.60,1.623
54,394.7,193.0,267.0,19.56,1.623
54,394.7,192.5,267.0,19.56,1.704
54,394.7,192.1,267.0,19.56,1.704
54,394.7,194.6,267.0,19.56,1.704
54,394.7,194.2,267.0,19.56,1.704
54,394.7,193.7,267.0,19.56,1.704
54,394.7,193.3,267.0,19.56,1.704
54,394.7,192.8,267.0,19.56,1.704
54,394.7,192.4,267.0,19.56,1.704
54,394.7,191.9,267.0,19.60,1.704
54,394.7,191.5,267.0,19.60,1.623
54,394.7,191.1,267.0,19.60,1.623
54,394.7,190.6,267.0,19.60,1.623
54,394.7,193.1,267.0,19.56,1.623
54,394.7,192.7,267.0,19.56,1.704
54,394.7,192.2,267.0,19.56,1.704
54,394.7,194.7,267.0,19.56,1.704
54,394.7,194.3,267.0,19.56,1.704
54,394.7,193.8,267.0,19.56,1.704
54,394.7,193.4,267.0,19.56,1.704
54,394.7,192.9,267.0,19.56,1.704
54,394.7,192.5,267.0,19.56,1.704
54,394.7,192.1,267.0,19.56,1.704
54,394.7,194.6,267.0,19.56,1.704
54,394.7,194.1,267.0,19.56,1.704
54,394.7,193.7,267.0,19.56,1.704
54,394.7,193.2,267.0,19.56,1.704
54,394.7,192.8,267.0,19.56,1.704
54,394.7,192.3,267.0,19.56,1.704
54,394.7,191.9,267.0,19.60,1.704
54,394.7,191.5,267.0,19.60,1.623
54,394.7,191.0,267.0,19.60,1.623
54,394.7,190.6,267.0,19.60,1.623
54,394.7,193.1,267.0,19.56,1.623
54,394.7,192.6,267.0,19.56,1.704
54,394.7,192.2,267.0,19.56,1.704
54,394.7,194.7,267.0,19.56,1.704
54,394.7,194.2,267.0,19.56,1.704
54,394.7,193.8,267.0,19.56,1.704
54,394.7,193.4,267.0,19.56,1.704
54,394.7,192.9,267.0,19.56,1.704
54,394.7,192.5,267.0,19.56,1.704
54,394.7,192.0,267.0,19.56,1.704
54,394.7,194.5,267.0,19.56,1.704
54,394.7,194.1,267.0,19.56,1.704
54,394.7,193.7,267.0,19.56,1.704
54,394.7,193.2,267.0,19.56,1.704
54,394.7,192.8,267.0,19.56,1.704
54,394.7,192.3,267.0,19.56,1.704
54,394.7,191.9,267.0,19.60,1.704
54,394.7,191.4,267.0,19.60,1.623
54,394.7,191.0,267.0,19.60,1.623
54,394.7,190.6,267.0,19.60,1.623
54,394.7,193.1,267.0,19.56,1.623
54,394.7,192.6,267.0,19.56,1.704
54,394.7,192.2,267.0,19.56,1.704
54,394.7,194.7,267.0,19.56,1.704
54,394.7,194.2,267.0,19.56,1.704
54,394.7,193.8,267.0,19.56,1.704
54,394.7,193.3,267.0,19.56,1.704
54,394.7,192.9,267.0,19.56,1.704
54,394.7,192.5,267.0,19.56,1.704
54,394.7,192.0,267.0,19.56,1.704
54,394.7,194.5,267.0,19.56,1.704
54,394.7,194.1,267.0,19.56,1.704
54,394.7,193.6,267.0,19.56,1.704
60,399.0,231.4,264.3,18.46,0.845
60,399.0,224.9,263.6,19.26,0.845
60,399.0,219.7,267.0,19.15,1.011
60,399.0,214.5,267.0,19.58,1.247
60,399.0,211.2,267.0,19.58,1.685
60,399.0,208.0,267.0,19.58,1.685
60,399.0,204.8,267.0,19.58,1.685
60,399.0,204.3,267.0,19.58,1.685
60,399.0,203.9,267.0,19.67,1.685
60,399.0,203.4,267.0,19.67,1.846
60,399.0,203.0,267.0,19.67,1.846
60,399.0,202.5,267.0,19.67,1.846
60,399.0,202.1,267.0,19.67,1.846
60,399.0,201.7,267.0,19.67,1.846
60,399.0,201.2,267.0,19.67,1.846
60,399.0,200.8,267.0,19.67,1.846
60,399.0,200.3,267.0,19.67,1.846
60,399.0,199.9,267.0,19.67,1.846
60,399.0,199.4,267.0,19.67,1.846
60,399.0,199.0,267.0,19.67,1.846
60,399.0,198.6,267.0,19.67,1.846
60,399.0,198.1,267.0,19.67,1.846
60,399.0,197.7,267.0,19.67,1.846
60,399.0,197.2,267.0,19.67,1.846
60,399.0,196.8,267.0,19.67,1.846
60,399.0,196.3,267.0,19.67,1.846
60,399.0,195.9,267.0,19.67,1.846
60,399.0,195.4,267.0,19.67,1.846
60,399.0,195.0,267.0,19.67,1.846
60,399.0,194.6,267.0,19.67,1.846
60,399.0,194.1,267.0,19.67,1.846
60,399.0,193.7,267.0,19.67,1.846
60,399.0,193.2,267.0,19.67,1.846
60,399.0,192.8,267.0,19.67,1.846
60,399.0,192.3,267.0,19.67,1.846
60,399.0,191.9,267.0,19.35,1.846
60,399.0,191.5,267.0,19.35,1.732
60,399.0,191.0,267.0,19.35,1.732
60,399.0,190.6,267.0,19.35,1.732
60,399.0,193.1,267.0,19.67,1.732
60,399.0,192.6,267.0,19.67,1.846
60,399.0,192.2,267.0,19.67,1.846
60,399.0,194.7,267.0,19.67,1.846
60,399.0,194.2,267.0,19.67,1.846
60,399.0,193.8,267.0,19.67,1.846
60,399.0,193.4,267.0,19.67,1.846
60,399.0,192.9,267.0,19.67,1.846
60,399.0,192.5,267.0,19.67,1.846
60,399.0,192.0,267.0,19.67,1.846
60,399.0,194.5,267.0,19.67,1.846
60,399.0,194.1,267.0,19.67,1.846
60,399.0,193.7,267.0,19.67,1.846
60,399.0,193.2,267.0,19.67,1.846
60,399.0,192.8,267.0,19.67,1.846
60,399.0,192.3,267.0,19.67,1.846
60,399.0,191.9,267.0,19.35,1.846
60,399.0,191.4,267.0,19.35,1.732
60,399.0,191.0,267.0,19.35,1.732
60,399.0,190.6,267.0,19.35,1.732
60,399.0,193.1,267.0,19.67,1.732
60,399.0,192.6,267.0,19.67,1.846
60,399.0,192.2,267.0,19.67,1.846
60,399.0,194.7,267.0,19.67,1.846
60,399.0,194.2,267.0,19.67,1.846
60,399.0,193.8,267.0,19.67,1.846
60,399.0,193.3,267.0,19.67,1.846
60,399.0,192.9,267.0,19.67,1.846
60,399.0,192.5,267.0,19.67,1.846
60,399.0,192.0,267.0,19.67,1.846
60,399.0,194.5,267.0,19.67,1.846
60,399.0,194.1,267.0,19.67,1.846
60,399.0,193.6,267.0,19.67,1.846
60,399.0,193.2,267.0,19.67,1.846
60,399.0,192.7,267.0,19.67,1.846
60,399.0,192.3,267.0,19.67,1.846
60,399.0,191.9,267.0,19.35,1.846
60,399.0,191.4,267.0,19.35,1.732
60,399.0,191.0,267.0,19.35,1.732
60,399.0,190.5,267.0,19.35,1.732
60,399.0,193.0,267.0,19.67,1.732
60,399.0,192.6,267.0,19.67,1.846
60,399.0,192.1,267.0,19.67,1.846
60,399.0,194.6,267.0,19.67,1.846
60,399.0,194.2,267.0,19.67,1.846
60,399.0,193.8,267.0,19.67,1.846
60,399.0,193.3,267.0,19.67,1.846
60,399.0,192.9,267.0,19.67,1.846
60,399.0,192.4,267.0,19.67,1.846
60,399.0,192.0,267.0,19.35,1.846
60,399.0,191.5,267.0,19.35,1.732
60,399.0,191.1,267.0,19.35,1.732
60,399.0,190.7,267.0,19.35,1.732
60,399.0,193.2,267.0,19.67,1.732
60,399.0,192.7,267.0,19.67,1.846
60,399.0,192.3,267.0,19.67,1.846
60,399.0,191.8,267.0,19.35,1.846
60,399.0,191.4,267.0,19.35,1.732
60,399.0,190.9,267.0,19.35,1.732
60,399.0,190.5,267.0,19.35,1.732
60,399.0,193.0,267.0,19.67,1.732
60,399.0,192.6,267.0,19.67,1.846
60,399.0,192.1,267.0,19.67,1.846
60,399.0,194.6,267.0,19.67,1.846
60,399.0,194.2,267.0,19.67,1.846
60,399.0,193.7,267.0,19.67,1.846
60,399.0,193.3,267.0,19.67,1.846
60,399.0,192.8,267.0,19.67,1.846
60,399.0,192.4,267.0,19.67,1.846
60,399.0,192.0,267.0,19.35,1.846
60,399.0,191.5,267.0,19.35,1.732
60,399.0,191.1,267.0,19.35,1.732
60,399.0,190.6,267.0,19.35,1.732
60,399.0,193.1,267.0,19.67,1.732
60,399.0,192.7,267.0,19.67,1.846
60,399.0,192.2,267.0,19.67,1.846
60,399.0,191.8,267.0,19.35,1.846
60,399.0,191.4,267.0,19.35,1.732
60,399.0,190.9,267.0,19.35,1.732
60,399.0,190.5,267.0,19.35,1.732
60,399.0,193.0,267.0,19.67,1.732
60,399.0,192.5,267.0,19.67,1.846
60,399.0,192.1,267.0,19.67,1.846
60,399.0,194.6,267.0,19.67,1.846
60,399.0,194.1,267.0,19.67,1.846
60,399.0,193.7,267.0,19.67,1.846
60,399.0,193.3,267.0,19.67,1.846
60,399.0,192.8,267.0,19.67,1.846
60,399.0,192.4,267.0,19.67,1.846
60,399.0,191.9,267.0,19.35,1.846
60,399.0,191.5,267.0,19.35,1.732
60,399.0,191.0,267.0,19.35,1.732
60,399.0,190.6,267.0,19.35,1.732
60,399.0,193.1,267.0,19.67,1.732
60,399.0,192.7,267.0,19.67,1.846
60,399.0,192.2,267.0,19.67,1.846
60,399.0,194.7,267.0,19.67,1.846
60,399.0,194.3,267.0,19.67,1.846
60,399.0,193.8,267.0,19.67,1.846
60,399.0,193.4,267.0,19.67,1.846
60,399.0,192.9,267.0,19.67,1.846
60,399.0,192.5,267.0,19.67,1.846
60,399.0,192.1,267.0,19.67,1.846
60,399.0,194.6,267.0,19.67,1.846
60,399.0,194.1,267.0,19.67,1.846
60,399.0,193.7,267.0,19.67,1.846
60,399.0,193.2,267.0,19.67,1.846
60,399.0,192.8,267.0,19.67,1.846
60,399.0,192.3,267.0,19.67,1.846
60,399.0,191.9,267.0,19.35,1.846
60,399.0,191.5,267.0,19.35,1.732
60,399.0,191.0,267.0,19.35,1.732
60,399.0,190.6,267.0,19.35,1.732
60,399.0,193.1,267.0,19.67,1.732
60,399.0,192.6,267.0,19.67,1.846
60,399.0,192.2,267.0,19.67,1.846
60,399.0,194.7,267.0,19.67,1.846
60,399.0,194.2,267.0,19.67,1.846
60,399.0,193.8,267.0,19.67,1.846
60,399.0,193.4,267.0,19.67,1.846
60,399.0,192.9,267.0,19.67,1.846
66,443.6,214.5,260.0,18.61,0.831
66,438.8,213.4,252.6,18.61,1.115
66,434.6,212.4,247.0,19.88,1.115
66,430.4,211.5,241.5,20.01,0.876
66,425.5,210.0,240.5,20.01,0.659
66,423.0,209.2,237.4,20.53,0.659
66,420.6,208.4,234.3,20.53,0.502
66,419.8,207.1,233.2,20.44,0.502
66,419.0,205.7,232.2,20.44,0.234
66,418.2,204.4,231.1,20.44,0.234
66,417.1,204.0,230.2,20.44,0.234
66,416.0,203.6,229.3,20.28,0.234
66,414.9,203.3,228.4,20.28,0.186
66,414.2,202.9,226.0,20.40,0.186
66,413.5,202.5,223.5,20.40,0.320
66,412.8,202.2,221.1,20.40,0.320
66,412.2,201.8,218.7,20.40,0.320
66,411.5,201.5,216.2,20.40,0.320
66,411.1,201.1,212.8,20.47,0.320
66,410.7,200.8,209.3,20.47,0.437
66,410.3,200.5,205.8,20.47,0.437
66,409.9,200.1,202.4,20.53,0.437
66,409.7,199.8,198.2,20.53,0.521
66,409.5,199.5,194.1,20.53,0.521
66,409.2,199.1,189.9,20.59,0.521
66,409.1,198.8,185.3,20.59,0.577
66,409.0,198.5,180.7,20.59,0.577
66,409.0,198.1,175.6,20.64,0.577
66,409.0,197.8,170.5,20.64,0.643
66,409.0,197.4,165.2,20.67,0.643
66,409.0,197.1,159.9,20.67,0.664
66,409.1,196.8,154.6,20.70,0.664
66,409.1,196.4,149.1,20.70,0.681
66,409.1,196.0,143.7,20.73,0.681
66,409.2,195.6,138.1,20.73,0.695
66,409.2,195.3,132.6,20.73,0.695
66,409.3,194.9,126.9,20.78,0.695
66,409.3,194.5,121.3,20.78,0.707
66,409.4,194.1,115.5,20.83,0.707
66,409.5,193.7,109.8,20.83,0.723
66,409.6,193.3,103.9,20.86,0.723
66,409.7,192.9,98.1,20.86,0.729
66,409.8,192.5,92.3,20.90,0.729
66,409.8,192.0,86.5,20.90,0.732
66,409.9,191.7,80.3,20.67,0.732
66,410.0,191.3,74.2,20.67,0.765
66,410.1,190.9,68.2,20.69,0.765
66,410.3,190.5,62.1,20.69,0.760
66,410.6,190.3,56.4,20.69,0.760
66,410.9,190.0,50.7,20.69,0.715
66,411.3,189.8,45.4,20.69,0.715
66,411.7,189.7,40.1,20.69,0.664
66,412.1,189.5,34.8,20.68,0.664
66,412.7,189.5,30.2,20.68,0.583
66,413.2,189.5,25.6,20.68,0.583
66,414.1,189.7,22.0,20.66,0.583
66,414.9,189.9,18.4,20.66,0.460
66,415.7,190.2,14.8,20.66,0.460
66,416.5,190.4,11.2,20.68,0.460
66,417.7,191.1,8.9,20.68,0.340
66,418.8,191.8,6.5,20.68,0.340
66,419.9,193.2,4.3,20.87,0.340
66,422.6,194.2,3.0,21.11,0.426
66,425.3,195.2,3.0,21.11,0.426
66,428.0,196.2,3.0,21.11,0.426
66,430.7,197.2,3.0,21.11,0.426
66,434.0,198.1,3.0,21.40,0.426
66,437.3,199.0,3.0,21.40,0.461
66,440.6,199.8,3.0,21.40,0.461
66,443.8,200.7,3.0,21.40,0.461
66,447.4,201.4,3.0,21.58,0.461
66,451.0,202.2,3.0,21.58,0.480
66,454.6,202.9,3.0,21.58,0.480
66,458.3,203.5,3.0,21.73,0.480
66,462.0,204.2,3.0,21.84,0.481
66,465.5,205.3,3.0,21.84,0.464
66,468.9,206.4,3.0,21.96,0.464
66,472.4,207.4,3.0,21.96,0.451
66,475.8,208.4,3.0,21.96,0.451
66,479.2,209.4,3.0,21.96,0.451
66,482.4,210.2,3.0,22.11,0.451
66,485.6,210.9,3.0,22.11,0.413
66,488.8,211.7,3.0,22.11,0.413
66,492.0,212.4,3.0,22.11,0.413
66,495.0,213.1,3.0,22.24,0.393
66,498.1,213.8,3.0,22.24,0.393
66,501.2,214.4,3.0,22.24,0.393
66,504.2,215.1,3.0,22.31,0.393
66,507.1,215.7,3.0,22.31,0.373
66,510.1,216.3,3.0,22.37,0.373
66,512.8,217.1,3.0,22.37,0.360
66,515.6,217.9,3.0,22.37,0.360
66,518.2,218.6,3.0,22.44,0.360
66,520.9,219.3,3.0,22.44,0.343
66,523.5,220.1,3.0,22.44,0.343
66,526.1,220.8,3.0,22.44,0.343
66,528.8,221.5,3.0,22.51,0.343
66,531.3,222.2,3.0,22.51,0.327
66,533.9,222.8,3.0,22.51,0.327
66,536.4,223.5,3.0,22.51,0.327
66,538.9,224.1,3.0,22.51,0.327
66,541.2,224.6,3.0,22.60,0.327
66,543.6,225.1,3.0,22.60,0.296
66,545.9,225.6,3.0,22.60,0.296
66,548.2,226.2,3.0,22.60,0.296
66,550.5,226.7,3.0,22.60,0.296
66,552.8,227.2,3.0,22.69,0.296
66,555.0,227.6,3.0,22.69,0.281
66,557.2,228.1,3.0,22.73,0.281
66,559.3,228.7,3.0,22.73,0.274
66,561.4,229.3,3.0,22.73,0.274
66,563.5,229.9,3.0,22.73,0.274
66,565.6,230.4,3.0,22.79,0.274
66,567.6,230.9,3.0,22.79,0.261
66,569.6,231.4,3.0,22.79,0.261
66,571.6,232.0,3.0,22.79,0.261
66,573.6,232.5,3.0,22.79,0.261
66,575.7,233.0,3.0,22.79,0.261
66,577.5,233.6,3.0,22.87,0.261
66,579.3,234.1,3.0,22.87,0.238
66,581.2,234.6,3.0,22.87,0.238
66,583.0,235.1,3.0,22.87,0.238
66,584.8,235.6,3.0,22.87,0.238
66,586.6,236.1,3.0,22.87,0.238
66,588.5,236.6,3.0,22.94,0.238
66,590.2,237.0,3.0,22.94,0.221
66,591.9,237.5,3.0,22.94,0.221
66,593.6,237.9,3.0,22.94,0.221
66,595.4,238.3,3.0,22.94,0.221
66,597.1,238.7,3.0,22.94,0.221
66,598.8,239.1,3.0,22.94,0.221
66,600.5,239.5,3.0,22.99,0.221
66,602.2,239.8,3.0,22.99,0.215
66,603.8,240.4,3.0,23.03,0.215
66,605.4,240.9,3.0,23.03,0.208
66,606.9,241.5,3.0,23.03,0.208
66,608.5,242.0,3.0,23.03,0.208
66,610.1,242.6,3.0,23.03,0.208
66,611.7,243.1,3.0,23.03,0.208
66,613.1,243.6,3.0,23.09,0.208
66,614.6,244.1,3.0,23.09,0.194
66,616.1,244.5,3.0,23.09,0.194
66,617.6,245.0,3.0,23.09,0.194
66,619.0,245.5,3.0,23.09,0.194
66,620.5,245.9,3.0,23.09,0.194
66,622.0,246.4,3.0,23.09,0.194
66,623.5,246.9,3.0,23.09,0.194
66,624.9,247.3,3.0,23.16,0.194
66,626.2,247.7,3.0,23.16,0.180
66,627.6,248.1,3.0,23.16,0.180
66,629.0,248.5,3.0,23.16,0.180
66,630.4,248.9,3.0,23.16,0.180
66,631.8,249.3,3.0,23.16,0.180
66,633.1,249.7,3.0,23.16,0.180
66,634.5,250.1,3.0,23.16,0.180
66,635.9,250.5,3.0,23.16,0.180
66,637.2,250.8,3.0,23.21,0.174
66,638.6,251.1,3.0,23.21,0.174
66,639.9,251.5,3.0,23.21,0.174
66,641.3,251.8,3.0,23.21,0.174
72,394.9,235.3,264.5,18.95,0.835
72,394.9,228.5,263.8,19.15,0.893
72,394.9,223.4,267.0,19.57,0.826
72,394.9,218.1,267.0,19.57,1.248
72,394.9,214.9,267.0,19.69,1.248
72,394.9,211.7,267.0,19.69,1.592
72,394.9,208.4,267.0,19.69,1.592
72,394.9,205.2,267.0,19.69,1.592
72,394.9,204.8,267.0,19.69,1.592
72,394.9,204.3,267.0,19.69,1.592
72,394.9,203.9,267.0,19.56,1.592
72,394.9,203.4,267.0,19.56,1.704
72,394.9,203.0,267.0,19.56,1.704
72,394.9,202.5,267.0,19.56,1.704
72,394.9,202.1,267.0,19.56,1.704
72,394.9,201.7,267.0,19.56,1.704
72,394.9,201.2,267.0,19.56,1.704
72,394.9,200.8,267.0,19.56,1.704
72,394.9,200.3,267.0,19.56,1.704
72,394.9,199.9,267.0,19.56,1.704
72,394.9,199.4,267.0,19.56,1.704
72,394.9,199.0,267.0,19.56,1.704
72,394.9,198.5,267.0,19.56,1.704
72,394.9,198.1,267.0,19.56,1.704
72,394.9,197.7,267.0,19.56,1.704
72,394.9,197.2,267.0,19.56,1.704
72,394.9,196.8,267.0,19.56,1.704
72,394.9,196.3,267.0,19.56,1.704
72,394.9,195.9,267.0,19.56,1.704
72,394.9,195.4,267.0,19.56,1.704
72,394.9,195.0,267.0,19.56,1.704
72,394.9,194.6,267.0,19.56,1.704
72,394.9,194.1,267.0,19.56,1.704
72,394.9,193.7,267.0,19.56,1.704
72,394.9,193.2,267.0,19.56,1.704
72,394.9,192.8,267.0,19.56,1.704
72,394.9,192.3,267.0,19.56,1.704
72,394.9,191.9,267.0,19.60,1.704
72,394.9,191.5,267.0,19.60,1.623
72,394.9,191.0,267.0,19.60,1.623
72,394.9,190.6,267.0,19.60,1.623
72,394.9,193.1,267.0,19.56,1.623
72,394.9,192.6,267.0,19.56,1.704
72,394.9,192.2,267.0,19.56,1.704
72,394.9,194.7,267.0,19.56,1.704
72,394.9,194.2,267.0,19.56,1.704
72,394.9,193.8,267.0,19.56,1.704
72,394.9,193.3,267.0,19.56,1.704
72,394.9,192.9,267.0,19.56,1.704
72,394.9,192.5,267.0,19.56,1.704
72,394.9,192.0,267.0,19.56,1.704
72,394.9,194.5,267.0,19.56,1.704
72,394.9,194.1,267.0,19.56,1.704
72,394.9,193.6,267.0,19.56,1.704
72,394.9,193.2,267.0,19.56,1.704
72,394.9,192.8,267.0,19.56,1.704
72,394.9,192.3,267.0,19.56,1.704
72,394.9,191.9,267.0,19.60,1.704
72,394.9,191.4,267.0,19.60,1.623
72,394.9,191.0,267.0,19.60,1.623
72,394.9,190.5,267.0,19.60,1.623
72,394.9,193.0,267.0,19.56,1.623
72,394.9,192.6,267.0,19.56,1.704
72,394.9,192.2,267.0,19.56,1.704
72,394.9,194.7,267.0,19.56,1.704
72,394.9,194.2,267.0,19.56,1.704
72,394.9,193.8,267.0,19.56,1.704
72,394.9,193.3,267.0,19.56,1.704
72,394.9,192.9,267.0,19.56,1.704
72,394.9,192.4,267.0,19.56,1.704
72,394.9,192.0,267.0,19.56,1.704
72,394.9,191.6,267.0,19.60,1.623
72,394.9,191.1,267.0,19.60,1.623
72,394.9,190.7,267.0,19.60,1.623
72,394.9,193.2,267.0,19.56,1.623
72,394.9,192.7,267.0,19.56,1.704
72,394.9,192.3,267.0,19.56,1.704
72,394.9,191.8,267.0,19.60,1.704
72,394.9,191.4,267.0,19.60,1.623
72,394.9,190.9,267.0,19.60,1.623
72,394.9,190.5,267.0,19.60,1.623
72,394.9,193.0,267.0,19.56,1.623
72,394.9,192.6,267.0,19.56,1.704
72,394.9,192.1,267.0,19.56,1.704
72,394.9,194.6,267.0,19.56,1.704
72,394.9,194.2,267.0,19.56,1.704
72,394.9,193.7,267.0,19.56,1.704
72,394.9,193.3,267.0,19.56,1.704
72,394.9,192.9,267.0,19.56,1.704
72,394.9,192.4,267.0,19.56,1.704
72,394.9,192.0,267.0,19.60,1.704
72,394.9,191.5,267.0,19.60,1.623
72,394.9,191.1,267.0,19.60,1.623
72,394.9,190.6,267.0,19.60,1.623
72,394.9,193.1,267.0,19.56,1.623
72,394.9,192.7,267.0,19.56,1.704
72,394.9,192.3,267.0,19.56,1.704
72,394.9,191.8,267.0,19.60,1.704
72,394.9,191.4,267.0,19.60,1.623
72,394.9,190.9,267.0,19.60,1.623
72,394.9,190.5,267.0,19.60,1.623
72,394.9,193.0,267.0,19.56,1.623
72,394.9,192.5,267.0,19.56,1.704
72,394.9,192.1,267.0,19.56,1.704
72,394.9,194.6,267.0,19.56,1.704
72,394.9,194.2,267.0,19.56,1.704
72,394.9,193.7,267.0,19.56,1.704
72,394.9,193.3,267.0,19.56,1.704
72,394.9,192.8,267.0,19.56,1.704
72,394.9,192.4,267.0,19.56,1.704
72,394.9,191.9,267.0,19.60,1.704
72,394.9,191.5,267.0,19.60,1.623
72,394.9,191.1,267.0,19.60,1.623
72,394.9,190.6,267.0,19.60,1.623
72,394.9,193.1,267.0,19.56,1.623
72,394.9,192.7,267.0,19.56,1.704
72,394.9,192.2,267.0,19.56,1.704
72,394.9,194.7,267.0,19.56,1.704
72,394.9,194.3,267.0,19.56,1.704
72,394.9,193.8,267.0,19.56,1.704
72,394.9,193.4,267.0,19.56,1.704
72,394.9,193.0,267.0,19.56,1.704
72,394.9,192.5,267.0,19.56,1.704
72,394.9,192.1,267.0,19.56,1.704
72,394.9,194.6,267.0,19.56,1.704
72,394.9,194.1,267.0,19.56,1.704
72,394.9,193.7,267.0,19.56,1.704
72,394.9,193.2,267.0,19.56,1.704
72,394.9,192.8,267.0,19.56,1.704
72,394.9,192.4,267.0,19.56,1.704
72,394.9,191.9,267.0,19.60,1.704
72,394.9,191.5,267.0,19.60,1.623
72,394.9,191.0,267.0,19.60,1.623
72,394.9,190.6,267.0,19.60,1.623
72,394.9,193.1,267.0,19.56,1.623
72,394.9,192.7,267.0,19.56,1.704
72,394.9,192.2,267.0,19.56,1.704
72,394.9,194.7,267.0,19.56,1.704
72,394.9,194.3,267.0,19.56,1.704
72,394.9,193.8,267.0,19.56,1.704
72,394.9,193.4,267.0,19.56,1.704
72,394.9,192.9,267.0,19.56,1.704
72,394.9,192.5,267.0,19.56,1.704
72,394.9,192.1,267.0,19.56,1.704
72,394.9,194.6,267.0,19.56,1.704
72,394.9,194.1,267.0,19.56,1.704
72,394.9,193.7,267.0,19.56,1.704
72,394.9,193.2,267.0,19.56,1.704
72,394.9,192.8,267.0,19.56,1.704
72,394.9,192.3,267.0,19.56,1.704
72,394.9,191.9,267.0,19.60,1.704
72,394.9,191.5,267.0,19.60,1.623
72,394.9,191.0,267.0,19.60,1.623
72,394.9,190.6,267.0,19.60,1.623
72,394.9,193.1,267.0,19.56,1.623
72,394.9,192.6,267.0,19.56,1.704
72,394.9,192.2,267.0,19.56,1.704
72,394.9,194.7,267.0,19.56,1.704
72,394.9,194.2,267.0,19.56,1.704
72,394.9,193.8,267.0,19.56,1.704
78,420.1,225.8,264.5,20.31,1.016
78,417.2,220.5,267.0,19.57,0.999
78,414.3,215.3,267.0,19.69,1.248
78,411.4,212.1,267.0,19.69,1.592
78,408.5,208.9,267.0,19.69,1.592
78,408.5,205.7,267.0,19.69,1.592
78,408.5,202.4,267.0,19.56,1.592
78,408.5,202.0,267.0,19.56,1.704
78,408.5,201.5,267.0,19.56,1.704
78,408.5,201.1,267.0,19.56,1.704
78,408.5,200.6,267.0,19.56,1.704
78,408.5,200.2,267.0,19.56,1.704
78,408.5,199.8,267.0,19.56,1.704
78,408.5,199.3,267.0,19.56,1.704
78,408.5,198.9,267.0,19.56,1.704
78,408.5,198.4,267.0,19.56,1.704
78,408.5,198.0,267.0,19.56,1.704
78,408.5,197.5,267.0,19.56,1.704
78,408.5,197.1,267.0,19.56,1.704
78,408.5,196.6,267.0,19.56,1.704
78,408.5,196.2,267.0,19.56,1.704
78,408.5,195.8,267.0,19.56,1.704
78,408.5,195.3,267.0,19.56,1.704
78,408.5,194.9,267.0,19.56,1.704
78,408.5,194.4,267.0,19.56,1.704
78,408.5,194.0,267.0,19.56,1.704
78,408.5,193.6,267.0,19.56,1.704
78,408.5,193.1,267.0,19.56,1.704
78,408.5,192.7,267.0,19.56,1.704
78,408.5,192.2,267.0,19.56,1.704
78,408.5,194.7,267.0,19.56,1.704
78,408.5,194.3,267.0,19.56,1.704
78,408.5,193.8,267.0,19.56,1.704
78,408.5,193.4,267.0,19.56,1.704
78,408.5,192.9,267.0,19.56,1.704
78,408.5,192.5,267.0,19.56,1.704
78,408.5,192.1,267.0,19.56,1.704
78,408.5,194.6,267.0,19.56,1.704
78,408.5,194.1,267.0,19.56,1.704
78,408.5,193.7,267.0,19.56,1.704
78,408.5,193.2,267.0,19.56,1.704
78,408.5,192.8,267.0,19.56,1.704
78,408.5,192.3,267.0,19.56,1.704
78,408.5,191.9,267.0,19.60,1.704
78,408.5,191.5,267.0,19.60,1.623
78,408.5,191.0,267.0,19.60,1.623
78,408.5,190.6,267.0,19.60,1.623
78,408.5,193.1,267.0,19.56,1.623
78,408.5,192.6,267.0,19.56,1.704
78,408.5,192.2,267.0,19.56,1.704
78,408.5,194.7,267.0,19.56,1.704
78,408.5,194.2,267.0,19.56,1.704
78,408.5,193.8,267.0,19.56,1.704
78,408.5,193.4,267.0,19.56,1.704
78,408.5,192.9,267.0,19.56,1.704
78,408.5,192.5,267.0,19.56,1.704
78,408.5,192.0,267.0,19.56,1.704
78,408.5,194.5,267.0,19.56,1.704
78,408.5,194.1,267.0,19.56,1.704
78,408.5,193.7,267.0,19.56,1.704
78,408.5,193.2,267.0,19.56,1.704
78,408.5,192.8,267.0,19.56,1.704
78,408.5,192.3,267.0,19.56,1.704
78,408.5,191.9,267.0,19.60,1.704
78,408.5,191.4,267.0,19.60,1.623
78,408.5,191.0,267.0,19.60,1.623
78,408.5,190.6,267.0,19.60,1.623
78,408.5,193.1,267.0,19.56,1.623
78,408.5,192.6,267.0,19.56,1.704
78,408.5,192.2,267.0,19.56,1.704
78,408.5,194.7,267.0,19.56,1.704
78,408.5,194.2,267.0,19.56,1.704
78,408.5,193.8,267.0,19.56,1.704
78,408.5,193.3,267.0,19.56,1.704
78,408.5,192.9,267.0,19.56,1.704
78,408.5,192.5,267.0,19.56,1.704
78,408.5,192.0,267.0,19.56,1.704
78,408.5,194.5,267.0,19.56,1.704
78,408.5,194.1,267.0,19.56,1.704
78,408.5,193.6,267.0,19.56,1.704
78,408.5,193.2,267.0,19.56,1.704
78,408.5,192.7,267.0,19.56,1.704
78,408.5,192.3,267.0,19.56,1.704
78,408.5,191.9,267.0,19.60,1.704
78,408.5,191.4,267.0,19.60,1.623
78,408.5,191.0,267.0,19.60,1.623
78,408.5,190.5,267.0,19.60,1.623
78,408.5,193.0,267.0,19.56,1.623
78,408.5,192.6,267.0,19.56,1.704
78,408.5,192.1,267.0,19.56,1.704
78,408.5,194.6,267.0,19.56,1.704
78,408.5,194.2,267.0,19.56,1.704
78,408.5,193.8,267.0,19.56,1.704
78,408.5,193.3,267.0,19.56,1.704
78,408.5,192.9,267.0,19.56,1.704
78,408.5,192.4,267.0,19.56,1.704
78,408.5,192.0,267.0,19.60,1.704
78,408.5,191.5,267.0,19.60,1.623
78,408.5,191.1,267.0,19.60,1.623
78,408.5,190.7,267.0,19.60,1.623
78,408.5,193.2,267.0,19.56,1.623
78,408.5,192.7,267.0,19.56,1.704
78,408.5,192.3,267.0,19.56,1.704
78,408.5,191.8,267.0,19.60,1.704
78,408.5,191.4,267.0,19.60,1.623
78,408.5,190.9,267.0,19.60,1.623
78,408.5,190.5,267.0,19.60,1.623
78,408.5,193.0,267.0,19.56,1.623
78,408.5,192.6,267.0,19.56,1.704
78,408.5,192.1,267.0,19.56,1.704
78,408.5,194.6,267.0,19.56,1.704
78,408.5,194.2,267.0,19.56,1.704
78,408.5,193.7,267.0,19.56,1.704
78,408.5,193.3,267.0,19.56,1.704
78,408.5,192.8,267.0,19.56,1.704
78,408.5,192.4,267.0,19.56,1.704
78,408.5,192.0,267.0,19.60,1.704
78,408.5,191.5,267.0,19.60,1.623
78,408.5,191.1,267.0,19.60,1.623
78,408.5,190.6,267.0,19.60,1.623
78,408.5,193.1,267.0,19.56,1.623
78,408.5,192.7,267.0,19.56,1.704
78,408.5,192.2,267.0,19.56,1.704
78,408.5,191.8,267.0,19.60,1.704
78,408.5,191.4,267.0,19.60,1.623
78,408.5,190.9,267.0,19.60,1.623
78,408.5,190.5,267.0,19.60,1.623
78,408.5,193.0,267.0,19.56,1.623
78,408.5,192.5,267.0,19.56,1.704
78,408.5,192.1,267.0,19.56,1.704
78,408.5,194.6,267.0,19.56,1.704
78,408.5,194.2,267.0,19.56,1.704
78,408.5,193.7,267.0,19.56,1.704
78,408.5,193.3,267.0,19.56,1.704
78,408.5,192.8,267.0,19.56,1.704
78,408.5,192.4,267.0,19.56,1.704
78,408.5,191.9,267.0,19.60,1.704
78,408.5,191.5,267.0,19.60,1.623
78,408.5,191.0,267.0,19.60,1.623
78,408.5,190.6,267.0,19.60,1.623
78,408.5,193.1,267.0,19.56,1.623
78,408.5,192.7,267.0,19.56,1.704
78,408.5,192.2,267.0,19.56,1.704
78,408.5,194.7,267.0,19.56,1.704
78,408.5,194.3,267.0,19.56,1.704
78,408.5,193.8,267.0,19.56,1.704
78,408.5,193.4,267.0,19.56,1.704
78,408.5,192.9,267.0,19.56,1.704
78,408.5,192.5,267.0,19.56,1.704
78,408.5,192.1,267.0,19.56,1.704
78,408.5,194.6,267.0,19.56,1.704
78,408.5,194.1,267.0,19.56,1.704
78,408.5,193.7,267.0,19.56,1.704
78,408.5,193.2,267.0,19.56,1.704
78,408.5,192.8,267.0,19.56,1.704
78,408.5,192.3,267.0,19.56,1.704
78,408.5,191.9,267.0,19.60,1.704
78,408.5,191.5,267.0,19.60,1.623
78,408.5,191.0,267.0,19.60,1.623
78,408.5,190.6,267.0,19.60,1.623
84,391.9,234.3,264.5,18.95,0.835
84,394.3,227.6,263.9,19.65,0.893
84,397.2,222.3,267.0,19.15,1.020
84,397.2,217.1,267.0,19.15,1.247
84,397.2,213.9,267.0,19.58,1.247
84,397.2,210.6,267.0,19.58,1.685
84,397.2,207.4,267.0,19.58,1.685
84,397.2,204.2,267.0,19.58,1.685
84,397.2,203.7,267.0,19.67,1.685
84,397.2,203.3,267.0,19.67,1.846
84,397.2,202.8,267.0,19.67,1.846
84,397.2,202.4,267.0,19.67,1.846
84,397.2,201.9,267.0,19.67,1.846
84,397.2,201.5,267.0,19.67,1.846
84,397.2,201.1,267.0,19.67,1.846
84,397.2,200.6,267.0,19.67,1.846
84,397.2,200.2,267.0,19.67,1.846
84,397.2,199.7,267.0,19.67,1.846
84,397.2,199.3,267.0,19.67,1.846
84,397.2,198.8,267.0,19.67,1.846
84,397.2,198.4,267.0,19.67,1.846
84,397.2,198.0,267.0,19.67,1.846
84,397.2,197.5,267.0,19.67,1.846
84,397.2,197.1,267.0,19.67,1.846
84,397.2,196.6,267.0,19.67,1.846
84,397.2,196.2,267.0,19.67,1.846
84,397.2,195.7,267.0,19.67,1.846
84,397.2,195.3,267.0,19.67,1.846
84,397.2,194.9,267.0,19.67,1.846
84,397.2,194.4,267.0,19.67,1.846
84,397.2,194.0,267.0,19.67,1.846
84,397.2,193.5,267.0,19.67,1.846
84,397.2,193.1,267.0,19.67,1.846
84,397.2,192.6,267.0,19.67,1.846
84,397.2,192.2,267.0,19.67,1.846
84,397.2,194.7,267.0,19.67,1.846
84,397.2,194.3,267.0,19.67,1.846
84,397.2,193.8,267.0,19.67,1.846
84,397.2,193.4,267.0,19.67,1.846
84,397.2,192.9,267.0,19.67,1.846
84,397.2,192.5,267.0,19.67,1.846
84,397.2,192.0,267.0,19.67,1.846
84,397.2,194.5,267.0,19.67,1.846
84,397.2,194.1,267.0,19.67,1.846
84,397.2,193.7,267.0,19.67,1.846
84,397.2,193.2,267.0,19.67,1.846
84,397.2,192.8,267.0,19.67,1.846
84,397.2,192.3,267.0,19.67,1.846
84,397.2,191.9,267.0,19.35,1.846
84,397.2,191.4,267.0,19.35,1.732
84,397.2,191.0,267.0,19.35,1.732
84,397.2,190.6,267.0,19.35,1.732
84,397.2,193.1,267.0,19.67,1.732
84,397.2,192.6,267.0,19.67,1.846
84,397.2,192.2,267.0,19.67,1.846
84,397.2,194.7,267.0,19.67,1.846
84,397.2,194.2,267.0,19.67,1.846
84,397.2,193.8,267.0,19.67,1.846
84,397.2,193.3,267.0,19.67,1.846
84,397.2,192.9,267.0,19.67,1.846
84,397.2,192.5,267.0,19.67,1.846
84,397.2,192.0,267.0,19.67,1.846
84,397.2,194.5,267.0,19.67,1.846
84,397.2,194.1,267.0,19.67,1.846
84,397.2,193.6,267.0,19.67,1.846
84,397.2,193.2,267.0,19.67,1.846
84,397.2,192.7,267.0,19.67,1.846
84,397.2,192.3,267.0,19.67,1.846
84,397.2,191.9,267.0,19.35,1.846
84,397.2,191.4,267.0,19.35,1.732
84,397.2,191.0,267.0,19.35,1.732
84,397.2,190.5,267.0,19.35,1.732
84,397.2,193.0,267.0,19.67,1.732
84,397.2,192.6,267.0,19.67,1.846
84,397.2,192.1,267.0,19.67,1.846
84,397.2,194.6,267.0,19.67,1.846
84,397.2,194.2,267.0,19.67,1.846
84,397.2,193.8,267.0,19.67,1.846
84,397.2,193.3,267.0,19.67,1.846
84,397.2,192.9,267.0,19.67,1.846
84,397.2,192.4,267.0,19.67,1.846
84,397.2,192.0,267.0,19.35,1.846
84,397.2,191.5,267.0,19.35,1.732
84,397.2,191.1,267.0,19.35,1.732
84,397.2,190.7,267.0,19.35,1.732
84,397.2,193.2,267.0,19.67,1.732
84,397.2,192.7,267.0,19.67,1.846
84,397.2,192.3,267.0,19.67,1.846
84,397.2,191.8,267.0,19.35,1.846
84,397.2,191.4,267.0,19.35,1.732
84,397.2,190.9,267.0,19.35,1.732
84,397.2,190.5,267.0,19.35,1.732
84,397.2,193.0,267.0,19.67,1.732
84,397.2,192.6,267.0,19.67,1.846
84,397.2,192.1,267.0,19.67,1.846
84,397.2,194.6,267.0,19.67,1.846
84,397.2,194.2,267.0,19.67,1.846
84,397.2,193.7,267.0,19.67,1.846
84,397.2,193.3,267.0,19.67,1.846
84,397.2,192.9,267.0,19.67,1.846
84,397.2,192.4,267.0,19.67,1.846
84,397.2,192.0,267.0,19.35,1.846
84,397.2,191.5,267.0,19.35,1.732
84,397.2,191.1,267.0,19.35,1.732
84,397.2,190.6,267.0,19.35,1.732
84,397.2,193.1,267.0,19.67,1.732
84,397.2,192.7,267.0,19.67,1.846
84,397.2,192.2,267.0,19.67,1.846
84,397.2,191.8,267.0,19.35,1.846
84,397.2,191.4,267.0,19.35,1.732
84,397.2,190.9,267.0,19.35,1.732
84,397.2,190.5,267.0,19.35,1.732
84,397.2,193.0,267.0,19.67,1.732
84,397.2,192.5,267.0,19.67,1.846
84,397.2,192.1,267.0,19.67,1.846
84,397.2,194.6,267.0,19.67,1.846
84,397.2,194.2,267.0,19.67,1.846
84,397.2,193.7,267.0,19.67,1.846
84,397.2,193.3,267.0,19.67,1.846
84,397.2,192.8,267.0,19.67,1.846
84,397.2,192.4,267.0,19.67,1.846
84,397.2,191.9,267.0,19.35,1.846
84,397.2,191.5,267.0,19.35,1.732
84,397.2,191.1,267.0,19.35,1.732
84,397.2,190.6,267.0,19.35,1.732
84,397.2,193.1,267.0,19.67,1.732
84,397.2,192.7,267.0,19.67,1.846
84,397.2,192.2,267.0,19.67,1.846
84,397.2,194.7,267.0,19.67,1.846
84,397.2,194.3,267.0,19.67,1.846
84,397.2,193.8,267.0,19.67,1.846
84,397.2,193.4,267.0,19.67,1.846
84,397.2,192.9,267.0,19.67,1.846
84,397.2,192.5,267.0,19.67,1.846
84,397.2,192.1,267.0,19.67,1.846
84,397.2,194.6,267.0,19.67,1.846
84,397.2,194.1,267.0,19.67,1.846
84,397.2,193.7,267.0,19.67,1.846
84,397.2,193.2,267.0,19.67,1.846
84,397.2,192.8,267.0,19.67,1.846
84,397.2,192.3,267.0,19.67,1.846
84,397.2,191.9,267.0,19.35,1.846
84,397.2,191.5,267.0,19.35,1.732
84,397.2,191.0,267.0,19.35,1.732
84,397.2,190.6,267.0,19.35,1.732
84,397.2,193.1,267.0,19.67,1.732
84,397.2,192.6,267.0,19.67,1.846
84,397.2,192.2,267.0,19.67,1.846
84,397.2,194.7,267.0,19.67,1.846
84,397.2,194.2,267.0,19.67,1.846
84,397.2,193.8,267.0,19.67,1.846
84,397.2,193.4,267.0,19.67,1.846
84,397.2,192.9,267.0,19.67,1.846
84,397.2,192.5,267.0,19.67,1.846
84,397.2,192.0,267.0,19.67,1.846
84,397.2,194.5,267.0,19.67,1.846
84,397.2,194.1,267.0,19.67,1.846
84,397.2,193.7,267.0,19.67,1.846
84,397.2,193.2,267.0,19.67,1.846
84,397.2,192.8,267.0,19.67,1.846
90,369.0,192.3,264.5,18.19,0.863
90,374.1,191.8,267.0,19.89,0.831
90,379.1,191.3,267.0,19.89,1.252
90,384.1,190.9,267.0,19.60,1.252
90,387.0,190.4,267.0,19.60,1.623
90,389.9,192.8,267.0,19.56,1.623
90,392.8,192.3,267.0,19.56,1.704
90,395.7,191.9,267.0,19.60,1.704
90,395.7,191.4,267.0,19.60,1.623
90,395.7,191.0,267.0,19.60,1.623
90,395.7,190.5,267.0,19.60,1.623
90,395.7,193.0,267.0,19.56,1.623
90,395.7,192.6,267.0,19.56,1.704
90,395.7,192.2,267.0,19.56,1.704
90,395.7,194.7,267.0,19.56,1.704
90,395.7,194.2,267.0,19.56,1.704
90,395.7,193.8,267.0,19.56,1.704
90,395.7,193.3,267.0,19.56,1.704
90,395.7,192.9,267.0,19.56,1.704
90,395.7,192.4,267.0,19.56,1.704
90,395.7,192.0,267.0,19.56,1.704
90,395.7,191.6,267.0,19.60,1.623
90,395.7,191.1,267.0,19.60,1.623
90,395.7,190.7,267.0,19.60,1.623
90,395.7,193.2,267.0,19.56,1.623
90,395.7,192.7,267.0,19.56,1.704
90,395.7,192.3,267.0,19.56,1.704
90,395.7,191.8,267.0,19.60,1.704
90,395.7,191.4,267.0,19.60,1.623
90,395.7,191.0,267.0,19.60,1.623
90,395.7,190.5,267.0,19.60,1.623
90,395.7,193.0,267.0,19.56,1.623
90,395.7,192.6,267.0,19.56,1.704
90,395.7,192.1,267.0,19.56,1.704
90,395.7,194.6,267.0,19.56,1.704
90,395.7,194.2,267.0,19.56,1.704
90,395.7,193.7,267.0,19.56,1.704
90,395.7,193.3,267.0,19.56,1.704
90,395.7,192.9,267.0,19.56,1.704
90,395.7,192.4,267.0,19.56,1.704
90,395.7,192.0,267.0,19.60,1.704
90,395.7,191.5,267.0,19.60,1.623
90,395.7,191.1,267.0,19.60,1.623
90,395.7,190.6,267.0,19.60,1.623
90,395.7,193.1,267.0,19.56,1.623
90,395.7,192.7,267.0,19.56,1.704
90,395.7,192.3,267.0,19.56,1.704
90,395.7,191.8,267.0,19.60,1.704
90,395.7,191.4,267.0,19.60,1.623
90,395.7,190.9,267.0,19.60,1.623
90,395.7,190.5,267.0,19.60,1.623
90,395.7,193.0,267.0,19.56,1.623
90,395.7,192.5,267.0,19.56,1.704
90,395.7,192.1,267.0,19.56,1.704
90,395.7,194.6,267.0,19.56,1.704
90,395.7,194.2,267.0,19.56,1.704
90,395.7,193.7,267.0,19.56,1.704
90,395.7,193.3,267.0,19.56,1.704
90,395.7,192.8,267.0,19.56,1.704
90,395.7,192.4,267.0,19.56,1.704
90,395.7,191.9,267.0,19.60,1.704
90,395.7,191.5,267.0,19.60,1.623
90,395.7,191.1,267.0,19.60,1.623
90,395.7,190.6,267.0,19.60,1.623
90,395.7,193.1,267.0,19.56,1.623
90,395.7,192.7,267.0,19.56,1.704
90,395.7,192.2,267.0,19.56,1.704
90,395.7,194.7,267.0,19.56,1.704
90,395.7,194.3,267.0,19.56,1.704
90,395.7,193.8,267.0,19.56,1.704
90,395.7,193.4,267.0,19.56,1.704
90,395.7,193.0,267.0,19.56,1.704
90,395.7,192.5,267.0,19.56,1.704
90,395.7,192.1,267.0,19.56,1.704
90,395.7,194.6,267.0,19.56,1.704
90,395.7,194.1,267.0,19.56,1.704
90,395.7,193.7,267.0,19.56,1.704
90,395.7,193.2,267.0,19.56,1.704
90,395.7,192.8,267.0,19.56,1.704
90,395.7,192.4,267.0,19.56,1.704
90,395.7,191.9,267.0,19.60,1.704
90,395.7,191.5,267.0,19.60,1.623
90,395.7,191.0,267.0,19.60,1.623
90,395.7,190.6,267.0,19.60,1.623
90,395.7,193.1,267.0,19.56,1.623
90,395.7,192.7,267.0,19.56,1.704
90,395.7,192.2,267.0,19.56,1.704
90,395.7,194.7,267.0,19.56,1.704
90,395.7,194.3,267.0,19.56,1.704
90,395.7,193.8,267.0,19.56,1.704
90,395.7,193.4,267.0,19.56,1.704
90,395.7,192.9,267.0,19.56,1.704
90,395.7,192.5,267.0,19.56,1.704
90,395.7,192.1,267.0,19.56,1.704
90,395.7,194.6,267.0,19.56,1.704
90,395.7,194.1,267.0,19.56,1.704
90,395.7,193.7,267.0,19.56,1.704
90,395.7,193.2,267.0,19.56,1.704
90,395.7,192.8,267.0,19.56,1.704
90,395.7,192.3,267.0,19.56,1.704
90,395.7,191.9,267.0,19.60,1.704
90,395.7,191.5,267.0,19.60,1.623
90,395.7,191.0,267.0,19.60,1.623
90,395.7,190.6,267.0,19.60,1.623
90,395.7,193.1,267.0,19.56,1.623
90,395.7,192.6,267.0,19.56,1.704
90,395.7,192.2,267.0,19.56,1.704
90,395.7,194.7,267.0,19.56,1.704
90,395.7,194.2,267.0,19.56,1.704
90,395.7,193.8,267.0,19.56,1.704
90,395.7,193.3,267.0,19.56,1.704
90,395.7,192.9,267.0,19.56,1.704
90,395.7,192.5,267.0,19.56,1.704
90,395.7,192.0,267.0,19.56,1.704
90,395.7,194.5,267.0,19.56,1.704
90,395.7,194.1,267.0,19.56,1.704
90,395.7,193.6,267.0,19.56,1.704
90,395.7,193.2,267.0,19.56,1.704
90,395.7,192.8,267.0,19.56,1.704
90,395.7,192.3,267.0,19.56,1.704
90,395.7,191.9,267.0,19.60,1.704
90,395.7,191.4,267.0,19.60,1.623
90,395.7,191.0,267.0,19.60,1.623
90,395.7,190.5,267.0,19.60,1.623
90,395.7,193.0,267.0,19.56,1.623
90,395.7,192.6,267.0,19.56,1.704
90,395.7,192.2,267.0,19.56,1.704
90,395.7,194.6,267.0,19.56,1.704
90,395.7,194.2,267.0,19.56,1.704
90,395.7,193.8,267.0,19.56,1.704
90,395.7,193.3,267.0,19.56,1.704
90,395.7,192.9,267.0,19.56,1.704
90,395.7,192.4,267.0,19.56,1.704
90,395.7,192.0,267.0,19.60,1.704
90,395.7,191.6,267.0,19.60,1.623
90,395.7,191.1,267.0,19.60,1.623
90,395.7,190.7,267.0,19.60,1.623
90,395.7,193.2,267.0,19.56,1.623
90,395.7,192.7,267.0,19.56,1.704
90,395.7,192.3,267.0,19.56,1.704
90,395.7,191.8,267.0,19.60,1.704
90,395.7,191.4,267.0,19.60,1.623
90,395.7,190.9,267.0,19.60,1.623
90,395.7,190.5,267.0,19.60,1.623
90,395.7,193.0,267.0,19.56,1.623
90,395.7,192.6,267.0,19.56,1.704
90,395.7,192.1,267.0,19.56,1.704
90,395.7,194.6,267.0,19.56,1.704
90,395.7,194.2,267.0,19.56,1.704
90,395.7,193.7,267.0,19.56,1.704
90,395.7,193.3,267.0,19.56,1.704
90,395.7,192.9,267.0,19.56,1.704
90,395.7,192.4,267.0,19.56,1.704
90,395.7,192.0,267.0,19.60,1.704
90,395.7,191.5,267.0,19.60,1.623
90,395.7,191.1,267.0,19.60,1.623
90,395.7,190.6,267.0,19.60,1.623
90,395.7,193.1,267.0,19.56,1.623
90,395.7,192.7,267.0,19.56,1.704
90,395.7,192.2,267.0,19.56,1.704
96,436.0,231.5,262.5,22.09,0.791
96,432.3,228.9,260.0,22.09,0.643
96,426.7,225.1,260.2,20.35,0.643
96,421.1,221.2,260.3,20.35,0.849
96,418.7,216.3,266.3,19.57,0.849
96,415.8,213.0,267.0,19.69,1.248
96,412.9,209.8,267.0,19.69,1.592
96,410.0,206.6,267.0,19.69,1.592
96,407.1,203.4,267.0,19.67,1.592
96,407.1,203.0,267.0,19.67,1.846
96,407.1,202.5,267.0,19.67,1.846
96,407.1,202.1,267.0,19.67,1.846
96,407.1,201.6,267.0,19.67,1.846
96,407.1,201.2,267.0,19.67,1.846
96,407.1,200.7,267.0,19.67,1.846
96,407.1,200.3,267.0,19.67,1.846
96,407.1,199.8,267.0,19.67,1.846
96,407.1,199.4,267.0,19.67,1.846
96,407.1,199.0,267.0,19.67,1.846
96,407.1,198.5,267.0,19.67,1.846
96,407.1,198.1,267.0,19.67,1.846
96,407.1,197.6,267.0,19.67,1.846
96,407.1,197.2,267.0,19.67,1.846
96,407.1,196.7,267.0,19.67,1.846
96,407.1,196.3,267.0,19.67,1.846
96,407.1,195.9,267.0,19.67,1.846
96,407.1,195.4,267.0,19.67,1.846
96,407.1,195.0,267.0,19.67,1.846
96,407.1,194.5,267.0,19.67,1.846
96,407.1,194.1,267.0,19.67,1.846
96,407.1,193.6,267.0,19.67,1.846
96,407.1,193.2,267.0,19.67,1.846
96,407.1,192.8,267.0,19.67,1.846
96,407.1,192.3,267.0,19.67,1.846
96,407.1,191.9,267.0,19.35,1.846
96,407.1,191.4,267.0,19.35,1.732
96,407.1,191.0,267.0,19.35,1.732
96,407.1,190.5,267.0,19.35,1.732
96,407.1,193.0,267.0,19.67,1.732
96,407.1,192.6,267.0,19.67,1.846
96,407.1,192.2,267.0,19.67,1.846
96,407.1,194.7,267.0,19.67,1.846
96,407.1,194.2,267.0,19.67,1.846
96,407.1,193.8,267.0,19.67,1.846
96,407.1,193.3,267.0,19.67,1.846
96,407.1,192.9,267.0,19.67,1.846
96,407.1,192.4,267.0,19.67,1.846
96,407.1,192.0,267.0,19.67,1.846
96,407.1,191.6,267.0,19.35,1.732
96,407.1,191.1,267.0,19.35,1.732
96,407.1,190.7,267.0,19.35,1.732
96,407.1,193.2,267.0,19.67,1.732
96,407.1,192.7,267.0,19.67,1.846
96,407.1,192.3,267.0,19.67,1.846
96,407.1,191.8,267.0,19.35,1.846
96,407.1,191.4,267.0,19.35,1.732
96,407.1,191.0,267.0,19.35,1.732
96,407.1,190.5,267.0,19.35,1.732
96,407.1,193.0,267.0,19.67,1.732
96,407.1,192.6,267.0,19.67,1.846
96,407.1,192.1,267.0,19.67,1.846
96,407.1,194.6,267.0,19.67,1.846
96,407.1,194.2,267.0,19.67,1.846
96,407.1,193.7,267.0,19.67,1.846
96,407.1,193.3,267.0,19.67,1.846
96,407.1,192.9,267.0,19.67,1.846
96,407.1,192.4,267.0,19.67,1.846
96,407.1,192.0,267.0,19.35,1.846
96,407.1,191.5,267.0,19.35,1.732
96,407.1,191.1,267.0,19.35,1.732
96,407.1,190.6,267.0,19.35,1.732
96,407.1,193.1,267.0,19.67,1.732
96,407.1,192.7,267.0,19.67,1.846
96,407.1,192.3,267.0,19.67,1.846
96,407.1,191.8,267.0,19.35,1.846
96,407.1,191.4,267.0,19.35,1.732
96,407.1,190.9,267.0,19.35,1.732
96,407.1,190.5,267.0,19.35,1.732
96,407.1,193.0,267.0,19.67,1.732
96,407.1,192.5,267.0,19.67,1.846
96,407.1,192.1,267.0,19.67,1.846
96,407.1,194.6,267.0,19.67,1.846
96,407.1,194.2,267.0,19.67,1.846
96,407.1,193.7,267.0,19.67,1.846
96,407.1,193.3,267.0,19.67,1.846
96,407.1,192.8,267.0,19.67,1.846
96,407.1,192.4,267.0,19.67,1.846
96,407.1,191.9,267.0,19.35,1.846
96,407.1,191.5,267.0,19.35,1.732
96,407.1,191.1,267.0,19.35,1.732
96,407.1,190.6,267.0,19.35,1.732
96,407.1,193.1,267.0,19.67,1.732
96,407.1,192.7,267.0,19.67,1.846
96,407.1,192.2,267.0,19.67,1.846
96,407.1,191.8,267.0,19.35,1.846
96,407.1,191.3,267.0,19.35,1.732
96,407.1,190.9,267.0,19.35,1.732
96,407.1,190.5,267.0,19.35,1.732
96,407.1,193.0,267.0,19.67,1.732
96,407.1,192.5,267.0,19.67,1.846
96,407.1,192.1,267.0,19.67,1.846
96,407.1,194.6,267.0,19.67,1.846
96,407.1,194.1,267.0,19.67,1.846
96,407.1,193.7,267.0,19.67,1.846
96,407.1,193.2,267.0,19.67,1.846
96,407.1,192.8,267.0,19.67,1.846
96,407.1,192.4,267.0,19.67,1.846
96,407.1,191.9,267.0,19.35,1.846
96,407.1,191.5,267.0,19.35,1.732
96,407.1,191.0,267.0,19.35,1.732
96,407.1,190.6,267.0,19.35,1.732
96,407.1,193.1,267.0,19.67,1.732
96,407.1,192.7,267.0,19.67,1.846
96,407.1,192.2,267.0,19.67,1.846
96,407.1,194.7,267.0,19.67,1.846
96,407.1,194.3,267.0,19.67,1.846
96,407.1,193.8,267.0,19.67,1.846
96,407.1,193.4,267.0,19.67,1.846
96,407.1,192.9,267.0,19.67,1.846
96,407.1,192.5,267.0,19.67,1.846
96,407.1,192.1,267.0,19.67,1.846
96,407.1,194.6,267.0,19.67,1.846
96,407.1,194.1,267.0,19.67,1.846
96,407.1,193.7,267.0,19.67,1.846
96,407.1,193.2,267.0,19.67,1.846
96,407.1,192.8,267.0,19.67,1.846
96,407.1,192.3,267.0,19.67,1.846
96,407.1,191.9,267.0,19.35,1.846
96,407.1,191.5,267.0,19.35,1.732
96,407.1,191.0,267.0,19.35,1.732
96,407.1,190.6,267.0,19.35,1.732
96,407.1,193.1,267.0,19.67,1.732
96,407.1,192.6,267.0,19.67,1.846
96,407.1,192.2,267.0,19.67,1.846
96,407.1,194.7,267.0,19.67,1.846
96,407.1,194.2,267.0,19.67,1.846
96,407.1,193.8,267.0,19.67,1.846
96,407.1,193.3,267.0,19.67,1.846
96,407.1,192.9,267.0,19.67,1.846
96,407.1,192.5,267.0,19.67,1.846
96,407.1,192.0,267.0,19.67,1.846
96,407.1,194.5,267.0,19.67,1.846
96,407.1,194.1,267.0,19.67,1.846
96,407.1,193.6,267.0,19.67,1.846
96,407.1,193.2,267.0,19.67,1.846
96,407.1,192.8,267.0,19.67,1.846
96,407.1,192.3,267.0,19.67,1.846
96,407.1,191.9,267.0,19.35,1.846
96,407.1,191.4,267.0,19.35,1.732
96,407.1,191.0,267.0,19.35,1.732
96,407.1,190.5,267.0,19.35,1.732
96,407.1,193.0,267.0,19.67,1.732
96,407.1,192.6,267.0,19.67,1.846
96,407.1,192.2,267.0,19.67,1.846
96,407.1,194.6,267.0,19.67,1.846
96,407.1,194.2,267.0,19.67,1.846
96,407.1,193.8,267.0,19.67,1.846
96,407.1,193.3,267.0,19.67,1.846
96,407.1,192.9,267.0,19.67,1.846
96,407.1,192.4,267.0,19.67,1.846
102,360.1,227.3,259.9,19.83,0.488
102,365.7,223.5,260.0,19.83,0.849
102,371.3,219.6,260.2,19.83,0.849
102,375.6,215.0,264.8,19.64,0.849
102,380.6,211.9,267.0,19.64,1.261
102,385.6,208.7,267.0,19.69,1.261
102,388.5,205.5,267.0,19.69,1.592
102,391.4,205.0,267.0,19.69,1.592
102,394.4,204.5,267.0,19.69,1.592
102,397.3,204.0,267.0,19.58,1.592
102,397.3,203.6,267.0,19.67,1.685
102,397.3,203.1,267.0,19.67,1.846
102,397.3,202.7,267.0,19.67,1.846
102,397.3,202.3,267.0,19.67,1.846
102,397.3,201.8,267.0,19.67,1.846
102,397.3,201.4,267.0,19.67,1.846
102,397.3,200.9,267.0,19.67,1.846
102,397.3,200.5,267.0,19.67,1.846
102,397.3,200.1,267.0,19.67,1.846
102,397.3,199.6,267.0,19.67,1.846
102,397.3,199.2,267.0,19.67,1.846
102,397.3,198.7,267.0,19.67,1.846
102,397.3,198.3,267.0,19.67,1.846
102,397.3,197.8,267.0,19.67,1.846
102,397.3,197.4,267.0,19.67,1.846
102,397.3,196.9,267.0,19.67,1.846
102,397.3,196.5,267.0,19.67,1.846
102,397.3,196.1,267.0,19.67,1.846
102,397.3,195.6,267.0,19.67,1.846
102,397.3,195.2,267.0,19.67,1.846
102,397.3,194.7,267.0,19.67,1.846
102,397.3,194.3,267.0,19.67,1.846
102,397.3,193.8,267.0,19.67,1.846
102,397.3,193.4,267.0,19.67,1.846
102,397.3,193.0,267.0,19.67,1.846
102,397.3,192.5,267.0,19.67,1.846
102,397.3,192.1,267.0,19.67,1.846
102,397.3,194.6,267.0,19.67,1.846
102,397.3,194.1,267.0,19.67,1.846
102,397.3,193.7,267.0,19.67,1.846
102,397.3,193.2,267.0,19.67,1.846
102,397.3,192.8,267.0,19.67,1.846
102,397.3,192.4,267.0,19.67,1.846
102,397.3,191.9,267.0,19.35,1.846
102,397.3,191.5,267.0,19.35,1.732
102,397.3,191.0,267.0,19.35,1.732
102,397.3,190.6,267.0,19.35,1.732
102,397.3,193.1,267.0,19.67,1.732
102,397.3,192.7,267.0,19.67,1.846
102,397.3,192.2,267.0,19.67,1.846
102,397.3,194.7,267.0,19.67,1.846
102,397.3,194.3,267.0,19.67,1.846
102,397.3,193.8,267.0,19.67,1.846
102,397.3,193.4,267.0,19.67,1.846
102,397.3,192.9,267.0,19.67,1.846
102,397.3,192.5,267.0,19.67,1.846
102,397.3,192.1,267.0,19.67,1.846
102,397.3,194.6,267.0,19.67,1.846
102,397.3,194.1,267.0,19.67,1.846
102,397.3,193.7,267.0,19.67,1.846
102,397.3,193.2,267.0,19.67,1.846
102,397.3,192.8,267.0,19.67,1.846
102,397.3,192.3,267.0,19.67,1.846
102,397.3,191.9,267.0,19.35,1.846
102,397.3,191.5,267.0,19.35,1.732
102,397.3,191.0,267.0,19.35,1.732
102,397.3,190.6,267.0,19.35,1.732
102,397.3,193.1,267.0,19.67,1.732
102,397.3,192.6,267.0,19.67,1.846
102,397.3,192.2,267.0,19.67,1.846
102,397.3,194.7,267.0,19.67,1.846
102,397.3,194.2,267.0,19.67,1.846
102,397.3,193.8,267.0,19.67,1.846
102,397.3,193.3,267.0,19.67,1.846
102,397.3,192.9,267.0,19.67,1.846
102,397.3,192.5,267.0,19.67,1.846
102,397.3,192.0,267.0,19.67,1.846
102,397.3,194.5,267.0,19.67,1.846
102,397.3,194.1,267.0,19.67,1.846
102,397.3,193.6,267.0,19.67,1.846
102,397.3,193.2,267.0,19.67,1.846
102,397.3,192.8,267.0,19.67,1.846
102,397.3,192.3,267.0,19.67,1.846
102,397.3,191.9,267.0,19.35,1.846
102,397.3,191.4,267.0,19.35,1.732
102,397.3,191.0,267.0,19.35,1.732
102,397.3,190.5,267.0,19.35,1.732
102,397.3,193.0,267.0,19.67,1.732
102,397.3,192.6,267.0,19.67,1.846
102,397.3,192.2,267.0,19.67,1.846
102,397.3,194.6,267.0,19.67,1.846
102,397.3,194.2,267.0,19.67,1.846
102,397.3,193.8,267.0,19.67,1.846
102,397.3,193.3,267.0,19.67,1.846
102,397.3,192.9,267.0,19.67,1.846
102,397.3,192.4,267.0,19.67,1.846
102,397.3,192.0,267.0,19.35,1.846
102,397.3,191.6,267.0,19.35,1.732
102,397.3,191.1,267.0,19.35,1.732
102,397.3,190.7,267.0,19.35,1.732
102,397.3,193.2,267.0,19.67,1.732
102,397.3,192.7,267.0,19.67,1.846
102,397.3,192.3,267.0,19.67,1.846
102,397.3,191.8,267.0,19.35,1.846
102,397.3,191.4,267.0,19.35,1.732
102,397.3,190.9,267.0,19.35,1.732
102,397.3,190.5,267.0,19.35,1.732
102,397.3,193.0,267.0,19.67,1.732
102,397.3,192.6,267.0,19.67,1.846
102,397.3,192.1,267.0,19.67,1.846
102,397.3,194.6,267.0,19.67,1.846
102,397.3,194.2,267.0,19.67,1.846
102,397.3,193.7,267.0,19.67,1.846
102,397.3,193.3,267.0,19.67,1.846
102,397.3,192.9,267.0,19.67,1.846
102,397.3,192.4,267.0,19.67,1.846
102,397.3,192.0,267.0,19.35,1.846
102,397.3,191.5,267.0,19.35,1.732
102,397.3,191.1,267.0,19.35,1.732
102,397.3,190.6,267.0,19.35,1.732
102,397.3,193.1,267.0,19.67,1.732
102,397.3,192.7,267.0,19.67,1.846
102,397.3,192.2,267.0,19.67,1.846
102,397.3,191.8,267.0,19.35,1.846
102,397.3,191.4,267.0,19.35,1.732
102,397.3,190.9,267.0,19.35,1.732
102,397.3,190.5,267.0,19.35,1.732
102,397.3,193.0,267.0,19.67,1.732
102,397.3,192.5,267.0,19.67,1.846
102,397.3,192.1,267.0,19.67,1.846
102,397.3,194.6,267.0,19.67,1.846
102,397.3,194.2,267.0,19.67,1.846
102,397.3,193.7,267.0,19.67,1.846
102,397.3,193.3,267.0,19.67,1.846
102,397.3,192.8,267.0,19.67,1.846
102,397.3,192.4,267.0,19.67,1.846
102,397.3,191.9,267.0,19.35,1.846
102,397.3,191.5,267.0,19.35,1.732
102,397.3,191.1,267.0,19.35,1.732
102,397.3,190.6,267.0,19.35,1.732
102,397.3,193.1,267.0,19.67,1.732
102,397.3,192.7,267.0,19.67,1.846
102,397.3,192.2,267.0,19.67,1.846
102,397.3,191.8,267.0,19.35,1.846
102,397.3,191.3,267.0,19.35,1.732
102,397.3,190.9,267.0,19.35,1.732
102,397.3,190.5,267.0,19.35,1.732
102,397.3,192.9,267.0,19.67,1.732
102,397.3,192.5,267.0,19.67,1.846
102,397.3,192.1,267.0,19.67,1.846
102,397.3,194.6,267.0,19.67,1.846
102,397.3,194.1,267.0,19.67,1.846
102,397.3,193.7,267.0,19.67,1.846
102,397.3,193.2,267.0,19.67,1.846
102,397.3,192.8,267.0,19.67,1.846
102,397.3,192.3,267.0,19.67,1.846
102,397.3,191.9,267.0,19.35,1.846
102,397.3,191.5,267.0,19.35,1.732
102,397.3,191.0,267.0,19.35,1.732
102,397.3,190.6,267.0,19.35,1.732
108,387.7,167.9,257.5,18.53,1.274
108,389.8,173.8,257.4,19.18,1.107
108,391.8,179.6,257.2,19.18,0.776
108,394.5,181.8,266.6,19.60,0.776
108,394.5,184.3,267.0,19.60,1.623
108,394.5,186.8,267.0,19.60,1.623
108,394.5,189.3,267.0,19.60,1.623
108,394.5,191.8,267.0,19.60,1.623
108,394.5,191.3,267.0,19.60,1.623
108,394.5,190.9,267.0,19.60,1.623
108,394.5,190.5,267.0,19.60,1.623
108,394.5,193.0,267.0,19.56,1.623
108,394.5,192.5,267.0,19.56,1.704
108,394.5,192.1,267.0,19.56,1.704
108,394.5,194.6,267.0,19.56,1.704
108,394.5,194.1,267.0,19.56,1.704
108,394.5,193.7,267.0,19.56,1.704
108,394.5,193.3,267.0,19.56,1.704
108,394.5,192.8,267.0,19.56,1.704
108,394.5,192.4,267.0,19.56,1.704
108,394.5,191.9,267.0,19.60,1.704
108,394.5,191.5,267.0,19.60,1.623
108,394.5,191.0,267.0,19.60,1.623
108,394.5,190.6,267.0,19.60,1.623
108,394.5,193.1,267.0,19.56,1.623
108,394.5,192.7,267.0,19.56,1.704
108,394.5,192.2,267.0,19.56,1.704
108,394.5,194.7,267.0,19.56,1.704
108,394.5,194.3,267.0,19.56,1.704
108,394.5,193.8,267.0,19.56,1.704
108,394.5,193.4,267.0,19.56,1.704
108,394.5,192.9,267.0,19.56,1.704
108,394.5,192.5,267.0,19.56,1.704
108,394.5,192.1,267.0,19.56,1.704
108,394.5,194.6,267.0,19.56,1.704
108,394.5,194.1,267.0,19.56,1.704
108,394.5,193.7,267.0,19.56,1.704
108,394.5,193.2,267.0,19.56,1.704
108,394.5,192.8,267.0,19.56,1.704
108,394.5,192.3,267.0,19.56,1.704
108,394.5,191.9,267.0,19.60,1.704
108,394.5,191.5,267.0,19.60,1.623
108,394.5,191.0,267.0,19.60,1.623
108,394.5,190.6,267.0,19.60,1.623
108,394.5,193.1,267.0,19.56,1.623
108,394.5,192.6,267.0,19.56,1.704
108,394.5,192.2,267.0,19.56,1.704
108,394.5,194.7,267.0,19.56,1.704
108,394.5,194.2,267.0,19.56,1.704
108,394.5,193.8,267.0,19.56,1.704
108,394.5,193.4,267.0,19.56,1.704
108,394.5,192.9,267.0,19.56,1.704
108,394.5,192.5,267.0,19.56,1.704
108,394.5,192.0,267.0,19.56,1.704
108,394.5,194.5,267.0,19.56,1.704
108,394.5,194.1,267.0,19.56,1.704
108,394.5,193.7,267.0,19.56,1.704
108,394.5,193.2,267.0,19.56,1.704
108,394.5,192.8,267.0,19.56,1.704
108,394.5,192.3,267.0,19.56,1.704
108,394.5,191.9,267.0,19.60,1.704
108,394.5,191.4,267.0,19.60,1.623
108,394.5,191.0,267.0,19.60,1.623
108,394.5,190.5,267.0,19.60,1.623
108,394.5,193.1,267.0,19.56,1.623
108,394.5,192.6,267.0,19.56,1.704
108,394.5,192.2,267.0,19.56,1.704
108,394.5,194.7,267.0,19.56,1.704
108,394.5,194.2,267.0,19.56,1.704
108,394.5,193.8,267.0,19.56,1.704
108,394.5,193.3,267.0,19.56,1.704
108,394.5,192.9,267.0,19.56,1.704
108,394.5,192.5,267.0,19.56,1.704
108,394.5,192.0,267.0,19.56,1.704
108,394.5,194.5,267.0,19.56,1.704
108,394.5,194.1,267.0,19.56,1.704
108,394.5,193.6,267.0,19.56,1.704
108,394.5,193.2,267.0,19.56,1.704
108,394.5,192.7,267.0,19.56,1.704
108,394.5,192.3,267.0,19.56,1.704
108,394.5,191.9,267.0,19.60,1.704
108,394.5,191.4,267.0,19.60,1.623
108,394.5,191.0,267.0,19.60,1.623
108,394.5,190.5,267.0,19.60,1.623
108,394.5,193.0,267.0,19.56,1.623
108,394.5,192.6,267.0,19.56,1.704
108,394.5,192.1,267.0,19.56,1.704
108,394.5,194.6,267.0,19.56,1.704
108,394.5,194.2,267.0,19.56,1.704
108,394.5,193.8,267.0,19.56,1.704
108,394.5,193.3,267.0,19.56,1.704
108,394.5,192.9,267.0,19.56,1.704
108,394.5,192.4,267.0,19.56,1.704
108,394.5,192.0,267.0,19.60,1.704
108,394.5,191.5,267.0,19.60,1.623
108,394.5,191.1,267.0,19.60,1.623
108,394.5,190.7,267.0,19.60,1.623
108,394.5,193.2,267.0,19.56,1.623
108,394.5,192.7,267.0,19.56,1.704
108,394.5,192.3,267.0,19.56,1.704
108,394.5,191.8,267.0,19.60,1.704
108,394.5,191.4,267.0,19.60,1.623
108,394.5,190.9,267.0,19.60,1.623
108,394.5,190.5,267.0,19.60,1.623
108,394.5,193.0,267.0,19.56,1.623
108,394.5,192.6,267.0,19.56,1.704
108,394.5,192.1,267.0,19.56,1.704
108,394.5,194.6,267.0,19.56,1.704
108,394.5,194.2,267.0,19.56,1.704
108,394.5,193.7,267.0,19.56,1.704
108,394.5,193.3,267.0,19.56,1.704
108,394.5,192.8,267.0,19.56,1.704
108,394.5,192.4,267.0,19.56,1.704
108,394.5,191.9,267.0,19.60,1.704
108,394.5,191.5,267.0,19.60,1.623
108,394.5,191.1,267.0,19.60,1.623
108,394.5,190.6,267.0,19.60,1.623
108,394.5,193.1,267.0,19.56,1.623
108,394.5,192.7,267.0,19.56,1.704
108,394.5,192.2,267.0,19.56,1.704
108,394.5,194.7,267.0,19.56,1.704
108,394.5,194.3,267.0,19.56,1.704
108,394.5,193.8,267.0,19.56,1.704
108,394.5,193.4,267.0,19.56,1.704
108,394.5,193.0,267.0,19.56,1.704
108,394.5,192.5,267.0,19.56,1.704
108,394.5,192.1,267.0,19.56,1.704
108,394.5,194.6,267.0,19.56,1.704
108,394.5,194.1,267.0,19.56,1.704
108,394.5,193.7,267.0,19.56,1.704
108,394.5,193.2,267.0,19.56,1.704
108,394.5,192.8,267.0,19.56,1.704
108,394.5,192.4,267.0,19.56,1.704
108,394.5,191.9,267.0,19.60,1.704
108,394.5,191.5,267.0,19.60,1.623
108,394.5,191.0,267.0,19.60,1.623
108,394.5,190.6,267.0,19.60,1.623
108,394.5,193.1,267.0,19.56,1.623
108,394.5,192.7,267.0,19.56,1.704
108,394.5,192.2,267.0,19.56,1.704
108,394.5,194.7,267.0,19.56,1.704
108,394.5,194.3,267.0,19.56,1.704
108,394.5,193.8,267.0,19.56,1.704
108,394.5,193.4,267.0,19.56,1.704
108,394.5,192.9,267.0,19.56,1.704
108,394.5,192.5,267.0,19.56,1.704
108,394.5,192.1,267.0,19.56,1.704
108,394.5,194.6,267.0,19.56,1.704
108,394.5,194.1,267.0,19.56,1.704
108,394.5,193.7,267.0,19.56,1.704
108,394.5,193.2,267.0,19.56,1.704
108,394.5,192.8,267.0,19.56,1.704
108,394.5,192.3,267.0,19.56,1.704
108,394.5,191.9,267.0,19.60,1.704
108,394.5,191.5,267.0,19.60,1.623
108,394.5,191.0,267.0,19.60,1.623
108,394.5,190.6,267.0,19.60,1.623
108,394.5,193.1,267.0,19.56,1.623
108,394.5,192.6,267.0,19.56,1.704
108,394.5,192.2,267.0,19.56,1.704
114,360.3,181.5,260.1,19.29,0.834
114,366.5,183.0,259.6,19.29,0.800
114,372.7,184.5,259.1,19.92,0.800
114,377.5,186.4,265.3,19.89,1.008
114,382.5,188.8,267.0,19.89,1.252
114,385.4,191.2,267.0,19.60,1.252
114,388.3,190.8,267.0,19.60,1.623
114,391.2,193.2,267.0,19.56,1.623
114,394.1,192.7,267.0,19.56,1.704
114,397.0,192.2,267.0,19.67,1.704
114,397.0,191.8,267.0,19.35,1.846
114,397.0,191.4,267.0,19.35,1.732
114,397.0,190.9,267.0,19.35,1.732
114,397.0,190.5,267.0,19.35,1.732
114,397.0,193.0,267.0,19.67,1.732
114,397.0,192.5,267.0,19.67,1.846
114,397.0,192.1,267.0,19.67,1.846
114,397.0,194.6,267.0,19.67,1.846
114,397.0,194.2,267.0,19.67,1.846
114,397.0,193.7,267.0,19.67,1.846
114,397.0,193.3,267.0,19.67,1.846
114,397.0,192.8,267.0,19.67,1.846
114,397.0,192.4,267.0,19.67,1.846
114,397.0,191.9,267.0,19.35,1.846
114,397.0,191.5,267.0,19.35,1.732
114,397.0,191.0,267.0,19.35,1.732
114,397.0,190.6,267.0,19.35,1.732
114,397.0,193.1,267.0,19.67,1.732
114,397.0,192.7,267.0,19.67,1.846
114,397.0,192.2,267.0,19.67,1.846
114,397.0,194.7,267.0,19.67,1.846
114,397.0,194.3,267.0,19.67,1.846
114,397.0,193.8,267.0,19.67,1.846
114,397.0,193.4,267.0,19.67,1.846
114,397.0,192.9,267.0,19.67,1.846
114,397.0,192.5,267.0,19.67,1.846
114,397.0,192.1,267.0,19.67,1.846
114,397.0,194.6,267.0,19.67,1.846
114,397.0,194.1,267.0,19.67,1.846
114,397.0,193.7,267.0,19.67,1.846
114,397.0,193.2,267.0,19.67,1.846
114,397.0,192.8,267.0,19.67,1.846
114,397.0,192.3,267.0,19.67,1.846
114,397.0,191.9,267.0,19.35,1.846
114,397.0,191.5,267.0,19.35,1.732
114,397.0,191.0,267.0,19.35,1.732
114,397.0,190.6,267.0,19.35,1.732
114,397.0,193.1,267.0,19.67,1.732
114,397.0,192.6,267.0,19.67,1.846
114,397.0,192.2,267.0,19.67,1.846
114,397.0,194.7,267.0,19.67,1.846
114,397.0,194.2,267.0,19.67,1.846
114,397.0,193.8,267.0,19.67,1.846
114,397.0,193.4,267.0,19.67,1.846
114,397.0,192.9,267.0,19.67,1.846
114,397.0,192.5,267.0,19.67,1.846
114,397.0,192.0,267.0,19.67,1.846
114,397.0,194.5,267.0,19.67,1.846
114,397.0,194.1,267.0,19.67,1.846
114,397.0,193.7,267.0,19.67,1.846
114,397.0,193.2,267.0,19.67,1.846
114,397.0,192.8,267.0,19.67,1.846
114,397.0,192.3,267.0,19.67,1.846
114,397.0,191.9,267.0,19.35,1.846
114,397.0,191.4,267.0,19.35,1.732
114,397.0,191.0,267.0,19.35,1.732
114,397.0,190.6,267.0,19.35,1.732
114,397.0,193.1,267.0,19.67,1.732
114,397.0,192.6,267.0,19.67,1.846
114,397.0,192.2,267.0,19.67,1.846
114,397.0,194.7,267.0,19.67,1.846
114,397.0,194.2,267.0,19.67,1.846
114,397.0,193.8,267.0,19.67,1.846
114,397.0,193.3,267.0,19.67,1.846
114,397.0,192.9,267.0,19.67,1.846
114,397.0,192.5,267.0,19.67,1.846
114,397.0,192.0,267.0,19.67,1.846
114,397.0,194.5,267.0,19.67,1.846
114,397.0,194.1,267.0,19.67,1.846
114,397.0,193.6,267.0,19.67,1.846
114,397.0,193.2,267.0,19.67,1.846
114,397.0,192.7,267.0,19.67,1.846
114,397.0,192.3,267.0,19.67,1.846
114,397.0,191.9,267.0,19.35,1.846
114,397.0,191.4,267.0,19.35,1.732
114,397.0,191.0,267.0,19.35,1.732
114,397.0,190.5,267.0,19.35,1.732
114,397.0,193.0,267.0,19.67,1.732
114,397.0,192.6,267.0,19.67,1.846
114,397.0,192.1,267.0,19.67,1.846
114,397.0,194.6,267.0,19.67,1.846
114,397.0,194.2,267.0,19.67,1.846
114,397.0,193.8,267.0,19.67,1.846
114,397.0,193.3,267.0,19.67,1.846
114,397.0,192.9,267.0,19.67,1.846
114,397.0,192.4,267.0,19.67,1.846
114,397.0,192.0,267.0,19.35,1.846
114,397.0,191.5,267.0,19.35,1.732
114,397.0,191.1,267.0,19.35,1.732
114,397.0,190.7,267.0,19.35,1.732
114,397.0,193.2,267.0,19.67,1.732
114,397.0,192.7,267.0,19.67,1.846
114,397.0,192.3,267.0,19.67,1.846
114,397.0,191.8,267.0,19.35,1.846
114,397.0,191.4,267.0,19.35,1.732
114,397.0,190.9,267.0,19.35,1.732
114,397.0,190.5,267.0,19.35,1.732
114,397.0,193.0,267.0,19.67,1.732
114,397.0,192.6,267.0,19.67,1.846
114,397.0,192.1,267.0,19.67,1.846
114,397.0,194.6,267.0,19.67,1.846
114,397.0,194.2,267.0,19.67,1.846
114,397.0,193.7,267.0,19.67,1.846
114,397.0,193.3,267.0,19.67,1.846
114,397.0,192.8,267.0,19.67,1.846
114,397.0,192.4,267.0,19.67,1.846
114,397.0,191.9,267.0,19.35,1.846
114,397.0,191.5,267.0,19.35,1.732
114,397.0,191.1,267.0,19.35,1.732
114,397.0,190.6,267.0,19.35,1.732
114,397.0,193.1,267.0,19.67,1.732
114,397.0,192.7,267.0,19.67,1.846
114,397.0,192.2,267.0,19.67,1.846
114,397.0,191.8,267.0,19.35,1.846
114,397.0,191.3,267.0,19.35,1.732
114,397.0,190.9,267.0,19.35,1.732
114,397.0,190.5,267.0,19.35,1.732
114,397.0,193.0,267.0,19.67,1.732
114,397.0,192.5,267.0,19.67,1.846
114,397.0,192.1,267.0,19.67,1.846
114,397.0,194.6,267.0,19.67,1.846
114,397.0,194.1,267.0,19.67,1.846
114,397.0,193.7,267.0,19.67,1.846
114,397.0,193.2,267.0,19.67,1.846
114,397.0,192.8,267.0,19.67,1.846
114,397.0,192.4,267.0,19.67,1.846
114,397.0,191.9,267.0,19.35,1.846
114,397.0,191.5,267.0,19.35,1.732
114,397.0,191.0,267.0,19.35,1.732
114,397.0,190.6,267.0,19.35,1.732
114,397.0,193.1,267.0,19.67,1.732
114,397.0,192.7,267.0,19.67,1.846
114,397.0,192.2,267.0,19.67,1.846
114,397.0,194.7,267.0,19.67,1.846
114,397.0,194.3,267.0,19.67,1.846
114,397.0,193.8,267.0,19.67,1.846
114,397.0,193.4,267.0,19.67,1.846
114,397.0,192.9,267.0,19.67,1.846
114,397.0,192.5,267.0,19.67,1.846
114,397.0,192.1,267.0,19.67,1.846
114,397.0,194.6,267.0,19.67,1.846
114,397.0,194.1,267.0,19.67,1.846
114,397.0,193.7,267.0,19.67,1.846
114,397.0,193.2,267.0,19.67,1.846
114,397.0,192.8,267.0,19.67,1.846
114,397.0,192.3,267.0,19.67,1.846
114,397.0,191.9,267.0,19.35,1.846
114,397.0,191.5,267.0,19.35,1.732
114,397.0,191.0,267.0,19.35,1.732
114,397.0,190.6,267.0,19.35,1.732
120,437.8,193.1,257.5,18.46,1.304
120,432.7,192.9,250.0,19.89,1.129
120,427.4,192.4,248.6,19.70,0.879
120,422.1,192.0,247.3,19.70,0.689
120,419.9,193.6,251.8,19.96,0.689
120,417.6,193.1,256.7,19.63,0.689
120,414.8,192.7,266.8,19.56,1.310
120,411.9,192.2,267.0,19.56,1.704
120,409.0,194.6,267.0,19.56,1.704
120,409.0,194.2,267.0,19.56,1.704
120,409.0,193.7,267.0,19.56,1.704
120,409.0,193.3,267.0,19.56,1.704
120,409.0,192.9,267.0,19.56,1.704
120,409.0,192.4,267.0,19.56,1.704
120,409.0,192.0,267.0,19.60,1.704
120,409.0,191.5,267.0,19.60,1.623
120,409.0,191.1,267.0,19.60,1.623
120,409.0,190.6,267.0,19.60,1.623
120,409.0,193.1,267.0,19.56,1.623
120,409.0,192.7,267.0,19.56,1.704
120,409.0,192.2,267.0,19.56,1.704
120,409.0,191.8,267.0,19.60,1.704
120,409.0,191.4,267.0,19.60,1.623
120,409.0,190.9,267.0,19.60,1.623
120,409.0,190.5,267.0,19.60,1.623
120,409.0,193.0,267.0,19.56,1.623
120,409.0,192.5,267.0,19.56,1.704
120,409.0,192.1,267.0,19.56,1.704
120,409.0,194.6,267.0,19.56,1.704
120,409.0,194.2,267.0,19.56,1.704
120,409.0,193.7,267.0,19.56,1.704
120,409.0,193.3,267.0,19.56,1.704
120,409.0,192.8,267.0,19.56,1.704
120,409.0,192.4,267.0,19.56,1.704
120,409.0,191.9,267.0,19.60,1.704
120,409.0,191.5,267.0,19.60,1.623
120,409.0,191.1,267.0,19.60,1.623
120,409.0,190.6,267.0,19.60,1.623
120,409.0,193.1,267.0,19.56,1.623
120,409.0,192.7,267.0,19.56,1.704
120,409.0,192.2,267.0,19.56,1.704
120,409.0,194.7,267.0,19.56,1.704
120,409.0,194.3,267.0,19.56,1.704
120,409.0,193.8,267.0,19.56,1.704
120,409.0,193.4,267.0,19.56,1.704
120,409.0,192.9,267.0,19.56,1.704
120,409.0,192.5,267.0,19.56,1.704
120,409.0,192.1,267.0,19.56,1.704
120,409.0,194.6,267.0,19.56,1.704
120,409.0,194.1,267.0,19.56,1.704
120,409.0,193.7,267.0,19.56,1.704
120,409.0,193.2,267.0,19.56,1.704
120,409.0,192.8,267.0,19.56,1.704
120,409.0,192.3,267.0,19.56,1.704
120,409.0,191.9,267.0,19.60,1.704
120,409.0,191.5,267.0,19.60,1.623
120,409.0,191.0,267.0,19.60,1.623
120,409.0,190.6,267.0,19.60,1.623
120,409.0,193.1,267.0,19.56,1.623
120,409.0,192.6,267.0,19.56,1.704
120,409.0,192.2,267.0,19.56,1.704
120,409.0,194.7,267.0,19.56,1.704
120,409.0,194.3,267.0,19.56,1.704
120,409.0,193.8,267.0,19.56,1.704
120,409.0,193.4,267.0,19.56,1.704
120,409.0,192.9,267.0,19.56,1.704
120,409.0,192.5,267.0,19.56,1.704
120,409.0,192.0,267.0,19.56,1.704
120,409.0,194.5,267.0,19.56,1.704
120,409.0,194.1,267.0,19.56,1.704
120,409.0,193.7,267.0,19.56,1.704
120,409.0,193.2,267.0,19.56,1.704
120,409.0,192.8,267.0,19.56,1.704
120,409.0,192.3,267.0,19.56,1.704
120,409.0,191.9,267.0,19.60,1.704
120,409.0,191.4,267.0,19.60,1.623
120,409.0,191.0,267.0,19.60,1.623
120,409.0,190.6,267.0,19.60,1.623
120,409.0,193.1,267.0,19.56,1.623
120,409.0,192.6,267.0,19.56,1.704
120,409.0,192.2,267.0,19.56,1.704
120,409.0,194.7,267.0,19.56,1.704
120,409.0,194.2,267.0,19.56,1.704
120,409.0,193.8,267.0,19.56,1.704
120,409.0,193.3,267.0,19.56,1.704
120,409.0,192.9,267.0,19.56,1.704
120,409.0,192.5,267.0,19.56,1.704
120,409.0,192.0,267.0,19.56,1.704
120,409.0,194.5,267.0,19.56,1.704
120,409.0,194.1,267.0,19.56,1.704
120,409.0,193.6,267.0,19.56,1.704
120,409.0,193.2,267.0,19.56,1.704
120,409.0,192.7,267.0,19.56,1.704
120,409.0,192.3,267.0,19.56,1.704
120,409.0,191.9,267.0,19.60,1.704
120,409.0,191.4,267.0,19.60,1.623
120,409.0,191.0,267.0,19.60,1.623
120,409.0,190.5,267.0,19.60,1.623
120,409.0,193.0,267.0,19.56,1.623
120,409.0,192.6,267.0,19.56,1.704
120,409.0,192.1,267.0,19.56,1.704
120,409.0,194.6,267.0,19.56,1.704
120,409.0,194.2,267.0,19.56,1.704
120,409.0,193.8,267.0,19.56,1.704
120,409.0,193.3,267.0,19.56,1.704
120,409.0,192.9,267.0,19.56,1.704
120,409.0,192.4,267.0,19.56,1.704
120,409.0,192.0,267.0,19.60,1.704
120,409.0,191.5,267.0,19.60,1.623
120,409.0,191.1,267.0,19.60,1.623
120,409.0,190.7,267.0,19.60,1.623
120,409.0,193.2,267.0,19.56,1.623
120,409.0,192.7,267.0,19.56,1.704
120,409.0,192.3,267.0,19.56,1.704
120,409.0,191.8,267.0,19.60,1.704
120,409.0,191.4,267.0,19.60,1.623
120,409.0,190.9,267.0,19.60,1.623
120,409.0,190.5,267.0,19.60,1.623
120,409.0,193.0,267.0,19.56,1.623
120,409.0,192.6,267.0,19.56,1.704
120,409.0,192.1,267.0,19.56,1.704
120,409.0,194.6,267.0,19.56,1.704
120,409.0,194.2,267.0,19.56,1.704
120,409.0,193.7,267.0,19.56,1.704
120,409.0,193.3,267.0,19.56,1.704
120,409.0,192.8,267.0,19.56,1.704
120,409.0,192.4,267.0,19.56,1.704
120,409.0,192.0,267.0,19.60,1.704
120,409.0,191.5,267.0,19.60,1.623
120,409.0,191.1,267.0,19.60,1.623
120,409.0,190.6,267.0,19.60,1.623
120,409.0,193.1,267.0,19.56,1.623
120,409.0,192.7,267.0,19.56,1.704
120,409.0,192.2,267.0,19.56,1.704
120,409.0,191.8,267.0,19.60,1.704
120,409.0,191.4,267.0,19.60,1.623
120,409.0,190.9,267.0,19.60,1.623
120,409.0,190.5,267.0,19.60,1.623
120,409.0,193.0,267.0,19.56,1.623
120,409.0,192.5,267.0,19.56,1.704
120,409.0,192.1,267.0,19.56,1.704
120,409.0,194.6,267.0,19.56,1.704
120,409.0,194.2,267.0,19.56,1.704
120,409.0,193.7,267.0,19.56,1.704
120,409.0,193.3,267.0,19.56,1.704
120,409.0,192.8,267.0,19.56,1.704
120,409.0,192.4,267.0,19.56,1.704
120,409.0,191.9,267.0,19.60,1.704
120,409.0,191.5,267.0,19.60,1.623
120,409.0,191.0,267.0,19.60,1.623
120,409.0,190.6,267.0,19.60,1.623
120,409.0,193.1,267.0,19.56,1.623
120,409.0,192.7,267.0,19.56,1.704
120,409.0,192.2,267.0,19.56,1.704
120,409.0,194.7,267.0,19.56,1.704
120,409.0,194.3,267.0,19.56,1.704
120,409.0,193.8,267.0,19.56,1.704
120,409.0,193.4,267.0,19.56,1.704
120,409.0,192.9,267.0,19.56,1.704
120,409.0,192.5,267.0,19.56,1.704
126,447.4,209.8,260.0,21.47,0.831
126,444.4,209.0,255.0,21.47,0.736
126,439.6,207.8,247.6,19.88,0.736
126,435.4,206.9,242.0,19.88,0.876
126,433.0,206.1,237.7,20.83,0.876
126,430.7,205.4,233.3,20.53,0.630
126,428.2,204.6,230.2,20.53,0.502
126,425.8,203.8,227.1,20.61,0.502
126,423.9,203.3,223.4,20.61,0.520
126,422.0,202.7,219.8,20.61,0.520
126,420.1,202.2,216.1,20.61,0.520
126,419.7,201.9,212.7,20.47,0.520
126,419.3,201.5,209.2,20.47,0.437
126,418.9,201.2,205.7,20.47,0.437
126,418.5,200.9,202.3,20.53,0.437
126,418.3,200.6,198.1,20.53,0.521
126,418.1,200.2,194.0,20.53,0.521
126,418.0,199.9,189.4,20.59,0.521
126,417.9,199.6,184.8,20.59,0.577
126,417.7,199.2,180.2,20.59,0.577
126,417.7,198.9,175.0,20.64,0.577
126,417.7,198.5,169.9,20.64,0.643
126,417.7,198.2,164.6,20.67,0.643
126,417.8,197.8,159.3,20.67,0.664
126,417.8,197.5,154.0,20.70,0.664
126,417.8,197.1,148.6,20.70,0.681
126,417.9,196.8,143.1,20.73,0.681
126,417.9,196.4,137.6,20.73,0.695
126,418.0,196.0,132.0,20.73,0.695
126,418.0,195.6,126.4,20.78,0.695
126,418.1,195.2,120.7,20.78,0.707
126,418.1,194.8,115.0,20.83,0.707
126,418.2,194.4,109.2,20.83,0.723
126,418.3,194.0,103.4,20.86,0.723
126,418.4,193.6,97.6,20.86,0.729
126,418.5,193.2,91.7,20.90,0.729
126,418.6,192.8,85.9,20.90,0.732
126,418.7,192.4,80.1,20.93,0.732
126,418.8,192.0,74.2,20.67,0.731
126,418.9,191.6,68.2,20.69,0.765
126,419.1,191.3,62.1,20.69,0.760
126,419.3,191.0,56.4,20.69,0.760
126,419.6,190.7,50.7,20.69,0.715
126,420.0,190.6,45.4,21.45,0.715
126,420.9,190.1,41.4,21.45,0.510
126,421.8,189.6,37.5,21.45,0.510
126,423.2,189.2,34.0,21.33,0.510
126,424.6,188.9,30.4,21.33,0.476
126,426.0,188.5,26.9,21.33,0.476
126,427.4,188.2,23.4,21.16,0.476
126,429.5,188.1,20.6,21.16,0.430
126,431.5,188.0,17.9,21.16,0.430
126,434.0,187.8,15.8,21.73,0.430
126,436.4,187.7,13.7,21.73,0.405
126,438.9,187.5,11.5,21.27,0.405
126,442.3,187.7,10.1,21.27,0.471
126,446.1,187.8,9.0,21.45,0.471
126,449.9,187.9,7.9,21.45,0.495
126,453.7,188.1,6.8,21.45,0.495
126,457.5,188.2,5.7,21.60,0.495
126,461.4,188.3,4.9,21.60,0.499
126,465.4,188.4,4.0,21.60,0.499
126,469.2,188.5,3.2,21.73,0.499
126,473.1,188.6,3.0,21.73,0.489
126,477.0,188.7,3.0,21.73,0.489
126,480.8,188.7,3.0,21.90,0.489
126,484.4,188.8,3.0,21.90,0.449
126,488.0,188.8,3.0,21.90,0.449
126,491.5,188.8,3.0,21.90,0.449
126,494.9,188.9,3.0,22.05,0.449
126,498.3,188.9,3.0,22.05,0.427
126,501.7,188.9,3.0,22.05,0.427
126,505.1,189.0,3.0,22.14,0.427
126,508.4,189.0,3.0,22.14,0.405
126,511.6,189.0,3.0,22.14,0.405
126,514.8,189.0,3.0,22.14,0.405
126,517.9,189.0,3.0,22.23,0.405
126,521.0,189.0,3.0,22.23,0.384
126,524.0,189.0,3.0,22.23,0.384
126,527.1,189.0,3.0,22.23,0.384
126,530.0,189.0,3.0,22.31,0.384
126,532.9,189.0,3.0,22.31,0.364
126,535.8,189.0,3.0,22.31,0.364
126,538.7,189.0,3.0,22.31,0.364
126,541.3,189.0,3.0,22.42,0.364
126,543.9,188.9,3.0,22.42,0.328
126,546.6,188.9,3.0,22.42,0.328
126,549.2,188.9,3.0,22.42,0.328
126,551.8,188.8,3.0,22.42,0.328
126,554.3,188.8,3.0,22.53,0.328
126,556.8,188.8,3.0,22.53,0.311
126,559.2,188.7,3.0,22.53,0.311
126,561.7,188.7,3.0,22.53,0.311
126,564.2,188.6,3.0,22.60,0.311
126,566.6,188.6,3.0,22.60,0.295
126,568.9,188.5,3.0,22.60,0.295
126,571.3,188.5,3.0,22.60,0.295
126,573.7,188.4,3.0,22.60,0.295
126,576.0,188.4,3.0,22.68,0.295
126,578.2,188.2,3.0,22.68,0.278
126,580.5,188.1,3.0,22.68,0.278
126,582.7,187.9,3.0,22.68,0.278
126,584.9,187.8,3.0,22.68,0.278
126,587.1,187.6,3.0,22.68,0.278
126,589.2,187.5,3.0,22.77,0.278
126,591.3,187.4,3.0,22.77,0.262
126,593.4,187.3,3.0,22.77,0.262
126,595.5,187.2,3.0,22.77,0.262
126,597.6,187.1,3.0,22.77,0.262
126,599.7,187.0,3.0,22.77,0.262
126,601.6,186.8,3.0,22.83,0.262
126,603.6,186.7,3.0,22.83,0.246
126,605.6,186.5,3.0,22.83,0.246
126,607.5,186.3,3.0,22.83,0.246
126,609.5,186.2,3.0,22.83,0.246
126,611.4,186.0,3.0,22.83,0.246
126,613.3,185.9,3.0,22.92,0.246
126,615.2,185.8,3.0,22.92,0.232
126,617.0,185.7,3.0,22.92,0.232
126,618.9,185.5,3.0,22.92,0.232
126,620.7,185.4,3.0,22.92,0.232
126,622.6,185.3,3.0,22.92,0.232
126,624.4,185.2,3.0,22.95,0.232
126,626.2,185.0,3.0,22.95,0.230
126,628.1,184.8,3.0,22.95,0.230
126,629.9,184.6,3.0,22.95,0.230
126,631.7,184.4,3.0,22.95,0.230
126,633.6,184.2,3.0,22.95,0.230
126,635.4,184.0,3.0,22.95,0.230
126,637.0,183.9,3.0,23.04,0.230
126,638.7,183.8,3.0,23.04,0.205
126,640.3,183.7,3.0,23.04,0.205
126,642.0,183.6,3.0,23.04,0.205
126,643.6,183.5,3.0,23.04,0.205
126,645.2,183.3,3.0,23.04,0.205
126,646.9,183.2,3.0,23.04,0.205
126,648.5,183.1,3.0,23.10,0.205
126,650.1,183.0,3.1,23.10,0.204
126,651.7,182.8,3.1,23.10,0.204
126,653.4,182.7,3.1,23.10,0.204
126,655.0,182.5,3.1,23.10,0.204
126,656.6,182.3,3.1,23.10,0.204
126,658.2,182.2,3.1,23.10,0.204
126,659.8,182.0,3.1,23.10,0.204
126,661.4,181.9,3.1,23.15,0.193
126,662.9,181.8,3.1,23.15,0.193
126,664.5,181.7,3.1,23.15,0.193
126,666.0,181.6,3.1,23.15,0.193
126,667.6,181.5,3.1,23.15,0.193
126,669.1,181.3,3.1,23.15,0.193
126,670.6,181.2,3.1,23.15,0.193
126,672.2,181.1,3.1,23.21,0.193
126,673.6,181.1,3.1,23.21,0.184
126,675.1,181.0,3.1,23.21,0.184
126,676.6,180.9,3.2,23.21,0.184
126,678.0,180.9,3.2,23.21,0.184
126,679.5,180.8,3.2,23.21,0.184
126,681.0,180.8,3.2,23.21,0.184
126,682.5,180.7,3.2,23.21,0.184
126,683.9,180.6,3.2,23.21,0.184
132,374.6,182.5,264.5,19.89,0.991
132,379.6,184.8,267.0,19.89,1.252
132,384.6,187.2,267.0,19.60,1.252
132,387.5,189.7,267.0,19.60,1.623
132,390.4,192.1,267.0,19.56,1.623
132,393.3,194.6,267.0,19.56,1.704
132,396.2,194.1,267.0,19.67,1.704
132,396.2,193.7,267.0,19.67,1.846
132,396.2,193.2,267.0,19.67,1.846
132,396.2,192.8,267.0,19.67,1.846
132,396.2,192.3,267.0,19.67,1.846
132,396.2,191.9,267.0,19.35,1.846
132,396.2,191.4,267.0,19.35,1.732
132,396.2,191.0,267.0,19.35,1.732
132,396.2,190.6,267.0,19.35,1.732
132,396.2,193.1,267.0,19.67,1.732
132,396.2,192.6,267.0,19.67,1.846
132,396.2,192.2,267.0,19.67,1.846
132,396.2,194.7,267.0,19.67,1.846
132,396.2,194.2,267.0,19.67,1.846
132,396.2,193.8,267.0,19.67,1.846
132,396.2,193.3,267.0,19.67,1.846
132,396.2,192.9,267.0,19.67,1.846
132,396.2,192.5,267.0,19.67,1.846
132,396.2,192.0,267.0,19.67,1.846
132,396.2,194.5,267.0,19.67,1.846
132,396.2,194.1,267.0,19.67,1.846
132,396.2,193.6,267.0,19.67,1.846
132,396.2,193.2,267.0,19.67,1.846
132,396.2,192.7,267.0,19.67,1.846
132,396.2,192.3,267.0,19.67,1.846
132,396.2,191.9,267.0,19.35,1.846
132,396.2,191.4,267.0,19.35,1.732
132,396.2,191.0,267.0,19.35,1.732
132,396.2,190.5,267.0,19.35,1.732
132,396.2,193.0,267.0,19.67,1.732
132,396.2,192.6,267.0,19.67,1.846
132,396.2,192.1,267.0,19.67,1.846
132,396.2,194.6,267.0,19.67,1.846
132,396.2,194.2,267.0,19.67,1.846
132,396.2,193.8,267.0,19.67,1.846
132,396.2,193.3,267.0,19.67,1.846
132,396.2,192.9,267.0,19.67,1.846
132,396.2,192.4,267.0,19.67,1.846
132,396.2,192.0,267.0,19.35,1.846
132,396.2,191.5,267.0,19.35,1.732
132,396.2,191.1,267.0,19.35,1.732
132,396.2,190.7,267.0,19.35,1.732
132,396.2,193.2,267.0,19.67,1.732
132,396.2,192.7,267.0,19.67,1.846
132,396.2,192.3,267.0,19.67,1.846
132,396.2,191.8,267.0,19.35,1.846
132,396.2,191.4,267.0,19.35,1.732
132,396.2,190.9,267.0,19.35,1.732
132,396.2,190.5,267.0,19.35,1.732
132,396.2,193.0,267.0,19.67,1.732
132,396.2,192.6,267.0,19.67,1.846
132,396.2,192.1,267.0,19.67,1.846
132,396.2,194.6,267.0,19.67,1.846
132,396.2,194.2,267.0,19.67,1.846
132,396.2,193.7,267.0,19.67,1.846
132,396.2,193.3,267.0,19.67,1.846
132,396.2,192.8,267.0,19.67,1.846
132,396.2,192.4,267.0,19.67,1.846
132,396.2,192.0,267.0,19.35,1.846
132,396.2,191.5,267.0,19.35,1.732
132,396.2,191.1,267.0,19.35,1.732
132,396.2,190.6,267.0,19.35,1.732
132,396.2,193.1,267.0,19.67,1.732
132,396.2,192.7,267.0,19.67,1.846
132,396.2,192.2,267.0,19.67,1.846
132,396.2,191.8,267.0,19.35,1.846
132,396.2,191.4,267.0,19.35,1.732
132,396.2,190.9,267.0,19.35,1.732
132,396.2,190.5,267.0,19.35,1.732
132,396.2,193.0,267.0,19.67,1.732
132,396.2,192.5,267.0,19.67,1.846
132,396.2,192.1,267.0,19.67,1.846
132,396.2,194.6,267.0,19.67,1.846
132,396.2,194.2,267.0,19.67,1.846
132,396.2,193.7,267.0,19.67,1.846
132,396.2,193.3,267.0,19.67,1.846
132,396.2,192.8,267.0,19.67,1.846
132,396.2,192.4,267.0,19.67,1.846
132,396.2,191.9,267.0,19.35,1.846
132,396.2,191.5,267.0,19.35,1.732
132,396.2,191.0,267.0,19.35,1.732
132,396.2,190.6,267.0,19.35,1.732
132,396.2,193.1,267.0,19.67,1.732
132,396.2,192.7,267.0,19.67,1.846
132,396.2,192.2,267.0,19.67,1.846
132,396.2,194.7,267.0,19.67,1.846
132,396.2,194.3,267.0,19.67,1.846
132,396.2,193.8,267.0,19.67,1.846
132,396.2,193.4,267.0,19.67,1.846
132,396.2,192.9,267.0,19.67,1.846
132,396.2,192.5,267.0,19.67,1.846
132,396.2,192.1,267.0,19.67,1.846
132,396.2,194.6,267.0,19.67,1.846
132,396.2,194.1,267.0,19.67,1.846
132,396.2,193.7,267.0,19.67,1.846
132,396.2,193.2,267.0,19.67,1.846
132,396.2,192.8,267.0,19.67,1.846
132,396.2,192.3,267.0,19.67,1.846
132,396.2,191.9,267.0,19.35,1.846
132,396.2,191.5,267.0,19.35,1.732
132,396.2,191.0,267.0,19.35,1.732
132,396.2,190.6,267.0,19.35,1.732
132,396.2,193.1,267.0,19.67,1.732
132,396.2,192.6,267.0,19.67,1.846
132,396.2,192.2,267.0,19.67,1.846
132,396.2,194.7,267.0,19.67,1.846
132,396.2,194.2,267.0,19.67,1.846
132,396.2,193.8,267.0,19.67,1.846
132,396.2,193.4,267.0,19.67,1.846
132,396.2,192.9,267.0,19.67,1.846
132,396.2,192.5,267.0,19.67,1.846
132,396.2,192.0,267.0,19.67,1.846
132,396.2,194.5,267.0,19.67,1.846
132,396.2,194.1,267.0,19.67,1.846
132,396.2,193.7,267.0,19.67,1.846
132,396.2,193.2,267.0,19.67,1.846
132,396.2,192.8,267.0,19.67,1.846
132,396.2,192.3,267.0,19.67,1.846
132,396.2,191.9,267.0,19.35,1.846
132,396.2,191.4,267.0,19.35,1.732
132,396.2,191.0,267.0,19.35,1.732
132,396.2,190.6,267.0,19.35,1.732
132,396.2,193.1,267.0,19.67,1.732
132,396.2,192.6,267.0,19.67,1.846
132,396.2,192.2,267.0,19.67,1.846
132,396.2,194.7,267.0,19.67,1.846
132,396.2,194.2,267.0,19.67,1.846
132,396.2,193.8,267.0,19.67,1.846
132,396.2,193.3,267.0,19.67,1.846
132,396.2,192.9,267.0,19.67,1.846
132,396.2,192.5,267.0,19.67,1.846
132,396.2,192.0,267.0,19.67,1.846
132,396.2,194.5,267.0,19.67,1.846
132,396.2,194.1,267.0,19.67,1.846
132,396.2,193.6,267.0,19.67,1.846
132,396.2,193.2,267.0,19.67,1.846
132,396.2,192.7,267.0,19.67,1.846
132,396.2,192.3,267.0,19.67,1.846
132,396.2,191.9,267.0,19.35,1.846
132,396.2,191.4,267.0,19.35,1.732
132,396.2,191.0,267.0,19.35,1.732
132,396.2,190.5,267.0,19.35,1.732
132,396.2,193.0,267.0,19.67,1.732
132,396.2,192.6,267.0,19.67,1.846
132,396.2,192.1,267.0,19.67,1.846
132,396.2,194.6,267.0,19.67,1.846
132,396.2,194.2,267.0,19.67,1.846
132,396.2,193.8,267.0,19.67,1.846
132,396.2,193.3,267.0,19.67,1.846
132,396.2,192.9,267.0,19.67,1.846
132,396.2,192.4,267.0,19.67,1.846
132,396.2,192.0,267.0,19.35,1.846
132,396.2,191.5,267.0,19.35,1.732
132,396.2,191.1,267.0,19.35,1.732
138,431.0,218.8,258.2,20.35,1.199
138,425.4,214.9,258.3,19.48,0.849
138,419.3,212.6,258.0,19.76,0.816
138,416.7,209.6,267.0,19.69,1.240
138,413.8,206.4,267.0,19.69,1.592
138,410.9,203.2,267.0,19.56,1.592
138,408.0,202.7,267.0,19.67,1.704
138,408.0,202.3,267.0,19.67,1.704
138,408.0,201.8,267.0,19.67,1.704
138,408.0,201.4,267.0,19.67,1.704
138,408.0,201.0,267.0,19.67,1.704
138,408.0,200.5,267.0,19.67,1.704
138,408.0,200.1,267.0,19.67,1.704
138,408.0,199.6,267.0,19.67,1.704
138,408.0,199.2,267.0,19.67,1.704
138,408.0,198.7,267.0,19.67,1.704
138,408.0,198.3,267.0,19.67,1.704
138,408.0,197.8,267.0,19.67,1.704
138,408.0,197.4,267.0,19.67,1.704
138,408.0,197.0,267.0,19.67,1.704
138,408.0,196.5,267.0,19.67,1.704
138,408.0,196.1,267.0,19.67,1.704
138,408.0,195.6,267.0,19.67,1.704
138,408.0,195.2,267.0,19.67,1.704
138,408.0,194.8,267.0,19.67,1.704
138,408.0,194.3,267.0,19.67,1.704
138,408.0,193.9,267.0,19.67,1.704
138,408.0,193.4,267.0,19.67,1.704
138,408.0,193.0,267.0,19.67,1.704
138,408.0,192.5,267.0,19.67,1.704
138,408.0,192.1,267.0,19.67,1.704
138,408.0,194.6,267.0,19.67,1.704
138,408.0,194.2,267.0,19.67,1.704
138,408.0,193.7,267.0,19.67,1.704
138,408.0,193.3,267.0,19.67,1.704
138,408.0,192.8,267.0,19.67,1.704
138,408.0,192.4,267.0,19.67,1.704
138,408.0,191.9,267.0,19.35,1.704
138,408.0,191.5,267.0,19.35,1.623
138,408.0,191.1,267.0,19.35,1.623
138,408.0,190.6,267.0,19.35,1.623
138,408.0,193.1,267.0,19.67,1.623
138,408.0,192.7,267.0,19.67,1.704
138,408.0,192.2,267.0,19.67,1.704
138,408.0,194.7,267.0,19.67,1.704
138,408.0,194.3,267.0,19.67,1.704
138,408.0,193.8,267.0,19.67,1.704
138,408.0,193.4,267.0,19.67,1.704
138,408.0,192.9,267.0,19.67,1.704
138,408.0,192.5,267.0,19.67,1.704
138,408.0,192.1,267.0,19.67,1.704
138,408.0,194.6,267.0,19.67,1.704
138,408.0,194.1,267.0,19.67,1.704
138,408.0,193.7,267.0,19.67,1.704
138,408.0,193.2,267.0,19.67,1.704
138,408.0,192.8,267.0,19.67,1.704
138,408.0,192.3,267.0,19.67,1.704
138,408.0,191.9,267.0,19.35,1.704
138,408.0,191.5,267.0,19.35,1.623
138,408.0,191.0,267.0,19.35,1.623
138,408.0,190.6,267.0,19.35,1.623
138,408.0,193.1,267.0,19.67,1.623
138,408.0,192.6,267.0,19.67,1.704
138,408.0,192.2,267.0,19.67,1.704
138,408.0,194.7,267.0,19.67,1.704
138,408.0,194.2,267.0,19.67,1.704
138,408.0,193.8,267.0,19.67,1.704
138,408.0,193.4,267.0,19.67,1.704
138,408.0,192.9,267.0,19.67,1.704
138,408.0,192.5,267.0,19.67,1.704
138,408.0,192.0,267.0,19.67,1.704
138,408.0,194.5,267.0,19.67,1.704
138,408.0,194.1,267.0,19.67,1.704
138,408.0,193.7,267.0,19.67,1.704
138,408.0,193.2,267.0,19.67,1.704
138,408.0,192.8,267.0,19.67,1.704
138,408.0,192.3,267.0,19.67,1.704
138,408.0,191.9,267.0,19.35,1.704
138,408.0,191.4,267.0,19.35,1.623
138,408.0,191.0,267.0,19.35,1.623
138,408.0,190.6,267.0,19.35,1.623
138,408.0,193.1,267.0,19.67,1.623
138,408.0,192.6,267.0,19.67,1.704
138,408.0,192.2,267.0,19.67,1.704
138,408.0,194.7,267.0,19.67,1.704
138,408.0,194.2,267.0,19.67,1.704
138,408.0,193.8,267.0,19.67,1.704
138,408.0,193.3,267.0,19.67,1.704
138,408.0,192.9,267.0,19.67,1.704
138,408.0,192.5,267.0,19.67,1.704
138,408.0,192.0,267.0,19.67,1.704
138,408.0,194.5,267.0,19.67,1.704
138,408.0,194.1,267.0,19.67,1.704
138,408.0,193.6,267.0,19.67,1.704
138,408.0,193.2,267.0,19.67,1.704
138,408.0,192.7,267.0,19.67,1.704
138,408.0,192.3,267.0,19.67,1.704
138,408.0,191.9,267.0,19.35,1.704
138,408.0,191.4,267.0,19.35,1.623
138,408.0,191.0,267.0,19.35,1.623
138,408.0,190.5,267.0,19.35,1.623
138,408.0,193.0,267.0,19.67,1.623
138,408.0,192.6,267.0,19.67,1.704
138,408.0,192.1,267.0,19.67,1.704
138,408.0,194.6,267.0,19.67,1.704
138,408.0,194.2,267.0,19.67,1.704
138,408.0,193.8,267.0,19.67,1.704
138,408.0,193.3,267.0,19.67,1.704
138,408.0,192.9,267.0,19.67,1.704
138,408.0,192.4,267.0,19.67,1.704
138,408.0,192.0,267.0,19.35,1.704
138,408.0,191.5,267.0,19.35,1.623
138,408.0,191.1,267.0,19.35,1.623
138,408.0,190.7,267.0,19.35,1.623
138,408.0,193.2,267.0,19.67,1.623
138,408.0,192.7,267.0,19.67,1.704
138,408.0,192.3,267.0,19.67,1.704
138,408.0,191.8,267.0,19.35,1.704
138,408.0,191.4,267.0,19.35,1.623
138,408.0,190.9,267.0,19.35,1.623
138,408.0,190.5,267.0,19.35,1.623
138,408.0,193.0,267.0,19.67,1.623
138,408.0,192.6,267.0,19.67,1.704
138,408.0,192.1,267.0,19.67,1.704
138,408.0,194.6,267.0,19.67,1.704
138,408.0,194.2,267.0,19.67,1.704
138,408.0,193.7,267.0,19.67,1.704
138,408.0,193.3,267.0,19.67,1.704
138,408.0,192.8,267.0,19.67,1.704
138,408.0,192.4,267.0,19.67,1.704
138,408.0,191.9,267.0,19.35,1.704
138,408.0,191.5,267.0,19.35,1.623
138,408.0,191.1,267.0,19.35,1.623
138,408.0,190.6,267.0,19.35,1.623
138,408.0,193.1,267.0,19.67,1.623
138,408.0,192.7,267.0,19.67,1.704
138,408.0,192.2,267.0,19.67,1.704
138,408.0,191.8,267.0,19.35,1.704
138,408.0,191.3,267.0,19.35,1.623
138,408.0,190.9,267.0,19.35,1.623
138,408.0,190.5,267.0,19.35,1.623
138,408.0,193.0,267.0,19.67,1.623
138,408.0,192.5,267.0,19.67,1.704
138,408.0,192.1,267.0,19.67,1.704
138,408.0,194.6,267.0,19.67,1.704
138,408.0,194.1,267.0,19.67,1.704
138,408.0,193.7,267.0,19.67,1.704
138,408.0,193.3,267.0,19.67,1.704
138,408.0,192.8,267.0,19.67,1.704
138,408.0,192.4,267.0,19.67,1.704
138,408.0,191.9,267.0,19.35,1.704
138,408.0,191.5,267.0,19.35,1.623
138,408.0,191.0,267.0,19.35,1.623
138,408.0,190.6,267.0,19.35,1.623
138,408.0,193.1,267.0,19.67,1.623
138,408.0,192.7,267.0,19.67,1.704
138,408.0,192.2,267.0,19.67,1.704
138,408.0,194.7,267.0,19.67,1.704
138,408.0,194.3,267.0,19.67,1.704
138,408.0,193.8,267.0,19.67,1.704
144,417.0,243.2,260.0,20.06,0.835
144,416.7,240.0,255.0,19.15,0.739
144,414.7,233.7,254.5,19.15,0.826
144,412.8,227.4,254.0,19.65,0.826
144,410.3,222.4,260.0,19.65,1.020
144,407.9,217.4,266.0,19.15,1.020
144,407.9,214.2,267.0,19.58,1.248
144,407.9,210.9,267.0,19.58,1.592
144,407.9,207.7,267.0,19.58,1.592
144,407.9,204.5,267.0,19.58,1.592
144,407.9,204.0,267.0,19.58,1.592
144,407.9,203.6,267.0,19.67,1.592
144,407.9,203.1,267.0,19.67,1.704
144,407.9,202.7,267.0,19.67,1.704
144,407.9,202.2,267.0,19.67,1.704
144,407.9,201.8,267.0,19.67,1.704
144,407.9,201.3,267.0,19.67,1.704
144,407.9,200.9,267.0,19.67,1.704
144,407.9,200.5,267.0,19.67,1.704
144,407.9,200.0,267.0,19.67,1.704
144,407.9,199.6,267.0,19.67,1.704
144,407.9,199.1,267.0,19.67,1.704
144,407.9,198.7,267.0,19.67,1.704
144,407.9,198.2,267.0,19.67,1.704
144,407.9,197.8,267.0,19.67,1.704
144,407.9,197.3,267.0,19.67,1.704
144,407.9,196.9,267.0,19.67,1.704
144,407.9,196.5,267.0,19.67,1.704
144,407.9,196.0,267.0,19.67,1.704
144,407.9,195.6,267.0,19.67,1.704
144,407.9,195.1,267.0,19.67,1.704
144,407.9,194.7,267.0,19.67,1.704
144,407.9,194.2,267.0,19.67,1.704
144,407.9,193.8,267.0,19.67,1.704
144,407.9,193.4,267.0,19.67,1.704
144,407.9,192.9,267.0,19.67,1.704
144,407.9,192.5,267.0,19.67,1.704
144,407.9,192.0,267.0,19.67,1.704
144,407.9,194.5,267.0,19.67,1.704
144,407.9,194.1,267.0,19.67,1.704
144,407.9,193.7,267.0,19.67,1.704
144,407.9,193.2,267.0,19.67,1.704
144,407.9,192.8,267.0,19.67,1.704
144,407.9,192.3,267.0,19.67,1.704
144,407.9,191.9,267.0,19.35,1.704
144,407.9,191.4,267.0,19.35,1.623
144,407.9,191.0,267.0,19.35,1.623
144,407.9,190.6,267.0,19.35,1.623
144,407.9,193.1,267.0,19.67,1.623
144,407.9,192.6,267.0,19.67,1.704
144,407.9,192.2,267.0,19.67,1.704
144,407.9,194.7,267.0,19.67,1.704
144,407.9,194.2,267.0,19.67,1.704
144,407.9,193.8,267.0,19.67,1.704
144,407.9,193.3,267.0,19.67,1.704
144,407.9,192.9,267.0,19.67,1.704
144,407.9,192.5,267.0,19.67,1.704
144,407.9,192.0,267.0,19.67,1.704
144,407.9,194.5,267.0,19.67,1.704
144,407.9,194.1,267.0,19.67,1.704
144,407.9,193.6,267.0,19.67,1.704
144,407.9,193.2,267.0,19.67,1.704
144,407.9,192.7,267.0,19.67,1.704
144,407.9,192.3,267.0,19.67,1.704
144,407.9,191.9,267.0,19.35,1.704
144,407.9,191.4,267.0,19.35,1.623
144,407.9,191.0,267.0,19.35,1.623
144,407.9,190.5,267.0,19.35,1.623
144,407.9,193.0,267.0,19.67,1.623
144,407.9,192.6,267.0,19.67,1.704
144,407.9,192.1,267.0,19.67,1.704
144,407.9,194.6,267.0,19.67,1.704
144,407.9,194.2,267.0,19.67,1.704
144,407.9,193.8,267.0,19.67,1.704
144,407.9,193.3,267.0,19.67,1.704
144,407.9,192.9,267.0,19.67,1.704
144,407.9,192.4,267.0,19.67,1.704
144,407.9,192.0,267.0,19.35,1.704
144,407.9,191.5,267.0,19.35,1.623
144,407.9,191.1,267.0,19.35,1.623
144,407.9,190.7,267.0,19.35,1.623
144,407.9,193.2,267.0,19.67,1.623
144,407.9,192.7,267.0,19.67,1.704
144,407.9,192.3,267.0,19.67,1.704
144,407.9,191.8,267.0,19.35,1.704
144,407.9,191.4,267.0,19.35,1.623
144,407.9,190.9,267.0,19.35,1.623
144,407.9,190.5,267.0,19.35,1.623
144,407.9,193.0,267.0,19.67,1.623
144,407.9,192.6,267.0,19.67,1.704
144,407.9,192.1,267.0,19.67,1.704
144,407.9,194.6,267.0,19.67,1.704
144,407.9,194.2,267.0,19.67,1.704
144,407.9,193.7,267.0,19.67,1.704
144,407.9,193.3,267.0,19.67,1.704
144,407.9,192.8,267.0,19.67,1.704
144,407.9,192.4,267.0,19.67,1.704
144,407.9,191.9,267.0,19.35,1.704
144,407.9,191.5,267.0,19.35,1.623
144,407.9,191.1,267.0,19.35,1.623
144,407.9,190.6,267.0,19.35,1.623
144,407.9,193.1,267.0,19.67,1.623
144,407.9,192.7,267.0,19.67,1.704
144,407.9,192.2,267.0,19.67,1.704
144,407.9,191.8,267.0,19.35,1.704
144,407.9,191.3,267.0,19.35,1.623
144,407.9,190.9,267.0,19.35,1.623
144,407.9,190.5,267.0,19.35,1.623
144,407.9,193.0,267.0,19.67,1.623
144,407.9,192.5,267.0,19.67,1.704
144,407.9,192.1,267.0,19.67,1.704
144,407.9,194.6,267.0,19.67,1.704
144,407.9,194.1,267.0,19.67,1.704
144,407.9,193.7,267.0,19.67,1.704
144,407.9,193.3,267.0,19.67,1.704
144,407.9,192.8,267.0,19.67,1.704
144,407.9,192.4,267.0,19.67,1.704
144,407.9,191.9,267.0,19.35,1.704
144,407.9,191.5,267.0,19.35,1.623
144,407.9,191.0,267.0,19.35,1.623
144,407.9,190.6,267.0,19.35,1.623
144,407.9,193.1,267.0,19.67,1.623
144,407.9,192.7,267.0,19.67,1.704
144,407.9,192.2,267.0,19.67,1.704
144,407.9,194.7,267.0,19.67,1.704
144,407.9,194.3,267.0,19.67,1.704
144,407.9,193.8,267.0,19.67,1.704
144,407.9,193.4,267.0,19.67,1.704
144,407.9,192.9,267.0,19.67,1.704
144,407.9,192.5,267.0,19.67,1.704
144,407.9,192.1,267.0,19.67,1.704
144,407.9,194.6,267.0,19.67,1.704
144,407.9,194.1,267.0,19.67,1.704
144,407.9,193.7,267.0,19.67,1.704
144,407.9,193.2,267.0,19.67,1.704
144,407.9,192.8,267.0,19.67,1.704
144,407.9,192.3,267.0,19.67,1.704
144,407.9,191.9,267.0,19.35,1.704
144,407.9,191.5,267.0,19.35,1.623
144,407.9,191.0,267.0,19.35,1.623
144,407.9,190.6,267.0,19.35,1.623
144,407.9,193.1,267.0,19.67,1.623
144,407.9,192.6,267.0,19.67,1.704
144,407.9,192.2,267.0,19.67,1.704
144,407.9,194.7,267.0,19.67,1.704
144,407.9,194.2,267.0,19.67,1.704
144,407.9,193.8,267.0,19.67,1.704
144,407.9,193.4,267.0,19.67,1.704
144,407.9,192.9,267.0,19.67,1.704
144,407.9,192.5,267.0,19.67,1.704
144,407.9,192.0,267.0,19.67,1.704
144,407.9,194.5,267.0,19.67,1.704
144,407.9,194.1,267.0,19.67,1.704
144,407.9,193.7,267.0,19.67,1.704
144,407.9,193.2,267.0,19.67,1.704
144,407.9,192.8,267.0,19.67,1.704
144,407.9,192.3,267.0,19.67,1.704
144,407.9,191.9,267.0,19.35,1.704
144,407.9,191.4,267.0,19.35,1.623
144,407.9,191.0,267.0,19.35,1.623
150,395.5,150.5,259.8,21.28,0.826
150,395.9,153.4,254.7,21.28,0.737
150,395.9,156.3,249.6,19.62,0.733
150,395.9,160.4,243.9,19.62,0.881
150,395.9,164.4,238.1,20.35,0.881
150,395.9,166.5,233.0,20.35,0.685
150,395.9,168.6,228.0,20.31,0.685
150,395.9,170.1,223.7,20.31,0.572
150,395.9,171.6,219.3,20.31,0.572
150,395.9,173.1,215.0,20.42,0.572
150,395.9,174.1,210.2,20.42,0.616
150,395.9,175.0,205.4,20.42,0.616
150,395.9,175.7,200.1,20.49,0.616
150,395.9,176.3,194.9,20.49,0.655
150,395.9,176.9,189.7,20.55,0.655
150,395.9,177.3,184.2,20.55,0.687
150,395.9,177.7,178.8,20.59,0.687
150,395.9,177.9,172.9,20.59,0.732
150,395.9,178.1,167.1,20.61,0.732
150,395.9,178.2,161.1,20.61,0.749
150,395.9,178.3,155.1,20.63,0.749
150,395.9,178.3,149.0,20.63,0.764
150,395.9,178.4,142.9,20.65,0.764
150,395.9,178.4,136.6,20.65,0.778
150,395.9,178.4,130.4,20.68,0.778
150,395.9,178.3,124.1,20.68,0.789
150,395.9,178.3,117.8,20.70,0.789
150,395.9,178.2,111.3,20.70,0.810
150,395.9,178.1,104.8,20.71,0.810
150,395.9,178.0,98.3,20.71,0.817
150,395.9,177.8,91.7,20.73,0.817
150,395.9,177.7,85.1,20.73,0.823
150,395.9,177.5,78.5,20.73,0.823
150,395.9,177.3,72.0,20.74,0.824
150,395.9,177.1,65.4,20.74,0.819
150,395.9,176.9,58.9,20.73,0.819
150,395.9,176.6,52.7,20.73,0.772
150,395.9,176.2,46.5,20.72,0.772
150,395.9,175.9,40.8,20.72,0.719
150,395.9,175.5,35.0,20.71,0.719
150,395.9,175.0,30.0,20.71,0.635
150,395.9,174.5,24.9,20.71,0.635
150,395.9,173.9,20.9,20.68,0.635
150,395.9,173.3,16.9,20.68,0.505
150,395.9,172.7,12.9,20.68,0.505
150,395.9,171.9,10.2,20.69,0.505
150,395.9,171.1,7.5,20.69,0.354
150,395.9,170.3,4.8,20.69,0.354
150,395.9,169.6,3.0,20.69,0.354
150,395.9,168.8,3.0,20.69,0.354
150,395.9,168.0,3.0,20.69,0.354
150,395.9,166.5,3.0,20.84,0.354
150,395.9,164.9,3.0,20.84,0.373
150,395.9,163.4,3.0,20.84,0.373
150,395.9,161.9,3.0,20.84,0.373
150,395.9,160.4,3.0,20.84,0.373
150,395.9,158.8,3.0,20.84,0.373
150,395.9,157.3,3.0,20.84,0.373
150,395.9,155.8,3.0,21.05,0.373
150,395.9,153.5,3.0,21.05,0.392
150,395.9,151.3,3.0,21.05,0.392
150,395.9,149.1,3.0,21.05,0.392
150,395.9,146.9,3.0,21.05,0.392
150,395.9,144.6,3.0,21.05,0.392
150,395.9,141.9,3.0,21.27,0.392
150,395.9,139.1,3.0,21.27,0.413
150,395.9,136.4,3.0,21.27,0.413
150,395.9,133.6,3.0,21.27,0.413
150,395.9,130.8,3.0,21.57,0.413
150,395.9,127.7,3.0,21.57,0.431
150,395.9,124.6,3.0,21.57,0.431
150,395.9,121.5,3.0,21.57,0.431
150,395.9,118.0,3.0,21.83,0.431
150,395.9,114.6,3.0,21.83,0.447
150,395.9,111.1,3.0,21.83,0.447
150,395.9,107.7,3.0,21.97,0.447
150,395.9,104.2,3.0,21.97,0.445
150,395.9,100.8,3.0,21.97,0.445
150,395.9,97.3,3.0,21.97,0.445
150,395.9,93.8,3.0,22.10,0.445
150,395.9,90.4,3.0,22.10,0.438
150,395.9,87.0,3.0,22.10,0.438
150,395.9,83.5,3.0,22.22,0.438
150,395.9,80.1,3.0,22.22,0.428
150,395.9,76.8,3.0,22.22,0.428
150,395.9,73.4,3.0,22.22,0.428
150,395.9,70.1,3.0,22.36,0.428
150,395.9,66.8,3.0,22.36,0.415
150,395.9,63.5,3.0,22.36,0.415
150,395.9,60.2,3.0,22.36,0.415
150,395.9,57.2,3.0,22.48,0.415
150,395.9,54.1,3.0,22.48,0.381
150,395.9,51.1,3.0,22.48,0.381
150,395.9,48.1,3.0,22.48,0.381
150,395.9,45.2,3.0,22.54,0.381
150,395.9,42.4,3.0,22.54,0.356
150,395.9,39.5,3.0,22.54,0.356
150,395.9,36.7,3.0,22.54,0.356
150,395.9,34.1,3.0,22.57,0.356
150,395.9,31.6,3.1,22.57,0.321
150,395.9,29.0,3.1,22.57,0.321
150,395.9,26.4,3.2,22.57,0.321
150,395.9,23.9,3.3,22.60,0.321
150,395.9,21.8,3.6,22.60,0.262
150,395.9,19.8,4.0,22.60,0.262
150,395.9,17.7,4.4,22.60,0.262
150,395.9,15.6,4.8,22.60,0.262
150,395.9,13.6,5.1,22.60,0.262
150,395.9,11.5,5.5,22.70,0.262
150,395.9,10.1,6.4,22.70,0.213
150,395.9,8.6,7.3,22.70,0.213
150,395.9,7.1,8.2,22.70,0.213
150,395.9,5.7,9.1,22.70,0.213
150,395.9,4.2,10.0,22.70,0.213
150,395.9,3.0,10.8,22.70,0.213
150,395.9,3.0,11.7,22.70,0.213
150,395.9,3.0,13.2,22.83,0.213
150,395.9,3.0,14.6,22.83,0.205
150,395.9,3.0,16.0,22.83,0.205
150,395.9,3.0,17.4,22.83,0.205
150,395.9,3.0,18.8,22.83,0.205
150,395.9,3.0,20.2,22.83,0.205
150,395.9,3.0,21.6,22.83,0.205
150,395.9,3.0,23.0,22.83,0.205
150,395.9,3.0,24.4,22.92,0.205
150,395.9,3.0,26.1,22.92,0.214
150,395.9,3.0,27.7,22.92,0.214
150,395.9,3.0,29.3,22.92,0.214
150,395.9,3.0,31.0,22.92,0.214
150,395.9,3.0,32.6,22.92,0.214
150,395.9,3.0,34.2,22.92,0.214
150,395.9,3.0,35.9,22.92,0.214
150,395.9,3.0,37.5,23.00,0.214
150,395.9,3.0,39.2,23.00,0.213
150,395.9,3.0,40.9,23.00,0.213
150,395.9,3.0,42.6,23.00,0.213
150,395.9,3.0,44.2,23.00,0.213
150,395.9,3.0,45.9,23.00,0.213
150,395.9,3.0,47.6,23.00,0.213
150,395.9,3.0,49.2,23.07,0.213
150,395.9,3.0,50.9,23.07,0.205
150,395.9,3.0,52.5,23.07,0.205
150,395.9,3.0,54.1,23.07,0.205
150,395.9,3.0,55.8,23.07,0.205
150,395.9,3.0,57.4,23.07,0.205
150,395.9,3.0,59.0,23.07,0.205
150,395.9,3.0,60.6,23.15,0.205
150,395.9,3.0,62.1,23.15,0.181
150,395.9,3.0,63.5,23.15,0.181
150,395.9,3.0,65.0,23.15,0.181
150,395.9,3.0,66.4,23.15,0.181
150,395.9,3.0,67.9,23.15,0.181
150,395.9,3.0,69.3,23.15,0.181
150,395.9,3.0,70.8,23.15,0.181
150,395.9,3.0,72.2,23.24,0.181
150,395.9,3.0,73.6,23.24,0.169
150,395.9,3.0,74.9,23.24,0.169
150,395.9,3.0,76.2,23.24,0.169
150,395.9,3.0,77.6,23.24,0.169
150,395.9,3.0,79.0,23.24,0.169
156,406.3,228.5,264.3,18.46,0.845
156,406.3,223.4,267.0,19.15,0.845
156,406.3,218.1,267.0,19.15,1.247
156,406.3,214.9,267.0,19.58,1.247
156,406.3,211.7,267.0,19.58,1.685
156,406.3,208.4,267.0,19.58,1.685
156,406.3,205.2,267.0,19.58,1.685
156,406.3,204.8,267.0,19.58,1.685
156,406.3,204.3,267.0,19.58,1.685
156,406.3,203.9,267.0,19.67,1.685
156,406.3,203.4,267.0,19.67,1.846
156,406.3,203.0,267.0,19.67,1.846
156,406.3,202.5,267.0,19.67,1.846
156,406.3,202.1,267.0,19.67,1.846
156,406.3,201.7,267.0,19.67,1.846
156,406.3,201.2,267.0,19.67,1.846
156,406.3,200.8,267.0,19.67,1.846
156,406.3,200.3,267.0,19.67,1.846
156,406.3,199.9,267.0,19.67,1.846
156,406.3,199.4,267.0,19.67,1.846
156,406.3,199.0,267.0,19.67,1.846
156,406.3,198.5,267.0,19.67,1.846
156,406.3,198.1,267.0,19.67,1.846
156,406.3,197.7,267.0,19.67,1.846
156,406.3,197.2,267.0,19.67,1.846
156,406.3,196.8,267.0,19.67,1.846
156,406.3,196.3,267.0,19.67,1.846
156,406.3,195.9,267.0,19.67,1.846
156,406.3,195.4,267.0,19.67,1.846
156,406.3,195.0,267.0,19.67,1.846
156,406.3,194.6,267.0,19.67,1.846
156,406.3,194.1,267.0,19.67,1.846
156,406.3,193.7,267.0,19.67,1.846
156,406.3,193.2,267.0,19.67,1.846
156,406.3,192.8,267.0,19.67,1.846
156,406.3,192.3,267.0,19.67,1.846
156,406.3,191.9,267.0,19.35,1.846
156,406.3,191.5,267.0,19.35,1.732
156,406.3,191.0,267.0,19.35,1.732
156,406.3,190.6,267.0,19.35,1.732
156,406.3,193.1,267.0,19.67,1.732
156,406.3,192.6,267.0,19.67,1.846
156,406.3,192.2,267.0,19.67,1.846
156,406.3,194.7,267.0,19.67,1.846
156,406.3,194.2,267.0,19.67,1.846
156,406.3,193.8,267.0,19.67,1.846
156,406.3,193.4,267.0,19.67,1.846
156,406.3,192.9,267.0,19.67,1.846
156,406.3,192.5,267.0,19.67,1.846
156,406.3,192.0,267.0,19.67,1.846
156,406.3,194.5,267.0,19.67,1.846
156,406.3,194.1,267.0,19.67,1.846
156,406.3,193.6,267.0,19.67,1.846
156,406.3,193.2,267.0,19.67,1.846
156,406.3,192.8,267.0,19.67,1.846
156,406.3,192.3,267.0,19.67,1.846
156,406.3,191.9,267.0,19.35,1.846
156,406.3,191.4,267.0,19.35,1.732
156,406.3,191.0,267.0,19.35,1.732
156,406.3,190.5,267.0,19.35,1.732
156,406.3,193.0,267.0,19.67,1.732
156,406.3,192.6,267.0,19.67,1.846
156,406.3,192.2,267.0,19.67,1.846
156,406.3,194.7,267.0,19.67,1.846
156,406.3,194.2,267.0,19.67,1.846
156,406.3,193.8,267.0,19.67,1.846
156,406.3,193.3,267.0,19.67,1.846
156,406.3,192.9,267.0,19.67,1.846
156,406.3,192.4,267.0,19.67,1.846
156,406.3,192.0,267.0,19.67,1.846
156,406.3,191.6,267.0,19.35,1.732
156,406.3,191.1,267.0,19.35,1.732
156,406.3,190.7,267.0,19.35,1.732
156,406.3,193.2,267.0,19.67,1.732
156,406.3,192.7,267.0,19.67,1.846
156,406.3,192.3,267.0,19.67,1.846
156,406.3,191.8,267.0,19.35,1.846
156,406.3,191.4,267.0,19.35,1.732
156,406.3,191.0,267.0,19.35,1.732
156,406.3,190.5,267.0,19.35,1.732
156,406.3,193.0,267.0,19.67,1.732
156,406.3,192.6,267.0,19.67,1.846
156,406.3,192.1,267.0,19.67,1.846
156,406.3,194.6,267.0,19.67,1.846
156,406.3,194.2,267.0,19.67,1.846
156,406.3,193.7,267.0,19.67,1.846
156,406.3,193.3,267.0,19.67,1.846
156,406.3,192.9,267.0,19.67,1.846
156,406.3,192.4,267.0,19.67,1.846
156,406.3,192.0,267.0,19.35,1.846
156,406.3,191.5,267.0,19.35,1.732
156,406.3,191.1,267.0,19.35,1.732
156,406.3,190.6,267.0,19.35,1.732
156,406.3,193.1,267.0,19.67,1.732
156,406.3,192.7,267.0,19.67,1.846
156,406.3,192.3,267.0,19.67,1.846
156,406.3,191.8,267.0,19.35,1.846
156,406.3,191.4,267.0,19.35,1.732
156,406.3,190.9,267.0,19.35,1.732
156,406.3,190.5,267.0,19.35,1.732
156,406.3,193.0,267.0,19.67,1.732
156,406.3,192.5,267.0,19.67,1.846
156,406.3,192.1,267.0,19.67,1.846
156,406.3,194.6,267.0,19.67,1.846
156,406.3,194.2,267.0,19.67,1.846
156,406.3,193.7,267.0,19.67,1.846
156,406.3,193.3,267.0,19.67,1.846
156,406.3,192.8,267.0,19.67,1.846
156,406.3,192.4,267.0,19.67,1.846
156,406.3,191.9,267.0,19.35,1.846
156,406.3,191.5,267.0,19.35,1.732
156,406.3,191.1,267.0,19.35,1.732
156,406.3,190.6,267.0,19.35,1.732
156,406.3,193.1,267.0,19.67,1.732
156,406.3,192.7,267.0,19.67,1.846
156,406.3,192.2,267.0,19.67,1.846
156,406.3,191.8,267.0,19.35,1.846
156,406.3,191.3,267.0,19.35,1.732
156,406.3,190.9,267.0,19.35,1.732
156,406.3,190.5,267.0,19.35,1.732
156,406.3,193.0,267.0,19.67,1.732
156,406.3,192.5,267.0,19.67,1.846
156,406.3,192.1,267.0,19.67,1.846
156,406.3,194.6,267.0,19.67,1.846
156,406.3,194.1,267.0,19.67,1.846
156,406.3,193.7,267.0,19.67,1.846
156,406.3,193.2,267.0,19.67,1.846
156,406.3,192.8,267.0,19.67,1.846
156,406.3,192.4,267.0,19.67,1.846
156,406.3,191.9,267.0,19.35,1.846
156,406.3,191.5,267.0,19.35,1.732
156,406.3,191.0,267.0,19.35,1.732
156,406.3,190.6,267.0,19.35,1.732
156,406.3,193.1,267.0,19.67,1.732
156,406.3,192.7,267.0,19.67,1.846
156,406.3,192.2,267.0,19.67,1.846
156,406.3,194.7,267.0,19.67,1.846
156,406.3,194.3,267.0,19.67,1.846
156,406.3,193.8,267.0,19.67,1.846
156,406.3,193.4,267.0,19.67,1.846
156,406.3,192.9,267.0,19.67,1.846
156,406.3,192.5,267.0,19.67,1.846
156,406.3,192.1,267.0,19.67,1.846
156,406.3,194.6,267.0,19.67,1.846
156,406.3,194.1,267.0,19.67,1.846
156,406.3,193.7,267.0,19.67,1.846
156,406.3,193.2,267.0,19.67,1.846
156,406.3,192.8,267.0,19.67,1.846
156,406.3,192.3,267.0,19.67,1.846
156,406.3,191.9,267.0,19.35,1.846
156,406.3,191.5,267.0,19.35,1.732
156,406.3,191.0,267.0,19.35,1.732
156,406.3,190.6,267.0,19.35,1.732
156,406.3,193.1,267.0,19.67,1.732
156,406.3,192.6,267.0,19.67,1.846
156,406.3,192.2,267.0,19.67,1.846
156,406.3,194.7,267.0,19.67,1.846
156,406.3,194.2,267.0,19.67,1.846
156,406.3,193.8,267.0,19.67,1.846
156,406.3,193.3,267.0,19.67,1.846
162,379.1,244.2,259.9,20.34,0.813
162,379.5,241.5,254.8,20.34,0.726
162,380.0,238.7,249.7,20.61,0.726
162,382.0,234.4,249.0,20.61,0.610
162,384.1,230.0,248.2,19.88,0.610
162,385.6,225.8,250.6,20.07,0.689
162,387.2,221.6,253.0,19.65,0.635
162,389.6,216.6,258.9,19.65,1.020
162,392.3,213.6,267.0,19.69,1.020
162,395.2,210.4,267.0,19.69,1.592
162,395.2,207.1,267.0,19.69,1.592
162,395.2,203.9,267.0,19.56,1.592
162,395.2,203.4,267.0,19.56,1.704
162,395.2,203.0,267.0,19.56,1.704
162,395.2,202.6,267.0,19.56,1.704
162,395.2,202.1,267.0,19.56,1.704
162,395.2,201.7,267.0,19.56,1.704
162,395.2,201.2,267.0,19.56,1.704
162,395.2,200.8,267.0,19.56,1.704
162,395.2,200.3,267.0,19.56,1.704
162,395.2,199.9,267.0,19.56,1.704
162,395.2,199.5,267.0,19.56,1.704
162,395.2,199.0,267.0,19.56,1.704
162,395.2,198.6,267.0,19.56,1.704
162,395.2,198.1,267.0,19.56,1.704
162,395.2,197.7,267.0,19.56,1.704
162,395.2,197.2,267.0,19.56,1.704
162,395.2,196.8,267.0,19.56,1.704
162,395.2,196.3,267.0,19.56,1.704
162,395.2,195.9,267.0,19.56,1.704
162,395.2,195.5,267.0,19.56,1.704
162,395.2,195.0,267.0,19.56,1.704
162,395.2,194.6,267.0,19.56,1.704
162,395.2,194.1,267.0,19.56,1.704
162,395.2,193.7,267.0,19.56,1.704
162,395.2,193.2,267.0,19.56,1.704
162,395.2,192.8,267.0,19.56,1.704
162,395.2,192.4,267.0,19.56,1.704
162,395.2,191.9,267.0,19.60,1.704
162,395.2,191.5,267.0,19.60,1.623
162,395.2,191.0,267.0,19.60,1.623
162,395.2,190.6,267.0,19.60,1.623
162,395.2,193.1,267.0,19.56,1.623
162,395.2,192.7,267.0,19.56,1.704
162,395.2,192.2,267.0,19.56,1.704
162,395.2,194.7,267.0,19.56,1.704
162,395.2,194.3,267.0,19.56,1.704
162,395.2,193.8,267.0,19.56,1.704
162,395.2,193.4,267.0,19.56,1.704
162,395.2,192.9,267.0,19.56,1.704
162,395.2,192.5,267.0,19.56,1.704
162,395.2,192.1,267.0,19.56,1.704
162,395.2,194.6,267.0,19.56,1.704
162,395.2,194.1,267.0,19.56,1.704
162,395.2,193.7,267.0,19.56,1.704
162,395.2,193.2,267.0,19.56,1.704
162,395.2,192.8,267.0,19.56,1.704
162,395.2,192.3,267.0,19.56,1.704
162,395.2,191.9,267.0,19.60,1.704
162,395.2,191.5,267.0,19.60,1.623
162,395.2,191.0,267.0,19.60,1.623
162,395.2,190.6,267.0,19.60,1.623
162,395.2,193.1,267.0,19.56,1.623
162,395.2,192.6,267.0,19.56,1.704
162,395.2,192.2,267.0,19.56,1.704
162,395.2,194.7,267.0,19.56,1.704
162,395.2,194.2,267.0,19.56,1.704
162,395.2,193.8,267.0,19.56,1.704
162,395.2,193.3,267.0,19.56,1.704
162,395.2,192.9,267.0,19.56,1.704
162,395.2,192.5,267.0,19.56,1.704
162,395.2,192.0,267.0,19.56,1.704
162,395.2,194.5,267.0,19.56,1.704
162,395.2,194.1,267.0,19.56,1.704
162,395.2,193.6,267.0,19.56,1.704
162,395.2,193.2,267.0,19.56,1.704
162,395.2,192.8,267.0,19.56,1.704
162,395.2,192.3,267.0,19.56,1.704
162,395.2,191.9,267.0,19.60,1.704
162,395.2,191.4,267.0,19.60,1.623
162,395.2,191.0,267.0,19.60,1.623
162,395.2,190.5,267.0,19.60,1.623
162,395.2,193.0,267.0,19.56,1.623
162,395.2,192.6,267.0,19.56,1.704
162,395.2,192.2,267.0,19.56,1.704
162,395.2,194.7,267.0,19.56,1.704
162,395.2,194.2,267.0,19.56,1.704
162,395.2,193.8,267.0,19.56,1.704
162,395.2,193.3,267.0,19.56,1.704
162,395.2,192.9,267.0,19.56,1.704
162,395.2,192.4,267.0,19.56,1.704
162,395.2,192.0,267.0,19.56,1.704
162,395.2,191.6,267.0,19.60,1.623
162,395.2,191.1,267.0,19.60,1.623
162,395.2,190.7,267.0,19.60,1.623
162,395.2,193.2,267.0,19.56,1.623
162,395.2,192.7,267.0,19.56,1.704
162,395.2,192.3,267.0,19.56,1.704
162,395.2,191.8,267.0,19.60,1.704
162,395.2,191.4,267.0,19.60,1.623
162,395.2,190.9,267.0,19.60,1.623
162,395.2,190.5,267.0,19.60,1.623
162,395.2,193.0,267.0,19.56,1.623
162,395.2,192.6,267.0,19.56,1.704
162,395.2,192.1,267.0,19.56,1.704
162,395.2,194.6,267.0,19.56,1.704
162,395.2,194.2,267.0,19.56,1.704
162,395.2,193.7,267.0,19.56,1.704
162,395.2,193.3,267.0,19.56,1.704
162,395.2,192.9,267.0,19.56,1.704
162,395.2,192.4,267.0,19.56,1.704
162,395.2,192.0,267.0,19.60,1.704
162,395.2,191.5,267.0,19.60,1.623
162,395.2,191.1,267.0,19.60,1.623
162,395.2,190.6,267.0,19.60,1.623
162,395.2,193.1,267.0,19.56,1.623
162,395.2,192.7,267.0,19.56,1.704
162,395.2,192.3,267.0,19.56,1.704
162,395.2,191.8,267.0,19.60,1.704
162,395.2,191.4,267.0,19.60,1.623
162,395.2,190.9,267.0,19.60,1.623
162,395.2,190.5,267.0,19.60,1.623
162,395.2,193.0,267.0,19.56,1.623
162,395.2,192.5,267.0,19.56,1.704
162,395.2,192.1,267.0,19.56,1.704
162,395.2,194.6,267.0,19.56,1.704
162,395.2,194.2,267.0,19.56,1.704
162,395.2,193.7,267.0,19.56,1.704
162,395.2,193.3,267.0,19.56,1.704
162,395.2,192.8,267.0,19.56,1.704
162,395.2,192.4,267.0,19.56,1.704
162,395.2,191.9,267.0,19.60,1.704
162,395.2,191.5,267.0,19.60,1.623
162,395.2,191.1,267.0,19.60,1.623
162,395.2,190.6,267.0,19.60,1.623
162,395.2,193.1,267.0,19.56,1.623
162,395.2,192.7,267.0,19.56,1.704
162,395.2,192.2,267.0,19.56,1.704
162,395.2,194.7,267.0,19.56,1.704
162,395.2,194.3,267.0,19.56,1.704
162,395.2,193.8,267.0,19.56,1.704
162,395.2,193.4,267.0,19.56,1.704
162,395.2,193.0,267.0,19.56,1.704
162,395.2,192.5,267.0,19.56,1.704
162,395.2,192.1,267.0,19.56,1.704
162,395.2,194.6,267.0,19.56,1.704
162,395.2,194.1,267.0,19.56,1.704
162,395.2,193.7,267.0,19.56,1.704
162,395.2,193.2,267.0,19.56,1.704
162,395.2,192.8,267.0,19.56,1.704
162,395.2,192.4,267.0,19.56,1.704
162,395.2,191.9,267.0,19.60,1.704
162,395.2,191.5,267.0,19.60,1.623
162,395.2,191.0,267.0,19.60,1.623
162,395.2,190.6,267.0,19.60,1.623
162,395.2,193.1,267.0,19.56,1.623
162,395.2,192.7,267.0,19.56,1.704
162,395.2,192.2,267.0,19.56,1.704
162,395.2,194.7,267.0,19.56,1.704
162,395.2,194.3,267.0,19.56,1.704
168,371.3,222.6,264.9,19.61,0.999
168,376.3,217.4,267.0,20.28,0.999
168,381.3,214.2,267.0,19.64,1.169
168,386.3,211.0,267.0,19.69,1.261
168,389.2,207.8,267.0,19.69,1.592
168,392.1,204.6,267.0,19.69,1.592
168,395.0,204.1,267.0,19.69,1.592
168,395.0,203.7,267.0,19.56,1.592
168,395.0,203.2,267.0,19.56,1.704
168,395.0,202.8,267.0,19.56,1.704
168,395.0,202.3,267.0,19.56,1.704
168,395.0,201.9,267.0,19.56,1.704
168,395.0,201.4,267.0,19.56,1.704
168,395.0,201.0,267.0,19.56,1.704
168,395.0,200.5,267.0,19.56,1.704
168,395.0,200.1,267.0,19.56,1.704
168,395.0,199.7,267.0,19.56,1.704
168,395.0,199.2,267.0,19.56,1.704
168,395.0,198.8,267.0,19.56,1.704
168,395.0,198.3,267.0,19.56,1.704
168,395.0,197.9,267.0,19.56,1.704
168,395.0,197.4,267.0,19.56,1.704
168,395.0,197.0,267.0,19.56,1.704
168,395.0,196.6,267.0,19.56,1.704
168,395.0,196.1,267.0,19.56,1.704
168,395.0,195.7,267.0,19.56,1.704
168,395.0,195.2,267.0,19.56,1.704
168,395.0,194.8,267.0,19.56,1.704
168,395.0,194.3,267.0,19.56,1.704
168,395.0,193.9,267.0,19.56,1.704
168,395.0,193.5,267.0,19.56,1.704
168,395.0,193.0,267.0,19.56,1.704
168,395.0,192.6,267.0,19.56,1.704
168,395.0,192.1,267.0,19.56,1.704
168,395.0,194.6,267.0,19.56,1.704
168,395.0,194.2,267.0,19.56,1.704
168,395.0,193.7,267.0,19.56,1.704
168,395.0,193.3,267.0,19.56,1.704
168,395.0,192.9,267.0,19.56,1.704
168,395.0,192.4,267.0,19.56,1.704
168,395.0,192.0,267.0,19.60,1.704
168,395.0,191.5,267.0,19.60,1.623
168,395.0,191.1,267.0,19.60,1.623
168,395.0,190.6,267.0,19.60,1.623
168,395.0,193.1,267.0,19.56,1.623
168,395.0,192.7,267.0,19.56,1.704
168,395.0,192.2,267.0,19.56,1.704
168,395.0,191.8,267.0,19.60,1.704
168,395.0,191.4,267.0,19.60,1.623
168,395.0,190.9,267.0,19.60,1.623
168,395.0,190.5,267.0,19.60,1.623
168,395.0,193.0,267.0,19.56,1.623
168,395.0,192.5,267.0,19.56,1.704
168,395.0,192.1,267.0,19.56,1.704
168,395.0,194.6,267.0,19.56,1.704
168,395.0,194.2,267.0,19.56,1.704
168,395.0,193.7,267.0,19.56,1.704
168,395.0,193.3,267.0,19.56,1.704
168,395.0,192.8,267.0,19.56,1.704
168,395.0,192.4,267.0,19.56,1.704
168,395.0,191.9,267.0,19.60,1.704
168,395.0,191.5,267.0,19.60,1.623
168,395.0,191.1,267.0,19.60,1.623
168,395.0,190.6,267.0,19.60,1.623
168,395.0,193.1,267.0,19.56,1.623
168,395.0,192.7,267.0,19.56,1.704
168,395.0,192.2,267.0,19.56,1.704
168,395.0,194.7,267.0,19.56,1.704
168,395.0,194.3,267.0,19.56,1.704
168,395.0,193.8,267.0,19.56,1.704
168,395.0,193.4,267.0,19.56,1.704
168,395.0,193.0,267.0,19.56,1.704
168,395.0,192.5,267.0,19.56,1.704
168,395.0,192.1,267.0,19.56,1.704
168,395.0,194.6,267.0,19.56,1.704
168,395.0,194.1,267.0,19.56,1.704
168,395.0,193.7,267.0,19.56,1.704
168,395.0,193.2,267.0,19.56,1.704
168,395.0,192.8,267.0,19.56,1.704
168,395.0,192.4,267.0,19.56,1.704
168,395.0,191.9,267.0,19.60,1.704
168,395.0,191.5,267.0,19.60,1.623
168,395.0,191.0,267.0,19.60,1.623
168,395.0,190.6,267.0,19.60,1.623
168,395.0,193.1,267.0,19.56,1.623
168,395.0,192.6,267.0,19.56,1.704
168,395.0,192.2,267.0,19.56,1.704
168,395.0,194.7,267.0,19.56,1.704
168,395.0,194.3,267.0,19.56,1.704
168,395.0,193.8,267.0,19.56,1.704
168,395.0,193.4,267.0,19.56,1.704
168,395.0,192.9,267.0,19.56,1.704
168,395.0,192.5,267.0,19.56,1.704
168,395.0,192.0,267.0,19.56,1.704
168,395.0,194.5,267.0,19.56,1.704
168,395.0,194.1,267.0,19.56,1.704
168,395.0,193.7,267.0,19.56,1.704
168,395.0,193.2,267.0,19.56,1.704
168,395.0,192.8,267.0,19.56,1.704
168,395.0,192.3,267.0,19.56,1.704
168,395.0,191.9,267.0,19.60,1.704
168,395.0,191.4,267.0,19.60,1.623
168,395.0,191.0,267.0,19.60,1.623
168,395.0,190.6,267.0,19.60,1.623
168,395.0,193.1,267.0,19.56,1.623
168,395.0,192.6,267.0,19.56,1.704
168,395.0,192.2,267.0,19.56,1.704
168,395.0,194.7,267.0,19.56,1.704
168,395.0,194.2,267.0,19.56,1.704
168,395.0,193.8,267.0,19.56,1.704
168,395.0,193.3,267.0,19.56,1.704
168,395.0,192.9,267.0,19.56,1.704
168,395.0,192.5,267.0,19.56,1.704
168,395.0,192.0,267.0,19.56,1.704
168,395.0,194.5,267.0,19.56,1.704
168,395.0,194.1,267.0,19.56,1.704
168,395.0,193.6,267.0,19.56,1.704
168,395.0,193.2,267.0,19.56,1.704
168,395.0,192.7,267.0,19.56,1.704
168,395.0,192.3,267.0,19.56,1.704
168,395.0,191.9,267.0,19.60,1.704
168,395.0,191.4,267.0,19.60,1.623
168,395.0,191.0,267.0,19.60,1.623
168,395.0,190.5,267.0,19.60,1.623
168,395.0,193.0,267.0,19.56,1.623
168,395.0,192.6,267.0,19.56,1.704
168,395.0,192.1,267.0,19.56,1.704
168,395.0,194.6,267.0,19.56,1.704
168,395.0,194.2,267.0,19.56,1.704
168,395.0,193.8,267.0,19.56,1.704
168,395.0,193.3,267.0,19.56,1.704
168,395.0,192.9,267.0,19.56,1.704
168,395.0,192.4,267.0,19.56,1.704
168,395.0,192.0,267.0,19.60,1.704
168,395.0,191.5,267.0,19.60,1.623
168,395.0,191.1,267.0,19.60,1.623
168,395.0,190.7,267.0,19.60,1.623
168,395.0,193.2,267.0,19.56,1.623
168,395.0,192.7,267.0,19.56,1.704
168,395.0,192.3,267.0,19.56,1.704
168,395.0,191.8,267.0,19.60,1.704
168,395.0,191.4,267.0,19.60,1.623
168,395.0,190.9,267.0,19.60,1.623
168,395.0,190.5,267.0,19.60,1.623
168,395.0,193.0,267.0,19.56,1.623
168,395.0,192.6,267.0,19.56,1.704
168,395.0,192.1,267.0,19.56,1.704
168,395.0,194.6,267.0,19.56,1.704
168,395.0,194.2,267.0,19.56,1.704
168,395.0,193.7,267.0,19.56,1.704
168,395.0,193.3,267.0,19.56,1.704
168,395.0,192.9,267.0,19.56,1.704
168,395.0,192.4,267.0,19.56,1.704
168,395.0,192.0,267.0,19.60,1.704
168,395.0,191.5,267.0,19.60,1.623
168,395.0,191.1,267.0,19.60,1.623
168,395.0,190.6,267.0,19.60,1.623
168,395.0,193.1,267.0,19.56,1.623
168,395.0,192.7,267.0,19.56,1.704
168,395.0,192.2,267.0,19.56,1.704
174,360.0,232.9,262.8,23.01,0.488
174,364.4,228.2,262.8,22.00,0.815
174,370.0,224.3,262.9,19.83,0.815
174,374.4,219.8,267.0,20.28,0.849
174,379.4,214.6,267.0,19.64,1.169
174,384.4,211.4,267.0,19.69,1.261
174,387.3,208.2,267.0,19.69,1.592
174,390.2,204.9,267.0,19.69,1.592
174,393.1,204.5,267.0,19.69,1.592
174,396.0,204.0,267.0,19.67,1.592
174,396.0,203.5,267.0,19.67,1.846
174,396.0,203.1,267.0,19.67,1.846
174,396.0,202.7,267.0,19.67,1.846
174,396.0,202.2,267.0,19.67,1.846
174,396.0,201.8,267.0,19.67,1.846
174,396.0,201.3,267.0,19.67,1.846
174,396.0,200.9,267.0,19.67,1.846
174,396.0,200.4,267.0,19.67,1.846
174,396.0,200.0,267.0,19.67,1.846
174,396.0,199.6,267.0,19.67,1.846
174,396.0,199.1,267.0,19.67,1.846
174,396.0,198.7,267.0,19.67,1.846
174,396.0,198.2,267.0,19.67,1.846
174,396.0,197.8,267.0,19.67,1.846
174,396.0,197.3,267.0,19.67,1.846
174,396.0,196.9,267.0,19.67,1.846
174,396.0,196.4,267.0,19.67,1.846
174,396.0,196.0,267.0,19.67,1.846
174,396.0,195.6,267.0,19.67,1.846
174,396.0,195.1,267.0,19.67,1.846
174,396.0,194.7,267.0,19.67,1.846
174,396.0,194.2,267.0,19.67,1.846
174,396.0,193.8,267.0,19.67,1.846
174,396.0,193.3,267.0,19.67,1.846
174,396.0,192.9,267.0,19.67,1.846
174,396.0,192.5,267.0,19.67,1.846
174,396.0,192.0,267.0,19.67,1.846
174,396.0,194.5,267.0,19.67,1.846
174,396.0,194.1,267.0,19.67,1.846
174,396.0,193.6,267.0,19.67,1.846
174,396.0,193.2,267.0,19.67,1.846
174,396.0,192.8,267.0,19.67,1.846
174,396.0,192.3,267.0,19.67,1.846
174,396.0,191.9,267.0,19.35,1.846
174,396.0,191.4,267.0,19.35,1.732
174,396.0,191.0,267.0,19.35,1.732
174,396.0,190.5,267.0,19.35,1.732
174,396.0,193.0,267.0,19.67,1.732
174,396.0,192.6,267.0,19.67,1.846
174,396.0,192.2,267.0,19.67,1.846
174,396.0,194.6,267.0,19.67,1.846
174,396.0,194.2,267.0,19.67,1.846
174,396.0,193.8,267.0,19.67,1.846
174,396.0,193.3,267.0,19.67,1.846
174,396.0,192.9,267.0,19.67,1.846
174,396.0,192.4,267.0,19.67,1.846
174,396.0,192.0,267.0,19.67,1.846
174,396.0,191.6,267.0,19.35,1.732
174,396.0,191.1,267.0,19.35,1.732
174,396.0,190.7,267.0,19.35,1.732
174,396.0,193.2,267.0,19.67,1.732
174,396.0,192.7,267.0,19.67,1.846
174,396.0,192.3,267.0,19.67,1.846
174,396.0,191.8,267.0,19.35,1.846
174,396.0,191.4,267.0,19.35,1.732
174,396.0,190.9,267.0,19.35,1.732
174,396.0,190.5,267.0,19.35,1.732
174,396.0,193.0,267.0,19.67,1.732
174,396.0,192.6,267.0,19.67,1.846
174,396.0,192.1,267.0,19.67,1.846
174,396.0,194.6,267.0,19.67,1.846
174,396.0,194.2,267.0,19.67,1.846
174,396.0,193.7,267.0,19.67,1.846
174,396.0,193.3,267.0,19.67,1.846
174,396.0,192.9,267.0,19.67,1.846
174,396.0,192.4,267.0,19.67,1.846
174,396.0,192.0,267.0,19.35,1.846
174,396.0,191.5,267.0,19.35,1.732
174,396.0,191.1,267.0,19.35,1.732
174,396.0,190.6,267.0,19.35,1.732
174,396.0,193.1,267.0,19.67,1.732
174,396.0,192.7,267.0,19.67,1.846
174,396.0,192.2,267.0,19.67,1.846
174,396.0,191.8,267.0,19.35,1.846
174,396.0,191.4,267.0,19.35,1.732
174,396.0,190.9,267.0,19.35,1.732
174,396.0,190.5,267.0,19.35,1.732
174,396.0,193.0,267.0,19.67,1.732
174,396.0,192.5,267.0,19.67,1.846
174,396.0,192.1,267.0,19.67,1.846
174,396.0,194.6,267.0,19.67,1.846
174,396.0,194.2,267.0,19.67,1.846
174,396.0,193.7,267.0,19.67,1.846
174,396.0,193.3,267.0,19.67,1.846
174,396.0,192.8,267.0,19.67,1.846
174,396.0,192.4,267.0,19.67,1.846
174,396.0,191.9,267.0,19.35,1.846
174,396.0,191.5,267.0,19.35,1.732
174,396.0,191.1,267.0,19.35,1.732
174,396.0,190.6,267.0,19.35,1.732
174,396.0,193.1,267.0,19.67,1.732
174,396.0,192.7,267.0,19.67,1.846
174,396.0,192.2,267.0,19.67,1.846
174,396.0,191.8,267.0,19.35,1.846
174,396.0,191.3,267.0,19.35,1.732
174,396.0,190.9,267.0,19.35,1.732
174,396.0,190.5,267.0,19.35,1.732
174,396.0,193.0,267.0,19.67,1.732
174,396.0,192.5,267.0,19.67,1.846
174,396.0,192.1,267.0,19.67,1.846
174,396.0,194.6,267.0,19.67,1.846
174,396.0,194.1,267.0,19.67,1.846
174,396.0,193.7,267.0,19.67,1.846
174,396.0,193.2,267.0,19.67,1.846
174,396.0,192.8,267.0,19.67,1.846
174,396.0,192.4,267.0,19.67,1.846
174,396.0,191.9,267.0,19.35,1.846
174,396.0,191.5,267.0,19.35,1.732
174,396.0,191.0,267.0,19.35,1.732
174,396.0,190.6,267.0,19.35,1.732
174,396.0,193.1,267.0,19.67,1.732
174,396.0,192.6,267.0,19.67,1.846
174,396.0,192.2,267.0,19.67,1.846
174,396.0,194.7,267.0,19.67,1.846
174,396.0,194.3,267.0,19.67,1.846
174,396.0,193.8,267.0,19.67,1.846
174,396.0,193.4,267.0,19.67,1.846
174,396.0,192.9,267.0,19.67,1.846
174,396.0,192.5,267.0,19.67,1.846
174,396.0,192.0,267.0,19.67,1.846
174,396.0,194.6,267.0,19.67,1.846
174,396.0,194.1,267.0,19.67,1.846
174,396.0,193.7,267.0,19.67,1.846
174,396.0,193.2,267.0,19.67,1.846
174,396.0,192.8,267.0,19.67,1.846
174,396.0,192.3,267.0,19.67,1.846
174,396.0,191.9,267.0,19.35,1.846
174,396.0,191.4,267.0,19.35,1.732
174,396.0,191.0,267.0,19.35,1.732
174,396.0,190.6,267.0,19.35,1.732
174,396.0,193.1,267.0,19.67,1.732
174,396.0,192.6,267.0,19.67,1.846
174,396.0,192.2,267.0,19.67,1.846
174,396.0,194.7,267.0,19.67,1.846
174,396.0,194.2,267.0,19.67,1.846
174,396.0,193.8,267.0,19.67,1.846
174,396.0,193.3,267.0,19.67,1.846
174,396.0,192.9,267.0,19.67,1.846
174,396.0,192.5,267.0,19.67,1.846
174,396.0,192.0,267.0,19.67,1.846
174,396.0,194.5,267.0,19.67,1.846
174,396.0,194.1,267.0,19.67,1.846
174,396.0,193.6,267.0,19.67,1.846
174,396.0,193.2,267.0,19.67,1.846
174,396.0,192.8,267.0,19.67,1.846
174,396.0,192.3,267.0,19.67,1.846
174,396.0,191.9,267.0,19.35,1.846
174,396.0,191.4,267.0,19.35,1.732
174,396.0,191.0,267.0,19.35,1.732
174,396.0,190.5,267.0,19.35,1.732
180,418.9,247.4,260.0,20.06,0.835
180,418.6,244.2,255.0,20.06,0.739
180,418.4,241.0,250.1,21.08,0.739
180,417.2,235.8,248.8,19.88,0.558
180,416.1,230.5,247.6,19.88,0.689
180,414.5,226.3,249.9,20.07,0.689
180,413.0,222.1,252.3,19.65,0.635
180,410.5,217.1,258.3,19.65,1.020
180,407.9,214.1,267.0,19.58,1.020
180,407.9,210.9,267.0,19.58,1.592
180,407.9,207.6,267.0,19.58,1.592
180,407.9,204.4,267.0,19.58,1.592
180,407.9,204.0,267.0,19.67,1.592
180,407.9,203.5,267.0,19.67,1.704
180,407.9,203.1,267.0,19.67,1.704
180,407.9,202.6,267.0,19.67,1.704
180,407.9,202.2,267.0,19.67,1.704
180,407.9,201.7,267.0,19.67,1.704
180,407.9,201.3,267.0,19.67,1.704
180,407.9,200.9,267.0,19.67,1.704
180,407.9,200.4,267.0,19.67,1.704
180,407.9,200.0,267.0,19.67,1.704
180,407.9,199.5,267.0,19.67,1.704
180,407.9,199.1,267.0,19.67,1.704
180,407.9,198.6,267.0,19.67,1.704
180,407.9,198.2,267.0,19.67,1.704
180,407.9,197.8,267.0,19.67,1.704
180,407.9,197.3,267.0,19.67,1.704
180,407.9,196.9,267.0,19.67,1.704
180,407.9,196.4,267.0,19.67,1.704
180,407.9,196.0,267.0,19.67,1.704
180,407.9,195.5,267.0,19.67,1.704
180,407.9,195.1,267.0,19.67,1.704
180,407.9,194.6,267.0,19.67,1.704
180,407.9,194.2,267.0,19.67,1.704
180,407.9,193.8,267.0,19.67,1.704
180,407.9,193.3,267.0,19.67,1.704
180,407.9,192.9,267.0,19.67,1.704
180,407.9,192.4,267.0,19.67,1.704
180,407.9,192.0,267.0,19.35,1.704
180,407.9,191.6,267.0,19.35,1.623
180,407.9,191.1,267.0,19.35,1.623
180,407.9,190.7,267.0,19.35,1.623
180,407.9,193.2,267.0,19.67,1.623
180,407.9,192.7,267.0,19.67,1.704
180,407.9,192.3,267.0,19.67,1.704
180,407.9,191.8,267.0,19.35,1.704
180,407.9,191.4,267.0,19.35,1.623
180,407.9,190.9,267.0,19.35,1.623
180,407.9,190.5,267.0,19.35,1.623
180,407.9,193.0,267.0,19.67,1.623
180,407.9,192.6,267.0,19.67,1.704
180,407.9,192.1,267.0,19.67,1.704
180,407.9,194.6,267.0,19.67,1.704
180,407.9,194.2,267.0,19.67,1.704
180,407.9,193.7,267.0,19.67,1.704
180,407.9,193.3,267.0,19.67,1.704
180,407.9,192.9,267.0,19.67,1.704
180,407.9,192.4,267.0,19.67,1.704
180,407.9,192.0,267.0,19.35,1.704
180,407.9,191.5,267.0,19.35,1.623
180,407.9,191.1,267.0,19.35,1.623
180,407.9,190.6,267.0,19.35,1.623
180,407.9,193.1,267.0,19.67,1.623
180,407.9,192.7,267.0,19.67,1.704
180,407.9,192.2,267.0,19.67,1.704
180,407.9,191.8,267.0,19.35,1.704
180,407.9,191.4,267.0,19.35,1.623
180,407.9,190.9,267.0,19.35,1.623
180,407.9,190.5,267.0,19.35,1.623
180,407.9,193.0,267.0,19.67,1.623
180,407.9,192.5,267.0,19.67,1.704
180,407.9,192.1,267.0,19.67,1.704
180,407.9,194.6,267.0,19.67,1.704
180,407.9,194.2,267.0,19.67,1.704
180,407.9,193.7,267.0,19.67,1.704
180,407.9,193.3,267.0,19.67,1.704
180,407.9,192.8,267.0,19.67,1.704
180,407.9,192.4,267.0,19.67,1.704
180,407.9,191.9,267.0,19.35,1.704
180,407.9,191.5,267.0,19.35,1.623
180,407.9,191.1,267.0,19.35,1.623
180,407.9,190.6,267.0,19.35,1.623
180,407.9,193.1,267.0,19.67,1.623
180,407.9,192.7,267.0,19.67,1.704
180,407.9,192.2,267.0,19.67,1.704
180,407.9,194.7,267.0,19.67,1.704
180,407.9,194.3,267.0,19.67,1.704
180,407.9,193.8,267.0,19.67,1.704
180,407.9,193.4,267.0,19.67,1.704
180,407.9,193.0,267.0,19.67,1.704
180,407.9,192.5,267.0,19.67,1.704
180,407.9,192.1,267.0,19.67,1.704
180,407.9,194.6,267.0,19.67,1.704
180,407.9,194.1,267.0,19.67,1.704
180,407.9,193.7,267.0,19.67,1.704
180,407.9,193.2,267.0,19.67,1.704
180,407.9,192.8,267.0,19.67,1.704
180,407.9,192.4,267.0,19.67,1.704
180,407.9,191.9,267.0,19.35,1.704
180,407.9,191.5,267.0,19.35,1.623
180,407.9,191.0,267.0,19.35,1.623
180,407.9,190.6,267.0,19.35,1.623
180,407.9,193.1,267.0,19.67,1.623
180,407.9,192.6,267.0,19.67,1.704
180,407.9,192.2,267.0,19.67,1.704
180,407.9,194.7,267.0,19.67,1.704
180,407.9,194.3,267.0,19.67,1.704
180,407.9,193.8,267.0,19.67,1.704
180,407.9,193.4,267.0,19.67,1.704
180,407.9,192.9,267.0,19.67,1.704
180,407.9,192.5,267.0,19.67,1.704
180,407.9,192.0,267.0,19.67,1.704
180,407.9,194.5,267.0,19.67,1.704
180,407.9,194.1,267.0,19.67,1.704
180,407.9,193.7,267.0,19.67,1.704
180,407.9,193.2,267.0,19.67,1.704
180,407.9,192.8,267.0,19.67,1.704
180,407.9,192.3,267.0,19.67,1.704
180,407.9,191.9,267.0,19.35,1.704
180,407.9,191.4,267.0,19.35,1.623
180,407.9,191.0,267.0,19.35,1.623
180,407.9,190.6,267.0,19.35,1.623
180,407.9,193.1,267.0,19.67,1.623
180,407.9,192.6,267.0,19.67,1.704
180,407.9,192.2,267.0,19.67,1.704
180,407.9,194.7,267.0,19.67,1.704
180,407.9,194.2,267.0,19.67,1.704
180,407.9,193.8,267.0,19.67,1.704
180,407.9,193.3,267.0,19.67,1.704
180,407.9,192.9,267.0,19.67,1.704
180,407.9,192.5,267.0,19.67,1.704
180,407.9,192.0,267.0,19.67,1.704
180,407.9,194.5,267.0,19.67,1.704
180,407.9,194.1,267.0,19.67,1.704
180,407.9,193.6,267.0,19.67,1.704
180,407.9,193.2,267.0,19.67,1.704
180,407.9,192.7,267.0,19.67,1.704
180,407.9,192.3,267.0,19.67,1.704
180,407.9,191.9,267.0,19.35,1.704
180,407.9,191.4,267.0,19.35,1.623
180,407.9,191.0,267.0,19.35,1.623
180,407.9,190.5,267.0,19.35,1.623
180,407.9,193.0,267.0,19.67,1.623
180,407.9,192.6,267.0,19.67,1.704
180,407.9,192.1,267.0,19.67,1.704
180,407.9,194.6,267.0,19.67,1.704
180,407.9,194.2,267.0,19.67,1.704
180,407.9,193.8,267.0,19.67,1.704
180,407.9,193.3,267.0,19.67,1.704
180,407.9,192.9,267.0,19.67,1.704
180,407.9,192.4,267.0,19.67,1.704
180,407.9,192.0,267.0,19.35,1.704
180,407.9,191.5,267.0,19.35,1.623
180,407.9,191.1,267.0,19.35,1.623
180,407.9,190.7,267.0,19.35,1.623
180,407.9,193.2,267.0,19.67,1.623
180,407.9,192.7,267.0,19.67,1.704
180,407.9,192.3,267.0,19.67,1.704
180,407.9,191.8,267.0,19.35,1.704
186,398.5,228.1,264.3,18.46,0.845
186,398.5,223.0,267.0,19.15,0.845
186,398.5,217.7,267.0,19.15,1.247
186,398.5,214.5,267.0,19.58,1.247
186,398.5,211.3,267.0,19.58,1.685
186,398.5,208.0,267.0,19.58,1.685
186,398.5,204.8,267.0,19.58,1.685
186,398.5,204.3,267.0,19.58,1.685
186,398.5,203.9,267.0,19.67,1.685
186,398.5,203.5,267.0,19.67,1.846
186,398.5,203.0,267.0,19.67,1.846
186,398.5,202.6,267.0,19.67,1.846
186,398.5,202.1,267.0,19.67,1.846
186,398.5,201.7,267.0,19.67,1.846
186,398.5,201.3,267.0,19.67,1.846
186,398.5,200.8,267.0,19.67,1.846
186,398.5,200.4,267.0,19.67,1.846
186,398.5,199.9,267.0,19.67,1.846
186,398.5,199.5,267.0,19.67,1.846
186,398.5,199.0,267.0,19.67,1.846
186,398.5,198.6,267.0,19.67,1.846
186,398.5,198.1,267.0,19.67,1.846
186,398.5,197.7,267.0,19.67,1.846
186,398.5,197.3,267.0,19.67,1.846
186,398.5,196.8,267.0,19.67,1.846
186,398.5,196.4,267.0,19.67,1.846
186,398.5,195.9,267.0,19.67,1.846
186,398.5,195.5,267.0,19.67,1.846
186,398.5,195.0,267.0,19.67,1.846
186,398.5,194.6,267.0,19.67,1.846
186,398.5,194.2,267.0,19.67,1.846
186,398.5,193.7,267.0,19.67,1.846
186,398.5,193.3,267.0,19.67,1.846
186,398.5,192.8,267.0,19.67,1.846
186,398.5,192.4,267.0,19.67,1.846
186,398.5,191.9,267.0,19.35,1.846
186,398.5,191.5,267.0,19.35,1.732
186,398.5,191.1,267.0,19.35,1.732
186,398.5,190.6,267.0,19.35,1.732
186,398.5,193.1,267.0,19.67,1.732
186,398.5,192.7,267.0,19.67,1.846
186,398.5,192.2,267.0,19.67,1.846
186,398.5,191.8,267.0,19.35,1.846
186,398.5,191.3,267.0,19.35,1.732
186,398.5,190.9,267.0,19.35,1.732
186,398.5,190.5,267.0,19.35,1.732
186,398.5,193.0,267.0,19.67,1.732
186,398.5,192.5,267.0,19.67,1.846
186,398.5,192.1,267.0,19.67,1.846
186,398.5,194.6,267.0,19.67,1.846
186,398.5,194.1,267.0,19.67,1.846
186,398.5,193.7,267.0,19.67,1.846
186,398.5,193.2,267.0,19.67,1.846
186,398.5,192.8,267.0,19.67,1.846
186,398.5,192.4,267.0,19.67,1.846
186,398.5,191.9,267.0,19.35,1.846
186,398.5,191.5,267.0,19.35,1.732
186,398.5,191.0,267.0,19.35,1.732
186,398.5,190.6,267.0,19.35,1.732
186,398.5,193.1,267.0,19.67,1.732
186,398.5,192.6,267.0,19.67,1.846
186,398.5,192.2,267.0,19.67,1.846
186,398.5,194.7,267.0,19.67,1.846
186,398.5,194.3,267.0,19.67,1.846
186,398.5,193.8,267.0,19.67,1.846
186,398.5,193.4,267.0,19.67,1.846
186,398.5,192.9,267.0,19.67,1.846
186,398.5,192.5,267.0,19.67,1.846
186,398.5,192.0,267.0,19.67,1.846
186,398.5,194.5,267.0,19.67,1.846
186,398.5,194.1,267.0,19.67,1.846
186,398.5,193.7,267.0,19.67,1.846
186,398.5,193.2,267.0,19.67,1.846
186,398.5,192.8,267.0,19.67,1.846
186,398.5,192.3,267.0,19.67,1.846
186,398.5,191.9,267.0,19.35,1.846
186,398.5,191.4,267.0,19.35,1.732
186,398.5,191.0,267.0,19.35,1.732
186,398.5,190.6,267.0,19.35,1.732
186,398.5,193.1,267.0,19.67,1.732
186,398.5,192.6,267.0,19.67,1.846
186,398.5,192.2,267.0,19.67,1.846
186,398.5,194.7,267.0,19.67,1.846
186,398.5,194.2,267.0,19.67,1.846
186,398.5,193.8,267.0,19.67,1.846
186,398.5,193.3,267.0,19.67,1.846
186,398.5,192.9,267.0,19.67,1.846
186,398.5,192.5,267.0,19.67,1.846
186,398.5,192.0,267.0,19.67,1.846
186,398.5,194.5,267.0,19.67,1.846
186,398.5,194.1,267.0,19.67,1.846
186,398.5,193.6,267.0,19.67,1.846
186,398.5,193.2,267.0,19.67,1.846
186,398.5,192.7,267.0,19.67,1.846
186,398.5,192.3,267.0,19.67,1.846
186,398.5,191.9,267.0,19.35,1.846
186,398.5,191.4,267.0,19.35,1.732
186,398.5,191.0,267.0,19.35,1.732
186,398.5,190.5,267.0,19.35,1.732
186,398.5,193.0,267.0,19.67,1.732
186,398.5,192.6,267.0,19.67,1.846
186,398.5,192.1,267.0,19.67,1.846
186,398.5,194.6,267.0,19.67,1.846
186,398.5,194.2,267.0,19.67,1.846
186,398.5,193.8,267.0,19.67,1.846
186,398.5,193.3,267.0,19.67,1.846
186,398.5,192.9,267.0,19.67,1.846
186,398.5,192.4,267.0,19.67,1.846
186,398.5,192.0,267.0,19.35,1.846
186,398.5,191.5,267.0,19.35,1.732
186,398.5,191.1,267.0,19.35,1.732
186,398.5,190.7,267.0,19.35,1.732
186,398.5,193.2,267.0,19.67,1.732
186,398.5,192.7,267.0,19.67,1.846
186,398.5,192.3,267.0,19.67,1.846
186,398.5,191.8,267.0,19.35,1.846
186,398.5,191.4,267.0,19.35,1.732
186,398.5,190.9,267.0,19.35,1.732
186,398.5,190.5,267.0,19.35,1.732
186,398.5,193.0,267.0,19.67,1.732
186,398.5,192.6,267.0,19.67,1.846
186,398.5,192.1,267.0,19.67,1.846
186,398.5,194.6,267.0,19.67,1.846
186,398.5,194.2,267.0,19.67,1.846
186,398.5,193.7,267.0,19.67,1.846
186,398.5,193.3,267.0,19.67,1.846
186,398.5,192.9,267.0,19.67,1.846
186,398.5,192.4,267.0,19.67,1.846
186,398.5,192.0,267.0,19.35,1.846
186,398.5,191.5,267.0,19.35,1.732
186,398.5,191.1,267.0,19.35,1.732
186,398.5,190.6,267.0,19.35,1.732
186,398.5,193.1,267.0,19.67,1.732
186,398.5,192.7,267.0,19.67,1.846
186,398.5,192.2,267.0,19.67,1.846
186,398.5,191.8,267.0,19.35,1.846
186,398.5,191.4,267.0,19.35,1.732
186,398.5,190.9,267.0,19.35,1.732
186,398.5,190.5,267.0,19.35,1.732
186,398.5,193.0,267.0,19.67,1.732
186,398.5,192.5,267.0,19.67,1.846
186,398.5,192.1,267.0,19.67,1.846
186,398.5,194.6,267.0,19.67,1.846
186,398.5,194.2,267.0,19.67,1.846
186,398.5,193.7,267.0,19.67,1.846
186,398.5,193.3,267.0,19.67,1.846
186,398.5,192.8,267.0,19.67,1.846
186,398.5,192.4,267.0,19.67,1.846
186,398.5,191.9,267.0,19.35,1.846
186,398.5,191.5,267.0,19.35,1.732
186,398.5,191.1,267.0,19.35,1.732
186,398.5,190.6,267.0,19.35,1.732
186,398.5,193.1,267.0,19.67,1.732
186,398.5,192.7,267.0,19.67,1.846
186,398.5,192.2,267.0,19.67,1.846
186,398.5,194.7,267.0,19.67,1.846
186,398.5,194.3,267.0,19.67,1.846
186,398.5,193.8,267.0,19.67,1.846
186,398.5,193.4,267.0,19.67,1.846
186,398.5,192.9,267.0,19.67,1.846
192,404.3,153.5,259.9,21.29,0.827
192,404.3,156.5,254.9,18.34,0.733
192,404.3,160.6,249.1,19.54,1.120
192,404.3,164.6,243.4,19.54,0.881
192,404.3,168.7,237.6,19.92,0.881
192,404.3,171.0,234.0,19.92,0.539
192,404.3,173.3,230.3,19.92,0.539
192,404.3,175.6,226.7,20.13,0.539
192,404.3,177.1,222.4,20.13,0.572
192,404.3,178.6,218.1,20.13,0.572
192,404.3,179.6,213.2,20.26,0.572
192,404.3,179.8,209.6,20.26,0.616
192,404.3,180.0,206.0,20.26,0.616
192,404.3,180.1,201.6,20.24,0.616
192,404.3,180.1,197.3,20.24,0.543
192,404.3,180.2,192.9,20.24,0.543
192,404.3,180.2,188.1,20.28,0.543
192,404.3,180.2,183.3,20.28,0.603
192,404.3,180.2,178.5,20.32,0.603
192,404.3,180.1,173.1,20.32,0.676
192,404.3,180.0,167.7,20.48,0.676
192,404.3,179.8,162.1,20.48,0.749
192,404.3,179.9,156.1,20.48,0.749
192,404.3,180.0,150.0,20.49,0.749
192,404.3,180.0,143.8,20.36,0.764
192,404.3,180.0,137.6,20.36,0.736
192,404.3,180.0,131.4,20.39,0.736
192,404.3,180.0,125.1,20.53,0.750
192,404.3,180.0,118.8,20.53,0.789
192,404.3,179.9,112.3,20.53,0.810
192,404.3,179.8,105.8,20.54,0.810
192,404.3,179.6,99.3,20.54,0.817
192,404.3,179.5,92.7,20.55,0.817
192,404.3,179.4,86.2,20.55,0.823
192,404.3,179.2,79.6,20.55,0.823
192,404.3,179.0,73.0,20.55,0.824
192,404.3,178.8,66.4,20.56,0.824
192,404.3,178.6,59.9,20.56,0.819
192,404.3,178.2,53.7,20.56,0.772
192,404.3,177.9,47.5,20.57,0.772
192,404.3,177.6,41.8,20.57,0.719
192,404.3,177.2,36.1,20.57,0.719
192,404.3,176.7,31.0,20.57,0.719
192,404.3,176.2,25.9,20.57,0.635
192,404.3,175.6,21.9,20.56,0.635
192,404.3,175.0,18.0,20.56,0.505
192,404.3,174.4,14.0,20.56,0.505
192,404.3,173.6,11.2,20.61,0.505
192,404.3,172.8,8.5,20.61,0.354
192,404.3,172.0,5.8,20.61,0.354
192,404.3,171.3,3.1,20.61,0.354
192,404.3,170.5,3.0,20.61,0.354
192,404.3,169.7,3.0,20.61,0.354
192,404.3,168.9,3.0,20.61,0.354
192,404.3,168.1,3.0,20.61,0.354
192,404.3,166.6,3.0,20.80,0.354
192,404.3,165.1,3.0,20.80,0.373
192,404.3,163.5,3.0,20.80,0.373
192,404.3,162.0,3.0,20.80,0.373
192,404.3,160.5,3.0,20.80,0.373
192,404.3,159.0,3.0,20.80,0.373
192,404.3,157.4,3.0,20.80,0.373
192,404.3,155.9,3.0,21.03,0.373
192,404.3,153.7,3.0,21.03,0.392
192,404.3,151.4,3.0,21.03,0.392
192,404.3,149.2,3.0,21.03,0.392
192,404.3,147.0,3.0,21.03,0.392
192,404.3,144.8,3.0,21.03,0.392
192,404.3,142.0,3.0,21.26,0.392
192,404.3,139.3,3.0,21.26,0.413
192,404.3,136.5,3.0,21.26,0.413
192,404.3,133.7,3.0,21.26,0.413
192,404.3,131.0,3.0,21.57,0.413
192,404.3,127.8,3.0,21.57,0.431
192,404.3,124.7,3.0,21.57,0.431
192,404.3,121.6,3.0,21.57,0.431
192,404.3,118.5,3.0,21.82,0.431
192,404.3,115.0,3.0,21.82,0.447
192,404.3,111.6,3.0,21.82,0.447
192,404.3,108.2,3.0,21.82,0.447
192,404.3,104.7,3.0,21.96,0.447
192,404.3,101.2,3.0,21.96,0.445
192,404.3,97.7,3.0,21.96,0.445
192,404.3,94.3,3.0,22.09,0.445
192,404.3,90.8,3.0,22.09,0.438
192,404.3,87.4,3.0,22.09,0.438
192,404.3,83.9,3.0,22.21,0.438
192,404.3,80.6,3.0,22.21,0.428
192,404.3,77.2,3.0,22.21,0.428
192,404.3,73.8,3.0,22.21,0.428
192,404.3,70.4,3.0,22.35,0.428
192,404.3,67.1,3.0,22.35,0.415
192,404.3,63.8,3.0,22.35,0.415
192,404.3,60.6,3.0,22.35,0.415
192,404.3,57.5,3.0,22.47,0.415
192,404.3,54.5,3.0,22.47,0.381
192,404.3,51.4,3.0,22.47,0.381
192,404.3,48.4,3.0,22.47,0.381
192,404.3,45.6,3.0,22.53,0.381
192,404.3,42.7,3.0,22.53,0.356
192,404.3,39.9,3.0,22.53,0.356
192,404.3,37.0,3.0,22.53,0.356
192,404.3,34.5,3.0,22.57,0.356
192,404.3,31.9,3.1,22.57,0.321
192,404.3,29.3,3.1,22.57,0.321
192,404.3,26.8,3.2,22.57,0.321
192,404.3,24.2,3.3,22.57,0.321
192,404.3,22.1,3.6,22.60,0.321
192,404.3,20.1,4.0,22.60,0.262
192,404.3,18.0,4.4,22.60,0.262
192,404.3,16.0,4.8,22.60,0.262
192,404.3,13.9,5.1,22.60,0.262
192,404.3,11.8,5.5,22.70,0.262
192,404.3,10.4,6.4,22.70,0.213
192,404.3,8.9,7.3,22.70,0.213
192,404.3,7.5,8.2,22.70,0.213
192,404.3,6.0,9.1,22.70,0.213
192,404.3,4.6,10.0,22.70,0.213
192,404.3,3.1,10.8,22.70,0.213
192,404.3,3.0,11.7,22.70,0.213
192,404.3,3.0,13.2,22.83,0.213
192,404.3,3.0,14.6,22.83,0.205
192,404.3,3.0,16.0,22.83,0.205
192,404.3,3.0,17.4,22.83,0.205
192,404.3,3.0,18.8,22.83,0.205
192,404.3,3.0,20.2,22.83,0.205
192,404.3,3.0,21.6,22.83,0.205
192,404.3,3.0,23.0,22.83,0.205
192,404.3,3.0,24.4,22.92,0.205
192,404.3,3.0,26.1,22.92,0.214
192,404.3,3.0,27.7,22.92,0.214
192,404.3,3.0,29.3,22.92,0.214
192,404.3,3.0,31.0,22.92,0.214
192,404.3,3.0,32.6,22.92,0.214
192,404.3,3.0,34.2,22.92,0.214
192,404.3,3.0,35.9,22.92,0.214
192,404.3,3.0,37.5,23.00,0.214
192,404.3,3.0,39.2,23.00,0.213
192,404.3,3.0,40.9,23.00,0.213
192,404.3,3.0,42.6,23.00,0.213
192,404.3,3.0,44.2,23.00,0.213
192,404.3,3.0,45.9,23.00,0.213
192,404.3,3.0,47.6,23.00,0.213
192,404.3,3.0,49.2,23.07,0.213
192,404.3,3.0,50.9,23.07,0.205
192,404.3,3.0,52.5,23.07,0.205
192,404.3,3.0,54.1,23.07,0.205
192,404.3,3.0,55.8,23.07,0.205
192,404.3,3.0,57.4,23.07,0.205
192,404.3,3.0,59.0,23.07,0.205
192,404.3,3.0,60.6,23.16,0.205
192,404.3,3.0,62.1,23.16,0.181
192,404.3,3.0,63.5,23.16,0.181
192,404.3,3.0,65.0,23.16,0.181
192,404.3,3.0,66.4,23.16,0.181
192,404.3,3.0,67.9,23.16,0.181
192,404.3,3.0,69.3,23.16,0.181
192,404.3,3.0,70.8,23.16,0.181
192,404.3,3.0,72.2,23.25,0.181
192,404.3,3.0,73.6,23.25,0.169
198,435.6,200.3,257.5,18.46,1.304
198,430.6,200.0,250.0,19.70,1.129
198,425.2,199.6,248.6,19.70,0.689
198,419.9,199.2,247.3,19.96,0.689
198,417.6,198.7,252.2,19.63,0.689
198,414.8,198.2,262.3,19.63,1.310
198,411.9,197.8,267.0,19.56,1.310
198,409.0,197.3,267.0,19.56,1.704
198,409.0,196.8,267.0,19.56,1.704
198,409.0,196.4,267.0,19.56,1.704
198,409.0,196.0,267.0,19.56,1.704
198,409.0,195.5,267.0,19.56,1.704
198,409.0,195.1,267.0,19.56,1.704
198,409.0,194.6,267.0,19.56,1.704
198,409.0,194.2,267.0,19.56,1.704
198,409.0,193.7,267.0,19.56,1.704
198,409.0,193.3,267.0,19.56,1.704
198,409.0,192.9,267.0,19.56,1.704
198,409.0,192.4,267.0,19.56,1.704
198,409.0,192.0,267.0,19.60,1.704
198,409.0,191.5,267.0,19.60,1.623
198,409.0,191.1,267.0,19.60,1.623
198,409.0,190.6,267.0,19.60,1.623
198,409.0,193.1,267.0,19.56,1.623
198,409.0,192.7,267.0,19.56,1.704
198,409.0,192.3,267.0,19.56,1.704
198,409.0,191.8,267.0,19.60,1.704
198,409.0,191.4,267.0,19.60,1.623
198,409.0,190.9,267.0,19.60,1.623
198,409.0,190.5,267.0,19.60,1.623
198,409.0,193.0,267.0,19.56,1.623
198,409.0,192.5,267.0,19.56,1.704
198,409.0,192.1,267.0,19.56,1.704
198,409.0,194.6,267.0,19.56,1.704
198,409.0,194.2,267.0,19.56,1.704
198,409.0,193.7,267.0,19.56,1.704
198,409.0,193.3,267.0,19.56,1.704
198,409.0,192.8,267.0,19.56,1.704
198,409.0,192.4,267.0,19.56,1.704
198,409.0,191.9,267.0,19.60,1.704
198,409.0,191.5,267.0,19.60,1.623
198,409.0,191.1,267.0,19.60,1.623
198,409.0,190.6,267.0,19.60,1.623
198,409.0,193.1,267.0,19.56,1.623
198,409.0,192.7,267.0,19.56,1.704
198,409.0,192.2,267.0,19.56,1.704
198,409.0,194.7,267.0,19.56,1.704
198,409.0,194.3,267.0,19.56,1.704
198,409.0,193.8,267.0,19.56,1.704
198,409.0,193.4,267.0,19.56,1.704
198,409.0,193.0,267.0,19.56,1.704
198,409.0,192.5,267.0,19.56,1.704
198,409.0,192.1,267.0,19.56,1.704
198,409.0,194.6,267.0,19.56,1.704
198,409.0,194.1,267.0,19.56,1.704
198,409.0,193.7,267.0,19.56,1.704
198,409.0,193.2,267.0,19.56,1.704
198,409.0,192.8,267.0,19.56,1.704
198,409.0,192.4,267.0,19.56,1.704
198,409.0,191.9,267.0,19.60,1.704
198,409.0,191.5,267.0,19.60,1.623
198,409.0,191.0,267.0,19.60,1.623
198,409.0,190.6,267.0,19.60,1.623
198,409.0,193.1,267.0,19.56,1.623
198,409.0,192.6,267.0,19.56,1.704
198,409.0,192.2,267.0,19.56,1.704
198,409.0,194.7,267.0,19.56,1.704
198,409.0,194.3,267.0,19.56,1.704
198,409.0,193.8,267.0,19.56,1.704
198,409.0,193.4,267.0,19.56,1.704
198,409.0,192.9,267.0,19.56,1.704
198,409.0,192.5,267.0,19.56,1.704
198,409.0,192.0,267.0,19.56,1.704
198,409.0,194.6,267.0,19.56,1.704
198,409.0,194.1,267.0,19.56,1.704
198,409.0,193.7,267.0,19.56,1.704
198,409.0,193.2,267.0,19.56,1.704
198,409.0,192.8,267.0,19.56,1.704
198,409.0,192.3,267.0,19.56,1.704
198,409.0,191.9,267.0,19.60,1.704
198,409.0,191.4,267.0,19.60,1.623
198,409.0,191.0,267.0,19.60,1.623
198,409.0,190.6,267.0,19.60,1.623
198,409.0,193.1,267.0,19.56,1.623
198,409.0,192.6,267.0,19.56,1.704
198,409.0,192.2,267.0,19.56,1.704
198,409.0,194.7,267.0,19.56,1.704
198,409.0,194.2,267.0,19.56,1.704
198,409.0,193.8,267.0,19.56,1.704
198,409.0,193.3,267.0,19.56,1.704
198,409.0,192.9,267.0,19.56,1.704
198,409.0,192.5,267.0,19.56,1.704
198,409.0,192.0,267.0,19.56,1.704
198,409.0,194.5,267.0,19.56,1.704
198,409.0,194.1,267.0,19.56,1.704
198,409.0,193.6,267.0,19.56,1.704
198,409.0,193.2,267.0,19.56,1.704
198,409.0,192.8,267.0,19.56,1.704
198,409.0,192.3,267.0,19.56,1.704
198,409.0,191.9,267.0,19.60,1.704
198,409.0,191.4,267.0,19.60,1.623
198,409.0,191.0,267.0,19.60,1.623
198,409.0,190.5,267.0,19.60,1.623
198,409.0,193.0,267.0,19.56,1.623
198,409.0,192.6,267.0,19.56,1.704
198,409.0,192.2,267.0,19.56,1.704
198,409.0,194.6,267.0,19.56,1.704
198,409.0,194.2,267.0,19.56,1.704
198,409.0,193.8,267.0,19.56,1.704
198,409.0,193.3,267.0,19.56,1.704
198,409.0,192.9,267.0,19.56,1.704
198,409.0,192.4,267.0,19.56,1.704
198,409.0,192.0,267.0,19.60,1.704
198,409.0,191.6,267.0,19.60,1.623
198,409.0,191.1,267.0,19.60,1.623
198,409.0,190.7,267.0,19.60,1.623
198,409.0,193.2,267.0,19.56,1.623
198,409.0,192.7,267.0,19.56,1.704
198,409.0,192.3,267.0,19.56,1.704
198,409.0,191.8,267.0,19.60,1.704
198,409.0,191.4,267.0,19.60,1.623
198,409.0,190.9,267.0,19.60,1.623
198,409.0,190.5,267.0,19.60,1.623
198,409.0,193.0,267.0,19.56,1.623
198,409.0,192.6,267.0,19.56,1.704
198,409.0,192.1,267.0,19.56,1.704
198,409.0,194.6,267.0,19.56,1.704
198,409.0,194.2,267.0,19.56,1.704
198,409.0,193.7,267.0,19.56,1.704
198,409.0,193.3,267.0,19.56,1.704
198,409.0,192.9,267.0,19.56,1.704
198,409.0,192.4,267.0,19.56,1.704
198,409.0,192.0,267.0,19.60,1.704
198,409.0,191.5,267.0,19.60,1.623
198,409.0,191.1,267.0,19.60,1.623
198,409.0,190.6,267.0,19.60,1.623
198,409.0,193.1,267.0,19.56,1.623
198,409.0,192.7,267.0,19.56,1.704
198,409.0,192.2,267.0,19.56,1.704
198,409.0,191.8,267.0,19.60,1.704
198,409.0,191.4,267.0,19.60,1.623
198,409.0,190.9,267.0,19.60,1.623
198,409.0,190.5,267.0,19.60,1.623
198,409.0,193.0,267.0,19.56,1.623
198,409.0,192.5,267.0,19.56,1.704
198,409.0,192.1,267.0,19.56,1.704
198,409.0,194.6,267.0,19.56,1.704
198,409.0,194.2,267.0,19.56,1.704
198,409.0,193.7,267.0,19.56,1.704
198,409.0,193.3,267.0,19.56,1.704
198,409.0,192.8,267.0,19.56,1.704
198,409.0,192.4,267.0,19.56,1.704
198,409.0,191.9,267.0,19.60,1.704
198,409.0,191.5,267.0,19.60,1.623
198,409.0,191.1,267.0,19.60,1.623
198,409.0,190.6,267.0,19.60,1.623
198,409.0,193.1,267.0,19.56,1.623
198,409.0,192.7,267.0,19.56,1.704
198,409.0,192.2,267.0,19.56,1.704
198,409.0,194.7,267.0,19.56,1.704
204,381.3,166.5,258.1,19.25,1.188
204,385.0,171.8,258.4,19.18,1.025
204,387.1,177.6,258.3,19.18,0.776
204,389.8,179.8,267.0,19.03,0.776
204,392.7,182.3,267.0,19.60,0.861
204,395.6,184.7,267.0,19.60,1.623
204,395.6,187.2,267.0,19.60,1.623
204,395.6,189.7,267.0,19.60,1.623
204,395.6,192.2,267.0,19.56,1.623
204,395.6,194.7,267.0,19.56,1.704
204,395.6,194.3,267.0,19.56,1.704
204,395.6,193.8,267.0,19.56,1.704
204,395.6,193.4,267.0,19.56,1.704
204,395.6,192.9,267.0,19.56,1.704
204,395.6,192.5,267.0,19.56,1.704
204,395.6,192.1,267.0,19.56,1.704
204,395.6,194.6,267.0,19.56,1.704
204,395.6,194.1,267.0,19.56,1.704
204,395.6,193.7,267.0,19.56,1.704
204,395.6,193.2,267.0,19.56,1.704
204,395.6,192.8,267.0,19.56,1.704
204,395.6,192.3,267.0,19.56,1.704
204,395.6,191.9,267.0,19.60,1.704
204,395.6,191.5,267.0,19.60,1.623
204,395.6,191.0,267.0,19.60,1.623
204,395.6,190.6,267.0,19.60,1.623
204,395.6,193.1,267.0,19.56,1.623
204,395.6,192.6,267.0,19.56,1.704
204,395.6,192.2,267.0,19.56,1.704
204,395.6,194.7,267.0,19.56,1.704
204,395.6,194.2,267.0,19.56,1.704
204,395.6,193.8,267.0,19.56,1.704
204,395.6,193.4,267.0,19.56,1.704
204,395.6,192.9,267.0,19.56,1.704
204,395.6,192.5,267.0,19.56,1.704
204,395.6,192.0,267.0,19.56,1.704
204,395.6,194.5,267.0,19.56,1.704
204,395.6,194.1,267.0,19.56,1.704
204,395.6,193.7,267.0,19.56,1.704
204,395.6,193.2,267.0,19.56,1.704
204,395.6,192.8,267.0,19.56,1.704
204,395.6,192.3,267.0,19.56,1.704
204,395.6,191.9,267.0,19.60,1.704
204,395.6,191.4,267.0,19.60,1.623
204,395.6,191.0,267.0,19.60,1.623
204,395.6,190.5,267.0,19.60,1.623
204,395.6,193.1,267.0,19.56,1.623
204,395.6,192.6,267.0,19.56,1.704
204,395.6,192.2,267.0,19.56,1.704
204,395.6,194.7,267.0,19.56,1.704
204,395.6,194.2,267.0,19.56,1.704
204,395.6,193.8,267.0,19.56,1.704
204,395.6,193.3,267.0,19.56,1.704
204,395.6,192.9,267.0,19.56,1.704
204,395.6,192.5,267.0,19.56,1.704
204,395.6,192.0,267.0,19.56,1.704
204,395.6,194.5,267.0,19.56,1.704
204,395.6,194.1,267.0,19.56,1.704
204,395.6,193.6,267.0,19.56,1.704
204,395.6,193.2,267.0,19.56,1.704
204,395.6,192.7,267.0,19.56,1.704
204,395.6,192.3,267.0,19.56,1.704
204,395.6,191.9,267.0,19.60,1.704
204,395.6,191.4,267.0,19.60,1.623
204,395.6,191.0,267.0,19.60,1.623
204,395.6,190.5,267.0,19.60,1.623
204,395.6,193.0,267.0,19.56,1.623
204,395.6,192.6,267.0,19.56,1.704
204,395.6,192.1,267.0,19.56,1.704
204,395.6,194.6,267.0,19.56,1.704
204,395.6,194.2,267.0,19.56,1.704
204,395.6,193.8,267.0,19.56,1.704
204,395.6,193.3,267.0,19.56,1.704
204,395.6,192.9,267.0,19.56,1.704
204,395.6,192.4,267.0,19.56,1.704
204,395.6,192.0,267.0,19.60,1.704
204,395.6,191.5,267.0,19.60,1.623
204,395.6,191.1,267.0,19.60,1.623
204,395.6,190.7,267.0,19.60,1.623
204,395.6,193.2,267.0,19.56,1.623
204,395.6,192.7,267.0,19.56,1.704
204,395.6,192.3,267.0,19.56,1.704
204,395.6,191.8,267.0,19.60,1.704
204,395.6,191.4,267.0,19.60,1.623
204,395.6,190.9,267.0,19.60,1.623
204,395.6,190.5,267.0,19.60,1.623
204,395.6,193.0,267.0,19.56,1.623
204,395.6,192.6,267.0,19.56,1.704
204,395.6,192.1,267.0,19.56,1.704
204,395.6,194.6,267.0,19.56,1.704
204,395.6,194.2,267.0,19.56,1.704
204,395.6,193.7,267.0,19.56,1.704
204,395.6,193.3,267.0,19.56,1.704
204,395.6,192.8,267.0,19.56,1.704
204,395.6,192.4,267.0,19.56,1.704
204,395.6,191.9,267.0,19.60,1.704
204,395.6,191.5,267.0,19.60,1.623
204,395.6,191.1,267.0,19.60,1.623
204,395.6,190.6,267.0,19.60,1.623
204,395.6,193.1,267.0,19.56,1.623
204,395.6,192.7,267.0,19.56,1.704
204,395.6,192.2,267.0,19.56,1.704
204,395.6,194.7,267.0,19.56,1.704
204,395.6,194.3,267.0,19.56,1.704
204,395.6,193.8,267.0,19.56,1.704
204,395.6,193.4,267.0,19.56,1.704
204,395.6,193.0,267.0,19.56,1.704
204,395.6,192.5,267.0,19.56,1.704
204,395.6,192.1,267.0,19.56,1.704
204,395.6,194.6,267.0,19.56,1.704
204,395.6,194.1,267.0,19.56,1.704
204,395.6,193.7,267.0,19.56,1.704
204,395.6,193.2,267.0,19.56,1.704
204,395.6,192.8,267.0,19.56,1.704
204,395.6,192.4,267.0,19.56,1.704
204,395.6,191.9,267.0,19.60,1.704
204,395.6,191.5,267.0,19.60,1.623
204,395.6,191.0,267.0,19.60,1.623
204,395.6,190.6,267.0,19.60,1.623
204,395.6,193.1,267.0,19.56,1.623
204,395.6,192.7,267.0,19.56,1.704
204,395.6,192.2,267.0,19.56,1.704
204,395.6,194.7,267.0,19.56,1.704
204,395.6,194.3,267.0,19.56,1.704
204,395.6,193.8,267.0,19.56,1.704
204,395.6,193.4,267.0,19.56,1.704
204,395.6,192.9,267.0,19.56,1.704
204,395.6,192.5,267.0,19.56,1.704
204,395.6,192.1,267.0,19.56,1.704
204,395.6,194.6,267.0,19.56,1.704
204,395.6,194.1,267.0,19.56,1.704
204,395.6,193.7,267.0,19.56,1.704
204,395.6,193.2,267.0,19.56,1.704
204,395.6,192.8,267.0,19.56,1.704
204,395.6,192.3,267.0,19.56,1.704
204,395.6,191.9,267.0,19.60,1.704
204,395.6,191.5,267.0,19.60,1.623
204,395.6,191.0,267.0,19.60,1.623
204,395.6,190.6,267.0,19.60,1.623
204,395.6,193.1,267.0,19.56,1.623
204,395.6,192.6,267.0,19.56,1.704
204,395.6,192.2,267.0,19.56,1.704
204,395.6,194.7,267.0,19.56,1.704
204,395.6,194.2,267.0,19.56,1.704
204,395.6,193.8,267.0,19.56,1.704
204,395.6,193.3,267.0,19.56,1.704
204,395.6,192.9,267.0,19.56,1.704
204,395.6,192.5,267.0,19.56,1.704
204,395.6,192.0,267.0,19.56,1.704
204,395.6,194.5,267.0,19.56,1.704
204,395.6,194.1,267.0,19.56,1.704
204,395.6,193.6,267.0,19.56,1.704
204,395.6,193.2,267.0,19.56,1.704
204,395.6,192.8,267.0,19.56,1.704
204,395.6,192.3,267.0,19.56,1.704
204,395.6,191.9,267.0,19.60,1.704
204,395.6,191.4,267.0,19.60,1.623
204,395.6,191.0,267.0,19.60,1.623
204,395.6,190.5,267.0,19.60,1.623
204,395.6,193.0,267.0,19.56,1.623
210,431.8,234.5,262.5,21.11,0.791
210,427.3,229.7,262.6,21.11,0.815
210,421.7,225.9,262.7,20.35,0.815
210,419.3,220.9,267.0,19.57,0.849
210,416.4,215.7,267.0,19.69,1.248
210,413.5,212.5,267.0,19.69,1.592
210,410.6,209.2,267.0,19.69,1.592
210,407.7,206.0,267.0,19.58,1.592
210,407.7,202.8,267.0,19.67,1.685
210,407.7,202.3,267.0,19.67,1.846
210,407.7,201.9,267.0,19.67,1.846
210,407.7,201.5,267.0,19.67,1.846
210,407.7,201.0,267.0,19.67,1.846
210,407.7,200.6,267.0,19.67,1.846
210,407.7,200.1,267.0,19.67,1.846
210,407.7,199.7,267.0,19.67,1.846
210,407.7,199.2,267.0,19.67,1.846
210,407.7,198.8,267.0,19.67,1.846
210,407.7,198.4,267.0,19.67,1.846
210,407.7,197.9,267.0,19.67,1.846
210,407.7,197.5,267.0,19.67,1.846
210,407.7,197.0,267.0,19.67,1.846
210,407.7,196.6,267.0,19.67,1.846
210,407.7,196.1,267.0,19.67,1.846
210,407.7,195.7,267.0,19.67,1.846
210,407.7,195.2,267.0,19.67,1.846
210,407.7,194.8,267.0,19.67,1.846
210,407.7,194.4,267.0,19.67,1.846
210,407.7,193.9,267.0,19.67,1.846
210,407.7,193.5,267.0,19.67,1.846
210,407.7,193.0,267.0,19.67,1.846
210,407.7,192.6,267.0,19.67,1.846
210,407.7,192.2,267.0,19.67,1.846
210,407.7,194.6,267.0,19.67,1.846
210,407.7,194.2,267.0,19.67,1.846
210,407.7,193.8,267.0,19.67,1.846
210,407.7,193.3,267.0,19.67,1.846
210,407.7,192.9,267.0,19.67,1.846
210,407.7,192.4,267.0,19.67,1.846
210,407.7,192.0,267.0,19.35,1.846
210,407.7,191.6,267.0,19.35,1.732
210,407.7,191.1,267.0,19.35,1.732
210,407.7,190.7,267.0,19.35,1.732
210,407.7,193.2,267.0,19.67,1.732
210,407.7,192.7,267.0,19.67,1.846
210,407.7,192.3,267.0,19.67,1.846
210,407.7,191.8,267.0,19.35,1.846
210,407.7,191.4,267.0,19.35,1.732
210,407.7,190.9,267.0,19.35,1.732
210,407.7,190.5,267.0,19.35,1.732
210,407.7,193.0,267.0,19.67,1.732
210,407.7,192.6,267.0,19.67,1.846
210,407.7,192.1,267.0,19.67,1.846
210,407.7,194.6,267.0,19.67,1.846
210,407.7,194.2,267.0,19.67,1.846
210,407.7,193.7,267.0,19.67,1.846
210,407.7,193.3,267.0,19.67,1.846
210,407.7,192.9,267.0,19.67,1.846
210,407.7,192.4,267.0,19.67,1.846
210,407.7,192.0,267.0,19.35,1.846
210,407.7,191.5,267.0,19.35,1.732
210,407.7,191.1,267.0,19.35,1.732
210,407.7,190.6,267.0,19.35,1.732
210,407.7,193.1,267.0,19.67,1.732
210,407.7,192.7,267.0,19.67,1.846
210,407.7,192.2,267.0,19.67,1.846
210,407.7,191.8,267.0,19.35,1.846
210,407.7,191.4,267.0,19.35,1.732
210,407.7,190.9,267.0,19.35,1.732
210,407.7,190.5,267.0,19.35,1.732
210,407.7,193.0,267.0,19.67,1.732
210,407.7,192.5,267.0,19.67,1.846
210,407.7,192.1,267.0,19.67,1.846
210,407.7,194.6,267.0,19.67,1.846
210,407.7,194.2,267.0,19.67,1.846
210,407.7,193.7,267.0,19.67,1.846
210,407.7,193.3,267.0,19.67,1.846
210,407.7,192.8,267.0,19.67,1.846
210,407.7,192.4,267.0,19.67,1.846
210,407.7,191.9,267.0,19.35,1.846
210,407.7,191.5,267.0,19.35,1.732
210,407.7,191.1,267.0,19.35,1.732
210,407.7,190.6,267.0,19.35,1.732
210,407.7,193.1,267.0,19.67,1.732
210,407.7,192.7,267.0,19.67,1.846
210,407.7,192.2,267.0,19.67,1.846
210,407.7,191.8,267.0,19.35,1.846
210,407.7,191.3,267.0,19.35,1.732
210,407.7,190.9,267.0,19.35,1.732
210,407.7,190.5,267.0,19.35,1.732
210,407.7,193.0,267.0,19.67,1.732
210,407.7,192.5,267.0,19.67,1.846
210,407.7,192.1,267.0,19.67,1.846
210,407.7,194.6,267.0,19.67,1.846
210,407.7,194.1,267.0,19.67,1.846
210,407.7,193.7,267.0,19.67,1.846
210,407.7,193.2,267.0,19.67,1.846
210,407.7,192.8,267.0,19.67,1.846
210,407.7,192.4,267.0,19.67,1.846
210,407.7,191.9,267.0,19.35,1.846
210,407.7,191.5,267.0,19.35,1.732
210,407.7,191.0,267.0,19.35,1.732
210,407.7,190.6,267.0,19.35,1.732
210,407.7,193.1,267.0,19.67,1.732
210,407.7,192.6,267.0,19.67,1.846
210,407.7,192.2,267.0,19.67,1.846
210,407.7,194.7,267.0,19.67,1.846
210,407.7,194.3,267.0,19.67,1.846
210,407.7,193.8,267.0,19.67,1.846
210,407.7,193.4,267.0,19.67,1.846
210,407.7,192.9,267.0,19.67,1.846
210,407.7,192.5,267.0,19.67,1.846
210,407.7,192.0,267.0,19.67,1.846
210,407.7,194.5,267.0,19.67,1.846
210,407.7,194.1,267.0,19.67,1.846
210,407.7,193.7,267.0,19.67,1.846
210,407.7,193.2,267.0,19.67,1.846
210,407.7,192.8,267.0,19.67,1.846
210,407.7,192.3,267.0,19.67,1.846
210,407.7,191.9,267.0,19.35,1.846
210,407.7,191.4,267.0,19.35,1.732
210,407.7,191.0,267.0,19.35,1.732
210,407.7,190.6,267.0,19.35,1.732
210,407.7,193.1,267.0,19.67,1.732
210,407.7,192.6,267.0,19.67,1.846
210,407.7,192.2,267.0,19.67,1.846
210,407.7,194.7,267.0,19.67,1.846
210,407.7,194.2,267.0,19.67,1.846
210,407.7,193.8,267.0,19.67,1.846
210,407.7,193.3,267.0,19.67,1.846
210,407.7,192.9,267.0,19.67,1.846
210,407.7,192.5,267.0,19.67,1.846
210,407.7,192.0,267.0,19.67,1.846
210,407.7,194.5,267.0,19.67,1.846
210,407.7,194.1,267.0,19.67,1.846
210,407.7,193.6,267.0,19.67,1.846
210,407.7,193.2,267.0,19.67,1.846
210,407.7,192.7,267.0,19.67,1.846
210,407.7,192.3,267.0,19.67,1.846
210,407.7,191.9,267.0,19.35,1.846
210,407.7,191.4,267.0,19.35,1.732
210,407.7,191.0,267.0,19.35,1.732
210,407.7,190.5,267.0,19.35,1.732
210,407.7,193.0,267.0,19.67,1.732
210,407.7,192.6,267.0,19.67,1.846
210,407.7,192.1,267.0,19.67,1.846
210,407.7,194.6,267.0,19.67,1.846
210,407.7,194.2,267.0,19.67,1.846
210,407.7,193.8,267.0,19.67,1.846
210,407.7,193.3,267.0,19.67,1.846
210,407.7,192.9,267.0,19.67,1.846
210,407.7,192.4,267.0,19.67,1.846
210,407.7,192.0,267.0,19.35,1.846
210,407.7,191.5,267.0,19.35,1.732
210,407.7,191.1,267.0,19.35,1.732
210,407.7,190.7,267.0,19.35,1.732
210,407.7,193.2,267.0,19.67,1.732
210,407.7,192.7,267.0,19.67,1.846
210,407.7,192.3,267.0,19.67,1.846
210,407.7,191.8,267.0,19.35,1.846
216,370.5,242.1,262.7,23.54,0.506
216,371.2,239.5,260.4,22.00,0.444
216,374.7,233.7,260.4,20.31,0.815
216,378.3,227.9,260.4,20.31,0.851
216,382.6,223.3,265.0,20.28,0.976
216,385.5,218.1,267.0,19.57,1.169
216,388.4,214.9,267.0,19.69,1.248
216,391.3,211.7,267.0,19.69,1.592
216,394.2,208.5,267.0,19.69,1.592
216,397.1,205.3,267.0,19.58,1.592
216,397.1,204.8,267.0,19.58,1.685
216,397.1,204.4,267.0,19.58,1.685
216,397.1,203.9,267.0,19.67,1.685
216,397.1,203.5,267.0,19.67,1.846
216,397.1,203.1,267.0,19.67,1.846
216,397.1,202.6,267.0,19.67,1.846
216,397.1,202.2,267.0,19.67,1.846
216,397.1,201.7,267.0,19.67,1.846
216,397.1,201.3,267.0,19.67,1.846
216,397.1,200.8,267.0,19.67,1.846
216,397.1,200.4,267.0,19.67,1.846
216,397.1,200.0,267.0,19.67,1.846
216,397.1,199.5,267.0,19.67,1.846
216,397.1,199.1,267.0,19.67,1.846
216,397.1,198.6,267.0,19.67,1.846
216,397.1,198.2,267.0,19.67,1.846
216,397.1,197.7,267.0,19.67,1.846
216,397.1,197.3,267.0,19.67,1.846
216,397.1,196.8,267.0,19.67,1.846
216,397.1,196.4,267.0,19.67,1.846
216,397.1,196.0,267.0,19.67,1.846
216,397.1,195.5,267.0,19.67,1.846
216,397.1,195.1,267.0,19.67,1.846
216,397.1,194.6,267.0,19.67,1.846
216,397.1,194.2,267.0,19.67,1.846
216,397.1,193.7,267.0,19.67,1.846
216,397.1,193.3,267.0,19.67,1.846
216,397.1,192.9,267.0,19.67,1.846
216,397.1,192.4,267.0,19.67,1.846
216,397.1,192.0,267.0,19.35,1.846
216,397.1,191.5,267.0,19.35,1.732
216,397.1,191.1,267.0,19.35,1.732
216,397.1,190.6,267.0,19.35,1.732
216,397.1,193.1,267.0,19.67,1.732
216,397.1,192.7,267.0,19.67,1.846
216,397.1,192.2,267.0,19.67,1.846
216,397.1,191.8,267.0,19.35,1.846
216,397.1,191.4,267.0,19.35,1.732
216,397.1,190.9,267.0,19.35,1.732
216,397.1,190.5,267.0,19.35,1.732
216,397.1,193.0,267.0,19.67,1.732
216,397.1,192.5,267.0,19.67,1.846
216,397.1,192.1,267.0,19.67,1.846
216,397.1,194.6,267.0,19.67,1.846
216,397.1,194.2,267.0,19.67,1.846
216,397.1,193.7,267.0,19.67,1.846
216,397.1,193.3,267.0,19.67,1.846
216,397.1,192.8,267.0,19.67,1.846
216,397.1,192.4,267.0,19.67,1.846
216,397.1,191.9,267.0,19.35,1.846
216,397.1,191.5,267.0,19.35,1.732
216,397.1,191.1,267.0,19.35,1.732
216,397.1,190.6,267.0,19.35,1.732
216,397.1,193.1,267.0,19.67,1.732
216,397.1,192.7,267.0,19.67,1.846
216,397.1,192.2,267.0,19.67,1.846
216,397.1,191.8,267.0,19.35,1.846
216,397.1,191.3,267.0,19.35,1.732
216,397.1,190.9,267.0,19.35,1.732
216,397.1,190.5,267.0,19.35,1.732
216,397.1,193.0,267.0,19.67,1.732
216,397.1,192.5,267.0,19.67,1.846
216,397.1,192.1,267.0,19.67,1.846
216,397.1,194.6,267.0,19.67,1.846
216,397.1,194.1,267.0,19.67,1.846
216,397.1,193.7,267.0,19.67,1.846
216,397.1,193.2,267.0,19.67,1.846
216,397.1,192.8,267.0,19.67,1.846
216,397.1,192.4,267.0,19.67,1.846
216,397.1,191.9,267.0,19.35,1.846
216,397.1,191.5,267.0,19.35,1.732
216,397.1,191.0,267.0,19.35,1.732
216,397.1,190.6,267.0,19.35,1.732
216,397.1,193.1,267.0,19.67,1.732
216,397.1,192.6,267.0,19.67,1.846
216,397.1,192.2,267.0,19.67,1.846
216,397.1,194.7,267.0,19.67,1.846
216,397.1,194.3,267.0,19.67,1.846
216,397.1,193.8,267.0,19.67,1.846
216,397.1,193.4,267.0,19.67,1.846
216,397.1,192.9,267.0,19.67,1.846
216,397.1,192.5,267.0,19.67,1.846
216,397.1,192.0,267.0,19.67,1.846
216,397.1,194.6,267.0,19.67,1.846
216,397.1,194.1,267.0,19.67,1.846
216,397.1,193.7,267.0,19.67,1.846
216,397.1,193.2,267.0,19.67,1.846
216,397.1,192.8,267.0,19.67,1.846
216,397.1,192.3,267.0,19.67,1.846
216,397.1,191.9,267.0,19.35,1.846
216,397.1,191.4,267.0,19.35,1.732
216,397.1,191.0,267.0,19.35,1.732
216,397.1,190.6,267.0,19.35,1.732
216,397.1,193.1,267.0,19.67,1.732
216,397.1,192.6,267.0,19.67,1.846
216,397.1,192.2,267.0,19.67,1.846
216,397.1,194.7,267.0,19.67,1.846
216,397.1,194.2,267.0,19.67,1.846
216,397.1,193.8,267.0,19.67,1.846
216,397.1,193.3,267.0,19.67,1.846
216,397.1,192.9,267.0,19.67,1.846
216,397.1,192.5,267.0,19.67,1.846
216,397.1,192.0,267.0,19.67,1.846
216,397.1,194.5,267.0,19.67,1.846
216,397.1,194.1,267.0,19.67,1.846
216,397.1,193.6,267.0,19.67,1.846
216,397.1,193.2,267.0,19.67,1.846
216,397.1,192.8,267.0,19.67,1.846
216,397.1,192.3,267.0,19.67,1.846
216,397.1,191.9,267.0,19.35,1.846
216,397.1,191.4,267.0,19.35,1.732
216,397.1,191.0,267.0,19.35,1.732
216,397.1,190.5,267.0,19.35,1.732
216,397.1,193.0,267.0,19.67,1.732
216,397.1,192.6,267.0,19.67,1.846
216,397.1,192.2,267.0,19.67,1.846
216,397.1,194.6,267.0,19.67,1.846
216,397.1,194.2,267.0,19.67,1.846
216,397.1,193.8,267.0,19.67,1.846
216,397.1,193.3,267.0,19.67,1.846
216,397.1,192.9,267.0,19.67,1.846
216,397.1,192.4,267.0,19.67,1.846
216,397.1,192.0,267.0,19.35,1.846
216,397.1,191.6,267.0,19.35,1.732
216,397.1,191.1,267.0,19.35,1.732
216,397.1,190.7,267.0,19.35,1.732
216,397.1,193.2,267.0,19.67,1.732
216,397.1,192.7,267.0,19.67,1.846
216,397.1,192.3,267.0,19.67,1.846
216,397.1,191.8,267.0,19.35,1.846
216,397.1,191.4,267.0,19.35,1.732
216,397.1,190.9,267.0,19.35,1.732
216,397.1,190.5,267.0,19.35,1.732
216,397.1,193.0,267.0,19.67,1.732
216,397.1,192.6,267.0,19.67,1.846
216,397.1,192.1,267.0,19.67,1.846
216,397.1,194.6,267.0,19.67,1.846
216,397.1,194.2,267.0,19.67,1.846
216,397.1,193.7,267.0,19.67,1.846
216,397.1,193.3,267.0,19.67,1.846
216,397.1,192.9,267.0,19.67,1.846
216,397.1,192.4,267.0,19.67,1.846
216,397.1,192.0,267.0,19.35,1.846
216,397.1,191.5,267.0,19.35,1.732
216,397.1,191.1,267.0,19.35,1.732
216,397.1,190.6,267.0,19.35,1.732
216,397.1,193.1,267.0,19.67,1.732
216,397.1,192.7,267.0,19.67,1.846
216,397.1,192.2,267.0,19.67,1.846
216,397.1,191.8,267.0,19.35,1.846
222,359.0,172.3,262.6,23.16,0.541
222,363.8,176.5,262.6,22.04,0.484
222,368.6,180.6,262.5,19.29,0.789
222,374.8,182.1,262.0,19.92,0.800
222,379.8,184.5,267.0,19.89,1.008
222,384.8,186.8,267.0,19.60,1.252
222,387.7,189.3,267.0,19.60,1.623
222,390.6,191.7,267.0,19.60,1.623
222,393.5,191.3,267.0,19.60,1.623
222,396.4,190.8,267.0,19.35,1.623
222,396.4,190.3,267.0,19.35,1.732
222,396.4,192.9,267.0,19.67,1.732
222,396.4,192.4,267.0,19.67,1.846
222,396.4,192.0,267.0,19.35,1.846
222,396.4,191.5,267.0,19.35,1.732
222,396.4,191.1,267.0,19.35,1.732
222,396.4,190.6,267.0,19.35,1.732
222,396.4,193.1,267.0,19.67,1.732
222,396.4,192.7,267.0,19.67,1.846
222,396.4,192.2,267.0,19.67,1.846
222,396.4,191.8,267.0,19.35,1.846
222,396.4,191.4,267.0,19.35,1.732
222,396.4,190.9,267.0,19.35,1.732
222,396.4,190.5,267.0,19.35,1.732
222,396.4,193.0,267.0,19.67,1.732
222,396.4,192.5,267.0,19.67,1.846
222,396.4,192.1,267.0,19.67,1.846
222,396.4,194.6,267.0,19.67,1.846
222,396.4,194.2,267.0,19.67,1.846
222,396.4,193.7,267.0,19.67,1.846
222,396.4,193.3,267.0,19.67,1.846
222,396.4,192.8,267.0,19.67,1.846
222,396.4,192.4,267.0,19.67,1.846
222,396.4,191.9,267.0,19.35,1.846
222,396.4,191.5,267.0,19.35,1.732
222,396.4,191.1,267.0,19.35,1.732
222,396.4,190.6,267.0,19.35,1.732
222,396.4,193.1,267.0,19.67,1.732
222,396.4,192.7,267.0,19.67,1.846
222,396.4,192.2,267.0,19.67,1.846
222,396.4,194.7,267.0,19.67,1.846
222,396.4,194.3,267.0,19.67,1.846
222,396.4,193.8,267.0,19.67,1.846
222,396.4,193.4,267.0,19.67,1.846
222,396.4,192.9,267.0,19.67,1.846
222,396.4,192.5,267.0,19.67,1.846
222,396.4,192.1,267.0,19.67,1.846
222,396.4,194.6,267.0,19.67,1.846
222,396.4,194.1,267.0,19.67,1.846
222,396.4,193.7,267.0,19.67,1.846
222,396.4,193.2,267.0,19.67,1.846
222,396.4,192.8,267.0,19.67,1.846
222,396.4,192.3,267.0,19.67,1.846
222,396.4,191.9,267.0,19.35,1.846
222,396.4,191.5,267.0,19.35,1.732
222,396.4,191.0,267.0,19.35,1.732
222,396.4,190.6,267.0,19.35,1.732
222,396.4,193.1,267.0,19.67,1.732
222,396.4,192.6,267.0,19.67,1.846
222,396.4,192.2,267.0,19.67,1.846
222,396.4,194.7,267.0,19.67,1.846
222,396.4,194.2,267.0,19.67,1.846
222,396.4,193.8,267.0,19.67,1.846
222,396.4,193.4,267.0,19.67,1.846
222,396.4,192.9,267.0,19.67,1.846
222,396.4,192.5,267.0,19.67,1.846
222,396.4,192.0,267.0,19.67,1.846
222,396.4,194.5,267.0,19.67,1.846
222,396.4,194.1,267.0,19.67,1.846
222,396.4,193.7,267.0,19.67,1.846
222,396.4,193.2,267.0,19.67,1.846
222,396.4,192.8,267.0,19.67,1.846
222,396.4,192.3,267.0,19.67,1.846
222,396.4,191.9,267.0,19.35,1.846
222,396.4,191.4,267.0,19.35,1.732
222,396.4,191.0,267.0,19.35,1.732
222,396.4,190.6,267.0,19.35,1.732
222,396.4,193.1,267.0,19.67,1.732
222,396.4,192.6,267.0,19.67,1.846
222,396.4,192.2,267.0,19.67,1.846
222,396.4,194.7,267.0,19.67,1.846
222,396.4,194.2,267.0,19.67,1.846
222,396.4,193.8,267.0,19.67,1.846
222,396.4,193.3,267.0,19.67,1.846
222,396.4,192.9,267.0,19.67,1.846
222,396.4,192.5,267.0,19.67,1.846
222,396.4,192.0,267.0,19.67,1.846
222,396.4,194.5,267.0,19.67,1.846
222,396.4,194.1,267.0,19.67,1.846
222,396.4,193.6,267.0,19.67,1.846
222,396.4,193.2,267.0,19.67,1.846
222,396.4,192.7,267.0,19.67,1.846
222,396.4,192.3,267.0,19.67,1.846
222,396.4,191.9,267.0,19.35,1.846
222,396.4,191.4,267.0,19.35,1.732
222,396.4,191.0,267.0,19.35,1.732
222,396.4,190.5,267.0,19.35,1.732
222,396.4,193.0,267.0,19.67,1.732
222,396.4,192.6,267.0,19.67,1.846
222,396.4,192.1,267.0,19.67,1.846
222,396.4,194.6,267.0,19.67,1.846
222,396.4,194.2,267.0,19.67,1.846
222,396.4,193.8,267.0,19.67,1.846
222,396.4,193.3,267.0,19.67,1.846
222,396.4,192.9,267.0,19.67,1.846
222,396.4,192.4,267.0,19.67,1.846
222,396.4,192.0,267.0,19.35,1.846
222,396.4,191.5,267.0,19.35,1.732
222,396.4,191.1,267.0,19.35,1.732
222,396.4,190.7,267.0,19.35,1.732
222,396.4,193.2,267.0,19.67,1.732
222,396.4,192.7,267.0,19.67,1.846
222,396.4,192.3,267.0,19.67,1.846
222,396.4,191.8,267.0,19.35,1.846
222,396.4,191.4,267.0,19.35,1.732
222,396.4,190.9,267.0,19.35,1.732
222,396.4,190.5,267.0,19.35,1.732
222,396.4,193.0,267.0,19.67,1.732
222,396.4,192.6,267.0,19.67,1.846
222,396.4,192.1,267.0,19.67,1.846
222,396.4,194.6,267.0,19.67,1.846
222,396.4,194.2,267.0,19.67,1.846
222,396.4,193.7,267.0,19.67,1.846
222,396.4,193.3,267.0,19.67,1.846
222,396.4,192.8,267.0,19.67,1.846
222,396.4,192.4,267.0,19.67,1.846
222,396.4,191.9,267.0,19.35,1.846
222,396.4,191.5,267.0,19.35,1.732
222,396.4,191.1,267.0,19.35,1.732
222,396.4,190.6,267.0,19.35,1.732
222,396.4,193.1,267.0,19.67,1.732
222,396.4,192.7,267.0,19.67,1.846
222,396.4,192.2,267.0,19.67,1.846
222,396.4,191.8,267.0,19.35,1.846
222,396.4,191.3,267.0,19.35,1.732
222,396.4,190.9,267.0,19.35,1.732
222,396.4,190.5,267.0,19.35,1.732
222,396.4,193.0,267.0,19.67,1.732
222,396.4,192.5,267.0,19.67,1.846
222,396.4,192.1,267.0,19.67,1.846
222,396.4,194.6,267.0,19.67,1.846
222,396.4,194.1,267.0,19.67,1.846
222,396.4,193.7,267.0,19.67,1.846
222,396.4,193.3,267.0,19.67,1.846
222,396.4,192.8,267.0,19.67,1.846
222,396.4,192.4,267.0,19.67,1.846
222,396.4,191.9,267.0,19.35,1.846
222,396.4,191.5,267.0,19.35,1.732
222,396.4,191.0,267.0,19.35,1.732
222,396.4,190.6,267.0,19.35,1.732
222,396.4,193.1,267.0,19.67,1.732
222,396.4,192.7,267.0,19.67,1.846
222,396.4,192.2,267.0,19.67,1.846
222,396.4,194.7,267.0,19.67,1.846
222,396.4,194.3,267.0,19.67,1.846
222,396.4,193.8,267.0,19.67,1.846
222,396.4,193.4,267.0,19.67,1.846
222,396.4,192.9,267.0,19.67,1.846
222,396.4,192.5,267.0,19.67,1.846
222,396.4,192.1,267.0,19.67,1.846
228,374.8,223.2,264.9,20.28,0.999
228,379.8,218.0,267.0,20.28,1.169
228,384.8,214.9,267.0,19.69,1.169
228,387.7,211.6,267.0,19.69,1.592
228,390.6,208.4,267.0,19.69,1.592
228,393.5,205.2,267.0,19.69,1.592
228,396.4,204.7,267.0,19.58,1.592
228,396.4,204.3,267.0,19.58,1.685
228,396.4,203.8,267.0,19.67,1.685
228,396.4,203.4,267.0,19.67,1.846
228,396.4,203.0,267.0,19.67,1.846
228,396.4,202.5,267.0,19.67,1.846
228,396.4,202.1,267.0,19.67,1.846
228,396.4,201.6,267.0,19.67,1.846
228,396.4,201.2,267.0,19.67,1.846
228,396.4,200.7,267.0,19.67,1.846
228,396.4,200.3,267.0,19.67,1.846
228,396.4,199.9,267.0,19.67,1.846
228,396.4,199.4,267.0,19.67,1.846
228,396.4,199.0,267.0,19.67,1.846
228,396.4,198.5,267.0,19.67,1.846
228,396.4,198.1,267.0,19.67,1.846
228,396.4,197.6,267.0,19.67,1.846
228,396.4,197.2,267.0,19.67,1.846
228,396.4,196.8,267.0,19.67,1.846
228,396.4,196.3,267.0,19.67,1.846
228,396.4,195.9,267.0,19.67,1.846
228,396.4,195.4,267.0,19.67,1.846
228,396.4,195.0,267.0,19.67,1.846
228,396.4,194.5,267.0,19.67,1.846
228,396.4,194.1,267.0,19.67,1.846
228,396.4,193.7,267.0,19.67,1.846
228,396.4,193.2,267.0,19.67,1.846
228,396.4,192.8,267.0,19.67,1.846
228,396.4,192.3,267.0,19.67,1.846
228,396.4,191.9,267.0,19.35,1.846
228,396.4,191.4,267.0,19.35,1.732
228,396.4,191.0,267.0,19.35,1.732
228,396.4,190.6,267.0,19.35,1.732
228,396.4,193.1,267.0,19.67,1.732
228,396.4,192.6,267.0,19.67,1.846
228,396.4,192.2,267.0,19.67,1.846
228,396.4,194.7,267.0,19.67,1.846
228,396.4,194.2,267.0,19.67,1.846
228,396.4,193.8,267.0,19.67,1.846
228,396.4,193.3,267.0,19.67,1.846
228,396.4,192.9,267.0,19.67,1.846
228,396.4,192.5,267.0,19.67,1.846
228,396.4,192.0,267.0,19.67,1.846
228,396.4,194.5,267.0,19.67,1.846
228,396.4,194.1,267.0,19.67,1.846
228,396.4,193.6,267.0,19.67,1.846
228,396.4,193.2,267.0,19.67,1.846
228,396.4,192.7,267.0,19.67,1.846
228,396.4,192.3,267.0,19.67,1.846
228,396.4,191.9,267.0,19.35,1.846
228,396.4,191.4,267.0,19.35,1.732
228,396.4,191.0,267.0,19.35,1.732
228,396.4,190.5,267.0,19.35,1.732
228,396.4,193.0,267.0,19.67,1.732
228,396.4,192.6,267.0,19.67,1.846
228,396.4,192.1,267.0,19.67,1.846
228,396.4,194.6,267.0,19.67,1.846
228,396.4,194.2,267.0,19.67,1.846
228,396.4,193.8,267.0,19.67,1.846
228,396.4,193.3,267.0,19.67,1.846
228,396.4,192.9,267.0,19.67,1.846
228,396.4,192.4,267.0,19.67,1.846
228,396.4,192.0,267.0,19.35,1.846
228,396.4,191.5,267.0,19.35,1.732
228,396.4,191.1,267.0,19.35,1.732
228,396.4,190.7,267.0,19.35,1.732
228,396.4,193.2,267.0,19.67,1.732
228,396.4,192.7,267.0,19.67,1.846
228,396.4,192.3,267.0,19.67,1.846
228,396.4,191.8,267.0,19.35,1.846
228,396.4,191.4,267.0,19.35,1.732
228,396.4,190.9,267.0,19.35,1.732
228,396.4,190.5,267.0,19.35,1.732
228,396.4,193.0,267.0,19.67,1.732
228,396.4,192.6,267.0,19.67,1.846
228,396.4,192.1,267.0,19.67,1.846
228,396.4,194.6,267.0,19.67,1.846
228,396.4,194.2,267.0,19.67,1.846
228,396.4,193.7,267.0,19.67,1.846
228,396.4,193.3,267.0,19.67,1.846
228,396.4,192.8,267.0,19.67,1.846
228,396.4,192.4,267.0,19.67,1.846
228,396.4,192.0,267.0,19.35,1.846
228,396.4,191.5,267.0,19.35,1.732
228,396.4,191.1,267.0,19.35,1.732
228,396.4,190.6,267.0,19.35,1.732
228,396.4,193.1,267.0,19.67,1.732
228,396.4,192.7,267.0,19.67,1.846
228,396.4,192.2,267.0,19.67,1.846
228,396.4,191.8,267.0,19.35,1.846
228,396.4,191.4,267.0,19.35,1.732
228,396.4,190.9,267.0,19.35,1.732
228,396.4,190.5,267.0,19.35,1.732
228,396.4,193.0,267.0,19.67,1.732
228,396.4,192.5,267.0,19.67,1.846
228,396.4,192.1,267.0,19.67,1.846
228,396.4,194.6,267.0,19.67,1.846
228,396.4,194.2,267.0,19.67,1.846
228,396.4,193.7,267.0,19.67,1.846
228,396.4,193.3,267.0,19.67,1.846
228,396.4,192.8,267.0,19.67,1.846
228,396.4,192.4,267.0,19.67,1.846
228,396.4,191.9,267.0,19.35,1.846
228,396.4,191.5,267.0,19.35,1.732
228,396.4,191.0,267.0,19.35,1.732
228,396.4,190.6,267.0,19.35,1.732
228,396.4,193.1,267.0,19.67,1.732
228,396.4,192.7,267.0,19.67,1.846
228,396.4,192.2,267.0,19.67,1.846
228,396.4,194.7,267.0,19.67,1.846
228,396.4,194.3,267.0,19.67,1.846
228,396.4,193.8,267.0,19.67,1.846
228,396.4,193.4,267.0,19.67,1.846
228,396.4,192.9,267.0,19.67,1.846
228,396.4,192.5,267.0,19.67,1.846
228,396.4,192.1,267.0,19.67,1.846
228,396.4,194.6,267.0,19.67,1.846
228,396.4,194.1,267.0,19.67,1.846
228,396.4,193.7,267.0,19.67,1.846
228,396.4,193.2,267.0,19.67,1.846
228,396.4,192.8,267.0,19.67,1.846
228,396.4,192.3,267.0,19.67,1.846
228,396.4,191.9,267.0,19.35,1.846
228,396.4,191.5,267.0,19.35,1.732
228,396.4,191.0,267.0,19.35,1.732
228,396.4,190.6,267.0,19.35,1.732
228,396.4,193.1,267.0,19.67,1.732
228,396.4,192.6,267.0,19.67,1.846
228,396.4,192.2,267.0,19.67,1.846
228,396.4,194.7,267.0,19.67,1.846
228,396.4,194.2,267.0,19.67,1.846
228,396.4,193.8,267.0,19.67,1.846
228,396.4,193.4,267.0,19.67,1.846
228,396.4,192.9,267.0,19.67,1.846
228,396.4,192.5,267.0,19.67,1.846
228,396.4,192.0,267.0,19.67,1.846
228,396.4,194.5,267.0,19.67,1.846
228,396.4,194.1,267.0,19.67,1.846
228,396.4,193.7,267.0,19.67,1.846
228,396.4,193.2,267.0,19.67,1.846
228,396.4,192.8,267.0,19.67,1.846
228,396.4,192.3,267.0,19.67,1.846
228,396.4,191.9,267.0,19.35,1.846
228,396.4,191.4,267.0,19.35,1.732
228,396.4,191.0,267.0,19.35,1.732
228,396.4,190.6,267.0,19.35,1.732
228,396.4,193.1,267.0,19.67,1.732
228,396.4,192.6,267.0,19.67,1.846
228,396.4,192.2,267.0,19.67,1.846
228,396.4,194.7,267.0,19.67,1.846
228,396.4,194.2,267.0,19.67,1.846
228,396.4,193.8,267.0,19.67,1.846
228,396.4,193.3,267.0,19.67,1.846
228,396.4,192.9,267.0,19.67,1.846
234,430.3,195.7,257.5,19.00,1.304
234,424.0,195.3,256.9,19.00,0.794
234,417.7,194.8,256.4,19.63,0.794
234,414.9,194.4,266.4,19.56,1.310
234,412.0,193.9,267.0,19.56,1.704
234,409.1,193.4,267.0,19.56,1.704
234,409.1,193.0,267.0,19.56,1.704
234,409.1,192.5,267.0,19.56,1.704
234,409.1,192.1,267.0,19.56,1.704
234,409.1,194.6,267.0,19.56,1.704
234,409.1,194.2,267.0,19.56,1.704
234,409.1,193.7,267.0,19.56,1.704
234,409.1,193.3,267.0,19.56,1.704
234,409.1,192.8,267.0,19.56,1.704
234,409.1,192.4,267.0,19.56,1.704
234,409.1,191.9,267.0,19.60,1.704
234,409.1,191.5,267.0,19.60,1.623
234,409.1,191.1,267.0,19.60,1.623
234,409.1,190.6,267.0,19.60,1.623
234,409.1,193.1,267.0,19.56,1.623
234,409.1,192.7,267.0,19.56,1.704
234,409.1,192.2,267.0,19.56,1.704
234,409.1,194.7,267.0,19.56,1.704
234,409.1,194.3,267.0,19.56,1.704
234,409.1,193.8,267.0,19.56,1.704
234,409.1,193.4,267.0,19.56,1.704
234,409.1,192.9,267.0,19.56,1.704
234,409.1,192.5,267.0,19.56,1.704
234,409.1,192.1,267.0,19.56,1.704
234,409.1,194.6,267.0,19.56,1.704
234,409.1,194.1,267.0,19.56,1.704
234,409.1,193.7,267.0,19.56,1.704
234,409.1,193.2,267.0,19.56,1.704
234,409.1,192.8,267.0,19.56,1.704
234,409.1,192.3,267.0,19.56,1.704
234,409.1,191.9,267.0,19.60,1.704
234,409.1,191.5,267.0,19.60,1.623
234,409.1,191.0,267.0,19.60,1.623
234,409.1,190.6,267.0,19.60,1.623
234,409.1,193.1,267.0,19.56,1.623
234,409.1,192.6,267.0,19.56,1.704
234,409.1,192.2,267.0,19.56,1.704
234,409.1,194.7,267.0,19.56,1.704
234,409.1,194.2,267.0,19.56,1.704
234,409.1,193.8,267.0,19.56,1.704
234,409.1,193.4,267.0,19.56,1.704
234,409.1,192.9,267.0,19.56,1.704
234,409.1,192.5,267.0,19.56,1.704
234,409.1,192.0,267.0,19.56,1.704
234,409.1,194.5,267.0,19.56,1.704
234,409.1,194.1,267.0,19.56,1.704
234,409.1,193.7,267.0,19.56,1.704
234,409.1,193.2,267.0,19.56,1.704
234,409.1,192.8,267.0,19.56,1.704
234,409.1,192.3,267.0,19.56,1.704
234,409.1,191.9,267.0,19.60,1.704
234,409.1,191.4,267.0,19.60,1.623
234,409.1,191.0,267.0,19.60,1.623
234,409.1,190.6,267.0,19.60,1.623
234,409.1,193.1,267.0,19.56,1.623
234,409.1,192.6,267.0,19.56,1.704
234,409.1,192.2,267.0,19.56,1.704
234,409.1,194.7,267.0,19.56,1.704
234,409.1,194.2,267.0,19.56,1.704
234,409.1,193.8,267.0,19.56,1.704
234,409.1,193.3,267.0,19.56,1.704
234,409.1,192.9,267.0,19.56,1.704
234,409.1,192.5,267.0,19.56,1.704
234,409.1,192.0,267.0,19.56,1.704
234,409.1,194.5,267.0,19.56,1.704
234,409.1,194.1,267.0,19.56,1.704
234,409.1,193.6,267.0,19.56,1.704
234,409.1,193.2,267.0,19.56,1.704
234,409.1,192.7,267.0,19.56,1.704
234,409.1,192.3,267.0,19.56,1.704
234,409.1,191.9,267.0,19.60,1.704
234,409.1,191.4,267.0,19.60,1.623
234,409.1,191.0,267.0,19.60,1.623
234,409.1,190.5,267.0,19.60,1.623
234,409.1,193.0,267.0,19.56,1.623
234,409.1,192.6,267.0,19.56,1.704
234,409.1,192.1,267.0,19.56,1.704
234,409.1,194.6,267.0,19.56,1.704
234,409.1,194.2,267.0,19.56,1.704
234,409.1,193.8,267.0,19.56,1.704
234,409.1,193.3,267.0,19.56,1.704
234,409.1,192.9,267.0,19.56,1.704
234,409.1,192.4,267.0,19.56,1.704
234,409.1,192.0,267.0,19.60,1.704
234,409.1,191.5,267.0,19.60,1.623
234,409.1,191.1,267.0,19.60,1.623
234,409.1,190.7,267.0,19.60,1.623
234,409.1,193.2,267.0,19.56,1.623
234,409.1,192.7,267.0,19.56,1.704
234,409.1,192.3,267.0,19.56,1.704
234,409.1,191.8,267.0,19.60,1.704
234,409.1,191.4,267.0,19.60,1.623
234,409.1,190.9,267.0,19.60,1.623
234,409.1,190.5,267.0,19.60,1.623
234,409.1,193.0,267.0,19.56,1.623
234,409.1,192.6,267.0,19.56,1.704
234,409.1,192.1,267.0,19.56,1.704
234,409.1,194.6,267.0,19.56,1.704
234,409.1,194.2,267.0,19.56,1.704
234,409.1,193.7,267.0,19.56,1.704
234,409.1,193.3,267.0,19.56,1.704
234,409.1,192.8,267.0,19.56,1.704
234,409.1,192.4,267.0,19.56,1.704
234,409.1,192.0,267.0,19.60,1.704
234,409.1,191.5,267.0,19.60,1.623
234,409.1,191.1,267.0,19.60,1.623
234,409.1,190.6,267.0,19.60,1.623
234,409.1,193.1,267.0,19.56,1.623
234,409.1,192.7,267.0,19.56,1.704
234,409.1,192.2,267.0,19.56,1.704
234,409.1,191.8,267.0,19.60,1.704
234,409.1,191.4,267.0,19.60,1.623
234,409.1,190.9,267.0,19.60,1.623
234,409.1,190.5,267.0,19.60,1.623
234,409.1,193.0,267.0,19.56,1.623
234,409.1,192.5,267.0,19.56,1.704
234,409.1,192.1,267.0,19.56,1.704
234,409.1,194.6,267.0,19.56,1.704
234,409.1,194.2,267.0,19.56,1.704
234,409.1,193.7,267.0,19.56,1.704
234,409.1,193.3,267.0,19.56,1.704
234,409.1,192.8,267.0,19.56,1.704
234,409.1,192.4,267.0,19.56,1.704
234,409.1,191.9,267.0,19.60,1.704
234,409.1,191.5,267.0,19.60,1.623
234,409.1,191.0,267.0,19.60,1.623
234,409.1,190.6,267.0,19.60,1.623
234,409.1,193.1,267.0,19.56,1.623
234,409.1,192.7,267.0,19.56,1.704
234,409.1,192.2,267.0,19.56,1.704
234,409.1,194.7,267.0,19.56,1.704
234,409.1,194.3,267.0,19.56,1.704
234,409.1,193.8,267.0,19.56,1.704
234,409.1,193.4,267.0,19.56,1.704
234,409.1,192.9,267.0,19.56,1.704
234,409.1,192.5,267.0,19.56,1.704
234,409.1,192.1,267.0,19.56,1.704
234,409.1,194.6,267.0,19.56,1.704
234,409.1,194.1,267.0,19.56,1.704
234,409.1,193.7,267.0,19.56,1.704
234,409.1,193.2,267.0,19.56,1.704
234,409.1,192.8,267.0,19.56,1.704
234,409.1,192.3,267.0,19.56,1.704
234,409.1,191.9,267.0,19.60,1.704
234,409.1,191.5,267.0,19.60,1.623
234,409.1,191.0,267.0,19.60,1.623
234,409.1,190.6,267.0,19.60,1.623
234,409.1,193.1,267.0,19.56,1.623
234,409.1,192.6,267.0,19.56,1.704
234,409.1,192.2,267.0,19.56,1.704
234,409.1,194.7,267.0,19.56,1.704
234,409.1,194.2,267.0,19.56,1.704
234,409.1,193.8,267.0,19.56,1.704
234,409.1,193.4,267.0,19.56,1.704
234,409.1,192.9,267.0,19.56,1.704
240,365.4,183.1,264.5,19.01,0.834
240,372.0,185.0,264.1,19.01,0.863
240,377.0,187.4,267.0,19.89,1.252
240,382.0,189.8,267.0,19.89,1.252
240,384.9,192.2,267.0,19.56,1.252
240,387.8,191.8,267.0,19.60,1.704
240,390.7,191.3,267.0,19.60,1.623
240,393.6,190.8,267.0,19.60,1.623
240,396.5,190.3,267.0,19.35,1.623
240,396.5,192.8,267.0,19.67,1.732
240,396.5,192.4,267.0,19.67,1.846
240,396.5,191.9,267.0,19.35,1.846
240,396.5,191.5,267.0,19.35,1.732
240,396.5,191.1,267.0,19.35,1.732
240,396.5,190.6,267.0,19.35,1.732
240,396.5,193.1,267.0,19.67,1.732
240,396.5,192.7,267.0,19.67,1.846
240,396.5,192.2,267.0,19.67,1.846
240,396.5,191.8,267.0,19.35,1.846
240,396.5,191.3,267.0,19.35,1.732
240,396.5,190.9,267.0,19.35,1.732
240,396.5,190.5,267.0,19.35,1.732
240,396.5,193.0,267.0,19.67,1.732
240,396.5,192.5,267.0,19.67,1.846
240,396.5,192.1,267.0,19.67,1.846
240,396.5,194.6,267.0,19.67,1.846
240,396.5,194.1,267.0,19.67,1.846
240,396.5,193.7,267.0,19.67,1.846
240,396.5,193.3,267.0,19.67,1.846
240,396.5,192.8,267.0,19.67,1.846
240,396.5,192.4,267.0,19.67,1.846
240,396.5,191.9,267.0,19.35,1.846
240,396.5,191.5,267.0,19.35,1.732
240,396.5,191.0,267.0,19.35,1.732
240,396.5,190.6,267.0,19.35,1.732
240,396.5,193.1,267.0,19.67,1.732
240,396.5,192.7,267.0,19.67,1.846
240,396.5,192.2,267.0,19.67,1.846
240,396.5,194.7,267.0,19.67,1.846
240,396.5,194.3,267.0,19.67,1.846
240,396.5,193.8,267.0,19.67,1.846
240,396.5,193.4,267.0,19.67,1.846
240,396.5,192.9,267.0,19.67,1.846
240,396.5,192.5,267.0,19.67,1.846
240,396.5,192.1,267.0,19.67,1.846
240,396.5,194.6,267.0,19.67,1.846
240,396.5,194.1,267.0,19.67,1.846
240,396.5,193.7,267.0,19.67,1.846
240,396.5,193.2,267.0,19.67,1.846
240,396.5,192.8,267.0,19.67,1.846
240,396.5,192.3,267.0,19.67,1.846
240,396.5,191.9,267.0,19.35,1.846
240,396.5,191.5,267.0,19.35,1.732
240,396.5,191.0,267.0,19.35,1.732
240,396.5,190.6,267.0,19.35,1.732
240,396.5,193.1,267.0,19.67,1.732
240,396.5,192.6,267.0,19.67,1.846
240,396.5,192.2,267.0,19.67,1.846
240,396.5,194.7,267.0,19.67,1.846
240,396.5,194.2,267.0,19.67,1.846
240,396.5,193.8,267.0,19.67,1.846
240,396.5,193.4,267.0,19.67,1.846
240,396.5,192.9,267.0,19.67,1.846
240,396.5,192.5,267.0,19.67,1.846
240,396.5,192.0,267.0,19.67,1.846
240,396.5,194.5,267.0,19.67,1.846
240,396.5,194.1,267.0,19.67,1.846
240,396.5,193.7,267.0,19.67,1.846
240,396.5,193.2,267.0,19.67,1.846
240,396.5,192.8,267.0,19.67,1.846
240,396.5,192.3,267.0,19.67,1.846
240,396.5,191.9,267.0,19.35,1.846
240,396.5,191.4,267.0,19.35,1.732
240,396.5,191.0,267.0,19.35,1.732
240,396.5,190.5,267.0,19.35,1.732
240,396.5,193.1,267.0,19.67,1.732
240,396.5,192.6,267.0,19.67,1.846
240,396.5,192.2,267.0,19.67,1.846
240,396.5,194.7,267.0,19.67,1.846
240,396.5,194.2,267.0,19.67,1.846
240,396.5,193.8,267.0,19.67,1.846
240,396.5,193.3,267.0,19.67,1.846
240,396.5,192.9,267.0,19.67,1.846
240,396.5,192.5,267.0,19.67,1.846
240,396.5,192.0,267.0,19.67,1.846
240,396.5,194.5,267.0,19.67,1.846
240,396.5,194.1,267.0,19.67,1.846
240,396.5,193.6,267.0,19.67,1.846
240,396.5,193.2,267.0,19.67,1.846
240,396.5,192.7,267.0,19.67,1.846
240,396.5,192.3,267.0,19.67,1.846
240,396.5,191.9,267.0,19.35,1.846
240,396.5,191.4,267.0,19.35,1.732
240,396.5,191.0,267.0,19.35,1.732
240,396.5,190.5,267.0,19.35,1.732
240,396.5,193.0,267.0,19.67,1.732
240,396.5,192.6,267.0,19.67,1.846
240,396.5,192.1,267.0,19.67,1.846
240,396.5,194.6,267.0,19.67,1.846
240,396.5,194.2,267.0,19.67,1.846
240,396.5,193.8,267.0,19.67,1.846
240,396.5,193.3,267.0,19.67,1.846
240,396.5,192.9,267.0,19.67,1.846
240,396.5,192.4,267.0,19.67,1.846
240,396.5,192.0,267.0,19.35,1.846
240,396.5,191.5,267.0,19.35,1.732
240,396.5,191.1,267.0,19.35,1.732
240,396.5,190.7,267.0,19.35,1.732
240,396.5,193.2,267.0,19.67,1.732
240,396.5,192.7,267.0,19.67,1.846
240,396.5,192.3,267.0,19.67,1.846
240,396.5,191.8,267.0,19.35,1.846
240,396.5,191.4,267.0,19.35,1.732
240,396.5,190.9,267.0,19.35,1.732
240,396.5,190.5,267.0,19.35,1.732
240,396.5,193.0,267.0,19.67,1.732
240,396.5,192.6,267.0,19.67,1.846
240,396.5,192.1,267.0,19.67,1.846
240,396.5,194.6,267.0,19.67,1.846
240,396.5,194.2,267.0,19.67,1.846
240,396.5,193.7,267.0,19.67,1.846
240,396.5,193.3,267.0,19.67,1.846
240,396.5,192.8,267.0,19.67,1.846
240,396.5,192.4,267.0,19.67,1.846
240,396.5,191.9,267.0,19.35,1.846
240,396.5,191.5,267.0,19.35,1.732
240,396.5,191.1,267.0,19.35,1.732
240,396.5,190.6,267.0,19.35,1.732
240,396.5,193.1,267.0,19.67,1.732
240,396.5,192.7,267.0,19.67,1.846
240,396.5,192.2,267.0,19.67,1.846
240,396.5,191.8,267.0,19.35,1.846
240,396.5,191.3,267.0,19.35,1.732
240,396.5,190.9,267.0,19.35,1.732
240,396.5,190.5,267.0,19.35,1.732
240,396.5,193.0,267.0,19.67,1.732
240,396.5,192.5,267.0,19.67,1.846
240,396.5,192.1,267.0,19.67,1.846
240,396.5,194.6,267.0,19.67,1.846
240,396.5,194.1,267.0,19.67,1.846
240,396.5,193.7,267.0,19.67,1.846
240,396.5,193.2,267.0,19.67,1.846
240,396.5,192.8,267.0,19.67,1.846
240,396.5,192.4,267.0,19.67,1.846
240,396.5,191.9,267.0,19.35,1.846
240,396.5,191.5,267.0,19.35,1.732
240,396.5,191.0,267.0,19.35,1.732
240,396.5,190.6,267.0,19.35,1.732
240,396.5,193.1,267.0,19.67,1.732
240,396.5,192.7,267.0,19.67,1.846
240,396.5,192.2,267.0,19.67,1.846
240,396.5,194.7,267.0,19.67,1.846
240,396.5,194.3,267.0,19.67,1.846
240,396.5,193.8,267.0,19.67,1.846
240,396.5,193.4,267.0,19.67,1.846
240,396.5,192.9,267.0,19.67,1.846
240,396.5,192.5,267.0,19.67,1.846
240,396.5,192.1,267.0,19.67,1.846
240,396.5,194.6,267.0,19.67,1.846
240,396.5,194.1,267.0,19.67,1.846
246,421.3,176.9,264.5,21.24,0.991
246,418.7,183.3,264.4,19.60,0.991
246,415.8,185.8,267.0,19.60,1.623
246,412.9,188.2,267.0,19.60,1.623
246,410.0,190.7,267.0,19.60,1.623
246,407.1,193.1,267.0,19.67,1.623
246,407.1,192.7,267.0,19.67,1.846
246,407.1,192.2,267.0,19.67,1.846
246,407.1,194.7,267.0,19.67,1.846
246,407.1,194.3,267.0,19.67,1.846
246,407.1,193.8,267.0,19.67,1.846
246,407.1,193.4,267.0,19.67,1.846
246,407.1,192.9,267.0,19.67,1.846
246,407.1,192.5,267.0,19.67,1.846
246,407.1,192.1,267.0,19.67,1.846
246,407.1,194.6,267.0,19.67,1.846
246,407.1,194.1,267.0,19.67,1.846
246,407.1,193.7,267.0,19.67,1.846
246,407.1,193.2,267.0,19.67,1.846
246,407.1,192.8,267.0,19.67,1.846
246,407.1,192.3,267.0,19.67,1.846
246,407.1,191.9,267.0,19.35,1.846
246,407.1,191.5,267.0,19.35,1.732
246,407.1,191.0,267.0,19.35,1.732
246,407.1,190.6,267.0,19.35,1.732
246,407.1,193.1,267.0,19.67,1.732
246,407.1,192.6,267.0,19.67,1.846
246,407.1,192.2,267.0,19.67,1.846
246,407.1,194.7,267.0,19.67,1.846
246,407.1,194.2,267.0,19.67,1.846
246,407.1,193.8,267.0,19.67,1.846
246,407.1,193.4,267.0,19.67,1.846
246,407.1,192.9,267.0,19.67,1.846
246,407.1,192.5,267.0,19.67,1.846
246,407.1,192.0,267.0,19.67,1.846
246,407.1,194.5,267.0,19.67,1.846
246,407.1,194.1,267.0,19.67,1.846
246,407.1,193.7,267.0,19.67,1.846
246,407.1,193.2,267.0,19.67,1.846
246,407.1,192.8,267.0,19.67,1.846
246,407.1,192.3,267.0,19.67,1.846
246,407.1,191.9,267.0,19.35,1.846
246,407.1,191.4,267.0,19.35,1.732
246,407.1,191.0,267.0,19.35,1.732
246,407.1,190.6,267.0,19.35,1.732
246,407.1,193.1,267.0,19.67,1.732
246,407.1,192.6,267.0,19.67,1.846
246,407.1,192.2,267.0,19.67,1.846
246,407.1,194.7,267.0,19.67,1.846
246,407.1,194.2,267.0,19.67,1.846
246,407.1,193.8,267.0,19.67,1.846
246,407.1,193.3,267.0,19.67,1.846
246,407.1,192.9,267.0,19.67,1.846
246,407.1,192.5,267.0,19.67,1.846
246,407.1,192.0,267.0,19.67,1.846
246,407.1,194.5,267.0,19.67,1.846
246,407.1,194.1,267.0,19.67,1.846
246,407.1,193.6,267.0,19.67,1.846
246,407.1,193.2,267.0,19.67,1.846
246,407.1,192.7,267.0,19.67,1.846
246,407.1,192.3,267.0,19.67,1.846
246,407.1,191.9,267.0,19.35,1.846
246,407.1,191.4,267.0,19.35,1.732
246,407.1,191.0,267.0,19.35,1.732
246,407.1,190.5,267.0,19.35,1.732
246,407.1,193.0,267.0,19.67,1.732
246,407.1,192.6,267.0,19.67,1.846
246,407.1,192.1,267.0,19.67,1.846
246,407.1,194.6,267.0,19.67,1.846
246,407.1,194.2,267.0,19.67,1.846
246,407.1,193.8,267.0,19.67,1.846
246,407.1,193.3,267.0,19.67,1.846
246,407.1,192.9,267.0,19.67,1.846
246,407.1,192.4,267.0,19.67,1.846
246,407.1,192.0,267.0,19.35,1.846
246,407.1,191.5,267.0,19.35,1.732
246,407.1,191.1,267.0,19.35,1.732
246,407.1,190.7,267.0,19.35,1.732
246,407.1,193.2,267.0,19.67,1.732
246,407.1,192.7,267.0,19.67,1.846
246,407.1,192.3,267.0,19.67,1.846
246,407.1,191.8,267.0,19.35,1.846
246,407.1,191.4,267.0,19.35,1.732
246,407.1,190.9,267.0,19.35,1.732
246,407.1,190.5,267.0,19.35,1.732
246,407.1,193.0,267.0,19.67,1.732
246,407.1,192.6,267.0,19.67,1.846
246,407.1,192.1,267.0,19.67,1.846
246,407.1,194.6,267.0,19.67,1.846
246,407.1,194.2,267.0,19.67,1.846
246,407.1,193.7,267.0,19.67,1.846
246,407.1,193.3,267.0,19.67,1.846
246,407.1,192.8,267.0,19.67,1.846
246,407.1,192.4,267.0,19.67,1.846
246,407.1,191.9,267.0,19.35,1.846
246,407.1,191.5,267.0,19.35,1.732
246,407.1,191.1,267.0,19.35,1.732
246,407.1,190.6,267.0,19.35,1.732
246,407.1,193.1,267.0,19.67,1.732
246,407.1,192.7,267.0,19.67,1.846
246,407.1,192.2,267.0,19.67,1.846
246,407.1,191.8,267.0,19.35,1.846
246,407.1,191.3,267.0,19.35,1.732
246,407.1,190.9,267.0,19.35,1.732
246,407.1,190.5,267.0,19.35,1.732
246,407.1,193.0,267.0,19.67,1.732
246,407.1,192.5,267.0,19.67,1.846
246,407.1,192.1,267.0,19.67,1.846
246,407.1,194.6,267.0,19.67,1.846
246,407.1,194.1,267.0,19.67,1.846
246,407.1,193.7,267.0,19.67,1.846
246,407.1,193.3,267.0,19.67,1.846
246,407.1,192.8,267.0,19.67,1.846
246,407.1,192.4,267.0,19.67,1.846
246,407.1,191.9,267.0,19.35,1.846
246,407.1,191.5,267.0,19.35,1.732
246,407.1,191.0,267.0,19.35,1.732
246,407.1,190.6,267.0,19.35,1.732
246,407.1,193.1,267.0,19.67,1.732
246,407.1,192.7,267.0,19.67,1.846
246,407.1,192.2,267.0,19.67,1.846
246,407.1,194.7,267.0,19.67,1.846
246,407.1,194.3,267.0,19.67,1.846
246,407.1,193.8,267.0,19.67,1.846
246,407.1,193.4,267.0,19.67,1.846
246,407.1,192.9,267.0,19.67,1.846
246,407.1,192.5,267.0,19.67,1.846
246,407.1,192.1,267.0,19.67,1.846
246,407.1,194.6,267.0,19.67,1.846
246,407.1,194.1,267.0,19.67,1.846
246,407.1,193.7,267.0,19.67,1.846
246,407.1,193.2,267.0,19.67,1.846
246,407.1,192.8,267.0,19.67,1.846
246,407.1,192.3,267.0,19.67,1.846
246,407.1,191.9,267.0,19.35,1.846
246,407.1,191.5,267.0,19.35,1.732
246,407.1,191.0,267.0,19.35,1.732
246,407.1,190.6,267.0,19.35,1.732
246,407.1,193.1,267.0,19.67,1.732
246,407.1,192.6,267.0,19.67,1.846
246,407.1,192.2,267.0,19.67,1.846
246,407.1,194.7,267.0,19.67,1.846
246,407.1,194.2,267.0,19.67,1.846
246,407.1,193.8,267.0,19.67,1.846
246,407.1,193.4,267.0,19.67,1.846
246,407.1,192.9,267.0,19.67,1.846
246,407.1,192.5,267.0,19.67,1.846
246,407.1,192.0,267.0,19.67,1.846
246,407.1,194.5,267.0,19.67,1.846
246,407.1,194.1,267.0,19.67,1.846
246,407.1,193.6,267.0,19.67,1.846
246,407.1,193.2,267.0,19.67,1.846
246,407.1,192.8,267.0,19.67,1.846
246,407.1,192.3,267.0,19.67,1.846
246,407.1,191.9,267.0,19.35,1.846
246,407.1,191.4,267.0,19.35,1.732
246,407.1,191.0,267.0,19.35,1.732
246,407.1,190.5,267.0,19.35,1.732
246,407.1,193.0,267.0,19.67,1.732
246,407.1,192.6,267.0,19.67,1.846
252,418.6,175.7,264.9,19.03,0.991
252,416.1,182.1,264.7,19.60,0.861
252,413.2,184.5,267.0,19.60,1.623
252,410.3,186.9,267.0,19.60,1.623
252,407.4,189.4,267.0,19.35,1.623
252,407.4,191.9,267.0,19.35,1.732
252,407.4,191.5,267.0,19.35,1.732
252,407.4,191.0,267.0,19.35,1.732
252,407.4,190.6,267.0,19.35,1.732
252,407.4,193.1,267.0,19.67,1.732
252,407.4,192.6,267.0,19.67,1.846
252,407.4,192.2,267.0,19.67,1.846
252,407.4,194.7,267.0,19.67,1.846
252,407.4,194.2,267.0,19.67,1.846
252,407.4,193.8,267.0,19.67,1.846
252,407.4,193.4,267.0,19.67,1.846
252,407.4,192.9,267.0,19.67,1.846
252,407.4,192.5,267.0,19.67,1.846
252,407.4,192.0,267.0,19.67,1.846
252,407.4,194.5,267.0,19.67,1.846
252,407.4,194.1,267.0,19.67,1.846
252,407.4,193.7,267.0,19.67,1.846
252,407.4,193.2,267.0,19.67,1.846
252,407.4,192.8,267.0,19.67,1.846
252,407.4,192.3,267.0,19.67,1.846
252,407.4,191.9,267.0,19.35,1.846
252,407.4,191.4,267.0,19.35,1.732
252,407.4,191.0,267.0,19.35,1.732
252,407.4,190.6,267.0,19.35,1.732
252,407.4,193.1,267.0,19.67,1.732
252,407.4,192.6,267.0,19.67,1.846
252,407.4,192.2,267.0,19.67,1.846
252,407.4,194.7,267.0,19.67,1.846
252,407.4,194.2,267.0,19.67,1.846
252,407.4,193.8,267.0,19.67,1.846
252,407.4,193.3,267.0,19.67,1.846
252,407.4,192.9,267.0,19.67,1.846
252,407.4,192.5,267.0,19.67,1.846
252,407.4,192.0,267.0,19.67,1.846
252,407.4,194.5,267.0,19.67,1.846
252,407.4,194.1,267.0,19.67,1.846
252,407.4,193.6,267.0,19.67,1.846
252,407.4,193.2,267.0,19.67,1.846
252,407.4,192.7,267.0,19.67,1.846
252,407.4,192.3,267.0,19.67,1.846
252,407.4,191.9,267.0,19.35,1.846
252,407.4,191.4,267.0,19.35,1.732
252,407.4,191.0,267.0,19.35,1.732
252,407.4,190.5,267.0,19.35,1.732
252,407.4,193.0,267.0,19.67,1.732
252,407.4,192.6,267.0,19.67,1.846
252,407.4,192.1,267.0,19.67,1.846
252,407.4,194.6,267.0,19.67,1.846
252,407.4,194.2,267.0,19.67,1.846
252,407.4,193.8,267.0,19.67,1.846
252,407.4,193.3,267.0,19.67,1.846
252,407.4,192.9,267.0,19.67,1.846
252,407.4,192.4,267.0,19.67,1.846
252,407.4,192.0,267.0,19.35,1.846
252,407.4,191.5,267.0,19.35,1.732
252,407.4,191.1,267.0,19.35,1.732
252,407.4,190.7,267.0,19.35,1.732
252,407.4,193.2,267.0,19.67,1.732
252,407.4,192.7,267.0,19.67,1.846
252,407.4,192.3,267.0,19.67,1.846
252,407.4,191.8,267.0,19.35,1.846
252,407.4,191.4,267.0,19.35,1.732
252,407.4,190.9,267.0,19.35,1.732
252,407.4,190.5,267.0,19.35,1.732
252,407.4,193.0,267.0,19.67,1.732
252,407.4,192.6,267.0,19.67,1.846
252,407.4,192.1,267.0,19.67,1.846
252,407.4,194.6,267.0,19.67,1.846
252,407.4,194.2,267.0,19.67,1.846
252,407.4,193.7,267.0,19.67,1.846
252,407.4,193.3,267.0,19.67,1.846
252,407.4,192.8,267.0,19.67,1.846
252,407.4,192.4,267.0,19.67,1.846
252,407.4,191.9,267.0,19.35,1.846
252,407.4,191.5,267.0,19.35,1.732
252,407.4,191.1,267.0,19.35,1.732
252,407.4,190.6,267.0,19.35,1.732
252,407.4,193.1,267.0,19.67,1.732
252,407.4,192.7,267.0,19.67,1.846
252,407.4,192.2,267.0,19.67,1.846
252,407.4,191.8,267.0,19.35,1.846
252,407.4,191.3,267.0,19.35,1.732
252,407.4,190.9,267.0,19.35,1.732
252,407.4,190.5,267.0,19.35,1.732
252,407.4,193.0,267.0,19.67,1.732
252,407.4,192.5,267.0,19.67,1.846
252,407.4,192.1,267.0,19.67,1.846
252,407.4,194.6,267.0,19.67,1.846
252,407.4,194.1,267.0,19.67,1.846
252,407.4,193.7,267.0,19.67,1.846
252,407.4,193.2,267.0,19.67,1.846
252,407.4,192.8,267.0,19.67,1.846
252,407.4,192.4,267.0,19.67,1.846
252,407.4,191.9,267.0,19.35,1.846
252,407.4,191.5,267.0,19.35,1.732
252,407.4,191.0,267.0,19.35,1.732
252,407.4,190.6,267.0,19.35,1.732
252,407.4,193.1,267.0,19.67,1.732
252,407.4,192.7,267.0,19.67,1.846
252,407.4,192.2,267.0,19.67,1.846
252,407.4,194.7,267.0,19.67,1.846
252,407.4,194.3,267.0,19.67,1.846
252,407.4,193.8,267.0,19.67,1.846
252,407.4,193.4,267.0,19.67,1.846
252,407.4,192.9,267.0,19.67,1.846
252,407.4,192.5,267.0,19.67,1.846
252,407.4,192.1,267.0,19.67,1.846
252,407.4,194.6,267.0,19.67,1.846
252,407.4,194.1,267.0,19.67,1.846
252,407.4,193.7,267.0,19.67,1.846
252,407.4,193.2,267.0,19.67,1.846
252,407.4,192.8,267.0,19.67,1.846
252,407.4,192.3,267.0,19.67,1.846
252,407.4,191.9,267.0,19.35,1.846
252,407.4,191.5,267.0,19.35,1.732
252,407.4,191.0,267.0,19.35,1.732
252,407.4,190.6,267.0,19.35,1.732
252,407.4,193.1,267.0,19.67,1.732
252,407.4,192.6,267.0,19.67,1.846
252,407.4,192.2,267.0,19.67,1.846
252,407.4,194.7,267.0,19.67,1.846
252,407.4,194.2,267.0,19.67,1.846
252,407.4,193.8,267.0,19.67,1.846
252,407.4,193.4,267.0,19.67,1.846
252,407.4,192.9,267.0,19.67,1.846
252,407.4,192.5,267.0,19.67,1.846
252,407.4,192.0,267.0,19.67,1.846
252,407.4,194.5,267.0,19.67,1.846
252,407.4,194.1,267.0,19.67,1.846
252,407.4,193.6,267.0,19.67,1.846
252,407.4,193.2,267.0,19.67,1.846
252,407.4,192.8,267.0,19.67,1.846
252,407.4,192.3,267.0,19.67,1.846
252,407.4,191.9,267.0,19.35,1.846
252,407.4,191.4,267.0,19.35,1.732
252,407.4,191.0,267.0,19.35,1.732
252,407.4,190.5,267.0,19.35,1.732
252,407.4,193.0,267.0,19.67,1.732
252,407.4,192.6,267.0,19.67,1.846
252,407.4,192.2,267.0,19.67,1.846
252,407.4,194.7,267.0,19.67,1.846
252,407.4,194.2,267.0,19.67,1.846
252,407.4,193.8,267.0,19.67,1.846
252,407.4,193.3,267.0,19.67,1.846
252,407.4,192.9,267.0,19.67,1.846
252,407.4,192.4,267.0,19.67,1.846
252,407.4,192.0,267.0,19.67,1.846
252,407.4,191.6,267.0,19.35,1.732
252,407.4,191.1,267.0,19.35,1.732
252,407.4,190.7,267.0,19.35,1.732
252,407.4,193.2,267.0,19.67,1.732
252,407.4,192.7,267.0,19.67,1.846
252,407.4,192.3,267.0,19.67,1.846
252,407.4,191.8,267.0,19.35,1.846
252,407.4,191.4,267.0,19.35,1.732
258,417.0,152.0,259.8,21.28,0.826
258,416.6,154.9,254.7,21.28,0.737
258,415.6,159.4,247.2,19.62,0.737
258,414.8,163.3,241.4,19.62,0.876
258,414.4,165.3,236.2,20.35,0.876
258,413.9,167.3,231.0,20.35,0.699
258,413.3,169.2,227.5,20.31,0.699
258,412.9,170.4,223.3,20.31,0.543
258,412.5,171.6,219.2,20.31,0.543
258,412.1,172.8,215.0,20.42,0.543
258,411.8,173.4,210.3,20.42,0.592
258,411.5,174.1,205.6,20.42,0.592
258,411.2,174.4,200.6,20.49,0.592
258,411.0,174.7,195.6,20.49,0.633
258,410.8,175.0,190.5,20.55,0.633
258,410.6,175.2,185.2,20.55,0.664
258,410.4,175.3,179.9,20.59,0.664
258,410.3,175.2,174.2,20.59,0.707
258,410.1,175.1,168.6,20.59,0.707
258,410.0,174.9,162.8,20.61,0.707
258,409.9,174.7,157.0,20.61,0.723
258,409.8,174.5,151.1,20.63,0.723
258,409.7,174.3,145.2,20.63,0.737
258,409.6,174.0,139.2,20.65,0.737
258,409.5,173.8,133.3,20.65,0.748
258,409.4,173.5,127.2,20.68,0.748
258,409.4,173.2,121.2,20.68,0.758
258,409.3,172.8,115.0,20.70,0.758
258,409.2,172.5,108.8,20.70,0.776
258,409.1,172.2,102.5,20.71,0.776
258,409.1,171.8,96.3,20.71,0.782
258,409.0,171.4,90.0,20.73,0.782
258,409.0,171.0,83.7,20.73,0.787
258,409.0,170.6,77.4,20.73,0.788
258,409.0,170.2,71.1,20.74,0.788
258,409.0,169.8,64.9,20.74,0.783
258,409.1,169.4,58.6,20.73,0.783
258,409.3,168.9,52.7,20.73,0.740
258,409.5,168.4,46.8,20.72,0.740
258,409.9,167.9,41.3,21.00,0.690
258,410.2,167.1,36.1,21.00,0.664
258,410.7,166.2,31.5,20.96,0.664
258,411.2,165.3,26.8,20.96,0.593
258,411.7,164.4,22.2,20.90,0.593
258,412.5,163.2,18.6,20.90,0.484
258,413.2,162.1,15.0,20.90,0.484
258,414.0,160.9,11.4,20.84,0.484
258,415.2,159.3,9.0,20.84,0.388
258,416.4,157.8,6.5,20.84,0.388
258,417.5,156.2,4.1,20.84,0.388
258,418.6,154.0,3.0,21.05,0.388
258,419.6,151.8,3.0,21.05,0.407
258,422.5,149.7,3.0,21.22,0.407
258,425.3,147.6,3.0,21.22,0.480
258,428.2,145.5,3.0,21.22,0.480
258,431.0,143.4,3.0,21.39,0.480
258,434.2,141.1,3.0,21.55,0.485
258,437.4,138.7,3.0,21.55,0.512
258,440.6,136.3,3.0,21.55,0.512
258,443.7,134.0,3.0,21.55,0.512
258,447.2,131.8,3.0,21.81,0.512
258,450.5,129.3,3.0,21.81,0.518
258,453.8,126.9,3.0,21.81,0.518
258,457.0,124.4,3.0,21.86,0.518
258,460.5,122.1,3.0,21.86,0.519
258,463.9,119.9,3.0,22.00,0.519
258,466.9,117.3,3.0,22.00,0.494
258,469.9,114.8,3.0,22.04,0.494
258,473.0,112.4,3.0,22.04,0.491
258,476.1,110.0,3.0,22.04,0.491
258,479.1,107.5,3.0,22.13,0.491
258,482.1,105.3,3.0,22.17,0.477
258,485.0,103.1,3.0,22.17,0.464
258,488.0,100.8,3.0,22.17,0.464
258,491.0,98.6,3.0,22.17,0.464
258,493.9,96.5,3.0,22.22,0.464
258,496.7,94.3,3.0,22.28,0.454
258,499.5,92.2,3.0,22.28,0.445
258,502.4,90.0,3.0,22.28,0.445
258,505.2,87.8,3.0,22.32,0.445
258,508.0,85.7,3.0,22.32,0.436
258,510.8,83.7,3.0,22.37,0.436
258,513.5,81.6,3.0,22.37,0.427
258,516.1,79.5,3.0,22.40,0.427
258,518.8,77.4,3.0,22.40,0.419
258,521.5,75.4,3.0,22.40,0.419
258,524.2,73.4,3.0,22.40,0.419
258,526.9,71.4,3.0,22.47,0.419
258,529.4,69.5,3.0,22.49,0.410
258,532.0,67.5,3.0,22.49,0.403
258,534.6,65.6,3.0,22.49,0.403
258,537.1,63.6,3.0,22.49,0.403
258,539.7,61.7,3.0,22.49,0.403
258,542.2,59.9,3.0,22.59,0.403
258,544.7,58.2,3.0,22.59,0.374
258,547.1,56.4,3.1,22.59,0.374
258,549.5,54.7,3.1,22.59,0.374
258,551.9,52.9,3.2,22.59,0.374
258,554.4,51.3,3.3,22.63,0.367
258,556.8,49.6,3.3,22.63,0.367
258,559.2,47.9,3.4,22.66,0.367
258,561.6,46.3,3.5,22.66,0.360
258,564.0,44.7,3.6,22.66,0.360
258,566.4,43.2,3.8,22.69,0.354
258,568.8,41.7,3.9,22.69,0.354
258,571.2,40.2,4.0,22.69,0.354
258,573.6,38.7,4.2,22.69,0.354
258,576.0,37.1,4.3,22.69,0.354
258,578.3,35.7,4.4,22.75,0.349
258,580.8,34.4,4.6,22.75,0.344
258,583.2,33.1,4.9,22.75,0.344
258,585.6,31.8,5.1,22.75,0.344
258,588.0,30.5,5.3,22.75,0.344
258,590.4,29.2,5.5,22.79,0.340
258,592.8,28.0,5.8,22.79,0.340
258,595.2,26.7,6.0,22.79,0.340
258,597.6,25.5,6.2,22.79,0.340
258,600.0,24.2,6.4,22.84,0.340
258,602.5,23.3,6.8,22.85,0.328
258,604.9,22.4,7.1,22.85,0.330
258,607.4,21.5,7.4,22.85,0.330
258,609.8,20.6,7.7,22.85,0.330
258,612.3,19.7,8.1,22.90,0.330
258,614.7,18.8,8.4,22.90,0.325
258,617.1,17.9,8.7,22.90,0.325
258,619.6,17.0,9.0,22.90,0.325
258,622.0,16.2,9.3,22.90,0.325
258,624.4,15.3,9.6,22.93,0.325
258,626.8,14.4,9.9,22.93,0.320
258,629.2,13.6,10.2,22.93,0.320
258,631.6,12.8,10.5,22.93,0.320
258,634.0,11.9,10.8,23.08,0.320
258,636.6,11.4,11.2,23.11,0.333
258,639.1,10.8,11.7,23.11,0.329
258,641.6,10.3,12.2,23.03,0.329
258,644.0,9.9,12.9,23.03,0.309
258,646.3,9.6,13.6,23.03,0.309
258,648.6,9.2,14.4,23.05,0.309
258,651.0,8.9,15.1,23.05,0.305
258,653.3,8.5,15.8,23.05,0.305
258,655.6,8.2,16.5,23.05,0.305
258,657.9,7.8,17.2,23.05,0.305
258,660.2,7.5,17.9,23.14,0.305
258,662.6,7.3,18.7,23.14,0.321
258,665.0,7.0,19.4,23.14,0.321
258,667.5,6.8,20.2,23.14,0.321
258,669.9,6.5,21.0,23.14,0.321
258,672.3,6.3,21.8,23.17,0.321
258,674.7,6.0,22.6,23.17,0.315
258,677.1,5.8,23.3,23.17,0.315
258,679.5,5.5,24.1,23.15,0.315
258,681.8,5.4,25.0,23.15,0.310
258,684.0,5.2,26.0,23.17,0.310
258,686.3,5.0,27.0,23.17,0.304
258,688.5,4.9,27.9,23.17,0.304
258,690.7,4.7,28.8,23.17,0.304
258,693.0,4.5,29.8,23.17,0.304
258,695.2,4.4,30.7,23.17,0.304
258,697.4,4.2,31.6,23.20,0.304
258,699.6,4.1,32.5,23.20,0.297
264,355.8,212.8,260.0,21.47,0.831
264,358.8,212.0,255.0,21.47,0.736
264,364.9,209.7,254.7,18.92,0.736
264,371.0,207.4,254.4,18.92,0.816
264,375.7,204.7,260.5,19.72,0.816
264,380.6,204.2,266.9,19.64,1.028
264,385.6,203.7,267.0,19.56,1.261
264,388.5,203.2,267.0,19.56,1.704
264,391.4,202.7,267.0,19.56,1.704
264,394.3,202.3,267.0,19.56,1.704
264,397.3,201.8,267.0,19.67,1.704
264,397.3,201.3,267.0,19.67,1.846
264,397.3,200.9,267.0,19.67,1.846
264,397.3,200.5,267.0,19.67,1.846
264,397.3,200.0,267.0,19.67,1.846
264,397.3,199.6,267.0,19.67,1.846
264,397.3,199.1,267.0,19.67,1.846
264,397.3,198.7,267.0,19.67,1.846
264,397.3,198.2,267.0,19.67,1.846
264,397.3,197.8,267.0,19.67,1.846
264,397.3,197.4,267.0,19.67,1.846
264,397.3,196.9,267.0,19.67,1.846
264,397.3,196.5,267.0,19.67,1.846
264,397.3,196.0,267.0,19.67,1.846
264,397.3,195.6,267.0,19.67,1.846
264,397.3,195.1,267.0,19.67,1.846
264,397.3,194.7,267.0,19.67,1.846
264,397.3,194.3,267.0,19.67,1.846
264,397.3,193.8,267.0,19.67,1.846
264,397.3,193.4,267.0,19.67,1.846
264,397.3,192.9,267.0,19.67,1.846
264,397.3,192.5,267.0,19.67,1.846
264,397.3,192.0,267.0,19.67,1.846
264,397.3,194.5,267.0,19.67,1.846
264,397.3,194.1,267.0,19.67,1.846
264,397.3,193.7,267.0,19.67,1.846
264,397.3,193.2,267.0,19.67,1.846
264,397.3,192.8,267.0,19.67,1.846
264,397.3,192.3,267.0,19.67,1.846
264,397.3,191.9,267.0,19.35,1.846
264,397.3,191.4,267.0,19.35,1.732
264,397.3,191.0,267.0,19.35,1.732
264,397.3,190.6,267.0,19.35,1.732
264,397.3,193.1,267.0,19.67,1.732
264,397.3,192.6,267.0,19.67,1.846
264,397.3,192.2,267.0,19.67,1.846
264,397.3,194.7,267.0,19.67,1.846
264,397.3,194.2,267.0,19.67,1.846
264,397.3,193.8,267.0,19.67,1.846
264,397.3,193.3,267.0,19.67,1.846
264,397.3,192.9,267.0,19.67,1.846
264,397.3,192.5,267.0,19.67,1.846
264,397.3,192.0,267.0,19.67,1.846
264,397.3,194.5,267.0,19.67,1.846
264,397.3,194.1,267.0,19.67,1.846
264,397.3,193.6,267.0,19.67,1.846
264,397.3,193.2,267.0,19.67,1.846
264,397.3,192.7,267.0,19.67,1.846
264,397.3,192.3,267.0,19.67,1.846
264,397.3,191.9,267.0,19.35,1.846
264,397.3,191.4,267.0,19.35,1.732
264,397.3,191.0,267.0,19.35,1.732
264,397.3,190.5,267.0,19.35,1.732
264,397.3,193.0,267.0,19.67,1.732
264,397.3,192.6,267.0,19.67,1.846
264,397.3,192.1,267.0,19.67,1.846
264,397.3,194.6,267.0,19.67,1.846
264,397.3,194.2,267.0,19.67,1.846
264,397.3,193.8,267.0,19.67,1.846
264,397.3,193.3,267.0,19.67,1.846
264,397.3,192.9,267.0,19.67,1.846
264,397.3,192.4,267.0,19.67,1.846
264,397.3,192.0,267.0,19.35,1.846
264,397.3,191.5,267.0,19.35,1.732
264,397.3,191.1,267.0,19.35,1.732
264,397.3,190.7,267.0,19.35,1.732
264,397.3,193.2,267.0,19.67,1.732
264,397.3,192.7,267.0,19.67,1.846
264,397.3,192.3,267.0,19.67,1.846
264,397.3,191.8,267.0,19.35,1.846
264,397.3,191.4,267.0,19.35,1.732
264,397.3,190.9,267.0,19.35,1.732
264,397.3,190.5,267.0,19.35,1.732
264,397.3,193.0,267.0,19.67,1.732
264,397.3,192.6,267.0,19.67,1.846
264,397.3,192.1,267.0,19.67,1.846
264,397.3,194.6,267.0,19.67,1.846
264,397.3,194.2,267.0,19.67,1.846
264,397.3,193.7,267.0,19.67,1.846
264,397.3,193.3,267.0,19.67,1.846
264,397.3,192.9,267.0,19.67,1.846
264,397.3,192.4,267.0,19.67,1.846
264,397.3,192.0,267.0,19.35,1.846
264,397.3,191.5,267.0,19.35,1.732
264,397.3,191.1,267.0,19.35,1.732
264,397.3,190.6,267.0,19.35,1.732
264,397.3,193.1,267.0,19.67,1.732
264,397.3,192.7,267.0,19.67,1.846
264,397.3,192.2,267.0,19.67,1.846
264,397.3,191.8,267.0,19.35,1.846
264,397.3,191.4,267.0,19.35,1.732
264,397.3,190.9,267.0,19.35,1.732
264,397.3,190.5,267.0,19.35,1.732
264,397.3,193.0,267.0,19.67,1.732
264,397.3,192.5,267.0,19.67,1.846
264,397.3,192.1,267.0,19.67,1.846
264,397.3,194.6,267.0,19.67,1.846
264,397.3,194.2,267.0,19.67,1.846
264,397.3,193.7,267.0,19.67,1.846
264,397.3,193.3,267.0,19.67,1.846
264,397.3,192.8,267.0,19.67,1.846
264,397.3,192.4,267.0,19.67,1.846
264,397.3,191.9,267.0,19.35,1.846
264,397.3,191.5,267.0,19.35,1.732
264,397.3,191.1,267.0,19.35,1.732
264,397.3,190.6,267.0,19.35,1.732
264,397.3,193.1,267.0,19.67,1.732
264,397.3,192.7,267.0,19.67,1.846
264,397.3,192.2,267.0,19.67,1.846
264,397.3,194.7,267.0,19.67,1.846
264,397.3,194.3,267.0,19.67,1.846
264,397.3,193.8,267.0,19.67,1.846
264,397.3,193.4,267.0,19.67,1.846
264,397.3,192.9,267.0,19.67,1.846
264,397.3,192.5,267.0,19.67,1.846
264,397.3,192.1,267.0,19.67,1.846
264,397.3,194.6,267.0,19.67,1.846
264,397.3,194.1,267.0,19.67,1.846
264,397.3,193.7,267.0,19.67,1.846
264,397.3,193.2,267.0,19.67,1.846
264,397.3,192.8,267.0,19.67,1.846
264,397.3,192.3,267.0,19.67,1.846
264,397.3,191.9,267.0,19.35,1.846
264,397.3,191.5,267.0,19.35,1.732
264,397.3,191.0,267.0,19.35,1.732
264,397.3,190.6,267.0,19.35,1.732
264,397.3,193.1,267.0,19.67,1.732
264,397.3,192.6,267.0,19.67,1.846
264,397.3,192.2,267.0,19.67,1.846
264,397.3,194.7,267.0,19.67,1.846
264,397.3,194.2,267.0,19.67,1.846
264,397.3,193.8,267.0,19.67,1.846
264,397.3,193.4,267.0,19.67,1.846
264,397.3,192.9,267.0,19.67,1.846
264,397.3,192.5,267.0,19.67,1.846
264,397.3,192.0,267.0,19.67,1.846
264,397.3,194.5,267.0,19.67,1.846
264,397.3,194.1,267.0,19.67,1.846
264,397.3,193.7,267.0,19.67,1.846
264,397.3,193.2,267.0,19.67,1.846
264,397.3,192.8,267.0,19.67,1.846
264,397.3,192.3,267.0,19.67,1.846
264,397.3,191.9,267.0,19.35,1.846
264,397.3,191.4,267.0,19.35,1.732
264,397.3,191.0,267.0,19.35,1.732
264,397.3,190.6,267.0,19.35,1.732
264,397.3,193.1,267.0,19.67,1.732
264,397.3,192.6,267.0,19.67,1.846
264,397.3,192.2,267.0,19.67,1.846
264,397.3,194.7,267.0,19.67,1.846
270,377.3,227.6,264.8,20.28,0.995
270,382.3,222.4,267.0,20.28,1.169
270,385.2,217.1,267.0,19.57,1.169
270,388.1,213.9,267.0,19.69,1.248
270,391.0,210.7,267.0,19.69,1.592
270,393.9,207.5,267.0,19.69,1.592
270,396.8,204.3,267.0,19.58,1.592
270,396.8,203.8,267.0,19.67,1.685
270,396.8,203.4,267.0,19.67,1.846
270,396.8,203.0,267.0,19.67,1.846
270,396.8,202.5,267.0,19.67,1.846
270,396.8,202.1,267.0,19.67,1.846
270,396.8,201.6,267.0,19.67,1.846
270,396.8,201.2,267.0,19.67,1.846
270,396.8,200.7,267.0,19.67,1.846
270,396.8,200.3,267.0,19.67,1.846
270,396.8,199.8,267.0,19.67,1.846
270,396.8,199.4,267.0,19.67,1.846
270,396.8,199.0,267.0,19.67,1.846
270,396.8,198.5,267.0,19.67,1.846
270,396.8,198.1,267.0,19.67,1.846
270,396.8,197.6,267.0,19.67,1.846
270,396.8,197.2,267.0,19.67,1.846
270,396.8,196.7,267.0,19.67,1.846
270,396.8,196.3,267.0,19.67,1.846
270,396.8,195.8,267.0,19.67,1.846
270,396.8,195.4,267.0,19.67,1.846
270,396.8,195.0,267.0,19.67,1.846
270,396.8,194.5,267.0,19.67,1.846
270,396.8,194.1,267.0,19.67,1.846
270,396.8,193.6,267.0,19.67,1.846
270,396.8,193.2,267.0,19.67,1.846
270,396.8,192.8,267.0,19.67,1.846
270,396.8,192.3,267.0,19.67,1.846
270,396.8,191.9,267.0,19.35,1.846
270,396.8,191.4,267.0,19.35,1.732
270,396.8,191.0,267.0,19.35,1.732
270,396.8,190.5,267.0,19.35,1.732
270,396.8,193.0,267.0,19.67,1.732
270,396.8,192.6,267.0,19.67,1.846
270,396.8,192.2,267.0,19.67,1.846
270,396.8,194.6,267.0,19.67,1.846
270,396.8,194.2,267.0,19.67,1.846
270,396.8,193.8,267.0,19.67,1.846
270,396.8,193.3,267.0,19.67,1.846
270,396.8,192.9,267.0,19.67,1.846
270,396.8,192.4,267.0,19.67,1.846
270,396.8,192.0,267.0,19.67,1.846
270,396.8,191.6,267.0,19.35,1.732
270,396.8,191.1,267.0,19.35,1.732
270,396.8,190.7,267.0,19.35,1.732
270,396.8,193.2,267.0,19.67,1.732
270,396.8,192.7,267.0,19.67,1.846
270,396.8,192.3,267.0,19.67,1.846
270,396.8,191.8,267.0,19.35,1.846
270,396.8,191.4,267.0,19.35,1.732
270,396.8,190.9,267.0,19.35,1.732
270,396.8,190.5,267.0,19.35,1.732
270,396.8,193.0,267.0,19.67,1.732
270,396.8,192.6,267.0,19.67,1.846
270,396.8,192.1,267.0,19.67,1.846
270,396.8,194.6,267.0,19.67,1.846
270,396.8,194.2,267.0,19.67,1.846
270,396.8,193.7,267.0,19.67,1.846
270,396.8,193.3,267.0,19.67,1.846
270,396.8,192.9,267.0,19.67,1.846
270,396.8,192.4,267.0,19.67,1.846
270,396.8,192.0,267.0,19.35,1.846
270,396.8,191.5,267.0,19.35,1.732
270,396.8,191.1,267.0,19.35,1.732
270,396.8,190.6,267.0,19.35,1.732
270,396.8,193.1,267.0,19.67,1.732
270,396.8,192.7,267.0,19.67,1.846
270,396.8,192.2,267.0,19.67,1.846
270,396.8,191.8,267.0,19.35,1.846
270,396.8,191.4,267.0,19.35,1.732
270,396.8,190.9,267.0,19.35,1.732
270,396.8,190.5,267.0,19.35,1.732
270,396.8,193.0,267.0,19.67,1.732
270,396.8,192.5,267.0,19.67,1.846
270,396.8,192.1,267.0,19.67,1.846
270,396.8,194.6,267.0,19.67,1.846
270,396.8,194.2,267.0,19.67,1.846
270,396.8,193.7,267.0,19.67,1.846
270,396.8,193.3,267.0,19.67,1.846
270,396.8,192.8,267.0,19.67,1.846
270,396.8,192.4,267.0,19.67,1.846
270,396.8,191.9,267.0,19.35,1.846
270,396.8,191.5,267.0,19.35,1.732
270,396.8,191.1,267.0,19.35,1.732
270,396.8,190.6,267.0,19.35,1.732
270,396.8,193.1,267.0,19.67,1.732
270,396.8,192.7,267.0,19.67,1.846
270,396.8,192.2,267.0,19.67,1.846
270,396.8,191.8,267.0,19.35,1.846
270,396.8,191.3,267.0,19.35,1.732
270,396.8,190.9,267.0,19.35,1.732
270,396.8,190.5,267.0,19.35,1.732
270,396.8,193.0,267.0,19.67,1.732
270,396.8,192.5,267.0,19.67,1.846
270,396.8,192.1,267.0,19.67,1.846
270,396.8,194.6,267.0,19.67,1.846
270,396.8,194.1,267.0,19.67,1.846
270,396.8,193.7,267.0,19.67,1.846
270,396.8,193.2,267.0,19.67,1.846
270,396.8,192.8,267.0,19.67,1.846
270,396.8,192.4,267.0,19.67,1.846
270,396.8,191.9,267.0,19.35,1.846
270,396.8,191.5,267.0,19.35,1.732
270,396.8,191.0,267.0,19.35,1.732
270,396.8,190.6,267.0,19.35,1.732
270,396.8,193.1,267.0,19.67,1.732
270,396.8,192.6,267.0,19.67,1.846
270,396.8,192.2,267.0,19.67,1.846
270,396.8,194.7,267.0,19.67,1.846
270,396.8,194.3,267.0,19.67,1.846
270,396.8,193.8,267.0,19.67,1.846
270,396.8,193.4,267.0,19.67,1.846
270,396.8,192.9,267.0,19.67,1.846
270,396.8,192.5,267.0,19.67,1.846
270,396.8,192.0,267.0,19.67,1.846
270,396.8,194.6,267.0,19.67,1.846
270,396.8,194.1,267.0,19.67,1.846
270,396.8,193.7,267.0,19.67,1.846
270,396.8,193.2,267.0,19.67,1.846
270,396.8,192.8,267.0,19.67,1.846
270,396.8,192.3,267.0,19.67,1.846
270,396.8,191.9,267.0,19.35,1.846
270,396.8,191.4,267.0,19.35,1.732
270,396.8,191.0,267.0,19.35,1.732
270,396.8,190.6,267.0,19.35,1.732
270,396.8,193.1,267.0,19.67,1.732
270,396.8,192.6,267.0,19.67,1.846
270,396.8,192.2,267.0,19.67,1.846
270,396.8,194.7,267.0,19.67,1.846
270,396.8,194.2,267.0,19.67,1.846
270,396.8,193.8,267.0,19.67,1.846
270,396.8,193.3,267.0,19.67,1.846
270,396.8,192.9,267.0,19.67,1.846
270,396.8,192.5,267.0,19.67,1.846
270,396.8,192.0,267.0,19.67,1.846
270,396.8,194.5,267.0,19.67,1.846
270,396.8,194.1,267.0,19.67,1.846
270,396.8,193.6,267.0,19.67,1.846
270,396.8,193.2,267.0,19.67,1.846
270,396.8,192.8,267.0,19.67,1.846
270,396.8,192.3,267.0,19.67,1.846
270,396.8,191.9,267.0,19.35,1.846
270,396.8,191.4,267.0,19.35,1.732
270,396.8,191.0,267.0,19.35,1.732
270,396.8,190.5,267.0,19.35,1.732
270,396.8,193.0,267.0,19.67,1.732
270,396.8,192.6,267.0,19.67,1.846
270,396.8,192.2,267.0,19.67,1.846
270,396.8,194.6,267.0,19.67,1.846
270,396.8,194.2,267.0,19.67,1.846
270,396.8,193.8,267.0,19.67,1.846
270,396.8,193.3,267.0,19.67,1.846
270,396.8,192.9,267.0,19.67,1.846
270,396.8,192.4,267.0,19.67,1.846
276,399.7,168.7,257.4,18.68,1.292
276,399.7,174.7,257.0,18.68,0.754
276,399.7,180.7,256.6,19.42,0.754
276,399.7,183.0,267.0,19.35,1.325
276,399.7,185.5,267.0,19.35,1.732
276,399.7,188.0,267.0,19.35,1.732
276,399.7,190.5,267.0,19.35,1.732
276,399.7,193.0,267.0,19.67,1.732
276,399.7,192.6,267.0,19.67,1.846
276,399.7,192.2,267.0,19.67,1.846
276,399.7,194.7,267.0,19.67,1.846
276,399.7,194.2,267.0,19.67,1.846
276,399.7,193.8,267.0,19.67,1.846
276,399.7,193.3,267.0,19.67,1.846
276,399.7,192.9,267.0,19.67,1.846
276,399.7,192.4,267.0,19.67,1.846
276,399.7,192.0,267.0,19.67,1.846
276,399.7,194.5,267.0,19.67,1.846
276,399.7,194.1,267.0,19.67,1.846
276,399.7,193.6,267.0,19.67,1.846
276,399.7,193.2,267.0,19.67,1.846
276,399.7,192.7,267.0,19.67,1.846
276,399.7,192.3,267.0,19.67,1.846
276,399.7,191.8,267.0,19.35,1.846
276,399.7,191.4,267.0,19.35,1.732
276,399.7,191.0,267.0,19.35,1.732
276,399.7,190.5,267.0,19.35,1.732
276,399.7,193.0,267.0,19.67,1.732
276,399.7,192.6,267.0,19.67,1.846
276,399.7,192.1,267.0,19.67,1.846
276,399.7,194.6,267.0,19.67,1.846
276,399.7,194.2,267.0,19.67,1.846
276,399.7,193.8,267.0,19.67,1.846
276,399.7,193.3,267.0,19.67,1.846
276,399.7,192.9,267.0,19.67,1.846
276,399.7,192.4,267.0,19.67,1.846
276,399.7,192.0,267.0,19.35,1.846
276,399.7,191.5,267.0,19.35,1.732
276,399.7,191.1,267.0,19.35,1.732
276,399.7,190.6,267.0,19.35,1.732
276,399.7,193.2,267.0,19.67,1.732
276,399.7,192.7,267.0,19.67,1.846
276,399.7,192.3,267.0,19.67,1.846
276,399.7,191.8,267.0,19.35,1.846
276,399.7,191.4,267.0,19.35,1.732
276,399.7,190.9,267.0,19.35,1.732
276,399.7,190.5,267.0,19.35,1.732
276,399.7,193.0,267.0,19.67,1.732
276,399.7,192.6,267.0,19.67,1.846
276,399.7,192.1,267.0,19.67,1.846
276,399.7,194.6,267.0,19.67,1.846
276,399.7,194.2,267.0,19.67,1.846
276,399.7,193.7,267.0,19.67,1.846
276,399.7,193.3,267.0,19.67,1.846
276,399.7,192.8,267.0,19.67,1.846
276,399.7,192.4,267.0,19.67,1.846
276,399.7,191.9,267.0,19.35,1.846
276,399.7,191.5,267.0,19.35,1.732
276,399.7,191.1,267.0,19.35,1.732
276,399.7,190.6,267.0,19.35,1.732
276,399.7,193.1,267.0,19.67,1.732
276,399.7,192.7,267.0,19.67,1.846
276,399.7,192.2,267.0,19.67,1.846
276,399.7,191.8,267.0,19.35,1.846
276,399.7,191.3,267.0,19.35,1.732
276,399.7,190.9,267.0,19.35,1.732
276,399.7,190.5,267.0,19.35,1.732
276,399.7,193.0,267.0,19.67,1.732
276,399.7,192.5,267.0,19.67,1.846
276,399.7,192.1,267.0,19.67,1.846
276,399.7,194.6,267.0,19.67,1.846
276,399.7,194.1,267.0,19.67,1.846
276,399.7,193.7,267.0,19.67,1.846
276,399.7,193.2,267.0,19.67,1.846
276,399.7,192.8,267.0,19.67,1.846
276,399.7,192.4,267.0,19.67,1.846
276,399.7,191.9,267.0,19.35,1.846
276,399.7,191.5,267.0,19.35,1.732
276,399.7,191.0,267.0,19.35,1.732
276,399.7,190.6,267.0,19.35,1.732
276,399.7,193.1,267.0,19.67,1.732
276,399.7,192.7,267.0,19.67,1.846
276,399.7,192.2,267.0,19.67,1.846
276,399.7,194.7,267.0,19.67,1.846
276,399.7,194.3,267.0,19.67,1.846
276,399.7,193.8,267.0,19.67,1.846
276,399.7,193.4,267.0,19.67,1.846
276,399.7,192.9,267.0,19.67,1.846
276,399.7,192.5,267.0,19.67,1.846
276,399.7,192.1,267.0,19.67,1.846
276,399.7,194.6,267.0,19.67,1.846
276,399.7,194.1,267.0,19.67,1.846
276,399.7,193.7,267.0,19.67,1.846
276,399.7,193.2,267.0,19.67,1.846
276,399.7,192.8,267.0,19.67,1.846
276,399.7,192.3,267.0,19.67,1.846
276,399.7,191.9,267.0,19.35,1.846
276,399.7,191.5,267.0,19.35,1.732
276,399.7,191.0,267.0,19.35,1.732
276,399.7,190.6,267.0,19.35,1.732
276,399.7,193.1,267.0,19.67,1.732
276,399.7,192.6,267.0,19.67,1.846
276,399.7,192.2,267.0,19.67,1.846
276,399.7,194.7,267.0,19.67,1.846
276,399.7,194.2,267.0,19.67,1.846
276,399.7,193.8,267.0,19.67,1.846
276,399.7,193.3,267.0,19.67,1.846
276,399.7,192.9,267.0,19.67,1.846
276,399.7,192.5,267.0,19.67,1.846
276,399.7,192.0,267.0,19.67,1.846
276,399.7,194.5,267.0,19.67,1.846
276,399.7,194.1,267.0,19.67,1.846
276,399.7,193.6,267.0,19.67,1.846
276,399.7,193.2,267.0,19.67,1.846
276,399.7,192.8,267.0,19.67,1.846
276,399.7,192.3,267.0,19.67,1.846
276,399.7,191.9,267.0,19.35,1.846
276,399.7,191.4,267.0,19.35,1.732
276,399.7,191.0,267.0,19.35,1.732
276,399.7,190.5,267.0,19.35,1.732
276,399.7,193.0,267.0,19.67,1.732
276,399.7,192.6,267.0,19.67,1.846
276,399.7,192.2,267.0,19.67,1.846
276,399.7,194.6,267.0,19.67,1.846
276,399.7,194.2,267.0,19.67,1.846
276,399.7,193.8,267.0,19.67,1.846
276,399.7,193.3,267.0,19.67,1.846
276,399.7,192.9,267.0,19.67,1.846
276,399.7,192.4,267.0,19.67,1.846
276,399.7,192.0,267.0,19.35,1.846
276,399.7,191.6,267.0,19.35,1.732
276,399.7,191.1,267.0,19.35,1.732
276,399.7,190.7,267.0,19.35,1.732
276,399.7,193.2,267.0,19.67,1.732
276,399.7,192.7,267.0,19.67,1.846
276,399.7,192.3,267.0,19.67,1.846
276,399.7,191.8,267.0,19.35,1.846
276,399.7,191.4,267.0,19.35,1.732
276,399.7,190.9,267.0,19.35,1.732
276,399.7,190.5,267.0,19.35,1.732
276,399.7,193.0,267.0,19.67,1.732
276,399.7,192.6,267.0,19.67,1.846
276,399.7,192.1,267.0,19.67,1.846
276,399.7,194.6,267.0,19.67,1.846
276,399.7,194.2,267.0,19.67,1.846
276,399.7,193.7,267.0,19.67,1.846
276,399.7,193.3,267.0,19.67,1.846
276,399.7,192.9,267.0,19.67,1.846
276,399.7,192.4,267.0,19.67,1.846
276,399.7,192.0,267.0,19.35,1.846
276,399.7,191.5,267.0,19.35,1.732
276,399.7,191.1,267.0,19.35,1.732
276,399.7,190.6,267.0,19.35,1.732
276,399.7,193.1,267.0,19.67,1.732
276,399.7,192.7,267.0,19.67,1.846
276,399.7,192.2,267.0,19.67,1.846
276,399.7,191.8,267.0,19.35,1.846
276,399.7,191.4,267.0,19.35,1.732
276,399.7,190.9,267.0,19.35,1.732
276,399.7,190.5,267.0,19.35,1.732
282,439.1,175.0,262.2,22.12,0.804
282,434.9,176.8,259.4,22.12,0.670
282,430.6,178.6,256.7,21.20,0.670
282,424.5,180.1,256.2,19.79,0.789
282,418.2,181.6,255.7,19.65,0.800
282,415.6,183.8,265.1,19.60,1.252
282,412.7,186.2,267.0,19.60,1.623
282,409.8,188.6,267.0,19.60,1.623
282,406.9,191.1,267.0,19.35,1.623
282,406.9,190.7,267.0,19.35,1.732
282,406.9,193.2,267.0,19.67,1.732
282,406.9,192.7,267.0,19.67,1.846
282,406.9,192.3,267.0,19.67,1.846
282,406.9,191.8,267.0,19.35,1.846
282,406.9,191.4,267.0,19.35,1.732
282,406.9,190.9,267.0,19.35,1.732
282,406.9,190.5,267.0,19.35,1.732
282,406.9,193.0,267.0,19.67,1.732
282,406.9,192.6,267.0,19.67,1.846
282,406.9,192.1,267.0,19.67,1.846
282,406.9,194.6,267.0,19.67,1.846
282,406.9,194.2,267.0,19.67,1.846
282,406.9,193.7,267.0,19.67,1.846
282,406.9,193.3,267.0,19.67,1.846
282,406.9,192.8,267.0,19.67,1.846
282,406.9,192.4,267.0,19.67,1.846
282,406.9,191.9,267.0,19.35,1.846
282,406.9,191.5,267.0,19.35,1.732
282,406.9,191.1,267.0,19.35,1.732
282,406.9,190.6,267.0,19.35,1.732
282,406.9,193.1,267.0,19.67,1.732
282,406.9,192.7,267.0,19.67,1.846
282,406.9,192.2,267.0,19.67,1.846
282,406.9,191.8,267.0,19.35,1.846
282,406.9,191.3,267.0,19.35,1.732
282,406.9,190.9,267.0,19.35,1.732
282,406.9,190.5,267.0,19.35,1.732
282,406.9,193.0,267.0,19.67,1.732
282,406.9,192.5,267.0,19.67,1.846
282,406.9,192.1,267.0,19.67,1.846
282,406.9,194.6,267.0,19.67,1.846
282,406.9,194.1,267.0,19.67,1.846
282,406.9,193.7,267.0,19.67,1.846
282,406.9,193.2,267.0,19.67,1.846
282,406.9,192.8,267.0,19.67,1.846
282,406.9,192.4,267.0,19.67,1.846
282,406.9,191.9,267.0,19.35,1.846
282,406.9,191.5,267.0,19.35,1.732
282,406.9,191.0,267.0,19.35,1.732
282,406.9,190.6,267.0,19.35,1.732
282,406.9,193.1,267.0,19.67,1.732
282,406.9,192.7,267.0,19.67,1.846
282,406.9,192.2,267.0,19.67,1.846
282,406.9,194.7,267.0,19.67,1.846
282,406.9,194.3,267.0,19.67,1.846
282,406.9,193.8,267.0,19.67,1.846
282,406.9,193.4,267.0,19.67,1.846
282,406.9,192.9,267.0,19.67,1.846
282,406.9,192.5,267.0,19.67,1.846
282,406.9,192.1,267.0,19.67,1.846
282,406.9,194.6,267.0,19.67,1.846
282,406.9,194.1,267.0,19.67,1.846
282,406.9,193.7,267.0,19.67,1.846
282,406.9,193.2,267.0,19.67,1.846
282,406.9,192.8,267.0,19.67,1.846
282,406.9,192.3,267.0,19.67,1.846
282,406.9,191.9,267.0,19.35,1.846
282,406.9,191.5,267.0,19.35,1.732
282,406.9,191.0,267.0,19.35,1.732
282,406.9,190.6,267.0,19.35,1.732
282,406.9,193.1,267.0,19.67,1.732
282,406.9,192.6,267.0,19.67,1.846
282,406.9,192.2,267.0,19.67,1.846
282,406.9,194.7,267.0,19.67,1.846
282,406.9,194.2,267.0,19.67,1.846
282,406.9,193.8,267.0,19.67,1.846
282,406.9,193.3,267.0,19.67,1.846
282,406.9,192.9,267.0,19.67,1.846
282,406.9,192.5,267.0,19.67,1.846
282,406.9,192.0,267.0,19.67,1.846
282,406.9,194.5,267.0,19.67,1.846
282,406.9,194.1,267.0,19.67,1.846
282,406.9,193.6,267.0,19.67,1.846
282,406.9,193.2,267.0,19.67,1.846
282,406.9,192.8,267.0,19.67,1.846
282,406.9,192.3,267.0,19.67,1.846
282,406.9,191.9,267.0,19.35,1.846
282,406.9,191.4,267.0,19.35,1.732
282,406.9,191.0,267.0,19.35,1.732
282,406.9,190.5,267.0,19.35,1.732
282,406.9,193.0,267.0,19.67,1.732
282,406.9,192.6,267.0,19.67,1.846
282,406.9,192.2,267.0,19.67,1.846
282,406.9,194.7,267.0,19.67,1.846
282,406.9,194.2,267.0,19.67,1.846
282,406.9,193.8,267.0,19.67,1.846
282,406.9,193.3,267.0,19.67,1.846
282,406.9,192.9,267.0,19.67,1.846
282,406.9,192.4,267.0,19.67,1.846
282,406.9,192.0,267.0,19.67,1.846
282,406.9,191.6,267.0,19.35,1.732
282,406.9,191.1,267.0,19.35,1.732
282,406.9,190.7,267.0,19.35,1.732
282,406.9,193.2,267.0,19.67,1.732
282,406.9,192.7,267.0,19.67,1.846
282,406.9,192.3,267.0,19.67,1.846
282,406.9,191.8,267.0,19.35,1.846
282,406.9,191.4,267.0,19.35,1.732
282,406.9,190.9,267.0,19.35,1.732
282,406.9,190.5,267.0,19.35,1.732
282,406.9,193.0,267.0,19.67,1.732
282,406.9,192.6,267.0,19.67,1.846
282,406.9,192.1,267.0,19.67,1.846
282,406.9,194.6,267.0,19.67,1.846
282,406.9,194.2,267.0,19.67,1.846
282,406.9,193.7,267.0,19.67,1.846
282,406.9,193.3,267.0,19.67,1.846
282,406.9,192.9,267.0,19.67,1.846
282,406.9,192.4,267.0,19.67,1.846
282,406.9,192.0,267.0,19.35,1.846
282,406.9,191.5,267.0,19.35,1.732
282,406.9,191.1,267.0,19.35,1.732
282,406.9,190.6,267.0,19.35,1.732
282,406.9,193.1,267.0,19.67,1.732
282,406.9,192.7,267.0,19.67,1.846
282,406.9,192.3,267.0,19.67,1.846
282,406.9,191.8,267.0,19.35,1.846
282,406.9,191.4,267.0,19.35,1.732
282,406.9,190.9,267.0,19.35,1.732
282,406.9,190.5,267.0,19.35,1.732
282,406.9,193.0,267.0,19.67,1.732
282,406.9,192.5,267.0,19.67,1.846
282,406.9,192.1,267.0,19.67,1.846
282,406.9,194.6,267.0,19.67,1.846
282,406.9,194.2,267.0,19.67,1.846
282,406.9,193.7,267.0,19.67,1.846
282,406.9,193.3,267.0,19.67,1.846
282,406.9,192.8,267.0,19.67,1.846
282,406.9,192.4,267.0,19.67,1.846
282,406.9,191.9,267.0,19.35,1.846
282,406.9,191.5,267.0,19.35,1.732
282,406.9,191.1,267.0,19.35,1.732
282,406.9,190.6,267.0,19.35,1.732
282,406.9,193.1,267.0,19.67,1.732
282,406.9,192.7,267.0,19.67,1.846
282,406.9,192.2,267.0,19.67,1.846
282,406.9,191.8,267.0,19.35,1.846
282,406.9,191.3,267.0,19.35,1.732
282,406.9,190.9,267.0,19.35,1.732
282,406.9,190.5,267.0,19.35,1.732
282,406.9,193.0,267.0,19.67,1.732
282,406.9,192.5,267.0,19.67,1.846
282,406.9,192.1,267.0,19.67,1.846
282,406.9,194.6,267.0,19.67,1.846
282,406.9,194.1,267.0,19.67,1.846
282,406.9,193.7,267.0,19.67,1.846
282,406.9,193.2,267.0,19.67,1.846
282,406.9,192.8,267.0,19.67,1.846
282,406.9,192.4,267.0,19.67,1.846
282,406.9,191.9,267.0,19.35,1.846
288,444.2,213.9,260.0,21.47,0.831
288,439.3,212.7,252.6,18.61,0.736
288,435.1,211.8,247.0,19.88,1.115
288,430.9,210.8,241.5,20.01,0.876
288,426.0,209.4,240.5,20.01,0.659
288,423.5,208.6,237.4,20.53,0.659
288,421.1,207.8,234.3,20.53,0.502
288,418.6,207.0,231.2,20.44,0.502
288,417.8,205.6,230.2,20.44,0.234
288,417.1,204.3,229.1,20.44,0.234
288,415.9,203.9,228.2,20.28,0.234
288,415.3,203.6,225.7,20.40,0.186
288,414.6,203.2,223.3,20.40,0.320
288,413.9,202.9,220.9,20.40,0.320
288,413.2,202.5,218.4,20.40,0.320
288,412.5,202.2,216.0,20.47,0.320
288,412.2,201.8,212.5,20.47,0.437
288,411.8,201.5,209.1,20.47,0.437
288,411.4,201.1,205.6,20.47,0.437
288,411.2,200.8,201.5,20.53,0.437
288,410.9,200.5,197.3,20.53,0.521
288,410.7,200.2,193.2,20.53,0.521
288,410.6,199.8,188.6,20.59,0.521
288,410.5,199.5,184.0,20.59,0.577
288,410.4,199.2,179.4,20.64,0.577
288,410.4,198.8,174.2,20.64,0.643
288,410.4,198.5,169.1,20.64,0.643
288,410.4,198.1,163.8,20.67,0.643
288,410.4,197.8,158.5,20.67,0.664
288,410.4,197.4,153.1,20.70,0.664
288,410.5,197.1,147.6,20.70,0.681
288,410.5,196.7,142.2,20.73,0.681
288,410.6,196.3,136.6,20.73,0.695
288,410.6,195.9,131.1,20.78,0.695
288,410.7,195.6,125.4,20.78,0.707
288,410.7,195.2,119.8,20.83,0.707
288,410.8,194.8,114.0,20.83,0.723
288,410.9,194.4,108.2,20.83,0.723
288,411.0,193.9,102.4,20.86,0.723
288,411.0,193.5,96.6,20.86,0.729
288,411.1,193.1,90.8,20.90,0.729
288,411.2,192.7,84.9,20.90,0.732
288,411.3,192.3,79.1,20.93,0.732
288,411.4,191.9,73.3,20.67,0.731
288,411.6,191.6,67.2,20.69,0.765
288,411.7,191.2,61.2,20.69,0.760
288,412.0,190.9,55.4,20.69,0.760
288,412.3,190.7,49.7,20.69,0.715
288,412.7,190.5,44.4,20.69,0.715
288,413.1,190.3,39.1,20.69,0.664
288,413.5,190.1,33.9,20.68,0.664
288,414.1,190.1,29.2,20.68,0.583
288,414.7,190.1,24.6,20.68,0.583
288,415.5,190.4,21.0,20.66,0.583
288,416.3,190.6,17.4,20.66,0.460
288,417.1,190.8,13.9,20.66,0.460
288,417.9,191.1,10.3,20.68,0.460
288,419.1,191.8,7.9,20.68,0.340
288,420.2,193.1,5.7,21.11,0.340
288,422.9,194.2,3.9,21.11,0.426
288,425.6,195.2,3.0,21.11,0.426
288,428.3,196.2,3.0,21.11,0.426
288,431.0,197.2,3.0,21.11,0.426
288,434.2,198.1,3.0,21.40,0.426
288,437.5,198.9,3.0,21.40,0.461
288,440.8,199.8,3.0,21.40,0.461
288,444.1,200.7,3.0,21.58,0.461
288,447.7,201.4,3.0,21.58,0.480
288,451.3,202.1,3.0,21.58,0.480
288,454.9,202.9,3.0,21.58,0.480
288,458.6,203.5,3.0,21.73,0.480
288,462.3,204.2,3.0,21.84,0.481
288,465.8,205.3,3.0,21.84,0.464
288,469.2,206.4,3.0,21.96,0.464
288,472.6,207.4,3.0,21.96,0.451
288,476.0,208.4,3.0,21.96,0.451
288,479.5,209.4,3.0,21.96,0.451
288,482.7,210.2,3.0,22.11,0.451
288,485.9,210.9,3.0,22.11,0.413
288,489.0,211.7,3.0,22.11,0.413
288,492.2,212.4,3.0,22.24,0.413
288,495.3,213.1,3.0,22.24,0.393
288,498.4,213.8,3.0,22.24,0.393
288,501.4,214.4,3.0,22.24,0.393
288,504.5,215.1,3.0,22.31,0.393
288,507.4,215.7,3.0,22.31,0.373
288,510.3,216.2,3.0,22.37,0.373
288,513.1,217.1,3.0,22.37,0.360
288,515.8,217.9,3.0,22.37,0.360
288,518.5,218.6,3.0,22.44,0.360
288,521.1,219.3,3.0,22.44,0.343
288,523.8,220.1,3.0,22.44,0.343
288,526.4,220.8,3.0,22.44,0.343
288,529.0,221.5,3.0,22.51,0.343
288,531.6,222.1,3.0,22.51,0.327
288,534.1,222.8,3.0,22.51,0.327
288,536.6,223.5,3.0,22.51,0.327
288,539.2,224.1,3.0,22.51,0.327
288,541.5,224.6,3.0,22.60,0.327
288,543.8,225.1,3.0,22.60,0.296
288,546.1,225.6,3.0,22.60,0.296
288,548.4,226.1,3.0,22.60,0.296
288,550.7,226.7,3.0,22.60,0.296
288,552.9,227.1,3.0,22.69,0.296
288,555.1,227.6,3.0,22.69,0.281
288,557.4,228.0,3.0,22.73,0.281
288,559.5,228.6,3.0,22.73,0.274
288,561.6,229.2,3.0,22.73,0.274
288,563.7,229.8,3.0,22.73,0.274
288,565.7,230.3,3.0,22.79,0.274
288,567.7,230.8,3.0,22.79,0.261
288,569.8,231.4,3.0,22.79,0.261
288,571.8,231.9,3.0,22.79,0.261
288,573.8,232.4,3.0,22.79,0.261
288,575.8,233.0,3.0,22.79,0.261
288,577.6,233.5,3.0,22.87,0.261
288,579.5,234.0,3.0,22.87,0.238
288,581.3,234.5,3.0,22.87,0.238
288,583.1,235.0,3.0,22.87,0.238
288,585.0,235.5,3.0,22.87,0.238
288,586.8,236.0,3.0,22.87,0.238
288,588.6,236.5,3.0,22.94,0.238
288,590.4,237.0,3.0,22.94,0.221
288,592.1,237.4,3.0,22.94,0.221
288,593.8,237.8,3.0,22.94,0.221
288,595.5,238.2,3.0,22.94,0.221
288,597.2,238.6,3.0,22.94,0.221
288,598.9,239.0,3.0,22.94,0.221
288,600.7,239.5,3.0,22.99,0.221
288,602.4,239.8,3.0,22.99,0.215
288,604.0,240.1,3.0,23.03,0.215
288,605.6,240.6,3.0,23.03,0.208
288,607.2,241.2,3.0,23.03,0.208
288,608.8,241.7,3.0,23.03,0.208
288,610.4,242.3,3.0,23.03,0.208
288,611.9,242.8,3.0,23.03,0.208
288,613.4,243.3,3.0,23.09,0.194
288,614.9,243.8,3.0,23.09,0.194
288,616.4,244.2,3.0,23.09,0.194
288,617.8,244.7,3.0,23.09,0.194
288,619.3,245.1,3.0,23.09,0.194
288,620.8,245.6,3.0,23.09,0.194
288,622.3,246.1,3.0,23.09,0.194
288,623.7,246.6,3.0,23.09,0.194
288,625.1,247.0,3.0,23.16,0.194
288,626.5,247.4,3.0,23.16,0.180
288,627.9,247.8,3.0,23.16,0.180
288,629.2,248.2,3.0,23.16,0.180
288,630.6,248.6,3.0,23.16,0.180
288,632.0,249.0,3.0,23.16,0.180
288,633.4,249.4,3.0,23.16,0.180
288,634.8,249.8,3.0,23.16,0.180
288,636.2,250.2,3.0,23.21,0.180
288,637.5,250.5,3.0,23.21,0.174
288,638.9,250.8,3.0,23.21,0.174
288,640.2,251.2,3.0,23.21,0.174
288,641.6,251.5,3.0,23.21,0.174
288,642.9,251.8,3.0,23.21,0.174
288,644.3,252.1,3.0,23.23,0.174
288,645.6,252.6,3.0,23.23,0.173
294,390.3,149.2,259.8,21.28,0.826
294,390.7,152.0,254.7,21.28,0.737
294,391.2,154.8,249.5,21.87,0.737
294,391.7,157.0,245.5,19.62,0.573
294,392.4,160.8,239.7,20.35,0.876
294,392.9,162.8,234.5,20.35,0.699
294,393.4,164.8,229.3,20.35,0.699
294,393.8,166.1,224.1,20.62,0.699
294,394.2,167.4,218.9,20.62,0.669
294,394.6,168.5,214.8,20.42,0.669
294,394.9,169.2,210.1,20.42,0.592
294,395.2,169.8,205.4,20.42,0.592
294,395.5,170.2,200.3,20.49,0.592
294,395.7,170.5,195.3,20.49,0.633
294,395.9,170.8,190.2,20.55,0.633
294,395.9,171.2,184.8,20.55,0.687
294,395.9,171.6,179.3,20.59,0.687
294,395.9,171.8,173.4,20.59,0.732
294,395.9,172.0,167.6,20.61,0.732
294,395.9,172.1,161.6,20.61,0.749
294,395.9,172.2,155.6,20.63,0.749
294,395.9,172.2,149.5,20.63,0.764
294,395.9,172.3,143.4,20.65,0.764
294,395.9,172.3,137.2,20.65,0.778
294,395.9,172.3,130.9,20.68,0.778
294,395.9,172.2,124.6,20.68,0.789
294,395.9,172.2,118.3,20.70,0.789
294,395.9,172.1,111.8,20.70,0.810
294,395.9,172.0,105.4,20.71,0.810
294,395.9,171.9,98.8,20.71,0.817
294,395.9,171.7,92.2,20.73,0.817
294,395.9,171.6,85.7,20.73,0.823
294,395.9,171.4,79.1,20.73,0.823
294,395.9,171.2,72.5,20.73,0.824
294,395.9,171.0,65.9,20.74,0.824
294,395.9,170.8,59.4,20.73,0.819
294,395.9,170.5,53.2,20.73,0.772
294,395.9,170.2,47.0,20.72,0.772
294,395.9,169.8,41.3,20.72,0.719
294,395.9,169.4,35.6,20.71,0.719
294,395.9,168.9,30.5,20.71,0.635
294,395.9,168.4,25.4,20.71,0.635
294,395.9,167.8,21.4,20.90,0.635
294,395.9,166.7,17.7,20.90,0.490
294,395.9,165.6,13.9,20.90,0.490
294,395.9,164.5,10.2,20.84,0.490
294,395.9,163.0,7.6,20.84,0.373
294,395.9,161.5,5.0,20.84,0.373
294,395.9,159.9,3.0,20.84,0.373
294,395.9,158.4,3.0,20.84,0.373
294,395.9,156.9,3.0,20.84,0.373
294,395.9,155.3,3.0,21.05,0.373
294,395.9,153.1,3.0,21.05,0.392
294,395.9,150.9,3.0,21.05,0.392
294,395.9,148.7,3.0,21.05,0.392
294,395.9,146.4,3.0,21.05,0.392
294,395.9,144.2,3.0,21.05,0.392
294,395.9,141.5,3.0,21.27,0.392
294,395.9,138.7,3.0,21.27,0.413
294,395.9,135.9,3.0,21.27,0.413
294,395.9,133.2,3.0,21.27,0.413
294,395.9,130.1,3.0,21.57,0.413
294,395.9,126.9,3.0,21.57,0.431
294,395.9,123.8,3.0,21.57,0.431
294,395.9,120.7,3.0,21.57,0.431
294,395.9,117.2,3.0,21.83,0.431
294,395.9,113.8,3.0,21.83,0.447
294,395.9,110.3,3.0,21.83,0.447
294,395.9,106.9,3.0,21.97,0.447
294,395.9,103.4,3.0,21.97,0.445
294,395.9,100.0,3.0,21.97,0.445
294,395.9,96.5,3.0,21.97,0.445
294,395.9,93.0,3.0,22.10,0.445
294,395.9,89.6,3.0,22.10,0.438
294,395.9,86.2,3.0,22.10,0.438
294,395.9,82.7,3.0,22.22,0.438
294,395.9,79.3,3.0,22.22,0.428
294,395.9,76.0,3.0,22.22,0.428
294,395.9,72.6,3.0,22.22,0.428
294,395.9,69.3,3.0,22.36,0.428
294,395.9,66.0,3.0,22.36,0.415
294,395.9,62.7,3.0,22.36,0.415
294,395.9,59.4,3.0,22.48,0.415
294,395.9,56.4,3.0,22.48,0.381
294,395.9,53.3,3.0,22.48,0.381
294,395.9,50.3,3.0,22.48,0.381
294,395.9,47.3,3.0,22.54,0.381
294,395.9,44.4,3.0,22.54,0.356
294,395.9,41.6,3.0,22.54,0.356
294,395.9,38.7,3.0,22.54,0.356
294,395.9,35.9,3.0,22.57,0.356
294,395.9,33.3,3.0,22.57,0.321
294,395.9,30.8,3.1,22.57,0.321
294,395.9,28.2,3.1,22.57,0.321
294,395.9,25.6,3.2,22.57,0.321
294,395.9,23.1,3.3,22.60,0.321
294,395.9,21.0,3.6,22.60,0.262
294,395.9,19.0,4.0,22.60,0.262
294,395.9,16.9,4.4,22.60,0.262
294,395.9,14.8,4.8,22.60,0.262
294,395.9,12.8,5.1,22.60,0.262
294,395.9,11.3,6.0,22.70,0.262
294,395.9,9.9,6.9,22.70,0.213
294,395.9,8.4,7.8,22.70,0.213
294,395.9,7.0,8.7,22.70,0.213
294,395.9,5.5,9.6,22.70,0.213
294,395.9,4.0,10.5,22.70,0.213
294,395.9,3.0,11.4,22.70,0.213
294,395.9,3.0,12.2,22.83,0.213
294,395.9,3.0,13.7,22.83,0.205
294,395.9,3.0,15.1,22.83,0.205
294,395.9,3.0,16.5,22.83,0.205
294,395.9,3.0,17.9,22.83,0.205
294,395.9,3.0,19.3,22.83,0.205
294,395.9,3.0,20.7,22.83,0.205
294,395.9,3.0,22.1,22.83,0.205
294,395.9,3.0,23.5,22.83,0.205
294,395.9,3.0,25.2,22.92,0.205
294,395.9,3.0,26.8,22.92,0.214
294,395.9,3.0,28.4,22.92,0.214
294,395.9,3.0,30.1,22.92,0.214
294,395.9,3.0,31.7,22.92,0.214
294,395.9,3.0,33.3,22.92,0.214
294,395.9,3.0,35.0,22.92,0.214
294,395.9,3.0,36.6,23.00,0.214
294,395.9,3.0,38.3,23.00,0.213
294,395.9,3.0,40.0,23.00,0.213
294,395.9,3.0,41.6,23.00,0.213
294,395.9,3.0,43.3,23.00,0.213
294,395.9,3.0,45.0,23.00,0.213
294,395.9,3.0,46.7,23.00,0.213
294,395.9,3.0,48.3,23.07,0.213
294,395.9,3.0,50.0,23.07,0.205
294,395.9,3.0,51.6,23.07,0.205
294,395.9,3.0,53.2,23.07,0.205
294,395.9,3.0,54.9,23.07,0.205
294,395.9,3.0,56.5,23.07,0.205
294,395.9,3.0,58.1,23.07,0.205
294,395.9,3.0,59.7,23.07,0.205
294,395.9,3.0,61.2,23.15,0.205
294,395.9,3.0,62.6,23.15,0.181
294,395.9,3.0,64.1,23.15,0.181
294,395.9,3.0,65.5,23.15,0.181
294,395.9,3.0,67.0,23.15,0.181
294,395.9,3.0,68.4,23.15,0.181
294,395.9,3.0,69.9,23.15,0.181
294,395.9,3.0,71.3,23.15,0.181
294,395.9,3.0,72.7,23.24,0.181
294,395.9,3.0,74.0,23.24,0.169
294,395.9,3.0,75.4,23.24,0.169
294,395.9,3.0,76.7,23.24,0.169
294,395.9,3.0,78.0,23.24,0.169
294,395.9,3.0,79.4,23.24,0.169
294,395.9,3.0,80.8,23.24,0.169
294,395.9,3.0,82.1,23.24,0.169
294,395.9,3.0,83.4,23.24,0.169
294,395.9,3.0,84.7,23.30,0.169
294,395.9,3.0,85.9,23.30,0.156
294,395.9,3.0,87.2,23.30,0.156
294,395.9,3.0,88.4,23.30,0.156
300,431.8,230.8,262.5,21.11,0.791
300,427.3,226.0,262.6,20.35,0.815
300,421.8,222.2,262.7,20.35,0.849
300,419.3,217.2,267.0,19.57,0.849
300,416.4,214.0,267.0,19.69,1.248
300,413.5,210.8,267.0,19.69,1.592
300,410.6,207.6,267.0,19.69,1.592
300,407.7,204.3,267.0,19.58,1.592
300,407.7,203.9,267.0,19.67,1.685
300,407.7,203.5,267.0,19.67,1.846
300,407.7,203.0,267.0,19.67,1.846
300,407.7,202.6,267.0,19.67,1.846
300,407.7,202.1,267.0,19.67,1.846
300,407.7,201.7,267.0,19.67,1.846
300,407.7,201.3,267.0,19.67,1.846
300,407.7,200.8,267.0,19.67,1.846
300,407.7,200.4,267.0,19.67,1.846
300,407.7,199.9,267.0,19.67,1.846
300,407.7,199.5,267.0,19.67,1.846
300,407.7,199.0,267.0,19.67,1.846
300,407.7,198.6,267.0,19.67,1.846
300,407.7,198.2,267.0,19.67,1.846
300,407.7,197.7,267.0,19.67,1.846
300,407.7,197.3,267.0,19.67,1.846
300,407.7,196.8,267.0,19.67,1.846
300,407.7,196.4,267.0,19.67,1.846
300,407.7,195.9,267.0,19.67,1.846
300,407.7,195.5,267.0,19.67,1.846
300,407.7,195.0,267.0,19.67,1.846
300,407.7,194.6,267.0,19.67,1.846
300,407.7,194.2,267.0,19.67,1.846
300,407.7,193.7,267.0,19.67,1.846
300,407.7,193.3,267.0,19.67,1.846
300,407.7,192.8,267.0,19.67,1.846
300,407.7,192.4,267.0,19.67,1.846
300,407.7,191.9,267.0,19.35,1.846
300,407.7,191.5,267.0,19.35,1.732
300,407.7,191.1,267.0,19.35,1.732
300,407.7,190.6,267.0,19.35,1.732
300,407.7,193.1,267.0,19.67,1.732
300,407.7,192.7,267.0,19.67,1.846
300,407.7,192.2,267.0,19.67,1.846
300,407.7,191.8,267.0,19.35,1.846
300,407.7,191.3,267.0,19.35,1.732
300,407.7,190.9,267.0,19.35,1.732
300,407.7,190.5,267.0,19.35,1.732
300,407.7,193.0,267.0,19.67,1.732
300,407.7,192.5,267.0,19.67,1.846
300,407.7,192.1,267.0,19.67,1.846
300,407.7,194.6,267.0,19.67,1.846
300,407.7,194.1,267.0,19.67,1.846
300,407.7,193.7,267.0,19.67,1.846
300,407.7,193.2,267.0,19.67,1.846
300,407.7,192.8,267.0,19.67,1.846
300,407.7,192.4,267.0,19.67,1.846
300,407.7,191.9,267.0,19.35,1.846
300,407.7,191.5,267.0,19.35,1.732
300,407.7,191.0,267.0,19.35,1.732
300,407.7,190.6,267.0,19.35,1.732
300,407.7,193.1,267.0,19.67,1.732
300,407.7,192.6,267.0,19.67,1.846
300,407.7,192.2,267.0,19.67,1.846
300,407.7,194.7,267.0,19.67,1.846
300,407.7,194.3,267.0,19.67,1.846
300,407.7,193.8,267.0,19.67,1.846
300,407.7,193.4,267.0,19.67,1.846
300,407.7,192.9,267.0,19.67,1.846
300,407.7,192.5,267.0,19.67,1.846
300,407.7,192.0,267.0,19.67,1.846
300,407.7,194.6,267.0,19.67,1.846
300,407.7,194.1,267.0,19.67,1.846
300,407.7,193.7,267.0,19.67,1.846
300,407.7,193.2,267.0,19.67,1.846
300,407.7,192.8,267.0,19.67,1.846
300,407.7,192.3,267.0,19.67,1.846
300,407.7,191.9,267.0,19.35,1.846
300,407.7,191.4,267.0,19.35,1.732
300,407.7,191.0,267.0,19.35,1.732
300,407.7,190.6,267.0,19.35,1.732
300,407.7,193.1,267.0,19.67,1.732
300,407.7,192.6,267.0,19.67,1.846
300,407.7,192.2,267.0,19.67,1.846
300,407.7,194.7,267.0,19.67,1.846
300,407.7,194.2,267.0,19.67,1.846
300,407.7,193.8,267.0,19.67,1.846
300,407.7,193.3,267.0,19.67,1.846
300,407.7,192.9,267.0,19.67,1.846
300,407.7,192.5,267.0,19.67,1.846
300,407.7,192.0,267.0,19.67,1.846
300,407.7,194.5,267.0,19.67,1.846
300,407.7,194.1,267.0,19.67,1.846
300,407.7,193.6,267.0,19.67,1.846
300,407.7,193.2,267.0,19.67,1.846
300,407.7,192.8,267.0,19.67,1.846
300,407.7,192.3,267.0,19.67,1.846
300,407.7,191.9,267.0,19.35,1.846
300,407.7,191.4,267.0,19.35,1.732
300,407.7,191.0,267.0,19.35,1.732
300,407.7,190.5,267.0,19.35,1.732
300,407.7,193.0,267.0,19.67,1.732
300,407.7,192.6,267.0,19.67,1.846
300,407.7,192.2,267.0,19.67,1.846
300,407.7,194.6,267.0,19.67,1.846
300,407.7,194.2,267.0,19.67,1.846
300,407.7,193.8,267.0,19.67,1.846
300,407.7,193.3,267.0,19.67,1.846
300,407.7,192.9,267.0,19.67,1.846
300,407.7,192.4,267.0,19.67,1.846
300,407.7,192.0,267.0,19.35,1.846
300,407.7,191.6,267.0,19.35,1.732
300,407.7,191.1,267.0,19.35,1.732
300,407.7,190.7,267.0,19.35,1.732
300,407.7,193.2,267.0,19.67,1.732
300,407.7,192.7,267.0,19.67,1.846
300,407.7,192.3,267.0,19.67,1.846
300,407.7,191.8,267.0,19.35,1.846
300,407.7,191.4,267.0,19.35,1.732
300,407.7,190.9,267.0,19.35,1.732
300,407.7,190.5,267.0,19.35,1.732
300,407.7,193.0,267.0,19.67,1.732
300,407.7,192.6,267.0,19.67,1.846
300,407.7,192.1,267.0,19.67,1.846
300,407.7,194.6,267.0,19.67,1.846
300,407.7,194.2,267.0,19.67,1.846
300,407.7,193.7,267.0,19.67,1.846
300,407.7,193.3,267.0,19.67,1.846
300,407.7,192.9,267.0,19.67,1.846
300,407.7,192.4,267.0,19.67,1.846
300,407.7,192.0,267.0,19.35,1.846
300,407.7,191.5,267.0,19.35,1.732
300,407.7,191.1,267.0,19.35,1.732
300,407.7,190.6,267.0,19.35,1.732
300,407.7,193.1,267.0,19.67,1.732
300,407.7,192.7,267.0,19.67,1.846
300,407.7,192.2,267.0,19.67,1.846
300,407.7,191.8,267.0,19.35,1.846
300,407.7,191.4,267.0,19.35,1.732
300,407.7,190.9,267.0,19.35,1.732
300,407.7,190.5,267.0,19.35,1.732
300,407.7,193.0,267.0,19.67,1.732
300,407.7,192.5,267.0,19.67,1.846
300,407.7,192.1,267.0,19.67,1.846
300,407.7,194.6,267.0,19.67,1.846
300,407.7,194.2,267.0,19.67,1.846
300,407.7,193.7,267.0,19.67,1.846
300,407.7,193.3,267.0,19.67,1.846
300,407.7,192.8,267.0,19.67,1.846
300,407.7,192.4,267.0,19.67,1.846
300,407.7,191.9,267.0,19.35,1.846
300,407.7,191.5,267.0,19.35,1.732
300,407.7,191.1,267.0,19.35,1.732
300,407.7,190.6,267.0,19.35,1.732
300,407.7,193.1,267.0,19.67,1.732
300,407.7,192.7,267.0,19.67,1.846
300,407.7,192.2,267.0,19.67,1.846
300,407.7,194.7,267.0,19.67,1.846
300,407.7,194.3,267.0,19.67,1.846
300,407.7,193.8,267.0,19.67,1.846
300,407.7,193.4,267.0,19.67,1.846
300,407.7,192.9,267.0,19.67,1.846
306,428.4,237.5,261.7,21.11,0.364
306,423.9,232.7,261.8,21.11,0.815
306,419.4,228.0,261.8,19.15,0.815
306,417.0,223.0,267.0,19.57,0.826
306,414.1,217.8,267.0,19.57,1.248
306,411.2,214.6,267.0,19.69,1.248
306,408.3,211.4,267.0,19.69,1.592
306,408.3,208.1,267.0,19.69,1.592
306,408.3,204.9,267.0,19.69,1.592
306,408.3,204.4,267.0,19.69,1.592
306,408.3,204.0,267.0,19.69,1.592
306,408.3,203.6,267.0,19.56,1.592
306,408.3,203.1,267.0,19.56,1.704
306,408.3,202.7,267.0,19.56,1.704
306,408.3,202.2,267.0,19.56,1.704
306,408.3,201.8,267.0,19.56,1.704
306,408.3,201.3,267.0,19.56,1.704
306,408.3,200.9,267.0,19.56,1.704
306,408.3,200.5,267.0,19.56,1.704
306,408.3,200.0,267.0,19.56,1.704
306,408.3,199.6,267.0,19.56,1.704
306,408.3,199.1,267.0,19.56,1.704
306,408.3,198.7,267.0,19.56,1.704
306,408.3,198.2,267.0,19.56,1.704
306,408.3,197.8,267.0,19.56,1.704
306,408.3,197.3,267.0,19.56,1.704
306,408.3,196.9,267.0,19.56,1.704
306,408.3,196.5,267.0,19.56,1.704
306,408.3,196.0,267.0,19.56,1.704
306,408.3,195.6,267.0,19.56,1.704
306,408.3,195.1,267.0,19.56,1.704
306,408.3,194.7,267.0,19.56,1.704
306,408.3,194.2,267.0,19.56,1.704
306,408.3,193.8,267.0,19.56,1.704
306,408.3,193.4,267.0,19.56,1.704
306,408.3,192.9,267.0,19.56,1.704
306,408.3,192.5,267.0,19.56,1.704
306,408.3,192.0,267.0,19.56,1.704
306,408.3,194.5,267.0,19.56,1.704
306,408.3,194.1,267.0,19.56,1.704
306,408.3,193.7,267.0,19.56,1.704
306,408.3,193.2,267.0,19.56,1.704
306,408.3,192.8,267.0,19.56,1.704
306,408.3,192.3,267.0,19.56,1.704
306,408.3,191.9,267.0,19.60,1.704
306,408.3,191.4,267.0,19.60,1.623
306,408.3,191.0,267.0,19.60,1.623
306,408.3,190.6,267.0,19.60,1.623
306,408.3,193.1,267.0,19.56,1.623
306,408.3,192.6,267.0,19.56,1.704
306,408.3,192.2,267.0,19.56,1.704
306,408.3,194.7,267.0,19.56,1.704
306,408.3,194.2,267.0,19.56,1.704
306,408.3,193.8,267.0,19.56,1.704
306,408.3,193.3,267.0,19.56,1.704
306,408.3,192.9,267.0,19.56,1.704
306,408.3,192.5,267.0,19.56,1.704
306,408.3,192.0,267.0,19.56,1.704
306,408.3,194.5,267.0,19.56,1.704
306,408.3,194.1,267.0,19.56,1.704
306,408.3,193.6,267.0,19.56,1.704
306,408.3,193.2,267.0,19.56,1.704
306,408.3,192.7,267.0,19.56,1.704
306,408.3,192.3,267.0,19.56,1.704
306,408.3,191.9,267.0,19.60,1.704
306,408.3,191.4,267.0,19.60,1.623
306,408.3,191.0,267.0,19.60,1.623
306,408.3,190.5,267.0,19.60,1.623
306,408.3,193.0,267.0,19.56,1.623
306,408.3,192.6,267.0,19.56,1.704
306,408.3,192.1,267.0,19.56,1.704
306,408.3,194.6,267.0,19.56,1.704
306,408.3,194.2,267.0,19.56,1.704
306,408.3,193.8,267.0,19.56,1.704
306,408.3,193.3,267.0,19.56,1.704
306,408.3,192.9,267.0,19.56,1.704
306,408.3,192.4,267.0,19.56,1.704
306,408.3,192.0,267.0,19.60,1.704
306,408.3,191.5,267.0,19.60,1.623
306,408.3,191.1,267.0,19.60,1.623
306,408.3,190.7,267.0,19.60,1.623
306,408.3,193.2,267.0,19.56,1.623
306,408.3,192.7,267.0,19.56,1.704
306,408.3,192.3,267.0,19.56,1.704
306,408.3,191.8,267.0,19.60,1.704
306,408.3,191.4,267.0,19.60,1.623
306,408.3,190.9,267.0,19.60,1.623
306,408.3,190.5,267.0,19.60,1.623
306,408.3,193.0,267.0,19.56,1.623
306,408.3,192.6,267.0,19.56,1.704
306,408.3,192.1,267.0,19.56,1.704
306,408.3,194.6,267.0,19.56,1.704
306,408.3,194.2,267.0,19.56,1.704
306,408.3,193.7,267.0,19.56,1.704
306,408.3,193.3,267.0,19.56,1.704
306,408.3,192.8,267.0,19.56,1.704
306,408.3,192.4,267.0,19.56,1.704
306,408.3,191.9,267.0,19.60,1.704
306,408.3,191.5,267.0,19.60,1.623
306,408.3,191.1,267.0,19.60,1.623
306,408.3,190.6,267.0,19.60,1.623
306,408.3,193.1,267.0,19.56,1.623
306,408.3,192.7,267.0,19.56,1.704
306,408.3,192.2,267.0,19.56,1.704
306,408.3,191.8,267.0,19.60,1.704
306,408.3,191.3,267.0,19.60,1.623
306,408.3,190.9,267.0,19.60,1.623
306,408.3,190.5,267.0,19.60,1.623
306,408.3,193.0,267.0,19.56,1.623
306,408.3,192.5,267.0,19.56,1.704
306,408.3,192.1,267.0,19.56,1.704
306,408.3,194.6,267.0,19.56,1.704
306,408.3,194.1,267.0,19.56,1.704
306,408.3,193.7,267.0,19.56,1.704
306,408.3,193.3,267.0,19.56,1.704
306,408.3,192.8,267.0,19.56,1.704
306,408.3,192.4,267.0,19.56,1.704
306,408.3,191.9,267.0,19.60,1.704
306,408.3,191.5,267.0,19.60,1.623
306,408.3,191.0,267.0,19.60,1.623
306,408.3,190.6,267.0,19.60,1.623
306,408.3,193.1,267.0,19.56,1.623
306,408.3,192.7,267.0,19.56,1.704
306,408.3,192.2,267.0,19.56,1.704
306,408.3,194.7,267.0,19.56,1.704
306,408.3,194.3,267.0,19.56,1.704
306,408.3,193.8,267.0,19.56,1.704
306,408.3,193.4,267.0,19.56,1.704
306,408.3,192.9,267.0,19.56,1.704
306,408.3,192.5,267.0,19.56,1.704
306,408.3,192.1,267.0,19.56,1.704
306,408.3,194.6,267.0,19.56,1.704
306,408.3,194.1,267.0,19.56,1.704
306,408.3,193.7,267.0,19.56,1.704
306,408.3,193.2,267.0,19.56,1.704
306,408.3,192.8,267.0,19.56,1.704
306,408.3,192.3,267.0,19.56,1.704
306,408.3,191.9,267.0,19.60,1.704
306,408.3,191.5,267.0,19.60,1.623
306,408.3,191.0,267.0,19.60,1.623
306,408.3,190.6,267.0,19.60,1.623
306,408.3,193.1,267.0,19.56,1.623
306,408.3,192.6,267.0,19.56,1.704
306,408.3,192.2,267.0,19.56,1.704
306,408.3,194.7,267.0,19.56,1.704
306,408.3,194.2,267.0,19.56,1.704
306,408.3,193.8,267.0,19.56,1.704
306,408.3,193.4,267.0,19.56,1.704
306,408.3,192.9,267.0,19.56,1.704
306,408.3,192.5,267.0,19.56,1.704
306,408.3,192.0,267.0,19.56,1.704
306,408.3,194.5,267.0,19.56,1.704
306,408.3,194.1,267.0,19.56,1.704
306,408.3,193.6,267.0,19.56,1.704
306,408.3,193.2,267.0,19.56,1.704
306,408.3,192.8,267.0,19.56,1.704
306,408.3,192.3,267.0,19.56,1.704
306,408.3,191.9,267.0,19.60,1.704
306,408.3,191.4,267.0,19.60,1.623
306,408.3,191.0,267.0,19.60,1.623
312,418.6,233.6,264.5,18.95,1.016
312,416.2,226.9,264.0,19.65,0.893
312,413.3,221.7,267.0,19.57,1.020
312,410.5,216.4,267.0,19.57,1.248
312,407.6,213.2,267.0,19.58,1.248
312,407.6,210.0,267.0,19.58,1.685
312,407.6,206.8,267.0,19.58,1.685
312,407.6,203.5,267.0,19.67,1.685
312,407.6,203.1,267.0,19.67,1.846
312,407.6,202.6,267.0,19.67,1.846
312,407.6,202.2,267.0,19.67,1.846
312,407.6,201.7,267.0,19.67,1.846
312,407.6,201.3,267.0,19.67,1.846
312,407.6,200.9,267.0,19.67,1.846
312,407.6,200.4,267.0,19.67,1.846
312,407.6,200.0,267.0,19.67,1.846
312,407.6,199.5,267.0,19.67,1.846
312,407.6,199.1,267.0,19.67,1.846
312,407.6,198.6,267.0,19.67,1.846
312,407.6,198.2,267.0,19.67,1.846
312,407.6,197.8,267.0,19.67,1.846
312,407.6,197.3,267.0,19.67,1.846
312,407.6,196.9,267.0,19.67,1.846
312,407.6,196.4,267.0,19.67,1.846
312,407.6,196.0,267.0,19.67,1.846
312,407.6,195.5,267.0,19.67,1.846
312,407.6,195.1,267.0,19.67,1.846
312,407.6,194.6,267.0,19.67,1.846
312,407.6,194.2,267.0,19.67,1.846
312,407.6,193.8,267.0,19.67,1.846
312,407.6,193.3,267.0,19.67,1.846
312,407.6,192.9,267.0,19.67,1.846
312,407.6,192.4,267.0,19.67,1.846
312,407.6,192.0,267.0,19.35,1.846
312,407.6,191.6,267.0,19.35,1.732
312,407.6,191.1,267.0,19.35,1.732
312,407.6,190.7,267.0,19.35,1.732
312,407.6,193.2,267.0,19.67,1.732
312,407.6,192.7,267.0,19.67,1.846
312,407.6,192.3,267.0,19.67,1.846
312,407.6,191.8,267.0,19.35,1.846
312,407.6,191.4,267.0,19.35,1.732
312,407.6,190.9,267.0,19.35,1.732
312,407.6,190.5,267.0,19.35,1.732
312,407.6,193.0,267.0,19.67,1.732
312,407.6,192.6,267.0,19.67,1.846
312,407.6,192.1,267.0,19.67,1.846
312,407.6,194.6,267.0,19.67,1.846
312,407.6,194.2,267.0,19.67,1.846
312,407.6,193.7,267.0,19.67,1.846
312,407.6,193.3,267.0,19.67,1.846
312,407.6,192.9,267.0,19.67,1.846
312,407.6,192.4,267.0,19.67,1.846
312,407.6,192.0,267.0,19.35,1.846
312,407.6,191.5,267.0,19.35,1.732
312,407.6,191.1,267.0,19.35,1.732
312,407.6,190.6,267.0,19.35,1.732
312,407.6,193.1,267.0,19.67,1.732
312,407.6,192.7,267.0,19.67,1.846
312,407.6,192.2,267.0,19.67,1.846
312,407.6,191.8,267.0,19.35,1.846
312,407.6,191.4,267.0,19.35,1.732
312,407.6,190.9,267.0,19.35,1.732
312,407.6,190.5,267.0,19.35,1.732
312,407.6,193.0,267.0,19.67,1.732
312,407.6,192.5,267.0,19.67,1.846
312,407.6,192.1,267.0,19.67,1.846
312,407.6,194.6,267.0,19.67,1.846
312,407.6,194.2,267.0,19.67,1.846
312,407.6,193.7,267.0,19.67,1.846
312,407.6,193.3,267.0,19.67,1.846
312,407.6,192.8,267.0,19.67,1.846
312,407.6,192.4,267.0,19.67,1.846
312,407.6,191.9,267.0,19.35,1.846
312,407.6,191.5,267.0,19.35,1.732
312,407.6,191.1,267.0,19.35,1.732
312,407.6,190.6,267.0,19.35,1.732
312,407.6,193.1,267.0,19.67,1.732
312,407.6,192.7,267.0,19.67,1.846
312,407.6,192.2,267.0,19.67,1.846
312,407.6,191.8,267.0,19.35,1.846
312,407.6,191.3,267.0,19.35,1.732
312,407.6,190.9,267.0,19.35,1.732
312,407.6,190.5,267.0,19.35,1.732
312,407.6,193.0,267.0,19.67,1.732
312,407.6,192.5,267.0,19.67,1.846
312,407.6,192.1,267.0,19.67,1.846
312,407.6,194.6,267.0,19.67,1.846
312,407.6,194.1,267.0,19.67,1.846
312,407.6,193.7,267.0,19.67,1.846
312,407.6,193.2,267.0,19.67,1.846
312,407.6,192.8,267.0,19.67,1.846
312,407.6,192.4,267.0,19.67,1.846
312,407.6,191.9,267.0,19.35,1.846
312,407.6,191.5,267.0,19.35,1.732
312,407.6,191.0,267.0,19.35,1.732
312,407.6,190.6,267.0,19.35,1.732
312,407.6,193.1,267.0,19.67,1.732
312,407.6,192.6,267.0,19.67,1.846
312,407.6,192.2,267.0,19.67,1.846
312,407.6,194.7,267.0,19.67,1.846
312,407.6,194.3,267.0,19.67,1.846
312,407.6,193.8,267.0,19.67,1.846
312,407.6,193.4,267.0,19.67,1.846
312,407.6,192.9,267.0,19.67,1.846
312,407.6,192.5,267.0,19.67,1.846
312,407.6,192.0,267.0,19.67,1.846
312,407.6,194.5,267.0,19.67,1.846
312,407.6,194.1,267.0,19.67,1.846
312,407.6,193.7,267.0,19.67,1.846
312,407.6,193.2,267.0,19.67,1.846
312,407.6,192.8,267.0,19.67,1.846
312,407.6,192.3,267.0,19.67,1.846
312,407.6,191.9,267.0,19.35,1.846
312,407.6,191.4,267.0,19.35,1.732
312,407.6,191.0,267.0,19.35,1.732
312,407.6,190.6,267.0,19.35,1.732
312,407.6,193.1,267.0,19.67,1.732
312,407.6,192.6,267.0,19.67,1.846
312,407.6,192.2,267.0,19.67,1.846
312,407.6,194.7,267.0,19.67,1.846
312,407.6,194.2,267.0,19.67,1.846
312,407.6,193.8,267.0,19.67,1.846
312,407.6,193.3,267.0,19.67,1.846
312,407.6,192.9,267.0,19.67,1.846
312,407.6,192.5,267.0,19.67,1.846
312,407.6,192.0,267.0,19.67,1.846
312,407.6,194.5,267.0,19.67,1.846
312,407.6,194.1,267.0,19.67,1.846
312,407.6,193.6,267.0,19.67,1.846
312,407.6,193.2,267.0,19.67,1.846
312,407.6,192.7,267.0,19.67,1.846
312,407.6,192.3,267.0,19.67,1.846
312,407.6,191.9,267.0,19.35,1.846
312,407.6,191.4,267.0,19.35,1.732
312,407.6,191.0,267.0,19.35,1.732
312,407.6,190.5,267.0,19.35,1.732
312,407.6,193.0,267.0,19.67,1.732
312,407.6,192.6,267.0,19.67,1.846
312,407.6,192.1,267.0,19.67,1.846
312,407.6,194.6,267.0,19.67,1.846
312,407.6,194.2,267.0,19.67,1.846
312,407.6,193.8,267.0,19.67,1.846
312,407.6,193.3,267.0,19.67,1.846
312,407.6,192.9,267.0,19.67,1.846
312,407.6,192.4,267.0,19.67,1.846
312,407.6,192.0,267.0,19.35,1.846
312,407.6,191.5,267.0,19.35,1.732
312,407.6,191.1,267.0,19.35,1.732
312,407.6,190.7,267.0,19.35,1.732
312,407.6,193.2,267.0,19.67,1.732
312,407.6,192.7,267.0,19.67,1.846
312,407.6,192.3,267.0,19.67,1.846
312,407.6,191.8,267.0,19.35,1.846
312,407.6,191.4,267.0,19.35,1.732
312,407.6,190.9,267.0,19.35,1.732
312,407.6,190.5,267.0,19.35,1.732
312,407.6,193.0,267.0,19.67,1.732
312,407.6,192.6,267.0,19.67,1.846
312,407.6,192.1,267.0,19.67,1.846
318,444.1,178.0,262.6,23.16,0.541
318,439.9,179.8,259.8,22.12,0.484
318,434.9,180.3,252.4,18.91,0.670
318,430.6,180.5,246.9,20.14,1.120
318,425.4,181.2,245.6,20.14,0.670
318,420.2,181.8,244.3,20.14,0.670
318,418.1,183.4,248.8,19.93,0.670
318,415.9,184.9,253.3,19.65,0.654
318,413.2,187.1,262.7,19.65,1.252
318,410.3,189.6,267.0,19.60,1.252
318,407.4,192.0,267.0,19.67,1.623
318,407.4,194.5,267.0,19.67,1.846
318,407.4,194.1,267.0,19.67,1.846
318,407.4,193.6,267.0,19.67,1.846
318,407.4,193.2,267.0,19.67,1.846
318,407.4,192.8,267.0,19.67,1.846
318,407.4,192.3,267.0,19.67,1.846
318,407.4,191.9,267.0,19.35,1.846
318,407.4,191.4,267.0,19.35,1.732
318,407.4,191.0,267.0,19.35,1.732
318,407.4,190.5,267.0,19.35,1.732
318,407.4,193.0,267.0,19.67,1.732
318,407.4,192.6,267.0,19.67,1.846
318,407.4,192.2,267.0,19.67,1.846
318,407.4,194.6,267.0,19.67,1.846
318,407.4,194.2,267.0,19.67,1.846
318,407.4,193.8,267.0,19.67,1.846
318,407.4,193.3,267.0,19.67,1.846
318,407.4,192.9,267.0,19.67,1.846
318,407.4,192.4,267.0,19.67,1.846
318,407.4,192.0,267.0,19.35,1.846
318,407.4,191.6,267.0,19.35,1.732
318,407.4,191.1,267.0,19.35,1.732
318,407.4,190.7,267.0,19.35,1.732
318,407.4,193.2,267.0,19.67,1.732
318,407.4,192.7,267.0,19.67,1.846
318,407.4,192.3,267.0,19.67,1.846
318,407.4,191.8,267.0,19.35,1.846
318,407.4,191.4,267.0,19.35,1.732
318,407.4,190.9,267.0,19.35,1.732
318,407.4,190.5,267.0,19.35,1.732
318,407.4,193.0,267.0,19.67,1.732
318,407.4,192.6,267.0,19.67,1.846
318,407.4,192.1,267.0,19.67,1.846
318,407.4,194.6,267.0,19.67,1.846
318,407.4,194.2,267.0,19.67,1.846
318,407.4,193.7,267.0,19.67,1.846
318,407.4,193.3,267.0,19.67,1.846
318,407.4,192.9,267.0,19.67,1.846
318,407.4,192.4,267.0,19.67,1.846
318,407.4,192.0,267.0,19.35,1.846
318,407.4,191.5,267.0,19.35,1.732
318,407.4,191.1,267.0,19.35,1.732
318,407.4,190.6,267.0,19.35,1.732
318,407.4,193.1,267.0,19.67,1.732
318,407.4,192.7,267.0,19.67,1.846
318,407.4,192.2,267.0,19.67,1.846
318,407.4,191.8,267.0,19.35,1.846
318,407.4,191.4,267.0,19.35,1.732
318,407.4,190.9,267.0,19.35,1.732
318,407.4,190.5,267.0,19.35,1.732
318,407.4,193.0,267.0,19.67,1.732
318,407.4,192.5,267.0,19.67,1.846
318,407.4,192.1,267.0,19.67,1.846
318,407.4,194.6,267.0,19.67,1.846
318,407.4,194.2,267.0,19.67,1.846
318,407.4,193.7,267.0,19.67,1.846
318,407.4,193.3,267.0,19.67,1.846
318,407.4,192.8,267.0,19.67,1.846
318,407.4,192.4,267.0,19.67,1.846
318,407.4,191.9,267.0,19.35,1.846
318,407.4,191.5,267.0,19.35,1.732
318,407.4,191.1,267.0,19.35,1.732
318,407.4,190.6,267.0,19.35,1.732
318,407.4,193.1,267.0,19.67,1.732
318,407.4,192.7,267.0,19.67,1.846
318,407.4,192.2,267.0,19.67,1.846
318,407.4,191.8,267.0,19.35,1.846
318,407.4,191.3,267.0,19.35,1.732
318,407.4,190.9,267.0,19.35,1.732
318,407.4,190.5,267.0,19.35,1.732
318,407.4,192.9,267.0,19.67,1.732
318,407.4,192.5,267.0,19.67,1.846
318,407.4,192.1,267.0,19.67,1.846
318,407.4,194.6,267.0,19.67,1.846
318,407.4,194.1,267.0,19.67,1.846
318,407.4,193.7,267.0,19.67,1.846
318,407.4,193.2,267.0,19.67,1.846
318,407.4,192.8,267.0,19.67,1.846
318,407.4,192.3,267.0,19.67,1.846
318,407.4,191.9,267.0,19.35,1.846
318,407.4,191.5,267.0,19.35,1.732
318,407.4,191.0,267.0,19.35,1.732
318,407.4,190.6,267.0,19.35,1.732
318,407.4,193.1,267.0,19.67,1.732
318,407.4,192.6,267.0,19.67,1.846
318,407.4,192.2,267.0,19.67,1.846
318,407.4,194.7,267.0,19.67,1.846
318,407.4,194.3,267.0,19.67,1.846
318,407.4,193.8,267.0,19.67,1.846
318,407.4,193.4,267.0,19.67,1.846
318,407.4,192.9,267.0,19.67,1.846
318,407.4,192.5,267.0,19.67,1.846
318,407.4,192.0,267.0,19.67,1.846
318,407.4,194.5,267.0,19.67,1.846
318,407.4,194.1,267.0,19.67,1.846
318,407.4,193.7,267.0,19.67,1.846
318,407.4,193.2,267.0,19.67,1.846
318,407.4,192.8,267.0,19.67,1.846
318,407.4,192.3,267.0,19.67,1.846
318,407.4,191.9,267.0,19.35,1.846
318,407.4,191.4,267.0,19.35,1.732
318,407.4,191.0,267.0,19.35,1.732
318,407.4,190.6,267.0,19.35,1.732
318,407.4,193.1,267.0,19.67,1.732
318,407.4,192.6,267.0,19.67,1.846
318,407.4,192.2,267.0,19.67,1.846
318,407.4,194.7,267.0,19.67,1.846
318,407.4,194.2,267.0,19.67,1.846
318,407.4,193.8,267.0,19.67,1.846
318,407.4,193.3,267.0,19.67,1.846
318,407.4,192.9,267.0,19.67,1.846
318,407.4,192.5,267.0,19.67,1.846
318,407.4,192.0,267.0,19.67,1.846
318,407.4,194.5,267.0,19.67,1.846
318,407.4,194.1,267.0,19.67,1.846
318,407.4,193.6,267.0,19.67,1.846
318,407.4,193.2,267.0,19.67,1.846
318,407.4,192.7,267.0,19.67,1.846
318,407.4,192.3,267.0,19.67,1.846
318,407.4,191.9,267.0,19.35,1.846
318,407.4,191.4,267.0,19.35,1.732
318,407.4,191.0,267.0,19.35,1.732
318,407.4,190.5,267.0,19.35,1.732
318,407.4,193.0,267.0,19.67,1.732
318,407.4,192.6,267.0,19.67,1.846
318,407.4,192.1,267.0,19.67,1.846
318,407.4,194.6,267.0,19.67,1.846
318,407.4,194.2,267.0,19.67,1.846
318,407.4,193.8,267.0,19.67,1.846
318,407.4,193.3,267.0,19.67,1.846
318,407.4,192.9,267.0,19.67,1.846
318,407.4,192.4,267.0,19.67,1.846
318,407.4,192.0,267.0,19.35,1.846
318,407.4,191.5,267.0,19.35,1.732
318,407.4,191.1,267.0,19.35,1.732
318,407.4,190.7,267.0,19.35,1.732
318,407.4,193.2,267.0,19.67,1.732
318,407.4,192.7,267.0,19.67,1.846
318,407.4,192.3,267.0,19.67,1.846
318,407.4,191.8,267.0,19.35,1.846
318,407.4,191.4,267.0,19.35,1.732
318,407.4,190.9,267.0,19.35,1.732
318,407.4,190.5,267.0,19.35,1.732
318,407.4,193.0,267.0,19.67,1.732
318,407.4,192.6,267.0,19.67,1.846
318,407.4,192.1,267.0,19.67,1.846
318,407.4,194.6,267.0,19.67,1.846
318,407.4,194.2,267.0,19.67,1.846
318,407.4,193.7,267.0,19.67,1.846
324,438.5,214.2,257.6,18.61,1.284
324,433.7,213.1,250.2,19.88,1.115
324,428.7,211.6,249.1,20.01,0.876
324,423.8,210.1,248.1,20.01,0.659
324,418.9,208.6,247.0,20.09,0.659
324,416.8,206.1,251.4,20.09,0.673
324,414.2,203.1,260.5,19.63,0.673
324,411.3,202.7,267.0,19.56,1.310
324,408.4,202.2,267.0,19.56,1.704
324,408.4,201.8,267.0,19.56,1.704
324,408.4,201.3,267.0,19.56,1.704
324,408.4,200.9,267.0,19.56,1.704
324,408.4,200.4,267.0,19.56,1.704
324,408.4,200.0,267.0,19.56,1.704
324,408.4,199.5,267.0,19.56,1.704
324,408.4,199.1,267.0,19.56,1.704
324,408.4,198.7,267.0,19.56,1.704
324,408.4,198.2,267.0,19.56,1.704
324,408.4,197.8,267.0,19.56,1.704
324,408.4,197.3,267.0,19.56,1.704
324,408.4,196.9,267.0,19.56,1.704
324,408.4,196.4,267.0,19.56,1.704
324,408.4,196.0,267.0,19.56,1.704
324,408.4,195.6,267.0,19.56,1.704
324,408.4,195.1,267.0,19.56,1.704
324,408.4,194.7,267.0,19.56,1.704
324,408.4,194.2,267.0,19.56,1.704
324,408.4,193.8,267.0,19.56,1.704
324,408.4,193.3,267.0,19.56,1.704
324,408.4,192.9,267.0,19.56,1.704
324,408.4,192.5,267.0,19.56,1.704
324,408.4,192.0,267.0,19.56,1.704
324,408.4,194.5,267.0,19.56,1.704
324,408.4,194.1,267.0,19.56,1.704
324,408.4,193.6,267.0,19.56,1.704
324,408.4,193.2,267.0,19.56,1.704
324,408.4,192.7,267.0,19.56,1.704
324,408.4,192.3,267.0,19.56,1.704
324,408.4,191.9,267.0,19.60,1.704
324,408.4,191.4,267.0,19.60,1.623
324,408.4,191.0,267.0,19.60,1.623
324,408.4,190.5,267.0,19.60,1.623
324,408.4,193.0,267.0,19.56,1.623
324,408.4,192.6,267.0,19.56,1.704
324,408.4,192.1,267.0,19.56,1.704
324,408.4,194.6,267.0,19.56,1.704
324,408.4,194.2,267.0,19.56,1.704
324,408.4,193.8,267.0,19.56,1.704
324,408.4,193.3,267.0,19.56,1.704
324,408.4,192.9,267.0,19.56,1.704
324,408.4,192.4,267.0,19.56,1.704
324,408.4,192.0,267.0,19.60,1.704
324,408.4,191.5,267.0,19.60,1.623
324,408.4,191.1,267.0,19.60,1.623
324,408.4,190.7,267.0,19.60,1.623
324,408.4,193.2,267.0,19.56,1.623
324,408.4,192.7,267.0,19.56,1.704
324,408.4,192.3,267.0,19.56,1.704
324,408.4,191.8,267.0,19.60,1.704
324,408.4,191.4,267.0,19.60,1.623
324,408.4,190.9,267.0,19.60,1.623
324,408.4,190.5,267.0,19.60,1.623
324,408.4,193.0,267.0,19.56,1.623
324,408.4,192.6,267.0,19.56,1.704
324,408.4,192.1,267.0,19.56,1.704
324,408.4,194.6,267.0,19.56,1.704
324,408.4,194.2,267.0,19.56,1.704
324,408.4,193.7,267.0,19.56,1.704
324,408.4,193.3,267.0,19.56,1.704
324,408.4,192.8,267.0,19.56,1.704
324,408.4,192.4,267.0,19.56,1.704
324,408.4,191.9,267.0,19.60,1.704
324,408.4,191.5,267.0,19.60,1.623
324,408.4,191.1,267.0,19.60,1.623
324,408.4,190.6,267.0,19.60,1.623
324,408.4,193.1,267.0,19.56,1.623
324,408.4,192.7,267.0,19.56,1.704
324,408.4,192.2,267.0,19.56,1.704
324,408.4,194.7,267.0,19.56,1.704
324,408.4,194.3,267.0,19.56,1.704
324,408.4,193.8,267.0,19.56,1.704
324,408.4,193.4,267.0,19.56,1.704
324,408.4,193.0,267.0,19.56,1.704
324,408.4,192.5,267.0,19.56,1.704
324,408.4,192.1,267.0,19.56,1.704
324,408.4,194.6,267.0,19.56,1.704
324,408.4,194.1,267.0,19.56,1.704
324,408.4,193.7,267.0,19.56,1.704
324,408.4,193.2,267.0,19.56,1.704
324,408.4,192.8,267.0,19.56,1.704
324,408.4,192.4,267.0,19.56,1.704
324,408.4,191.9,267.0,19.60,1.704
324,408.4,191.5,267.0,19.60,1.623
324,408.4,191.0,267.0,19.60,1.623
324,408.4,190.6,267.0,19.60,1.623
324,408.4,193.1,267.0,19.56,1.623
324,408.4,192.7,267.0,19.56,1.704
324,408.4,192.2,267.0,19.56,1.704
324,408.4,194.7,267.0,19.56,1.704
324,408.4,194.3,267.0,19.56,1.704
324,408.4,193.8,267.0,19.56,1.704
324,408.4,193.4,267.0,19.56,1.704
324,408.4,192.9,267.0,19.56,1.704
324,408.4,192.5,267.0,19.56,1.704
324,408.4,192.1,267.0,19.56,1.704
324,408.4,194.6,267.0,19.56,1.704
324,408.4,194.1,267.0,19.56,1.704
324,408.4,193.7,267.0,19.56,1.704
324,408.4,193.2,267.0,19.56,1.704
324,408.4,192.8,267.0,19.56,1.704
324,408.4,192.3,267.0,19.56,1.704
324,408.4,191.9,267.0,19.60,1.704
324,408.4,191.5,267.0,19.60,1.623
324,408.4,191.0,267.0,19.60,1.623
324,408.4,190.6,267.0,19.60,1.623
324,408.4,193.1,267.0,19.56,1.623
324,408.4,192.6,267.0,19.56,1.704
324,408.4,192.2,267.0,19.56,1.704
324,408.4,194.7,267.0,19.56,1.704
324,408.4,194.2,267.0,19.56,1.704
324,408.4,193.8,267.0,19.56,1.704
324,408.4,193.3,267.0,19.56,1.704
324,408.4,192.9,267.0,19.56,1.704
324,408.4,192.5,267.0,19.56,1.704
324,408.4,192.0,267.0,19.56,1.704
324,408.4,194.5,267.0,19.56,1.704
324,408.4,194.1,267.0,19.56,1.704
324,408.4,193.6,267.0,19.56,1.704
324,408.4,193.2,267.0,19.56,1.704
324,408.4,192.8,267.0,19.56,1.704
324,408.4,192.3,267.0,19.56,1.704
324,408.4,191.9,267.0,19.60,1.704
324,408.4,191.4,267.0,19.60,1.623
324,408.4,191.0,267.0,19.60,1.623
324,408.4,190.5,267.0,19.60,1.623
324,408.4,193.0,267.0,19.56,1.623
324,408.4,192.6,267.0,19.56,1.704
324,408.4,192.2,267.0,19.56,1.704
324,408.4,194.7,267.0,19.56,1.704
324,408.4,194.2,267.0,19.56,1.704
324,408.4,193.8,267.0,19.56,1.704
324,408.4,193.3,267.0,19.56,1.704
324,408.4,192.9,267.0,19.56,1.704
324,408.4,192.4,267.0,19.56,1.704
324,408.4,192.0,267.0,19.56,1.704
324,408.4,191.6,267.0,19.60,1.623
324,408.4,191.1,267.0,19.60,1.623
324,408.4,190.7,267.0,19.60,1.623
324,408.4,193.2,267.0,19.56,1.623
324,408.4,192.7,267.0,19.56,1.704
324,408.4,192.3,267.0,19.56,1.704
324,408.4,191.8,267.0,19.60,1.704
324,408.4,191.4,267.0,19.60,1.623
324,408.4,190.9,267.0,19.60,1.623
324,408.4,190.5,267.0,19.60,1.623
324,408.4,193.0,267.0,19.56,1.623
324,408.4,192.6,267.0,19.56,1.704
324,408.4,192.1,267.0,19.56,1.704
324,408.4,194.6,267.0,19.56,1.704
324,408.4,194.2,267.0,19.56,1.704
330,423.0,246.9,262.7,21.44,0.506
330,422.3,244.2,260.4,21.44,0.444
330,421.6,241.6,258.2,21.44,0.444
330,420.9,239.0,255.9,21.11,0.444
330,418.9,232.7,255.4,19.15,0.815
330,417.0,226.4,254.9,19.65,0.826
330,414.6,221.4,260.9,19.65,1.020
330,412.1,216.4,266.9,19.57,1.020
330,409.2,213.2,267.0,19.69,1.248
330,409.2,209.9,267.0,19.69,1.592
330,409.2,206.7,267.0,19.69,1.592
330,409.2,203.5,267.0,19.56,1.592
330,409.2,203.0,267.0,19.56,1.704
330,409.2,202.6,267.0,19.56,1.704
330,409.2,202.2,267.0,19.56,1.704
330,409.2,201.7,267.0,19.56,1.704
330,409.2,201.3,267.0,19.56,1.704
330,409.2,200.8,267.0,19.56,1.704
330,409.2,200.4,267.0,19.56,1.704
330,409.2,199.9,267.0,19.56,1.704
330,409.2,199.5,267.0,19.56,1.704
330,409.2,199.0,267.0,19.56,1.704
330,409.2,198.6,267.0,19.56,1.704
330,409.2,198.2,267.0,19.56,1.704
330,409.2,197.7,267.0,19.56,1.704
330,409.2,197.3,267.0,19.56,1.704
330,409.2,196.8,267.0,19.56,1.704
330,409.2,196.4,267.0,19.56,1.704
330,409.2,195.9,267.0,19.56,1.704
330,409.2,195.5,267.0,19.56,1.704
330,409.2,195.1,267.0,19.56,1.704
330,409.2,194.6,267.0,19.56,1.704
330,409.2,194.2,267.0,19.56,1.704
330,409.2,193.7,267.0,19.56,1.704
330,409.2,193.3,267.0,19.56,1.704
330,409.2,192.8,267.0,19.56,1.704
330,409.2,192.4,267.0,19.56,1.704
330,409.2,191.9,267.0,19.60,1.704
330,409.2,191.5,267.0,19.60,1.623
330,409.2,191.1,267.0,19.60,1.623
330,409.2,190.6,267.0,19.60,1.623
330,409.2,193.1,267.0,19.56,1.623
330,409.2,192.7,267.0,19.56,1.704
330,409.2,192.2,267.0,19.56,1.704
330,409.2,191.8,267.0,19.60,1.704
330,409.2,191.3,267.0,19.60,1.623
330,409.2,190.9,267.0,19.60,1.623
330,409.2,190.5,267.0,19.60,1.623
330,409.2,193.0,267.0,19.56,1.623
330,409.2,192.5,267.0,19.56,1.704
330,409.2,192.1,267.0,19.56,1.704
330,409.2,194.6,267.0,19.56,1.704
330,409.2,194.1,267.0,19.56,1.704
330,409.2,193.7,267.0,19.56,1.704
330,409.2,193.3,267.0,19.56,1.704
330,409.2,192.8,267.0,19.56,1.704
330,409.2,192.4,267.0,19.56,1.704
330,409.2,191.9,267.0,19.60,1.704
330,409.2,191.5,267.0,19.60,1.623
330,409.2,191.0,267.0,19.60,1.623
330,409.2,190.6,267.0,19.60,1.623
330,409.2,193.1,267.0,19.56,1.623
330,409.2,192.7,267.0,19.56,1.704
330,409.2,192.2,267.0,19.56,1.704
330,409.2,194.7,267.0,19.56,1.704
330,409.2,194.3,267.0,19.56,1.704
330,409.2,193.8,267.0,19.56,1.704
330,409.2,193.4,267.0,19.56,1.704
330,409.2,192.9,267.0,19.56,1.704
330,409.2,192.5,267.0,19.56,1.704
330,409.2,192.1,267.0,19.56,1.704
330,409.2,194.6,267.0,19.56,1.704
330,409.2,194.1,267.0,19.56,1.704
330,409.2,193.7,267.0,19.56,1.704
330,409.2,193.2,267.0,19.56,1.704
330,409.2,192.8,267.0,19.56,1.704
330,409.2,192.3,267.0,19.56,1.704
330,409.2,191.9,267.0,19.60,1.704
330,409.2,191.5,267.0,19.60,1.623
330,409.2,191.0,267.0,19.60,1.623
330,409.2,190.6,267.0,19.60,1.623
330,409.2,193.1,267.0,19.56,1.623
330,409.2,192.6,267.0,19.56,1.704
330,409.2,192.2,267.0,19.56,1.704
330,409.2,194.7,267.0,19.56,1.704
330,409.2,194.2,267.0,19.56,1.704
330,409.2,193.8,267.0,19.56,1.704
330,409.2,193.4,267.0,19.56,1.704
330,409.2,192.9,267.0,19.56,1.704
330,409.2,192.5,267.0,19.56,1.704
330,409.2,192.0,267.0,19.56,1.704
330,409.2,194.5,267.0,19.56,1.704
330,409.2,194.1,267.0,19.56,1.704
330,409.2,193.7,267.0,19.56,1.704
330,409.2,193.2,267.0,19.56,1.704
330,409.2,192.8,267.0,19.56,1.704
330,409.2,192.3,267.0,19.56,1.704
330,409.2,191.9,267.0,19.60,1.704
330,409.2,191.4,267.0,19.60,1.623
330,409.2,191.0,267.0,19.60,1.623
330,409.2,190.5,267.0,19.60,1.623
330,409.2,193.1,267.0,19.56,1.623
330,409.2,192.6,267.0,19.56,1.704
330,409.2,192.2,267.0,19.56,1.704
330,409.2,194.7,267.0,19.56,1.704
330,409.2,194.2,267.0,19.56,1.704
330,409.2,193.8,267.0,19.56,1.704
330,409.2,193.3,267.0,19.56,1.704
330,409.2,192.9,267.0,19.56,1.704
330,409.2,192.5,267.0,19.56,1.704
330,409.2,192.0,267.0,19.56,1.704
330,409.2,194.5,267.0,19.56,1.704
330,409.2,194.1,267.0,19.56,1.704
330,409.2,193.6,267.0,19.56,1.704
330,409.2,193.2,267.0,19.56,1.704
330,409.2,192.7,267.0,19.56,1.704
330,409.2,192.3,267.0,19.56,1.704
330,409.2,191.9,267.0,19.60,1.704
330,409.2,191.4,267.0,19.60,1.623
330,409.2,191.0,267.0,19.60,1.623
330,409.2,190.5,267.0,19.60,1.623
330,409.2,193.0,267.0,19.56,1.623
330,409.2,192.6,267.0,19.56,1.704
330,409.2,192.1,267.0,19.56,1.704
330,409.2,194.6,267.0,19.56,1.704
330,409.2,194.2,267.0,19.56,1.704
330,409.2,193.8,267.0,19.56,1.704
330,409.2,193.3,267.0,19.56,1.704
330,409.2,192.9,267.0,19.56,1.704
330,409.2,192.4,267.0,19.56,1.704
330,409.2,192.0,267.0,19.60,1.704
330,409.2,191.5,267.0,19.60,1.623
330,409.2,191.1,267.0,19.60,1.623
330,409.2,190.7,267.0,19.60,1.623
330,409.2,193.2,267.0,19.56,1.623
330,409.2,192.7,267.0,19.56,1.704
330,409.2,192.3,267.0,19.56,1.704
330,409.2,191.8,267.0,19.60,1.704
330,409.2,191.4,267.0,19.60,1.623
330,409.2,190.9,267.0,19.60,1.623
330,409.2,190.5,267.0,19.60,1.623
330,409.2,193.0,267.0,19.56,1.623
330,409.2,192.6,267.0,19.56,1.704
330,409.2,192.1,267.0,19.56,1.704
330,409.2,194.6,267.0,19.56,1.704
330,409.2,194.2,267.0,19.56,1.704
330,409.2,193.7,267.0,19.56,1.704
330,409.2,193.3,267.0,19.56,1.704
330,409.2,192.8,267.0,19.56,1.704
330,409.2,192.4,267.0,19.56,1.704
330,409.2,191.9,267.0,19.60,1.704
330,409.2,191.5,267.0,19.60,1.623
330,409.2,191.1,267.0,19.60,1.623
330,409.2,190.6,267.0,19.60,1.623
330,409.2,193.1,267.0,19.56,1.623
330,409.2,192.7,267.0,19.56,1.704
330,409.2,192.2,267.0,19.56,1.704
330,409.2,194.7,267.0,19.56,1.704
330,409.2,194.3,267.0,19.56,1.704
330,409.2,193.8,267.0,19.56,1.704
336,429.5,228.3,265.0,21.12,0.791
336,423.0,223.6,265.0,20.31,1.016
336,420.1,218.4,267.0,20.31,0.999
336,417.3,215.2,267.0,19.69,0.999
336,414.4,211.9,267.0,19.69,1.592
336,411.5,208.7,267.0,19.69,1.592
336,408.6,205.5,267.0,19.69,1.592
336,408.6,205.1,267.0,19.69,1.592
336,408.6,204.6,267.0,19.69,1.592
336,408.6,204.2,267.0,19.69,1.592
336,408.6,203.7,267.0,19.56,1.592
336,408.6,203.3,267.0,19.56,1.704
336,408.6,202.9,267.0,19.56,1.704
336,408.6,202.4,267.0,19.56,1.704
336,408.6,202.0,267.0,19.56,1.704
336,408.6,201.5,267.0,19.56,1.704
336,408.6,201.1,267.0,19.56,1.704
336,408.6,200.6,267.0,19.56,1.704
336,408.6,200.2,267.0,19.56,1.704
336,408.6,199.7,267.0,19.56,1.704
336,408.6,199.3,267.0,19.56,1.704
336,408.6,198.9,267.0,19.56,1.704
336,408.6,198.4,267.0,19.56,1.704
336,408.6,198.0,267.0,19.56,1.704
336,408.6,197.5,267.0,19.56,1.704
336,408.6,197.1,267.0,19.56,1.704
336,408.6,196.6,267.0,19.56,1.704
336,408.6,196.2,267.0,19.56,1.704
336,408.6,195.8,267.0,19.56,1.704
336,408.6,195.3,267.0,19.56,1.704
336,408.6,194.9,267.0,19.56,1.704
336,408.6,194.4,267.0,19.56,1.704
336,408.6,194.0,267.0,19.56,1.704
336,408.6,193.5,267.0,19.56,1.704
336,408.6,193.1,267.0,19.56,1.704
336,408.6,192.7,267.0,19.56,1.704
336,408.6,192.2,267.0,19.56,1.704
336,408.6,194.7,267.0,19.56,1.704
336,408.6,194.3,267.0,19.56,1.704
336,408.6,193.8,267.0,19.56,1.704
336,408.6,193.4,267.0,19.56,1.704
336,408.6,192.9,267.0,19.56,1.704
336,408.6,192.5,267.0,19.56,1.704
336,408.6,192.1,267.0,19.56,1.704
336,408.6,194.6,267.0,19.56,1.704
336,408.6,194.1,267.0,19.56,1.704
336,408.6,193.7,267.0,19.56,1.704
336,408.6,193.2,267.0,19.56,1.704
336,408.6,192.8,267.0,19.56,1.704
336,408.6,192.3,267.0,19.56,1.704
336,408.6,191.9,267.0,19.60,1.704
336,408.6,191.5,267.0,19.60,1.623
336,408.6,191.0,267.0,19.60,1.623
336,408.6,190.6,267.0,19.60,1.623
336,408.6,193.1,267.0,19.56,1.623
336,408.6,192.6,267.0,19.56,1.704
336,408.6,192.2,267.0,19.56,1.704
336,408.6,194.7,267.0,19.56,1.704
336,408.6,194.2,267.0,19.56,1.704
336,408.6,193.8,267.0,19.56,1.704
336,408.6,193.3,267.0,19.56,1.704
336,408.6,192.9,267.0,19.56,1.704
336,408.6,192.5,267.0,19.56,1.704
336,408.6,192.0,267.0,19.56,1.704
336,408.6,194.5,267.0,19.56,1.704
336,408.6,194.1,267.0,19.56,1.704
336,408.6,193.6,267.0,19.56,1.704
336,408.6,193.2,267.0,19.56,1.704
336,408.6,192.8,267.0,19.56,1.704
336,408.6,192.3,267.0,19.56,1.704
336,408.6,191.9,267.0,19.60,1.704
336,408.6,191.4,267.0,19.60,1.623
336,408.6,191.0,267.0,19.60,1.623
336,408.6,190.5,267.0,19.60,1.623
336,408.6,193.0,267.0,19.56,1.623
336,408.6,192.6,267.0,19.56,1.704
336,408.6,192.2,267.0,19.56,1.704
336,408.6,194.7,267.0,19.56,1.704
336,408.6,194.2,267.0,19.56,1.704
336,408.6,193.8,267.0,19.56,1.704
336,408.6,193.3,267.0,19.56,1.704
336,408.6,192.9,267.0,19.56,1.704
336,408.6,192.4,267.0,19.56,1.704
336,408.6,192.0,267.0,19.56,1.704
336,408.6,191.6,267.0,19.60,1.623
336,408.6,191.1,267.0,19.60,1.623
336,408.6,190.7,267.0,19.60,1.623
336,408.6,193.2,267.0,19.56,1.623
336,408.6,192.7,267.0,19.56,1.704
336,408.6,192.3,267.0,19.56,1.704
336,408.6,191.8,267.0,19.60,1.704
336,408.6,191.4,267.0,19.60,1.623
336,408.6,190.9,267.0,19.60,1.623
336,408.6,190.5,267.0,19.60,1.623
336,408.6,193.0,267.0,19.56,1.623
336,408.6,192.6,267.0,19.56,1.704
336,408.6,192.1,267.0,19.56,1.704
336,408.6,194.6,267.0,19.56,1.704
336,408.6,194.2,267.0,19.56,1.704
336,408.6,193.7,267.0,19.56,1.704
336,408.6,193.3,267.0,19.56,1.704
336,408.6,192.9,267.0,19.56,1.704
336,408.6,192.4,267.0,19.56,1.704
336,408.6,192.0,267.0,19.60,1.704
336,408.6,191.5,267.0,19.60,1.623
336,408.6,191.1,267.0,19.60,1.623
336,408.6,190.6,267.0,19.60,1.623
336,408.6,193.1,267.0,19.56,1.623
336,408.6,192.7,267.0,19.56,1.704
336,408.6,192.3,267.0,19.56,1.704
336,408.6,191.8,267.0,19.60,1.704
336,408.6,191.4,267.0,19.60,1.623
336,408.6,190.9,267.0,19.60,1.623
336,408.6,190.5,267.0,19.60,1.623
336,408.6,193.0,267.0,19.56,1.623
336,408.6,192.5,267.0,19.56,1.704
336,408.6,192.1,267.0,19.56,1.704
336,408.6,194.6,267.0,19.56,1.704
336,408.6,194.2,267.0,19.56,1.704
336,408.6,193.7,267.0,19.56,1.704
336,408.6,193.3,267.0,19.56,1.704
336,408.6,192.8,267.0,19.56,1.704
336,408.6,192.4,267.0,19.56,1.704
336,408.6,191.9,267.0,19.60,1.704
336,408.6,191.5,267.0,19.60,1.623
336,408.6,191.1,267.0,19.60,1.623
336,408.6,190.6,267.0,19.60,1.623
336,408.6,193.1,267.0,19.56,1.623
336,408.6,192.7,267.0,19.56,1.704
336,408.6,192.2,267.0,19.56,1.704
336,408.6,194.7,267.0,19.56,1.704
336,408.6,194.3,267.0,19.56,1.704
336,408.6,193.8,267.0,19.56,1.704
336,408.6,193.4,267.0,19.56,1.704
336,408.6,193.0,267.0,19.56,1.704
336,408.6,192.5,267.0,19.56,1.704
336,408.6,192.1,267.0,19.56,1.704
336,408.6,194.6,267.0,19.56,1.704
336,408.6,194.1,267.0,19.56,1.704
336,408.6,193.7,267.0,19.56,1.704
336,408.6,193.2,267.0,19.56,1.704
336,408.6,192.8,267.0,19.56,1.704
336,408.6,192.4,267.0,19.56,1.704
336,408.6,191.9,267.0,19.60,1.704
336,408.6,191.5,267.0,19.60,1.623
336,408.6,191.0,267.0,19.60,1.623
336,408.6,190.6,267.0,19.60,1.623
336,408.6,193.1,267.0,19.56,1.623
336,408.6,192.7,267.0,19.56,1.704
336,408.6,192.2,267.0,19.56,1.704
336,408.6,194.7,267.0,19.56,1.704
336,408.6,194.3,267.0,19.56,1.704
336,408.6,193.8,267.0,19.56,1.704
336,408.6,193.4,267.0,19.56,1.704
336,408.6,192.9,267.0,19.56,1.704
336,408.6,192.5,267.0,19.56,1.704
336,408.6,192.1,267.0,19.56,1.704
336,408.6,194.6,267.0,19.56,1.704
336,408.6,194.1,267.0,19.56,1.704
336,408.6,193.7,267.0,19.56,1.704
342,385.1,156.9,259.8,18.53,0.826
342,386.1,161.5,252.3,18.53,1.107
342,386.9,165.3,246.5,19.62,1.107
342,387.6,169.2,240.8,19.71,0.876
342,388.9,173.7,239.7,20.14,0.606
342,389.5,175.7,236.2,20.14,0.503
342,390.0,177.7,232.8,20.14,0.503
342,390.6,179.7,229.3,20.14,0.503
342,391.3,179.8,226.7,20.31,0.503
342,391.9,180.0,224.0,20.31,0.543
342,392.6,180.1,221.4,20.32,0.543
342,393.3,180.3,218.8,20.32,0.339
342,394.0,180.5,216.2,20.32,0.339
342,394.4,180.4,212.6,20.38,0.339
342,394.8,180.4,209.0,20.38,0.455
342,395.2,180.4,205.4,20.38,0.455
342,395.5,180.2,201.1,20.43,0.455
342,395.8,180.1,196.8,20.43,0.537
342,395.8,180.2,192.4,20.43,0.537
342,395.8,180.2,187.6,20.47,0.537
342,395.8,180.2,182.8,20.47,0.593
342,395.8,180.2,178.0,20.51,0.593
342,395.8,179.9,172.7,20.59,0.659
342,395.8,180.1,166.8,20.53,0.732
342,395.8,180.2,160.8,20.53,0.700
342,395.8,180.0,155.2,20.55,0.700
342,395.8,180.1,149.1,20.55,0.719
342,395.8,180.1,143.0,20.57,0.719
342,395.8,179.9,137.1,20.65,0.736
342,395.8,179.9,130.9,20.68,0.778
342,395.8,179.9,124.6,20.68,0.789
342,395.8,179.9,118.3,20.70,0.789
342,395.8,179.8,111.8,20.70,0.810
342,395.8,179.7,105.3,20.71,0.810
342,395.8,179.6,98.8,20.71,0.817
342,395.8,179.4,92.2,20.73,0.817
342,395.8,179.2,85.6,20.73,0.823
342,395.8,179.1,79.0,20.73,0.823
342,395.8,178.9,72.5,20.73,0.824
342,395.8,178.7,65.9,20.74,0.824
342,395.8,178.4,59.4,20.73,0.819
342,395.8,178.1,53.2,20.73,0.772
342,395.8,177.8,47.0,20.72,0.772
342,395.8,177.4,41.3,20.72,0.719
342,395.8,177.0,35.5,20.71,0.719
342,395.8,176.6,30.5,20.71,0.635
342,395.8,176.1,25.4,20.71,0.635
342,395.8,175.5,21.4,20.68,0.635
342,395.8,174.9,17.4,20.68,0.505
342,395.8,174.2,13.4,20.68,0.505
342,395.8,173.5,10.7,20.69,0.505
342,395.8,172.7,8.0,20.69,0.354
342,395.8,171.9,5.3,20.69,0.354
342,395.8,171.1,3.0,20.69,0.354
342,395.8,170.4,3.0,20.69,0.354
342,395.8,169.6,3.0,20.69,0.354
342,395.8,168.8,3.0,20.69,0.354
342,395.8,168.0,3.0,20.69,0.354
342,395.8,166.5,3.0,20.84,0.354
342,395.8,165.0,3.0,20.84,0.373
342,395.8,163.4,3.0,20.84,0.373
342,395.8,161.9,3.0,20.84,0.373
342,395.8,160.4,3.0,20.84,0.373
342,395.8,158.8,3.0,20.84,0.373
342,395.8,157.3,3.0,20.84,0.373
342,395.8,155.8,3.0,21.05,0.373
342,395.8,153.6,3.0,21.05,0.392
342,395.8,151.3,3.0,21.05,0.392
342,395.8,149.1,3.0,21.05,0.392
342,395.8,146.9,3.0,21.05,0.392
342,395.8,144.7,3.0,21.05,0.392
342,395.8,141.9,3.0,21.27,0.392
342,395.8,139.1,3.0,21.27,0.413
342,395.8,136.4,3.0,21.27,0.413
342,395.8,133.6,3.0,21.27,0.413
342,395.8,130.9,3.0,21.57,0.413
342,395.8,127.7,3.0,21.57,0.431
342,395.8,124.6,3.0,21.57,0.431
342,395.8,121.5,3.0,21.57,0.431
342,395.8,118.0,3.0,21.83,0.431
342,395.8,114.6,3.0,21.83,0.447
342,395.8,111.2,3.0,21.83,0.447
342,395.8,107.7,3.0,21.97,0.447
342,395.8,104.2,3.0,21.97,0.445
342,395.8,100.8,3.0,21.97,0.445
342,395.8,97.3,3.0,21.97,0.445
342,395.8,93.9,3.0,22.10,0.445
342,395.8,90.4,3.0,22.10,0.438
342,395.8,87.0,3.0,22.10,0.438
342,395.8,83.5,3.0,22.22,0.438
342,395.8,80.2,3.0,22.22,0.428
342,395.8,76.8,3.0,22.22,0.428
342,395.8,73.4,3.0,22.22,0.428
342,395.8,70.1,3.0,22.36,0.428
342,395.8,66.8,3.0,22.36,0.415
342,395.8,63.5,3.0,22.36,0.415
342,395.8,60.2,3.0,22.36,0.415
342,395.8,57.2,3.0,22.48,0.415
342,395.8,54.2,3.0,22.48,0.381
342,395.8,51.1,3.0,22.48,0.381
342,395.8,48.1,3.0,22.48,0.381
342,395.8,45.2,3.0,22.54,0.381
342,395.8,42.4,3.0,22.54,0.356
342,395.8,39.6,3.0,22.54,0.356
342,395.8,36.7,3.0,22.54,0.356
342,395.8,34.1,3.0,22.57,0.356
342,395.8,31.6,3.1,22.57,0.321
342,395.8,29.0,3.1,22.57,0.321
342,395.8,26.5,3.2,22.57,0.321
342,395.8,23.9,3.3,22.60,0.321
342,395.8,21.8,3.6,22.60,0.262
342,395.8,19.8,4.0,22.60,0.262
342,395.8,17.7,4.4,22.60,0.262
342,395.8,15.6,4.8,22.60,0.262
342,395.8,13.6,5.1,22.60,0.262
342,395.8,11.5,5.5,22.70,0.262
342,395.8,10.1,6.4,22.70,0.213
342,395.8,8.6,7.3,22.70,0.213
342,395.8,7.2,8.2,22.70,0.213
342,395.8,5.7,9.1,22.70,0.213
342,395.8,4.2,10.0,22.70,0.213
342,395.8,3.0,10.8,22.70,0.213
342,395.8,3.0,11.7,22.70,0.213
342,395.8,3.0,13.2,22.83,0.213
342,395.8,3.0,14.6,22.83,0.205
342,395.8,3.0,16.0,22.83,0.205
342,395.8,3.0,17.4,22.83,0.205
342,395.8,3.0,18.8,22.83,0.205
342,395.8,3.0,20.2,22.83,0.205
342,395.8,3.0,21.6,22.83,0.205
342,395.8,3.0,23.0,22.83,0.205
342,395.8,3.0,24.4,22.92,0.205
342,395.8,3.0,26.1,22.92,0.214
342,395.8,3.0,27.7,22.92,0.214
342,395.8,3.0,29.3,22.92,0.214
342,395.8,3.0,31.0,22.92,0.214
342,395.8,3.0,32.6,22.92,0.214
342,395.8,3.0,34.2,22.92,0.214
342,395.8,3.0,35.9,22.92,0.214
342,395.8,3.0,37.5,23.00,0.214
342,395.8,3.0,39.2,23.00,0.213
342,395.8,3.0,40.9,23.00,0.213
342,395.8,3.0,42.6,23.00,0.213
342,395.8,3.0,44.2,23.00,0.213
342,395.8,3.0,45.9,23.00,0.213
342,395.8,3.0,47.6,23.00,0.213
342,395.8,3.0,49.2,23.07,0.213
342,395.8,3.0,50.9,23.07,0.205
342,395.8,3.0,52.5,23.07,0.205
342,395.8,3.0,54.1,23.07,0.205
342,395.8,3.0,55.8,23.07,0.205
342,395.8,3.0,57.4,23.07,0.205
342,395.8,3.0,59.0,23.07,0.205
342,395.8,3.0,60.6,23.15,0.205
342,395.8,3.0,62.1,23.15,0.181
342,395.8,3.0,63.5,23.15,0.181
342,395.8,3.0,65.0,23.15,0.181
342,395.8,3.0,66.4,23.15,0.181
342,395.8,3.0,67.9,23.15,0.181
342,395.8,3.0,69.3,23.15,0.181
348,376.2,166.7,258.1,19.25,1.188
348,379.9,172.0,258.4,20.44,1.025
348,383.6,177.3,258.7,20.44,0.811
348,385.7,183.1,258.5,19.65,0.811
348,388.4,185.3,267.0,19.60,1.252
348,391.3,187.8,267.0,19.60,1.623
348,394.2,190.2,267.0,19.60,1.623
348,397.1,192.7,267.0,19.67,1.623
348,397.1,192.2,267.0,19.67,1.846
348,397.1,191.8,267.0,19.35,1.846
348,397.1,191.3,267.0,19.35,1.732
348,397.1,190.9,267.0,19.35,1.732
348,397.1,190.5,267.0,19.35,1.732
348,397.1,193.0,267.0,19.67,1.732
348,397.1,192.5,267.0,19.67,1.846
348,397.1,192.1,267.0,19.67,1.846
348,397.1,194.6,267.0,19.67,1.846
348,397.1,194.1,267.0,19.67,1.846
348,397.1,193.7,267.0,19.67,1.846
348,397.1,193.2,267.0,19.67,1.846
348,397.1,192.8,267.0,19.67,1.846
348,397.1,192.4,267.0,19.67,1.846
348,397.1,191.9,267.0,19.35,1.846
348,397.1,191.5,267.0,19.35,1.732
348,397.1,191.0,267.0,19.35,1.732
348,397.1,190.6,267.0,19.35,1.732
348,397.1,193.1,267.0,19.67,1.732
348,397.1,192.6,267.0,19.67,1.846
348,397.1,192.2,267.0,19.67,1.846
348,397.1,194.7,267.0,19.67,1.846
348,397.1,194.3,267.0,19.67,1.846
348,397.1,193.8,267.0,19.67,1.846
348,397.1,193.4,267.0,19.67,1.846
348,397.1,192.9,267.0,19.67,1.846
348,397.1,192.5,267.0,19.67,1.846
348,397.1,192.0,267.0,19.67,1.846
348,397.1,194.6,267.0,19.67,1.846
348,397.1,194.1,267.0,19.67,1.846
348,397.1,193.7,267.0,19.67,1.846
348,397.1,193.2,267.0,19.67,1.846
348,397.1,192.8,267.0,19.67,1.846
348,397.1,192.3,267.0,19.67,1.846
348,397.1,191.9,267.0,19.35,1.846
348,397.1,191.4,267.0,19.35,1.732
348,397.1,191.0,267.0,19.35,1.732
348,397.1,190.6,267.0,19.35,1.732
348,397.1,193.1,267.0,19.67,1.732
348,397.1,192.6,267.0,19.67,1.846
348,397.1,192.2,267.0,19.67,1.846
348,397.1,194.7,267.0,19.67,1.846
348,397.1,194.2,267.0,19.67,1.846
348,397.1,193.8,267.0,19.67,1.846
348,397.1,193.3,267.0,19.67,1.846
348,397.1,192.9,267.0,19.67,1.846
348,397.1,192.5,267.0,19.67,1.846
348,397.1,192.0,267.0,19.67,1.846
348,397.1,194.5,267.0,19.67,1.846
348,397.1,194.1,267.0,19.67,1.846
348,397.1,193.6,267.0,19.67,1.846
348,397.1,193.2,267.0,19.67,1.846
348,397.1,192.8,267.0,19.67,1.846
348,397.1,192.3,267.0,19.67,1.846
348,397.1,191.9,267.0,19.35,1.846
348,397.1,191.4,267.0,19.35,1.732
348,397.1,191.0,267.0,19.35,1.732
348,397.1,190.5,267.0,19.35,1.732
348,397.1,193.0,267.0,19.67,1.732
348,397.1,192.6,267.0,19.67,1.846
348,397.1,192.2,267.0,19.67,1.846
348,397.1,194.6,267.0,19.67,1.846
348,397.1,194.2,267.0,19.67,1.846
348,397.1,193.8,267.0,19.67,1.846
348,397.1,193.3,267.0,19.67,1.846
348,397.1,192.9,267.0,19.67,1.846
348,397.1,192.4,267.0,19.67,1.846
348,397.1,192.0,267.0,19.35,1.846
348,397.1,191.6,267.0,19.35,1.732
348,397.1,191.1,267.0,19.35,1.732
348,397.1,190.7,267.0,19.35,1.732
348,397.1,193.2,267.0,19.67,1.732
348,397.1,192.7,267.0,19.67,1.846
348,397.1,192.3,267.0,19.67,1.846
348,397.1,191.8,267.0,19.35,1.846
348,397.1,191.4,267.0,19.35,1.732
348,397.1,190.9,267.0,19.35,1.732
348,397.1,190.5,267.0,19.35,1.732
348,397.1,193.0,267.0,19.67,1.732
348,397.1,192.6,267.0,19.67,1.846
348,397.1,192.1,267.0,19.67,1.846
348,397.1,194.6,267.0,19.67,1.846
348,397.1,194.2,267.0,19.67,1.846
348,397.1,193.7,267.0,19.67,1.846
348,397.1,193.3,267.0,19.67,1.846
348,397.1,192.9,267.0,19.67,1.846
348,397.1,192.4,267.0,19.67,1.846
348,397.1,192.0,267.0,19.35,1.846
348,397.1,191.5,267.0,19.35,1.732
348,397.1,191.1,267.0,19.35,1.732
348,397.1,190.6,267.0,19.35,1.732
348,397.1,193.1,267.0,19.67,1.732
348,397.1,192.7,267.0,19.67,1.846
348,397.1,192.2,267.0,19.67,1.846
348,397.1,191.8,267.0,19.35,1.846
348,397.1,191.4,267.0,19.35,1.732
348,397.1,190.9,267.0,19.35,1.732
348,397.1,190.5,267.0,19.35,1.732
348,397.1,193.0,267.0,19.67,1.732
348,397.1,192.5,267.0,19.67,1.846
348,397.1,192.1,267.0,19.67,1.846
348,397.1,194.6,267.0,19.67,1.846
348,397.1,194.2,267.0,19.67,1.846
348,397.1,193.7,267.0,19.67,1.846
348,397.1,193.3,267.0,19.67,1.846
348,397.1,192.8,267.0,19.67,1.846
348,397.1,192.4,267.0,19.67,1.846
348,397.1,191.9,267.0,19.35,1.846
348,397.1,191.5,267.0,19.35,1.732
348,397.1,191.1,267.0,19.35,1.732
348,397.1,190.6,267.0,19.35,1.732
348,397.1,193.1,267.0,19.67,1.732
348,397.1,192.7,267.0,19.67,1.846
348,397.1,192.2,267.0,19.67,1.846
348,397.1,191.8,267.0,19.35,1.846
348,397.1,191.3,267.0,19.35,1.732
348,397.1,190.9,267.0,19.35,1.732
348,397.1,190.5,267.0,19.35,1.732
348,397.1,192.9,267.0,19.67,1.732
348,397.1,192.5,267.0,19.67,1.846
348,397.1,192.1,267.0,19.67,1.846
348,397.1,194.6,267.0,19.67,1.846
348,397.1,194.1,267.0,19.67,1.846
348,397.1,193.7,267.0,19.67,1.846
348,397.1,193.2,267.0,19.67,1.846
348,397.1,192.8,267.0,19.67,1.846
348,397.1,192.3,267.0,19.67,1.846
348,397.1,191.9,267.0,19.35,1.846
348,397.1,191.5,267.0,19.35,1.732
348,397.1,191.0,267.0,19.35,1.732
348,397.1,190.6,267.0,19.35,1.732
348,397.1,193.1,267.0,19.67,1.732
348,397.1,192.6,267.0,19.67,1.846
348,397.1,192.2,267.0,19.67,1.846
348,397.1,194.7,267.0,19.67,1.846
348,397.1,194.2,267.0,19.67,1.846
348,397.1,193.8,267.0,19.67,1.846
348,397.1,193.4,267.0,19.67,1.846
348,397.1,192.9,267.0,19.67,1.846
348,397.1,192.5,267.0,19.67,1.846
348,397.1,192.0,267.0,19.67,1.846
348,397.1,194.5,267.0,19.67,1.846
348,397.1,194.1,267.0,19.67,1.846
348,397.1,193.7,267.0,19.67,1.846
348,397.1,193.2,267.0,19.67,1.846
348,397.1,192.8,267.0,19.67,1.846
348,397.1,192.3,267.0,19.67,1.846
348,397.1,191.9,267.0,19.35,1.846
348,397.1,191.4,267.0,19.35,1.732
348,397.1,191.0,267.0,19.35,1.732
348,397.1,190.6,267.0,19.35,1.732
348,397.1,193.1,267.0,19.67,1.732
354,400.8,162.9,257.4,18.34,1.292
354,400.8,167.6,249.8,19.54,1.120
354,400.8,172.5,248.4,19.38,0.881
354,400.8,177.4,247.1,19.38,0.633
354,400.8,182.3,245.8,19.73,0.633
354,400.8,184.1,250.9,19.73,0.676
354,400.8,186.5,261.2,19.42,0.676
354,400.8,189.0,267.0,19.35,1.325
354,400.8,191.5,267.0,19.35,1.732
354,400.8,191.0,267.0,19.35,1.732
354,400.8,190.6,267.0,19.35,1.732
354,400.8,193.1,267.0,19.67,1.732
354,400.8,192.6,267.0,19.67,1.846
354,400.8,192.2,267.0,19.67,1.846
354,400.8,194.7,267.0,19.67,1.846
354,400.8,194.2,267.0,19.67,1.846
354,400.8,193.8,267.0,19.67,1.846
354,400.8,193.4,267.0,19.67,1.846
354,400.8,192.9,267.0,19.67,1.846
354,400.8,192.5,267.0,19.67,1.846
354,400.8,192.0,267.0,19.67,1.846
354,400.8,194.5,267.0,19.67,1.846
354,400.8,194.1,267.0,19.67,1.846
354,400.8,193.7,267.0,19.67,1.846
354,400.8,193.2,267.0,19.67,1.846
354,400.8,192.8,267.0,19.67,1.846
354,400.8,192.3,267.0,19.67,1.846
354,400.8,191.9,267.0,19.35,1.846
354,400.8,191.4,267.0,19.35,1.732
354,400.8,191.0,267.0,19.35,1.732
354,400.8,190.6,267.0,19.35,1.732
354,400.8,193.1,267.0,19.67,1.732
354,400.8,192.6,267.0,19.67,1.846
354,400.8,192.2,267.0,19.67,1.846
354,400.8,194.7,267.0,19.67,1.846
354,400.8,194.2,267.0,19.67,1.846
354,400.8,193.8,267.0,19.67,1.846
354,400.8,193.3,267.0,19.67,1.846
354,400.8,192.9,267.0,19.67,1.846
354,400.8,192.5,267.0,19.67,1.846
354,400.8,192.0,267.0,19.67,1.846
354,400.8,194.5,267.0,19.67,1.846
354,400.8,194.1,267.0,19.67,1.846
354,400.8,193.6,267.0,19.67,1.846
354,400.8,193.2,267.0,19.67,1.846
354,400.8,192.7,267.0,19.67,1.846
354,400.8,192.3,267.0,19.67,1.846
354,400.8,191.9,267.0,19.35,1.846
354,400.8,191.4,267.0,19.35,1.732
354,400.8,191.0,267.0,19.35,1.732
354,400.8,190.5,267.0,19.35,1.732
354,400.8,193.0,267.0,19.67,1.732
354,400.8,192.6,267.0,19.67,1.846
354,400.8,192.1,267.0,19.67,1.846
354,400.8,194.6,267.0,19.67,1.846
354,400.8,194.2,267.0,19.67,1.846
354,400.8,193.8,267.0,19.67,1.846
354,400.8,193.3,267.0,19.67,1.846
354,400.8,192.9,267.0,19.67,1.846
354,400.8,192.4,267.0,19.67,1.846
354,400.8,192.0,267.0,19.35,1.846
354,400.8,191.5,267.0,19.35,1.732
354,400.8,191.1,267.0,19.35,1.732
354,400.8,190.7,267.0,19.35,1.732
354,400.8,193.2,267.0,19.67,1.732
354,400.8,192.7,267.0,19.67,1.846
354,400.8,192.3,267.0,19.67,1.846
354,400.8,191.8,267.0,19.35,1.846
354,400.8,191.4,267.0,19.35,1.732
354,400.8,190.9,267.0,19.35,1.732
354,400.8,190.5,267.0,19.35,1.732
354,400.8,193.0,267.0,19.67,1.732
354,400.8,192.6,267.0,19.67,1.846
354,400.8,192.1,267.0,19.67,1.846
354,400.8,194.6,267.0,19.67,1.846
354,400.8,194.2,267.0,19.67,1.846
354,400.8,193.7,267.0,19.67,1.846
354,400.8,193.3,267.0,19.67,1.846
354,400.8,192.8,267.0,19.67,1.846
354,400.8,192.4,267.0,19.67,1.846
354,400.8,192.0,267.0,19.35,1.846
354,400.8,191.5,267.0,19.35,1.732
354,400.8,191.1,267.0,19.35,1.732
354,400.8,190.6,267.0,19.35,1.732
354,400.8,193.1,267.0,19.67,1.732
354,400.8,192.7,267.0,19.67,1.846
354,400.8,192.2,267.0,19.67,1.846
354,400.8,191.8,267.0,19.35,1.846
354,400.8,191.4,267.0,19.35,1.732
354,400.8,190.9,267.0,19.35,1.732
354,400.8,190.5,267.0,19.35,1.732
354,400.8,193.0,267.0,19.67,1.732
354,400.8,192.5,267.0,19.67,1.846
354,400.8,192.1,267.0,19.67,1.846
354,400.8,194.6,267.0,19.67,1.846
354,400.8,194.2,267.0,19.67,1.846
354,400.8,193.7,267.0,19.67,1.846
354,400.8,193.3,267.0,19.67,1.846
354,400.8,192.8,267.0,19.67,1.846
354,400.8,192.4,267.0,19.67,1.846
354,400.8,191.9,267.0,19.35,1.846
354,400.8,191.5,267.0,19.35,1.732
354,400.8,191.0,267.0,19.35,1.732
354,400.8,190.6,267.0,19.35,1.732
354,400.8,193.1,267.0,19.67,1.732
354,400.8,192.7,267.0,19.67,1.846
354,400.8,192.2,267.0,19.67,1.846
354,400.8,194.7,267.0,19.67,1.846
354,400.8,194.3,267.0,19.67,1.846
354,400.8,193.8,267.0,19.67,1.846
354,400.8,193.4,267.0,19.67,1.846
354,400.8,192.9,267.0,19.67,1.846
354,400.8,192.5,267.0,19.67,1.846
354,400.8,192.1,267.0,19.67,1.846
354,400.8,194.6,267.0,19.67,1.846
354,400.8,194.1,267.0,19.67,1.846
354,400.8,193.7,267.0,19.67,1.846
354,400.8,193.2,267.0,19.67,1.846
354,400.8,192.8,267.0,19.67,1.846
354,400.8,192.3,267.0,19.67,1.846
354,400.8,191.9,267.0,19.35,1.846
354,400.8,191.5,267.0,19.35,1.732
354,400.8,191.0,267.0,19.35,1.732
354,400.8,190.6,267.0,19.35,1.732
354,400.8,193.1,267.0,19.67,1.732
354,400.8,192.6,267.0,19.67,1.846
354,400.8,192.2,267.0,19.67,1.846
354,400.8,194.7,267.0,19.67,1.846
354,400.8,194.2,267.0,19.67,1.846
354,400.8,193.8,267.0,19.67,1.846
354,400.8,193.4,267.0,19.67,1.846
354,400.8,192.9,267.0,19.67,1.846
354,400.8,192.5,267.0,19.67,1.846
354,400.8,192.0,267.0,19.67,1.846
354,400.8,194.5,267.0,19.67,1.846
354,400.8,194.1,267.0,19.67,1.846
354,400.8,193.7,267.0,19.67,1.846
354,400.8,193.2,267.0,19.67,1.846
354,400.8,192.8,267.0,19.67,1.846
354,400.8,192.3,267.0,19.67,1.846
354,400.8,191.9,267.0,19.35,1.846
354,400.8,191.4,267.0,19.35,1.732
354,400.8,191.0,267.0,19.35,1.732
354,400.8,190.6,267.0,19.35,1.732
354,400.8,193.1,267.0,19.67,1.732
354,400.8,192.6,267.0,19.67,1.846
354,400.8,192.2,267.0,19.67,1.846
354,400.8,194.7,267.0,19.67,1.846
354,400.8,194.2,267.0,19.67,1.846
354,400.8,193.8,267.0,19.67,1.846
354,400.8,193.3,267.0,19.67,1.846
354,400.8,192.9,267.0,19.67,1.846
354,400.8,192.5,267.0,19.67,1.846
354,400.8,192.0,267.0,19.67,1.846
354,400.8,194.5,267.0,19.67,1.846
354,400.8,194.1,267.0,19.67,1.846
354,400.8,193.6,267.0,19.67,1.846
354,400.8,193.2,267.0,19.67,1.846
354,400.8,192.7,267.0,19.67,1.846
354,400.8,192.3,267.0,19.67,1.846
360,427.4,199.2,264.4,18.81,1.304
360,420.8,198.8,263.9,19.00,0.831
360,418.1,198.3,267.0,19.56,0.794
360,415.1,197.8,267.0,19.56,1.704
360,412.2,197.4,267.0,19.56,1.704
360,409.3,196.9,267.0,19.56,1.704
360,406.4,196.4,267.0,19.67,1.704
360,406.4,196.0,267.0,19.67,1.846
360,406.4,195.5,267.0,19.67,1.846
360,406.4,195.1,267.0,19.67,1.846
360,406.4,194.6,267.0,19.67,1.846
360,406.4,194.2,267.0,19.67,1.846
360,406.4,193.8,267.0,19.67,1.846
360,406.4,193.3,267.0,19.67,1.846
360,406.4,192.9,267.0,19.67,1.846
360,406.4,192.4,267.0,19.67,1.846
360,406.4,192.0,267.0,19.35,1.846
360,406.4,191.5,267.0,19.35,1.732
360,406.4,191.1,267.0,19.35,1.732
360,406.4,190.7,267.0,19.35,1.732
360,406.4,193.2,267.0,19.67,1.732
360,406.4,192.7,267.0,19.67,1.846
360,406.4,192.3,267.0,19.67,1.846
360,406.4,191.8,267.0,19.35,1.846
360,406.4,191.4,267.0,19.35,1.732
360,406.4,190.9,267.0,19.35,1.732
360,406.4,190.5,267.0,19.35,1.732
360,406.4,193.0,267.0,19.67,1.732
360,406.4,192.6,267.0,19.67,1.846
360,406.4,192.1,267.0,19.67,1.846
360,406.4,194.6,267.0,19.67,1.846
360,406.4,194.2,267.0,19.67,1.846
360,406.4,193.7,267.0,19.67,1.846
360,406.4,193.3,267.0,19.67,1.846
360,406.4,192.8,267.0,19.67,1.846
360,406.4,192.4,267.0,19.67,1.846
360,406.4,191.9,267.0,19.35,1.846
360,406.4,191.5,267.0,19.35,1.732
360,406.4,191.1,267.0,19.35,1.732
360,406.4,190.6,267.0,19.35,1.732
360,406.4,193.1,267.0,19.67,1.732
360,406.4,192.7,267.0,19.67,1.846
360,406.4,192.2,267.0,19.67,1.846
360,406.4,191.8,267.0,19.35,1.846
360,406.4,191.3,267.0,19.35,1.732
360,406.4,190.9,267.0,19.35,1.732
360,406.4,190.5,267.0,19.35,1.732
360,406.4,193.0,267.0,19.67,1.732
360,406.4,192.5,267.0,19.67,1.846
360,406.4,192.1,267.0,19.67,1.846
360,406.4,194.6,267.0,19.67,1.846
360,406.4,194.1,267.0,19.67,1.846
360,406.4,193.7,267.0,19.67,1.846
360,406.4,193.2,267.0,19.67,1.846
360,406.4,192.8,267.0,19.67,1.846
360,406.4,192.4,267.0,19.67,1.846
360,406.4,191.9,267.0,19.35,1.846
360,406.4,191.5,267.0,19.35,1.732
360,406.4,191.0,267.0,19.35,1.732
360,406.4,190.6,267.0,19.35,1.732
360,406.4,193.1,267.0,19.67,1.732
360,406.4,192.7,267.0,19.67,1.846
360,406.4,192.2,267.0,19.67,1.846
360,406.4,194.7,267.0,19.67,1.846
360,406.4,194.3,267.0,19.67,1.846
360,406.4,193.8,267.0,19.67,1.846
360,406.4,193.4,267.0,19.67,1.846
360,406.4,192.9,267.0,19.67,1.846
360,406.4,192.5,267.0,19.67,1.846
360,406.4,192.1,267.0,19.67,1.846
360,406.4,194.6,267.0,19.67,1.846
360,406.4,194.1,267.0,19.67,1.846
360,406.4,193.7,267.0,19.67,1.846
360,406.4,193.2,267.0,19.67,1.846
360,406.4,192.8,267.0,19.67,1.846
360,406.4,192.3,267.0,19.67,1.846
360,406.4,191.9,267.0,19.35,1.846
360,406.4,191.5,267.0,19.35,1.732
360,406.4,191.0,267.0,19.35,1.732
360,406.4,190.6,267.0,19.35,1.732
360,406.4,193.1,267.0,19.67,1.732
360,406.4,192.6,267.0,19.67,1.846
360,406.4,192.2,267.0,19.67,1.846
360,406.4,194.7,267.0,19.67,1.846
360,406.4,194.2,267.0,19.67,1.846
360,406.4,193.8,267.0,19.67,1.846
360,406.4,193.3,267.0,19.67,1.846
360,406.4,192.9,267.0,19.67,1.846
360,406.4,192.5,267.0,19.67,1.846
360,406.4,192.0,267.0,19.67,1.846
360,406.4,194.5,267.0,19.67,1.846
360,406.4,194.1,267.0,19.67,1.846
360,406.4,193.6,267.0,19.67,1.846
360,406.4,193.2,267.0,19.67,1.846
360,406.4,192.8,267.0,19.67,1.846
360,406.4,192.3,267.0,19.67,1.846
360,406.4,191.9,267.0,19.35,1.846
360,406.4,191.4,267.0,19.35,1.732
360,406.4,191.0,267.0,19.35,1.732
360,406.4,190.5,267.0,19.35,1.732
360,406.4,193.0,267.0,19.67,1.732
360,406.4,192.6,267.0,19.67,1.846
360,406.4,192.2,267.0,19.67,1.846
360,406.4,194.7,267.0,19.67,1.846
360,406.4,194.2,267.0,19.67,1.846
360,406.4,193.8,267.0,19.67,1.846
360,406.4,193.3,267.0,19.67,1.846
360,406.4,192.9,267.0,19.67,1.846
360,406.4,192.4,267.0,19.67,1.846
360,406.4,192.0,267.0,19.67,1.846
360,406.4,191.6,267.0,19.35,1.732
360,406.4,191.1,267.0,19.35,1.732
360,406.4,190.7,267.0,19.35,1.732
360,406.4,193.2,267.0,19.67,1.732
360,406.4,192.7,267.0,19.67,1.846
360,406.4,192.3,267.0,19.67,1.846
360,406.4,191.8,267.0,19.35,1.846
360,406.4,191.4,267.0,19.35,1.732
360,406.4,190.9,267.0,19.35,1.732
360,406.4,190.5,267.0,19.35,1.732
360,406.4,193.0,267.0,19.67,1.732
360,406.4,192.6,267.0,19.67,1.846
360,406.4,192.1,267.0,19.67,1.846
360,406.4,194.6,267.0,19.67,1.846
360,406.4,194.2,267.0,19.67,1.846
360,406.4,193.7,267.0,19.67,1.846
360,406.4,193.3,267.0,19.67,1.846
360,406.4,192.9,267.0,19.67,1.846
360,406.4,192.4,267.0,19.67,1.846
360,406.4,192.0,267.0,19.35,1.846
360,406.4,191.5,267.0,19.35,1.732
360,406.4,191.1,267.0,19.35,1.732
360,406.4,190.6,267.0,19.35,1.732
360,406.4,193.1,267.0,19.67,1.732
360,406.4,192.7,267.0,19.67,1.846
360,406.4,192.3,267.0,19.67,1.846
360,406.4,191.8,267.0,19.35,1.846
360,406.4,191.4,267.0,19.35,1.732
360,406.4,190.9,267.0,19.35,1.732
360,406.4,190.5,267.0,19.35,1.732
360,406.4,193.0,267.0,19.67,1.732
360,406.4,192.5,267.0,19.67,1.846
360,406.4,192.1,267.0,19.67,1.846
360,406.4,194.6,267.0,19.67,1.846
360,406.4,194.2,267.0,19.67,1.846
360,406.4,193.7,267.0,19.67,1.846
360,406.4,193.3,267.0,19.67,1.846
360,406.4,192.8,267.0,19.67,1.846
360,406.4,192.4,267.0,19.67,1.846
360,406.4,191.9,267.0,19.35,1.846
360,406.4,191.5,267.0,19.35,1.732
360,406.4,191.1,267.0,19.35,1.732
360,406.4,190.6,267.0,19.35,1.732
360,406.4,193.1,267.0,19.67,1.732
360,406.4,192.7,267.0,19.67,1.846
360,406.4,192.2,267.0,19.67,1.846
360,406.4,191.8,267.0,19.35,1.846
360,406.4,191.3,267.0,19.35,1.732
360,406.4,190.9,267.0,19.35,1.732
360,406.4,190.5,267.0,19.35,1.732
366,450.3,207.2,260.0,21.47,0.831
366,447.3,206.4,255.0,21.47,0.736
366,444.3,205.7,250.0,22.11,0.736
366,440.1,204.7,244.4,19.88,0.560
366,435.9,203.8,238.9,20.92,0.876
366,433.4,203.3,234.8,20.92,0.608
366,430.9,202.8,230.6,20.34,0.608
366,428.2,202.3,227.4,20.61,0.533
366,426.2,201.8,223.7,20.61,0.520
366,424.3,201.3,220.1,20.61,0.520
366,422.4,200.7,216.4,20.61,0.520
366,421.1,200.2,212.4,20.80,0.520
366,419.9,199.7,208.4,20.47,0.528
366,419.5,199.3,205.0,20.47,0.528
366,419.2,199.0,200.9,20.53,0.437
366,419.0,198.7,196.7,20.53,0.521
366,418.8,198.3,192.6,20.53,0.521
366,418.7,198.0,187.9,20.59,0.521
366,418.6,197.7,183.3,20.59,0.577
366,418.4,197.3,178.7,20.64,0.577
366,418.4,197.0,173.6,20.64,0.643
366,418.4,196.7,168.5,20.64,0.643
366,418.4,196.3,163.2,20.67,0.643
366,418.5,196.0,157.9,20.67,0.664
366,418.5,195.6,152.4,20.70,0.664
366,418.6,195.2,147.0,20.70,0.681
366,418.6,194.9,141.6,20.73,0.681
366,418.6,194.5,136.0,20.73,0.695
366,418.7,194.1,130.4,20.78,0.695
366,418.7,193.8,124.8,20.78,0.707
366,418.8,193.4,119.2,20.83,0.707
366,418.9,193.0,113.4,20.83,0.723
366,418.9,192.6,107.6,20.86,0.723
366,419.0,192.1,101.8,20.86,0.729
366,419.1,191.8,95.8,20.66,0.729
366,419.1,191.4,89.7,20.66,0.764
366,419.2,191.0,83.6,20.67,0.764
366,419.3,190.6,77.5,20.67,0.765
366,419.4,190.2,71.4,20.69,0.765
366,419.5,189.9,65.3,20.69,0.760
366,419.7,189.5,59.2,20.69,0.760
366,419.9,189.2,53.5,20.69,0.715
366,420.4,188.6,49.3,21.54,0.530
366,421.3,188.1,45.4,21.45,0.530
366,422.2,187.7,41.4,21.45,0.510
366,423.1,187.2,37.5,21.45,0.510
366,424.5,186.8,34.0,21.33,0.510
366,425.9,186.5,30.4,21.33,0.476
366,427.3,186.1,26.9,21.33,0.476
366,428.7,185.8,23.4,21.16,0.476
366,430.7,185.7,20.6,21.16,0.430
366,432.8,185.6,17.9,21.73,0.430
366,435.2,185.4,15.8,21.73,0.405
366,437.7,185.2,13.7,21.73,0.405
366,440.1,185.1,11.5,21.27,0.405
366,443.6,185.3,10.1,21.27,0.471
366,447.4,185.4,9.0,21.45,0.471
366,451.2,185.5,7.9,21.45,0.495
366,455.0,185.7,6.8,21.45,0.495
366,458.9,185.8,5.9,21.60,0.495
366,462.8,185.9,5.1,21.60,0.499
366,466.7,186.0,4.3,21.60,0.499
366,470.6,186.0,3.6,21.73,0.499
366,474.4,186.1,3.0,21.73,0.489
366,478.3,186.2,3.0,21.73,0.489
366,481.9,186.2,3.0,21.90,0.489
366,485.4,186.3,3.0,21.90,0.449
366,489.0,186.3,3.0,21.90,0.449
366,492.6,186.3,3.0,22.05,0.449
366,496.0,186.4,3.0,22.05,0.427
366,499.4,186.4,3.0,22.05,0.427
366,502.8,186.4,3.0,22.05,0.427
366,506.0,186.5,3.0,22.14,0.427
366,509.2,186.5,3.0,22.14,0.405
366,512.5,186.5,3.0,22.14,0.405
366,515.7,186.5,3.0,22.14,0.405
366,518.8,186.5,3.0,22.23,0.405
366,521.8,186.5,3.0,22.23,0.384
366,524.9,186.5,3.0,22.23,0.384
366,527.9,186.5,3.0,22.23,0.384
366,530.9,186.5,3.0,22.31,0.364
366,533.8,186.5,3.0,22.31,0.364
366,536.7,186.5,3.0,22.31,0.364
366,539.6,186.5,3.0,22.31,0.364
366,542.2,186.5,3.0,22.42,0.364
366,544.8,186.4,3.0,22.42,0.328
366,547.4,186.4,3.0,22.42,0.328
366,550.0,186.4,3.0,22.42,0.328
366,552.7,186.3,3.0,22.53,0.328
366,555.1,186.3,3.0,22.53,0.311
366,557.6,186.2,3.0,22.53,0.311
366,560.1,186.2,3.0,22.53,0.311
366,562.6,186.2,3.0,22.53,0.311
366,565.0,186.1,3.0,22.60,0.311
366,567.3,186.1,3.0,22.60,0.295
366,569.7,186.0,3.0,22.60,0.295
366,572.1,185.9,3.0,22.60,0.295
366,574.4,185.9,3.0,22.60,0.295
366,576.8,185.8,3.0,22.68,0.295
366,579.0,185.7,3.0,22.68,0.278
366,581.2,185.5,3.0,22.68,0.278
366,583.4,185.4,3.0,22.68,0.278
366,585.7,185.2,3.0,22.68,0.278
366,587.9,185.1,3.0,22.68,0.278
366,590.0,185.0,3.0,22.77,0.262
366,592.1,184.9,3.0,22.77,0.262
366,594.2,184.8,3.0,22.77,0.262
366,596.3,184.7,3.0,22.77,0.262
366,598.4,184.6,3.0,22.77,0.262
366,600.5,184.5,3.0,22.83,0.262
366,602.4,184.3,3.0,22.83,0.246
366,604.4,184.1,3.0,22.83,0.246
366,606.3,184.0,3.0,22.83,0.246
366,608.3,183.8,3.0,22.83,0.246
366,610.2,183.7,3.0,22.83,0.246
366,612.2,183.5,3.0,22.92,0.246
366,614.1,183.4,3.0,22.92,0.232
366,615.9,183.3,3.0,22.92,0.232
366,617.8,183.2,3.0,22.92,0.232
366,619.6,183.0,3.0,22.92,0.232
366,621.5,182.9,3.0,22.92,0.232
366,623.3,182.8,3.0,22.92,0.232
366,625.1,182.6,3.0,22.95,0.232
366,627.0,182.4,3.0,22.95,0.230
366,628.8,182.2,3.0,22.95,0.230
366,630.6,182.0,3.0,22.95,0.230
366,632.5,181.8,3.0,22.95,0.230
366,634.3,181.6,3.0,22.95,0.230
366,636.1,181.4,3.0,23.04,0.230
366,637.8,181.3,3.0,23.04,0.205
366,639.4,181.2,3.0,23.04,0.205
366,641.0,181.1,3.0,23.04,0.205
366,642.7,181.0,3.0,23.04,0.205
366,644.3,180.9,3.0,23.04,0.205
366,646.0,180.8,3.0,23.04,0.205
366,647.6,180.7,3.0,23.04,0.205
366,649.2,180.5,3.0,23.10,0.205
366,650.8,180.3,3.1,23.10,0.204
366,652.5,180.2,3.1,23.10,0.204
366,654.1,180.0,3.1,23.10,0.204
366,655.8,179.8,3.1,23.04,0.204
366,657.4,179.5,3.1,23.04,0.213
366,659.1,179.3,3.1,23.04,0.213
366,660.7,179.1,3.1,23.13,0.213
366,662.3,178.9,3.1,23.13,0.202
366,663.9,178.7,3.1,23.13,0.202
366,665.5,178.5,3.1,23.13,0.202
366,667.1,178.3,3.2,23.13,0.202
366,668.8,178.1,3.2,23.13,0.202
366,670.4,177.9,3.2,23.13,0.202
366,672.0,177.7,3.2,23.13,0.202
366,673.5,177.6,3.2,23.18,0.192
366,675.0,177.4,3.2,23.18,0.192
366,676.6,177.3,3.2,23.18,0.192
366,678.1,177.2,3.2,23.18,0.192
366,679.6,177.0,3.2,23.18,0.192
366,681.1,176.9,3.2,23.18,0.192
366,682.7,176.7,3.2,23.18,0.192
366,684.2,176.6,3.2,23.23,0.192
366,685.6,176.5,3.2,23.23,0.183
372,449.3,217.6,259.9,21.43,0.804
372,446.8,216.7,254.8,21.43,0.718
372,444.3,215.8,249.7,22.11,0.718
372,440.1,214.9,244.2,19.88,0.560
372,435.9,213.9,238.6,20.83,0.876
372,433.6,213.2,234.2,20.83,0.630
372,431.2,212.4,229.8,20.53,0.630
372,428.8,211.6,226.8,20.76,0.502
372,427.2,210.9,223.2,20.76,0.501
372,425.5,210.2,219.6,20.76,0.501
372,423.9,209.6,215.9,20.92,0.501
372,422.8,209.0,212.0,20.92,0.516
372,421.7,208.3,208.1,20.92,0.516
372,420.7,207.8,204.1,20.92,0.516
372,419.9,207.2,200.0,20.72,0.516
372,419.8,206.6,195.9,20.72,0.531
372,419.7,206.0,191.8,20.81,0.514
372,419.7,205.4,187.4,20.81,0.564
372,419.7,204.9,182.9,20.81,0.564
372,419.7,204.4,178.4,20.88,0.564
372,419.7,203.9,173.5,20.64,0.620
372,419.7,203.5,168.3,20.64,0.643
372,419.7,203.2,163.0,20.67,0.643
372,419.7,202.8,157.7,20.67,0.664
372,419.8,202.5,152.3,20.70,0.664
372,419.8,202.1,146.8,20.70,0.681
372,419.9,201.8,141.4,20.73,0.681
372,419.9,201.4,135.9,20.73,0.562
372,420.0,201.0,130.3,20.78,0.562
372,419.8,200.4,125.9,20.78,0.561
372,419.8,200.1,120.2,20.78,0.707
372,419.9,199.6,114.5,20.83,0.561
372,419.8,199.1,110.0,20.83,0.559
372,419.7,198.5,105.6,20.86,0.723
372,419.8,198.1,99.8,20.86,0.729
372,419.7,197.5,95.4,20.90,0.729
372,419.8,197.1,89.5,20.90,0.732
372,419.8,196.5,85.1,20.90,0.732
372,419.9,196.1,79.3,20.93,0.732
372,419.9,195.5,74.9,20.93,0.554
372,419.9,194.9,70.5,20.97,0.554
372,420.0,194.4,66.1,20.97,0.551
372,420.1,193.8,61.8,21.61,0.551
372,420.5,193.4,57.5,21.59,0.551
372,421.0,193.0,53.3,21.59,0.534
372,421.5,192.6,49.1,21.59,0.534
372,422.3,192.3,45.1,21.54,0.534
372,423.1,192.0,41.1,21.54,0.511
372,424.0,191.5,37.1,21.45,0.511
372,425.4,191.2,33.6,21.33,0.510
372,426.8,190.8,30.1,21.33,0.476
372,428.2,190.5,26.6,21.33,0.476
372,429.6,190.2,23.0,21.16,0.476
372,431.7,190.1,20.3,21.16,0.430
372,434.1,189.9,18.2,21.73,0.430
372,436.6,189.7,16.1,21.73,0.405
372,439.0,189.5,13.9,21.73,0.405
372,441.4,189.3,11.8,21.27,0.405
372,444.9,189.5,10.4,21.45,0.471
372,448.7,189.7,9.3,21.45,0.495
372,452.5,189.8,8.2,21.45,0.495
372,456.3,189.9,7.1,21.60,0.495
372,460.2,190.1,6.2,21.60,0.499
372,464.1,190.1,5.4,21.60,0.499
372,468.0,190.2,4.6,21.73,0.499
372,471.9,190.3,3.9,21.73,0.489
372,475.8,190.4,3.3,21.73,0.489
372,479.6,190.5,3.0,21.73,0.489
372,483.2,190.5,3.0,21.90,0.489
372,486.8,190.5,3.0,21.90,0.449
372,490.3,190.6,3.0,21.90,0.449
372,493.7,190.6,3.0,22.05,0.449
372,497.1,190.6,3.0,22.05,0.427
372,500.5,190.7,3.0,22.05,0.427
372,503.9,190.7,3.0,22.05,0.427
372,507.2,190.7,3.0,22.14,0.405
372,510.4,190.7,3.0,22.14,0.405
372,513.6,190.7,3.0,22.14,0.405
372,516.8,190.8,3.0,22.23,0.405
372,519.9,190.8,3.0,22.23,0.384
372,523.0,190.8,3.0,22.23,0.384
372,526.0,190.8,3.0,22.23,0.384
372,529.1,190.8,3.0,22.31,0.384
372,532.0,190.8,3.0,22.31,0.364
372,534.9,190.8,3.0,22.31,0.364
372,537.8,190.8,3.0,22.31,0.364
372,540.7,190.8,3.0,22.42,0.364
372,543.3,190.7,3.0,22.42,0.328
372,546.0,190.7,3.0,22.42,0.328
372,548.6,190.7,3.0,22.42,0.328
372,551.2,190.6,3.0,22.42,0.328
372,553.7,190.6,3.0,22.53,0.328
372,556.2,190.5,3.0,22.53,0.311
372,558.6,190.5,3.0,22.53,0.311
372,561.1,190.5,3.0,22.53,0.311
372,563.6,190.4,3.0,22.53,0.311
372,566.0,190.3,3.0,22.60,0.311
372,568.3,190.3,3.0,22.60,0.295
372,570.7,190.2,3.0,22.60,0.295
372,573.1,190.2,3.0,22.60,0.295
372,575.4,190.1,3.0,22.60,0.295
372,577.6,190.0,3.0,22.68,0.295
372,579.9,189.8,3.0,22.68,0.278
372,582.1,189.7,3.0,22.68,0.278
372,584.3,189.5,3.0,22.68,0.278
372,586.5,189.4,3.0,22.68,0.278
372,588.7,189.3,3.0,22.77,0.278
372,590.8,189.2,3.0,22.77,0.262
372,592.9,189.1,3.0,22.77,0.262
372,595.0,188.9,3.0,22.77,0.262
372,597.1,188.8,3.0,22.77,0.262
372,599.2,188.7,3.0,22.77,0.262
372,601.2,188.6,3.0,22.83,0.262
372,603.1,188.4,3.0,22.83,0.246
372,605.1,188.3,3.0,22.83,0.246
372,607.0,188.1,3.0,22.83,0.246
372,609.0,187.9,3.0,22.83,0.246
372,611.0,187.8,3.0,22.83,0.246
372,612.8,187.7,3.0,22.92,0.246
372,614.7,187.5,3.0,22.92,0.232
372,616.5,187.4,3.0,22.92,0.232
372,618.4,187.3,3.0,22.92,0.232
372,620.2,187.2,3.0,22.92,0.232
372,622.1,187.1,3.0,22.92,0.232
372,623.9,186.9,3.0,22.92,0.232
372,625.8,186.7,3.0,22.95,0.230
372,627.6,186.5,3.0,22.95,0.230
372,629.4,186.3,3.0,22.95,0.230
372,631.2,186.2,3.0,22.95,0.230
372,633.1,186.0,3.0,22.95,0.230
372,634.9,185.8,3.0,22.95,0.230
372,636.7,185.6,3.0,23.04,0.230
372,638.4,185.5,3.0,23.04,0.205
372,640.0,185.3,3.0,23.04,0.205
372,641.7,185.2,3.0,23.04,0.205
372,643.3,185.1,3.0,23.04,0.205
372,644.9,185.0,3.0,23.04,0.205
372,646.6,184.9,3.0,23.04,0.205
372,648.2,184.8,3.0,23.10,0.205
372,649.8,184.6,3.0,23.10,0.204
372,651.5,184.5,3.1,23.10,0.204
372,653.1,184.3,3.1,23.10,0.204
372,654.7,184.2,3.1,23.10,0.204
372,656.3,184.0,3.1,23.10,0.204
372,657.9,183.8,3.1,23.10,0.204
372,659.6,183.7,3.1,23.10,0.204
372,661.1,183.6,3.1,23.15,0.204
372,662.6,183.5,3.1,23.15,0.193
372,664.2,183.3,3.1,23.15,0.193
372,665.7,183.2,3.1,23.15,0.193
372,667.3,183.1,3.1,23.15,0.193
372,668.8,183.0,3.1,23.15,0.193
372,670.3,182.9,3.1,23.15,0.193
372,671.9,182.8,3.1,23.15,0.193
372,673.4,182.7,3.1,23.21,0.184
372,674.8,182.7,3.1,23.21,0.184
372,676.3,182.6,3.1,23.21,0.184
372,677.8,182.5,3.2,23.21,0.184
372,679.2,182.5,3.2,23.21,0.184
372,680.7,182.4,3.2,23.21,0.184
378,376.1,181.6,267.0,19.89,0.991
378,381.1,184.0,267.0,19.89,1.252
378,386.1,186.4,267.0,19.60,1.252
378,389.0,188.8,267.0,19.60,1.623
378,391.9,191.3,267.0,19.60,1.623
378,394.8,190.8,267.0,19.60,1.623
378,394.8,190.4,267.0,19.60,1.623
378,394.8,192.9,267.0,19.56,1.623
378,394.8,192.4,267.0,19.56,1.704
378,394.8,192.0,267.0,19.56,1.704
378,394.8,191.6,267.0,19.60,1.623
378,394.8,191.1,267.0,19.60,1.623
378,394.8,190.7,267.0,19.60,1.623
378,394.8,193.2,267.0,19.56,1.623
378,394.8,192.7,267.0,19.56,1.704
378,394.8,192.3,267.0,19.56,1.704
378,394.8,191.8,267.0,19.60,1.704
378,394.8,191.4,267.0,19.60,1.623
378,394.8,191.0,267.0,19.60,1.623
378,394.8,190.5,267.0,19.60,1.623
378,394.8,193.0,267.0,19.56,1.623
378,394.8,192.6,267.0,19.56,1.704
378,394.8,192.1,267.0,19.56,1.704
378,394.8,194.6,267.0,19.56,1.704
378,394.8,194.2,267.0,19.56,1.704
378,394.8,193.8,267.0,19.56,1.704
378,394.8,193.3,267.0,19.56,1.704
378,394.8,192.9,267.0,19.56,1.704
378,394.8,192.4,267.0,19.56,1.704
378,394.8,192.0,267.0,19.60,1.704
378,394.8,191.5,267.0,19.60,1.623
378,394.8,191.1,267.0,19.60,1.623
378,394.8,190.6,267.0,19.60,1.623
378,394.8,193.2,267.0,19.56,1.623
378,394.8,192.7,267.0,19.56,1.704
378,394.8,192.3,267.0,19.56,1.704
378,394.8,191.8,267.0,19.60,1.704
378,394.8,191.4,267.0,19.60,1.623
378,394.8,190.9,267.0,19.60,1.623
378,394.8,190.5,267.0,19.60,1.623
378,394.8,193.0,267.0,19.56,1.623
378,394.8,192.6,267.0,19.56,1.704
378,394.8,192.1,267.0,19.56,1.704
378,394.8,194.6,267.0,19.56,1.704
378,394.8,194.2,267.0,19.56,1.704
378,394.8,193.7,267.0,19.56,1.704
378,394.8,193.3,267.0,19.56,1.704
378,394.8,192.8,267.0,19.56,1.704
378,394.8,192.4,267.0,19.56,1.704
378,394.8,191.9,267.0,19.60,1.704
378,394.8,191.5,267.0,19.60,1.623
378,394.8,191.1,267.0,19.60,1.623
378,394.8,190.6,267.0,19.60,1.623
378,394.8,193.1,267.0,19.56,1.623
378,394.8,192.7,267.0,19.56,1.704
378,394.8,192.2,267.0,19.56,1.704
378,394.8,194.7,267.0,19.56,1.704
378,394.8,194.3,267.0,19.56,1.704
378,394.8,193.8,267.0,19.56,1.704
378,394.8,193.4,267.0,19.56,1.704
378,394.8,193.0,267.0,19.56,1.704
378,394.8,192.5,267.0,19.56,1.704
378,394.8,192.1,267.0,19.56,1.704
378,394.8,194.6,267.0,19.56,1.704
378,394.8,194.1,267.0,19.56,1.704
378,394.8,193.7,267.0,19.56,1.704
378,394.8,193.2,267.0,19.56,1.704
378,394.8,192.8,267.0,19.56,1.704
378,394.8,192.4,267.0,19.56,1.704
378,394.8,191.9,267.0,19.60,1.704
378,394.8,191.5,267.0,19.60,1.623
378,394.8,191.0,267.0,19.60,1.623
378,394.8,190.6,267.0,19.60,1.623
378,394.8,193.1,267.0,19.56,1.623
378,394.8,192.7,267.0,19.56,1.704
378,394.8,192.2,267.0,19.56,1.704
378,394.8,194.7,267.0,19.56,1.704
378,394.8,194.3,267.0,19.56,1.704
378,394.8,193.8,267.0,19.56,1.704
378,394.8,193.4,267.0,19.56,1.704
378,394.8,192.9,267.0,19.56,1.704
378,394.8,192.5,267.0,19.56,1.704
378,394.8,192.1,267.0,19.56,1.704
378,394.8,194.6,267.0,19.56,1.704
378,394.8,194.1,267.0,19.56,1.704
378,394.8,193.7,267.0,19.56,1.704
378,394.8,193.2,267.0,19.56,1.704
378,394.8,192.8,267.0,19.56,1.704
378,394.8,192.3,267.0,19.56,1.704
378,394.8,191.9,267.0,19.60,1.704
378,394.8,191.5,267.0,19.60,1.623
378,394.8,191.0,267.0,19.60,1.623
378,394.8,190.6,267.0,19.60,1.623
378,394.8,193.1,267.0,19.56,1.623
378,394.8,192.6,267.0,19.56,1.704
378,394.8,192.2,267.0,19.56,1.704
378,394.8,194.7,267.0,19.56,1.704
378,394.8,194.2,267.0,19.56,1.704
378,394.8,193.8,267.0,19.56,1.704
378,394.8,193.3,267.0,19.56,1.704
378,394.8,192.9,267.0,19.56,1.704
378,394.8,192.5,267.0,19.56,1.704
378,394.8,192.0,267.0,19.56,1.704
378,394.8,194.5,267.0,19.56,1.704
378,394.8,194.1,267.0,19.56,1.704
378,394.8,193.6,267.0,19.56,1.704
378,394.8,193.2,267.0,19.56,1.704
378,394.8,192.8,267.0,19.56,1.704
378,394.8,192.3,267.0,19.56,1.704
378,394.8,191.9,267.0,19.60,1.704
378,394.8,191.4,267.0,19.60,1.623
378,394.8,191.0,267.0,19.60,1.623
378,394.8,190.5,267.0,19.60,1.623
378,394.8,193.0,267.0,19.56,1.623
378,394.8,192.6,267.0,19.56,1.704
378,394.8,192.2,267.0,19.56,1.704
378,394.8,194.6,267.0,19.56,1.704
378,394.8,194.2,267.0,19.56,1.704
378,394.8,193.8,267.0,19.56,1.704
378,394.8,193.3,267.0,19.56,1.704
378,394.8,192.9,267.0,19.56,1.704
378,394.8,192.4,267.0,19.56,1.704
378,394.8,192.0,267.0,19.60,1.704
378,394.8,191.6,267.0,19.60,1.623
378,394.8,191.1,267.0,19.60,1.623
378,394.8,190.7,267.0,19.60,1.623
378,394.8,193.2,267.0,19.56,1.623
378,394.8,192.7,267.0,19.56,1.704
378,394.8,192.3,267.0,19.56,1.704
378,394.8,191.8,267.0,19.60,1.704
378,394.8,191.4,267.0,19.60,1.623
378,394.8,190.9,267.0,19.60,1.623
378,394.8,190.5,267.0,19.60,1.623
378,394.8,193.0,267.0,19.56,1.623
378,394.8,192.6,267.0,19.56,1.704
378,394.8,192.1,267.0,19.56,1.704
378,394.8,194.6,267.0,19.56,1.704
378,394.8,194.2,267.0,19.56,1.704
378,394.8,193.7,267.0,19.56,1.704
378,394.8,193.3,267.0,19.56,1.704
378,394.8,192.9,267.0,19.56,1.704
378,394.8,192.4,267.0,19.56,1.704
378,394.8,192.0,267.0,19.60,1.704
378,394.8,191.5,267.0,19.60,1.623
378,394.8,191.1,267.0,19.60,1.623
378,394.8,190.6,267.0,19.60,1.623
378,394.8,193.1,267.0,19.56,1.623
378,394.8,192.7,267.0,19.56,1.704
378,394.8,192.2,267.0,19.56,1.704
378,394.8,191.8,267.0,19.60,1.704
378,394.8,191.4,267.0,19.60,1.623
378,394.8,190.9,267.0,19.60,1.623
378,394.8,190.5,267.0,19.60,1.623
378,394.8,193.0,267.0,19.56,1.623
378,394.8,192.5,267.0,19.56,1.704
378,394.8,192.1,267.0,19.56,1.704
378,394.8,194.6,267.0,19.56,1.704
378,394.8,194.2,267.0,19.56,1.704
378,394.8,193.7,267.0,19.56,1.704
378,394.8,193.3,267.0,19.56,1.704
384,368.2,202.2,264.4,18.19,0.831
384,374.8,201.8,263.9,19.27,0.831
384,379.8,201.3,267.0,19.15,1.014
384,384.8,200.8,267.0,19.56,1.261
384,387.7,200.3,267.0,19.56,1.704
384,390.6,199.8,267.0,19.56,1.704
384,393.5,199.3,267.0,19.56,1.704
384,396.4,198.9,267.0,19.67,1.704
384,396.4,198.4,267.0,19.67,1.846
384,396.4,198.0,267.0,19.67,1.846
384,396.4,197.5,267.0,19.67,1.846
384,396.4,197.1,267.0,19.67,1.846
384,396.4,196.6,267.0,19.67,1.846
384,396.4,196.2,267.0,19.67,1.846
384,396.4,195.8,267.0,19.67,1.846
384,396.4,195.3,267.0,19.67,1.846
384,396.4,194.9,267.0,19.67,1.846
384,396.4,194.4,267.0,19.67,1.846
384,396.4,194.0,267.0,19.67,1.846
384,396.4,193.6,267.0,19.67,1.846
384,396.4,193.1,267.0,19.67,1.846
384,396.4,192.7,267.0,19.67,1.846
384,396.4,192.2,267.0,19.67,1.846
384,396.4,194.7,267.0,19.67,1.846
384,396.4,194.3,267.0,19.67,1.846
384,396.4,193.8,267.0,19.67,1.846
384,396.4,193.4,267.0,19.67,1.846
384,396.4,192.9,267.0,19.67,1.846
384,396.4,192.5,267.0,19.67,1.846
384,396.4,192.1,267.0,19.67,1.846
384,396.4,194.6,267.0,19.67,1.846
384,396.4,194.1,267.0,19.67,1.846
384,396.4,193.7,267.0,19.67,1.846
384,396.4,193.2,267.0,19.67,1.846
384,396.4,192.8,267.0,19.67,1.846
384,396.4,192.3,267.0,19.67,1.846
384,396.4,191.9,267.0,19.35,1.846
384,396.4,191.5,267.0,19.35,1.732
384,396.4,191.0,267.0,19.35,1.732
384,396.4,190.6,267.0,19.35,1.732
384,396.4,193.1,267.0,19.67,1.732
384,396.4,192.6,267.0,19.67,1.846
384,396.4,192.2,267.0,19.67,1.846
384,396.4,194.7,267.0,19.67,1.846
384,396.4,194.2,267.0,19.67,1.846
384,396.4,193.8,267.0,19.67,1.846
384,396.4,193.4,267.0,19.67,1.846
384,396.4,192.9,267.0,19.67,1.846
384,396.4,192.5,267.0,19.67,1.846
384,396.4,192.0,267.0,19.67,1.846
384,396.4,194.5,267.0,19.67,1.846
384,396.4,194.1,267.0,19.67,1.846
384,396.4,193.7,267.0,19.67,1.846
384,396.4,193.2,267.0,19.67,1.846
384,396.4,192.8,267.0,19.67,1.846
384,396.4,192.3,267.0,19.67,1.846
384,396.4,191.9,267.0,19.35,1.846
384,396.4,191.4,267.0,19.35,1.732
384,396.4,191.0,267.0,19.35,1.732
384,396.4,190.6,267.0,19.35,1.732
384,396.4,193.1,267.0,19.67,1.732
384,396.4,192.6,267.0,19.67,1.846
384,396.4,192.2,267.0,19.67,1.846
384,396.4,194.7,267.0,19.67,1.846
384,396.4,194.2,267.0,19.67,1.846
384,396.4,193.8,267.0,19.67,1.846
384,396.4,193.3,267.0,19.67,1.846
384,396.4,192.9,267.0,19.67,1.846
384,396.4,192.5,267.0,19.67,1.846
384,396.4,192.0,267.0,19.67,1.846
384,396.4,194.5,267.0,19.67,1.846
384,396.4,194.1,267.0,19.67,1.846
384,396.4,193.6,267.0,19.67,1.846
384,396.4,193.2,267.0,19.67,1.846
384,396.4,192.7,267.0,19.67,1.846
384,396.4,192.3,267.0,19.67,1.846
384,396.4,191.9,267.0,19.35,1.846
384,396.4,191.4,267.0,19.35,1.732
384,396.4,191.0,267.0,19.35,1.732
384,396.4,190.5,267.0,19.35,1.732
384,396.4,193.0,267.0,19.67,1.732
384,396.4,192.6,267.0,19.67,1.846
384,396.4,192.1,267.0,19.67,1.846
384,396.4,194.6,267.0,19.67,1.846
384,396.4,194.2,267.0,19.67,1.846
384,396.4,193.8,267.0,19.67,1.846
384,396.4,193.3,267.0,19.67,1.846
384,396.4,192.9,267.0,19.67,1.846
384,396.4,192.4,267.0,19.67,1.846
384,396.4,192.0,267.0,19.35,1.846
384,396.4,191.5,267.0,19.35,1.732
384,396.4,191.1,267.0,19.35,1.732
384,396.4,190.7,267.0,19.35,1.732
384,396.4,193.2,267.0,19.67,1.732
384,396.4,192.7,267.0,19.67,1.846
384,396.4,192.3,267.0,19.67,1.846
384,396.4,191.8,267.0,19.35,1.846
384,396.4,191.4,267.0,19.35,1.732
384,396.4,190.9,267.0,19.35,1.732
384,396.4,190.5,267.0,19.35,1.732
384,396.4,193.0,267.0,19.67,1.732
384,396.4,192.6,267.0,19.67,1.846
384,396.4,192.1,267.0,19.67,1.846
384,396.4,194.6,267.0,19.67,1.846
384,396.4,194.2,267.0,19.67,1.846
384,396.4,193.7,267.0,19.67,1.846
384,396.4,193.3,267.0,19.67,1.846
384,396.4,192.8,267.0,19.67,1.846
384,396.4,192.4,267.0,19.67,1.846
384,396.4,191.9,267.0,19.35,1.846
384,396.4,191.5,267.0,19.35,1.732
384,396.4,191.1,267.0,19.35,1.732
384,396.4,190.6,267.0,19.35,1.732
384,396.4,193.1,267.0,19.67,1.732
384,396.4,192.7,267.0,19.67,1.846
384,396.4,192.2,267.0,19.67,1.846
384,396.4,191.8,267.0,19.35,1.846
384,396.4,191.3,267.0,19.35,1.732
384,396.4,190.9,267.0,19.35,1.732
384,396.4,190.5,267.0,19.35,1.732
384,396.4,193.0,267.0,19.67,1.732
384,396.4,192.5,267.0,19.67,1.846
384,396.4,192.1,267.0,19.67,1.846
384,396.4,194.6,267.0,19.67,1.846
384,396.4,194.1,267.0,19.67,1.846
384,396.4,193.7,267.0,19.67,1.846
384,396.4,193.2,267.0,19.67,1.846
384,396.4,192.8,267.0,19.67,1.846
384,396.4,192.4,267.0,19.67,1.846
384,396.4,191.9,267.0,19.35,1.846
384,396.4,191.5,267.0,19.35,1.732
384,396.4,191.0,267.0,19.35,1.732
384,396.4,190.6,267.0,19.35,1.732
384,396.4,193.1,267.0,19.67,1.732
384,396.4,192.7,267.0,19.67,1.846
384,396.4,192.2,267.0,19.67,1.846
384,396.4,194.7,267.0,19.67,1.846
384,396.4,194.3,267.0,19.67,1.846
384,396.4,193.8,267.0,19.67,1.846
384,396.4,193.4,267.0,19.67,1.846
384,396.4,192.9,267.0,19.67,1.846
384,396.4,192.5,267.0,19.67,1.846
384,396.4,192.1,267.0,19.67,1.846
384,396.4,194.6,267.0,19.67,1.846
384,396.4,194.1,267.0,19.67,1.846
384,396.4,193.7,267.0,19.67,1.846
384,396.4,193.2,267.0,19.67,1.846
384,396.4,192.8,267.0,19.67,1.846
384,396.4,192.3,267.0,19.67,1.846
384,396.4,191.9,267.0,19.35,1.846
384,396.4,191.5,267.0,19.35,1.732
384,396.4,191.0,267.0,19.35,1.732
384,396.4,190.6,267.0,19.35,1.732
384,396.4,193.1,267.0,19.67,1.732
384,396.4,192.6,267.0,19.67,1.846
384,396.4,192.2,267.0,19.67,1.846
384,396.4,194.7,267.0,19.67,1.846
384,396.4,194.2,267.0,19.67,1.846
384,396.4,193.8,267.0,19.67,1.846
384,396.4,193.4,267.0,19.67,1.846
390,385.4,177.6,265.1,19.03,0.969
390,388.3,180.1,267.0,19.60,0.861
390,391.2,182.5,267.0,19.60,1.623
390,394.1,184.9,267.0,19.60,1.623
390,397.0,187.4,267.0,19.35,1.623
390,397.0,189.9,267.0,19.35,1.732
390,397.0,192.4,267.0,19.67,1.732
390,397.0,191.9,267.0,19.35,1.846
390,397.0,191.5,267.0,19.35,1.732
390,397.0,191.1,267.0,19.35,1.732
390,397.0,190.6,267.0,19.35,1.732
390,397.0,193.1,267.0,19.67,1.732
390,397.0,192.7,267.0,19.67,1.846
390,397.0,192.2,267.0,19.67,1.846
390,397.0,191.8,267.0,19.35,1.846
390,397.0,191.3,267.0,19.35,1.732
390,397.0,190.9,267.0,19.35,1.732
390,397.0,190.5,267.0,19.35,1.732
390,397.0,193.0,267.0,19.67,1.732
390,397.0,192.5,267.0,19.67,1.846
390,397.0,192.1,267.0,19.67,1.846
390,397.0,194.6,267.0,19.67,1.846
390,397.0,194.1,267.0,19.67,1.846
390,397.0,193.7,267.0,19.67,1.846
390,397.0,193.3,267.0,19.67,1.846
390,397.0,192.8,267.0,19.67,1.846
390,397.0,192.4,267.0,19.67,1.846
390,397.0,191.9,267.0,19.35,1.846
390,397.0,191.5,267.0,19.35,1.732
390,397.0,191.0,267.0,19.35,1.732
390,397.0,190.6,267.0,19.35,1.732
390,397.0,193.1,267.0,19.67,1.732
390,397.0,192.7,267.0,19.67,1.846
390,397.0,192.2,267.0,19.67,1.846
390,397.0,194.7,267.0,19.67,1.846
390,397.0,194.3,267.0,19.67,1.846
390,397.0,193.8,267.0,19.67,1.846
390,397.0,193.4,267.0,19.67,1.846
390,397.0,192.9,267.0,19.67,1.846
390,397.0,192.5,267.0,19.67,1.846
390,397.0,192.1,267.0,19.67,1.846
390,397.0,194.6,267.0,19.67,1.846
390,397.0,194.1,267.0,19.67,1.846
390,397.0,193.7,267.0,19.67,1.846
390,397.0,193.2,267.0,19.67,1.846
390,397.0,192.8,267.0,19.67,1.846
390,397.0,192.3,267.0,19.67,1.846
390,397.0,191.9,267.0,19.35,1.846
390,397.0,191.5,267.0,19.35,1.732
390,397.0,191.0,267.0,19.35,1.732
390,397.0,190.6,267.0,19.35,1.732
390,397.0,193.1,267.0,19.67,1.732
390,397.0,192.6,267.0,19.67,1.846
390,397.0,192.2,267.0,19.67,1.846
390,397.0,194.7,267.0,19.67,1.846
390,397.0,194.2,267.0,19.67,1.846
390,397.0,193.8,267.0,19.67,1.846
390,397.0,193.4,267.0,19.67,1.846
390,397.0,192.9,267.0,19.67,1.846
390,397.0,192.5,267.0,19.67,1.846
390,397.0,192.0,267.0,19.67,1.846
390,397.0,194.5,267.0,19.67,1.846
390,397.0,194.1,267.0,19.67,1.846
390,397.0,193.7,267.0,19.67,1.846
390,397.0,193.2,267.0,19.67,1.846
390,397.0,192.8,267.0,19.67,1.846
390,397.0,192.3,267.0,19.67,1.846
390,397.0,191.9,267.0,19.35,1.846
390,397.0,191.4,267.0,19.35,1.732
390,397.0,191.0,267.0,19.35,1.732
390,397.0,190.5,267.0,19.35,1.732
390,397.0,193.1,267.0,19.67,1.732
390,397.0,192.6,267.0,19.67,1.846
390,397.0,192.2,267.0,19.67,1.846
390,397.0,194.7,267.0,19.67,1.846
390,397.0,194.2,267.0,19.67,1.846
390,397.0,193.8,267.0,19.67,1.846
390,397.0,193.3,267.0,19.67,1.846
390,397.0,192.9,267.0,19.67,1.846
390,397.0,192.5,267.0,19.67,1.846
390,397.0,192.0,267.0,19.67,1.846
390,397.0,194.5,267.0,19.67,1.846
390,397.0,194.1,267.0,19.67,1.846
390,397.0,193.6,267.0,19.67,1.846
390,397.0,193.2,267.0,19.67,1.846
390,397.0,192.7,267.0,19.67,1.846
390,397.0,192.3,267.0,19.67,1.846
390,397.0,191.9,267.0,19.35,1.846
390,397.0,191.4,267.0,19.35,1.732
390,397.0,191.0,267.0,19.35,1.732
390,397.0,190.5,267.0,19.35,1.732
390,397.0,193.0,267.0,19.67,1.732
390,397.0,192.6,267.0,19.67,1.846
390,397.0,192.1,267.0,19.67,1.846
390,397.0,194.6,267.0,19.67,1.846
390,397.0,194.2,267.0,19.67,1.846
390,397.0,193.8,267.0,19.67,1.846
390,397.0,193.3,267.0,19.67,1.846
390,397.0,192.9,267.0,19.67,1.846
390,397.0,192.4,267.0,19.67,1.846
390,397.0,192.0,267.0,19.35,1.846
390,397.0,191.5,267.0,19.35,1.732
390,397.0,191.1,267.0,19.35,1.732
390,397.0,190.7,267.0,19.35,1.732
390,397.0,193.2,267.0,19.67,1.732
390,397.0,192.7,267.0,19.67,1.846
390,397.0,192.3,267.0,19.67,1.846
390,397.0,191.8,267.0,19.35,1.846
390,397.0,191.4,267.0,19.35,1.732
390,397.0,190.9,267.0,19.35,1.732
390,397.0,190.5,267.0,19.35,1.732
390,397.0,193.0,267.0,19.67,1.732
390,397.0,192.6,267.0,19.67,1.846
390,397.0,192.1,267.0,19.67,1.846
390,397.0,194.6,267.0,19.67,1.846
390,397.0,194.2,267.0,19.67,1.846
390,397.0,193.7,267.0,19.67,1.846
390,397.0,193.3,267.0,19.67,1.846
390,397.0,192.8,267.0,19.67,1.846
390,397.0,192.4,267.0,19.67,1.846
390,397.0,191.9,267.0,19.35,1.846
390,397.0,191.5,267.0,19.35,1.732
390,397.0,191.1,267.0,19.35,1.732
390,397.0,190.6,267.0,19.35,1.732
390,397.0,193.1,267.0,19.67,1.732
390,397.0,192.7,267.0,19.67,1.846
390,397.0,192.2,267.0,19.67,1.846
390,397.0,191.8,267.0,19.35,1.846
390,397.0,191.3,267.0,19.35,1.732
390,397.0,190.9,267.0,19.35,1.732
390,397.0,190.5,267.0,19.35,1.732
390,397.0,193.0,267.0,19.67,1.732
390,397.0,192.5,267.0,19.67,1.846
390,397.0,192.1,267.0,19.67,1.846
390,397.0,194.6,267.0,19.67,1.846
390,397.0,194.1,267.0,19.67,1.846
390,397.0,193.7,267.0,19.67,1.846
390,397.0,193.2,267.0,19.67,1.846
390,397.0,192.8,267.0,19.67,1.846
390,397.0,192.4,267.0,19.67,1.846
390,397.0,191.9,267.0,19.35,1.846
390,397.0,191.5,267.0,19.35,1.732
390,397.0,191.0,267.0,19.35,1.732
390,397.0,190.6,267.0,19.35,1.732
390,397.0,193.1,267.0,19.67,1.732
390,397.0,192.7,267.0,19.67,1.846
390,397.0,192.2,267.0,19.67,1.846
390,397.0,194.7,267.0,19.67,1.846
390,397.0,194.3,267.0,19.67,1.846
390,397.0,193.8,267.0,19.67,1.846
390,397.0,193.4,267.0,19.67,1.846
390,397.0,192.9,267.0,19.67,1.846
390,397.0,192.5,267.0,19.67,1.846
390,397.0,192.1,267.0,19.67,1.846
390,397.0,194.6,267.0,19.67,1.846
390,397.0,194.1,267.0,19.67,1.846
390,397.0,193.7,267.0,19.67,1.846
390,397.0,193.2,267.0,19.67,1.846
390,397.0,192.8,267.0,19.67,1.846
390,397.0,192.3,267.0,19.67,1.846
396,433.3,176.6,262.2,22.12,0.804
396,428.5,180.7,262.2,19.79,0.670
396,422.3,182.2,261.7,19.79,0.800
396,419.6,184.4,267.0,19.60,0.800
396,416.7,186.8,267.0,19.60,1.623
396,413.8,189.3,267.0,19.60,1.623
396,410.9,191.7,267.0,19.60,1.623
396,408.0,191.3,267.0,19.35,1.623
396,408.0,190.8,267.0,19.35,1.623
396,408.0,190.4,267.0,19.35,1.623
396,408.0,192.9,267.0,19.67,1.623
396,408.0,192.4,267.0,19.67,1.704
396,408.0,192.0,267.0,19.35,1.704
396,408.0,191.6,267.0,19.35,1.623
396,408.0,191.1,267.0,19.35,1.623
396,408.0,190.7,267.0,19.35,1.623
396,408.0,193.2,267.0,19.67,1.623
396,408.0,192.7,267.0,19.67,1.704
396,408.0,192.3,267.0,19.67,1.704
396,408.0,191.8,267.0,19.35,1.704
396,408.0,191.4,267.0,19.35,1.623
396,408.0,190.9,267.0,19.35,1.623
396,408.0,190.5,267.0,19.35,1.623
396,408.0,193.0,267.0,19.67,1.623
396,408.0,192.6,267.0,19.67,1.704
396,408.0,192.1,267.0,19.67,1.704
396,408.0,194.6,267.0,19.67,1.704
396,408.0,194.2,267.0,19.67,1.704
396,408.0,193.7,267.0,19.67,1.704
396,408.0,193.3,267.0,19.67,1.704
396,408.0,192.9,267.0,19.67,1.704
396,408.0,192.4,267.0,19.67,1.704
396,408.0,192.0,267.0,19.35,1.704
396,408.0,191.5,267.0,19.35,1.623
396,408.0,191.1,267.0,19.35,1.623
396,408.0,190.6,267.0,19.35,1.623
396,408.0,193.1,267.0,19.67,1.623
396,408.0,192.7,267.0,19.67,1.704
396,408.0,192.2,267.0,19.67,1.704
396,408.0,191.8,267.0,19.35,1.704
396,408.0,191.4,267.0,19.35,1.623
396,408.0,190.9,267.0,19.35,1.623
396,408.0,190.5,267.0,19.35,1.623
396,408.0,193.0,267.0,19.67,1.623
396,408.0,192.5,267.0,19.67,1.704
396,408.0,192.1,267.0,19.67,1.704
396,408.0,194.6,267.0,19.67,1.704
396,408.0,194.2,267.0,19.67,1.704
396,408.0,193.7,267.0,19.67,1.704
396,408.0,193.3,267.0,19.67,1.704
396,408.0,192.8,267.0,19.67,1.704
396,408.0,192.4,267.0,19.67,1.704
396,408.0,191.9,267.0,19.35,1.704
396,408.0,191.5,267.0,19.35,1.623
396,408.0,191.1,267.0,19.35,1.623
396,408.0,190.6,267.0,19.35,1.623
396,408.0,193.1,267.0,19.67,1.623
396,408.0,192.7,267.0,19.67,1.704
396,408.0,192.2,267.0,19.67,1.704
396,408.0,194.7,267.0,19.67,1.704
396,408.0,194.3,267.0,19.67,1.704
396,408.0,193.8,267.0,19.67,1.704
396,408.0,193.4,267.0,19.67,1.704
396,408.0,193.0,267.0,19.67,1.704
396,408.0,192.5,267.0,19.67,1.704
396,408.0,192.1,267.0,19.67,1.704
396,408.0,194.6,267.0,19.67,1.704
396,408.0,194.1,267.0,19.67,1.704
396,408.0,193.7,267.0,19.67,1.704
396,408.0,193.2,267.0,19.67,1.704
396,408.0,192.8,267.0,19.67,1.704
396,408.0,192.4,267.0,19.67,1.704
396,408.0,191.9,267.0,19.35,1.704
396,408.0,191.5,267.0,19.35,1.623
396,408.0,191.0,267.0,19.35,1.623
396,408.0,190.6,267.0,19.35,1.623
396,408.0,193.1,267.0,19.67,1.623
396,408.0,192.6,267.0,19.67,1.704
396,408.0,192.2,267.0,19.67,1.704
396,408.0,194.7,267.0,19.67,1.704
396,408.0,194.3,267.0,19.67,1.704
396,408.0,193.8,267.0,19.67,1.704
396,408.0,193.4,267.0,19.67,1.704
396,408.0,192.9,267.0,19.67,1.704
396,408.0,192.5,267.0,19.67,1.704
396,408.0,192.0,267.0,19.67,1.704
396,408.0,194.5,267.0,19.67,1.704
396,408.0,194.1,267.0,19.67,1.704
396,408.0,193.7,267.0,19.67,1.704
396,408.0,193.2,267.0,19.67,1.704
396,408.0,192.8,267.0,19.67,1.704
396,408.0,192.3,267.0,19.67,1.704
396,408.0,191.9,267.0,19.35,1.704
396,408.0,191.4,267.0,19.35,1.623
396,408.0,191.0,267.0,19.35,1.623
396,408.0,190.6,267.0,19.35,1.623
396,408.0,193.1,267.0,19.67,1.623
396,408.0,192.6,267.0,19.67,1.704
396,408.0,192.2,267.0,19.67,1.704
396,408.0,194.7,267.0,19.67,1.704
396,408.0,194.2,267.0,19.67,1.704
396,408.0,193.8,267.0,19.67,1.704
396,408.0,193.3,267.0,19.67,1.704
396,408.0,192.9,267.0,19.67,1.704
396,408.0,192.5,267.0,19.67,1.704
396,408.0,192.0,267.0,19.67,1.704
396,408.0,194.5,267.0,19.67,1.704
396,408.0,194.1,267.0,19.67,1.704
396,408.0,193.6,267.0,19.67,1.704
396,408.0,193.2,267.0,19.67,1.704
396,408.0,192.7,267.0,19.67,1.704
396,408.0,192.3,267.0,19.67,1.704
396,408.0,191.9,267.0,19.35,1.704
396,408.0,191.4,267.0,19.35,1.623
396,408.0,191.0,267.0,19.35,1.623
396,408.0,190.5,267.0,19.35,1.623
396,408.0,193.0,267.0,19.67,1.623
396,408.0,192.6,267.0,19.67,1.704
396,408.0,192.1,267.0,19.67,1.704
396,408.0,194.6,267.0,19.67,1.704
396,408.0,194.2,267.0,19.67,1.704
396,408.0,193.8,267.0,19.67,1.704
396,408.0,193.3,267.0,19.67,1.704
396,408.0,192.9,267.0,19.67,1.704
396,408.0,192.4,267.0,19.67,1.704
396,408.0,192.0,267.0,19.35,1.704
396,408.0,191.5,267.0,19.35,1.623
396,408.0,191.1,267.0,19.35,1.623
396,408.0,190.7,267.0,19.35,1.623
396,408.0,193.2,267.0,19.67,1.623
396,408.0,192.7,267.0,19.67,1.704
396,408.0,192.3,267.0,19.67,1.704
396,408.0,191.8,267.0,19.35,1.704
396,408.0,191.4,267.0,19.35,1.623
396,408.0,190.9,267.0,19.35,1.623
396,408.0,190.5,267.0,19.35,1.623
396,408.0,193.0,267.0,19.67,1.623
396,408.0,192.6,267.0,19.67,1.704
396,408.0,192.1,267.0,19.67,1.704
396,408.0,194.6,267.0,19.67,1.704
396,408.0,194.2,267.0,19.67,1.704
396,408.0,193.7,267.0,19.67,1.704
396,408.0,193.3,267.0,19.67,1.704
396,408.0,192.9,267.0,19.67,1.704
396,408.0,192.4,267.0,19.67,1.704
396,408.0,192.0,267.0,19.35,1.704
396,408.0,191.5,267.0,19.35,1.623
396,408.0,191.1,267.0,19.35,1.623
396,408.0,190.6,267.0,19.35,1.623
396,408.0,193.1,267.0,19.67,1.623
396,408.0,192.7,267.0,19.67,1.704
396,408.0,192.2,267.0,19.67,1.704
396,408.0,191.8,267.0,19.35,1.704
396,408.0,191.4,267.0,19.35,1.623
396,408.0,190.9,267.0,19.35,1.623
396,408.0,190.5,267.0,19.35,1.623
396,408.0,193.0,267.0,19.67,1.623
396,408.0,192.5,267.0,19.67,1.704
396,408.0,192.1,267.0,19.67,1.704
396,408.0,194.6,267.0,19.67,1.704
402,380.1,164.6,258.1,19.25,1.188
402,382.0,168.7,251.3,20.59,1.025
402,384.3,172.3,250.8,19.71,0.535
402,385.6,176.8,249.7,19.71,0.606
402,386.8,181.4,248.6,19.93,0.606
402,389.0,182.9,253.1,19.65,0.654
402,391.7,185.1,262.5,19.65,1.252
402,394.6,187.6,267.0,19.60,1.252
402,394.6,190.1,267.0,19.60,1.623
402,394.6,192.6,267.0,19.56,1.623
402,394.6,192.1,267.0,19.56,1.704
402,394.6,194.6,267.0,19.56,1.704
402,394.6,194.2,267.0,19.56,1.704
402,394.6,193.8,267.0,19.56,1.704
402,394.6,193.3,267.0,19.56,1.704
402,394.6,192.9,267.0,19.56,1.704
402,394.6,192.4,267.0,19.56,1.704
402,394.6,192.0,267.0,19.60,1.704
402,394.6,191.5,267.0,19.60,1.623
402,394.6,191.1,267.0,19.60,1.623
402,394.6,190.7,267.0,19.60,1.623
402,394.6,193.2,267.0,19.56,1.623
402,394.6,192.7,267.0,19.56,1.704
402,394.6,192.3,267.0,19.56,1.704
402,394.6,191.8,267.0,19.60,1.704
402,394.6,191.4,267.0,19.60,1.623
402,394.6,190.9,267.0,19.60,1.623
402,394.6,190.5,267.0,19.60,1.623
402,394.6,193.0,267.0,19.56,1.623
402,394.6,192.6,267.0,19.56,1.704
402,394.6,192.1,267.0,19.56,1.704
402,394.6,194.6,267.0,19.56,1.704
402,394.6,194.2,267.0,19.56,1.704
402,394.6,193.7,267.0,19.56,1.704
402,394.6,193.3,267.0,19.56,1.704
402,394.6,192.9,267.0,19.56,1.704
402,394.6,192.4,267.0,19.56,1.704
402,394.6,192.0,267.0,19.60,1.704
402,394.6,191.5,267.0,19.60,1.623
402,394.6,191.1,267.0,19.60,1.623
402,394.6,190.6,267.0,19.60,1.623
402,394.6,193.1,267.0,19.56,1.623
402,394.6,192.7,267.0,19.56,1.704
402,394.6,192.2,267.0,19.56,1.704
402,394.6,191.8,267.0,19.60,1.704
402,394.6,191.4,267.0,19.60,1.623
402,394.6,190.9,267.0,19.60,1.623
402,394.6,190.5,267.0,19.60,1.623
402,394.6,193.0,267.0,19.56,1.623
402,394.6,192.5,267.0,19.56,1.704
402,394.6,192.1,267.0,19.56,1.704
402,394.6,194.6,267.0,19.56,1.704
402,394.6,194.2,267.0,19.56,1.704
402,394.6,193.7,267.0,19.56,1.704
402,394.6,193.3,267.0,19.56,1.704
402,394.6,192.8,267.0,19.56,1.704
402,394.6,192.4,267.0,19.56,1.704
402,394.6,191.9,267.0,19.60,1.704
402,394.6,191.5,267.0,19.60,1.623
402,394.6,191.1,267.0,19.60,1.623
402,394.6,190.6,267.0,19.60,1.623
402,394.6,193.1,267.0,19.56,1.623
402,394.6,192.7,267.0,19.56,1.704
402,394.6,192.2,267.0,19.56,1.704
402,394.6,194.7,267.0,19.56,1.704
402,394.6,194.3,267.0,19.56,1.704
402,394.6,193.8,267.0,19.56,1.704
402,394.6,193.4,267.0,19.56,1.704
402,394.6,192.9,267.0,19.56,1.704
402,394.6,192.5,267.0,19.56,1.704
402,394.6,192.1,267.0,19.56,1.704
402,394.6,194.6,267.0,19.56,1.704
402,394.6,194.1,267.0,19.56,1.704
402,394.6,193.7,267.0,19.56,1.704
402,394.6,193.2,267.0,19.56,1.704
402,394.6,192.8,267.0,19.56,1.704
402,394.6,192.3,267.0,19.56,1.704
402,394.6,191.9,267.0,19.60,1.704
402,394.6,191.5,267.0,19.60,1.623
402,394.6,191.0,267.0,19.60,1.623
402,394.6,190.6,267.0,19.60,1.623
402,394.6,193.1,267.0,19.56,1.623
402,394.6,192.6,267.0,19.56,1.704
402,394.6,192.2,267.0,19.56,1.704
402,394.6,194.7,267.0,19.56,1.704
402,394.6,194.2,267.0,19.56,1.704
402,394.6,193.8,267.0,19.56,1.704
402,394.6,193.4,267.0,19.56,1.704
402,394.6,192.9,267.0,19.56,1.704
402,394.6,192.5,267.0,19.56,1.704
402,394.6,192.0,267.0,19.56,1.704
402,394.6,194.5,267.0,19.56,1.704
402,394.6,194.1,267.0,19.56,1.704
402,394.6,193.7,267.0,19.56,1.704
402,394.6,193.2,267.0,19.56,1.704
402,394.6,192.8,267.0,19.56,1.704
402,394.6,192.3,267.0,19.56,1.704
402,394.6,191.9,267.0,19.60,1.704
402,394.6,191.4,267.0,19.60,1.623
402,394.6,191.0,267.0,19.60,1.623
402,394.6,190.6,267.0,19.60,1.623
402,394.6,193.1,267.0,19.56,1.623
402,394.6,192.6,267.0,19.56,1.704
402,394.6,192.2,267.0,19.56,1.704
402,394.6,194.7,267.0,19.56,1.704
402,394.6,194.2,267.0,19.56,1.704
402,394.6,193.8,267.0,19.56,1.704
402,394.6,193.3,267.0,19.56,1.704
402,394.6,192.9,267.0,19.56,1.704
402,394.6,192.5,267.0,19.56,1.704
402,394.6,192.0,267.0,19.56,1.704
402,394.6,194.5,267.0,19.56,1.704
402,394.6,194.1,267.0,19.56,1.704
402,394.6,193.6,267.0,19.56,1.704
402,394.6,193.2,267.0,19.56,1.704
402,394.6,192.7,267.0,19.56,1.704
402,394.6,192.3,267.0,19.56,1.704
402,394.6,191.9,267.0,19.60,1.704
402,394.6,191.4,267.0,19.60,1.623
402,394.6,191.0,267.0,19.60,1.623
402,394.6,190.5,267.0,19.60,1.623
402,394.6,193.0,267.0,19.56,1.623
402,394.6,192.6,267.0,19.56,1.704
402,394.6,192.1,267.0,19.56,1.704
402,394.6,194.6,267.0,19.56,1.704
402,394.6,194.2,267.0,19.56,1.704
402,394.6,193.8,267.0,19.56,1.704
402,394.6,193.3,267.0,19.56,1.704
402,394.6,192.9,267.0,19.56,1.704
402,394.6,192.4,267.0,19.56,1.704
402,394.6,192.0,267.0,19.60,1.704
402,394.6,191.5,267.0,19.60,1.623
402,394.6,191.1,267.0,19.60,1.623
402,394.6,190.7,267.0,19.60,1.623
402,394.6,193.2,267.0,19.56,1.623
402,394.6,192.7,267.0,19.56,1.704
402,394.6,192.3,267.0,19.56,1.704
402,394.6,191.8,267.0,19.60,1.704
402,394.6,191.4,267.0,19.60,1.623
402,394.6,190.9,267.0,19.60,1.623
402,394.6,190.5,267.0,19.60,1.623
402,394.6,193.0,267.0,19.56,1.623
402,394.6,192.6,267.0,19.56,1.704
402,394.6,192.1,267.0,19.56,1.704
402,394.6,194.6,267.0,19.56,1.704
402,394.6,194.2,267.0,19.56,1.704
402,394.6,193.7,267.0,19.56,1.704
402,394.6,193.3,267.0,19.56,1.704
402,394.6,192.8,267.0,19.56,1.704
402,394.6,192.4,267.0,19.56,1.704
402,394.6,191.9,267.0,19.60,1.704
402,394.6,191.5,267.0,19.60,1.623
402,394.6,191.1,267.0,19.60,1.623
402,394.6,190.6,267.0,19.60,1.623
402,394.6,193.1,267.0,19.56,1.623
402,394.6,192.7,267.0,19.56,1.704
402,394.6,192.2,267.0,19.56,1.704
402,394.6,191.8,267.0,19.60,1.704
402,394.6,191.3,267.0,19.60,1.623
402,394.6,190.9,267.0,19.60,1.623
408,430.7,211.3,257.6,19.48,1.284
408,424.6,209.0,257.3,19.48,0.816
408,418.5,206.7,257.0,19.76,0.816
408,415.9,203.7,266.1,19.56,1.240
408,413.0,203.2,267.0,19.56,1.704
408,410.1,202.8,267.0,19.56,1.704
408,407.2,202.3,267.0,19.67,1.704
408,407.2,201.8,267.0,19.67,1.846
408,407.2,201.4,267.0,19.67,1.846
408,407.2,201.0,267.0,19.67,1.846
408,407.2,200.5,267.0,19.67,1.846
408,407.2,200.1,267.0,19.67,1.846
408,407.2,199.6,267.0,19.67,1.846
408,407.2,199.2,267.0,19.67,1.846
408,407.2,198.7,267.0,19.67,1.846
408,407.2,198.3,267.0,19.67,1.846
408,407.2,197.8,267.0,19.67,1.846
408,407.2,197.4,267.0,19.67,1.846
408,407.2,197.0,267.0,19.67,1.846
408,407.2,196.5,267.0,19.67,1.846
408,407.2,196.1,267.0,19.67,1.846
408,407.2,195.6,267.0,19.67,1.846
408,407.2,195.2,267.0,19.67,1.846
408,407.2,194.7,267.0,19.67,1.846
408,407.2,194.3,267.0,19.67,1.846
408,407.2,193.9,267.0,19.67,1.846
408,407.2,193.4,267.0,19.67,1.846
408,407.2,193.0,267.0,19.67,1.846
408,407.2,192.5,267.0,19.67,1.846
408,407.2,192.1,267.0,19.67,1.846
408,407.2,194.6,267.0,19.67,1.846
408,407.2,194.1,267.0,19.67,1.846
408,407.2,193.7,267.0,19.67,1.846
408,407.2,193.3,267.0,19.67,1.846
408,407.2,192.8,267.0,19.67,1.846
408,407.2,192.4,267.0,19.67,1.846
408,407.2,191.9,267.0,19.35,1.846
408,407.2,191.5,267.0,19.35,1.732
408,407.2,191.0,267.0,19.35,1.732
408,407.2,190.6,267.0,19.35,1.732
408,407.2,193.1,267.0,19.67,1.732
408,407.2,192.7,267.0,19.67,1.846
408,407.2,192.2,267.0,19.67,1.846
408,407.2,194.7,267.0,19.67,1.846
408,407.2,194.3,267.0,19.67,1.846
408,407.2,193.8,267.0,19.67,1.846
408,407.2,193.4,267.0,19.67,1.846
408,407.2,192.9,267.0,19.67,1.846
408,407.2,192.5,267.0,19.67,1.846
408,407.2,192.1,267.0,19.67,1.846
408,407.2,194.6,267.0,19.67,1.846
408,407.2,194.1,267.0,19.67,1.846
408,407.2,193.7,267.0,19.67,1.846
408,407.2,193.2,267.0,19.67,1.846
408,407.2,192.8,267.0,19.67,1.846
408,407.2,192.3,267.0,19.67,1.846
408,407.2,191.9,267.0,19.35,1.846
408,407.2,191.5,267.0,19.35,1.732
408,407.2,191.0,267.0,19.35,1.732
408,407.2,190.6,267.0,19.35,1.732
408,407.2,193.1,267.0,19.67,1.732
408,407.2,192.6,267.0,19.67,1.846
408,407.2,192.2,267.0,19.67,1.846
408,407.2,194.7,267.0,19.67,1.846
408,407.2,194.2,267.0,19.67,1.846
408,407.2,193.8,267.0,19.67,1.846
408,407.2,193.4,267.0,19.67,1.846
408,407.2,192.9,267.0,19.67,1.846
408,407.2,192.5,267.0,19.67,1.846
408,407.2,192.0,267.0,19.67,1.846
408,407.2,194.5,267.0,19.67,1.846
408,407.2,194.1,267.0,19.67,1.846
408,407.2,193.7,267.0,19.67,1.846
408,407.2,193.2,267.0,19.67,1.846
408,407.2,192.8,267.0,19.67,1.846
408,407.2,192.3,267.0,19.67,1.846
408,407.2,191.9,267.0,19.35,1.846
408,407.2,191.4,267.0,19.35,1.732
408,407.2,191.0,267.0,19.35,1.732
408,407.2,190.5,267.0,19.35,1.732
408,407.2,193.1,267.0,19.67,1.732
408,407.2,192.6,267.0,19.67,1.846
408,407.2,192.2,267.0,19.67,1.846
408,407.2,194.7,267.0,19.67,1.846
408,407.2,194.2,267.0,19.67,1.846
408,407.2,193.8,267.0,19.67,1.846
408,407.2,193.3,267.0,19.67,1.846
408,407.2,192.9,267.0,19.67,1.846
408,407.2,192.5,267.0,19.67,1.846
408,407.2,192.0,267.0,19.67,1.846
408,407.2,194.5,267.0,19.67,1.846
408,407.2,194.1,267.0,19.67,1.846
408,407.2,193.6,267.0,19.67,1.846
408,407.2,193.2,267.0,19.67,1.846
408,407.2,192.7,267.0,19.67,1.846
408,407.2,192.3,267.0,19.67,1.846
408,407.2,191.9,267.0,19.35,1.846
408,407.2,191.4,267.0,19.35,1.732
408,407.2,191.0,267.0,19.35,1.732
408,407.2,190.5,267.0,19.35,1.732
408,407.2,193.0,267.0,19.67,1.732
408,407.2,192.6,267.0,19.67,1.846
408,407.2,192.1,267.0,19.67,1.846
408,407.2,194.6,267.0,19.67,1.846
408,407.2,194.2,267.0,19.67,1.846
408,407.2,193.8,267.0,19.67,1.846
408,407.2,193.3,267.0,19.67,1.846
408,407.2,192.9,267.0,19.67,1.846
408,407.2,192.4,267.0,19.67,1.846
408,407.2,192.0,267.0,19.35,1.846
408,407.2,191.5,267.0,19.35,1.732
408,407.2,191.1,267.0,19.35,1.732
408,407.2,190.7,267.0,19.35,1.732
408,407.2,193.2,267.0,19.67,1.732
408,407.2,192.7,267.0,19.67,1.846
408,407.2,192.3,267.0,19.67,1.846
408,407.2,191.8,267.0,19.35,1.846
408,407.2,191.4,267.0,19.35,1.732
408,407.2,190.9,267.0,19.35,1.732
408,407.2,190.5,267.0,19.35,1.732
408,407.2,193.0,267.0,19.67,1.732
408,407.2,192.6,267.0,19.67,1.846
408,407.2,192.1,267.0,19.67,1.846
408,407.2,194.6,267.0,19.67,1.846
408,407.2,194.2,267.0,19.67,1.846
408,407.2,193.7,267.0,19.67,1.846
408,407.2,193.3,267.0,19.67,1.846
408,407.2,192.8,267.0,19.67,1.846
408,407.2,192.4,267.0,19.67,1.846
408,407.2,191.9,267.0,19.35,1.846
408,407.2,191.5,267.0,19.35,1.732
408,407.2,191.1,267.0,19.35,1.732
408,407.2,190.6,267.0,19.35,1.732
408,407.2,193.1,267.0,19.67,1.732
408,407.2,192.7,267.0,19.67,1.846
408,407.2,192.2,267.0,19.67,1.846
408,407.2,191.8,267.0,19.35,1.846
408,407.2,191.3,267.0,19.35,1.732
408,407.2,190.9,267.0,19.35,1.732
408,407.2,190.5,267.0,19.35,1.732
408,407.2,193.0,267.0,19.67,1.732
408,407.2,192.5,267.0,19.67,1.846
408,407.2,192.1,267.0,19.67,1.846
408,407.2,194.6,267.0,19.67,1.846
408,407.2,194.1,267.0,19.67,1.846
408,407.2,193.7,267.0,19.67,1.846
408,407.2,193.2,267.0,19.67,1.846
408,407.2,192.8,267.0,19.67,1.846
408,407.2,192.4,267.0,19.67,1.846
408,407.2,191.9,267.0,19.35,1.846
408,407.2,191.5,267.0,19.35,1.732
408,407.2,191.0,267.0,19.35,1.732
408,407.2,190.6,267.0,19.35,1.732
408,407.2,193.1,267.0,19.67,1.732
408,407.2,192.7,267.0,19.67,1.846
408,407.2,192.2,267.0,19.67,1.846
408,407.2,194.7,267.0,19.67,1.846
408,407.2,194.3,267.0,19.67,1.846
408,407.2,193.8,267.0,19.67,1.846
408,407.2,193.4,267.0,19.67,1.846
414,355.8,219.7,259.9,21.43,0.804
414,358.3,218.8,254.8,21.43,0.718
414,360.7,217.9,249.7,20.50,0.718
414,364.8,215.6,249.2,19.89,0.589
414,369.7,214.1,248.1,19.89,0.659
414,373.6,212.1,250.7,20.12,0.659
414,377.4,210.2,253.2,19.72,0.623
414,382.1,207.4,259.4,19.72,1.028
414,384.7,204.5,267.0,19.69,1.028
414,387.6,204.0,267.0,19.56,1.592
414,390.5,203.5,267.0,19.56,1.704
414,393.4,203.0,267.0,19.56,1.704
414,396.3,202.6,267.0,19.67,1.704
414,396.3,202.1,267.0,19.67,1.846
414,396.3,201.7,267.0,19.67,1.846
414,396.3,201.2,267.0,19.67,1.846
414,396.3,200.8,267.0,19.67,1.846
414,396.3,200.3,267.0,19.67,1.846
414,396.3,199.9,267.0,19.67,1.846
414,396.3,199.4,267.0,19.67,1.846
414,396.3,199.0,267.0,19.67,1.846
414,396.3,198.6,267.0,19.67,1.846
414,396.3,198.1,267.0,19.67,1.846
414,396.3,197.7,267.0,19.67,1.846
414,396.3,197.2,267.0,19.67,1.846
414,396.3,196.8,267.0,19.67,1.846
414,396.3,196.3,267.0,19.67,1.846
414,396.3,195.9,267.0,19.67,1.846
414,396.3,195.5,267.0,19.67,1.846
414,396.3,195.0,267.0,19.67,1.846
414,396.3,194.6,267.0,19.67,1.846
414,396.3,194.1,267.0,19.67,1.846
414,396.3,193.7,267.0,19.67,1.846
414,396.3,193.2,267.0,19.67,1.846
414,396.3,192.8,267.0,19.67,1.846
414,396.3,192.3,267.0,19.67,1.846
414,396.3,191.9,267.0,19.35,1.846
414,396.3,191.5,267.0,19.35,1.732
414,396.3,191.0,267.0,19.35,1.732
414,396.3,190.6,267.0,19.35,1.732
414,396.3,193.1,267.0,19.67,1.732
414,396.3,192.6,267.0,19.67,1.846
414,396.3,192.2,267.0,19.67,1.846
414,396.3,194.7,267.0,19.67,1.846
414,396.3,194.3,267.0,19.67,1.846
414,396.3,193.8,267.0,19.67,1.846
414,396.3,193.4,267.0,19.67,1.846
414,396.3,192.9,267.0,19.67,1.846
414,396.3,192.5,267.0,19.67,1.846
414,396.3,192.0,267.0,19.67,1.846
414,396.3,194.5,267.0,19.67,1.846
414,396.3,194.1,267.0,19.67,1.846
414,396.3,193.7,267.0,19.67,1.846
414,396.3,193.2,267.0,19.67,1.846
414,396.3,192.8,267.0,19.67,1.846
414,396.3,192.3,267.0,19.67,1.846
414,396.3,191.9,267.0,19.35,1.846
414,396.3,191.4,267.0,19.35,1.732
414,396.3,191.0,267.0,19.35,1.732
414,396.3,190.6,267.0,19.35,1.732
414,396.3,193.1,267.0,19.67,1.732
414,396.3,192.6,267.0,19.67,1.846
414,396.3,192.2,267.0,19.67,1.846
414,396.3,194.7,267.0,19.67,1.846
414,396.3,194.2,267.0,19.67,1.846
414,396.3,193.8,267.0,19.67,1.846
414,396.3,193.3,267.0,19.67,1.846
414,396.3,192.9,267.0,19.67,1.846
414,396.3,192.5,267.0,19.67,1.846
414,396.3,192.0,267.0,19.67,1.846
414,396.3,194.5,267.0,19.67,1.846
414,396.3,194.1,267.0,19.67,1.846
414,396.3,193.6,267.0,19.67,1.846
414,396.3,193.2,267.0,19.67,1.846
414,396.3,192.7,267.0,19.67,1.846
414,396.3,192.3,267.0,19.67,1.846
414,396.3,191.9,267.0,19.35,1.846
414,396.3,191.4,267.0,19.35,1.732
414,396.3,191.0,267.0,19.35,1.732
414,396.3,190.5,267.0,19.35,1.732
414,396.3,193.0,267.0,19.67,1.732
414,396.3,192.6,267.0,19.67,1.846
414,396.3,192.1,267.0,19.67,1.846
414,396.3,194.6,267.0,19.67,1.846
414,396.3,194.2,267.0,19.67,1.846
414,396.3,193.8,267.0,19.67,1.846
414,396.3,193.3,267.0,19.67,1.846
414,396.3,192.9,267.0,19.67,1.846
414,396.3,192.4,267.0,19.67,1.846
414,396.3,192.0,267.0,19.35,1.846
414,396.3,191.5,267.0,19.35,1.732
414,396.3,191.1,267.0,19.35,1.732
414,396.3,190.7,267.0,19.35,1.732
414,396.3,193.2,267.0,19.67,1.732
414,396.3,192.7,267.0,19.67,1.846
414,396.3,192.3,267.0,19.67,1.846
414,396.3,191.8,267.0,19.35,1.846
414,396.3,191.4,267.0,19.35,1.732
414,396.3,190.9,267.0,19.35,1.732
414,396.3,190.5,267.0,19.35,1.732
414,396.3,193.0,267.0,19.67,1.732
414,396.3,192.6,267.0,19.67,1.846
414,396.3,192.1,267.0,19.67,1.846
414,396.3,194.6,267.0,19.67,1.846
414,396.3,194.2,267.0,19.67,1.846
414,396.3,193.7,267.0,19.67,1.846
414,396.3,193.3,267.0,19.67,1.846
414,396.3,192.8,267.0,19.67,1.846
414,396.3,192.4,267.0,19.67,1.846
414,396.3,192.0,267.0,19.35,1.846
414,396.3,191.5,267.0,19.35,1.732
414,396.3,191.1,267.0,19.35,1.732
414,396.3,190.6,267.0,19.35,1.732
414,396.3,193.1,267.0,19.67,1.732
414,396.3,192.7,267.0,19.67,1.846
414,396.3,192.2,267.0,19.67,1.846
414,396.3,191.8,267.0,19.35,1.846
414,396.3,191.4,267.0,19.35,1.732
414,396.3,190.9,267.0,19.35,1.732
414,396.3,190.5,267.0,19.35,1.732
414,396.3,193.0,267.0,19.67,1.732
414,396.3,192.5,267.0,19.67,1.846
414,396.3,192.1,267.0,19.67,1.846
414,396.3,194.6,267.0,19.67,1.846
414,396.3,194.2,267.0,19.67,1.846
414,396.3,193.7,267.0,19.67,1.846
414,396.3,193.3,267.0,19.67,1.846
414,396.3,192.8,267.0,19.67,1.846
414,396.3,192.4,267.0,19.67,1.846
414,396.3,191.9,267.0,19.35,1.846
414,396.3,191.5,267.0,19.35,1.732
414,396.3,191.0,267.0,19.35,1.732
414,396.3,190.6,267.0,19.35,1.732
414,396.3,193.1,267.0,19.67,1.732
414,396.3,192.7,267.0,19.67,1.846
414,396.3,192.2,267.0,19.67,1.846
414,396.3,194.7,267.0,19.67,1.846
414,396.3,194.3,267.0,19.67,1.846
414,396.3,193.8,267.0,19.67,1.846
414,396.3,193.4,267.0,19.67,1.846
414,396.3,192.9,267.0,19.67,1.846
414,396.3,192.5,267.0,19.67,1.846
414,396.3,192.1,267.0,19.67,1.846
414,396.3,194.6,267.0,19.67,1.846
414,396.3,194.1,267.0,19.67,1.846
414,396.3,193.7,267.0,19.67,1.846
414,396.3,193.2,267.0,19.67,1.846
414,396.3,192.8,267.0,19.67,1.846
414,396.3,192.3,267.0,19.67,1.846
414,396.3,191.9,267.0,19.35,1.846
414,396.3,191.5,267.0,19.35,1.732
414,396.3,191.0,267.0,19.35,1.732
414,396.3,190.6,267.0,19.35,1.732
414,396.3,193.1,267.0,19.67,1.732
414,396.3,192.6,267.0,19.67,1.846
414,396.3,192.2,267.0,19.67,1.846
414,396.3,194.7,267.0,19.67,1.846
414,396.3,194.2,267.0,19.67,1.846
414,396.3,193.8,267.0,19.67,1.846
414,396.3,193.4,267.0,19.67,1.846
420,367.6,222.6,264.9,19.61,0.999
420,374.0,217.8,264.8,20.28,0.999
420,379.0,214.7,267.0,19.64,1.169
420,384.0,211.5,267.0,19.69,1.261
420,386.9,208.3,267.0,19.69,1.592
420,389.8,205.1,267.0,19.69,1.592
420,392.7,204.6,267.0,19.69,1.592
420,395.6,204.1,267.0,19.69,1.592
420,395.6,203.7,267.0,19.56,1.592
420,395.6,203.2,267.0,19.56,1.704
420,395.6,202.8,267.0,19.56,1.704
420,395.6,202.3,267.0,19.56,1.704
420,395.6,201.9,267.0,19.56,1.704
420,395.6,201.4,267.0,19.56,1.704
420,395.6,201.0,267.0,19.56,1.704
420,395.6,200.6,267.0,19.56,1.704
420,395.6,200.1,267.0,19.56,1.704
420,395.6,199.7,267.0,19.56,1.704
420,395.6,199.2,267.0,19.56,1.704
420,395.6,198.8,267.0,19.56,1.704
420,395.6,198.3,267.0,19.56,1.704
420,395.6,197.9,267.0,19.56,1.704
420,395.6,197.4,267.0,19.56,1.704
420,395.6,197.0,267.0,19.56,1.704
420,395.6,196.6,267.0,19.56,1.704
420,395.6,196.1,267.0,19.56,1.704
420,395.6,195.7,267.0,19.56,1.704
420,395.6,195.2,267.0,19.56,1.704
420,395.6,194.8,267.0,19.56,1.704
420,395.6,194.3,267.0,19.56,1.704
420,395.6,193.9,267.0,19.56,1.704
420,395.6,193.5,267.0,19.56,1.704
420,395.6,193.0,267.0,19.56,1.704
420,395.6,192.6,267.0,19.56,1.704
420,395.6,192.1,267.0,19.56,1.704
420,395.6,194.6,267.0,19.56,1.704
420,395.6,194.2,267.0,19.56,1.704
420,395.6,193.8,267.0,19.56,1.704
420,395.6,193.3,267.0,19.56,1.704
420,395.6,192.9,267.0,19.56,1.704
420,395.6,192.4,267.0,19.56,1.704
420,395.6,192.0,267.0,19.60,1.704
420,395.6,191.5,267.0,19.60,1.623
420,395.6,191.1,267.0,19.60,1.623
420,395.6,190.7,267.0,19.60,1.623
420,395.6,193.2,267.0,19.56,1.623
420,395.6,192.7,267.0,19.56,1.704
420,395.6,192.3,267.0,19.56,1.704
420,395.6,191.8,267.0,19.60,1.704
420,395.6,191.4,267.0,19.60,1.623
420,395.6,190.9,267.0,19.60,1.623
420,395.6,190.5,267.0,19.60,1.623
420,395.6,193.0,267.0,19.56,1.623
420,395.6,192.6,267.0,19.56,1.704
420,395.6,192.1,267.0,19.56,1.704
420,395.6,194.6,267.0,19.56,1.704
420,395.6,194.2,267.0,19.56,1.704
420,395.6,193.7,267.0,19.56,1.704
420,395.6,193.3,267.0,19.56,1.704
420,395.6,192.8,267.0,19.56,1.704
420,395.6,192.4,267.0,19.56,1.704
420,395.6,191.9,267.0,19.60,1.704
420,395.6,191.5,267.0,19.60,1.623
420,395.6,191.1,267.0,19.60,1.623
420,395.6,190.6,267.0,19.60,1.623
420,395.6,193.1,267.0,19.56,1.623
420,395.6,192.7,267.0,19.56,1.704
420,395.6,192.2,267.0,19.56,1.704
420,395.6,194.7,267.0,19.56,1.704
420,395.6,194.3,267.0,19.56,1.704
420,395.6,193.8,267.0,19.56,1.704
420,395.6,193.4,267.0,19.56,1.704
420,395.6,193.0,267.0,19.56,1.704
420,395.6,192.5,267.0,19.56,1.704
420,395.6,192.1,267.0,19.56,1.704
420,395.6,194.6,267.0,19.56,1.704
420,395.6,194.1,267.0,19.56,1.704
420,395.6,193.7,267.0,19.56,1.704
420,395.6,193.2,267.0,19.56,1.704
420,395.6,192.8,267.0,19.56,1.704
420,395.6,192.4,267.0,19.56,1.704
420,395.6,191.9,267.0,19.60,1.704
420,395.6,191.5,267.0,19.60,1.623
420,395.6,191.0,267.0,19.60,1.623
420,395.6,190.6,267.0,19.60,1.623
420,395.6,193.1,267.0,19.56,1.623
420,395.6,192.7,267.0,19.56,1.704
420,395.6,192.2,267.0,19.56,1.704
420,395.6,194.7,267.0,19.56,1.704
420,395.6,194.3,267.0,19.56,1.704
420,395.6,193.8,267.0,19.56,1.704
420,395.6,193.4,267.0,19.56,1.704
420,395.6,192.9,267.0,19.56,1.704
420,395.6,192.5,267.0,19.56,1.704
420,395.6,192.1,267.0,19.56,1.704
420,395.6,194.6,267.0,19.56,1.704
420,395.6,194.1,267.0,19.56,1.704
420,395.6,193.7,267.0,19.56,1.704
420,395.6,193.2,267.0,19.56,1.704
420,395.6,192.8,267.0,19.56,1.704
420,395.6,192.3,267.0,19.56,1.704
420,395.6,191.9,267.0,19.60,1.704
420,395.6,191.5,267.0,19.60,1.623
420,395.6,191.0,267.0,19.60,1.623
420,395.6,190.6,267.0,19.60,1.623
420,395.6,193.1,267.0,19.56,1.623
420,395.6,192.6,267.0,19.56,1.704
420,395.6,192.2,267.0,19.56,1.704
420,395.6,194.7,267.0,19.56,1.704
420,395.6,194.2,267.0,19.56,1.704
420,395.6,193.8,267.0,19.56,1.704
420,395.6,193.3,267.0,19.56,1.704
420,395.6,192.9,267.0,19.56,1.704
420,395.6,192.5,267.0,19.56,1.704
420,395.6,192.0,267.0,19.56,1.704
420,395.6,194.5,267.0,19.56,1.704
420,395.6,194.1,267.0,19.56,1.704
420,395.6,193.6,267.0,19.56,1.704
420,395.6,193.2,267.0,19.56,1.704
420,395.6,192.8,267.0,19.56,1.704
420,395.6,192.3,267.0,19.56,1.704
420,395.6,191.9,267.0,19.60,1.704
420,395.6,191.4,267.0,19.60,1.623
420,395.6,191.0,267.0,19.60,1.623
420,395.6,190.5,267.0,19.60,1.623
420,395.6,193.0,267.0,19.56,1.623
420,395.6,192.6,267.0,19.56,1.704
420,395.6,192.2,267.0,19.56,1.704
420,395.6,194.7,267.0,19.56,1.704
420,395.6,194.2,267.0,19.56,1.704
420,395.6,193.8,267.0,19.56,1.704
420,395.6,193.3,267.0,19.56,1.704
420,395.6,192.9,267.0,19.56,1.704
420,395.6,192.4,267.0,19.56,1.704
420,395.6,192.0,267.0,19.56,1.704
420,395.6,191.6,267.0,19.60,1.623
420,395.6,191.1,267.0,19.60,1.623
420,395.6,190.7,267.0,19.60,1.623
420,395.6,193.2,267.0,19.56,1.623
420,395.6,192.7,267.0,19.56,1.704
420,395.6,192.3,267.0,19.56,1.704
420,395.6,191.8,267.0,19.60,1.704
420,395.6,191.4,267.0,19.60,1.623
420,395.6,190.9,267.0,19.60,1.623
420,395.6,190.5,267.0,19.60,1.623
420,395.6,193.0,267.0,19.56,1.623
420,395.6,192.6,267.0,19.56,1.704
420,395.6,192.1,267.0,19.56,1.704
420,395.6,194.6,267.0,19.56,1.704
420,395.6,194.2,267.0,19.56,1.704
420,395.6,193.7,267.0,19.56,1.704
420,395.6,193.3,267.0,19.56,1.704
420,395.6,192.9,267.0,19.56,1.704
420,395.6,192.4,267.0,19.56,1.704
420,395.6,192.0,267.0,19.60,1.704
420,395.6,191.5,267.0,19.60,1.623
420,395.6,191.1,267.0,19.60,1.623
420,395.6,190.6,267.0,19.60,1.623
420,395.6,193.1,267.0,19.56,1.623
420,395.6,192.7,267.0,19.56,1.704
426,420.0,180.6,264.9,19.60,0.991
426,417.1,183.1,267.0,19.60,0.863
426,414.2,185.5,267.0,19.60,1.623
426,411.3,187.9,267.0,19.60,1.623
426,408.4,190.4,267.0,19.60,1.623
426,408.4,192.9,267.0,19.56,1.623
426,408.4,192.5,267.0,19.56,1.704
426,408.4,192.0,267.0,19.56,1.704
426,408.4,194.5,267.0,19.56,1.704
426,408.4,194.1,267.0,19.56,1.704
426,408.4,193.6,267.0,19.56,1.704
426,408.4,193.2,267.0,19.56,1.704
426,408.4,192.8,267.0,19.56,1.704
426,408.4,192.3,267.0,19.56,1.704
426,408.4,191.9,267.0,19.60,1.704
426,408.4,191.4,267.0,19.60,1.623
426,408.4,191.0,267.0,19.60,1.623
426,408.4,190.5,267.0,19.60,1.623
426,408.4,193.0,267.0,19.56,1.623
426,408.4,192.6,267.0,19.56,1.704
426,408.4,192.2,267.0,19.56,1.704
426,408.4,194.6,267.0,19.56,1.704
426,408.4,194.2,267.0,19.56,1.704
426,408.4,193.8,267.0,19.56,1.704
426,408.4,193.3,267.0,19.56,1.704
426,408.4,192.9,267.0,19.56,1.704
426,408.4,192.4,267.0,19.56,1.704
426,408.4,192.0,267.0,19.60,1.704
426,408.4,191.6,267.0,19.60,1.623
426,408.4,191.1,267.0,19.60,1.623
426,408.4,190.7,267.0,19.60,1.623
426,408.4,193.2,267.0,19.56,1.623
426,408.4,192.7,267.0,19.56,1.704
426,408.4,192.3,267.0,19.56,1.704
426,408.4,191.8,267.0,19.60,1.704
426,408.4,191.4,267.0,19.60,1.623
426,408.4,190.9,267.0,19.60,1.623
426,408.4,190.5,267.0,19.60,1.623
426,408.4,193.0,267.0,19.56,1.623
426,408.4,192.6,267.0,19.56,1.704
426,408.4,192.1,267.0,19.56,1.704
426,408.4,194.6,267.0,19.56,1.704
426,408.4,194.2,267.0,19.56,1.704
426,408.4,193.7,267.0,19.56,1.704
426,408.4,193.3,267.0,19.56,1.704
426,408.4,192.9,267.0,19.56,1.704
426,408.4,192.4,267.0,19.56,1.704
426,408.4,192.0,267.0,19.60,1.704
426,408.4,191.5,267.0,19.60,1.623
426,408.4,191.1,267.0,19.60,1.623
426,408.4,190.6,267.0,19.60,1.623
426,408.4,193.1,267.0,19.56,1.623
426,408.4,192.7,267.0,19.56,1.704
426,408.4,192.2,267.0,19.56,1.704
426,408.4,191.8,267.0,19.60,1.704
426,408.4,191.4,267.0,19.60,1.623
426,408.4,190.9,267.0,19.60,1.623
426,408.4,190.5,267.0,19.60,1.623
426,408.4,193.0,267.0,19.56,1.623
426,408.4,192.5,267.0,19.56,1.704
426,408.4,192.1,267.0,19.56,1.704
426,408.4,194.6,267.0,19.56,1.704
426,408.4,194.2,267.0,19.56,1.704
426,408.4,193.7,267.0,19.56,1.704
426,408.4,193.3,267.0,19.56,1.704
426,408.4,192.8,267.0,19.56,1.704
426,408.4,192.4,267.0,19.56,1.704
426,408.4,191.9,267.0,19.60,1.704
426,408.4,191.5,267.0,19.60,1.623
426,408.4,191.1,267.0,19.60,1.623
426,408.4,190.6,267.0,19.60,1.623
426,408.4,193.1,267.0,19.56,1.623
426,408.4,192.7,267.0,19.56,1.704
426,408.4,192.2,267.0,19.56,1.704
426,408.4,194.7,267.0,19.56,1.704
426,408.4,194.3,267.0,19.56,1.704
426,408.4,193.8,267.0,19.56,1.704
426,408.4,193.4,267.0,19.56,1.704
426,408.4,192.9,267.0,19.56,1.704
426,408.4,192.5,267.0,19.56,1.704
426,408.4,192.1,267.0,19.56,1.704
426,408.4,194.6,267.0,19.56,1.704
426,408.4,194.1,267.0,19.56,1.704
426,408.4,193.7,267.0,19.56,1.704
426,408.4,193.2,267.0,19.56,1.704
426,408.4,192.8,267.0,19.56,1.704
426,408.4,192.3,267.0,19.56,1.704
426,408.4,191.9,267.0,19.60,1.704
426,408.4,191.5,267.0,19.60,1.623
426,408.4,191.0,267.0,19.60,1.623
426,408.4,190.6,267.0,19.60,1.623
426,408.4,193.1,267.0,19.56,1.623
426,408.4,192.6,267.0,19.56,1.704
426,408.4,192.2,267.0,19.56,1.704
426,408.4,194.7,267.0,19.56,1.704
426,408.4,194.2,267.0,19.56,1.704
426,408.4,193.8,267.0,19.56,1.704
426,408.4,193.4,267.0,19.56,1.704
426,408.4,192.9,267.0,19.56,1.704
426,408.4,192.5,267.0,19.56,1.704
426,408.4,192.0,267.0,19.56,1.704
426,408.4,194.5,267.0,19.56,1.704
426,408.4,194.1,267.0,19.56,1.704
426,408.4,193.7,267.0,19.56,1.704
426,408.4,193.2,267.0,19.56,1.704
426,408.4,192.8,267.0,19.56,1.704
426,408.4,192.3,267.0,19.56,1.704
426,408.4,191.9,267.0,19.60,1.704
426,408.4,191.4,267.0,19.60,1.623
426,408.4,191.0,267.0,19.60,1.623
426,408.4,190.6,267.0,19.60,1.623
426,408.4,193.1,267.0,19.56,1.623
426,408.4,192.6,267.0,19.56,1.704
426,408.4,192.2,267.0,19.56,1.704
426,408.4,194.7,267.0,19.56,1.704
426,408.4,194.2,267.0,19.56,1.704
426,408.4,193.8,267.0,19.56,1.704
426,408.4,193.3,267.0,19.56,1.704
426,408.4,192.9,267.0,19.56,1.704
426,408.4,192.5,267.0,19.56,1.704
426,408.4,192.0,267.0,19.56,1.704
426,408.4,194.5,267.0,19.56,1.704
426,408.4,194.1,267.0,19.56,1.704
426,408.4,193.6,267.0,19.56,1.704
426,408.4,193.2,267.0,19.56,1.704
426,408.4,192.7,267.0,19.56,1.704
426,408.4,192.3,267.0,19.56,1.704
426,408.4,191.9,267.0,19.60,1.704
426,408.4,191.4,267.0,19.60,1.623
426,408.4,191.0,267.0,19.60,1.623
426,408.4,190.5,267.0,19.60,1.623
426,408.4,193.0,267.0,19.56,1.623
426,408.4,192.6,267.0,19.56,1.704
426,408.4,192.1,267.0,19.56,1.704
426,408.4,194.6,267.0,19.56,1.704
426,408.4,194.2,267.0,19.56,1.704
426,408.4,193.8,267.0,19.56,1.704
426,408.4,193.3,267.0,19.56,1.704
426,408.4,192.9,267.0,19.56,1.704
426,408.4,192.4,267.0,19.56,1.704
426,408.4,192.0,267.0,19.60,1.704
426,408.4,191.5,267.0,19.60,1.623
426,408.4,191.1,267.0,19.60,1.623
426,408.4,190.7,267.0,19.60,1.623
426,408.4,193.2,267.0,19.56,1.623
426,408.4,192.7,267.0,19.56,1.704
426,408.4,192.3,267.0,19.56,1.704
426,408.4,191.8,267.0,19.60,1.704
426,408.4,191.4,267.0,19.60,1.623
426,408.4,190.9,267.0,19.60,1.623
426,408.4,190.5,267.0,19.60,1.623
426,408.4,193.0,267.0,19.56,1.623
426,408.4,192.6,267.0,19.56,1.704
426,408.4,192.1,267.0,19.56,1.704
426,408.4,194.6,267.0,19.56,1.704
426,408.4,194.2,267.0,19.56,1.704
426,408.4,193.7,267.0,19.56,1.704
426,408.4,193.3,267.0,19.56,1.704
426,408.4,192.8,267.0,19.56,1.704
426,408.4,192.4,267.0,19.56,1.704
432,380.2,160.3,258.1,19.25,1.188
432,382.1,164.3,251.3,20.12,1.025
432,383.3,167.6,245.9,20.12,0.804
432,384.6,172.2,244.8,19.71,0.804
432,385.9,176.7,243.7,19.71,0.606
432,387.2,181.2,242.7,19.93,0.606
432,389.3,182.8,247.2,19.93,0.654
432,391.5,184.4,251.7,19.93,0.654
432,394.2,186.6,261.1,19.65,0.654
432,397.1,189.0,267.0,19.35,1.252
432,397.1,191.5,267.0,19.35,1.732
432,397.1,191.1,267.0,19.35,1.732
432,397.1,190.6,267.0,19.35,1.732
432,397.1,193.1,267.0,19.67,1.732
432,397.1,192.7,267.0,19.67,1.846
432,397.1,192.2,267.0,19.67,1.846
432,397.1,191.8,267.0,19.35,1.846
432,397.1,191.3,267.0,19.35,1.732
432,397.1,190.9,267.0,19.35,1.732
432,397.1,190.5,267.0,19.35,1.732
432,397.1,193.0,267.0,19.67,1.732
432,397.1,192.5,267.0,19.67,1.846
432,397.1,192.1,267.0,19.67,1.846
432,397.1,194.6,267.0,19.67,1.846
432,397.1,194.1,267.0,19.67,1.846
432,397.1,193.7,267.0,19.67,1.846
432,397.1,193.2,267.0,19.67,1.846
432,397.1,192.8,267.0,19.67,1.846
432,397.1,192.4,267.0,19.67,1.846
432,397.1,191.9,267.0,19.35,1.846
432,397.1,191.5,267.0,19.35,1.732
432,397.1,191.0,267.0,19.35,1.732
432,397.1,190.6,267.0,19.35,1.732
432,397.1,193.1,267.0,19.67,1.732
432,397.1,192.7,267.0,19.67,1.846
432,397.1,192.2,267.0,19.67,1.846
432,397.1,194.7,267.0,19.67,1.846
432,397.1,194.3,267.0,19.67,1.846
432,397.1,193.8,267.0,19.67,1.846
432,397.1,193.4,267.0,19.67,1.846
432,397.1,192.9,267.0,19.67,1.846
432,397.1,192.5,267.0,19.67,1.846
432,397.1,192.1,267.0,19.67,1.846
432,397.1,194.6,267.0,19.67,1.846
432,397.1,194.1,267.0,19.67,1.846
432,397.1,193.7,267.0,19.67,1.846
432,397.1,193.2,267.0,19.67,1.846
432,397.1,192.8,267.0,19.67,1.846
432,397.1,192.3,267.0,19.67,1.846
432,397.1,191.9,267.0,19.35,1.846
432,397.1,191.5,267.0,19.35,1.732
432,397.1,191.0,267.0,19.35,1.732
432,397.1,190.6,267.0,19.35,1.732
432,397.1,193.1,267.0,19.67,1.732
432,397.1,192.6,267.0,19.67,1.846
432,397.1,192.2,267.0,19.67,1.846
432,397.1,194.7,267.0,19.67,1.846
432,397.1,194.2,267.0,19.67,1.846
432,397.1,193.8,267.0,19.67,1.846
432,397.1,193.4,267.0,19.67,1.846
432,397.1,192.9,267.0,19.67,1.846
432,397.1,192.5,267.0,19.67,1.846
432,397.1,192.0,267.0,19.67,1.846
432,397.1,194.5,267.0,19.67,1.846
432,397.1,194.1,267.0,19.67,1.846
432,397.1,193.6,267.0,19.67,1.846
432,397.1,193.2,267.0,19.67,1.846
432,397.1,192.8,267.0,19.67,1.846
432,397.1,192.3,267.0,19.67,1.846
432,397.1,191.9,267.0,19.35,1.846
432,397.1,191.4,267.0,19.35,1.732
432,397.1,191.0,267.0,19.35,1.732
432,397.1,190.5,267.0,19.35,1.732
432,397.1,193.0,267.0,19.67,1.732
432,397.1,192.6,267.0,19.67,1.846
432,397.1,192.2,267.0,19.67,1.846
432,397.1,194.7,267.0,19.67,1.846
432,397.1,194.2,267.0,19.67,1.846
432,397.1,193.8,267.0,19.67,1.846
432,397.1,193.3,267.0,19.67,1.846
432,397.1,192.9,267.0,19.67,1.846
432,397.1,192.4,267.0,19.67,1.846
432,397.1,192.0,267.0,19.67,1.846
432,397.1,194.5,267.0,19.67,1.846
432,397.1,194.1,267.0,19.67,1.846
432,397.1,193.6,267.0,19.67,1.846
432,397.1,193.2,267.0,19.67,1.846
432,397.1,192.7,267.0,19.67,1.846
432,397.1,192.3,267.0,19.67,1.846
432,397.1,191.8,267.0,19.35,1.846
432,397.1,191.4,267.0,19.35,1.732
432,397.1,191.0,267.0,19.35,1.732
432,397.1,190.5,267.0,19.35,1.732
432,397.1,193.0,267.0,19.67,1.732
432,397.1,192.6,267.0,19.67,1.846
432,397.1,192.1,267.0,19.67,1.846
432,397.1,194.6,267.0,19.67,1.846
432,397.1,194.2,267.0,19.67,1.846
432,397.1,193.8,267.0,19.67,1.846
432,397.1,193.3,267.0,19.67,1.846
432,397.1,192.9,267.0,19.67,1.846
432,397.1,192.4,267.0,19.67,1.846
432,397.1,192.0,267.0,19.35,1.846
432,397.1,191.5,267.0,19.35,1.732
432,397.1,191.1,267.0,19.35,1.732
432,397.1,190.6,267.0,19.35,1.732
432,397.1,193.2,267.0,19.67,1.732
432,397.1,192.7,267.0,19.67,1.846
432,397.1,192.3,267.0,19.67,1.846
432,397.1,191.8,267.0,19.35,1.846
432,397.1,191.4,267.0,19.35,1.732
432,397.1,190.9,267.0,19.35,1.732
432,397.1,190.5,267.0,19.35,1.732
432,397.1,193.0,267.0,19.67,1.732
432,397.1,192.6,267.0,19.67,1.846
432,397.1,192.1,267.0,19.67,1.846
432,397.1,194.6,267.0,19.67,1.846
432,397.1,194.2,267.0,19.67,1.846
432,397.1,193.7,267.0,19.67,1.846
432,397.1,193.3,267.0,19.67,1.846
432,397.1,192.8,267.0,19.67,1.846
432,397.1,192.4,267.0,19.67,1.846
432,397.1,191.9,267.0,19.35,1.846
432,397.1,191.5,267.0,19.35,1.732
432,397.1,191.1,267.0,19.35,1.732
432,397.1,190.6,267.0,19.35,1.732
432,397.1,193.1,267.0,19.67,1.732
432,397.1,192.7,267.0,19.67,1.846
432,397.1,192.2,267.0,19.67,1.846
432,397.1,191.8,267.0,19.35,1.846
432,397.1,191.3,267.0,19.35,1.732
432,397.1,190.9,267.0,19.35,1.732
432,397.1,190.5,267.0,19.35,1.732
432,397.1,193.0,267.0,19.67,1.732
432,397.1,192.5,267.0,19.67,1.846
432,397.1,192.1,267.0,19.67,1.846
432,397.1,194.6,267.0,19.67,1.846
432,397.1,194.1,267.0,19.67,1.846
432,397.1,193.7,267.0,19.67,1.846
432,397.1,193.2,267.0,19.67,1.846
432,397.1,192.8,267.0,19.67,1.846
432,397.1,192.4,267.0,19.67,1.846
432,397.1,191.9,267.0,19.35,1.846
432,397.1,191.5,267.0,19.35,1.732
432,397.1,191.0,267.0,19.35,1.732
432,397.1,190.6,267.0,19.35,1.732
432,397.1,193.1,267.0,19.67,1.732
432,397.1,192.7,267.0,19.67,1.846
432,397.1,192.2,267.0,19.67,1.846
432,397.1,194.7,267.0,19.67,1.846
432,397.1,194.3,267.0,19.67,1.846
432,397.1,193.8,267.0,19.67,1.846
432,397.1,193.4,267.0,19.67,1.846
432,397.1,192.9,267.0,19.67,1.846
432,397.1,192.5,267.0,19.67,1.846
432,397.1,192.1,267.0,19.67,1.846
432,397.1,194.6,267.0,19.67,1.846
432,397.1,194.1,267.0,19.67,1.846
432,397.1,193.7,267.0,19.67,1.846
432,397.1,193.2,267.0,19.67,1.846
438,420.7,220.3,264.9,20.31,0.999
438,417.8,215.1,267.0,19.69,0.999
438,415.0,211.9,267.0,19.69,1.592
438,412.1,208.7,267.0,19.69,1.592
438,409.2,205.5,267.0,19.69,1.592
438,409.2,205.0,267.0,19.69,1.592
438,409.2,204.6,267.0,19.69,1.592
438,409.2,204.2,267.0,19.69,1.592
438,409.2,203.7,267.0,19.56,1.592
438,409.2,203.3,267.0,19.56,1.704
438,409.2,202.8,267.0,19.56,1.704
438,409.2,202.4,267.0,19.56,1.704
438,409.2,201.9,267.0,19.56,1.704
438,409.2,201.5,267.0,19.56,1.704
438,409.2,201.0,267.0,19.56,1.704
438,409.2,200.6,267.0,19.56,1.704
438,409.2,200.2,267.0,19.56,1.704
438,409.2,199.7,267.0,19.56,1.704
438,409.2,199.3,267.0,19.56,1.704
438,409.2,198.8,267.0,19.56,1.704
438,409.2,198.4,267.0,19.56,1.704
438,409.2,198.0,267.0,19.56,1.704
438,409.2,197.5,267.0,19.56,1.704
438,409.2,197.1,267.0,19.56,1.704
438,409.2,196.6,267.0,19.56,1.704
438,409.2,196.2,267.0,19.56,1.704
438,409.2,195.7,267.0,19.56,1.704
438,409.2,195.3,267.0,19.56,1.704
438,409.2,194.8,267.0,19.56,1.704
438,409.2,194.4,267.0,19.56,1.704
438,409.2,194.0,267.0,19.56,1.704
438,409.2,193.5,267.0,19.56,1.704
438,409.2,193.1,267.0,19.56,1.704
438,409.2,192.6,267.0,19.56,1.704
438,409.2,192.2,267.0,19.56,1.704
438,409.2,194.7,267.0,19.56,1.704
438,409.2,194.2,267.0,19.56,1.704
438,409.2,193.8,267.0,19.56,1.704
438,409.2,193.4,267.0,19.56,1.704
438,409.2,192.9,267.0,19.56,1.704
438,409.2,192.5,267.0,19.56,1.704
438,409.2,192.0,267.0,19.56,1.704
438,409.2,194.5,267.0,19.56,1.704
438,409.2,194.1,267.0,19.56,1.704
438,409.2,193.7,267.0,19.56,1.704
438,409.2,193.2,267.0,19.56,1.704
438,409.2,192.8,267.0,19.56,1.704
438,409.2,192.3,267.0,19.56,1.704
438,409.2,191.9,267.0,19.60,1.704
438,409.2,191.4,267.0,19.60,1.623
438,409.2,191.0,267.0,19.60,1.623
438,409.2,190.5,267.0,19.60,1.623
438,409.2,193.1,267.0,19.56,1.623
438,409.2,192.6,267.0,19.56,1.704
438,409.2,192.2,267.0,19.56,1.704
438,409.2,194.7,267.0,19.56,1.704
438,409.2,194.2,267.0,19.56,1.704
438,409.2,193.8,267.0,19.56,1.704
438,409.2,193.3,267.0,19.56,1.704
438,409.2,192.9,267.0,19.56,1.704
438,409.2,192.5,267.0,19.56,1.704
438,409.2,192.0,267.0,19.56,1.704
438,409.2,194.5,267.0,19.56,1.704
438,409.2,194.1,267.0,19.56,1.704
438,409.2,193.6,267.0,19.56,1.704
438,409.2,193.2,267.0,19.56,1.704
438,409.2,192.7,267.0,19.56,1.704
438,409.2,192.3,267.0,19.56,1.704
438,409.2,191.9,267.0,19.60,1.704
438,409.2,191.4,267.0,19.60,1.623
438,409.2,191.0,267.0,19.60,1.623
438,409.2,190.5,267.0,19.60,1.623
438,409.2,193.0,267.0,19.56,1.623
438,409.2,192.6,267.0,19.56,1.704
438,409.2,192.1,267.0,19.56,1.704
438,409.2,194.6,267.0,19.56,1.704
438,409.2,194.2,267.0,19.56,1.704
438,409.2,193.8,267.0,19.56,1.704
438,409.2,193.3,267.0,19.56,1.704
438,409.2,192.9,267.0,19.56,1.704
438,409.2,192.4,267.0,19.56,1.704
438,409.2,192.0,267.0,19.60,1.704
438,409.2,191.5,267.0,19.60,1.623
438,409.2,191.1,267.0,19.60,1.623
438,409.2,190.7,267.0,19.60,1.623
438,409.2,193.2,267.0,19.56,1.623
438,409.2,192.7,267.0,19.56,1.704
438,409.2,192.3,267.0,19.56,1.704
438,409.2,191.8,267.0,19.60,1.704
438,409.2,191.4,267.0,19.60,1.623
438,409.2,190.9,267.0,19.60,1.623
438,409.2,190.5,267.0,19.60,1.623
438,409.2,193.0,267.0,19.56,1.623
438,409.2,192.6,267.0,19.56,1.704
438,409.2,192.1,267.0,19.56,1.704
438,409.2,194.6,267.0,19.56,1.704
438,409.2,194.2,267.0,19.56,1.704
438,409.2,193.7,267.0,19.56,1.704
438,409.2,193.3,267.0,19.56,1.704
438,409.2,192.8,267.0,19.56,1.704
438,409.2,192.4,267.0,19.56,1.704
438,409.2,191.9,267.0,19.60,1.704
438,409.2,191.5,267.0,19.60,1.623
438,409.2,191.1,267.0,19.60,1.623
438,409.2,190.6,267.0,19.60,1.623
438,409.2,193.1,267.0,19.56,1.623
438,409.2,192.7,267.0,19.56,1.704
438,409.2,192.2,267.0,19.56,1.704
438,409.2,194.7,267.0,19.56,1.704
438,409.2,194.3,267.0,19.56,1.704
438,409.2,193.8,267.0,19.56,1.704
438,409.2,193.4,267.0,19.56,1.704
438,409.2,193.0,267.0,19.56,1.704
438,409.2,192.5,267.0,19.56,1.704
438,409.2,192.1,267.0,19.56,1.704
438,409.2,194.6,267.0,19.56,1.704
438,409.2,194.1,267.0,19.56,1.704
438,409.2,193.7,267.0,19.56,1.704
438,409.2,193.2,267.0,19.56,1.704
438,409.2,192.8,267.0,19.56,1.704
438,409.2,192.4,267.0,19.56,1.704
438,409.2,191.9,267.0,19.60,1.704
438,409.2,191.5,267.0,19.60,1.623
438,409.2,191.0,267.0,19.60,1.623
438,409.2,190.6,267.0,19.60,1.623
438,409.2,193.1,267.0,19.56,1.623
438,409.2,192.7,267.0,19.56,1.704
438,409.2,192.2,267.0,19.56,1.704
438,409.2,194.7,267.0,19.56,1.704
438,409.2,194.3,267.0,19.56,1.704
438,409.2,193.8,267.0,19.56,1.704
438,409.2,193.4,267.0,19.56,1.704
438,409.2,192.9,267.0,19.56,1.704
438,409.2,192.5,267.0,19.56,1.704
438,409.2,192.1,267.0,19.56,1.704
438,409.2,194.6,267.0,19.56,1.704
438,409.2,194.1,267.0,19.56,1.704
438,409.2,193.7,267.0,19.56,1.704
438,409.2,193.2,267.0,19.56,1.704
438,409.2,192.8,267.0,19.56,1.704
438,409.2,192.3,267.0,19.56,1.704
438,409.2,191.9,267.0,19.60,1.704
438,409.2,191.5,267.0,19.60,1.623
438,409.2,191.0,267.0,19.60,1.623
438,409.2,190.6,267.0,19.60,1.623
438,409.2,193.1,267.0,19.56,1.623
438,409.2,192.6,267.0,19.56,1.704
438,409.2,192.2,267.0,19.56,1.704
438,409.2,194.7,267.0,19.56,1.704
438,409.2,194.2,267.0,19.56,1.704
438,409.2,193.8,267.0,19.56,1.704
438,409.2,193.3,267.0,19.56,1.704
438,409.2,192.9,267.0,19.56,1.704
438,409.2,192.5,267.0,19.56,1.704
438,409.2,192.0,267.0,19.56,1.704
438,409.2,194.5,267.0,19.56,1.704
438,409.2,194.1,267.0,19.56,1.704
438,409.2,193.6,267.0,19.56,1.704
438,409.2,193.2,267.0,19.56,1.704
438,409.2,192.8,267.0,19.56,1.704
444,414.7,226.0,264.4,19.57,0.893
444,411.8,220.8,267.0,19.57,1.248
444,408.9,215.6,267.0,19.69,1.248
444,408.9,212.4,267.0,19.69,1.592
444,408.9,209.1,267.0,19.69,1.592
444,408.9,205.9,267.0,19.69,1.592
444,408.9,202.7,267.0,19.56,1.592
444,408.9,202.2,267.0,19.56,1.704
444,408.9,201.8,267.0,19.56,1.704
444,408.9,201.3,267.0,19.56,1.704
444,408.9,200.9,267.0,19.56,1.704
444,408.9,200.4,267.0,19.56,1.704
444,408.9,200.0,267.0,19.56,1.704
444,408.9,199.6,267.0,19.56,1.704
444,408.9,199.1,267.0,19.56,1.704
444,408.9,198.7,267.0,19.56,1.704
444,408.9,198.2,267.0,19.56,1.704
444,408.9,197.8,267.0,19.56,1.704
444,408.9,197.3,267.0,19.56,1.704
444,408.9,196.9,267.0,19.56,1.704
444,408.9,196.4,267.0,19.56,1.704
444,408.9,196.0,267.0,19.56,1.704
444,408.9,195.6,267.0,19.56,1.704
444,408.9,195.1,267.0,19.56,1.704
444,408.9,194.7,267.0,19.56,1.704
444,408.9,194.2,267.0,19.56,1.704
444,408.9,193.8,267.0,19.56,1.704
444,408.9,193.3,267.0,19.56,1.704
444,408.9,192.9,267.0,19.56,1.704
444,408.9,192.5,267.0,19.56,1.704
444,408.9,192.0,267.0,19.56,1.704
444,408.9,194.5,267.0,19.56,1.704
444,408.9,194.1,267.0,19.56,1.704
444,408.9,193.6,267.0,19.56,1.704
444,408.9,193.2,267.0,19.56,1.704
444,408.9,192.7,267.0,19.56,1.704
444,408.9,192.3,267.0,19.56,1.704
444,408.9,191.9,267.0,19.60,1.704
444,408.9,191.4,267.0,19.60,1.623
444,408.9,191.0,267.0,19.60,1.623
444,408.9,190.5,267.0,19.60,1.623
444,408.9,193.0,267.0,19.56,1.623
444,408.9,192.6,267.0,19.56,1.704
444,408.9,192.1,267.0,19.56,1.704
444,408.9,194.6,267.0,19.56,1.704
444,408.9,194.2,267.0,19.56,1.704
444,408.9,193.8,267.0,19.56,1.704
444,408.9,193.3,267.0,19.56,1.704
444,408.9,192.9,267.0,19.56,1.704
444,408.9,192.4,267.0,19.56,1.704
444,408.9,192.0,267.0,19.60,1.704
444,408.9,191.5,267.0,19.60,1.623
444,408.9,191.1,267.0,19.60,1.623
444,408.9,190.7,267.0,19.60,1.623
444,408.9,193.2,267.0,19.56,1.623
444,408.9,192.7,267.0,19.56,1.704
444,408.9,192.3,267.0,19.56,1.704
444,408.9,191.8,267.0,19.60,1.704
444,408.9,191.4,267.0,19.60,1.623
444,408.9,190.9,267.0,19.60,1.623
444,408.9,190.5,267.0,19.60,1.623
444,408.9,193.0,267.0,19.56,1.623
444,408.9,192.6,267.0,19.56,1.704
444,408.9,192.1,267.0,19.56,1.704
444,408.9,194.6,267.0,19.56,1.704
444,408.9,194.2,267.0,19.56,1.704
444,408.9,193.7,267.0,19.56,1.704
444,408.9,193.3,267.0,19.56,1.704
444,408.9,192.9,267.0,19.56,1.704
444,408.9,192.4,267.0,19.56,1.704
444,408.9,192.0,267.0,19.60,1.704
444,408.9,191.5,267.0,19.60,1.623
444,408.9,191.1,267.0,19.60,1.623
444,408.9,190.6,267.0,19.60,1.623
444,408.9,193.1,267.0,19.56,1.623
444,408.9,192.7,267.0,19.56,1.704
444,408.9,192.2,267.0,19.56,1.704
444,408.9,191.8,267.0,19.60,1.704
444,408.9,191.4,267.0,19.60,1.623
444,408.9,190.9,267.0,19.60,1.623
444,408.9,190.5,267.0,19.60,1.623
444,408.9,193.0,267.0,19.56,1.623
444,408.9,192.5,267.0,19.56,1.704
444,408.9,192.1,267.0,19.56,1.704
444,408.9,194.6,267.0,19.56,1.704
444,408.9,194.2,267.0,19.56,1.704
444,408.9,193.7,267.0,19.56,1.704
444,408.9,193.3,267.0,19.56,1.704
444,408.9,192.8,267.0,19.56,1.704
444,408.9,192.4,267.0,19.56,1.704
444,408.9,191.9,267.0,19.60,1.704
444,408.9,191.5,267.0,19.60,1.623
444,408.9,191.1,267.0,19.60,1.623
444,408.9,190.6,267.0,19.60,1.623
444,408.9,193.1,267.0,19.56,1.623
444,408.9,192.7,267.0,19.56,1.704
444,408.9,192.2,267.0,19.56,1.704
444,408.9,194.7,267.0,19.56,1.704
444,408.9,194.3,267.0,19.56,1.704
444,408.9,193.8,267.0,19.56,1.704
444,408.9,193.4,267.0,19.56,1.704
444,408.9,192.9,267.0,19.56,1.704
444,408.9,192.5,267.0,19.56,1.704
444,408.9,192.1,267.0,19.56,1.704
444,408.9,194.6,267.0,19.56,1.704
444,408.9,194.1,267.0,19.56,1.704
444,408.9,193.7,267.0,19.56,1.704
444,408.9,193.2,267.0,19.56,1.704
444,408.9,192.8,267.0,19.56,1.704
444,408.9,192.3,267.0,19.56,1.704
444,408.9,191.9,267.0,19.60,1.704
444,408.9,191.5,267.0,19.60,1.623
444,408.9,191.0,267.0,19.60,1.623
444,408.9,190.6,267.0,19.60,1.623
444,408.9,193.1,267.0,19.56,1.623
444,408.9,192.6,267.0,19.56,1.704
444,408.9,192.2,267.0,19.56,1.704
444,408.9,194.7,267.0,19.56,1.704
444,408.9,194.2,267.0,19.56,1.704
444,408.9,193.8,267.0,19.56,1.704
444,408.9,193.4,267.0,19.56,1.704
444,408.9,192.9,267.0,19.56,1.704
444,408.9,192.5,267.0,19.56,1.704
444,408.9,192.0,267.0,19.56,1.704
444,408.9,194.5,267.0,19.56,1.704
444,408.9,194.1,267.0,19.56,1.704
444,408.9,193.7,267.0,19.56,1.704
444,408.9,193.2,267.0,19.56,1.704
444,408.9,192.8,267.0,19.56,1.704
444,408.9,192.3,267.0,19.56,1.704
444,408.9,191.9,267.0,19.60,1.704
444,408.9,191.4,267.0,19.60,1.623
444,408.9,191.0,267.0,19.60,1.623
444,408.9,190.6,267.0,19.60,1.623
444,408.9,193.1,267.0,19.56,1.623
444,408.9,192.6,267.0,19.56,1.704
444,408.9,192.2,267.0,19.56,1.704
444,408.9,194.7,267.0,19.56,1.704
444,408.9,194.2,267.0,19.56,1.704
444,408.9,193.8,267.0,19.56,1.704
444,408.9,193.3,267.0,19.56,1.704
444,408.9,192.9,267.0,19.56,1.704
444,408.9,192.5,267.0,19.56,1.704
444,408.9,192.0,267.0,19.56,1.704
444,408.9,194.5,267.0,19.56,1.704
444,408.9,194.1,267.0,19.56,1.704
444,408.9,193.6,267.0,19.56,1.704
444,408.9,193.2,267.0,19.56,1.704
444,408.9,192.7,267.0,19.56,1.704
444,408.9,192.3,267.0,19.56,1.704
444,408.9,191.9,267.0,19.60,1.704
444,408.9,191.4,267.0,19.60,1.623
444,408.9,191.0,267.0,19.60,1.623
444,408.9,190.5,267.0,19.60,1.623
444,408.9,193.0,267.0,19.56,1.623
444,408.9,192.6,267.0,19.56,1.704
444,408.9,192.1,267.0,19.56,1.704
444,408.9,194.6,267.0,19.56,1.704
444,408.9,194.2,267.0,19.56,1.704
444,408.9,193.8,267.0,19.56,1.704
450,355.8,184.4,260.1,21.56,0.834
450,359.0,184.1,255.1,21.56,0.736
450,365.2,185.6,254.7,19.29,0.736
450,371.4,187.1,254.2,19.29,0.800
450,376.2,189.0,260.4,19.92,0.800
450,380.9,191.0,266.6,19.89,1.008
450,385.9,190.5,267.0,19.60,1.252
450,388.9,192.9,267.0,19.56,1.623
450,391.8,192.4,267.0,19.56,1.704
450,394.7,192.0,267.0,19.60,1.704
450,394.7,191.5,267.0,19.60,1.623
450,394.7,191.1,267.0,19.60,1.623
450,394.7,190.6,267.0,19.60,1.623
450,394.7,193.1,267.0,19.56,1.623
450,394.7,192.7,267.0,19.56,1.704
450,394.7,192.2,267.0,19.56,1.704
450,394.7,191.8,267.0,19.60,1.704
450,394.7,191.4,267.0,19.60,1.623
450,394.7,190.9,267.0,19.60,1.623
450,394.7,190.5,267.0,19.60,1.623
450,394.7,193.0,267.0,19.56,1.623
450,394.7,192.5,267.0,19.56,1.704
450,394.7,192.1,267.0,19.56,1.704
450,394.7,194.6,267.0,19.56,1.704
450,394.7,194.2,267.0,19.56,1.704
450,394.7,193.7,267.0,19.56,1.704
450,394.7,193.3,267.0,19.56,1.704
450,394.7,192.8,267.0,19.56,1.704
450,394.7,192.4,267.0,19.56,1.704
450,394.7,191.9,267.0,19.60,1.704
450,394.7,191.5,267.0,19.60,1.623
450,394.7,191.1,267.0,19.60,1.623
450,394.7,190.6,267.0,19.60,1.623
450,394.7,193.1,267.0,19.56,1.623
450,394.7,192.7,267.0,19.56,1.704
450,394.7,192.2,267.0,19.56,1.704
450,394.7,194.7,267.0,19.56,1.704
450,394.7,194.3,267.0,19.56,1.704
450,394.7,193.8,267.0,19.56,1.704
450,394.7,193.4,267.0,19.56,1.704
450,394.7,192.9,267.0,19.56,1.704
450,394.7,192.5,267.0,19.56,1.704
450,394.7,192.1,267.0,19.56,1.704
450,394.7,194.6,267.0,19.56,1.704
450,394.7,194.1,267.0,19.56,1.704
450,394.7,193.7,267.0,19.56,1.704
450,394.7,193.2,267.0,19.56,1.704
450,394.7,192.8,267.0,19.56,1.704
450,394.7,192.3,267.0,19.56,1.704
450,394.7,191.9,267.0,19.60,1.704
450,394.7,191.5,267.0,19.60,1.623
450,394.7,191.0,267.0,19.60,1.623
450,394.7,190.6,267.0,19.60,1.623
450,394.7,193.1,267.0,19.56,1.623
450,394.7,192.6,267.0,19.56,1.704
450,394.7,192.2,267.0,19.56,1.704
450,394.7,194.7,267.0,19.56,1.704
450,394.7,194.2,267.0,19.56,1.704
450,394.7,193.8,267.0,19.56,1.704
450,394.7,193.4,267.0,19.56,1.704
450,394.7,192.9,267.0,19.56,1.704
450,394.7,192.5,267.0,19.56,1.704
450,394.7,192.0,267.0,19.56,1.704
450,394.7,194.5,267.0,19.56,1.704
450,394.7,194.1,267.0,19.56,1.704
450,394.7,193.7,267.0,19.56,1.704
450,394.7,193.2,267.0,19.56,1.704
450,394.7,192.8,267.0,19.56,1.704
450,394.7,192.3,267.0,19.56,1.704
450,394.7,191.9,267.0,19.60,1.704
450,394.7,191.4,267.0,19.60,1.623
450,394.7,191.0,267.0,19.60,1.623
450,394.7,190.6,267.0,19.60,1.623
450,394.7,193.1,267.0,19.56,1.623
450,394.7,192.6,267.0,19.56,1.704
450,394.7,192.2,267.0,19.56,1.704
450,394.7,194.7,267.0,19.56,1.704
450,394.7,194.2,267.0,19.56,1.704
450,394.7,193.8,267.0,19.56,1.704
450,394.7,193.3,267.0,19.56,1.704
450,394.7,192.9,267.0,19.56,1.704
450,394.7,192.5,267.0,19.56,1.704
450,394.7,192.0,267.0,19.56,1.704
450,394.7,194.5,267.0,19.56,1.704
450,394.7,194.1,267.0,19.56,1.704
450,394.7,193.6,267.0,19.56,1.704
450,394.7,193.2,267.0,19.56,1.704
450,394.7,192.7,267.0,19.56,1.704
450,394.7,192.3,267.0,19.56,1.704
450,394.7,191.9,267.0,19.60,1.704
450,394.7,191.4,267.0,19.60,1.623
450,394.7,191.0,267.0,19.60,1.623
450,394.7,190.5,267.0,19.60,1.623
450,394.7,193.0,267.0,19.56,1.623
450,394.7,192.6,267.0,19.56,1.704
450,394.7,192.1,267.0,19.56,1.704
450,394.7,194.6,267.0,19.56,1.704
450,394.7,194.2,267.0,19.56,1.704
450,394.7,193.8,267.0,19.56,1.704
450,394.7,193.3,267.0,19.56,1.704
450,394.7,192.9,267.0,19.56,1.704
450,394.7,192.4,267.0,19.56,1.704
450,394.7,192.0,267.0,19.60,1.704
450,394.7,191.5,267.0,19.60,1.623
450,394.7,191.1,267.0,19.60,1.623
450,394.7,190.7,267.0,19.60,1.623
450,394.7,193.2,267.0,19.56,1.623
450,394.7,192.7,267.0,19.56,1.704
450,394.7,192.3,267.0,19.56,1.704
450,394.7,191.8,267.0,19.60,1.704
450,394.7,191.4,267.0,19.60,1.623
450,394.7,190.9,267.0,19.60,1.623
450,394.7,190.5,267.0,19.60,1.623
450,394.7,193.0,267.0,19.56,1.623
450,394.7,192.6,267.0,19.56,1.704
450,394.7,192.1,267.0,19.56,1.704
450,394.7,194.6,267.0,19.56,1.704
450,394.7,194.2,267.0,19.56,1.704
450,394.7,193.7,267.0,19.56,1.704
450,394.7,193.3,267.0,19.56,1.704
450,394.7,192.8,267.0,19.56,1.704
450,394.7,192.4,267.0,19.56,1.704
450,394.7,191.9,267.0,19.60,1.704
450,394.7,191.5,267.0,19.60,1.623
450,394.7,191.1,267.0,19.60,1.623
450,394.7,190.6,267.0,19.60,1.623
450,394.7,193.1,267.0,19.56,1.623
450,394.7,192.7,267.0,19.56,1.704
450,394.7,192.2,267.0,19.56,1.704
450,394.7,191.8,267.0,19.60,1.704
450,394.7,191.3,267.0,19.60,1.623
450,394.7,190.9,267.0,19.60,1.623
450,394.7,190.5,267.0,19.60,1.623
450,394.7,193.0,267.0,19.56,1.623
450,394.7,192.5,267.0,19.56,1.704
450,394.7,192.1,267.0,19.56,1.704
450,394.7,194.6,267.0,19.56,1.704
450,394.7,194.1,267.0,19.56,1.704
450,394.7,193.7,267.0,19.56,1.704
450,394.7,193.3,267.0,19.56,1.704
450,394.7,192.8,267.0,19.56,1.704
450,394.7,192.4,267.0,19.56,1.704
450,394.7,191.9,267.0,19.60,1.704
450,394.7,191.5,267.0,19.60,1.623
450,394.7,191.0,267.0,19.60,1.623
450,394.7,190.6,267.0,19.60,1.623
450,394.7,193.1,267.0,19.56,1.623
450,394.7,192.7,267.0,19.56,1.704
450,394.7,192.2,267.0,19.56,1.704
450,394.7,194.7,267.0,19.56,1.704
450,394.7,194.3,267.0,19.56,1.704
450,394.7,193.8,267.0,19.56,1.704
450,394.7,193.4,267.0,19.56,1.704
450,394.7,192.9,267.0,19.56,1.704
450,394.7,192.5,267.0,19.56,1.704
450,394.7,192.1,267.0,19.56,1.704
450,394.7,194.6,267.0,19.56,1.704
450,394.7,194.1,267.0,19.56,1.704
450,394.7,193.7,267.0,19.56,1.704
450,394.7,193.2,267.0,19.56,1.704
456,401.5,159.5,257.4,18.34,0.827
456,401.5,164.3,249.8,19.54,1.120
456,401.5,168.3,244.0,19.38,0.881
456,401.5,173.2,242.7,19.38,0.633
456,401.5,178.1,241.3,19.38,0.633
456,401.5,179.9,246.4,19.38,0.633
456,401.5,181.8,251.5,19.73,0.633
456,401.5,184.1,261.9,19.42,0.676
456,401.5,186.6,267.0,19.35,1.325
456,401.5,189.1,267.0,19.35,1.732
456,401.5,191.6,267.0,19.35,1.732
456,401.5,191.2,267.0,19.35,1.732
456,401.5,190.7,267.0,19.35,1.732
456,401.5,193.2,267.0,19.67,1.732
456,401.5,192.8,267.0,19.67,1.846
456,401.5,192.3,267.0,19.67,1.846
456,401.5,191.9,267.0,19.35,1.846
456,401.5,191.5,267.0,19.35,1.732
456,401.5,191.0,267.0,19.35,1.732
456,401.5,190.6,267.0,19.35,1.732
456,401.5,193.1,267.0,19.67,1.732
456,401.5,192.6,267.0,19.67,1.846
456,401.5,192.2,267.0,19.67,1.846
456,401.5,194.7,267.0,19.67,1.846
456,401.5,194.3,267.0,19.67,1.846
456,401.5,193.8,267.0,19.67,1.846
456,401.5,193.4,267.0,19.67,1.846
456,401.5,192.9,267.0,19.67,1.846
456,401.5,192.5,267.0,19.67,1.846
456,401.5,192.0,267.0,19.67,1.846
456,401.5,194.5,267.0,19.67,1.846
456,401.5,194.1,267.0,19.67,1.846
456,401.5,193.7,267.0,19.67,1.846
456,401.5,193.2,267.0,19.67,1.846
456,401.5,192.8,267.0,19.67,1.846
456,401.5,192.3,267.0,19.67,1.846
456,401.5,191.9,267.0,19.35,1.846
456,401.5,191.4,267.0,19.35,1.732
456,401.5,191.0,267.0,19.35,1.732
456,401.5,190.6,267.0,19.35,1.732
456,401.5,193.1,267.0,19.67,1.732
456,401.5,192.6,267.0,19.67,1.846
456,401.5,192.2,267.0,19.67,1.846
456,401.5,194.7,267.0,19.67,1.846
456,401.5,194.2,267.0,19.67,1.846
456,401.5,193.8,267.0,19.67,1.846
456,401.5,193.3,267.0,19.67,1.846
456,401.5,192.9,267.0,19.67,1.846
456,401.5,192.5,267.0,19.67,1.846
456,401.5,192.0,267.0,19.67,1.846
456,401.5,194.5,267.0,19.67,1.846
456,401.5,194.1,267.0,19.67,1.846
456,401.5,193.6,267.0,19.67,1.846
456,401.5,193.2,267.0,19.67,1.846
456,401.5,192.7,267.0,19.67,1.846
456,401.5,192.3,267.0,19.67,1.846
456,401.5,191.9,267.0,19.35,1.846
456,401.5,191.4,267.0,19.35,1.732
456,401.5,191.0,267.0,19.35,1.732
456,401.5,190.5,267.0,19.35,1.732
456,401.5,193.0,267.0,19.67,1.732
456,401.5,192.6,267.0,19.67,1.846
456,401.5,192.1,267.0,19.67,1.846
456,401.5,194.6,267.0,19.67,1.846
456,401.5,194.2,267.0,19.67,1.846
456,401.5,193.8,267.0,19.67,1.846
456,401.5,193.3,267.0,19.67,1.846
456,401.5,192.9,267.0,19.67,1.846
456,401.5,192.4,267.0,19.67,1.846
456,401.5,192.0,267.0,19.35,1.846
456,401.5,191.5,267.0,19.35,1.732
456,401.5,191.1,267.0,19.35,1.732
456,401.5,190.7,267.0,19.35,1.732
456,401.5,193.2,267.0,19.67,1.732
456,401.5,192.7,267.0,19.67,1.846
456,401.5,192.3,267.0,19.67,1.846
456,401.5,191.8,267.0,19.35,1.846
456,401.5,191.4,267.0,19.35,1.732
456,401.5,190.9,267.0,19.35,1.732
456,401.5,190.5,267.0,19.35,1.732
456,401.5,193.0,267.0,19.67,1.732
456,401.5,192.6,267.0,19.67,1.846
456,401.5,192.1,267.0,19.67,1.846
456,401.5,194.6,267.0,19.67,1.846
456,401.5,194.2,267.0,19.67,1.846
456,401.5,193.7,267.0,19.67,1.846
456,401.5,193.3,267.0,19.67,1.846
456,401.5,192.9,267.0,19.67,1.846
456,401.5,192.4,267.0,19.67,1.846
456,401.5,192.0,267.0,19.35,1.846
456,401.5,191.5,267.0,19.35,1.732
456,401.5,191.1,267.0,19.35,1.732
456,401.5,190.6,267.0,19.35,1.732
456,401.5,193.1,267.0,19.67,1.732
456,401.5,192.7,267.0,19.67,1.846
456,401.5,192.2,267.0,19.67,1.846
456,401.5,191.8,267.0,19.35,1.846
456,401.5,191.4,267.0,19.35,1.732
456,401.5,190.9,267.0,19.35,1.732
456,401.5,190.5,267.0,19.35,1.732
456,401.5,193.0,267.0,19.67,1.732
456,401.5,192.5,267.0,19.67,1.846
456,401.5,192.1,267.0,19.67,1.846
456,401.5,194.6,267.0,19.67,1.846
456,401.5,194.2,267.0,19.67,1.846
456,401.5,193.7,267.0,19.67,1.846
456,401.5,193.3,267.0,19.67,1.846
456,401.5,192.8,267.0,19.67,1.846
456,401.5,192.4,267.0,19.67,1.846
456,401.5,191.9,267.0,19.35,1.846
456,401.5,191.5,267.0,19.35,1.732
456,401.5,191.1,267.0,19.35,1.732
456,401.5,190.6,267.0,19.35,1.732
456,401.5,193.1,267.0,19.67,1.732
456,401.5,192.7,267.0,19.67,1.846
456,401.5,192.2,267.0,19.67,1.846
456,401.5,194.7,267.0,19.67,1.846
456,401.5,194.3,267.0,19.67,1.846
456,401.5,193.8,267.0,19.67,1.846
456,401.5,193.4,267.0,19.67,1.846
456,401.5,192.9,267.0,19.67,1.846
456,401.5,192.5,267.0,19.67,1.846
456,401.5,192.1,267.0,19.67,1.846
456,401.5,194.6,267.0,19.67,1.846
456,401.5,194.1,267.0,19.67,1.846
456,401.5,193.7,267.0,19.67,1.846
456,401.5,193.2,267.0,19.67,1.846
456,401.5,192.8,267.0,19.67,1.846
456,401.5,192.3,267.0,19.67,1.846
456,401.5,191.9,267.0,19.35,1.846
456,401.5,191.5,267.0,19.35,1.732
456,401.5,191.0,267.0,19.35,1.732
456,401.5,190.6,267.0,19.35,1.732
456,401.5,193.1,267.0,19.67,1.732
456,401.5,192.6,267.0,19.67,1.846
456,401.5,192.2,267.0,19.67,1.846
456,401.5,194.7,267.0,19.67,1.846
456,401.5,194.2,267.0,19.67,1.846
456,401.5,193.8,267.0,19.67,1.846
456,401.5,193.4,267.0,19.67,1.846
456,401.5,192.9,267.0,19.67,1.846
456,401.5,192.5,267.0,19.67,1.846
456,401.5,192.0,267.0,19.67,1.846
456,401.5,194.5,267.0,19.67,1.846
456,401.5,194.1,267.0,19.67,1.846
456,401.5,193.7,267.0,19.67,1.846
456,401.5,193.2,267.0,19.67,1.846
456,401.5,192.8,267.0,19.67,1.846
456,401.5,192.3,267.0,19.67,1.846
456,401.5,191.9,267.0,19.35,1.846
456,401.5,191.4,267.0,19.35,1.732
456,401.5,191.0,267.0,19.35,1.732
456,401.5,190.6,267.0,19.35,1.732
456,401.5,193.1,267.0,19.67,1.732
456,401.5,192.6,267.0,19.67,1.846
456,401.5,192.2,267.0,19.67,1.846
456,401.5,194.7,267.0,19.67,1.846
456,401.5,194.2,267.0,19.67,1.846
456,401.5,193.8,267.0,19.67,1.846
456,401.5,193.3,267.0,19.67,1.846
462,415.2,245.5,260.0,20.06,0.835
462,414.9,242.3,255.0,20.06,0.739
462,414.6,239.1,250.1,19.88,0.739
462,413.5,233.9,248.8,19.88,0.689
462,412.4,228.6,247.6,19.88,0.689
462,410.8,224.4,249.9,20.07,0.689
462,409.2,220.2,252.3,19.65,0.635
462,406.8,215.2,258.3,19.66,1.020
462,406.8,212.1,267.0,19.58,1.298
462,406.8,208.8,267.0,19.58,1.685
462,406.8,205.6,267.0,19.58,1.685
462,406.8,205.2,267.0,19.58,1.685
462,406.8,204.7,267.0,19.58,1.685
462,406.8,204.3,267.0,19.58,1.685
462,406.8,203.8,267.0,19.67,1.685
462,406.8,203.4,267.0,19.67,1.846
462,406.8,203.0,267.0,19.67,1.846
462,406.8,202.5,267.0,19.67,1.846
462,406.8,202.1,267.0,19.67,1.846
462,406.8,201.6,267.0,19.67,1.846
462,406.8,201.2,267.0,19.67,1.846
462,406.8,200.7,267.0,19.67,1.846
462,406.8,200.3,267.0,19.67,1.846
462,406.8,199.8,267.0,19.67,1.846
462,406.8,199.4,267.0,19.67,1.846
462,406.8,199.0,267.0,19.67,1.846
462,406.8,198.5,267.0,19.67,1.846
462,406.8,198.1,267.0,19.67,1.846
462,406.8,197.6,267.0,19.67,1.846
462,406.8,197.2,267.0,19.67,1.846
462,406.8,196.8,267.0,19.67,1.846
462,406.8,196.3,267.0,19.67,1.846
462,406.8,195.9,267.0,19.67,1.846
462,406.8,195.4,267.0,19.67,1.846
462,406.8,195.0,267.0,19.67,1.846
462,406.8,194.5,267.0,19.67,1.846
462,406.8,194.1,267.0,19.67,1.846
462,406.8,193.7,267.0,19.67,1.846
462,406.8,193.2,267.0,19.67,1.846
462,406.8,192.8,267.0,19.67,1.846
462,406.8,192.3,267.0,19.67,1.846
462,406.8,191.9,267.0,19.35,1.846
462,406.8,191.4,267.0,19.35,1.732
462,406.8,191.0,267.0,19.35,1.732
462,406.8,190.5,267.0,19.35,1.732
462,406.8,193.1,267.0,19.67,1.732
462,406.8,192.6,267.0,19.67,1.846
462,406.8,192.2,267.0,19.67,1.846
462,406.8,194.7,267.0,19.67,1.846
462,406.8,194.2,267.0,19.67,1.846
462,406.8,193.8,267.0,19.67,1.846
462,406.8,193.3,267.0,19.67,1.846
462,406.8,192.9,267.0,19.67,1.846
462,406.8,192.5,267.0,19.67,1.846
462,406.8,192.0,267.0,19.67,1.846
462,406.8,194.5,267.0,19.67,1.846
462,406.8,194.1,267.0,19.67,1.846
462,406.8,193.6,267.0,19.67,1.846
462,406.8,193.2,267.0,19.67,1.846
462,406.8,192.7,267.0,19.67,1.846
462,406.8,192.3,267.0,19.67,1.846
462,406.8,191.9,267.0,19.35,1.846
462,406.8,191.4,267.0,19.35,1.732
462,406.8,191.0,267.0,19.35,1.732
462,406.8,190.5,267.0,19.35,1.732
462,406.8,193.0,267.0,19.67,1.732
462,406.8,192.6,267.0,19.67,1.846
462,406.8,192.1,267.0,19.67,1.846
462,406.8,194.6,267.0,19.67,1.846
462,406.8,194.2,267.0,19.67,1.846
462,406.8,193.8,267.0,19.67,1.846
462,406.8,193.3,267.0,19.67,1.846
462,406.8,192.9,267.0,19.67,1.846
462,406.8,192.4,267.0,19.67,1.846
462,406.8,192.0,267.0,19.35,1.846
462,406.8,191.5,267.0,19.35,1.732
462,406.8,191.1,267.0,19.35,1.732
462,406.8,190.7,267.0,19.35,1.732
462,406.8,193.2,267.0,19.67,1.732
462,406.8,192.7,267.0,19.67,1.846
462,406.8,192.3,267.0,19.67,1.846
462,406.8,191.8,267.0,19.35,1.846
462,406.8,191.4,267.0,19.35,1.732
462,406.8,190.9,267.0,19.35,1.732
462,406.8,190.5,267.0,19.35,1.732
462,406.8,193.0,267.0,19.67,1.732
462,406.8,192.6,267.0,19.67,1.846
462,406.8,192.1,267.0,19.67,1.846
462,406.8,194.6,267.0,19.67,1.846
462,406.8,194.2,267.0,19.67,1.846
462,406.8,193.7,267.0,19.67,1.846
462,406.8,193.3,267.0,19.67,1.846
462,406.8,192.8,267.0,19.67,1.846
462,406.8,192.4,267.0,19.67,1.846
462,406.8,191.9,267.0,19.35,1.846
462,406.8,191.5,267.0,19.35,1.732
462,406.8,191.1,267.0,19.35,1.732
462,406.8,190.6,267.0,19.35,1.732
462,406.8,193.1,267.0,19.67,1.732
462,406.8,192.7,267.0,19.67,1.846
462,406.8,192.2,267.0,19.67,1.846
462,406.8,191.8,267.0,19.35,1.846
462,406.8,191.3,267.0,19.35,1.732
462,406.8,190.9,267.0,19.35,1.732
462,406.8,190.5,267.0,19.35,1.732
462,406.8,193.0,267.0,19.67,1.732
462,406.8,192.5,267.0,19.67,1.846
462,406.8,192.1,267.0,19.67,1.846
462,406.8,194.6,267.0,19.67,1.846
462,406.8,194.1,267.0,19.67,1.846
462,406.8,193.7,267.0,19.67,1.846
462,406.8,193.2,267.0,19.67,1.846
462,406.8,192.8,267.0,19.67,1.846
462,406.8,192.4,267.0,19.67,1.846
462,406.8,191.9,267.0,19.35,1.846
462,406.8,191.5,267.0,19.35,1.732
462,406.8,191.0,267.0,19.35,1.732
462,406.8,190.6,267.0,19.35,1.732
462,406.8,193.1,267.0,19.67,1.732
462,406.8,192.7,267.0,19.67,1.846
462,406.8,192.2,267.0,19.67,1.846
462,406.8,194.7,267.0,19.67,1.846
462,406.8,194.3,267.0,19.67,1.846
462,406.8,193.8,267.0,19.67,1.846
462,406.8,193.4,267.0,19.67,1.846
462,406.8,192.9,267.0,19.67,1.846
462,406.8,192.5,267.0,19.67,1.846
462,406.8,192.1,267.0,19.67,1.846
462,406.8,194.6,267.0,19.67,1.846
462,406.8,194.1,267.0,19.67,1.846
462,406.8,193.7,267.0,19.67,1.846
462,406.8,193.2,267.0,19.67,1.846
462,406.8,192.8,267.0,19.67,1.846
462,406.8,192.3,267.0,19.67,1.846
462,406.8,191.9,267.0,19.35,1.846
462,406.8,191.5,267.0,19.35,1.732
462,406.8,191.0,267.0,19.35,1.732
462,406.8,190.6,267.0,19.35,1.732
462,406.8,193.1,267.0,19.67,1.732
462,406.8,192.6,267.0,19.67,1.846
462,406.8,192.2,267.0,19.67,1.846
462,406.8,194.7,267.0,19.67,1.846
462,406.8,194.2,267.0,19.67,1.846
462,406.8,193.8,267.0,19.67,1.846
462,406.8,193.3,267.0,19.67,1.846
462,406.8,192.9,267.0,19.67,1.846
462,406.8,192.5,267.0,19.67,1.846
462,406.8,192.0,267.0,19.67,1.846
462,406.8,194.5,267.0,19.67,1.846
462,406.8,194.1,267.0,19.67,1.846
462,406.8,193.6,267.0,19.67,1.846
462,406.8,193.2,267.0,19.67,1.846
462,406.8,192.8,267.0,19.67,1.846
462,406.8,192.3,267.0,19.67,1.846
462,406.8,191.9,267.0,19.35,1.846
462,406.8,191.4,267.0,19.35,1.732
462,406.8,191.0,267.0,19.35,1.732
462,406.8,190.5,267.0,19.35,1.732
462,406.8,193.0,267.0,19.67,1.732
462,406.8,192.6,267.0,19.67,1.846
468,413.5,169.3,257.5,19.18,1.274
468,411.4,175.1,257.4,19.18,0.776
468,409.3,181.0,257.2,19.65,0.776
468,406.6,183.1,266.6,19.35,1.252
468,406.6,185.6,267.0,19.35,1.732
468,406.6,188.1,267.0,19.35,1.732
468,406.6,190.6,267.0,19.35,1.732
468,406.6,193.1,267.0,19.67,1.732
468,406.6,192.7,267.0,19.67,1.846
468,406.6,192.3,267.0,19.67,1.846
468,406.6,191.8,267.0,19.35,1.846
468,406.6,191.4,267.0,19.35,1.732
468,406.6,190.9,267.0,19.35,1.732
468,406.6,190.5,267.0,19.35,1.732
468,406.6,193.0,267.0,19.67,1.732
468,406.6,192.5,267.0,19.67,1.846
468,406.6,192.1,267.0,19.67,1.846
468,406.6,194.6,267.0,19.67,1.846
468,406.6,194.2,267.0,19.67,1.846
468,406.6,193.7,267.0,19.67,1.846
468,406.6,193.3,267.0,19.67,1.846
468,406.6,192.8,267.0,19.67,1.846
468,406.6,192.4,267.0,19.67,1.846
468,406.6,191.9,267.0,19.35,1.846
468,406.6,191.5,267.0,19.35,1.732
468,406.6,191.1,267.0,19.35,1.732
468,406.6,190.6,267.0,19.35,1.732
468,406.6,193.1,267.0,19.67,1.732
468,406.6,192.7,267.0,19.67,1.846
468,406.6,192.2,267.0,19.67,1.846
468,406.6,191.8,267.0,19.35,1.846
468,406.6,191.3,267.0,19.35,1.732
468,406.6,190.9,267.0,19.35,1.732
468,406.6,190.5,267.0,19.35,1.732
468,406.6,193.0,267.0,19.67,1.732
468,406.6,192.5,267.0,19.67,1.846
468,406.6,192.1,267.0,19.67,1.846
468,406.6,194.6,267.0,19.67,1.846
468,406.6,194.1,267.0,19.67,1.846
468,406.6,193.7,267.0,19.67,1.846
468,406.6,193.2,267.0,19.67,1.846
468,406.6,192.8,267.0,19.67,1.846
468,406.6,192.4,267.0,19.67,1.846
468,406.6,191.9,267.0,19.35,1.846
468,406.6,191.5,267.0,19.35,1.732
468,406.6,191.0,267.0,19.35,1.732
468,406.6,190.6,267.0,19.35,1.732
468,406.6,193.1,267.0,19.67,1.732
468,406.6,192.7,267.0,19.67,1.846
468,406.6,192.2,267.0,19.67,1.846
468,406.6,194.7,267.0,19.67,1.846
468,406.6,194.3,267.0,19.67,1.846
468,406.6,193.8,267.0,19.67,1.846
468,406.6,193.4,267.0,19.67,1.846
468,406.6,192.9,267.0,19.67,1.846
468,406.6,192.5,267.0,19.67,1.846
468,406.6,192.1,267.0,19.67,1.846
468,406.6,194.6,267.0,19.67,1.846
468,406.6,194.1,267.0,19.67,1.846
468,406.6,193.7,267.0,19.67,1.846
468,406.6,193.2,267.0,19.67,1.846
468,406.6,192.8,267.0,19.67,1.846
468,406.6,192.3,267.0,19.67,1.846
468,406.6,191.9,267.0,19.35,1.846
468,406.6,191.5,267.0,19.35,1.732
468,406.6,191.0,267.0,19.35,1.732
468,406.6,190.6,267.0,19.35,1.732
468,406.6,193.1,267.0,19.67,1.732
468,406.6,192.6,267.0,19.67,1.846
468,406.6,192.2,267.0,19.67,1.846
468,406.6,194.7,267.0,19.67,1.846
468,406.6,194.2,267.0,19.67,1.846
468,406.6,193.8,267.0,19.67,1.846
468,406.6,193.3,267.0,19.67,1.846
468,406.6,192.9,267.0,19.67,1.846
468,406.6,192.5,267.0,19.67,1.846
468,406.6,192.0,267.0,19.67,1.846
468,406.6,194.5,267.0,19.67,1.846
468,406.6,194.1,267.0,19.67,1.846
468,406.6,193.6,267.0,19.67,1.846
468,406.6,193.2,267.0,19.67,1.846
468,406.6,192.8,267.0,19.67,1.846
468,406.6,192.3,267.0,19.67,1.846
468,406.6,191.9,267.0,19.35,1.846
468,406.6,191.4,267.0,19.35,1.732
468,406.6,191.0,267.0,19.35,1.732
468,406.6,190.5,267.0,19.35,1.732
468,406.6,193.0,267.0,19.67,1.732
468,406.6,192.6,267.0,19.67,1.846
468,406.6,192.2,267.0,19.67,1.846
468,406.6,194.6,267.0,19.67,1.846
468,406.6,194.2,267.0,19.67,1.846
468,406.6,193.8,267.0,19.67,1.846
468,406.6,193.3,267.0,19.67,1.846
468,406.6,192.9,267.0,19.67,1.846
468,406.6,192.4,267.0,19.67,1.846
468,406.6,192.0,267.0,19.35,1.846
468,406.6,191.6,267.0,19.35,1.732
468,406.6,191.1,267.0,19.35,1.732
468,406.6,190.7,267.0,19.35,1.732
468,406.6,193.2,267.0,19.67,1.732
468,406.6,192.7,267.0,19.67,1.846
468,406.6,192.3,267.0,19.67,1.846
468,406.6,191.8,267.0,19.35,1.846
468,406.6,191.4,267.0,19.35,1.732
468,406.6,190.9,267.0,19.35,1.732
468,406.6,190.5,267.0,19.35,1.732
468,406.6,193.0,267.0,19.67,1.732
468,406.6,192.6,267.0,19.67,1.846
468,406.6,192.1,267.0,19.67,1.846
468,406.6,194.6,267.0,19.67,1.846
468,406.6,194.2,267.0,19.67,1.846
468,406.6,193.7,267.0,19.67,1.846
468,406.6,193.3,267.0,19.67,1.846
468,406.6,192.9,267.0,19.67,1.846
468,406.6,192.4,267.0,19.67,1.846
468,406.6,192.0,267.0,19.35,1.846
468,406.6,191.5,267.0,19.35,1.732
468,406.6,191.1,267.0,19.35,1.732
468,406.6,190.6,267.0,19.35,1.732
468,406.6,193.1,267.0,19.67,1.732
468,406.6,192.7,267.0,19.67,1.846
468,406.6,192.2,267.0,19.67,1.846
468,406.6,191.8,267.0,19.35,1.846
468,406.6,191.4,267.0,19.35,1.732
468,406.6,190.9,267.0,19.35,1.732
468,406.6,190.5,267.0,19.35,1.732
468,406.6,193.0,267.0,19.67,1.732
468,406.6,192.5,267.0,19.67,1.846
468,406.6,192.1,267.0,19.67,1.846
468,406.6,194.6,267.0,19.67,1.846
468,406.6,194.2,267.0,19.67,1.846
468,406.6,193.7,267.0,19.67,1.846
468,406.6,193.3,267.0,19.67,1.846
468,406.6,192.8,267.0,19.67,1.846
468,406.6,192.4,267.0,19.67,1.846
468,406.6,191.9,267.0,19.35,1.846
468,406.6,191.5,267.0,19.35,1.732
468,406.6,191.1,267.0,19.35,1.732
468,406.6,190.6,267.0,19.35,1.732
468,406.6,193.1,267.0,19.67,1.732
468,406.6,192.7,267.0,19.67,1.846
468,406.6,192.2,267.0,19.67,1.846
468,406.6,191.8,267.0,19.35,1.846
468,406.6,191.3,267.0,19.35,1.732
468,406.6,190.9,267.0,19.35,1.732
468,406.6,190.5,267.0,19.35,1.732
468,406.6,192.9,267.0,19.67,1.732
468,406.6,192.5,267.0,19.67,1.846
468,406.6,192.1,267.0,19.67,1.846
468,406.6,194.6,267.0,19.67,1.846
468,406.6,194.1,267.0,19.67,1.846
468,406.6,193.7,267.0,19.67,1.846
468,406.6,193.2,267.0,19.67,1.846
468,406.6,192.8,267.0,19.67,1.846
468,406.6,192.3,267.0,19.67,1.846
468,406.6,191.9,267.0,19.35,1.846
468,406.6,191.5,267.0,19.35,1.732
468,406.6,191.0,267.0,19.35,1.732
468,406.6,190.6,267.0,19.35,1.732
474,397.9,170.1,257.4,18.68,1.292
474,397.9,176.1,257.0,18.68,0.754
474,397.9,182.1,256.6,19.42,0.754
474,397.9,184.5,267.0,19.35,1.325
474,397.9,187.0,267.0,19.35,1.732
474,397.9,189.5,267.0,19.35,1.732
474,397.9,192.0,267.0,19.35,1.732
474,397.9,191.5,267.0,19.35,1.732
474,397.9,191.1,267.0,19.35,1.732
474,397.9,190.6,267.0,19.35,1.732
474,397.9,193.1,267.0,19.67,1.732
474,397.9,192.7,267.0,19.67,1.846
474,397.9,192.2,267.0,19.67,1.846
474,397.9,191.8,267.0,19.35,1.846
474,397.9,191.4,267.0,19.35,1.732
474,397.9,190.9,267.0,19.35,1.732
474,397.9,190.5,267.0,19.35,1.732
474,397.9,193.0,267.0,19.67,1.732
474,397.9,192.5,267.0,19.67,1.846
474,397.9,192.1,267.0,19.67,1.846
474,397.9,194.6,267.0,19.67,1.846
474,397.9,194.2,267.0,19.67,1.846
474,397.9,193.7,267.0,19.67,1.846
474,397.9,193.3,267.0,19.67,1.846
474,397.9,192.8,267.0,19.67,1.846
474,397.9,192.4,267.0,19.67,1.846
474,397.9,191.9,267.0,19.35,1.846
474,397.9,191.5,267.0,19.35,1.732
474,397.9,191.1,267.0,19.35,1.732
474,397.9,190.6,267.0,19.35,1.732
474,397.9,193.1,267.0,19.67,1.732
474,397.9,192.7,267.0,19.67,1.846
474,397.9,192.2,267.0,19.67,1.846
474,397.9,191.8,267.0,19.35,1.846
474,397.9,191.3,267.0,19.35,1.732
474,397.9,190.9,267.0,19.35,1.732
474,397.9,190.5,267.0,19.35,1.732
474,397.9,192.9,267.0,19.67,1.732
474,397.9,192.5,267.0,19.67,1.846
474,397.9,192.1,267.0,19.67,1.846
474,397.9,194.6,267.0,19.67,1.846
474,397.9,194.1,267.0,19.67,1.846
474,397.9,193.7,267.0,19.67,1.846
474,397.9,193.2,267.0,19.67,1.846
474,397.9,192.8,267.0,19.67,1.846
474,397.9,192.3,267.0,19.67,1.846
474,397.9,191.9,267.0,19.35,1.846
474,397.9,191.5,267.0,19.35,1.732
474,397.9,191.0,267.0,19.35,1.732
474,397.9,190.6,267.0,19.35,1.732
474,397.9,193.1,267.0,19.67,1.732
474,397.9,192.6,267.0,19.67,1.846
474,397.9,192.2,267.0,19.67,1.846
474,397.9,194.7,267.0,19.67,1.846
474,397.9,194.2,267.0,19.67,1.846
474,397.9,193.8,267.0,19.67,1.846
474,397.9,193.4,267.0,19.67,1.846
474,397.9,192.9,267.0,19.67,1.846
474,397.9,192.5,267.0,19.67,1.846
474,397.9,192.0,267.0,19.67,1.846
474,397.9,194.5,267.0,19.67,1.846
474,397.9,194.1,267.0,19.67,1.846
474,397.9,193.7,267.0,19.67,1.846
474,397.9,193.2,267.0,19.67,1.846
474,397.9,192.8,267.0,19.67,1.846
474,397.9,192.3,267.0,19.67,1.846
474,397.9,191.9,267.0,19.35,1.846
474,397.9,191.4,267.0,19.35,1.732
474,397.9,191.0,267.0,19.35,1.732
474,397.9,190.6,267.0,19.35,1.732
474,397.9,193.1,267.0,19.67,1.732
474,397.9,192.6,267.0,19.67,1.846
474,397.9,192.2,267.0,19.67,1.846
474,397.9,194.7,267.0,19.67,1.846
474,397.9,194.2,267.0,19.67,1.846
474,397.9,193.8,267.0,19.67,1.846
474,397.9,193.3,267.0,19.67,1.846
474,397.9,192.9,267.0,19.67,1.846
474,397.9,192.5,267.0,19.67,1.846
474,397.9,192.0,267.0,19.67,1.846
474,397.9,194.5,267.0,19.67,1.846
474,397.9,194.1,267.0,19.67,1.846
474,397.9,193.6,267.0,19.67,1.846
474,397.9,193.2,267.0,19.67,1.846
474,397.9,192.7,267.0,19.67,1.846
474,397.9,192.3,267.0,19.67,1.846
474,397.9,191.9,267.0,19.35,1.846
474,397.9,191.4,267.0,19.35,1.732
474,397.9,191.0,267.0,19.35,1.732
474,397.9,190.5,267.0,19.35,1.732
474,397.9,193.0,267.0,19.67,1.732
474,397.9,192.6,267.0,19.67,1.846
474,397.9,192.1,267.0,19.67,1.846
474,397.9,194.6,267.0,19.67,1.846
474,397.9,194.2,267.0,19.67,1.846
474,397.9,193.8,267.0,19.67,1.846
474,397.9,193.3,267.0,19.67,1.846
474,397.9,192.9,267.0,19.67,1.846
474,397.9,192.4,267.0,19.67,1.846
474,397.9,192.0,267.0,19.35,1.846
474,397.9,191.5,267.0,19.35,1.732
474,397.9,191.1,267.0,19.35,1.732
474,397.9,190.7,267.0,19.35,1.732
474,397.9,193.2,267.0,19.67,1.732
474,397.9,192.7,267.0,19.67,1.846
474,397.9,192.3,267.0,19.67,1.846
474,397.9,191.8,267.0,19.35,1.846
474,397.9,191.4,267.0,19.35,1.732
474,397.9,190.9,267.0,19.35,1.732
474,397.9,190.5,267.0,19.35,1.732
474,397.9,193.0,267.0,19.67,1.732
474,397.9,192.6,267.0,19.67,1.846
474,397.9,192.1,267.0,19.67,1.846
474,397.9,194.6,267.0,19.67,1.846
474,397.9,194.2,267.0,19.67,1.846
474,397.9,193.7,267.0,19.67,1.846
474,397.9,193.3,267.0,19.67,1.846
474,397.9,192.8,267.0,19.67,1.846
474,397.9,192.4,267.0,19.67,1.846
474,397.9,192.0,267.0,19.35,1.846
474,397.9,191.5,267.0,19.35,1.732
474,397.9,191.1,267.0,19.35,1.732
474,397.9,190.6,267.0,19.35,1.732
474,397.9,193.1,267.0,19.67,1.732
474,397.9,192.7,267.0,19.67,1.846
474,397.9,192.2,267.0,19.67,1.846
474,397.9,191.8,267.0,19.35,1.846
474,397.9,191.4,267.0,19.35,1.732
474,397.9,190.9,267.0,19.35,1.732
474,397.9,190.5,267.0,19.35,1.732
474,397.9,193.0,267.0,19.67,1.732
474,397.9,192.5,267.0,19.67,1.846
474,397.9,192.1,267.0,19.67,1.846
474,397.9,194.6,267.0,19.67,1.846
474,397.9,194.2,267.0,19.67,1.846
474,397.9,193.7,267.0,19.67,1.846
474,397.9,193.3,267.0,19.67,1.846
474,397.9,192.8,267.0,19.67,1.846
474,397.9,192.4,267.0,19.67,1.846
474,397.9,191.9,267.0,19.35,1.846
474,397.9,191.5,267.0,19.35,1.732
474,397.9,191.0,267.0,19.35,1.732
474,397.9,190.6,267.0,19.35,1.732
474,397.9,193.1,267.0,19.67,1.732
474,397.9,192.7,267.0,19.67,1.846
474,397.9,192.2,267.0,19.67,1.846
474,397.9,194.7,267.0,19.67,1.846
474,397.9,194.3,267.0,19.67,1.846
474,397.9,193.8,267.0,19.67,1.846
474,397.9,193.4,267.0,19.67,1.846
474,397.9,192.9,267.0,19.67,1.846
474,397.9,192.5,267.0,19.67,1.846
474,397.9,192.1,267.0,19.67,1.846
474,397.9,194.6,267.0,19.67,1.846
474,397.9,194.1,267.0,19.67,1.846
474,397.9,193.7,267.0,19.67,1.846
474,397.9,193.2,267.0,19.67,1.846
474,397.9,192.8,267.0,19.67,1.846
474,397.9,192.3,267.0,19.67,1.846
474,397.9,191.9,267.0,19.35,1.846
480,403.2,165.1,257.4,18.34,1.292
480,403.2,169.8,249.8,19.38,1.120
480,403.2,174.7,248.4,19.38,0.633
480,403.2,179.6,247.1,19.38,0.633
480,403.2,181.4,252.2,19.42,0.633
480,403.2,183.8,262.5,19.42,1.325
480,403.2,186.3,267.0,19.35,1.325
480,403.2,188.8,267.0,19.35,1.732
480,403.2,191.3,267.0,19.35,1.732
480,403.2,190.8,267.0,19.35,1.732
480,403.2,190.4,267.0,19.35,1.732
480,403.2,192.9,267.0,19.67,1.732
480,403.2,192.4,267.0,19.67,1.846
480,403.2,192.0,267.0,19.35,1.846
480,403.2,191.6,267.0,19.35,1.732
480,403.2,191.1,267.0,19.35,1.732
480,403.2,190.7,267.0,19.35,1.732
480,403.2,193.2,267.0,19.67,1.732
480,403.2,192.7,267.0,19.67,1.846
480,403.2,192.3,267.0,19.67,1.846
480,403.2,191.8,267.0,19.35,1.846
480,403.2,191.4,267.0,19.35,1.732
480,403.2,190.9,267.0,19.35,1.732
480,403.2,190.5,267.0,19.35,1.732
480,403.2,193.0,267.0,19.67,1.732
480,403.2,192.6,267.0,19.67,1.846
480,403.2,192.1,267.0,19.67,1.846
480,403.2,194.6,267.0,19.67,1.846
480,403.2,194.2,267.0,19.67,1.846
480,403.2,193.7,267.0,19.67,1.846
480,403.2,193.3,267.0,19.67,1.846
480,403.2,192.9,267.0,19.67,1.846
480,403.2,192.4,267.0,19.67,1.846
480,403.2,192.0,267.0,19.35,1.846
480,403.2,191.5,267.0,19.35,1.732
480,403.2,191.1,267.0,19.35,1.732
480,403.2,190.6,267.0,19.35,1.732
480,403.2,193.1,267.0,19.67,1.732
480,403.2,192.7,267.0,19.67,1.846
480,403.2,192.2,267.0,19.67,1.846
480,403.2,191.8,267.0,19.35,1.846
480,403.2,191.4,267.0,19.35,1.732
480,403.2,190.9,267.0,19.35,1.732
480,403.2,190.5,267.0,19.35,1.732
480,403.2,193.0,267.0,19.67,1.732
480,403.2,192.5,267.0,19.67,1.846
480,403.2,192.1,267.0,19.67,1.846
480,403.2,194.6,267.0,19.67,1.846
480,403.2,194.2,267.0,19.67,1.846
480,403.2,193.7,267.0,19.67,1.846
480,403.2,193.3,267.0,19.67,1.846
480,403.2,192.8,267.0,19.67,1.846
480,403.2,192.4,267.0,19.67,1.846
480,403.2,191.9,267.0,19.35,1.846
480,403.2,191.5,267.0,19.35,1.732
480,403.2,191.1,267.0,19.35,1.732
480,403.2,190.6,267.0,19.35,1.732
480,403.2,193.1,267.0,19.67,1.732
480,403.2,192.7,267.0,19.67,1.846
480,403.2,192.2,267.0,19.67,1.846
480,403.2,191.8,267.0,19.35,1.846
480,403.2,191.3,267.0,19.35,1.732
480,403.2,190.9,267.0,19.35,1.732
480,403.2,190.5,267.0,19.35,1.732
480,403.2,193.0,267.0,19.67,1.732
480,403.2,192.5,267.0,19.67,1.846
480,403.2,192.1,267.0,19.67,1.846
480,403.2,194.6,267.0,19.67,1.846
480,403.2,194.1,267.0,19.67,1.846
480,403.2,193.7,267.0,19.67,1.846
480,403.2,193.2,267.0,19.67,1.846
480,403.2,192.8,267.0,19.67,1.846
480,403.2,192.4,267.0,19.67,1.846
480,403.2,191.9,267.0,19.35,1.846
480,403.2,191.5,267.0,19.35,1.732
480,403.2,191.0,267.0,19.35,1.732
480,403.2,190.6,267.0,19.35,1.732
480,403.2,193.1,267.0,19.67,1.732
480,403.2,192.6,267.0,19.67,1.846
480,403.2,192.2,267.0,19.67,1.846
480,403.2,194.7,267.0,19.67,1.846
480,403.2,194.3,267.0,19.67,1.846
480,403.2,193.8,267.0,19.67,1.846
480,403.2,193.4,267.0,19.67,1.846
480,403.2,192.9,267.0,19.67,1.846
480,403.2,192.5,267.0,19.67,1.846
480,403.2,192.0,267.0,19.67,1.846
480,403.2,194.5,267.0,19.67,1.846
480,403.2,194.1,267.0,19.67,1.846
480,403.2,193.7,267.0,19.67,1.846
480,403.2,193.2,267.0,19.67,1.846
480,403.2,192.8,267.0,19.67,1.846
480,403.2,192.3,267.0,19.67,1.846
480,403.2,191.9,267.0,19.35,1.846
480,403.2,191.4,267.0,19.35,1.732
480,403.2,191.0,267.0,19.35,1.732
480,403.2,190.6,267.0,19.35,1.732
480,403.2,193.1,267.0,19.67,1.732
480,403.2,192.6,267.0,19.67,1.846
480,403.2,192.2,267.0,19.67,1.846
480,403.2,194.7,267.0,19.67,1.846
480,403.2,194.2,267.0,19.67,1.846
480,403.2,193.8,267.0,19.67,1.846
480,403.2,193.3,267.0,19.67,1.846
480,403.2,192.9,267.0,19.67,1.846
480,403.2,192.5,267.0,19.67,1.846
480,403.2,192.0,267.0,19.67,1.846
480,403.2,194.5,267.0,19.67,1.846
480,403.2,194.1,267.0,19.67,1.846
480,403.2,193.6,267.0,19.67,1.846
480,403.2,193.2,267.0,19.67,1.846
480,403.2,192.7,267.0,19.67,1.846
480,403.2,192.3,267.0,19.67,1.846
480,403.2,191.9,267.0,19.35,1.846
480,403.2,191.4,267.0,19.35,1.732
480,403.2,191.0,267.0,19.35,1.732
480,403.2,190.5,267.0,19.35,1.732
480,403.2,193.0,267.0,19.67,1.732
480,403.2,192.6,267.0,19.67,1.846
480,403.2,192.1,267.0,19.67,1.846
480,403.2,194.6,267.0,19.67,1.846
480,403.2,194.2,267.0,19.67,1.846
480,403.2,193.8,267.0,19.67,1.846
480,403.2,193.3,267.0,19.67,1.846
480,403.2,192.9,267.0,19.67,1.846
480,403.2,192.4,267.0,19.67,1.846
480,403.2,192.0,267.0,19.35,1.846
480,403.2,191.5,267.0,19.35,1.732
480,403.2,191.1,267.0,19.35,1.732
480,403.2,190.7,267.0,19.35,1.732
480,403.2,193.2,267.0,19.67,1.732
480,403.2,192.7,267.0,19.67,1.846
480,403.2,192.3,267.0,19.67,1.846
480,403.2,191.8,267.0,19.35,1.846
480,403.2,191.4,267.0,19.35,1.732
480,403.2,190.9,267.0,19.35,1.732
480,403.2,190.5,267.0,19.35,1.732
480,403.2,193.0,267.0,19.67,1.732
480,403.2,192.6,267.0,19.67,1.846
480,403.2,192.1,267.0,19.67,1.846
480,403.2,194.6,267.0,19.67,1.846
480,403.2,194.2,267.0,19.67,1.846
480,403.2,193.7,267.0,19.67,1.846
480,403.2,193.3,267.0,19.67,1.846
480,403.2,192.9,267.0,19.67,1.846
480,403.2,192.4,267.0,19.67,1.846
480,403.2,192.0,267.0,19.35,1.846
480,403.2,191.5,267.0,19.35,1.732
480,403.2,191.1,267.0,19.35,1.732
480,403.2,190.6,267.0,19.35,1.732
480,403.2,193.1,267.0,19.67,1.732
480,403.2,192.7,267.0,19.67,1.846
480,403.2,192.2,267.0,19.67,1.846
480,403.2,191.8,267.0,19.35,1.846
480,403.2,191.4,267.0,19.35,1.732
480,403.2,190.9,267.0,19.35,1.732
480,403.2,190.5,267.0,19.35,1.732
480,403.2,193.0,267.0,19.67,1.732
480,403.2,192.5,267.0,19.67,1.846
480,403.2,192.1,267.0,19.67,1.846
486,397.4,168.7,257.4,18.68,1.292
486,397.4,174.8,257.0,18.68,0.754
486,397.4,180.8,256.6,19.42,0.754
486,397.4,183.1,267.0,19.35,1.325
486,397.4,185.6,267.0,19.35,1.732
486,397.4,188.1,267.0,19.35,1.732
486,397.4,190.6,267.0,19.35,1.732
486,397.4,193.1,267.0,19.67,1.732
486,397.4,192.7,267.0,19.67,1.846
486,397.4,192.2,267.0,19.67,1.846
486,397.4,191.8,267.0,19.35,1.846
486,397.4,191.4,267.0,19.35,1.732
486,397.4,190.9,267.0,19.35,1.732
486,397.4,190.5,267.0,19.35,1.732
486,397.4,193.0,267.0,19.67,1.732
486,397.4,192.5,267.0,19.67,1.846
486,397.4,192.1,267.0,19.67,1.846
486,397.4,194.6,267.0,19.67,1.846
486,397.4,194.1,267.0,19.67,1.846
486,397.4,193.7,267.0,19.67,1.846
486,397.4,193.3,267.0,19.67,1.846
486,397.4,192.8,267.0,19.67,1.846
486,397.4,192.4,267.0,19.67,1.846
486,397.4,191.9,267.0,19.35,1.846
486,397.4,191.5,267.0,19.35,1.732
486,397.4,191.0,267.0,19.35,1.732
486,397.4,190.6,267.0,19.35,1.732
486,397.4,193.1,267.0,19.67,1.732
486,397.4,192.7,267.0,19.67,1.846
486,397.4,192.2,267.0,19.67,1.846
486,397.4,194.7,267.0,19.67,1.846
486,397.4,194.3,267.0,19.67,1.846
486,397.4,193.8,267.0,19.67,1.846
486,397.4,193.4,267.0,19.67,1.846
486,397.4,192.9,267.0,19.67,1.846
486,397.4,192.5,267.0,19.67,1.846
486,397.4,192.1,267.0,19.67,1.846
486,397.4,194.6,267.0,19.67,1.846
486,397.4,194.1,267.0,19.67,1.846
486,397.4,193.7,267.0,19.67,1.846
486,397.4,193.2,267.0,19.67,1.846
486,397.4,192.8,267.0,19.67,1.846
486,397.4,192.3,267.0,19.67,1.846
486,397.4,191.9,267.0,19.35,1.846
486,397.4,191.5,267.0,19.35,1.732
486,397.4,191.0,267.0,19.35,1.732
486,397.4,190.6,267.0,19.35,1.732
486,397.4,193.1,267.0,19.67,1.732
486,397.4,192.6,267.0,19.67,1.846
486,397.4,192.2,267.0,19.67,1.846
486,397.4,194.7,267.0,19.67,1.846
486,397.4,194.2,267.0,19.67,1.846
486,397.4,193.8,267.0,19.67,1.846
486,397.4,193.4,267.0,19.67,1.846
486,397.4,192.9,267.0,19.67,1.846
486,397.4,192.5,267.0,19.67,1.846
486,397.4,192.0,267.0,19.67,1.846
486,397.4,194.5,267.0,19.67,1.846
486,397.4,194.1,267.0,19.67,1.846
486,397.4,193.7,267.0,19.67,1.846
486,397.4,193.2,267.0,19.67,1.846
486,397.4,192.8,267.0,19.67,1.846
486,397.4,192.3,267.0,19.67,1.846
486,397.4,191.9,267.0,19.35,1.846
486,397.4,191.4,267.0,19.35,1.732
486,397.4,191.0,267.0,19.35,1.732
486,397.4,190.5,267.0,19.35,1.732
486,397.4,193.1,267.0,19.67,1.732
486,397.4,192.6,267.0,19.67,1.846
486,397.4,192.2,267.0,19.67,1.846
486,397.4,194.7,267.0,19.67,1.846
486,397.4,194.2,267.0,19.67,1.846
486,397.4,193.8,267.0,19.67,1.846
486,397.4,193.3,267.0,19.67,1.846
486,397.4,192.9,267.0,19.67,1.846
486,397.4,192.5,267.0,19.67,1.846
486,397.4,192.0,267.0,19.67,1.846
486,397.4,194.5,267.0,19.67,1.846
486,397.4,194.1,267.0,19.67,1.846
486,397.4,193.6,267.0,19.67,1.846
486,397.4,193.2,267.0,19.67,1.846
486,397.4,192.7,267.0,19.67,1.846
486,397.4,192.3,267.0,19.67,1.846
486,397.4,191.9,267.0,19.35,1.846
486,397.4,191.4,267.0,19.35,1.732
486,397.4,191.0,267.0,19.35,1.732
486,397.4,190.5,267.0,19.35,1.732
486,397.4,193.0,267.0,19.67,1.732
486,397.4,192.6,267.0,19.67,1.846
486,397.4,192.1,267.0,19.67,1.846
486,397.4,194.6,267.0,19.67,1.846
486,397.4,194.2,267.0,19.67,1.846
486,397.4,193.8,267.0,19.67,1.846
486,397.4,193.3,267.0,19.67,1.846
486,397.4,192.9,267.0,19.67,1.846
486,397.4,192.4,267.0,19.67,1.846
486,397.4,192.0,267.0,19.35,1.846
486,397.4,191.5,267.0,19.35,1.732
486,397.4,191.1,267.0,19.35,1.732
486,397.4,190.7,267.0,19.35,1.732
486,397.4,193.2,267.0,19.67,1.732
486,397.4,192.7,267.0,19.67,1.846
486,397.4,192.3,267.0,19.67,1.846
486,397.4,191.8,267.0,19.35,1.846
486,397.4,191.4,267.0,19.35,1.732
486,397.4,190.9,267.0,19.35,1.732
486,397.4,190.5,267.0,19.35,1.732
486,397.4,193.0,267.0,19.67,1.732
486,397.4,192.6,267.0,19.67,1.846
486,397.4,192.1,267.0,19.67,1.846
486,397.4,194.6,267.0,19.67,1.846
486,397.4,194.2,267.0,19.67,1.846
486,397.4,193.7,267.0,19.67,1.846
486,397.4,193.3,267.0,19.67,1.846
486,397.4,192.8,267.0,19.67,1.846
486,397.4,192.4,267.0,19.67,1.846
486,397.4,191.9,267.0,19.35,1.846
486,397.4,191.5,267.0,19.35,1.732
486,397.4,191.1,267.0,19.35,1.732
486,397.4,190.6,267.0,19.35,1.732
486,397.4,193.1,267.0,19.67,1.732
486,397.4,192.7,267.0,19.67,1.846
486,397.4,192.2,267.0,19.67,1.846
486,397.4,191.8,267.0,19.35,1.846
486,397.4,191.3,267.0,19.35,1.732
486,397.4,190.9,267.0,19.35,1.732
486,397.4,190.5,267.0,19.35,1.732
486,397.4,193.0,267.0,19.67,1.732
486,397.4,192.5,267.0,19.67,1.846
486,397.4,192.1,267.0,19.67,1.846
486,397.4,194.6,267.0,19.67,1.846
486,397.4,194.1,267.0,19.67,1.846
486,397.4,193.7,267.0,19.67,1.846
486,397.4,193.2,267.0,19.67,1.846
486,397.4,192.8,267.0,19.67,1.846
486,397.4,192.4,267.0,19.67,1.846
486,397.4,191.9,267.0,19.35,1.846
486,397.4,191.5,267.0,19.35,1.732
486,397.4,191.0,267.0,19.35,1.732
486,397.4,190.6,267.0,19.35,1.732
486,397.4,193.1,267.0,19.67,1.732
486,397.4,192.7,267.0,19.67,1.846
486,397.4,192.2,267.0,19.67,1.846
486,397.4,194.7,267.0,19.67,1.846
486,397.4,194.3,267.0,19.67,1.846
486,397.4,193.8,267.0,19.67,1.846
486,397.4,193.4,267.0,19.67,1.846
486,397.4,192.9,267.0,19.67,1.846
486,397.4,192.5,267.0,19.67,1.846
486,397.4,192.1,267.0,19.67,1.846
486,397.4,194.6,267.0,19.67,1.846
486,397.4,194.1,267.0,19.67,1.846
486,397.4,193.7,267.0,19.67,1.846
486,397.4,193.2,267.0,19.67,1.846
486,397.4,192.8,267.0,19.67,1.846
486,397.4,192.3,267.0,19.67,1.846
486,397.4,191.9,267.0,19.35,1.846
486,397.4,191.5,267.0,19.35,1.732
486,397.4,191.0,267.0,19.35,1.732
486,397.4,190.6,267.0,19.35,1.732
492,435.0,166.3,265.6,24.85,0.558
492,431.4,168.9,266.2,21.24,0.558
492,425.6,174.2,265.7,21.24,0.991
492,419.7,179.5,265.2,19.03,0.991
492,416.8,182.0,267.0,19.60,0.861
492,413.9,184.4,267.0,19.60,1.623
492,411.0,186.9,267.0,19.60,1.623
492,408.1,189.3,267.0,19.60,1.623
492,408.1,191.8,267.0,19.60,1.623
492,408.1,191.4,267.0,19.60,1.623
492,408.1,190.9,267.0,19.60,1.623
492,408.1,190.5,267.0,19.60,1.623
492,408.1,193.0,267.0,19.56,1.623
492,408.1,192.6,267.0,19.56,1.704
492,408.1,192.1,267.0,19.56,1.704
492,408.1,194.6,267.0,19.56,1.704
492,408.1,194.2,267.0,19.56,1.704
492,408.1,193.7,267.0,19.56,1.704
492,408.1,193.3,267.0,19.56,1.704
492,408.1,192.8,267.0,19.56,1.704
492,408.1,192.4,267.0,19.56,1.704
492,408.1,191.9,267.0,19.60,1.704
492,408.1,191.5,267.0,19.60,1.623
492,408.1,191.1,267.0,19.60,1.623
492,408.1,190.6,267.0,19.60,1.623
492,408.1,193.1,267.0,19.56,1.623
492,408.1,192.7,267.0,19.56,1.704
492,408.1,192.2,267.0,19.56,1.704
492,408.1,191.8,267.0,19.60,1.704
492,408.1,191.3,267.0,19.60,1.623
492,408.1,190.9,267.0,19.60,1.623
492,408.1,190.5,267.0,19.60,1.623
492,408.1,193.0,267.0,19.56,1.623
492,408.1,192.5,267.0,19.56,1.704
492,408.1,192.1,267.0,19.56,1.704
492,408.1,194.6,267.0,19.56,1.704
492,408.1,194.1,267.0,19.56,1.704
492,408.1,193.7,267.0,19.56,1.704
492,408.1,193.2,267.0,19.56,1.704
492,408.1,192.8,267.0,19.56,1.704
492,408.1,192.4,267.0,19.56,1.704
492,408.1,191.9,267.0,19.60,1.704
492,408.1,191.5,267.0,19.60,1.623
492,408.1,191.0,267.0,19.60,1.623
492,408.1,190.6,267.0,19.60,1.623
492,408.1,193.1,267.0,19.56,1.623
492,408.1,192.7,267.0,19.56,1.704
492,408.1,192.2,267.0,19.56,1.704
492,408.1,194.7,267.0,19.56,1.704
492,408.1,194.3,267.0,19.56,1.704
492,408.1,193.8,267.0,19.56,1.704
492,408.1,193.4,267.0,19.56,1.704
492,408.1,192.9,267.0,19.56,1.704
492,408.1,192.5,267.0,19.56,1.704
492,408.1,192.1,267.0,19.56,1.704
492,408.1,194.6,267.0,19.56,1.704
492,408.1,194.1,267.0,19.56,1.704
492,408.1,193.7,267.0,19.56,1.704
492,408.1,193.2,267.0,19.56,1.704
492,408.1,192.8,267.0,19.56,1.704
492,408.1,192.3,267.0,19.56,1.704
492,408.1,191.9,267.0,19.60,1.704
492,408.1,191.5,267.0,19.60,1.623
492,408.1,191.0,267.0,19.60,1.623
492,408.1,190.6,267.0,19.60,1.623
492,408.1,193.1,267.0,19.56,1.623
492,408.1,192.6,267.0,19.56,1.704
492,408.1,192.2,267.0,19.56,1.704
492,408.1,194.7,267.0,19.56,1.704
492,408.1,194.2,267.0,19.56,1.704
492,408.1,193.8,267.0,19.56,1.704
492,408.1,193.4,267.0,19.56,1.704
492,408.1,192.9,267.0,19.56,1.704
492,408.1,192.5,267.0,19.56,1.704
492,408.1,192.0,267.0,19.56,1.704
492,408.1,194.5,267.0,19.56,1.704
492,408.1,194.1,267.0,19.56,1.704
492,408.1,193.6,267.0,19.56,1.704
492,408.1,193.2,267.0,19.56,1.704
492,408.1,192.8,267.0,19.56,1.704
492,408.1,192.3,267.0,19.56,1.704
492,408.1,191.9,267.0,19.60,1.704
492,408.1,191.4,267.0,19.60,1.623
492,408.1,191.0,267.0,19.60,1.623
492,408.1,190.5,267.0,19.60,1.623
492,408.1,193.0,267.0,19.56,1.623
492,408.1,192.6,267.0,19.56,1.704
492,408.1,192.2,267.0,19.56,1.704
492,408.1,194.7,267.0,19.56,1.704
492,408.1,194.2,267.0,19.56,1.704
492,408.1,193.8,267.0,19.56,1.704
492,408.1,193.3,267.0,19.56,1.704
492,408.1,192.9,267.0,19.56,1.704
492,408.1,192.4,267.0,19.56,1.704
492,408.1,192.0,267.0,19.56,1.704
492,408.1,191.6,267.0,19.60,1.623
492,408.1,191.1,267.0,19.60,1.623
492,408.1,190.7,267.0,19.60,1.623
492,408.1,193.2,267.0,19.56,1.623
492,408.1,192.7,267.0,19.56,1.704
492,408.1,192.3,267.0,19.56,1.704
492,408.1,191.8,267.0,19.60,1.704
492,408.1,191.4,267.0,19.60,1.623
492,408.1,191.0,267.0,19.60,1.623
492,408.1,190.5,267.0,19.60,1.623
492,408.1,193.0,267.0,19.56,1.623
492,408.1,192.6,267.0,19.56,1.704
492,408.1,192.1,267.0,19.56,1.704
492,408.1,194.6,267.0,19.56,1.704
492,408.1,194.2,267.0,19.56,1.704
492,408.1,193.8,267.0,19.56,1.704
492,408.1,193.3,267.0,19.56,1.704
492,408.1,192.9,267.0,19.56,1.704
492,408.1,192.4,267.0,19.56,1.704
492,408.1,192.0,267.0,19.60,1.704
492,408.1,191.5,267.0,19.60,1.623
492,408.1,191.1,267.0,19.60,1.623
492,408.1,190.6,267.0,19.60,1.623
492,408.1,193.2,267.0,19.56,1.623
492,408.1,192.7,267.0,19.56,1.704
492,408.1,192.3,267.0,19.56,1.704
492,408.1,191.8,267.0,19.60,1.704
492,408.1,191.4,267.0,19.60,1.623
492,408.1,190.9,267.0,19.60,1.623
492,408.1,190.5,267.0,19.60,1.623
492,408.1,193.0,267.0,19.56,1.623
492,408.1,192.6,267.0,19.56,1.704
492,408.1,192.1,267.0,19.56,1.704
492,408.1,194.6,267.0,19.56,1.704
492,408.1,194.2,267.0,19.56,1.704
492,408.1,193.7,267.0,19.56,1.704
492,408.1,193.3,267.0,19.56,1.704
492,408.1,192.8,267.0,19.56,1.704
492,408.1,192.4,267.0,19.56,1.704
492,408.1,191.9,267.0,19.60,1.704
492,408.1,191.5,267.0,19.60,1.623
492,408.1,191.1,267.0,19.60,1.623
492,408.1,190.6,267.0,19.60,1.623
492,408.1,193.1,267.0,19.56,1.623
492,408.1,192.7,267.0,19.56,1.704
492,408.1,192.2,267.0,19.56,1.704
492,408.1,194.7,267.0,19.56,1.704
492,408.1,194.3,267.0,19.56,1.704
492,408.1,193.8,267.0,19.56,1.704
492,408.1,193.4,267.0,19.56,1.704
492,408.1,193.0,267.0,19.56,1.704
492,408.1,192.5,267.0,19.56,1.704
492,408.1,192.1,267.0,19.56,1.704
492,408.1,194.6,267.0,19.56,1.704
492,408.1,194.1,267.0,19.56,1.704
492,408.1,193.7,267.0,19.56,1.704
492,408.1,193.2,267.0,19.56,1.704
492,408.1,192.8,267.0,19.56,1.704
492,408.1,192.4,267.0,19.56,1.704
492,408.1,191.9,267.0,19.60,1.704
492,408.1,191.5,267.0,19.60,1.623
492,408.1,191.0,267.0,19.60,1.623
492,408.1,190.6,267.0,19.60,1.623
492,408.1,193.1,267.0,19.56,1.623
492,408.1,192.7,267.0,19.56,1.704
498,402.5,241.4,260.1,20.01,0.839
498,402.5,235.0,259.4,18.73,0.739
498,402.5,228.5,258.7,18.73,0.811
498,402.5,223.3,265.0,19.15,0.811
498,402.5,218.1,267.0,19.15,1.247
498,402.5,214.9,267.0,19.58,1.247
498,402.5,211.6,267.0,19.58,1.685
498,402.5,208.4,267.0,19.58,1.685
498,402.5,205.1,267.0,19.58,1.685
498,402.5,204.7,267.0,19.58,1.685
498,402.5,204.3,267.0,19.58,1.685
498,402.5,203.8,267.0,19.67,1.685
498,402.5,203.4,267.0,19.67,1.846
498,402.5,202.9,267.0,19.67,1.846
498,402.5,202.5,267.0,19.67,1.846
498,402.5,202.0,267.0,19.67,1.846
498,402.5,201.6,267.0,19.67,1.846
498,402.5,201.2,267.0,19.67,1.846
498,402.5,200.7,267.0,19.67,1.846
498,402.5,200.3,267.0,19.67,1.846
498,402.5,199.8,267.0,19.67,1.846
498,402.5,199.4,267.0,19.67,1.846
498,402.5,198.9,267.0,19.67,1.846
498,402.5,198.5,267.0,19.67,1.846
498,402.5,198.0,267.0,19.67,1.846
498,402.5,197.6,267.0,19.67,1.846
498,402.5,197.2,267.0,19.67,1.846
498,402.5,196.7,267.0,19.67,1.846
498,402.5,196.3,267.0,19.67,1.846
498,402.5,195.8,267.0,19.67,1.846
498,402.5,195.4,267.0,19.67,1.846
498,402.5,194.9,267.0,19.67,1.846
498,402.5,194.5,267.0,19.67,1.846
498,402.5,194.1,267.0,19.67,1.846
498,402.5,193.6,267.0,19.67,1.846
498,402.5,193.2,267.0,19.67,1.846
498,402.5,192.7,267.0,19.67,1.846
498,402.5,192.3,267.0,19.67,1.846
498,402.5,191.9,267.0,19.35,1.846
498,402.5,191.4,267.0,19.35,1.732
498,402.5,191.0,267.0,19.35,1.732
498,402.5,190.5,267.0,19.35,1.732
498,402.5,193.0,267.0,19.67,1.732
498,402.5,192.6,267.0,19.67,1.846
498,402.5,192.1,267.0,19.67,1.846
498,402.5,194.6,267.0,19.67,1.846
498,402.5,194.2,267.0,19.67,1.846
498,402.5,193.8,267.0,19.67,1.846
498,402.5,193.3,267.0,19.67,1.846
498,402.5,192.9,267.0,19.67,1.846
498,402.5,192.4,267.0,19.67,1.846
498,402.5,192.0,267.0,19.35,1.846
498,402.5,191.5,267.0,19.35,1.732
498,402.5,191.1,267.0,19.35,1.732
498,402.5,190.7,267.0,19.35,1.732
498,402.5,193.2,267.0,19.67,1.732
498,402.5,192.7,267.0,19.67,1.846
498,402.5,192.3,267.0,19.67,1.846
498,402.5,191.8,267.0,19.35,1.846
498,402.5,191.4,267.0,19.35,1.732
498,402.5,190.9,267.0,19.35,1.732
498,402.5,190.5,267.0,19.35,1.732
498,402.5,193.0,267.0,19.67,1.732
498,402.5,192.6,267.0,19.67,1.846
498,402.5,192.1,267.0,19.67,1.846
498,402.5,194.6,267.0,19.67,1.846
498,402.5,194.2,267.0,19.67,1.846
498,402.5,193.7,267.0,19.67,1.846
498,402.5,193.3,267.0,19.67,1.846
498,402.5,192.8,267.0,19.67,1.846
498,402.5,192.4,267.0,19.67,1.846
498,402.5,191.9,267.0,19.35,1.846
498,402.5,191.5,267.0,19.35,1.732
498,402.5,191.1,267.0,19.35,1.732
498,402.5,190.6,267.0,19.35,1.732
498,402.5,193.1,267.0,19.67,1.732
498,402.5,192.7,267.0,19.67,1.846
498,402.5,192.2,267.0,19.67,1.846
498,402.5,191.8,267.0,19.35,1.846
498,402.5,191.3,267.0,19.35,1.732
498,402.5,190.9,267.0,19.35,1.732
498,402.5,190.5,267.0,19.35,1.732
498,402.5,193.0,267.0,19.67,1.732
498,402.5,192.5,267.0,19.67,1.846
498,402.5,192.1,267.0,19.67,1.846
498,402.5,194.6,267.0,19.67,1.846
498,402.5,194.1,267.0,19.67,1.846
498,402.5,193.7,267.0,19.67,1.846
498,402.5,193.2,267.0,19.67,1.846
498,402.5,192.8,267.0,19.67,1.846
498,402.5,192.4,267.0,19.67,1.846
498,402.5,191.9,267.0,19.35,1.846
498,402.5,191.5,267.0,19.35,1.732
498,402.5,191.0,267.0,19.35,1.732
498,402.5,190.6,267.0,19.35,1.732
498,402.5,193.1,267.0,19.67,1.732
498,402.5,192.7,267.0,19.67,1.846
498,402.5,192.2,267.0,19.67,1.846
498,402.5,194.7,267.0,19.67,1.846
498,402.5,194.3,267.0,19.67,1.846
498,402.5,193.8,267.0,19.67,1.846
498,402.5,193.4,267.0,19.67,1.846
498,402.5,192.9,267.0,19.67,1.846
498,402.5,192.5,267.0,19.67,1.846
498,402.5,192.1,267.0,19.67,1.846
498,402.5,194.6,267.0,19.67,1.846
498,402.5,194.1,267.0,19.67,1.846
498,402.5,193.7,267.0,19.67,1.846
498,402.5,193.2,267.0,19.67,1.846
498,402.5,192.8,267.0,19.67,1.846
498,402.5,192.3,267.0,19.67,1.846
498,402.5,191.9,267.0,19.35,1.846
498,402.5,191.5,267.0,19.35,1.732
498,402.5,191.0,267.0,19.35,1.732
498,402.5,190.6,267.0,19.35,1.732
498,402.5,193.1,267.0,19.67,1.732
498,402.5,192.6,267.0,19.67,1.846
498,402.5,192.2,267.0,19.67,1.846
498,402.5,194.7,267.0,19.67,1.846
498,402.5,194.2,267.0,19.67,1.846
498,402.5,193.8,267.0,19.67,1.846
498,402.5,193.4,267.0,19.67,1.846
498,402.5,192.9,267.0,19.67,1.846
498,402.5,192.5,267.0,19.67,1.846
498,402.5,192.0,267.0,19.67,1.846
498,402.5,194.5,267.0,19.67,1.846
498,402.5,194.1,267.0,19.67,1.846
498,402.5,193.6,267.0,19.67,1.846
498,402.5,193.2,267.0,19.67,1.846
498,402.5,192.8,267.0,19.67,1.846
498,402.5,192.3,267.0,19.67,1.846
498,402.5,191.9,267.0,19.35,1.846
498,402.5,191.4,267.0,19.35,1.732
498,402.5,191.0,267.0,19.35,1.732
498,402.5,190.5,267.0,19.35,1.732
498,402.5,193.0,267.0,19.67,1.732
498,402.5,192.6,267.0,19.67,1.846
498,402.5,192.2,267.0,19.67,1.846
498,402.5,194.7,267.0,19.67,1.846
498,402.5,194.2,267.0,19.67,1.846
498,402.5,193.8,267.0,19.67,1.846
498,402.5,193.3,267.0,19.67,1.846
498,402.5,192.9,267.0,19.67,1.846
498,402.5,192.4,267.0,19.67,1.846
498,402.5,192.0,267.0,19.67,1.846
498,402.5,191.6,267.0,19.35,1.732
498,402.5,191.1,267.0,19.35,1.732
498,402.5,190.7,267.0,19.35,1.732
498,402.5,193.2,267.0,19.67,1.732
498,402.5,192.7,267.0,19.67,1.846
498,402.5,192.3,267.0,19.67,1.846
498,402.5,191.8,267.0,19.35,1.846
498,402.5,191.4,267.0,19.35,1.732
498,402.5,191.0,267.0,19.35,1.732
498,402.5,190.5,267.0,19.35,1.732
498,402.5,193.0,267.0,19.67,1.732
498,402.5,192.6,267.0,19.67,1.846
498,402.5,192.1,267.0,19.67,1.846
498,402.5,194.6,267.0,19.67,1.846
498,402.5,194.2,267.0,19.67,1.846
504,385.3,161.8,257.5,18.53,1.274
504,386.3,166.3,250.0,19.62,1.107
504,387.6,170.9,248.9,19.71,0.876
504,388.9,175.4,247.9,19.71,0.606
504,390.1,180.0,246.8,19.71,0.606
504,392.3,181.5,251.3,19.93,0.606
504,395.0,183.7,260.7,19.65,0.654
504,395.0,186.2,267.0,19.60,1.252
504,395.0,188.7,267.0,19.60,1.623
504,395.0,191.2,267.0,19.60,1.623
504,395.0,190.8,267.0,19.60,1.623
504,395.0,190.3,267.0,19.60,1.623
504,395.0,192.9,267.0,19.56,1.623
504,395.0,192.4,267.0,19.56,1.704
504,395.0,192.0,267.0,19.60,1.704
504,395.0,191.5,267.0,19.60,1.623
504,395.0,191.1,267.0,19.60,1.623
504,395.0,190.6,267.0,19.60,1.623
504,395.0,193.1,267.0,19.56,1.623
504,395.0,192.7,267.0,19.56,1.704
504,395.0,192.2,267.0,19.56,1.704
504,395.0,191.8,267.0,19.60,1.704
504,395.0,191.4,267.0,19.60,1.623
504,395.0,190.9,267.0,19.60,1.623
504,395.0,190.5,267.0,19.60,1.623
504,395.0,193.0,267.0,19.56,1.623
504,395.0,192.5,267.0,19.56,1.704
504,395.0,192.1,267.0,19.56,1.704
504,395.0,194.6,267.0,19.56,1.704
504,395.0,194.2,267.0,19.56,1.704
504,395.0,193.7,267.0,19.56,1.704
504,395.0,193.3,267.0,19.56,1.704
504,395.0,192.8,267.0,19.56,1.704
504,395.0,192.4,267.0,19.56,1.704
504,395.0,191.9,267.0,19.60,1.704
504,395.0,191.5,267.0,19.60,1.623
504,395.0,191.1,267.0,19.60,1.623
504,395.0,190.6,267.0,19.60,1.623
504,395.0,193.1,267.0,19.56,1.623
504,395.0,192.7,267.0,19.56,1.704
504,395.0,192.2,267.0,19.56,1.704
504,395.0,194.7,267.0,19.56,1.704
504,395.0,194.3,267.0,19.56,1.704
504,395.0,193.8,267.0,19.56,1.704
504,395.0,193.4,267.0,19.56,1.704
504,395.0,193.0,267.0,19.56,1.704
504,395.0,192.5,267.0,19.56,1.704
504,395.0,192.1,267.0,19.56,1.704
504,395.0,194.6,267.0,19.56,1.704
504,395.0,194.1,267.0,19.56,1.704
504,395.0,193.7,267.0,19.56,1.704
504,395.0,193.2,267.0,19.56,1.704
504,395.0,192.8,267.0,19.56,1.704
504,395.0,192.4,267.0,19.56,1.704
504,395.0,191.9,267.0,19.60,1.704
504,395.0,191.5,267.0,19.60,1.623
504,395.0,191.0,267.0,19.60,1.623
504,395.0,190.6,267.0,19.60,1.623
504,395.0,193.1,267.0,19.56,1.623
504,395.0,192.6,267.0,19.56,1.704
504,395.0,192.2,267.0,19.56,1.704
504,395.0,194.7,267.0,19.56,1.704
504,395.0,194.3,267.0,19.56,1.704
504,395.0,193.8,267.0,19.56,1.704
504,395.0,193.4,267.0,19.56,1.704
504,395.0,192.9,267.0,19.56,1.704
504,395.0,192.5,267.0,19.56,1.704
504,395.0,192.0,267.0,19.56,1.704
504,395.0,194.6,267.0,19.56,1.704
504,395.0,194.1,267.0,19.56,1.704
504,395.0,193.7,267.0,19.56,1.704
504,395.0,193.2,267.0,19.56,1.704
504,395.0,192.8,267.0,19.56,1.704
504,395.0,192.3,267.0,19.56,1.704
504,395.0,191.9,267.0,19.60,1.704
504,395.0,191.4,267.0,19.60,1.623
504,395.0,191.0,267.0,19.60,1.623
504,395.0,190.6,267.0,19.60,1.623
504,395.0,193.1,267.0,19.56,1.623
504,395.0,192.6,267.0,19.56,1.704
504,395.0,192.2,267.0,19.56,1.704
504,395.0,194.7,267.0,19.56,1.704
504,395.0,194.2,267.0,19.56,1.704
504,395.0,193.8,267.0,19.56,1.704
504,395.0,193.3,267.0,19.56,1.704
504,395.0,192.9,267.0,19.56,1.704
504,395.0,192.5,267.0,19.56,1.704
504,395.0,192.0,267.0,19.56,1.704
504,395.0,194.5,267.0,19.56,1.704
504,395.0,194.1,267.0,19.56,1.704
504,395.0,193.6,267.0,19.56,1.704
504,395.0,193.2,267.0,19.56,1.704
504,395.0,192.8,267.0,19.56,1.704
504,395.0,192.3,267.0,19.56,1.704
504,395.0,191.9,267.0,19.60,1.704
504,395.0,191.4,267.0,19.60,1.623
504,395.0,191.0,267.0,19.60,1.623
504,395.0,190.5,267.0,19.60,1.623
504,395.0,193.0,267.0,19.56,1.623
504,395.0,192.6,267.0,19.56,1.704
504,395.0,192.2,267.0,19.56,1.704
504,395.0,194.6,267.0,19.56,1.704
504,395.0,194.2,267.0,19.56,1.704
504,395.0,193.8,267.0,19.56,1.704
504,395.0,193.3,267.0,19.56,1.704
504,395.0,192.9,267.0,19.56,1.704
504,395.0,192.4,267.0,19.56,1.704
504,395.0,192.0,267.0,19.60,1.704
504,395.0,191.6,267.0,19.60,1.623
504,395.0,191.1,267.0,19.60,1.623
504,395.0,190.7,267.0,19.60,1.623
504,395.0,193.2,267.0,19.56,1.623
504,395.0,192.7,267.0,19.56,1.704
504,395.0,192.3,267.0,19.56,1.704
504,395.0,191.8,267.0,19.60,1.704
504,395.0,191.4,267.0,19.60,1.623
504,395.0,190.9,267.0,19.60,1.623
504,395.0,190.5,267.0,19.60,1.623
504,395.0,193.0,267.0,19.56,1.623
504,395.0,192.6,267.0,19.56,1.704
504,395.0,192.1,267.0,19.56,1.704
504,395.0,194.6,267.0,19.56,1.704
504,395.0,194.2,267.0,19.56,1.704
504,395.0,193.7,267.0,19.56,1.704
504,395.0,193.3,267.0,19.56,1.704
504,395.0,192.9,267.0,19.56,1.704
504,395.0,192.4,267.0,19.56,1.704
504,395.0,192.0,267.0,19.60,1.704
504,395.0,191.5,267.0,19.60,1.623
504,395.0,191.1,267.0,19.60,1.623
504,395.0,190.6,267.0,19.60,1.623
504,395.0,193.1,267.0,19.56,1.623
504,395.0,192.7,267.0,19.56,1.704
504,395.0,192.2,267.0,19.56,1.704
504,395.0,191.8,267.0,19.60,1.704
504,395.0,191.4,267.0,19.60,1.623
504,395.0,190.9,267.0,19.60,1.623
504,395.0,190.5,267.0,19.60,1.623
504,395.0,193.0,267.0,19.56,1.623
504,395.0,192.5,267.0,19.56,1.704
504,395.0,192.1,267.0,19.56,1.704
504,395.0,194.6,267.0,19.56,1.704
504,395.0,194.2,267.0,19.56,1.704
504,395.0,193.7,267.0,19.56,1.704
504,395.0,193.3,267.0,19.56,1.704
504,395.0,192.8,267.0,19.56,1.704
504,395.0,192.4,267.0,19.56,1.704
504,395.0,191.9,267.0,19.60,1.704
504,395.0,191.5,267.0,19.60,1.623
504,395.0,191.1,267.0,19.60,1.623
504,395.0,190.6,267.0,19.60,1.623
504,395.0,193.1,267.0,19.56,1.623
504,395.0,192.7,267.0,19.56,1.704
504,395.0,192.2,267.0,19.56,1.704
504,395.0,194.7,267.0,19.56,1.704
504,395.0,194.3,267.0,19.56,1.704
504,395.0,193.8,267.0,19.56,1.704
504,395.0,193.4,267.0,19.56,1.704
504,395.0,192.9,267.0,19.56,1.704
504,395.0,192.5,267.0,19.56,1.704
510,407.8,164.1,257.4,18.34,1.292
510,407.8,168.8,249.8,19.38,1.120
510,407.8,173.7,248.4,19.38,0.633
510,407.8,178.6,247.1,19.38,0.633
510,407.8,180.4,252.2,19.42,0.633
510,407.8,182.8,262.5,19.42,1.325
510,407.8,185.3,267.0,19.35,1.325
510,407.8,187.8,267.0,19.35,1.732
510,407.8,190.3,267.0,19.35,1.732
510,407.8,192.8,267.0,19.67,1.732
510,407.8,192.3,267.0,19.67,1.846
510,407.8,191.9,267.0,19.35,1.846
510,407.8,191.5,267.0,19.35,1.732
510,407.8,191.0,267.0,19.35,1.732
510,407.8,190.6,267.0,19.35,1.732
510,407.8,193.1,267.0,19.67,1.732
510,407.8,192.6,267.0,19.67,1.846
510,407.8,192.2,267.0,19.67,1.846
510,407.8,194.7,267.0,19.67,1.846
510,407.8,194.2,267.0,19.67,1.846
510,407.8,193.8,267.0,19.67,1.846
510,407.8,193.4,267.0,19.67,1.846
510,407.8,192.9,267.0,19.67,1.846
510,407.8,192.5,267.0,19.67,1.846
510,407.8,192.0,267.0,19.67,1.846
510,407.8,194.5,267.0,19.67,1.846
510,407.8,194.1,267.0,19.67,1.846
510,407.8,193.7,267.0,19.67,1.846
510,407.8,193.2,267.0,19.67,1.846
510,407.8,192.8,267.0,19.67,1.846
510,407.8,192.3,267.0,19.67,1.846
510,407.8,191.9,267.0,19.35,1.846
510,407.8,191.4,267.0,19.35,1.732
510,407.8,191.0,267.0,19.35,1.732
510,407.8,190.6,267.0,19.35,1.732
510,407.8,193.1,267.0,19.67,1.732
510,407.8,192.6,267.0,19.67,1.846
510,407.8,192.2,267.0,19.67,1.846
510,407.8,194.7,267.0,19.67,1.846
510,407.8,194.2,267.0,19.67,1.846
510,407.8,193.8,267.0,19.67,1.846
510,407.8,193.3,267.0,19.67,1.846
510,407.8,192.9,267.0,19.67,1.846
510,407.8,192.5,267.0,19.67,1.846
510,407.8,192.0,267.0,19.67,1.846
510,407.8,194.5,267.0,19.67,1.846
510,407.8,194.1,267.0,19.67,1.846
510,407.8,193.6,267.0,19.67,1.846
510,407.8,193.2,267.0,19.67,1.846
510,407.8,192.7,267.0,19.67,1.846
510,407.8,192.3,267.0,19.67,1.846
510,407.8,191.9,267.0,19.35,1.846
510,407.8,191.4,267.0,19.35,1.732
510,407.8,191.0,267.0,19.35,1.732
510,407.8,190.5,267.0,19.35,1.732
510,407.8,193.0,267.0,19.67,1.732
510,407.8,192.6,267.0,19.67,1.846
510,407.8,192.1,267.0,19.67,1.846
510,407.8,194.6,267.0,19.67,1.846
510,407.8,194.2,267.0,19.67,1.846
510,407.8,193.8,267.0,19.67,1.846
510,407.8,193.3,267.0,19.67,1.846
510,407.8,192.9,267.0,19.67,1.846
510,407.8,192.4,267.0,19.67,1.846
510,407.8,192.0,267.0,19.35,1.846
510,407.8,191.5,267.0,19.35,1.732
510,407.8,191.1,267.0,19.35,1.732
510,407.8,190.7,267.0,19.35,1.732
510,407.8,193.2,267.0,19.67,1.732
510,407.8,192.7,267.0,19.67,1.846
510,407.8,192.3,267.0,19.67,1.846
510,407.8,191.8,267.0,19.35,1.846
510,407.8,191.4,267.0,19.35,1.732
510,407.8,190.9,267.0,19.35,1.732
510,407.8,190.5,267.0,19.35,1.732
510,407.8,193.0,267.0,19.67,1.732
510,407.8,192.6,267.0,19.67,1.846
510,407.8,192.1,267.0,19.67,1.846
510,407.8,194.6,267.0,19.67,1.846
510,407.8,194.2,267.0,19.67,1.846
510,407.8,193.7,267.0,19.67,1.846
510,407.8,193.3,267.0,19.67,1.846
510,407.8,192.8,267.0,19.67,1.846
510,407.8,192.4,267.0,19.67,1.846
510,407.8,191.9,267.0,19.35,1.846
510,407.8,191.5,267.0,19.35,1.732
510,407.8,191.1,267.0,19.35,1.732
510,407.8,190.6,267.0,19.35,1.732
510,407.8,193.1,267.0,19.67,1.732
510,407.8,192.7,267.0,19.67,1.846
510,407.8,192.2,267.0,19.67,1.846
510,407.8,191.8,267.0,19.35,1.846
510,407.8,191.3,267.0,19.35,1.732
510,407.8,190.9,267.0,19.35,1.732
510,407.8,190.5,267.0,19.35,1.732
510,407.8,193.0,267.0,19.67,1.732
510,407.8,192.5,267.0,19.67,1.846
510,407.8,192.1,267.0,19.67,1.846
510,407.8,194.6,267.0,19.67,1.846
510,407.8,194.1,267.0,19.67,1.846
510,407.8,193.7,267.0,19.67,1.846
510,407.8,193.3,267.0,19.67,1.846
510,407.8,192.8,267.0,19.67,1.846
510,407.8,192.4,267.0,19.67,1.846
510,407.8,191.9,267.0,19.35,1.846
510,407.8,191.5,267.0,19.35,1.732
510,407.8,191.0,267.0,19.35,1.732
510,407.8,190.6,267.0,19.35,1.732
510,407.8,193.1,267.0,19.67,1.732
510,407.8,192.7,267.0,19.67,1.846
510,407.8,192.2,267.0,19.67,1.846
510,407.8,194.7,267.0,19.67,1.846
510,407.8,194.3,267.0,19.67,1.846
510,407.8,193.8,267.0,19.67,1.846
510,407.8,193.4,267.0,19.67,1.846
510,407.8,192.9,267.0,19.67,1.846
510,407.8,192.5,267.0,19.67,1.846
510,407.8,192.1,267.0,19.67,1.846
510,407.8,194.6,267.0,19.67,1.846
510,407.8,194.1,267.0,19.67,1.846
510,407.8,193.7,267.0,19.67,1.846
510,407.8,193.2,267.0,19.67,1.846
510,407.8,192.8,267.0,19.67,1.846
510,407.8,192.3,267.0,19.67,1.846
510,407.8,191.9,267.0,19.35,1.846
510,407.8,191.5,267.0,19.35,1.732
510,407.8,191.0,267.0,19.35,1.732
510,407.8,190.6,267.0,19.35,1.732
510,407.8,193.1,267.0,19.67,1.732
510,407.8,192.6,267.0,19.67,1.846
510,407.8,192.2,267.0,19.67,1.846
510,407.8,194.7,267.0,19.67,1.846
510,407.8,194.2,267.0,19.67,1.846
510,407.8,193.8,267.0,19.67,1.846
510,407.8,193.4,267.0,19.67,1.846
510,407.8,192.9,267.0,19.67,1.846
510,407.8,192.5,267.0,19.67,1.846
510,407.8,192.0,267.0,19.67,1.846
510,407.8,194.5,267.0,19.67,1.846
510,407.8,194.1,267.0,19.67,1.846
510,407.8,193.7,267.0,19.67,1.846
510,407.8,193.2,267.0,19.67,1.846
510,407.8,192.8,267.0,19.67,1.846
510,407.8,192.3,267.0,19.67,1.846
510,407.8,191.9,267.0,19.35,1.846
510,407.8,191.4,267.0,19.35,1.732
510,407.8,191.0,267.0,19.35,1.732
510,407.8,190.5,267.0,19.35,1.732
510,407.8,193.1,267.0,19.67,1.732
510,407.8,192.6,267.0,19.67,1.846
510,407.8,192.2,267.0,19.67,1.846
510,407.8,194.7,267.0,19.67,1.846
510,407.8,194.2,267.0,19.67,1.846
510,407.8,193.8,267.0,19.67,1.846
510,407.8,193.3,267.0,19.67,1.846
510,407.8,192.9,267.0,19.67,1.846
510,407.8,192.5,267.0,19.67,1.846
510,407.8,192.0,267.0,19.67,1.846
510,407.8,194.5,267.0,19.67,1.846
510,407.8,194.1,267.0,19.67,1.846
516,395.5,163.8,257.5,18.53,1.274
516,395.5,168.6,249.9,19.71,1.107
516,395.5,173.4,248.6,19.71,0.606
516,395.5,178.3,247.2,19.71,0.606
516,395.5,180.2,252.3,19.65,0.606
516,395.5,182.5,262.6,19.65,1.252
516,395.5,185.0,267.0,19.60,1.252
516,395.5,187.5,267.0,19.60,1.623
516,395.5,190.0,267.0,19.60,1.623
516,395.5,192.5,267.0,19.56,1.623
516,395.5,192.1,267.0,19.56,1.704
516,395.5,194.6,267.0,19.56,1.704
516,395.5,194.1,267.0,19.56,1.704
516,395.5,193.7,267.0,19.56,1.704
516,395.5,193.2,267.0,19.56,1.704
516,395.5,192.8,267.0,19.56,1.704
516,395.5,192.3,267.0,19.56,1.704
516,395.5,191.9,267.0,19.60,1.704
516,395.5,191.5,267.0,19.60,1.623
516,395.5,191.0,267.0,19.60,1.623
516,395.5,190.6,267.0,19.60,1.623
516,395.5,193.1,267.0,19.56,1.623
516,395.5,192.6,267.0,19.56,1.704
516,395.5,192.2,267.0,19.56,1.704
516,395.5,194.7,267.0,19.56,1.704
516,395.5,194.3,267.0,19.56,1.704
516,395.5,193.8,267.0,19.56,1.704
516,395.5,193.4,267.0,19.56,1.704
516,395.5,192.9,267.0,19.56,1.704
516,395.5,192.5,267.0,19.56,1.704
516,395.5,192.0,267.0,19.56,1.704
516,395.5,194.5,267.0,19.56,1.704
516,395.5,194.1,267.0,19.56,1.704
516,395.5,193.7,267.0,19.56,1.704
516,395.5,193.2,267.0,19.56,1.704
516,395.5,192.8,267.0,19.56,1.704
516,395.5,192.3,267.0,19.56,1.704
516,395.5,191.9,267.0,19.60,1.704
516,395.5,191.4,267.0,19.60,1.623
516,395.5,191.0,267.0,19.60,1.623
516,395.5,190.6,267.0,19.60,1.623
516,395.5,193.1,267.0,19.56,1.623
516,395.5,192.6,267.0,19.56,1.704
516,395.5,192.2,267.0,19.56,1.704
516,395.5,194.7,267.0,19.56,1.704
516,395.5,194.2,267.0,19.56,1.704
516,395.5,193.8,267.0,19.56,1.704
516,395.5,193.3,267.0,19.56,1.704
516,395.5,192.9,267.0,19.56,1.704
516,395.5,192.5,267.0,19.56,1.704
516,395.5,192.0,267.0,19.56,1.704
516,395.5,194.5,267.0,19.56,1.704
516,395.5,194.1,267.0,19.56,1.704
516,395.5,193.6,267.0,19.56,1.704
516,395.5,193.2,267.0,19.56,1.704
516,395.5,192.7,267.0,19.56,1.704
516,395.5,192.3,267.0,19.56,1.704
516,395.5,191.9,267.0,19.60,1.704
516,395.5,191.4,267.0,19.60,1.623
516,395.5,191.0,267.0,19.60,1.623
516,395.5,190.5,267.0,19.60,1.623
516,395.5,193.0,267.0,19.56,1.623
516,395.5,192.6,267.0,19.56,1.704
516,395.5,192.1,267.0,19.56,1.704
516,395.5,194.6,267.0,19.56,1.704
516,395.5,194.2,267.0,19.56,1.704
516,395.5,193.8,267.0,19.56,1.704
516,395.5,193.3,267.0,19.56,1.704
516,395.5,192.9,267.0,19.56,1.704
516,395.5,192.4,267.0,19.56,1.704
516,395.5,192.0,267.0,19.60,1.704
516,395.5,191.5,267.0,19.60,1.623
516,395.5,191.1,267.0,19.60,1.623
516,395.5,190.7,267.0,19.60,1.623
516,395.5,193.2,267.0,19.56,1.623
516,395.5,192.7,267.0,19.56,1.704
516,395.5,192.3,267.0,19.56,1.704
516,395.5,191.8,267.0,19.60,1.704
516,395.5,191.4,267.0,19.60,1.623
516,395.5,190.9,267.0,19.60,1.623
516,395.5,190.5,267.0,19.60,1.623
516,395.5,193.0,267.0,19.56,1.623
516,395.5,192.6,267.0,19.56,1.704
516,395.5,192.1,267.0,19.56,1.704
516,395.5,194.6,267.0,19.56,1.704
516,395.5,194.2,267.0,19.56,1.704
516,395.5,193.7,267.0,19.56,1.704
516,395.5,193.3,267.0,19.56,1.704
516,395.5,192.9,267.0,19.56,1.704
516,395.5,192.4,267.0,19.56,1.704
516,395.5,192.0,267.0,19.60,1.704
516,395.5,191.5,267.0,19.60,1.623
516,395.5,191.1,267.0,19.60,1.623
516,395.5,190.6,267.0,19.60,1.623
516,395.5,193.1,267.0,19.56,1.623
516,395.5,192.7,267.0,19.56,1.704
516,395.5,192.2,267.0,19.56,1.704
516,395.5,191.8,267.0,19.60,1.704
516,395.5,191.4,267.0,19.60,1.623
516,395.5,190.9,267.0,19.60,1.623
516,395.5,190.5,267.0,19.60,1.623
516,395.5,193.0,267.0,19.56,1.623
516,395.5,192.5,267.0,19.56,1.704
516,395.5,192.1,267.0,19.56,1.704
516,395.5,194.6,267.0,19.56,1.704
516,395.5,194.2,267.0,19.56,1.704
516,395.5,193.7,267.0,19.56,1.704
516,395.5,193.3,267.0,19.56,1.704
516,395.5,192.8,267.0,19.56,1.704
516,395.5,192.4,267.0,19.56,1.704
516,395.5,191.9,267.0,19.60,1.704
516,395.5,191.5,267.0,19.60,1.623
516,395.5,191.1,267.0,19.60,1.623
516,395.5,190.6,267.0,19.60,1.623
516,395.5,193.1,267.0,19.56,1.623
516,395.5,192.7,267.0,19.56,1.704
516,395.5,192.2,267.0,19.56,1.704
516,395.5,194.7,267.0,19.56,1.704
516,395.5,194.3,267.0,19.56,1.704
516,395.5,193.8,267.0,19.56,1.704
516,395.5,193.4,267.0,19.56,1.704
516,395.5,192.9,267.0,19.56,1.704
516,395.5,192.5,267.0,19.56,1.704
516,395.5,192.1,267.0,19.56,1.704
516,395.5,194.6,267.0,19.56,1.704
516,395.5,194.1,267.0,19.56,1.704
516,395.5,193.7,267.0,19.56,1.704
516,395.5,193.2,267.0,19.56,1.704
516,395.5,192.8,267.0,19.56,1.704
516,395.5,192.3,267.0,19.56,1.704
516,395.5,191.9,267.0,19.60,1.704
516,395.5,191.5,267.0,19.60,1.623
516,395.5,191.0,267.0,19.60,1.623
516,395.5,190.6,267.0,19.60,1.623
516,395.5,193.1,267.0,19.56,1.623
516,395.5,192.6,267.0,19.56,1.704
516,395.5,192.2,267.0,19.56,1.704
516,395.5,194.7,267.0,19.56,1.704
516,395.5,194.2,267.0,19.56,1.704
516,395.5,193.8,267.0,19.56,1.704
516,395.5,193.4,267.0,19.56,1.704
516,395.5,192.9,267.0,19.56,1.704
516,395.5,192.5,267.0,19.56,1.704
516,395.5,192.0,267.0,19.56,1.704
516,395.5,194.5,267.0,19.56,1.704
516,395.5,194.1,267.0,19.56,1.704
516,395.5,193.7,267.0,19.56,1.704
516,395.5,193.2,267.0,19.56,1.704
516,395.5,192.8,267.0,19.56,1.704
516,395.5,192.3,267.0,19.56,1.704
516,395.5,191.9,267.0,19.60,1.704
516,395.5,191.4,267.0,19.60,1.623
516,395.5,191.0,267.0,19.60,1.623
516,395.5,190.6,267.0,19.60,1.623
516,395.5,193.1,267.0,19.56,1.623
516,395.5,192.6,267.0,19.56,1.704
516,395.5,192.2,267.0,19.56,1.704
516,395.5,194.7,267.0,19.56,1.704
516,395.5,194.2,267.0,19.56,1.704
516,395.5,193.8,267.0,19.56,1.704
522,411.5,249.5,259.2,20.06,0.357
522,411.2,246.3,254.3,20.06,0.739
522,410.9,243.7,250.7,21.08,0.739
522,410.6,241.0,247.1,21.08,0.558
522,409.5,235.8,245.8,19.88,0.558
522,408.4,230.5,244.6,19.88,0.689
522,408.4,225.9,246.9,20.07,0.689
522,408.4,221.3,249.2,20.07,0.635
522,408.4,216.7,251.5,20.07,0.635
522,408.4,213.6,261.4,19.76,0.635
522,408.4,210.4,267.0,19.69,1.240
522,408.4,207.1,267.0,19.69,1.592
522,408.4,203.9,267.0,19.56,1.592
522,408.4,203.4,267.0,19.56,1.704
522,408.4,203.0,267.0,19.56,1.704
522,408.4,202.6,267.0,19.56,1.704
522,408.4,202.1,267.0,19.56,1.704
522,408.4,201.7,267.0,19.56,1.704
522,408.4,201.2,267.0,19.56,1.704
522,408.4,200.8,267.0,19.56,1.704
522,408.4,200.3,267.0,19.56,1.704
522,408.4,199.9,267.0,19.56,1.704
522,408.4,199.5,267.0,19.56,1.704
522,408.4,199.0,267.0,19.56,1.704
522,408.4,198.6,267.0,19.56,1.704
522,408.4,198.1,267.0,19.56,1.704
522,408.4,197.7,267.0,19.56,1.704
522,408.4,197.2,267.0,19.56,1.704
522,408.4,196.8,267.0,19.56,1.704
522,408.4,196.3,267.0,19.56,1.704
522,408.4,195.9,267.0,19.56,1.704
522,408.4,195.5,267.0,19.56,1.704
522,408.4,195.0,267.0,19.56,1.704
522,408.4,194.6,267.0,19.56,1.704
522,408.4,194.1,267.0,19.56,1.704
522,408.4,193.7,267.0,19.56,1.704
522,408.4,193.2,267.0,19.56,1.704
522,408.4,192.8,267.0,19.56,1.704
522,408.4,192.4,267.0,19.56,1.704
522,408.4,191.9,267.0,19.60,1.704
522,408.4,191.5,267.0,19.60,1.623
522,408.4,191.0,267.0,19.60,1.623
522,408.4,190.6,267.0,19.60,1.623
522,408.4,193.1,267.0,19.56,1.623
522,408.4,192.7,267.0,19.56,1.704
522,408.4,192.2,267.0,19.56,1.704
522,408.4,194.7,267.0,19.56,1.704
522,408.4,194.3,267.0,19.56,1.704
522,408.4,193.8,267.0,19.56,1.704
522,408.4,193.4,267.0,19.56,1.704
522,408.4,192.9,267.0,19.56,1.704
522,408.4,192.5,267.0,19.56,1.704
522,408.4,192.1,267.0,19.56,1.704
522,408.4,194.6,267.0,19.56,1.704
522,408.4,194.1,267.0,19.56,1.704
522,408.4,193.7,267.0,19.56,1.704
522,408.4,193.2,267.0,19.56,1.704
522,408.4,192.8,267.0,19.56,1.704
522,408.4,192.3,267.0,19.56,1.704
522,408.4,191.9,267.0,19.60,1.704
522,408.4,191.5,267.0,19.60,1.623
522,408.4,191.0,267.0,19.60,1.623
522,408.4,190.6,267.0,19.60,1.623
522,408.4,193.1,267.0,19.56,1.623
522,408.4,192.6,267.0,19.56,1.704
522,408.4,192.2,267.0,19.56,1.704
522,408.4,194.7,267.0,19.56,1.704
522,408.4,194.2,267.0,19.56,1.704
522,408.4,193.8,267.0,19.56,1.704
522,408.4,193.3,267.0,19.56,1.704
522,408.4,192.9,267.0,19.56,1.704
522,408.4,192.5,267.0,19.56,1.704
522,408.4,192.0,267.0,19.56,1.704
522,408.4,194.5,267.0,19.56,1.704
522,408.4,194.1,267.0,19.56,1.704
522,408.4,193.6,267.0,19.56,1.704
522,408.4,193.2,267.0,19.56,1.704
522,408.4,192.8,267.0,19.56,1.704
522,408.4,192.3,267.0,19.56,1.704
522,408.4,191.9,267.0,19.60,1.704
522,408.4,191.4,267.0,19.60,1.623
522,408.4,191.0,267.0,19.60,1.623
522,408.4,190.5,267.0,19.60,1.623
522,408.4,193.0,267.0,19.56,1.623
522,408.4,192.6,267.0,19.56,1.704
522,408.4,192.2,267.0,19.56,1.704
522,408.4,194.7,267.0,19.56,1.704
522,408.4,194.2,267.0,19.56,1.704
522,408.4,193.8,267.0,19.56,1.704
522,408.4,193.3,267.0,19.56,1.704
522,408.4,192.9,267.0,19.56,1.704
522,408.4,192.4,267.0,19.56,1.704
522,408.4,192.0,267.0,19.56,1.704
522,408.4,191.6,267.0,19.60,1.623
522,408.4,191.1,267.0,19.60,1.623
522,408.4,190.7,267.0,19.60,1.623
522,408.4,193.2,267.0,19.56,1.623
522,408.4,192.7,267.0,19.56,1.704
522,408.4,192.3,267.0,19.56,1.704
522,408.4,191.8,267.0,19.60,1.704
522,408.4,191.4,267.0,19.60,1.623
522,408.4,190.9,267.0,19.60,1.623
522,408.4,190.5,267.0,19.60,1.623
522,408.4,193.0,267.0,19.56,1.623
522,408.4,192.6,267.0,19.56,1.704
522,408.4,192.1,267.0,19.56,1.704
522,408.4,194.6,267.0,19.56,1.704
522,408.4,194.2,267.0,19.56,1.704
522,408.4,193.7,267.0,19.56,1.704
522,408.4,193.3,267.0,19.56,1.704
522,408.4,192.9,267.0,19.56,1.704
522,408.4,192.4,267.0,19.56,1.704
522,408.4,192.0,267.0,19.60,1.704
522,408.4,191.5,267.0,19.60,1.623
522,408.4,191.1,267.0,19.60,1.623
522,408.4,190.6,267.0,19.60,1.623
522,408.4,193.1,267.0,19.56,1.623
522,408.4,192.7,267.0,19.56,1.704
522,408.4,192.3,267.0,19.56,1.704
522,408.4,191.8,267.0,19.60,1.704
522,408.4,191.4,267.0,19.60,1.623
522,408.4,190.9,267.0,19.60,1.623
522,408.4,190.5,267.0,19.60,1.623
522,408.4,193.0,267.0,19.56,1.623
522,408.4,192.5,267.0,19.56,1.704
522,408.4,192.1,267.0,19.56,1.704
522,408.4,194.6,267.0,19.56,1.704
522,408.4,194.2,267.0,19.56,1.704
522,408.4,193.7,267.0,19.56,1.704
522,408.4,193.3,267.0,19.56,1.704
522,408.4,192.8,267.0,19.56,1.704
522,408.4,192.4,267.0,19.56,1.704
522,408.4,191.9,267.0,19.60,1.704
522,408.4,191.5,267.0,19.60,1.623
522,408.4,191.1,267.0,19.60,1.623
522,408.4,190.6,267.0,19.60,1.623
522,408.4,193.1,267.0,19.56,1.623
522,408.4,192.7,267.0,19.56,1.704
522,408.4,192.2,267.0,19.56,1.704
522,408.4,194.7,267.0,19.56,1.704
522,408.4,194.3,267.0,19.56,1.704
522,408.4,193.8,267.0,19.56,1.704
522,408.4,193.4,267.0,19.56,1.704
522,408.4,193.0,267.0,19.56,1.704
522,408.4,192.5,267.0,19.56,1.704
522,408.4,192.1,267.0,19.56,1.704
522,408.4,194.6,267.0,19.56,1.704
522,408.4,194.1,267.0,19.56,1.704
522,408.4,193.7,267.0,19.56,1.704
522,408.4,193.2,267.0,19.56,1.704
522,408.4,192.8,267.0,19.56,1.704
522,408.4,192.4,267.0,19.56,1.704
522,408.4,191.9,267.0,19.60,1.704
522,408.4,191.5,267.0,19.60,1.623
522,408.4,191.0,267.0,19.60,1.623
522,408.4,190.6,267.0,19.60,1.623
522,408.4,193.1,267.0,19.56,1.623
522,408.4,192.7,267.0,19.56,1.704
522,408.4,192.2,267.0,19.56,1.704
522,408.4,194.7,267.0,19.56,1.704
528,443.0,229.1,262.8,22.09,0.488
528,438.7,227.2,255.9,19.26,0.643
528,434.4,225.2,249.2,20.30,1.036
528,430.7,223.9,244.0,20.62,0.807
528,426.7,221.5,243.5,20.62,0.589
528,422.6,219.2,243.0,20.62,0.589
528,418.6,216.8,242.5,20.07,0.589
528,416.6,214.3,246.8,20.09,0.635
528,414.6,211.9,251.2,20.09,0.673
528,412.0,208.9,260.3,19.76,0.673
528,409.1,205.7,267.0,19.69,1.240
528,409.1,202.5,267.0,19.56,1.592
528,409.1,202.0,267.0,19.56,1.704
528,409.1,201.6,267.0,19.56,1.704
528,409.1,201.1,267.0,19.56,1.704
528,409.1,200.7,267.0,19.56,1.704
528,409.1,200.2,267.0,19.56,1.704
528,409.1,199.8,267.0,19.56,1.704
528,409.1,199.4,267.0,19.56,1.704
528,409.1,198.9,267.0,19.56,1.704
528,409.1,198.5,267.0,19.56,1.704
528,409.1,198.0,267.0,19.56,1.704
528,409.1,197.6,267.0,19.56,1.704
528,409.1,197.2,267.0,19.56,1.704
528,409.1,196.7,267.0,19.56,1.704
528,409.1,196.3,267.0,19.56,1.704
528,409.1,195.8,267.0,19.56,1.704
528,409.1,195.4,267.0,19.56,1.704
528,409.1,194.9,267.0,19.56,1.704
528,409.1,194.5,267.0,19.56,1.704
528,409.1,194.0,267.0,19.56,1.704
528,409.1,193.6,267.0,19.56,1.704
528,409.1,193.2,267.0,19.56,1.704
528,409.1,192.7,267.0,19.56,1.704
528,409.1,192.3,267.0,19.56,1.704
528,409.1,191.8,267.0,19.60,1.704
528,409.1,191.4,267.0,19.60,1.623
528,409.1,190.9,267.0,19.60,1.623
528,409.1,190.5,267.0,19.60,1.623
528,409.1,193.0,267.0,19.56,1.623
528,409.1,192.6,267.0,19.56,1.704
528,409.1,192.1,267.0,19.56,1.704
528,409.1,194.6,267.0,19.56,1.704
528,409.1,194.2,267.0,19.56,1.704
528,409.1,193.7,267.0,19.56,1.704
528,409.1,193.3,267.0,19.56,1.704
528,409.1,192.9,267.0,19.56,1.704
528,409.1,192.4,267.0,19.56,1.704
528,409.1,192.0,267.0,19.60,1.704
528,409.1,191.5,267.0,19.60,1.623
528,409.1,191.1,267.0,19.60,1.623
528,409.1,190.6,267.0,19.60,1.623
528,409.1,193.1,267.0,19.56,1.623
528,409.1,192.7,267.0,19.56,1.704
528,409.1,192.2,267.0,19.56,1.704
528,409.1,191.8,267.0,19.60,1.704
528,409.1,191.4,267.0,19.60,1.623
528,409.1,190.9,267.0,19.60,1.623
528,409.1,190.5,267.0,19.60,1.623
528,409.1,193.0,267.0,19.56,1.623
528,409.1,192.5,267.0,19.56,1.704
528,409.1,192.1,267.0,19.56,1.704
528,409.1,194.6,267.0,19.56,1.704
528,409.1,194.2,267.0,19.56,1.704
528,409.1,193.7,267.0,19.56,1.704
528,409.1,193.3,267.0,19.56,1.704
528,409.1,192.8,267.0,19.56,1.704
528,409.1,192.4,267.0,19.56,1.704
528,409.1,191.9,267.0,19.60,1.704
528,409.1,191.5,267.0,19.60,1.623
528,409.1,191.1,267.0,19.60,1.623
528,409.1,190.6,267.0,19.60,1.623
528,409.1,193.1,267.0,19.56,1.623
528,409.1,192.7,267.0,19.56,1.704
528,409.1,192.2,267.0,19.56,1.704
528,409.1,194.7,267.0,19.56,1.704
528,409.1,194.3,267.0,19.56,1.704
528,409.1,193.8,267.0,19.56,1.704
528,409.1,193.4,267.0,19.56,1.704
528,409.1,192.9,267.0,19.56,1.704
528,409.1,192.5,267.0,19.56,1.704
528,409.1,192.1,267.0,19.56,1.704
528,409.1,194.6,267.0,19.56,1.704
528,409.1,194.1,267.0,19.56,1.704
528,409.1,193.7,267.0,19.56,1.704
528,409.1,193.2,267.0,19.56,1.704
528,409.1,192.8,267.0,19.56,1.704
528,409.1,192.3,267.0,19.56,1.704
528,409.1,191.9,267.0,19.60,1.704
528,409.1,191.5,267.0,19.60,1.623
528,409.1,191.0,267.0,19.60,1.623
528,409.1,190.6,267.0,19.60,1.623
528,409.1,193.1,267.0,19.56,1.623
528,409.1,192.6,267.0,19.56,1.704
528,409.1,192.2,267.0,19.56,1.704
528,409.1,194.7,267.0,19.56,1.704
528,409.1,194.2,267.0,19.56,1.704
528,409.1,193.8,267.0,19.56,1.704
528,409.1,193.4,267.0,19.56,1.704
528,409.1,192.9,267.0,19.56,1.704
528,409.1,192.5,267.0,19.56,1.704
528,409.1,192.0,267.0,19.56,1.704
528,409.1,194.5,267.0,19.56,1.704
528,409.1,194.1,267.0,19.56,1.704
528,409.1,193.7,267.0,19.56,1.704
528,409.1,193.2,267.0,19.56,1.704
528,409.1,192.8,267.0,19.56,1.704
528,409.1,192.3,267.0,19.56,1.704
528,409.1,191.9,267.0,19.60,1.704
528,409.1,191.4,267.0,19.60,1.623
528,409.1,191.0,267.0,19.60,1.623
528,409.1,190.6,267.0,19.60,1.623
528,409.1,193.1,267.0,19.56,1.623
528,409.1,192.6,267.0,19.56,1.704
528,409.1,192.2,267.0,19.56,1.704
528,409.1,194.7,267.0,19.56,1.704
528,409.1,194.2,267.0,19.56,1.704
528,409.1,193.8,267.0,19.56,1.704
528,409.1,193.3,267.0,19.56,1.704
528,409.1,192.9,267.0,19.56,1.704
528,409.1,192.5,267.0,19.56,1.704
528,409.1,192.0,267.0,19.56,1.704
528,409.1,194.5,267.0,19.56,1.704
528,409.1,194.1,267.0,19.56,1.704
528,409.1,193.6,267.0,19.56,1.704
528,409.1,193.2,267.0,19.56,1.704
528,409.1,192.7,267.0,19.56,1.704
528,409.1,192.3,267.0,19.56,1.704
528,409.1,191.9,267.0,19.60,1.704
528,409.1,191.4,267.0,19.60,1.623
528,409.1,191.0,267.0,19.60,1.623
528,409.1,190.5,267.0,19.60,1.623
528,409.1,193.0,267.0,19.56,1.623
528,409.1,192.6,267.0,19.56,1.704
528,409.1,192.1,267.0,19.56,1.704
528,409.1,194.6,267.0,19.56,1.704
528,409.1,194.2,267.0,19.56,1.704
528,409.1,193.8,267.0,19.56,1.704
528,409.1,193.3,267.0,19.56,1.704
528,409.1,192.9,267.0,19.56,1.704
528,409.1,192.4,267.0,19.56,1.704
528,409.1,192.0,267.0,19.60,1.704
528,409.1,191.5,267.0,19.60,1.623
528,409.1,191.1,267.0,19.60,1.623
528,409.1,190.7,267.0,19.60,1.623
528,409.1,193.2,267.0,19.56,1.623
528,409.1,192.7,267.0,19.56,1.704
528,409.1,192.3,267.0,19.56,1.704
528,409.1,191.8,267.0,19.60,1.704
528,409.1,191.4,267.0,19.60,1.623
528,409.1,190.9,267.0,19.60,1.623
528,409.1,190.5,267.0,19.60,1.623
528,409.1,193.0,267.0,19.56,1.623
528,409.1,192.6,267.0,19.56,1.704
528,409.1,192.1,267.0,19.56,1.704
528,409.1,194.6,267.0,19.56,1.704
528,409.1,194.2,267.0,19.56,1.704
528,409.1,193.7,267.0,19.56,1.704
528,409.1,193.3,267.0,19.56,1.704
528,409.1,192.8,267.0,19.56,1.704
534,377.3,168.4,258.1,20.44,1.188
534,381.0,173.7,258.4,20.44,0.811
534,384.8,179.1,258.7,19.18,0.811
534,387.4,181.2,267.0,19.60,0.776
534,390.4,183.7,267.0,19.60,1.623
534,393.2,186.1,267.0,19.60,1.623
534,396.1,188.6,267.0,19.35,1.623
534,396.1,191.1,267.0,19.35,1.732
534,396.1,190.6,267.0,19.35,1.732
534,396.1,193.1,267.0,19.67,1.732
534,396.1,192.7,267.0,19.67,1.846
534,396.1,192.2,267.0,19.67,1.846
534,396.1,191.8,267.0,19.35,1.846
534,396.1,191.4,267.0,19.35,1.732
534,396.1,190.9,267.0,19.35,1.732
534,396.1,190.5,267.0,19.35,1.732
534,396.1,193.0,267.0,19.67,1.732
534,396.1,192.5,267.0,19.67,1.846
534,396.1,192.1,267.0,19.67,1.846
534,396.1,194.6,267.0,19.67,1.846
534,396.1,194.2,267.0,19.67,1.846
534,396.1,193.7,267.0,19.67,1.846
534,396.1,193.3,267.0,19.67,1.846
534,396.1,192.8,267.0,19.67,1.846
534,396.1,192.4,267.0,19.67,1.846
534,396.1,191.9,267.0,19.35,1.846
534,396.1,191.5,267.0,19.35,1.732
534,396.1,191.1,267.0,19.35,1.732
534,396.1,190.6,267.0,19.35,1.732
534,396.1,193.1,267.0,19.67,1.732
534,396.1,192.7,267.0,19.67,1.846
534,396.1,192.2,267.0,19.67,1.846
534,396.1,191.8,267.0,19.35,1.846
534,396.1,191.3,267.0,19.35,1.732
534,396.1,190.9,267.0,19.35,1.732
534,396.1,190.5,267.0,19.35,1.732
534,396.1,192.9,267.0,19.67,1.732
534,396.1,192.5,267.0,19.67,1.846
534,396.1,192.1,267.0,19.67,1.846
534,396.1,194.6,267.0,19.67,1.846
534,396.1,194.1,267.0,19.67,1.846
534,396.1,193.7,267.0,19.67,1.846
534,396.1,193.2,267.0,19.67,1.846
534,396.1,192.8,267.0,19.67,1.846
534,396.1,192.3,267.0,19.67,1.846
534,396.1,191.9,267.0,19.35,1.846
534,396.1,191.5,267.0,19.35,1.732
534,396.1,191.0,267.0,19.35,1.732
534,396.1,190.6,267.0,19.35,1.732
534,396.1,193.1,267.0,19.67,1.732
534,396.1,192.6,267.0,19.67,1.846
534,396.1,192.2,267.0,19.67,1.846
534,396.1,194.7,267.0,19.67,1.846
534,396.1,194.3,267.0,19.67,1.846
534,396.1,193.8,267.0,19.67,1.846
534,396.1,193.4,267.0,19.67,1.846
534,396.1,192.9,267.0,19.67,1.846
534,396.1,192.5,267.0,19.67,1.846
534,396.1,192.0,267.0,19.67,1.846
534,396.1,194.5,267.0,19.67,1.846
534,396.1,194.1,267.0,19.67,1.846
534,396.1,193.7,267.0,19.67,1.846
534,396.1,193.2,267.0,19.67,1.846
534,396.1,192.8,267.0,19.67,1.846
534,396.1,192.3,267.0,19.67,1.846
534,396.1,191.9,267.0,19.35,1.846
534,396.1,191.4,267.0,19.35,1.732
534,396.1,191.0,267.0,19.35,1.732
534,396.1,190.6,267.0,19.35,1.732
534,396.1,193.1,267.0,19.67,1.732
534,396.1,192.6,267.0,19.67,1.846
534,396.1,192.2,267.0,19.67,1.846
534,396.1,194.7,267.0,19.67,1.846
534,396.1,194.2,267.0,19.67,1.846
534,396.1,193.8,267.0,19.67,1.846
534,396.1,193.3,267.0,19.67,1.846
534,396.1,192.9,267.0,19.67,1.846
534,396.1,192.5,267.0,19.67,1.846
534,396.1,192.0,267.0,19.67,1.846
534,396.1,194.5,267.0,19.67,1.846
534,396.1,194.1,267.0,19.67,1.846
534,396.1,193.6,267.0,19.67,1.846
534,396.1,193.2,267.0,19.67,1.846
534,396.1,192.7,267.0,19.67,1.846
534,396.1,192.3,267.0,19.67,1.846
534,396.1,191.9,267.0,19.35,1.846
534,396.1,191.4,267.0,19.35,1.732
534,396.1,191.0,267.0,19.35,1.732
534,396.1,190.5,267.0,19.35,1.732
534,396.1,193.0,267.0,19.67,1.732
534,396.1,192.6,267.0,19.67,1.846
534,396.1,192.1,267.0,19.67,1.846
534,396.1,194.6,267.0,19.67,1.846
534,396.1,194.2,267.0,19.67,1.846
534,396.1,193.8,267.0,19.67,1.846
534,396.1,193.3,267.0,19.67,1.846
534,396.1,192.9,267.0,19.67,1.846
534,396.1,192.4,267.0,19.67,1.846
534,396.1,192.0,267.0,19.35,1.846
534,396.1,191.5,267.0,19.35,1.732
534,396.1,191.1,267.0,19.35,1.732
534,396.1,190.7,267.0,19.35,1.732
534,396.1,193.2,267.0,19.67,1.732
534,396.1,192.7,267.0,19.67,1.846
534,396.1,192.3,267.0,19.67,1.846
534,396.1,191.8,267.0,19.35,1.846
534,396.1,191.4,267.0,19.35,1.732
534,396.1,190.9,267.0,19.35,1.732
534,396.1,190.5,267.0,19.35,1.732
534,396.1,193.0,267.0,19.67,1.732
534,396.1,192.6,267.0,19.67,1.846
534,396.1,192.1,267.0,19.67,1.846
534,396.1,194.6,267.0,19.67,1.846
534,396.1,194.2,267.0,19.67,1.846
534,396.1,193.7,267.0,19.67,1.846
534,396.1,193.3,267.0,19.67,1.846
534,396.1,192.9,267.0,19.67,1.846
534,396.1,192.4,267.0,19.67,1.846
534,396.1,192.0,267.0,19.35,1.846
534,396.1,191.5,267.0,19.35,1.732
534,396.1,191.1,267.0,19.35,1.732
534,396.1,190.6,267.0,19.35,1.732
534,396.1,193.1,267.0,19.67,1.732
534,396.1,192.7,267.0,19.67,1.846
534,396.1,192.2,267.0,19.67,1.846
534,396.1,191.8,267.0,19.35,1.846
534,396.1,191.4,267.0,19.35,1.732
534,396.1,190.9,267.0,19.35,1.732
534,396.1,190.5,267.0,19.35,1.732
534,396.1,193.0,267.0,19.67,1.732
534,396.1,192.5,267.0,19.67,1.846
534,396.1,192.1,267.0,19.67,1.846
534,396.1,194.6,267.0,19.67,1.846
534,396.1,194.2,267.0,19.67,1.846
534,396.1,193.7,267.0,19.67,1.846
534,396.1,193.3,267.0,19.67,1.846
534,396.1,192.8,267.0,19.67,1.846
534,396.1,192.4,267.0,19.67,1.846
534,396.1,191.9,267.0,19.35,1.846
534,396.1,191.5,267.0,19.35,1.732
534,396.1,191.1,267.0,19.35,1.732
534,396.1,190.6,267.0,19.35,1.732
534,396.1,193.1,267.0,19.67,1.732
534,396.1,192.7,267.0,19.67,1.846
534,396.1,192.2,267.0,19.67,1.846
534,396.1,194.7,267.0,19.67,1.846
534,396.1,194.3,267.0,19.67,1.846
534,396.1,193.8,267.0,19.67,1.846
534,396.1,193.4,267.0,19.67,1.846
534,396.1,192.9,267.0,19.67,1.846
534,396.1,192.5,267.0,19.67,1.846
534,396.1,192.1,267.0,19.67,1.846
534,396.1,194.6,267.0,19.67,1.846
534,396.1,194.1,267.0,19.67,1.846
534,396.1,193.7,267.0,19.67,1.846
534,396.1,193.2,267.0,19.67,1.846
534,396.1,192.8,267.0,19.67,1.846
534,396.1,192.3,267.0,19.67,1.846
534,396.1,191.9,267.0,19.35,1.846
534,396.1,191.5,267.0,19.35,1.732
540,402.1,162.9,257.4,18.34,1.292
540,402.1,167.7,249.8,19.54,1.120
540,402.1,172.6,248.4,19.38,0.881
540,402.1,177.5,247.1,19.38,0.633
540,402.1,182.3,245.8,19.73,0.633
540,402.1,184.2,250.9,19.73,0.676
540,402.1,186.5,261.2,19.42,0.676
540,402.1,189.0,267.0,19.35,1.325
540,402.1,191.5,267.0,19.35,1.732
540,402.1,191.1,267.0,19.35,1.732
540,402.1,190.6,267.0,19.35,1.732
540,402.1,193.1,267.0,19.67,1.732
540,402.1,192.7,267.0,19.67,1.846
540,402.1,192.2,267.0,19.67,1.846
540,402.1,191.8,267.0,19.35,1.846
540,402.1,191.4,267.0,19.35,1.732
540,402.1,190.9,267.0,19.35,1.732
540,402.1,190.5,267.0,19.35,1.732
540,402.1,193.0,267.0,19.67,1.732
540,402.1,192.5,267.0,19.67,1.846
540,402.1,192.1,267.0,19.67,1.846
540,402.1,194.6,267.0,19.67,1.846
540,402.1,194.2,267.0,19.67,1.846
540,402.1,193.7,267.0,19.67,1.846
540,402.1,193.3,267.0,19.67,1.846
540,402.1,192.8,267.0,19.67,1.846
540,402.1,192.4,267.0,19.67,1.846
540,402.1,191.9,267.0,19.35,1.846
540,402.1,191.5,267.0,19.35,1.732
540,402.1,191.1,267.0,19.35,1.732
540,402.1,190.6,267.0,19.35,1.732
540,402.1,193.1,267.0,19.67,1.732
540,402.1,192.7,267.0,19.67,1.846
540,402.1,192.2,267.0,19.67,1.846
540,402.1,191.8,267.0,19.35,1.846
540,402.1,191.3,267.0,19.35,1.732
540,402.1,190.9,267.0,19.35,1.732
540,402.1,190.5,267.0,19.35,1.732
540,402.1,192.9,267.0,19.67,1.732
540,402.1,192.5,267.0,19.67,1.846
540,402.1,192.1,267.0,19.67,1.846
540,402.1,194.6,267.0,19.67,1.846
540,402.1,194.1,267.0,19.67,1.846
540,402.1,193.7,267.0,19.67,1.846
540,402.1,193.2,267.0,19.67,1.846
540,402.1,192.8,267.0,19.67,1.846
540,402.1,192.3,267.0,19.67,1.846
540,402.1,191.9,267.0,19.35,1.846
540,402.1,191.5,267.0,19.35,1.732
540,402.1,191.0,267.0,19.35,1.732
540,402.1,190.6,267.0,19.35,1.732
540,402.1,193.1,267.0,19.67,1.732
540,402.1,192.6,267.0,19.67,1.846
540,402.1,192.2,267.0,19.67,1.846
540,402.1,194.7,267.0,19.67,1.846
540,402.1,194.3,267.0,19.67,1.846
540,402.1,193.8,267.0,19.67,1.846
540,402.1,193.4,267.0,19.67,1.846
540,402.1,192.9,267.0,19.67,1.846
540,402.1,192.5,267.0,19.67,1.846
540,402.1,192.0,267.0,19.67,1.846
540,402.1,194.5,267.0,19.67,1.846
540,402.1,194.1,267.0,19.67,1.846
540,402.1,193.7,267.0,19.67,1.846
540,402.1,193.2,267.0,19.67,1.846
540,402.1,192.8,267.0,19.67,1.846
540,402.1,192.3,267.0,19.67,1.846
540,402.1,191.9,267.0,19.35,1.846
540,402.1,191.4,267.0,19.35,1.732
540,402.1,191.0,267.0,19.35,1.732
540,402.1,190.6,267.0,19.35,1.732
540,402.1,193.1,267.0,19.67,1.732
540,402.1,192.6,267.0,19.67,1.846
540,402.1,192.2,267.0,19.67,1.846
540,402.1,194.7,267.0,19.67,1.846
540,402.1,194.2,267.0,19.67,1.846
540,402.1,193.8,267.0,19.67,1.846
540,402.1,193.3,267.0,19.67,1.846
540,402.1,192.9,267.0,19.67,1.846
540,402.1,192.5,267.0,19.67,1.846
540,402.1,192.0,267.0,19.67,1.846
540,402.1,194.5,267.0,19.67,1.846
540,402.1,194.1,267.0,19.67,1.846
540,402.1,193.6,267.0,19.67,1.846
540,402.1,193.2,267.0,19.67,1.846
540,402.1,192.7,267.0,19.67,1.846
540,402.1,192.3,267.0,19.67,1.846
540,402.1,191.9,267.0,19.35,1.846
540,402.1,191.4,267.0,19.35,1.732
540,402.1,191.0,267.0,19.35,1.732
540,402.1,190.5,267.0,19.35,1.732
540,402.1,193.0,267.0,19.67,1.732
540,402.1,192.6,267.0,19.67,1.846
540,402.1,192.1,267.0,19.67,1.846
540,402.1,194.6,267.0,19.67,1.846
540,402.1,194.2,267.0,19.67,1.846
540,402.1,193.8,267.0,19.67,1.846
540,402.1,193.3,267.0,19.67,1.846
540,402.1,192.9,267.0,19.67,1.846
540,402.1,192.4,267.0,19.67,1.846
540,402.1,192.0,267.0,19.35,1.846
540,402.1,191.5,267.0,19.35,1.732
540,402.1,191.1,267.0,19.35,1.732
540,402.1,190.7,267.0,19.35,1.732
540,402.1,193.2,267.0,19.67,1.732
540,402.1,192.7,267.0,19.67,1.846
540,402.1,192.3,267.0,19.67,1.846
540,402.1,191.8,267.0,19.35,1.846
540,402.1,191.4,267.0,19.35,1.732
540,402.1,190.9,267.0,19.35,1.732
540,402.1,190.5,267.0,19.35,1.732
540,402.1,193.0,267.0,19.67,1.732
540,402.1,192.6,267.0,19.67,1.846
540,402.1,192.1,267.0,19.67,1.846
540,402.1,194.6,267.0,19.67,1.846
540,402.1,194.2,267.0,19.67,1.846
540,402.1,193.7,267.0,19.67,1.846
540,402.1,193.3,267.0,19.67,1.846
540,402.1,192.9,267.0,19.67,1.846
540,402.1,192.4,267.0,19.67,1.846
540,402.1,192.0,267.0,19.35,1.846
540,402.1,191.5,267.0,19.35,1.732
540,402.1,191.1,267.0,19.35,1.732
540,402.1,190.6,267.0,19.35,1.732
540,402.1,193.1,267.0,19.67,1.732
540,402.1,192.7,267.0,19.67,1.846
540,402.1,192.2,267.0,19.67,1.846
540,402.1,191.8,267.0,19.35,1.846
540,402.1,191.4,267.0,19.35,1.732
540,402.1,190.9,267.0,19.35,1.732
540,402.1,190.5,267.0,19.35,1.732
540,402.1,193.0,267.0,19.67,1.732
540,402.1,192.5,267.0,19.67,1.846
540,402.1,192.1,267.0,19.67,1.846
540,402.1,194.6,267.0,19.67,1.846
540,402.1,194.2,267.0,19.67,1.846
540,402.1,193.7,267.0,19.67,1.846
540,402.1,193.3,267.0,19.67,1.846
540,402.1,192.8,267.0,19.67,1.846
540,402.1,192.4,267.0,19.67,1.846
540,402.1,191.9,267.0,19.35,1.846
540,402.1,191.5,267.0,19.35,1.732
540,402.1,191.1,267.0,19.35,1.732
540,402.1,190.6,267.0,19.35,1.732
540,402.1,193.1,267.0,19.67,1.732
540,402.1,192.7,267.0,19.67,1.846
540,402.1,192.2,267.0,19.67,1.846
540,402.1,194.7,267.0,19.67,1.846
540,402.1,194.3,267.0,19.67,1.846
540,402.1,193.8,267.0,19.67,1.846
540,402.1,193.4,267.0,19.67,1.846
540,402.1,192.9,267.0,19.67,1.846
540,402.1,192.5,267.0,19.67,1.846
540,402.1,192.1,267.0,19.67,1.846
540,402.1,194.6,267.0,19.67,1.846
540,402.1,194.1,267.0,19.67,1.846
540,402.1,193.7,267.0,19.67,1.846
540,402.1,193.2,267.0,19.67,1.846
540,402.1,192.8,267.0,19.67,1.846
540,402.1,192.3,267.0,19.67,1.846
546,387.4,173.2,264.8,19.03,1.274
546,390.0,179.6,264.7,19.03,0.861
546,392.9,182.1,267.0,19.60,0.861
546,395.8,184.5,267.0,19.60,1.623
546,395.8,187.0,267.0,19.60,1.623
546,395.8,189.5,267.0,19.60,1.623
546,395.8,192.0,267.0,19.56,1.623
546,395.8,194.5,267.0,19.56,1.704
546,395.8,194.1,267.0,19.56,1.704
546,395.8,193.6,267.0,19.56,1.704
546,395.8,193.2,267.0,19.56,1.704
546,395.8,192.7,267.0,19.56,1.704
546,395.8,192.3,267.0,19.56,1.704
546,395.8,191.9,267.0,19.60,1.704
546,395.8,191.4,267.0,19.60,1.623
546,395.8,191.0,267.0,19.60,1.623
546,395.8,190.5,267.0,19.60,1.623
546,395.8,193.0,267.0,19.56,1.623
546,395.8,192.6,267.0,19.56,1.704
546,395.8,192.1,267.0,19.56,1.704
546,395.8,194.6,267.0,19.56,1.704
546,395.8,194.2,267.0,19.56,1.704
546,395.8,193.8,267.0,19.56,1.704
546,395.8,193.3,267.0,19.56,1.704
546,395.8,192.9,267.0,19.56,1.704
546,395.8,192.4,267.0,19.56,1.704
546,395.8,192.0,267.0,19.60,1.704
546,395.8,191.5,267.0,19.60,1.623
546,395.8,191.1,267.0,19.60,1.623
546,395.8,190.7,267.0,19.60,1.623
546,395.8,193.2,267.0,19.56,1.623
546,395.8,192.7,267.0,19.56,1.704
546,395.8,192.3,267.0,19.56,1.704
546,395.8,191.8,267.0,19.60,1.704
546,395.8,191.4,267.0,19.60,1.623
546,395.8,190.9,267.0,19.60,1.623
546,395.8,190.5,267.0,19.60,1.623
546,395.8,193.0,267.0,19.56,1.623
546,395.8,192.6,267.0,19.56,1.704
546,395.8,192.1,267.0,19.56,1.704
546,395.8,194.6,267.0,19.56,1.704
546,395.8,194.2,267.0,19.56,1.704
546,395.8,193.7,267.0,19.56,1.704
546,395.8,193.3,267.0,19.56,1.704
546,395.8,192.8,267.0,19.56,1.704
546,395.8,192.4,267.0,19.56,1.704
546,395.8,191.9,267.0,19.60,1.704
546,395.8,191.5,267.0,19.60,1.623
546,395.8,191.1,267.0,19.60,1.623
546,395.8,190.6,267.0,19.60,1.623
546,395.8,193.1,267.0,19.56,1.623
546,395.8,192.7,267.0,19.56,1.704
546,395.8,192.2,267.0,19.56,1.704
546,395.8,191.8,267.0,19.60,1.704
546,395.8,191.3,267.0,19.60,1.623
546,395.8,190.9,267.0,19.60,1.623
546,395.8,190.5,267.0,19.60,1.623
546,395.8,193.0,267.0,19.56,1.623
546,395.8,192.5,267.0,19.56,1.704
546,395.8,192.1,267.0,19.56,1.704
546,395.8,194.6,267.0,19.56,1.704
546,395.8,194.1,267.0,19.56,1.704
546,395.8,193.7,267.0,19.56,1.704
546,395.8,193.3,267.0,19.56,1.704
546,395.8,192.8,267.0,19.56,1.704
546,395.8,192.4,267.0,19.56,1.704
546,395.8,191.9,267.0,19.60,1.704
546,395.8,191.5,267.0,19.60,1.623
546,395.8,191.0,267.0,19.60,1.623
546,395.8,190.6,267.0,19.60,1.623
546,395.8,193.1,267.0,19.56,1.623
546,395.8,192.7,267.0,19.56,1.704
546,395.8,192.2,267.0,19.56,1.704
546,395.8,194.7,267.0,19.56,1.704
546,395.8,194.3,267.0,19.56,1.704
546,395.8,193.8,267.0,19.56,1.704
546,395.8,193.4,267.0,19.56,1.704
546,395.8,192.9,267.0,19.56,1.704
546,395.8,192.5,267.0,19.56,1.704
546,395.8,192.1,267.0,19.56,1.704
546,395.8,194.6,267.0,19.56,1.704
546,395.8,194.1,267.0,19.56,1.704
546,395.8,193.7,267.0,19.56,1.704
546,395.8,193.2,267.0,19.56,1.704
546,395.8,192.8,267.0,19.56,1.704
546,395.8,192.3,267.0,19.56,1.704
546,395.8,191.9,267.0,19.60,1.704
546,395.8,191.5,267.0,19.60,1.623
546,395.8,191.0,267.0,19.60,1.623
546,395.8,190.6,267.0,19.60,1.623
546,395.8,193.1,267.0,19.56,1.623
546,395.8,192.6,267.0,19.56,1.704
546,395.8,192.2,267.0,19.56,1.704
546,395.8,194.7,267.0,19.56,1.704
546,395.8,194.2,267.0,19.56,1.704
546,395.8,193.8,267.0,19.56,1.704
546,395.8,193.4,267.0,19.56,1.704
546,395.8,192.9,267.0,19.56,1.704
546,395.8,192.5,267.0,19.56,1.704
546,395.8,192.0,267.0,19.56,1.704
546,395.8,194.5,267.0,19.56,1.704
546,395.8,194.1,267.0,19.56,1.704
546,395.8,193.7,267.0,19.56,1.704
546,395.8,193.2,267.0,19.56,1.704
546,395.8,192.8,267.0,19.56,1.704
546,395.8,192.3,267.0,19.56,1.704
546,395.8,191.9,267.0,19.60,1.704
546,395.8,191.4,267.0,19.60,1.623
546,395.8,191.0,267.0,19.60,1.623
546,395.8,190.5,267.0,19.60,1.623
546,395.8,193.1,267.0,19.56,1.623
546,395.8,192.6,267.0,19.56,1.704
546,395.8,192.2,267.0,19.56,1.704
546,395.8,194.7,267.0,19.56,1.704
546,395.8,194.2,267.0,19.56,1.704
546,395.8,193.8,267.0,19.56,1.704
546,395.8,193.3,267.0,19.56,1.704
546,395.8,192.9,267.0,19.56,1.704
546,395.8,192.5,267.0,19.56,1.704
546,395.8,192.0,267.0,19.56,1.704
546,395.8,194.5,267.0,19.56,1.704
546,395.8,194.1,267.0,19.56,1.704
546,395.8,193.6,267.0,19.56,1.704
546,395.8,193.2,267.0,19.56,1.704
546,395.8,192.7,267.0,19.56,1.704
546,395.8,192.3,267.0,19.56,1.704
546,395.8,191.9,267.0,19.60,1.704
546,395.8,191.4,267.0,19.60,1.623
546,395.8,191.0,267.0,19.60,1.623
546,395.8,190.5,267.0,19.60,1.623
546,395.8,193.0,267.0,19.56,1.623
546,395.8,192.6,267.0,19.56,1.704
546,395.8,192.1,267.0,19.56,1.704
546,395.8,194.6,267.0,19.56,1.704
546,395.8,194.2,267.0,19.56,1.704
546,395.8,193.8,267.0,19.56,1.704
546,395.8,193.3,267.0,19.56,1.704
546,395.8,192.9,267.0,19.56,1.704
546,395.8,192.4,267.0,19.56,1.704
546,395.8,192.0,267.0,19.60,1.704
546,395.8,191.5,267.0,19.60,1.623
546,395.8,191.1,267.0,19.60,1.623
546,395.8,190.7,267.0,19.60,1.623
546,395.8,193.2,267.0,19.56,1.623
546,395.8,192.7,267.0,19.56,1.704
546,395.8,192.3,267.0,19.56,1.704
546,395.8,191.8,267.0,19.60,1.704
546,395.8,191.4,267.0,19.60,1.623
546,395.8,190.9,267.0,19.60,1.623
546,395.8,190.5,267.0,19.60,1.623
546,395.8,193.0,267.0,19.56,1.623
546,395.8,192.6,267.0,19.56,1.704
546,395.8,192.1,267.0,19.56,1.704
546,395.8,194.6,267.0,19.56,1.704
546,395.8,194.2,267.0,19.56,1.704
546,395.8,193.7,267.0,19.56,1.704
546,395.8,193.3,267.0,19.56,1.704
546,395.8,192.8,267.0,19.56,1.704
546,395.8,192.4,267.0,19.56,1.704
546,395.8,191.9,267.0,19.60,1.704
552,376.1,239.7,259.9,20.31,0.813
552,379.6,233.8,259.9,20.31,0.851
552,383.2,228.1,259.8,20.31,0.851
552,385.6,223.1,265.8,19.57,0.851
552,388.5,217.9,267.0,19.57,1.248
552,391.4,214.6,267.0,19.69,1.248
552,394.3,211.4,267.0,19.69,1.592
552,397.2,208.2,267.0,19.58,1.592
552,397.2,205.0,267.0,19.58,1.685
552,397.2,204.5,267.0,19.58,1.685
552,397.2,204.1,267.0,19.58,1.685
552,397.2,203.6,267.0,19.67,1.685
552,397.2,203.2,267.0,19.67,1.846
552,397.2,202.8,267.0,19.67,1.846
552,397.2,202.3,267.0,19.67,1.846
552,397.2,201.9,267.0,19.67,1.846
552,397.2,201.4,267.0,19.67,1.846
552,397.2,201.0,267.0,19.67,1.846
552,397.2,200.5,267.0,19.67,1.846
552,397.2,200.1,267.0,19.67,1.846
552,397.2,199.7,267.0,19.67,1.846
552,397.2,199.2,267.0,19.67,1.846
552,397.2,198.8,267.0,19.67,1.846
552,397.2,198.3,267.0,19.67,1.846
552,397.2,197.9,267.0,19.67,1.846
552,397.2,197.4,267.0,19.67,1.846
552,397.2,197.0,267.0,19.67,1.846
552,397.2,196.5,267.0,19.67,1.846
552,397.2,196.1,267.0,19.67,1.846
552,397.2,195.7,267.0,19.67,1.846
552,397.2,195.2,267.0,19.67,1.846
552,397.2,194.8,267.0,19.67,1.846
552,397.2,194.3,267.0,19.67,1.846
552,397.2,193.9,267.0,19.67,1.846
552,397.2,193.4,267.0,19.67,1.846
552,397.2,193.0,267.0,19.67,1.846
552,397.2,192.6,267.0,19.67,1.846
552,397.2,192.1,267.0,19.67,1.846
552,397.2,194.6,267.0,19.67,1.846
552,397.2,194.2,267.0,19.67,1.846
552,397.2,193.7,267.0,19.67,1.846
552,397.2,193.3,267.0,19.67,1.846
552,397.2,192.8,267.0,19.67,1.846
552,397.2,192.4,267.0,19.67,1.846
552,397.2,191.9,267.0,19.35,1.846
552,397.2,191.5,267.0,19.35,1.732
552,397.2,191.1,267.0,19.35,1.732
552,397.2,190.6,267.0,19.35,1.732
552,397.2,193.1,267.0,19.67,1.732
552,397.2,192.7,267.0,19.67,1.846
552,397.2,192.2,267.0,19.67,1.846
552,397.2,191.8,267.0,19.35,1.846
552,397.2,191.3,267.0,19.35,1.732
552,397.2,190.9,267.0,19.35,1.732
552,397.2,190.5,267.0,19.35,1.732
552,397.2,193.0,267.0,19.67,1.732
552,397.2,192.5,267.0,19.67,1.846
552,397.2,192.1,267.0,19.67,1.846
552,397.2,194.6,267.0,19.67,1.846
552,397.2,194.1,267.0,19.67,1.846
552,397.2,193.7,267.0,19.67,1.846
552,397.2,193.3,267.0,19.67,1.846
552,397.2,192.8,267.0,19.67,1.846
552,397.2,192.4,267.0,19.67,1.846
552,397.2,191.9,267.0,19.35,1.846
552,397.2,191.5,267.0,19.35,1.732
552,397.2,191.0,267.0,19.35,1.732
552,397.2,190.6,267.0,19.35,1.732
552,397.2,193.1,267.0,19.67,1.732
552,397.2,192.7,267.0,19.67,1.846
552,397.2,192.2,267.0,19.67,1.846
552,397.2,194.7,267.0,19.67,1.846
552,397.2,194.3,267.0,19.67,1.846
552,397.2,193.8,267.0,19.67,1.846
552,397.2,193.4,267.0,19.67,1.846
552,397.2,192.9,267.0,19.67,1.846
552,397.2,192.5,267.0,19.67,1.846
552,397.2,192.1,267.0,19.67,1.846
552,397.2,194.6,267.0,19.67,1.846
552,397.2,194.1,267.0,19.67,1.846
552,397.2,193.7,267.0,19.67,1.846
552,397.2,193.2,267.0,19.67,1.846
552,397.2,192.8,267.0,19.67,1.846
552,397.2,192.3,267.0,19.67,1.846
552,397.2,191.9,267.0,19.35,1.846
552,397.2,191.5,267.0,19.35,1.732
552,397.2,191.0,267.0,19.35,1.732
552,397.2,190.6,267.0,19.35,1.732
552,397.2,193.1,267.0,19.67,1.732
552,397.2,192.6,267.0,19.67,1.846
552,397.2,192.2,267.0,19.67,1.846
552,397.2,194.7,267.0,19.67,1.846
552,397.2,194.2,267.0,19.67,1.846
552,397.2,193.8,267.0,19.67,1.846
552,397.2,193.4,267.0,19.67,1.846
552,397.2,192.9,267.0,19.67,1.846
552,397.2,192.5,267.0,19.67,1.846
552,397.2,192.0,267.0,19.67,1.846
552,397.2,194.5,267.0,19.67,1.846
552,397.2,194.1,267.0,19.67,1.846
552,397.2,193.7,267.0,19.67,1.846
552,397.2,193.2,267.0,19.67,1.846
552,397.2,192.8,267.0,19.67,1.846
552,397.2,192.3,267.0,19.67,1.846
552,397.2,191.9,267.0,19.35,1.846
552,397.2,191.4,267.0,19.35,1.732
552,397.2,191.0,267.0,19.35,1.732
552,397.2,190.5,267.0,19.35,1.732
552,397.2,193.1,267.0,19.67,1.732
552,397.2,192.6,267.0,19.67,1.846
552,397.2,192.2,267.0,19.67,1.846
552,397.2,194.7,267.0,19.67,1.846
552,397.2,194.2,267.0,19.67,1.846
552,397.2,193.8,267.0,19.67,1.846
552,397.2,193.3,267.0,19.67,1.846
552,397.2,192.9,267.0,19.67,1.846
552,397.2,192.5,267.0,19.67,1.846
552,397.2,192.0,267.0,19.67,1.846
552,397.2,194.5,267.0,19.67,1.846
552,397.2,194.1,267.0,19.67,1.846
552,397.2,193.6,267.0,19.67,1.846
552,397.2,193.2,267.0,19.67,1.846
552,397.2,192.7,267.0,19.67,1.846
552,397.2,192.3,267.0,19.67,1.846
552,397.2,191.9,267.0,19.35,1.846
552,397.2,191.4,267.0,19.35,1.732
552,397.2,191.0,267.0,19.35,1.732
552,397.2,190.5,267.0,19.35,1.732
552,397.2,193.0,267.0,19.67,1.732
552,397.2,192.6,267.0,19.67,1.846
552,397.2,192.1,267.0,19.67,1.846
552,397.2,194.6,267.0,19.67,1.846
552,397.2,194.2,267.0,19.67,1.846
552,397.2,193.8,267.0,19.67,1.846
552,397.2,193.3,267.0,19.67,1.846
552,397.2,192.9,267.0,19.67,1.846
552,397.2,192.4,267.0,19.67,1.846
552,397.2,192.0,267.0,19.35,1.846
552,397.2,191.5,267.0,19.35,1.732
552,397.2,191.1,267.0,19.35,1.732
552,397.2,190.7,267.0,19.35,1.732
552,397.2,193.2,267.0,19.67,1.732
552,397.2,192.7,267.0,19.67,1.846
552,397.2,192.3,267.0,19.67,1.846
552,397.2,191.8,267.0,19.35,1.846
552,397.2,191.4,267.0,19.35,1.732
552,397.2,190.9,267.0,19.35,1.732
552,397.2,190.5,267.0,19.35,1.732
552,397.2,193.0,267.0,19.67,1.732
552,397.2,192.6,267.0,19.67,1.846
552,397.2,192.1,267.0,19.67,1.846
552,397.2,194.6,267.0,19.67,1.846
552,397.2,194.2,267.0,19.67,1.846
552,397.2,193.7,267.0,19.67,1.846
552,397.2,193.3,267.0,19.67,1.846
552,397.2,192.8,267.0,19.67,1.846
552,397.2,192.4,267.0,19.67,1.846
552,397.2,191.9,267.0,19.35,1.846
552,397.2,191.5,267.0,19.35,1.732
552,397.2,191.1,267.0,19.35,1.732
558,374.1,244.0,259.9,20.34,0.813
558,374.5,241.3,254.8,20.34,0.726
558,378.1,235.5,254.8,20.31,0.726
558,381.6,229.7,254.7,20.31,0.851
558,386.0,225.1,259.3,19.65,0.851
558,388.4,220.1,265.3,19.57,1.020
558,391.3,214.9,267.0,19.69,1.248
558,394.2,211.7,267.0,19.69,1.592
558,397.1,208.5,267.0,19.58,1.592
558,397.1,205.2,267.0,19.58,1.685
558,397.1,204.8,267.0,19.58,1.685
558,397.1,204.3,267.0,19.58,1.685
558,397.1,203.9,267.0,19.67,1.685
558,397.1,203.4,267.0,19.67,1.846
558,397.1,203.0,267.0,19.67,1.846
558,397.1,202.6,267.0,19.67,1.846
558,397.1,202.1,267.0,19.67,1.846
558,397.1,201.7,267.0,19.67,1.846
558,397.1,201.2,267.0,19.67,1.846
558,397.1,200.8,267.0,19.67,1.846
558,397.1,200.3,267.0,19.67,1.846
558,397.1,199.9,267.0,19.67,1.846
558,397.1,199.5,267.0,19.67,1.846
558,397.1,199.0,267.0,19.67,1.846
558,397.1,198.6,267.0,19.67,1.846
558,397.1,198.1,267.0,19.67,1.846
558,397.1,197.7,267.0,19.67,1.846
558,397.1,197.2,267.0,19.67,1.846
558,397.1,196.8,267.0,19.67,1.846
558,397.1,196.4,267.0,19.67,1.846
558,397.1,195.9,267.0,19.67,1.846
558,397.1,195.5,267.0,19.67,1.846
558,397.1,195.0,267.0,19.67,1.846
558,397.1,194.6,267.0,19.67,1.846
558,397.1,194.2,267.0,19.67,1.846
558,397.1,193.7,267.0,19.67,1.846
558,397.1,193.3,267.0,19.67,1.846
558,397.1,192.8,267.0,19.67,1.846
558,397.1,192.4,267.0,19.67,1.846
558,397.1,191.9,267.0,19.35,1.846
558,397.1,191.5,267.0,19.35,1.732
558,397.1,191.1,267.0,19.35,1.732
558,397.1,190.6,267.0,19.35,1.732
558,397.1,193.1,267.0,19.67,1.732
558,397.1,192.7,267.0,19.67,1.846
558,397.1,192.2,267.0,19.67,1.846
558,397.1,194.7,267.0,19.67,1.846
558,397.1,194.3,267.0,19.67,1.846
558,397.1,193.8,267.0,19.67,1.846
558,397.1,193.4,267.0,19.67,1.846
558,397.1,192.9,267.0,19.67,1.846
558,397.1,192.5,267.0,19.67,1.846
558,397.1,192.1,267.0,19.67,1.846
558,397.1,194.6,267.0,19.67,1.846
558,397.1,194.1,267.0,19.67,1.846
558,397.1,193.7,267.0,19.67,1.846
558,397.1,193.2,267.0,19.67,1.846
558,397.1,192.8,267.0,19.67,1.846
558,397.1,192.3,267.0,19.67,1.846
558,397.1,191.9,267.0,19.35,1.846
558,397.1,191.5,267.0,19.35,1.732
558,397.1,191.0,267.0,19.35,1.732
558,397.1,190.6,267.0,19.35,1.732
558,397.1,193.1,267.0,19.67,1.732
558,397.1,192.6,267.0,19.67,1.846
558,397.1,192.2,267.0,19.67,1.846
558,397.1,194.7,267.0,19.67,1.846
558,397.1,194.2,267.0,19.67,1.846
558,397.1,193.8,267.0,19.67,1.846
558,397.1,193.4,267.0,19.67,1.846
558,397.1,192.9,267.0,19.67,1.846
558,397.1,192.5,267.0,19.67,1.846
558,397.1,192.0,267.0,19.67,1.846
558,397.1,194.5,267.0,19.67,1.846
558,397.1,194.1,267.0,19.67,1.846
558,397.1,193.7,267.0,19.67,1.846
558,397.1,193.2,267.0,19.67,1.846
558,397.1,192.8,267.0,19.67,1.846
558,397.1,192.3,267.0,19.67,1.846
558,397.1,191.9,267.0,19.35,1.846
558,397.1,191.4,267.0,19.35,1.732
558,397.1,191.0,267.0,19.35,1.732
558,397.1,190.6,267.0,19.35,1.732
558,397.1,193.1,267.0,19.67,1.732
558,397.1,192.6,267.0,19.67,1.846
558,397.1,192.2,267.0,19.67,1.846
558,397.1,194.7,267.0,19.67,1.846
558,397.1,194.2,267.0,19.67,1.846
558,397.1,193.8,267.0,19.67,1.846
558,397.1,193.3,267.0,19.67,1.846
558,397.1,192.9,267.0,19.67,1.846
558,397.1,192.5,267.0,19.67,1.846
558,397.1,192.0,267.0,19.67,1.846
558,397.1,194.5,267.0,19.67,1.846
558,397.1,194.1,267.0,19.67,1.846
558,397.1,193.6,267.0,19.67,1.846
558,397.1,193.2,267.0,19.67,1.846
558,397.1,192.7,267.0,19.67,1.846
558,397.1,192.3,267.0,19.67,1.846
558,397.1,191.9,267.0,19.35,1.846
558,397.1,191.4,267.0,19.35,1.732
558,397.1,191.0,267.0,19.35,1.732
558,397.1,190.5,267.0,19.35,1.732
558,397.1,193.0,267.0,19.67,1.732
558,397.1,192.6,267.0,19.67,1.846
558,397.1,192.1,267.0,19.67,1.846
558,397.1,194.6,267.0,19.67,1.846
558,397.1,194.2,267.0,19.67,1.846
558,397.1,193.8,267.0,19.67,1.846
558,397.1,193.3,267.0,19.67,1.846
558,397.1,192.9,267.0,19.67,1.846
558,397.1,192.4,267.0,19.67,1.846
558,397.1,192.0,267.0,19.35,1.846
558,397.1,191.5,267.0,19.35,1.732
558,397.1,191.1,267.0,19.35,1.732
558,397.1,190.7,267.0,19.35,1.732
558,397.1,193.2,267.0,19.67,1.732
558,397.1,192.7,267.0,19.67,1.846
558,397.1,192.3,267.0,19.67,1.846
558,397.1,191.8,267.0,19.35,1.846
558,397.1,191.4,267.0,19.35,1.732
558,397.1,190.9,267.0,19.35,1.732
558,397.1,190.5,267.0,19.35,1.732
558,397.1,193.0,267.0,19.67,1.732
558,397.1,192.6,267.0,19.67,1.846
558,397.1,192.1,267.0,19.67,1.846
558,397.1,194.6,267.0,19.67,1.846
558,397.1,194.2,267.0,19.67,1.846
558,397.1,193.7,267.0,19.67,1.846
558,397.1,193.3,267.0,19.67,1.846
558,397.1,192.8,267.0,19.67,1.846
558,397.1,192.4,267.0,19.67,1.846
558,397.1,191.9,267.0,19.35,1.846
558,397.1,191.5,267.0,19.35,1.732
558,397.1,191.1,267.0,19.35,1.732
558,397.1,190.6,267.0,19.35,1.732
558,397.1,193.1,267.0,19.67,1.732
558,397.1,192.7,267.0,19.67,1.846
558,397.1,192.2,267.0,19.67,1.846
558,397.1,191.8,267.0,19.35,1.846
558,397.1,191.3,267.0,19.35,1.732
558,397.1,190.9,267.0,19.35,1.732
558,397.1,190.5,267.0,19.35,1.732
558,397.1,193.0,267.0,19.67,1.732
558,397.1,192.5,267.0,19.67,1.846
558,397.1,192.1,267.0,19.67,1.846
558,397.1,194.6,267.0,19.67,1.846
558,397.1,194.1,267.0,19.67,1.846
558,397.1,193.7,267.0,19.67,1.846
558,397.1,193.2,267.0,19.67,1.846
558,397.1,192.8,267.0,19.67,1.846
558,397.1,192.4,267.0,19.67,1.846
558,397.1,191.9,267.0,19.35,1.846
558,397.1,191.5,267.0,19.35,1.732
558,397.1,191.0,267.0,19.35,1.732
558,397.1,190.6,267.0,19.35,1.732
558,397.1,193.1,267.0,19.67,1.732
558,397.1,192.7,267.0,19.67,1.846
558,397.1,192.2,267.0,19.67,1.846
558,397.1,194.7,267.0,19.67,1.846
564,432.7,225.7,258.2,19.26,1.199
564,427.1,221.9,258.3,20.35,1.036
564,421.5,218.1,258.5,20.35,0.849
564,419.1,213.1,264.5,19.69,0.849
564,416.2,209.9,267.0,19.69,1.592
564,413.3,206.6,267.0,19.69,1.592
564,410.4,203.4,267.0,19.56,1.592
564,407.5,203.0,267.0,19.67,1.704
564,407.5,202.5,267.0,19.67,1.846
564,407.5,202.1,267.0,19.67,1.846
564,407.5,201.6,267.0,19.67,1.846
564,407.5,201.2,267.0,19.67,1.846
564,407.5,200.7,267.0,19.67,1.846
564,407.5,200.3,267.0,19.67,1.846
564,407.5,199.8,267.0,19.67,1.846
564,407.5,199.4,267.0,19.67,1.846
564,407.5,199.0,267.0,19.67,1.846
564,407.5,198.5,267.0,19.67,1.846
564,407.5,198.1,267.0,19.67,1.846
564,407.5,197.6,267.0,19.67,1.846
564,407.5,197.2,267.0,19.67,1.846
564,407.5,196.8,267.0,19.67,1.846
564,407.5,196.3,267.0,19.67,1.846
564,407.5,195.9,267.0,19.67,1.846
564,407.5,195.4,267.0,19.67,1.846
564,407.5,195.0,267.0,19.67,1.846
564,407.5,194.5,267.0,19.67,1.846
564,407.5,194.1,267.0,19.67,1.846
564,407.5,193.7,267.0,19.67,1.846
564,407.5,193.2,267.0,19.67,1.846
564,407.5,192.8,267.0,19.67,1.846
564,407.5,192.3,267.0,19.67,1.846
564,407.5,191.9,267.0,19.35,1.846
564,407.5,191.4,267.0,19.35,1.732
564,407.5,191.0,267.0,19.35,1.732
564,407.5,190.5,267.0,19.35,1.732
564,407.5,193.1,267.0,19.67,1.732
564,407.5,192.6,267.0,19.67,1.846
564,407.5,192.2,267.0,19.67,1.846
564,407.5,194.7,267.0,19.67,1.846
564,407.5,194.2,267.0,19.67,1.846
564,407.5,193.8,267.0,19.67,1.846
564,407.5,193.3,267.0,19.67,1.846
564,407.5,192.9,267.0,19.67,1.846
564,407.5,192.5,267.0,19.67,1.846
564,407.5,192.0,267.0,19.67,1.846
564,407.5,194.5,267.0,19.67,1.846
564,407.5,194.1,267.0,19.67,1.846
564,407.5,193.6,267.0,19.67,1.846
564,407.5,193.2,267.0,19.67,1.846
564,407.5,192.7,267.0,19.67,1.846
564,407.5,192.3,267.0,19.67,1.846
564,407.5,191.9,267.0,19.35,1.846
564,407.5,191.4,267.0,19.35,1.732
564,407.5,191.0,267.0,19.35,1.732
564,407.5,190.5,267.0,19.35,1.732
564,407.5,193.0,267.0,19.67,1.732
564,407.5,192.6,267.0,19.67,1.846
564,407.5,192.1,267.0,19.67,1.846
564,407.5,194.6,267.0,19.67,1.846
564,407.5,194.2,267.0,19.67,1.846
564,407.5,193.8,267.0,19.67,1.846
564,407.5,193.3,267.0,19.67,1.846
564,407.5,192.9,267.0,19.67,1.846
564,407.5,192.4,267.0,19.67,1.846
564,407.5,192.0,267.0,19.35,1.846
564,407.5,191.5,267.0,19.35,1.732
564,407.5,191.1,267.0,19.35,1.732
564,407.5,190.7,267.0,19.35,1.732
564,407.5,193.2,267.0,19.67,1.732
564,407.5,192.7,267.0,19.67,1.846
564,407.5,192.3,267.0,19.67,1.846
564,407.5,191.8,267.0,19.35,1.846
564,407.5,191.4,267.0,19.35,1.732
564,407.5,190.9,267.0,19.35,1.732
564,407.5,190.5,267.0,19.35,1.732
564,407.5,193.0,267.0,19.67,1.732
564,407.5,192.6,267.0,19.67,1.846
564,407.5,192.1,267.0,19.67,1.846
564,407.5,194.6,267.0,19.67,1.846
564,407.5,194.2,267.0,19.67,1.846
564,407.5,193.7,267.0,19.67,1.846
564,407.5,193.3,267.0,19.67,1.846
564,407.5,192.8,267.0,19.67,1.846
564,407.5,192.4,267.0,19.67,1.846
564,407.5,191.9,267.0,19.35,1.846
564,407.5,191.5,267.0,19.35,1.732
564,407.5,191.1,267.0,19.35,1.732
564,407.5,190.6,267.0,19.35,1.732
564,407.5,193.1,267.0,19.67,1.732
564,407.5,192.7,267.0,19.67,1.846
564,407.5,192.2,267.0,19.67,1.846
564,407.5,191.8,267.0,19.35,1.846
564,407.5,191.3,267.0,19.35,1.732
564,407.5,190.9,267.0,19.35,1.732
564,407.5,190.5,267.0,19.35,1.732
564,407.5,193.0,267.0,19.67,1.732
564,407.5,192.5,267.0,19.67,1.846
564,407.5,192.1,267.0,19.67,1.846
564,407.5,194.6,267.0,19.67,1.846
564,407.5,194.1,267.0,19.67,1.846
564,407.5,193.7,267.0,19.67,1.846
564,407.5,193.2,267.0,19.67,1.846
564,407.5,192.8,267.0,19.67,1.846
564,407.5,192.4,267.0,19.67,1.846
564,407.5,191.9,267.0,19.35,1.846
564,407.5,191.5,267.0,19.35,1.732
564,407.5,191.0,267.0,19.35,1.732
564,407.5,190.6,267.0,19.35,1.732
564,407.5,193.1,267.0,19.67,1.732
564,407.5,192.7,267.0,19.67,1.846
564,407.5,192.2,267.0,19.67,1.846
564,407.5,194.7,267.0,19.67,1.846
564,407.5,194.3,267.0,19.67,1.846
564,407.5,193.8,267.0,19.67,1.846
564,407.5,193.4,267.0,19.67,1.846
564,407.5,192.9,267.0,19.67,1.846
564,407.5,192.5,267.0,19.67,1.846
564,407.5,192.1,267.0,19.67,1.846
564,407.5,194.6,267.0,19.67,1.846
564,407.5,194.1,267.0,19.67,1.846
564,407.5,193.7,267.0,19.67,1.846
564,407.5,193.2,267.0,19.67,1.846
564,407.5,192.8,267.0,19.67,1.846
564,407.5,192.3,267.0,19.67,1.846
564,407.5,191.9,267.0,19.35,1.846
564,407.5,191.5,267.0,19.35,1.732
564,407.5,191.0,267.0,19.35,1.732
564,407.5,190.6,267.0,19.35,1.732
564,407.5,193.1,267.0,19.67,1.732
564,407.5,192.6,267.0,19.67,1.846
564,407.5,192.2,267.0,19.67,1.846
564,407.5,194.7,267.0,19.67,1.846
564,407.5,194.2,267.0,19.67,1.846
564,407.5,193.8,267.0,19.67,1.846
564,407.5,193.3,267.0,19.67,1.846
564,407.5,192.9,267.0,19.67,1.846
564,407.5,192.5,267.0,19.67,1.846
564,407.5,192.0,267.0,19.67,1.846
564,407.5,194.5,267.0,19.67,1.846
564,407.5,194.1,267.0,19.67,1.846
564,407.5,193.6,267.0,19.67,1.846
564,407.5,193.2,267.0,19.67,1.846
564,407.5,192.8,267.0,19.67,1.846
564,407.5,192.3,267.0,19.67,1.846
564,407.5,191.9,267.0,19.35,1.846
564,407.5,191.4,267.0,19.35,1.732
564,407.5,191.0,267.0,19.35,1.732
564,407.5,190.5,267.0,19.35,1.732
564,407.5,193.0,267.0,19.67,1.732
564,407.5,192.6,267.0,19.67,1.846
564,407.5,192.2,267.0,19.67,1.846
564,407.5,194.6,267.0,19.67,1.846
564,407.5,194.2,267.0,19.67,1.846
564,407.5,193.8,267.0,19.67,1.846
564,407.5,193.3,267.0,19.67,1.846
564,407.5,192.9,267.0,19.67,1.846
564,407.5,192.4,267.0,19.67,1.846
564,407.5,192.0,267.0,19.67,1.846
564,407.5,191.6,267.0,19.35,1.732
570,355.4,218.5,259.9,21.43,0.804
570,357.9,217.6,254.8,21.43,0.718
570,360.4,216.7,249.7,20.50,0.718
570,365.4,215.2,248.6,19.89,0.589
570,370.3,213.7,247.6,19.89,0.659
570,374.1,211.8,250.1,20.12,0.659
570,377.9,209.8,252.7,19.72,0.623
570,382.6,207.1,258.8,19.72,1.028
570,385.3,204.1,267.0,19.69,1.028
570,388.2,203.6,267.0,19.56,1.592
570,391.1,203.1,267.0,19.56,1.704
570,394.0,202.7,267.0,19.56,1.704
570,396.9,202.2,267.0,19.67,1.704
570,396.9,201.7,267.0,19.67,1.846
570,396.9,201.3,267.0,19.67,1.846
570,396.9,200.9,267.0,19.67,1.846
570,396.9,200.4,267.0,19.67,1.846
570,396.9,200.0,267.0,19.67,1.846
570,396.9,199.5,267.0,19.67,1.846
570,396.9,199.1,267.0,19.67,1.846
570,396.9,198.6,267.0,19.67,1.846
570,396.9,198.2,267.0,19.67,1.846
570,396.9,197.7,267.0,19.67,1.846
570,396.9,197.3,267.0,19.67,1.846
570,396.9,196.9,267.0,19.67,1.846
570,396.9,196.4,267.0,19.67,1.846
570,396.9,196.0,267.0,19.67,1.846
570,396.9,195.5,267.0,19.67,1.846
570,396.9,195.1,267.0,19.67,1.846
570,396.9,194.6,267.0,19.67,1.846
570,396.9,194.2,267.0,19.67,1.846
570,396.9,193.8,267.0,19.67,1.846
570,396.9,193.3,267.0,19.67,1.846
570,396.9,192.9,267.0,19.67,1.846
570,396.9,192.4,267.0,19.67,1.846
570,396.9,192.0,267.0,19.35,1.846
570,396.9,191.5,267.0,19.35,1.732
570,396.9,191.1,267.0,19.35,1.732
570,396.9,190.7,267.0,19.35,1.732
570,396.9,193.2,267.0,19.67,1.732
570,396.9,192.7,267.0,19.67,1.846
570,396.9,192.3,267.0,19.67,1.846
570,396.9,191.8,267.0,19.35,1.846
570,396.9,191.4,267.0,19.35,1.732
570,396.9,190.9,267.0,19.35,1.732
570,396.9,190.5,267.0,19.35,1.732
570,396.9,193.0,267.0,19.67,1.732
570,396.9,192.6,267.0,19.67,1.846
570,396.9,192.1,267.0,19.67,1.846
570,396.9,194.6,267.0,19.67,1.846
570,396.9,194.2,267.0,19.67,1.846
570,396.9,193.7,267.0,19.67,1.846
570,396.9,193.3,267.0,19.67,1.846
570,396.9,192.8,267.0,19.67,1.846
570,396.9,192.4,267.0,19.67,1.846
570,396.9,192.0,267.0,19.35,1.846
570,396.9,191.5,267.0,19.35,1.732
570,396.9,191.1,267.0,19.35,1.732
570,396.9,190.6,267.0,19.35,1.732
570,396.9,193.1,267.0,19.67,1.732
570,396.9,192.7,267.0,19.67,1.846
570,396.9,192.2,267.0,19.67,1.846
570,396.9,191.8,267.0,19.35,1.846
570,396.9,191.4,267.0,19.35,1.732
570,396.9,190.9,267.0,19.35,1.732
570,396.9,190.5,267.0,19.35,1.732
570,396.9,193.0,267.0,19.67,1.732
570,396.9,192.5,267.0,19.67,1.846
570,396.9,192.1,267.0,19.67,1.846
570,396.9,194.6,267.0,19.67,1.846
570,396.9,194.1,267.0,19.67,1.846
570,396.9,193.7,267.0,19.67,1.846
570,396.9,193.3,267.0,19.67,1.846
570,396.9,192.8,267.0,19.67,1.846
570,396.9,192.4,267.0,19.67,1.846
570,396.9,191.9,267.0,19.35,1.846
570,396.9,191.5,267.0,19.35,1.732
570,396.9,191.0,267.0,19.35,1.732
570,396.9,190.6,267.0,19.35,1.732
570,396.9,193.1,267.0,19.67,1.732
570,396.9,192.7,267.0,19.67,1.846
570,396.9,192.2,267.0,19.67,1.846
570,396.9,194.7,267.0,19.67,1.846
570,396.9,194.3,267.0,19.67,1.846
570,396.9,193.8,267.0,19.67,1.846
570,396.9,193.4,267.0,19.67,1.846
570,396.9,192.9,267.0,19.67,1.846
570,396.9,192.5,267.0,19.67,1.846
570,396.9,192.1,267.0,19.67,1.846
570,396.9,194.6,267.0,19.67,1.846
570,396.9,194.1,267.0,19.67,1.846
570,396.9,193.7,267.0,19.67,1.846
570,396.9,193.2,267.0,19.67,1.846
570,396.9,192.8,267.0,19.67,1.846
570,396.9,192.3,267.0,19.67,1.846
570,396.9,191.9,267.0,19.35,1.846
570,396.9,191.5,267.0,19.35,1.732
570,396.9,191.0,267.0,19.35,1.732
570,396.9,190.6,267.0,19.35,1.732
570,396.9,193.1,267.0,19.67,1.732
570,396.9,192.6,267.0,19.67,1.846
570,396.9,192.2,267.0,19.67,1.846
570,396.9,194.7,267.0,19.67,1.846
570,396.9,194.2,267.0,19.67,1.846
570,396.9,193.8,267.0,19.67,1.846
570,396.9,193.4,267.0,19.67,1.846
570,396.9,192.9,267.0,19.67,1.846
570,396.9,192.5,267.0,19.67,1.846
570,396.9,192.0,267.0,19.67,1.846
570,396.9,194.5,267.0,19.67,1.846
570,396.9,194.1,267.0,19.67,1.846
570,396.9,193.7,267.0,19.67,1.846
570,396.9,193.2,267.0,19.67,1.846
570,396.9,192.8,267.0,19.67,1.846
570,396.9,192.3,267.0,19.67,1.846
570,396.9,191.9,267.0,19.35,1.846
570,396.9,191.4,267.0,19.35,1.732
570,396.9,191.0,267.0,19.35,1.732
570,396.9,190.5,267.0,19.35,1.732
570,396.9,193.1,267.0,19.67,1.732
570,396.9,192.6,267.0,19.67,1.846
570,396.9,192.2,267.0,19.67,1.846
570,396.9,194.7,267.0,19.67,1.846
570,396.9,194.2,267.0,19.67,1.846
570,396.9,193.8,267.0,19.67,1.846
570,396.9,193.3,267.0,19.67,1.846
570,396.9,192.9,267.0,19.67,1.846
570,396.9,192.5,267.0,19.67,1.846
570,396.9,192.0,267.0,19.67,1.846
570,396.9,194.5,267.0,19.67,1.846
570,396.9,194.1,267.0,19.67,1.846
570,396.9,193.6,267.0,19.67,1.846
570,396.9,193.2,267.0,19.67,1.846
570,396.9,192.7,267.0,19.67,1.846
570,396.9,192.3,267.0,19.67,1.846
570,396.9,191.9,267.0,19.35,1.846
570,396.9,191.4,267.0,19.35,1.732
570,396.9,191.0,267.0,19.35,1.732
570,396.9,190.5,267.0,19.35,1.732
570,396.9,193.0,267.0,19.67,1.732
570,396.9,192.6,267.0,19.67,1.846
570,396.9,192.1,267.0,19.67,1.846
570,396.9,194.6,267.0,19.67,1.846
570,396.9,194.2,267.0,19.67,1.846
570,396.9,193.8,267.0,19.67,1.846
570,396.9,193.3,267.0,19.67,1.846
570,396.9,192.9,267.0,19.67,1.846
570,396.9,192.4,267.0,19.67,1.846
570,396.9,192.0,267.0,19.35,1.846
570,396.9,191.5,267.0,19.35,1.732
570,396.9,191.1,267.0,19.35,1.732
570,396.9,190.7,267.0,19.35,1.732
570,396.9,193.2,267.0,19.67,1.732
570,396.9,192.7,267.0,19.67,1.846
570,396.9,192.3,267.0,19.67,1.846
570,396.9,191.8,267.0,19.35,1.846
570,396.9,191.4,267.0,19.35,1.732
570,396.9,190.9,267.0,19.35,1.732
570,396.9,190.5,267.0,19.35,1.732
570,396.9,193.0,267.0,19.67,1.732
576,426.9,159.7,262.4,20.72,0.776
576,424.3,163.1,259.8,20.72,0.626
576,421.7,166.5,257.2,20.72,0.626
576,416.9,170.6,257.2,19.18,0.626
576,414.8,176.4,257.0,19.18,0.776
576,412.7,182.3,256.9,19.65,0.776
576,410.0,184.4,266.3,19.60,1.252
576,407.1,186.9,267.0,19.35,1.623
576,407.1,189.4,267.0,19.35,1.732
576,407.1,191.9,267.0,19.35,1.732
576,407.1,191.5,267.0,19.35,1.732
576,407.1,191.0,267.0,19.35,1.732
576,407.1,190.6,267.0,19.35,1.732
576,407.1,193.1,267.0,19.67,1.732
576,407.1,192.6,267.0,19.67,1.846
576,407.1,192.2,267.0,19.67,1.846
576,407.1,194.7,267.0,19.67,1.846
576,407.1,194.2,267.0,19.67,1.846
576,407.1,193.8,267.0,19.67,1.846
576,407.1,193.4,267.0,19.67,1.846
576,407.1,192.9,267.0,19.67,1.846
576,407.1,192.5,267.0,19.67,1.846
576,407.1,192.0,267.0,19.67,1.846
576,407.1,194.5,267.0,19.67,1.846
576,407.1,194.1,267.0,19.67,1.846
576,407.1,193.6,267.0,19.67,1.846
576,407.1,193.2,267.0,19.67,1.846
576,407.1,192.8,267.0,19.67,1.846
576,407.1,192.3,267.0,19.67,1.846
576,407.1,191.9,267.0,19.35,1.846
576,407.1,191.4,267.0,19.35,1.732
576,407.1,191.0,267.0,19.35,1.732
576,407.1,190.5,267.0,19.35,1.732
576,407.1,193.0,267.0,19.67,1.732
576,407.1,192.6,267.0,19.67,1.846
576,407.1,192.2,267.0,19.67,1.846
576,407.1,194.7,267.0,19.67,1.846
576,407.1,194.2,267.0,19.67,1.846
576,407.1,193.8,267.0,19.67,1.846
576,407.1,193.3,267.0,19.67,1.846
576,407.1,192.9,267.0,19.67,1.846
576,407.1,192.4,267.0,19.67,1.846
576,407.1,192.0,267.0,19.67,1.846
576,407.1,194.5,267.0,19.67,1.846
576,407.1,194.1,267.0,19.67,1.846
576,407.1,193.6,267.0,19.67,1.846
576,407.1,193.2,267.0,19.67,1.846
576,407.1,192.7,267.0,19.67,1.846
576,407.1,192.3,267.0,19.67,1.846
576,407.1,191.8,267.0,19.35,1.846
576,407.1,191.4,267.0,19.35,1.732
576,407.1,191.0,267.0,19.35,1.732
576,407.1,190.5,267.0,19.35,1.732
576,407.1,193.0,267.0,19.67,1.732
576,407.1,192.6,267.0,19.67,1.846
576,407.1,192.1,267.0,19.67,1.846
576,407.1,194.6,267.0,19.67,1.846
576,407.1,194.2,267.0,19.67,1.846
576,407.1,193.8,267.0,19.67,1.846
576,407.1,193.3,267.0,19.67,1.846
576,407.1,192.9,267.0,19.67,1.846
576,407.1,192.4,267.0,19.67,1.846
576,407.1,192.0,267.0,19.35,1.846
576,407.1,191.5,267.0,19.35,1.732
576,407.1,191.1,267.0,19.35,1.732
576,407.1,190.6,267.0,19.35,1.732
576,407.1,193.2,267.0,19.67,1.732
576,407.1,192.7,267.0,19.67,1.846
576,407.1,192.3,267.0,19.67,1.846
576,407.1,191.8,267.0,19.35,1.846
576,407.1,191.4,267.0,19.35,1.732
576,407.1,190.9,267.0,19.35,1.732
576,407.1,190.5,267.0,19.35,1.732
576,407.1,193.0,267.0,19.67,1.732
576,407.1,192.6,267.0,19.67,1.846
576,407.1,192.1,267.0,19.67,1.846
576,407.1,194.6,267.0,19.67,1.846
576,407.1,194.2,267.0,19.67,1.846
576,407.1,193.7,267.0,19.67,1.846
576,407.1,193.3,267.0,19.67,1.846
576,407.1,192.8,267.0,19.67,1.846
576,407.1,192.4,267.0,19.67,1.846
576,407.1,191.9,267.0,19.35,1.846
576,407.1,191.5,267.0,19.35,1.732
576,407.1,191.1,267.0,19.35,1.732
576,407.1,190.6,267.0,19.35,1.732
576,407.1,193.1,267.0,19.67,1.732
576,407.1,192.7,267.0,19.67,1.846
576,407.1,192.2,267.0,19.67,1.846
576,407.1,191.8,267.0,19.35,1.846
576,407.1,191.3,267.0,19.35,1.732
576,407.1,190.9,267.0,19.35,1.732
576,407.1,190.5,267.0,19.35,1.732
576,407.1,193.0,267.0,19.67,1.732
576,407.1,192.5,267.0,19.67,1.846
576,407.1,192.1,267.0,19.67,1.846
576,407.1,194.6,267.0,19.67,1.846
576,407.1,194.1,267.0,19.67,1.846
576,407.1,193.7,267.0,19.67,1.846
576,407.1,193.2,267.0,19.67,1.846
576,407.1,192.8,267.0,19.67,1.846
576,407.1,192.4,267.0,19.67,1.846
576,407.1,191.9,267.0,19.35,1.846
576,407.1,191.5,267.0,19.35,1.732
576,407.1,191.0,267.0,19.35,1.732
576,407.1,190.6,267.0,19.35,1.732
576,407.1,193.1,267.0,19.67,1.732
576,407.1,192.7,267.0,19.67,1.846
576,407.1,192.2,267.0,19.67,1.846
576,407.1,194.7,267.0,19.67,1.846
576,407.1,194.3,267.0,19.67,1.846
576,407.1,193.8,267.0,19.67,1.846
576,407.1,193.4,267.0,19.67,1.846
576,407.1,192.9,267.0,19.67,1.846
576,407.1,192.5,267.0,19.67,1.846
576,407.1,192.1,267.0,19.67,1.846
576,407.1,194.6,267.0,19.67,1.846
576,407.1,194.1,267.0,19.67,1.846
576,407.1,193.7,267.0,19.67,1.846
576,407.1,193.2,267.0,19.67,1.846
576,407.1,192.8,267.0,19.67,1.846
576,407.1,192.3,267.0,19.67,1.846
576,407.1,191.9,267.0,19.35,1.846
576,407.1,191.5,267.0,19.35,1.732
576,407.1,191.0,267.0,19.35,1.732
576,407.1,190.6,267.0,19.35,1.732
576,407.1,193.1,267.0,19.67,1.732
576,407.1,192.6,267.0,19.67,1.846
576,407.1,192.2,267.0,19.67,1.846
576,407.1,194.7,267.0,19.67,1.846
576,407.1,194.2,267.0,19.67,1.846
576,407.1,193.8,267.0,19.67,1.846
576,407.1,193.3,267.0,19.67,1.846
576,407.1,192.9,267.0,19.67,1.846
576,407.1,192.5,267.0,19.67,1.846
576,407.1,192.0,267.0,19.67,1.846
576,407.1,194.5,267.0,19.67,1.846
576,407.1,194.1,267.0,19.67,1.846
576,407.1,193.6,267.0,19.67,1.846
576,407.1,193.2,267.0,19.67,1.846
576,407.1,192.8,267.0,19.67,1.846
576,407.1,192.3,267.0,19.67,1.846
576,407.1,191.9,267.0,19.35,1.846
576,407.1,191.4,267.0,19.35,1.732
576,407.1,191.0,267.0,19.35,1.732
576,407.1,190.5,267.0,19.35,1.732
576,407.1,193.0,267.0,19.67,1.732
576,407.1,192.6,267.0,19.67,1.846
576,407.1,192.2,267.0,19.67,1.846
576,407.1,194.6,267.0,19.67,1.846
576,407.1,194.2,267.0,19.67,1.846
576,407.1,193.8,267.0,19.67,1.846
576,407.1,193.3,267.0,19.67,1.846
576,407.1,192.9,267.0,19.67,1.846
576,407.1,192.4,267.0,19.67,1.846
576,407.1,192.0,267.0,19.35,1.846
576,407.1,191.6,267.0,19.35,1.732
576,407.1,191.1,267.0,19.35,1.732
576,407.1,190.7,267.0,19.35,1.732
576,407.1,193.2,267.0,19.67,1.732
582,385.2,225.6,267.0,19.57,0.995
582,388.1,220.3,267.0,19.57,1.248
582,391.0,215.1,267.0,19.69,1.248
582,393.9,211.9,267.0,19.69,1.592
582,396.8,208.7,267.0,19.58,1.592
582,396.8,205.5,267.0,19.58,1.685
582,396.8,205.0,267.0,19.58,1.685
582,396.8,204.6,267.0,19.58,1.685
582,396.8,204.1,267.0,19.58,1.685
582,396.8,203.7,267.0,19.67,1.685
582,396.8,203.3,267.0,19.67,1.846
582,396.8,202.8,267.0,19.67,1.846
582,396.8,202.4,267.0,19.67,1.846
582,396.8,201.9,267.0,19.67,1.846
582,396.8,201.5,267.0,19.67,1.846
582,396.8,201.0,267.0,19.67,1.846
582,396.8,200.6,267.0,19.67,1.846
582,396.8,200.1,267.0,19.67,1.846
582,396.8,199.7,267.0,19.67,1.846
582,396.8,199.3,267.0,19.67,1.846
582,396.8,198.8,267.0,19.67,1.846
582,396.8,198.4,267.0,19.67,1.846
582,396.8,197.9,267.0,19.67,1.846
582,396.8,197.5,267.0,19.67,1.846
582,396.8,197.0,267.0,19.67,1.846
582,396.8,196.6,267.0,19.67,1.846
582,396.8,196.2,267.0,19.67,1.846
582,396.8,195.7,267.0,19.67,1.846
582,396.8,195.3,267.0,19.67,1.846
582,396.8,194.8,267.0,19.67,1.846
582,396.8,194.4,267.0,19.67,1.846
582,396.8,193.9,267.0,19.67,1.846
582,396.8,193.5,267.0,19.67,1.846
582,396.8,193.1,267.0,19.67,1.846
582,396.8,192.6,267.0,19.67,1.846
582,396.8,192.2,267.0,19.67,1.846
582,396.8,194.7,267.0,19.67,1.846
582,396.8,194.2,267.0,19.67,1.846
582,396.8,193.8,267.0,19.67,1.846
582,396.8,193.3,267.0,19.67,1.846
582,396.8,192.9,267.0,19.67,1.846
582,396.8,192.5,267.0,19.67,1.846
582,396.8,192.0,267.0,19.67,1.846
582,396.8,194.5,267.0,19.67,1.846
582,396.8,194.1,267.0,19.67,1.846
582,396.8,193.6,267.0,19.67,1.846
582,396.8,193.2,267.0,19.67,1.846
582,396.8,192.7,267.0,19.67,1.846
582,396.8,192.3,267.0,19.67,1.846
582,396.8,191.9,267.0,19.35,1.846
582,396.8,191.4,267.0,19.35,1.732
582,396.8,191.0,267.0,19.35,1.732
582,396.8,190.5,267.0,19.35,1.732
582,396.8,193.0,267.0,19.67,1.732
582,396.8,192.6,267.0,19.67,1.846
582,396.8,192.1,267.0,19.67,1.846
582,396.8,194.6,267.0,19.67,1.846
582,396.8,194.2,267.0,19.67,1.846
582,396.8,193.8,267.0,19.67,1.846
582,396.8,193.3,267.0,19.67,1.846
582,396.8,192.9,267.0,19.67,1.846
582,396.8,192.4,267.0,19.67,1.846
582,396.8,192.0,267.0,19.35,1.846
582,396.8,191.5,267.0,19.35,1.732
582,396.8,191.1,267.0,19.35,1.732
582,396.8,190.7,267.0,19.35,1.732
582,396.8,193.2,267.0,19.67,1.732
582,396.8,192.7,267.0,19.67,1.846
582,396.8,192.3,267.0,19.67,1.846
582,396.8,191.8,267.0,19.35,1.846
582,396.8,191.4,267.0,19.35,1.732
582,396.8,190.9,267.0,19.35,1.732
582,396.8,190.5,267.0,19.35,1.732
582,396.8,193.0,267.0,19.67,1.732
582,396.8,192.6,267.0,19.67,1.846
582,396.8,192.1,267.0,19.67,1.846
582,396.8,194.6,267.0,19.67,1.846
582,396.8,194.2,267.0,19.67,1.846
582,396.8,193.7,267.0,19.67,1.846
582,396.8,193.3,267.0,19.67,1.846
582,396.8,192.8,267.0,19.67,1.846
582,396.8,192.4,267.0,19.67,1.846
582,396.8,191.9,267.0,19.35,1.846
582,396.8,191.5,267.0,19.35,1.732
582,396.8,191.1,267.0,19.35,1.732
582,396.8,190.6,267.0,19.35,1.732
582,396.8,193.1,267.0,19.67,1.732
582,396.8,192.7,267.0,19.67,1.846
582,396.8,192.2,267.0,19.67,1.846
582,396.8,191.8,267.0,19.35,1.846
582,396.8,191.3,267.0,19.35,1.732
582,396.8,190.9,267.0,19.35,1.732
582,396.8,190.5,267.0,19.35,1.732
582,396.8,193.0,267.0,19.67,1.732
582,396.8,192.5,267.0,19.67,1.846
582,396.8,192.1,267.0,19.67,1.846
582,396.8,194.6,267.0,19.67,1.846
582,396.8,194.1,267.0,19.67,1.846
582,396.8,193.7,267.0,19.67,1.846
582,396.8,193.3,267.0,19.67,1.846
582,396.8,192.8,267.0,19.67,1.846
582,396.8,192.4,267.0,19.67,1.846
582,396.8,191.9,267.0,19.35,1.846
582,396.8,191.5,267.0,19.35,1.732
582,396.8,191.0,267.0,19.35,1.732
582,396.8,190.6,267.0,19.35,1.732
582,396.8,193.1,267.0,19.67,1.732
582,396.8,192.7,267.0,19.67,1.846
582,396.8,192.2,267.0,19.67,1.846
582,396.8,194.7,267.0,19.67,1.846
582,396.8,194.3,267.0,19.67,1.846
582,396.8,193.8,267.0,19.67,1.846
582,396.8,193.4,267.0,19.67,1.846
582,396.8,192.9,267.0,19.67,1.846
582,396.8,192.5,267.0,19.67,1.846
582,396.8,192.1,267.0,19.67,1.846
582,396.8,194.6,267.0,19.67,1.846
582,396.8,194.1,267.0,19.67,1.846
582,396.8,193.7,267.0,19.67,1.846
582,396.8,193.2,267.0,19.67,1.846
582,396.8,192.8,267.0,19.67,1.846
582,396.8,192.3,267.0,19.67,1.846
582,396.8,191.9,267.0,19.35,1.846
582,396.8,191.5,267.0,19.35,1.732
582,396.8,191.0,267.0,19.35,1.732
582,396.8,190.6,267.0,19.35,1.732
582,396.8,193.1,267.0,19.67,1.732
582,396.8,192.6,267.0,19.67,1.846
582,396.8,192.2,267.0,19.67,1.846
582,396.8,194.7,267.0,19.67,1.846
582,396.8,194.2,267.0,19.67,1.846
582,396.8,193.8,267.0,19.67,1.846
582,396.8,193.4,267.0,19.67,1.846
582,396.8,192.9,267.0,19.67,1.846
582,396.8,192.5,267.0,19.67,1.846
582,396.8,192.0,267.0,19.67,1.846
582,396.8,194.5,267.0,19.67,1.846
582,396.8,194.1,267.0,19.67,1.846
582,396.8,193.7,267.0,19.67,1.846
582,396.8,193.2,267.0,19.67,1.846
582,396.8,192.8,267.0,19.67,1.846
582,396.8,192.3,267.0,19.67,1.846
582,396.8,191.9,267.0,19.35,1.846
582,396.8,191.4,267.0,19.35,1.732
582,396.8,191.0,267.0,19.35,1.732
582,396.8,190.5,267.0,19.35,1.732
582,396.8,193.1,267.0,19.67,1.732
582,396.8,192.6,267.0,19.67,1.846
582,396.8,192.2,267.0,19.67,1.846
582,396.8,194.7,267.0,19.67,1.846
582,396.8,194.2,267.0,19.67,1.846
582,396.8,193.8,267.0,19.67,1.846
582,396.8,193.3,267.0,19.67,1.846
582,396.8,192.9,267.0,19.67,1.846
582,396.8,192.5,267.0,19.67,1.846
582,396.8,192.0,267.0,19.67,1.846
582,396.8,194.5,267.0,19.67,1.846
582,396.8,194.1,267.0,19.67,1.846
582,396.8,193.6,267.0,19.67,1.846
582,396.8,193.2,267.0,19.67,1.846
588,445.7,185.0,260.1,21.56,0.834
588,442.6,184.7,255.1,18.91,0.736
588,438.2,184.9,249.7,20.10,1.120
588,433.8,185.1,244.2,20.10,0.876
588,428.6,185.7,242.9,20.14,0.876
588,423.5,186.4,241.6,20.14,0.670
588,418.3,187.1,240.3,19.93,0.670
588,416.1,188.6,244.8,19.93,0.654
588,414.0,190.2,249.3,19.93,0.654
588,411.8,191.7,253.8,19.65,0.654
588,409.0,191.3,263.9,19.65,1.252
588,409.0,190.8,267.0,19.60,1.252
588,409.0,190.4,267.0,19.60,1.623
588,409.0,192.9,267.0,19.56,1.623
588,409.0,192.4,267.0,19.56,1.704
588,409.0,192.0,267.0,19.60,1.704
588,409.0,191.6,267.0,19.60,1.623
588,409.0,191.1,267.0,19.60,1.623
588,409.0,190.7,267.0,19.60,1.623
588,409.0,193.2,267.0,19.56,1.623
588,409.0,192.7,267.0,19.56,1.704
588,409.0,192.3,267.0,19.56,1.704
588,409.0,191.8,267.0,19.60,1.704
588,409.0,191.4,267.0,19.60,1.623
588,409.0,190.9,267.0,19.60,1.623
588,409.0,190.5,267.0,19.60,1.623
588,409.0,193.0,267.0,19.56,1.623
588,409.0,192.6,267.0,19.56,1.704
588,409.0,192.1,267.0,19.56,1.704
588,409.0,194.6,267.0,19.56,1.704
588,409.0,194.2,267.0,19.56,1.704
588,409.0,193.7,267.0,19.56,1.704
588,409.0,193.3,267.0,19.56,1.704
588,409.0,192.9,267.0,19.56,1.704
588,409.0,192.4,267.0,19.56,1.704
588,409.0,192.0,267.0,19.60,1.704
588,409.0,191.5,267.0,19.60,1.623
588,409.0,191.1,267.0,19.60,1.623
588,409.0,190.6,267.0,19.60,1.623
588,409.0,193.1,267.0,19.56,1.623
588,409.0,192.7,267.0,19.56,1.704
588,409.0,192.2,267.0,19.56,1.704
588,409.0,191.8,267.0,19.60,1.704
588,409.0,191.4,267.0,19.60,1.623
588,409.0,190.9,267.0,19.60,1.623
588,409.0,190.5,267.0,19.60,1.623
588,409.0,193.0,267.0,19.56,1.623
588,409.0,192.5,267.0,19.56,1.704
588,409.0,192.1,267.0,19.56,1.704
588,409.0,194.6,267.0,19.56,1.704
588,409.0,194.2,267.0,19.56,1.704
588,409.0,193.7,267.0,19.56,1.704
588,409.0,193.3,267.0,19.56,1.704
588,409.0,192.8,267.0,19.56,1.704
588,409.0,192.4,267.0,19.56,1.704
588,409.0,191.9,267.0,19.60,1.704
588,409.0,191.5,267.0,19.60,1.623
588,409.0,191.1,267.0,19.60,1.623
588,409.0,190.6,267.0,19.60,1.623
588,409.0,193.1,267.0,19.56,1.623
588,409.0,192.7,267.0,19.56,1.704
588,409.0,192.2,267.0,19.56,1.704
588,409.0,194.7,267.0,19.56,1.704
588,409.0,194.3,267.0,19.56,1.704
588,409.0,193.8,267.0,19.56,1.704
588,409.0,193.4,267.0,19.56,1.704
588,409.0,192.9,267.0,19.56,1.704
588,409.0,192.5,267.0,19.56,1.704
588,409.0,192.1,267.0,19.56,1.704
588,409.0,194.6,267.0,19.56,1.704
588,409.0,194.1,267.0,19.56,1.704
588,409.0,193.7,267.0,19.56,1.704
588,409.0,193.2,267.0,19.56,1.704
588,409.0,192.8,267.0,19.56,1.704
588,409.0,192.3,267.0,19.56,1.704
588,409.0,191.9,267.0,19.60,1.704
588,409.0,191.5,267.0,19.60,1.623
588,409.0,191.0,267.0,19.60,1.623
588,409.0,190.6,267.0,19.60,1.623
588,409.0,193.1,267.0,19.56,1.623
588,409.0,192.6,267.0,19.56,1.704
588,409.0,192.2,267.0,19.56,1.704
588,409.0,194.7,267.0,19.56,1.704
588,409.0,194.2,267.0,19.56,1.704
588,409.0,193.8,267.0,19.56,1.704
588,409.0,193.4,267.0,19.56,1.704
588,409.0,192.9,267.0,19.56,1.704
588,409.0,192.5,267.0,19.56,1.704
588,409.0,192.0,267.0,19.56,1.704
588,409.0,194.5,267.0,19.56,1.704
588,409.0,194.1,267.0,19.56,1.704
588,409.0,193.7,267.0,19.56,1.704
588,409.0,193.2,267.0,19.56,1.704
588,409.0,192.8,267.0,19.56,1.704
588,409.0,192.3,267.0,19.56,1.704
588,409.0,191.9,267.0,19.60,1.704
588,409.0,191.4,267.0,19.60,1.623
588,409.0,191.0,267.0,19.60,1.623
588,409.0,190.6,267.0,19.60,1.623
588,409.0,193.1,267.0,19.56,1.623
588,409.0,192.6,267.0,19.56,1.704
588,409.0,192.2,267.0,19.56,1.704
588,409.0,194.7,267.0,19.56,1.704
588,409.0,194.2,267.0,19.56,1.704
588,409.0,193.8,267.0,19.56,1.704
588,409.0,193.3,267.0,19.56,1.704
588,409.0,192.9,267.0,19.56,1.704
588,409.0,192.5,267.0,19.56,1.704
588,409.0,192.0,267.0,19.56,1.704
588,409.0,194.5,267.0,19.56,1.704
588,409.0,194.1,267.0,19.56,1.704
588,409.0,193.6,267.0,19.56,1.704
588,409.0,193.2,267.0,19.56,1.704
588,409.0,192.7,267.0,19.56,1.704
588,409.0,192.3,267.0,19.56,1.704
588,409.0,191.9,267.0,19.60,1.704
588,409.0,191.4,267.0,19.60,1.623
588,409.0,191.0,267.0,19.60,1.623
588,409.0,190.5,267.0,19.60,1.623
588,409.0,193.0,267.0,19.56,1.623
588,409.0,192.6,267.0,19.56,1.704
588,409.0,192.1,267.0,19.56,1.704
588,409.0,194.6,267.0,19.56,1.704
588,409.0,194.2,267.0,19.56,1.704
588,409.0,193.8,267.0,19.56,1.704
588,409.0,193.3,267.0,19.56,1.704
588,409.0,192.9,267.0,19.56,1.704
588,409.0,192.4,267.0,19.56,1.704
588,409.0,192.0,267.0,19.60,1.704
588,409.0,191.5,267.0,19.60,1.623
588,409.0,191.1,267.0,19.60,1.623
588,409.0,190.7,267.0,19.60,1.623
588,409.0,193.2,267.0,19.56,1.623
588,409.0,192.7,267.0,19.56,1.704
588,409.0,192.3,267.0,19.56,1.704
588,409.0,191.8,267.0,19.60,1.704
588,409.0,191.4,267.0,19.60,1.623
588,409.0,190.9,267.0,19.60,1.623
588,409.0,190.5,267.0,19.60,1.623
588,409.0,193.0,267.0,19.56,1.623
588,409.0,192.6,267.0,19.56,1.704
588,409.0,192.1,267.0,19.56,1.704
588,409.0,194.6,267.0,19.56,1.704
588,409.0,194.2,267.0,19.56,1.704
588,409.0,193.7,267.0,19.56,1.704
588,409.0,193.3,267.0,19.56,1.704
588,409.0,192.8,267.0,19.56,1.704
588,409.0,192.4,267.0,19.56,1.704
588,409.0,192.0,267.0,19.60,1.704
588,409.0,191.5,267.0,19.60,1.623
588,409.0,191.1,267.0,19.60,1.623
588,409.0,190.6,267.0,19.60,1.623
588,409.0,193.1,267.0,19.56,1.623
588,409.0,192.7,267.0,19.56,1.704
588,409.0,192.2,267.0,19.56,1.704
588,409.0,191.8,267.0,19.60,1.704
588,409.0,191.4,267.0,19.60,1.623
588,409.0,190.9,267.0,19.60,1.623
588,409.0,190.5,267.0,19.60,1.623
588,409.0,193.0,267.0,19.56,1.623
594,443.4,208.0,260.0,18.61,0.831
594,438.6,206.9,252.6,18.61,1.115
594,434.4,205.9,247.0,19.88,1.115
594,430.2,205.0,241.5,20.01,0.876
594,425.3,203.5,240.5,19.70,0.659
594,422.5,203.0,237.3,20.34,0.689
594,419.7,202.5,234.1,20.28,0.533
594,418.6,202.1,233.2,20.28,0.186
594,417.4,201.7,232.3,20.28,0.186
594,416.3,201.3,231.4,20.28,0.186
594,415.2,201.0,230.5,20.28,0.186
594,414.1,200.6,229.6,20.28,0.186
594,413.0,200.2,228.7,20.28,0.186
594,411.9,199.8,227.8,20.40,0.186
594,411.2,199.4,225.4,20.40,0.320
594,410.5,199.1,222.9,20.40,0.320
594,409.8,198.7,220.5,20.40,0.320
594,409.1,198.4,218.1,20.40,0.320
594,408.5,198.0,215.6,20.47,0.320
594,408.1,197.7,212.2,20.47,0.437
594,407.7,197.3,208.7,20.40,0.437
594,407.7,197.1,205.3,20.40,0.425
594,407.7,196.8,201.2,20.44,0.425
594,407.7,196.6,197.0,20.44,0.518
594,407.7,196.3,192.9,20.44,0.518
594,407.7,196.0,188.3,20.49,0.518
594,407.7,195.8,183.7,20.49,0.580
594,407.7,195.5,179.0,20.53,0.580
594,407.7,195.2,173.8,20.53,0.651
594,407.7,194.9,168.6,20.53,0.651
594,407.7,194.7,163.2,20.56,0.651
594,407.7,194.4,157.9,20.56,0.673
594,407.7,194.1,152.3,20.59,0.673
594,407.7,193.8,146.8,20.59,0.691
594,407.7,193.5,141.3,20.62,0.691
594,407.7,193.1,135.7,20.62,0.706
594,407.7,192.8,130.0,20.68,0.706
594,407.7,192.5,124.3,20.68,0.718
594,407.7,192.1,118.6,20.73,0.718
594,407.7,191.9,112.4,20.41,0.735
594,407.7,191.7,106.2,20.43,0.773
594,407.7,191.4,100.0,20.43,0.781
594,407.7,191.1,93.7,20.45,0.781
594,407.7,190.9,87.4,20.45,0.787
594,407.7,190.6,81.1,20.47,0.787
594,407.7,190.3,74.8,20.47,0.787
594,407.7,190.1,68.6,20.49,0.787
594,407.7,189.8,62.4,20.49,0.782
594,407.7,189.7,56.5,20.52,0.782
594,407.7,189.5,50.6,20.52,0.734
594,407.7,189.4,45.2,20.53,0.734
594,407.7,189.3,39.7,20.53,0.680
594,407.7,189.3,34.3,20.53,0.680
594,407.7,189.4,29.5,20.53,0.596
594,407.7,189.5,24.8,20.53,0.596
594,407.7,189.8,21.0,20.54,0.596
594,407.7,190.1,17.3,20.54,0.466
594,407.7,190.5,13.6,20.54,0.466
594,407.7,191.2,11.1,20.59,0.466
594,407.7,191.9,8.7,20.59,0.324
594,407.7,193.4,6.4,20.82,0.324
594,407.7,194.8,4.1,20.82,0.339
594,407.7,196.3,3.0,20.82,0.339
594,407.7,197.7,3.0,20.82,0.339
594,407.7,199.2,3.0,20.82,0.339
594,407.7,200.6,3.0,20.82,0.339
594,407.7,202.1,3.0,20.82,0.339
594,407.7,203.5,3.0,20.82,0.339
594,407.7,205.6,3.0,21.05,0.339
594,407.7,207.7,3.0,21.05,0.370
594,407.7,209.9,3.0,21.05,0.370
594,407.7,212.0,3.0,21.05,0.370
594,407.7,214.1,3.0,21.05,0.370
594,407.7,216.2,3.0,21.29,0.370
594,407.7,218.9,3.0,21.29,0.404
594,407.7,221.7,3.0,21.29,0.404
594,407.7,224.4,3.0,21.29,0.404
594,407.7,227.1,3.0,21.29,0.404
594,407.7,230.2,3.0,21.52,0.404
594,407.7,233.3,3.0,21.52,0.430
594,407.7,236.4,3.0,21.52,0.430
594,407.7,239.6,3.0,21.52,0.430
594,407.7,242.9,3.0,21.82,0.430
594,407.7,246.3,3.0,21.82,0.434
594,407.7,249.7,3.0,21.82,0.434
594,407.7,253.0,3.0,22.06,0.434
594,407.7,256.3,3.0,22.06,0.419
594,407.7,259.6,3.0,22.06,0.419
594,407.7,262.9,3.0,22.06,0.419
594,407.7,266.0,3.0,22.19,0.419
594,407.7,269.2,3.0,22.19,0.399
594,407.7,272.3,3.0,22.19,0.399
594,407.7,275.5,3.0,22.19,0.399
594,407.7,278.4,3.0,22.30,0.399
594,407.7,281.4,3.0,22.30,0.377
594,407.7,284.4,3.0,22.30,0.377
594,407.7,287.4,3.0,22.30,0.377
594,407.7,290.2,3.0,22.42,0.377
594,407.7,293.0,3.0,22.42,0.353
594,407.7,295.8,3.0,22.42,0.353
594,407.7,298.6,3.0,22.42,0.353
594,407.7,301.2,3.0,22.53,0.353
594,407.7,303.9,3.0,22.53,0.330
594,407.7,306.5,3.0,22.53,0.330
594,407.7,309.1,3.0,22.53,0.330
594,407.7,311.7,3.0,22.53,0.330
594,407.7,314.2,3.0,22.64,0.330
594,407.7,316.6,3.0,22.64,0.308
594,407.7,319.1,3.0,22.64,0.308
594,407.7,321.6,3.0,22.64,0.308
594,407.7,324.0,3.0,22.73,0.308
594,407.7,326.3,3.0,22.73,0.289
594,407.7,328.6,3.0,22.73,0.289
594,407.7,330.9,3.0,22.73,0.289
594,407.7,333.2,3.0,22.73,0.289
594,407.7,335.5,3.0,22.73,0.289
594,407.7,337.7,3.0,22.82,0.289
594,407.7,339.9,3.0,22.82,0.273
594,407.7,342.1,3.0,22.82,0.273
594,407.7,344.2,3.0,22.82,0.273
594,407.7,346.4,3.0,22.82,0.273
594,407.7,348.6,3.0,22.90,0.273
594,407.7,350.7,3.0,22.90,0.259
594,407.7,352.7,3.0,22.90,0.259
594,407.7,354.8,3.0,22.90,0.259
594,407.7,356.9,3.0,22.90,0.259
594,407.7,358.9,3.0,22.90,0.259
594,407.7,361.0,3.0,22.98,0.259
594,407.7,363.0,3.0,22.98,0.246
594,407.7,364.9,3.0,22.98,0.246
594,407.7,366.9,3.0,22.98,0.246
594,407.7,368.8,3.0,22.98,0.246
594,407.7,370.8,3.0,22.98,0.246
594,407.7,372.8,3.0,23.05,0.246
594,407.7,374.7,3.0,23.05,0.235
594,407.7,376.5,3.0,23.05,0.235
594,407.7,378.4,3.0,23.05,0.235
594,407.7,380.3,3.0,23.05,0.235
594,407.7,382.2,3.0,23.05,0.235
594,407.7,384.0,3.0,23.12,0.235
594,407.7,385.8,3.0,23.12,0.224
594,407.7,387.6,3.0,23.12,0.224
594,407.7,389.4,3.0,23.12,0.224
594,407.7,391.2,3.0,23.12,0.224
594,407.7,393.0,3.0,23.12,0.224
594,407.7,394.8,3.0,23.12,0.224
594,407.7,396.6,3.0,23.18,0.224
594,407.7,398.3,3.0,23.18,0.215
594,407.7,400.0,3.0,23.18,0.215
594,407.7,401.8,3.0,23.18,0.215
594,407.7,403.5,3.0,23.18,0.215
594,407.7,405.2,3.0,23.18,0.215
594,407.7,406.9,3.0,23.18,0.215
594,407.7,408.6,3.0,23.24,0.215
594,407.7,410.3,3.0,23.24,0.207
594,407.7,412.0,3.0,23.24,0.207
594,407.7,413.6,3.0,23.24,0.207
594,407.7,415.2,3.0,23.24,0.207
594,407.7,416.9,3.0,23.24,0.207
594,407.7,418.6,3.0,23.24,0.207
600,363.5,176.5,265.0,22.07,0.541
600,369.4,181.8,264.4,19.01,0.991
600,374.4,184.2,267.0,19.89,0.863
600,379.3,186.6,267.0,19.89,1.252
600,384.3,189.0,267.0,19.60,1.252
600,387.2,191.4,267.0,19.60,1.623
600,390.1,190.9,267.0,19.60,1.623
600,393.0,190.5,267.0,19.60,1.623
600,395.9,192.9,267.0,19.56,1.623
600,395.9,192.5,267.0,19.56,1.846
600,395.9,192.0,267.0,19.56,1.846
600,395.9,194.5,267.0,19.56,1.846
600,395.9,194.1,267.0,19.56,1.846
600,395.9,193.7,267.0,19.56,1.846
600,395.9,193.2,267.0,19.56,1.846
600,395.9,192.8,267.0,19.56,1.846
600,395.9,192.3,267.0,19.56,1.846
600,395.9,191.9,267.0,19.60,1.846
600,395.9,191.4,267.0,19.60,1.732
600,395.9,191.0,267.0,19.60,1.732
600,395.9,190.5,267.0,19.60,1.732
600,395.9,193.1,267.0,19.56,1.732
600,395.9,192.6,267.0,19.56,1.846
600,395.9,192.2,267.0,19.56,1.846
600,395.9,194.7,267.0,19.56,1.846
600,395.9,194.2,267.0,19.56,1.846
600,395.9,193.8,267.0,19.56,1.846
600,395.9,193.3,267.0,19.56,1.846
600,395.9,192.9,267.0,19.56,1.846
600,395.9,192.5,267.0,19.56,1.846
600,395.9,192.0,267.0,19.56,1.846
600,395.9,194.5,267.0,19.56,1.846
600,395.9,194.1,267.0,19.56,1.846
600,395.9,193.6,267.0,19.56,1.846
600,395.9,193.2,267.0,19.56,1.846
600,395.9,192.7,267.0,19.56,1.846
600,395.9,192.3,267.0,19.56,1.846
600,395.9,191.9,267.0,19.60,1.846
600,395.9,191.4,267.0,19.60,1.732
600,395.9,191.0,267.0,19.60,1.732
600,395.9,190.5,267.0,19.60,1.732
600,395.9,193.0,267.0,19.56,1.732
600,395.9,192.6,267.0,19.56,1.846
600,395.9,192.1,267.0,19.56,1.846
600,395.9,194.6,267.0,19.56,1.846
600,395.9,194.2,267.0,19.56,1.846
600,395.9,193.8,267.0,19.56,1.846
600,395.9,193.3,267.0,19.56,1.846
600,395.9,192.9,267.0,19.56,1.846
600,395.9,192.4,267.0,19.56,1.846
600,395.9,192.0,267.0,19.60,1.846
600,395.9,191.5,267.0,19.60,1.732
600,395.9,191.1,267.0,19.60,1.732
600,395.9,190.7,267.0,19.60,1.732
600,395.9,193.2,267.0,19.56,1.732
600,395.9,192.7,267.0,19.56,1.846
600,395.9,192.3,267.0,19.56,1.846
600,395.9,191.8,267.0,19.60,1.846
600,395.9,191.4,267.0,19.60,1.732
600,395.9,190.9,267.0,19.60,1.732
600,395.9,190.5,267.0,19.60,1.732
600,395.9,193.0,267.0,19.56,1.732
600,395.9,192.6,267.0,19.56,1.846
600,395.9,192.1,267.0,19.56,1.846
600,395.9,194.6,267.0,19.56,1.846
600,395.9,194.2,267.0,19.56,1.846
600,395.9,193.7,267.0,19.56,1.846
600,395.9,193.3,267.0,19.56,1.846
600,395.9,192.8,267.0,19.56,1.846
600,395.9,192.4,267.0,19.56,1.846
600,395.9,191.9,267.0,19.60,1.846
600,395.9,191.5,267.0,19.60,1.732
600,395.9,191.1,267.0,19.60,1.732
600,395.9,190.6,267.0,19.60,1.732
600,395.9,193.1,267.0,19.56,1.732
600,395.9,192.7,267.0,19.56,1.846
600,395.9,192.2,267.0,19.56,1.846
600,395.9,191.8,267.0,19.60,1.846
600,395.9,191.3,267.0,19.60,1.732
600,395.9,190.9,267.0,19.60,1.732
600,395.9,190.5,267.0,19.60,1.732
600,395.9,193.0,267.0,19.56,1.732
600,395.9,192.5,267.0,19.56,1.846
600,395.9,192.1,267.0,19.56,1.846
600,395.9,194.6,267.0,19.56,1.846
600,395.9,194.1,267.0,19.56,1.846
600,395.9,193.7,267.0,19.56,1.846
600,395.9,193.2,267.0,19.56,1.846
600,395.9,192.8,267.0,19.56,1.846
600,395.9,192.4,267.0,19.56,1.846
600,395.9,191.9,267.0,19.60,1.846
600,395.9,191.5,267.0,19.60,1.732
600,395.9,191.0,267.0,19.60,1.732
600,395.9,190.6,267.0,19.60,1.732
600,395.9,193.1,267.0,19.56,1.732
600,395.9,192.7,267.0,19.56,1.846
600,395.9,192.2,267.0,19.56,1.846
600,395.9,194.7,267.0,19.56,1.846
600,395.9,194.3,267.0,19.56,1.846
600,395.9,193.8,267.0,19.56,1.846
600,395.9,193.4,267.0,19.56,1.846
600,395.9,192.9,267.0,19.56,1.846
600,395.9,192.5,267.0,19.56,1.846
600,395.9,192.1,267.0,19.56,1.846
600,395.9,194.6,267.0,19.56,1.846
600,395.9,194.1,267.0,19.56,1.846
600,395.9,193.7,267.0,19.56,1.846
600,395.9,193.2,267.0,19.56,1.846
600,395.9,192.8,267.0,19.56,1.846
600,395.9,192.3,267.0,19.56,1.846
600,395.9,191.9,267.0,19.60,1.846
600,395.9,191.5,267.0,19.60,1.732
600,395.9,191.0,267.0,19.60,1.732
600,395.9,190.6,267.0,19.60,1.732
600,395.9,193.1,267.0,19.56,1.732
600,395.9,192.6,267.0,19.56,1.846
600,395.9,192.2,267.0,19.56,1.846
600,395.9,194.7,267.0,19.56,1.846
600,395.9,194.2,267.0,19.56,1.846
600,395.9,193.8,267.0,19.56,1.846
600,395.9,193.3,267.0,19.56,1.846
600,395.9,192.9,267.0,19.56,1.846
600,395.9,192.5,267.0,19.56,1.846
600,395.9,192.0,267.0,19.56,1.846
600,395.9,194.5,267.0,19.56,1.846
600,395.9,194.1,267.0,19.56,1.846
600,395.9,193.6,267.0,19.56,1.846
600,395.9,193.2,267.0,19.56,1.846
600,395.9,192.8,267.0,19.56,1.846
600,395.9,192.3,267.0,19.56,1.846
600,395.9,191.9,267.0,19.60,1.846
600,395.9,191.4,267.0,19.60,1.732
600,395.9,191.0,267.0,19.60,1.732
600,395.9,190.5,267.0,19.60,1.732
600,395.9,193.0,267.0,19.56,1.732
600,395.9,192.6,267.0,19.56,1.846
600,395.9,192.2,267.0,19.56,1.846
600,395.9,194.7,267.0,19.56,1.846
600,395.9,194.2,267.0,19.56,1.846
600,395.9,193.8,267.0,19.56,1.846
600,395.9,193.3,267.0,19.56,1.846
600,395.9,192.9,267.0,19.56,1.846
600,395.9,192.4,267.0,19.56,1.846
600,395.9,192.0,267.0,19.56,1.846
600,395.9,191.6,267.0,19.60,1.732
600,395.9,191.1,267.0,19.60,1.732
600,395.9,190.7,267.0,19.60,1.732
600,395.9,193.2,267.0,19.56,1.732
600,395.9,192.7,267.0,19.56,1.846
600,395.9,192.3,267.0,19.56,1.846
600,395.9,191.8,267.0,19.60,1.846
600,395.9,191.4,267.0,19.60,1.732
600,395.9,190.9,267.0,19.60,1.732
600,395.9,190.5,267.0,19.60,1.732
600,395.9,193.0,267.0,19.56,1.732
600,395.9,192.6,267.0,19.56,1.846
600,395.9,192.1,267.0,19.56,1.846
600,395.9,194.6,267.0,19.56,1.846
600,395.9,194.2,267.0,19.56,1.846
600,395.9,193.7,267.0,19.56,1.846
606,352.2,189.1,260.1,21.56,0.834
606,355.4,188.8,255.1,21.56,0.736
606,358.6,188.5,250.2,22.26,0.736
606,363.8,189.2,248.9,20.11,0.551
606,368.9,189.9,247.6,20.11,0.670
606,374.1,190.5,246.3,20.16,0.670
606,378.1,191.6,248.7,20.16,0.602
606,382.4,191.1,251.2,20.16,0.602
606,385.1,193.3,260.6,19.63,0.602
606,388.0,192.8,267.0,19.56,1.310
606,390.9,192.3,267.0,19.56,1.704
606,393.8,191.9,267.0,19.60,1.704
606,396.8,191.4,267.0,19.35,1.623
606,396.8,190.9,267.0,19.35,1.732
606,396.8,190.5,267.0,19.35,1.732
606,396.8,193.0,267.0,19.67,1.732
606,396.8,192.6,267.0,19.67,1.846
606,396.8,192.1,267.0,19.67,1.846
606,396.8,194.6,267.0,19.67,1.846
606,396.8,194.2,267.0,19.67,1.846
606,396.8,193.7,267.0,19.67,1.846
606,396.8,193.3,267.0,19.67,1.846
606,396.8,192.8,267.0,19.67,1.846
606,396.8,192.4,267.0,19.67,1.846
606,396.8,192.0,267.0,19.35,1.846
606,396.8,191.5,267.0,19.35,1.732
606,396.8,191.1,267.0,19.35,1.732
606,396.8,190.6,267.0,19.35,1.732
606,396.8,193.1,267.0,19.67,1.732
606,396.8,192.7,267.0,19.67,1.846
606,396.8,192.2,267.0,19.67,1.846
606,396.8,191.8,267.0,19.35,1.846
606,396.8,191.4,267.0,19.35,1.732
606,396.8,190.9,267.0,19.35,1.732
606,396.8,190.5,267.0,19.35,1.732
606,396.8,193.0,267.0,19.67,1.732
606,396.8,192.5,267.0,19.67,1.846
606,396.8,192.1,267.0,19.67,1.846
606,396.8,194.6,267.0,19.67,1.846
606,396.8,194.2,267.0,19.67,1.846
606,396.8,193.7,267.0,19.67,1.846
606,396.8,193.3,267.0,19.67,1.846
606,396.8,192.8,267.0,19.67,1.846
606,396.8,192.4,267.0,19.67,1.846
606,396.8,191.9,267.0,19.35,1.846
606,396.8,191.5,267.0,19.35,1.732
606,396.8,191.0,267.0,19.35,1.732
606,396.8,190.6,267.0,19.35,1.732
606,396.8,193.1,267.0,19.67,1.732
606,396.8,192.7,267.0,19.67,1.846
606,396.8,192.2,267.0,19.67,1.846
606,396.8,194.7,267.0,19.67,1.846
606,396.8,194.3,267.0,19.67,1.846
606,396.8,193.8,267.0,19.67,1.846
606,396.8,193.4,267.0,19.67,1.846
606,396.8,192.9,267.0,19.67,1.846
606,396.8,192.5,267.0,19.67,1.846
606,396.8,192.1,267.0,19.67,1.846
606,396.8,194.6,267.0,19.67,1.846
606,396.8,194.1,267.0,19.67,1.846
606,396.8,193.7,267.0,19.67,1.846
606,396.8,193.2,267.0,19.67,1.846
606,396.8,192.8,267.0,19.67,1.846
606,396.8,192.3,267.0,19.67,1.846
606,396.8,191.9,267.0,19.35,1.846
606,396.8,191.5,267.0,19.35,1.732
606,396.8,191.0,267.0,19.35,1.732
606,396.8,190.6,267.0,19.35,1.732
606,396.8,193.1,267.0,19.67,1.732
606,396.8,192.6,267.0,19.67,1.846
606,396.8,192.2,267.0,19.67,1.846
606,396.8,194.7,267.0,19.67,1.846
606,396.8,194.2,267.0,19.67,1.846
606,396.8,193.8,267.0,19.67,1.846
606,396.8,193.4,267.0,19.67,1.846
606,396.8,192.9,267.0,19.67,1.846
606,396.8,192.5,267.0,19.67,1.846
606,396.8,192.0,267.0,19.67,1.846
606,396.8,194.5,267.0,19.67,1.846
606,396.8,194.1,267.0,19.67,1.846
606,396.8,193.7,267.0,19.67,1.846
606,396.8,193.2,267.0,19.67,1.846
606,396.8,192.8,267.0,19.67,1.846
606,396.8,192.3,267.0,19.67,1.846
606,396.8,191.9,267.0,19.35,1.846
606,396.8,191.4,267.0,19.35,1.732
606,396.8,191.0,267.0,19.35,1.732
606,396.8,190.6,267.0,19.35,1.732
606,396.8,193.1,267.0,19.67,1.732
606,396.8,192.6,267.0,19.67,1.846
606,396.8,192.2,267.0,19.67,1.846
606,396.8,194.7,267.0,19.67,1.846
606,396.8,194.2,267.0,19.67,1.846
606,396.8,193.8,267.0,19.67,1.846
606,396.8,193.3,267.0,19.67,1.846
606,396.8,192.9,267.0,19.67,1.846
606,396.8,192.5,267.0,19.67,1.846
606,396.8,192.0,267.0,19.67,1.846
606,396.8,194.5,267.0,19.67,1.846
606,396.8,194.1,267.0,19.67,1.846
606,396.8,193.6,267.0,19.67,1.846
606,396.8,193.2,267.0,19.67,1.846
606,396.8,192.7,267.0,19.67,1.846
606,396.8,192.3,267.0,19.67,1.846
606,396.8,191.9,267.0,19.35,1.846
606,396.8,191.4,267.0,19.35,1.732
606,396.8,191.0,267.0,19.35,1.732
606,396.8,190.5,267.0,19.35,1.732
606,396.8,193.0,267.0,19.67,1.732
606,396.8,192.6,267.0,19.67,1.846
606,396.8,192.1,267.0,19.67,1.846
606,396.8,194.6,267.0,19.67,1.846
606,396.8,194.2,267.0,19.67,1.846
606,396.8,193.8,267.0,19.67,1.846
606,396.8,193.3,267.0,19.67,1.846
606,396.8,192.9,267.0,19.67,1.846
606,396.8,192.4,267.0,19.67,1.846
606,396.8,192.0,267.0,19.35,1.846
606,396.8,191.5,267.0,19.35,1.732
606,396.8,191.1,267.0,19.35,1.732
606,396.8,190.7,267.0,19.35,1.732
606,396.8,193.2,267.0,19.67,1.732
606,396.8,192.7,267.0,19.67,1.846
606,396.8,192.3,267.0,19.67,1.846
606,396.8,191.8,267.0,19.35,1.846
606,396.8,191.4,267.0,19.35,1.732
606,396.8,190.9,267.0,19.35,1.732
606,396.8,190.5,267.0,19.35,1.732
606,396.8,193.0,267.0,19.67,1.732
606,396.8,192.6,267.0,19.67,1.846
606,396.8,192.1,267.0,19.67,1.846
606,396.8,194.6,267.0,19.67,1.846
606,396.8,194.2,267.0,19.67,1.846
606,396.8,193.7,267.0,19.67,1.846
606,396.8,193.3,267.0,19.67,1.846
606,396.8,192.8,267.0,19.67,1.846
606,396.8,192.4,267.0,19.67,1.846
606,396.8,191.9,267.0,19.35,1.846
606,396.8,191.5,267.0,19.35,1.732
606,396.8,191.1,267.0,19.35,1.732
606,396.8,190.6,267.0,19.35,1.732
606,396.8,193.1,267.0,19.67,1.732
606,396.8,192.7,267.0,19.67,1.846
606,396.8,192.2,267.0,19.67,1.846
606,396.8,191.8,267.0,19.35,1.846
606,396.8,191.3,267.0,19.35,1.732
606,396.8,190.9,267.0,19.35,1.732
606,396.8,190.5,267.0,19.35,1.732
606,396.8,193.0,267.0,19.67,1.732
606,396.8,192.5,267.0,19.67,1.846
606,396.8,192.1,267.0,19.67,1.846
606,396.8,194.6,267.0,19.67,1.846
606,396.8,194.1,267.0,19.67,1.846
606,396.8,193.7,267.0,19.67,1.846
606,396.8,193.2,267.0,19.67,1.846
606,396.8,192.8,267.0,19.67,1.846
606,396.8,192.4,267.0,19.67,1.846
606,396.8,191.9,267.0,19.35,1.846
606,396.8,191.5,267.0,19.35,1.732
606,396.8,191.0,267.0,19.35,1.732
612,416.1,227.8,264.4,19.57,0.893
612,413.2,222.6,267.0,19.57,1.248
612,410.3,217.3,267.0,19.57,1.248
612,407.4,214.1,267.0,19.58,1.248
612,407.4,210.9,267.0,19.58,1.685
612,407.4,207.6,267.0,19.58,1.685
612,407.4,204.4,267.0,19.58,1.685
612,407.4,204.0,267.0,19.67,1.685
612,407.4,203.5,267.0,19.67,1.846
612,407.4,203.1,267.0,19.67,1.846
612,407.4,202.6,267.0,19.67,1.846
612,407.4,202.2,267.0,19.67,1.846
612,407.4,201.8,267.0,19.67,1.846
612,407.4,201.3,267.0,19.67,1.846
612,407.4,200.9,267.0,19.67,1.846
612,407.4,200.4,267.0,19.67,1.846
612,407.4,200.0,267.0,19.67,1.846
612,407.4,199.5,267.0,19.67,1.846
612,407.4,199.1,267.0,19.67,1.846
612,407.4,198.7,267.0,19.67,1.846
612,407.4,198.2,267.0,19.67,1.846
612,407.4,197.8,267.0,19.67,1.846
612,407.4,197.3,267.0,19.67,1.846
612,407.4,196.9,267.0,19.67,1.846
612,407.4,196.4,267.0,19.67,1.846
612,407.4,196.0,267.0,19.67,1.846
612,407.4,195.6,267.0,19.67,1.846
612,407.4,195.1,267.0,19.67,1.846
612,407.4,194.7,267.0,19.67,1.846
612,407.4,194.2,267.0,19.67,1.846
612,407.4,193.8,267.0,19.67,1.846
612,407.4,193.3,267.0,19.67,1.846
612,407.4,192.9,267.0,19.67,1.846
612,407.4,192.5,267.0,19.67,1.846
612,407.4,192.0,267.0,19.67,1.846
612,407.4,194.5,267.0,19.67,1.846
612,407.4,194.1,267.0,19.67,1.846
612,407.4,193.6,267.0,19.67,1.846
612,407.4,193.2,267.0,19.67,1.846
612,407.4,192.7,267.0,19.67,1.846
612,407.4,192.3,267.0,19.67,1.846
612,407.4,191.9,267.0,19.35,1.846
612,407.4,191.4,267.0,19.35,1.732
612,407.4,191.0,267.0,19.35,1.732
612,407.4,190.5,267.0,19.35,1.732
612,407.4,193.0,267.0,19.67,1.732
612,407.4,192.6,267.0,19.67,1.846
612,407.4,192.1,267.0,19.67,1.846
612,407.4,194.6,267.0,19.67,1.846
612,407.4,194.2,267.0,19.67,1.846
612,407.4,193.8,267.0,19.67,1.846
612,407.4,193.3,267.0,19.67,1.846
612,407.4,192.9,267.0,19.67,1.846
612,407.4,192.4,267.0,19.67,1.846
612,407.4,192.0,267.0,19.35,1.846
612,407.4,191.5,267.0,19.35,1.732
612,407.4,191.1,267.0,19.35,1.732
612,407.4,190.7,267.0,19.35,1.732
612,407.4,193.2,267.0,19.67,1.732
612,407.4,192.7,267.0,19.67,1.846
612,407.4,192.3,267.0,19.67,1.846
612,407.4,191.8,267.0,19.35,1.846
612,407.4,191.4,267.0,19.35,1.732
612,407.4,190.9,267.0,19.35,1.732
612,407.4,190.5,267.0,19.35,1.732
612,407.4,193.0,267.0,19.67,1.732
612,407.4,192.6,267.0,19.67,1.846
612,407.4,192.1,267.0,19.67,1.846
612,407.4,194.6,267.0,19.67,1.846
612,407.4,194.2,267.0,19.67,1.846
612,407.4,193.7,267.0,19.67,1.846
612,407.4,193.3,267.0,19.67,1.846
612,407.4,192.8,267.0,19.67,1.846
612,407.4,192.4,267.0,19.67,1.846
612,407.4,191.9,267.0,19.35,1.846
612,407.4,191.5,267.0,19.35,1.732
612,407.4,191.1,267.0,19.35,1.732
612,407.4,190.6,267.0,19.35,1.732
612,407.4,193.1,267.0,19.67,1.732
612,407.4,192.7,267.0,19.67,1.846
612,407.4,192.2,267.0,19.67,1.846
612,407.4,191.8,267.0,19.35,1.846
612,407.4,191.3,267.0,19.35,1.732
612,407.4,190.9,267.0,19.35,1.732
612,407.4,190.5,267.0,19.35,1.732
612,407.4,193.0,267.0,19.67,1.732
612,407.4,192.5,267.0,19.67,1.846
612,407.4,192.1,267.0,19.67,1.846
612,407.4,194.6,267.0,19.67,1.846
612,407.4,194.1,267.0,19.67,1.846
612,407.4,193.7,267.0,19.67,1.846
612,407.4,193.2,267.0,19.67,1.846
612,407.4,192.8,267.0,19.67,1.846
612,407.4,192.4,267.0,19.67,1.846
612,407.4,191.9,267.0,19.35,1.846
612,407.4,191.5,267.0,19.35,1.732
612,407.4,191.0,267.0,19.35,1.732
612,407.4,190.6,267.0,19.35,1.732
612,407.4,193.1,267.0,19.67,1.732
612,407.4,192.7,267.0,19.67,1.846
612,407.4,192.2,267.0,19.67,1.846
612,407.4,194.7,267.0,19.67,1.846
612,407.4,194.3,267.0,19.67,1.846
612,407.4,193.8,267.0,19.67,1.846
612,407.4,193.4,267.0,19.67,1.846
612,407.4,192.9,267.0,19.67,1.846
612,407.4,192.5,267.0,19.67,1.846
612,407.4,192.1,267.0,19.67,1.846
612,407.4,194.6,267.0,19.67,1.846
612,407.4,194.1,267.0,19.67,1.846
612,407.4,193.7,267.0,19.67,1.846
612,407.4,193.2,267.0,19.67,1.846
612,407.4,192.8,267.0,19.67,1.846
612,407.4,192.3,267.0,19.67,1.846
612,407.4,191.9,267.0,19.35,1.846
612,407.4,191.5,267.0,19.35,1.732
612,407.4,191.0,267.0,19.35,1.732
612,407.4,190.6,267.0,19.35,1.732
612,407.4,193.1,267.0,19.67,1.732
612,407.4,192.6,267.0,19.67,1.846
612,407.4,192.2,267.0,19.67,1.846
612,407.4,194.7,267.0,19.67,1.846
612,407.4,194.2,267.0,19.67,1.846
612,407.4,193.8,267.0,19.67,1.846
612,407.4,193.3,267.0,19.67,1.846
612,407.4,192.9,267.0,19.67,1.846
612,407.4,192.5,267.0,19.67,1.846
612,407.4,192.0,267.0,19.67,1.846
612,407.4,194.5,267.0,19.67,1.846
612,407.4,194.1,267.0,19.67,1.846
612,407.4,193.6,267.0,19.67,1.846
612,407.4,193.2,267.0,19.67,1.846
612,407.4,192.8,267.0,19.67,1.846
612,407.4,192.3,267.0,19.67,1.846
612,407.4,191.9,267.0,19.35,1.846
612,407.4,191.4,267.0,19.35,1.732
612,407.4,191.0,267.0,19.35,1.732
612,407.4,190.5,267.0,19.35,1.732
612,407.4,193.0,267.0,19.67,1.732
612,407.4,192.6,267.0,19.67,1.846
612,407.4,192.2,267.0,19.67,1.846
612,407.4,194.7,267.0,19.67,1.846
612,407.4,194.2,267.0,19.67,1.846
612,407.4,193.8,267.0,19.67,1.846
612,407.4,193.3,267.0,19.67,1.846
612,407.4,192.9,267.0,19.67,1.846
612,407.4,192.4,267.0,19.67,1.846
612,407.4,192.0,267.0,19.67,1.846
612,407.4,191.6,267.0,19.35,1.732
612,407.4,191.1,267.0,19.35,1.732
612,407.4,190.7,267.0,19.35,1.732
612,407.4,193.2,267.0,19.67,1.732
612,407.4,192.7,267.0,19.67,1.846
612,407.4,192.3,267.0,19.67,1.846
612,407.4,191.8,267.0,19.35,1.846
612,407.4,191.4,267.0,19.35,1.732
612,407.4,190.9,267.0,19.35,1.732
612,407.4,190.5,267.0,19.35,1.732
612,407.4,193.0,267.0,19.67,1.732
612,407.4,192.6,267.0,19.67,1.846
618,434.5,169.8,261.6,22.12,0.558
618,430.3,171.5,258.8,21.20,0.670
618,425.5,175.7,258.7,21.20,0.789
618,420.8,179.8,258.7,21.20,0.789
618,418.1,182.0,267.0,19.60,0.789
618,415.2,184.4,267.0,19.60,1.623
618,412.3,186.9,267.0,19.60,1.623
618,409.4,189.3,267.0,19.60,1.623
618,406.5,191.8,267.0,19.35,1.623
618,406.5,191.3,267.0,19.35,1.732
618,406.5,190.9,267.0,19.35,1.732
618,406.5,190.4,267.0,19.35,1.732
618,406.5,192.9,267.0,19.67,1.732
618,406.5,192.5,267.0,19.67,1.846
618,406.5,192.1,267.0,19.67,1.846
618,406.5,194.6,267.0,19.67,1.846
618,406.5,194.1,267.0,19.67,1.846
618,406.5,193.7,267.0,19.67,1.846
618,406.5,193.2,267.0,19.67,1.846
618,406.5,192.8,267.0,19.67,1.846
618,406.5,192.3,267.0,19.67,1.846
618,406.5,191.9,267.0,19.35,1.846
618,406.5,191.5,267.0,19.35,1.732
618,406.5,191.0,267.0,19.35,1.732
618,406.5,190.6,267.0,19.35,1.732
618,406.5,193.1,267.0,19.67,1.732
618,406.5,192.6,267.0,19.67,1.846
618,406.5,192.2,267.0,19.67,1.846
618,406.5,194.7,267.0,19.67,1.846
618,406.5,194.2,267.0,19.67,1.846
618,406.5,193.8,267.0,19.67,1.846
618,406.5,193.4,267.0,19.67,1.846
618,406.5,192.9,267.0,19.67,1.846
618,406.5,192.5,267.0,19.67,1.846
618,406.5,192.0,267.0,19.67,1.846
618,406.5,194.5,267.0,19.67,1.846
618,406.5,194.1,267.0,19.67,1.846
618,406.5,193.6,267.0,19.67,1.846
618,406.5,193.2,267.0,19.67,1.846
618,406.5,192.8,267.0,19.67,1.846
618,406.5,192.3,267.0,19.67,1.846
618,406.5,191.9,267.0,19.35,1.846
618,406.5,191.4,267.0,19.35,1.732
618,406.5,191.0,267.0,19.35,1.732
618,406.5,190.5,267.0,19.35,1.732
618,406.5,193.0,267.0,19.67,1.732
618,406.5,192.6,267.0,19.67,1.846
618,406.5,192.2,267.0,19.67,1.846
618,406.5,194.7,267.0,19.67,1.846
618,406.5,194.2,267.0,19.67,1.846
618,406.5,193.8,267.0,19.67,1.846
618,406.5,193.3,267.0,19.67,1.846
618,406.5,192.9,267.0,19.67,1.846
618,406.5,192.4,267.0,19.67,1.846
618,406.5,192.0,267.0,19.67,1.846
618,406.5,191.6,267.0,19.35,1.732
618,406.5,191.1,267.0,19.35,1.732
618,406.5,190.7,267.0,19.35,1.732
618,406.5,193.2,267.0,19.67,1.732
618,406.5,192.7,267.0,19.67,1.846
618,406.5,192.3,267.0,19.67,1.846
618,406.5,191.8,267.0,19.35,1.846
618,406.5,191.4,267.0,19.35,1.732
618,406.5,191.0,267.0,19.35,1.732
618,406.5,190.5,267.0,19.35,1.732
618,406.5,193.0,267.0,19.67,1.732
618,406.5,192.6,267.0,19.67,1.846
618,406.5,192.1,267.0,19.67,1.846
618,406.5,194.6,267.0,19.67,1.846
618,406.5,194.2,267.0,19.67,1.846
618,406.5,193.8,267.0,19.67,1.846
618,406.5,193.3,267.0,19.67,1.846
618,406.5,192.9,267.0,19.67,1.846
618,406.5,192.4,267.0,19.67,1.846
618,406.5,192.0,267.0,19.35,1.846
618,406.5,191.5,267.0,19.35,1.732
618,406.5,191.1,267.0,19.35,1.732
618,406.5,190.6,267.0,19.35,1.732
618,406.5,193.2,267.0,19.67,1.732
618,406.5,192.7,267.0,19.67,1.846
618,406.5,192.3,267.0,19.67,1.846
618,406.5,191.8,267.0,19.35,1.846
618,406.5,191.4,267.0,19.35,1.732
618,406.5,190.9,267.0,19.35,1.732
618,406.5,190.5,267.0,19.35,1.732
618,406.5,193.0,267.0,19.67,1.732
618,406.5,192.6,267.0,19.67,1.846
618,406.5,192.1,267.0,19.67,1.846
618,406.5,194.6,267.0,19.67,1.846
618,406.5,194.2,267.0,19.67,1.846
618,406.5,193.7,267.0,19.67,1.846
618,406.5,193.3,267.0,19.67,1.846
618,406.5,192.8,267.0,19.67,1.846
618,406.5,192.4,267.0,19.67,1.846
618,406.5,191.9,267.0,19.35,1.846
618,406.5,191.5,267.0,19.35,1.732
618,406.5,191.1,267.0,19.35,1.732
618,406.5,190.6,267.0,19.35,1.732
618,406.5,193.1,267.0,19.67,1.732
618,406.5,192.7,267.0,19.67,1.846
618,406.5,192.2,267.0,19.67,1.846
618,406.5,191.8,267.0,19.35,1.846
618,406.5,191.3,267.0,19.35,1.732
618,406.5,190.9,267.0,19.35,1.732
618,406.5,190.5,267.0,19.35,1.732
618,406.5,193.0,267.0,19.67,1.732
618,406.5,192.5,267.0,19.67,1.846
618,406.5,192.1,267.0,19.67,1.846
618,406.5,194.6,267.0,19.67,1.846
618,406.5,194.1,267.0,19.67,1.846
618,406.5,193.7,267.0,19.67,1.846
618,406.5,193.2,267.0,19.67,1.846
618,406.5,192.8,267.0,19.67,1.846
618,406.5,192.4,267.0,19.67,1.846
618,406.5,191.9,267.0,19.35,1.846
618,406.5,191.5,267.0,19.35,1.732
618,406.5,191.0,267.0,19.35,1.732
618,406.5,190.6,267.0,19.35,1.732
618,406.5,193.1,267.0,19.67,1.732
618,406.5,192.7,267.0,19.67,1.846
618,406.5,192.2,267.0,19.67,1.846
618,406.5,194.7,267.0,19.67,1.846
618,406.5,194.3,267.0,19.67,1.846
618,406.5,193.8,267.0,19.67,1.846
618,406.5,193.4,267.0,19.67,1.846
618,406.5,192.9,267.0,19.67,1.846
618,406.5,192.5,267.0,19.67,1.846
618,406.5,192.1,267.0,19.67,1.846
618,406.5,194.6,267.0,19.67,1.846
618,406.5,194.1,267.0,19.67,1.846
618,406.5,193.7,267.0,19.67,1.846
618,406.5,193.2,267.0,19.67,1.846
618,406.5,192.8,267.0,19.67,1.846
618,406.5,192.3,267.0,19.67,1.846
618,406.5,191.9,267.0,19.35,1.846
618,406.5,191.5,267.0,19.35,1.732
618,406.5,191.0,267.0,19.35,1.732
618,406.5,190.6,267.0,19.35,1.732
618,406.5,193.1,267.0,19.67,1.732
618,406.5,192.6,267.0,19.67,1.846
618,406.5,192.2,267.0,19.67,1.846
618,406.5,194.7,267.0,19.67,1.846
618,406.5,194.2,267.0,19.67,1.846
618,406.5,193.8,267.0,19.67,1.846
618,406.5,193.3,267.0,19.67,1.846
618,406.5,192.9,267.0,19.67,1.846
618,406.5,192.5,267.0,19.67,1.846
618,406.5,192.0,267.0,19.67,1.846
618,406.5,194.5,267.0,19.67,1.846
618,406.5,194.1,267.0,19.67,1.846
618,406.5,193.6,267.0,19.67,1.846
618,406.5,193.2,267.0,19.67,1.846
618,406.5,192.8,267.0,19.67,1.846
618,406.5,192.3,267.0,19.67,1.846
618,406.5,191.9,267.0,19.35,1.846
618,406.5,191.4,267.0,19.35,1.732
618,406.5,191.0,267.0,19.35,1.732
618,406.5,190.5,267.0,19.35,1.732
618,406.5,193.0,267.0,19.67,1.732
618,406.5,192.6,267.0,19.67,1.846
624,413.3,224.9,267.0,19.57,0.893
624,410.4,219.7,267.0,19.57,1.248
624,407.5,214.5,267.0,19.58,1.248
624,407.5,211.3,267.0,19.58,1.685
624,407.5,208.0,267.0,19.58,1.685
624,407.5,204.8,267.0,19.58,1.685
624,407.5,204.3,267.0,19.58,1.685
624,407.5,203.9,267.0,19.67,1.685
624,407.5,203.5,267.0,19.67,1.846
624,407.5,203.0,267.0,19.67,1.846
624,407.5,202.6,267.0,19.67,1.846
624,407.5,202.1,267.0,19.67,1.846
624,407.5,201.7,267.0,19.67,1.846
624,407.5,201.3,267.0,19.67,1.846
624,407.5,200.8,267.0,19.67,1.846
624,407.5,200.4,267.0,19.67,1.846
624,407.5,199.9,267.0,19.67,1.846
624,407.5,199.5,267.0,19.67,1.846
624,407.5,199.0,267.0,19.67,1.846
624,407.5,198.6,267.0,19.67,1.846
624,407.5,198.2,267.0,19.67,1.846
624,407.5,197.7,267.0,19.67,1.846
624,407.5,197.3,267.0,19.67,1.846
624,407.5,196.8,267.0,19.67,1.846
624,407.5,196.4,267.0,19.67,1.846
624,407.5,195.9,267.0,19.67,1.846
624,407.5,195.5,267.0,19.67,1.846
624,407.5,195.0,267.0,19.67,1.846
624,407.5,194.6,267.0,19.67,1.846
624,407.5,194.2,267.0,19.67,1.846
624,407.5,193.7,267.0,19.67,1.846
624,407.5,193.3,267.0,19.67,1.846
624,407.5,192.8,267.0,19.67,1.846
624,407.5,192.4,267.0,19.67,1.846
624,407.5,191.9,267.0,19.35,1.846
624,407.5,191.5,267.0,19.35,1.732
624,407.5,191.1,267.0,19.35,1.732
624,407.5,190.6,267.0,19.35,1.732
624,407.5,193.1,267.0,19.67,1.732
624,407.5,192.7,267.0,19.67,1.846
624,407.5,192.2,267.0,19.67,1.846
624,407.5,191.8,267.0,19.35,1.846
624,407.5,191.3,267.0,19.35,1.732
624,407.5,190.9,267.0,19.35,1.732
624,407.5,190.5,267.0,19.35,1.732
624,407.5,193.0,267.0,19.67,1.732
624,407.5,192.5,267.0,19.67,1.846
624,407.5,192.1,267.0,19.67,1.846
624,407.5,194.6,267.0,19.67,1.846
624,407.5,194.1,267.0,19.67,1.846
624,407.5,193.7,267.0,19.67,1.846
624,407.5,193.2,267.0,19.67,1.846
624,407.5,192.8,267.0,19.67,1.846
624,407.5,192.4,267.0,19.67,1.846
624,407.5,191.9,267.0,19.35,1.846
624,407.5,191.5,267.0,19.35,1.732
624,407.5,191.0,267.0,19.35,1.732
624,407.5,190.6,267.0,19.35,1.732
624,407.5,193.1,267.0,19.67,1.732
624,407.5,192.6,267.0,19.67,1.846
624,407.5,192.2,267.0,19.67,1.846
624,407.5,194.7,267.0,19.67,1.846
624,407.5,194.3,267.0,19.67,1.846
624,407.5,193.8,267.0,19.67,1.846
624,407.5,193.4,267.0,19.67,1.846
624,407.5,192.9,267.0,19.67,1.846
624,407.5,192.5,267.0,19.67,1.846
624,407.5,192.0,267.0,19.67,1.846
624,407.5,194.6,267.0,19.67,1.846
624,407.5,194.1,267.0,19.67,1.846
624,407.5,193.7,267.0,19.67,1.846
624,407.5,193.2,267.0,19.67,1.846
624,407.5,192.8,267.0,19.67,1.846
624,407.5,192.3,267.0,19.67,1.846
624,407.5,191.9,267.0,19.35,1.846
624,407.5,191.4,267.0,19.35,1.732
624,407.5,191.0,267.0,19.35,1.732
624,407.5,190.6,267.0,19.35,1.732
624,407.5,193.1,267.0,19.67,1.732
624,407.5,192.6,267.0,19.67,1.846
624,407.5,192.2,267.0,19.67,1.846
624,407.5,194.7,267.0,19.67,1.846
624,407.5,194.2,267.0,19.67,1.846
624,407.5,193.8,267.0,19.67,1.846
624,407.5,193.3,267.0,19.67,1.846
624,407.5,192.9,267.0,19.67,1.846
624,407.5,192.5,267.0,19.67,1.846
624,407.5,192.0,267.0,19.67,1.846
624,407.5,194.5,267.0,19.67,1.846
624,407.5,194.1,267.0,19.67,1.846
624,407.5,193.6,267.0,19.67,1.846
624,407.5,193.2,267.0,19.67,1.846
624,407.5,192.8,267.0,19.67,1.846
624,407.5,192.3,267.0,19.67,1.846
624,407.5,191.9,267.0,19.35,1.846
624,407.5,191.4,267.0,19.35,1.732
624,407.5,191.0,267.0,19.35,1.732
624,407.5,190.5,267.0,19.35,1.732
624,407.5,193.0,267.0,19.67,1.732
624,407.5,192.6,267.0,19.67,1.846
624,407.5,192.2,267.0,19.67,1.846
624,407.5,194.6,267.0,19.67,1.846
624,407.5,194.2,267.0,19.67,1.846
624,407.5,193.8,267.0,19.67,1.846
624,407.5,193.3,267.0,19.67,1.846
624,407.5,192.9,267.0,19.67,1.846
624,407.5,192.4,267.0,19.67,1.846
624,407.5,192.0,267.0,19.35,1.846
624,407.5,191.6,267.0,19.35,1.732
624,407.5,191.1,267.0,19.35,1.732
624,407.5,190.7,267.0,19.35,1.732
624,407.5,193.2,267.0,19.67,1.732
624,407.5,192.7,267.0,19.67,1.846
624,407.5,192.3,267.0,19.67,1.846
624,407.5,191.8,267.0,19.35,1.846
624,407.5,191.4,267.0,19.35,1.732
624,407.5,190.9,267.0,19.35,1.732
624,407.5,190.5,267.0,19.35,1.732
624,407.5,193.0,267.0,19.67,1.732
624,407.5,192.6,267.0,19.67,1.846
624,407.5,192.1,267.0,19.67,1.846
624,407.5,194.6,267.0,19.67,1.846
624,407.5,194.2,267.0,19.67,1.846
624,407.5,193.7,267.0,19.67,1.846
624,407.5,193.3,267.0,19.67,1.846
624,407.5,192.9,267.0,19.67,1.846
624,407.5,192.4,267.0,19.67,1.846
624,407.5,192.0,267.0,19.35,1.846
624,407.5,191.5,267.0,19.35,1.732
624,407.5,191.1,267.0,19.35,1.732
624,407.5,190.6,267.0,19.35,1.732
624,407.5,193.1,267.0,19.67,1.732
624,407.5,192.7,267.0,19.67,1.846
624,407.5,192.2,267.0,19.67,1.846
624,407.5,191.8,267.0,19.35,1.846
624,407.5,191.4,267.0,19.35,1.732
624,407.5,190.9,267.0,19.35,1.732
624,407.5,190.5,267.0,19.35,1.732
624,407.5,193.0,267.0,19.67,1.732
624,407.5,192.5,267.0,19.67,1.846
624,407.5,192.1,267.0,19.67,1.846
624,407.5,194.6,267.0,19.67,1.846
624,407.5,194.2,267.0,19.67,1.846
624,407.5,193.7,267.0,19.67,1.846
624,407.5,193.3,267.0,19.67,1.846
624,407.5,192.8,267.0,19.67,1.846
624,407.5,192.4,267.0,19.67,1.846
624,407.5,191.9,267.0,19.35,1.846
624,407.5,191.5,267.0,19.35,1.732
624,407.5,191.1,267.0,19.35,1.732
624,407.5,190.6,267.0,19.35,1.732
624,407.5,193.1,267.0,19.67,1.732
624,407.5,192.7,267.0,19.67,1.846
624,407.5,192.2,267.0,19.67,1.846
624,407.5,194.7,267.0,19.67,1.846
624,407.5,194.3,267.0,19.67,1.846
624,407.5,193.8,267.0,19.67,1.846
624,407.5,193.4,267.0,19.67,1.846
624,407.5,192.9,267.0,19.67,1.846
624,407.5,192.5,267.0,19.67,1.846
630,384.7,245.5,260.0,20.06,0.835
630,385.0,242.3,255.0,20.06,0.739
630,385.3,239.1,250.1,19.88,0.739
630,386.4,233.9,248.8,19.88,0.689
630,387.5,228.6,247.6,19.88,0.689
630,389.1,224.4,249.9,20.07,0.689
630,390.7,220.2,252.3,19.65,0.635
630,393.1,215.2,258.3,19.76,1.020
630,395.7,212.2,267.0,19.69,1.240
630,395.7,209.0,267.0,19.69,1.592
630,395.7,205.8,267.0,19.69,1.592
630,395.7,202.5,267.0,19.56,1.592
630,395.7,202.1,267.0,19.56,1.704
630,395.7,201.6,267.0,19.56,1.704
630,395.7,201.2,267.0,19.56,1.704
630,395.7,200.7,267.0,19.56,1.704
630,395.7,200.3,267.0,19.56,1.704
630,395.7,199.8,267.0,19.56,1.704
630,395.7,199.4,267.0,19.56,1.704
630,395.7,199.0,267.0,19.56,1.704
630,395.7,198.5,267.0,19.56,1.704
630,395.7,198.1,267.0,19.56,1.704
630,395.7,197.6,267.0,19.56,1.704
630,395.7,197.2,267.0,19.56,1.704
630,395.7,196.8,267.0,19.56,1.704
630,395.7,196.3,267.0,19.56,1.704
630,395.7,195.9,267.0,19.56,1.704
630,395.7,195.4,267.0,19.56,1.704
630,395.7,195.0,267.0,19.56,1.704
630,395.7,194.5,267.0,19.56,1.704
630,395.7,194.1,267.0,19.56,1.704
630,395.7,193.6,267.0,19.56,1.704
630,395.7,193.2,267.0,19.56,1.704
630,395.7,192.8,267.0,19.56,1.704
630,395.7,192.3,267.0,19.56,1.704
630,395.7,191.9,267.0,19.60,1.704
630,395.7,191.4,267.0,19.60,1.623
630,395.7,191.0,267.0,19.60,1.623
630,395.7,190.5,267.0,19.60,1.623
630,395.7,193.0,267.0,19.56,1.623
630,395.7,192.6,267.0,19.56,1.704
630,395.7,192.2,267.0,19.56,1.704
630,395.7,194.7,267.0,19.56,1.704
630,395.7,194.2,267.0,19.56,1.704
630,395.7,193.8,267.0,19.56,1.704
630,395.7,193.3,267.0,19.56,1.704
630,395.7,192.9,267.0,19.56,1.704
630,395.7,192.4,267.0,19.56,1.704
630,395.7,192.0,267.0,19.56,1.704
630,395.7,194.5,267.0,19.56,1.704
630,395.7,194.1,267.0,19.56,1.704
630,395.7,193.6,267.0,19.56,1.704
630,395.7,193.2,267.0,19.56,1.704
630,395.7,192.7,267.0,19.56,1.704
630,395.7,192.3,267.0,19.56,1.704
630,395.7,191.8,267.0,19.60,1.704
630,395.7,191.4,267.0,19.60,1.623
630,395.7,191.0,267.0,19.60,1.623
630,395.7,190.5,267.0,19.60,1.623
630,395.7,193.0,267.0,19.56,1.623
630,395.7,192.6,267.0,19.56,1.704
630,395.7,192.1,267.0,19.56,1.704
630,395.7,194.6,267.0,19.56,1.704
630,395.7,194.2,267.0,19.56,1.704
630,395.7,193.8,267.0,19.56,1.704
630,395.7,193.3,267.0,19.56,1.704
630,395.7,192.9,267.0,19.56,1.704
630,395.7,192.4,267.0,19.56,1.704
630,395.7,192.0,267.0,19.60,1.704
630,395.7,191.5,267.0,19.60,1.623
630,395.7,191.1,267.0,19.60,1.623
630,395.7,190.6,267.0,19.60,1.623
630,395.7,193.2,267.0,19.56,1.623
630,395.7,192.7,267.0,19.56,1.704
630,395.7,192.3,267.0,19.56,1.704
630,395.7,191.8,267.0,19.60,1.704
630,395.7,191.4,267.0,19.60,1.623
630,395.7,190.9,267.0,19.60,1.623
630,395.7,190.5,267.0,19.60,1.623
630,395.7,193.0,267.0,19.56,1.623
630,395.7,192.6,267.0,19.56,1.704
630,395.7,192.1,267.0,19.56,1.704
630,395.7,194.6,267.0,19.56,1.704
630,395.7,194.2,267.0,19.56,1.704
630,395.7,193.7,267.0,19.56,1.704
630,395.7,193.3,267.0,19.56,1.704
630,395.7,192.8,267.0,19.56,1.704
630,395.7,192.4,267.0,19.56,1.704
630,395.7,191.9,267.0,19.60,1.704
630,395.7,191.5,267.0,19.60,1.623
630,395.7,191.1,267.0,19.60,1.623
630,395.7,190.6,267.0,19.60,1.623
630,395.7,193.1,267.0,19.56,1.623
630,395.7,192.7,267.0,19.56,1.704
630,395.7,192.2,267.0,19.56,1.704
630,395.7,194.7,267.0,19.56,1.704
630,395.7,194.3,267.0,19.56,1.704
630,395.7,193.8,267.0,19.56,1.704
630,395.7,193.4,267.0,19.56,1.704
630,395.7,193.0,267.0,19.56,1.704
630,395.7,192.5,267.0,19.56,1.704
630,395.7,192.1,267.0,19.56,1.704
630,395.7,194.6,267.0,19.56,1.704
630,395.7,194.1,267.0,19.56,1.704
630,395.7,193.7,267.0,19.56,1.704
630,395.7,193.2,267.0,19.56,1.704
630,395.7,192.8,267.0,19.56,1.704
630,395.7,192.4,267.0,19.56,1.704
630,395.7,191.9,267.0,19.60,1.704
630,395.7,191.5,267.0,19.60,1.623
630,395.7,191.0,267.0,19.60,1.623
630,395.7,190.6,267.0,19.60,1.623
630,395.7,193.1,267.0,19.56,1.623
630,395.7,192.7,267.0,19.56,1.704
630,395.7,192.2,267.0,19.56,1.704
630,395.7,194.7,267.0,19.56,1.704
630,395.7,194.3,267.0,19.56,1.704
630,395.7,193.8,267.0,19.56,1.704
630,395.7,193.4,267.0,19.56,1.704
630,395.7,192.9,267.0,19.56,1.704
630,395.7,192.5,267.0,19.56,1.704
630,395.7,192.1,267.0,19.56,1.704
630,395.7,194.6,267.0,19.56,1.704
630,395.7,194.1,267.0,19.56,1.704
630,395.7,193.7,267.0,19.56,1.704
630,395.7,193.2,267.0,19.56,1.704
630,395.7,192.8,267.0,19.56,1.704
630,395.7,192.3,267.0,19.56,1.704
630,395.7,191.9,267.0,19.60,1.704
630,395.7,191.5,267.0,19.60,1.623
630,395.7,191.0,267.0,19.60,1.623
630,395.7,190.6,267.0,19.60,1.623
630,395.7,193.1,267.0,19.56,1.623
630,395.7,192.6,267.0,19.56,1.704
630,395.7,192.2,267.0,19.56,1.704
630,395.7,194.7,267.0,19.56,1.704
630,395.7,194.2,267.0,19.56,1.704
630,395.7,193.8,267.0,19.56,1.704
630,395.7,193.3,267.0,19.56,1.704
630,395.7,192.9,267.0,19.56,1.704
630,395.7,192.5,267.0,19.56,1.704
630,395.7,192.0,267.0,19.56,1.704
630,395.7,194.5,267.0,19.56,1.704
630,395.7,194.1,267.0,19.56,1.704
630,395.7,193.6,267.0,19.56,1.704
630,395.7,193.2,267.0,19.56,1.704
630,395.7,192.8,267.0,19.56,1.704
630,395.7,192.3,267.0,19.56,1.704
630,395.7,191.9,267.0,19.60,1.704
630,395.7,191.4,267.0,19.60,1.623
630,395.7,191.0,267.0,19.60,1.623
630,395.7,190.5,267.0,19.60,1.623
630,395.7,193.0,267.0,19.56,1.623
630,395.7,192.6,267.0,19.56,1.704
630,395.7,192.2,267.0,19.56,1.704
630,395.7,194.6,267.0,19.56,1.704
630,395.7,194.2,267.0,19.56,1.704
630,395.7,193.8,267.0,19.56,1.704
630,395.7,193.3,267.0,19.56,1.704
630,395.7,192.9,267.0,19.56,1.704
636,352.5,204.9,260.0,21.47,0.831
636,355.5,204.1,255.0,21.47,0.736
636,358.7,203.6,250.1,22.24,0.736
636,364.1,203.2,248.7,19.75,0.547
636,369.4,202.8,247.4,19.75,0.689
636,373.7,202.3,249.9,19.79,0.689
636,378.0,201.8,252.4,19.27,0.621
636,382.9,201.3,258.8,19.27,1.014
636,385.6,200.9,267.0,19.56,1.014
636,388.6,200.4,267.0,19.56,1.704
636,391.5,199.9,267.0,19.56,1.704
636,394.4,199.4,267.0,19.56,1.704
636,394.4,199.0,267.0,19.56,1.704
636,394.4,198.6,267.0,19.56,1.704
636,394.4,198.1,267.0,19.56,1.704
636,394.4,197.7,267.0,19.56,1.704
636,394.4,197.2,267.0,19.56,1.704
636,394.4,196.8,267.0,19.56,1.704
636,394.4,196.3,267.0,19.56,1.704
636,394.4,195.9,267.0,19.56,1.704
636,394.4,195.4,267.0,19.56,1.704
636,394.4,195.0,267.0,19.56,1.704
636,394.4,194.6,267.0,19.56,1.704
636,394.4,194.1,267.0,19.56,1.704
636,394.4,193.7,267.0,19.56,1.704
636,394.4,193.2,267.0,19.56,1.704
636,394.4,192.8,267.0,19.56,1.704
636,394.4,192.3,267.0,19.56,1.704
636,394.4,191.9,267.0,19.60,1.704
636,397.3,191.4,267.0,19.35,1.623
636,397.3,191.0,267.0,19.35,1.732
636,397.3,190.5,267.0,19.35,1.732
636,397.3,193.0,267.0,19.67,1.732
636,397.3,192.6,267.0,19.67,1.846
636,397.3,192.2,267.0,19.67,1.846
636,397.3,194.7,267.0,19.67,1.846
636,397.3,194.2,267.0,19.67,1.846
636,397.3,193.8,267.0,19.67,1.846
636,397.3,193.3,267.0,19.67,1.846
636,397.3,192.9,267.0,19.67,1.846
636,397.3,192.4,267.0,19.67,1.846
636,397.3,192.0,267.0,19.67,1.846
636,397.3,194.5,267.0,19.67,1.846
636,397.3,194.1,267.0,19.67,1.846
636,397.3,193.6,267.0,19.67,1.846
636,397.3,193.2,267.0,19.67,1.846
636,397.3,192.7,267.0,19.67,1.846
636,397.3,192.3,267.0,19.67,1.846
636,397.3,191.8,267.0,19.35,1.846
636,397.3,191.4,267.0,19.35,1.732
636,397.3,191.0,267.0,19.35,1.732
636,397.3,190.5,267.0,19.35,1.732
636,397.3,193.0,267.0,19.67,1.732
636,397.3,192.6,267.0,19.67,1.846
636,397.3,192.1,267.0,19.67,1.846
636,397.3,194.6,267.0,19.67,1.846
636,397.3,194.2,267.0,19.67,1.846
636,397.3,193.8,267.0,19.67,1.846
636,397.3,193.3,267.0,19.67,1.846
636,397.3,192.9,267.0,19.67,1.846
636,397.3,192.4,267.0,19.67,1.846
636,397.3,192.0,267.0,19.35,1.846
636,397.3,191.5,267.0,19.35,1.732
636,397.3,191.1,267.0,19.35,1.732
636,397.3,190.6,267.0,19.35,1.732
636,397.3,193.2,267.0,19.67,1.732
636,397.3,192.7,267.0,19.67,1.846
636,397.3,192.3,267.0,19.67,1.846
636,397.3,191.8,267.0,19.35,1.846
636,397.3,191.4,267.0,19.35,1.732
636,397.3,190.9,267.0,19.35,1.732
636,397.3,190.5,267.0,19.35,1.732
636,397.3,193.0,267.0,19.67,1.732
636,397.3,192.6,267.0,19.67,1.846
636,397.3,192.1,267.0,19.67,1.846
636,397.3,194.6,267.0,19.67,1.846
636,397.3,194.2,267.0,19.67,1.846
636,397.3,193.7,267.0,19.67,1.846
636,397.3,193.3,267.0,19.67,1.846
636,397.3,192.8,267.0,19.67,1.846
636,397.3,192.4,267.0,19.67,1.846
636,397.3,191.9,267.0,19.35,1.846
636,397.3,191.5,267.0,19.35,1.732
636,397.3,191.1,267.0,19.35,1.732
636,397.3,190.6,267.0,19.35,1.732
636,397.3,193.1,267.0,19.67,1.732
636,397.3,192.7,267.0,19.67,1.846
636,397.3,192.2,267.0,19.67,1.846
636,397.3,191.8,267.0,19.35,1.846
636,397.3,191.3,267.0,19.35,1.732
636,397.3,190.9,267.0,19.35,1.732
636,397.3,190.5,267.0,19.35,1.732
636,397.3,193.0,267.0,19.67,1.732
636,397.3,192.5,267.0,19.67,1.846
636,397.3,192.1,267.0,19.67,1.846
636,397.3,194.6,267.0,19.67,1.846
636,397.3,194.1,267.0,19.67,1.846
636,397.3,193.7,267.0,19.67,1.846
636,397.3,193.2,267.0,19.67,1.846
636,397.3,192.8,267.0,19.67,1.846
636,397.3,192.4,267.0,19.67,1.846
636,397.3,191.9,267.0,19.35,1.846
636,397.3,191.5,267.0,19.35,1.732
636,397.3,191.0,267.0,19.35,1.732
636,397.3,190.6,267.0,19.35,1.732
636,397.3,193.1,267.0,19.67,1.732
636,397.3,192.7,267.0,19.67,1.846
636,397.3,192.2,267.0,19.67,1.846
636,397.3,194.7,267.0,19.67,1.846
636,397.3,194.3,267.0,19.67,1.846
636,397.3,193.8,267.0,19.67,1.846
636,397.3,193.4,267.0,19.67,1.846
636,397.3,192.9,267.0,19.67,1.846
636,397.3,192.5,267.0,19.67,1.846
636,397.3,192.1,267.0,19.67,1.846
636,397.3,194.6,267.0,19.67,1.846
636,397.3,194.1,267.0,19.67,1.846
636,397.3,193.7,267.0,19.67,1.846
636,397.3,193.2,267.0,19.67,1.846
636,397.3,192.8,267.0,19.67,1.846
636,397.3,192.3,267.0,19.67,1.846
636,397.3,191.9,267.0,19.35,1.846
636,397.3,191.5,267.0,19.35,1.732
636,397.3,191.0,267.0,19.35,1.732
636,397.3,190.6,267.0,19.35,1.732
636,397.3,193.1,267.0,19.67,1.732
636,397.3,192.6,267.0,19.67,1.846
636,397.3,192.2,267.0,19.67,1.846
636,397.3,194.7,267.0,19.67,1.846
636,397.3,194.2,267.0,19.67,1.846
636,397.3,193.8,267.0,19.67,1.846
636,397.3,193.3,267.0,19.67,1.846
636,397.3,192.9,267.0,19.67,1.846
636,397.3,192.5,267.0,19.67,1.846
636,397.3,192.0,267.0,19.67,1.846
636,397.3,194.5,267.0,19.67,1.846
636,397.3,194.1,267.0,19.67,1.846
636,397.3,193.6,267.0,19.67,1.846
636,397.3,193.2,267.0,19.67,1.846
636,397.3,192.8,267.0,19.67,1.846
636,397.3,192.3,267.0,19.67,1.846
636,397.3,191.9,267.0,19.35,1.846
636,397.3,191.4,267.0,19.35,1.732
636,397.3,191.0,267.0,19.35,1.732
636,397.3,190.5,267.0,19.35,1.732
636,397.3,193.0,267.0,19.67,1.732
636,397.3,192.6,267.0,19.67,1.846
636,397.3,192.2,267.0,19.67,1.846
636,397.3,194.6,267.0,19.67,1.846
636,397.3,194.2,267.0,19.67,1.846
636,397.3,193.8,267.0,19.67,1.846
636,397.3,193.3,267.0,19.67,1.846
636,397.3,192.9,267.0,19.67,1.846
636,397.3,192.4,267.0,19.67,1.846
636,397.3,192.0,267.0,19.35,1.846
636,397.3,191.6,267.0,19.35,1.732
636,397.3,191.1,267.0,19.35,1.732
636,397.3,190.7,267.0,19.35,1.732
636,397.3,193.2,267.0,19.67,1.732
636,397.3,192.7,267.0,19.67,1.846
642,410.2,228.1,264.4,18.95,0.893
642,407.3,222.8,267.0,19.15,0.893
642,407.3,217.6,267.0,19.15,1.247
642,407.3,214.4,267.0,19.58,1.247
642,407.3,211.1,267.0,19.58,1.685
642,407.3,207.9,267.0,19.58,1.685
642,407.3,204.7,267.0,19.58,1.685
642,407.3,204.2,267.0,19.58,1.685
642,407.3,203.8,267.0,19.67,1.685
642,407.3,203.3,267.0,19.67,1.846
642,407.3,202.9,267.0,19.67,1.846
642,407.3,202.5,267.0,19.67,1.846
642,407.3,202.0,267.0,19.67,1.846
642,407.3,201.6,267.0,19.67,1.846
642,407.3,201.1,267.0,19.67,1.846
642,407.3,200.7,267.0,19.67,1.846
642,407.3,200.2,267.0,19.67,1.846
642,407.3,199.8,267.0,19.67,1.846
642,407.3,199.3,267.0,19.67,1.846
642,407.3,198.9,267.0,19.67,1.846
642,407.3,198.5,267.0,19.67,1.846
642,407.3,198.0,267.0,19.67,1.846
642,407.3,197.6,267.0,19.67,1.846
642,407.3,197.1,267.0,19.67,1.846
642,407.3,196.7,267.0,19.67,1.846
642,407.3,196.2,267.0,19.67,1.846
642,407.3,195.8,267.0,19.67,1.846
642,407.3,195.4,267.0,19.67,1.846
642,407.3,194.9,267.0,19.67,1.846
642,407.3,194.5,267.0,19.67,1.846
642,407.3,194.0,267.0,19.67,1.846
642,407.3,193.6,267.0,19.67,1.846
642,407.3,193.1,267.0,19.67,1.846
642,407.3,192.7,267.0,19.67,1.846
642,407.3,192.2,267.0,19.67,1.846
642,407.3,191.8,267.0,19.35,1.846
642,407.3,191.4,267.0,19.35,1.732
642,407.3,190.9,267.0,19.35,1.732
642,407.3,190.5,267.0,19.35,1.732
642,407.3,193.0,267.0,19.67,1.732
642,407.3,192.5,267.0,19.67,1.846
642,407.3,192.1,267.0,19.67,1.846
642,407.3,194.6,267.0,19.67,1.846
642,407.3,194.2,267.0,19.67,1.846
642,407.3,193.7,267.0,19.67,1.846
642,407.3,193.3,267.0,19.67,1.846
642,407.3,192.8,267.0,19.67,1.846
642,407.3,192.4,267.0,19.67,1.846
642,407.3,191.9,267.0,19.35,1.846
642,407.3,191.5,267.0,19.35,1.732
642,407.3,191.1,267.0,19.35,1.732
642,407.3,190.6,267.0,19.35,1.732
642,407.3,193.1,267.0,19.67,1.732
642,407.3,192.7,267.0,19.67,1.846
642,407.3,192.2,267.0,19.67,1.846
642,407.3,191.8,267.0,19.35,1.846
642,407.3,191.3,267.0,19.35,1.732
642,407.3,190.9,267.0,19.35,1.732
642,407.3,190.5,267.0,19.35,1.732
642,407.3,193.0,267.0,19.67,1.732
642,407.3,192.5,267.0,19.67,1.846
642,407.3,192.1,267.0,19.67,1.846
642,407.3,194.6,267.0,19.67,1.846
642,407.3,194.1,267.0,19.67,1.846
642,407.3,193.7,267.0,19.67,1.846
642,407.3,193.2,267.0,19.67,1.846
642,407.3,192.8,267.0,19.67,1.846
642,407.3,192.4,267.0,19.67,1.846
642,407.3,191.9,267.0,19.35,1.846
642,407.3,191.5,267.0,19.35,1.732
642,407.3,191.0,267.0,19.35,1.732
642,407.3,190.6,267.0,19.35,1.732
642,407.3,193.1,267.0,19.67,1.732
642,407.3,192.6,267.0,19.67,1.846
642,407.3,192.2,267.0,19.67,1.846
642,407.3,194.7,267.0,19.67,1.846
642,407.3,194.3,267.0,19.67,1.846
642,407.3,193.8,267.0,19.67,1.846
642,407.3,193.4,267.0,19.67,1.846
642,407.3,192.9,267.0,19.67,1.846
642,407.3,192.5,267.0,19.67,1.846
642,407.3,192.0,267.0,19.67,1.846
642,407.3,194.6,267.0,19.67,1.846
642,407.3,194.1,267.0,19.67,1.846
642,407.3,193.7,267.0,19.67,1.846
642,407.3,193.2,267.0,19.67,1.846
642,407.3,192.8,267.0,19.67,1.846
642,407.3,192.3,267.0,19.67,1.846
642,407.3,191.9,267.0,19.35,1.846
642,407.3,191.4,267.0,19.35,1.732
642,407.3,191.0,267.0,19.35,1.732
642,407.3,190.6,267.0,19.35,1.732
642,407.3,193.1,267.0,19.67,1.732
642,407.3,192.6,267.0,19.67,1.846
642,407.3,192.2,267.0,19.67,1.846
642,407.3,194.7,267.0,19.67,1.846
642,407.3,194.2,267.0,19.67,1.846
642,407.3,193.8,267.0,19.67,1.846
642,407.3,193.3,267.0,19.67,1.846
642,407.3,192.9,267.0,19.67,1.846
642,407.3,192.5,267.0,19.67,1.846
642,407.3,192.0,267.0,19.67,1.846
642,407.3,194.5,267.0,19.67,1.846
642,407.3,194.1,267.0,19.67,1.846
642,407.3,193.6,267.0,19.67,1.846
642,407.3,193.2,267.0,19.67,1.846
642,407.3,192.8,267.0,19.67,1.846
642,407.3,192.3,267.0,19.67,1.846
642,407.3,191.9,267.0,19.35,1.846
642,407.3,191.4,267.0,19.35,1.732
642,407.3,191.0,267.0,19.35,1.732
642,407.3,190.5,267.0,19.35,1.732
642,407.3,193.0,267.0,19.67,1.732
642,407.3,192.6,267.0,19.67,1.846
642,407.3,192.2,267.0,19.67,1.846
642,407.3,194.6,267.0,19.67,1.846
642,407.3,194.2,267.0,19.67,1.846
642,407.3,193.8,267.0,19.67,1.846
642,407.3,193.3,267.0,19.67,1.846
642,407.3,192.9,267.0,19.67,1.846
642,407.3,192.4,267.0,19.67,1.846
642,407.3,192.0,267.0,19.35,1.846
642,407.3,191.6,267.0,19.35,1.732
642,407.3,191.1,267.0,19.35,1.732
642,407.3,190.7,267.0,19.35,1.732
642,407.3,193.2,267.0,19.67,1.732
642,407.3,192.7,267.0,19.67,1.846
642,407.3,192.3,267.0,19.67,1.846
642,407.3,191.8,267.0,19.35,1.846
642,407.3,191.4,267.0,19.35,1.732
642,407.3,190.9,267.0,19.35,1.732
642,407.3,190.5,267.0,19.35,1.732
642,407.3,193.0,267.0,19.67,1.732
642,407.3,192.6,267.0,19.67,1.846
642,407.3,192.1,267.0,19.67,1.846
642,407.3,194.6,267.0,19.67,1.846
642,407.3,194.2,267.0,19.67,1.846
642,407.3,193.7,267.0,19.67,1.846
642,407.3,193.3,267.0,19.67,1.846
642,407.3,192.9,267.0,19.67,1.846
642,407.3,192.4,267.0,19.67,1.846
642,407.3,192.0,267.0,19.35,1.846
642,407.3,191.5,267.0,19.35,1.732
642,407.3,191.1,267.0,19.35,1.732
642,407.3,190.6,267.0,19.35,1.732
642,407.3,193.1,267.0,19.67,1.732
642,407.3,192.7,267.0,19.67,1.846
642,407.3,192.2,267.0,19.67,1.846
642,407.3,191.8,267.0,19.35,1.846
642,407.3,191.4,267.0,19.35,1.732
642,407.3,190.9,267.0,19.35,1.732
642,407.3,190.5,267.0,19.35,1.732
642,407.3,193.0,267.0,19.67,1.732
642,407.3,192.5,267.0,19.67,1.846
642,407.3,192.1,267.0,19.67,1.846
642,407.3,194.6,267.0,19.67,1.846
642,407.3,194.2,267.0,19.67,1.846
642,407.3,193.7,267.0,19.67,1.846
642,407.3,193.3,267.0,19.67,1.846
642,407.3,192.8,267.0,19.67,1.846
648,402.4,164.0,257.4,18.34,1.292
648,402.4,168.7,249.8,19.38,1.120
648,402.4,173.6,248.4,19.38,0.633
648,402.4,178.5,247.1,19.38,0.633
648,402.4,180.4,252.2,19.42,0.633
648,402.4,182.7,262.5,19.42,1.325
648,402.4,185.2,267.0,19.35,1.325
648,402.4,187.7,267.0,19.35,1.732
648,402.4,190.2,267.0,19.35,1.732
648,402.4,192.7,267.0,19.67,1.732
648,402.4,192.2,267.0,19.67,1.846
648,402.4,191.8,267.0,19.35,1.846
648,402.4,191.4,267.0,19.35,1.732
648,402.4,190.9,267.0,19.35,1.732
648,402.4,190.5,267.0,19.35,1.732
648,402.4,193.0,267.0,19.67,1.732
648,402.4,192.5,267.0,19.67,1.846
648,402.4,192.1,267.0,19.67,1.846
648,402.4,194.6,267.0,19.67,1.846
648,402.4,194.2,267.0,19.67,1.846
648,402.4,193.7,267.0,19.67,1.846
648,402.4,193.3,267.0,19.67,1.846
648,402.4,192.8,267.0,19.67,1.846
648,402.4,192.4,267.0,19.67,1.846
648,402.4,191.9,267.0,19.35,1.846
648,402.4,191.5,267.0,19.35,1.732
648,402.4,191.1,267.0,19.35,1.732
648,402.4,190.6,267.0,19.35,1.732
648,402.4,193.1,267.0,19.67,1.732
648,402.4,192.7,267.0,19.67,1.846
648,402.4,192.2,267.0,19.67,1.846
648,402.4,191.8,267.0,19.35,1.846
648,402.4,191.3,267.0,19.35,1.732
648,402.4,190.9,267.0,19.35,1.732
648,402.4,190.5,267.0,19.35,1.732
648,402.4,192.9,267.0,19.67,1.732
648,402.4,192.5,267.0,19.67,1.846
648,402.4,192.1,267.0,19.67,1.846
648,402.4,194.6,267.0,19.67,1.846
648,402.4,194.1,267.0,19.67,1.846
648,402.4,193.7,267.0,19.67,1.846
648,402.4,193.2,267.0,19.67,1.846
648,402.4,192.8,267.0,19.67,1.846
648,402.4,192.3,267.0,19.67,1.846
648,402.4,191.9,267.0,19.35,1.846
648,402.4,191.5,267.0,19.35,1.732
648,402.4,191.0,267.0,19.35,1.732
648,402.4,190.6,267.0,19.35,1.732
648,402.4,193.1,267.0,19.67,1.732
648,402.4,192.6,267.0,19.67,1.846
648,402.4,192.2,267.0,19.67,1.846
648,402.4,194.7,267.0,19.67,1.846
648,402.4,194.3,267.0,19.67,1.846
648,402.4,193.8,267.0,19.67,1.846
648,402.4,193.4,267.0,19.67,1.846
648,402.4,192.9,267.0,19.67,1.846
648,402.4,192.5,267.0,19.67,1.846
648,402.4,192.0,267.0,19.67,1.846
648,402.4,194.5,267.0,19.67,1.846
648,402.4,194.1,267.0,19.67,1.846
648,402.4,193.7,267.0,19.67,1.846
648,402.4,193.2,267.0,19.67,1.846
648,402.4,192.8,267.0,19.67,1.846
648,402.4,192.3,267.0,19.67,1.846
648,402.4,191.9,267.0,19.35,1.846
648,402.4,191.4,267.0,19.35,1.732
648,402.4,191.0,267.0,19.35,1.732
648,402.4,190.6,267.0,19.35,1.732
648,402.4,193.1,267.0,19.67,1.732
648,402.4,192.6,267.0,19.67,1.846
648,402.4,192.2,267.0,19.67,1.846
648,402.4,194.7,267.0,19.67,1.846
648,402.4,194.2,267.0,19.67,1.846
648,402.4,193.8,267.0,19.67,1.846
648,402.4,193.3,267.0,19.67,1.846
648,402.4,192.9,267.0,19.67,1.846
648,402.4,192.5,267.0,19.67,1.846
648,402.4,192.0,267.0,19.67,1.846
648,402.4,194.5,267.0,19.67,1.846
648,402.4,194.1,267.0,19.67,1.846
648,402.4,193.6,267.0,19.67,1.846
648,402.4,193.2,267.0,19.67,1.846
648,402.4,192.7,267.0,19.67,1.846
648,402.4,192.3,267.0,19.67,1.846
648,402.4,191.9,267.0,19.35,1.846
648,402.4,191.4,267.0,19.35,1.732
648,402.4,191.0,267.0,19.35,1.732
648,402.4,190.5,267.0,19.35,1.732
648,402.4,193.0,267.0,19.67,1.732
648,402.4,192.6,267.0,19.67,1.846
648,402.4,192.1,267.0,19.67,1.846
648,402.4,194.6,267.0,19.67,1.846
648,402.4,194.2,267.0,19.67,1.846
648,402.4,193.8,267.0,19.67,1.846
648,402.4,193.3,267.0,19.67,1.846
648,402.4,192.9,267.0,19.67,1.846
648,402.4,192.4,267.0,19.67,1.846
648,402.4,192.0,267.0,19.35,1.846
648,402.4,191.5,267.0,19.35,1.732
648,402.4,191.1,267.0,19.35,1.732
648,402.4,190.7,267.0,19.35,1.732
648,402.4,193.2,267.0,19.67,1.732
648,402.4,192.7,267.0,19.67,1.846
648,402.4,192.3,267.0,19.67,1.846
648,402.4,191.8,267.0,19.35,1.846
648,402.4,191.4,267.0,19.35,1.732
648,402.4,190.9,267.0,19.35,1.732
648,402.4,190.5,267.0,19.35,1.732
648,402.4,193.0,267.0,19.67,1.732
648,402.4,192.6,267.0,19.67,1.846
648,402.4,192.1,267.0,19.67,1.846
648,402.4,194.6,267.0,19.67,1.846
648,402.4,194.2,267.0,19.67,1.846
648,402.4,193.7,267.0,19.67,1.846
648,402.4,193.3,267.0,19.67,1.846
648,402.4,192.8,267.0,19.67,1.846
648,402.4,192.4,267.0,19.67,1.846
648,402.4,192.0,267.0,19.35,1.846
648,402.4,191.5,267.0,19.35,1.732
648,402.4,191.1,267.0,19.35,1.732
648,402.4,190.6,267.0,19.35,1.732
648,402.4,193.1,267.0,19.67,1.732
648,402.4,192.7,267.0,19.67,1.846
648,402.4,192.2,267.0,19.67,1.846
648,402.4,191.8,267.0,19.35,1.846
648,402.4,191.4,267.0,19.35,1.732
648,402.4,190.9,267.0,19.35,1.732
648,402.4,190.5,267.0,19.35,1.732
648,402.4,193.0,267.0,19.67,1.732
648,402.4,192.5,267.0,19.67,1.846
648,402.4,192.1,267.0,19.67,1.846
648,402.4,194.6,267.0,19.67,1.846
648,402.4,194.2,267.0,19.67,1.846
648,402.4,193.7,267.0,19.67,1.846
648,402.4,193.3,267.0,19.67,1.846
648,402.4,192.8,267.0,19.67,1.846
648,402.4,192.4,267.0,19.67,1.846
648,402.4,191.9,267.0,19.35,1.846
648,402.4,191.5,267.0,19.35,1.732
648,402.4,191.0,267.0,19.35,1.732
648,402.4,190.6,267.0,19.35,1.732
648,402.4,193.1,267.0,19.67,1.732
648,402.4,192.7,267.0,19.67,1.846
648,402.4,192.2,267.0,19.67,1.846
648,402.4,194.7,267.0,19.67,1.846
648,402.4,194.3,267.0,19.67,1.846
648,402.4,193.8,267.0,19.67,1.846
648,402.4,193.4,267.0,19.67,1.846
648,402.4,192.9,267.0,19.67,1.846
648,402.4,192.5,267.0,19.67,1.846
648,402.4,192.1,267.0,19.67,1.846
648,402.4,194.6,267.0,19.67,1.846
648,402.4,194.1,267.0,19.67,1.846
648,402.4,193.7,267.0,19.67,1.846
648,402.4,193.2,267.0,19.67,1.846
648,402.4,192.8,267.0,19.67,1.846
648,402.4,192.3,267.0,19.67,1.846
648,402.4,191.9,267.0,19.35,1.846
648,402.4,191.5,267.0,19.35,1.732
648,402.4,191.0,267.0,19.35,1.732
654,398.0,149.6,259.9,21.29,0.827
654,398.0,152.6,254.9,21.29,0.733
654,398.0,155.6,249.8,21.91,0.733
654,398.0,159.6,244.1,19.54,0.559
654,398.0,163.6,238.3,20.34,0.881
654,398.0,165.7,233.2,20.34,0.685
654,398.0,167.9,228.2,20.34,0.685
654,398.0,169.3,223.9,20.13,0.685
654,398.0,170.8,219.6,20.13,0.572
654,398.0,172.3,215.2,20.26,0.572
654,398.0,173.3,210.4,20.26,0.616
654,398.0,174.3,205.6,20.26,0.616
654,398.0,174.9,200.4,20.35,0.616
654,398.0,175.5,195.2,20.35,0.655
654,398.0,176.1,190.0,20.42,0.655
654,398.0,176.5,184.5,20.42,0.687
654,398.0,176.9,179.0,20.46,0.687
654,398.0,177.1,173.2,20.46,0.732
654,398.0,177.3,167.3,20.48,0.732
654,398.0,177.4,161.3,20.48,0.749
654,398.0,177.5,155.3,20.49,0.749
654,398.0,177.5,149.2,20.49,0.764
654,398.0,177.6,143.1,20.50,0.764
654,398.0,177.6,136.9,20.50,0.778
654,398.0,177.6,130.6,20.53,0.778
654,398.0,177.6,124.3,20.53,0.789
654,398.0,177.5,118.0,20.53,0.789
654,398.0,177.4,111.5,20.53,0.810
654,398.0,177.3,105.0,20.54,0.810
654,398.0,177.2,98.5,20.54,0.817
654,398.0,177.0,91.9,20.55,0.817
654,398.0,176.9,85.4,20.55,0.823
654,398.0,176.7,78.8,20.55,0.823
654,398.0,176.5,72.2,20.55,0.824
654,398.0,176.3,65.6,20.56,0.824
654,398.0,176.1,59.1,20.56,0.819
654,398.0,175.8,52.9,20.56,0.772
654,398.0,175.5,46.7,20.57,0.772
654,398.0,175.1,41.0,20.57,0.719
654,398.0,174.7,35.3,20.57,0.719
654,398.0,174.2,30.2,20.57,0.635
654,398.0,173.7,25.1,20.57,0.635
654,398.0,173.1,21.1,20.56,0.635
654,398.0,172.5,17.2,20.56,0.505
654,398.0,171.9,13.2,20.56,0.505
654,398.0,171.1,10.4,20.61,0.505
654,398.0,170.3,7.7,20.61,0.354
654,398.0,169.6,5.0,20.61,0.354
654,398.0,168.8,3.0,20.61,0.354
654,398.0,168.0,3.0,20.61,0.354
654,398.0,166.5,3.0,20.80,0.354
654,398.0,164.9,3.0,20.80,0.373
654,398.0,163.4,3.0,20.80,0.373
654,398.0,161.9,3.0,20.80,0.373
654,398.0,160.3,3.0,20.80,0.373
654,398.0,158.8,3.0,20.80,0.373
654,398.0,157.3,3.0,20.80,0.373
654,398.0,155.8,3.0,21.03,0.373
654,398.0,153.5,3.0,21.03,0.392
654,398.0,151.3,3.0,21.03,0.392
654,398.0,149.1,3.0,21.03,0.392
654,398.0,146.9,3.0,21.03,0.392
654,398.0,144.6,3.0,21.03,0.392
654,398.0,141.9,3.0,21.26,0.392
654,398.0,139.1,3.0,21.26,0.413
654,398.0,136.4,3.0,21.26,0.413
654,398.0,133.6,3.0,21.26,0.413
654,398.0,130.8,3.0,21.57,0.413
654,398.0,127.7,3.0,21.57,0.431
654,398.0,124.6,3.0,21.57,0.431
654,398.0,121.5,3.0,21.57,0.431
654,398.0,118.0,3.0,21.82,0.431
654,398.0,114.6,3.0,21.82,0.447
654,398.0,111.1,3.0,21.82,0.447
654,398.0,107.7,3.0,21.96,0.447
654,398.0,104.2,3.0,21.96,0.445
654,398.0,100.8,3.0,21.96,0.445
654,398.0,97.3,3.0,21.96,0.445
654,398.0,93.8,3.0,22.09,0.445
654,398.0,90.4,3.0,22.09,0.438
654,398.0,87.0,3.0,22.09,0.438
654,398.0,83.5,3.0,22.21,0.438
654,398.0,80.1,3.0,22.21,0.428
654,398.0,76.8,3.0,22.21,0.428
654,398.0,73.4,3.0,22.21,0.428
654,398.0,70.1,3.0,22.35,0.428
654,398.0,66.8,3.0,22.35,0.415
654,398.0,63.5,3.0,22.35,0.415
654,398.0,60.2,3.0,22.35,0.415
654,398.0,57.2,3.0,22.47,0.415
654,398.0,54.1,3.0,22.47,0.381
654,398.0,51.1,3.0,22.47,0.381
654,398.0,48.1,3.0,22.47,0.381
654,398.0,45.2,3.0,22.53,0.381
654,398.0,42.4,3.0,22.53,0.356
654,398.0,39.5,3.0,22.53,0.356
654,398.0,36.7,3.0,22.53,0.356
654,398.0,34.1,3.0,22.57,0.356
654,398.0,31.6,3.1,22.57,0.321
654,398.0,29.0,3.1,22.57,0.321
654,398.0,26.4,3.2,22.57,0.321
654,398.0,23.9,3.3,22.60,0.321
654,398.0,21.8,3.6,22.60,0.262
654,398.0,19.8,4.0,22.60,0.262
654,398.0,17.7,4.4,22.60,0.262
654,398.0,15.6,4.8,22.60,0.262
654,398.0,13.6,5.1,22.60,0.262
654,398.0,11.5,5.5,22.70,0.262
654,398.0,10.1,6.4,22.70,0.213
654,398.0,8.6,7.3,22.70,0.213
654,398.0,7.1,8.2,22.70,0.213
654,398.0,5.7,9.1,22.70,0.213
654,398.0,4.2,10.0,22.70,0.213
654,398.0,3.0,10.8,22.70,0.213
654,398.0,3.0,11.7,22.70,0.213
654,398.0,3.0,13.2,22.83,0.213
654,398.0,3.0,14.6,22.83,0.205
654,398.0,3.0,16.0,22.83,0.205
654,398.0,3.0,17.4,22.83,0.205
654,398.0,3.0,18.8,22.83,0.205
654,398.0,3.0,20.2,22.83,0.205
654,398.0,3.0,21.6,22.83,0.205
654,398.0,3.0,23.0,22.83,0.205
654,398.0,3.0,24.4,22.92,0.205
654,398.0,3.0,26.1,22.92,0.214
654,398.0,3.0,27.7,22.92,0.214
654,398.0,3.0,29.3,22.92,0.214
654,398.0,3.0,31.0,22.92,0.214
654,398.0,3.0,32.6,22.92,0.214
654,398.0,3.0,34.2,22.92,0.214
654,398.0,3.0,35.9,22.92,0.214
654,398.0,3.0,37.5,23.00,0.214
654,398.0,3.0,39.2,23.00,0.213
654,398.0,3.0,40.9,23.00,0.213
654,398.0,3.0,42.6,23.00,0.213
654,398.0,3.0,44.2,23.00,0.213
654,398.0,3.0,45.9,23.00,0.213
654,398.0,3.0,47.6,23.00,0.213
654,398.0,3.0,49.2,23.07,0.213
654,398.0,3.0,50.9,23.07,0.205
654,398.0,3.0,52.5,23.07,0.205
654,398.0,3.0,54.1,23.07,0.205
654,398.0,3.0,55.8,23.07,0.205
654,398.0,3.0,57.4,23.07,0.205
654,398.0,3.0,59.0,23.07,0.205
654,398.0,3.0,60.6,23.16,0.205
654,398.0,3.0,62.1,23.16,0.181
654,398.0,3.0,63.5,23.16,0.181
654,398.0,3.0,65.0,23.16,0.181
654,398.0,3.0,66.4,23.16,0.181
654,398.0,3.0,67.9,23.16,0.181
654,398.0,3.0,69.3,23.16,0.181
654,398.0,3.0,70.8,23.16,0.181
654,398.0,3.0,72.2,23.25,0.181
654,398.0,3.0,73.6,23.25,0.169
654,398.0,3.0,74.9,23.25,0.169
654,398.0,3.0,76.2,23.25,0.169
654,398.0,3.0,77.6,23.25,0.169
654,398.0,3.0,79.0,23.25,0.169
654,398.0,3.0,80.3,23.25,0.169
660,417.3,154.7,259.8,21.28,0.826
660,416.3,159.3,252.3,18.53,0.737
660,415.5,163.2,246.5,19.62,1.107
660,414.8,167.0,240.8,19.62,0.876
660,414.2,169.0,237.3,20.14,0.876
660,413.7,171.0,233.8,20.14,0.503
660,413.1,173.0,230.4,20.14,0.503
660,412.6,174.9,226.9,20.31,0.503
660,412.2,176.1,222.7,20.31,0.543
660,411.8,177.3,218.6,20.31,0.543
660,411.3,178.4,214.4,20.42,0.543
660,411.0,179.1,209.7,20.42,0.592
660,410.7,179.8,205.0,20.42,0.592
660,410.5,179.6,200.7,20.49,0.592
660,410.2,179.9,195.7,20.49,0.633
660,410.0,179.8,191.4,20.55,0.633
660,409.8,179.9,186.1,20.55,0.664
660,409.6,180.1,180.8,20.47,0.664
660,409.5,179.9,175.1,20.59,0.593
660,409.3,179.8,169.5,20.59,0.707
660,409.2,179.7,163.7,20.61,0.707
660,409.1,179.5,157.9,20.61,0.723
660,409.0,179.3,152.0,20.63,0.723
660,408.9,179.0,146.1,20.63,0.737
660,408.8,178.8,140.2,20.65,0.737
660,408.7,178.5,134.2,20.65,0.748
660,408.6,178.2,128.1,20.68,0.748
660,408.6,178.0,122.1,20.68,0.758
660,408.5,177.6,115.9,20.70,0.758
660,408.4,177.3,109.7,20.70,0.776
660,408.3,176.9,103.4,20.71,0.776
660,408.3,176.6,97.2,20.71,0.782
660,408.2,176.2,90.9,20.73,0.782
660,408.2,175.8,84.6,20.73,0.787
660,408.2,175.4,78.3,20.73,0.787
660,408.2,175.0,72.0,20.73,0.788
660,408.2,174.6,65.8,20.74,0.788
660,408.3,174.1,59.5,20.73,0.783
660,408.5,173.7,53.6,20.73,0.740
660,408.7,173.2,47.7,20.72,0.740
660,409.1,172.6,42.2,20.72,0.690
660,409.5,172.1,36.8,20.72,0.690
660,410.0,171.5,31.9,20.71,0.690
660,410.6,170.8,27.1,20.71,0.611
660,411.2,170.2,22.3,20.68,0.611
660,412.0,169.5,18.6,20.68,0.490
660,412.8,168.8,14.8,20.68,0.490
660,413.6,168.1,11.0,20.69,0.490
660,414.8,166.5,8.6,20.84,0.367
660,416.0,165.0,6.2,20.84,0.388
660,417.1,163.4,3.8,20.84,0.388
660,418.3,161.9,3.0,20.84,0.388
660,419.5,160.3,3.0,20.84,0.388
660,422.5,158.8,3.0,21.07,0.388
660,425.5,157.2,3.0,21.07,0.470
660,428.5,155.6,3.0,21.22,0.470
660,431.3,153.5,3.0,21.22,0.480
660,434.7,151.5,3.0,21.43,0.480
660,438.1,149.5,3.0,21.43,0.513
660,441.5,147.6,3.0,21.43,0.513
660,444.9,145.6,3.0,21.55,0.513
660,448.6,143.7,3.0,21.65,0.530
660,452.1,141.5,3.0,21.65,0.526
660,455.6,139.3,3.0,21.65,0.526
660,459.3,137.3,3.0,21.73,0.526
660,463.0,135.3,3.0,21.73,0.528
660,466.6,133.3,3.0,21.73,0.528
660,470.3,131.4,3.0,21.92,0.528
660,473.8,129.3,3.0,21.92,0.514
660,477.3,127.2,3.0,21.92,0.514
660,480.8,125.1,3.0,22.00,0.514
660,484.3,123.3,3.0,22.00,0.490
660,487.8,121.5,3.0,22.00,0.490
660,491.2,119.7,3.0,22.10,0.490
660,494.4,117.7,3.0,22.16,0.474
660,497.5,115.7,3.0,22.16,0.463
660,500.6,113.7,3.0,22.16,0.463
660,503.7,111.7,3.0,22.16,0.463
660,506.8,109.9,3.0,22.21,0.463
660,509.9,108.0,3.0,22.21,0.450
660,512.8,106.0,3.0,22.26,0.450
660,515.8,104.1,3.0,22.26,0.444
660,518.7,102.2,3.0,22.30,0.444
660,521.6,100.4,3.0,22.30,0.432
660,524.5,98.5,3.0,22.30,0.432
660,527.5,96.7,3.0,22.30,0.432
660,530.2,94.8,3.0,22.38,0.432
660,533.0,93.0,3.0,22.38,0.415
660,535.8,91.2,3.0,22.38,0.415
660,538.6,89.4,3.0,22.38,0.415
660,541.2,87.7,3.0,22.45,0.415
660,543.9,86.1,3.0,22.45,0.393
660,546.6,84.5,3.0,22.45,0.393
660,549.2,82.8,3.0,22.48,0.393
660,551.8,81.1,3.0,22.48,0.389
660,554.4,79.5,3.0,22.54,0.389
660,557.0,77.9,3.0,22.54,0.379
660,559.5,76.2,3.0,22.54,0.379
660,562.1,74.7,3.0,22.54,0.379
660,564.7,73.0,3.0,22.58,0.379
660,567.2,71.5,3.0,22.62,0.368
660,569.7,70.0,3.0,22.62,0.366
660,572.1,68.4,3.0,22.62,0.366
660,574.6,66.8,3.0,22.62,0.366
660,577.1,65.2,3.0,22.65,0.366
660,579.5,63.7,3.0,22.65,0.356
660,581.9,62.3,3.0,22.65,0.356
660,584.4,60.8,3.0,22.65,0.356
660,586.8,59.3,3.0,22.70,0.356
660,589.1,58.0,3.1,22.74,0.352
660,591.4,56.6,3.1,22.74,0.335
660,593.7,55.3,3.2,22.74,0.335
660,596.1,53.9,3.3,22.74,0.335
660,598.4,52.6,3.4,22.74,0.335
660,600.7,51.2,3.4,22.79,0.335
660,603.0,49.9,3.5,22.79,0.326
660,605.2,48.6,3.6,22.79,0.326
660,607.5,47.4,3.6,22.81,0.326
660,609.8,46.1,3.8,22.81,0.327
660,612.1,44.9,3.9,22.85,0.327
660,614.4,43.7,4.0,22.85,0.319
660,616.6,42.5,4.1,22.85,0.319
660,618.9,41.4,4.2,22.85,0.319
660,621.2,40.2,4.3,22.85,0.319
660,623.4,39.0,4.5,22.85,0.319
660,625.6,37.9,4.6,22.88,0.319
660,627.9,36.8,4.7,22.88,0.310
660,630.1,35.7,4.8,22.90,0.310
660,632.3,34.6,5.0,22.90,0.314
660,634.6,33.6,5.1,22.90,0.314
660,636.9,32.6,5.3,22.93,0.314
660,639.1,31.6,5.5,22.93,0.306
660,641.4,30.6,5.7,22.93,0.306
660,643.6,29.6,5.8,22.93,0.306
660,645.9,28.6,6.0,22.93,0.306
660,648.1,27.7,6.2,23.00,0.306
660,650.3,26.7,6.3,23.00,0.298
660,652.5,25.8,6.5,23.00,0.298
660,654.7,24.9,6.7,23.00,0.298
660,656.9,23.9,6.9,22.99,0.298
660,659.2,23.2,7.1,22.99,0.307
660,661.6,22.7,7.5,23.15,0.307
660,664.0,22.2,7.9,23.15,0.312
660,666.5,21.8,8.3,23.15,0.312
660,668.9,21.3,8.7,23.15,0.312
660,671.3,20.8,9.1,23.15,0.312
660,673.7,20.4,9.4,23.20,0.312
660,676.0,19.9,9.8,23.20,0.305
660,678.4,19.5,10.2,23.20,0.305
660,680.8,19.0,10.6,23.20,0.305
660,683.1,18.6,10.9,23.20,0.305
660,685.5,18.1,11.3,23.23,0.305
660,687.8,17.7,11.7,23.23,0.297
660,690.1,17.3,12.0,23.09,0.297
660,692.2,17.0,12.6,23.09,0.282
660,694.4,16.7,13.2,23.09,0.282
660,696.5,16.4,13.8,23.11,0.282
660,698.7,16.2,14.3,23.11,0.274
660,700.8,15.9,14.9,23.11,0.274
660,702.8,15.6,15.5,23.11,0.274
666,370.9,238.8,262.7,22.00,0.506
666,374.5,233.0,262.7,20.31,0.815
666,378.1,227.2,262.6,20.31,0.851
666,383.1,222.0,267.0,20.28,0.976
666,386.0,216.8,267.0,19.57,1.169
666,388.9,213.6,267.0,19.69,1.248
666,391.8,210.4,267.0,19.69,1.592
666,394.6,207.2,267.0,19.69,1.592
666,394.6,203.9,267.0,19.56,1.592
666,394.6,203.5,267.0,19.56,1.704
666,394.6,203.0,267.0,19.56,1.704
666,394.6,202.6,267.0,19.56,1.704
666,394.6,202.2,267.0,19.56,1.704
666,394.6,201.7,267.0,19.56,1.704
666,394.6,201.3,267.0,19.56,1.704
666,394.6,200.8,267.0,19.56,1.704
666,394.6,200.4,267.0,19.56,1.704
666,394.6,199.9,267.0,19.56,1.704
666,394.6,199.5,267.0,19.56,1.704
666,394.6,199.0,267.0,19.56,1.704
666,394.6,198.6,267.0,19.56,1.704
666,394.6,198.2,267.0,19.56,1.704
666,394.6,197.7,267.0,19.56,1.704
666,394.6,197.3,267.0,19.56,1.704
666,394.6,196.8,267.0,19.56,1.704
666,394.6,196.4,267.0,19.56,1.704
666,394.6,195.9,267.0,19.56,1.704
666,394.6,195.5,267.0,19.56,1.704
666,394.6,195.1,267.0,19.56,1.704
666,394.6,194.6,267.0,19.56,1.704
666,394.6,194.2,267.0,19.56,1.704
666,394.6,193.7,267.0,19.56,1.704
666,394.6,193.3,267.0,19.56,1.704
666,394.6,192.8,267.0,19.56,1.704
666,394.6,192.4,267.0,19.56,1.704
666,394.6,191.9,267.0,19.60,1.704
666,394.6,191.5,267.0,19.60,1.623
666,394.6,191.1,267.0,19.60,1.623
666,394.6,190.6,267.0,19.60,1.623
666,394.6,193.1,267.0,19.56,1.623
666,394.6,192.7,267.0,19.56,1.704
666,394.6,192.2,267.0,19.56,1.704
666,394.6,191.8,267.0,19.60,1.704
666,394.6,191.3,267.0,19.60,1.623
666,394.6,190.9,267.0,19.60,1.623
666,394.6,190.5,267.0,19.60,1.623
666,394.6,193.0,267.0,19.56,1.623
666,394.6,192.5,267.0,19.56,1.704
666,394.6,192.1,267.0,19.56,1.704
666,394.6,194.6,267.0,19.56,1.704
666,394.6,194.1,267.0,19.56,1.704
666,394.6,193.7,267.0,19.56,1.704
666,394.6,193.3,267.0,19.56,1.704
666,394.6,192.8,267.0,19.56,1.704
666,394.6,192.4,267.0,19.56,1.704
666,394.6,191.9,267.0,19.60,1.704
666,394.6,191.5,267.0,19.60,1.623
666,394.6,191.0,267.0,19.60,1.623
666,394.6,190.6,267.0,19.60,1.623
666,394.6,193.1,267.0,19.56,1.623
666,394.6,192.7,267.0,19.56,1.704
666,394.6,192.2,267.0,19.56,1.704
666,394.6,194.7,267.0,19.56,1.704
666,394.6,194.3,267.0,19.56,1.704
666,394.6,193.8,267.0,19.56,1.704
666,394.6,193.4,267.0,19.56,1.704
666,394.6,192.9,267.0,19.56,1.704
666,394.6,192.5,267.0,19.56,1.704
666,394.6,192.1,267.0,19.56,1.704
666,394.6,194.6,267.0,19.56,1.704
666,394.6,194.1,267.0,19.56,1.704
666,394.6,193.7,267.0,19.56,1.704
666,394.6,193.2,267.0,19.56,1.704
666,394.6,192.8,267.0,19.56,1.704
666,394.6,192.3,267.0,19.56,1.704
666,394.6,191.9,267.0,19.60,1.704
666,394.6,191.5,267.0,19.60,1.623
666,394.6,191.0,267.0,19.60,1.623
666,394.6,190.6,267.0,19.60,1.623
666,394.6,193.1,267.0,19.56,1.623
666,394.6,192.6,267.0,19.56,1.704
666,394.6,192.2,267.0,19.56,1.704
666,394.6,194.7,267.0,19.56,1.704
666,394.6,194.2,267.0,19.56,1.704
666,394.6,193.8,267.0,19.56,1.704
666,394.6,193.4,267.0,19.56,1.704
666,394.6,192.9,267.0,19.56,1.704
666,394.6,192.5,267.0,19.56,1.704
666,394.6,192.0,267.0,19.56,1.704
666,394.6,194.5,267.0,19.56,1.704
666,394.6,194.1,267.0,19.56,1.704
666,394.6,193.6,267.0,19.56,1.704
666,394.6,193.2,267.0,19.56,1.704
666,394.6,192.8,267.0,19.56,1.704
666,394.6,192.3,267.0,19.56,1.704
666,394.6,191.9,267.0,19.60,1.704
666,394.6,191.4,267.0,19.60,1.623
666,394.6,191.0,267.0,19.60,1.623
666,394.6,190.5,267.0,19.60,1.623
666,394.6,193.0,267.0,19.56,1.623
666,394.6,192.6,267.0,19.56,1.704
666,394.6,192.2,267.0,19.56,1.704
666,394.6,194.7,267.0,19.56,1.704
666,394.6,194.2,267.0,19.56,1.704
666,394.6,193.8,267.0,19.56,1.704
666,394.6,193.3,267.0,19.56,1.704
666,394.6,192.9,267.0,19.56,1.704
666,394.6,192.4,267.0,19.56,1.704
666,394.6,192.0,267.0,19.56,1.704
666,394.6,194.5,267.0,19.56,1.704
666,394.6,194.1,267.0,19.56,1.704
666,394.6,193.6,267.0,19.56,1.704
666,394.6,193.2,267.0,19.56,1.704
666,394.6,192.7,267.0,19.56,1.704
666,394.6,192.3,267.0,19.56,1.704
666,394.6,191.8,267.0,19.60,1.704
666,394.6,191.4,267.0,19.60,1.623
666,394.6,191.0,267.0,19.60,1.623
666,394.6,190.5,267.0,19.60,1.623
666,394.6,193.0,267.0,19.56,1.623
666,394.6,192.6,267.0,19.56,1.704
666,394.6,192.1,267.0,19.56,1.704
666,394.6,194.6,267.0,19.56,1.704
666,394.6,194.2,267.0,19.56,1.704
666,394.6,193.8,267.0,19.56,1.704
666,394.6,193.3,267.0,19.56,1.704
666,394.6,192.9,267.0,19.56,1.704
666,394.6,192.4,267.0,19.56,1.704
666,394.6,192.0,267.0,19.60,1.704
666,394.6,191.5,267.0,19.60,1.623
666,394.6,191.1,267.0,19.60,1.623
666,394.6,190.6,267.0,19.60,1.623
666,394.6,193.2,267.0,19.56,1.623
666,394.6,192.7,267.0,19.56,1.704
666,394.6,192.3,267.0,19.56,1.704
666,394.6,191.8,267.0,19.60,1.704
666,394.6,191.4,267.0,19.60,1.623
666,394.6,190.9,267.0,19.60,1.623
666,394.6,190.5,267.0,19.60,1.623
666,394.6,193.0,267.0,19.56,1.623
666,394.6,192.6,267.0,19.56,1.704
666,394.6,192.1,267.0,19.56,1.704
666,394.6,194.6,267.0,19.56,1.704
666,394.6,194.2,267.0,19.56,1.704
666,394.6,193.7,267.0,19.56,1.704
666,394.6,193.3,267.0,19.56,1.704
666,394.6,192.8,267.0,19.56,1.704
666,394.6,192.4,267.0,19.56,1.704
666,394.6,191.9,267.0,19.60,1.704
666,394.6,191.5,267.0,19.60,1.623
666,394.6,191.1,267.0,19.60,1.623
666,394.6,190.6,267.0,19.60,1.623
666,394.6,193.1,267.0,19.56,1.623
666,394.6,192.7,267.0,19.56,1.704
666,394.6,192.2,267.0,19.56,1.704
666,394.6,194.7,267.0,19.56,1.704
666,394.6,194.3,267.0,19.56,1.704
666,394.6,193.8,267.0,19.56,1.704
666,394.6,193.4,267.0,19.56,1.704
666,394.6,193.0,267.0,19.56,1.704
672,405.3,150.6,259.9,21.29,0.827
672,405.3,153.6,254.9,21.29,0.733
672,405.3,156.5,249.8,19.54,0.733
672,405.3,160.6,244.1,19.54,0.881
672,405.3,164.6,238.3,20.34,0.881
672,405.3,166.8,233.2,20.34,0.685
672,405.3,168.9,228.2,19.92,0.685
672,405.3,170.4,223.9,20.13,0.539
672,405.3,171.8,219.6,20.13,0.572
672,405.3,173.3,215.2,20.26,0.572
672,405.3,174.3,210.4,20.26,0.616
672,405.3,175.3,205.6,20.26,0.616
672,405.3,175.9,200.4,20.35,0.616
672,405.3,176.5,195.2,20.35,0.655
672,405.3,177.1,190.0,20.42,0.655
672,405.3,177.5,184.5,20.42,0.687
672,405.3,178.0,179.0,20.46,0.687
672,405.3,178.1,173.2,20.46,0.732
672,405.3,178.3,167.3,20.48,0.732
672,405.3,178.4,161.3,20.48,0.749
672,405.3,178.5,155.3,20.49,0.749
672,405.3,178.5,149.2,20.49,0.764
672,405.3,178.6,143.1,20.50,0.764
672,405.3,178.6,136.9,20.50,0.778
672,405.3,178.6,130.6,20.53,0.778
672,405.3,178.6,124.3,20.53,0.789
672,405.3,178.5,118.0,20.53,0.789
672,405.3,178.4,111.5,20.53,0.810
672,405.3,178.3,105.0,20.54,0.810
672,405.3,178.2,98.5,20.54,0.817
672,405.3,178.1,91.9,20.55,0.817
672,405.3,177.9,85.4,20.55,0.823
672,405.3,177.7,78.8,20.55,0.823
672,405.3,177.5,72.2,20.55,0.824
672,405.3,177.3,65.6,20.56,0.824
672,405.3,177.1,59.1,20.56,0.819
672,405.3,176.8,52.9,20.56,0.772
672,405.3,176.5,46.7,20.57,0.772
672,405.3,176.1,41.0,20.57,0.719
672,405.3,175.7,35.3,20.57,0.719
672,405.3,175.2,30.2,20.57,0.635
672,405.3,174.8,25.1,20.57,0.635
672,405.3,174.1,21.1,20.56,0.635
672,405.3,173.5,17.2,20.56,0.505
672,405.3,172.9,13.2,20.56,0.505
672,405.3,172.1,10.4,20.61,0.505
672,405.3,171.3,7.7,20.61,0.354
672,405.3,170.6,5.0,20.61,0.354
672,405.3,169.8,3.0,20.61,0.354
672,405.3,169.0,3.0,20.61,0.354
672,405.3,168.2,3.0,20.61,0.354
672,405.3,166.7,3.0,20.80,0.354
672,405.3,165.2,3.0,20.80,0.373
672,405.3,163.6,3.0,20.80,0.373
672,405.3,162.1,3.0,20.80,0.373
672,405.3,160.6,3.0,20.80,0.373
672,405.3,159.1,3.0,20.80,0.373
672,405.3,157.5,3.0,20.80,0.373
672,405.3,156.0,3.0,21.03,0.373
672,405.3,153.8,3.0,21.03,0.392
672,405.3,151.5,3.0,21.03,0.392
672,405.3,149.3,3.0,21.03,0.392
672,405.3,147.1,3.0,21.03,0.392
672,405.3,144.9,3.0,21.03,0.392
672,405.3,142.1,3.0,21.26,0.392
672,405.3,139.3,3.0,21.26,0.413
672,405.3,136.6,3.0,21.26,0.413
672,405.3,133.8,3.0,21.26,0.413
672,405.3,131.1,3.0,21.57,0.413
672,405.3,127.9,3.0,21.57,0.431
672,405.3,124.8,3.0,21.57,0.431
672,405.3,121.7,3.0,21.57,0.431
672,405.3,118.6,3.0,21.82,0.431
672,405.3,115.1,3.0,21.82,0.447
672,405.3,111.7,3.0,21.82,0.447
672,405.3,108.2,3.0,21.82,0.447
672,405.3,104.8,3.0,21.96,0.447
672,405.3,101.3,3.0,21.96,0.445
672,405.3,97.8,3.0,21.96,0.445
672,405.3,94.4,3.0,22.09,0.445
672,405.3,90.9,3.0,22.09,0.438
672,405.3,87.5,3.0,22.09,0.438
672,405.3,84.0,3.0,22.09,0.438
672,405.3,80.7,3.0,22.21,0.438
672,405.3,77.3,3.0,22.21,0.428
672,405.3,73.9,3.0,22.21,0.428
672,405.3,70.5,3.0,22.35,0.428
672,405.3,67.2,3.0,22.35,0.415
672,405.3,63.9,3.0,22.35,0.415
672,405.3,60.6,3.0,22.35,0.415
672,405.3,57.6,3.0,22.47,0.415
672,405.3,54.6,3.0,22.47,0.381
672,405.3,51.5,3.0,22.47,0.381
672,405.3,48.5,3.0,22.47,0.381
672,405.3,45.7,3.0,22.53,0.381
672,405.3,42.8,3.0,22.53,0.356
672,405.3,40.0,3.0,22.53,0.356
672,405.3,37.1,3.0,22.53,0.356
672,405.3,34.5,3.0,22.57,0.356
672,405.3,32.0,3.1,22.57,0.321
672,405.3,29.4,3.1,22.57,0.321
672,405.3,26.9,3.2,22.57,0.321
672,405.3,24.3,3.3,22.57,0.321
672,405.3,22.2,3.6,22.60,0.321
672,405.3,20.2,4.0,22.60,0.262
672,405.3,18.1,4.4,22.60,0.262
672,405.3,16.1,4.8,22.60,0.262
672,405.3,14.0,5.1,22.60,0.262
672,405.3,11.9,5.5,22.70,0.262
672,405.3,10.5,6.4,22.70,0.213
672,405.3,9.0,7.3,22.70,0.213
672,405.3,7.6,8.2,22.70,0.213
672,405.3,6.1,9.1,22.70,0.213
672,405.3,4.7,10.0,22.70,0.213
672,405.3,3.2,10.8,22.70,0.213
672,405.3,3.0,11.7,22.70,0.213
672,405.3,3.0,13.2,22.83,0.213
672,405.3,3.0,14.6,22.83,0.205
672,405.3,3.0,16.0,22.83,0.205
672,405.3,3.0,17.4,22.83,0.205
672,405.3,3.0,18.8,22.83,0.205
672,405.3,3.0,20.2,22.83,0.205
672,405.3,3.0,21.6,22.83,0.205
672,405.3,3.0,23.0,22.83,0.205
672,405.3,3.0,24.4,22.92,0.205
672,405.3,3.0,26.1,22.92,0.214
672,405.3,3.0,27.7,22.92,0.214
672,405.3,3.0,29.3,22.92,0.214
672,405.3,3.0,31.0,22.92,0.214
672,405.3,3.0,32.6,22.92,0.214
672,405.3,3.0,34.2,22.92,0.214
672,405.3,3.0,35.9,22.92,0.214
672,405.3,3.0,37.5,23.00,0.214
672,405.3,3.0,39.2,23.00,0.213
672,405.3,3.0,40.9,23.00,0.213
672,405.3,3.0,42.6,23.00,0.213
672,405.3,3.0,44.2,23.00,0.213
672,405.3,3.0,45.9,23.00,0.213
672,405.3,3.0,47.6,23.00,0.213
672,405.3,3.0,49.2,23.07,0.213
672,405.3,3.0,50.9,23.07,0.205
672,405.3,3.0,52.5,23.07,0.205
672,405.3,3.0,54.1,23.07,0.205
672,405.3,3.0,55.8,23.07,0.205
672,405.3,3.0,57.4,23.07,0.205
672,405.3,3.0,59.0,23.07,0.205
672,405.3,3.0,60.6,23.16,0.205
672,405.3,3.0,62.1,23.16,0.181
672,405.3,3.0,63.5,23.16,0.181
672,405.3,3.0,65.0,23.16,0.181
672,405.3,3.0,66.4,23.16,0.181
672,405.3,3.0,67.9,23.16,0.181
672,405.3,3.0,69.3,23.16,0.181
672,405.3,3.0,70.8,23.16,0.181
672,405.3,3.0,72.2,23.25,0.181
672,405.3,3.0,73.6,23.25,0.169
672,405.3,3.0,74.9,23.25,0.169
672,405.3,3.0,76.2,23.25,0.169
672,405.3,3.0,77.6,23.25,0.169
672,405.3,3.0,79.0,23.25,0.169
678,404.5,167.8,257.4,18.34,1.292
678,404.5,173.8,257.0,18.68,1.120
678,404.5,179.8,256.6,18.68,0.754
678,404.5,182.2,267.0,19.35,0.754
678,404.5,184.7,267.0,19.35,1.732
678,404.5,187.2,267.0,19.35,1.732
678,404.5,189.7,267.0,19.35,1.732
678,404.5,192.2,267.0,19.67,1.732
678,404.5,194.7,267.0,19.67,1.846
678,404.5,194.2,267.0,19.67,1.846
678,404.5,193.8,267.0,19.67,1.846
678,404.5,193.4,267.0,19.67,1.846
678,404.5,192.9,267.0,19.67,1.846
678,404.5,192.5,267.0,19.67,1.846
678,404.5,192.0,267.0,19.67,1.846
678,404.5,194.5,267.0,19.67,1.846
678,404.5,194.1,267.0,19.67,1.846
678,404.5,193.7,267.0,19.67,1.846
678,404.5,193.2,267.0,19.67,1.846
678,404.5,192.8,267.0,19.67,1.846
678,404.5,192.3,267.0,19.67,1.846
678,404.5,191.9,267.0,19.35,1.846
678,404.5,191.4,267.0,19.35,1.732
678,404.5,191.0,267.0,19.35,1.732
678,404.5,190.5,267.0,19.35,1.732
678,404.5,193.1,267.0,19.67,1.732
678,404.5,192.6,267.0,19.67,1.846
678,404.5,192.2,267.0,19.67,1.846
678,404.5,194.7,267.0,19.67,1.846
678,404.5,194.2,267.0,19.67,1.846
678,404.5,193.8,267.0,19.67,1.846
678,404.5,193.3,267.0,19.67,1.846
678,404.5,192.9,267.0,19.67,1.846
678,404.5,192.5,267.0,19.67,1.846
678,404.5,192.0,267.0,19.67,1.846
678,404.5,194.5,267.0,19.67,1.846
678,404.5,194.1,267.0,19.67,1.846
678,404.5,193.6,267.0,19.67,1.846
678,404.5,193.2,267.0,19.67,1.846
678,404.5,192.7,267.0,19.67,1.846
678,404.5,192.3,267.0,19.67,1.846
678,404.5,191.9,267.0,19.35,1.846
678,404.5,191.4,267.0,19.35,1.732
678,404.5,191.0,267.0,19.35,1.732
678,404.5,190.5,267.0,19.35,1.732
678,404.5,193.0,267.0,19.67,1.732
678,404.5,192.6,267.0,19.67,1.846
678,404.5,192.1,267.0,19.67,1.846
678,404.5,194.6,267.0,19.67,1.846
678,404.5,194.2,267.0,19.67,1.846
678,404.5,193.8,267.0,19.67,1.846
678,404.5,193.3,267.0,19.67,1.846
678,404.5,192.9,267.0,19.67,1.846
678,404.5,192.4,267.0,19.67,1.846
678,404.5,192.0,267.0,19.35,1.846
678,404.5,191.5,267.0,19.35,1.732
678,404.5,191.1,267.0,19.35,1.732
678,404.5,190.7,267.0,19.35,1.732
678,404.5,193.2,267.0,19.67,1.732
678,404.5,192.7,267.0,19.67,1.846
678,404.5,192.3,267.0,19.67,1.846
678,404.5,191.8,267.0,19.35,1.846
678,404.5,191.4,267.0,19.35,1.732
678,404.5,190.9,267.0,19.35,1.732
678,404.5,190.5,267.0,19.35,1.732
678,404.5,193.0,267.0,19.67,1.732
678,404.5,192.6,267.0,19.67,1.846
678,404.5,192.1,267.0,19.67,1.846
678,404.5,194.6,267.0,19.67,1.846
678,404.5,194.2,267.0,19.67,1.846
678,404.5,193.7,267.0,19.67,1.846
678,404.5,193.3,267.0,19.67,1.846
678,404.5,192.8,267.0,19.67,1.846
678,404.5,192.4,267.0,19.67,1.846
678,404.5,191.9,267.0,19.35,1.846
678,404.5,191.5,267.0,19.35,1.732
678,404.5,191.1,267.0,19.35,1.732
678,404.5,190.6,267.0,19.35,1.732
678,404.5,193.1,267.0,19.67,1.732
678,404.5,192.7,267.0,19.67,1.846
678,404.5,192.2,267.0,19.67,1.846
678,404.5,191.8,267.0,19.35,1.846
678,404.5,191.3,267.0,19.35,1.732
678,404.5,190.9,267.0,19.35,1.732
678,404.5,190.5,267.0,19.35,1.732
678,404.5,193.0,267.0,19.67,1.732
678,404.5,192.5,267.0,19.67,1.846
678,404.5,192.1,267.0,19.67,1.846
678,404.5,194.6,267.0,19.67,1.846
678,404.5,194.1,267.0,19.67,1.846
678,404.5,193.7,267.0,19.67,1.846
678,404.5,193.2,267.0,19.67,1.846
678,404.5,192.8,267.0,19.67,1.846
678,404.5,192.4,267.0,19.67,1.846
678,404.5,191.9,267.0,19.35,1.846
678,404.5,191.5,267.0,19.35,1.732
678,404.5,191.0,267.0,19.35,1.732
678,404.5,190.6,267.0,19.35,1.732
678,404.5,193.1,267.0,19.67,1.732
678,404.5,192.7,267.0,19.67,1.846
678,404.5,192.2,267.0,19.67,1.846
678,404.5,194.7,267.0,19.67,1.846
678,404.5,194.3,267.0,19.67,1.846
678,404.5,193.8,267.0,19.67,1.846
678,404.5,193.4,267.0,19.67,1.846
678,404.5,192.9,267.0,19.67,1.846
678,404.5,192.5,267.0,19.67,1.846
678,404.5,192.1,267.0,19.67,1.846
678,404.5,194.6,267.0,19.67,1.846
678,404.5,194.1,267.0,19.67,1.846
678,404.5,193.7,267.0,19.67,1.846
678,404.5,193.2,267.0,19.67,1.846
678,404.5,192.8,267.0,19.67,1.846
678,404.5,192.3,267.0,19.67,1.846
678,404.5,191.9,267.0,19.35,1.846
678,404.5,191.5,267.0,19.35,1.732
678,404.5,191.0,267.0,19.35,1.732
678,404.5,190.6,267.0,19.35,1.732
678,404.5,193.1,267.0,19.67,1.732
678,404.5,192.6,267.0,19.67,1.846
678,404.5,192.2,267.0,19.67,1.846
678,404.5,194.7,267.0,19.67,1.846
678,404.5,194.2,267.0,19.67,1.846
678,404.5,193.8,267.0,19.67,1.846
678,404.5,193.3,267.0,19.67,1.846
678,404.5,192.9,267.0,19.67,1.846
678,404.5,192.5,267.0,19.67,1.846
678,404.5,192.0,267.0,19.67,1.846
678,404.5,194.5,267.0,19.67,1.846
678,404.5,194.1,267.0,19.67,1.846
678,404.5,193.6,267.0,19.67,1.846
678,404.5,193.2,267.0,19.67,1.846
678,404.5,192.8,267.0,19.67,1.846
678,404.5,192.3,267.0,19.67,1.846
678,404.5,191.9,267.0,19.35,1.846
678,404.5,191.4,267.0,19.35,1.732
678,404.5,191.0,267.0,19.35,1.732
678,404.5,190.5,267.0,19.35,1.732
678,404.5,193.0,267.0,19.67,1.732
678,404.5,192.6,267.0,19.67,1.846
678,404.5,192.2,267.0,19.67,1.846
678,404.5,194.7,267.0,19.67,1.846
678,404.5,194.2,267.0,19.67,1.846
678,404.5,193.8,267.0,19.67,1.846
678,404.5,193.3,267.0,19.67,1.846
678,404.5,192.9,267.0,19.67,1.846
678,404.5,192.4,267.0,19.67,1.846
678,404.5,192.0,267.0,19.67,1.846
678,404.5,191.6,267.0,19.35,1.732
678,404.5,191.1,267.0,19.35,1.732
678,404.5,190.7,267.0,19.35,1.732
678,404.5,193.2,267.0,19.67,1.732
678,404.5,192.7,267.0,19.67,1.846
678,404.5,192.3,267.0,19.67,1.846
678,404.5,191.8,267.0,19.35,1.846
678,404.5,191.4,267.0,19.35,1.732
678,404.5,190.9,267.0,19.35,1.732
678,404.5,190.5,267.0,19.35,1.732
678,404.5,193.0,267.0,19.67,1.732
678,404.5,192.6,267.0,19.67,1.846
684,367.5,204.8,264.6,18.58,0.892
684,374.1,204.4,264.1,19.64,0.892
684,379.1,203.9,267.0,19.15,1.261
684,384.1,203.4,267.0,19.56,1.261
684,387.0,202.9,267.0,19.56,1.704
684,390.0,202.5,267.0,19.56,1.704
684,392.9,202.0,267.0,19.56,1.704
684,395.8,201.5,267.0,19.56,1.704
684,395.8,201.1,267.0,19.56,1.704
684,395.8,200.6,267.0,19.56,1.704
684,395.8,200.2,267.0,19.56,1.704
684,395.8,199.7,267.0,19.56,1.704
684,395.8,199.3,267.0,19.56,1.704
684,395.8,198.8,267.0,19.56,1.704
684,395.8,198.4,267.0,19.56,1.704
684,395.8,198.0,267.0,19.56,1.704
684,395.8,197.5,267.0,19.56,1.704
684,395.8,197.1,267.0,19.56,1.704
684,395.8,196.6,267.0,19.56,1.704
684,395.8,196.2,267.0,19.56,1.704
684,395.8,195.7,267.0,19.56,1.704
684,395.8,195.3,267.0,19.56,1.704
684,395.8,194.8,267.0,19.56,1.704
684,395.8,194.4,267.0,19.56,1.704
684,395.8,194.0,267.0,19.56,1.704
684,395.8,193.5,267.0,19.56,1.704
684,395.8,193.1,267.0,19.56,1.704
684,395.8,192.6,267.0,19.56,1.704
684,395.8,192.2,267.0,19.56,1.704
684,395.8,194.7,267.0,19.56,1.704
684,395.8,194.2,267.0,19.56,1.704
684,395.8,193.8,267.0,19.56,1.704
684,395.8,193.4,267.0,19.56,1.704
684,395.8,192.9,267.0,19.56,1.704
684,395.8,192.5,267.0,19.56,1.704
684,395.8,192.0,267.0,19.56,1.704
684,395.8,194.5,267.0,19.56,1.704
684,395.8,194.1,267.0,19.56,1.704
684,395.8,193.7,267.0,19.56,1.704
684,395.8,193.2,267.0,19.56,1.704
684,395.8,192.8,267.0,19.56,1.704
684,395.8,192.3,267.0,19.56,1.704
684,395.8,191.9,267.0,19.60,1.704
684,395.8,191.4,267.0,19.60,1.623
684,395.8,191.0,267.0,19.60,1.623
684,395.8,190.6,267.0,19.60,1.623
684,395.8,193.1,267.0,19.56,1.623
684,395.8,192.6,267.0,19.56,1.704
684,395.8,192.2,267.0,19.56,1.704
684,395.8,194.7,267.0,19.56,1.704
684,395.8,194.2,267.0,19.56,1.704
684,395.8,193.8,267.0,19.56,1.704
684,395.8,193.3,267.0,19.56,1.704
684,395.8,192.9,267.0,19.56,1.704
684,395.8,192.5,267.0,19.56,1.704
684,395.8,192.0,267.0,19.56,1.704
684,395.8,194.5,267.0,19.56,1.704
684,395.8,194.1,267.0,19.56,1.704
684,395.8,193.6,267.0,19.56,1.704
684,395.8,193.2,267.0,19.56,1.704
684,395.8,192.7,267.0,19.56,1.704
684,395.8,192.3,267.0,19.56,1.704
684,395.8,191.9,267.0,19.60,1.704
684,395.8,191.4,267.0,19.60,1.623
684,395.8,191.0,267.0,19.60,1.623
684,395.8,190.5,267.0,19.60,1.623
684,395.8,193.0,267.0,19.56,1.623
684,395.8,192.6,267.0,19.56,1.704
684,395.8,192.1,267.0,19.56,1.704
684,395.8,194.6,267.0,19.56,1.704
684,395.8,194.2,267.0,19.56,1.704
684,395.8,193.8,267.0,19.56,1.704
684,395.8,193.3,267.0,19.56,1.704
684,395.8,192.9,267.0,19.56,1.704
684,395.8,192.4,267.0,19.56,1.704
684,395.8,192.0,267.0,19.60,1.704
684,395.8,191.5,267.0,19.60,1.623
684,395.8,191.1,267.0,19.60,1.623
684,395.8,190.7,267.0,19.60,1.623
684,395.8,193.2,267.0,19.56,1.623
684,395.8,192.7,267.0,19.56,1.704
684,395.8,192.3,267.0,19.56,1.704
684,395.8,191.8,267.0,19.60,1.704
684,395.8,191.4,267.0,19.60,1.623
684,395.8,190.9,267.0,19.60,1.623
684,395.8,190.5,267.0,19.60,1.623
684,395.8,193.0,267.0,19.56,1.623
684,395.8,192.6,267.0,19.56,1.704
684,395.8,192.1,267.0,19.56,1.704
684,395.8,194.6,267.0,19.56,1.704
684,395.8,194.2,267.0,19.56,1.704
684,395.8,193.7,267.0,19.56,1.704
684,395.8,193.3,267.0,19.56,1.704
684,395.8,192.8,267.0,19.56,1.704
684,395.8,192.4,267.0,19.56,1.704
684,395.8,191.9,267.0,19.60,1.704
684,395.8,191.5,267.0,19.60,1.623
684,395.8,191.1,267.0,19.60,1.623
684,395.8,190.6,267.0,19.60,1.623
684,395.8,193.1,267.0,19.56,1.623
684,395.8,192.7,267.0,19.56,1.704
684,395.8,192.2,267.0,19.56,1.704
684,395.8,191.8,267.0,19.60,1.704
684,395.8,191.3,267.0,19.60,1.623
684,395.8,190.9,267.0,19.60,1.623
684,395.8,190.5,267.0,19.60,1.623
684,395.8,193.0,267.0,19.56,1.623
684,395.8,192.5,267.0,19.56,1.704
684,395.8,192.1,267.0,19.56,1.704
684,395.8,194.6,267.0,19.56,1.704
684,395.8,194.1,267.0,19.56,1.704
684,395.8,193.7,267.0,19.56,1.704
684,395.8,193.3,267.0,19.56,1.704
684,395.8,192.8,267.0,19.56,1.704
684,395.8,192.4,267.0,19.56,1.704
684,395.8,191.9,267.0,19.60,1.704
684,395.8,191.5,267.0,19.60,1.623
684,395.8,191.0,267.0,19.60,1.623
684,395.8,190.6,267.0,19.60,1.623
684,395.8,193.1,267.0,19.56,1.623
684,395.8,192.7,267.0,19.56,1.704
684,395.8,192.2,267.0,19.56,1.704
684,395.8,194.7,267.0,19.56,1.704
684,395.8,194.3,267.0,19.56,1.704
684,395.8,193.8,267.0,19.56,1.704
684,395.8,193.4,267.0,19.56,1.704
684,395.8,192.9,267.0,19.56,1.704
684,395.8,192.5,267.0,19.56,1.704
684,395.8,192.1,267.0,19.56,1.704
684,395.8,194.6,267.0,19.56,1.704
684,395.8,194.1,267.0,19.56,1.704
684,395.8,193.7,267.0,19.56,1.704
684,395.8,193.2,267.0,19.56,1.704
684,395.8,192.8,267.0,19.56,1.704
684,395.8,192.3,267.0,19.56,1.704
684,395.8,191.9,267.0,19.60,1.704
684,395.8,191.5,267.0,19.60,1.623
684,395.8,191.0,267.0,19.60,1.623
684,395.8,190.6,267.0,19.60,1.623
684,395.8,193.1,267.0,19.56,1.623
684,395.8,192.6,267.0,19.56,1.704
684,395.8,192.2,267.0,19.56,1.704
684,395.8,194.7,267.0,19.56,1.704
684,395.8,194.2,267.0,19.56,1.704
684,395.8,193.8,267.0,19.56,1.704
684,395.8,193.4,267.0,19.56,1.704
684,395.8,192.9,267.0,19.56,1.704
684,395.8,192.5,267.0,19.56,1.704
684,395.8,192.0,267.0,19.56,1.704
684,395.8,194.5,267.0,19.56,1.704
684,395.8,194.1,267.0,19.56,1.704
684,395.8,193.6,267.0,19.56,1.704
684,395.8,193.2,267.0,19.56,1.704
684,395.8,192.8,267.0,19.56,1.704
684,395.8,192.3,267.0,19.56,1.704
684,395.8,191.9,267.0,19.60,1.704
684,395.8,191.4,267.0,19.60,1.623
684,395.8,191.0,267.0,19.60,1.623
684,395.8,190.5,267.0,19.60,1.623
684,395.8,193.0,267.0,19.56,1.623
690,416.8,242.6,260.0,20.06,0.835
690,416.5,239.4,255.0,19.15,0.739
690,414.6,233.1,254.5,19.15,0.826
690,412.6,226.8,254.0,19.65,0.826
690,410.2,221.8,260.0,19.65,1.020
690,407.8,216.8,266.0,19.15,1.020
690,407.8,213.6,267.0,19.58,1.247
690,407.8,210.3,267.0,19.58,1.685
690,407.8,207.1,267.0,19.58,1.685
690,407.8,203.9,267.0,19.67,1.685
690,407.8,203.4,267.0,19.67,1.846
690,407.8,203.0,267.0,19.67,1.846
690,407.8,202.5,267.0,19.67,1.846
690,407.8,202.1,267.0,19.67,1.846
690,407.8,201.6,267.0,19.67,1.846
690,407.8,201.2,267.0,19.67,1.846
690,407.8,200.7,267.0,19.67,1.846
690,407.8,200.3,267.0,19.67,1.846
690,407.8,199.9,267.0,19.67,1.846
690,407.8,199.4,267.0,19.67,1.846
690,407.8,199.0,267.0,19.67,1.846
690,407.8,198.5,267.0,19.67,1.846
690,407.8,198.1,267.0,19.67,1.846
690,407.8,197.7,267.0,19.67,1.846
690,407.8,197.2,267.0,19.67,1.846
690,407.8,196.8,267.0,19.67,1.846
690,407.8,196.3,267.0,19.67,1.846
690,407.8,195.9,267.0,19.67,1.846
690,407.8,195.4,267.0,19.67,1.846
690,407.8,195.0,267.0,19.67,1.846
690,407.8,194.6,267.0,19.67,1.846
690,407.8,194.1,267.0,19.67,1.846
690,407.8,193.7,267.0,19.67,1.846
690,407.8,193.2,267.0,19.67,1.846
690,407.8,192.8,267.0,19.67,1.846
690,407.8,192.3,267.0,19.67,1.846
690,407.8,191.9,267.0,19.35,1.846
690,407.8,191.5,267.0,19.35,1.732
690,407.8,191.0,267.0,19.35,1.732
690,407.8,190.6,267.0,19.35,1.732
690,407.8,193.1,267.0,19.67,1.732
690,407.8,192.6,267.0,19.67,1.846
690,407.8,192.2,267.0,19.67,1.846
690,407.8,194.7,267.0,19.67,1.846
690,407.8,194.2,267.0,19.67,1.846
690,407.8,193.8,267.0,19.67,1.846
690,407.8,193.3,267.0,19.67,1.846
690,407.8,192.9,267.0,19.67,1.846
690,407.8,192.5,267.0,19.67,1.846
690,407.8,192.0,267.0,19.67,1.846
690,407.8,194.5,267.0,19.67,1.846
690,407.8,194.1,267.0,19.67,1.846
690,407.8,193.6,267.0,19.67,1.846
690,407.8,193.2,267.0,19.67,1.846
690,407.8,192.8,267.0,19.67,1.846
690,407.8,192.3,267.0,19.67,1.846
690,407.8,191.9,267.0,19.35,1.846
690,407.8,191.4,267.0,19.35,1.732
690,407.8,191.0,267.0,19.35,1.732
690,407.8,190.5,267.0,19.35,1.732
690,407.8,193.0,267.0,19.67,1.732
690,407.8,192.6,267.0,19.67,1.846
690,407.8,192.2,267.0,19.67,1.846
690,407.8,194.6,267.0,19.67,1.846
690,407.8,194.2,267.0,19.67,1.846
690,407.8,193.8,267.0,19.67,1.846
690,407.8,193.3,267.0,19.67,1.846
690,407.8,192.9,267.0,19.67,1.846
690,407.8,192.4,267.0,19.67,1.846
690,407.8,192.0,267.0,19.35,1.846
690,407.8,191.6,267.0,19.35,1.732
690,407.8,191.1,267.0,19.35,1.732
690,407.8,190.7,267.0,19.35,1.732
690,407.8,193.2,267.0,19.67,1.732
690,407.8,192.7,267.0,19.67,1.846
690,407.8,192.3,267.0,19.67,1.846
690,407.8,191.8,267.0,19.35,1.846
690,407.8,191.4,267.0,19.35,1.732
690,407.8,190.9,267.0,19.35,1.732
690,407.8,190.5,267.0,19.35,1.732
690,407.8,193.0,267.0,19.67,1.732
690,407.8,192.6,267.0,19.67,1.846
690,407.8,192.1,267.0,19.67,1.846
690,407.8,194.6,267.0,19.67,1.846
690,407.8,194.2,267.0,19.67,1.846
690,407.8,193.7,267.0,19.67,1.846
690,407.8,193.3,267.0,19.67,1.846
690,407.8,192.9,267.0,19.67,1.846
690,407.8,192.4,267.0,19.67,1.846
690,407.8,192.0,267.0,19.35,1.846
690,407.8,191.5,267.0,19.35,1.732
690,407.8,191.1,267.0,19.35,1.732
690,407.8,190.6,267.0,19.35,1.732
690,407.8,193.1,267.0,19.67,1.732
690,407.8,192.7,267.0,19.67,1.846
690,407.8,192.2,267.0,19.67,1.846
690,407.8,191.8,267.0,19.35,1.846
690,407.8,191.4,267.0,19.35,1.732
690,407.8,190.9,267.0,19.35,1.732
690,407.8,190.5,267.0,19.35,1.732
690,407.8,193.0,267.0,19.67,1.732
690,407.8,192.5,267.0,19.67,1.846
690,407.8,192.1,267.0,19.67,1.846
690,407.8,194.6,267.0,19.67,1.846
690,407.8,194.2,267.0,19.67,1.846
690,407.8,193.7,267.0,19.67,1.846
690,407.8,193.3,267.0,19.67,1.846
690,407.8,192.8,267.0,19.67,1.846
690,407.8,192.4,267.0,19.67,1.846
690,407.8,191.9,267.0,19.35,1.846
690,407.8,191.5,267.0,19.35,1.732
690,407.8,191.1,267.0,19.35,1.732
690,407.8,190.6,267.0,19.35,1.732
690,407.8,193.1,267.0,19.67,1.732
690,407.8,192.7,267.0,19.67,1.846
690,407.8,192.2,267.0,19.67,1.846
690,407.8,191.8,267.0,19.35,1.846
690,407.8,191.3,267.0,19.35,1.732
690,407.8,190.9,267.0,19.35,1.732
690,407.8,190.5,267.0,19.35,1.732
690,407.8,192.9,267.0,19.67,1.732
690,407.8,192.5,267.0,19.67,1.846
690,407.8,192.1,267.0,19.67,1.846
690,407.8,194.6,267.0,19.67,1.846
690,407.8,194.1,267.0,19.67,1.846
690,407.8,193.7,267.0,19.67,1.846
690,407.8,193.2,267.0,19.67,1.846
690,407.8,192.8,267.0,19.67,1.846
690,407.8,192.3,267.0,19.67,1.846
690,407.8,191.9,267.0,19.35,1.846
690,407.8,191.5,267.0,19.35,1.732
690,407.8,191.0,267.0,19.35,1.732
690,407.8,190.6,267.0,19.35,1.732
690,407.8,193.1,267.0,19.67,1.732
690,407.8,192.6,267.0,19.67,1.846
690,407.8,192.2,267.0,19.67,1.846
690,407.8,194.7,267.0,19.67,1.846
690,407.8,194.3,267.0,19.67,1.846
690,407.8,193.8,267.0,19.67,1.846
690,407.8,193.4,267.0,19.67,1.846
690,407.8,192.9,267.0,19.67,1.846
690,407.8,192.5,267.0,19.67,1.846
690,407.8,192.0,267.0,19.67,1.846
690,407.8,194.5,267.0,19.67,1.846
690,407.8,194.1,267.0,19.67,1.846
690,407.8,193.7,267.0,19.67,1.846
690,407.8,193.2,267.0,19.67,1.846
690,407.8,192.8,267.0,19.67,1.846
690,407.8,192.3,267.0,19.67,1.846
690,407.8,191.9,267.0,19.35,1.846
690,407.8,191.4,267.0,19.35,1.732
690,407.8,191.0,267.0,19.35,1.732
690,407.8,190.6,267.0,19.35,1.732
690,407.8,193.1,267.0,19.67,1.732
690,407.8,192.6,267.0,19.67,1.846
690,407.8,192.2,267.0,19.67,1.846
690,407.8,194.7,267.0,19.67,1.846
690,407.8,194.2,267.0,19.67,1.846
690,407.8,193.8,267.0,19.67,1.846
690,407.8,193.3,267.0,19.67,1.846
696,375.4,161.0,258.1,19.25,1.188
696,377.3,165.0,251.3,20.12,1.025
696,378.5,168.3,245.9,20.59,0.804
696,380.8,171.9,245.4,20.59,0.535
696,383.0,175.5,244.9,20.59,0.535
696,384.3,180.1,243.8,19.93,0.535
696,386.5,181.6,248.3,19.93,0.654
696,388.6,183.2,252.8,19.65,0.654
696,391.3,185.4,262.2,19.65,1.252
696,394.2,187.8,267.0,19.60,1.252
696,397.1,190.3,267.0,19.35,1.623
696,397.1,192.8,267.0,19.67,1.732
696,397.1,192.3,267.0,19.67,1.846
696,397.1,191.9,267.0,19.35,1.846
696,397.1,191.5,267.0,19.35,1.732
696,397.1,191.0,267.0,19.35,1.732
696,397.1,190.6,267.0,19.35,1.732
696,397.1,193.1,267.0,19.67,1.732
696,397.1,192.6,267.0,19.67,1.846
696,397.1,192.2,267.0,19.67,1.846
696,397.1,194.7,267.0,19.67,1.846
696,397.1,194.2,267.0,19.67,1.846
696,397.1,193.8,267.0,19.67,1.846
696,397.1,193.3,267.0,19.67,1.846
696,397.1,192.9,267.0,19.67,1.846
696,397.1,192.5,267.0,19.67,1.846
696,397.1,192.0,267.0,19.67,1.846
696,397.1,194.5,267.0,19.67,1.846
696,397.1,194.1,267.0,19.67,1.846
696,397.1,193.6,267.0,19.67,1.846
696,397.1,193.2,267.0,19.67,1.846
696,397.1,192.8,267.0,19.67,1.846
696,397.1,192.3,267.0,19.67,1.846
696,397.1,191.9,267.0,19.35,1.846
696,397.1,191.4,267.0,19.35,1.732
696,397.1,191.0,267.0,19.35,1.732
696,397.1,190.5,267.0,19.35,1.732
696,397.1,193.0,267.0,19.67,1.732
696,397.1,192.6,267.0,19.67,1.846
696,397.1,192.2,267.0,19.67,1.846
696,397.1,194.6,267.0,19.67,1.846
696,397.1,194.2,267.0,19.67,1.846
696,397.1,193.8,267.0,19.67,1.846
696,397.1,193.3,267.0,19.67,1.846
696,397.1,192.9,267.0,19.67,1.846
696,397.1,192.4,267.0,19.67,1.846
696,397.1,192.0,267.0,19.35,1.846
696,397.1,191.6,267.0,19.35,1.732
696,397.1,191.1,267.0,19.35,1.732
696,397.1,190.7,267.0,19.35,1.732
696,397.1,193.2,267.0,19.67,1.732
696,397.1,192.7,267.0,19.67,1.846
696,397.1,192.3,267.0,19.67,1.846
696,397.1,191.8,267.0,19.35,1.846
696,397.1,191.4,267.0,19.35,1.732
696,397.1,190.9,267.0,19.35,1.732
696,397.1,190.5,267.0,19.35,1.732
696,397.1,193.0,267.0,19.67,1.732
696,397.1,192.6,267.0,19.67,1.846
696,397.1,192.1,267.0,19.67,1.846
696,397.1,194.6,267.0,19.67,1.846
696,397.1,194.2,267.0,19.67,1.846
696,397.1,193.7,267.0,19.67,1.846
696,397.1,193.3,267.0,19.67,1.846
696,397.1,192.9,267.0,19.67,1.846
696,397.1,192.4,267.0,19.67,1.846
696,397.1,192.0,267.0,19.35,1.846
696,397.1,191.5,267.0,19.35,1.732
696,397.1,191.1,267.0,19.35,1.732
696,397.1,190.6,267.0,19.35,1.732
696,397.1,193.1,267.0,19.67,1.732
696,397.1,192.7,267.0,19.67,1.846
696,397.1,192.2,267.0,19.67,1.846
696,397.1,191.8,267.0,19.35,1.846
696,397.1,191.4,267.0,19.35,1.732
696,397.1,190.9,267.0,19.35,1.732
696,397.1,190.5,267.0,19.35,1.732
696,397.1,193.0,267.0,19.67,1.732
696,397.1,192.5,267.0,19.67,1.846
696,397.1,192.1,267.0,19.67,1.846
696,397.1,194.6,267.0,19.67,1.846
696,397.1,194.2,267.0,19.67,1.846
696,397.1,193.7,267.0,19.67,1.846
696,397.1,193.3,267.0,19.67,1.846
696,397.1,192.8,267.0,19.67,1.846
696,397.1,192.4,267.0,19.67,1.846
696,397.1,191.9,267.0,19.35,1.846
696,397.1,191.5,267.0,19.35,1.732
696,397.1,191.1,267.0,19.35,1.732
696,397.1,190.6,267.0,19.35,1.732
696,397.1,193.1,267.0,19.67,1.732
696,397.1,192.7,267.0,19.67,1.846
696,397.1,192.2,267.0,19.67,1.846
696,397.1,191.8,267.0,19.35,1.846
696,397.1,191.3,267.0,19.35,1.732
696,397.1,190.9,267.0,19.35,1.732
696,397.1,190.5,267.0,19.35,1.732
696,397.1,193.0,267.0,19.67,1.732
696,397.1,192.5,267.0,19.67,1.846
696,397.1,192.1,267.0,19.67,1.846
696,397.1,194.6,267.0,19.67,1.846
696,397.1,194.1,267.0,19.67,1.846
696,397.1,193.7,267.0,19.67,1.846
696,397.1,193.2,267.0,19.67,1.846
696,397.1,192.8,267.0,19.67,1.846
696,397.1,192.4,267.0,19.67,1.846
696,397.1,191.9,267.0,19.35,1.846
696,397.1,191.5,267.0,19.35,1.732
696,397.1,191.0,267.0,19.35,1.732
696,397.1,190.6,267.0,19.35,1.732
696,397.1,193.1,267.0,19.67,1.732
696,397.1,192.6,267.0,19.67,1.846
696,397.1,192.2,267.0,19.67,1.846
696,397.1,194.7,267.0,19.67,1.846
696,397.1,194.3,267.0,19.67,1.846
696,397.1,193.8,267.0,19.67,1.846
696,397.1,193.4,267.0,19.67,1.846
696,397.1,192.9,267.0,19.67,1.846
696,397.1,192.5,267.0,19.67,1.846
696,397.1,192.0,267.0,19.67,1.846
696,397.1,194.6,267.0,19.67,1.846
696,397.1,194.1,267.0,19.67,1.846
696,397.1,193.7,267.0,19.67,1.846
696,397.1,193.2,267.0,19.67,1.846
696,397.1,192.8,267.0,19.67,1.846
696,397.1,192.3,267.0,19.67,1.846
696,397.1,191.9,267.0,19.35,1.846
696,397.1,191.4,267.0,19.35,1.732
696,397.1,191.0,267.0,19.35,1.732
696,397.1,190.6,267.0,19.35,1.732
696,397.1,193.1,267.0,19.67,1.732
696,397.1,192.6,267.0,19.67,1.846
696,397.1,192.2,267.0,19.67,1.846
696,397.1,194.7,267.0,19.67,1.846
696,397.1,194.2,267.0,19.67,1.846
696,397.1,193.8,267.0,19.67,1.846
696,397.1,193.3,267.0,19.67,1.846
696,397.1,192.9,267.0,19.67,1.846
696,397.1,192.5,267.0,19.67,1.846
696,397.1,192.0,267.0,19.67,1.846
696,397.1,194.5,267.0,19.67,1.846
696,397.1,194.1,267.0,19.67,1.846
696,397.1,193.6,267.0,19.67,1.846
696,397.1,193.2,267.0,19.67,1.846
696,397.1,192.8,267.0,19.67,1.846
696,397.1,192.3,267.0,19.67,1.846
696,397.1,191.9,267.0,19.35,1.846
696,397.1,191.4,267.0,19.35,1.732
696,397.1,191.0,267.0,19.35,1.732
696,397.1,190.5,267.0,19.35,1.732
696,397.1,193.0,267.0,19.67,1.732
696,397.1,192.6,267.0,19.67,1.846
696,397.1,192.2,267.0,19.67,1.846
696,397.1,194.6,267.0,19.67,1.846
696,397.1,194.2,267.0,19.67,1.846
696,397.1,193.8,267.0,19.67,1.846
696,397.1,193.3,267.0,19.67,1.846
696,397.1,192.9,267.0,19.67,1.846
696,397.1,192.4,267.0,19.67,1.846
696,397.1,192.0,267.0,19.35,1.846
702,445.4,215.6,260.0,21.47,0.804
702,442.4,214.8,255.0,18.61,0.736
702,438.2,213.9,249.4,19.88,1.115
702,434.0,212.9,243.9,19.88,0.876
702,429.8,212.0,238.4,20.53,0.876
702,427.4,211.2,235.3,20.53,0.502
702,424.9,210.4,232.2,20.53,0.502
702,422.5,209.6,229.2,20.53,0.502
702,420.8,208.9,225.6,20.76,0.502
702,419.2,208.2,221.9,20.57,0.501
702,418.8,207.3,219.5,20.57,0.338
702,418.3,206.3,217.0,20.57,0.338
702,418.1,205.6,213.5,20.66,0.338
702,417.9,204.8,210.1,20.66,0.440
702,417.7,204.1,206.7,20.66,0.440
702,417.3,203.7,203.2,20.53,0.440
702,417.0,203.4,199.1,20.53,0.521
702,416.8,203.1,194.9,20.53,0.521
702,416.6,202.8,190.8,20.59,0.521
702,416.5,202.4,186.2,20.59,0.577
702,416.4,202.1,181.6,20.59,0.577
702,416.4,201.7,176.4,20.64,0.577
702,416.4,201.4,171.3,20.64,0.643
702,416.4,201.1,166.2,20.67,0.643
702,416.4,200.7,160.9,20.67,0.664
702,416.4,200.4,155.6,20.70,0.664
702,416.4,200.0,150.1,20.70,0.681
702,416.5,199.6,144.7,20.70,0.681
702,416.5,199.3,139.1,20.73,0.681
702,416.6,198.9,133.6,20.73,0.695
702,416.6,198.5,128.0,20.78,0.695
702,416.7,198.1,122.3,20.78,0.707
702,416.8,197.7,116.5,20.83,0.707
702,416.8,197.3,110.8,20.83,0.723
702,416.9,196.9,105.0,20.86,0.723
702,417.0,196.5,99.1,20.86,0.729
702,417.1,196.1,93.3,20.90,0.729
702,417.2,195.6,87.5,20.90,0.732
702,417.3,195.2,81.7,20.93,0.732
702,417.4,194.8,75.8,20.93,0.731
702,417.5,194.4,70.0,20.97,0.731
702,417.6,194.1,64.2,20.97,0.724
702,417.8,193.7,58.4,20.99,0.724
702,418.0,193.6,53.0,20.99,0.680
702,418.3,193.4,47.6,20.99,0.680
702,418.7,193.4,42.5,20.99,0.631
702,419.0,193.5,37.5,20.99,0.631
702,419.6,193.8,33.1,20.97,0.631
702,420.1,194.1,28.7,21.45,0.555
702,421.4,194.1,25.1,21.45,0.473
702,423.3,194.5,22.4,21.32,0.473
702,425.2,194.9,19.6,21.32,0.424
702,427.1,195.3,16.8,21.32,0.424
702,429.0,195.7,14.1,21.32,0.424
702,430.9,196.1,11.3,21.11,0.424
702,434.2,197.0,9.8,21.40,0.426
702,437.5,197.8,8.4,21.40,0.461
702,440.8,198.7,6.9,21.40,0.461
702,444.0,199.6,5.5,21.58,0.461
702,447.6,200.3,4.4,21.58,0.480
702,451.2,201.0,3.3,21.58,0.480
702,454.8,201.8,3.0,21.58,0.480
702,458.5,202.4,3.0,21.73,0.480
702,462.2,203.0,3.0,21.73,0.481
702,466.0,203.7,3.0,21.73,0.481
702,469.7,204.3,3.0,21.96,0.481
702,473.1,205.3,3.0,21.96,0.451
702,476.5,206.3,3.0,21.96,0.451
702,479.9,207.3,3.0,21.96,0.451
702,483.1,208.0,3.0,22.11,0.413
702,486.3,208.8,3.0,22.11,0.413
702,489.5,209.6,3.0,22.11,0.413
702,492.7,210.3,3.0,22.24,0.413
702,495.8,211.0,3.0,22.24,0.393
702,498.8,211.6,3.0,22.24,0.393
702,501.9,212.3,3.0,22.24,0.393
702,504.9,213.0,3.0,22.31,0.393
702,507.9,213.5,3.0,22.31,0.373
702,510.8,214.1,3.0,22.31,0.373
702,513.7,214.7,3.0,22.31,0.373
702,516.6,215.3,3.0,22.39,0.373
702,519.4,215.8,3.0,22.39,0.355
702,522.1,216.5,3.0,22.44,0.355
702,524.7,217.3,3.0,22.44,0.343
702,527.4,218.0,3.0,22.44,0.343
702,529.9,218.6,3.0,22.51,0.343
702,532.4,219.3,3.0,22.51,0.327
702,534.9,219.9,3.0,22.51,0.327
702,537.5,220.6,3.0,22.51,0.327
702,540.0,221.2,3.0,22.60,0.327
702,542.3,221.7,3.0,22.60,0.296
702,544.6,222.2,3.0,22.60,0.296
702,546.9,222.8,3.0,22.60,0.296
702,549.2,223.3,3.0,22.60,0.296
702,551.6,223.8,3.0,22.60,0.296
702,553.8,224.2,3.0,22.69,0.296
702,556.0,224.7,3.0,22.69,0.281
702,558.2,225.1,3.0,22.69,0.281
702,560.4,225.6,3.0,22.69,0.281
702,562.6,226.0,3.0,22.69,0.281
702,564.8,226.5,3.0,22.75,0.281
702,566.9,226.9,3.0,22.75,0.268
702,569.0,227.3,3.0,22.75,0.268
702,571.1,227.7,3.0,22.75,0.268
702,573.2,228.1,3.0,22.79,0.268
702,575.2,228.6,3.0,22.79,0.261
702,577.1,229.2,3.0,22.87,0.261
702,578.9,229.7,3.0,22.87,0.238
702,580.7,230.2,3.0,22.87,0.238
702,582.6,230.7,3.0,22.87,0.238
702,584.4,231.2,3.0,22.87,0.238
702,586.2,231.7,3.0,22.87,0.238
702,588.1,232.2,3.0,22.94,0.238
702,589.8,232.6,3.0,22.94,0.221
702,591.5,233.0,3.0,22.94,0.221
702,593.2,233.5,3.0,22.94,0.221
702,594.9,233.9,3.0,22.94,0.221
702,596.6,234.3,3.0,22.94,0.221
702,598.4,234.7,3.0,22.94,0.221
702,600.1,235.1,3.0,22.99,0.221
702,601.8,235.4,3.0,22.99,0.215
702,603.5,235.8,3.0,22.99,0.215
702,605.2,236.1,3.0,22.99,0.215
702,606.9,236.4,3.0,22.99,0.215
702,608.5,236.7,3.0,22.99,0.215
702,610.2,237.0,3.0,22.99,0.215
702,611.9,237.3,3.0,22.99,0.215
702,613.5,237.7,3.0,23.06,0.196
702,615.0,238.0,3.0,23.06,0.196
702,616.5,238.4,3.0,23.06,0.196
702,618.1,238.8,3.0,23.06,0.196
702,619.6,239.1,3.0,23.06,0.196
702,621.1,239.5,3.0,23.06,0.196
702,622.6,239.8,3.0,23.06,0.196
702,624.2,240.2,3.0,23.16,0.196
702,625.5,240.6,3.0,23.16,0.180
702,626.9,241.0,3.0,23.16,0.180
702,628.3,241.4,3.0,23.16,0.180
702,629.7,241.8,3.0,23.16,0.180
702,631.1,242.2,3.0,23.16,0.180
702,632.4,242.6,3.0,23.16,0.180
702,633.8,243.0,3.0,23.16,0.180
702,635.2,243.4,3.0,23.16,0.180
702,636.5,243.7,3.0,23.21,0.180
702,637.9,244.1,3.0,23.21,0.174
702,639.3,244.4,3.0,23.21,0.174
702,640.6,244.7,3.0,23.21,0.174
702,642.0,245.0,3.0,23.21,0.174
702,643.3,245.3,3.0,23.21,0.174
702,644.7,245.7,3.0,23.21,0.174
702,646.0,246.0,3.0,23.21,0.174
702,647.4,246.3,3.0,23.21,0.174
702,648.7,246.6,3.0,23.26,0.174
702,650.0,247.0,3.0,23.26,0.168
702,651.3,247.4,3.0,23.26,0.168
702,652.6,247.7,3.0,23.26,0.168
702,653.9,248.1,3.0,23.26,0.168
702,655.1,248.4,3.0,23.26,0.168
702,656.4,248.8,3.0,23.26,0.168
702,657.7,249.1,3.0,23.26,0.168
708,383.5,180.0,265.1,20.42,0.969
708,386.4,182.4,267.0,19.60,0.969
708,389.3,184.9,267.0,19.60,1.623
708,392.2,187.3,267.0,19.60,1.623
708,395.1,189.8,267.0,19.60,1.623
708,395.1,192.3,267.0,19.56,1.623
708,395.1,191.8,267.0,19.60,1.704
708,395.1,191.4,267.0,19.60,1.623
708,395.1,190.9,267.0,19.60,1.623
708,395.1,190.5,267.0,19.60,1.623
708,395.1,193.0,267.0,19.56,1.623
708,395.1,192.6,267.0,19.56,1.704
708,395.1,192.1,267.0,19.56,1.704
708,395.1,194.6,267.0,19.56,1.704
708,395.1,194.2,267.0,19.56,1.704
708,395.1,193.7,267.0,19.56,1.704
708,395.1,193.3,267.0,19.56,1.704
708,395.1,192.8,267.0,19.56,1.704
708,395.1,192.4,267.0,19.56,1.704
708,395.1,191.9,267.0,19.60,1.704
708,395.1,191.5,267.0,19.60,1.623
708,395.1,191.1,267.0,19.60,1.623
708,395.1,190.6,267.0,19.60,1.623
708,395.1,193.1,267.0,19.56,1.623
708,395.1,192.7,267.0,19.56,1.704
708,395.1,192.2,267.0,19.56,1.704
708,395.1,194.7,267.0,19.56,1.704
708,395.1,194.3,267.0,19.56,1.704
708,395.1,193.8,267.0,19.56,1.704
708,395.1,193.4,267.0,19.56,1.704
708,395.1,193.0,267.0,19.56,1.704
708,395.1,192.5,267.0,19.56,1.704
708,395.1,192.1,267.0,19.56,1.704
708,395.1,194.6,267.0,19.56,1.704
708,395.1,194.1,267.0,19.56,1.704
708,395.1,193.7,267.0,19.56,1.704
708,395.1,193.2,267.0,19.56,1.704
708,395.1,192.8,267.0,19.56,1.704
708,395.1,192.4,267.0,19.56,1.704
708,395.1,191.9,267.0,19.60,1.704
708,395.1,191.5,267.0,19.60,1.623
708,395.1,191.0,267.0,19.60,1.623
708,395.1,190.6,267.0,19.60,1.623
708,395.1,193.1,267.0,19.56,1.623
708,395.1,192.7,267.0,19.56,1.704
708,395.1,192.2,267.0,19.56,1.704
708,395.1,194.7,267.0,19.56,1.704
708,395.1,194.3,267.0,19.56,1.704
708,395.1,193.8,267.0,19.56,1.704
708,395.1,193.4,267.0,19.56,1.704
708,395.1,192.9,267.0,19.56,1.704
708,395.1,192.5,267.0,19.56,1.704
708,395.1,192.1,267.0,19.56,1.704
708,395.1,194.6,267.0,19.56,1.704
708,395.1,194.1,267.0,19.56,1.704
708,395.1,193.7,267.0,19.56,1.704
708,395.1,193.2,267.0,19.56,1.704
708,395.1,192.8,267.0,19.56,1.704
708,395.1,192.3,267.0,19.56,1.704
708,395.1,191.9,267.0,19.60,1.704
708,395.1,191.5,267.0,19.60,1.623
708,395.1,191.0,267.0,19.60,1.623
708,395.1,190.6,267.0,19.60,1.623
708,395.1,193.1,267.0,19.56,1.623
708,395.1,192.6,267.0,19.56,1.704
708,395.1,192.2,267.0,19.56,1.704
708,395.1,194.7,267.0,19.56,1.704
708,395.1,194.2,267.0,19.56,1.704
708,395.1,193.8,267.0,19.56,1.704
708,395.1,193.4,267.0,19.56,1.704
708,395.1,192.9,267.0,19.56,1.704
708,395.1,192.5,267.0,19.56,1.704
708,395.1,192.0,267.0,19.56,1.704
708,395.1,194.5,267.0,19.56,1.704
708,395.1,194.1,267.0,19.56,1.704
708,395.1,193.6,267.0,19.56,1.704
708,395.1,193.2,267.0,19.56,1.704
708,395.1,192.8,267.0,19.56,1.704
708,395.1,192.3,267.0,19.56,1.704
708,395.1,191.9,267.0,19.60,1.704
708,395.1,191.4,267.0,19.60,1.623
708,395.1,191.0,267.0,19.60,1.623
708,395.1,190.5,267.0,19.60,1.623
708,395.1,193.0,267.0,19.56,1.623
708,395.1,192.6,267.0,19.56,1.704
708,395.1,192.2,267.0,19.56,1.704
708,395.1,194.7,267.0,19.56,1.704
708,395.1,194.2,267.0,19.56,1.704
708,395.1,193.8,267.0,19.56,1.704
708,395.1,193.3,267.0,19.56,1.704
708,395.1,192.9,267.0,19.56,1.704
708,395.1,192.4,267.0,19.56,1.704
708,395.1,192.0,267.0,19.56,1.704
708,395.1,191.6,267.0,19.60,1.623
708,395.1,191.1,267.0,19.60,1.623
708,395.1,190.7,267.0,19.60,1.623
708,395.1,193.2,267.0,19.56,1.623
708,395.1,192.7,267.0,19.56,1.704
708,395.1,192.3,267.0,19.56,1.704
708,395.1,191.8,267.0,19.60,1.704
708,395.1,191.4,267.0,19.60,1.623
708,395.1,191.0,267.0,19.60,1.623
708,395.1,190.5,267.0,19.60,1.623
708,395.1,193.0,267.0,19.56,1.623
708,395.1,192.6,267.0,19.56,1.704
708,395.1,192.1,267.0,19.56,1.704
708,395.1,194.6,267.0,19.56,1.704
708,395.1,194.2,267.0,19.56,1.704
708,395.1,193.7,267.0,19.56,1.704
708,395.1,193.3,267.0,19.56,1.704
708,395.1,192.9,267.0,19.56,1.704
708,395.1,192.4,267.0,19.56,1.704
708,395.1,192.0,267.0,19.60,1.704
708,395.1,191.5,267.0,19.60,1.623
708,395.1,191.1,267.0,19.60,1.623
708,395.1,190.6,267.0,19.60,1.623
708,395.1,193.1,267.0,19.56,1.623
708,395.1,192.7,267.0,19.56,1.704
708,395.1,192.3,267.0,19.56,1.704
708,395.1,191.8,267.0,19.60,1.704
708,395.1,191.4,267.0,19.60,1.623
708,395.1,190.9,267.0,19.60,1.623
708,395.1,190.5,267.0,19.60,1.623
708,395.1,193.0,267.0,19.56,1.623
708,395.1,192.5,267.0,19.56,1.704
708,395.1,192.1,267.0,19.56,1.704
708,395.1,194.6,267.0,19.56,1.704
708,395.1,194.2,267.0,19.56,1.704
708,395.1,193.7,267.0,19.56,1.704
708,395.1,193.3,267.0,19.56,1.704
708,395.1,192.8,267.0,19.56,1.704
708,395.1,192.4,267.0,19.56,1.704
708,395.1,191.9,267.0,19.60,1.704
708,395.1,191.5,267.0,19.60,1.623
708,395.1,191.1,267.0,19.60,1.623
708,395.1,190.6,267.0,19.60,1.623
708,395.1,193.1,267.0,19.56,1.623
708,395.1,192.7,267.0,19.56,1.704
708,395.1,192.2,267.0,19.56,1.704
708,395.1,194.7,267.0,19.56,1.704
708,395.1,194.3,267.0,19.56,1.704
708,395.1,193.8,267.0,19.56,1.704
708,395.1,193.4,267.0,19.56,1.704
708,395.1,193.0,267.0,19.56,1.704
708,395.1,192.5,267.0,19.56,1.704
708,395.1,192.1,267.0,19.56,1.704
708,395.1,194.6,267.0,19.56,1.704
708,395.1,194.1,267.0,19.56,1.704
708,395.1,193.7,267.0,19.56,1.704
708,395.1,193.2,267.0,19.56,1.704
708,395.1,192.8,267.0,19.56,1.704
708,395.1,192.4,267.0,19.56,1.704
708,395.1,191.9,267.0,19.60,1.704
708,395.1,191.5,267.0,19.60,1.623
708,395.1,191.0,267.0,19.60,1.623
708,395.1,190.6,267.0,19.60,1.623
708,395.1,193.1,267.0,19.56,1.623
708,395.1,192.7,267.0,19.56,1.704
708,395.1,192.2,267.0,19.56,1.704
708,395.1,194.7,267.0,19.56,1.704
714,428.8,181.2,265.0,19.72,0.804
714,422.2,183.2,264.5,19.72,0.863
714,419.3,185.6,267.0,19.60,0.863
714,416.4,188.1,267.0,19.60,1.623
714,413.5,190.5,267.0,19.60,1.623
714,410.6,193.0,267.0,19.56,1.623
714,407.7,192.5,267.0,19.67,1.704
714,407.7,192.0,267.0,19.67,1.846
714,407.7,194.6,267.0,19.67,1.846
714,407.7,194.1,267.0,19.67,1.846
714,407.7,193.7,267.0,19.67,1.846
714,407.7,193.2,267.0,19.67,1.846
714,407.7,192.8,267.0,19.67,1.846
714,407.7,192.3,267.0,19.67,1.846
714,407.7,191.9,267.0,19.35,1.846
714,407.7,191.4,267.0,19.35,1.732
714,407.7,191.0,267.0,19.35,1.732
714,407.7,190.6,267.0,19.35,1.732
714,407.7,193.1,267.0,19.67,1.732
714,407.7,192.6,267.0,19.67,1.846
714,407.7,192.2,267.0,19.67,1.846
714,407.7,194.7,267.0,19.67,1.846
714,407.7,194.2,267.0,19.67,1.846
714,407.7,193.8,267.0,19.67,1.846
714,407.7,193.3,267.0,19.67,1.846
714,407.7,192.9,267.0,19.67,1.846
714,407.7,192.5,267.0,19.67,1.846
714,407.7,192.0,267.0,19.67,1.846
714,407.7,194.5,267.0,19.67,1.846
714,407.7,194.1,267.0,19.67,1.846
714,407.7,193.6,267.0,19.67,1.846
714,407.7,193.2,267.0,19.67,1.846
714,407.7,192.8,267.0,19.67,1.846
714,407.7,192.3,267.0,19.67,1.846
714,407.7,191.9,267.0,19.35,1.846
714,407.7,191.4,267.0,19.35,1.732
714,407.7,191.0,267.0,19.35,1.732
714,407.7,190.5,267.0,19.35,1.732
714,407.7,193.0,267.0,19.67,1.732
714,407.7,192.6,267.0,19.67,1.846
714,407.7,192.2,267.0,19.67,1.846
714,407.7,194.6,267.0,19.67,1.846
714,407.7,194.2,267.0,19.67,1.846
714,407.7,193.8,267.0,19.67,1.846
714,407.7,193.3,267.0,19.67,1.846
714,407.7,192.9,267.0,19.67,1.846
714,407.7,192.4,267.0,19.67,1.846
714,407.7,192.0,267.0,19.35,1.846
714,407.7,191.6,267.0,19.35,1.732
714,407.7,191.1,267.0,19.35,1.732
714,407.7,190.7,267.0,19.35,1.732
714,407.7,193.2,267.0,19.67,1.732
714,407.7,192.7,267.0,19.67,1.846
714,407.7,192.3,267.0,19.67,1.846
714,407.7,191.8,267.0,19.35,1.846
714,407.7,191.4,267.0,19.35,1.732
714,407.7,190.9,267.0,19.35,1.732
714,407.7,190.5,267.0,19.35,1.732
714,407.7,193.0,267.0,19.67,1.732
714,407.7,192.6,267.0,19.67,1.846
714,407.7,192.1,267.0,19.67,1.846
714,407.7,194.6,267.0,19.67,1.846
714,407.7,194.2,267.0,19.67,1.846
714,407.7,193.7,267.0,19.67,1.846
714,407.7,193.3,267.0,19.67,1.846
714,407.7,192.9,267.0,19.67,1.846
714,407.7,192.4,267.0,19.67,1.846
714,407.7,192.0,267.0,19.35,1.846
714,407.7,191.5,267.0,19.35,1.732
714,407.7,191.1,267.0,19.35,1.732
714,407.7,190.6,267.0,19.35,1.732
714,407.7,193.1,267.0,19.67,1.732
714,407.7,192.7,267.0,19.67,1.846
714,407.7,192.2,267.0,19.67,1.846
714,407.7,191.8,267.0,19.35,1.846
714,407.7,191.4,267.0,19.35,1.732
714,407.7,190.9,267.0,19.35,1.732
714,407.7,190.5,267.0,19.35,1.732
714,407.7,193.0,267.0,19.67,1.732
714,407.7,192.5,267.0,19.67,1.846
714,407.7,192.1,267.0,19.67,1.846
714,407.7,194.6,267.0,19.67,1.846
714,407.7,194.2,267.0,19.67,1.846
714,407.7,193.7,267.0,19.67,1.846
714,407.7,193.3,267.0,19.67,1.846
714,407.7,192.8,267.0,19.67,1.846
714,407.7,192.4,267.0,19.67,1.846
714,407.7,191.9,267.0,19.35,1.846
714,407.7,191.5,267.0,19.35,1.732
714,407.7,191.1,267.0,19.35,1.732
714,407.7,190.6,267.0,19.35,1.732
714,407.7,193.1,267.0,19.67,1.732
714,407.7,192.7,267.0,19.67,1.846
714,407.7,192.2,267.0,19.67,1.846
714,407.7,194.7,267.0,19.67,1.846
714,407.7,194.3,267.0,19.67,1.846
714,407.7,193.8,267.0,19.67,1.846
714,407.7,193.4,267.0,19.67,1.846
714,407.7,192.9,267.0,19.67,1.846
714,407.7,192.5,267.0,19.67,1.846
714,407.7,192.1,267.0,19.67,1.846
714,407.7,194.6,267.0,19.67,1.846
714,407.7,194.1,267.0,19.67,1.846
714,407.7,193.7,267.0,19.67,1.846
714,407.7,193.2,267.0,19.67,1.846
714,407.7,192.8,267.0,19.67,1.846
714,407.7,192.3,267.0,19.67,1.846
714,407.7,191.9,267.0,19.35,1.846
714,407.7,191.5,267.0,19.35,1.732
714,407.7,191.0,267.0,19.35,1.732
714,407.7,190.6,267.0,19.35,1.732
714,407.7,193.1,267.0,19.67,1.732
714,407.7,192.6,267.0,19.67,1.846
714,407.7,192.2,267.0,19.67,1.846
714,407.7,194.7,267.0,19.67,1.846
714,407.7,194.2,267.0,19.67,1.846
714,407.7,193.8,267.0,19.67,1.846
714,407.7,193.4,267.0,19.67,1.846
714,407.7,192.9,267.0,19.67,1.846
714,407.7,192.5,267.0,19.67,1.846
714,407.7,192.0,267.0,19.67,1.846
714,407.7,194.5,267.0,19.67,1.846
714,407.7,194.1,267.0,19.67,1.846
714,407.7,193.7,267.0,19.67,1.846
714,407.7,193.2,267.0,19.67,1.846
714,407.7,192.8,267.0,19.67,1.846
714,407.7,192.3,267.0,19.67,1.846
714,407.7,191.9,267.0,19.35,1.846
714,407.7,191.4,267.0,19.35,1.732
714,407.7,191.0,267.0,19.35,1.732
714,407.7,190.6,267.0,19.35,1.732
714,407.7,193.1,267.0,19.67,1.732
714,407.7,192.6,267.0,19.67,1.846
714,407.7,192.2,267.0,19.67,1.846
714,407.7,194.7,267.0,19.67,1.846
714,407.7,194.2,267.0,19.67,1.846
714,407.7,193.8,267.0,19.67,1.846
714,407.7,193.3,267.0,19.67,1.846
714,407.7,192.9,267.0,19.67,1.846
714,407.7,192.5,267.0,19.67,1.846
714,407.7,192.0,267.0,19.67,1.846
714,407.7,194.5,267.0,19.67,1.846
714,407.7,194.1,267.0,19.67,1.846
714,407.7,193.6,267.0,19.67,1.846
714,407.7,193.2,267.0,19.67,1.846
714,407.7,192.7,267.0,19.67,1.846
714,407.7,192.3,267.0,19.67,1.846
714,407.7,191.9,267.0,19.35,1.846
714,407.7,191.4,267.0,19.35,1.732
714,407.7,191.0,267.0,19.35,1.732
714,407.7,190.5,267.0,19.35,1.732
714,407.7,193.0,267.0,19.67,1.732
714,407.7,192.6,267.0,19.67,1.846
714,407.7,192.1,267.0,19.67,1.846
714,407.7,194.6,267.0,19.67,1.846
714,407.7,194.2,267.0,19.67,1.846
714,407.7,193.8,267.0,19.67,1.846
714,407.7,193.3,267.0,19.67,1.846
714,407.7,192.9,267.0,19.67,1.846
714,407.7,192.4,267.0,19.67,1.846
720,397.8,172.1,264.6,18.47,1.292
720,397.8,178.5,264.4,18.47,0.805
720,397.8,181.0,267.0,19.35,0.805
720,397.8,183.5,267.0,19.35,1.732
720,397.8,186.0,267.0,19.35,1.732
720,397.8,188.5,267.0,19.35,1.732
720,397.8,191.0,267.0,19.35,1.732
720,397.8,190.6,267.0,19.35,1.732
720,397.8,193.1,267.0,19.67,1.732
720,397.8,192.6,267.0,19.67,1.846
720,397.8,192.2,267.0,19.67,1.846
720,397.8,194.7,267.0,19.67,1.846
720,397.8,194.2,267.0,19.67,1.846
720,397.8,193.8,267.0,19.67,1.846
720,397.8,193.4,267.0,19.67,1.846
720,397.8,192.9,267.0,19.67,1.846
720,397.8,192.5,267.0,19.67,1.846
720,397.8,192.0,267.0,19.67,1.846
720,397.8,194.5,267.0,19.67,1.846
720,397.8,194.1,267.0,19.67,1.846
720,397.8,193.7,267.0,19.67,1.846
720,397.8,193.2,267.0,19.67,1.846
720,397.8,192.8,267.0,19.67,1.846
720,397.8,192.3,267.0,19.67,1.846
720,397.8,191.9,267.0,19.35,1.846
720,397.8,191.4,267.0,19.35,1.732
720,397.8,191.0,267.0,19.35,1.732
720,397.8,190.5,267.0,19.35,1.732
720,397.8,193.1,267.0,19.67,1.732
720,397.8,192.6,267.0,19.67,1.846
720,397.8,192.2,267.0,19.67,1.846
720,397.8,194.7,267.0,19.67,1.846
720,397.8,194.2,267.0,19.67,1.846
720,397.8,193.8,267.0,19.67,1.846
720,397.8,193.3,267.0,19.67,1.846
720,397.8,192.9,267.0,19.67,1.846
720,397.8,192.5,267.0,19.67,1.846
720,397.8,192.0,267.0,19.67,1.846
720,397.8,194.5,267.0,19.67,1.846
720,397.8,194.1,267.0,19.67,1.846
720,397.8,193.6,267.0,19.67,1.846
720,397.8,193.2,267.0,19.67,1.846
720,397.8,192.7,267.0,19.67,1.846
720,397.8,192.3,267.0,19.67,1.846
720,397.8,191.9,267.0,19.35,1.846
720,397.8,191.4,267.0,19.35,1.732
720,397.8,191.0,267.0,19.35,1.732
720,397.8,190.5,267.0,19.35,1.732
720,397.8,193.0,267.0,19.67,1.732
720,397.8,192.6,267.0,19.67,1.846
720,397.8,192.1,267.0,19.67,1.846
720,397.8,194.6,267.0,19.67,1.846
720,397.8,194.2,267.0,19.67,1.846
720,397.8,193.8,267.0,19.67,1.846
720,397.8,193.3,267.0,19.67,1.846
720,397.8,192.9,267.0,19.67,1.846
720,397.8,192.4,267.0,19.67,1.846
720,397.8,192.0,267.0,19.35,1.846
720,397.8,191.5,267.0,19.35,1.732
720,397.8,191.1,267.0,19.35,1.732
720,397.8,190.7,267.0,19.35,1.732
720,397.8,193.2,267.0,19.67,1.732
720,397.8,192.7,267.0,19.67,1.846
720,397.8,192.3,267.0,19.67,1.846
720,397.8,191.8,267.0,19.35,1.846
720,397.8,191.4,267.0,19.35,1.732
720,397.8,190.9,267.0,19.35,1.732
720,397.8,190.5,267.0,19.35,1.732
720,397.8,193.0,267.0,19.67,1.732
720,397.8,192.6,267.0,19.67,1.846
720,397.8,192.1,267.0,19.67,1.846
720,397.8,194.6,267.0,19.67,1.846
720,397.8,194.2,267.0,19.67,1.846
720,397.8,193.7,267.0,19.67,1.846
720,397.8,193.3,267.0,19.67,1.846
720,397.8,192.8,267.0,19.67,1.846
720,397.8,192.4,267.0,19.67,1.846
720,397.8,191.9,267.0,19.35,1.846
720,397.8,191.5,267.0,19.35,1.732
720,397.8,191.1,267.0,19.35,1.732
720,397.8,190.6,267.0,19.35,1.732
720,397.8,193.1,267.0,19.67,1.732
720,397.8,192.7,267.0,19.67,1.846
720,397.8,192.2,267.0,19.67,1.846
720,397.8,191.8,267.0,19.35,1.846
720,397.8,191.3,267.0,19.35,1.732
720,397.8,190.9,267.0,19.35,1.732
720,397.8,190.5,267.0,19.35,1.732
720,397.8,193.0,267.0,19.67,1.732
720,397.8,192.5,267.0,19.67,1.846
720,397.8,192.1,267.0,19.67,1.846
720,397.8,194.6,267.0,19.67,1.846
720,397.8,194.1,267.0,19.67,1.846
720,397.8,193.7,267.0,19.67,1.846
720,397.8,193.2,267.0,19.67,1.846
720,397.8,192.8,267.0,19.67,1.846
720,397.8,192.4,267.0,19.67,1.846
720,397.8,191.9,267.0,19.35,1.846
720,397.8,191.5,267.0,19.35,1.732
720,397.8,191.0,267.0,19.35,1.732
720,397.8,190.6,267.0,19.35,1.732
720,397.8,193.1,267.0,19.67,1.732
720,397.8,192.7,267.0,19.67,1.846
720,397.8,192.2,267.0,19.67,1.846
720,397.8,194.7,267.0,19.67,1.846
720,397.8,194.3,267.0,19.67,1.846
720,397.8,193.8,267.0,19.67,1.846
720,397.8,193.4,267.0,19.67,1.846
720,397.8,192.9,267.0,19.67,1.846
720,397.8,192.5,267.0,19.67,1.846
720,397.8,192.1,267.0,19.67,1.846
720,397.8,194.6,267.0,19.67,1.846
720,397.8,194.1,267.0,19.67,1.846
720,397.8,193.7,267.0,19.67,1.846
720,397.8,193.2,267.0,19.67,1.846
720,397.8,192.8,267.0,19.67,1.846
720,397.8,192.3,267.0,19.67,1.846
720,397.8,191.9,267.0,19.35,1.846
720,397.8,191.5,267.0,19.35,1.732
720,397.8,191.0,267.0,19.35,1.732
720,397.8,190.6,267.0,19.35,1.732
720,397.8,193.1,267.0,19.67,1.732
720,397.8,192.6,267.0,19.67,1.846
720,397.8,192.2,267.0,19.67,1.846
720,397.8,194.7,267.0,19.67,1.846
720,397.8,194.2,267.0,19.67,1.846
720,397.8,193.8,267.0,19.67,1.846
720,397.8,193.3,267.0,19.67,1.846
720,397.8,192.9,267.0,19.67,1.846
720,397.8,192.5,267.0,19.67,1.846
720,397.8,192.0,267.0,19.67,1.846
720,397.8,194.5,267.0,19.67,1.846
720,397.8,194.1,267.0,19.67,1.846
720,397.8,193.6,267.0,19.67,1.846
720,397.8,193.2,267.0,19.67,1.846
720,397.8,192.8,267.0,19.67,1.846
720,397.8,192.3,267.0,19.67,1.846
720,397.8,191.9,267.0,19.35,1.846
720,397.8,191.4,267.0,19.35,1.732
720,397.8,191.0,267.0,19.35,1.732
720,397.8,190.5,267.0,19.35,1.732
720,397.8,193.0,267.0,19.67,1.732
720,397.8,192.6,267.0,19.67,1.846
720,397.8,192.2,267.0,19.67,1.846
720,397.8,194.7,267.0,19.67,1.846
720,397.8,194.2,267.0,19.67,1.846
720,397.8,193.8,267.0,19.67,1.846
720,397.8,193.3,267.0,19.67,1.846
720,397.8,192.9,267.0,19.67,1.846
720,397.8,192.4,267.0,19.67,1.846
720,397.8,192.0,267.0,19.67,1.846
720,397.8,191.6,267.0,19.35,1.732
720,397.8,191.1,267.0,19.35,1.732
720,397.8,190.7,267.0,19.35,1.732
720,397.8,193.2,267.0,19.67,1.732
720,397.8,192.7,267.0,19.67,1.846
720,397.8,192.3,267.0,19.67,1.846
720,397.8,191.8,267.0,19.35,1.846
720,397.8,191.4,267.0,19.35,1.732
720,397.8,190.9,267.0,19.35,1.732
726,407.3,240.0,260.1,20.01,0.839
726,407.3,233.6,259.4,18.73,0.739
726,407.3,227.1,258.7,19.26,0.811
726,407.3,222.0,265.0,19.15,1.011
726,407.3,216.7,267.0,19.15,1.247
726,407.3,213.5,267.0,19.58,1.247
726,407.3,210.2,267.0,19.58,1.685
726,407.3,207.0,267.0,19.58,1.685
726,407.3,203.8,267.0,19.67,1.685
726,407.3,203.3,267.0,19.67,1.846
726,407.3,202.9,267.0,19.67,1.846
726,407.3,202.5,267.0,19.67,1.846
726,407.3,202.0,267.0,19.67,1.846
726,407.3,201.6,267.0,19.67,1.846
726,407.3,201.1,267.0,19.67,1.846
726,407.3,200.7,267.0,19.67,1.846
726,407.3,200.2,267.0,19.67,1.846
726,407.3,199.8,267.0,19.67,1.846
726,407.3,199.3,267.0,19.67,1.846
726,407.3,198.9,267.0,19.67,1.846
726,407.3,198.5,267.0,19.67,1.846
726,407.3,198.0,267.0,19.67,1.846
726,407.3,197.6,267.0,19.67,1.846
726,407.3,197.1,267.0,19.67,1.846
726,407.3,196.7,267.0,19.67,1.846
726,407.3,196.2,267.0,19.67,1.846
726,407.3,195.8,267.0,19.67,1.846
726,407.3,195.4,267.0,19.67,1.846
726,407.3,194.9,267.0,19.67,1.846
726,407.3,194.5,267.0,19.67,1.846
726,407.3,194.0,267.0,19.67,1.846
726,407.3,193.6,267.0,19.67,1.846
726,407.3,193.1,267.0,19.67,1.846
726,407.3,192.7,267.0,19.67,1.846
726,407.3,192.2,267.0,19.67,1.846
726,407.3,191.8,267.0,19.35,1.846
726,407.3,191.4,267.0,19.35,1.732
726,407.3,190.9,267.0,19.35,1.732
726,407.3,190.5,267.0,19.35,1.732
726,407.3,193.0,267.0,19.67,1.732
726,407.3,192.5,267.0,19.67,1.846
726,407.3,192.1,267.0,19.67,1.846
726,407.3,194.6,267.0,19.67,1.846
726,407.3,194.2,267.0,19.67,1.846
726,407.3,193.7,267.0,19.67,1.846
726,407.3,193.3,267.0,19.67,1.846
726,407.3,192.8,267.0,19.67,1.846
726,407.3,192.4,267.0,19.67,1.846
726,407.3,191.9,267.0,19.35,1.846
726,407.3,191.5,267.0,19.35,1.732
726,407.3,191.1,267.0,19.35,1.732
726,407.3,190.6,267.0,19.35,1.732
726,407.3,193.1,267.0,19.67,1.732
726,407.3,192.7,267.0,19.67,1.846
726,407.3,192.2,267.0,19.67,1.846
726,407.3,191.8,267.0,19.35,1.846
726,407.3,191.3,267.0,19.35,1.732
726,407.3,190.9,267.0,19.35,1.732
726,407.3,190.5,267.0,19.35,1.732
726,407.3,193.0,267.0,19.67,1.732
726,407.3,192.5,267.0,19.67,1.846
726,407.3,192.1,267.0,19.67,1.846
726,407.3,194.6,267.0,19.67,1.846
726,407.3,194.1,267.0,19.67,1.846
726,407.3,193.7,267.0,19.67,1.846
726,407.3,193.2,267.0,19.67,1.846
726,407.3,192.8,267.0,19.67,1.846
726,407.3,192.4,267.0,19.67,1.846
726,407.3,191.9,267.0,19.35,1.846
726,407.3,191.5,267.0,19.35,1.732
726,407.3,191.0,267.0,19.35,1.732
726,407.3,190.6,267.0,19.35,1.732
726,407.3,193.1,267.0,19.67,1.732
726,407.3,192.6,267.0,19.67,1.846
726,407.3,192.2,267.0,19.67,1.846
726,407.3,194.7,267.0,19.67,1.846
726,407.3,194.3,267.0,19.67,1.846
726,407.3,193.8,267.0,19.67,1.846
726,407.3,193.4,267.0,19.67,1.846
726,407.3,192.9,267.0,19.67,1.846
726,407.3,192.5,267.0,19.67,1.846
726,407.3,192.0,267.0,19.67,1.846
726,407.3,194.5,267.0,19.67,1.846
726,407.3,194.1,267.0,19.67,1.846
726,407.3,193.7,267.0,19.67,1.846
726,407.3,193.2,267.0,19.67,1.846
726,407.3,192.8,267.0,19.67,1.846
726,407.3,192.3,267.0,19.67,1.846
726,407.3,191.9,267.0,19.35,1.846
726,407.3,191.4,267.0,19.35,1.732
726,407.3,191.0,267.0,19.35,1.732
726,407.3,190.6,267.0,19.35,1.732
726,407.3,193.1,267.0,19.67,1.732
726,407.3,192.6,267.0,19.67,1.846
726,407.3,192.2,267.0,19.67,1.846
726,407.3,194.7,267.0,19.67,1.846
726,407.3,194.2,267.0,19.67,1.846
726,407.3,193.8,267.0,19.67,1.846
726,407.3,193.3,267.0,19.67,1.846
726,407.3,192.9,267.0,19.67,1.846
726,407.3,192.5,267.0,19.67,1.846
726,407.3,192.0,267.0,19.67,1.846
726,407.3,194.5,267.0,19.67,1.846
726,407.3,194.1,267.0,19.67,1.846
726,407.3,193.6,267.0,19.67,1.846
726,407.3,193.2,267.0,19.67,1.846
726,407.3,192.7,267.0,19.67,1.846
726,407.3,192.3,267.0,19.67,1.846
726,407.3,191.9,267.0,19.35,1.846
726,407.3,191.4,267.0,19.35,1.732
726,407.3,191.0,267.0,19.35,1.732
726,407.3,190.5,267.0,19.35,1.732
726,407.3,193.0,267.0,19.67,1.732
726,407.3,192.6,267.0,19.67,1.846
726,407.3,192.1,267.0,19.67,1.846
726,407.3,194.6,267.0,19.67,1.846
726,407.3,194.2,267.0,19.67,1.846
726,407.3,193.8,267.0,19.67,1.846
726,407.3,193.3,267.0,19.67,1.846
726,407.3,192.9,267.0,19.67,1.846
726,407.3,192.4,267.0,19.67,1.846
726,407.3,192.0,267.0,19.35,1.846
726,407.3,191.5,267.0,19.35,1.732
726,407.3,191.1,267.0,19.35,1.732
726,407.3,190.7,267.0,19.35,1.732
726,407.3,193.2,267.0,19.67,1.732
726,407.3,192.7,267.0,19.67,1.846
726,407.3,192.3,267.0,19.67,1.846
726,407.3,191.8,267.0,19.35,1.846
726,407.3,191.4,267.0,19.35,1.732
726,407.3,190.9,267.0,19.35,1.732
726,407.3,190.5,267.0,19.35,1.732
726,407.3,193.0,267.0,19.67,1.732
726,407.3,192.6,267.0,19.67,1.846
726,407.3,192.1,267.0,19.67,1.846
726,407.3,194.6,267.0,19.67,1.846
726,407.3,194.2,267.0,19.67,1.846
726,407.3,193.7,267.0,19.67,1.846
726,407.3,193.3,267.0,19.67,1.846
726,407.3,192.9,267.0,19.67,1.846
726,407.3,192.4,267.0,19.67,1.846
726,407.3,192.0,267.0,19.35,1.846
726,407.3,191.5,267.0,19.35,1.732
726,407.3,191.1,267.0,19.35,1.732
726,407.3,190.6,267.0,19.35,1.732
726,407.3,193.1,267.0,19.67,1.732
726,407.3,192.7,267.0,19.67,1.846
726,407.3,192.2,267.0,19.67,1.846
726,407.3,191.8,267.0,19.35,1.846
726,407.3,191.4,267.0,19.35,1.732
726,407.3,190.9,267.0,19.35,1.732
726,407.3,190.5,267.0,19.35,1.732
726,407.3,193.0,267.0,19.67,1.732
726,407.3,192.5,267.0,19.67,1.846
726,407.3,192.1,267.0,19.67,1.846
726,407.3,194.6,267.0,19.67,1.846
726,407.3,194.2,267.0,19.67,1.846
726,407.3,193.7,267.0,19.67,1.846
726,407.3,193.3,267.0,19.67,1.846
726,407.3,192.8,267.0,19.67,1.846
732,351.4,205.5,260.0,21.47,0.831
732,354.4,204.7,255.0,21.47,0.736
732,357.4,204.0,250.0,22.24,0.736
732,360.0,203.4,246.5,19.75,0.547
732,365.4,203.0,245.2,19.75,0.689
732,370.7,202.5,243.8,19.75,0.689
732,375.0,202.1,246.3,19.79,0.689
732,379.3,201.6,248.8,19.79,0.621
732,383.5,201.1,251.3,19.79,0.621
732,386.3,200.7,261.4,19.63,0.621
732,389.2,200.2,267.0,19.56,1.310
732,392.1,199.7,267.0,19.56,1.704
732,395.0,199.2,267.0,19.56,1.704
732,395.0,198.8,267.0,19.56,1.704
732,395.0,198.3,267.0,19.56,1.704
732,395.0,197.9,267.0,19.56,1.704
732,395.0,197.5,267.0,19.56,1.704
732,395.0,197.0,267.0,19.56,1.704
732,395.0,196.6,267.0,19.56,1.704
732,395.0,196.1,267.0,19.56,1.704
732,395.0,195.7,267.0,19.56,1.704
732,395.0,195.2,267.0,19.56,1.704
732,395.0,194.8,267.0,19.56,1.704
732,395.0,194.4,267.0,19.56,1.704
732,395.0,193.9,267.0,19.56,1.704
732,395.0,193.5,267.0,19.56,1.704
732,395.0,193.0,267.0,19.56,1.704
732,395.0,192.6,267.0,19.56,1.704
732,395.0,192.1,267.0,19.56,1.704
732,395.0,194.6,267.0,19.56,1.704
732,395.0,194.2,267.0,19.56,1.704
732,395.0,193.8,267.0,19.56,1.704
732,395.0,193.3,267.0,19.56,1.704
732,395.0,192.9,267.0,19.56,1.704
732,395.0,192.4,267.0,19.56,1.704
732,395.0,192.0,267.0,19.60,1.704
732,395.0,191.5,267.0,19.60,1.623
732,395.0,191.1,267.0,19.60,1.623
732,395.0,190.7,267.0,19.60,1.623
732,395.0,193.2,267.0,19.56,1.623
732,395.0,192.7,267.0,19.56,1.704
732,395.0,192.3,267.0,19.56,1.704
732,395.0,191.8,267.0,19.60,1.704
732,395.0,191.4,267.0,19.60,1.623
732,395.0,190.9,267.0,19.60,1.623
732,395.0,190.5,267.0,19.60,1.623
732,395.0,193.0,267.0,19.56,1.623
732,395.0,192.6,267.0,19.56,1.704
732,395.0,192.1,267.0,19.56,1.704
732,395.0,194.6,267.0,19.56,1.704
732,395.0,194.2,267.0,19.56,1.704
732,395.0,193.7,267.0,19.56,1.704
732,395.0,193.3,267.0,19.56,1.704
732,395.0,192.8,267.0,19.56,1.704
732,395.0,192.4,267.0,19.56,1.704
732,395.0,192.0,267.0,19.60,1.704
732,395.0,191.5,267.0,19.60,1.623
732,395.0,191.1,267.0,19.60,1.623
732,395.0,190.6,267.0,19.60,1.623
732,395.0,193.1,267.0,19.56,1.623
732,395.0,192.7,267.0,19.56,1.704
732,395.0,192.2,267.0,19.56,1.704
732,395.0,191.8,267.0,19.60,1.704
732,395.0,191.4,267.0,19.60,1.623
732,395.0,190.9,267.0,19.60,1.623
732,395.0,190.5,267.0,19.60,1.623
732,395.0,193.0,267.0,19.56,1.623
732,395.0,192.5,267.0,19.56,1.704
732,395.0,192.1,267.0,19.56,1.704
732,395.0,194.6,267.0,19.56,1.704
732,395.0,194.2,267.0,19.56,1.704
732,395.0,193.7,267.0,19.56,1.704
732,395.0,193.3,267.0,19.56,1.704
732,395.0,192.8,267.0,19.56,1.704
732,395.0,192.4,267.0,19.56,1.704
732,395.0,191.9,267.0,19.60,1.704
732,395.0,191.5,267.0,19.60,1.623
732,395.0,191.0,267.0,19.60,1.623
732,395.0,190.6,267.0,19.60,1.623
732,395.0,193.1,267.0,19.56,1.623
732,395.0,192.7,267.0,19.56,1.704
732,395.0,192.2,267.0,19.56,1.704
732,395.0,194.7,267.0,19.56,1.704
732,395.0,194.3,267.0,19.56,1.704
732,395.0,193.8,267.0,19.56,1.704
732,395.0,193.4,267.0,19.56,1.704
732,395.0,192.9,267.0,19.56,1.704
732,395.0,192.5,267.0,19.56,1.704
732,395.0,192.1,267.0,19.56,1.704
732,395.0,194.6,267.0,19.56,1.704
732,395.0,194.1,267.0,19.56,1.704
732,395.0,193.7,267.0,19.56,1.704
732,395.0,193.2,267.0,19.56,1.704
732,395.0,192.8,267.0,19.56,1.704
732,395.0,192.3,267.0,19.56,1.704
732,395.0,191.9,267.0,19.60,1.704
732,395.0,191.5,267.0,19.60,1.623
732,395.0,191.0,267.0,19.60,1.623
732,395.0,190.6,267.0,19.60,1.623
732,395.0,193.1,267.0,19.56,1.623
732,395.0,192.6,267.0,19.56,1.704
732,395.0,192.2,267.0,19.56,1.704
732,395.0,194.7,267.0,19.56,1.704
732,395.0,194.2,267.0,19.56,1.704
732,395.0,193.8,267.0,19.56,1.704
732,395.0,193.4,267.0,19.56,1.704
732,395.0,192.9,267.0,19.56,1.704
732,395.0,192.5,267.0,19.56,1.704
732,395.0,192.0,267.0,19.56,1.704
732,395.0,194.5,267.0,19.56,1.704
732,395.0,194.1,267.0,19.56,1.704
732,395.0,193.7,267.0,19.56,1.704
732,395.0,193.2,267.0,19.56,1.704
732,395.0,192.8,267.0,19.56,1.704
732,395.0,192.3,267.0,19.56,1.704
732,395.0,191.9,267.0,19.60,1.704
732,395.0,191.4,267.0,19.60,1.623
732,395.0,191.0,267.0,19.60,1.623
732,395.0,190.6,267.0,19.60,1.623
732,395.0,193.1,267.0,19.56,1.623
732,395.0,192.6,267.0,19.56,1.704
732,395.0,192.2,267.0,19.56,1.704
732,395.0,194.7,267.0,19.56,1.704
732,395.0,194.2,267.0,19.56,1.704
732,395.0,193.8,267.0,19.56,1.704
732,395.0,193.3,267.0,19.56,1.704
732,395.0,192.9,267.0,19.56,1.704
732,395.0,192.5,267.0,19.56,1.704
732,395.0,192.0,267.0,19.56,1.704
732,395.0,194.5,267.0,19.56,1.704
732,395.0,194.1,267.0,19.56,1.704
732,395.0,193.6,267.0,19.56,1.704
732,395.0,193.2,267.0,19.56,1.704
732,395.0,192.7,267.0,19.56,1.704
732,395.0,192.3,267.0,19.56,1.704
732,395.0,191.9,267.0,19.60,1.704
732,395.0,191.4,267.0,19.60,1.623
732,395.0,191.0,267.0,19.60,1.623
732,395.0,190.5,267.0,19.60,1.623
732,395.0,193.0,267.0,19.56,1.623
732,395.0,192.6,267.0,19.56,1.704
732,395.0,192.1,267.0,19.56,1.704
732,395.0,194.6,267.0,19.56,1.704
732,395.0,194.2,267.0,19.56,1.704
732,395.0,193.8,267.0,19.56,1.704
732,395.0,193.3,267.0,19.56,1.704
732,395.0,192.9,267.0,19.56,1.704
732,395.0,192.4,267.0,19.56,1.704
732,395.0,192.0,267.0,19.60,1.704
732,395.0,191.5,267.0,19.60,1.623
732,395.0,191.1,267.0,19.60,1.623
732,395.0,190.7,267.0,19.60,1.623
732,395.0,193.2,267.0,19.56,1.623
732,395.0,192.7,267.0,19.56,1.704
732,395.0,192.3,267.0,19.56,1.704
732,395.0,191.8,267.0,19.60,1.704
732,395.0,191.4,267.0,19.60,1.623
732,395.0,190.9,267.0,19.60,1.623
732,395.0,190.5,267.0,19.60,1.623
732,395.0,193.0,267.0,19.56,1.623
738,358.3,192.8,260.1,21.55,0.835
738,364.6,192.4,259.5,18.59,0.734
738,370.9,191.9,259.0,19.29,0.794
738,375.8,191.5,265.4,19.89,0.800
738,380.8,191.0,267.0,19.89,1.252
738,385.8,190.5,267.0,19.60,1.252
738,388.8,192.9,267.0,19.56,1.623
738,391.7,192.4,267.0,19.56,1.704
738,394.6,192.0,267.0,19.60,1.704
738,394.6,191.5,267.0,19.60,1.623
738,394.6,191.1,267.0,19.60,1.623
738,394.6,190.6,267.0,19.60,1.623
738,394.6,193.1,267.0,19.56,1.623
738,394.6,192.7,267.0,19.56,1.704
738,394.6,192.2,267.0,19.56,1.704
738,394.6,191.8,267.0,19.60,1.704
738,394.6,191.4,267.0,19.60,1.623
738,394.6,190.9,267.0,19.60,1.623
738,394.6,190.5,267.0,19.60,1.623
738,394.6,193.0,267.0,19.56,1.623
738,394.6,192.5,267.0,19.56,1.704
738,394.6,192.1,267.0,19.56,1.704
738,394.6,194.6,267.0,19.56,1.704
738,394.6,194.2,267.0,19.56,1.704
738,394.6,193.7,267.0,19.56,1.704
738,394.6,193.3,267.0,19.56,1.704
738,394.6,192.8,267.0,19.56,1.704
738,394.6,192.4,267.0,19.56,1.704
738,394.6,191.9,267.0,19.60,1.704
738,394.6,191.5,267.0,19.60,1.623
738,394.6,191.0,267.0,19.60,1.623
738,394.6,190.6,267.0,19.60,1.623
738,394.6,193.1,267.0,19.56,1.623
738,394.6,192.7,267.0,19.56,1.704
738,394.6,192.2,267.0,19.56,1.704
738,394.6,194.7,267.0,19.56,1.704
738,394.6,194.3,267.0,19.56,1.704
738,394.6,193.8,267.0,19.56,1.704
738,394.6,193.4,267.0,19.56,1.704
738,394.6,192.9,267.0,19.56,1.704
738,394.6,192.5,267.0,19.56,1.704
738,394.6,192.1,267.0,19.56,1.704
738,394.6,194.6,267.0,19.56,1.704
738,394.6,194.1,267.0,19.56,1.704
738,394.6,193.7,267.0,19.56,1.704
738,394.6,193.2,267.0,19.56,1.704
738,394.6,192.8,267.0,19.56,1.704
738,394.6,192.3,267.0,19.56,1.704
738,394.6,191.9,267.0,19.60,1.704
738,394.6,191.5,267.0,19.60,1.623
738,394.6,191.0,267.0,19.60,1.623
738,394.6,190.6,267.0,19.60,1.623
738,394.6,193.1,267.0,19.56,1.623
738,394.6,192.6,267.0,19.56,1.704
738,394.6,192.2,267.0,19.56,1.704
738,394.6,194.7,267.0,19.56,1.704
738,394.6,194.2,267.0,19.56,1.704
738,394.6,193.8,267.0,19.56,1.704
738,394.6,193.4,267.0,19.56,1.704
738,394.6,192.9,267.0,19.56,1.704
738,394.6,192.5,267.0,19.56,1.704
738,394.6,192.0,267.0,19.56,1.704
738,394.6,194.5,267.0,19.56,1.704
738,394.6,194.1,267.0,19.56,1.704
738,394.6,193.7,267.0,19.56,1.704
738,394.6,193.2,267.0,19.56,1.704
738,394.6,192.8,267.0,19.56,1.704
738,394.6,192.3,267.0,19.56,1.704
738,394.6,191.9,267.0,19.60,1.704
738,394.6,191.4,267.0,19.60,1.623
738,394.6,191.0,267.0,19.60,1.623
738,394.6,190.6,267.0,19.60,1.623
738,394.6,193.1,267.0,19.56,1.623
738,394.6,192.6,267.0,19.56,1.704
738,394.6,192.2,267.0,19.56,1.704
738,394.6,194.7,267.0,19.56,1.704
738,394.6,194.2,267.0,19.56,1.704
738,394.6,193.8,267.0,19.56,1.704
738,394.6,193.3,267.0,19.56,1.704
738,394.6,192.9,267.0,19.56,1.704
738,394.6,192.5,267.0,19.56,1.704
738,394.6,192.0,267.0,19.56,1.704
738,394.6,194.5,267.0,19.56,1.704
738,394.6,194.1,267.0,19.56,1.704
738,394.6,193.6,267.0,19.56,1.704
738,394.6,193.2,267.0,19.56,1.704
738,394.6,192.7,267.0,19.56,1.704
738,394.6,192.3,267.0,19.56,1.704
738,394.6,191.9,267.0,19.60,1.704
738,394.6,191.4,267.0,19.60,1.623
738,394.6,191.0,267.0,19.60,1.623
738,394.6,190.5,267.0,19.60,1.623
738,394.6,193.0,267.0,19.56,1.623
738,394.6,192.6,267.0,19.56,1.704
738,394.6,192.1,267.0,19.56,1.704
738,394.6,194.6,267.0,19.56,1.704
738,394.6,194.2,267.0,19.56,1.704
738,394.6,193.8,267.0,19.56,1.704
738,394.6,193.3,267.0,19.56,1.704
738,394.6,192.9,267.0,19.56,1.704
738,394.6,192.4,267.0,19.56,1.704
738,394.6,192.0,267.0,19.60,1.704
738,394.6,191.5,267.0,19.60,1.623
738,394.6,191.1,267.0,19.60,1.623
738,394.6,190.7,267.0,19.60,1.623
738,394.6,193.2,267.0,19.56,1.623
738,394.6,192.7,267.0,19.56,1.704
738,394.6,192.3,267.0,19.56,1.704
738,394.6,191.8,267.0,19.60,1.704
738,394.6,191.4,267.0,19.60,1.623
738,394.6,190.9,267.0,19.60,1.623
738,394.6,190.5,267.0,19.60,1.623
738,394.6,193.0,267.0,19.56,1.623
738,394.6,192.6,267.0,19.56,1.704
738,394.6,192.1,267.0,19.56,1.704
738,394.6,194.6,267.0,19.56,1.704
738,394.6,194.2,267.0,19.56,1.704
738,394.6,193.7,267.0,19.56,1.704
738,394.6,193.3,267.0,19.56,1.704
738,394.6,192.8,267.0,19.56,1.704
738,394.6,192.4,267.0,19.56,1.704
738,394.6,191.9,267.0,19.60,1.704
738,394.6,191.5,267.0,19.60,1.623
738,394.6,191.1,267.0,19.60,1.623
738,394.6,190.6,267.0,19.60,1.623
738,394.6,193.1,267.0,19.56,1.623
738,394.6,192.7,267.0,19.56,1.704
738,394.6,192.2,267.0,19.56,1.704
738,394.6,194.7,267.0,19.56,1.704
738,394.6,194.3,267.0,19.56,1.704
738,394.6,193.8,267.0,19.56,1.704
738,394.6,193.4,267.0,19.56,1.704
738,394.6,193.0,267.0,19.56,1.704
738,394.6,192.5,267.0,19.56,1.704
738,394.6,192.1,267.0,19.56,1.704
738,394.6,194.6,267.0,19.56,1.704
738,394.6,194.1,267.0,19.56,1.704
738,394.6,193.7,267.0,19.56,1.704
738,394.6,193.2,267.0,19.56,1.704
738,394.6,192.8,267.0,19.56,1.704
738,394.6,192.4,267.0,19.56,1.704
738,394.6,191.9,267.0,19.60,1.704
738,394.6,191.5,267.0,19.60,1.623
738,394.6,191.0,267.0,19.60,1.623
738,394.6,190.6,267.0,19.60,1.623
738,394.6,193.1,267.0,19.56,1.623
738,394.6,192.7,267.0,19.56,1.704
738,394.6,192.2,267.0,19.56,1.704
738,394.6,194.7,267.0,19.56,1.704
738,394.6,194.3,267.0,19.56,1.704
738,394.6,193.8,267.0,19.56,1.704
738,394.6,193.4,267.0,19.56,1.704
738,394.6,192.9,267.0,19.56,1.704
738,394.6,192.5,267.0,19.56,1.704
738,394.6,192.1,267.0,19.56,1.704
738,394.6,194.6,267.0,19.56,1.704
738,394.6,194.1,267.0,19.56,1.704
738,394.6,193.7,267.0,19.56,1.704
738,394.6,193.2,267.0,19.56,1.704
738,394.6,192.8,267.0,19.56,1.704
744,420.3,235.3,265.0,21.12,0.506
744,417.8,228.7,264.5,18.95,1.016
744,415.0,223.4,267.0,19.57,0.893
744,412.1,218.2,267.0,19.57,1.248
744,409.2,215.0,267.0,19.69,1.248
744,409.2,211.8,267.0,19.69,1.592
744,409.2,208.5,267.0,19.69,1.592
744,409.2,205.3,267.0,19.69,1.592
744,409.2,204.8,267.0,19.69,1.592
744,409.2,204.4,267.0,19.69,1.592
744,409.2,203.9,267.0,19.56,1.592
744,409.2,203.5,267.0,19.56,1.704
744,409.2,203.1,267.0,19.56,1.704
744,409.2,202.6,267.0,19.56,1.704
744,409.2,202.2,267.0,19.56,1.704
744,409.2,201.7,267.0,19.56,1.704
744,409.2,201.3,267.0,19.56,1.704
744,409.2,200.9,267.0,19.56,1.704
744,409.2,200.4,267.0,19.56,1.704
744,409.2,200.0,267.0,19.56,1.704
744,409.2,199.5,267.0,19.56,1.704
744,409.2,199.1,267.0,19.56,1.704
744,409.2,198.6,267.0,19.56,1.704
744,409.2,198.2,267.0,19.56,1.704
744,409.2,197.7,267.0,19.56,1.704
744,409.2,197.3,267.0,19.56,1.704
744,409.2,196.9,267.0,19.56,1.704
744,409.2,196.4,267.0,19.56,1.704
744,409.2,196.0,267.0,19.56,1.704
744,409.2,195.5,267.0,19.56,1.704
744,409.2,195.1,267.0,19.56,1.704
744,409.2,194.6,267.0,19.56,1.704
744,409.2,194.2,267.0,19.56,1.704
744,409.2,193.8,267.0,19.56,1.704
744,409.2,193.3,267.0,19.56,1.704
744,409.2,192.9,267.0,19.56,1.704
744,409.2,192.4,267.0,19.56,1.704
744,409.2,192.0,267.0,19.60,1.704
744,409.2,191.5,267.0,19.60,1.623
744,409.2,191.1,267.0,19.60,1.623
744,409.2,190.7,267.0,19.60,1.623
744,409.2,193.2,267.0,19.56,1.623
744,409.2,192.7,267.0,19.56,1.704
744,409.2,192.3,267.0,19.56,1.704
744,409.2,191.8,267.0,19.60,1.704
744,409.2,191.4,267.0,19.60,1.623
744,409.2,190.9,267.0,19.60,1.623
744,409.2,190.5,267.0,19.60,1.623
744,409.2,193.0,267.0,19.56,1.623
744,409.2,192.6,267.0,19.56,1.704
744,409.2,192.1,267.0,19.56,1.704
744,409.2,194.6,267.0,19.56,1.704
744,409.2,194.2,267.0,19.56,1.704
744,409.2,193.7,267.0,19.56,1.704
744,409.2,193.3,267.0,19.56,1.704
744,409.2,192.8,267.0,19.56,1.704
744,409.2,192.4,267.0,19.56,1.704
744,409.2,192.0,267.0,19.60,1.704
744,409.2,191.5,267.0,19.60,1.623
744,409.2,191.1,267.0,19.60,1.623
744,409.2,190.6,267.0,19.60,1.623
744,409.2,193.1,267.0,19.56,1.623
744,409.2,192.7,267.0,19.56,1.704
744,409.2,192.2,267.0,19.56,1.704
744,409.2,191.8,267.0,19.60,1.704
744,409.2,191.4,267.0,19.60,1.623
744,409.2,190.9,267.0,19.60,1.623
744,409.2,190.5,267.0,19.60,1.623
744,409.2,193.0,267.0,19.56,1.623
744,409.2,192.5,267.0,19.56,1.704
744,409.2,192.1,267.0,19.56,1.704
744,409.2,194.6,267.0,19.56,1.704
744,409.2,194.1,267.0,19.56,1.704
744,409.2,193.7,267.0,19.56,1.704
744,409.2,193.3,267.0,19.56,1.704
744,409.2,192.8,267.0,19.56,1.704
744,409.2,192.4,267.0,19.56,1.704
744,409.2,191.9,267.0,19.60,1.704
744,409.2,191.5,267.0,19.60,1.623
744,409.2,191.0,267.0,19.60,1.623
744,409.2,190.6,267.0,19.60,1.623
744,409.2,193.1,267.0,19.56,1.623
744,409.2,192.7,267.0,19.56,1.704
744,409.2,192.2,267.0,19.56,1.704
744,409.2,194.7,267.0,19.56,1.704
744,409.2,194.3,267.0,19.56,1.704
744,409.2,193.8,267.0,19.56,1.704
744,409.2,193.4,267.0,19.56,1.704
744,409.2,192.9,267.0,19.56,1.704
744,409.2,192.5,267.0,19.56,1.704
744,409.2,192.1,267.0,19.56,1.704
744,409.2,194.6,267.0,19.56,1.704
744,409.2,194.1,267.0,19.56,1.704
744,409.2,193.7,267.0,19.56,1.704
744,409.2,193.2,267.0,19.56,1.704
744,409.2,192.8,267.0,19.56,1.704
744,409.2,192.3,267.0,19.56,1.704
744,409.2,191.9,267.0,19.60,1.704
744,409.2,191.5,267.0,19.60,1.623
744,409.2,191.0,267.0,19.60,1.623
744,409.2,190.6,267.0,19.60,1.623
744,409.2,193.1,267.0,19.56,1.623
744,409.2,192.6,267.0,19.56,1.704
744,409.2,192.2,267.0,19.56,1.704
744,409.2,194.7,267.0,19.56,1.704
744,409.2,194.2,267.0,19.56,1.704
744,409.2,193.8,267.0,19.56,1.704
744,409.2,193.4,267.0,19.56,1.704
744,409.2,192.9,267.0,19.56,1.704
744,409.2,192.5,267.0,19.56,1.704
744,409.2,192.0,267.0,19.56,1.704
744,409.2,194.5,267.0,19.56,1.704
744,409.2,194.1,267.0,19.56,1.704
744,409.2,193.7,267.0,19.56,1.704
744,409.2,193.2,267.0,19.56,1.704
744,409.2,192.8,267.0,19.56,1.704
744,409.2,192.3,267.0,19.56,1.704
744,409.2,191.9,267.0,19.60,1.704
744,409.2,191.4,267.0,19.60,1.623
744,409.2,191.0,267.0,19.60,1.623
744,409.2,190.5,267.0,19.60,1.623
744,409.2,193.1,267.0,19.56,1.623
744,409.2,192.6,267.0,19.56,1.704
744,409.2,192.2,267.0,19.56,1.704
744,409.2,194.7,267.0,19.56,1.704
744,409.2,194.2,267.0,19.56,1.704
744,409.2,193.8,267.0,19.56,1.704
744,409.2,193.3,267.0,19.56,1.704
744,409.2,192.9,267.0,19.56,1.704
744,409.2,192.5,267.0,19.56,1.704
744,409.2,192.0,267.0,19.56,1.704
744,409.2,194.5,267.0,19.56,1.704
744,409.2,194.1,267.0,19.56,1.704
744,409.2,193.6,267.0,19.56,1.704
744,409.2,193.2,267.0,19.56,1.704
744,409.2,192.7,267.0,19.56,1.704
744,409.2,192.3,267.0,19.56,1.704
744,409.2,191.9,267.0,19.60,1.704
744,409.2,191.4,267.0,19.60,1.623
744,409.2,191.0,267.0,19.60,1.623
744,409.2,190.5,267.0,19.60,1.623
744,409.2,193.0,267.0,19.56,1.623
744,409.2,192.6,267.0,19.56,1.704
744,409.2,192.1,267.0,19.56,1.704
744,409.2,194.6,267.0,19.56,1.704
744,409.2,194.2,267.0,19.56,1.704
744,409.2,193.8,267.0,19.56,1.704
744,409.2,193.3,267.0,19.56,1.704
744,409.2,192.9,267.0,19.56,1.704
744,409.2,192.4,267.0,19.56,1.704
744,409.2,192.0,267.0,19.60,1.704
744,409.2,191.5,267.0,19.60,1.623
744,409.2,191.1,267.0,19.60,1.623
744,409.2,190.7,267.0,19.60,1.623
744,409.2,193.2,267.0,19.56,1.623
744,409.2,192.7,267.0,19.56,1.704
744,409.2,192.3,267.0,19.56,1.704
744,409.2,191.8,267.0,19.60,1.704
744,409.2,191.4,267.0,19.60,1.623
744,409.2,190.9,267.0,19.60,1.623
750,353.7,220.6,259.9,21.43,0.804
750,356.1,219.7,254.8,21.43,0.718
750,358.6,218.8,249.7,22.09,0.718
750,360.7,217.8,245.9,20.50,0.557
750,364.7,215.4,245.4,19.89,0.589
750,369.7,213.9,244.3,19.89,0.659
750,373.5,212.0,246.9,20.12,0.659
750,377.3,210.0,249.4,20.12,0.623
750,381.1,208.1,252.0,20.12,0.623
750,385.8,205.4,258.1,19.76,0.623
750,388.6,204.9,267.0,19.69,1.240
750,391.5,204.4,267.0,19.69,1.592
750,394.4,203.9,267.0,19.56,1.592
750,394.4,203.5,267.0,19.56,1.704
750,394.4,203.1,267.0,19.56,1.704
750,394.4,202.6,267.0,19.56,1.704
750,394.4,202.2,267.0,19.56,1.704
750,394.4,201.7,267.0,19.56,1.704
750,394.4,201.3,267.0,19.56,1.704
750,394.4,200.8,267.0,19.56,1.704
750,394.4,200.4,267.0,19.56,1.704
750,394.4,199.9,267.0,19.56,1.704
750,394.4,199.5,267.0,19.56,1.704
750,394.4,199.1,267.0,19.56,1.704
750,394.4,198.6,267.0,19.56,1.704
750,394.4,198.2,267.0,19.56,1.704
750,394.4,197.7,267.0,19.56,1.704
750,394.4,197.3,267.0,19.56,1.704
750,394.4,196.8,267.0,19.56,1.704
750,394.4,196.4,267.0,19.56,1.704
750,394.4,195.9,267.0,19.56,1.704
750,394.4,195.5,267.0,19.56,1.704
750,394.4,195.1,267.0,19.56,1.704
750,394.4,194.6,267.0,19.56,1.704
750,394.4,194.2,267.0,19.56,1.704
750,394.4,193.7,267.0,19.56,1.704
750,394.4,193.3,267.0,19.56,1.704
750,394.4,192.9,267.0,19.56,1.704
750,394.4,192.4,267.0,19.56,1.704
750,394.4,192.0,267.0,19.60,1.704
750,394.4,191.5,267.0,19.60,1.623
750,394.4,191.1,267.0,19.60,1.623
750,394.4,190.6,267.0,19.60,1.623
750,394.4,193.1,267.0,19.56,1.623
750,394.4,192.7,267.0,19.56,1.704
750,394.4,192.2,267.0,19.56,1.704
750,394.4,191.8,267.0,19.60,1.704
750,394.4,191.4,267.0,19.60,1.623
750,394.4,190.9,267.0,19.60,1.623
750,394.4,190.5,267.0,19.60,1.623
750,394.4,193.0,267.0,19.56,1.623
750,394.4,192.5,267.0,19.56,1.704
750,394.4,192.1,267.0,19.56,1.704
750,394.4,194.6,267.0,19.56,1.704
750,394.4,194.2,267.0,19.56,1.704
750,394.4,193.7,267.0,19.56,1.704
750,394.4,193.3,267.0,19.56,1.704
750,394.4,192.8,267.0,19.56,1.704
750,394.4,192.4,267.0,19.56,1.704
750,394.4,191.9,267.0,19.60,1.704
750,394.4,191.5,267.0,19.60,1.623
750,394.4,191.1,267.0,19.60,1.623
750,394.4,190.6,267.0,19.60,1.623
750,394.4,193.1,267.0,19.56,1.623
750,394.4,192.7,267.0,19.56,1.704
750,394.4,192.2,267.0,19.56,1.704
750,394.4,194.7,267.0,19.56,1.704
750,394.4,194.3,267.0,19.56,1.704
750,394.4,193.8,267.0,19.56,1.704
750,394.4,193.4,267.0,19.56,1.704
750,394.4,192.9,267.0,19.56,1.704
750,394.4,192.5,267.0,19.56,1.704
750,394.4,192.1,267.0,19.56,1.704
750,394.4,194.6,267.0,19.56,1.704
750,394.4,194.1,267.0,19.56,1.704
750,394.4,193.7,267.0,19.56,1.704
750,394.4,193.2,267.0,19.56,1.704
750,394.4,192.8,267.0,19.56,1.704
750,394.4,192.3,267.0,19.56,1.704
750,394.4,191.9,267.0,19.60,1.704
750,394.4,191.5,267.0,19.60,1.623
750,394.4,191.0,267.0,19.60,1.623
750,394.4,190.6,267.0,19.60,1.623
750,394.4,193.1,267.0,19.56,1.623
750,394.4,192.6,267.0,19.56,1.704
750,394.4,192.2,267.0,19.56,1.704
750,394.4,194.7,267.0,19.56,1.704
750,394.4,194.3,267.0,19.56,1.704
750,394.4,193.8,267.0,19.56,1.704
750,394.4,193.4,267.0,19.56,1.704
750,394.4,192.9,267.0,19.56,1.704
750,394.4,192.5,267.0,19.56,1.704
750,394.4,192.0,267.0,19.56,1.704
750,394.4,194.5,267.0,19.56,1.704
750,394.4,194.1,267.0,19.56,1.704
750,394.4,193.7,267.0,19.56,1.704
750,394.4,193.2,267.0,19.56,1.704
750,394.4,192.8,267.0,19.56,1.704
750,394.4,192.3,267.0,19.56,1.704
750,394.4,191.9,267.0,19.60,1.704
750,394.4,191.4,267.0,19.60,1.623
750,394.4,191.0,267.0,19.60,1.623
750,394.4,190.6,267.0,19.60,1.623
750,394.4,193.1,267.0,19.56,1.623
750,394.4,192.6,267.0,19.56,1.704
750,394.4,192.2,267.0,19.56,1.704
750,394.4,194.7,267.0,19.56,1.704
750,394.4,194.2,267.0,19.56,1.704
750,394.4,193.8,267.0,19.56,1.704
750,394.4,193.3,267.0,19.56,1.704
750,394.4,192.9,267.0,19.56,1.704
750,394.4,192.5,267.0,19.56,1.704
750,394.4,192.0,267.0,19.56,1.704
750,394.4,194.5,267.0,19.56,1.704
750,394.4,194.1,267.0,19.56,1.704
750,394.4,193.6,267.0,19.56,1.704
750,394.4,193.2,267.0,19.56,1.704
750,394.4,192.7,267.0,19.56,1.704
750,394.4,192.3,267.0,19.56,1.704
750,394.4,191.9,267.0,19.60,1.704
750,394.4,191.4,267.0,19.60,1.623
750,394.4,191.0,267.0,19.60,1.623
750,394.4,190.5,267.0,19.60,1.623
750,394.4,193.0,267.0,19.56,1.623
750,394.4,192.6,267.0,19.56,1.704
750,394.4,192.1,267.0,19.56,1.704
750,394.4,194.6,267.0,19.56,1.704
750,394.4,194.2,267.0,19.56,1.704
750,394.4,193.8,267.0,19.56,1.704
750,394.4,193.3,267.0,19.56,1.704
750,394.4,192.9,267.0,19.56,1.704
750,394.4,192.4,267.0,19.56,1.704
750,394.4,192.0,267.0,19.60,1.704
750,394.4,191.5,267.0,19.60,1.623
750,394.4,191.1,267.0,19.60,1.623
750,394.4,190.7,267.0,19.60,1.623
750,394.4,193.2,267.0,19.56,1.623
750,394.4,192.7,267.0,19.56,1.704
750,394.4,192.3,267.0,19.56,1.704
750,394.4,191.8,267.0,19.60,1.704
750,394.4,191.4,267.0,19.60,1.623
750,394.4,190.9,267.0,19.60,1.623
750,394.4,190.5,267.0,19.60,1.623
750,394.4,193.0,267.0,19.56,1.623
750,394.4,192.6,267.0,19.56,1.704
750,394.4,192.1,267.0,19.56,1.704
750,394.4,194.6,267.0,19.56,1.704
750,394.4,194.2,267.0,19.56,1.704
750,394.4,193.7,267.0,19.56,1.704
750,394.4,193.3,267.0,19.56,1.704
750,394.4,192.9,267.0,19.56,1.704
750,394.4,192.4,267.0,19.56,1.704
750,394.4,192.0,267.0,19.60,1.704
750,394.4,191.5,267.0,19.60,1.623
750,394.4,191.1,267.0,19.60,1.623
750,394.4,190.6,267.0,19.60,1.623
750,394.4,193.1,267.0,19.56,1.623
750,394.4,192.7,267.0,19.56,1.704
750,394.4,192.2,267.0,19.56,1.704
750,394.4,191.8,267.0,19.60,1.704
756,433.2,226.7,258.2,19.26,0.791
756,427.7,222.9,258.3,20.35,1.036
756,422.1,219.0,258.5,20.35,0.849
756,419.6,214.0,264.5,19.69,0.849
756,416.7,210.8,267.0,19.69,1.592
756,413.8,207.6,267.0,19.69,1.592
756,410.9,204.4,267.0,19.69,1.592
756,408.0,203.9,267.0,19.56,1.592
756,408.0,203.5,267.0,19.56,1.704
756,408.0,203.0,267.0,19.56,1.704
756,408.0,202.6,267.0,19.56,1.704
756,408.0,202.1,267.0,19.56,1.704
756,408.0,201.7,267.0,19.56,1.704
756,408.0,201.3,267.0,19.56,1.704
756,408.0,200.8,267.0,19.56,1.704
756,408.0,200.4,267.0,19.56,1.704
756,408.0,199.9,267.0,19.56,1.704
756,408.0,199.5,267.0,19.56,1.704
756,408.0,199.0,267.0,19.56,1.704
756,408.0,198.6,267.0,19.56,1.704
756,408.0,198.2,267.0,19.56,1.704
756,408.0,197.7,267.0,19.56,1.704
756,408.0,197.3,267.0,19.56,1.704
756,408.0,196.8,267.0,19.56,1.704
756,408.0,196.4,267.0,19.56,1.704
756,408.0,195.9,267.0,19.56,1.704
756,408.0,195.5,267.0,19.56,1.704
756,408.0,195.0,267.0,19.56,1.704
756,408.0,194.6,267.0,19.56,1.704
756,408.0,194.2,267.0,19.56,1.704
756,408.0,193.7,267.0,19.56,1.704
756,408.0,193.3,267.0,19.56,1.704
756,408.0,192.8,267.0,19.56,1.704
756,408.0,192.4,267.0,19.56,1.704
756,408.0,191.9,267.0,19.60,1.704
756,408.0,191.5,267.0,19.60,1.623
756,408.0,191.1,267.0,19.60,1.623
756,408.0,190.6,267.0,19.60,1.623
756,408.0,193.1,267.0,19.56,1.623
756,408.0,192.7,267.0,19.56,1.704
756,408.0,192.2,267.0,19.56,1.704
756,408.0,194.7,267.0,19.56,1.704
756,408.0,194.3,267.0,19.56,1.704
756,408.0,193.8,267.0,19.56,1.704
756,408.0,193.4,267.0,19.56,1.704
756,408.0,193.0,267.0,19.56,1.704
756,408.0,192.5,267.0,19.56,1.704
756,408.0,192.1,267.0,19.56,1.704
756,408.0,194.6,267.0,19.56,1.704
756,408.0,194.1,267.0,19.56,1.704
756,408.0,193.7,267.0,19.56,1.704
756,408.0,193.2,267.0,19.56,1.704
756,408.0,192.8,267.0,19.56,1.704
756,408.0,192.4,267.0,19.56,1.704
756,408.0,191.9,267.0,19.60,1.704
756,408.0,191.5,267.0,19.60,1.623
756,408.0,191.0,267.0,19.60,1.623
756,408.0,190.6,267.0,19.60,1.623
756,408.0,193.1,267.0,19.56,1.623
756,408.0,192.7,267.0,19.56,1.704
756,408.0,192.2,267.0,19.56,1.704
756,408.0,194.7,267.0,19.56,1.704
756,408.0,194.3,267.0,19.56,1.704
756,408.0,193.8,267.0,19.56,1.704
756,408.0,193.4,267.0,19.56,1.704
756,408.0,192.9,267.0,19.56,1.704
756,408.0,192.5,267.0,19.56,1.704
756,408.0,192.1,267.0,19.56,1.704
756,408.0,194.6,267.0,19.56,1.704
756,408.0,194.1,267.0,19.56,1.704
756,408.0,193.7,267.0,19.56,1.704
756,408.0,193.2,267.0,19.56,1.704
756,408.0,192.8,267.0,19.56,1.704
756,408.0,192.3,267.0,19.56,1.704
756,408.0,191.9,267.0,19.60,1.704
756,408.0,191.5,267.0,19.60,1.623
756,408.0,191.0,267.0,19.60,1.623
756,408.0,190.6,267.0,19.60,1.623
756,408.0,193.1,267.0,19.56,1.623
756,408.0,192.6,267.0,19.56,1.704
756,408.0,192.2,267.0,19.56,1.704
756,408.0,194.7,267.0,19.56,1.704
756,408.0,194.2,267.0,19.56,1.704
756,408.0,193.8,267.0,19.56,1.704
756,408.0,193.3,267.0,19.56,1.704
756,408.0,192.9,267.0,19.56,1.704
756,408.0,192.5,267.0,19.56,1.704
756,408.0,192.0,267.0,19.56,1.704
756,408.0,194.5,267.0,19.56,1.704
756,408.0,194.1,267.0,19.56,1.704
756,408.0,193.6,267.0,19.56,1.704
756,408.0,193.2,267.0,19.56,1.704
756,408.0,192.8,267.0,19.56,1.704
756,408.0,192.3,267.0,19.56,1.704
756,408.0,191.9,267.0,19.60,1.704
756,408.0,191.4,267.0,19.60,1.623
756,408.0,191.0,267.0,19.60,1.623
756,408.0,190.5,267.0,19.60,1.623
756,408.0,193.0,267.0,19.56,1.623
756,408.0,192.6,267.0,19.56,1.704
756,408.0,192.2,267.0,19.56,1.704
756,408.0,194.6,267.0,19.56,1.704
756,408.0,194.2,267.0,19.56,1.704
756,408.0,193.8,267.0,19.56,1.704
756,408.0,193.3,267.0,19.56,1.704
756,408.0,192.9,267.0,19.56,1.704
756,408.0,192.4,267.0,19.56,1.704
756,408.0,192.0,267.0,19.60,1.704
756,408.0,191.6,267.0,19.60,1.623
756,408.0,191.1,267.0,19.60,1.623
756,408.0,190.7,267.0,19.60,1.623
756,408.0,193.2,267.0,19.56,1.623
756,408.0,192.7,267.0,19.56,1.704
756,408.0,192.3,267.0,19.56,1.704
756,408.0,191.8,267.0,19.60,1.704
756,408.0,191.4,267.0,19.60,1.623
756,408.0,190.9,267.0,19.60,1.623
756,408.0,190.5,267.0,19.60,1.623
756,408.0,193.0,267.0,19.56,1.623
756,408.0,192.6,267.0,19.56,1.704
756,408.0,192.1,267.0,19.56,1.704
756,408.0,194.6,267.0,19.56,1.704
756,408.0,194.2,267.0,19.56,1.704
756,408.0,193.7,267.0,19.56,1.704
756,408.0,193.3,267.0,19.56,1.704
756,408.0,192.9,267.0,19.56,1.704
756,408.0,192.4,267.0,19.56,1.704
756,408.0,192.0,267.0,19.60,1.704
756,408.0,191.5,267.0,19.60,1.623
756,408.0,191.1,267.0,19.60,1.623
756,408.0,190.6,267.0,19.60,1.623
756,408.0,193.1,267.0,19.56,1.623
756,408.0,192.7,267.0,19.56,1.704
756,408.0,192.2,267.0,19.56,1.704
756,408.0,191.8,267.0,19.60,1.704
756,408.0,191.4,267.0,19.60,1.623
756,408.0,190.9,267.0,19.60,1.623
756,408.0,190.5,267.0,19.60,1.623
756,408.0,193.0,267.0,19.56,1.623
756,408.0,192.5,267.0,19.56,1.704
756,408.0,192.1,267.0,19.56,1.704
756,408.0,194.6,267.0,19.56,1.704
756,408.0,194.2,267.0,19.56,1.704
756,408.0,193.7,267.0,19.56,1.704
756,408.0,193.3,267.0,19.56,1.704
756,408.0,192.8,267.0,19.56,1.704
756,408.0,192.4,267.0,19.56,1.704
756,408.0,191.9,267.0,19.60,1.704
756,408.0,191.5,267.0,19.60,1.623
756,408.0,191.1,267.0,19.60,1.623
756,408.0,190.6,267.0,19.60,1.623
756,408.0,193.1,267.0,19.56,1.623
756,408.0,192.7,267.0,19.56,1.704
756,408.0,192.2,267.0,19.56,1.704
756,408.0,194.7,267.0,19.56,1.704
756,408.0,194.3,267.0,19.56,1.704
756,408.0,193.8,267.0,19.56,1.704
756,408.0,193.4,267.0,19.56,1.704
756,408.0,193.0,267.0,19.56,1.704
756,408.0,192.5,267.0,19.56,1.704
762,357.8,225.8,259.9,21.43,0.804
762,360.3,224.9,254.8,19.83,0.718
762,365.9,221.1,254.9,19.83,0.849
762,371.4,217.2,255.1,19.83,0.849
762,376.2,214.5,261.2,19.72,0.849
762,381.2,211.3,267.0,19.64,1.028
762,386.2,208.1,267.0,19.69,1.261
762,389.1,204.9,267.0,19.69,1.592
762,392.0,204.4,267.0,19.69,1.592
762,394.9,203.9,267.0,19.56,1.592
762,394.9,203.5,267.0,19.56,1.704
762,394.9,203.1,267.0,19.56,1.704
762,394.9,202.6,267.0,19.56,1.704
762,394.9,202.2,267.0,19.56,1.704
762,394.9,201.7,267.0,19.56,1.704
762,394.9,201.3,267.0,19.56,1.704
762,394.9,200.8,267.0,19.56,1.704
762,394.9,200.4,267.0,19.56,1.704
762,394.9,200.0,267.0,19.56,1.704
762,394.9,199.5,267.0,19.56,1.704
762,394.9,199.1,267.0,19.56,1.704
762,394.9,198.6,267.0,19.56,1.704
762,394.9,198.2,267.0,19.56,1.704
762,394.9,197.7,267.0,19.56,1.704
762,394.9,197.3,267.0,19.56,1.704
762,394.9,196.8,267.0,19.56,1.704
762,394.9,196.4,267.0,19.56,1.704
762,394.9,196.0,267.0,19.56,1.704
762,394.9,195.5,267.0,19.56,1.704
762,394.9,195.1,267.0,19.56,1.704
762,394.9,194.6,267.0,19.56,1.704
762,394.9,194.2,267.0,19.56,1.704
762,394.9,193.7,267.0,19.56,1.704
762,394.9,193.3,267.0,19.56,1.704
762,394.9,192.9,267.0,19.56,1.704
762,394.9,192.4,267.0,19.56,1.704
762,394.9,192.0,267.0,19.60,1.704
762,394.9,191.5,267.0,19.60,1.623
762,394.9,191.1,267.0,19.60,1.623
762,394.9,190.6,267.0,19.60,1.623
762,394.9,193.1,267.0,19.56,1.623
762,394.9,192.7,267.0,19.56,1.704
762,394.9,192.2,267.0,19.56,1.704
762,394.9,191.8,267.0,19.60,1.704
762,394.9,191.4,267.0,19.60,1.623
762,394.9,190.9,267.0,19.60,1.623
762,394.9,190.5,267.0,19.60,1.623
762,394.9,193.0,267.0,19.56,1.623
762,394.9,192.5,267.0,19.56,1.704
762,394.9,192.1,267.0,19.56,1.704
762,394.9,194.6,267.0,19.56,1.704
762,394.9,194.2,267.0,19.56,1.704
762,394.9,193.7,267.0,19.56,1.704
762,394.9,193.3,267.0,19.56,1.704
762,394.9,192.8,267.0,19.56,1.704
762,394.9,192.4,267.0,19.56,1.704
762,394.9,191.9,267.0,19.60,1.704
762,394.9,191.5,267.0,19.60,1.623
762,394.9,191.1,267.0,19.60,1.623
762,394.9,190.6,267.0,19.60,1.623
762,394.9,193.1,267.0,19.56,1.623
762,394.9,192.7,267.0,19.56,1.704
762,394.9,192.2,267.0,19.56,1.704
762,394.9,194.7,267.0,19.56,1.704
762,394.9,194.3,267.0,19.56,1.704
762,394.9,193.8,267.0,19.56,1.704
762,394.9,193.4,267.0,19.56,1.704
762,394.9,193.0,267.0,19.56,1.704
762,394.9,192.5,267.0,19.56,1.704
762,394.9,192.1,267.0,19.56,1.704
762,394.9,194.6,267.0,19.56,1.704
762,394.9,194.1,267.0,19.56,1.704
762,394.9,193.7,267.0,19.56,1.704
762,394.9,193.2,267.0,19.56,1.704
762,394.9,192.8,267.0,19.56,1.704
762,394.9,192.4,267.0,19.56,1.704
762,394.9,191.9,267.0,19.60,1.704
762,394.9,191.5,267.0,19.60,1.623
762,394.9,191.0,267.0,19.60,1.623
762,394.9,190.6,267.0,19.60,1.623
762,394.9,193.1,267.0,19.56,1.623
762,394.9,192.6,267.0,19.56,1.704
762,394.9,192.2,267.0,19.56,1.704
762,394.9,194.7,267.0,19.56,1.704
762,394.9,194.3,267.0,19.56,1.704
762,394.9,193.8,267.0,19.56,1.704
762,394.9,193.4,267.0,19.56,1.704
762,394.9,192.9,267.0,19.56,1.704
762,394.9,192.5,267.0,19.56,1.704
762,394.9,192.0,267.0,19.56,1.704
762,394.9,194.6,267.0,19.56,1.704
762,394.9,194.1,267.0,19.56,1.704
762,394.9,193.7,267.0,19.56,1.704
762,394.9,193.2,267.0,19.56,1.704
762,394.9,192.8,267.0,19.56,1.704
762,394.9,192.3,267.0,19.56,1.704
762,394.9,191.9,267.0,19.60,1.704
762,394.9,191.4,267.0,19.60,1.623
762,394.9,191.0,267.0,19.60,1.623
762,394.9,190.6,267.0,19.60,1.623
762,394.9,193.1,267.0,19.56,1.623
762,394.9,192.6,267.0,19.56,1.704
762,394.9,192.2,267.0,19.56,1.704
762,394.9,194.7,267.0,19.56,1.704
762,394.9,194.2,267.0,19.56,1.704
762,394.9,193.8,267.0,19.56,1.704
762,394.9,193.3,267.0,19.56,1.704
762,394.9,192.9,267.0,19.56,1.704
762,394.9,192.5,267.0,19.56,1.704
762,394.9,192.0,267.0,19.56,1.704
762,394.9,194.5,267.0,19.56,1.704
762,394.9,194.1,267.0,19.56,1.704
762,394.9,193.6,267.0,19.56,1.704
762,394.9,193.2,267.0,19.56,1.704
762,394.9,192.8,267.0,19.56,1.704
762,394.9,192.3,267.0,19.56,1.704
762,394.9,191.9,267.0,19.60,1.704
762,394.9,191.4,267.0,19.60,1.623
762,394.9,191.0,267.0,19.60,1.623
762,394.9,190.5,267.0,19.60,1.623
762,394.9,193.0,267.0,19.56,1.623
762,394.9,192.6,267.0,19.56,1.704
762,394.9,192.2,267.0,19.56,1.704
762,394.9,194.6,267.0,19.56,1.704
762,394.9,194.2,267.0,19.56,1.704
762,394.9,193.8,267.0,19.56,1.704
762,394.9,193.3,267.0,19.56,1.704
762,394.9,192.9,267.0,19.56,1.704
762,394.9,192.4,267.0,19.56,1.704
762,394.9,192.0,267.0,19.60,1.704
762,394.9,191.6,267.0,19.60,1.623
762,394.9,191.1,267.0,19.60,1.623
762,394.9,190.7,267.0,19.60,1.623
762,394.9,193.2,267.0,19.56,1.623
762,394.9,192.7,267.0,19.56,1.704
762,394.9,192.3,267.0,19.56,1.704
762,394.9,191.8,267.0,19.60,1.704
762,394.9,191.4,267.0,19.60,1.623
762,394.9,190.9,267.0,19.60,1.623
762,394.9,190.5,267.0,19.60,1.623
762,394.9,193.0,267.0,19.56,1.623
762,394.9,192.6,267.0,19.56,1.704
762,394.9,192.1,267.0,19.56,1.704
762,394.9,194.6,267.0,19.56,1.704
762,394.9,194.2,267.0,19.56,1.704
762,394.9,193.7,267.0,19.56,1.704
762,394.9,193.3,267.0,19.56,1.704
762,394.9,192.9,267.0,19.56,1.704
762,394.9,192.4,267.0,19.56,1.704
762,394.9,192.0,267.0,19.60,1.704
762,394.9,191.5,267.0,19.60,1.623
762,394.9,191.1,267.0,19.60,1.623
762,394.9,190.6,267.0,19.60,1.623
762,394.9,193.1,267.0,19.56,1.623
762,394.9,192.7,267.0,19.56,1.704
762,394.9,192.2,267.0,19.56,1.704
762,394.9,191.8,267.0,19.60,1.704
762,394.9,191.4,267.0,19.60,1.623
762,394.9,190.9,267.0,19.60,1.623
762,394.9,190.5,267.0,19.60,1.623
768,384.4,166.5,258.1,18.53,1.188
768,386.4,172.4,258.0,19.18,1.107
768,388.5,178.2,257.8,19.18,0.776
768,391.2,180.4,267.0,19.60,0.776
768,394.1,182.9,267.0,19.60,1.623
768,397.0,185.3,267.0,19.35,1.623
768,397.0,187.8,267.0,19.35,1.732
768,397.0,190.3,267.0,19.35,1.732
768,397.0,192.8,267.0,19.67,1.732
768,397.0,192.4,267.0,19.67,1.846
768,397.0,191.9,267.0,19.35,1.846
768,397.0,191.5,267.0,19.35,1.732
768,397.0,191.1,267.0,19.35,1.732
768,397.0,190.6,267.0,19.35,1.732
768,397.0,193.1,267.0,19.67,1.732
768,397.0,192.7,267.0,19.67,1.846
768,397.0,192.2,267.0,19.67,1.846
768,397.0,191.8,267.0,19.35,1.846
768,397.0,191.3,267.0,19.35,1.732
768,397.0,190.9,267.0,19.35,1.732
768,397.0,190.5,267.0,19.35,1.732
768,397.0,193.0,267.0,19.67,1.732
768,397.0,192.5,267.0,19.67,1.846
768,397.0,192.1,267.0,19.67,1.846
768,397.0,194.6,267.0,19.67,1.846
768,397.0,194.1,267.0,19.67,1.846
768,397.0,193.7,267.0,19.67,1.846
768,397.0,193.2,267.0,19.67,1.846
768,397.0,192.8,267.0,19.67,1.846
768,397.0,192.4,267.0,19.67,1.846
768,397.0,191.9,267.0,19.35,1.846
768,397.0,191.5,267.0,19.35,1.732
768,397.0,191.0,267.0,19.35,1.732
768,397.0,190.6,267.0,19.35,1.732
768,397.0,193.1,267.0,19.67,1.732
768,397.0,192.6,267.0,19.67,1.846
768,397.0,192.2,267.0,19.67,1.846
768,397.0,194.7,267.0,19.67,1.846
768,397.0,194.3,267.0,19.67,1.846
768,397.0,193.8,267.0,19.67,1.846
768,397.0,193.4,267.0,19.67,1.846
768,397.0,192.9,267.0,19.67,1.846
768,397.0,192.5,267.0,19.67,1.846
768,397.0,192.0,267.0,19.67,1.846
768,397.0,194.5,267.0,19.67,1.846
768,397.0,194.1,267.0,19.67,1.846
768,397.0,193.7,267.0,19.67,1.846
768,397.0,193.2,267.0,19.67,1.846
768,397.0,192.8,267.0,19.67,1.846
768,397.0,192.3,267.0,19.67,1.846
768,397.0,191.9,267.0,19.35,1.846
768,397.0,191.4,267.0,19.35,1.732
768,397.0,191.0,267.0,19.35,1.732
768,397.0,190.6,267.0,19.35,1.732
768,397.0,193.1,267.0,19.67,1.732
768,397.0,192.6,267.0,19.67,1.846
768,397.0,192.2,267.0,19.67,1.846
768,397.0,194.7,267.0,19.67,1.846
768,397.0,194.2,267.0,19.67,1.846
768,397.0,193.8,267.0,19.67,1.846
768,397.0,193.3,267.0,19.67,1.846
768,397.0,192.9,267.0,19.67,1.846
768,397.0,192.5,267.0,19.67,1.846
768,397.0,192.0,267.0,19.67,1.846
768,397.0,194.5,267.0,19.67,1.846
768,397.0,194.1,267.0,19.67,1.846
768,397.0,193.6,267.0,19.67,1.846
768,397.0,193.2,267.0,19.67,1.846
768,397.0,192.7,267.0,19.67,1.846
768,397.0,192.3,267.0,19.67,1.846
768,397.0,191.9,267.0,19.35,1.846
768,397.0,191.4,267.0,19.35,1.732
768,397.0,191.0,267.0,19.35,1.732
768,397.0,190.5,267.0,19.35,1.732
768,397.0,193.0,267.0,19.67,1.732
768,397.0,192.6,267.0,19.67,1.846
768,397.0,192.1,267.0,19.67,1.846
768,397.0,194.6,267.0,19.67,1.846
768,397.0,194.2,267.0,19.67,1.846
768,397.0,193.8,267.0,19.67,1.846
768,397.0,193.3,267.0,19.67,1.846
768,397.0,192.9,267.0,19.67,1.846
768,397.0,192.4,267.0,19.67,1.846
768,397.0,192.0,267.0,19.35,1.846
768,397.0,191.5,267.0,19.35,1.732
768,397.0,191.1,267.0,19.35,1.732
768,397.0,190.7,267.0,19.35,1.732
768,397.0,193.2,267.0,19.67,1.732
768,397.0,192.7,267.0,19.67,1.846
768,397.0,192.3,267.0,19.67,1.846
768,397.0,191.8,267.0,19.35,1.846
768,397.0,191.4,267.0,19.35,1.732
768,397.0,190.9,267.0,19.35,1.732
768,397.0,190.5,267.0,19.35,1.732
768,397.0,193.0,267.0,19.67,1.732
768,397.0,192.6,267.0,19.67,1.846
768,397.0,192.1,267.0,19.67,1.846
768,397.0,194.6,267.0,19.67,1.846
768,397.0,194.2,267.0,19.67,1.846
768,397.0,193.7,267.0,19.67,1.846
768,397.0,193.3,267.0,19.67,1.846
768,397.0,192.9,267.0,19.67,1.846
768,397.0,192.4,267.0,19.67,1.846
768,397.0,192.0,267.0,19.35,1.846
768,397.0,191.5,267.0,19.35,1.732
768,397.0,191.1,267.0,19.35,1.732
768,397.0,190.6,267.0,19.35,1.732
768,397.0,193.1,267.0,19.67,1.732
768,397.0,192.7,267.0,19.67,1.846
768,397.0,192.2,267.0,19.67,1.846
768,397.0,191.8,267.0,19.35,1.846
768,397.0,191.4,267.0,19.35,1.732
768,397.0,190.9,267.0,19.35,1.732
768,397.0,190.5,267.0,19.35,1.732
768,397.0,193.0,267.0,19.67,1.732
768,397.0,192.5,267.0,19.67,1.846
768,397.0,192.1,267.0,19.67,1.846
768,397.0,194.6,267.0,19.67,1.846
768,397.0,194.2,267.0,19.67,1.846
768,397.0,193.7,267.0,19.67,1.846
768,397.0,193.3,267.0,19.67,1.846
768,397.0,192.8,267.0,19.67,1.846
768,397.0,192.4,267.0,19.67,1.846
768,397.0,191.9,267.0,19.35,1.846
768,397.0,191.5,267.0,19.35,1.732
768,397.0,191.1,267.0,19.35,1.732
768,397.0,190.6,267.0,19.35,1.732
768,397.0,193.1,267.0,19.67,1.732
768,397.0,192.7,267.0,19.67,1.846
768,397.0,192.2,267.0,19.67,1.846
768,397.0,194.7,267.0,19.67,1.846
768,397.0,194.3,267.0,19.67,1.846
768,397.0,193.8,267.0,19.67,1.846
768,397.0,193.4,267.0,19.67,1.846
768,397.0,192.9,267.0,19.67,1.846
768,397.0,192.5,267.0,19.67,1.846
768,397.0,192.1,267.0,19.67,1.846
768,397.0,194.6,267.0,19.67,1.846
768,397.0,194.1,267.0,19.67,1.846
768,397.0,193.7,267.0,19.67,1.846
768,397.0,193.2,267.0,19.67,1.846
768,397.0,192.8,267.0,19.67,1.846
768,397.0,192.3,267.0,19.67,1.846
768,397.0,191.9,267.0,19.35,1.846
768,397.0,191.5,267.0,19.35,1.732
768,397.0,191.0,267.0,19.35,1.732
768,397.0,190.6,267.0,19.35,1.732
768,397.0,193.1,267.0,19.67,1.732
768,397.0,192.6,267.0,19.67,1.846
768,397.0,192.2,267.0,19.67,1.846
768,397.0,194.7,267.0,19.67,1.846
768,397.0,194.2,267.0,19.67,1.846
768,397.0,193.8,267.0,19.67,1.846
768,397.0,193.4,267.0,19.67,1.846
768,397.0,192.9,267.0,19.67,1.846
768,397.0,192.5,267.0,19.67,1.846
768,397.0,192.0,267.0,19.67,1.846
768,397.0,194.5,267.0,19.67,1.846
768,397.0,194.1,267.0,19.67,1.846
768,397.0,193.7,267.0,19.67,1.846
774,391.9,234.8,264.5,18.95,0.835
774,394.4,228.1,263.9,19.15,0.893
774,396.8,223.1,267.0,19.15,0.826
774,396.8,217.8,267.0,19.15,1.247
774,396.8,214.6,267.0,19.58,1.247
774,396.8,211.4,267.0,19.58,1.685
774,396.8,208.1,267.0,19.58,1.685
774,396.8,204.9,267.0,19.58,1.685
774,396.8,204.4,267.0,19.58,1.685
774,396.8,204.0,267.0,19.67,1.685
774,396.8,203.5,267.0,19.67,1.846
774,396.8,203.1,267.0,19.67,1.846
774,396.8,202.7,267.0,19.67,1.846
774,396.8,202.2,267.0,19.67,1.846
774,396.8,201.8,267.0,19.67,1.846
774,396.8,201.3,267.0,19.67,1.846
774,396.8,200.9,267.0,19.67,1.846
774,396.8,200.4,267.0,19.67,1.846
774,396.8,200.0,267.0,19.67,1.846
774,396.8,199.6,267.0,19.67,1.846
774,396.8,199.1,267.0,19.67,1.846
774,396.8,198.7,267.0,19.67,1.846
774,396.8,198.2,267.0,19.67,1.846
774,396.8,197.8,267.0,19.67,1.846
774,396.8,197.3,267.0,19.67,1.846
774,396.8,196.9,267.0,19.67,1.846
774,396.8,196.4,267.0,19.67,1.846
774,396.8,196.0,267.0,19.67,1.846
774,396.8,195.6,267.0,19.67,1.846
774,396.8,195.1,267.0,19.67,1.846
774,396.8,194.7,267.0,19.67,1.846
774,396.8,194.2,267.0,19.67,1.846
774,396.8,193.8,267.0,19.67,1.846
774,396.8,193.3,267.0,19.67,1.846
774,396.8,192.9,267.0,19.67,1.846
774,396.8,192.5,267.0,19.67,1.846
774,396.8,192.0,267.0,19.67,1.846
774,396.8,194.5,267.0,19.67,1.846
774,396.8,194.1,267.0,19.67,1.846
774,396.8,193.6,267.0,19.67,1.846
774,396.8,193.2,267.0,19.67,1.846
774,396.8,192.8,267.0,19.67,1.846
774,396.8,192.3,267.0,19.67,1.846
774,396.8,191.9,267.0,19.35,1.846
774,396.8,191.4,267.0,19.35,1.732
774,396.8,191.0,267.0,19.35,1.732
774,396.8,190.5,267.0,19.35,1.732
774,396.8,193.0,267.0,19.67,1.732
774,396.8,192.6,267.0,19.67,1.846
774,396.8,192.2,267.0,19.67,1.846
774,396.8,194.6,267.0,19.67,1.846
774,396.8,194.2,267.0,19.67,1.846
774,396.8,193.8,267.0,19.67,1.846
774,396.8,193.3,267.0,19.67,1.846
774,396.8,192.9,267.0,19.67,1.846
774,396.8,192.4,267.0,19.67,1.846
774,396.8,192.0,267.0,19.67,1.846
774,396.8,191.6,267.0,19.35,1.732
774,396.8,191.1,267.0,19.35,1.732
774,396.8,190.7,267.0,19.35,1.732
774,396.8,193.2,267.0,19.67,1.732
774,396.8,192.7,267.0,19.67,1.846
774,396.8,192.3,267.0,19.67,1.846
774,396.8,191.8,267.0,19.35,1.846
774,396.8,191.4,267.0,19.35,1.732
774,396.8,190.9,267.0,19.35,1.732
774,396.8,190.5,267.0,19.35,1.732
774,396.8,193.0,267.0,19.67,1.732
774,396.8,192.6,267.0,19.67,1.846
774,396.8,192.1,267.0,19.67,1.846
774,396.8,194.6,267.0,19.67,1.846
774,396.8,194.2,267.0,19.67,1.846
774,396.8,193.7,267.0,19.67,1.846
774,396.8,193.3,267.0,19.67,1.846
774,396.8,192.9,267.0,19.67,1.846
774,396.8,192.4,267.0,19.67,1.846
774,396.8,192.0,267.0,19.35,1.846
774,396.8,191.5,267.0,19.35,1.732
774,396.8,191.1,267.0,19.35,1.732
774,396.8,190.6,267.0,19.35,1.732
774,396.8,193.1,267.0,19.67,1.732
774,396.8,192.7,267.0,19.67,1.846
774,396.8,192.2,267.0,19.67,1.846
774,396.8,191.8,267.0,19.35,1.846
774,396.8,191.4,267.0,19.35,1.732
774,396.8,190.9,267.0,19.35,1.732
774,396.8,190.5,267.0,19.35,1.732
774,396.8,193.0,267.0,19.67,1.732
774,396.8,192.5,267.0,19.67,1.846
774,396.8,192.1,267.0,19.67,1.846
774,396.8,194.6,267.0,19.67,1.846
774,396.8,194.2,267.0,19.67,1.846
774,396.8,193.7,267.0,19.67,1.846
774,396.8,193.3,267.0,19.67,1.846
774,396.8,192.8,267.0,19.67,1.846
774,396.8,192.4,267.0,19.67,1.846
774,396.8,191.9,267.0,19.35,1.846
774,396.8,191.5,267.0,19.35,1.732
774,396.8,191.1,267.0,19.35,1.732
774,396.8,190.6,267.0,19.35,1.732
774,396.8,193.1,267.0,19.67,1.732
774,396.8,192.7,267.0,19.67,1.846
774,396.8,192.2,267.0,19.67,1.846
774,396.8,191.8,267.0,19.35,1.846
774,396.8,191.3,267.0,19.35,1.732
774,396.8,190.9,267.0,19.35,1.732
774,396.8,190.5,267.0,19.35,1.732
774,396.8,193.0,267.0,19.67,1.732
774,396.8,192.5,267.0,19.67,1.846
774,396.8,192.1,267.0,19.67,1.846
774,396.8,194.6,267.0,19.67,1.846
774,396.8,194.1,267.0,19.67,1.846
774,396.8,193.7,267.0,19.67,1.846
774,396.8,193.2,267.0,19.67,1.846
774,396.8,192.8,267.0,19.67,1.846
774,396.8,192.4,267.0,19.67,1.846
774,396.8,191.9,267.0,19.35,1.846
774,396.8,191.5,267.0,19.35,1.732
774,396.8,191.0,267.0,19.35,1.732
774,396.8,190.6,267.0,19.35,1.732
774,396.8,193.1,267.0,19.67,1.732
774,396.8,192.6,267.0,19.67,1.846
774,396.8,192.2,267.0,19.67,1.846
774,396.8,194.7,267.0,19.67,1.846
774,396.8,194.3,267.0,19.67,1.846
774,396.8,193.8,267.0,19.67,1.846
774,396.8,193.4,267.0,19.67,1.846
774,396.8,192.9,267.0,19.67,1.846
774,396.8,192.5,267.0,19.67,1.846
774,396.8,192.0,267.0,19.67,1.846
774,396.8,194.6,267.0,19.67,1.846
774,396.8,194.1,267.0,19.67,1.846
774,396.8,193.7,267.0,19.67,1.846
774,396.8,193.2,267.0,19.67,1.846
774,396.8,192.8,267.0,19.67,1.846
774,396.8,192.3,267.0,19.67,1.846
774,396.8,191.9,267.0,19.35,1.846
774,396.8,191.4,267.0,19.35,1.732
774,396.8,191.0,267.0,19.35,1.732
774,396.8,190.6,267.0,19.35,1.732
774,396.8,193.1,267.0,19.67,1.732
774,396.8,192.6,267.0,19.67,1.846
774,396.8,192.2,267.0,19.67,1.846
774,396.8,194.7,267.0,19.67,1.846
774,396.8,194.2,267.0,19.67,1.846
774,396.8,193.8,267.0,19.67,1.846
774,396.8,193.3,267.0,19.67,1.846
774,396.8,192.9,267.0,19.67,1.846
774,396.8,192.5,267.0,19.67,1.846
774,396.8,192.0,267.0,19.67,1.846
774,396.8,194.5,267.0,19.67,1.846
774,396.8,194.1,267.0,19.67,1.846
774,396.8,193.6,267.0,19.67,1.846
774,396.8,193.2,267.0,19.67,1.846
774,396.8,192.8,267.0,19.67,1.846
774,396.8,192.3,267.0,19.67,1.846
774,396.8,191.9,267.0,19.35,1.846
774,396.8,191.4,267.0,19.35,1.732
774,396.8,191.0,267.0,19.35,1.732
774,396.8,190.5,267.0,19.35,1.732
780,445.2,175.4,262.6,23.16,0.541
780,441.0,177.2,259.8,22.12,0.484
780,436.8,179.0,257.0,22.12,0.670
780,432.6,180.8,254.3,18.91,0.670
780,427.4,181.4,253.0,19.79,1.120
780,421.2,182.9,252.5,19.79,0.800
780,418.5,185.1,261.9,19.65,0.800
780,415.6,187.6,267.0,19.60,1.252
780,412.7,190.0,267.0,19.60,1.623
780,409.8,192.5,267.0,19.56,1.623
780,406.9,192.0,267.0,19.35,1.704
780,406.9,191.6,267.0,19.35,1.732
780,406.9,191.1,267.0,19.35,1.732
780,406.9,190.7,267.0,19.35,1.732
780,406.9,193.2,267.0,19.67,1.732
780,406.9,192.7,267.0,19.67,1.846
780,406.9,192.3,267.0,19.67,1.846
780,406.9,191.8,267.0,19.35,1.846
780,406.9,191.4,267.0,19.35,1.732
780,406.9,190.9,267.0,19.35,1.732
780,406.9,190.5,267.0,19.35,1.732
780,406.9,193.0,267.0,19.67,1.732
780,406.9,192.6,267.0,19.67,1.846
780,406.9,192.1,267.0,19.67,1.846
780,406.9,194.6,267.0,19.67,1.846
780,406.9,194.2,267.0,19.67,1.846
780,406.9,193.7,267.0,19.67,1.846
780,406.9,193.3,267.0,19.67,1.846
780,406.9,192.9,267.0,19.67,1.846
780,406.9,192.4,267.0,19.67,1.846
780,406.9,192.0,267.0,19.35,1.846
780,406.9,191.5,267.0,19.35,1.732
780,406.9,191.1,267.0,19.35,1.732
780,406.9,190.6,267.0,19.35,1.732
780,406.9,193.1,267.0,19.67,1.732
780,406.9,192.7,267.0,19.67,1.846
780,406.9,192.2,267.0,19.67,1.846
780,406.9,191.8,267.0,19.35,1.846
780,406.9,191.4,267.0,19.35,1.732
780,406.9,190.9,267.0,19.35,1.732
780,406.9,190.5,267.0,19.35,1.732
780,406.9,193.0,267.0,19.67,1.732
780,406.9,192.5,267.0,19.67,1.846
780,406.9,192.1,267.0,19.67,1.846
780,406.9,194.6,267.0,19.67,1.846
780,406.9,194.2,267.0,19.67,1.846
780,406.9,193.7,267.0,19.67,1.846
780,406.9,193.3,267.0,19.67,1.846
780,406.9,192.8,267.0,19.67,1.846
780,406.9,192.4,267.0,19.67,1.846
780,406.9,191.9,267.0,19.35,1.846
780,406.9,191.5,267.0,19.35,1.732
780,406.9,191.1,267.0,19.35,1.732
780,406.9,190.6,267.0,19.35,1.732
780,406.9,193.1,267.0,19.67,1.732
780,406.9,192.7,267.0,19.67,1.846
780,406.9,192.2,267.0,19.67,1.846
780,406.9,191.8,267.0,19.35,1.846
780,406.9,191.3,267.0,19.35,1.732
780,406.9,190.9,267.0,19.35,1.732
780,406.9,190.5,267.0,19.35,1.732
780,406.9,192.9,267.0,19.67,1.732
780,406.9,192.5,267.0,19.67,1.846
780,406.9,192.1,267.0,19.67,1.846
780,406.9,194.6,267.0,19.67,1.846
780,406.9,194.1,267.0,19.67,1.846
780,406.9,193.7,267.0,19.67,1.846
780,406.9,193.2,267.0,19.67,1.846
780,406.9,192.8,267.0,19.67,1.846
780,406.9,192.3,267.0,19.67,1.846
780,406.9,191.9,267.0,19.35,1.846
780,406.9,191.5,267.0,19.35,1.732
780,406.9,191.0,267.0,19.35,1.732
780,406.9,190.6,267.0,19.35,1.732
780,406.9,193.1,267.0,19.67,1.732
780,406.9,192.6,267.0,19.67,1.846
780,406.9,192.2,267.0,19.67,1.846
780,406.9,194.7,267.0,19.67,1.846
780,406.9,194.3,267.0,19.67,1.846
780,406.9,193.8,267.0,19.67,1.846
780,406.9,193.4,267.0,19.67,1.846
780,406.9,192.9,267.0,19.67,1.846
780,406.9,192.5,267.0,19.67,1.846
780,406.9,192.0,267.0,19.67,1.846
780,406.9,194.5,267.0,19.67,1.846
780,406.9,194.1,267.0,19.67,1.846
780,406.9,193.7,267.0,19.67,1.846
780,406.9,193.2,267.0,19.67,1.846
780,406.9,192.8,267.0,19.67,1.846
780,406.9,192.3,267.0,19.67,1.846
780,406.9,191.9,267.0,19.35,1.846
780,406.9,191.4,267.0,19.35,1.732
780,406.9,191.0,267.0,19.35,1.732
780,406.9,190.6,267.0,19.35,1.732
780,406.9,193.1,267.0,19.67,1.732
780,406.9,192.6,267.0,19.67,1.846
780,406.9,192.2,267.0,19.67,1.846
780,406.9,194.7,267.0,19.67,1.846
780,406.9,194.2,267.0,19.67,1.846
780,406.9,193.8,267.0,19.67,1.846
780,406.9,193.3,267.0,19.67,1.846
780,406.9,192.9,267.0,19.67,1.846
780,406.9,192.5,267.0,19.67,1.846
780,406.9,192.0,267.0,19.67,1.846
780,406.9,194.5,267.0,19.67,1.846
780,406.9,194.1,267.0,19.67,1.846
780,406.9,193.6,267.0,19.67,1.846
780,406.9,193.2,267.0,19.67,1.846
780,406.9,192.7,267.0,19.67,1.846
780,406.9,192.3,267.0,19.67,1.846
780,406.9,191.9,267.0,19.35,1.846
780,406.9,191.4,267.0,19.35,1.732
780,406.9,191.0,267.0,19.35,1.732
780,406.9,190.5,267.0,19.35,1.732
780,406.9,193.0,267.0,19.67,1.732
780,406.9,192.6,267.0,19.67,1.846
780,406.9,192.1,267.0,19.67,1.846
780,406.9,194.6,267.0,19.67,1.846
780,406.9,194.2,267.0,19.67,1.846
780,406.9,193.8,267.0,19.67,1.846
780,406.9,193.3,267.0,19.67,1.846
780,406.9,192.9,267.0,19.67,1.846
780,406.9,192.4,267.0,19.67,1.846
780,406.9,192.0,267.0,19.35,1.846
780,406.9,191.5,267.0,19.35,1.732
780,406.9,191.1,267.0,19.35,1.732
780,406.9,190.7,267.0,19.35,1.732
780,406.9,193.2,267.0,19.67,1.732
780,406.9,192.7,267.0,19.67,1.846
780,406.9,192.3,267.0,19.67,1.846
780,406.9,191.8,267.0,19.35,1.846
780,406.9,191.4,267.0,19.35,1.732
780,406.9,190.9,267.0,19.35,1.732
780,406.9,190.5,267.0,19.35,1.732
780,406.9,193.0,267.0,19.67,1.732
780,406.9,192.6,267.0,19.67,1.846
780,406.9,192.1,267.0,19.67,1.846
780,406.9,194.6,267.0,19.67,1.846
780,406.9,194.2,267.0,19.67,1.846
780,406.9,193.7,267.0,19.67,1.846
780,406.9,193.3,267.0,19.67,1.846
780,406.9,192.9,267.0,19.67,1.846
780,406.9,192.4,267.0,19.67,1.846
780,406.9,192.0,267.0,19.35,1.846
780,406.9,191.5,267.0,19.35,1.732
780,406.9,191.1,267.0,19.35,1.732
780,406.9,190.6,267.0,19.35,1.732
780,406.9,193.1,267.0,19.67,1.732
780,406.9,192.7,267.0,19.67,1.846
780,406.9,192.2,267.0,19.67,1.846
780,406.9,191.8,267.0,19.35,1.846
780,406.9,191.4,267.0,19.35,1.732
780,406.9,190.9,267.0,19.35,1.732
780,406.9,190.5,267.0,19.35,1.732
780,406.9,193.0,267.0,19.67,1.732
780,406.9,192.5,267.0,19.67,1.846
780,406.9,192.1,267.0,19.67,1.846
780,406.9,194.6,267.0,19.67,1.846
780,406.9,194.2,267.0,19.67,1.846
780,406.9,193.7,267.0,19.67,1.846
786,378.7,229.2,264.8,20.26,0.995
786,383.7,224.0,267.0,20.28,0.995
786,386.6,218.8,267.0,19.57,1.169
786,389.5,213.6,267.0,19.69,1.248
786,392.4,210.4,267.0,19.69,1.592
786,395.3,207.2,267.0,19.69,1.592
786,395.3,203.9,267.0,19.56,1.592
786,395.3,203.5,267.0,19.56,1.704
786,395.3,203.0,267.0,19.56,1.704
786,395.3,202.6,267.0,19.56,1.704
786,395.3,202.2,267.0,19.56,1.704
786,395.3,201.7,267.0,19.56,1.704
786,395.3,201.3,267.0,19.56,1.704
786,395.3,200.8,267.0,19.56,1.704
786,395.3,200.4,267.0,19.56,1.704
786,395.3,199.9,267.0,19.56,1.704
786,395.3,199.5,267.0,19.56,1.704
786,395.3,199.0,267.0,19.56,1.704
786,395.3,198.6,267.0,19.56,1.704
786,395.3,198.2,267.0,19.56,1.704
786,395.3,197.7,267.0,19.56,1.704
786,395.3,197.3,267.0,19.56,1.704
786,395.3,196.8,267.0,19.56,1.704
786,395.3,196.4,267.0,19.56,1.704
786,395.3,195.9,267.0,19.56,1.704
786,395.3,195.5,267.0,19.56,1.704
786,395.3,195.1,267.0,19.56,1.704
786,395.3,194.6,267.0,19.56,1.704
786,395.3,194.2,267.0,19.56,1.704
786,395.3,193.7,267.0,19.56,1.704
786,395.3,193.3,267.0,19.56,1.704
786,395.3,192.9,267.0,19.56,1.704
786,395.3,192.4,267.0,19.56,1.704
786,395.3,192.0,267.0,19.60,1.704
786,395.3,191.5,267.0,19.60,1.623
786,395.3,191.1,267.0,19.60,1.623
786,395.3,190.6,267.0,19.60,1.623
786,395.3,193.1,267.0,19.56,1.623
786,395.3,192.7,267.0,19.56,1.704
786,395.3,192.2,267.0,19.56,1.704
786,395.3,191.8,267.0,19.60,1.704
786,395.3,191.4,267.0,19.60,1.623
786,395.3,190.9,267.0,19.60,1.623
786,395.3,190.5,267.0,19.60,1.623
786,395.3,193.0,267.0,19.56,1.623
786,395.3,192.5,267.0,19.56,1.704
786,395.3,192.1,267.0,19.56,1.704
786,395.3,194.6,267.0,19.56,1.704
786,395.3,194.2,267.0,19.56,1.704
786,395.3,193.7,267.0,19.56,1.704
786,395.3,193.3,267.0,19.56,1.704
786,395.3,192.8,267.0,19.56,1.704
786,395.3,192.4,267.0,19.56,1.704
786,395.3,191.9,267.0,19.60,1.704
786,395.3,191.5,267.0,19.60,1.623
786,395.3,191.1,267.0,19.60,1.623
786,395.3,190.6,267.0,19.60,1.623
786,395.3,193.1,267.0,19.56,1.623
786,395.3,192.7,267.0,19.56,1.704
786,395.3,192.2,267.0,19.56,1.704
786,395.3,194.7,267.0,19.56,1.704
786,395.3,194.3,267.0,19.56,1.704
786,395.3,193.8,267.0,19.56,1.704
786,395.3,193.4,267.0,19.56,1.704
786,395.3,192.9,267.0,19.56,1.704
786,395.3,192.5,267.0,19.56,1.704
786,395.3,192.1,267.0,19.56,1.704
786,395.3,194.6,267.0,19.56,1.704
786,395.3,194.1,267.0,19.56,1.704
786,395.3,193.7,267.0,19.56,1.704
786,395.3,193.2,267.0,19.56,1.704
786,395.3,192.8,267.0,19.56,1.704
786,395.3,192.3,267.0,19.56,1.704
786,395.3,191.9,267.0,19.60,1.704
786,395.3,191.5,267.0,19.60,1.623
786,395.3,191.0,267.0,19.60,1.623
786,395.3,190.6,267.0,19.60,1.623
786,395.3,193.1,267.0,19.56,1.623
786,395.3,192.6,267.0,19.56,1.704
786,395.3,192.2,267.0,19.56,1.704
786,395.3,194.7,267.0,19.56,1.704
786,395.3,194.2,267.0,19.56,1.704
786,395.3,193.8,267.0,19.56,1.704
786,395.3,193.4,267.0,19.56,1.704
786,395.3,192.9,267.0,19.56,1.704
786,395.3,192.5,267.0,19.56,1.704
786,395.3,192.0,267.0,19.56,1.704
786,395.3,194.5,267.0,19.56,1.704
786,395.3,194.1,267.0,19.56,1.704
786,395.3,193.7,267.0,19.56,1.704
786,395.3,193.2,267.0,19.56,1.704
786,395.3,192.8,267.0,19.56,1.704
786,395.3,192.3,267.0,19.56,1.704
786,395.3,191.9,267.0,19.60,1.704
786,395.3,191.4,267.0,19.60,1.623
786,395.3,191.0,267.0,19.60,1.623
786,395.3,190.6,267.0,19.60,1.623
786,395.3,193.1,267.0,19.56,1.623
786,395.3,192.6,267.0,19.56,1.704
786,395.3,192.2,267.0,19.56,1.704
786,395.3,194.7,267.0,19.56,1.704
786,395.3,194.2,267.0,19.56,1.704
786,395.3,193.8,267.0,19.56,1.704
786,395.3,193.3,267.0,19.56,1.704
786,395.3,192.9,267.0,19.56,1.704
786,395.3,192.5,267.0,19.56,1.704
786,395.3,192.0,267.0,19.56,1.704
786,395.3,194.5,267.0,19.56,1.704
786,395.3,194.1,267.0,19.56,1.704
786,395.3,193.6,267.0,19.56,1.704
786,395.3,193.2,267.0,19.56,1.704
786,395.3,192.7,267.0,19.56,1.704
786,395.3,192.3,267.0,19.56,1.704
786,395.3,191.9,267.0,19.60,1.704
786,395.3,191.4,267.0,19.60,1.623
786,395.3,191.0,267.0,19.60,1.623
786,395.3,190.5,267.0,19.60,1.623
786,395.3,193.0,267.0,19.56,1.623
786,395.3,192.6,267.0,19.56,1.704
786,395.3,192.1,267.0,19.56,1.704
786,395.3,194.6,267.0,19.56,1.704
786,395.3,194.2,267.0,19.56,1.704
786,395.3,193.8,267.0,19.56,1.704
786,395.3,193.3,267.0,19.56,1.704
786,395.3,192.9,267.0,19.56,1.704
786,395.3,192.4,267.0,19.56,1.704
786,395.3,192.0,267.0,19.60,1.704
786,395.3,191.5,267.0,19.60,1.623
786,395.3,191.1,267.0,19.60,1.623
786,395.3,190.7,267.0,19.60,1.623
786,395.3,193.2,267.0,19.56,1.623
786,395.3,192.7,267.0,19.56,1.704
786,395.3,192.3,267.0,19.56,1.704
786,395.3,191.8,267.0,19.60,1.704
786,395.3,191.4,267.0,19.60,1.623
786,395.3,190.9,267.0,19.60,1.623
786,395.3,190.5,267.0,19.60,1.623
786,395.3,193.0,267.0,19.56,1.623
786,395.3,192.6,267.0,19.56,1.704
786,395.3,192.1,267.0,19.56,1.704
786,395.3,194.6,267.0,19.56,1.704
786,395.3,194.2,267.0,19.56,1.704
786,395.3,193.7,267.0,19.56,1.704
786,395.3,193.3,267.0,19.56,1.704
786,395.3,192.8,267.0,19.56,1.704
786,395.3,192.4,267.0,19.56,1.704
786,395.3,191.9,267.0,19.60,1.704
786,395.3,191.5,267.0,19.60,1.623
786,395.3,191.1,267.0,19.60,1.623
786,395.3,190.6,267.0,19.60,1.623
786,395.3,193.1,267.0,19.56,1.623
786,395.3,192.7,267.0,19.56,1.704
786,395.3,192.2,267.0,19.56,1.704
786,395.3,191.8,267.0,19.60,1.704
786,395.3,191.3,267.0,19.60,1.623
786,395.3,190.9,267.0,19.60,1.623
786,395.3,190.5,267.0,19.60,1.623
786,395.3,193.0,267.0,19.56,1.623
786,395.3,192.5,267.0,19.56,1.704
786,395.3,192.1,267.0,19.56,1.704
792,380.0,223.5,267.0,20.28,0.995
792,385.0,218.2,267.0,19.57,1.169
792,387.9,215.0,267.0,19.69,1.248
792,390.8,211.8,267.0,19.69,1.592
792,393.7,208.6,267.0,19.69,1.592
792,396.6,205.4,267.0,19.58,1.592
792,396.6,204.9,267.0,19.58,1.685
792,396.6,204.5,267.0,19.58,1.685
792,396.6,204.1,267.0,19.58,1.685
792,396.6,203.6,267.0,19.67,1.685
792,396.6,203.2,267.0,19.67,1.846
792,396.6,202.7,267.0,19.67,1.846
792,396.6,202.3,267.0,19.67,1.846
792,396.6,201.8,267.0,19.67,1.846
792,396.6,201.4,267.0,19.67,1.846
792,396.6,201.0,267.0,19.67,1.846
792,396.6,200.5,267.0,19.67,1.846
792,396.6,200.1,267.0,19.67,1.846
792,396.6,199.6,267.0,19.67,1.846
792,396.6,199.2,267.0,19.67,1.846
792,396.6,198.7,267.0,19.67,1.846
792,396.6,198.3,267.0,19.67,1.846
792,396.6,197.8,267.0,19.67,1.846
792,396.6,197.4,267.0,19.67,1.846
792,396.6,197.0,267.0,19.67,1.846
792,396.6,196.5,267.0,19.67,1.846
792,396.6,196.1,267.0,19.67,1.846
792,396.6,195.6,267.0,19.67,1.846
792,396.6,195.2,267.0,19.67,1.846
792,396.6,194.8,267.0,19.67,1.846
792,396.6,194.3,267.0,19.67,1.846
792,396.6,193.9,267.0,19.67,1.846
792,396.6,193.4,267.0,19.67,1.846
792,396.6,193.0,267.0,19.67,1.846
792,396.6,192.5,267.0,19.67,1.846
792,396.6,192.1,267.0,19.67,1.846
792,396.6,194.6,267.0,19.67,1.846
792,396.6,194.2,267.0,19.67,1.846
792,396.6,193.7,267.0,19.67,1.846
792,396.6,193.3,267.0,19.67,1.846
792,396.6,192.8,267.0,19.67,1.846
792,396.6,192.4,267.0,19.67,1.846
792,396.6,191.9,267.0,19.35,1.846
792,396.6,191.5,267.0,19.35,1.732
792,396.6,191.1,267.0,19.35,1.732
792,396.6,190.6,267.0,19.35,1.732
792,396.6,193.1,267.0,19.67,1.732
792,396.6,192.7,267.0,19.67,1.846
792,396.6,192.2,267.0,19.67,1.846
792,396.6,194.7,267.0,19.67,1.846
792,396.6,194.3,267.0,19.67,1.846
792,396.6,193.8,267.0,19.67,1.846
792,396.6,193.4,267.0,19.67,1.846
792,396.6,192.9,267.0,19.67,1.846
792,396.6,192.5,267.0,19.67,1.846
792,396.6,192.1,267.0,19.67,1.846
792,396.6,194.6,267.0,19.67,1.846
792,396.6,194.1,267.0,19.67,1.846
792,396.6,193.7,267.0,19.67,1.846
792,396.6,193.2,267.0,19.67,1.846
792,396.6,192.8,267.0,19.67,1.846
792,396.6,192.3,267.0,19.67,1.846
792,396.6,191.9,267.0,19.35,1.846
792,396.6,191.5,267.0,19.35,1.732
792,396.6,191.0,267.0,19.35,1.732
792,396.6,190.6,267.0,19.35,1.732
792,396.6,193.1,267.0,19.67,1.732
792,396.6,192.6,267.0,19.67,1.846
792,396.6,192.2,267.0,19.67,1.846
792,396.6,194.7,267.0,19.67,1.846
792,396.6,194.2,267.0,19.67,1.846
792,396.6,193.8,267.0,19.67,1.846
792,396.6,193.4,267.0,19.67,1.846
792,396.6,192.9,267.0,19.67,1.846
792,396.6,192.5,267.0,19.67,1.846
792,396.6,192.0,267.0,19.67,1.846
792,396.6,194.5,267.0,19.67,1.846
792,396.6,194.1,267.0,19.67,1.846
792,396.6,193.7,267.0,19.67,1.846
792,396.6,193.2,267.0,19.67,1.846
792,396.6,192.8,267.0,19.67,1.846
792,396.6,192.3,267.0,19.67,1.846
792,396.6,191.9,267.0,19.35,1.846
792,396.6,191.4,267.0,19.35,1.732
792,396.6,191.0,267.0,19.35,1.732
792,396.6,190.6,267.0,19.35,1.732
792,396.6,193.1,267.0,19.67,1.732
792,396.6,192.6,267.0,19.67,1.846
792,396.6,192.2,267.0,19.67,1.846
792,396.6,194.7,267.0,19.67,1.846
792,396.6,194.2,267.0,19.67,1.846
792,396.6,193.8,267.0,19.67,1.846
792,396.6,193.3,267.0,19.67,1.846
792,396.6,192.9,267.0,19.67,1.846
792,396.6,192.5,267.0,19.67,1.846
792,396.6,192.0,267.0,19.67,1.846
792,396.6,194.5,267.0,19.67,1.846
792,396.6,194.1,267.0,19.67,1.846
792,396.6,193.6,267.0,19.67,1.846
792,396.6,193.2,267.0,19.67,1.846
792,396.6,192.7,267.0,19.67,1.846
792,396.6,192.3,267.0,19.67,1.846
792,396.6,191.9,267.0,19.35,1.846
792,396.6,191.4,267.0,19.35,1.732
792,396.6,191.0,267.0,19.35,1.732
792,396.6,190.5,267.0,19.35,1.732
792,396.6,193.0,267.0,19.67,1.732
792,396.6,192.6,267.0,19.67,1.846
792,396.6,192.1,267.0,19.67,1.846
792,396.6,194.6,267.0,19.67,1.846
792,396.6,194.2,267.0,19.67,1.846
792,396.6,193.8,267.0,19.67,1.846
792,396.6,193.3,267.0,19.67,1.846
792,396.6,192.9,267.0,19.67,1.846
792,396.6,192.4,267.0,19.67,1.846
792,396.6,192.0,267.0,19.35,1.846
792,396.6,191.5,267.0,19.35,1.732
792,396.6,191.1,267.0,19.35,1.732
792,396.6,190.7,267.0,19.35,1.732
792,396.6,193.2,267.0,19.67,1.732
792,396.6,192.7,267.0,19.67,1.846
792,396.6,192.3,267.0,19.67,1.846
792,396.6,191.8,267.0,19.35,1.846
792,396.6,191.4,267.0,19.35,1.732
792,396.6,190.9,267.0,19.35,1.732
792,396.6,190.5,267.0,19.35,1.732
792,396.6,193.0,267.0,19.67,1.732
792,396.6,192.6,267.0,19.67,1.846
792,396.6,192.1,267.0,19.67,1.846
792,396.6,194.6,267.0,19.67,1.846
792,396.6,194.2,267.0,19.67,1.846
792,396.6,193.7,267.0,19.67,1.846
792,396.6,193.3,267.0,19.67,1.846
792,396.6,192.8,267.0,19.67,1.846
792,396.6,192.4,267.0,19.67,1.846
792,396.6,191.9,267.0,19.35,1.846
792,396.6,191.5,267.0,19.35,1.732
792,396.6,191.1,267.0,19.35,1.732
792,396.6,190.6,267.0,19.35,1.732
792,396.6,193.1,267.0,19.67,1.732
792,396.6,192.7,267.0,19.67,1.846
792,396.6,192.2,267.0,19.67,1.846
792,396.6,191.8,267.0,19.35,1.846
792,396.6,191.3,267.0,19.35,1.732
792,396.6,190.9,267.0,19.35,1.732
792,396.6,190.5,267.0,19.35,1.732
792,396.6,193.0,267.0,19.67,1.732
792,396.6,192.5,267.0,19.67,1.846
792,396.6,192.1,267.0,19.67,1.846
792,396.6,194.6,267.0,19.67,1.846
792,396.6,194.1,267.0,19.67,1.846
792,396.6,193.7,267.0,19.67,1.846
792,396.6,193.2,267.0,19.67,1.846
792,396.6,192.8,267.0,19.67,1.846
792,396.6,192.4,267.0,19.67,1.846
792,396.6,191.9,267.0,19.35,1.846
792,396.6,191.5,267.0,19.35,1.732
792,396.6,191.0,267.0,19.35,1.732
792,396.6,190.6,267.0,19.35,1.732
792,396.6,193.1,267.0,19.67,1.732
798,427.4,214.4,264.7,19.34,1.199
798,420.9,211.7,264.3,19.34,0.892
798,418.0,208.5,267.0,19.69,0.892
798,415.1,205.3,267.0,19.69,1.592
798,412.2,204.8,267.0,19.69,1.592
798,409.3,204.3,267.0,19.69,1.592
798,409.3,203.9,267.0,19.56,1.592
798,409.3,203.4,267.0,19.56,1.704
798,409.3,203.0,267.0,19.56,1.704
798,409.3,202.5,267.0,19.56,1.704
798,409.3,202.1,267.0,19.56,1.704
798,409.3,201.7,267.0,19.56,1.704
798,409.3,201.2,267.0,19.56,1.704
798,409.3,200.8,267.0,19.56,1.704
798,409.3,200.3,267.0,19.56,1.704
798,409.3,199.9,267.0,19.56,1.704
798,409.3,199.4,267.0,19.56,1.704
798,409.3,199.0,267.0,19.56,1.704
798,409.3,198.6,267.0,19.56,1.704
798,409.3,198.1,267.0,19.56,1.704
798,409.3,197.7,267.0,19.56,1.704
798,409.3,197.2,267.0,19.56,1.704
798,409.3,196.8,267.0,19.56,1.704
798,409.3,196.3,267.0,19.56,1.704
798,409.3,195.9,267.0,19.56,1.704
798,409.3,195.4,267.0,19.56,1.704
798,409.3,195.0,267.0,19.56,1.704
798,409.3,194.6,267.0,19.56,1.704
798,409.3,194.1,267.0,19.56,1.704
798,409.3,193.7,267.0,19.56,1.704
798,409.3,193.2,267.0,19.56,1.704
798,409.3,192.8,267.0,19.56,1.704
798,409.3,192.3,267.0,19.56,1.704
798,409.3,191.9,267.0,19.60,1.704
798,409.3,191.5,267.0,19.60,1.623
798,409.3,191.0,267.0,19.60,1.623
798,409.3,190.6,267.0,19.60,1.623
798,409.3,193.1,267.0,19.56,1.623
798,409.3,192.6,267.0,19.56,1.704
798,409.3,192.2,267.0,19.56,1.704
798,409.3,194.7,267.0,19.56,1.704
798,409.3,194.2,267.0,19.56,1.704
798,409.3,193.8,267.0,19.56,1.704
798,409.3,193.4,267.0,19.56,1.704
798,409.3,192.9,267.0,19.56,1.704
798,409.3,192.5,267.0,19.56,1.704
798,409.3,192.0,267.0,19.56,1.704
798,409.3,194.5,267.0,19.56,1.704
798,409.3,194.1,267.0,19.56,1.704
798,409.3,193.7,267.0,19.56,1.704
798,409.3,193.2,267.0,19.56,1.704
798,409.3,192.8,267.0,19.56,1.704
798,409.3,192.3,267.0,19.56,1.704
798,409.3,191.9,267.0,19.60,1.704
798,409.3,191.4,267.0,19.60,1.623
798,409.3,191.0,267.0,19.60,1.623
798,409.3,190.5,267.0,19.60,1.623
798,409.3,193.1,267.0,19.56,1.623
798,409.3,192.6,267.0,19.56,1.704
798,409.3,192.2,267.0,19.56,1.704
798,409.3,194.7,267.0,19.56,1.704
798,409.3,194.2,267.0,19.56,1.704
798,409.3,193.8,267.0,19.56,1.704
798,409.3,193.3,267.0,19.56,1.704
798,409.3,192.9,267.0,19.56,1.704
798,409.3,192.5,267.0,19.56,1.704
798,409.3,192.0,267.0,19.56,1.704
798,409.3,194.5,267.0,19.56,1.704
798,409.3,194.1,267.0,19.56,1.704
798,409.3,193.6,267.0,19.56,1.704
798,409.3,193.2,267.0,19.56,1.704
798,409.3,192.7,267.0,19.56,1.704
798,409.3,192.3,267.0,19.56,1.704
798,409.3,191.9,267.0,19.60,1.704
798,409.3,191.4,267.0,19.60,1.623
798,409.3,191.0,267.0,19.60,1.623
798,409.3,190.5,267.0,19.60,1.623
798,409.3,193.0,267.0,19.56,1.623
798,409.3,192.6,267.0,19.56,1.704
798,409.3,192.1,267.0,19.56,1.704
798,409.3,194.6,267.0,19.56,1.704
798,409.3,194.2,267.0,19.56,1.704
798,409.3,193.8,267.0,19.56,1.704
798,409.3,193.3,267.0,19.56,1.704
798,409.3,192.9,267.0,19.56,1.704
798,409.3,192.4,267.0,19.56,1.704
798,409.3,192.0,267.0,19.60,1.704
798,409.3,191.5,267.0,19.60,1.623
798,409.3,191.1,267.0,19.60,1.623
798,409.3,190.7,267.0,19.60,1.623
798,409.3,193.2,267.0,19.56,1.623
798,409.3,192.7,267.0,19.56,1.704
798,409.3,192.3,267.0,19.56,1.704
798,409.3,191.8,267.0,19.60,1.704
798,409.3,191.4,267.0,19.60,1.623
798,409.3,190.9,267.0,19.60,1.623
798,409.3,190.5,267.0,19.60,1.623
798,409.3,193.0,267.0,19.56,1.623
798,409.3,192.6,267.0,19.56,1.704
798,409.3,192.1,267.0,19.56,1.704
798,409.3,194.6,267.0,19.56,1.704
798,409.3,194.2,267.0,19.56,1.704
798,409.3,193.7,267.0,19.56,1.704
798,409.3,193.3,267.0,19.56,1.704
798,409.3,192.8,267.0,19.56,1.704
798,409.3,192.4,267.0,19.56,1.704
798,409.3,191.9,267.0,19.60,1.704
798,409.3,191.5,267.0,19.60,1.623
798,409.3,191.1,267.0,19.60,1.623
798,409.3,190.6,267.0,19.60,1.623
798,409.3,193.1,267.0,19.56,1.623
798,409.3,192.7,267.0,19.56,1.704
798,409.3,192.2,267.0,19.56,1.704
798,409.3,194.7,267.0,19.56,1.704
798,409.3,194.3,267.0,19.56,1.704
798,409.3,193.8,267.0,19.56,1.704
798,409.3,193.4,267.0,19.56,1.704
798,409.3,193.0,267.0,19.56,1.704
798,409.3,192.5,267.0,19.56,1.704
798,409.3,192.1,267.0,19.56,1.704
798,409.3,194.6,267.0,19.56,1.704
798,409.3,194.1,267.0,19.56,1.704
798,409.3,193.7,267.0,19.56,1.704
798,409.3,193.2,267.0,19.56,1.704
798,409.3,192.8,267.0,19.56,1.704
798,409.3,192.4,267.0,19.56,1.704
798,409.3,191.9,267.0,19.60,1.704
798,409.3,191.5,267.0,19.60,1.623
798,409.3,191.0,267.0,19.60,1.623
798,409.3,190.6,267.0,19.60,1.623
798,409.3,193.1,267.0,19.56,1.623
798,409.3,192.7,267.0,19.56,1.704
798,409.3,192.2,267.0,19.56,1.704
798,409.3,194.7,267.0,19.56,1.704
798,409.3,194.3,267.0,19.56,1.704
798,409.3,193.8,267.0,19.56,1.704
798,409.3,193.4,267.0,19.56,1.704
798,409.3,192.9,267.0,19.56,1.704
798,409.3,192.5,267.0,19.56,1.704
798,409.3,192.1,267.0,19.56,1.704
798,409.3,194.6,267.0,19.56,1.704
798,409.3,194.1,267.0,19.56,1.704
798,409.3,193.7,267.0,19.56,1.704
798,409.3,193.2,267.0,19.56,1.704
798,409.3,192.8,267.0,19.56,1.704
798,409.3,192.3,267.0,19.56,1.704
798,409.3,191.9,267.0,19.60,1.704
798,409.3,191.5,267.0,19.60,1.623
798,409.3,191.0,267.0,19.60,1.623
798,409.3,190.6,267.0,19.60,1.623
798,409.3,193.1,267.0,19.56,1.623
798,409.3,192.6,267.0,19.56,1.704
798,409.3,192.2,267.0,19.56,1.704
798,409.3,194.7,267.0,19.56,1.704
798,409.3,194.2,267.0,19.56,1.704
798,409.3,193.8,267.0,19.56,1.704
798,409.3,193.3,267.0,19.56,1.704
798,409.3,192.9,267.0,19.56,1.704
798,409.3,192.5,267.0,19.56,1.704
798,409.3,192.0,267.0,19.56,1.704
804,354.3,223.3,259.9,21.43,0.804
804,356.8,222.4,254.8,21.43,0.718
804,359.2,221.5,249.7,22.09,0.718
804,363.3,219.1,249.2,20.50,0.557
804,367.3,216.7,248.7,20.50,0.589
804,372.3,215.2,247.6,20.12,0.589
804,376.1,213.3,250.2,20.12,0.623
804,379.9,211.4,252.7,19.72,0.623
804,384.6,208.6,258.9,19.76,1.028
804,387.2,205.6,267.0,19.69,1.240
804,390.2,205.1,267.0,19.69,1.592
804,393.1,204.7,267.0,19.69,1.592
804,396.0,204.2,267.0,19.69,1.592
804,396.0,203.7,267.0,19.56,1.685
804,396.0,203.3,267.0,19.56,1.846
804,396.0,202.8,267.0,19.56,1.846
804,396.0,202.4,267.0,19.56,1.846
804,396.0,202.0,267.0,19.56,1.846
804,396.0,201.5,267.0,19.56,1.846
804,396.0,201.1,267.0,19.56,1.846
804,396.0,200.6,267.0,19.56,1.846
804,396.0,200.2,267.0,19.56,1.846
804,396.0,199.7,267.0,19.56,1.846
804,396.0,199.3,267.0,19.56,1.846
804,396.0,198.9,267.0,19.56,1.846
804,396.0,198.4,267.0,19.56,1.846
804,396.0,198.0,267.0,19.56,1.846
804,396.0,197.5,267.0,19.56,1.846
804,396.0,197.1,267.0,19.56,1.846
804,396.0,196.6,267.0,19.56,1.846
804,396.0,196.2,267.0,19.56,1.846
804,396.0,195.8,267.0,19.56,1.846
804,396.0,195.3,267.0,19.56,1.846
804,396.0,194.9,267.0,19.56,1.846
804,396.0,194.4,267.0,19.56,1.846
804,396.0,194.0,267.0,19.56,1.846
804,396.0,193.5,267.0,19.56,1.846
804,396.0,193.1,267.0,19.56,1.846
804,396.0,192.7,267.0,19.56,1.846
804,396.0,192.2,267.0,19.56,1.846
804,396.0,194.7,267.0,19.56,1.846
804,396.0,194.3,267.0,19.56,1.846
804,396.0,193.8,267.0,19.56,1.846
804,396.0,193.4,267.0,19.56,1.846
804,396.0,192.9,267.0,19.56,1.846
804,396.0,192.5,267.0,19.56,1.846
804,396.0,192.1,267.0,19.56,1.846
804,396.0,194.6,267.0,19.56,1.846
804,396.0,194.1,267.0,19.56,1.846
804,396.0,193.7,267.0,19.56,1.846
804,396.0,193.2,267.0,19.56,1.846
804,396.0,192.8,267.0,19.56,1.846
804,396.0,192.3,267.0,19.56,1.846
804,396.0,191.9,267.0,19.60,1.846
804,396.0,191.5,267.0,19.60,1.732
804,396.0,191.0,267.0,19.60,1.732
804,396.0,190.6,267.0,19.60,1.732
804,396.0,193.1,267.0,19.56,1.732
804,396.0,192.6,267.0,19.56,1.846
804,396.0,192.2,267.0,19.56,1.846
804,396.0,194.7,267.0,19.56,1.846
804,396.0,194.2,267.0,19.56,1.846
804,396.0,193.8,267.0,19.56,1.846
804,396.0,193.3,267.0,19.56,1.846
804,396.0,192.9,267.0,19.56,1.846
804,396.0,192.5,267.0,19.56,1.846
804,396.0,192.0,267.0,19.56,1.846
804,396.0,194.5,267.0,19.56,1.846
804,396.0,194.1,267.0,19.56,1.846
804,396.0,193.6,267.0,19.56,1.846
804,396.0,193.2,267.0,19.56,1.846
804,396.0,192.8,267.0,19.56,1.846
804,396.0,192.3,267.0,19.56,1.846
804,396.0,191.9,267.0,19.60,1.846
804,396.0,191.4,267.0,19.60,1.732
804,396.0,191.0,267.0,19.60,1.732
804,396.0,190.5,267.0,19.60,1.732
804,396.0,193.0,267.0,19.56,1.732
804,396.0,192.6,267.0,19.56,1.846
804,396.0,192.2,267.0,19.56,1.846
804,396.0,194.7,267.0,19.56,1.846
804,396.0,194.2,267.0,19.56,1.846
804,396.0,193.8,267.0,19.56,1.846
804,396.0,193.3,267.0,19.56,1.846
804,396.0,192.9,267.0,19.56,1.846
804,396.0,192.4,267.0,19.56,1.846
804,396.0,192.0,267.0,19.56,1.846
804,396.0,191.6,267.0,19.60,1.732
804,396.0,191.1,267.0,19.60,1.732
804,396.0,190.7,267.0,19.60,1.732
804,396.0,193.2,267.0,19.56,1.732
804,396.0,192.7,267.0,19.56,1.846
804,396.0,192.3,267.0,19.56,1.846
804,396.0,191.8,267.0,19.60,1.846
804,396.0,191.4,267.0,19.60,1.732
804,396.0,190.9,267.0,19.60,1.732
804,396.0,190.5,267.0,19.60,1.732
804,396.0,193.0,267.0,19.56,1.732
804,396.0,192.6,267.0,19.56,1.846
804,396.0,192.1,267.0,19.56,1.846
804,396.0,194.6,267.0,19.56,1.846
804,396.0,194.2,267.0,19.56,1.846
804,396.0,193.7,267.0,19.56,1.846
804,396.0,193.3,267.0,19.56,1.846
804,396.0,192.9,267.0,19.56,1.846
804,396.0,192.4,267.0,19.56,1.846
804,396.0,192.0,267.0,19.60,1.846
804,396.0,191.5,267.0,19.60,1.732
804,396.0,191.1,267.0,19.60,1.732
804,396.0,190.6,267.0,19.60,1.732
804,396.0,193.1,267.0,19.56,1.732
804,396.0,192.7,267.0,19.56,1.846
804,396.0,192.3,267.0,19.56,1.846
804,396.0,191.8,267.0,19.60,1.846
804,396.0,191.4,267.0,19.60,1.732
804,396.0,190.9,267.0,19.60,1.732
804,396.0,190.5,267.0,19.60,1.732
804,396.0,193.0,267.0,19.56,1.732
804,396.0,192.5,267.0,19.56,1.846
804,396.0,192.1,267.0,19.56,1.846
804,396.0,194.6,267.0,19.56,1.846
804,396.0,194.2,267.0,19.56,1.846
804,396.0,193.7,267.0,19.56,1.846
804,396.0,193.3,267.0,19.56,1.846
804,396.0,192.8,267.0,19.56,1.846
804,396.0,192.4,267.0,19.56,1.846
804,396.0,191.9,267.0,19.60,1.846
804,396.0,191.5,267.0,19.60,1.732
804,396.0,191.1,267.0,19.60,1.732
804,396.0,190.6,267.0,19.60,1.732
804,396.0,193.1,267.0,19.56,1.732
804,396.0,192.7,267.0,19.56,1.846
804,396.0,192.2,267.0,19.56,1.846
804,396.0,191.8,267.0,19.60,1.846
804,396.0,191.3,267.0,19.60,1.732
804,396.0,190.9,267.0,19.60,1.732
804,396.0,190.5,267.0,19.60,1.732
804,396.0,193.0,267.0,19.56,1.732
804,396.0,192.5,267.0,19.56,1.846
804,396.0,192.1,267.0,19.56,1.846
804,396.0,194.6,267.0,19.56,1.846
804,396.0,194.1,267.0,19.56,1.846
804,396.0,193.7,267.0,19.56,1.846
804,396.0,193.2,267.0,19.56,1.846
804,396.0,192.8,267.0,19.56,1.846
804,396.0,192.4,267.0,19.56,1.846
804,396.0,191.9,267.0,19.60,1.846
804,396.0,191.5,267.0,19.60,1.732
804,396.0,191.0,267.0,19.60,1.732
804,396.0,190.6,267.0,19.60,1.732
804,396.0,193.1,267.0,19.56,1.732
804,396.0,192.6,267.0,19.56,1.846
804,396.0,192.2,267.0,19.56,1.846
804,396.0,194.7,267.0,19.56,1.846
804,396.0,194.3,267.0,19.56,1.846
804,396.0,193.8,267.0,19.56,1.846
804,396.0,193.4,267.0,19.56,1.846
804,396.0,192.9,267.0,19.56,1.846
804,396.0,192.5,267.0,19.56,1.846
804,396.0,192.0,267.0,19.56,1.846
810,373.7,215.6,264.9,19.64,0.999
810,378.7,212.4,267.0,19.64,1.261
810,383.8,209.3,267.0,19.64,1.261
810,386.6,206.1,267.0,19.69,1.261
810,389.5,202.8,267.0,19.56,1.592
810,392.4,202.3,267.0,19.56,1.704
810,395.4,201.9,267.0,19.56,1.704
810,395.4,201.4,267.0,19.56,1.704
810,395.4,201.0,267.0,19.56,1.704
810,395.4,200.6,267.0,19.56,1.704
810,395.4,200.1,267.0,19.56,1.704
810,395.4,199.7,267.0,19.56,1.704
810,395.4,199.2,267.0,19.56,1.704
810,395.4,198.8,267.0,19.56,1.704
810,395.4,198.3,267.0,19.56,1.704
810,395.4,197.9,267.0,19.56,1.704
810,395.4,197.4,267.0,19.56,1.704
810,395.4,197.0,267.0,19.56,1.704
810,395.4,196.6,267.0,19.56,1.704
810,395.4,196.1,267.0,19.56,1.704
810,395.4,195.7,267.0,19.56,1.704
810,395.4,195.2,267.0,19.56,1.704
810,395.4,194.8,267.0,19.56,1.704
810,395.4,194.3,267.0,19.56,1.704
810,395.4,193.9,267.0,19.56,1.704
810,395.4,193.5,267.0,19.56,1.704
810,395.4,193.0,267.0,19.56,1.704
810,395.4,192.6,267.0,19.56,1.704
810,395.4,192.1,267.0,19.56,1.704
810,395.4,194.6,267.0,19.56,1.704
810,395.4,194.2,267.0,19.56,1.704
810,395.4,193.7,267.0,19.56,1.704
810,395.4,193.3,267.0,19.56,1.704
810,395.4,192.9,267.0,19.56,1.704
810,395.4,192.4,267.0,19.56,1.704
810,395.4,192.0,267.0,19.60,1.704
810,395.4,191.5,267.0,19.60,1.623
810,395.4,191.1,267.0,19.60,1.623
810,395.4,190.6,267.0,19.60,1.623
810,395.4,193.1,267.0,19.56,1.623
810,395.4,192.7,267.0,19.56,1.704
810,395.4,192.3,267.0,19.56,1.704
810,395.4,191.8,267.0,19.60,1.704
810,395.4,191.4,267.0,19.60,1.623
810,395.4,190.9,267.0,19.60,1.623
810,395.4,190.5,267.0,19.60,1.623
810,395.4,193.0,267.0,19.56,1.623
810,395.4,192.5,267.0,19.56,1.704
810,395.4,192.1,267.0,19.56,1.704
810,395.4,194.6,267.0,19.56,1.704
810,395.4,194.2,267.0,19.56,1.704
810,395.4,193.7,267.0,19.56,1.704
810,395.4,193.3,267.0,19.56,1.704
810,395.4,192.8,267.0,19.56,1.704
810,395.4,192.4,267.0,19.56,1.704
810,395.4,191.9,267.0,19.60,1.704
810,395.4,191.5,267.0,19.60,1.623
810,395.4,191.1,267.0,19.60,1.623
810,395.4,190.6,267.0,19.60,1.623
810,395.4,193.1,267.0,19.56,1.623
810,395.4,192.7,267.0,19.56,1.704
810,395.4,192.2,267.0,19.56,1.704
810,395.4,194.7,267.0,19.56,1.704
810,395.4,194.3,267.0,19.56,1.704
810,395.4,193.8,267.0,19.56,1.704
810,395.4,193.4,267.0,19.56,1.704
810,395.4,193.0,267.0,19.56,1.704
810,395.4,192.5,267.0,19.56,1.704
810,395.4,192.1,267.0,19.56,1.704
810,395.4,194.6,267.0,19.56,1.704
810,395.4,194.1,267.0,19.56,1.704
810,395.4,193.7,267.0,19.56,1.704
810,395.4,193.2,267.0,19.56,1.704
810,395.4,192.8,267.0,19.56,1.704
810,395.4,192.4,267.0,19.56,1.704
810,395.4,191.9,267.0,19.60,1.704
810,395.4,191.5,267.0,19.60,1.623
810,395.4,191.0,267.0,19.60,1.623
810,395.4,190.6,267.0,19.60,1.623
810,395.4,193.1,267.0,19.56,1.623
810,395.4,192.7,267.0,19.56,1.704
810,395.4,192.2,267.0,19.56,1.704
810,395.4,194.7,267.0,19.56,1.704
810,395.4,194.3,267.0,19.56,1.704
810,395.4,193.8,267.0,19.56,1.704
810,395.4,193.4,267.0,19.56,1.704
810,395.4,192.9,267.0,19.56,1.704
810,395.4,192.5,267.0,19.56,1.704
810,395.4,192.1,267.0,19.56,1.704
810,395.4,194.6,267.0,19.56,1.704
810,395.4,194.1,267.0,19.56,1.704
810,395.4,193.7,267.0,19.56,1.704
810,395.4,193.2,267.0,19.56,1.704
810,395.4,192.8,267.0,19.56,1.704
810,395.4,192.3,267.0,19.56,1.704
810,395.4,191.9,267.0,19.60,1.704
810,395.4,191.5,267.0,19.60,1.623
810,395.4,191.0,267.0,19.60,1.623
810,395.4,190.6,267.0,19.60,1.623
810,395.4,193.1,267.0,19.56,1.623
810,395.4,192.6,267.0,19.56,1.704
810,395.4,192.2,267.0,19.56,1.704
810,395.4,194.7,267.0,19.56,1.704
810,395.4,194.2,267.0,19.56,1.704
810,395.4,193.8,267.0,19.56,1.704
810,395.4,193.3,267.0,19.56,1.704
810,395.4,192.9,267.0,19.56,1.704
810,395.4,192.5,267.0,19.56,1.704
810,395.4,192.0,267.0,19.56,1.704
810,395.4,194.5,267.0,19.56,1.704
810,395.4,194.1,267.0,19.56,1.704
810,395.4,193.6,267.0,19.56,1.704
810,395.4,193.2,267.0,19.56,1.704
810,395.4,192.8,267.0,19.56,1.704
810,395.4,192.3,267.0,19.56,1.704
810,395.4,191.9,267.0,19.60,1.704
810,395.4,191.4,267.0,19.60,1.623
810,395.4,191.0,267.0,19.60,1.623
810,395.4,190.5,267.0,19.60,1.623
810,395.4,193.0,267.0,19.56,1.623
810,395.4,192.6,267.0,19.56,1.704
810,395.4,192.2,267.0,19.56,1.704
810,395.4,194.6,267.0,19.56,1.704
810,395.4,194.2,267.0,19.56,1.704
810,395.4,193.8,267.0,19.56,1.704
810,395.4,193.3,267.0,19.56,1.704
810,395.4,192.9,267.0,19.56,1.704
810,395.4,192.4,267.0,19.56,1.704
810,395.4,192.0,267.0,19.60,1.704
810,395.4,191.6,267.0,19.60,1.623
810,395.4,191.1,267.0,19.60,1.623
810,395.4,190.7,267.0,19.60,1.623
810,395.4,193.2,267.0,19.56,1.623
810,395.4,192.7,267.0,19.56,1.704
810,395.4,192.3,267.0,19.56,1.704
810,395.4,191.8,267.0,19.60,1.704
810,395.4,191.4,267.0,19.60,1.623
810,395.4,190.9,267.0,19.60,1.623
810,395.4,190.5,267.0,19.60,1.623
810,395.4,193.0,267.0,19.56,1.623
810,395.4,192.6,267.0,19.56,1.704
810,395.4,192.1,267.0,19.56,1.704
810,395.4,194.6,267.0,19.56,1.704
810,395.4,194.2,267.0,19.56,1.704
810,395.4,193.7,267.0,19.56,1.704
810,395.4,193.3,267.0,19.56,1.704
810,395.4,192.9,267.0,19.56,1.704
810,395.4,192.4,267.0,19.56,1.704
810,395.4,192.0,267.0,19.60,1.704
810,395.4,191.5,267.0,19.60,1.623
810,395.4,191.1,267.0,19.60,1.623
810,395.4,190.6,267.0,19.60,1.623
810,395.4,193.1,267.0,19.56,1.623
810,395.4,192.7,267.0,19.56,1.704
810,395.4,192.2,267.0,19.56,1.704
810,395.4,191.8,267.0,19.60,1.704
810,395.4,191.4,267.0,19.60,1.623
810,395.4,190.9,267.0,19.60,1.623
810,395.4,190.5,267.0,19.60,1.623
810,395.4,193.0,267.0,19.56,1.623
816,423.4,166.8,262.4,20.72,0.776
816,418.6,170.9,262.4,19.18,0.626
816,416.5,176.8,262.2,19.18,0.776
816,414.4,182.6,262.0,19.65,0.776
816,411.5,185.1,267.0,19.60,1.252
816,408.6,187.5,267.0,19.60,1.623
816,408.6,190.0,267.0,19.60,1.623
816,408.6,192.5,267.0,19.56,1.623
816,408.6,192.1,267.0,19.56,1.704
816,408.6,194.6,267.0,19.56,1.704
816,408.6,194.1,267.0,19.56,1.704
816,408.6,193.7,267.0,19.56,1.704
816,408.6,193.3,267.0,19.56,1.704
816,408.6,192.8,267.0,19.56,1.704
816,408.6,192.4,267.0,19.56,1.704
816,408.6,191.9,267.0,19.60,1.704
816,408.6,191.5,267.0,19.60,1.623
816,408.6,191.0,267.0,19.60,1.623
816,408.6,190.6,267.0,19.60,1.623
816,408.6,193.1,267.0,19.56,1.623
816,408.6,192.7,267.0,19.56,1.704
816,408.6,192.2,267.0,19.56,1.704
816,408.6,194.7,267.0,19.56,1.704
816,408.6,194.3,267.0,19.56,1.704
816,408.6,193.8,267.0,19.56,1.704
816,408.6,193.4,267.0,19.56,1.704
816,408.6,192.9,267.0,19.56,1.704
816,408.6,192.5,267.0,19.56,1.704
816,408.6,192.1,267.0,19.56,1.704
816,408.6,194.6,267.0,19.56,1.704
816,408.6,194.1,267.0,19.56,1.704
816,408.6,193.7,267.0,19.56,1.704
816,408.6,193.2,267.0,19.56,1.704
816,408.6,192.8,267.0,19.56,1.704
816,408.6,192.3,267.0,19.56,1.704
816,408.6,191.9,267.0,19.60,1.704
816,408.6,191.5,267.0,19.60,1.623
816,408.6,191.0,267.0,19.60,1.623
816,408.6,190.6,267.0,19.60,1.623
816,408.6,193.1,267.0,19.56,1.623
816,408.6,192.6,267.0,19.56,1.704
816,408.6,192.2,267.0,19.56,1.704
816,408.6,194.7,267.0,19.56,1.704
816,408.6,194.2,267.0,19.56,1.704
816,408.6,193.8,267.0,19.56,1.704
816,408.6,193.4,267.0,19.56,1.704
816,408.6,192.9,267.0,19.56,1.704
816,408.6,192.5,267.0,19.56,1.704
816,408.6,192.0,267.0,19.56,1.704
816,408.6,194.5,267.0,19.56,1.704
816,408.6,194.1,267.0,19.56,1.704
816,408.6,193.7,267.0,19.56,1.704
816,408.6,193.2,267.0,19.56,1.704
816,408.6,192.8,267.0,19.56,1.704
816,408.6,192.3,267.0,19.56,1.704
816,408.6,191.9,267.0,19.60,1.704
816,408.6,191.4,267.0,19.60,1.623
816,408.6,191.0,267.0,19.60,1.623
816,408.6,190.5,267.0,19.60,1.623
816,408.6,193.1,267.0,19.56,1.623
816,408.6,192.6,267.0,19.56,1.704
816,408.6,192.2,267.0,19.56,1.704
816,408.6,194.7,267.0,19.56,1.704
816,408.6,194.2,267.0,19.56,1.704
816,408.6,193.8,267.0,19.56,1.704
816,408.6,193.3,267.0,19.56,1.704
816,408.6,192.9,267.0,19.56,1.704
816,408.6,192.5,267.0,19.56,1.704
816,408.6,192.0,267.0,19.56,1.704
816,408.6,194.5,267.0,19.56,1.704
816,408.6,194.1,267.0,19.56,1.704
816,408.6,193.6,267.0,19.56,1.704
816,408.6,193.2,267.0,19.56,1.704
816,408.6,192.7,267.0,19.56,1.704
816,408.6,192.3,267.0,19.56,1.704
816,408.6,191.9,267.0,19.60,1.704
816,408.6,191.4,267.0,19.60,1.623
816,408.6,191.0,267.0,19.60,1.623
816,408.6,190.5,267.0,19.60,1.623
816,408.6,193.0,267.0,19.56,1.623
816,408.6,192.6,267.0,19.56,1.704
816,408.6,192.1,267.0,19.56,1.704
816,408.6,194.6,267.0,19.56,1.704
816,408.6,194.2,267.0,19.56,1.704
816,408.6,193.8,267.0,19.56,1.704
816,408.6,193.3,267.0,19.56,1.704
816,408.6,192.9,267.0,19.56,1.704
816,408.6,192.4,267.0,19.56,1.704
816,408.6,192.0,267.0,19.60,1.704
816,408.6,191.5,267.0,19.60,1.623
816,408.6,191.1,267.0,19.60,1.623
816,408.6,190.7,267.0,19.60,1.623
816,408.6,193.2,267.0,19.56,1.623
816,408.6,192.7,267.0,19.56,1.704
816,408.6,192.3,267.0,19.56,1.704
816,408.6,191.8,267.0,19.60,1.704
816,408.6,191.4,267.0,19.60,1.623
816,408.6,190.9,267.0,19.60,1.623
816,408.6,190.5,267.0,19.60,1.623
816,408.6,193.0,267.0,19.56,1.623
816,408.6,192.6,267.0,19.56,1.704
816,408.6,192.1,267.0,19.56,1.704
816,408.6,194.6,267.0,19.56,1.704
816,408.6,194.2,267.0,19.56,1.704
816,408.6,193.7,267.0,19.56,1.704
816,408.6,193.3,267.0,19.56,1.704
816,408.6,192.8,267.0,19.56,1.704
816,408.6,192.4,267.0,19.56,1.704
816,408.6,191.9,267.0,19.60,1.704
816,408.6,191.5,267.0,19.60,1.623
816,408.6,191.1,267.0,19.60,1.623
816,408.6,190.6,267.0,19.60,1.623
816,408.6,193.1,267.0,19.56,1.623
816,408.6,192.7,267.0,19.56,1.704
816,408.6,192.2,267.0,19.56,1.704
816,408.6,194.7,267.0,19.56,1.704
816,408.6,194.3,267.0,19.56,1.704
816,408.6,193.8,267.0,19.56,1.704
816,408.6,193.4,267.0,19.56,1.704
816,408.6,193.0,267.0,19.56,1.704
816,408.6,192.5,267.0,19.56,1.704
816,408.6,192.1,267.0,19.56,1.704
816,408.6,194.6,267.0,19.56,1.704
816,408.6,194.1,267.0,19.56,1.704
816,408.6,193.7,267.0,19.56,1.704
816,408.6,193.2,267.0,19.56,1.704
816,408.6,192.8,267.0,19.56,1.704
816,408.6,192.4,267.0,19.56,1.704
816,408.6,191.9,267.0,19.60,1.704
816,408.6,191.5,267.0,19.60,1.623
816,408.6,191.0,267.0,19.60,1.623
816,408.6,190.6,267.0,19.60,1.623
816,408.6,193.1,267.0,19.56,1.623
816,408.6,192.7,267.0,19.56,1.704
816,408.6,192.2,267.0,19.56,1.704
816,408.6,194.7,267.0,19.56,1.704
816,408.6,194.3,267.0,19.56,1.704
816,408.6,193.8,267.0,19.56,1.704
816,408.6,193.4,267.0,19.56,1.704
816,408.6,192.9,267.0,19.56,1.704
816,408.6,192.5,267.0,19.56,1.704
816,408.6,192.1,267.0,19.56,1.704
816,408.6,194.6,267.0,19.56,1.704
816,408.6,194.1,267.0,19.56,1.704
816,408.6,193.7,267.0,19.56,1.704
816,408.6,193.2,267.0,19.56,1.704
816,408.6,192.8,267.0,19.56,1.704
816,408.6,192.3,267.0,19.56,1.704
816,408.6,191.9,267.0,19.60,1.704
816,408.6,191.5,267.0,19.60,1.623
816,408.6,191.0,267.0,19.60,1.623
816,408.6,190.6,267.0,19.60,1.623
816,408.6,193.1,267.0,19.56,1.623
816,408.6,192.6,267.0,19.56,1.704
816,408.6,192.2,267.0,19.56,1.704
816,408.6,194.7,267.0,19.56,1.704
816,408.6,194.2,267.0,19.56,1.704
816,408.6,193.8,267.0,19.56,1.704
816,408.6,193.3,267.0,19.56,1.704
816,408.6,192.9,267.0,19.56,1.704
822,417.4,179.6,264.9,19.03,0.991
822,414.5,182.0,267.0,19.60,0.861
822,411.6,184.5,267.0,19.60,1.623
822,408.7,186.9,267.0,19.60,1.623
822,408.7,189.4,267.0,19.60,1.623
822,408.7,191.9,267.0,19.60,1.623
822,408.7,191.5,267.0,19.60,1.623
822,408.7,191.0,267.0,19.60,1.623
822,408.7,190.6,267.0,19.60,1.623
822,408.7,193.1,267.0,19.56,1.623
822,408.7,192.7,267.0,19.56,1.704
822,408.7,192.2,267.0,19.56,1.704
822,408.7,194.7,267.0,19.56,1.704
822,408.7,194.3,267.0,19.56,1.704
822,408.7,193.8,267.0,19.56,1.704
822,408.7,193.4,267.0,19.56,1.704
822,408.7,192.9,267.0,19.56,1.704
822,408.7,192.5,267.0,19.56,1.704
822,408.7,192.1,267.0,19.56,1.704
822,408.7,194.6,267.0,19.56,1.704
822,408.7,194.1,267.0,19.56,1.704
822,408.7,193.7,267.0,19.56,1.704
822,408.7,193.2,267.0,19.56,1.704
822,408.7,192.8,267.0,19.56,1.704
822,408.7,192.3,267.0,19.56,1.704
822,408.7,191.9,267.0,19.60,1.704
822,408.7,191.5,267.0,19.60,1.623
822,408.7,191.0,267.0,19.60,1.623
822,408.7,190.6,267.0,19.60,1.623
822,408.7,193.1,267.0,19.56,1.623
822,408.7,192.6,267.0,19.56,1.704
822,408.7,192.2,267.0,19.56,1.704
822,408.7,194.7,267.0,19.56,1.704
822,408.7,194.2,267.0,19.56,1.704
822,408.7,193.8,267.0,19.56,1.704
822,408.7,193.4,267.0,19.56,1.704
822,408.7,192.9,267.0,19.56,1.704
822,408.7,192.5,267.0,19.56,1.704
822,408.7,192.0,267.0,19.56,1.704
822,408.7,194.5,267.0,19.56,1.704
822,408.7,194.1,267.0,19.56,1.704
822,408.7,193.6,267.0,19.56,1.704
822,408.7,193.2,267.0,19.56,1.704
822,408.7,192.8,267.0,19.56,1.704
822,408.7,192.3,267.0,19.56,1.704
822,408.7,191.9,267.0,19.60,1.704
822,408.7,191.4,267.0,19.60,1.623
822,408.7,191.0,267.0,19.60,1.623
822,408.7,190.5,267.0,19.60,1.623
822,408.7,193.0,267.0,19.56,1.623
822,408.7,192.6,267.0,19.56,1.704
822,408.7,192.2,267.0,19.56,1.704
822,408.7,194.7,267.0,19.56,1.704
822,408.7,194.2,267.0,19.56,1.704
822,408.7,193.8,267.0,19.56,1.704
822,408.7,193.3,267.0,19.56,1.704
822,408.7,192.9,267.0,19.56,1.704
822,408.7,192.4,267.0,19.56,1.704
822,408.7,192.0,267.0,19.56,1.704
822,408.7,194.5,267.0,19.56,1.704
822,408.7,194.1,267.0,19.56,1.704
822,408.7,193.6,267.0,19.56,1.704
822,408.7,193.2,267.0,19.56,1.704
822,408.7,192.7,267.0,19.56,1.704
822,408.7,192.3,267.0,19.56,1.704
822,408.7,191.8,267.0,19.60,1.704
822,408.7,191.4,267.0,19.60,1.623
822,408.7,191.0,267.0,19.60,1.623
822,408.7,190.5,267.0,19.60,1.623
822,408.7,193.0,267.0,19.56,1.623
822,408.7,192.6,267.0,19.56,1.704
822,408.7,192.1,267.0,19.56,1.704
822,408.7,194.6,267.0,19.56,1.704
822,408.7,194.2,267.0,19.56,1.704
822,408.7,193.8,267.0,19.56,1.704
822,408.7,193.3,267.0,19.56,1.704
822,408.7,192.9,267.0,19.56,1.704
822,408.7,192.4,267.0,19.56,1.704
822,408.7,192.0,267.0,19.60,1.704
822,408.7,191.5,267.0,19.60,1.623
822,408.7,191.1,267.0,19.60,1.623
822,408.7,190.6,267.0,19.60,1.623
822,408.7,193.2,267.0,19.56,1.623
822,408.7,192.7,267.0,19.56,1.704
822,408.7,192.3,267.0,19.56,1.704
822,408.7,191.8,267.0,19.60,1.704
822,408.7,191.4,267.0,19.60,1.623
822,408.7,190.9,267.0,19.60,1.623
822,408.7,190.5,267.0,19.60,1.623
822,408.7,193.0,267.0,19.56,1.623
822,408.7,192.6,267.0,19.56,1.704
822,408.7,192.1,267.0,19.56,1.704
822,408.7,194.6,267.0,19.56,1.704
822,408.7,194.2,267.0,19.56,1.704
822,408.7,193.7,267.0,19.56,1.704
822,408.7,193.3,267.0,19.56,1.704
822,408.7,192.8,267.0,19.56,1.704
822,408.7,192.4,267.0,19.56,1.704
822,408.7,191.9,267.0,19.60,1.704
822,408.7,191.5,267.0,19.60,1.623
822,408.7,191.1,267.0,19.60,1.623
822,408.7,190.6,267.0,19.60,1.623
822,408.7,193.1,267.0,19.56,1.623
822,408.7,192.7,267.0,19.56,1.704
822,408.7,192.2,267.0,19.56,1.704
822,408.7,194.7,267.0,19.56,1.704
822,408.7,194.3,267.0,19.56,1.704
822,408.7,193.8,267.0,19.56,1.704
822,408.7,193.4,267.0,19.56,1.704
822,408.7,193.0,267.0,19.56,1.704
822,408.7,192.5,267.0,19.56,1.704
822,408.7,192.1,267.0,19.56,1.704
822,408.7,194.6,267.0,19.56,1.704
822,408.7,194.1,267.0,19.56,1.704
822,408.7,193.7,267.0,19.56,1.704
822,408.7,193.2,267.0,19.56,1.704
822,408.7,192.8,267.0,19.56,1.704
822,408.7,192.4,267.0,19.56,1.704
822,408.7,191.9,267.0,19.60,1.704
822,408.7,191.5,267.0,19.60,1.623
822,408.7,191.0,267.0,19.60,1.623
822,408.7,190.6,267.0,19.60,1.623
822,408.7,193.1,267.0,19.56,1.623
822,408.7,192.7,267.0,19.56,1.704
822,408.7,192.2,267.0,19.56,1.704
822,408.7,194.7,267.0,19.56,1.704
822,408.7,194.3,267.0,19.56,1.704
822,408.7,193.8,267.0,19.56,1.704
822,408.7,193.4,267.0,19.56,1.704
822,408.7,192.9,267.0,19.56,1.704
822,408.7,192.5,267.0,19.56,1.704
822,408.7,192.1,267.0,19.56,1.704
822,408.7,194.6,267.0,19.56,1.704
822,408.7,194.1,267.0,19.56,1.704
822,408.7,193.7,267.0,19.56,1.704
822,408.7,193.2,267.0,19.56,1.704
822,408.7,192.8,267.0,19.56,1.704
822,408.7,192.3,267.0,19.56,1.704
822,408.7,191.9,267.0,19.60,1.704
822,408.7,191.5,267.0,19.60,1.623
822,408.7,191.0,267.0,19.60,1.623
822,408.7,190.6,267.0,19.60,1.623
822,408.7,193.1,267.0,19.56,1.623
822,408.7,192.6,267.0,19.56,1.704
822,408.7,192.2,267.0,19.56,1.704
822,408.7,194.7,267.0,19.56,1.704
822,408.7,194.2,267.0,19.56,1.704
822,408.7,193.8,267.0,19.56,1.704
822,408.7,193.3,267.0,19.56,1.704
822,408.7,192.9,267.0,19.56,1.704
822,408.7,192.5,267.0,19.56,1.704
822,408.7,192.0,267.0,19.56,1.704
822,408.7,194.5,267.0,19.56,1.704
822,408.7,194.1,267.0,19.56,1.704
822,408.7,193.6,267.0,19.56,1.704
822,408.7,193.2,267.0,19.56,1.704
822,408.7,192.8,267.0,19.56,1.704
822,408.7,192.3,267.0,19.56,1.704
822,408.7,191.9,267.0,19.60,1.704
822,408.7,191.4,267.0,19.60,1.623
828,364.2,164.5,262.4,23.43,0.776
828,366.8,167.9,259.8,23.43,0.626
828,371.6,172.0,259.8,22.04,0.626
828,375.3,177.3,260.0,20.44,0.789
828,379.1,182.6,260.3,19.92,0.811
828,383.8,184.5,266.5,19.89,1.008
828,386.7,187.0,267.0,19.60,1.623
828,389.6,189.4,267.0,19.60,1.623
828,392.5,191.9,267.0,19.60,1.623
828,395.4,191.4,267.0,19.60,1.623
828,395.4,191.0,267.0,19.60,1.623
828,395.4,190.5,267.0,19.60,1.623
828,395.4,193.0,267.0,19.56,1.623
828,395.4,192.6,267.0,19.56,1.704
828,395.4,192.1,267.0,19.56,1.704
828,395.4,194.6,267.0,19.56,1.704
828,395.4,194.2,267.0,19.56,1.704
828,395.4,193.8,267.0,19.56,1.704
828,395.4,193.3,267.0,19.56,1.704
828,395.4,192.9,267.0,19.56,1.704
828,395.4,192.4,267.0,19.56,1.704
828,395.4,192.0,267.0,19.60,1.704
828,395.4,191.5,267.0,19.60,1.623
828,395.4,191.1,267.0,19.60,1.623
828,395.4,190.7,267.0,19.60,1.623
828,395.4,193.2,267.0,19.56,1.623
828,395.4,192.7,267.0,19.56,1.704
828,395.4,192.3,267.0,19.56,1.704
828,395.4,191.8,267.0,19.60,1.704
828,395.4,191.4,267.0,19.60,1.623
828,395.4,190.9,267.0,19.60,1.623
828,395.4,190.5,267.0,19.60,1.623
828,395.4,193.0,267.0,19.56,1.623
828,395.4,192.6,267.0,19.56,1.704
828,395.4,192.1,267.0,19.56,1.704
828,395.4,194.6,267.0,19.56,1.704
828,395.4,194.2,267.0,19.56,1.704
828,395.4,193.7,267.0,19.56,1.704
828,395.4,193.3,267.0,19.56,1.704
828,395.4,192.8,267.0,19.56,1.704
828,395.4,192.4,267.0,19.56,1.704
828,395.4,191.9,267.0,19.60,1.704
828,395.4,191.5,267.0,19.60,1.623
828,395.4,191.1,267.0,19.60,1.623
828,395.4,190.6,267.0,19.60,1.623
828,395.4,193.1,267.0,19.56,1.623
828,395.4,192.7,267.0,19.56,1.704
828,395.4,192.2,267.0,19.56,1.704
828,395.4,191.8,267.0,19.60,1.704
828,395.4,191.3,267.0,19.60,1.623
828,395.4,190.9,267.0,19.60,1.623
828,395.4,190.5,267.0,19.60,1.623
828,395.4,193.0,267.0,19.56,1.623
828,395.4,192.5,267.0,19.56,1.704
828,395.4,192.1,267.0,19.56,1.704
828,395.4,194.6,267.0,19.56,1.704
828,395.4,194.1,267.0,19.56,1.704
828,395.4,193.7,267.0,19.56,1.704
828,395.4,193.3,267.0,19.56,1.704
828,395.4,192.8,267.0,19.56,1.704
828,395.4,192.4,267.0,19.56,1.704
828,395.4,191.9,267.0,19.60,1.704
828,395.4,191.5,267.0,19.60,1.623
828,395.4,191.0,267.0,19.60,1.623
828,395.4,190.6,267.0,19.60,1.623
828,395.4,193.1,267.0,19.56,1.623
828,395.4,192.7,267.0,19.56,1.704
828,395.4,192.2,267.0,19.56,1.704
828,395.4,194.7,267.0,19.56,1.704
828,395.4,194.3,267.0,19.56,1.704
828,395.4,193.8,267.0,19.56,1.704
828,395.4,193.4,267.0,19.56,1.704
828,395.4,192.9,267.0,19.56,1.704
828,395.4,192.5,267.0,19.56,1.704
828,395.4,192.1,267.0,19.56,1.704
828,395.4,194.6,267.0,19.56,1.704
828,395.4,194.1,267.0,19.56,1.704
828,395.4,193.7,267.0,19.56,1.704
828,395.4,193.2,267.0,19.56,1.704
828,395.4,192.8,267.0,19.56,1.704
828,395.4,192.3,267.0,19.56,1.704
828,395.4,191.9,267.0,19.60,1.704
828,395.4,191.5,267.0,19.60,1.623
828,395.4,191.0,267.0,19.60,1.623
828,395.4,190.6,267.0,19.60,1.623
828,395.4,193.1,267.0,19.56,1.623
828,395.4,192.6,267.0,19.56,1.704
828,395.4,192.2,267.0,19.56,1.704
828,395.4,194.7,267.0,19.56,1.704
828,395.4,194.2,267.0,19.56,1.704
828,395.4,193.8,267.0,19.56,1.704
828,395.4,193.4,267.0,19.56,1.704
828,395.4,192.9,267.0,19.56,1.704
828,395.4,192.5,267.0,19.56,1.704
828,395.4,192.0,267.0,19.56,1.704
828,395.4,194.5,267.0,19.56,1.704
828,395.4,194.1,267.0,19.56,1.704
828,395.4,193.7,267.0,19.56,1.704
828,395.4,193.2,267.0,19.56,1.704
828,395.4,192.8,267.0,19.56,1.704
828,395.4,192.3,267.0,19.56,1.704
828,395.4,191.9,267.0,19.60,1.704
828,395.4,191.4,267.0,19.60,1.623
828,395.4,191.0,267.0,19.60,1.623
828,395.4,190.5,267.0,19.60,1.623
828,395.4,193.1,267.0,19.56,1.623
828,395.4,192.6,267.0,19.56,1.704
828,395.4,192.2,267.0,19.56,1.704
828,395.4,194.7,267.0,19.56,1.704
828,395.4,194.2,267.0,19.56,1.704
828,395.4,193.8,267.0,19.56,1.704
828,395.4,193.3,267.0,19.56,1.704
828,395.4,192.9,267.0,19.56,1.704
828,395.4,192.5,267.0,19.56,1.704
828,395.4,192.0,267.0,19.56,1.704
828,395.4,194.5,267.0,19.56,1.704
828,395.4,194.1,267.0,19.56,1.704
828,395.4,193.6,267.0,19.56,1.704
828,395.4,193.2,267.0,19.56,1.704
828,395.4,192.7,267.0,19.56,1.704
828,395.4,192.3,267.0,19.56,1.704
828,395.4,191.9,267.0,19.60,1.704
828,395.4,191.4,267.0,19.60,1.623
828,395.4,191.0,267.0,19.60,1.623
828,395.4,190.5,267.0,19.60,1.623
828,395.4,193.0,267.0,19.56,1.623
828,395.4,192.6,267.0,19.56,1.704
828,395.4,192.1,267.0,19.56,1.704
828,395.4,194.6,267.0,19.56,1.704
828,395.4,194.2,267.0,19.56,1.704
828,395.4,193.8,267.0,19.56,1.704
828,395.4,193.3,267.0,19.56,1.704
828,395.4,192.9,267.0,19.56,1.704
828,395.4,192.4,267.0,19.56,1.704
828,395.4,192.0,267.0,19.60,1.704
828,395.4,191.5,267.0,19.60,1.623
828,395.4,191.1,267.0,19.60,1.623
828,395.4,190.7,267.0,19.60,1.623
828,395.4,193.2,267.0,19.56,1.623
828,395.4,192.7,267.0,19.56,1.704
828,395.4,192.3,267.0,19.56,1.704
828,395.4,191.8,267.0,19.60,1.704
828,395.4,191.4,267.0,19.60,1.623
828,395.4,190.9,267.0,19.60,1.623
828,395.4,190.5,267.0,19.60,1.623
828,395.4,193.0,267.0,19.56,1.623
828,395.4,192.6,267.0,19.56,1.704
828,395.4,192.1,267.0,19.56,1.704
828,395.4,194.6,267.0,19.56,1.704
828,395.4,194.2,267.0,19.56,1.704
828,395.4,193.7,267.0,19.56,1.704
828,395.4,193.3,267.0,19.56,1.704
828,395.4,192.8,267.0,19.56,1.704
828,395.4,192.4,267.0,19.56,1.704
828,395.4,191.9,267.0,19.60,1.704
828,395.4,191.5,267.0,19.60,1.623
828,395.4,191.1,267.0,19.60,1.623
828,395.4,190.6,267.0,19.60,1.623
828,395.4,193.1,267.0,19.56,1.623
828,395.4,192.7,267.0,19.56,1.704
834,410.3,161.2,257.5,18.53,1.274
834,409.3,165.8,250.0,19.62,1.107
834,408.5,169.6,244.2,19.71,0.876
834,407.3,174.2,243.1,19.38,0.606
834,407.3,179.1,241.8,19.38,0.633
834,407.3,180.9,246.9,19.73,0.633
834,407.3,182.8,252.0,19.73,0.676
834,407.3,185.1,262.3,19.42,0.676
834,407.3,187.6,267.0,19.35,1.325
834,407.3,190.1,267.0,19.35,1.732
834,407.3,192.6,267.0,19.67,1.732
834,407.3,192.2,267.0,19.67,1.846
834,407.3,194.7,267.0,19.67,1.846
834,407.3,194.2,267.0,19.67,1.846
834,407.3,193.8,267.0,19.67,1.846
834,407.3,193.3,267.0,19.67,1.846
834,407.3,192.9,267.0,19.67,1.846
834,407.3,192.5,267.0,19.67,1.846
834,407.3,192.0,267.0,19.67,1.846
834,407.3,194.5,267.0,19.67,1.846
834,407.3,194.1,267.0,19.67,1.846
834,407.3,193.6,267.0,19.67,1.846
834,407.3,193.2,267.0,19.67,1.846
834,407.3,192.7,267.0,19.67,1.846
834,407.3,192.3,267.0,19.67,1.846
834,407.3,191.9,267.0,19.35,1.846
834,407.3,191.4,267.0,19.35,1.732
834,407.3,191.0,267.0,19.35,1.732
834,407.3,190.5,267.0,19.35,1.732
834,407.3,193.0,267.0,19.67,1.732
834,407.3,192.6,267.0,19.67,1.846
834,407.3,192.1,267.0,19.67,1.846
834,407.3,194.6,267.0,19.67,1.846
834,407.3,194.2,267.0,19.67,1.846
834,407.3,193.8,267.0,19.67,1.846
834,407.3,193.3,267.0,19.67,1.846
834,407.3,192.9,267.0,19.67,1.846
834,407.3,192.4,267.0,19.67,1.846
834,407.3,192.0,267.0,19.35,1.846
834,407.3,191.5,267.0,19.35,1.732
834,407.3,191.1,267.0,19.35,1.732
834,407.3,190.7,267.0,19.35,1.732
834,407.3,193.2,267.0,19.67,1.732
834,407.3,192.7,267.0,19.67,1.846
834,407.3,192.3,267.0,19.67,1.846
834,407.3,191.8,267.0,19.35,1.846
834,407.3,191.4,267.0,19.35,1.732
834,407.3,190.9,267.0,19.35,1.732
834,407.3,190.5,267.0,19.35,1.732
834,407.3,193.0,267.0,19.67,1.732
834,407.3,192.6,267.0,19.67,1.846
834,407.3,192.1,267.0,19.67,1.846
834,407.3,194.6,267.0,19.67,1.846
834,407.3,194.2,267.0,19.67,1.846
834,407.3,193.7,267.0,19.67,1.846
834,407.3,193.3,267.0,19.67,1.846
834,407.3,192.8,267.0,19.67,1.846
834,407.3,192.4,267.0,19.67,1.846
834,407.3,191.9,267.0,19.35,1.846
834,407.3,191.5,267.0,19.35,1.732
834,407.3,191.1,267.0,19.35,1.732
834,407.3,190.6,267.0,19.35,1.732
834,407.3,193.1,267.0,19.67,1.732
834,407.3,192.7,267.0,19.67,1.846
834,407.3,192.2,267.0,19.67,1.846
834,407.3,191.8,267.0,19.35,1.846
834,407.3,191.3,267.0,19.35,1.732
834,407.3,190.9,267.0,19.35,1.732
834,407.3,190.5,267.0,19.35,1.732
834,407.3,193.0,267.0,19.67,1.732
834,407.3,192.5,267.0,19.67,1.846
834,407.3,192.1,267.0,19.67,1.846
834,407.3,194.6,267.0,19.67,1.846
834,407.3,194.1,267.0,19.67,1.846
834,407.3,193.7,267.0,19.67,1.846
834,407.3,193.2,267.0,19.67,1.846
834,407.3,192.8,267.0,19.67,1.846
834,407.3,192.4,267.0,19.67,1.846
834,407.3,191.9,267.0,19.35,1.846
834,407.3,191.5,267.0,19.35,1.732
834,407.3,191.0,267.0,19.35,1.732
834,407.3,190.6,267.0,19.35,1.732
834,407.3,193.1,267.0,19.67,1.732
834,407.3,192.7,267.0,19.67,1.846
834,407.3,192.2,267.0,19.67,1.846
834,407.3,194.7,267.0,19.67,1.846
834,407.3,194.3,267.0,19.67,1.846
834,407.3,193.8,267.0,19.67,1.846
834,407.3,193.4,267.0,19.67,1.846
834,407.3,192.9,267.0,19.67,1.846
834,407.3,192.5,267.0,19.67,1.846
834,407.3,192.1,267.0,19.67,1.846
834,407.3,194.6,267.0,19.67,1.846
834,407.3,194.1,267.0,19.67,1.846
834,407.3,193.7,267.0,19.67,1.846
834,407.3,193.2,267.0,19.67,1.846
834,407.3,192.8,267.0,19.67,1.846
834,407.3,192.3,267.0,19.67,1.846
834,407.3,191.9,267.0,19.35,1.846
834,407.3,191.5,267.0,19.35,1.732
834,407.3,191.0,267.0,19.35,1.732
834,407.3,190.6,267.0,19.35,1.732
834,407.3,193.1,267.0,19.67,1.732
834,407.3,192.6,267.0,19.67,1.846
834,407.3,192.2,267.0,19.67,1.846
834,407.3,194.7,267.0,19.67,1.846
834,407.3,194.2,267.0,19.67,1.846
834,407.3,193.8,267.0,19.67,1.846
834,407.3,193.3,267.0,19.67,1.846
834,407.3,192.9,267.0,19.67,1.846
834,407.3,192.5,267.0,19.67,1.846
834,407.3,192.0,267.0,19.67,1.846
834,407.3,194.5,267.0,19.67,1.846
834,407.3,194.1,267.0,19.67,1.846
834,407.3,193.6,267.0,19.67,1.846
834,407.3,193.2,267.0,19.67,1.846
834,407.3,192.8,267.0,19.67,1.846
834,407.3,192.3,267.0,19.67,1.846
834,407.3,191.9,267.0,19.35,1.846
834,407.3,191.4,267.0,19.35,1.732
834,407.3,191.0,267.0,19.35,1.732
834,407.3,190.5,267.0,19.35,1.732
834,407.3,193.0,267.0,19.67,1.732
834,407.3,192.6,267.0,19.67,1.846
834,407.3,192.2,267.0,19.67,1.846
834,407.3,194.7,267.0,19.67,1.846
834,407.3,194.2,267.0,19.67,1.846
834,407.3,193.8,267.0,19.67,1.846
834,407.3,193.3,267.0,19.67,1.846
834,407.3,192.9,267.0,19.67,1.846
834,407.3,192.4,267.0,19.67,1.846
834,407.3,192.0,267.0,19.67,1.846
834,407.3,191.6,267.0,19.35,1.732
834,407.3,191.1,267.0,19.35,1.732
834,407.3,190.7,267.0,19.35,1.732
834,407.3,193.2,267.0,19.67,1.732
834,407.3,192.7,267.0,19.67,1.846
834,407.3,192.3,267.0,19.67,1.846
834,407.3,191.8,267.0,19.35,1.846
834,407.3,191.4,267.0,19.35,1.732
834,407.3,190.9,267.0,19.35,1.732
834,407.3,190.5,267.0,19.35,1.732
834,407.3,193.0,267.0,19.67,1.732
834,407.3,192.6,267.0,19.67,1.846
834,407.3,192.1,267.0,19.67,1.846
834,407.3,194.6,267.0,19.67,1.846
834,407.3,194.2,267.0,19.67,1.846
834,407.3,193.7,267.0,19.67,1.846
834,407.3,193.3,267.0,19.67,1.846
834,407.3,192.9,267.0,19.67,1.846
834,407.3,192.4,267.0,19.67,1.846
834,407.3,192.0,267.0,19.35,1.846
834,407.3,191.5,267.0,19.35,1.732
834,407.3,191.1,267.0,19.35,1.732
834,407.3,190.6,267.0,19.35,1.732
834,407.3,193.1,267.0,19.67,1.732
834,407.3,192.7,267.0,19.67,1.846
834,407.3,192.3,267.0,19.67,1.846
834,407.3,191.8,267.0,19.35,1.846
834,407.3,191.4,267.0,19.35,1.732
