t_s,point,ue_x,ue_y,z,T_C,U_mag
0.64,A,4.00,2.00,0.10,28.877,0.0002
0.64,A,4.00,2.00,1.10,28.868,0.0073
0.64,A,4.00,2.00,1.70,28.862,0.0210
0.64,B,7.50,0.80,0.10,28.877,0.0001
0.64,B,7.50,0.80,1.10,28.868,0.0002
0.64,B,7.50,0.80,1.70,28.862,0.0002
0.64,C,4.00,4.50,0.10,28.877,0.0004
0.64,C,4.00,4.50,1.10,28.868,0.0006
0.64,C,4.00,4.50,1.70,28.862,0.0007
0.64,D,0.50,0.80,0.10,28.877,0.0001
0.64,D,0.50,0.80,1.10,28.868,0.0002
0.64,D,0.50,0.80,1.70,28.862,0.0002
1.83,A,4.00,2.00,0.10,28.876,0.0013
1.83,A,4.00,2.00,1.10,28.868,0.0420
1.83,A,4.00,2.00,1.70,28.862,0.0903
1.83,B,7.50,0.80,0.10,28.876,0.0004
1.83,B,7.50,0.80,1.10,28.868,0.0009
1.83,B,7.50,0.80,1.70,28.863,0.0010
1.83,C,4.00,4.50,0.10,28.876,0.0022
1.83,C,4.00,4.50,1.10,28.868,0.0029
1.83,C,4.00,4.50,1.70,28.863,0.0034
1.83,D,0.50,0.80,0.10,28.876,0.0004
1.83,D,0.50,0.80,1.10,28.868,0.0009
1.83,D,0.50,0.80,1.70,28.863,0.0010
3.01,A,4.00,2.00,0.10,28.875,0.0031
3.01,A,4.00,2.00,1.10,28.868,0.0770
3.01,A,4.00,2.00,1.70,28.342,0.2019
3.01,B,7.50,0.80,0.10,28.875,0.0008
3.01,B,7.50,0.80,1.10,28.868,0.0019
3.01,B,7.50,0.80,1.70,28.863,0.0020
3.01,C,4.00,4.50,0.10,28.875,0.0047
3.01,C,4.00,4.50,1.10,28.868,0.0059
3.01,C,4.00,4.50,1.70,28.863,0.0068
3.01,D,0.50,0.80,0.10,28.875,0.0008
3.01,D,0.50,0.80,1.10,28.868,0.0019
3.01,D,0.50,0.80,1.70,28.863,0.0020
4.19,A,4.00,2.00,0.10,28.875,0.0067
4.19,A,4.00,2.00,1.10,28.793,0.1282
4.19,A,4.00,2.00,1.70,23.264,0.6581
4.19,B,7.50,0.80,0.10,28.875,0.0014
4.19,B,7.50,0.80,1.10,28.868,0.0032
4.19,B,7.50,0.80,1.70,28.863,0.0033
4.19,C,4.00,4.50,0.10,28.875,0.0085
4.19,C,4.00,4.50,1.10,28.868,0.0103
4.19,C,4.00,4.50,1.70,28.863,0.0112
4.19,D,0.50,0.80,0.10,28.875,0.0014
4.19,D,0.50,0.80,1.10,28.868,0.0032
4.19,D,0.50,0.80,1.70,28.863,0.0033
5.37,A,4.00,2.00,0.10,28.875,0.0153
5.37,A,4.00,2.00,1.10,23.799,0.6076
5.37,A,4.00,2.00,1.70,22.747,0.8294
5.37,B,7.50,0.80,0.10,28.874,0.0022
5.37,B,7.50,0.80,1.10,28.868,0.0048
5.37,B,7.50,0.80,1.70,28.863,0.0048
5.37,C,4.00,4.50,0.10,28.874,0.0140
5.37,C,4.00,4.50,1.10,28.868,0.0158
5.37,C,4.00,4.50,1.70,28.863,0.0160
5.37,D,0.50,0.80,0.10,28.874,0.0022
5.37,D,0.50,0.80,1.10,28.868,0.0048
5.37,D,0.50,0.80,1.70,28.863,0.0048
6.55,A,4.00,2.00,0.10,28.847,0.0539
6.55,A,4.00,2.00,1.10,22.873,0.9640
6.55,A,4.00,2.00,1.70,22.734,0.8081
6.55,B,7.50,0.80,0.10,28.874,0.0029
6.55,B,7.50,0.80,1.10,28.868,0.0063
6.55,B,7.50,0.80,1.70,28.863,0.0061
6.55,C,4.00,4.50,0.10,28.874,0.0204
6.55,C,4.00,4.50,1.10,28.868,0.0210
6.55,C,4.00,4.50,1.70,28.863,0.0199
6.55,D,0.50,0.80,0.10,28.874,0.0029
6.55,D,0.50,0.80,1.10,28.868,0.0063
6.55,D,0.50,0.80,1.70,28.863,0.0061
7.73,A,4.00,2.00,0.10,24.932,0.2714
7.73,A,4.00,2.00,1.10,22.876,0.9764
7.73,A,4.00,2.00,1.70,22.664,0.7790
7.73,B,7.50,0.80,0.10,28.874,0.0034
7.73,B,7.50,0.80,1.10,28.868,0.0074
7.73,B,7.50,0.80,1.70,28.863,0.0071
7.73,C,4.00,4.50,0.10,28.874,0.0267
7.73,C,4.00,4.50,1.10,28.868,0.0250
7.73,C,4.00,4.50,1.70,28.863,0.0222
7.73,D,0.50,0.80,0.10,28.874,0.0034
7.73,D,0.50,0.80,1.10,28.868,0.0074
7.73,D,0.50,0.80,1.70,28.863,0.0071
8.91,A,4.00,2.00,0.10,23.148,0.3326
8.91,A,4.00,2.00,1.10,22.803,0.9422
8.91,A,4.00,2.00,1.70,22.624,0.7686
8.91,B,7.50,0.80,0.10,28.874,0.0041
8.91,B,7.50,0.80,1.10,28.868,0.0087
8.91,B,7.50,0.80,1.70,28.863,0.0082
8.91,C,4.00,4.50,0.10,28.873,0.0357
8.91,C,4.00,4.50,1.10,28.868,0.0291
8.91,C,4.00,4.50,1.70,28.863,0.0243
8.91,D,0.50,0.80,0.10,28.874,0.0041
8.91,D,0.50,0.80,1.10,28.868,0.0087
8.91,D,0.50,0.80,1.70,28.863,0.0082
10.09,A,4.00,2.00,0.10,23.019,0.3307
10.09,A,4.00,2.00,1.10,22.762,0.9218
10.09,A,4.00,2.00,1.70,22.611,0.7652
10.09,B,7.50,0.80,0.10,28.873,0.0055
10.09,B,7.50,0.80,1.10,28.868,0.0110
10.09,B,7.50,0.80,1.70,28.863,0.0101
10.09,C,4.00,4.50,0.10,28.872,0.0601
10.09,C,4.00,4.50,1.10,28.868,0.0354
10.09,C,4.00,4.50,1.70,28.863,0.0275
10.09,D,0.50,0.80,0.10,28.873,0.0055
10.09,D,0.50,0.80,1.10,28.868,0.0110
10.09,D,0.50,0.80,1.70,28.863,0.0101
11.27,A,4.00,2.00,0.10,22.962,0.3297
11.27,A,4.00,2.00,1.10,22.747,0.9116
11.27,A,4.00,2.00,1.70,22.608,0.7637
11.27,B,7.50,0.80,0.10,28.873,0.0083
11.27,B,7.50,0.80,1.10,28.868,0.0153
11.27,B,7.50,0.80,1.70,28.863,0.0133
11.27,C,4.00,4.50,0.10,28.515,0.1491
11.27,C,4.00,4.50,1.10,28.868,0.0439
11.27,C,4.00,4.50,1.70,28.863,0.0314
11.27,D,0.50,0.80,0.10,28.873,0.0083
11.27,D,0.50,0.80,1.10,28.868,0.0153
11.27,D,0.50,0.80,1.70,28.863,0.0133
12.45,A,4.00,2.00,0.10,22.935,0.3313
12.45,A,4.00,2.00,1.10,22.744,0.9082
12.45,A,4.00,2.00,1.70,22.610,0.7636
12.45,B,7.50,0.80,0.10,28.873,0.0130
12.45,B,7.50,0.80,1.10,28.868,0.0216
12.45,B,7.50,0.80,1.70,28.863,0.0178
12.45,C,4.00,4.50,0.10,26.840,0.3444
12.45,C,4.00,4.50,1.10,28.868,0.0532
12.45,C,4.00,4.50,1.70,28.863,0.0353
12.45,D,0.50,0.80,0.10,28.873,0.0130
12.45,D,0.50,0.80,1.10,28.868,0.0216
12.45,D,0.50,0.80,1.70,28.863,0.0178
13.63,A,4.00,2.00,0.10,22.923,0.3332
13.63,A,4.00,2.00,1.10,22.745,0.9082
13.63,A,4.00,2.00,1.70,22.614,0.7638
13.63,B,7.50,0.80,0.10,28.873,0.0207
13.63,B,7.50,0.80,1.10,28.868,0.0299
13.63,B,7.50,0.80,1.70,28.863,0.0232
13.63,C,4.00,4.50,0.10,26.621,0.4580
13.63,C,4.00,4.50,1.10,28.868,0.0609
13.63,C,4.00,4.50,1.70,28.863,0.0383
13.63,D,0.50,0.80,0.10,28.873,0.0207
13.63,D,0.50,0.80,1.10,28.868,0.0299
13.63,D,0.50,0.80,1.70,28.863,0.0232
14.81,A,4.00,2.00,0.10,22.918,0.3347
14.81,A,4.00,2.00,1.10,22.743,0.9089
14.81,A,4.00,2.00,1.70,22.613,0.7641
14.81,B,7.50,0.80,0.10,28.873,0.0338
14.81,B,7.50,0.80,1.10,28.868,0.0405
14.81,B,7.50,0.80,1.70,28.863,0.0294
14.81,C,4.00,4.50,0.10,26.828,0.4740
14.81,C,4.00,4.50,1.10,28.868,0.0645
14.81,C,4.00,4.50,1.70,28.863,0.0399
14.81,D,0.50,0.80,0.10,28.873,0.0338
14.81,D,0.50,0.80,1.10,28.868,0.0405
14.81,D,0.50,0.80,1.70,28.863,0.0294
15.99,A,4.00,2.00,0.10,22.912,0.3359
15.99,A,4.00,2.00,1.10,22.735,0.9099
15.99,A,4.00,2.00,1.70,22.607,0.7644
15.99,B,7.50,0.80,0.10,28.862,0.0597
15.99,B,7.50,0.80,1.10,28.868,0.0534
15.99,B,7.50,0.80,1.70,28.863,0.0365
15.99,C,4.00,4.50,0.10,26.922,0.4583
15.99,C,4.00,4.50,1.10,28.868,0.0644
15.99,C,4.00,4.50,1.70,28.863,0.0401
15.99,D,0.50,0.80,0.10,28.862,0.0597
15.99,D,0.50,0.80,1.10,28.868,0.0534
15.99,D,0.50,0.80,1.70,28.863,0.0365
17.17,A,4.00,2.00,0.10,22.903,0.3367
17.17,A,4.00,2.00,1.10,22.726,0.9107
17.17,A,4.00,2.00,1.70,22.601,0.7648
17.17,B,7.50,0.80,0.10,28.507,0.1151
17.17,B,7.50,0.80,1.10,28.868,0.0687
17.17,B,7.50,0.80,1.70,28.863,0.0444
17.17,C,4.00,4.50,0.10,26.916,0.4398
17.17,C,4.00,4.50,1.10,28.868,0.0622
17.17,C,4.00,4.50,1.70,28.863,0.0394
17.17,D,0.50,0.80,0.10,28.507,0.1151
17.17,D,0.50,0.80,1.10,28.868,0.0687
17.17,D,0.50,0.80,1.70,28.863,0.0444
18.35,A,4.00,2.00,0.10,22.893,0.3369
18.35,A,4.00,2.00,1.10,22.718,0.9114
18.35,A,4.00,2.00,1.70,22.595,0.7651
18.35,B,7.50,0.80,0.10,27.573,0.1854
18.35,B,7.50,0.80,1.10,28.868,0.0870
18.35,B,7.50,0.80,1.70,28.863,0.0534
18.35,C,4.00,4.50,0.10,26.880,0.4254
18.35,C,4.00,4.50,1.10,28.867,0.0594
18.35,C,4.00,4.50,1.70,28.863,0.0386
18.35,D,0.50,0.80,0.10,27.573,0.1854
18.35,D,0.50,0.80,1.10,28.868,0.0870
18.35,D,0.50,0.80,1.70,28.863,0.0534
19.53,A,4.00,2.00,0.10,22.884,0.3361
19.53,A,4.00,2.00,1.10,22.713,0.9119
19.53,A,4.00,2.00,1.70,22.590,0.7655
19.53,B,7.50,0.80,0.10,27.226,0.2260
19.53,B,7.50,0.80,1.10,28.867,0.1088
19.53,B,7.50,0.80,1.70,28.863,0.0637
19.53,C,4.00,4.50,0.10,26.850,0.4150
19.53,C,4.00,4.50,1.10,28.867,0.0568
19.53,C,4.00,4.50,1.70,28.863,0.0379
19.53,D,0.50,0.80,0.10,27.226,0.2260
19.53,D,0.50,0.80,1.10,28.867,0.1088
19.53,D,0.50,0.80,1.70,28.863,0.0637
20.70,A,4.00,2.00,0.10,22.879,0.3352
20.70,A,4.00,2.00,1.10,22.709,0.9122
20.70,A,4.00,2.00,1.70,22.586,0.7658
20.70,B,7.50,0.80,0.10,27.212,0.2380
20.70,B,7.50,0.80,1.10,28.850,0.1342
20.70,B,7.50,0.80,1.70,28.863,0.0758
20.70,C,4.00,4.50,0.10,26.834,0.4073
20.70,C,4.00,4.50,1.10,28.867,0.0544
20.70,C,4.00,4.50,1.70,28.863,0.0373
20.70,D,0.50,0.80,0.10,27.212,0.2380
20.70,D,0.50,0.80,1.10,28.850,0.1342
20.70,D,0.50,0.80,1.70,28.863,0.0758
21.88,A,4.00,2.00,0.10,22.874,0.3344
21.88,A,4.00,2.00,1.10,22.706,0.9125
21.88,A,4.00,2.00,1.70,22.582,0.7661
21.88,B,7.50,0.80,0.10,27.226,0.2346
21.88,B,7.50,0.80,1.10,28.766,0.1601
21.88,B,7.50,0.80,1.70,28.862,0.0904
21.88,C,4.00,4.50,0.10,26.827,0.4014
21.88,C,4.00,4.50,1.10,28.866,0.0520
21.88,C,4.00,4.50,1.70,28.863,0.0368
21.88,D,0.50,0.80,0.10,27.226,0.2346
21.88,D,0.50,0.80,1.10,28.766,0.1601
21.88,D,0.50,0.80,1.70,28.862,0.0904
23.05,A,4.00,2.00,0.10,22.871,0.3335
23.05,A,4.00,2.00,1.10,22.703,0.9127
23.05,A,4.00,2.00,1.70,22.578,0.7664
23.05,B,7.50,0.80,0.10,27.225,0.2242
23.05,B,7.50,0.80,1.10,28.528,0.1770
23.05,B,7.50,0.80,1.70,28.859,0.1084
23.05,C,4.00,4.50,0.10,26.824,0.3967
23.05,C,4.00,4.50,1.10,28.865,0.0496
23.05,C,4.00,4.50,1.70,28.863,0.0360
23.05,D,0.50,0.80,0.10,27.225,0.2242
23.05,D,0.50,0.80,1.10,28.528,0.1770
23.05,D,0.50,0.80,1.70,28.859,0.1084
24.23,A,4.00,2.00,0.10,22.868,0.3326
24.23,A,4.00,2.00,1.10,22.700,0.9128
24.23,A,4.00,2.00,1.70,22.574,0.7666
24.23,B,7.50,0.80,0.10,27.213,0.2123
24.23,B,7.50,0.80,1.10,28.132,0.1791
24.23,B,7.50,0.80,1.70,28.834,0.1289
24.23,C,4.00,4.50,0.10,26.821,0.3926
24.23,C,4.00,4.50,1.10,28.863,0.0470
24.23,C,4.00,4.50,1.70,28.863,0.0348
24.23,D,0.50,0.80,0.10,27.213,0.2123
24.23,D,0.50,0.80,1.10,28.132,0.1791
24.23,D,0.50,0.80,1.70,28.834,0.1289
25.40,A,4.00,2.00,0.10,22.865,0.3317
25.40,A,4.00,2.00,1.10,22.696,0.9129
25.40,A,4.00,2.00,1.70,22.571,0.7668
25.40,B,7.50,0.80,0.10,27.195,0.2016
25.40,B,7.50,0.80,1.10,27.754,0.1739
25.40,B,7.50,0.80,1.70,28.724,0.1458
25.40,C,4.00,4.50,0.10,26.819,0.3888
25.40,C,4.00,4.50,1.10,28.859,0.0443
25.40,C,4.00,4.50,1.70,28.863,0.0331
25.40,D,0.50,0.80,0.10,27.195,0.2016
25.40,D,0.50,0.80,1.10,27.754,0.1739
25.40,D,0.50,0.80,1.70,28.724,0.1458
26.57,A,4.00,2.00,0.10,22.861,0.3309
26.57,A,4.00,2.00,1.10,22.692,0.9131
26.57,A,4.00,2.00,1.70,22.567,0.7669
26.57,B,7.50,0.80,0.10,27.176,0.1929
26.57,B,7.50,0.80,1.10,27.533,0.1662
26.57,B,7.50,0.80,1.70,28.447,0.1502
26.57,C,4.00,4.50,0.10,26.818,0.3850
26.57,C,4.00,4.50,1.10,28.850,0.0419
26.57,C,4.00,4.50,1.70,28.863,0.0310
26.57,D,0.50,0.80,0.10,27.176,0.1929
26.57,D,0.50,0.80,1.10,27.533,0.1662
26.57,D,0.50,0.80,1.70,28.447,0.1502
27.75,A,4.00,2.00,0.10,22.856,0.3302
27.75,A,4.00,2.00,1.10,22.688,0.9132
27.75,A,4.00,2.00,1.70,22.564,0.7670
27.75,B,7.50,0.80,0.10,27.158,0.1861
27.75,B,7.50,0.80,1.10,27.439,0.1571
27.75,B,7.50,0.80,1.70,28.084,0.1414
27.75,C,4.00,4.50,0.10,26.816,0.3810
27.75,C,4.00,4.50,1.10,28.835,0.0403
27.75,C,4.00,4.50,1.70,28.863,0.0285
27.75,D,0.50,0.80,0.10,27.158,0.1861
27.75,D,0.50,0.80,1.10,27.439,0.1571
27.75,D,0.50,0.80,1.70,28.084,0.1414
28.92,A,4.00,2.00,0.10,22.851,0.3296
28.92,A,4.00,2.00,1.10,22.683,0.9134
28.92,A,4.00,2.00,1.70,22.560,0.7671
28.92,B,7.50,0.80,0.10,27.140,0.1810
28.92,B,7.50,0.80,1.10,27.404,0.1468
28.92,B,7.50,0.80,1.70,27.807,0.1288
28.92,C,4.00,4.50,0.10,26.816,0.3768
28.92,C,4.00,4.50,1.10,28.810,0.0399
28.92,C,4.00,4.50,1.70,28.862,0.0259
28.92,D,0.50,0.80,0.10,27.140,0.1810
28.92,D,0.50,0.80,1.10,27.404,0.1468
28.92,D,0.50,0.80,1.70,27.807,0.1288
30.09,A,4.00,2.00,0.10,22.845,0.3292
30.09,A,4.00,2.00,1.10,22.677,0.9135
30.09,A,4.00,2.00,1.70,22.557,0.7672
30.09,B,7.50,0.80,0.10,27.121,0.1772
30.09,B,7.50,0.80,1.10,27.392,0.1366
30.09,B,7.50,0.80,1.70,27.650,0.1180
30.09,C,4.00,4.50,0.10,26.817,0.3720
30.09,C,4.00,4.50,1.10,28.771,0.0411
30.09,C,4.00,4.50,1.70,28.862,0.0234
30.09,D,0.50,0.80,0.10,27.121,0.1772
30.09,D,0.50,0.80,1.10,27.392,0.1366
30.09,D,0.50,0.80,1.70,27.650,0.1180
31.27,A,4.00,2.00,0.10,22.840,0.3288
31.27,A,4.00,2.00,1.10,22.673,0.9135
31.27,A,4.00,2.00,1.70,22.553,0.7672
31.27,B,7.50,0.80,0.10,27.101,0.1745
31.27,B,7.50,0.80,1.10,27.384,0.1275
31.27,B,7.50,0.80,1.70,27.574,0.1079
31.27,C,4.00,4.50,0.10,26.819,0.3668
31.27,C,4.00,4.50,1.10,28.715,0.0434
31.27,C,4.00,4.50,1.70,28.861,0.0216
31.27,D,0.50,0.80,0.10,27.101,0.1745
31.27,D,0.50,0.80,1.10,27.384,0.1275
31.27,D,0.50,0.80,1.70,27.574,0.1079
32.44,A,4.00,2.00,0.10,22.835,0.3285
32.44,A,4.00,2.00,1.10,22.669,0.9134
32.44,A,4.00,2.00,1.70,22.550,0.7672
32.44,B,7.50,0.80,0.10,27.080,0.1730
32.44,B,7.50,0.80,1.10,27.374,0.1198
32.44,B,7.50,0.80,1.70,27.538,0.0978
32.44,C,4.00,4.50,0.10,26.822,0.3611
32.44,C,4.00,4.50,1.10,28.641,0.0466
32.44,C,4.00,4.50,1.70,28.859,0.0210
32.44,D,0.50,0.80,0.10,27.080,0.1730
32.44,D,0.50,0.80,1.10,27.374,0.1198
32.44,D,0.50,0.80,1.70,27.538,0.0978
33.62,A,4.00,2.00,0.10,22.831,0.3283
33.62,A,4.00,2.00,1.10,22.665,0.9132
33.62,A,4.00,2.00,1.70,22.547,0.7671
33.62,B,7.50,0.80,0.10,27.058,0.1723
33.62,B,7.50,0.80,1.10,27.359,0.1135
33.62,B,7.50,0.80,1.70,27.520,0.0876
33.62,C,4.00,4.50,0.10,26.827,0.3551
33.62,C,4.00,4.50,1.10,28.551,0.0503
33.62,C,4.00,4.50,1.70,28.857,0.0218
33.62,D,0.50,0.80,0.10,27.058,0.1723
33.62,D,0.50,0.80,1.10,27.359,0.1135
33.62,D,0.50,0.80,1.70,27.520,0.0876
34.79,A,4.00,2.00,0.10,22.827,0.3281
34.79,A,4.00,2.00,1.10,22.661,0.9128
34.79,A,4.00,2.00,1.70,22.545,0.7669
34.79,B,7.50,0.80,0.10,27.035,0.1724
34.79,B,7.50,0.80,1.10,27.341,0.1082
34.79,B,7.50,0.80,1.70,27.508,0.0777
34.79,C,4.00,4.50,0.10,26.832,0.3488
34.79,C,4.00,4.50,1.10,28.450,0.0549
34.79,C,4.00,4.50,1.70,28.852,0.0239
34.79,D,0.50,0.80,0.10,27.035,0.1724
34.79,D,0.50,0.80,1.10,27.341,0.1082
34.79,D,0.50,0.80,1.70,27.508,0.0777
35.96,A,4.00,2.00,0.10,22.824,0.3280
35.96,A,4.00,2.00,1.10,22.658,0.9123
35.96,A,4.00,2.00,1.70,22.542,0.7666
35.96,B,7.50,0.80,0.10,27.011,0.1731
35.96,B,7.50,0.80,1.10,27.321,0.1040
35.96,B,7.50,0.80,1.70,27.498,0.0685
35.96,C,4.00,4.50,0.10,26.837,0.3426
35.96,C,4.00,4.50,1.10,28.348,0.0605
35.96,C,4.00,4.50,1.70,28.845,0.0265
35.96,D,0.50,0.80,0.10,27.011,0.1731
35.96,D,0.50,0.80,1.10,27.321,0.1040
35.96,D,0.50,0.80,1.70,27.498,0.0685
37.14,A,4.00,2.00,0.10,22.821,0.3280
37.14,A,4.00,2.00,1.10,22.654,0.9114
37.14,A,4.00,2.00,1.70,22.539,0.7663
37.14,B,7.50,0.80,0.10,26.986,0.1742
37.14,B,7.50,0.80,1.10,27.298,0.1009
37.14,B,7.50,0.80,1.70,27.487,0.0606
37.14,C,4.00,4.50,0.10,26.841,0.3365
37.14,C,4.00,4.50,1.10,28.249,0.0670
37.14,C,4.00,4.50,1.70,28.836,0.0291
37.14,D,0.50,0.80,0.10,26.986,0.1742
37.14,D,0.50,0.80,1.10,27.298,0.1009
37.14,D,0.50,0.80,1.70,27.487,0.0606
38.31,A,4.00,2.00,0.10,22.818,0.3280
38.31,A,4.00,2.00,1.10,22.651,0.9102
38.31,A,4.00,2.00,1.70,22.536,0.7658
38.31,B,7.50,0.80,0.10,26.961,0.1754
38.31,B,7.50,0.80,1.10,27.275,0.0987
38.31,B,7.50,0.80,1.70,27.475,0.0548
38.31,C,4.00,4.50,0.10,26.844,0.3308
38.31,C,4.00,4.50,1.10,28.159,0.0741
38.31,C,4.00,4.50,1.70,28.824,0.0311
38.31,D,0.50,0.80,0.10,26.961,0.1754
38.31,D,0.50,0.80,1.10,27.275,0.0987
38.31,D,0.50,0.80,1.70,27.475,0.0548
39.48,A,4.00,2.00,0.10,22.816,0.3280
39.48,A,4.00,2.00,1.10,22.648,0.9087
39.48,A,4.00,2.00,1.70,22.533,0.7653
39.48,B,7.50,0.80,0.10,26.937,0.1765
39.48,B,7.50,0.80,1.10,27.251,0.0972
39.48,B,7.50,0.80,1.70,27.463,0.0519
39.48,C,4.00,4.50,0.10,26.846,0.3257
39.48,C,4.00,4.50,1.10,28.084,0.0806
39.48,C,4.00,4.50,1.70,28.811,0.0323
39.48,D,0.50,0.80,0.10,26.937,0.1765
39.48,D,0.50,0.80,1.10,27.251,0.0972
39.48,D,0.50,0.80,1.70,27.463,0.0519
40.66,A,4.00,2.00,0.10,22.813,0.3281
40.66,A,4.00,2.00,1.10,22.644,0.9069
40.66,A,4.00,2.00,1.70,22.530,0.7647
40.66,B,7.50,0.80,0.10,26.914,0.1773
40.66,B,7.50,0.80,1.10,27.228,0.0963
40.66,B,7.50,0.80,1.70,27.453,0.0520
40.66,C,4.00,4.50,0.10,26.846,0.3214
40.66,C,4.00,4.50,1.10,28.025,0.0860
40.66,C,4.00,4.50,1.70,28.798,0.0326
40.66,D,0.50,0.80,0.10,26.914,0.1773
40.66,D,0.50,0.80,1.10,27.228,0.0963
40.66,D,0.50,0.80,1.70,27.453,0.0520
41.83,A,4.00,2.00,0.10,22.810,0.3282
41.83,A,4.00,2.00,1.10,22.640,0.9047
41.83,A,4.00,2.00,1.70,22.526,0.7642
41.83,B,7.50,0.80,0.10,26.893,0.1777
41.83,B,7.50,0.80,1.10,27.205,0.0959
41.83,B,7.50,0.80,1.70,27.449,0.0551
41.83,C,4.00,4.50,0.10,26.843,0.3181
41.83,C,4.00,4.50,1.10,27.980,0.0905
41.83,C,4.00,4.50,1.70,28.784,0.0320
41.83,D,0.50,0.80,0.10,26.893,0.1777
41.83,D,0.50,0.80,1.10,27.205,0.0959
41.83,D,0.50,0.80,1.70,27.449,0.0551
43.00,A,4.00,2.00,0.10,22.808,0.3283
43.00,A,4.00,2.00,1.10,22.636,0.9024
43.00,A,4.00,2.00,1.70,22.522,0.7635
43.00,B,7.50,0.80,0.10,26.873,0.1774
43.00,B,7.50,0.80,1.10,27.183,0.0959
43.00,B,7.50,0.80,1.70,27.449,0.0603
43.00,C,4.00,4.50,0.10,26.836,0.3159
43.00,C,4.00,4.50,1.10,27.948,0.0938
43.00,C,4.00,4.50,1.70,28.771,0.0305
43.00,D,0.50,0.80,0.10,26.873,0.1774
43.00,D,0.50,0.80,1.10,27.183,0.0959
43.00,D,0.50,0.80,1.70,27.449,0.0603
44.18,A,4.00,2.00,0.10,22.805,0.3282
44.18,A,4.00,2.00,1.10,22.632,0.9001
44.18,A,4.00,2.00,1.70,22.518,0.7629
44.18,B,7.50,0.80,0.10,26.856,0.1766
44.18,B,7.50,0.80,1.10,27.160,0.0960
44.18,B,7.50,0.80,1.70,27.456,0.0663
44.18,C,4.00,4.50,0.10,26.826,0.3150
44.18,C,4.00,4.50,1.10,27.927,0.0961
44.18,C,4.00,4.50,1.70,28.760,0.0281
44.18,D,0.50,0.80,0.10,26.856,0.1766
44.18,D,0.50,0.80,1.10,27.160,0.0960
44.18,D,0.50,0.80,1.70,27.456,0.0663
45.35,A,4.00,2.00,0.10,22.803,0.3280
45.35,A,4.00,2.00,1.10,22.627,0.8980
45.35,A,4.00,2.00,1.70,22.512,0.7623
45.35,B,7.50,0.80,0.10,26.842,0.1751
45.35,B,7.50,0.80,1.10,27.138,0.0962
45.35,B,7.50,0.80,1.70,27.470,0.0722
45.35,C,4.00,4.50,0.10,26.810,0.3157
45.35,C,4.00,4.50,1.10,27.916,0.0974
45.35,C,4.00,4.50,1.70,28.749,0.0248
45.35,D,0.50,0.80,0.10,26.842,0.1751
45.35,D,0.50,0.80,1.10,27.138,0.0962
45.35,D,0.50,0.80,1.70,27.470,0.0722
46.53,A,4.00,2.00,0.10,22.800,0.3275
46.53,A,4.00,2.00,1.10,22.622,0.8959
46.53,A,4.00,2.00,1.70,22.506,0.7617
46.53,B,7.50,0.80,0.10,26.830,0.1731
46.53,B,7.50,0.80,1.10,27.115,0.0965
46.53,B,7.50,0.80,1.70,27.493,0.0774
46.53,C,4.00,4.50,0.10,26.787,0.3181
46.53,C,4.00,4.50,1.10,27.910,0.0980
46.53,C,4.00,4.50,1.70,28.739,0.0206
46.53,D,0.50,0.80,0.10,26.830,0.1731
46.53,D,0.50,0.80,1.10,27.115,0.0965
46.53,D,0.50,0.80,1.70,27.493,0.0774
47.70,A,4.00,2.00,0.10,22.797,0.3267
47.70,A,4.00,2.00,1.10,22.616,0.8941
47.70,A,4.00,2.00,1.70,22.499,0.7612
47.70,B,7.50,0.80,0.10,26.821,0.1704
47.70,B,7.50,0.80,1.10,27.091,0.0968
47.70,B,7.50,0.80,1.70,27.524,0.0814
47.70,C,4.00,4.50,0.10,26.756,0.3219
47.70,C,4.00,4.50,1.10,27.907,0.0979
47.70,C,4.00,4.50,1.70,28.731,0.0156
47.70,D,0.50,0.80,0.10,26.821,0.1704
47.70,D,0.50,0.80,1.10,27.091,0.0968
47.70,D,0.50,0.80,1.70,27.524,0.0814
48.87,A,4.00,2.00,0.10,22.795,0.3256
48.87,A,4.00,2.00,1.10,22.609,0.8924
48.87,A,4.00,2.00,1.70,22.491,0.7609
48.87,B,7.50,0.80,0.10,26.813,0.1673
48.87,B,7.50,0.80,1.10,27.066,0.0971
48.87,B,7.50,0.80,1.70,27.561,0.0841
48.87,C,4.00,4.50,0.10,26.719,0.3268
48.87,C,4.00,4.50,1.10,27.904,0.0973
48.87,C,4.00,4.50,1.70,28.724,0.0102
48.87,D,0.50,0.80,0.10,26.813,0.1673
48.87,D,0.50,0.80,1.10,27.066,0.0971
48.87,D,0.50,0.80,1.70,27.561,0.0841
50.05,A,4.00,2.00,0.10,22.792,0.3245
50.05,A,4.00,2.00,1.10,22.602,0.8911
50.05,A,4.00,2.00,1.70,22.482,0.7605
50.05,B,7.50,0.80,0.10,26.808,0.1637
50.05,B,7.50,0.80,1.10,27.040,0.0975
50.05,B,7.50,0.80,1.70,27.601,0.0858
50.05,C,4.00,4.50,0.10,26.678,0.3323
50.05,C,4.00,4.50,1.10,27.896,0.0965
50.05,C,4.00,4.50,1.70,28.719,0.0045
50.05,D,0.50,0.80,0.10,26.808,0.1637
50.05,D,0.50,0.80,1.10,27.040,0.0975
50.05,D,0.50,0.80,1.70,27.601,0.0858
51.22,A,4.00,2.00,0.10,22.789,0.3235
51.22,A,4.00,2.00,1.10,22.595,0.8899
51.22,A,4.00,2.00,1.70,22.475,0.7601
51.22,B,7.50,0.80,0.10,26.804,0.1597
51.22,B,7.50,0.80,1.10,27.014,0.0979
51.22,B,7.50,0.80,1.70,27.639,0.0868
51.22,C,4.00,4.50,0.10,26.634,0.3377
51.22,C,4.00,4.50,1.10,27.881,0.0956
51.22,C,4.00,4.50,1.70,28.715,0.0021
51.22,D,0.50,0.80,0.10,26.804,0.1597
51.22,D,0.50,0.80,1.10,27.014,0.0979
51.22,D,0.50,0.80,1.70,27.639,0.0868
52.39,A,4.00,2.00,0.10,22.786,0.3227
52.39,A,4.00,2.00,1.10,22.589,0.8887
52.39,A,4.00,2.00,1.70,22.470,0.7595
52.39,B,7.50,0.80,0.10,26.800,0.1554
52.39,B,7.50,0.80,1.10,26.987,0.0984
52.39,B,7.50,0.80,1.70,27.671,0.0871
52.39,C,4.00,4.50,0.10,26.591,0.3427
52.39,C,4.00,4.50,1.10,27.857,0.0948
52.39,C,4.00,4.50,1.70,28.712,0.0079
52.39,D,0.50,0.80,0.10,26.800,0.1554
52.39,D,0.50,0.80,1.10,26.987,0.0984
52.39,D,0.50,0.80,1.70,27.671,0.0871
53.57,A,4.00,2.00,0.10,22.785,0.3218
53.57,A,4.00,2.00,1.10,22.587,0.8874
53.57,A,4.00,2.00,1.70,22.468,0.7586
53.57,B,7.50,0.80,0.10,26.797,0.1509
53.57,B,7.50,0.80,1.10,26.961,0.0989
53.57,B,7.50,0.80,1.70,27.695,0.0868
53.57,C,4.00,4.50,0.10,26.548,0.3472
53.57,C,4.00,4.50,1.10,27.823,0.0942
53.57,C,4.00,4.50,1.70,28.708,0.0138
53.57,D,0.50,0.80,0.10,26.797,0.1509
53.57,D,0.50,0.80,1.10,26.961,0.0989
53.57,D,0.50,0.80,1.70,27.695,0.0868
54.74,A,4.00,2.00,0.10,22.786,0.3204
54.74,A,4.00,2.00,1.10,22.588,0.8859
54.74,A,4.00,2.00,1.70,22.468,0.7575
54.74,B,7.50,0.80,0.10,26.794,0.1463
54.74,B,7.50,0.80,1.10,26.937,0.0995
54.74,B,7.50,0.80,1.70,27.709,0.0861
54.74,C,4.00,4.50,0.10,26.506,0.3512
54.74,C,4.00,4.50,1.10,27.783,0.0936
54.74,C,4.00,4.50,1.70,28.703,0.0196
54.74,D,0.50,0.80,0.10,26.794,0.1463
54.74,D,0.50,0.80,1.10,26.937,0.0995
54.74,D,0.50,0.80,1.70,27.709,0.0861
55.92,A,4.00,2.00,0.10,22.789,0.3184
55.92,A,4.00,2.00,1.10,22.593,0.8841
55.92,A,4.00,2.00,1.70,22.472,0.7562
55.92,B,7.50,0.80,0.10,26.791,0.1417
55.92,B,7.50,0.80,1.10,26.914,0.1001
55.92,B,7.50,0.80,1.70,27.717,0.0852
55.92,C,4.00,4.50,0.10,26.465,0.3546
55.92,C,4.00,4.50,1.10,27.737,0.0931
55.92,C,4.00,4.50,1.70,28.697,0.0253
55.92,D,0.50,0.80,0.10,26.791,0.1417
55.92,D,0.50,0.80,1.10,26.914,0.1001
55.92,D,0.50,0.80,1.70,27.717,0.0852
57.09,A,4.00,2.00,0.10,22.793,0.3156
57.09,A,4.00,2.00,1.10,22.600,0.8823
57.09,A,4.00,2.00,1.70,22.476,0.7550
57.09,B,7.50,0.80,0.10,26.786,0.1373
57.09,B,7.50,0.80,1.10,26.893,0.1008
57.09,B,7.50,0.80,1.70,27.725,0.0841
57.09,C,4.00,4.50,0.10,26.425,0.3574
57.09,C,4.00,4.50,1.10,27.688,0.0924
57.09,C,4.00,4.50,1.70,28.688,0.0308
57.09,D,0.50,0.80,0.10,26.786,0.1373
57.09,D,0.50,0.80,1.10,26.893,0.1008
57.09,D,0.50,0.80,1.70,27.725,0.0841
58.26,A,4.00,2.00,0.10,22.798,0.3127
58.26,A,4.00,2.00,1.10,22.607,0.8805
58.26,A,4.00,2.00,1.70,22.478,0.7538
58.26,B,7.50,0.80,0.10,26.780,0.1334
58.26,B,7.50,0.80,1.10,26.876,0.1015
58.26,B,7.50,0.80,1.70,27.736,0.0830
58.26,C,4.00,4.50,0.10,26.389,0.3593
58.26,C,4.00,4.50,1.10,27.640,0.0915
58.26,C,4.00,4.50,1.70,28.672,0.0360
58.26,D,0.50,0.80,0.10,26.780,0.1334
58.26,D,0.50,0.80,1.10,26.876,0.1015
58.26,D,0.50,0.80,1.70,27.736,0.0830
59.44,A,4.00,2.00,0.10,22.805,0.3104
59.44,A,4.00,2.00,1.10,22.612,0.8789
59.44,A,4.00,2.00,1.70,22.477,0.7529
59.44,B,7.50,0.80,0.10,26.772,0.1301
59.44,B,7.50,0.80,1.10,26.861,0.1023
59.44,B,7.50,0.80,1.70,27.756,0.0817
59.44,C,4.00,4.50,0.10,26.356,0.3601
59.44,C,4.00,4.50,1.10,27.595,0.0902
59.44,C,4.00,4.50,1.70,28.648,0.0411
59.44,D,0.50,0.80,0.10,26.772,0.1301
59.44,D,0.50,0.80,1.10,26.861,0.1023
59.44,D,0.50,0.80,1.70,27.756,0.0817
60.61,A,4.00,2.00,0.10,22.810,0.3090
60.61,A,4.00,2.00,1.10,22.612,0.8778
60.61,A,4.00,2.00,1.70,22.471,0.7523
60.61,B,7.50,0.80,0.10,26.761,0.1274
60.61,B,7.50,0.80,1.10,26.850,0.1031
60.61,B,7.50,0.80,1.70,27.786,0.0800
60.61,C,4.00,4.50,0.10,26.328,0.3600
60.61,C,4.00,4.50,1.10,27.555,0.0883
60.61,C,4.00,4.50,1.70,28.611,0.0460
60.61,D,0.50,0.80,0.10,26.761,0.1274
60.61,D,0.50,0.80,1.10,26.849,0.1031
60.61,D,0.50,0.80,1.70,27.786,0.0800
61.79,A,4.00,2.00,0.10,22.811,0.3082
61.79,A,4.00,2.00,1.10,22.605,0.8771
61.79,A,4.00,2.00,1.70,22.461,0.7520
61.79,B,7.50,0.80,0.10,26.746,0.1257
61.79,B,7.50,0.80,1.10,26.841,0.1039
61.79,B,7.50,0.80,1.70,27.827,0.0780
61.79,C,4.00,4.50,0.10,26.303,0.3589
61.79,C,4.00,4.50,1.10,27.520,0.0860
61.79,C,4.00,4.50,1.70,28.556,0.0508
61.79,D,0.50,0.80,0.10,26.746,0.1257
61.79,D,0.50,0.80,1.10,26.841,0.1039
61.79,D,0.50,0.80,1.70,27.827,0.0780
62.97,A,4.00,2.00,0.10,22.806,0.3078
62.97,A,4.00,2.00,1.10,22.593,0.8769
62.97,A,4.00,2.00,1.70,22.448,0.7520
62.97,B,7.50,0.80,0.10,26.729,0.1248
62.97,B,7.50,0.80,1.10,26.835,0.1046
62.97,B,7.50,0.80,1.70,27.876,0.0756
62.97,C,4.00,4.50,0.10,26.281,0.3569
62.97,C,4.00,4.50,1.10,27.489,0.0832
62.97,C,4.00,4.50,1.70,28.479,0.0557
62.97,D,0.50,0.80,0.10,26.729,0.1248
62.97,D,0.50,0.80,1.10,26.835,0.1046
62.97,D,0.50,0.80,1.70,27.876,0.0756
64.15,A,4.00,2.00,0.10,22.795,0.3073
64.15,A,4.00,2.00,1.10,22.579,0.8771
64.15,A,4.00,2.00,1.70,22.433,0.7523
64.15,B,7.50,0.80,0.10,26.707,0.1250
64.15,B,7.50,0.80,1.10,26.829,0.1051
64.15,B,7.50,0.80,1.70,27.933,0.0729
64.15,C,4.00,4.50,0.10,26.261,0.3543
64.15,C,4.00,4.50,1.10,27.462,0.0801
64.15,C,4.00,4.50,1.70,28.379,0.0608
64.15,D,0.50,0.80,0.10,26.707,0.1250
64.15,D,0.50,0.80,1.10,26.829,0.1051
64.15,D,0.50,0.80,1.70,27.933,0.0729
65.33,A,4.00,2.00,0.10,22.780,0.3068
65.33,A,4.00,2.00,1.10,22.564,0.8775
65.33,A,4.00,2.00,1.70,22.418,0.7527
65.33,B,7.50,0.80,0.10,26.683,0.1261
65.33,B,7.50,0.80,1.10,26.823,0.1052
65.33,B,7.50,0.80,1.70,27.992,0.0700
65.33,C,4.00,4.50,0.10,26.245,0.3511
65.33,C,4.00,4.50,1.10,27.438,0.0767
65.33,C,4.00,4.50,1.70,28.259,0.0661
65.33,D,0.50,0.80,0.10,26.683,0.1261
65.33,D,0.50,0.80,1.10,26.823,0.1052
65.33,D,0.50,0.80,1.70,27.992,0.0700
66.51,A,4.00,2.00,0.10,22.764,0.3064
66.51,A,4.00,2.00,1.10,22.549,0.8781
66.51,A,4.00,2.00,1.70,22.405,0.7533
66.51,B,7.50,0.80,0.10,26.655,0.1281
66.51,B,7.50,0.80,1.10,26.815,0.1050
66.51,B,7.50,0.80,1.70,28.049,0.0667
66.51,C,4.00,4.50,0.10,26.231,0.3477
66.51,C,4.00,4.50,1.10,27.416,0.0732
66.51,C,4.00,4.50,1.70,28.124,0.0716
66.51,D,0.50,0.80,0.10,26.655,0.1281
66.51,D,0.50,0.80,1.10,26.815,0.1050
66.51,D,0.50,0.80,1.70,28.049,0.0667
67.69,A,4.00,2.00,0.10,22.748,0.3063
67.69,A,4.00,2.00,1.10,22.536,0.8787
67.69,A,4.00,2.00,1.70,22.393,0.7538
67.69,B,7.50,0.80,0.10,26.624,0.1308
67.69,B,7.50,0.80,1.10,26.802,0.1046
67.69,B,7.50,0.80,1.70,28.100,0.0635
67.69,C,4.00,4.50,0.10,26.218,0.3443
67.69,C,4.00,4.50,1.10,27.396,0.0697
67.69,C,4.00,4.50,1.70,27.985,0.0767
67.69,D,0.50,0.80,0.10,26.624,0.1308
67.69,D,0.50,0.80,1.10,26.802,0.1046
67.69,D,0.50,0.80,1.70,28.100,0.0635
68.87,A,4.00,2.00,0.10,22.733,0.3067
68.87,A,4.00,2.00,1.10,22.525,0.8791
68.87,A,4.00,2.00,1.70,22.384,0.7542
68.87,B,7.50,0.80,0.10,26.591,0.1343
68.87,B,7.50,0.80,1.10,26.785,0.1040
68.87,B,7.50,0.80,1.70,28.141,0.0605
68.87,C,4.00,4.50,0.10,26.207,0.3409
68.87,C,4.00,4.50,1.10,27.377,0.0662
68.87,C,4.00,4.50,1.70,27.852,0.0811
68.87,D,0.50,0.80,0.10,26.591,0.1343
68.87,D,0.50,0.80,1.10,26.785,0.1040
68.87,D,0.50,0.80,1.70,28.141,0.0605
70.05,A,4.00,2.00,0.10,22.720,0.3075
70.05,A,4.00,2.00,1.10,22.517,0.8793
70.05,A,4.00,2.00,1.70,22.379,0.7544
70.05,B,7.50,0.80,0.10,26.556,0.1381
70.05,B,7.50,0.80,1.10,26.763,0.1034
70.05,B,7.50,0.80,1.70,28.168,0.0582
70.05,C,4.00,4.50,0.10,26.198,0.3376
70.05,C,4.00,4.50,1.10,27.359,0.0629
70.05,C,4.00,4.50,1.70,27.730,0.0843
70.05,D,0.50,0.80,0.10,26.556,0.1381
70.05,D,0.50,0.80,1.10,26.763,0.1034
70.05,D,0.50,0.80,1.70,28.168,0.0582
71.22,A,4.00,2.00,0.10,22.711,0.3086
71.22,A,4.00,2.00,1.10,22.512,0.8794
71.22,A,4.00,2.00,1.70,22.375,0.7545
71.22,B,7.50,0.80,0.10,26.521,0.1422
71.22,B,7.50,0.80,1.10,26.736,0.1028
71.22,B,7.50,0.80,1.70,28.181,0.0568
71.22,C,4.00,4.50,0.10,26.190,0.3344
71.22,C,4.00,4.50,1.10,27.342,0.0599
71.22,C,4.00,4.50,1.70,27.625,0.0861
71.22,D,0.50,0.80,0.10,26.521,0.1422
71.22,D,0.50,0.80,1.10,26.736,0.1028
71.22,D,0.50,0.80,1.70,28.181,0.0568
72.39,A,4.00,2.00,0.10,22.704,0.3100
72.39,A,4.00,2.00,1.10,22.508,0.8793
72.39,A,4.00,2.00,1.70,22.373,0.7546
72.39,B,7.50,0.80,0.10,26.486,0.1463
72.39,B,7.50,0.80,1.10,26.706,0.1023
72.39,B,7.50,0.80,1.70,28.176,0.0564
72.39,C,4.00,4.50,0.10,26.184,0.3313
72.39,C,4.00,4.50,1.10,27.325,0.0569
72.39,C,4.00,4.50,1.70,27.536,0.0866
72.39,D,0.50,0.80,0.10,26.486,0.1463
72.39,D,0.50,0.80,1.10,26.706,0.1023
72.39,D,0.50,0.80,1.70,28.176,0.0564
73.57,A,4.00,2.00,0.10,22.699,0.3116
73.57,A,4.00,2.00,1.10,22.505,0.8792
73.57,A,4.00,2.00,1.70,22.372,0.7546
73.57,B,7.50,0.80,0.10,26.452,0.1503
73.57,B,7.50,0.80,1.10,26.673,0.1018
73.57,B,7.50,0.80,1.70,28.153,0.0575
73.57,C,4.00,4.50,0.10,26.180,0.3283
73.57,C,4.00,4.50,1.10,27.309,0.0543
73.57,C,4.00,4.50,1.70,27.460,0.0861
73.57,D,0.50,0.80,0.10,26.452,0.1503
73.57,D,0.50,0.80,1.10,26.673,0.1018
73.57,D,0.50,0.80,1.70,28.153,0.0575
74.74,A,4.00,2.00,0.10,22.695,0.3130
74.74,A,4.00,2.00,1.10,22.501,0.8791
74.74,A,4.00,2.00,1.70,22.370,0.7545
74.74,B,7.50,0.80,0.10,26.420,0.1541
74.74,B,7.50,0.80,1.10,26.640,0.1014
74.74,B,7.50,0.80,1.70,28.107,0.0600
74.74,C,4.00,4.50,0.10,26.177,0.3253
74.74,C,4.00,4.50,1.10,27.293,0.0518
74.74,C,4.00,4.50,1.70,27.397,0.0848
74.74,D,0.50,0.80,0.10,26.420,0.1541
74.74,D,0.50,0.80,1.10,26.640,0.1014
74.74,D,0.50,0.80,1.70,28.107,0.0600
75.92,A,4.00,2.00,0.10,22.691,0.3141
75.92,A,4.00,2.00,1.10,22.497,0.8790
75.92,A,4.00,2.00,1.70,22.368,0.7544
75.92,B,7.50,0.80,0.10,26.389,0.1576
75.92,B,7.50,0.80,1.10,26.608,0.1011
75.92,B,7.50,0.80,1.70,28.037,0.0640
75.92,C,4.00,4.50,0.10,26.175,0.3225
75.92,C,4.00,4.50,1.10,27.277,0.0497
75.92,C,4.00,4.50,1.70,27.344,0.0830
75.92,D,0.50,0.80,0.10,26.389,0.1576
75.92,D,0.50,0.80,1.10,26.608,0.1011
75.92,D,0.50,0.80,1.70,28.037,0.0640
77.09,A,4.00,2.00,0.10,22.686,0.3148
77.09,A,4.00,2.00,1.10,22.493,0.8788
77.09,A,4.00,2.00,1.70,22.368,0.7541
77.09,B,7.50,0.80,0.10,26.360,0.1608
77.09,B,7.50,0.80,1.10,26.576,0.1009
77.09,B,7.50,0.80,1.70,27.941,0.0694
77.09,C,4.00,4.50,0.10,26.172,0.3199
77.09,C,4.00,4.50,1.10,27.262,0.0478
77.09,C,4.00,4.50,1.70,27.298,0.0808
77.09,D,0.50,0.80,0.10,26.360,0.1608
77.09,D,0.50,0.80,1.10,26.576,0.1009
77.09,D,0.50,0.80,1.70,27.941,0.0694
78.26,A,4.00,2.00,0.10,22.680,0.3149
78.26,A,4.00,2.00,1.10,22.488,0.8786
78.26,A,4.00,2.00,1.70,22.367,0.7537
78.26,B,7.50,0.80,0.10,26.332,0.1637
78.26,B,7.50,0.80,1.10,26.546,0.1009
78.26,B,7.50,0.80,1.70,27.816,0.0759
78.26,C,4.00,4.50,0.10,26.170,0.3176
78.26,C,4.00,4.50,1.10,27.246,0.0462
78.26,C,4.00,4.50,1.70,27.259,0.0785
78.26,D,0.50,0.80,0.10,26.332,0.1637
78.26,D,0.50,0.80,1.10,26.546,0.1009
78.26,D,0.50,0.80,1.70,27.816,0.0759
79.44,A,4.00,2.00,0.10,22.674,0.3144
79.44,A,4.00,2.00,1.10,22.485,0.8782
79.44,A,4.00,2.00,1.70,22.367,0.7533
79.44,B,7.50,0.80,0.10,26.306,0.1664
79.44,B,7.50,0.80,1.10,26.518,0.1011
79.44,B,7.50,0.80,1.70,27.668,0.0831
79.44,C,4.00,4.50,0.10,26.166,0.3156
79.44,C,4.00,4.50,1.10,27.231,0.0448
79.44,C,4.00,4.50,1.70,27.225,0.0761
79.44,D,0.50,0.80,0.10,26.306,0.1664
79.44,D,0.50,0.80,1.10,26.518,0.1011
79.44,D,0.50,0.80,1.70,27.668,0.0831
80.61,A,4.00,2.00,0.10,22.668,0.3134
80.61,A,4.00,2.00,1.10,22.483,0.8777
80.61,A,4.00,2.00,1.70,22.368,0.7528
80.61,B,7.50,0.80,0.10,26.282,0.1688
80.61,B,7.50,0.80,1.10,26.491,0.1016
80.61,B,7.50,0.80,1.70,27.502,0.0899
80.61,C,4.00,4.50,0.10,26.159,0.3140
80.61,C,4.00,4.50,1.10,27.215,0.0437
80.61,C,4.00,4.50,1.70,27.195,0.0738
80.61,D,0.50,0.80,0.10,26.282,0.1688
80.61,D,0.50,0.80,1.10,26.491,0.1016
80.61,D,0.50,0.80,1.70,27.502,0.0899
81.78,A,4.00,2.00,0.10,22.663,0.3119
81.78,A,4.00,2.00,1.10,22.481,0.8771
81.78,A,4.00,2.00,1.70,22.369,0.7522
81.78,B,7.50,0.80,0.10,26.259,0.1710
81.78,B,7.50,0.80,1.10,26.465,0.1025
81.78,B,7.50,0.80,1.70,27.330,0.0956
81.78,C,4.00,4.50,0.10,26.151,0.3129
81.78,C,4.00,4.50,1.10,27.199,0.0428
81.78,C,4.00,4.50,1.70,27.168,0.0717
81.78,D,0.50,0.80,0.10,26.259,0.1710
81.78,D,0.50,0.80,1.10,26.465,0.1025
81.78,D,0.50,0.80,1.70,27.330,0.0956
82.96,A,4.00,2.00,0.10,22.659,0.3102
82.96,A,4.00,2.00,1.10,22.482,0.8764
82.96,A,4.00,2.00,1.70,22.370,0.7516
82.96,B,7.50,0.80,0.10,26.237,0.1730
82.96,B,7.50,0.80,1.10,26.439,0.1036
82.96,B,7.50,0.80,1.70,27.162,0.0996
82.96,C,4.00,4.50,0.10,26.140,0.3123
82.96,C,4.00,4.50,1.10,27.183,0.0421
82.96,C,4.00,4.50,1.70,27.144,0.0697
82.96,D,0.50,0.80,0.10,26.237,0.1730
82.96,D,0.50,0.80,1.10,26.439,0.1036
82.96,D,0.50,0.80,1.70,27.162,0.0996
84.13,A,4.00,2.00,0.10,22.656,0.3084
84.13,A,4.00,2.00,1.10,22.483,0.8755
84.13,A,4.00,2.00,1.70,22.372,0.7509
84.13,B,7.50,0.80,0.10,26.216,0.1748
84.13,B,7.50,0.80,1.10,26.413,0.1047
84.13,B,7.50,0.80,1.70,27.018,0.1018
84.13,C,4.00,4.50,0.10,26.126,0.3121
84.13,C,4.00,4.50,1.10,27.167,0.0416
84.13,C,4.00,4.50,1.70,27.123,0.0680
84.13,D,0.50,0.80,0.10,26.216,0.1748
84.13,D,0.50,0.80,1.10,26.413,0.1047
84.13,D,0.50,0.80,1.70,27.018,0.1018
85.31,A,4.00,2.00,0.10,22.655,0.3066
85.31,A,4.00,2.00,1.10,22.486,0.8744
85.31,A,4.00,2.00,1.70,22.375,0.7501
85.31,B,7.50,0.80,0.10,26.197,0.1764
85.31,B,7.50,0.80,1.10,26.388,0.1059
85.31,B,7.50,0.80,1.70,26.900,0.1024
85.31,C,4.00,4.50,0.10,26.110,0.3123
85.31,C,4.00,4.50,1.10,27.150,0.0413
85.31,C,4.00,4.50,1.70,27.105,0.0665
85.31,D,0.50,0.80,0.10,26.197,0.1764
85.31,D,0.50,0.80,1.10,26.388,0.1059
85.31,D,0.50,0.80,1.70,26.900,0.1024
86.48,A,4.00,2.00,0.10,22.655,0.3051
86.48,A,4.00,2.00,1.10,22.489,0.8733
86.48,A,4.00,2.00,1.70,22.378,0.7493
86.48,B,7.50,0.80,0.10,26.179,0.1778
86.48,B,7.50,0.80,1.10,26.363,0.1071
86.48,B,7.50,0.80,1.70,26.809,0.1020
86.48,C,4.00,4.50,0.10,26.092,0.3130
86.48,C,4.00,4.50,1.10,27.133,0.0411
86.48,C,4.00,4.50,1.70,27.091,0.0652
86.48,D,0.50,0.80,0.10,26.179,0.1778
86.48,D,0.50,0.80,1.10,26.363,0.1071
86.48,D,0.50,0.80,1.70,26.809,0.1020
87.65,A,4.00,2.00,0.10,22.657,0.3038
87.65,A,4.00,2.00,1.10,22.493,0.8720
87.65,A,4.00,2.00,1.70,22.382,0.7484
87.65,B,7.50,0.80,0.10,26.162,0.1788
87.65,B,7.50,0.80,1.10,26.338,0.1083
87.65,B,7.50,0.80,1.70,26.737,0.1011
87.65,C,4.00,4.50,0.10,26.071,0.3140
87.65,C,4.00,4.50,1.10,27.116,0.0410
87.65,C,4.00,4.50,1.70,27.079,0.0641
87.65,D,0.50,0.80,0.10,26.162,0.1788
87.65,D,0.50,0.80,1.10,26.338,0.1083
87.65,D,0.50,0.80,1.70,26.737,0.1011
88.83,A,4.00,2.00,0.10,22.659,0.3029
88.83,A,4.00,2.00,1.10,22.498,0.8706
88.83,A,4.00,2.00,1.70,22.387,0.7475
88.83,B,7.50,0.80,0.10,26.147,0.1796
88.83,B,7.50,0.80,1.10,26.314,0.1093
88.83,B,7.50,0.80,1.70,26.679,0.1000
88.83,C,4.00,4.50,0.10,26.049,0.3154
88.83,C,4.00,4.50,1.10,27.099,0.0410
88.83,C,4.00,4.50,1.70,27.071,0.0631
88.83,D,0.50,0.80,0.10,26.147,0.1796
88.83,D,0.50,0.80,1.10,26.314,0.1093
88.83,D,0.50,0.80,1.70,26.679,0.1000
90.00,A,4.00,2.00,0.10,22.662,0.3024
90.00,A,4.00,2.00,1.10,22.503,0.8692
90.00,A,4.00,2.00,1.70,22.391,0.7465
90.00,B,7.50,0.80,0.10,26.133,0.1800
90.00,B,7.50,0.80,1.10,26.291,0.1102
90.00,B,7.50,0.80,1.70,26.630,0.0987
90.00,C,4.00,4.50,0.10,26.026,0.3170
90.00,C,4.00,4.50,1.10,27.081,0.0410
90.00,C,4.00,4.50,1.70,27.065,0.0623
90.00,D,0.50,0.80,0.10,26.133,0.1800
90.00,D,0.50,0.80,1.10,26.291,0.1102
90.00,D,0.50,0.80,1.70,26.630,0.0987
91.17,A,4.00,2.00,0.10,22.665,0.3023
91.17,A,4.00,2.00,1.10,22.508,0.8676
91.17,A,4.00,2.00,1.70,22.396,0.7455
91.17,B,7.50,0.80,0.10,26.121,0.1800
91.17,B,7.50,0.80,1.10,26.269,0.1109
91.17,B,7.50,0.80,1.70,26.588,0.0973
91.17,C,4.00,4.50,0.10,26.002,0.3189
91.17,C,4.00,4.50,1.10,27.063,0.0412
91.17,C,4.00,4.50,1.70,27.062,0.0615
91.17,D,0.50,0.80,0.10,26.121,0.1800
91.17,D,0.50,0.80,1.10,26.269,0.1109
91.17,D,0.50,0.80,1.70,26.588,0.0973
92.35,A,4.00,2.00,0.10,22.669,0.3025
92.35,A,4.00,2.00,1.10,22.512,0.8661
92.35,A,4.00,2.00,1.70,22.401,0.7444
92.35,B,7.50,0.80,0.10,26.111,0.1796
92.35,B,7.50,0.80,1.10,26.249,0.1114
92.35,B,7.50,0.80,1.70,26.552,0.0961
92.35,C,4.00,4.50,0.10,25.977,0.3209
92.35,C,4.00,4.50,1.10,27.045,0.0413
92.35,C,4.00,4.50,1.70,27.062,0.0608
92.35,D,0.50,0.80,0.10,26.111,0.1796
92.35,D,0.50,0.80,1.10,26.249,0.1114
92.35,D,0.50,0.80,1.70,26.552,0.0961
93.52,A,4.00,2.00,0.10,22.671,0.3031
93.52,A,4.00,2.00,1.10,22.515,0.8645
93.52,A,4.00,2.00,1.70,22.405,0.7433
93.52,B,7.50,0.80,0.10,26.102,0.1787
93.52,B,7.50,0.80,1.10,26.229,0.1118
93.52,B,7.50,0.80,1.70,26.521,0.0951
93.52,C,4.00,4.50,0.10,25.952,0.3231
93.52,C,4.00,4.50,1.10,27.027,0.0415
93.52,C,4.00,4.50,1.70,27.064,0.0601
93.52,D,0.50,0.80,0.10,26.102,0.1787
93.52,D,0.50,0.80,1.10,26.229,0.1118
93.52,D,0.50,0.80,1.70,26.521,0.0951
94.69,A,4.00,2.00,0.10,22.673,0.3039
94.69,A,4.00,2.00,1.10,22.517,0.8629
94.69,A,4.00,2.00,1.70,22.409,0.7422
94.69,B,7.50,0.80,0.10,26.094,0.1774
94.69,B,7.50,0.80,1.10,26.211,0.1119
94.69,B,7.50,0.80,1.70,26.494,0.0943
94.69,C,4.00,4.50,0.10,25.927,0.3253
94.69,C,4.00,4.50,1.10,27.009,0.0416
94.69,C,4.00,4.50,1.70,27.068,0.0595
94.69,D,0.50,0.80,0.10,26.094,0.1774
94.69,D,0.50,0.80,1.10,26.211,0.1119
94.69,D,0.50,0.80,1.70,26.494,0.0943
95.87,A,4.00,2.00,0.10,22.674,0.3048
95.87,A,4.00,2.00,1.10,22.516,0.8613
95.87,A,4.00,2.00,1.70,22.410,0.7410
95.87,B,7.50,0.80,0.10,26.088,0.1758
95.87,B,7.50,0.80,1.10,26.194,0.1119
95.87,B,7.50,0.80,1.70,26.470,0.0938
95.87,C,4.00,4.50,0.10,25.903,0.3274
95.87,C,4.00,4.50,1.10,26.990,0.0418
95.87,C,4.00,4.50,1.70,27.071,0.0589
95.87,D,0.50,0.80,0.10,26.088,0.1758
95.87,D,0.50,0.80,1.10,26.194,0.1119
95.87,D,0.50,0.80,1.70,26.470,0.0938
97.04,A,4.00,2.00,0.10,22.673,0.3057
97.04,A,4.00,2.00,1.10,22.514,0.8597
97.04,A,4.00,2.00,1.70,22.410,0.7398
97.04,B,7.50,0.80,0.10,26.082,0.1737
97.04,B,7.50,0.80,1.10,26.179,0.1116
97.04,B,7.50,0.80,1.70,26.450,0.0934
97.04,C,4.00,4.50,0.10,25.879,0.3296
97.04,C,4.00,4.50,1.10,26.971,0.0421
97.04,C,4.00,4.50,1.70,27.074,0.0585
97.04,D,0.50,0.80,0.10,26.082,0.1737
97.04,D,0.50,0.80,1.10,26.179,0.1116
97.04,D,0.50,0.80,1.70,26.450,0.0934
98.22,A,4.00,2.00,0.10,22.671,0.3067
98.22,A,4.00,2.00,1.10,22.509,0.8583
98.22,A,4.00,2.00,1.70,22.409,0.7386
98.22,B,7.50,0.80,0.10,26.078,0.1714
98.22,B,7.50,0.80,1.10,26.164,0.1111
98.22,B,7.50,0.80,1.70,26.434,0.0931
98.22,C,4.00,4.50,0.10,25.856,0.3315
98.22,C,4.00,4.50,1.10,26.953,0.0423
98.22,C,4.00,4.50,1.70,27.074,0.0582
98.22,D,0.50,0.80,0.10,26.078,0.1714
98.22,D,0.50,0.80,1.10,26.164,0.1111
98.22,D,0.50,0.80,1.70,26.434,0.0931
99.39,A,4.00,2.00,0.10,22.666,0.3074
99.39,A,4.00,2.00,1.10,22.501,0.8570
99.39,A,4.00,2.00,1.70,22.406,0.7374
99.39,B,7.50,0.80,0.10,26.075,0.1688
99.39,B,7.50,0.80,1.10,26.151,0.1105
99.39,B,7.50,0.80,1.70,26.420,0.0930
99.39,C,4.00,4.50,0.10,25.835,0.3333
99.39,C,4.00,4.50,1.10,26.934,0.0425
99.39,C,4.00,4.50,1.70,27.071,0.0581
99.39,D,0.50,0.80,0.10,26.075,0.1688
99.39,D,0.50,0.80,1.10,26.151,0.1105
99.39,D,0.50,0.80,1.70,26.420,0.0930
100.56,A,4.00,2.00,0.10,22.660,0.3078
100.56,A,4.00,2.00,1.10,22.490,0.8558
100.56,A,4.00,2.00,1.70,22.400,0.7362
100.56,B,7.50,0.80,0.10,26.073,0.1660
100.56,B,7.50,0.80,1.10,26.138,0.1097
100.56,B,7.50,0.80,1.70,26.409,0.0928
100.56,C,4.00,4.50,0.10,25.814,0.3349
100.56,C,4.00,4.50,1.10,26.915,0.0426
100.56,C,4.00,4.50,1.70,27.065,0.0582
100.56,D,0.50,0.80,0.10,26.073,0.1660
100.56,D,0.50,0.80,1.10,26.138,0.1097
100.56,D,0.50,0.80,1.70,26.409,0.0928
101.74,A,4.00,2.00,0.10,22.653,0.3079
101.74,A,4.00,2.00,1.10,22.478,0.8547
101.74,A,4.00,2.00,1.70,22.392,0.7352
101.74,B,7.50,0.80,0.10,26.070,0.1631
101.74,B,7.50,0.80,1.10,26.126,0.1087
101.74,B,7.50,0.80,1.70,26.401,0.0927
101.74,C,4.00,4.50,0.10,25.795,0.3362
101.74,C,4.00,4.50,1.10,26.896,0.0428
101.74,C,4.00,4.50,1.70,27.054,0.0586
101.74,D,0.50,0.80,0.10,26.070,0.1631
101.74,D,0.50,0.80,1.10,26.126,0.1087
101.74,D,0.50,0.80,1.70,26.401,0.0927
102.91,A,4.00,2.00,0.10,22.644,0.3077
102.91,A,4.00,2.00,1.10,22.465,0.8537
102.91,A,4.00,2.00,1.70,22.380,0.7344
102.91,B,7.50,0.80,0.10,26.069,0.1603
102.91,B,7.50,0.80,1.10,26.115,0.1076
102.91,B,7.50,0.80,1.70,26.395,0.0926
102.91,C,4.00,4.50,0.10,25.778,0.3372
102.91,C,4.00,4.50,1.10,26.877,0.0430
102.91,C,4.00,4.50,1.70,27.039,0.0592
102.91,D,0.50,0.80,0.10,26.069,0.1603
102.91,D,0.50,0.80,1.10,26.115,0.1076
102.91,D,0.50,0.80,1.70,26.395,0.0926
104.08,A,4.00,2.00,0.10,22.635,0.3070
104.08,A,4.00,2.00,1.10,22.450,0.8529
104.08,A,4.00,2.00,1.70,22.366,0.7336
104.08,B,7.50,0.80,0.10,26.067,0.1575
104.08,B,7.50,0.80,1.10,26.104,0.1065
104.08,B,7.50,0.80,1.70,26.390,0.0923
104.08,C,4.00,4.50,0.10,25.763,0.3379
104.08,C,4.00,4.50,1.10,26.858,0.0431
104.08,C,4.00,4.50,1.70,27.021,0.0599
104.08,D,0.50,0.80,0.10,26.067,0.1575
104.08,D,0.50,0.80,1.10,26.104,0.1065
104.08,D,0.50,0.80,1.70,26.390,0.0923
105.26,A,4.00,2.00,0.10,22.625,0.3057
105.26,A,4.00,2.00,1.10,22.434,0.8521
105.26,A,4.00,2.00,1.70,22.349,0.7330
105.26,B,7.50,0.80,0.10,26.065,0.1547
105.26,B,7.50,0.80,1.10,26.094,0.1052
105.26,B,7.50,0.80,1.70,26.388,0.0921
105.26,C,4.00,4.50,0.10,25.748,0.3382
105.26,C,4.00,4.50,1.10,26.839,0.0432
105.26,C,4.00,4.50,1.70,26.999,0.0607
105.26,D,0.50,0.80,0.10,26.065,0.1547
105.26,D,0.50,0.80,1.10,26.094,0.1052
105.26,D,0.50,0.80,1.70,26.388,0.0921
106.43,A,4.00,2.00,0.10,22.615,0.3041
106.43,A,4.00,2.00,1.10,22.419,0.8515
106.43,A,4.00,2.00,1.70,22.331,0.7326
106.43,B,7.50,0.80,0.10,26.063,0.1521
106.43,B,7.50,0.80,1.10,26.085,0.1040
106.43,B,7.50,0.80,1.70,26.386,0.0917
106.43,C,4.00,4.50,0.10,25.736,0.3383
106.43,C,4.00,4.50,1.10,26.820,0.0433
106.43,C,4.00,4.50,1.70,26.975,0.0615
106.43,D,0.50,0.80,0.10,26.063,0.1521
106.43,D,0.50,0.80,1.10,26.085,0.1040
106.43,D,0.50,0.80,1.70,26.386,0.0917
107.61,A,4.00,2.00,0.10,22.604,0.3020
107.61,A,4.00,2.00,1.10,22.403,0.8508
107.61,A,4.00,2.00,1.70,22.312,0.7322
107.61,B,7.50,0.80,0.10,26.060,0.1497
107.61,B,7.50,0.80,1.10,26.076,0.1027
107.61,B,7.50,0.80,1.70,26.387,0.0913
107.61,C,4.00,4.50,0.10,25.725,0.3379
107.61,C,4.00,4.50,1.10,26.800,0.0433
107.61,C,4.00,4.50,1.70,26.950,0.0623
107.61,D,0.50,0.80,0.10,26.060,0.1497
107.61,D,0.50,0.80,1.10,26.076,0.1027
107.61,D,0.50,0.80,1.70,26.387,0.0913
108.78,A,4.00,2.00,0.10,22.594,0.2997
108.78,A,4.00,2.00,1.10,22.388,0.8502
108.78,A,4.00,2.00,1.70,22.292,0.7320
108.78,B,7.50,0.80,0.10,26.057,0.1475
108.78,B,7.50,0.80,1.10,26.068,0.1015
108.78,B,7.50,0.80,1.70,26.388,0.0908
108.78,C,4.00,4.50,0.10,25.716,0.3372
108.78,C,4.00,4.50,1.10,26.780,0.0433
108.78,C,4.00,4.50,1.70,26.924,0.0629
108.78,D,0.50,0.80,0.10,26.057,0.1475
108.78,D,0.50,0.80,1.10,26.068,0.1015
108.78,D,0.50,0.80,1.70,26.388,0.0908
109.95,A,4.00,2.00,0.10,22.584,0.2972
109.95,A,4.00,2.00,1.10,22.374,0.8497
109.95,A,4.00,2.00,1.70,22.272,0.7318
109.95,B,7.50,0.80,0.10,26.053,0.1454
109.95,B,7.50,0.80,1.10,26.060,0.1004
109.95,B,7.50,0.80,1.70,26.390,0.0902
109.95,C,4.00,4.50,0.10,25.709,0.3359
109.95,C,4.00,4.50,1.10,26.761,0.0434
109.95,C,4.00,4.50,1.70,26.898,0.0635
109.95,D,0.50,0.80,0.10,26.053,0.1454
109.95,D,0.50,0.80,1.10,26.060,0.1004
109.95,D,0.50,0.80,1.70,26.390,0.0902
111.13,A,4.00,2.00,0.10,22.573,0.2949
111.13,A,4.00,2.00,1.10,22.360,0.8491
111.13,A,4.00,2.00,1.70,22.252,0.7317
111.13,B,7.50,0.80,0.10,26.049,0.1437
111.13,B,7.50,0.80,1.10,26.052,0.0994
111.13,B,7.50,0.80,1.70,26.392,0.0895
111.13,C,4.00,4.50,0.10,25.703,0.3343
111.13,C,4.00,4.50,1.10,26.741,0.0433
111.13,C,4.00,4.50,1.70,26.873,0.0639
111.13,D,0.50,0.80,0.10,26.049,0.1437
111.13,D,0.50,0.80,1.10,26.052,0.0994
111.13,D,0.50,0.80,1.70,26.392,0.0895
112.31,A,4.00,2.00,0.10,22.564,0.2929
112.31,A,4.00,2.00,1.10,22.347,0.8486
112.31,A,4.00,2.00,1.70,22.234,0.7317
112.31,B,7.50,0.80,0.10,26.044,0.1422
112.31,B,7.50,0.80,1.10,26.044,0.0984
112.31,B,7.50,0.80,1.70,26.395,0.0886
112.31,C,4.00,4.50,0.10,25.699,0.3322
112.31,C,4.00,4.50,1.10,26.720,0.0433
112.31,C,4.00,4.50,1.70,26.848,0.0641
112.31,D,0.50,0.80,0.10,26.044,0.1422
112.31,D,0.50,0.80,1.10,26.044,0.0984
112.31,D,0.50,0.80,1.70,26.395,0.0886
113.49,A,4.00,2.00,0.10,22.554,0.2912
113.49,A,4.00,2.00,1.10,22.335,0.8481
113.49,A,4.00,2.00,1.70,22.216,0.7316
113.49,B,7.50,0.80,0.10,26.037,0.1409
113.49,B,7.50,0.80,1.10,26.037,0.0976
113.49,B,7.50,0.80,1.70,26.397,0.0876
113.49,C,4.00,4.50,0.10,25.696,0.3297
113.49,C,4.00,4.50,1.10,26.700,0.0432
113.49,C,4.00,4.50,1.70,26.825,0.0643
113.49,D,0.50,0.80,0.10,26.037,0.1409
113.49,D,0.50,0.80,1.10,26.037,0.0976
113.49,D,0.50,0.80,1.70,26.397,0.0876
114.67,A,4.00,2.00,0.10,22.544,0.2902
114.67,A,4.00,2.00,1.10,22.322,0.8476
114.67,A,4.00,2.00,1.70,22.199,0.7316
114.67,B,7.50,0.80,0.10,26.029,0.1400
114.67,B,7.50,0.80,1.10,26.029,0.0968
114.67,B,7.50,0.80,1.70,26.399,0.0868
114.67,C,4.00,4.50,0.10,25.695,0.3269
114.67,C,4.00,4.50,1.10,26.680,0.0431
114.67,C,4.00,4.50,1.70,26.804,0.0643
114.67,D,0.50,0.80,0.10,26.029,0.1400
114.67,D,0.50,0.80,1.10,26.029,0.0968
114.67,D,0.50,0.80,1.70,26.399,0.0868
115.85,A,4.00,2.00,0.10,22.535,0.2897
115.85,A,4.00,2.00,1.10,22.310,0.8471
115.85,A,4.00,2.00,1.70,22.183,0.7316
115.85,B,7.50,0.80,0.10,26.020,0.1394
115.85,B,7.50,0.80,1.10,26.022,0.0961
115.85,B,7.50,0.80,1.70,26.400,0.0861
115.85,C,4.00,4.50,0.10,25.695,0.3238
115.85,C,4.00,4.50,1.10,26.660,0.0430
115.85,C,4.00,4.50,1.70,26.786,0.0642
115.85,D,0.50,0.80,0.10,26.020,0.1394
115.85,D,0.50,0.80,1.10,26.022,0.0961
115.85,D,0.50,0.80,1.70,26.400,0.0861
117.03,A,4.00,2.00,0.10,22.525,0.2899
117.03,A,4.00,2.00,1.10,22.298,0.8467
117.03,A,4.00,2.00,1.70,22.167,0.7316
117.03,B,7.50,0.80,0.10,26.010,0.1392
117.03,B,7.50,0.80,1.10,26.014,0.0955
117.03,B,7.50,0.80,1.70,26.399,0.0855
117.03,C,4.00,4.50,0.10,25.695,0.3206
117.03,C,4.00,4.50,1.10,26.640,0.0429
117.03,C,4.00,4.50,1.70,26.769,0.0641
117.03,D,0.50,0.80,0.10,26.010,0.1392
117.03,D,0.50,0.80,1.10,26.014,0.0955
117.03,D,0.50,0.80,1.70,26.399,0.0855
118.21,A,4.00,2.00,0.10,22.514,0.2906
118.21,A,4.00,2.00,1.10,22.285,0.8463
118.21,A,4.00,2.00,1.70,22.152,0.7315
118.21,B,7.50,0.80,0.10,25.998,0.1392
118.21,B,7.50,0.80,1.10,26.007,0.0949
118.21,B,7.50,0.80,1.70,26.396,0.0849
118.21,C,4.00,4.50,0.10,25.696,0.3172
118.21,C,4.00,4.50,1.10,26.620,0.0428
118.21,C,4.00,4.50,1.70,26.755,0.0639
118.21,D,0.50,0.80,0.10,25.998,0.1392
118.21,D,0.50,0.80,1.10,26.007,0.0949
118.21,D,0.50,0.80,1.70,26.396,0.0849
119.39,A,4.00,2.00,0.10,22.502,0.2918
119.39,A,4.00,2.00,1.10,22.272,0.8460
119.39,A,4.00,2.00,1.70,22.137,0.7315
119.39,B,7.50,0.80,0.10,25.984,0.1395
119.39,B,7.50,0.80,1.10,25.998,0.0945
119.39,B,7.50,0.80,1.70,26.391,0.0839
119.39,C,4.00,4.50,0.10,25.697,0.3138
119.39,C,4.00,4.50,1.10,26.601,0.0426
119.39,C,4.00,4.50,1.70,26.743,0.0636
119.39,D,0.50,0.80,0.10,25.984,0.1395
119.39,D,0.50,0.80,1.10,25.998,0.0945
119.39,D,0.50,0.80,1.70,26.391,0.0839
120.56,A,4.00,2.00,0.10,22.490,0.2933
120.56,A,4.00,2.00,1.10,22.258,0.8457
120.56,A,4.00,2.00,1.70,22.122,0.7314
120.56,B,7.50,0.80,0.10,25.969,0.1400
120.56,B,7.50,0.80,1.10,25.990,0.0940
120.56,B,7.50,0.80,1.70,26.384,0.0827
120.56,C,4.00,4.50,0.10,25.697,0.3105
120.56,C,4.00,4.50,1.10,26.581,0.0425
120.56,C,4.00,4.50,1.70,26.733,0.0634
120.56,D,0.50,0.80,0.10,25.969,0.1400
120.56,D,0.50,0.80,1.10,25.990,0.0940
120.56,D,0.50,0.80,1.70,26.384,0.0827
121.74,A,4.00,2.00,0.10,22.478,0.2950
121.74,A,4.00,2.00,1.10,22.244,0.8454
121.74,A,4.00,2.00,1.70,22.108,0.7314
121.74,B,7.50,0.80,0.10,25.953,0.1406
121.74,B,7.50,0.80,1.10,25.980,0.0936
121.74,B,7.50,0.80,1.70,26.374,0.0817
121.74,C,4.00,4.50,0.10,25.696,0.3074
121.74,C,4.00,4.50,1.10,26.563,0.0424
121.74,C,4.00,4.50,1.70,26.725,0.0630
121.74,D,0.50,0.80,0.10,25.953,0.1406
121.74,D,0.50,0.80,1.10,25.980,0.0936
121.74,D,0.50,0.80,1.70,26.374,0.0817
122.91,A,4.00,2.00,0.10,22.465,0.2970
122.91,A,4.00,2.00,1.10,22.230,0.8452
122.91,A,4.00,2.00,1.70,22.093,0.7314
122.91,B,7.50,0.80,0.10,25.936,0.1415
122.91,B,7.50,0.80,1.10,25.970,0.0932
122.91,B,7.50,0.80,1.70,26.363,0.0809
122.91,C,4.00,4.50,0.10,25.694,0.3045
122.91,C,4.00,4.50,1.10,26.544,0.0423
122.91,C,4.00,4.50,1.70,26.719,0.0626
122.91,D,0.50,0.80,0.10,25.936,0.1415
122.91,D,0.50,0.80,1.10,25.970,0.0932
122.91,D,0.50,0.80,1.70,26.363,0.0809
124.08,A,4.00,2.00,0.10,22.452,0.2989
124.08,A,4.00,2.00,1.10,22.216,0.8450
124.08,A,4.00,2.00,1.70,22.079,0.7313
124.08,B,7.50,0.80,0.10,25.918,0.1424
124.08,B,7.50,0.80,1.10,25.958,0.0929
124.08,B,7.50,0.80,1.70,26.351,0.0801
124.08,C,4.00,4.50,0.10,25.692,0.3019
124.08,C,4.00,4.50,1.10,26.526,0.0422
124.08,C,4.00,4.50,1.70,26.715,0.0622
124.08,D,0.50,0.80,0.10,25.918,0.1424
124.08,D,0.50,0.80,1.10,25.958,0.0929
124.08,D,0.50,0.80,1.70,26.351,0.0801
125.26,A,4.00,2.00,0.10,22.439,0.3009
125.26,A,4.00,2.00,1.10,22.201,0.8448
125.26,A,4.00,2.00,1.70,22.064,0.7313
125.26,B,7.50,0.80,0.10,25.899,0.1434
125.26,B,7.50,0.80,1.10,25.946,0.0926
125.26,B,7.50,0.80,1.70,26.337,0.0791
125.26,C,4.00,4.50,0.10,25.687,0.2995
125.26,C,4.00,4.50,1.10,26.508,0.0421
125.26,C,4.00,4.50,1.70,26.712,0.0617
125.26,D,0.50,0.80,0.10,25.899,0.1434
125.26,D,0.50,0.80,1.10,25.946,0.0926
125.26,D,0.50,0.80,1.70,26.337,0.0791
126.43,A,4.00,2.00,0.10,22.425,0.3029
126.43,A,4.00,2.00,1.10,22.186,0.8447
126.43,A,4.00,2.00,1.70,22.049,0.7313
126.43,B,7.50,0.80,0.10,25.880,0.1444
126.43,B,7.50,0.80,1.10,25.932,0.0924
126.43,B,7.50,0.80,1.70,26.322,0.0781
126.43,C,4.00,4.50,0.10,25.682,0.2974
126.43,C,4.00,4.50,1.10,26.491,0.0420
126.43,C,4.00,4.50,1.70,26.709,0.0612
126.43,D,0.50,0.80,0.10,25.880,0.1444
126.43,D,0.50,0.80,1.10,25.932,0.0924
126.43,D,0.50,0.80,1.70,26.322,0.0781
127.61,A,4.00,2.00,0.10,22.411,0.3049
127.61,A,4.00,2.00,1.10,22.171,0.8446
127.61,A,4.00,2.00,1.70,22.035,0.7313
127.61,B,7.50,0.80,0.10,25.861,0.1454
127.61,B,7.50,0.80,1.10,25.917,0.0922
127.61,B,7.50,0.80,1.70,26.305,0.0772
127.61,C,4.00,4.50,0.10,25.675,0.2957
127.61,C,4.00,4.50,1.10,26.474,0.0419
127.61,C,4.00,4.50,1.70,26.707,0.0607
127.61,D,0.50,0.80,0.10,25.861,0.1454
127.61,D,0.50,0.80,1.10,25.917,0.0922
127.61,D,0.50,0.80,1.70,26.305,0.0772
128.78,A,4.00,2.00,0.10,22.397,0.3060
128.78,A,4.00,2.00,1.10,22.156,0.8445
128.78,A,4.00,2.00,1.70,22.020,0.7313
128.78,B,7.50,0.80,0.10,25.842,0.1463
128.78,B,7.50,0.80,1.10,25.902,0.0921
128.78,B,7.50,0.80,1.70,26.289,0.0762
128.78,C,4.00,4.50,0.10,25.667,0.2942
128.78,C,4.00,4.50,1.10,26.458,0.0418
128.78,C,4.00,4.50,1.70,26.704,0.0602
128.78,D,0.50,0.80,0.10,25.842,0.1463
128.78,D,0.50,0.80,1.10,25.902,0.0921
128.78,D,0.50,0.80,1.70,26.289,0.0762
129.95,A,4.00,2.00,0.10,22.383,0.3071
129.95,A,4.00,2.00,1.10,22.141,0.8444
129.95,A,4.00,2.00,1.70,22.006,0.7313
129.95,B,7.50,0.80,0.10,25.823,0.1472
129.95,B,7.50,0.80,1.10,25.885,0.0921
129.95,B,7.50,0.80,1.70,26.272,0.0754
129.95,C,4.00,4.50,0.10,25.658,0.2930
129.95,C,4.00,4.50,1.10,26.442,0.0417
129.95,C,4.00,4.50,1.70,26.701,0.0598
129.95,D,0.50,0.80,0.10,25.823,0.1472
129.95,D,0.50,0.80,1.10,25.885,0.0921
129.95,D,0.50,0.80,1.70,26.272,0.0754
131.13,A,4.00,2.00,0.10,22.369,0.3081
131.13,A,4.00,2.00,1.10,22.126,0.8443
131.13,A,4.00,2.00,1.70,21.992,0.7313
131.13,B,7.50,0.80,0.10,25.804,0.1480
131.13,B,7.50,0.80,1.10,25.868,0.0921
131.13,B,7.50,0.80,1.70,26.255,0.0747
131.13,C,4.00,4.50,0.10,25.647,0.2920
131.13,C,4.00,4.50,1.10,26.426,0.0416
131.13,C,4.00,4.50,1.70,26.696,0.0595
131.13,D,0.50,0.80,0.10,25.804,0.1480
131.13,D,0.50,0.80,1.10,25.868,0.0921
131.13,D,0.50,0.80,1.70,26.255,0.0747
132.30,A,4.00,2.00,0.10,22.356,0.3089
132.30,A,4.00,2.00,1.10,22.112,0.8443
132.30,A,4.00,2.00,1.70,21.979,0.7313
132.30,B,7.50,0.80,0.10,25.786,0.1487
132.30,B,7.50,0.80,1.10,25.851,0.0922
132.30,B,7.50,0.80,1.70,26.238,0.0742
132.30,C,4.00,4.50,0.10,25.636,0.2912
132.30,C,4.00,4.50,1.10,26.411,0.0414
132.30,C,4.00,4.50,1.70,26.690,0.0592
132.30,D,0.50,0.80,0.10,25.786,0.1487
132.30,D,0.50,0.80,1.10,25.851,0.0922
132.30,D,0.50,0.80,1.70,26.238,0.0742
133.47,A,4.00,2.00,0.10,22.343,0.3095
133.47,A,4.00,2.00,1.10,22.098,0.8442
133.47,A,4.00,2.00,1.70,21.966,0.7313
133.47,B,7.50,0.80,0.10,25.769,0.1493
133.47,B,7.50,0.80,1.10,25.833,0.0924
133.47,B,7.50,0.80,1.70,26.221,0.0737
133.47,C,4.00,4.50,0.10,25.624,0.2905
133.47,C,4.00,4.50,1.10,26.396,0.0412
133.47,C,4.00,4.50,1.70,26.681,0.0591
133.47,D,0.50,0.80,0.10,25.769,0.1493
133.47,D,0.50,0.80,1.10,25.833,0.0924
133.47,D,0.50,0.80,1.70,26.221,0.0737
134.65,A,4.00,2.00,0.10,22.330,0.3101
134.65,A,4.00,2.00,1.10,22.085,0.8442
134.65,A,4.00,2.00,1.70,21.954,0.7313
134.65,B,7.50,0.80,0.10,25.752,0.1497
134.65,B,7.50,0.80,1.10,25.814,0.0927
134.65,B,7.50,0.80,1.70,26.205,0.0734
134.65,C,4.00,4.50,0.10,25.612,0.2900
134.65,C,4.00,4.50,1.10,26.382,0.0410
134.65,C,4.00,4.50,1.70,26.670,0.0591
134.65,D,0.50,0.80,0.10,25.752,0.1497
134.65,D,0.50,0.80,1.10,25.814,0.0927
134.65,D,0.50,0.80,1.70,26.205,0.0734
135.82,A,4.00,2.00,0.10,22.318,0.3106
135.82,A,4.00,2.00,1.10,22.073,0.8441
135.82,A,4.00,2.00,1.70,21.942,0.7314
135.82,B,7.50,0.80,0.10,25.736,0.1502
135.82,B,7.50,0.80,1.10,25.796,0.0930
135.82,B,7.50,0.80,1.70,26.189,0.0732
135.82,C,4.00,4.50,0.10,25.599,0.2895
135.82,C,4.00,4.50,1.10,26.368,0.0407
135.82,C,4.00,4.50,1.70,26.658,0.0593
135.82,D,0.50,0.80,0.10,25.736,0.1502
135.82,D,0.50,0.80,1.10,25.796,0.0930
135.82,D,0.50,0.80,1.70,26.189,0.0732
137.00,A,4.00,2.00,0.10,22.307,0.3109
137.00,A,4.00,2.00,1.10,22.061,0.8441
137.00,A,4.00,2.00,1.70,21.931,0.7314
137.00,B,7.50,0.80,0.10,25.720,0.1505
137.00,B,7.50,0.80,1.10,25.778,0.0933
137.00,B,7.50,0.80,1.70,26.174,0.0732
137.00,C,4.00,4.50,0.10,25.586,0.2891
137.00,C,4.00,4.50,1.10,26.354,0.0404
137.00,C,4.00,4.50,1.70,26.643,0.0596
137.00,D,0.50,0.80,0.10,25.720,0.1505
137.00,D,0.50,0.80,1.10,25.778,0.0933
137.00,D,0.50,0.80,1.70,26.174,0.0732
138.17,A,4.00,2.00,0.10,22.296,0.3110
138.17,A,4.00,2.00,1.10,22.049,0.8442
138.17,A,4.00,2.00,1.70,21.922,0.7315
138.17,B,7.50,0.80,0.10,25.705,0.1508
138.17,B,7.50,0.80,1.10,25.760,0.0938
138.17,B,7.50,0.80,1.70,26.159,0.0733
138.17,C,4.00,4.50,0.10,25.573,0.2888
138.17,C,4.00,4.50,1.10,26.340,0.0400
138.17,C,4.00,4.50,1.70,26.625,0.0599
138.17,D,0.50,0.80,0.10,25.705,0.1508
138.17,D,0.50,0.80,1.10,25.760,0.0938
138.17,D,0.50,0.80,1.70,26.159,0.0733
139.34,A,4.00,2.00,0.10,22.285,0.3111
139.34,A,4.00,2.00,1.10,22.039,0.8442
139.34,A,4.00,2.00,1.70,21.913,0.7316
139.34,B,7.50,0.80,0.10,25.690,0.1510
139.34,B,7.50,0.80,1.10,25.742,0.0942
139.34,B,7.50,0.80,1.70,26.145,0.0735
139.34,C,4.00,4.50,0.10,25.560,0.2885
139.34,C,4.00,4.50,1.10,26.327,0.0396
139.34,C,4.00,4.50,1.70,26.606,0.0604
139.34,D,0.50,0.80,0.10,25.690,0.1510
139.34,D,0.50,0.80,1.10,25.742,0.0942
139.34,D,0.50,0.80,1.70,26.145,0.0735
140.52,A,4.00,2.00,0.10,22.274,0.3110
140.52,A,4.00,2.00,1.10,22.029,0.8443
140.52,A,4.00,2.00,1.70,21.905,0.7317
140.52,B,7.50,0.80,0.10,25.676,0.1512
140.52,B,7.50,0.80,1.10,25.725,0.0947
140.52,B,7.50,0.80,1.70,26.131,0.0738
140.52,C,4.00,4.50,0.10,25.547,0.2883
140.52,C,4.00,4.50,1.10,26.314,0.0392
140.52,C,4.00,4.50,1.70,26.586,0.0609
140.52,D,0.50,0.80,0.10,25.676,0.1512
140.52,D,0.50,0.80,1.10,25.725,0.0947
140.52,D,0.50,0.80,1.70,26.131,0.0738
141.69,A,4.00,2.00,0.10,22.264,0.3108
141.69,A,4.00,2.00,1.10,22.020,0.8443
141.69,A,4.00,2.00,1.70,21.898,0.7317
141.69,B,7.50,0.80,0.10,25.661,0.1514
141.69,B,7.50,0.80,1.10,25.708,0.0951
141.69,B,7.50,0.80,1.70,26.117,0.0742
141.69,C,4.00,4.50,0.10,25.534,0.2880
141.69,C,4.00,4.50,1.10,26.301,0.0388
141.69,C,4.00,4.50,1.70,26.564,0.0614
141.69,D,0.50,0.80,0.10,25.661,0.1514
141.69,D,0.50,0.80,1.10,25.708,0.0951
141.69,D,0.50,0.80,1.70,26.117,0.0742
142.86,A,4.00,2.00,0.10,22.255,0.3105
142.86,A,4.00,2.00,1.10,22.013,0.8442
142.86,A,4.00,2.00,1.70,21.893,0.7318
142.86,B,7.50,0.80,0.10,25.647,0.1516
142.86,B,7.50,0.80,1.10,25.692,0.0956
142.86,B,7.50,0.80,1.70,26.104,0.0747
142.86,C,4.00,4.50,0.10,25.521,0.2877
142.86,C,4.00,4.50,1.10,26.289,0.0384
142.86,C,4.00,4.50,1.70,26.541,0.0619
142.86,D,0.50,0.80,0.10,25.647,0.1516
142.86,D,0.50,0.80,1.10,25.692,0.0956
142.86,D,0.50,0.80,1.70,26.104,0.0747
144.04,A,4.00,2.00,0.10,22.246,0.3101
144.04,A,4.00,2.00,1.10,22.006,0.8441
144.04,A,4.00,2.00,1.70,21.889,0.7317
144.04,B,7.50,0.80,0.10,25.634,0.1518
144.04,B,7.50,0.80,1.10,25.676,0.0961
144.04,B,7.50,0.80,1.70,26.091,0.0752
144.04,C,4.00,4.50,0.10,25.508,0.2874
144.04,C,4.00,4.50,1.10,26.276,0.0379
144.04,C,4.00,4.50,1.70,26.517,0.0623
144.04,D,0.50,0.80,0.10,25.634,0.1518
144.04,D,0.50,0.80,1.10,25.676,0.0961
144.04,D,0.50,0.80,1.70,26.091,0.0752
145.21,A,4.00,2.00,0.10,22.237,0.3096
145.21,A,4.00,2.00,1.10,22.000,0.8439
145.21,A,4.00,2.00,1.70,21.885,0.7315
145.21,B,7.50,0.80,0.10,25.620,0.1520
145.21,B,7.50,0.80,1.10,25.661,0.0965
145.21,B,7.50,0.80,1.70,26.078,0.0757
145.21,C,4.00,4.50,0.10,25.495,0.2870
145.21,C,4.00,4.50,1.10,26.264,0.0375
145.21,C,4.00,4.50,1.70,26.493,0.0626
145.21,D,0.50,0.80,0.10,25.620,0.1520
145.21,D,0.50,0.80,1.10,25.661,0.0965
145.21,D,0.50,0.80,1.70,26.078,0.0757
146.38,A,4.00,2.00,0.10,22.229,0.3089
146.38,A,4.00,2.00,1.10,21.996,0.8437
146.38,A,4.00,2.00,1.70,21.883,0.7313
146.38,B,7.50,0.80,0.10,25.607,0.1522
146.38,B,7.50,0.80,1.10,25.645,0.0970
146.38,B,7.50,0.80,1.70,26.066,0.0762
146.38,C,4.00,4.50,0.10,25.483,0.2865
146.38,C,4.00,4.50,1.10,26.251,0.0370
146.38,C,4.00,4.50,1.70,26.469,0.0628
146.38,D,0.50,0.80,0.10,25.607,0.1522
146.38,D,0.50,0.80,1.10,25.645,0.0970
146.38,D,0.50,0.80,1.70,26.066,0.0762
147.56,A,4.00,2.00,0.10,22.222,0.3083
147.56,A,4.00,2.00,1.10,21.991,0.8433
147.56,A,4.00,2.00,1.70,21.880,0.7310
147.56,B,7.50,0.80,0.10,25.594,0.1525
147.56,B,7.50,0.80,1.10,25.630,0.0974
147.56,B,7.50,0.80,1.70,26.053,0.0767
147.56,C,4.00,4.50,0.10,25.471,0.2860
147.56,C,4.00,4.50,1.10,26.239,0.0366
147.56,C,4.00,4.50,1.70,26.446,0.0629
147.56,D,0.50,0.80,0.10,25.594,0.1525
147.56,D,0.50,0.80,1.10,25.630,0.0974
147.56,D,0.50,0.80,1.70,26.053,0.0767
148.73,A,4.00,2.00,0.10,22.215,0.3075
148.73,A,4.00,2.00,1.10,21.987,0.8429
148.73,A,4.00,2.00,1.70,21.878,0.7307
148.73,B,7.50,0.80,0.10,25.581,0.1527
148.73,B,7.50,0.80,1.10,25.615,0.0979
148.73,B,7.50,0.80,1.70,26.039,0.0773
148.73,C,4.00,4.50,0.10,25.460,0.2854
148.73,C,4.00,4.50,1.10,26.227,0.0362
148.73,C,4.00,4.50,1.70,26.422,0.0629
148.73,D,0.50,0.80,0.10,25.581,0.1527
148.73,D,0.50,0.80,1.10,25.615,0.0979
148.73,D,0.50,0.80,1.70,26.039,0.0773
149.91,A,4.00,2.00,0.10,22.208,0.3068
149.91,A,4.00,2.00,1.10,21.984,0.8424
149.91,A,4.00,2.00,1.70,21.875,0.7304
149.91,B,7.50,0.80,0.10,25.568,0.1529
149.91,B,7.50,0.80,1.10,25.601,0.0983
149.91,B,7.50,0.80,1.70,26.026,0.0779
149.91,C,4.00,4.50,0.10,25.448,0.2848
149.91,C,4.00,4.50,1.10,26.215,0.0358
149.91,C,4.00,4.50,1.70,26.400,0.0627
149.91,D,0.50,0.80,0.10,25.568,0.1529
149.91,D,0.50,0.80,1.10,25.601,0.0983
149.91,D,0.50,0.80,1.70,26.026,0.0779
151.08,A,4.00,2.00,0.10,22.201,0.3061
151.08,A,4.00,2.00,1.10,21.979,0.8418
151.08,A,4.00,2.00,1.70,21.872,0.7300
151.08,B,7.50,0.80,0.10,25.556,0.1532
151.08,B,7.50,0.80,1.10,25.586,0.0987
151.08,B,7.50,0.80,1.70,26.012,0.0785
151.08,C,4.00,4.50,0.10,25.437,0.2841
151.08,C,4.00,4.50,1.10,26.203,0.0354
151.08,C,4.00,4.50,1.70,26.379,0.0625
151.08,D,0.50,0.80,0.10,25.556,0.1532
151.08,D,0.50,0.80,1.10,25.586,0.0987
151.08,D,0.50,0.80,1.70,26.012,0.0785
152.25,A,4.00,2.00,0.10,22.195,0.3054
152.25,A,4.00,2.00,1.10,21.975,0.8413
152.25,A,4.00,2.00,1.70,21.868,0.7296
152.25,B,7.50,0.80,0.10,25.544,0.1534
152.25,B,7.50,0.80,1.10,25.572,0.0991
152.25,B,7.50,0.80,1.70,25.999,0.0792
152.25,C,4.00,4.50,0.10,25.426,0.2834
152.25,C,4.00,4.50,1.10,26.192,0.0350
152.25,C,4.00,4.50,1.70,26.358,0.0621
152.25,D,0.50,0.80,0.10,25.544,0.1534
152.25,D,0.50,0.80,1.10,25.572,0.0991
152.25,D,0.50,0.80,1.70,25.999,0.0792
153.43,A,4.00,2.00,0.10,22.188,0.3047
153.43,A,4.00,2.00,1.10,21.970,0.8407
153.43,A,4.00,2.00,1.70,21.863,0.7291
153.43,B,7.50,0.80,0.10,25.532,0.1537
153.43,B,7.50,0.80,1.10,25.557,0.0995
153.43,B,7.50,0.80,1.70,25.984,0.0799
153.43,C,4.00,4.50,0.10,25.415,0.2827
153.43,C,4.00,4.50,1.10,26.180,0.0347
153.43,C,4.00,4.50,1.70,26.339,0.0617
153.43,D,0.50,0.80,0.10,25.532,0.1537
153.43,D,0.50,0.80,1.10,25.557,0.0995
153.43,D,0.50,0.80,1.70,25.984,0.0799
154.60,A,4.00,2.00,0.10,22.181,0.3041
154.60,A,4.00,2.00,1.10,21.964,0.8401
154.60,A,4.00,2.00,1.70,21.858,0.7287
154.60,B,7.50,0.80,0.10,25.520,0.1539
154.60,B,7.50,0.80,1.10,25.543,0.0998
154.60,B,7.50,0.80,1.70,25.970,0.0806
154.60,C,4.00,4.50,0.10,25.405,0.2820
154.60,C,4.00,4.50,1.10,26.168,0.0344
154.60,C,4.00,4.50,1.70,26.321,0.0612
154.60,D,0.50,0.80,0.10,25.520,0.1539
154.60,D,0.50,0.80,1.10,25.543,0.0998
154.60,D,0.50,0.80,1.70,25.970,0.0806
155.78,A,4.00,2.00,0.10,22.174,0.3035
155.78,A,4.00,2.00,1.10,21.957,0.8394
155.78,A,4.00,2.00,1.70,21.851,0.7283
155.78,B,7.50,0.80,0.10,25.509,0.1542
155.78,B,7.50,0.80,1.10,25.529,0.1001
155.78,B,7.50,0.80,1.70,25.955,0.0813
155.78,C,4.00,4.50,0.10,25.394,0.2813
155.78,C,4.00,4.50,1.10,26.157,0.0342
155.78,C,4.00,4.50,1.70,26.303,0.0606
155.78,D,0.50,0.80,0.10,25.509,0.1542
155.78,D,0.50,0.80,1.10,25.529,0.1001
155.78,D,0.50,0.80,1.70,25.955,0.0813
156.95,A,4.00,2.00,0.10,22.167,0.3030
156.95,A,4.00,2.00,1.10,21.950,0.8388
156.95,A,4.00,2.00,1.70,21.844,0.7278
156.95,B,7.50,0.80,0.10,25.498,0.1545
156.95,B,7.50,0.80,1.10,25.515,0.1005
156.95,B,7.50,0.80,1.70,25.940,0.0820
156.95,C,4.00,4.50,0.10,25.384,0.2806
156.95,C,4.00,4.50,1.10,26.145,0.0339
156.95,C,4.00,4.50,1.70,26.287,0.0601
156.95,D,0.50,0.80,0.10,25.498,0.1545
156.95,D,0.50,0.80,1.10,25.515,0.1005
156.95,D,0.50,0.80,1.70,25.940,0.0820
158.12,A,4.00,2.00,0.10,22.159,0.3025
158.12,A,4.00,2.00,1.10,21.942,0.8382
158.12,A,4.00,2.00,1.70,21.836,0.7273
158.12,B,7.50,0.80,0.10,25.487,0.1547
158.12,B,7.50,0.80,1.10,25.501,0.1007
158.12,B,7.50,0.80,1.70,25.925,0.0827
158.12,C,4.00,4.50,0.10,25.373,0.2801
158.12,C,4.00,4.50,1.10,26.134,0.0338
158.12,C,4.00,4.50,1.70,26.272,0.0594
158.12,D,0.50,0.80,0.10,25.487,0.1547
158.12,D,0.50,0.80,1.10,25.501,0.1007
158.12,D,0.50,0.80,1.70,25.925,0.0827
159.30,A,4.00,2.00,0.10,22.150,0.3021
159.30,A,4.00,2.00,1.10,21.934,0.8377
159.30,A,4.00,2.00,1.70,21.827,0.7268
159.30,B,7.50,0.80,0.10,25.476,0.1550
159.30,B,7.50,0.80,1.10,25.488,0.1010
159.30,B,7.50,0.80,1.70,25.910,0.0834
159.30,C,4.00,4.50,0.10,25.362,0.2796
159.30,C,4.00,4.50,1.10,26.122,0.0336
159.30,C,4.00,4.50,1.70,26.257,0.0588
159.30,D,0.50,0.80,0.10,25.476,0.1550
159.30,D,0.50,0.80,1.10,25.488,0.1010
159.30,D,0.50,0.80,1.70,25.910,0.0834
160.47,A,4.00,2.00,0.10,22.141,0.3017
160.47,A,4.00,2.00,1.10,21.925,0.8371
160.47,A,4.00,2.00,1.70,21.818,0.7263
160.47,B,7.50,0.80,0.10,25.465,0.1552
160.47,B,7.50,0.80,1.10,25.474,0.1013
160.47,B,7.50,0.80,1.70,25.894,0.0841
160.47,C,4.00,4.50,0.10,25.351,0.2791
160.47,C,4.00,4.50,1.10,26.111,0.0335
160.47,C,4.00,4.50,1.70,26.243,0.0582
160.47,D,0.50,0.80,0.10,25.465,0.1552
160.47,D,0.50,0.80,1.10,25.474,0.1013
160.47,D,0.50,0.80,1.70,25.894,0.0841
161.64,A,4.00,2.00,0.10,22.132,0.3014
161.64,A,4.00,2.00,1.10,21.915,0.8366
161.64,A,4.00,2.00,1.70,21.808,0.7259
161.64,B,7.50,0.80,0.10,25.454,0.1555
161.64,B,7.50,0.80,1.10,25.461,0.1015
161.64,B,7.50,0.80,1.70,25.879,0.0848
161.64,C,4.00,4.50,0.10,25.340,0.2788
161.64,C,4.00,4.50,1.10,26.100,0.0334
161.64,C,4.00,4.50,1.70,26.229,0.0576
161.64,D,0.50,0.80,0.10,25.454,0.1555
161.64,D,0.50,0.80,1.10,25.461,0.1015
161.64,D,0.50,0.80,1.70,25.879,0.0848
162.82,A,4.00,2.00,0.10,22.122,0.3011
162.82,A,4.00,2.00,1.10,21.905,0.8362
162.82,A,4.00,2.00,1.70,21.798,0.7255
162.82,B,7.50,0.80,0.10,25.443,0.1558
162.82,B,7.50,0.80,1.10,25.448,0.1017
162.82,B,7.50,0.80,1.70,25.863,0.0855
162.82,C,4.00,4.50,0.10,25.329,0.2785
162.82,C,4.00,4.50,1.10,26.088,0.0334
162.82,C,4.00,4.50,1.70,26.216,0.0569
162.82,D,0.50,0.80,0.10,25.443,0.1558
162.82,D,0.50,0.80,1.10,25.448,0.1017
162.82,D,0.50,0.80,1.70,25.863,0.0855
163.99,A,4.00,2.00,0.10,22.112,0.3009
163.99,A,4.00,2.00,1.10,21.895,0.8357
163.99,A,4.00,2.00,1.70,21.788,0.7251
163.99,B,7.50,0.80,0.10,25.432,0.1560
163.99,B,7.50,0.80,1.10,25.434,0.1019
163.99,B,7.50,0.80,1.70,25.847,0.0862
163.99,C,4.00,4.50,0.10,25.317,0.2783
163.99,C,4.00,4.50,1.10,26.077,0.0334
163.99,C,4.00,4.50,1.70,26.204,0.0563
163.99,D,0.50,0.80,0.10,25.432,0.1560
163.99,D,0.50,0.80,1.10,25.434,0.1019
163.99,D,0.50,0.80,1.70,25.847,0.0862
165.16,A,4.00,2.00,0.10,22.101,0.3007
165.16,A,4.00,2.00,1.10,21.884,0.8354
165.16,A,4.00,2.00,1.70,21.777,0.7247
165.16,B,7.50,0.80,0.10,25.421,0.1563
165.16,B,7.50,0.80,1.10,25.422,0.1021
165.16,B,7.50,0.80,1.70,25.831,0.0868
165.16,C,4.00,4.50,0.10,25.305,0.2783
165.16,C,4.00,4.50,1.10,26.066,0.0334
165.16,C,4.00,4.50,1.70,26.192,0.0557
165.16,D,0.50,0.80,0.10,25.421,0.1563
165.16,D,0.50,0.80,1.10,25.422,0.1021
165.16,D,0.50,0.80,1.70,25.831,0.0868
166.34,A,4.00,2.00,0.10,22.091,0.3006
166.34,A,4.00,2.00,1.10,21.873,0.8350
166.34,A,4.00,2.00,1.70,21.766,0.7244
166.34,B,7.50,0.80,0.10,25.409,0.1565
166.34,B,7.50,0.80,1.10,25.409,0.1023
166.34,B,7.50,0.80,1.70,25.814,0.0874
166.34,C,4.00,4.50,0.10,25.293,0.2783
166.34,C,4.00,4.50,1.10,26.055,0.0335
166.34,C,4.00,4.50,1.70,26.180,0.0552
166.34,D,0.50,0.80,0.10,25.409,0.1565
166.34,D,0.50,0.80,1.10,25.409,0.1023
166.34,D,0.50,0.80,1.70,25.814,0.0874
167.51,A,4.00,2.00,0.10,22.079,0.3005
167.51,A,4.00,2.00,1.10,21.862,0.8348
167.51,A,4.00,2.00,1.70,21.755,0.7241
167.51,B,7.50,0.80,0.10,25.398,0.1568
167.51,B,7.50,0.80,1.10,25.396,0.1024
167.51,B,7.50,0.80,1.70,25.798,0.0880
167.51,C,4.00,4.50,0.10,25.281,0.2785
167.51,C,4.00,4.50,1.10,26.043,0.0336
167.51,C,4.00,4.50,1.70,26.168,0.0546
167.51,D,0.50,0.80,0.10,25.398,0.1568
167.51,D,0.50,0.80,1.10,25.396,0.1024
167.51,D,0.50,0.80,1.70,25.798,0.0880
168.69,A,4.00,2.00,0.10,22.068,0.3004
168.69,A,4.00,2.00,1.10,21.850,0.8345
168.69,A,4.00,2.00,1.70,21.744,0.7238
168.69,B,7.50,0.80,0.10,25.386,0.1570
168.69,B,7.50,0.80,1.10,25.383,0.1026
168.69,B,7.50,0.80,1.70,25.782,0.0885
168.69,C,4.00,4.50,0.10,25.268,0.2787
168.69,C,4.00,4.50,1.10,26.032,0.0337
168.69,C,4.00,4.50,1.70,26.157,0.0541
168.69,D,0.50,0.80,0.10,25.386,0.1570
168.69,D,0.50,0.80,1.10,25.383,0.1026
168.69,D,0.50,0.80,1.70,25.782,0.0885
169.86,A,4.00,2.00,0.10,22.056,0.3004
169.86,A,4.00,2.00,1.10,21.838,0.8343
169.86,A,4.00,2.00,1.70,21.733,0.7236
169.86,B,7.50,0.80,0.10,25.374,0.1572
169.86,B,7.50,0.80,1.10,25.371,0.1027
169.86,B,7.50,0.80,1.70,25.765,0.0890
169.86,C,4.00,4.50,0.10,25.255,0.2790
169.86,C,4.00,4.50,1.10,26.020,0.0338
169.86,C,4.00,4.50,1.70,26.145,0.0536
169.86,D,0.50,0.80,0.10,25.374,0.1572
169.86,D,0.50,0.80,1.10,25.371,0.1027
169.86,D,0.50,0.80,1.70,25.765,0.0890
171.03,A,4.00,2.00,0.10,22.044,0.3004
171.03,A,4.00,2.00,1.10,21.827,0.8342
171.03,A,4.00,2.00,1.70,21.721,0.7234
171.03,B,7.50,0.80,0.10,25.363,0.1574
171.03,B,7.50,0.80,1.10,25.358,0.1028
171.03,B,7.50,0.80,1.70,25.749,0.0894
171.03,C,4.00,4.50,0.10,25.242,0.2795
171.03,C,4.00,4.50,1.10,26.009,0.0340
171.03,C,4.00,4.50,1.70,26.134,0.0532
171.03,D,0.50,0.80,0.10,25.363,0.1574
171.03,D,0.50,0.80,1.10,25.358,0.1028
171.03,D,0.50,0.80,1.70,25.749,0.0894
172.21,A,4.00,2.00,0.10,22.032,0.3005
172.21,A,4.00,2.00,1.10,21.815,0.8340
172.21,A,4.00,2.00,1.70,21.710,0.7232
172.21,B,7.50,0.80,0.10,25.351,0.1576
172.21,B,7.50,0.80,1.10,25.345,0.1028
172.21,B,7.50,0.80,1.70,25.733,0.0898
172.21,C,4.00,4.50,0.10,25.229,0.2799
172.21,C,4.00,4.50,1.10,25.997,0.0342
172.21,C,4.00,4.50,1.70,26.123,0.0528
172.21,D,0.50,0.80,0.10,25.351,0.1576
172.21,D,0.50,0.80,1.10,25.345,0.1028
172.21,D,0.50,0.80,1.70,25.733,0.0898
173.38,A,4.00,2.00,0.10,22.020,0.3005
173.38,A,4.00,2.00,1.10,21.803,0.8339
173.38,A,4.00,2.00,1.70,21.699,0.7230
173.38,B,7.50,0.80,0.10,25.339,0.1577
173.38,B,7.50,0.80,1.10,25.332,0.1029
173.38,B,7.50,0.80,1.70,25.716,0.0902
173.38,C,4.00,4.50,0.10,25.215,0.2805
173.38,C,4.00,4.50,1.10,25.986,0.0344
173.38,C,4.00,4.50,1.70,26.112,0.0525
173.38,D,0.50,0.80,0.10,25.339,0.1577
173.38,D,0.50,0.80,1.10,25.332,0.1029
173.38,D,0.50,0.80,1.70,25.716,0.0902
174.55,A,4.00,2.00,0.10,22.008,0.3006
174.55,A,4.00,2.00,1.10,21.792,0.8338
174.55,A,4.00,2.00,1.70,21.687,0.7229
174.55,B,7.50,0.80,0.10,25.326,0.1579
174.55,B,7.50,0.80,1.10,25.319,0.1030
174.55,B,7.50,0.80,1.70,25.701,0.0905
174.55,C,4.00,4.50,0.10,25.201,0.2811
174.55,C,4.00,4.50,1.10,25.974,0.0346
174.55,C,4.00,4.50,1.70,26.100,0.0521
174.55,D,0.50,0.80,0.10,25.326,0.1579
174.55,D,0.50,0.80,1.10,25.319,0.1030
174.55,D,0.50,0.80,1.70,25.701,0.0905
175.73,A,4.00,2.00,0.10,21.997,0.3007
175.73,A,4.00,2.00,1.10,21.780,0.8337
175.73,A,4.00,2.00,1.70,21.676,0.7228
175.73,B,7.50,0.80,0.10,25.314,0.1580
175.73,B,7.50,0.80,1.10,25.306,0.1030
175.73,B,7.50,0.80,1.70,25.685,0.0908
175.73,C,4.00,4.50,0.10,25.188,0.2816
175.73,C,4.00,4.50,1.10,25.963,0.0348
175.73,C,4.00,4.50,1.70,26.089,0.0519
175.73,D,0.50,0.80,0.10,25.314,0.1580
175.73,D,0.50,0.80,1.10,25.306,0.1030
175.73,D,0.50,0.80,1.70,25.685,0.0908
176.90,A,4.00,2.00,0.10,21.985,0.3008
176.90,A,4.00,2.00,1.10,21.769,0.8335
176.90,A,4.00,2.00,1.70,21.665,0.7226
176.90,B,7.50,0.80,0.10,25.302,0.1581
176.90,B,7.50,0.80,1.10,25.292,0.1031
176.90,B,7.50,0.80,1.70,25.670,0.0910
176.90,C,4.00,4.50,0.10,25.174,0.2822
176.90,C,4.00,4.50,1.10,25.951,0.0351
176.90,C,4.00,4.50,1.70,26.078,0.0516
176.90,D,0.50,0.80,0.10,25.302,0.1581
176.90,D,0.50,0.80,1.10,25.292,0.1031
176.90,D,0.50,0.80,1.70,25.670,0.0910
178.07,A,4.00,2.00,0.10,21.974,0.3009
178.07,A,4.00,2.00,1.10,21.758,0.8334
178.07,A,4.00,2.00,1.70,21.655,0.7225
178.07,B,7.50,0.80,0.10,25.290,0.1582
178.07,B,7.50,0.80,1.10,25.279,0.1031
178.07,B,7.50,0.80,1.70,25.655,0.0912
178.07,C,4.00,4.50,0.10,25.160,0.2828
178.07,C,4.00,4.50,1.10,25.939,0.0353
178.07,C,4.00,4.50,1.70,26.067,0.0514
178.07,D,0.50,0.80,0.10,25.290,0.1582
178.07,D,0.50,0.80,1.10,25.279,0.1031
178.07,D,0.50,0.80,1.70,25.655,0.0912
179.25,A,4.00,2.00,0.10,21.963,0.3010
179.25,A,4.00,2.00,1.10,21.747,0.8333
179.25,A,4.00,2.00,1.70,21.644,0.7224
179.25,B,7.50,0.80,0.10,25.279,0.1582
179.25,B,7.50,0.80,1.10,25.265,0.1031
179.25,B,7.50,0.80,1.70,25.640,0.0913
179.25,C,4.00,4.50,0.10,25.147,0.2834
179.25,C,4.00,4.50,1.10,25.927,0.0355
179.25,C,4.00,4.50,1.70,26.056,0.0513
179.25,D,0.50,0.80,0.10,25.279,0.1582
179.25,D,0.50,0.80,1.10,25.265,0.1031
179.25,D,0.50,0.80,1.70,25.640,0.0913
180.42,A,4.00,2.00,0.10,21.953,0.3012
180.42,A,4.00,2.00,1.10,21.736,0.8332
180.42,A,4.00,2.00,1.70,21.634,0.7223
180.42,B,7.50,0.80,0.10,25.267,0.1582
180.42,B,7.50,0.80,1.10,25.252,0.1032
180.42,B,7.50,0.80,1.70,25.626,0.0914
180.42,C,4.00,4.50,0.10,25.133,0.2839
180.42,C,4.00,4.50,1.10,25.915,0.0356
180.42,C,4.00,4.50,1.70,26.044,0.0511
180.42,D,0.50,0.80,0.10,25.267,0.1582
180.42,D,0.50,0.80,1.10,25.252,0.1032
180.42,D,0.50,0.80,1.70,25.626,0.0914
181.60,A,4.00,2.00,0.10,21.942,0.3013
181.60,A,4.00,2.00,1.10,21.726,0.8331
181.60,A,4.00,2.00,1.70,21.624,0.7222
181.60,B,7.50,0.80,0.10,25.255,0.1583
181.60,B,7.50,0.80,1.10,25.238,0.1032
181.60,B,7.50,0.80,1.70,25.612,0.0915
181.60,C,4.00,4.50,0.10,25.120,0.2845
181.60,C,4.00,4.50,1.10,25.903,0.0358
181.60,C,4.00,4.50,1.70,26.033,0.0510
181.60,D,0.50,0.80,0.10,25.255,0.1583
181.60,D,0.50,0.80,1.10,25.238,0.1032
181.60,D,0.50,0.80,1.70,25.612,0.0915
182.77,A,4.00,2.00,0.10,21.932,0.3014
182.77,A,4.00,2.00,1.10,21.716,0.8330
182.77,A,4.00,2.00,1.70,21.614,0.7221
182.77,B,7.50,0.80,0.10,25.244,0.1582
182.77,B,7.50,0.80,1.10,25.225,0.1032
182.77,B,7.50,0.80,1.70,25.598,0.0915
182.77,C,4.00,4.50,0.10,25.106,0.2850
182.77,C,4.00,4.50,1.10,25.891,0.0360
182.77,C,4.00,4.50,1.70,26.022,0.0509
182.77,D,0.50,0.80,0.10,25.244,0.1582
182.77,D,0.50,0.80,1.10,25.225,0.1032
182.77,D,0.50,0.80,1.70,25.598,0.0915
183.94,A,4.00,2.00,0.10,21.923,0.3015
183.94,A,4.00,2.00,1.10,21.706,0.8328
183.94,A,4.00,2.00,1.70,21.605,0.7220
183.94,B,7.50,0.80,0.10,25.233,0.1582
183.94,B,7.50,0.80,1.10,25.212,0.1032
183.94,B,7.50,0.80,1.70,25.585,0.0915
183.94,C,4.00,4.50,0.10,25.093,0.2854
183.94,C,4.00,4.50,1.10,25.879,0.0361
183.94,C,4.00,4.50,1.70,26.011,0.0509
183.94,D,0.50,0.80,0.10,25.233,0.1582
183.94,D,0.50,0.80,1.10,25.212,0.1032
183.94,D,0.50,0.80,1.70,25.585,0.0915
185.12,A,4.00,2.00,0.10,21.914,0.3015
185.12,A,4.00,2.00,1.10,21.697,0.8326
185.12,A,4.00,2.00,1.70,21.596,0.7219
185.12,B,7.50,0.80,0.10,25.222,0.1581
185.12,B,7.50,0.80,1.10,25.198,0.1032
185.12,B,7.50,0.80,1.70,25.572,0.0915
185.12,C,4.00,4.50,0.10,25.081,0.2858
185.12,C,4.00,4.50,1.10,25.867,0.0362
185.12,C,4.00,4.50,1.70,26.000,0.0509
185.12,D,0.50,0.80,0.10,25.222,0.1581
185.12,D,0.50,0.80,1.10,25.198,0.1032
185.12,D,0.50,0.80,1.70,25.572,0.0915
186.29,A,4.00,2.00,0.10,21.905,0.3016
186.29,A,4.00,2.00,1.10,21.688,0.8324
186.29,A,4.00,2.00,1.70,21.587,0.7218
186.29,B,7.50,0.80,0.10,25.211,0.1580
186.29,B,7.50,0.80,1.10,25.185,0.1032
186.29,B,7.50,0.80,1.70,25.560,0.0915
186.29,C,4.00,4.50,0.10,25.068,0.2862
186.29,C,4.00,4.50,1.10,25.854,0.0363
186.29,C,4.00,4.50,1.70,25.989,0.0509
186.29,D,0.50,0.80,0.10,25.211,0.1580
186.29,D,0.50,0.80,1.10,25.185,0.1032
186.29,D,0.50,0.80,1.70,25.560,0.0915
187.47,A,4.00,2.00,0.10,21.897,0.3016
187.47,A,4.00,2.00,1.10,21.680,0.8322
187.47,A,4.00,2.00,1.70,21.579,0.7217
187.47,B,7.50,0.80,0.10,25.201,0.1579
187.47,B,7.50,0.80,1.10,25.172,0.1032
187.47,B,7.50,0.80,1.70,25.548,0.0915
187.47,C,4.00,4.50,0.10,25.056,0.2865
187.47,C,4.00,4.50,1.10,25.842,0.0364
187.47,C,4.00,4.50,1.70,25.978,0.0509
187.47,D,0.50,0.80,0.10,25.201,0.1579
187.47,D,0.50,0.80,1.10,25.172,0.1032
187.47,D,0.50,0.80,1.70,25.548,0.0915
188.64,A,4.00,2.00,0.10,21.889,0.3017
188.64,A,4.00,2.00,1.10,21.671,0.8320
188.64,A,4.00,2.00,1.70,21.570,0.7216
188.64,B,7.50,0.80,0.10,25.191,0.1578
188.64,B,7.50,0.80,1.10,25.160,0.1032
188.64,B,7.50,0.80,1.70,25.536,0.0915
188.64,C,4.00,4.50,0.10,25.044,0.2867
188.64,C,4.00,4.50,1.10,25.830,0.0365
188.64,C,4.00,4.50,1.70,25.967,0.0509
188.64,D,0.50,0.80,0.10,25.191,0.1578
188.64,D,0.50,0.80,1.10,25.159,0.1032
188.64,D,0.50,0.80,1.70,25.536,0.0915
189.81,A,4.00,2.00,0.10,21.881,0.3017
189.81,A,4.00,2.00,1.10,21.663,0.8317
189.81,A,4.00,2.00,1.70,21.562,0.7214
189.81,B,7.50,0.80,0.10,25.181,0.1576
189.81,B,7.50,0.80,1.10,25.147,0.1032
189.81,B,7.50,0.80,1.70,25.524,0.0915
189.81,C,4.00,4.50,0.10,25.032,0.2869
189.81,C,4.00,4.50,1.10,25.817,0.0365
189.81,C,4.00,4.50,1.70,25.957,0.0510
189.81,D,0.50,0.80,0.10,25.181,0.1576
189.81,D,0.50,0.80,1.10,25.147,0.1032
189.81,D,0.50,0.80,1.70,25.524,0.0915
190.99,A,4.00,2.00,0.10,21.874,0.3017
190.99,A,4.00,2.00,1.10,21.656,0.8314
190.99,A,4.00,2.00,1.70,21.555,0.7212
190.99,B,7.50,0.80,0.10,25.172,0.1574
190.99,B,7.50,0.80,1.10,25.134,0.1032
190.99,B,7.50,0.80,1.70,25.513,0.0915
190.99,C,4.00,4.50,0.10,25.021,0.2869
190.99,C,4.00,4.50,1.10,25.805,0.0366
190.99,C,4.00,4.50,1.70,25.946,0.0510
190.99,D,0.50,0.80,0.10,25.172,0.1574
190.99,D,0.50,0.80,1.10,25.134,0.1032
190.99,D,0.50,0.80,1.70,25.513,0.0915
192.16,A,4.00,2.00,0.10,21.867,0.3017
192.16,A,4.00,2.00,1.10,21.648,0.8311
192.16,A,4.00,2.00,1.70,21.547,0.7210
192.16,B,7.50,0.80,0.10,25.162,0.1572
192.16,B,7.50,0.80,1.10,25.122,0.1032
192.16,B,7.50,0.80,1.70,25.502,0.0915
192.16,C,4.00,4.50,0.10,25.010,0.2870
192.16,C,4.00,4.50,1.10,25.792,0.0366
192.16,C,4.00,4.50,1.70,25.935,0.0511
192.16,D,0.50,0.80,0.10,25.162,0.1572
192.16,D,0.50,0.80,1.10,25.122,0.1032
192.16,D,0.50,0.80,1.70,25.502,0.0915
193.33,A,4.00,2.00,0.10,21.861,0.3017
193.33,A,4.00,2.00,1.10,21.641,0.8308
193.33,A,4.00,2.00,1.70,21.539,0.7209
193.33,B,7.50,0.80,0.10,25.153,0.1570
193.33,B,7.50,0.80,1.10,25.110,0.1032
193.33,B,7.50,0.80,1.70,25.491,0.0916
193.33,C,4.00,4.50,0.10,25.000,0.2869
193.33,C,4.00,4.50,1.10,25.780,0.0366
193.33,C,4.00,4.50,1.70,25.925,0.0512
193.33,D,0.50,0.80,0.10,25.153,0.1570
193.33,D,0.50,0.80,1.10,25.110,0.1032
193.33,D,0.50,0.80,1.70,25.491,0.0916
194.51,A,4.00,2.00,0.10,21.854,0.3016
194.51,A,4.00,2.00,1.10,21.634,0.8304
194.51,A,4.00,2.00,1.70,21.532,0.7207
194.51,B,7.50,0.80,0.10,25.145,0.1567
194.51,B,7.50,0.80,1.10,25.099,0.1032
194.51,B,7.50,0.80,1.70,25.481,0.0916
194.51,C,4.00,4.50,0.10,24.990,0.2868
194.51,C,4.00,4.50,1.10,25.767,0.0366
194.51,C,4.00,4.50,1.70,25.914,0.0513
194.51,D,0.50,0.80,0.10,25.145,0.1567
194.51,D,0.50,0.80,1.10,25.099,0.1032
194.51,D,0.50,0.80,1.70,25.481,0.0916
195.68,A,4.00,2.00,0.10,21.848,0.3016
195.68,A,4.00,2.00,1.10,21.628,0.8301
195.68,A,4.00,2.00,1.70,21.525,0.7205
195.68,B,7.50,0.80,0.10,25.136,0.1565
195.68,B,7.50,0.80,1.10,25.087,0.1032
195.68,B,7.50,0.80,1.70,25.471,0.0916
195.68,C,4.00,4.50,0.10,24.980,0.2866
195.68,C,4.00,4.50,1.10,25.755,0.0366
195.68,C,4.00,4.50,1.70,25.904,0.0515
195.68,D,0.50,0.80,0.10,25.136,0.1565
195.68,D,0.50,0.80,1.10,25.087,0.1032
195.68,D,0.50,0.80,1.70,25.471,0.0916
196.85,A,4.00,2.00,0.10,21.842,0.3016
196.85,A,4.00,2.00,1.10,21.621,0.8297
196.85,A,4.00,2.00,1.70,21.518,0.7202
196.85,B,7.50,0.80,0.10,25.128,0.1562
196.85,B,7.50,0.80,1.10,25.076,0.1032
196.85,B,7.50,0.80,1.70,25.461,0.0916
196.85,C,4.00,4.50,0.10,24.970,0.2864
196.85,C,4.00,4.50,1.10,25.742,0.0366
196.85,C,4.00,4.50,1.70,25.893,0.0516
196.85,D,0.50,0.80,0.10,25.128,0.1562
196.85,D,0.50,0.80,1.10,25.076,0.1032
196.85,D,0.50,0.80,1.70,25.461,0.0916
198.03,A,4.00,2.00,0.10,21.836,0.3016
198.03,A,4.00,2.00,1.10,21.615,0.8293
198.03,A,4.00,2.00,1.70,21.511,0.7200
198.03,B,7.50,0.80,0.10,25.120,0.1560
198.03,B,7.50,0.80,1.10,25.065,0.1032
198.03,B,7.50,0.80,1.70,25.451,0.0916
198.03,C,4.00,4.50,0.10,24.961,0.2861
198.03,C,4.00,4.50,1.10,25.729,0.0366
198.03,C,4.00,4.50,1.70,25.883,0.0517
198.03,D,0.50,0.80,0.10,25.120,0.1560
198.03,D,0.50,0.80,1.10,25.065,0.1032
198.03,D,0.50,0.80,1.70,25.451,0.0916
199.20,A,4.00,2.00,0.10,21.830,0.3016
199.20,A,4.00,2.00,1.10,21.608,0.8289
199.20,A,4.00,2.00,1.70,21.504,0.7198
199.20,B,7.50,0.80,0.10,25.111,0.1558
199.20,B,7.50,0.80,1.10,25.054,0.1032
199.20,B,7.50,0.80,1.70,25.441,0.0916
199.20,C,4.00,4.50,0.10,24.952,0.2857
199.20,C,4.00,4.50,1.10,25.717,0.0365
199.20,C,4.00,4.50,1.70,25.873,0.0518
199.20,D,0.50,0.80,0.10,25.111,0.1558
199.20,D,0.50,0.80,1.10,25.054,0.1032
199.20,D,0.50,0.80,1.70,25.441,0.0916
200.38,A,4.00,2.00,0.10,21.825,0.3016
200.38,A,4.00,2.00,1.10,21.602,0.8285
200.38,A,4.00,2.00,1.70,21.497,0.7196
200.38,B,7.50,0.80,0.10,25.103,0.1556
200.38,B,7.50,0.80,1.10,25.044,0.1032
200.38,B,7.50,0.80,1.70,25.431,0.0917
200.38,C,4.00,4.50,0.10,24.944,0.2853
200.38,C,4.00,4.50,1.10,25.704,0.0365
200.38,C,4.00,4.50,1.70,25.862,0.0519
200.38,D,0.50,0.80,0.10,25.103,0.1556
200.38,D,0.50,0.80,1.10,25.044,0.1032
200.38,D,0.50,0.80,1.70,25.431,0.0917
201.55,A,4.00,2.00,0.10,21.819,0.3016
201.55,A,4.00,2.00,1.10,21.595,0.8281
201.55,A,4.00,2.00,1.70,21.490,0.7193
201.55,B,7.50,0.80,0.10,25.095,0.1554
201.55,B,7.50,0.80,1.10,25.034,0.1032
201.55,B,7.50,0.80,1.70,25.422,0.0917
201.55,C,4.00,4.50,0.10,24.936,0.2849
201.55,C,4.00,4.50,1.10,25.692,0.0364
201.55,C,4.00,4.50,1.70,25.852,0.0520
201.55,D,0.50,0.80,0.10,25.095,0.1554
201.55,D,0.50,0.80,1.10,25.034,0.1032
201.55,D,0.50,0.80,1.70,25.422,0.0917
202.72,A,4.00,2.00,0.10,21.813,0.3017
202.72,A,4.00,2.00,1.10,21.589,0.8277
202.72,A,4.00,2.00,1.70,21.483,0.7191
202.72,B,7.50,0.80,0.10,25.087,0.1552
202.72,B,7.50,0.80,1.10,25.023,0.1032
202.72,B,7.50,0.80,1.70,25.412,0.0917
202.72,C,4.00,4.50,0.10,24.928,0.2844
202.72,C,4.00,4.50,1.10,25.679,0.0364
202.72,C,4.00,4.50,1.70,25.842,0.0521
202.72,D,0.50,0.80,0.10,25.087,0.1552
202.72,D,0.50,0.80,1.10,25.023,0.1032
202.72,D,0.50,0.80,1.70,25.412,0.0917
203.90,A,4.00,2.00,0.10,21.807,0.3017
203.90,A,4.00,2.00,1.10,21.582,0.8273
203.90,A,4.00,2.00,1.70,21.476,0.7188
203.90,B,7.50,0.80,0.10,25.079,0.1551
203.90,B,7.50,0.80,1.10,25.014,0.1032
203.90,B,7.50,0.80,1.70,25.403,0.0918
203.90,C,4.00,4.50,0.10,24.920,0.2838
203.90,C,4.00,4.50,1.10,25.667,0.0363
203.90,C,4.00,4.50,1.70,25.833,0.0522
203.90,D,0.50,0.80,0.10,25.079,0.1551
203.90,D,0.50,0.80,1.10,25.014,0.1032
203.90,D,0.50,0.80,1.70,25.403,0.0918
205.07,A,4.00,2.00,0.10,21.801,0.3018
205.07,A,4.00,2.00,1.10,21.576,0.8269
205.07,A,4.00,2.00,1.70,21.468,0.7186
205.07,B,7.50,0.80,0.10,25.071,0.1550
205.07,B,7.50,0.80,1.10,25.004,0.1032
205.07,B,7.50,0.80,1.70,25.394,0.0918
205.07,C,4.00,4.50,0.10,24.912,0.2833
205.07,C,4.00,4.50,1.10,25.655,0.0363
205.07,C,4.00,4.50,1.70,25.823,0.0523
205.07,D,0.50,0.80,0.10,25.071,0.1550
205.07,D,0.50,0.80,1.10,25.004,0.1032
205.07,D,0.50,0.80,1.70,25.394,0.0918
206.24,A,4.00,2.00,0.10,21.795,0.3019
206.24,A,4.00,2.00,1.10,21.569,0.8265
206.24,A,4.00,2.00,1.70,21.461,0.7184
206.24,B,7.50,0.80,0.10,25.063,0.1549
206.24,B,7.50,0.80,1.10,24.994,0.1032
206.24,B,7.50,0.80,1.70,25.385,0.0918
206.24,C,4.00,4.50,0.10,24.905,0.2827
206.24,C,4.00,4.50,1.10,25.642,0.0362
206.24,C,4.00,4.50,1.70,25.813,0.0523
206.24,D,0.50,0.80,0.10,25.063,0.1549
206.24,D,0.50,0.80,1.10,24.994,0.1032
206.24,D,0.50,0.80,1.70,25.385,0.0918
207.42,A,4.00,2.00,0.10,21.789,0.3019
207.42,A,4.00,2.00,1.10,21.563,0.8261
207.42,A,4.00,2.00,1.70,21.454,0.7181
207.42,B,7.50,0.80,0.10,25.055,0.1549
207.42,B,7.50,0.80,1.10,24.985,0.1032
207.42,B,7.50,0.80,1.70,25.376,0.0918
207.42,C,4.00,4.50,0.10,24.898,0.2821
207.42,C,4.00,4.50,1.10,25.630,0.0362
207.42,C,4.00,4.50,1.70,25.804,0.0524
207.42,D,0.50,0.80,0.10,25.055,0.1549
207.42,D,0.50,0.80,1.10,24.985,0.1032
207.42,D,0.50,0.80,1.70,25.376,0.0918
208.59,A,4.00,2.00,0.10,21.783,0.3020
208.59,A,4.00,2.00,1.10,21.556,0.8257
208.59,A,4.00,2.00,1.70,21.447,0.7179
208.59,B,7.50,0.80,0.10,25.047,0.1548
208.59,B,7.50,0.80,1.10,24.975,0.1032
208.59,B,7.50,0.80,1.70,25.367,0.0918
208.59,C,4.00,4.50,0.10,24.891,0.2814
208.59,C,4.00,4.50,1.10,25.618,0.0361
208.59,C,4.00,4.50,1.70,25.794,0.0524
208.59,D,0.50,0.80,0.10,25.047,0.1548
208.59,D,0.50,0.80,1.10,24.975,0.1032
208.59,D,0.50,0.80,1.70,25.367,0.0918
209.76,A,4.00,2.00,0.10,21.777,0.3021
209.76,A,4.00,2.00,1.10,21.549,0.8254
209.76,A,4.00,2.00,1.70,21.440,0.7176
209.76,B,7.50,0.80,0.10,25.038,0.1548
209.76,B,7.50,0.80,1.10,24.966,0.1032
209.76,B,7.50,0.80,1.70,25.358,0.0918
209.76,C,4.00,4.50,0.10,24.884,0.2808
209.76,C,4.00,4.50,1.10,25.606,0.0360
209.76,C,4.00,4.50,1.70,25.785,0.0523
209.76,D,0.50,0.80,0.10,25.038,0.1548
209.76,D,0.50,0.80,1.10,24.966,0.1032
209.76,D,0.50,0.80,1.70,25.358,0.0918
210.94,A,4.00,2.00,0.10,21.771,0.3021
210.94,A,4.00,2.00,1.10,21.543,0.8250
210.94,A,4.00,2.00,1.70,21.433,0.7174
210.94,B,7.50,0.80,0.10,25.030,0.1548
210.94,B,7.50,0.80,1.10,24.957,0.1032
210.94,B,7.50,0.80,1.70,25.348,0.0918
210.94,C,4.00,4.50,0.10,24.877,0.2802
210.94,C,4.00,4.50,1.10,25.594,0.0360
210.94,C,4.00,4.50,1.70,25.776,0.0523
210.94,D,0.50,0.80,0.10,25.030,0.1548
210.94,D,0.50,0.80,1.10,24.957,0.1032
210.94,D,0.50,0.80,1.70,25.348,0.0918
212.11,A,4.00,2.00,0.10,21.765,0.3022
212.11,A,4.00,2.00,1.10,21.536,0.8246
212.11,A,4.00,2.00,1.70,21.426,0.7172
212.11,B,7.50,0.80,0.10,25.021,0.1548
212.11,B,7.50,0.80,1.10,24.947,0.1032
212.11,B,7.50,0.80,1.70,25.339,0.0918
212.11,C,4.00,4.50,0.10,24.870,0.2795
212.11,C,4.00,4.50,1.10,25.582,0.0359
212.11,C,4.00,4.50,1.70,25.766,0.0522
212.11,D,0.50,0.80,0.10,25.021,0.1548
212.11,D,0.50,0.80,1.10,24.947,0.1032
212.11,D,0.50,0.80,1.70,25.339,0.0918
213.29,A,4.00,2.00,0.10,21.759,0.3022
213.29,A,4.00,2.00,1.10,21.530,0.8243
213.29,A,4.00,2.00,1.70,21.419,0.7169
213.29,B,7.50,0.80,0.10,25.013,0.1549
213.29,B,7.50,0.80,1.10,24.938,0.1032
213.29,B,7.50,0.80,1.70,25.330,0.0917
213.29,C,4.00,4.50,0.10,24.863,0.2789
213.29,C,4.00,4.50,1.10,25.570,0.0359
213.29,C,4.00,4.50,1.70,25.757,0.0522
213.29,D,0.50,0.80,0.10,25.013,0.1549
213.29,D,0.50,0.80,1.10,24.938,0.1032
213.29,D,0.50,0.80,1.70,25.330,0.0917
214.46,A,4.00,2.00,0.10,21.753,0.3022
214.46,A,4.00,2.00,1.10,21.523,0.8239
214.46,A,4.00,2.00,1.70,21.411,0.7167
214.46,B,7.50,0.80,0.10,25.004,0.1549
214.46,B,7.50,0.80,1.10,24.929,0.1032
214.46,B,7.50,0.80,1.70,25.321,0.0917
214.46,C,4.00,4.50,0.10,24.856,0.2783
214.46,C,4.00,4.50,1.10,25.558,0.0358
214.46,C,4.00,4.50,1.70,25.748,0.0521
214.46,D,0.50,0.80,0.10,25.004,0.1549
214.46,D,0.50,0.80,1.10,24.929,0.1032
214.46,D,0.50,0.80,1.70,25.321,0.0917
215.63,A,4.00,2.00,0.10,21.746,0.3022
215.63,A,4.00,2.00,1.10,21.516,0.8236
215.63,A,4.00,2.00,1.70,21.404,0.7165
215.63,B,7.50,0.80,0.10,24.996,0.1550
215.63,B,7.50,0.80,1.10,24.919,0.1032
215.63,B,7.50,0.80,1.70,25.311,0.0917
215.63,C,4.00,4.50,0.10,24.849,0.2777
215.63,C,4.00,4.50,1.10,25.546,0.0358
215.63,C,4.00,4.50,1.70,25.738,0.0520
215.63,D,0.50,0.80,0.10,24.996,0.1550
215.63,D,0.50,0.80,1.10,24.919,0.1032
215.63,D,0.50,0.80,1.70,25.311,0.0917
216.81,A,4.00,2.00,0.10,21.740,0.3022
216.81,A,4.00,2.00,1.10,21.509,0.8233
216.81,A,4.00,2.00,1.70,21.397,0.7163
216.81,B,7.50,0.80,0.10,24.987,0.1551
216.81,B,7.50,0.80,1.10,24.910,0.1032
216.81,B,7.50,0.80,1.70,25.302,0.0916
216.81,C,4.00,4.50,0.10,24.842,0.2771
216.81,C,4.00,4.50,1.10,25.535,0.0357
216.81,C,4.00,4.50,1.70,25.729,0.0519
216.81,D,0.50,0.80,0.10,24.987,0.1551
216.81,D,0.50,0.80,1.10,24.910,0.1032
216.81,D,0.50,0.80,1.70,25.302,0.0916
217.98,A,4.00,2.00,0.10,21.733,0.3022
217.98,A,4.00,2.00,1.10,21.502,0.8231
217.98,A,4.00,2.00,1.70,21.390,0.7161
217.98,B,7.50,0.80,0.10,24.978,0.1552
217.98,B,7.50,0.80,1.10,24.901,0.1032
217.98,B,7.50,0.80,1.70,25.293,0.0916
217.98,C,4.00,4.50,0.10,24.835,0.2766
217.98,C,4.00,4.50,1.10,25.523,0.0357
217.98,C,4.00,4.50,1.70,25.719,0.0517
217.98,D,0.50,0.80,0.10,24.978,0.1552
217.98,D,0.50,0.80,1.10,24.901,0.1032
217.98,D,0.50,0.80,1.70,25.293,0.0916
219.16,A,4.00,2.00,0.10,21.726,0.3022
219.16,A,4.00,2.00,1.10,21.495,0.8228
219.16,A,4.00,2.00,1.70,21.383,0.7159
219.16,B,7.50,0.80,0.10,24.969,0.1552
219.16,B,7.50,0.80,1.10,24.891,0.1032
219.16,B,7.50,0.80,1.70,25.283,0.0916
219.16,C,4.00,4.50,0.10,24.827,0.2761
219.16,C,4.00,4.50,1.10,25.512,0.0356
219.16,C,4.00,4.50,1.70,25.709,0.0516
219.16,D,0.50,0.80,0.10,24.969,0.1552
219.16,D,0.50,0.80,1.10,24.891,0.1032
219.16,D,0.50,0.80,1.70,25.283,0.0916
220.33,A,4.00,2.00,0.10,21.719,0.3022
220.33,A,4.00,2.00,1.10,21.488,0.8226
220.33,A,4.00,2.00,1.70,21.377,0.7157
220.33,B,7.50,0.80,0.10,24.961,0.1553
220.33,B,7.50,0.80,1.10,24.882,0.1032
220.33,B,7.50,0.80,1.70,25.274,0.0916
220.33,C,4.00,4.50,0.10,24.820,0.2756
220.33,C,4.00,4.50,1.10,25.500,0.0356
220.33,C,4.00,4.50,1.70,25.700,0.0514
220.33,D,0.50,0.80,0.10,24.961,0.1553
220.33,D,0.50,0.80,1.10,24.882,0.1032
220.33,D,0.50,0.80,1.70,25.274,0.0916
221.50,A,4.00,2.00,0.10,21.711,0.3021
221.50,A,4.00,2.00,1.10,21.481,0.8223
221.50,A,4.00,2.00,1.70,21.370,0.7155
221.50,B,7.50,0.80,0.10,24.952,0.1554
221.50,B,7.50,0.80,1.10,24.873,0.1032
221.50,B,7.50,0.80,1.70,25.264,0.0916
221.50,C,4.00,4.50,0.10,24.813,0.2751
221.50,C,4.00,4.50,1.10,25.489,0.0356
221.50,C,4.00,4.50,1.70,25.690,0.0513
221.50,D,0.50,0.80,0.10,24.952,0.1554
221.50,D,0.50,0.80,1.10,24.873,0.1032
221.50,D,0.50,0.80,1.70,25.264,0.0916
222.68,A,4.00,2.00,0.10,21.704,0.3021
222.68,A,4.00,2.00,1.10,21.474,0.8221
222.68,A,4.00,2.00,1.70,21.363,0.7154
222.68,B,7.50,0.80,0.10,24.943,0.1555
222.68,B,7.50,0.80,1.10,24.863,0.1032
222.68,B,7.50,0.80,1.70,25.255,0.0916
222.68,C,4.00,4.50,0.10,24.805,0.2747
222.68,C,4.00,4.50,1.10,25.478,0.0355
222.68,C,4.00,4.50,1.70,25.680,0.0511
222.68,D,0.50,0.80,0.10,24.943,0.1555
222.68,D,0.50,0.80,1.10,24.863,0.1032
222.68,D,0.50,0.80,1.70,25.255,0.0916
223.85,A,4.00,2.00,0.10,21.697,0.3021
223.85,A,4.00,2.00,1.10,21.467,0.8219
223.85,A,4.00,2.00,1.70,21.356,0.7152
223.85,B,7.50,0.80,0.10,24.934,0.1556
223.85,B,7.50,0.80,1.10,24.854,0.1032
223.85,B,7.50,0.80,1.70,25.245,0.0916
223.85,C,4.00,4.50,0.10,24.798,0.2742
223.85,C,4.00,4.50,1.10,25.467,0.0355
223.85,C,4.00,4.50,1.70,25.670,0.0510
223.85,D,0.50,0.80,0.10,24.934,0.1556
223.85,D,0.50,0.80,1.10,24.854,0.1032
223.85,D,0.50,0.80,1.70,25.245,0.0916
225.02,A,4.00,2.00,0.10,21.690,0.3021
225.02,A,4.00,2.00,1.10,21.460,0.8217
225.02,A,4.00,2.00,1.70,21.349,0.7150
225.02,B,7.50,0.80,0.10,24.926,0.1557
225.02,B,7.50,0.80,1.10,24.844,0.1032
225.02,B,7.50,0.80,1.70,25.235,0.0916
225.02,C,4.00,4.50,0.10,24.790,0.2737
225.02,C,4.00,4.50,1.10,25.456,0.0355
225.02,C,4.00,4.50,1.70,25.660,0.0509
225.02,D,0.50,0.80,0.10,24.926,0.1557
225.02,D,0.50,0.80,1.10,24.844,0.1032
225.02,D,0.50,0.80,1.70,25.235,0.0916
226.20,A,4.00,2.00,0.10,21.683,0.3021
226.20,A,4.00,2.00,1.10,21.454,0.8214
226.20,A,4.00,2.00,1.70,21.342,0.7149
226.20,B,7.50,0.80,0.10,24.917,0.1558
226.20,B,7.50,0.80,1.10,24.835,0.1032
226.20,B,7.50,0.80,1.70,25.226,0.0916
226.20,C,4.00,4.50,0.10,24.783,0.2731
226.20,C,4.00,4.50,1.10,25.445,0.0355
226.20,C,4.00,4.50,1.70,25.650,0.0507
226.20,D,0.50,0.80,0.10,24.917,0.1558
226.20,D,0.50,0.80,1.10,24.835,0.1032
226.20,D,0.50,0.80,1.70,25.226,0.0916
227.37,A,4.00,2.00,0.10,21.676,0.3022
227.37,A,4.00,2.00,1.10,21.447,0.8212
227.37,A,4.00,2.00,1.70,21.336,0.7147
227.37,B,7.50,0.80,0.10,24.908,0.1559
227.37,B,7.50,0.80,1.10,24.826,0.1032
227.37,B,7.50,0.80,1.70,25.216,0.0916
227.37,C,4.00,4.50,0.10,24.776,0.2726
227.37,C,4.00,4.50,1.10,25.434,0.0355
227.37,C,4.00,4.50,1.70,25.640,0.0506
227.37,D,0.50,0.80,0.10,24.908,0.1559
227.37,D,0.50,0.80,1.10,24.826,0.1032
227.37,D,0.50,0.80,1.70,25.216,0.0916
228.54,A,4.00,2.00,0.10,21.669,0.3022
228.54,A,4.00,2.00,1.10,21.440,0.8210
228.54,A,4.00,2.00,1.70,21.329,0.7146
228.54,B,7.50,0.80,0.10,24.899,0.1560
228.54,B,7.50,0.80,1.10,24.816,0.1032
228.54,B,7.50,0.80,1.70,25.206,0.0916
228.54,C,4.00,4.50,0.10,24.768,0.2721
228.54,C,4.00,4.50,1.10,25.424,0.0354
228.54,C,4.00,4.50,1.70,25.630,0.0505
228.54,D,0.50,0.80,0.10,24.899,0.1560
228.54,D,0.50,0.80,1.10,24.816,0.1032
228.54,D,0.50,0.80,1.70,25.206,0.0916
229.72,A,4.00,2.00,0.10,21.663,0.3022
229.72,A,4.00,2.00,1.10,21.434,0.8208
229.72,A,4.00,2.00,1.70,21.322,0.7144
229.72,B,7.50,0.80,0.10,24.891,0.1561
229.72,B,7.50,0.80,1.10,24.807,0.1032
229.72,B,7.50,0.80,1.70,25.197,0.0917
229.72,C,4.00,4.50,0.10,24.761,0.2715
229.72,C,4.00,4.50,1.10,25.413,0.0354
229.72,C,4.00,4.50,1.70,25.620,0.0504
229.72,D,0.50,0.80,0.10,24.891,0.1561
229.72,D,0.50,0.80,1.10,24.807,0.1032
229.72,D,0.50,0.80,1.70,25.197,0.0917
230.89,A,4.00,2.00,0.10,21.656,0.3023
230.89,A,4.00,2.00,1.10,21.427,0.8205
230.89,A,4.00,2.00,1.70,21.316,0.7143
230.89,B,7.50,0.80,0.10,24.882,0.1562
230.89,B,7.50,0.80,1.10,24.797,0.1032
230.89,B,7.50,0.80,1.70,25.187,0.0917
230.89,C,4.00,4.50,0.10,24.754,0.2710
230.89,C,4.00,4.50,1.10,25.403,0.0354
230.89,C,4.00,4.50,1.70,25.610,0.0503
230.89,D,0.50,0.80,0.10,24.882,0.1562
230.89,D,0.50,0.80,1.10,24.797,0.1032
230.89,D,0.50,0.80,1.70,25.187,0.0917
232.07,A,4.00,2.00,0.10,21.650,0.3024
232.07,A,4.00,2.00,1.10,21.421,0.8203
232.07,A,4.00,2.00,1.70,21.309,0.7141
232.07,B,7.50,0.80,0.10,24.874,0.1563
232.07,B,7.50,0.80,1.10,24.788,0.1032
232.07,B,7.50,0.80,1.70,25.177,0.0918
232.07,C,4.00,4.50,0.10,24.746,0.2705
232.07,C,4.00,4.50,1.10,25.392,0.0354
232.07,C,4.00,4.50,1.70,25.601,0.0502
232.07,D,0.50,0.80,0.10,24.874,0.1563
232.07,D,0.50,0.80,1.10,24.788,0.1032
232.07,D,0.50,0.80,1.70,25.177,0.0918
233.24,A,4.00,2.00,0.10,21.643,0.3025
233.24,A,4.00,2.00,1.10,21.415,0.8201
233.24,A,4.00,2.00,1.70,21.303,0.7140
233.24,B,7.50,0.80,0.10,24.865,0.1564
233.24,B,7.50,0.80,1.10,24.779,0.1032
233.24,B,7.50,0.80,1.70,25.167,0.0918
233.24,C,4.00,4.50,0.10,24.739,0.2700
233.24,C,4.00,4.50,1.10,25.382,0.0354
233.24,C,4.00,4.50,1.70,25.591,0.0501
233.24,D,0.50,0.80,0.10,24.865,0.1564
233.24,D,0.50,0.80,1.10,24.779,0.1032
233.24,D,0.50,0.80,1.70,25.167,0.0918
234.41,A,4.00,2.00,0.10,21.637,0.3026
234.41,A,4.00,2.00,1.10,21.409,0.8198
234.41,A,4.00,2.00,1.70,21.297,0.7138
234.41,B,7.50,0.80,0.10,24.857,0.1565
234.41,B,7.50,0.80,1.10,24.769,0.1032
234.41,B,7.50,0.80,1.70,25.157,0.0919
234.41,C,4.00,4.50,0.10,24.732,0.2694
234.41,C,4.00,4.50,1.10,25.372,0.0354
234.41,C,4.00,4.50,1.70,25.582,0.0500
234.41,D,0.50,0.80,0.10,24.857,0.1565
234.41,D,0.50,0.80,1.10,24.769,0.1032
234.41,D,0.50,0.80,1.70,25.157,0.0919
235.59,A,4.00,2.00,0.10,21.631,0.3027
235.59,A,4.00,2.00,1.10,21.403,0.8195
235.59,A,4.00,2.00,1.70,21.290,0.7136
235.59,B,7.50,0.80,0.10,24.848,0.1566
235.59,B,7.50,0.80,1.10,24.760,0.1032
235.59,B,7.50,0.80,1.70,25.148,0.0919
235.59,C,4.00,4.50,0.10,24.724,0.2689
235.59,C,4.00,4.50,1.10,25.362,0.0354
235.59,C,4.00,4.50,1.70,25.573,0.0500
235.59,D,0.50,0.80,0.10,24.848,0.1566
235.59,D,0.50,0.80,1.10,24.760,0.1032
235.59,D,0.50,0.80,1.70,25.148,0.0919
236.76,A,4.00,2.00,0.10,21.625,0.3028
236.76,A,4.00,2.00,1.10,21.397,0.8193
236.76,A,4.00,2.00,1.70,21.284,0.7135
236.76,B,7.50,0.80,0.10,24.840,0.1567
236.76,B,7.50,0.80,1.10,24.751,0.1032
236.76,B,7.50,0.80,1.70,25.138,0.0920
236.76,C,4.00,4.50,0.10,24.717,0.2684
236.76,C,4.00,4.50,1.10,25.353,0.0354
236.76,C,4.00,4.50,1.70,25.564,0.0499
236.76,D,0.50,0.80,0.10,24.840,0.1567
236.76,D,0.50,0.80,1.10,24.751,0.1032
236.76,D,0.50,0.80,1.70,25.138,0.0920
237.93,A,4.00,2.00,0.10,21.619,0.3029
237.93,A,4.00,2.00,1.10,21.391,0.8190
237.93,A,4.00,2.00,1.70,21.278,0.7133
237.93,B,7.50,0.80,0.10,24.831,0.1568
237.93,B,7.50,0.80,1.10,24.741,0.1032
237.93,B,7.50,0.80,1.70,25.128,0.0921
237.93,C,4.00,4.50,0.10,24.710,0.2679
237.93,C,4.00,4.50,1.10,25.343,0.0355
237.93,C,4.00,4.50,1.70,25.556,0.0499
237.93,D,0.50,0.80,0.10,24.831,0.1568
237.93,D,0.50,0.80,1.10,24.741,0.1032
237.93,D,0.50,0.80,1.70,25.128,0.0921
239.11,A,4.00,2.00,0.10,21.613,0.3031
239.11,A,4.00,2.00,1.10,21.386,0.8187
239.11,A,4.00,2.00,1.70,21.272,0.7132
239.11,B,7.50,0.80,0.10,24.823,0.1570
239.11,B,7.50,0.80,1.10,24.732,0.1032
239.11,B,7.50,0.80,1.70,25.118,0.0922
239.11,C,4.00,4.50,0.10,24.703,0.2674
239.11,C,4.00,4.50,1.10,25.333,0.0355
239.11,C,4.00,4.50,1.70,25.547,0.0498
239.11,D,0.50,0.80,0.10,24.823,0.1570
239.11,D,0.50,0.80,1.10,24.732,0.1032
239.11,D,0.50,0.80,1.70,25.118,0.0922
240.28,A,4.00,2.00,0.10,21.607,0.3033
240.28,A,4.00,2.00,1.10,21.380,0.8184
240.28,A,4.00,2.00,1.70,21.266,0.7130
240.28,B,7.50,0.80,0.10,24.815,0.1571
240.28,B,7.50,0.80,1.10,24.723,0.1032
240.28,B,7.50,0.80,1.70,25.108,0.0923
240.28,C,4.00,4.50,0.10,24.696,0.2668
240.28,C,4.00,4.50,1.10,25.324,0.0355
240.28,C,4.00,4.50,1.70,25.539,0.0498
240.28,D,0.50,0.80,0.10,24.815,0.1571
240.28,D,0.50,0.80,1.10,24.723,0.1032
240.28,D,0.50,0.80,1.70,25.108,0.0923
241.46,A,4.00,2.00,0.10,21.602,0.3034
241.46,A,4.00,2.00,1.10,21.375,0.8181
241.46,A,4.00,2.00,1.70,21.260,0.7128
241.46,B,7.50,0.80,0.10,24.807,0.1572
241.46,B,7.50,0.80,1.10,24.714,0.1032
241.46,B,7.50,0.80,1.70,25.098,0.0924
241.46,C,4.00,4.50,0.10,24.689,0.2664
241.46,C,4.00,4.50,1.10,25.314,0.0355
241.46,C,4.00,4.50,1.70,25.530,0.0498
241.46,D,0.50,0.80,0.10,24.807,0.1572
241.46,D,0.50,0.80,1.10,24.714,0.1032
241.46,D,0.50,0.80,1.70,25.098,0.0924
242.63,A,4.00,2.00,0.10,21.596,0.3036
242.63,A,4.00,2.00,1.10,21.370,0.8178
242.63,A,4.00,2.00,1.70,21.254,0.7126
242.63,B,7.50,0.80,0.10,24.798,0.1573
242.63,B,7.50,0.80,1.10,24.704,0.1033
242.63,B,7.50,0.80,1.70,25.088,0.0925
242.63,C,4.00,4.50,0.10,24.682,0.2659
242.63,C,4.00,4.50,1.10,25.305,0.0356
242.63,C,4.00,4.50,1.70,25.522,0.0497
242.63,D,0.50,0.80,0.10,24.798,0.1573
242.63,D,0.50,0.80,1.10,24.704,0.1033
242.63,D,0.50,0.80,1.70,25.088,0.0925
243.80,A,4.00,2.00,0.10,21.591,0.3038
243.80,A,4.00,2.00,1.10,21.365,0.8175
243.80,A,4.00,2.00,1.70,21.249,0.7125
243.80,B,7.50,0.80,0.10,24.790,0.1574
243.80,B,7.50,0.80,1.10,24.695,0.1033
243.80,B,7.50,0.80,1.70,25.078,0.0926
243.80,C,4.00,4.50,0.10,24.675,0.2654
243.80,C,4.00,4.50,1.10,25.296,0.0356
243.80,C,4.00,4.50,1.70,25.514,0.0497
243.80,D,0.50,0.80,0.10,24.790,0.1574
243.80,D,0.50,0.80,1.10,24.695,0.1033
243.80,D,0.50,0.80,1.70,25.078,0.0926
244.98,A,4.00,2.00,0.10,21.586,0.3041
244.98,A,4.00,2.00,1.10,21.360,0.8172
244.98,A,4.00,2.00,1.70,21.243,0.7123
244.98,B,7.50,0.80,0.10,24.782,0.1575
244.98,B,7.50,0.80,1.10,24.686,0.1033
244.98,B,7.50,0.80,1.70,25.068,0.0927
244.98,C,4.00,4.50,0.10,24.668,0.2650
244.98,C,4.00,4.50,1.10,25.286,0.0356
244.98,C,4.00,4.50,1.70,25.507,0.0497
244.98,D,0.50,0.80,0.10,24.782,0.1575
244.98,D,0.50,0.80,1.10,24.686,0.1033
244.98,D,0.50,0.80,1.70,25.068,0.0927
246.15,A,4.00,2.00,0.10,21.581,0.3043
246.15,A,4.00,2.00,1.10,21.355,0.8168
246.15,A,4.00,2.00,1.70,21.237,0.7121
246.15,B,7.50,0.80,0.10,24.774,0.1576
246.15,B,7.50,0.80,1.10,24.677,0.1033
246.15,B,7.50,0.80,1.70,25.057,0.0928
246.15,C,4.00,4.50,0.10,24.661,0.2646
246.15,C,4.00,4.50,1.10,25.277,0.0357
246.15,C,4.00,4.50,1.70,25.499,0.0496
246.15,D,0.50,0.80,0.10,24.774,0.1576
246.15,D,0.50,0.80,1.10,24.677,0.1033
246.15,D,0.50,0.80,1.70,25.057,0.0928
247.32,A,4.00,2.00,0.10,21.576,0.3045
247.32,A,4.00,2.00,1.10,21.350,0.8165
247.32,A,4.00,2.00,1.70,21.232,0.7119
247.32,B,7.50,0.80,0.10,24.766,0.1578
247.32,B,7.50,0.80,1.10,24.668,0.1033
247.32,B,7.50,0.80,1.70,25.047,0.0930
247.32,C,4.00,4.50,0.10,24.654,0.2642
247.32,C,4.00,4.50,1.10,25.268,0.0357
247.32,C,4.00,4.50,1.70,25.491,0.0496
247.32,D,0.50,0.80,0.10,24.766,0.1578
247.32,D,0.50,0.80,1.10,24.668,0.1033
247.32,D,0.50,0.80,1.70,25.047,0.0930
248.50,A,4.00,2.00,0.10,21.571,0.3047
248.50,A,4.00,2.00,1.10,21.345,0.8161
248.50,A,4.00,2.00,1.70,21.226,0.7117
248.50,B,7.50,0.80,0.10,24.758,0.1579
248.50,B,7.50,0.80,1.10,24.659,0.1034
248.50,B,7.50,0.80,1.70,25.037,0.0931
248.50,C,4.00,4.50,0.10,24.647,0.2638
248.50,C,4.00,4.50,1.10,25.259,0.0358
248.50,C,4.00,4.50,1.70,25.483,0.0496
248.50,D,0.50,0.80,0.10,24.758,0.1579
248.50,D,0.50,0.80,1.10,24.659,0.1034
248.50,D,0.50,0.80,1.70,25.037,0.0931
249.67,A,4.00,2.00,0.10,21.566,0.3050
249.67,A,4.00,2.00,1.10,21.341,0.8158
249.67,A,4.00,2.00,1.70,21.221,0.7116
249.67,B,7.50,0.80,0.10,24.750,0.1580
249.67,B,7.50,0.80,1.10,24.650,0.1034
249.67,B,7.50,0.80,1.70,25.027,0.0932
249.67,C,4.00,4.50,0.10,24.640,0.2634
249.67,C,4.00,4.50,1.10,25.250,0.0358
249.67,C,4.00,4.50,1.70,25.476,0.0495
249.67,D,0.50,0.80,0.10,24.750,0.1580
249.67,D,0.50,0.80,1.10,24.650,0.1034
249.67,D,0.50,0.80,1.70,25.027,0.0932
250.84,A,4.00,2.00,0.10,21.561,0.3052
250.84,A,4.00,2.00,1.10,21.336,0.8155
250.84,A,4.00,2.00,1.70,21.215,0.7114
250.84,B,7.50,0.80,0.10,24.742,0.1581
250.84,B,7.50,0.80,1.10,24.641,0.1035
250.84,B,7.50,0.80,1.70,25.017,0.0933
250.84,C,4.00,4.50,0.10,24.634,0.2631
250.84,C,4.00,4.50,1.10,25.241,0.0358
250.84,C,4.00,4.50,1.70,25.468,0.0495
250.84,D,0.50,0.80,0.10,24.742,0.1581
250.84,D,0.50,0.80,1.10,24.641,0.1035
250.84,D,0.50,0.80,1.70,25.017,0.0933
252.02,A,4.00,2.00,0.10,21.556,0.3054
252.02,A,4.00,2.00,1.10,21.331,0.8151
252.02,A,4.00,2.00,1.70,21.210,0.7112
252.02,B,7.50,0.80,0.10,24.734,0.1582
252.02,B,7.50,0.80,1.10,24.631,0.1035
252.02,B,7.50,0.80,1.70,25.008,0.0934
252.02,C,4.00,4.50,0.10,24.627,0.2627
252.02,C,4.00,4.50,1.10,25.233,0.0359
252.02,C,4.00,4.50,1.70,25.461,0.0494
252.02,D,0.50,0.80,0.10,24.735,0.1582
252.02,D,0.50,0.80,1.10,24.631,0.1035
252.02,D,0.50,0.80,1.70,25.008,0.0934
253.19,A,4.00,2.00,0.10,21.551,0.3057
253.19,A,4.00,2.00,1.10,21.327,0.8148
253.19,A,4.00,2.00,1.70,21.205,0.7110
253.19,B,7.50,0.80,0.10,24.727,0.1583
253.19,B,7.50,0.80,1.10,24.622,0.1035
253.19,B,7.50,0.80,1.70,24.998,0.0936
253.19,C,4.00,4.50,0.10,24.620,0.2624
253.19,C,4.00,4.50,1.10,25.224,0.0359
253.19,C,4.00,4.50,1.70,25.453,0.0494
253.19,D,0.50,0.80,0.10,24.727,0.1583
253.19,D,0.50,0.80,1.10,24.622,0.1035
253.19,D,0.50,0.80,1.70,24.998,0.0936
254.37,A,4.00,2.00,0.10,21.546,0.3059
254.37,A,4.00,2.00,1.10,21.322,0.8144
254.37,A,4.00,2.00,1.70,21.199,0.7108
254.37,B,7.50,0.80,0.10,24.719,0.1583
254.37,B,7.50,0.80,1.10,24.613,0.1036
254.37,B,7.50,0.80,1.70,24.988,0.0937
254.37,C,4.00,4.50,0.10,24.613,0.2621
254.37,C,4.00,4.50,1.10,25.215,0.0360
254.37,C,4.00,4.50,1.70,25.446,0.0494
254.37,D,0.50,0.80,0.10,24.719,0.1583
254.37,D,0.50,0.80,1.10,24.613,0.1036
254.37,D,0.50,0.80,1.70,24.988,0.0937
255.54,A,4.00,2.00,0.10,21.541,0.3061
255.54,A,4.00,2.00,1.10,21.317,0.8141
255.54,A,4.00,2.00,1.70,21.194,0.7106
255.54,B,7.50,0.80,0.10,24.711,0.1584
255.54,B,7.50,0.80,1.10,24.604,0.1036
255.54,B,7.50,0.80,1.70,24.978,0.0938
255.54,C,4.00,4.50,0.10,24.606,0.2619
255.54,C,4.00,4.50,1.10,25.206,0.0360
255.54,C,4.00,4.50,1.70,25.438,0.0493
255.54,D,0.50,0.80,0.10,24.711,0.1584
255.54,D,0.50,0.80,1.10,24.604,0.1036
255.54,D,0.50,0.80,1.70,24.978,0.0938
256.71,A,4.00,2.00,0.10,21.536,0.3063
256.71,A,4.00,2.00,1.10,21.312,0.8138
256.71,A,4.00,2.00,1.70,21.189,0.7104
256.71,B,7.50,0.80,0.10,24.703,0.1585
256.71,B,7.50,0.80,1.10,24.595,0.1036
256.71,B,7.50,0.80,1.70,24.968,0.0939
256.71,C,4.00,4.50,0.10,24.600,0.2616
256.71,C,4.00,4.50,1.10,25.198,0.0360
256.71,C,4.00,4.50,1.70,25.431,0.0492
256.71,D,0.50,0.80,0.10,24.703,0.1585
256.71,D,0.50,0.80,1.10,24.595,0.1036
256.71,D,0.50,0.80,1.70,24.968,0.0939
257.89,A,4.00,2.00,0.10,21.531,0.3065
257.89,A,4.00,2.00,1.10,21.308,0.8135
257.89,A,4.00,2.00,1.70,21.183,0.7102
257.89,B,7.50,0.80,0.10,24.696,0.1586
257.89,B,7.50,0.80,1.10,24.586,0.1037
257.89,B,7.50,0.80,1.70,24.958,0.0940
257.89,C,4.00,4.50,0.10,24.593,0.2613
257.89,C,4.00,4.50,1.10,25.189,0.0361
257.89,C,4.00,4.50,1.70,25.423,0.0492
257.89,D,0.50,0.80,0.10,24.696,0.1586
257.89,D,0.50,0.80,1.10,24.586,0.1037
257.89,D,0.50,0.80,1.70,24.958,0.0940
259.06,A,4.00,2.00,0.10,21.526,0.3067
259.06,A,4.00,2.00,1.10,21.303,0.8132
259.06,A,4.00,2.00,1.70,21.178,0.7100
259.06,B,7.50,0.80,0.10,24.688,0.1586
259.06,B,7.50,0.80,1.10,24.577,0.1037
259.06,B,7.50,0.80,1.70,24.949,0.0941
259.06,C,4.00,4.50,0.10,24.586,0.2611
259.06,C,4.00,4.50,1.10,25.180,0.0361
259.06,C,4.00,4.50,1.70,25.415,0.0491
259.06,D,0.50,0.80,0.10,24.688,0.1586
259.06,D,0.50,0.80,1.10,24.577,0.1037
259.06,D,0.50,0.80,1.70,24.949,0.0941
260.24,A,4.00,2.00,0.10,21.520,0.3069
260.24,A,4.00,2.00,1.10,21.298,0.8129
260.24,A,4.00,2.00,1.70,21.172,0.7098
260.24,B,7.50,0.80,0.10,24.681,0.1587
260.24,B,7.50,0.80,1.10,24.568,0.1037
260.24,B,7.50,0.80,1.70,24.939,0.0942
260.24,C,4.00,4.50,0.10,24.579,0.2609
260.24,C,4.00,4.50,1.10,25.172,0.0361
260.24,C,4.00,4.50,1.70,25.408,0.0491
260.24,D,0.50,0.80,0.10,24.681,0.1587
260.24,D,0.50,0.80,1.10,24.568,0.1037
260.24,D,0.50,0.80,1.70,24.939,0.0942
261.41,A,4.00,2.00,0.10,21.515,0.3070
261.41,A,4.00,2.00,1.10,21.293,0.8126
261.41,A,4.00,2.00,1.70,21.167,0.7097
261.41,B,7.50,0.80,0.10,24.673,0.1587
261.41,B,7.50,0.80,1.10,24.559,0.1038
261.41,B,7.50,0.80,1.70,24.930,0.0943
261.41,C,4.00,4.50,0.10,24.573,0.2607
261.41,C,4.00,4.50,1.10,25.163,0.0361
261.41,C,4.00,4.50,1.70,25.400,0.0490
261.41,D,0.50,0.80,0.10,24.673,0.1587
261.41,D,0.50,0.80,1.10,24.559,0.1038
261.41,D,0.50,0.80,1.70,24.930,0.0943
262.58,A,4.00,2.00,0.10,21.510,0.3072
262.58,A,4.00,2.00,1.10,21.288,0.8123
262.58,A,4.00,2.00,1.70,21.162,0.7095
262.58,B,7.50,0.80,0.10,24.666,0.1588
262.58,B,7.50,0.80,1.10,24.550,0.1038
262.58,B,7.50,0.80,1.70,24.920,0.0944
262.58,C,4.00,4.50,0.10,24.566,0.2604
262.58,C,4.00,4.50,1.10,25.154,0.0362
262.58,C,4.00,4.50,1.70,25.393,0.0490
262.58,D,0.50,0.80,0.10,24.666,0.1588
262.58,D,0.50,0.80,1.10,24.550,0.1038
262.58,D,0.50,0.80,1.70,24.920,0.0944
263.76,A,4.00,2.00,0.10,21.504,0.3073
263.76,A,4.00,2.00,1.10,21.283,0.8120
263.76,A,4.00,2.00,1.70,21.156,0.7093
263.76,B,7.50,0.80,0.10,24.658,0.1588
263.76,B,7.50,0.80,1.10,24.542,0.1038
263.76,B,7.50,0.80,1.70,24.911,0.0945
263.76,C,4.00,4.50,0.10,24.560,0.2602
263.76,C,4.00,4.50,1.10,25.146,0.0362
263.76,C,4.00,4.50,1.70,25.385,0.0489
263.76,D,0.50,0.80,0.10,24.658,0.1588
263.76,D,0.50,0.80,1.10,24.542,0.1038
263.76,D,0.50,0.80,1.70,24.911,0.0945
264.93,A,4.00,2.00,0.10,21.499,0.3074
264.93,A,4.00,2.00,1.10,21.277,0.8117
264.93,A,4.00,2.00,1.70,21.151,0.7091
264.93,B,7.50,0.80,0.10,24.651,0.1589
264.93,B,7.50,0.80,1.10,24.533,0.1039
264.93,B,7.50,0.80,1.70,24.902,0.0946
264.93,C,4.00,4.50,0.10,24.553,0.2600
264.93,C,4.00,4.50,1.10,25.137,0.0362
264.93,C,4.00,4.50,1.70,25.378,0.0488
264.93,D,0.50,0.80,0.10,24.651,0.1589
264.93,D,0.50,0.80,1.10,24.533,0.1039
264.93,D,0.50,0.80,1.70,24.902,0.0946
266.10,A,4.00,2.00,0.10,21.494,0.3075
266.10,A,4.00,2.00,1.10,21.272,0.8115
266.10,A,4.00,2.00,1.70,21.146,0.7089
266.10,B,7.50,0.80,0.10,24.644,0.1590
266.10,B,7.50,0.80,1.10,24.524,0.1039
266.10,B,7.50,0.80,1.70,24.892,0.0947
266.10,C,4.00,4.50,0.10,24.546,0.2599
266.10,C,4.00,4.50,1.10,25.129,0.0362
266.10,C,4.00,4.50,1.70,25.370,0.0488
266.10,D,0.50,0.80,0.10,24.644,0.1589
266.10,D,0.50,0.80,1.10,24.524,0.1039
266.10,D,0.50,0.80,1.70,24.892,0.0947
267.28,A,4.00,2.00,0.10,21.488,0.3076
267.28,A,4.00,2.00,1.10,21.267,0.8112
267.28,A,4.00,2.00,1.70,21.140,0.7087
267.28,B,7.50,0.80,0.10,24.636,0.1590
267.28,B,7.50,0.80,1.10,24.515,0.1039
267.28,B,7.50,0.80,1.70,24.883,0.0948
267.28,C,4.00,4.50,0.10,24.540,0.2597
267.28,C,4.00,4.50,1.10,25.121,0.0362
267.28,C,4.00,4.50,1.70,25.363,0.0487
267.28,D,0.50,0.80,0.10,24.636,0.1590
267.28,D,0.50,0.80,1.10,24.515,0.1039
267.28,D,0.50,0.80,1.70,24.883,0.0948
268.45,A,4.00,2.00,0.10,21.482,0.3076
268.45,A,4.00,2.00,1.10,21.262,0.8110
268.45,A,4.00,2.00,1.70,21.135,0.7086
268.45,B,7.50,0.80,0.10,24.629,0.1591
268.45,B,7.50,0.80,1.10,24.506,0.1039
268.45,B,7.50,0.80,1.70,24.874,0.0949
268.45,C,4.00,4.50,0.10,24.533,0.2595
268.45,C,4.00,4.50,1.10,25.112,0.0362
268.45,C,4.00,4.50,1.70,25.355,0.0487
268.45,D,0.50,0.80,0.10,24.629,0.1591
268.45,D,0.50,0.80,1.10,24.506,0.1039
268.45,D,0.50,0.80,1.70,24.874,0.0949
269.62,A,4.00,2.00,0.10,21.477,0.3077
269.62,A,4.00,2.00,1.10,21.257,0.8107
269.62,A,4.00,2.00,1.70,21.130,0.7084
269.62,B,7.50,0.80,0.10,24.622,0.1591
269.62,B,7.50,0.80,1.10,24.498,0.1040
269.62,B,7.50,0.80,1.70,24.865,0.0950
269.62,C,4.00,4.50,0.10,24.526,0.2594
269.62,C,4.00,4.50,1.10,25.104,0.0362
269.62,C,4.00,4.50,1.70,25.348,0.0486
269.62,D,0.50,0.80,0.10,24.622,0.1591
269.62,D,0.50,0.80,1.10,24.498,0.1040
269.62,D,0.50,0.80,1.70,24.865,0.0950
270.80,A,4.00,2.00,0.10,21.471,0.3077
270.80,A,4.00,2.00,1.10,21.251,0.8105
270.80,A,4.00,2.00,1.70,21.124,0.7082
270.80,B,7.50,0.80,0.10,24.614,0.1592
270.80,B,7.50,0.80,1.10,24.489,0.1040
270.80,B,7.50,0.80,1.70,24.857,0.0951
270.80,C,4.00,4.50,0.10,24.520,0.2593
270.80,C,4.00,4.50,1.10,25.096,0.0362
270.80,C,4.00,4.50,1.70,25.340,0.0486
270.80,D,0.50,0.80,0.10,24.614,0.1592
270.80,D,0.50,0.80,1.10,24.489,0.1040
270.80,D,0.50,0.80,1.70,24.857,0.0951
271.97,A,4.00,2.00,0.10,21.466,0.3077
271.97,A,4.00,2.00,1.10,21.246,0.8103
271.97,A,4.00,2.00,1.70,21.119,0.7081
271.97,B,7.50,0.80,0.10,24.607,0.1592
271.97,B,7.50,0.80,1.10,24.481,0.1040
271.97,B,7.50,0.80,1.70,24.848,0.0952
271.97,C,4.00,4.50,0.10,24.513,0.2592
271.97,C,4.00,4.50,1.10,25.087,0.0362
271.97,C,4.00,4.50,1.70,25.333,0.0485
271.97,D,0.50,0.80,0.10,24.607,0.1592
271.97,D,0.50,0.80,1.10,24.481,0.1040
271.97,D,0.50,0.80,1.70,24.848,0.0952
273.15,A,4.00,2.00,0.10,21.460,0.3077
273.15,A,4.00,2.00,1.10,21.240,0.8100
273.15,A,4.00,2.00,1.70,21.114,0.7079
273.15,B,7.50,0.80,0.10,24.600,0.1593
273.15,B,7.50,0.80,1.10,24.472,0.1040
273.15,B,7.50,0.80,1.70,24.839,0.0953
273.15,C,4.00,4.50,0.10,24.506,0.2591
273.15,C,4.00,4.50,1.10,25.079,0.0362
273.15,C,4.00,4.50,1.70,25.325,0.0485
273.15,D,0.50,0.80,0.10,24.600,0.1593
273.15,D,0.50,0.80,1.10,24.472,0.1040
273.15,D,0.50,0.80,1.70,24.839,0.0953
274.32,A,4.00,2.00,0.10,21.455,0.3077
274.32,A,4.00,2.00,1.10,21.235,0.8098
274.32,A,4.00,2.00,1.70,21.108,0.7077
274.32,B,7.50,0.80,0.10,24.593,0.1594
274.32,B,7.50,0.80,1.10,24.464,0.1041
274.32,B,7.50,0.80,1.70,24.831,0.0953
274.32,C,4.00,4.50,0.10,24.499,0.2591
274.32,C,4.00,4.50,1.10,25.071,0.0361
274.32,C,4.00,4.50,1.70,25.318,0.0485
274.32,D,0.50,0.80,0.10,24.593,0.1594
274.32,D,0.50,0.80,1.10,24.464,0.1041
274.32,D,0.50,0.80,1.70,24.831,0.0953
275.49,A,4.00,2.00,0.10,21.449,0.3077
275.49,A,4.00,2.00,1.10,21.230,0.8096
275.49,A,4.00,2.00,1.70,21.103,0.7076
275.49,B,7.50,0.80,0.10,24.586,0.1594
275.49,B,7.50,0.80,1.10,24.455,0.1041
275.49,B,7.50,0.80,1.70,24.822,0.0954
275.49,C,4.00,4.50,0.10,24.493,0.2590
275.49,C,4.00,4.50,1.10,25.063,0.0361
275.49,C,4.00,4.50,1.70,25.310,0.0484
275.49,D,0.50,0.80,0.10,24.586,0.1594
275.49,D,0.50,0.80,1.10,24.455,0.1041
275.49,D,0.50,0.80,1.70,24.822,0.0954
276.67,A,4.00,2.00,0.10,21.443,0.3076
276.67,A,4.00,2.00,1.10,21.224,0.8094
276.67,A,4.00,2.00,1.70,21.098,0.7074
276.67,B,7.50,0.80,0.10,24.579,0.1595
276.67,B,7.50,0.80,1.10,24.447,0.1041
276.67,B,7.50,0.80,1.70,24.814,0.0955
276.67,C,4.00,4.50,0.10,24.486,0.2590
276.67,C,4.00,4.50,1.10,25.055,0.0361
276.67,C,4.00,4.50,1.70,25.303,0.0484
276.67,D,0.50,0.80,0.10,24.579,0.1595
276.67,D,0.50,0.80,1.10,24.447,0.1041
276.67,D,0.50,0.80,1.70,24.814,0.0955
277.84,A,4.00,2.00,0.10,21.438,0.3076
277.84,A,4.00,2.00,1.10,21.219,0.8093
277.84,A,4.00,2.00,1.70,21.093,0.7073
277.84,B,7.50,0.80,0.10,24.572,0.1596
277.84,B,7.50,0.80,1.10,24.439,0.1041
277.84,B,7.50,0.80,1.70,24.805,0.0955
277.84,C,4.00,4.50,0.10,24.479,0.2591
277.84,C,4.00,4.50,1.10,25.047,0.0361
277.84,C,4.00,4.50,1.70,25.296,0.0483
277.84,D,0.50,0.80,0.10,24.572,0.1596
277.84,D,0.50,0.80,1.10,24.439,0.1041
277.84,D,0.50,0.80,1.70,24.805,0.0955
279.01,A,4.00,2.00,0.10,21.432,0.3075
279.01,A,4.00,2.00,1.10,21.214,0.8091
279.01,A,4.00,2.00,1.70,21.087,0.7072
279.01,B,7.50,0.80,0.10,24.565,0.1596
279.01,B,7.50,0.80,1.10,24.430,0.1042
279.01,B,7.50,0.80,1.70,24.797,0.0956
279.01,C,4.00,4.50,0.10,24.472,0.2591
279.01,C,4.00,4.50,1.10,25.039,0.0361
279.01,C,4.00,4.50,1.70,25.288,0.0483
279.01,D,0.50,0.80,0.10,24.565,0.1596
279.01,D,0.50,0.80,1.10,24.430,0.1042
279.01,D,0.50,0.80,1.70,24.797,0.0956
280.19,A,4.00,2.00,0.10,21.427,0.3075
280.19,A,4.00,2.00,1.10,21.208,0.8089
280.19,A,4.00,2.00,1.70,21.082,0.7070
280.19,B,7.50,0.80,0.10,24.558,0.1597
280.19,B,7.50,0.80,1.10,24.422,0.1042
280.19,B,7.50,0.80,1.70,24.789,0.0957
280.19,C,4.00,4.50,0.10,24.464,0.2591
280.19,C,4.00,4.50,1.10,25.031,0.0361
280.19,C,4.00,4.50,1.70,25.281,0.0483
280.19,D,0.50,0.80,0.10,24.558,0.1597
280.19,D,0.50,0.80,1.10,24.422,0.1042
280.19,D,0.50,0.80,1.70,24.789,0.0957
281.36,A,4.00,2.00,0.10,21.421,0.3074
281.36,A,4.00,2.00,1.10,21.203,0.8087
281.36,A,4.00,2.00,1.70,21.077,0.7069
281.36,B,7.50,0.80,0.10,24.551,0.1598
281.36,B,7.50,0.80,1.10,24.414,0.1042
281.36,B,7.50,0.80,1.70,24.781,0.0957
281.36,C,4.00,4.50,0.10,24.457,0.2592
281.36,C,4.00,4.50,1.10,25.023,0.0361
281.36,C,4.00,4.50,1.70,25.273,0.0482
281.36,D,0.50,0.80,0.10,24.551,0.1598
281.36,D,0.50,0.80,1.10,24.414,0.1042
281.36,D,0.50,0.80,1.70,24.781,0.0957
282.54,A,4.00,2.00,0.10,21.416,0.3073
282.54,A,4.00,2.00,1.10,21.198,0.8086
282.54,A,4.00,2.00,1.70,21.072,0.7067
282.54,B,7.50,0.80,0.10,24.544,0.1599
282.54,B,7.50,0.80,1.10,24.406,0.1042
282.54,B,7.50,0.80,1.70,24.773,0.0958
282.54,C,4.00,4.50,0.10,24.450,0.2593
282.54,C,4.00,4.50,1.10,25.015,0.0361
282.54,C,4.00,4.50,1.70,25.266,0.0482
282.54,D,0.50,0.80,0.10,24.544,0.1599
282.54,D,0.50,0.80,1.10,24.406,0.1042
282.54,D,0.50,0.80,1.70,24.773,0.0958
283.71,A,4.00,2.00,0.10,21.411,0.3072
283.71,A,4.00,2.00,1.10,21.193,0.8084
283.71,A,4.00,2.00,1.70,21.067,0.7066
283.71,B,7.50,0.80,0.10,24.537,0.1599
283.71,B,7.50,0.80,1.10,24.398,0.1043
283.71,B,7.50,0.80,1.70,24.765,0.0959
283.71,C,4.00,4.50,0.10,24.443,0.2594
283.71,C,4.00,4.50,1.10,25.007,0.0361
283.71,C,4.00,4.50,1.70,25.259,0.0482
283.71,D,0.50,0.80,0.10,24.537,0.1599
283.71,D,0.50,0.80,1.10,24.398,0.1043
283.71,D,0.50,0.80,1.70,24.765,0.0959
284.88,A,4.00,2.00,0.10,21.405,0.3072
284.88,A,4.00,2.00,1.10,21.187,0.8082
284.88,A,4.00,2.00,1.70,21.062,0.7065
284.88,B,7.50,0.80,0.10,24.530,0.1600
284.88,B,7.50,0.80,1.10,24.390,0.1043
284.88,B,7.50,0.80,1.70,24.757,0.0959
284.88,C,4.00,4.50,0.10,24.436,0.2595
284.88,C,4.00,4.50,1.10,25.000,0.0361
284.88,C,4.00,4.50,1.70,25.251,0.0482
284.88,D,0.50,0.80,0.10,24.530,0.1600
284.88,D,0.50,0.80,1.10,24.390,0.1043
284.88,D,0.50,0.80,1.70,24.757,0.0959
286.06,A,4.00,2.00,0.10,21.400,0.3071
286.06,A,4.00,2.00,1.10,21.182,0.8081
286.06,A,4.00,2.00,1.70,21.057,0.7064
286.06,B,7.50,0.80,0.10,24.524,0.1601
286.06,B,7.50,0.80,1.10,24.383,0.1043
286.06,B,7.50,0.80,1.70,24.750,0.0960
286.06,C,4.00,4.50,0.10,24.429,0.2596
286.06,C,4.00,4.50,1.10,24.992,0.0361
286.06,C,4.00,4.50,1.70,25.244,0.0481
286.06,D,0.50,0.80,0.10,24.524,0.1601
286.06,D,0.50,0.80,1.10,24.383,0.1043
286.06,D,0.50,0.80,1.70,24.750,0.0960
287.23,A,4.00,2.00,0.10,21.394,0.3070
287.23,A,4.00,2.00,1.10,21.177,0.8079
287.23,A,4.00,2.00,1.70,21.052,0.7063
287.23,B,7.50,0.80,0.10,24.517,0.1602
287.23,B,7.50,0.80,1.10,24.375,0.1044
287.23,B,7.50,0.80,1.70,24.742,0.0961
287.23,C,4.00,4.50,0.10,24.422,0.2597
287.23,C,4.00,4.50,1.10,24.984,0.0361
287.23,C,4.00,4.50,1.70,25.236,0.0481
287.23,D,0.50,0.80,0.10,24.517,0.1602
287.23,D,0.50,0.80,1.10,24.375,0.1044
287.23,D,0.50,0.80,1.70,24.742,0.0961
288.40,A,4.00,2.00,0.10,21.389,0.3069
288.40,A,4.00,2.00,1.10,21.172,0.8078
288.40,A,4.00,2.00,1.70,21.047,0.7061
288.40,B,7.50,0.80,0.10,24.510,0.1602
288.40,B,7.50,0.80,1.10,24.367,0.1044
288.40,B,7.50,0.80,1.70,24.734,0.0961
288.40,C,4.00,4.50,0.10,24.415,0.2598
288.40,C,4.00,4.50,1.10,24.976,0.0361
288.40,C,4.00,4.50,1.70,25.229,0.0481
288.40,D,0.50,0.80,0.10,24.510,0.1602
288.40,D,0.50,0.80,1.10,24.367,0.1044
288.40,D,0.50,0.80,1.70,24.734,0.0961
289.58,A,4.00,2.00,0.10,21.384,0.3068
289.58,A,4.00,2.00,1.10,21.166,0.8077
289.58,A,4.00,2.00,1.70,21.042,0.7060
289.58,B,7.50,0.80,0.10,24.504,0.1603
289.58,B,7.50,0.80,1.10,24.360,0.1044
289.58,B,7.50,0.80,1.70,24.727,0.0962
289.58,C,4.00,4.50,0.10,24.407,0.2599
289.58,C,4.00,4.50,1.10,24.969,0.0361
289.58,C,4.00,4.50,1.70,25.222,0.0480
289.58,D,0.50,0.80,0.10,24.504,0.1603
289.58,D,0.50,0.80,1.10,24.360,0.1044
289.58,D,0.50,0.80,1.70,24.727,0.0962
290.75,A,4.00,2.00,0.10,21.378,0.3067
290.75,A,4.00,2.00,1.10,21.161,0.8075
290.75,A,4.00,2.00,1.70,21.037,0.7059
290.75,B,7.50,0.80,0.10,24.497,0.1604
290.75,B,7.50,0.80,1.10,24.352,0.1044
290.75,B,7.50,0.80,1.70,24.720,0.0963
290.75,C,4.00,4.50,0.10,24.400,0.2600
290.75,C,4.00,4.50,1.10,24.961,0.0361
290.75,C,4.00,4.50,1.70,25.214,0.0480
290.75,D,0.50,0.80,0.10,24.497,0.1604
290.75,D,0.50,0.80,1.10,24.352,0.1044
290.75,D,0.50,0.80,1.70,24.720,0.0963
291.93,A,4.00,2.00,0.10,21.373,0.3066
291.93,A,4.00,2.00,1.10,21.156,0.8074
291.93,A,4.00,2.00,1.70,21.032,0.7058
291.93,B,7.50,0.80,0.10,24.491,0.1605
291.93,B,7.50,0.80,1.10,24.345,0.1045
291.93,B,7.50,0.80,1.70,24.712,0.0963
291.93,C,4.00,4.50,0.10,24.393,0.2601
291.93,C,4.00,4.50,1.10,24.953,0.0361
291.93,C,4.00,4.50,1.70,25.207,0.0480
291.93,D,0.50,0.80,0.10,24.491,0.1605
291.93,D,0.50,0.80,1.10,24.345,0.1045
291.93,D,0.50,0.80,1.70,24.712,0.0963
293.10,A,4.00,2.00,0.10,21.368,0.3065
293.10,A,4.00,2.00,1.10,21.151,0.8073
293.10,A,4.00,2.00,1.70,21.027,0.7057
293.10,B,7.50,0.80,0.10,24.484,0.1606
293.10,B,7.50,0.80,1.10,24.337,0.1045
293.10,B,7.50,0.80,1.70,24.705,0.0964
293.10,C,4.00,4.50,0.10,24.386,0.2602
293.10,C,4.00,4.50,1.10,24.946,0.0361
293.10,C,4.00,4.50,1.70,25.199,0.0479
293.10,D,0.50,0.80,0.10,24.484,0.1606
293.10,D,0.50,0.80,1.10,24.337,0.1045
293.10,D,0.50,0.80,1.70,24.705,0.0964
294.27,A,4.00,2.00,0.10,21.363,0.3064
294.27,A,4.00,2.00,1.10,21.146,0.8071
294.27,A,4.00,2.00,1.70,21.023,0.7056
294.27,B,7.50,0.80,0.10,24.478,0.1606
294.27,B,7.50,0.80,1.10,24.330,0.1045
294.27,B,7.50,0.80,1.70,24.698,0.0964
294.27,C,4.00,4.50,0.10,24.379,0.2603
294.27,C,4.00,4.50,1.10,24.938,0.0361
294.27,C,4.00,4.50,1.70,25.192,0.0479
294.27,D,0.50,0.80,0.10,24.478,0.1606
294.27,D,0.50,0.80,1.10,24.330,0.1045
294.27,D,0.50,0.80,1.70,24.698,0.0964
295.45,A,4.00,2.00,0.10,21.358,0.3063
295.45,A,4.00,2.00,1.10,21.141,0.8070
295.45,A,4.00,2.00,1.70,21.018,0.7055
295.45,B,7.50,0.80,0.10,24.472,0.1607
295.45,B,7.50,0.80,1.10,24.323,0.1045
295.45,B,7.50,0.80,1.70,24.691,0.0965
295.45,C,4.00,4.50,0.10,24.372,0.2604
295.45,C,4.00,4.50,1.10,24.931,0.0361
295.45,C,4.00,4.50,1.70,25.184,0.0479
295.45,D,0.50,0.80,0.10,24.472,0.1607
295.45,D,0.50,0.80,1.10,24.323,0.1045
295.45,D,0.50,0.80,1.70,24.691,0.0965
296.62,A,4.00,2.00,0.10,21.352,0.3062
296.62,A,4.00,2.00,1.10,21.136,0.8069
296.62,A,4.00,2.00,1.70,21.013,0.7054
296.62,B,7.50,0.80,0.10,24.465,0.1608
296.62,B,7.50,0.80,1.10,24.316,0.1045
296.62,B,7.50,0.80,1.70,24.683,0.0966
296.62,C,4.00,4.50,0.10,24.365,0.2605
296.62,C,4.00,4.50,1.10,24.923,0.0361
296.62,C,4.00,4.50,1.70,25.177,0.0479
296.62,D,0.50,0.80,0.10,24.465,0.1608
296.62,D,0.50,0.80,1.10,24.316,0.1045
296.62,D,0.50,0.80,1.70,24.683,0.0966
297.79,A,4.00,2.00,0.10,21.347,0.3061
297.79,A,4.00,2.00,1.10,21.131,0.8068
297.79,A,4.00,2.00,1.70,21.008,0.7053
297.79,B,7.50,0.80,0.10,24.459,0.1609
297.79,B,7.50,0.80,1.10,24.308,0.1046
297.79,B,7.50,0.80,1.70,24.676,0.0966
297.79,C,4.00,4.50,0.10,24.358,0.2605
297.79,C,4.00,4.50,1.10,24.916,0.0361
297.79,C,4.00,4.50,1.70,25.169,0.0478
297.79,D,0.50,0.80,0.10,24.459,0.1609
297.79,D,0.50,0.80,1.10,24.308,0.1046
297.79,D,0.50,0.80,1.70,24.676,0.0966
298.97,A,4.00,2.00,0.10,21.342,0.3061
298.97,A,4.00,2.00,1.10,21.126,0.8067
298.97,A,4.00,2.00,1.70,21.004,0.7052
298.97,B,7.50,0.80,0.10,24.453,0.1610
298.97,B,7.50,0.80,1.10,24.301,0.1046
298.97,B,7.50,0.80,1.70,24.669,0.0967
298.97,C,4.00,4.50,0.10,24.351,0.2606
298.97,C,4.00,4.50,1.10,24.908,0.0361
298.97,C,4.00,4.50,1.70,25.161,0.0478
298.97,D,0.50,0.80,0.10,24.453,0.1610
298.97,D,0.50,0.80,1.10,24.301,0.1046
298.97,D,0.50,0.80,1.70,24.669,0.0967
300.14,A,4.00,2.00,0.10,21.337,0.3060
300.14,A,4.00,2.00,1.10,21.121,0.8065
300.14,A,4.00,2.00,1.70,20.999,0.7052
300.14,B,7.50,0.80,0.10,24.447,0.1610
300.14,B,7.50,0.80,1.10,24.294,0.1046
300.14,B,7.50,0.80,1.70,24.663,0.0967
300.14,C,4.00,4.50,0.10,24.344,0.2606
300.14,C,4.00,4.50,1.10,24.901,0.0361
300.14,C,4.00,4.50,1.70,25.154,0.0478
300.14,D,0.50,0.80,0.10,24.447,0.1610
300.14,D,0.50,0.80,1.10,24.294,0.1046
300.14,D,0.50,0.80,1.70,24.663,0.0967
301.31,A,4.00,2.00,0.10,21.332,0.3059
301.31,A,4.00,2.00,1.10,21.116,0.8064
301.31,A,4.00,2.00,1.70,20.994,0.7051
301.31,B,7.50,0.80,0.10,24.441,0.1611
301.31,B,7.50,0.80,1.10,24.288,0.1046
301.31,B,7.50,0.80,1.70,24.656,0.0968
301.31,C,4.00,4.50,0.10,24.337,0.2606
301.31,C,4.00,4.50,1.10,24.893,0.0360
301.31,C,4.00,4.50,1.70,25.146,0.0478
301.31,D,0.50,0.80,0.10,24.441,0.1611
301.31,D,0.50,0.80,1.10,24.288,0.1046
301.31,D,0.50,0.80,1.70,24.656,0.0968
302.49,A,4.00,2.00,0.10,21.327,0.3059
302.49,A,4.00,2.00,1.10,21.111,0.8063
302.49,A,4.00,2.00,1.70,20.990,0.7050
302.49,B,7.50,0.80,0.10,24.435,0.1612
302.49,B,7.50,0.80,1.10,24.281,0.1046
302.49,B,7.50,0.80,1.70,24.649,0.0969
302.49,C,4.00,4.50,0.10,24.331,0.2607
302.49,C,4.00,4.50,1.10,24.886,0.0360
302.49,C,4.00,4.50,1.70,25.139,0.0477
302.49,D,0.50,0.80,0.10,24.435,0.1612
302.49,D,0.50,0.80,1.10,24.281,0.1046
302.49,D,0.50,0.80,1.70,24.649,0.0969
303.66,A,4.00,2.00,0.10,21.323,0.3058
303.66,A,4.00,2.00,1.10,21.107,0.8061
303.66,A,4.00,2.00,1.70,20.985,0.7049
303.66,B,7.50,0.80,0.10,24.429,0.1613
303.66,B,7.50,0.80,1.10,24.274,0.1046
303.66,B,7.50,0.80,1.70,24.642,0.0969
303.66,C,4.00,4.50,0.10,24.324,0.2606
303.66,C,4.00,4.50,1.10,24.878,0.0360
303.66,C,4.00,4.50,1.70,25.131,0.0477
303.66,D,0.50,0.80,0.10,24.429,0.1613
303.66,D,0.50,0.80,1.10,24.274,0.1046
303.66,D,0.50,0.80,1.70,24.642,0.0969
304.84,A,4.00,2.00,0.10,21.318,0.3057
304.84,A,4.00,2.00,1.10,21.102,0.8060
304.84,A,4.00,2.00,1.70,20.981,0.7048
304.84,B,7.50,0.80,0.10,24.423,0.1613
304.84,B,7.50,0.80,1.10,24.267,0.1046
304.84,B,7.50,0.80,1.70,24.635,0.0970
304.84,C,4.00,4.50,0.10,24.318,0.2606
304.84,C,4.00,4.50,1.10,24.871,0.0360
304.84,C,4.00,4.50,1.70,25.124,0.0477
304.84,D,0.50,0.80,0.10,24.423,0.1613
304.84,D,0.50,0.80,1.10,24.267,0.1046
304.84,D,0.50,0.80,1.70,24.635,0.0970
306.01,A,4.00,2.00,0.10,21.313,0.3057
306.01,A,4.00,2.00,1.10,21.097,0.8059
306.01,A,4.00,2.00,1.70,20.977,0.7047
306.01,B,7.50,0.80,0.10,24.417,0.1614
306.01,B,7.50,0.80,1.10,24.261,0.1046
306.01,B,7.50,0.80,1.70,24.629,0.0970
306.01,C,4.00,4.50,0.10,24.311,0.2606
306.01,C,4.00,4.50,1.10,24.863,0.0360
306.01,C,4.00,4.50,1.70,25.116,0.0477
306.01,D,0.50,0.80,0.10,24.417,0.1614
306.01,D,0.50,0.80,1.10,24.261,0.1046
306.01,D,0.50,0.80,1.70,24.629,0.0970
307.18,A,4.00,2.00,0.10,21.308,0.3056
307.18,A,4.00,2.00,1.10,21.093,0.8058
307.18,A,4.00,2.00,1.70,20.972,0.7046
307.18,B,7.50,0.80,0.10,24.412,0.1615
307.18,B,7.50,0.80,1.10,24.254,0.1047
307.18,B,7.50,0.80,1.70,24.622,0.0971
307.18,C,4.00,4.50,0.10,24.305,0.2605
307.18,C,4.00,4.50,1.10,24.856,0.0360
307.18,C,4.00,4.50,1.70,25.109,0.0477
307.18,D,0.50,0.80,0.10,24.412,0.1615
307.18,D,0.50,0.80,1.10,24.254,0.1047
307.18,D,0.50,0.80,1.70,24.622,0.0971
308.36,A,4.00,2.00,0.10,21.304,0.3056
308.36,A,4.00,2.00,1.10,21.088,0.8056
308.36,A,4.00,2.00,1.70,20.968,0.7045
308.36,B,7.50,0.80,0.10,24.406,0.1616
308.36,B,7.50,0.80,1.10,24.247,0.1047
308.36,B,7.50,0.80,1.70,24.615,0.0971
308.36,C,4.00,4.50,0.10,24.298,0.2604
308.36,C,4.00,4.50,1.10,24.848,0.0360
308.36,C,4.00,4.50,1.70,25.102,0.0477
308.36,D,0.50,0.80,0.10,24.406,0.1616
308.36,D,0.50,0.80,1.10,24.247,0.1047
308.36,D,0.50,0.80,1.70,24.615,0.0971
309.53,A,4.00,2.00,0.10,21.299,0.3055
309.53,A,4.00,2.00,1.10,21.084,0.8055
309.53,A,4.00,2.00,1.70,20.963,0.7044
309.53,B,7.50,0.80,0.10,24.400,0.1616
309.53,B,7.50,0.80,1.10,24.241,0.1047
309.53,B,7.50,0.80,1.70,24.609,0.0972
309.53,C,4.00,4.50,0.10,24.292,0.2603
309.53,C,4.00,4.50,1.10,24.841,0.0360
309.53,C,4.00,4.50,1.70,25.094,0.0477
309.53,D,0.50,0.80,0.10,24.400,0.1616
309.53,D,0.50,0.80,1.10,24.241,0.1047
309.53,D,0.50,0.80,1.70,24.609,0.0972
310.70,A,4.00,2.00,0.10,21.294,0.3055
310.70,A,4.00,2.00,1.10,21.079,0.8054
310.70,A,4.00,2.00,1.70,20.959,0.7043
310.70,B,7.50,0.80,0.10,24.395,0.1617
310.70,B,7.50,0.80,1.10,24.234,0.1047
310.70,B,7.50,0.80,1.70,24.602,0.0972
310.70,C,4.00,4.50,0.10,24.286,0.2602
310.70,C,4.00,4.50,1.10,24.833,0.0360
310.70,C,4.00,4.50,1.70,25.087,0.0477
310.70,D,0.50,0.80,0.10,24.395,0.1617
310.70,D,0.50,0.80,1.10,24.234,0.1047
310.70,D,0.50,0.80,1.70,24.602,0.0972
311.88,A,4.00,2.00,0.10,21.290,0.3055
311.88,A,4.00,2.00,1.10,21.075,0.8052
311.88,A,4.00,2.00,1.70,20.955,0.7042
311.88,B,7.50,0.80,0.10,24.389,0.1618
311.88,B,7.50,0.80,1.10,24.228,0.1047
311.88,B,7.50,0.80,1.70,24.596,0.0973
311.88,C,4.00,4.50,0.10,24.280,0.2601
311.88,C,4.00,4.50,1.10,24.826,0.0360
311.88,C,4.00,4.50,1.70,25.080,0.0477
311.88,D,0.50,0.80,0.10,24.389,0.1618
311.88,D,0.50,0.80,1.10,24.228,0.1047
311.88,D,0.50,0.80,1.70,24.596,0.0973
313.05,A,4.00,2.00,0.10,21.285,0.3054
313.05,A,4.00,2.00,1.10,21.070,0.8051
313.05,A,4.00,2.00,1.70,20.951,0.7042
313.05,B,7.50,0.80,0.10,24.383,0.1618
313.05,B,7.50,0.80,1.10,24.222,0.1047
313.05,B,7.50,0.80,1.70,24.589,0.0973
313.05,C,4.00,4.50,0.10,24.274,0.2599
313.05,C,4.00,4.50,1.10,24.819,0.0359
313.05,C,4.00,4.50,1.70,25.073,0.0477
313.05,D,0.50,0.80,0.10,24.383,0.1618
313.05,D,0.50,0.80,1.10,24.222,0.1047
313.05,D,0.50,0.80,1.70,24.589,0.0973
314.23,A,4.00,2.00,0.10,21.281,0.3054
314.23,A,4.00,2.00,1.10,21.066,0.8049
314.23,A,4.00,2.00,1.70,20.947,0.7041
314.23,B,7.50,0.80,0.10,24.378,0.1619
314.23,B,7.50,0.80,1.10,24.215,0.1047
314.23,B,7.50,0.80,1.70,24.583,0.0973
314.23,C,4.00,4.50,0.10,24.268,0.2597
314.23,C,4.00,4.50,1.10,24.811,0.0359
314.23,C,4.00,4.50,1.70,25.066,0.0478
314.23,D,0.50,0.80,0.10,24.378,0.1619
314.23,D,0.50,0.80,1.10,24.215,0.1047
314.23,D,0.50,0.80,1.70,24.583,0.0973
315.40,A,4.00,2.00,0.10,21.276,0.3053
315.40,A,4.00,2.00,1.10,21.062,0.8048
315.40,A,4.00,2.00,1.70,20.943,0.7040
315.40,B,7.50,0.80,0.10,24.372,0.1620
315.40,B,7.50,0.80,1.10,24.209,0.1047
315.40,B,7.50,0.80,1.70,24.576,0.0974
315.40,C,4.00,4.50,0.10,24.262,0.2596
315.40,C,4.00,4.50,1.10,24.804,0.0359
315.40,C,4.00,4.50,1.70,25.060,0.0478
315.40,D,0.50,0.80,0.10,24.372,0.1620
315.40,D,0.50,0.80,1.10,24.209,0.1047
315.40,D,0.50,0.80,1.70,24.576,0.0974
316.57,A,4.00,2.00,0.10,21.272,0.3053
316.57,A,4.00,2.00,1.10,21.058,0.8046
316.57,A,4.00,2.00,1.70,20.938,0.7039
316.57,B,7.50,0.80,0.10,24.367,0.1621
316.57,B,7.50,0.80,1.10,24.203,0.1046
316.57,B,7.50,0.80,1.70,24.570,0.0974
316.57,C,4.00,4.50,0.10,24.256,0.2594
316.57,C,4.00,4.50,1.10,24.797,0.0359
316.57,C,4.00,4.50,1.70,25.053,0.0478
316.57,D,0.50,0.80,0.10,24.367,0.1621
316.57,D,0.50,0.80,1.10,24.203,0.1046
316.57,D,0.50,0.80,1.70,24.570,0.0974
317.75,A,4.00,2.00,0.10,21.268,0.3053
317.75,A,4.00,2.00,1.10,21.054,0.8045
317.75,A,4.00,2.00,1.70,20.934,0.7038
317.75,B,7.50,0.80,0.10,24.361,0.1621
317.75,B,7.50,0.80,1.10,24.197,0.1046
317.75,B,7.50,0.80,1.70,24.563,0.0975
317.75,C,4.00,4.50,0.10,24.251,0.2592
317.75,C,4.00,4.50,1.10,24.789,0.0359
317.75,C,4.00,4.50,1.70,25.047,0.0479
317.75,D,0.50,0.80,0.10,24.361,0.1621
317.75,D,0.50,0.80,1.10,24.197,0.1046
317.75,D,0.50,0.80,1.70,24.563,0.0975
318.92,A,4.00,2.00,0.10,21.264,0.3053
318.92,A,4.00,2.00,1.10,21.050,0.8043
318.92,A,4.00,2.00,1.70,20.930,0.7037
318.92,B,7.50,0.80,0.10,24.356,0.1622
318.92,B,7.50,0.80,1.10,24.191,0.1046
318.92,B,7.50,0.80,1.70,24.557,0.0975
318.92,C,4.00,4.50,0.10,24.245,0.2590
318.92,C,4.00,4.50,1.10,24.782,0.0359
318.92,C,4.00,4.50,1.70,25.040,0.0479
318.92,D,0.50,0.80,0.10,24.356,0.1622
318.92,D,0.50,0.80,1.10,24.191,0.1046
318.92,D,0.50,0.80,1.70,24.557,0.0975
320.09,A,4.00,2.00,0.10,21.259,0.3052
320.09,A,4.00,2.00,1.10,21.046,0.8041
320.09,A,4.00,2.00,1.70,20.926,0.7035
320.09,B,7.50,0.80,0.10,24.351,0.1623
320.09,B,7.50,0.80,1.10,24.185,0.1046
320.09,B,7.50,0.80,1.70,24.550,0.0976
320.09,C,4.00,4.50,0.10,24.239,0.2588
320.09,C,4.00,4.50,1.10,24.775,0.0359
320.09,C,4.00,4.50,1.70,25.034,0.0480
320.09,D,0.50,0.80,0.10,24.351,0.1623
320.09,D,0.50,0.80,1.10,24.185,0.1046
320.09,D,0.50,0.80,1.70,24.550,0.0976
321.27,A,4.00,2.00,0.10,21.255,0.3052
321.27,A,4.00,2.00,1.10,21.042,0.8040
321.27,A,4.00,2.00,1.70,20.922,0.7034
321.27,B,7.50,0.80,0.10,24.345,0.1623
321.27,B,7.50,0.80,1.10,24.178,0.1046
321.27,B,7.50,0.80,1.70,24.544,0.0976
321.27,C,4.00,4.50,0.10,24.234,0.2585
321.27,C,4.00,4.50,1.10,24.768,0.0359
321.27,C,4.00,4.50,1.70,25.028,0.0480
321.27,D,0.50,0.80,0.10,24.345,0.1623
321.27,D,0.50,0.80,1.10,24.178,0.1046
321.27,D,0.50,0.80,1.70,24.544,0.0976
322.44,A,4.00,2.00,0.10,21.251,0.3052
322.44,A,4.00,2.00,1.10,21.038,0.8038
322.44,A,4.00,2.00,1.70,20.919,0.7033
322.44,B,7.50,0.80,0.10,24.340,0.1624
322.44,B,7.50,0.80,1.10,24.172,0.1046
322.44,B,7.50,0.80,1.70,24.538,0.0976
322.44,C,4.00,4.50,0.10,24.229,0.2583
322.44,C,4.00,4.50,1.10,24.761,0.0359
322.44,C,4.00,4.50,1.70,25.022,0.0481
322.44,D,0.50,0.80,0.10,24.340,0.1624
322.44,D,0.50,0.80,1.10,24.172,0.1046
322.44,D,0.50,0.80,1.70,24.538,0.0976
323.62,A,4.00,2.00,0.10,21.247,0.3051
323.62,A,4.00,2.00,1.10,21.034,0.8036
323.62,A,4.00,2.00,1.70,20.915,0.7032
323.62,B,7.50,0.80,0.10,24.335,0.1625
323.62,B,7.50,0.80,1.10,24.166,0.1046
323.62,B,7.50,0.80,1.70,24.531,0.0977
323.62,C,4.00,4.50,0.10,24.223,0.2580
323.62,C,4.00,4.50,1.10,24.754,0.0359
323.62,C,4.00,4.50,1.70,25.016,0.0481
323.62,D,0.50,0.80,0.10,24.335,0.1625
323.62,D,0.50,0.80,1.10,24.166,0.1046
323.62,D,0.50,0.80,1.70,24.531,0.0977
324.79,A,4.00,2.00,0.10,21.243,0.3051
324.79,A,4.00,2.00,1.10,21.030,0.8034
324.79,A,4.00,2.00,1.70,20.911,0.7031
324.79,B,7.50,0.80,0.10,24.329,0.1625
324.79,B,7.50,0.80,1.10,24.160,0.1046
324.79,B,7.50,0.80,1.70,24.525,0.0977
324.79,C,4.00,4.50,0.10,24.218,0.2578
324.79,C,4.00,4.50,1.10,24.747,0.0360
324.79,C,4.00,4.50,1.70,25.011,0.0482
324.79,D,0.50,0.80,0.10,24.329,0.1625
324.79,D,0.50,0.80,1.10,24.160,0.1046
324.79,D,0.50,0.80,1.70,24.525,0.0977
325.96,A,4.00,2.00,0.10,21.239,0.3051
325.96,A,4.00,2.00,1.10,21.026,0.8032
325.96,A,4.00,2.00,1.70,20.907,0.7030
325.96,B,7.50,0.80,0.10,24.324,0.1626
325.96,B,7.50,0.80,1.10,24.154,0.1046
325.96,B,7.50,0.80,1.70,24.519,0.0977
325.96,C,4.00,4.50,0.10,24.213,0.2576
325.96,C,4.00,4.50,1.10,24.740,0.0360
325.96,C,4.00,4.50,1.70,25.005,0.0483
325.96,D,0.50,0.80,0.10,24.324,0.1626
325.96,D,0.50,0.80,1.10,24.154,0.1046
325.96,D,0.50,0.80,1.70,24.519,0.0977
327.14,A,4.00,2.00,0.10,21.235,0.3051
327.14,A,4.00,2.00,1.10,21.023,0.8031
327.14,A,4.00,2.00,1.70,20.903,0.7028
327.14,B,7.50,0.80,0.10,24.319,0.1627
327.14,B,7.50,0.80,1.10,24.148,0.1046
327.14,B,7.50,0.80,1.70,24.512,0.0978
327.14,C,4.00,4.50,0.10,24.208,0.2573
327.14,C,4.00,4.50,1.10,24.733,0.0360
327.14,C,4.00,4.50,1.70,25.000,0.0483
327.14,D,0.50,0.80,0.10,24.319,0.1627
327.14,D,0.50,0.80,1.10,24.149,0.1046
327.14,D,0.50,0.80,1.70,24.512,0.0978
328.31,A,4.00,2.00,0.10,21.232,0.3051
328.31,A,4.00,2.00,1.10,21.019,0.8029
328.31,A,4.00,2.00,1.70,20.899,0.7027
328.31,B,7.50,0.80,0.10,24.314,0.1628
328.31,B,7.50,0.80,1.10,24.143,0.1046
328.31,B,7.50,0.80,1.70,24.506,0.0978
328.31,C,4.00,4.50,0.10,24.202,0.2570
328.31,C,4.00,4.50,1.10,24.727,0.0360
328.31,C,4.00,4.50,1.70,24.995,0.0484
328.31,D,0.50,0.80,0.10,24.314,0.1628
328.31,D,0.50,0.80,1.10,24.143,0.1046
328.31,D,0.50,0.80,1.70,24.506,0.0978
329.48,A,4.00,2.00,0.10,21.228,0.3051
329.48,A,4.00,2.00,1.10,21.015,0.8026
329.48,A,4.00,2.00,1.70,20.896,0.7026
329.48,B,7.50,0.80,0.10,24.309,0.1628
329.48,B,7.50,0.80,1.10,24.137,0.1046
329.48,B,7.50,0.80,1.70,24.500,0.0978
329.48,C,4.00,4.50,0.10,24.197,0.2568
329.48,C,4.00,4.50,1.10,24.720,0.0360
329.48,C,4.00,4.50,1.70,24.990,0.0484
329.48,D,0.50,0.80,0.10,24.309,0.1628
329.48,D,0.50,0.80,1.10,24.137,0.1046
329.48,D,0.50,0.80,1.70,24.500,0.0978
330.66,A,4.00,2.00,0.10,21.224,0.3051
330.66,A,4.00,2.00,1.10,21.012,0.8024
330.66,A,4.00,2.00,1.70,20.892,0.7024
330.66,B,7.50,0.80,0.10,24.303,0.1629
330.66,B,7.50,0.80,1.10,24.131,0.1045
330.66,B,7.50,0.80,1.70,24.494,0.0978
330.66,C,4.00,4.50,0.10,24.192,0.2565
330.66,C,4.00,4.50,1.10,24.713,0.0361
330.66,C,4.00,4.50,1.70,24.985,0.0485
330.66,D,0.50,0.80,0.10,24.303,0.1629
330.66,D,0.50,0.80,1.10,24.131,0.1045
330.66,D,0.50,0.80,1.70,24.494,0.0978
331.83,A,4.00,2.00,0.10,21.220,0.3051
331.83,A,4.00,2.00,1.10,21.009,0.8022
331.83,A,4.00,2.00,1.70,20.888,0.7023
331.83,B,7.50,0.80,0.10,24.298,0.1630
331.83,B,7.50,0.80,1.10,24.125,0.1045
331.83,B,7.50,0.80,1.70,24.487,0.0979
331.83,C,4.00,4.50,0.10,24.187,0.2562
331.83,C,4.00,4.50,1.10,24.707,0.0361
331.83,C,4.00,4.50,1.70,24.980,0.0486
331.83,D,0.50,0.80,0.10,24.298,0.1630
331.83,D,0.50,0.80,1.10,24.125,0.1045
331.83,D,0.50,0.80,1.70,24.487,0.0979
333.00,A,4.00,2.00,0.10,21.217,0.3051
333.00,A,4.00,2.00,1.10,21.005,0.8020
333.00,A,4.00,2.00,1.70,20.885,0.7021
333.00,B,7.50,0.80,0.10,24.293,0.1630
333.00,B,7.50,0.80,1.10,24.119,0.1045
333.00,B,7.50,0.80,1.70,24.481,0.0979
333.00,C,4.00,4.50,0.10,24.183,0.2560
333.00,C,4.00,4.50,1.10,24.700,0.0361
333.00,C,4.00,4.50,1.70,24.975,0.0486
333.00,D,0.50,0.80,0.10,24.293,0.1630
333.00,D,0.50,0.80,1.10,24.119,0.1045
333.00,D,0.50,0.80,1.70,24.481,0.0979
334.18,A,4.00,2.00,0.10,21.213,0.3051
334.18,A,4.00,2.00,1.10,21.002,0.8017
334.18,A,4.00,2.00,1.70,20.881,0.7020
334.18,B,7.50,0.80,0.10,24.288,0.1631
334.18,B,7.50,0.80,1.10,24.113,0.1045
334.18,B,7.50,0.80,1.70,24.475,0.0979
334.18,C,4.00,4.50,0.10,24.178,0.2557
334.18,C,4.00,4.50,1.10,24.694,0.0362
334.18,C,4.00,4.50,1.70,24.971,0.0487
334.18,D,0.50,0.80,0.10,24.288,0.1631
334.18,D,0.50,0.80,1.10,24.113,0.1045
334.18,D,0.50,0.80,1.70,24.475,0.0979
335.35,A,4.00,2.00,0.10,21.210,0.3051
335.35,A,4.00,2.00,1.10,20.999,0.8015
335.35,A,4.00,2.00,1.70,20.878,0.7018
335.35,B,7.50,0.80,0.10,24.283,0.1632
335.35,B,7.50,0.80,1.10,24.107,0.1045
335.35,B,7.50,0.80,1.70,24.469,0.0979
335.35,C,4.00,4.50,0.10,24.173,0.2554
335.35,C,4.00,4.50,1.10,24.687,0.0362
335.35,C,4.00,4.50,1.70,24.967,0.0487
335.35,D,0.50,0.80,0.10,24.283,0.1632
335.35,D,0.50,0.80,1.10,24.107,0.1045
335.35,D,0.50,0.80,1.70,24.469,0.0979
336.53,A,4.00,2.00,0.10,21.207,0.3051
336.53,A,4.00,2.00,1.10,20.996,0.8013
336.53,A,4.00,2.00,1.70,20.874,0.7017
336.53,B,7.50,0.80,0.10,24.278,0.1632
336.53,B,7.50,0.80,1.10,24.101,0.1044
336.53,B,7.50,0.80,1.70,24.462,0.0980
336.53,C,4.00,4.50,0.10,24.168,0.2552
336.53,C,4.00,4.50,1.10,24.681,0.0363
336.53,C,4.00,4.50,1.70,24.962,0.0488
336.53,D,0.50,0.80,0.10,24.278,0.1632
336.53,D,0.50,0.80,1.10,24.101,0.1044
336.53,D,0.50,0.80,1.70,24.462,0.0980
337.70,A,4.00,2.00,0.10,21.203,0.3051
337.70,A,4.00,2.00,1.10,20.993,0.8010
337.70,A,4.00,2.00,1.70,20.871,0.7015
337.70,B,7.50,0.80,0.10,24.273,0.1633
337.70,B,7.50,0.80,1.10,24.096,0.1044
337.70,B,7.50,0.80,1.70,24.456,0.0980
337.70,C,4.00,4.50,0.10,24.164,0.2549
337.70,C,4.00,4.50,1.10,24.674,0.0363
337.70,C,4.00,4.50,1.70,24.958,0.0488
337.70,D,0.50,0.80,0.10,24.273,0.1633
337.70,D,0.50,0.80,1.10,24.096,0.1044
337.70,D,0.50,0.80,1.70,24.456,0.0980
338.87,A,4.00,2.00,0.10,21.200,0.3052
338.87,A,4.00,2.00,1.10,20.990,0.8008
338.87,A,4.00,2.00,1.70,20.868,0.7014
338.87,B,7.50,0.80,0.10,24.268,0.1634
338.87,B,7.50,0.80,1.10,24.090,0.1044
338.87,B,7.50,0.80,1.70,24.450,0.0980
338.87,C,4.00,4.50,0.10,24.159,0.2546
338.87,C,4.00,4.50,1.10,24.668,0.0364
338.87,C,4.00,4.50,1.70,24.954,0.0489
338.87,D,0.50,0.80,0.10,24.268,0.1634
338.87,D,0.50,0.80,1.10,24.090,0.1044
338.87,D,0.50,0.80,1.70,24.450,0.0980
340.05,A,4.00,2.00,0.10,21.197,0.3052
340.05,A,4.00,2.00,1.10,20.987,0.8005
340.05,A,4.00,2.00,1.70,20.864,0.7012
340.05,B,7.50,0.80,0.10,24.263,0.1634
340.05,B,7.50,0.80,1.10,24.084,0.1044
340.05,B,7.50,0.80,1.70,24.444,0.0980
340.05,C,4.00,4.50,0.10,24.155,0.2544
340.05,C,4.00,4.50,1.10,24.662,0.0364
340.05,C,4.00,4.50,1.70,24.950,0.0489
340.05,D,0.50,0.80,0.10,24.263,0.1634
340.05,D,0.50,0.80,1.10,24.084,0.1044
340.05,D,0.50,0.80,1.70,24.444,0.0980
341.22,A,4.00,2.00,0.10,21.193,0.3052
341.22,A,4.00,2.00,1.10,20.984,0.8002
341.22,A,4.00,2.00,1.70,20.861,0.7010
341.22,B,7.50,0.80,0.10,24.258,0.1635
341.22,B,7.50,0.80,1.10,24.078,0.1044
341.22,B,7.50,0.80,1.70,24.437,0.0981
341.22,C,4.00,4.50,0.10,24.150,0.2541
341.22,C,4.00,4.50,1.10,24.656,0.0365
341.22,C,4.00,4.50,1.70,24.946,0.0489
341.22,D,0.50,0.80,0.10,24.258,0.1635
341.22,D,0.50,0.80,1.10,24.078,0.1044
341.22,D,0.50,0.80,1.70,24.437,0.0981
342.39,A,4.00,2.00,0.10,21.190,0.3052
342.39,A,4.00,2.00,1.10,20.981,0.8000
342.39,A,4.00,2.00,1.70,20.858,0.7008
342.39,B,7.50,0.80,0.10,24.252,0.1636
342.39,B,7.50,0.80,1.10,24.073,0.1044
342.39,B,7.50,0.80,1.70,24.431,0.0981
342.39,C,4.00,4.50,0.10,24.146,0.2538
342.39,C,4.00,4.50,1.10,24.650,0.0365
342.39,C,4.00,4.50,1.70,24.943,0.0490
342.39,D,0.50,0.80,0.10,24.252,0.1636
342.39,D,0.50,0.80,1.10,24.073,0.1044
342.39,D,0.50,0.80,1.70,24.431,0.0981
343.57,A,4.00,2.00,0.10,21.187,0.3053
343.57,A,4.00,2.00,1.10,20.978,0.7997
343.57,A,4.00,2.00,1.70,20.855,0.7007
343.57,B,7.50,0.80,0.10,24.247,0.1637
343.57,B,7.50,0.80,1.10,24.067,0.1044
343.57,B,7.50,0.80,1.70,24.425,0.0981
343.57,C,4.00,4.50,0.10,24.141,0.2536
343.57,C,4.00,4.50,1.10,24.644,0.0366
343.57,C,4.00,4.50,1.70,24.939,0.0490
343.57,D,0.50,0.80,0.10,24.247,0.1637
343.57,D,0.50,0.80,1.10,24.067,0.1044
343.57,D,0.50,0.80,1.70,24.425,0.0981
344.74,A,4.00,2.00,0.10,21.184,0.3053
344.74,A,4.00,2.00,1.10,20.976,0.7994
344.74,A,4.00,2.00,1.70,20.851,0.7005
344.74,B,7.50,0.80,0.10,24.242,0.1637
344.74,B,7.50,0.80,1.10,24.061,0.1043
344.74,B,7.50,0.80,1.70,24.419,0.0981
344.74,C,4.00,4.50,0.10,24.137,0.2533
344.74,C,4.00,4.50,1.10,24.638,0.0367
344.74,C,4.00,4.50,1.70,24.935,0.0490
344.74,D,0.50,0.80,0.10,24.242,0.1637
344.74,D,0.50,0.80,1.10,24.061,0.1043
344.74,D,0.50,0.80,1.70,24.419,0.0981
345.92,A,4.00,2.00,0.10,21.181,0.3053
345.92,A,4.00,2.00,1.10,20.973,0.7992
345.92,A,4.00,2.00,1.70,20.848,0.7003
345.92,B,7.50,0.80,0.10,24.237,0.1638
345.92,B,7.50,0.80,1.10,24.055,0.1043
345.92,B,7.50,0.80,1.70,24.413,0.0982
345.92,C,4.00,4.50,0.10,24.133,0.2531
345.92,C,4.00,4.50,1.10,24.632,0.0367
345.92,C,4.00,4.50,1.70,24.932,0.0490
345.92,D,0.50,0.80,0.10,24.237,0.1638
345.92,D,0.50,0.80,1.10,24.055,0.1043
345.92,D,0.50,0.80,1.70,24.413,0.0982
347.09,A,4.00,2.00,0.10,21.178,0.3053
347.09,A,4.00,2.00,1.10,20.970,0.7989
347.09,A,4.00,2.00,1.70,20.845,0.7001
347.09,B,7.50,0.80,0.10,24.232,0.1639
347.09,B,7.50,0.80,1.10,24.050,0.1043
347.09,B,7.50,0.80,1.70,24.406,0.0982
347.09,C,4.00,4.50,0.10,24.128,0.2528
347.09,C,4.00,4.50,1.10,24.626,0.0368
347.09,C,4.00,4.50,1.70,24.928,0.0490
347.09,D,0.50,0.80,0.10,24.232,0.1639
347.09,D,0.50,0.80,1.10,24.050,0.1043
347.09,D,0.50,0.80,1.70,24.407,0.0982
348.26,A,4.00,2.00,0.10,21.175,0.3053
348.26,A,4.00,2.00,1.10,20.968,0.7986
348.26,A,4.00,2.00,1.70,20.842,0.7000
348.26,B,7.50,0.80,0.10,24.227,0.1639
348.26,B,7.50,0.80,1.10,24.044,0.1043
348.26,B,7.50,0.80,1.70,24.400,0.0982
348.26,C,4.00,4.50,0.10,24.124,0.2526
348.26,C,4.00,4.50,1.10,24.621,0.0369
348.26,C,4.00,4.50,1.70,24.925,0.0490
348.26,D,0.50,0.80,0.10,24.227,0.1639
348.26,D,0.50,0.80,1.10,24.044,0.1043
348.26,D,0.50,0.80,1.70,24.400,0.0982
349.44,A,4.00,2.00,0.10,21.172,0.3053
349.44,A,4.00,2.00,1.10,20.965,0.7984
349.44,A,4.00,2.00,1.70,20.839,0.6998
349.44,B,7.50,0.80,0.10,24.222,0.1640
349.44,B,7.50,0.80,1.10,24.038,0.1043
349.44,B,7.50,0.80,1.70,24.394,0.0982
349.44,C,4.00,4.50,0.10,24.120,0.2524
349.44,C,4.00,4.50,1.10,24.615,0.0369
349.44,C,4.00,4.50,1.70,24.921,0.0490
349.44,D,0.50,0.80,0.10,24.222,0.1640
349.44,D,0.50,0.80,1.10,24.038,0.1043
349.44,D,0.50,0.80,1.70,24.394,0.0982
350.61,A,4.00,2.00,0.10,21.170,0.3053
350.61,A,4.00,2.00,1.10,20.963,0.7981
350.61,A,4.00,2.00,1.70,20.836,0.6996
350.61,B,7.50,0.80,0.10,24.217,0.1641
350.61,B,7.50,0.80,1.10,24.032,0.1043
350.61,B,7.50,0.80,1.70,24.388,0.0982
350.61,C,4.00,4.50,0.10,24.116,0.2522
350.61,C,4.00,4.50,1.10,24.609,0.0370
350.61,C,4.00,4.50,1.70,24.918,0.0489
350.61,D,0.50,0.80,0.10,24.217,0.1641
350.61,D,0.50,0.80,1.10,24.032,0.1043
350.61,D,0.50,0.80,1.70,24.388,0.0982
351.78,A,4.00,2.00,0.10,21.167,0.3053
351.78,A,4.00,2.00,1.10,20.960,0.7978
351.78,A,4.00,2.00,1.70,20.834,0.6994
351.78,B,7.50,0.80,0.10,24.213,0.1642
351.78,B,7.50,0.80,1.10,24.027,0.1043
351.78,B,7.50,0.80,1.70,24.382,0.0982
351.78,C,4.00,4.50,0.10,24.112,0.2519
351.78,C,4.00,4.50,1.10,24.604,0.0371
351.78,C,4.00,4.50,1.70,24.915,0.0489
351.78,D,0.50,0.80,0.10,24.213,0.1642
351.78,D,0.50,0.80,1.10,24.027,0.1043
351.78,D,0.50,0.80,1.70,24.382,0.0982
352.96,A,4.00,2.00,0.10,21.164,0.3052
352.96,A,4.00,2.00,1.10,20.958,0.7976
352.96,A,4.00,2.00,1.70,20.831,0.6992
352.96,B,7.50,0.80,0.10,24.208,0.1642
352.96,B,7.50,0.80,1.10,24.021,0.1043
352.96,B,7.50,0.80,1.70,24.376,0.0983
352.96,C,4.00,4.50,0.10,24.108,0.2517
352.96,C,4.00,4.50,1.10,24.598,0.0371
352.96,C,4.00,4.50,1.70,24.911,0.0489
352.96,D,0.50,0.80,0.10,24.208,0.1642
352.96,D,0.50,0.80,1.10,24.021,0.1043
352.96,D,0.50,0.80,1.70,24.376,0.0983
354.13,A,4.00,2.00,0.10,21.161,0.3052
354.13,A,4.00,2.00,1.10,20.955,0.7973
354.13,A,4.00,2.00,1.70,20.828,0.6991
354.13,B,7.50,0.80,0.10,24.203,0.1643
354.13,B,7.50,0.80,1.10,24.015,0.1043
354.13,B,7.50,0.80,1.70,24.370,0.0983
354.13,C,4.00,4.50,0.10,24.104,0.2516
354.13,C,4.00,4.50,1.10,24.593,0.0372
354.13,C,4.00,4.50,1.70,24.908,0.0489
354.13,D,0.50,0.80,0.10,24.203,0.1643
354.13,D,0.50,0.80,1.10,24.015,0.1043
354.13,D,0.50,0.80,1.70,24.370,0.0983
355.31,A,4.00,2.00,0.10,21.158,0.3052
355.31,A,4.00,2.00,1.10,20.953,0.7971
355.31,A,4.00,2.00,1.70,20.825,0.6989
355.31,B,7.50,0.80,0.10,24.198,0.1644
355.31,B,7.50,0.80,1.10,24.010,0.1043
355.31,B,7.50,0.80,1.70,24.364,0.0983
355.31,C,4.00,4.50,0.10,24.099,0.2514
355.31,C,4.00,4.50,1.10,24.587,0.0373
355.31,C,4.00,4.50,1.70,24.905,0.0488
355.31,D,0.50,0.80,0.10,24.198,0.1644
355.31,D,0.50,0.80,1.10,24.010,0.1043
355.31,D,0.50,0.80,1.70,24.364,0.0983
356.48,A,4.00,2.00,0.10,21.155,0.3051
356.48,A,4.00,2.00,1.10,20.950,0.7968
356.48,A,4.00,2.00,1.70,20.822,0.6987
356.48,B,7.50,0.80,0.10,24.193,0.1645
356.48,B,7.50,0.80,1.10,24.004,0.1043
356.48,B,7.50,0.80,1.70,24.357,0.0983
356.48,C,4.00,4.50,0.10,24.095,0.2512
356.48,C,4.00,4.50,1.10,24.582,0.0373
356.48,C,4.00,4.50,1.70,24.901,0.0488
356.48,D,0.50,0.80,0.10,24.193,0.1645
356.48,D,0.50,0.80,1.10,24.004,0.1043
356.48,D,0.50,0.80,1.70,24.357,0.0983
357.65,A,4.00,2.00,0.10,21.153,0.3050
357.65,A,4.00,2.00,1.10,20.948,0.7966
357.65,A,4.00,2.00,1.70,20.819,0.6986
357.65,B,7.50,0.80,0.10,24.188,0.1646
357.65,B,7.50,0.80,1.10,23.998,0.1043
357.65,B,7.50,0.80,1.70,24.351,0.0983
357.65,C,4.00,4.50,0.10,24.091,0.2511
357.65,C,4.00,4.50,1.10,24.577,0.0374
357.65,C,4.00,4.50,1.70,24.898,0.0488
357.65,D,0.50,0.80,0.10,24.188,0.1646
357.65,D,0.50,0.80,1.10,23.998,0.1043
357.65,D,0.50,0.80,1.70,24.351,0.0983
358.83,A,4.00,2.00,0.10,21.150,0.3050
358.83,A,4.00,2.00,1.10,20.945,0.7964
358.83,A,4.00,2.00,1.70,20.817,0.6984
358.83,B,7.50,0.80,0.10,24.183,0.1646
358.83,B,7.50,0.80,1.10,23.993,0.1043
358.83,B,7.50,0.80,1.70,24.345,0.0984
358.83,C,4.00,4.50,0.10,24.087,0.2509
358.83,C,4.00,4.50,1.10,24.571,0.0375
358.83,C,4.00,4.50,1.70,24.895,0.0487
358.83,D,0.50,0.80,0.10,24.183,0.1646
358.83,D,0.50,0.80,1.10,23.993,0.1043
358.83,D,0.50,0.80,1.70,24.345,0.0984
360.00,A,4.00,2.00,0.10,21.147,0.3049
360.00,A,4.00,2.00,1.10,20.942,0.7962
360.00,A,4.00,2.00,1.70,20.814,0.6982
360.00,B,7.50,0.80,0.10,24.178,0.1647
360.00,B,7.50,0.80,1.10,23.987,0.1043
360.00,B,7.50,0.80,1.70,24.339,0.0984
360.00,C,4.00,4.50,0.10,24.083,0.2508
360.00,C,4.00,4.50,1.10,24.566,0.0375
360.00,C,4.00,4.50,1.70,24.891,0.0487
360.00,D,0.50,0.80,0.10,24.178,0.1647
360.00,D,0.50,0.80,1.10,23.987,0.1043
360.00,D,0.50,0.80,1.70,24.339,0.0984
361.17,A,4.00,2.00,0.10,21.144,0.3048
361.17,A,4.00,2.00,1.10,20.940,0.7959
361.17,A,4.00,2.00,1.70,20.811,0.6981
361.17,B,7.50,0.80,0.10,24.173,0.1648
361.17,B,7.50,0.80,1.10,23.981,0.1043
361.17,B,7.50,0.80,1.70,24.333,0.0984
361.17,C,4.00,4.50,0.10,24.079,0.2507
361.17,C,4.00,4.50,1.10,24.561,0.0376
361.17,C,4.00,4.50,1.70,24.888,0.0486
361.17,D,0.50,0.80,0.10,24.173,0.1648
361.17,D,0.50,0.80,1.10,23.981,0.1043
361.17,D,0.50,0.80,1.70,24.333,0.0984
362.35,A,4.00,2.00,0.10,21.141,0.3047
362.35,A,4.00,2.00,1.10,20.937,0.7957
362.35,A,4.00,2.00,1.70,20.808,0.6979
362.35,B,7.50,0.80,0.10,24.169,0.1649
362.35,B,7.50,0.80,1.10,23.976,0.1044
362.35,B,7.50,0.80,1.70,24.327,0.0984
362.35,C,4.00,4.50,0.10,24.075,0.2506
362.35,C,4.00,4.50,1.10,24.556,0.0376
362.35,C,4.00,4.50,1.70,24.885,0.0486
362.35,D,0.50,0.80,0.10,24.169,0.1649
362.35,D,0.50,0.80,1.10,23.976,0.1044
362.35,D,0.50,0.80,1.70,24.327,0.0984
363.52,A,4.00,2.00,0.10,21.138,0.3046
363.52,A,4.00,2.00,1.10,20.934,0.7955
363.52,A,4.00,2.00,1.70,20.806,0.6977
363.52,B,7.50,0.80,0.10,24.164,0.1650
363.52,B,7.50,0.80,1.10,23.970,0.1044
363.52,B,7.50,0.80,1.70,24.321,0.0985
363.52,C,4.00,4.50,0.10,24.070,0.2505
363.52,C,4.00,4.50,1.10,24.551,0.0377
363.52,C,4.00,4.50,1.70,24.881,0.0485
363.52,D,0.50,0.80,0.10,24.164,0.1650
363.52,D,0.50,0.80,1.10,23.970,0.1044
363.52,D,0.50,0.80,1.70,24.321,0.0985
364.69,A,4.00,2.00,0.10,21.135,0.3044
364.69,A,4.00,2.00,1.10,20.932,0.7953
364.69,A,4.00,2.00,1.70,20.803,0.6976
364.69,B,7.50,0.80,0.10,24.159,0.1650
364.69,B,7.50,0.80,1.10,23.964,0.1044
364.69,B,7.50,0.80,1.70,24.316,0.0985
364.69,C,4.00,4.50,0.10,24.066,0.2505
364.69,C,4.00,4.50,1.10,24.546,0.0378
364.69,C,4.00,4.50,1.70,24.878,0.0484
364.69,D,0.50,0.80,0.10,24.159,0.1650
364.69,D,0.50,0.80,1.10,23.964,0.1044
364.69,D,0.50,0.80,1.70,24.316,0.0985
365.87,A,4.00,2.00,0.10,21.132,0.3043
365.87,A,4.00,2.00,1.10,20.929,0.7951
365.87,A,4.00,2.00,1.70,20.800,0.6974
365.87,B,7.50,0.80,0.10,24.154,0.1651
365.87,B,7.50,0.80,1.10,23.959,0.1044
365.87,B,7.50,0.80,1.70,24.310,0.0985
365.87,C,4.00,4.50,0.10,24.062,0.2504
365.87,C,4.00,4.50,1.10,24.540,0.0378
365.87,C,4.00,4.50,1.70,24.874,0.0484
365.87,D,0.50,0.80,0.10,24.154,0.1651
365.87,D,0.50,0.80,1.10,23.959,0.1044
365.87,D,0.50,0.80,1.70,24.310,0.0985
367.04,A,4.00,2.00,0.10,21.129,0.3042
367.04,A,4.00,2.00,1.10,20.926,0.7949
367.04,A,4.00,2.00,1.70,20.798,0.6973
367.04,B,7.50,0.80,0.10,24.150,0.1652
367.04,B,7.50,0.80,1.10,23.953,0.1044
367.04,B,7.50,0.80,1.70,24.304,0.0985
367.04,C,4.00,4.50,0.10,24.058,0.2504
367.04,C,4.00,4.50,1.10,24.535,0.0379
367.04,C,4.00,4.50,1.70,24.871,0.0483
367.04,D,0.50,0.80,0.10,24.150,0.1652
367.04,D,0.50,0.80,1.10,23.953,0.1044
367.04,D,0.50,0.80,1.70,24.304,0.0985
368.22,A,4.00,2.00,0.10,21.126,0.3040
368.22,A,4.00,2.00,1.10,20.923,0.7948
368.22,A,4.00,2.00,1.70,20.795,0.6971
368.22,B,7.50,0.80,0.10,24.145,0.1653
368.22,B,7.50,0.80,1.10,23.948,0.1044
368.22,B,7.50,0.80,1.70,24.298,0.0986
368.22,C,4.00,4.50,0.10,24.053,0.2504
368.22,C,4.00,4.50,1.10,24.530,0.0379
368.22,C,4.00,4.50,1.70,24.867,0.0482
368.22,D,0.50,0.80,0.10,24.145,0.1653
368.22,D,0.50,0.80,1.10,23.948,0.1044
368.22,D,0.50,0.80,1.70,24.298,0.0986
369.39,A,4.00,2.00,0.10,21.123,0.3039
369.39,A,4.00,2.00,1.10,20.920,0.7946
369.39,A,4.00,2.00,1.70,20.792,0.6970
369.39,B,7.50,0.80,0.10,24.140,0.1654
369.39,B,7.50,0.80,1.10,23.942,0.1044
369.39,B,7.50,0.80,1.70,24.292,0.0986
369.39,C,4.00,4.50,0.10,24.049,0.2504
369.39,C,4.00,4.50,1.10,24.525,0.0379
369.39,C,4.00,4.50,1.70,24.864,0.0482
369.39,D,0.50,0.80,0.10,24.140,0.1654
369.39,D,0.50,0.80,1.10,23.942,0.1044
369.39,D,0.50,0.80,1.70,24.292,0.0986
370.56,A,4.00,2.00,0.10,21.120,0.3037
370.56,A,4.00,2.00,1.10,20.917,0.7944
370.56,A,4.00,2.00,1.70,20.789,0.6968
370.56,B,7.50,0.80,0.10,24.136,0.1654
370.56,B,7.50,0.80,1.10,23.937,0.1045
370.56,B,7.50,0.80,1.70,24.287,0.0986
370.56,C,4.00,4.50,0.10,24.045,0.2504
370.56,C,4.00,4.50,1.10,24.520,0.0380
370.56,C,4.00,4.50,1.70,24.860,0.0481
370.56,D,0.50,0.80,0.10,24.136,0.1654
370.56,D,0.50,0.80,1.10,23.937,0.1045
370.56,D,0.50,0.80,1.70,24.287,0.0986
371.74,A,4.00,2.00,0.10,21.117,0.3036
371.74,A,4.00,2.00,1.10,20.914,0.7943
371.74,A,4.00,2.00,1.70,20.786,0.6967
371.74,B,7.50,0.80,0.10,24.131,0.1655
371.74,B,7.50,0.80,1.10,23.931,0.1045
371.74,B,7.50,0.80,1.70,24.281,0.0987
371.74,C,4.00,4.50,0.10,24.040,0.2504
371.74,C,4.00,4.50,1.10,24.515,0.0380
371.74,C,4.00,4.50,1.70,24.857,0.0480
371.74,D,0.50,0.80,0.10,24.131,0.1655
371.74,D,0.50,0.80,1.10,23.931,0.1045
371.74,D,0.50,0.80,1.70,24.281,0.0987
372.91,A,4.00,2.00,0.10,21.114,0.3034
372.91,A,4.00,2.00,1.10,20.911,0.7942
372.91,A,4.00,2.00,1.70,20.784,0.6966
372.91,B,7.50,0.80,0.10,24.126,0.1656
372.91,B,7.50,0.80,1.10,23.926,0.1045
372.91,B,7.50,0.80,1.70,24.275,0.0987
372.91,C,4.00,4.50,0.10,24.036,0.2504
372.91,C,4.00,4.50,1.10,24.510,0.0380
372.91,C,4.00,4.50,1.70,24.853,0.0479
372.91,D,0.50,0.80,0.10,24.126,0.1656
372.91,D,0.50,0.80,1.10,23.926,0.1045
372.91,D,0.50,0.80,1.70,24.275,0.0987
374.08,A,4.00,2.00,0.10,21.110,0.3032
374.08,A,4.00,2.00,1.10,20.908,0.7940
374.08,A,4.00,2.00,1.70,20.781,0.6964
374.08,B,7.50,0.80,0.10,24.122,0.1657
374.08,B,7.50,0.80,1.10,23.921,0.1045
374.08,B,7.50,0.80,1.70,24.270,0.0987
374.08,C,4.00,4.50,0.10,24.031,0.2505
374.08,C,4.00,4.50,1.10,24.505,0.0381
374.08,C,4.00,4.50,1.70,24.849,0.0479
374.08,D,0.50,0.80,0.10,24.122,0.1657
374.08,D,0.50,0.80,1.10,23.921,0.1045
374.08,D,0.50,0.80,1.70,24.270,0.0987
375.26,A,4.00,2.00,0.10,21.107,0.3031
375.26,A,4.00,2.00,1.10,20.905,0.7939
375.26,A,4.00,2.00,1.70,20.778,0.6963
375.26,B,7.50,0.80,0.10,24.117,0.1658
375.26,B,7.50,0.80,1.10,23.915,0.1045
375.26,B,7.50,0.80,1.70,24.264,0.0988
375.26,C,4.00,4.50,0.10,24.027,0.2505
375.26,C,4.00,4.50,1.10,24.500,0.0381
375.26,C,4.00,4.50,1.70,24.846,0.0478
375.26,D,0.50,0.80,0.10,24.117,0.1658
375.26,D,0.50,0.80,1.10,23.915,0.1045
375.26,D,0.50,0.80,1.70,24.264,0.0988
376.43,A,4.00,2.00,0.10,21.104,0.3029
376.43,A,4.00,2.00,1.10,20.902,0.7938
376.43,A,4.00,2.00,1.70,20.775,0.6962
376.43,B,7.50,0.80,0.10,24.113,0.1659
376.43,B,7.50,0.80,1.10,23.910,0.1046
376.43,B,7.50,0.80,1.70,24.259,0.0988
376.43,C,4.00,4.50,0.10,24.022,0.2506
376.43,C,4.00,4.50,1.10,24.495,0.0381
376.43,C,4.00,4.50,1.70,24.842,0.0477
376.43,D,0.50,0.80,0.10,24.113,0.1659
376.43,D,0.50,0.80,1.10,23.910,0.1046
376.43,D,0.50,0.80,1.70,24.259,0.0988
377.61,A,4.00,2.00,0.10,21.100,0.3027
377.61,A,4.00,2.00,1.10,20.898,0.7937
377.61,A,4.00,2.00,1.70,20.772,0.6961
377.61,B,7.50,0.80,0.10,24.108,0.1659
377.61,B,7.50,0.80,1.10,23.905,0.1046
377.61,B,7.50,0.80,1.70,24.253,0.0988
377.61,C,4.00,4.50,0.10,24.018,0.2507
377.61,C,4.00,4.50,1.10,24.490,0.0382
377.61,C,4.00,4.50,1.70,24.838,0.0476
377.61,D,0.50,0.80,0.10,24.108,0.1659
377.61,D,0.50,0.80,1.10,23.905,0.1046
377.61,D,0.50,0.80,1.70,24.253,0.0988
378.78,A,4.00,2.00,0.10,21.097,0.3026
378.78,A,4.00,2.00,1.10,20.895,0.7936
378.78,A,4.00,2.00,1.70,20.769,0.6959
378.78,B,7.50,0.80,0.10,24.104,0.1660
378.78,B,7.50,0.80,1.10,23.900,0.1046
378.78,B,7.50,0.80,1.70,24.248,0.0988
378.78,C,4.00,4.50,0.10,24.013,0.2507
378.78,C,4.00,4.50,1.10,24.485,0.0382
378.78,C,4.00,4.50,1.70,24.834,0.0475
378.78,D,0.50,0.80,0.10,24.104,0.1660
378.78,D,0.50,0.80,1.10,23.900,0.1046
378.78,D,0.50,0.80,1.70,24.248,0.0988
379.95,A,4.00,2.00,0.10,21.093,0.3024
379.95,A,4.00,2.00,1.10,20.891,0.7935
379.95,A,4.00,2.00,1.70,20.766,0.6958
379.95,B,7.50,0.80,0.10,24.099,0.1661
379.95,B,7.50,0.80,1.10,23.895,0.1046
379.95,B,7.50,0.80,1.70,24.243,0.0989
379.95,C,4.00,4.50,0.10,24.009,0.2508
379.95,C,4.00,4.50,1.10,24.480,0.0382
379.95,C,4.00,4.50,1.70,24.830,0.0474
379.95,D,0.50,0.80,0.10,24.099,0.1661
379.95,D,0.50,0.80,1.10,23.895,0.1046
379.95,D,0.50,0.80,1.70,24.243,0.0989
381.13,A,4.00,2.00,0.10,21.089,0.3023
381.13,A,4.00,2.00,1.10,20.888,0.7934
381.13,A,4.00,2.00,1.70,20.763,0.6957
381.13,B,7.50,0.80,0.10,24.095,0.1662
381.13,B,7.50,0.80,1.10,23.889,0.1046
381.13,B,7.50,0.80,1.70,24.237,0.0989
381.13,C,4.00,4.50,0.10,24.004,0.2509
381.13,C,4.00,4.50,1.10,24.476,0.0382
381.13,C,4.00,4.50,1.70,24.826,0.0473
381.13,D,0.50,0.80,0.10,24.095,0.1662
381.13,D,0.50,0.80,1.10,23.889,0.1046
381.13,D,0.50,0.80,1.70,24.237,0.0989
382.30,A,4.00,2.00,0.10,21.086,0.3021
382.30,A,4.00,2.00,1.10,20.884,0.7933
382.30,A,4.00,2.00,1.70,20.760,0.6956
382.30,B,7.50,0.80,0.10,24.091,0.1663
382.30,B,7.50,0.80,1.10,23.884,0.1047
382.30,B,7.50,0.80,1.70,24.232,0.0989
382.30,C,4.00,4.50,0.10,23.999,0.2510
382.30,C,4.00,4.50,1.10,24.471,0.0382
382.30,C,4.00,4.50,1.70,24.822,0.0472
382.30,D,0.50,0.80,0.10,24.091,0.1663
382.30,D,0.50,0.80,1.10,23.884,0.1047
382.30,D,0.50,0.80,1.70,24.232,0.0989
383.47,A,4.00,2.00,0.10,21.082,0.3020
383.47,A,4.00,2.00,1.10,20.881,0.7932
383.47,A,4.00,2.00,1.70,20.757,0.6955
383.47,B,7.50,0.80,0.10,24.086,0.1664
383.47,B,7.50,0.80,1.10,23.879,0.1047
383.47,B,7.50,0.80,1.70,24.227,0.0990
383.47,C,4.00,4.50,0.10,23.995,0.2511
383.47,C,4.00,4.50,1.10,24.466,0.0382
383.47,C,4.00,4.50,1.70,24.818,0.0471
383.47,D,0.50,0.80,0.10,24.086,0.1664
383.47,D,0.50,0.80,1.10,23.879,0.1047
383.47,D,0.50,0.80,1.70,24.227,0.0990
384.65,A,4.00,2.00,0.10,21.078,0.3019
384.65,A,4.00,2.00,1.10,20.877,0.7931
384.65,A,4.00,2.00,1.70,20.754,0.6954
384.65,B,7.50,0.80,0.10,24.082,0.1665
384.65,B,7.50,0.80,1.10,23.874,0.1047
384.65,B,7.50,0.80,1.70,24.222,0.0990
384.65,C,4.00,4.50,0.10,23.990,0.2512
384.65,C,4.00,4.50,1.10,24.461,0.0382
384.65,C,4.00,4.50,1.70,24.814,0.0470
384.65,D,0.50,0.80,0.10,24.082,0.1665
384.65,D,0.50,0.80,1.10,23.874,0.1047
384.65,D,0.50,0.80,1.70,24.222,0.0990
385.82,A,4.00,2.00,0.10,21.075,0.3018
385.82,A,4.00,2.00,1.10,20.874,0.7930
385.82,A,4.00,2.00,1.70,20.750,0.6953
385.82,B,7.50,0.80,0.10,24.078,0.1666
385.82,B,7.50,0.80,1.10,23.870,0.1047
385.82,B,7.50,0.80,1.70,24.217,0.0990
385.82,C,4.00,4.50,0.10,23.985,0.2514
385.82,C,4.00,4.50,1.10,24.456,0.0383
385.82,C,4.00,4.50,1.70,24.809,0.0469
385.82,D,0.50,0.80,0.10,24.078,0.1666
385.82,D,0.50,0.80,1.10,23.870,0.1047
385.82,D,0.50,0.80,1.70,24.217,0.0990
387.00,A,4.00,2.00,0.10,21.071,0.3017
387.00,A,4.00,2.00,1.10,20.870,0.7929
387.00,A,4.00,2.00,1.70,20.747,0.6953
387.00,B,7.50,0.80,0.10,24.074,0.1667
387.00,B,7.50,0.80,1.10,23.865,0.1047
387.00,B,7.50,0.80,1.70,24.212,0.0990
387.00,C,4.00,4.50,0.10,23.980,0.2515
387.00,C,4.00,4.50,1.10,24.451,0.0383
387.00,C,4.00,4.50,1.70,24.805,0.0468
387.00,D,0.50,0.80,0.10,24.074,0.1667
387.00,D,0.50,0.80,1.10,23.865,0.1047
387.00,D,0.50,0.80,1.70,24.212,0.0990
388.17,A,4.00,2.00,0.10,21.067,0.3016
388.17,A,4.00,2.00,1.10,20.867,0.7929
388.17,A,4.00,2.00,1.70,20.744,0.6952
388.17,B,7.50,0.80,0.10,24.069,0.1668
388.17,B,7.50,0.80,1.10,23.860,0.1048
388.17,B,7.50,0.80,1.70,24.207,0.0991
388.17,C,4.00,4.50,0.10,23.976,0.2516
388.17,C,4.00,4.50,1.10,24.446,0.0383
388.17,C,4.00,4.50,1.70,24.801,0.0467
388.17,D,0.50,0.80,0.10,24.069,0.1668
388.17,D,0.50,0.80,1.10,23.860,0.1048
388.17,D,0.50,0.80,1.70,24.207,0.0991
389.34,A,4.00,2.00,0.10,21.064,0.3015
389.34,A,4.00,2.00,1.10,20.863,0.7928
389.34,A,4.00,2.00,1.70,20.741,0.6951
389.34,B,7.50,0.80,0.10,24.065,0.1668
389.34,B,7.50,0.80,1.10,23.855,0.1048
389.34,B,7.50,0.80,1.70,24.202,0.0991
389.34,C,4.00,4.50,0.10,23.971,0.2517
389.34,C,4.00,4.50,1.10,24.441,0.0383
389.34,C,4.00,4.50,1.70,24.796,0.0465
389.34,D,0.50,0.80,0.10,24.065,0.1668
389.34,D,0.50,0.80,1.10,23.855,0.1048
389.34,D,0.50,0.80,1.70,24.202,0.0991
390.52,A,4.00,2.00,0.10,21.060,0.3014
390.52,A,4.00,2.00,1.10,20.860,0.7927
390.52,A,4.00,2.00,1.70,20.738,0.6950
390.52,B,7.50,0.80,0.10,24.061,0.1669
390.52,B,7.50,0.80,1.10,23.850,0.1048
390.52,B,7.50,0.80,1.70,24.197,0.0991
390.52,C,4.00,4.50,0.10,23.966,0.2518
390.52,C,4.00,4.50,1.10,24.436,0.0383
390.52,C,4.00,4.50,1.70,24.792,0.0464
390.52,D,0.50,0.80,0.10,24.061,0.1669
390.52,D,0.50,0.80,1.10,23.850,0.1048
390.52,D,0.50,0.80,1.70,24.197,0.0991
391.69,A,4.00,2.00,0.10,21.056,0.3014
391.69,A,4.00,2.00,1.10,20.856,0.7927
391.69,A,4.00,2.00,1.70,20.735,0.6949
391.69,B,7.50,0.80,0.10,24.057,0.1670
391.69,B,7.50,0.80,1.10,23.846,0.1048
391.69,B,7.50,0.80,1.70,24.192,0.0992
391.69,C,4.00,4.50,0.10,23.961,0.2519
391.69,C,4.00,4.50,1.10,24.431,0.0383
391.69,C,4.00,4.50,1.70,24.787,0.0463
391.69,D,0.50,0.80,0.10,24.057,0.1670
391.69,D,0.50,0.80,1.10,23.846,0.1048
391.69,D,0.50,0.80,1.70,24.192,0.0992
392.86,A,4.00,2.00,0.10,21.052,0.3013
392.86,A,4.00,2.00,1.10,20.852,0.7926
392.86,A,4.00,2.00,1.70,20.731,0.6949
392.86,B,7.50,0.80,0.10,24.053,0.1671
392.86,B,7.50,0.80,1.10,23.841,0.1048
392.86,B,7.50,0.80,1.70,24.188,0.0992
392.86,C,4.00,4.50,0.10,23.957,0.2519
392.86,C,4.00,4.50,1.10,24.426,0.0383
392.86,C,4.00,4.50,1.70,24.783,0.0462
392.86,D,0.50,0.80,0.10,24.053,0.1671
392.86,D,0.50,0.80,1.10,23.841,0.1048
392.86,D,0.50,0.80,1.70,24.188,0.0992
394.04,A,4.00,2.00,0.10,21.049,0.3013
394.04,A,4.00,2.00,1.10,20.849,0.7925
394.04,A,4.00,2.00,1.70,20.728,0.6948
394.04,B,7.50,0.80,0.10,24.049,0.1672
394.04,B,7.50,0.80,1.10,23.837,0.1048
394.04,B,7.50,0.80,1.70,24.183,0.0992
394.04,C,4.00,4.50,0.10,23.952,0.2520
394.04,C,4.00,4.50,1.10,24.421,0.0383
394.04,C,4.00,4.50,1.70,24.778,0.0460
394.04,D,0.50,0.80,0.10,24.049,0.1672
394.04,D,0.50,0.80,1.10,23.837,0.1048
394.04,D,0.50,0.80,1.70,24.183,0.0992
395.21,A,4.00,2.00,0.10,21.045,0.3012
395.21,A,4.00,2.00,1.10,20.845,0.7925
395.21,A,4.00,2.00,1.70,20.725,0.6948
395.21,B,7.50,0.80,0.10,24.045,0.1673
395.21,B,7.50,0.80,1.10,23.832,0.1049
395.21,B,7.50,0.80,1.70,24.178,0.0993
395.21,C,4.00,4.50,0.10,23.947,0.2521
395.21,C,4.00,4.50,1.10,24.416,0.0383
395.21,C,4.00,4.50,1.70,24.773,0.0459
395.21,D,0.50,0.80,0.10,24.045,0.1673
395.21,D,0.50,0.80,1.10,23.832,0.1049
395.21,D,0.50,0.80,1.70,24.178,0.0993
396.38,A,4.00,2.00,0.10,21.041,0.3012
396.38,A,4.00,2.00,1.10,20.842,0.7924
396.38,A,4.00,2.00,1.70,20.722,0.6947
396.38,B,7.50,0.80,0.10,24.041,0.1673
396.38,B,7.50,0.80,1.10,23.827,0.1049
396.38,B,7.50,0.80,1.70,24.174,0.0993
396.38,C,4.00,4.50,0.10,23.943,0.2522
396.38,C,4.00,4.50,1.10,24.411,0.0383
396.38,C,4.00,4.50,1.70,24.769,0.0457
396.38,D,0.50,0.80,0.10,24.041,0.1673
396.38,D,0.50,0.80,1.10,23.828,0.1049
396.38,D,0.50,0.80,1.70,24.174,0.0993
397.56,A,4.00,2.00,0.10,21.038,0.3012
397.56,A,4.00,2.00,1.10,20.838,0.7923
397.56,A,4.00,2.00,1.70,20.719,0.6946
397.56,B,7.50,0.80,0.10,24.037,0.1674
397.56,B,7.50,0.80,1.10,23.823,0.1049
397.56,B,7.50,0.80,1.70,24.169,0.0993
397.56,C,4.00,4.50,0.10,23.938,0.2522
397.56,C,4.00,4.50,1.10,24.406,0.0383
397.56,C,4.00,4.50,1.70,24.764,0.0456
397.56,D,0.50,0.80,0.10,24.037,0.1674
397.56,D,0.50,0.80,1.10,23.823,0.1049
397.56,D,0.50,0.80,1.70,24.169,0.0993
398.73,A,4.00,2.00,0.10,21.034,0.3013
398.73,A,4.00,2.00,1.10,20.835,0.7923
398.73,A,4.00,2.00,1.70,20.715,0.6946
398.73,B,7.50,0.80,0.10,24.033,0.1675
398.73,B,7.50,0.80,1.10,23.819,0.1049
398.73,B,7.50,0.80,1.70,24.165,0.0994
398.73,C,4.00,4.50,0.10,23.934,0.2523
398.73,C,4.00,4.50,1.10,24.401,0.0383
398.73,C,4.00,4.50,1.70,24.759,0.0454
398.73,D,0.50,0.80,0.10,24.033,0.1675
398.73,D,0.50,0.80,1.10,23.819,0.1049
398.73,D,0.50,0.80,1.70,24.165,0.0994
399.91,A,4.00,2.00,0.10,21.030,0.3013
399.91,A,4.00,2.00,1.10,20.832,0.7922
399.91,A,4.00,2.00,1.70,20.712,0.6945
399.91,B,7.50,0.80,0.10,24.029,0.1676
399.91,B,7.50,0.80,1.10,23.814,0.1049
399.91,B,7.50,0.80,1.70,24.160,0.0994
399.91,C,4.00,4.50,0.10,23.929,0.2523
399.91,C,4.00,4.50,1.10,24.396,0.0383
399.91,C,4.00,4.50,1.70,24.755,0.0452
399.91,D,0.50,0.80,0.10,24.029,0.1676
399.91,D,0.50,0.80,1.10,23.814,0.1049
399.91,D,0.50,0.80,1.70,24.160,0.0994
401.08,A,4.00,2.00,0.10,21.027,0.3013
401.08,A,4.00,2.00,1.10,20.829,0.7921
401.08,A,4.00,2.00,1.70,20.709,0.6945
401.08,B,7.50,0.80,0.10,24.025,0.1676
401.08,B,7.50,0.80,1.10,23.810,0.1049
401.08,B,7.50,0.80,1.70,24.156,0.0994
401.08,C,4.00,4.50,0.10,23.924,0.2523
401.08,C,4.00,4.50,1.10,24.391,0.0383
401.08,C,4.00,4.50,1.70,24.750,0.0451
401.08,D,0.50,0.80,0.10,24.025,0.1676
401.08,D,0.50,0.80,1.10,23.810,0.1049
401.08,D,0.50,0.80,1.70,24.156,0.0994
402.25,A,4.00,2.00,0.10,21.023,0.3014
402.25,A,4.00,2.00,1.10,20.825,0.7920
402.25,A,4.00,2.00,1.70,20.706,0.6944
402.25,B,7.50,0.80,0.10,24.021,0.1677
402.25,B,7.50,0.80,1.10,23.806,0.1049
402.25,B,7.50,0.80,1.70,24.152,0.0994
402.25,C,4.00,4.50,0.10,23.920,0.2523
402.25,C,4.00,4.50,1.10,24.386,0.0382
402.25,C,4.00,4.50,1.70,24.745,0.0449
402.25,D,0.50,0.80,0.10,24.021,0.1677
402.25,D,0.50,0.80,1.10,23.806,0.1049
402.25,D,0.50,0.80,1.70,24.152,0.0994
403.43,A,4.00,2.00,0.10,21.020,0.3015
403.43,A,4.00,2.00,1.10,20.822,0.7919
403.43,A,4.00,2.00,1.70,20.703,0.6943
403.43,B,7.50,0.80,0.10,24.018,0.1678
403.43,B,7.50,0.80,1.10,23.802,0.1049
403.43,B,7.50,0.80,1.70,24.147,0.0995
403.43,C,4.00,4.50,0.10,23.916,0.2523
403.43,C,4.00,4.50,1.10,24.381,0.0382
403.43,C,4.00,4.50,1.70,24.741,0.0447
403.43,D,0.50,0.80,0.10,24.018,0.1678
403.43,D,0.50,0.80,1.10,23.802,0.1049
403.43,D,0.50,0.80,1.70,24.147,0.0995
404.60,A,4.00,2.00,0.10,21.017,0.3015
404.60,A,4.00,2.00,1.10,20.819,0.7918
404.60,A,4.00,2.00,1.70,20.700,0.6943
404.60,B,7.50,0.80,0.10,24.014,0.1678
404.60,B,7.50,0.80,1.10,23.797,0.1049
404.60,B,7.50,0.80,1.70,24.143,0.0995
404.60,C,4.00,4.50,0.10,23.911,0.2523
404.60,C,4.00,4.50,1.10,24.376,0.0382
404.60,C,4.00,4.50,1.70,24.736,0.0445
404.60,D,0.50,0.80,0.10,24.014,0.1678
404.60,D,0.50,0.80,1.10,23.797,0.1049
404.60,D,0.50,0.80,1.70,24.143,0.0995
405.77,A,4.00,2.00,0.10,21.014,0.3016
405.77,A,4.00,2.00,1.10,20.816,0.7917
405.77,A,4.00,2.00,1.70,20.698,0.6942
405.77,B,7.50,0.80,0.10,24.010,0.1679
405.77,B,7.50,0.80,1.10,23.793,0.1049
405.77,B,7.50,0.80,1.70,24.139,0.0995
405.77,C,4.00,4.50,0.10,23.907,0.2522
405.77,C,4.00,4.50,1.10,24.371,0.0382
405.77,C,4.00,4.50,1.70,24.731,0.0443
405.77,D,0.50,0.80,0.10,24.010,0.1679
405.77,D,0.50,0.80,1.10,23.793,0.1049
405.77,D,0.50,0.80,1.70,24.139,0.0995
406.95,A,4.00,2.00,0.10,21.010,0.3017
406.95,A,4.00,2.00,1.10,20.814,0.7916
406.95,A,4.00,2.00,1.70,20.695,0.6942
406.95,B,7.50,0.80,0.10,24.007,0.1679
406.95,B,7.50,0.80,1.10,23.789,0.1049
406.95,B,7.50,0.80,1.70,24.135,0.0995
406.95,C,4.00,4.50,0.10,23.903,0.2521
406.95,C,4.00,4.50,1.10,24.367,0.0382
406.95,C,4.00,4.50,1.70,24.726,0.0441
406.95,D,0.50,0.80,0.10,24.007,0.1679
406.95,D,0.50,0.80,1.10,23.789,0.1049
406.95,D,0.50,0.80,1.70,24.135,0.0995
408.12,A,4.00,2.00,0.10,21.007,0.3018
408.12,A,4.00,2.00,1.10,20.811,0.7915
408.12,A,4.00,2.00,1.70,20.692,0.6941
408.12,B,7.50,0.80,0.10,24.003,0.1680
408.12,B,7.50,0.80,1.10,23.785,0.1049
408.12,B,7.50,0.80,1.70,24.131,0.0996
408.12,C,4.00,4.50,0.10,23.899,0.2520
408.12,C,4.00,4.50,1.10,24.362,0.0382
408.12,C,4.00,4.50,1.70,24.722,0.0439
408.12,D,0.50,0.80,0.10,24.003,0.1680
408.12,D,0.50,0.80,1.10,23.785,0.1049
408.12,D,0.50,0.80,1.70,24.131,0.0996
409.30,A,4.00,2.00,0.10,21.004,0.3019
409.30,A,4.00,2.00,1.10,20.808,0.7914
409.30,A,4.00,2.00,1.70,20.689,0.6941
409.30,B,7.50,0.80,0.10,23.999,0.1680
409.30,B,7.50,0.80,1.10,23.781,0.1049
409.30,B,7.50,0.80,1.70,24.126,0.0996
409.30,C,4.00,4.50,0.10,23.895,0.2519
409.30,C,4.00,4.50,1.10,24.357,0.0382
409.30,C,4.00,4.50,1.70,24.717,0.0437
409.30,D,0.50,0.80,0.10,23.999,0.1680
409.30,D,0.50,0.80,1.10,23.781,0.1049
409.30,D,0.50,0.80,1.70,24.126,0.0996
410.47,A,4.00,2.00,0.10,21.001,0.3020
410.47,A,4.00,2.00,1.10,20.805,0.7912
410.47,A,4.00,2.00,1.70,20.687,0.6940
410.47,B,7.50,0.80,0.10,23.996,0.1681
410.47,B,7.50,0.80,1.10,23.777,0.1049
410.47,B,7.50,0.80,1.70,24.122,0.0996
410.47,C,4.00,4.50,0.10,23.891,0.2518
410.47,C,4.00,4.50,1.10,24.352,0.0382
410.47,C,4.00,4.50,1.70,24.712,0.0435
410.47,D,0.50,0.80,0.10,23.996,0.1681
410.47,D,0.50,0.80,1.10,23.777,0.1049
410.47,D,0.50,0.80,1.70,24.122,0.0996
411.64,A,4.00,2.00,0.10,20.998,0.3022
411.64,A,4.00,2.00,1.10,20.803,0.7911
411.64,A,4.00,2.00,1.70,20.684,0.6939
411.64,B,7.50,0.80,0.10,23.992,0.1681
411.64,B,7.50,0.80,1.10,23.773,0.1049
411.64,B,7.50,0.80,1.70,24.118,0.0996
411.64,C,4.00,4.50,0.10,23.887,0.2517
411.64,C,4.00,4.50,1.10,24.347,0.0382
411.64,C,4.00,4.50,1.70,24.707,0.0433
411.64,D,0.50,0.80,0.10,23.992,0.1681
411.64,D,0.50,0.80,1.10,23.773,0.1049
411.64,D,0.50,0.80,1.70,24.118,0.0996
412.82,A,4.00,2.00,0.10,20.996,0.3023
412.82,A,4.00,2.00,1.10,20.800,0.7910
412.82,A,4.00,2.00,1.70,20.681,0.6938
412.82,B,7.50,0.80,0.10,23.989,0.1681
412.82,B,7.50,0.80,1.10,23.769,0.1049
412.82,B,7.50,0.80,1.70,24.114,0.0997
412.82,C,4.00,4.50,0.10,23.884,0.2515
412.82,C,4.00,4.50,1.10,24.343,0.0382
412.82,C,4.00,4.50,1.70,24.703,0.0431
412.82,D,0.50,0.80,0.10,23.989,0.1681
412.82,D,0.50,0.80,1.10,23.769,0.1049
412.82,D,0.50,0.80,1.70,24.114,0.0997
413.99,A,4.00,2.00,0.10,20.993,0.3024
413.99,A,4.00,2.00,1.10,20.798,0.7908
413.99,A,4.00,2.00,1.70,20.679,0.6938
413.99,B,7.50,0.80,0.10,23.985,0.1682
413.99,B,7.50,0.80,1.10,23.765,0.1049
413.99,B,7.50,0.80,1.70,24.110,0.0997
413.99,C,4.00,4.50,0.10,23.880,0.2513
413.99,C,4.00,4.50,1.10,24.338,0.0382
413.99,C,4.00,4.50,1.70,24.698,0.0429
413.99,D,0.50,0.80,0.10,23.985,0.1682
413.99,D,0.50,0.80,1.10,23.765,0.1049
413.99,D,0.50,0.80,1.70,24.110,0.0997
415.16,A,4.00,2.00,0.10,20.990,0.3026
415.16,A,4.00,2.00,1.10,20.796,0.7907
415.16,A,4.00,2.00,1.70,20.676,0.6937
415.16,B,7.50,0.80,0.10,23.982,0.1682
415.16,B,7.50,0.80,1.10,23.761,0.1049
415.16,B,7.50,0.80,1.70,24.106,0.0997
415.16,C,4.00,4.50,0.10,23.877,0.2511
415.16,C,4.00,4.50,1.10,24.333,0.0382
415.16,C,4.00,4.50,1.70,24.693,0.0427
415.16,D,0.50,0.80,0.10,23.982,0.1682
415.16,D,0.50,0.80,1.10,23.761,0.1049
415.16,D,0.50,0.80,1.70,24.106,0.0997
416.34,A,4.00,2.00,0.10,20.988,0.3027
416.34,A,4.00,2.00,1.10,20.794,0.7905
416.34,A,4.00,2.00,1.70,20.674,0.6936
416.34,B,7.50,0.80,0.10,23.979,0.1682
416.34,B,7.50,0.80,1.10,23.757,0.1049
416.34,B,7.50,0.80,1.70,24.102,0.0997
416.34,C,4.00,4.50,0.10,23.873,0.2509
416.34,C,4.00,4.50,1.10,24.329,0.0382
416.34,C,4.00,4.50,1.70,24.689,0.0424
416.34,D,0.50,0.80,0.10,23.979,0.1682
416.34,D,0.50,0.80,1.10,23.757,0.1049
416.34,D,0.50,0.80,1.70,24.102,0.0997
417.51,A,4.00,2.00,0.10,20.985,0.3029
417.51,A,4.00,2.00,1.10,20.791,0.7903
417.51,A,4.00,2.00,1.70,20.672,0.6935
417.51,B,7.50,0.80,0.10,23.975,0.1683
417.51,B,7.50,0.80,1.10,23.754,0.1049
417.51,B,7.50,0.80,1.70,24.098,0.0997
417.51,C,4.00,4.50,0.10,23.870,0.2506
417.51,C,4.00,4.50,1.10,24.324,0.0382
417.51,C,4.00,4.50,1.70,24.684,0.0422
417.51,D,0.50,0.80,0.10,23.975,0.1683
417.51,D,0.50,0.80,1.10,23.754,0.1049
417.51,D,0.50,0.80,1.70,24.098,0.0997
418.69,A,4.00,2.00,0.10,20.983,0.3030
418.69,A,4.00,2.00,1.10,20.789,0.7902
418.69,A,4.00,2.00,1.70,20.669,0.6934
418.69,B,7.50,0.80,0.10,23.972,0.1683
418.69,B,7.50,0.80,1.10,23.750,0.1049
418.69,B,7.50,0.80,1.70,24.095,0.0997
418.69,C,4.00,4.50,0.10,23.867,0.2504
418.69,C,4.00,4.50,1.10,24.320,0.0382
418.69,C,4.00,4.50,1.70,24.680,0.0420
418.69,D,0.50,0.80,0.10,23.972,0.1683
418.69,D,0.50,0.80,1.10,23.750,0.1049
418.69,D,0.50,0.80,1.70,24.095,0.0997
419.86,A,4.00,2.00,0.10,20.980,0.3032
419.86,A,4.00,2.00,1.10,20.787,0.7900
419.86,A,4.00,2.00,1.70,20.667,0.6933
419.86,B,7.50,0.80,0.10,23.969,0.1683
419.86,B,7.50,0.80,1.10,23.746,0.1049
419.86,B,7.50,0.80,1.70,24.091,0.0998
419.86,C,4.00,4.50,0.10,23.864,0.2501
419.86,C,4.00,4.50,1.10,24.315,0.0382
419.86,C,4.00,4.50,1.70,24.675,0.0418
419.86,D,0.50,0.80,0.10,23.969,0.1683
419.86,D,0.50,0.80,1.10,23.746,0.1049
419.86,D,0.50,0.80,1.70,24.091,0.0998
421.03,A,4.00,2.00,0.10,20.978,0.3033
421.03,A,4.00,2.00,1.10,20.786,0.7898
421.03,A,4.00,2.00,1.70,20.665,0.6932
421.03,B,7.50,0.80,0.10,23.965,0.1683
421.03,B,7.50,0.80,1.10,23.742,0.1049
421.03,B,7.50,0.80,1.70,24.087,0.0998
421.03,C,4.00,4.50,0.10,23.861,0.2498
421.03,C,4.00,4.50,1.10,24.311,0.0382
421.03,C,4.00,4.50,1.70,24.671,0.0415
421.03,D,0.50,0.80,0.10,23.965,0.1683
421.03,D,0.50,0.80,1.10,23.742,0.1049
421.03,D,0.50,0.80,1.70,24.087,0.0998
422.21,A,4.00,2.00,0.10,20.976,0.3034
422.21,A,4.00,2.00,1.10,20.784,0.7896
422.21,A,4.00,2.00,1.70,20.663,0.6931
422.21,B,7.50,0.80,0.10,23.962,0.1684
422.21,B,7.50,0.80,1.10,23.738,0.1049
422.21,B,7.50,0.80,1.70,24.083,0.0998
422.21,C,4.00,4.50,0.10,23.858,0.2496
422.21,C,4.00,4.50,1.10,24.306,0.0383
422.21,C,4.00,4.50,1.70,24.666,0.0413
422.21,D,0.50,0.80,0.10,23.962,0.1684
422.21,D,0.50,0.80,1.10,23.738,0.1049
422.21,D,0.50,0.80,1.70,24.083,0.0998
423.38,A,4.00,2.00,0.10,20.974,0.3036
423.38,A,4.00,2.00,1.10,20.782,0.7894
423.38,A,4.00,2.00,1.70,20.661,0.6930
423.38,B,7.50,0.80,0.10,23.959,0.1684
423.38,B,7.50,0.80,1.10,23.735,0.1049
423.38,B,7.50,0.80,1.70,24.079,0.0998
423.38,C,4.00,4.50,0.10,23.855,0.2493
423.38,C,4.00,4.50,1.10,24.302,0.0383
423.38,C,4.00,4.50,1.70,24.662,0.0410
423.38,D,0.50,0.80,0.10,23.959,0.1684
423.38,D,0.50,0.80,1.10,23.735,0.1049
423.38,D,0.50,0.80,1.70,24.079,0.0998
424.55,A,4.00,2.00,0.10,20.972,0.3037
424.55,A,4.00,2.00,1.10,20.780,0.7892
424.55,A,4.00,2.00,1.70,20.659,0.6929
424.55,B,7.50,0.80,0.10,23.955,0.1684
424.55,B,7.50,0.80,1.10,23.731,0.1048
424.55,B,7.50,0.80,1.70,24.075,0.0998
424.55,C,4.00,4.50,0.10,23.852,0.2490
424.55,C,4.00,4.50,1.10,24.298,0.0383
424.55,C,4.00,4.50,1.70,24.658,0.0408
424.55,D,0.50,0.80,0.10,23.955,0.1684
424.55,D,0.50,0.80,1.10,23.731,0.1048
424.55,D,0.50,0.80,1.70,24.075,0.0998
425.73,A,4.00,2.00,0.10,20.970,0.3039
425.73,A,4.00,2.00,1.10,20.779,0.7890
425.73,A,4.00,2.00,1.70,20.657,0.6928
425.73,B,7.50,0.80,0.10,23.952,0.1685
425.73,B,7.50,0.80,1.10,23.727,0.1048
425.73,B,7.50,0.80,1.70,24.071,0.0998
425.73,C,4.00,4.50,0.10,23.849,0.2487
425.73,C,4.00,4.50,1.10,24.294,0.0383
425.73,C,4.00,4.50,1.70,24.654,0.0406
425.73,D,0.50,0.80,0.10,23.952,0.1685
425.73,D,0.50,0.80,1.10,23.727,0.1048
425.73,D,0.50,0.80,1.70,24.071,0.0998
426.90,A,4.00,2.00,0.10,20.968,0.3040
426.90,A,4.00,2.00,1.10,20.777,0.7887
426.90,A,4.00,2.00,1.70,20.655,0.6927
426.90,B,7.50,0.80,0.10,23.949,0.1685
426.90,B,7.50,0.80,1.10,23.723,0.1048
426.90,B,7.50,0.80,1.70,24.067,0.0998
426.90,C,4.00,4.50,0.10,23.846,0.2484
426.90,C,4.00,4.50,1.10,24.289,0.0383
426.90,C,4.00,4.50,1.70,24.649,0.0403
426.90,D,0.50,0.80,0.10,23.949,0.1685
426.90,D,0.50,0.80,1.10,23.723,0.1048
426.90,D,0.50,0.80,1.70,24.067,0.0998
428.07,A,4.00,2.00,0.10,20.966,0.3041
428.07,A,4.00,2.00,1.10,20.776,0.7885
428.07,A,4.00,2.00,1.70,20.653,0.6925
428.07,B,7.50,0.80,0.10,23.946,0.1685
428.07,B,7.50,0.80,1.10,23.720,0.1048
428.07,B,7.50,0.80,1.70,24.063,0.0998
428.07,C,4.00,4.50,0.10,23.844,0.2480
428.07,C,4.00,4.50,1.10,24.285,0.0383
428.07,C,4.00,4.50,1.70,24.645,0.0401
428.07,D,0.50,0.80,0.10,23.946,0.1685
428.07,D,0.50,0.80,1.10,23.720,0.1048
428.07,D,0.50,0.80,1.70,24.063,0.0998
429.25,A,4.00,2.00,0.10,20.964,0.3042
429.25,A,4.00,2.00,1.10,20.775,0.7883
429.25,A,4.00,2.00,1.70,20.651,0.6924
429.25,B,7.50,0.80,0.10,23.942,0.1685
429.25,B,7.50,0.80,1.10,23.716,0.1048
429.25,B,7.50,0.80,1.70,24.059,0.0998
429.25,C,4.00,4.50,0.10,23.841,0.2477
429.25,C,4.00,4.50,1.10,24.281,0.0383
429.25,C,4.00,4.50,1.70,24.641,0.0399
429.25,D,0.50,0.80,0.10,23.942,0.1685
429.25,D,0.50,0.80,1.10,23.716,0.1048
429.25,D,0.50,0.80,1.70,24.059,0.0998
430.42,A,4.00,2.00,0.10,20.962,0.3044
430.42,A,4.00,2.00,1.10,20.774,0.7881
430.42,A,4.00,2.00,1.70,20.650,0.6923
430.42,B,7.50,0.80,0.10,23.939,0.1686
430.42,B,7.50,0.80,1.10,23.712,0.1048
430.42,B,7.50,0.80,1.70,24.055,0.0998
430.42,C,4.00,4.50,0.10,23.839,0.2474
430.42,C,4.00,4.50,1.10,24.277,0.0383
430.42,C,4.00,4.50,1.70,24.637,0.0396
430.42,D,0.50,0.80,0.10,23.939,0.1686
430.42,D,0.50,0.80,1.10,23.712,0.1048
430.42,D,0.50,0.80,1.70,24.055,0.0998
431.60,A,4.00,2.00,0.10,20.961,0.3045
431.60,A,4.00,2.00,1.10,20.772,0.7878
431.60,A,4.00,2.00,1.70,20.648,0.6922
431.60,B,7.50,0.80,0.10,23.936,0.1686
431.60,B,7.50,0.80,1.10,23.708,0.1048
431.60,B,7.50,0.80,1.70,24.051,0.0998
431.60,C,4.00,4.50,0.10,23.836,0.2471
431.60,C,4.00,4.50,1.10,24.273,0.0383
431.60,C,4.00,4.50,1.70,24.633,0.0394
431.60,D,0.50,0.80,0.10,23.936,0.1686
431.60,D,0.50,0.80,1.10,23.708,0.1048
431.60,D,0.50,0.80,1.70,24.051,0.0998
432.77,A,4.00,2.00,0.10,20.959,0.3046
432.77,A,4.00,2.00,1.10,20.771,0.7876
432.77,A,4.00,2.00,1.70,20.647,0.6920
432.77,B,7.50,0.80,0.10,23.933,0.1686
432.77,B,7.50,0.80,1.10,23.705,0.1048
432.77,B,7.50,0.80,1.70,24.047,0.0998
432.77,C,4.00,4.50,0.10,23.834,0.2468
432.77,C,4.00,4.50,1.10,24.269,0.0384
432.77,C,4.00,4.50,1.70,24.629,0.0392
432.77,D,0.50,0.80,0.10,23.933,0.1686
432.77,D,0.50,0.80,1.10,23.705,0.1048
432.77,D,0.50,0.80,1.70,24.047,0.0998
433.94,A,4.00,2.00,0.10,20.958,0.3046
433.94,A,4.00,2.00,1.10,20.770,0.7873
433.94,A,4.00,2.00,1.70,20.645,0.6919
433.94,B,7.50,0.80,0.10,23.930,0.1686
433.94,B,7.50,0.80,1.10,23.701,0.1048
433.94,B,7.50,0.80,1.70,24.043,0.0998
433.94,C,4.00,4.50,0.10,23.831,0.2464
433.94,C,4.00,4.50,1.10,24.266,0.0384
433.94,C,4.00,4.50,1.70,24.625,0.0390
433.94,D,0.50,0.80,0.10,23.930,0.1686
433.94,D,0.50,0.80,1.10,23.701,0.1048
433.94,D,0.50,0.80,1.70,24.043,0.0998
435.12,A,4.00,2.00,0.10,20.956,0.3047
435.12,A,4.00,2.00,1.10,20.769,0.7871
435.12,A,4.00,2.00,1.70,20.644,0.6917
435.12,B,7.50,0.80,0.10,23.926,0.1687
435.12,B,7.50,0.80,1.10,23.697,0.1048
435.12,B,7.50,0.80,1.70,24.039,0.0998
435.12,C,4.00,4.50,0.10,23.829,0.2461
435.12,C,4.00,4.50,1.10,24.262,0.0384
435.12,C,4.00,4.50,1.70,24.621,0.0387
435.12,D,0.50,0.80,0.10,23.926,0.1687
435.12,D,0.50,0.80,1.10,23.697,0.1048
435.12,D,0.50,0.80,1.70,24.039,0.0998
436.29,A,4.00,2.00,0.10,20.955,0.3048
436.29,A,4.00,2.00,1.10,20.768,0.7869
436.29,A,4.00,2.00,1.70,20.642,0.6916
436.29,B,7.50,0.80,0.10,23.923,0.1687
436.29,B,7.50,0.80,1.10,23.693,0.1047
436.29,B,7.50,0.80,1.70,24.035,0.0998
436.29,C,4.00,4.50,0.10,23.827,0.2458
436.29,C,4.00,4.50,1.10,24.258,0.0384
436.29,C,4.00,4.50,1.70,24.618,0.0385
436.29,D,0.50,0.80,0.10,23.923,0.1687
436.29,D,0.50,0.80,1.10,23.693,0.1047
436.29,D,0.50,0.80,1.70,24.035,0.0998
437.46,A,4.00,2.00,0.10,20.953,0.3048
437.46,A,4.00,2.00,1.10,20.767,0.7866
437.46,A,4.00,2.00,1.70,20.641,0.6915
437.46,B,7.50,0.80,0.10,23.920,0.1687
437.46,B,7.50,0.80,1.10,23.690,0.1047
437.46,B,7.50,0.80,1.70,24.031,0.0998
437.46,C,4.00,4.50,0.10,23.824,0.2455
437.46,C,4.00,4.50,1.10,24.255,0.0384
437.46,C,4.00,4.50,1.70,24.614,0.0383
437.46,D,0.50,0.80,0.10,23.920,0.1687
437.46,D,0.50,0.80,1.10,23.690,0.1047
437.46,D,0.50,0.80,1.70,24.031,0.0998
438.64,A,4.00,2.00,0.10,20.952,0.3048
438.64,A,4.00,2.00,1.10,20.766,0.7864
438.64,A,4.00,2.00,1.70,20.639,0.6913
438.64,B,7.50,0.80,0.10,23.917,0.1687
438.64,B,7.50,0.80,1.10,23.686,0.1047
438.64,B,7.50,0.80,1.70,24.027,0.0998
438.64,C,4.00,4.50,0.10,23.822,0.2452
438.64,C,4.00,4.50,1.10,24.251,0.0384
438.64,C,4.00,4.50,1.70,24.610,0.0381
438.64,D,0.50,0.80,0.10,23.917,0.1687
438.64,D,0.50,0.80,1.10,23.686,0.1047
438.64,D,0.50,0.80,1.70,24.027,0.0998
439.81,A,4.00,2.00,0.10,20.951,0.3049
439.81,A,4.00,2.00,1.10,20.765,0.7862
439.81,A,4.00,2.00,1.70,20.638,0.6912
439.81,B,7.50,0.80,0.10,23.914,0.1688
439.81,B,7.50,0.80,1.10,23.682,0.1047
439.81,B,7.50,0.80,1.70,24.023,0.0998
439.81,C,4.00,4.50,0.10,23.820,0.2449
439.81,C,4.00,4.50,1.10,24.247,0.0385
439.81,C,4.00,4.50,1.70,24.607,0.0378
439.81,D,0.50,0.80,0.10,23.914,0.1688
439.81,D,0.50,0.80,1.10,23.682,0.1047
439.81,D,0.50,0.80,1.70,24.023,0.0998
440.99,A,4.00,2.00,0.10,20.949,0.3049
440.99,A,4.00,2.00,1.10,20.764,0.7859
440.99,A,4.00,2.00,1.70,20.637,0.6911
440.99,B,7.50,0.80,0.10,23.910,0.1688
440.99,B,7.50,0.80,1.10,23.678,0.1047
440.99,B,7.50,0.80,1.70,24.019,0.0998
440.99,C,4.00,4.50,0.10,23.818,0.2446
440.99,C,4.00,4.50,1.10,24.244,0.0385
440.99,C,4.00,4.50,1.70,24.603,0.0376
440.99,D,0.50,0.80,0.10,23.910,0.1688
440.99,D,0.50,0.80,1.10,23.678,0.1047
440.99,D,0.50,0.80,1.70,24.019,0.0998
442.16,A,4.00,2.00,0.10,20.948,0.3048
442.16,A,4.00,2.00,1.10,20.763,0.7857
442.16,A,4.00,2.00,1.70,20.635,0.6909
442.16,B,7.50,0.80,0.10,23.907,0.1688
442.16,B,7.50,0.80,1.10,23.675,0.1047
442.16,B,7.50,0.80,1.70,24.015,0.0998
442.16,C,4.00,4.50,0.10,23.815,0.2444
442.16,C,4.00,4.50,1.10,24.240,0.0385
442.16,C,4.00,4.50,1.70,24.599,0.0374
442.16,D,0.50,0.80,0.10,23.907,0.1688
442.16,D,0.50,0.80,1.10,23.675,0.1047
442.16,D,0.50,0.80,1.70,24.015,0.0998
443.33,A,4.00,2.00,0.10,20.947,0.3048
443.33,A,4.00,2.00,1.10,20.762,0.7855
443.33,A,4.00,2.00,1.70,20.634,0.6908
443.33,B,7.50,0.80,0.10,23.904,0.1689
443.33,B,7.50,0.80,1.10,23.671,0.1047
443.33,B,7.50,0.80,1.70,24.011,0.0998
443.33,C,4.00,4.50,0.10,23.813,0.2441
443.33,C,4.00,4.50,1.10,24.237,0.0385
443.33,C,4.00,4.50,1.70,24.596,0.0372
443.33,D,0.50,0.80,0.10,23.904,0.1689
443.33,D,0.50,0.80,1.10,23.671,0.1047
443.33,D,0.50,0.80,1.70,24.011,0.0998
444.51,A,4.00,2.00,0.10,20.946,0.3048
444.51,A,4.00,2.00,1.10,20.761,0.7853
444.51,A,4.00,2.00,1.70,20.633,0.6906
444.51,B,7.50,0.80,0.10,23.901,0.1689
444.51,B,7.50,0.80,1.10,23.667,0.1047
444.51,B,7.50,0.80,1.70,24.007,0.0998
444.51,C,4.00,4.50,0.10,23.811,0.2439
444.51,C,4.00,4.50,1.10,24.234,0.0385
444.51,C,4.00,4.50,1.70,24.592,0.0370
444.51,D,0.50,0.80,0.10,23.901,0.1689
444.51,D,0.50,0.80,1.10,23.667,0.1047
444.51,D,0.50,0.80,1.70,24.007,0.0998
445.68,A,4.00,2.00,0.10,20.944,0.3047
445.68,A,4.00,2.00,1.10,20.760,0.7851
445.68,A,4.00,2.00,1.70,20.631,0.6905
445.68,B,7.50,0.80,0.10,23.898,0.1690
445.68,B,7.50,0.80,1.10,23.663,0.1047
445.68,B,7.50,0.80,1.70,24.003,0.0998
445.68,C,4.00,4.50,0.10,23.809,0.2437
445.68,C,4.00,4.50,1.10,24.230,0.0385
445.68,C,4.00,4.50,1.70,24.589,0.0368
445.68,D,0.50,0.80,0.10,23.898,0.1690
445.68,D,0.50,0.80,1.10,23.663,0.1047
445.68,D,0.50,0.80,1.70,24.003,0.0998
446.85,A,4.00,2.00,0.10,20.943,0.3046
446.85,A,4.00,2.00,1.10,20.759,0.7849
446.85,A,4.00,2.00,1.70,20.630,0.6904
446.85,B,7.50,0.80,0.10,23.894,0.1690
446.85,B,7.50,0.80,1.10,23.659,0.1047
446.85,B,7.50,0.80,1.70,23.999,0.0998
446.85,C,4.00,4.50,0.10,23.806,0.2435
446.85,C,4.00,4.50,1.10,24.227,0.0385
446.85,C,4.00,4.50,1.70,24.585,0.0366
446.85,D,0.50,0.80,0.10,23.895,0.1690
446.85,D,0.50,0.80,1.10,23.659,0.1047
446.85,D,0.50,0.80,1.70,23.999,0.0998
448.03,A,4.00,2.00,0.10,20.941,0.3045
448.03,A,4.00,2.00,1.10,20.758,0.7847
448.03,A,4.00,2.00,1.70,20.629,0.6903
448.03,B,7.50,0.80,0.10,23.891,0.1690
448.03,B,7.50,0.80,1.10,23.656,0.1047
448.03,B,7.50,0.80,1.70,23.995,0.0998
448.03,C,4.00,4.50,0.10,23.804,0.2433
448.03,C,4.00,4.50,1.10,24.224,0.0385
448.03,C,4.00,4.50,1.70,24.582,0.0364
448.03,D,0.50,0.80,0.10,23.891,0.1690
448.03,D,0.50,0.80,1.10,23.656,0.1047
448.03,D,0.50,0.80,1.70,23.995,0.0998
449.20,A,4.00,2.00,0.10,20.940,0.3044
449.20,A,4.00,2.00,1.10,20.756,0.7846
449.20,A,4.00,2.00,1.70,20.627,0.6901
449.20,B,7.50,0.80,0.10,23.888,0.1691
449.20,B,7.50,0.80,1.10,23.652,0.1047
449.20,B,7.50,0.80,1.70,23.990,0.0998
449.20,C,4.00,4.50,0.10,23.802,0.2432
449.20,C,4.00,4.50,1.10,24.221,0.0385
449.20,C,4.00,4.50,1.70,24.579,0.0361
449.20,D,0.50,0.80,0.10,23.888,0.1691
449.20,D,0.50,0.80,1.10,23.652,0.1047
449.20,D,0.50,0.80,1.70,23.990,0.0998
450.38,A,4.00,2.00,0.10,20.938,0.3043
450.38,A,4.00,2.00,1.10,20.755,0.7844
450.38,A,4.00,2.00,1.70,20.626,0.6900
450.38,B,7.50,0.80,0.10,23.885,0.1691
450.38,B,7.50,0.80,1.10,23.648,0.1047
450.38,B,7.50,0.80,1.70,23.986,0.0998
450.38,C,4.00,4.50,0.10,23.799,0.2430
450.38,C,4.00,4.50,1.10,24.217,0.0385
450.38,C,4.00,4.50,1.70,24.575,0.0359
450.38,D,0.50,0.80,0.10,23.885,0.1691
450.38,D,0.50,0.80,1.10,23.648,0.1047
450.38,D,0.50,0.80,1.70,23.986,0.0998
451.55,A,4.00,2.00,0.10,20.937,0.3042
451.55,A,4.00,2.00,1.10,20.754,0.7842
451.55,A,4.00,2.00,1.70,20.625,0.6899
451.55,B,7.50,0.80,0.10,23.882,0.1692
451.55,B,7.50,0.80,1.10,23.644,0.1047
451.55,B,7.50,0.80,1.70,23.982,0.0998
451.55,C,4.00,4.50,0.10,23.797,0.2429
451.55,C,4.00,4.50,1.10,24.214,0.0385
451.55,C,4.00,4.50,1.70,24.572,0.0357
451.55,D,0.50,0.80,0.10,23.882,0.1692
451.55,D,0.50,0.80,1.10,23.644,0.1047
451.55,D,0.50,0.80,1.70,23.982,0.0998
452.72,A,4.00,2.00,0.10,20.935,0.3040
452.72,A,4.00,2.00,1.10,20.752,0.7841
452.72,A,4.00,2.00,1.70,20.623,0.6898
452.72,B,7.50,0.80,0.10,23.879,0.1692
452.72,B,7.50,0.80,1.10,23.640,0.1047
452.72,B,7.50,0.80,1.70,23.978,0.0998
452.72,C,4.00,4.50,0.10,23.794,0.2428
452.72,C,4.00,4.50,1.10,24.211,0.0385
452.72,C,4.00,4.50,1.70,24.568,0.0355
452.72,D,0.50,0.80,0.10,23.879,0.1692
452.72,D,0.50,0.80,1.10,23.640,0.1047
452.72,D,0.50,0.80,1.70,23.978,0.0998
453.90,A,4.00,2.00,0.10,20.934,0.3039
453.90,A,4.00,2.00,1.10,20.751,0.7840
453.90,A,4.00,2.00,1.70,20.622,0.6897
453.90,B,7.50,0.80,0.10,23.875,0.1693
453.90,B,7.50,0.80,1.10,23.637,0.1047
453.90,B,7.50,0.80,1.70,23.974,0.0998
453.90,C,4.00,4.50,0.10,23.792,0.2427
453.90,C,4.00,4.50,1.10,24.208,0.0385
453.90,C,4.00,4.50,1.70,24.565,0.0353
453.90,D,0.50,0.80,0.10,23.875,0.1693
453.90,D,0.50,0.80,1.10,23.637,0.1047
453.90,D,0.50,0.80,1.70,23.974,0.0998
455.07,A,4.00,2.00,0.10,20.932,0.3037
455.07,A,4.00,2.00,1.10,20.749,0.7838
455.07,A,4.00,2.00,1.70,20.620,0.6895
455.07,B,7.50,0.80,0.10,23.872,0.1694
455.07,B,7.50,0.80,1.10,23.633,0.1047
455.07,B,7.50,0.80,1.70,23.970,0.0998
455.07,C,4.00,4.50,0.10,23.789,0.2426
455.07,C,4.00,4.50,1.10,24.205,0.0385
455.07,C,4.00,4.50,1.70,24.562,0.0351
455.07,D,0.50,0.80,0.10,23.872,0.1694
455.07,D,0.50,0.80,1.10,23.633,0.1047
455.07,D,0.50,0.80,1.70,23.970,0.0998
456.24,A,4.00,2.00,0.10,20.930,0.3036
456.24,A,4.00,2.00,1.10,20.747,0.7837
456.24,A,4.00,2.00,1.70,20.619,0.6894
456.24,B,7.50,0.80,0.10,23.869,0.1694
456.24,B,7.50,0.80,1.10,23.629,0.1047
456.24,B,7.50,0.80,1.70,23.966,0.0999
456.24,C,4.00,4.50,0.10,23.787,0.2426
456.24,C,4.00,4.50,1.10,24.202,0.0385
456.24,C,4.00,4.50,1.70,24.558,0.0349
456.24,D,0.50,0.80,0.10,23.869,0.1694
456.24,D,0.50,0.80,1.10,23.629,0.1047
456.24,D,0.50,0.80,1.70,23.966,0.0999
457.42,A,4.00,2.00,0.10,20.929,0.3034
457.42,A,4.00,2.00,1.10,20.745,0.7836
457.42,A,4.00,2.00,1.70,20.617,0.6893
457.42,B,7.50,0.80,0.10,23.866,0.1695
457.42,B,7.50,0.80,1.10,23.625,0.1047
457.42,B,7.50,0.80,1.70,23.962,0.0999
457.42,C,4.00,4.50,0.10,23.784,0.2426
457.42,C,4.00,4.50,1.10,24.199,0.0385
457.42,C,4.00,4.50,1.70,24.555,0.0347
457.42,D,0.50,0.80,0.10,23.866,0.1695
457.42,D,0.50,0.80,1.10,23.625,0.1047
457.42,D,0.50,0.80,1.70,23.962,0.0999
458.59,A,4.00,2.00,0.10,20.927,0.3032
458.59,A,4.00,2.00,1.10,20.744,0.7835
458.59,A,4.00,2.00,1.70,20.615,0.6892
458.59,B,7.50,0.80,0.10,23.863,0.1696
458.59,B,7.50,0.80,1.10,23.622,0.1047
458.59,B,7.50,0.80,1.70,23.958,0.0999
458.59,C,4.00,4.50,0.10,23.781,0.2426
458.59,C,4.00,4.50,1.10,24.196,0.0385
458.59,C,4.00,4.50,1.70,24.551,0.0345
458.59,D,0.50,0.80,0.10,23.863,0.1696
458.59,D,0.50,0.80,1.10,23.622,0.1047
458.59,D,0.50,0.80,1.70,23.958,0.0999
459.76,A,4.00,2.00,0.10,20.925,0.3031
459.76,A,4.00,2.00,1.10,20.742,0.7834
459.76,A,4.00,2.00,1.70,20.614,0.6891
459.76,B,7.50,0.80,0.10,23.860,0.1697
459.76,B,7.50,0.80,1.10,23.618,0.1048
459.76,B,7.50,0.80,1.70,23.954,0.0999
459.76,C,4.00,4.50,0.10,23.778,0.2426
459.76,C,4.00,4.50,1.10,24.193,0.0385
459.76,C,4.00,4.50,1.70,24.548,0.0343
459.76,D,0.50,0.80,0.10,23.860,0.1696
459.76,D,0.50,0.80,1.10,23.618,0.1047
459.76,D,0.50,0.80,1.70,23.954,0.0999
460.94,A,4.00,2.00,0.10,20.923,0.3029
460.94,A,4.00,2.00,1.10,20.740,0.7833
460.94,A,4.00,2.00,1.70,20.612,0.6891
460.94,B,7.50,0.80,0.10,23.856,0.1697
460.94,B,7.50,0.80,1.10,23.614,0.1048
460.94,B,7.50,0.80,1.70,23.950,0.0999
460.94,C,4.00,4.50,0.10,23.775,0.2426
460.94,C,4.00,4.50,1.10,24.190,0.0384
460.94,C,4.00,4.50,1.70,24.544,0.0342
460.94,D,0.50,0.80,0.10,23.856,0.1697
460.94,D,0.50,0.80,1.10,23.614,0.1048
460.94,D,0.50,0.80,1.70,23.950,0.0999
462.11,A,4.00,2.00,0.10,20.921,0.3027
462.11,A,4.00,2.00,1.10,20.738,0.7833
462.11,A,4.00,2.00,1.70,20.610,0.6890
462.11,B,7.50,0.80,0.10,23.853,0.1698
462.11,B,7.50,0.80,1.10,23.611,0.1048
462.11,B,7.50,0.80,1.70,23.946,0.0999
462.11,C,4.00,4.50,0.10,23.772,0.2427
462.11,C,4.00,4.50,1.10,24.187,0.0384
462.11,C,4.00,4.50,1.70,24.541,0.0340
462.11,D,0.50,0.80,0.10,23.853,0.1698
462.11,D,0.50,0.80,1.10,23.611,0.1048
462.11,D,0.50,0.80,1.70,23.946,0.0999
463.29,A,4.00,2.00,0.10,20.919,0.3025
463.29,A,4.00,2.00,1.10,20.735,0.7832
463.29,A,4.00,2.00,1.70,20.608,0.6889
463.29,B,7.50,0.80,0.10,23.850,0.1699
463.29,B,7.50,0.80,1.10,23.607,0.1048
463.29,B,7.50,0.80,1.70,23.942,0.1000
463.29,C,4.00,4.50,0.10,23.769,0.2428
463.29,C,4.00,4.50,1.10,24.183,0.0384
463.29,C,4.00,4.50,1.70,24.537,0.0338
463.29,D,0.50,0.80,0.10,23.850,0.1699
463.29,D,0.50,0.80,1.10,23.607,0.1048
463.29,D,0.50,0.80,1.70,23.942,0.1000
464.46,A,4.00,2.00,0.10,20.916,0.3023
464.46,A,4.00,2.00,1.10,20.733,0.7831
464.46,A,4.00,2.00,1.70,20.607,0.6888
464.46,B,7.50,0.80,0.10,23.847,0.1700
464.46,B,7.50,0.80,1.10,23.603,0.1048
464.46,B,7.50,0.80,1.70,23.938,0.1000
464.46,C,4.00,4.50,0.10,23.766,0.2429
464.46,C,4.00,4.50,1.10,24.180,0.0384
464.46,C,4.00,4.50,1.70,24.534,0.0336
464.46,D,0.50,0.80,0.10,23.847,0.1700
464.46,D,0.50,0.80,1.10,23.603,0.1048
464.46,D,0.50,0.80,1.70,23.938,0.1000
465.63,A,4.00,2.00,0.10,20.914,0.3021
465.63,A,4.00,2.00,1.10,20.731,0.7831
465.63,A,4.00,2.00,1.70,20.605,0.6887
465.63,B,7.50,0.80,0.10,23.844,0.1701
465.63,B,7.50,0.80,1.10,23.600,0.1048
465.63,B,7.50,0.80,1.70,23.934,0.1000
465.63,C,4.00,4.50,0.10,23.763,0.2430
465.63,C,4.00,4.50,1.10,24.177,0.0383
465.63,C,4.00,4.50,1.70,24.530,0.0334
465.63,D,0.50,0.80,0.10,23.844,0.1701
465.63,D,0.50,0.80,1.10,23.600,0.1048
465.63,D,0.50,0.80,1.70,23.934,0.1000
466.81,A,4.00,2.00,0.10,20.912,0.3020
466.81,A,4.00,2.00,1.10,20.729,0.7830
466.81,A,4.00,2.00,1.70,20.603,0.6887
466.81,B,7.50,0.80,0.10,23.841,0.1702
466.81,B,7.50,0.80,1.10,23.596,0.1048
466.81,B,7.50,0.80,1.70,23.930,0.1000
466.81,C,4.00,4.50,0.10,23.760,0.2431
466.81,C,4.00,4.50,1.10,24.174,0.0383
466.81,C,4.00,4.50,1.70,24.527,0.0332
466.81,D,0.50,0.80,0.10,23.841,0.1702
466.81,D,0.50,0.80,1.10,23.596,0.1048
466.81,D,0.50,0.80,1.70,23.930,0.1000
467.98,A,4.00,2.00,0.10,20.909,0.3018
467.98,A,4.00,2.00,1.10,20.726,0.7830
467.98,A,4.00,2.00,1.70,20.601,0.6886
467.98,B,7.50,0.80,0.10,23.838,0.1702
467.98,B,7.50,0.80,1.10,23.592,0.1049
467.98,B,7.50,0.80,1.70,23.926,0.1000
467.98,C,4.00,4.50,0.10,23.757,0.2432
467.98,C,4.00,4.50,1.10,24.171,0.0383
467.98,C,4.00,4.50,1.70,24.523,0.0330
467.98,D,0.50,0.80,0.10,23.838,0.1702
467.98,D,0.50,0.80,1.10,23.592,0.1049
467.98,D,0.50,0.80,1.70,23.926,0.1000
469.15,A,4.00,2.00,0.10,20.907,0.3016
469.15,A,4.00,2.00,1.10,20.724,0.7829
469.15,A,4.00,2.00,1.70,20.599,0.6885
469.15,B,7.50,0.80,0.10,23.835,0.1703
469.15,B,7.50,0.80,1.10,23.589,0.1049
469.15,B,7.50,0.80,1.70,23.922,0.1001
469.15,C,4.00,4.50,0.10,23.753,0.2434
469.15,C,4.00,4.50,1.10,24.168,0.0382
469.15,C,4.00,4.50,1.70,24.519,0.0328
469.15,D,0.50,0.80,0.10,23.835,0.1703
469.15,D,0.50,0.80,1.10,23.589,0.1049
469.15,D,0.50,0.80,1.70,23.922,0.1001
470.33,A,4.00,2.00,0.10,20.904,0.3015
470.33,A,4.00,2.00,1.10,20.721,0.7829
470.33,A,4.00,2.00,1.70,20.597,0.6885
470.33,B,7.50,0.80,0.10,23.832,0.1704
470.33,B,7.50,0.80,1.10,23.585,0.1049
470.33,B,7.50,0.80,1.70,23.919,0.1001
470.33,C,4.00,4.50,0.10,23.750,0.2436
470.33,C,4.00,4.50,1.10,24.165,0.0382
470.33,C,4.00,4.50,1.70,24.516,0.0326
470.33,D,0.50,0.80,0.10,23.832,0.1704
470.33,D,0.50,0.80,1.10,23.585,0.1049
470.33,D,0.50,0.80,1.70,23.919,0.1001
471.50,A,4.00,2.00,0.10,20.902,0.3014
471.50,A,4.00,2.00,1.10,20.719,0.7829
471.50,A,4.00,2.00,1.70,20.594,0.6884
471.50,B,7.50,0.80,0.10,23.829,0.1705
471.50,B,7.50,0.80,1.10,23.582,0.1049
471.50,B,7.50,0.80,1.70,23.915,0.1001
471.50,C,4.00,4.50,0.10,23.746,0.2438
471.50,C,4.00,4.50,1.10,24.161,0.0381
471.50,C,4.00,4.50,1.70,24.512,0.0324
471.50,D,0.50,0.80,0.10,23.829,0.1705
471.50,D,0.50,0.80,1.10,23.582,0.1049
471.50,D,0.50,0.80,1.70,23.915,0.1001
472.68,A,4.00,2.00,0.10,20.899,0.3013
472.68,A,4.00,2.00,1.10,20.716,0.7828
472.68,A,4.00,2.00,1.70,20.592,0.6883
472.68,B,7.50,0.80,0.10,23.826,0.1706
472.68,B,7.50,0.80,1.10,23.578,0.1049
472.68,B,7.50,0.80,1.70,23.911,0.1001
472.68,C,4.00,4.50,0.10,23.743,0.2439
472.68,C,4.00,4.50,1.10,24.158,0.0381
472.68,C,4.00,4.50,1.70,24.508,0.0322
472.68,D,0.50,0.80,0.10,23.826,0.1706
472.68,D,0.50,0.80,1.10,23.578,0.1049
472.68,D,0.50,0.80,1.70,23.911,0.1001
473.85,A,4.00,2.00,0.10,20.897,0.3012
473.85,A,4.00,2.00,1.10,20.714,0.7828
473.85,A,4.00,2.00,1.70,20.590,0.6883
473.85,B,7.50,0.80,0.10,23.823,0.1707
473.85,B,7.50,0.80,1.10,23.575,0.1049
473.85,B,7.50,0.80,1.70,23.907,0.1002
473.85,C,4.00,4.50,0.10,23.739,0.2441
473.85,C,4.00,4.50,1.10,24.155,0.0381
473.85,C,4.00,4.50,1.70,24.504,0.0321
473.85,D,0.50,0.80,0.10,23.823,0.1707
473.85,D,0.50,0.80,1.10,23.575,0.1049
473.85,D,0.50,0.80,1.70,23.907,0.1002
475.02,A,4.00,2.00,0.10,20.894,0.3011
475.02,A,4.00,2.00,1.10,20.712,0.7827
475.02,A,4.00,2.00,1.70,20.588,0.6882
475.02,B,7.50,0.80,0.10,23.820,0.1708
475.02,B,7.50,0.80,1.10,23.571,0.1050
475.02,B,7.50,0.80,1.70,23.904,0.1002
475.02,C,4.00,4.50,0.10,23.736,0.2443
475.02,C,4.00,4.50,1.10,24.152,0.0380
475.02,C,4.00,4.50,1.70,24.500,0.0319
475.02,D,0.50,0.80,0.10,23.820,0.1708
475.02,D,0.50,0.80,1.10,23.571,0.1050
475.02,D,0.50,0.80,1.70,23.904,0.1002
476.20,A,4.00,2.00,0.10,20.892,0.3010
476.20,A,4.00,2.00,1.10,20.709,0.7827
476.20,A,4.00,2.00,1.70,20.586,0.6882
476.20,B,7.50,0.80,0.10,23.817,0.1709
476.20,B,7.50,0.80,1.10,23.568,0.1050
476.20,B,7.50,0.80,1.70,23.900,0.1002
476.20,C,4.00,4.50,0.10,23.732,0.2445
476.20,C,4.00,4.50,1.10,24.148,0.0380
476.20,C,4.00,4.50,1.70,24.496,0.0317
476.20,D,0.50,0.80,0.10,23.817,0.1709
476.20,D,0.50,0.80,1.10,23.568,0.1050
476.20,D,0.50,0.80,1.70,23.900,0.1002
477.37,A,4.00,2.00,0.10,20.889,0.3009
477.37,A,4.00,2.00,1.10,20.707,0.7827
477.37,A,4.00,2.00,1.70,20.584,0.6881
477.37,B,7.50,0.80,0.10,23.814,0.1710
477.37,B,7.50,0.80,1.10,23.565,0.1050
477.37,B,7.50,0.80,1.70,23.897,0.1003
477.37,C,4.00,4.50,0.10,23.729,0.2447
477.37,C,4.00,4.50,1.10,24.145,0.0379
477.37,C,4.00,4.50,1.70,24.492,0.0315
477.37,D,0.50,0.80,0.10,23.814,0.1710
477.37,D,0.50,0.80,1.10,23.565,0.1050
477.37,D,0.50,0.80,1.70,23.897,0.1003
478.55,A,4.00,2.00,0.10,20.887,0.3008
478.55,A,4.00,2.00,1.10,20.704,0.7826
478.55,A,4.00,2.00,1.70,20.582,0.6881
478.55,B,7.50,0.80,0.10,23.811,0.1711
478.55,B,7.50,0.80,1.10,23.561,0.1050
478.55,B,7.50,0.80,1.70,23.893,0.1003
478.55,C,4.00,4.50,0.10,23.725,0.2449
478.55,C,4.00,4.50,1.10,24.142,0.0378
478.55,C,4.00,4.50,1.70,24.488,0.0313
478.55,D,0.50,0.80,0.10,23.811,0.1711
478.55,D,0.50,0.80,1.10,23.561,0.1050
478.55,D,0.50,0.80,1.70,23.893,0.1003
479.72,A,4.00,2.00,0.10,20.884,0.3008
479.72,A,4.00,2.00,1.10,20.702,0.7826
479.72,A,4.00,2.00,1.70,20.580,0.6880
479.72,B,7.50,0.80,0.10,23.808,0.1712
479.72,B,7.50,0.80,1.10,23.558,0.1051
479.72,B,7.50,0.80,1.70,23.890,0.1003
479.72,C,4.00,4.50,0.10,23.722,0.2451
479.72,C,4.00,4.50,1.10,24.138,0.0378
479.72,C,4.00,4.50,1.70,24.484,0.0311
479.72,D,0.50,0.80,0.10,23.808,0.1712
479.72,D,0.50,0.80,1.10,23.558,0.1051
479.72,D,0.50,0.80,1.70,23.890,0.1003
480.89,A,4.00,2.00,0.10,20.881,0.3008
480.89,A,4.00,2.00,1.10,20.699,0.7825
480.89,A,4.00,2.00,1.70,20.578,0.6879
480.89,B,7.50,0.80,0.10,23.805,0.1713
480.89,B,7.50,0.80,1.10,23.555,0.1051
480.89,B,7.50,0.80,1.70,23.886,0.1004
480.89,C,4.00,4.50,0.10,23.718,0.2453
480.89,C,4.00,4.50,1.10,24.135,0.0377
480.89,C,4.00,4.50,1.70,24.480,0.0309
480.89,D,0.50,0.80,0.10,23.805,0.1713
480.89,D,0.50,0.80,1.10,23.555,0.1051
480.89,D,0.50,0.80,1.70,23.886,0.1004
482.07,A,4.00,2.00,0.10,20.879,0.3007
482.07,A,4.00,2.00,1.10,20.697,0.7825
482.07,A,4.00,2.00,1.70,20.575,0.6879
482.07,B,7.50,0.80,0.10,23.802,0.1714
482.07,B,7.50,0.80,1.10,23.552,0.1051
482.07,B,7.50,0.80,1.70,23.883,0.1004
482.07,C,4.00,4.50,0.10,23.714,0.2454
482.07,C,4.00,4.50,1.10,24.131,0.0377
482.07,C,4.00,4.50,1.70,24.476,0.0307
482.07,D,0.50,0.80,0.10,23.802,0.1714
482.07,D,0.50,0.80,1.10,23.552,0.1051
482.07,D,0.50,0.80,1.70,23.883,0.1004
483.24,A,4.00,2.00,0.10,20.876,0.3007
483.24,A,4.00,2.00,1.10,20.695,0.7824
483.24,A,4.00,2.00,1.70,20.573,0.6878
483.24,B,7.50,0.80,0.10,23.799,0.1715
483.24,B,7.50,0.80,1.10,23.549,0.1051
483.24,B,7.50,0.80,1.70,23.879,0.1004
483.24,C,4.00,4.50,0.10,23.711,0.2456
483.24,C,4.00,4.50,1.10,24.128,0.0376
483.24,C,4.00,4.50,1.70,24.472,0.0306
483.24,D,0.50,0.80,0.10,23.799,0.1715
483.24,D,0.50,0.80,1.10,23.549,0.1051
483.24,D,0.50,0.80,1.70,23.879,0.1004
484.41,A,4.00,2.00,0.10,20.874,0.3007
484.41,A,4.00,2.00,1.10,20.693,0.7824
484.41,A,4.00,2.00,1.70,20.571,0.6878
484.41,B,7.50,0.80,0.10,23.796,0.1715
484.41,B,7.50,0.80,1.10,23.545,0.1051
484.41,B,7.50,0.80,1.70,23.876,0.1004
484.41,C,4.00,4.50,0.10,23.707,0.2458
484.41,C,4.00,4.50,1.10,24.124,0.0375
484.41,C,4.00,4.50,1.70,24.468,0.0304
484.41,D,0.50,0.80,0.10,23.796,0.1715
484.41,D,0.50,0.80,1.10,23.545,0.1051
484.41,D,0.50,0.80,1.70,23.876,0.1004
485.59,A,4.00,2.00,0.10,20.872,0.3008
485.59,A,4.00,2.00,1.10,20.691,0.7823
485.59,A,4.00,2.00,1.70,20.569,0.6877
485.59,B,7.50,0.80,0.10,23.794,0.1716
485.59,B,7.50,0.80,1.10,23.542,0.1052
485.59,B,7.50,0.80,1.70,23.873,0.1005
485.59,C,4.00,4.50,0.10,23.704,0.2459
485.59,C,4.00,4.50,1.10,24.121,0.0375
485.59,C,4.00,4.50,1.70,24.464,0.0302
485.59,D,0.50,0.80,0.10,23.794,0.1716
485.59,D,0.50,0.80,1.10,23.542,0.1052
485.59,D,0.50,0.80,1.70,23.873,0.1005
486.76,A,4.00,2.00,0.10,20.869,0.3008
486.76,A,4.00,2.00,1.10,20.689,0.7822
486.76,A,4.00,2.00,1.70,20.567,0.6877
486.76,B,7.50,0.80,0.10,23.791,0.1717
486.76,B,7.50,0.80,1.10,23.539,0.1052
486.76,B,7.50,0.80,1.70,23.870,0.1005
486.76,C,4.00,4.50,0.10,23.700,0.2461
486.76,C,4.00,4.50,1.10,24.117,0.0374
486.76,C,4.00,4.50,1.70,24.459,0.0300
486.76,D,0.50,0.80,0.10,23.791,0.1717
486.76,D,0.50,0.80,1.10,23.539,0.1052
486.76,D,0.50,0.80,1.70,23.870,0.1005
487.93,A,4.00,2.00,0.10,20.867,0.3008
487.93,A,4.00,2.00,1.10,20.687,0.7822
487.93,A,4.00,2.00,1.70,20.565,0.6876
487.93,B,7.50,0.80,0.10,23.788,0.1718
487.93,B,7.50,0.80,1.10,23.536,0.1052
487.93,B,7.50,0.80,1.70,23.866,0.1005
487.93,C,4.00,4.50,0.10,23.697,0.2462
487.93,C,4.00,4.50,1.10,24.114,0.0373
487.93,C,4.00,4.50,1.70,24.455,0.0298
487.93,D,0.50,0.80,0.10,23.788,0.1718
487.93,D,0.50,0.80,1.10,23.536,0.1052
487.93,D,0.50,0.80,1.70,23.866,0.1005
489.11,A,4.00,2.00,0.10,20.865,0.3009
489.11,A,4.00,2.00,1.10,20.685,0.7821
489.11,A,4.00,2.00,1.70,20.564,0.6876
489.11,B,7.50,0.80,0.10,23.786,0.1719
489.11,B,7.50,0.80,1.10,23.533,0.1052
489.11,B,7.50,0.80,1.70,23.863,0.1006
489.11,C,4.00,4.50,0.10,23.693,0.2464
489.11,C,4.00,4.50,1.10,24.110,0.0373
489.11,C,4.00,4.50,1.70,24.451,0.0297
489.11,D,0.50,0.80,0.10,23.786,0.1719
489.11,D,0.50,0.80,1.10,23.533,0.1052
489.11,D,0.50,0.80,1.70,23.863,0.1006
490.28,A,4.00,2.00,0.10,20.863,0.3009
490.28,A,4.00,2.00,1.10,20.683,0.7820
490.28,A,4.00,2.00,1.70,20.562,0.6875
490.28,B,7.50,0.80,0.10,23.783,0.1719
490.28,B,7.50,0.80,1.10,23.530,0.1052
490.28,B,7.50,0.80,1.70,23.860,0.1006
490.28,C,4.00,4.50,0.10,23.690,0.2465
490.28,C,4.00,4.50,1.10,24.107,0.0372
490.28,C,4.00,4.50,1.70,24.447,0.0295
490.28,D,0.50,0.80,0.10,23.783,0.1719
490.28,D,0.50,0.80,1.10,23.530,0.1052
490.28,D,0.50,0.80,1.70,23.860,0.1006
491.45,A,4.00,2.00,0.10,20.861,0.3010
491.45,A,4.00,2.00,1.10,20.681,0.7819
491.45,A,4.00,2.00,1.70,20.560,0.6875
491.45,B,7.50,0.80,0.10,23.780,0.1720
491.45,B,7.50,0.80,1.10,23.527,0.1053
491.45,B,7.50,0.80,1.70,23.857,0.1006
491.45,C,4.00,4.50,0.10,23.687,0.2466
491.45,C,4.00,4.50,1.10,24.103,0.0371
491.45,C,4.00,4.50,1.70,24.442,0.0293
491.45,D,0.50,0.80,0.10,23.780,0.1720
491.45,D,0.50,0.80,1.10,23.527,0.1053
491.45,D,0.50,0.80,1.70,23.857,0.1006
492.63,A,4.00,2.00,0.10,20.859,0.3011
492.63,A,4.00,2.00,1.10,20.679,0.7818
492.63,A,4.00,2.00,1.70,20.558,0.6874
492.63,B,7.50,0.80,0.10,23.778,0.1721
492.63,B,7.50,0.80,1.10,23.524,0.1053
492.63,B,7.50,0.80,1.70,23.854,0.1007
492.63,C,4.00,4.50,0.10,23.683,0.2467
492.63,C,4.00,4.50,1.10,24.099,0.0371
492.63,C,4.00,4.50,1.70,24.438,0.0291
492.63,D,0.50,0.80,0.10,23.778,0.1721
492.63,D,0.50,0.80,1.10,23.524,0.1053
492.63,D,0.50,0.80,1.70,23.854,0.1007
493.80,A,4.00,2.00,0.10,20.857,0.3012
493.80,A,4.00,2.00,1.10,20.678,0.7817
493.80,A,4.00,2.00,1.70,20.556,0.6874
493.80,B,7.50,0.80,0.10,23.775,0.1721
493.80,B,7.50,0.80,1.10,23.522,0.1053
493.80,B,7.50,0.80,1.70,23.851,0.1007
493.80,C,4.00,4.50,0.10,23.680,0.2468
493.80,C,4.00,4.50,1.10,24.096,0.0370
493.80,C,4.00,4.50,1.70,24.434,0.0290
493.80,D,0.50,0.80,0.10,23.775,0.1721
493.80,D,0.50,0.80,1.10,23.522,0.1053
493.80,D,0.50,0.80,1.70,23.851,0.1007
494.98,A,4.00,2.00,0.10,20.855,0.3013
494.98,A,4.00,2.00,1.10,20.676,0.7816
494.98,A,4.00,2.00,1.70,20.555,0.6873
494.98,B,7.50,0.80,0.10,23.773,0.1722
494.98,B,7.50,0.80,1.10,23.519,0.1053
494.98,B,7.50,0.80,1.70,23.848,0.1007
494.98,C,4.00,4.50,0.10,23.677,0.2469
494.98,C,4.00,4.50,1.10,24.092,0.0369
494.98,C,4.00,4.50,1.70,24.429,0.0288
494.98,D,0.50,0.80,0.10,23.773,0.1722
494.98,D,0.50,0.80,1.10,23.519,0.1053
494.98,D,0.50,0.80,1.70,23.848,0.1007
496.15,A,4.00,2.00,0.10,20.853,0.3014
496.15,A,4.00,2.00,1.10,20.675,0.7814
496.15,A,4.00,2.00,1.70,20.553,0.6872
496.15,B,7.50,0.80,0.10,23.770,0.1722
496.15,B,7.50,0.80,1.10,23.516,0.1053
496.15,B,7.50,0.80,1.70,23.845,0.1007
496.15,C,4.00,4.50,0.10,23.674,0.2469
496.15,C,4.00,4.50,1.10,24.089,0.0369
496.15,C,4.00,4.50,1.70,24.425,0.0286
496.15,D,0.50,0.80,0.10,23.770,0.1722
496.15,D,0.50,0.80,1.10,23.516,0.1053
496.15,D,0.50,0.80,1.70,23.845,0.1007
497.32,A,4.00,2.00,0.10,20.851,0.3016
497.32,A,4.00,2.00,1.10,20.674,0.7813
497.32,A,4.00,2.00,1.70,20.552,0.6872
497.32,B,7.50,0.80,0.10,23.768,0.1723
497.32,B,7.50,0.80,1.10,23.513,0.1054
497.32,B,7.50,0.80,1.70,23.842,0.1008
497.32,C,4.00,4.50,0.10,23.671,0.2469
497.32,C,4.00,4.50,1.10,24.085,0.0368
497.32,C,4.00,4.50,1.70,24.421,0.0285
497.32,D,0.50,0.80,0.10,23.768,0.1723
497.32,D,0.50,0.80,1.10,23.513,0.1054
497.32,D,0.50,0.80,1.70,23.842,0.1008
498.50,A,4.00,2.00,0.10,20.850,0.3017
498.50,A,4.00,2.00,1.10,20.673,0.7812
498.50,A,4.00,2.00,1.70,20.550,0.6871
498.50,B,7.50,0.80,0.10,23.765,0.1723
498.50,B,7.50,0.80,1.10,23.510,0.1054
498.50,B,7.50,0.80,1.70,23.839,0.1008
498.50,C,4.00,4.50,0.10,23.668,0.2470
498.50,C,4.00,4.50,1.10,24.082,0.0367
498.50,C,4.00,4.50,1.70,24.417,0.0283
498.50,D,0.50,0.80,0.10,23.765,0.1723
498.50,D,0.50,0.80,1.10,23.510,0.1054
498.50,D,0.50,0.80,1.70,23.839,0.1008
499.67,A,4.00,2.00,0.10,20.848,0.3018
499.67,A,4.00,2.00,1.10,20.671,0.7810
499.67,A,4.00,2.00,1.70,20.549,0.6870
499.67,B,7.50,0.80,0.10,23.763,0.1724
499.67,B,7.50,0.80,1.10,23.508,0.1054
499.67,B,7.50,0.80,1.70,23.836,0.1008
499.67,C,4.00,4.50,0.10,23.665,0.2470
499.67,C,4.00,4.50,1.10,24.078,0.0367
499.67,C,4.00,4.50,1.70,24.412,0.0282
499.67,D,0.50,0.80,0.10,23.763,0.1724
499.67,D,0.50,0.80,1.10,23.507,0.1054
499.67,D,0.50,0.80,1.70,23.836,0.1008
500.85,A,4.00,2.00,0.10,20.847,0.3020
500.85,A,4.00,2.00,1.10,20.670,0.7809
500.85,A,4.00,2.00,1.70,20.547,0.6869
500.85,B,7.50,0.80,0.10,23.761,0.1724
500.85,B,7.50,0.80,1.10,23.505,0.1054
500.85,B,7.50,0.80,1.70,23.833,0.1008
500.85,C,4.00,4.50,0.10,23.662,0.2470
500.85,C,4.00,4.50,1.10,24.075,0.0366
500.85,C,4.00,4.50,1.70,24.408,0.0280
500.85,D,0.50,0.80,0.10,23.761,0.1724
500.85,D,0.50,0.80,1.10,23.505,0.1054
500.85,D,0.50,0.80,1.70,23.833,0.1008
502.02,A,4.00,2.00,0.10,20.845,0.3021
502.02,A,4.00,2.00,1.10,20.670,0.7807
502.02,A,4.00,2.00,1.70,20.546,0.6869
502.02,B,7.50,0.80,0.10,23.758,0.1724
502.02,B,7.50,0.80,1.10,23.502,0.1054
502.02,B,7.50,0.80,1.70,23.831,0.1008
502.02,C,4.00,4.50,0.10,23.660,0.2469
502.02,C,4.00,4.50,1.10,24.071,0.0366
502.02,C,4.00,4.50,1.70,24.404,0.0279
502.02,D,0.50,0.80,0.10,23.758,0.1724
502.02,D,0.50,0.80,1.10,23.502,0.1054
502.02,D,0.50,0.80,1.70,23.831,0.1008
503.19,A,4.00,2.00,0.10,20.844,0.3022
503.19,A,4.00,2.00,1.10,20.669,0.7805
503.19,A,4.00,2.00,1.70,20.545,0.6868
503.19,B,7.50,0.80,0.10,23.756,0.1725
503.19,B,7.50,0.80,1.10,23.499,0.1054
503.19,B,7.50,0.80,1.70,23.828,0.1009
503.19,C,4.00,4.50,0.10,23.657,0.2469
503.19,C,4.00,4.50,1.10,24.068,0.0365
503.19,C,4.00,4.50,1.70,24.400,0.0277
503.19,D,0.50,0.80,0.10,23.756,0.1725
503.19,D,0.50,0.80,1.10,23.499,0.1054
503.19,D,0.50,0.80,1.70,23.828,0.1009
504.37,A,4.00,2.00,0.10,20.843,0.3023
504.37,A,4.00,2.00,1.10,20.668,0.7804
504.37,A,4.00,2.00,1.70,20.544,0.6867
504.37,B,7.50,0.80,0.10,23.754,0.1725
504.37,B,7.50,0.80,1.10,23.497,0.1054
504.37,B,7.50,0.80,1.70,23.825,0.1009
504.37,C,4.00,4.50,0.10,23.654,0.2468
504.37,C,4.00,4.50,1.10,24.064,0.0364
504.37,C,4.00,4.50,1.70,24.395,0.0276
504.37,D,0.50,0.80,0.10,23.754,0.1725
504.37,D,0.50,0.80,1.10,23.497,0.1054
504.37,D,0.50,0.80,1.70,23.825,0.1009
505.54,A,4.00,2.00,0.10,20.842,0.3025
505.54,A,4.00,2.00,1.10,20.667,0.7802
505.54,A,4.00,2.00,1.70,20.543,0.6866
505.54,B,7.50,0.80,0.10,23.751,0.1725
505.54,B,7.50,0.80,1.10,23.494,0.1054
505.54,B,7.50,0.80,1.70,23.822,0.1009
505.54,C,4.00,4.50,0.10,23.652,0.2468
505.54,C,4.00,4.50,1.10,24.061,0.0364
505.54,C,4.00,4.50,1.70,24.391,0.0274
505.54,D,0.50,0.80,0.10,23.751,0.1725
505.54,D,0.50,0.80,1.10,23.494,0.1054
505.54,D,0.50,0.80,1.70,23.822,0.1009
506.71,A,4.00,2.00,0.10,20.841,0.3026
506.71,A,4.00,2.00,1.10,20.667,0.7800
506.71,A,4.00,2.00,1.70,20.542,0.6865
506.71,B,7.50,0.80,0.10,23.749,0.1726
506.71,B,7.50,0.80,1.10,23.491,0.1055
506.71,B,7.50,0.80,1.70,23.819,0.1009
506.71,C,4.00,4.50,0.10,23.649,0.2467
506.71,C,4.00,4.50,1.10,24.057,0.0363
506.71,C,4.00,4.50,1.70,24.387,0.0273
506.71,D,0.50,0.80,0.10,23.749,0.1726
506.71,D,0.50,0.80,1.10,23.491,0.1055
506.71,D,0.50,0.80,1.70,23.819,0.1009
507.89,A,4.00,2.00,0.10,20.840,0.3027
507.89,A,4.00,2.00,1.10,20.666,0.7798
507.89,A,4.00,2.00,1.70,20.541,0.6864
507.89,B,7.50,0.80,0.10,23.747,0.1726
507.89,B,7.50,0.80,1.10,23.489,0.1055
507.89,B,7.50,0.80,1.70,23.817,0.1009
507.89,C,4.00,4.50,0.10,23.647,0.2466
507.89,C,4.00,4.50,1.10,24.054,0.0363
507.89,C,4.00,4.50,1.70,24.383,0.0272
507.89,D,0.50,0.80,0.10,23.747,0.1726
507.89,D,0.50,0.80,1.10,23.489,0.1055
507.89,D,0.50,0.80,1.70,23.817,0.1009
509.06,A,4.00,2.00,0.10,20.839,0.3028
509.06,A,4.00,2.00,1.10,20.666,0.7796
509.06,A,4.00,2.00,1.70,20.540,0.6864
509.06,B,7.50,0.80,0.10,23.745,0.1726
509.06,B,7.50,0.80,1.10,23.486,0.1055
509.06,B,7.50,0.80,1.70,23.814,0.1010
509.06,C,4.00,4.50,0.10,23.645,0.2465
509.06,C,4.00,4.50,1.10,24.051,0.0362
509.06,C,4.00,4.50,1.70,24.379,0.0270
509.06,D,0.50,0.80,0.10,23.745,0.1726
509.06,D,0.50,0.80,1.10,23.486,0.1055
509.06,D,0.50,0.80,1.70,23.814,0.1010
510.24,A,4.00,2.00,0.10,20.838,0.3030
510.24,A,4.00,2.00,1.10,20.665,0.7794
510.24,A,4.00,2.00,1.70,20.539,0.6863
510.24,B,7.50,0.80,0.10,23.743,0.1726
510.24,B,7.50,0.80,1.10,23.483,0.1055
510.24,B,7.50,0.80,1.70,23.811,0.1010
510.24,C,4.00,4.50,0.10,23.643,0.2464
510.24,C,4.00,4.50,1.10,24.047,0.0362
510.24,C,4.00,4.50,1.70,24.375,0.0269
510.24,D,0.50,0.80,0.10,23.743,0.1726
510.24,D,0.50,0.80,1.10,23.483,0.1055
510.24,D,0.50,0.80,1.70,23.811,0.1010
511.41,A,4.00,2.00,0.10,20.837,0.3031
511.41,A,4.00,2.00,1.10,20.665,0.7792
511.41,A,4.00,2.00,1.70,20.538,0.6862
511.41,B,7.50,0.80,0.10,23.740,0.1726
511.41,B,7.50,0.80,1.10,23.481,0.1055
511.41,B,7.50,0.80,1.70,23.809,0.1010
511.41,C,4.00,4.50,0.10,23.640,0.2462
511.41,C,4.00,4.50,1.10,24.044,0.0361
511.41,C,4.00,4.50,1.70,24.371,0.0268
511.41,D,0.50,0.80,0.10,23.740,0.1726
511.41,D,0.50,0.80,1.10,23.481,0.1055
511.41,D,0.50,0.80,1.70,23.809,0.1010
512.58,A,4.00,2.00,0.10,20.836,0.3032
512.58,A,4.00,2.00,1.10,20.665,0.7790
512.58,A,4.00,2.00,1.70,20.537,0.6861
512.58,B,7.50,0.80,0.10,23.738,0.1727
512.58,B,7.50,0.80,1.10,23.478,0.1055
512.58,B,7.50,0.80,1.70,23.806,0.1010
512.58,C,4.00,4.50,0.10,23.638,0.2461
512.58,C,4.00,4.50,1.10,24.041,0.0360
512.58,C,4.00,4.50,1.70,24.367,0.0267
512.58,D,0.50,0.80,0.10,23.738,0.1727
512.58,D,0.50,0.80,1.10,23.478,0.1055
512.58,D,0.50,0.80,1.70,23.806,0.1010
513.76,A,4.00,2.00,0.10,20.836,0.3033
513.76,A,4.00,2.00,1.10,20.665,0.7788
513.76,A,4.00,2.00,1.70,20.537,0.6860
513.76,B,7.50,0.80,0.10,23.736,0.1727
513.76,B,7.50,0.80,1.10,23.475,0.1055
513.76,B,7.50,0.80,1.70,23.803,0.1010
513.76,C,4.00,4.50,0.10,23.636,0.2459
513.76,C,4.00,4.50,1.10,24.038,0.0360
513.76,C,4.00,4.50,1.70,24.363,0.0265
513.76,D,0.50,0.80,0.10,23.736,0.1727
513.76,D,0.50,0.80,1.10,23.475,0.1055
513.76,D,0.50,0.80,1.70,23.803,0.1010
514.93,A,4.00,2.00,0.10,20.835,0.3034
514.93,A,4.00,2.00,1.10,20.664,0.7786
514.93,A,4.00,2.00,1.70,20.536,0.6859
514.93,B,7.50,0.80,0.10,23.734,0.1727
514.93,B,7.50,0.80,1.10,23.473,0.1055
514.93,B,7.50,0.80,1.70,23.800,0.1010
514.93,C,4.00,4.50,0.10,23.634,0.2458
514.93,C,4.00,4.50,1.10,24.035,0.0359
514.93,C,4.00,4.50,1.70,24.360,0.0264
514.93,D,0.50,0.80,0.10,23.734,0.1727
514.93,D,0.50,0.80,1.10,23.473,0.1055
514.93,D,0.50,0.80,1.70,23.800,0.1010
516.10,A,4.00,2.00,0.10,20.835,0.3034
516.10,A,4.00,2.00,1.10,20.664,0.7784
516.10,A,4.00,2.00,1.70,20.535,0.6858
516.10,B,7.50,0.80,0.10,23.732,0.1727
516.10,B,7.50,0.80,1.10,23.470,0.1055
516.10,B,7.50,0.80,1.70,23.798,0.1010
516.10,C,4.00,4.50,0.10,23.632,0.2456
516.10,C,4.00,4.50,1.10,24.032,0.0359
516.10,C,4.00,4.50,1.70,24.356,0.0263
516.10,D,0.50,0.80,0.10,23.732,0.1727
516.10,D,0.50,0.80,1.10,23.470,0.1055
516.10,D,0.50,0.80,1.70,23.798,0.1010
517.28,A,4.00,2.00,0.10,20.834,0.3035
517.28,A,4.00,2.00,1.10,20.664,0.7782
517.28,A,4.00,2.00,1.70,20.534,0.6857
517.28,B,7.50,0.80,0.10,23.730,0.1727
517.28,B,7.50,0.80,1.10,23.468,0.1055
517.28,B,7.50,0.80,1.70,23.795,0.1010
517.28,C,4.00,4.50,0.10,23.631,0.2455
517.28,C,4.00,4.50,1.10,24.029,0.0358
517.28,C,4.00,4.50,1.70,24.352,0.0262
517.28,D,0.50,0.80,0.10,23.730,0.1727
517.28,D,0.50,0.80,1.10,23.468,0.1055
517.28,D,0.50,0.80,1.70,23.795,0.1010
518.45,A,4.00,2.00,0.10,20.833,0.3036
518.45,A,4.00,2.00,1.10,20.664,0.7780
518.45,A,4.00,2.00,1.70,20.534,0.6856
518.45,B,7.50,0.80,0.10,23.727,0.1727
518.45,B,7.50,0.80,1.10,23.465,0.1055
518.45,B,7.50,0.80,1.70,23.792,0.1010
518.45,C,4.00,4.50,0.10,23.629,0.2453
518.45,C,4.00,4.50,1.10,24.026,0.0358
518.45,C,4.00,4.50,1.70,24.349,0.0261
518.45,D,0.50,0.80,0.10,23.727,0.1727
518.45,D,0.50,0.80,1.10,23.465,0.1055
518.45,D,0.50,0.80,1.70,23.792,0.1010
519.62,A,4.00,2.00,0.10,20.833,0.3036
519.62,A,4.00,2.00,1.10,20.663,0.7778
519.62,A,4.00,2.00,1.70,20.533,0.6855
519.62,B,7.50,0.80,0.10,23.725,0.1728
519.62,B,7.50,0.80,1.10,23.462,0.1055
519.62,B,7.50,0.80,1.70,23.790,0.1010
519.62,C,4.00,4.50,0.10,23.627,0.2451
519.62,C,4.00,4.50,1.10,24.023,0.0358
519.62,C,4.00,4.50,1.70,24.345,0.0260
519.62,D,0.50,0.80,0.10,23.725,0.1728
519.62,D,0.50,0.80,1.10,23.462,0.1055
519.62,D,0.50,0.80,1.70,23.790,0.1010
520.80,A,4.00,2.00,0.10,20.832,0.3037
520.80,A,4.00,2.00,1.10,20.663,0.7776
520.80,A,4.00,2.00,1.70,20.532,0.6854
520.80,B,7.50,0.80,0.10,23.723,0.1728
520.80,B,7.50,0.80,1.10,23.460,0.1056
520.80,B,7.50,0.80,1.70,23.787,0.1010
520.80,C,4.00,4.50,0.10,23.625,0.2450
520.80,C,4.00,4.50,1.10,24.020,0.0357
520.80,C,4.00,4.50,1.70,24.342,0.0259
520.80,D,0.50,0.80,0.10,23.723,0.1728
520.80,D,0.50,0.80,1.10,23.460,0.1056
520.80,D,0.50,0.80,1.70,23.787,0.1010
521.97,A,4.00,2.00,0.10,20.832,0.3037
521.97,A,4.00,2.00,1.10,20.663,0.7775
521.97,A,4.00,2.00,1.70,20.532,0.6853
521.97,B,7.50,0.80,0.10,23.721,0.1728
521.97,B,7.50,0.80,1.10,23.457,0.1056
521.97,B,7.50,0.80,1.70,23.784,0.1011
521.97,C,4.00,4.50,0.10,23.623,0.2448
521.97,C,4.00,4.50,1.10,24.018,0.0357
521.97,C,4.00,4.50,1.70,24.338,0.0258
521.97,D,0.50,0.80,0.10,23.721,0.1728
521.97,D,0.50,0.80,1.10,23.457,0.1056
521.97,D,0.50,0.80,1.70,23.784,0.1011
523.15,A,4.00,2.00,0.10,20.831,0.3037
523.15,A,4.00,2.00,1.10,20.663,0.7773
523.15,A,4.00,2.00,1.70,20.531,0.6852
523.15,B,7.50,0.80,0.10,23.719,0.1728
523.15,B,7.50,0.80,1.10,23.454,0.1056
523.15,B,7.50,0.80,1.70,23.781,0.1011
523.15,C,4.00,4.50,0.10,23.622,0.2446
523.15,C,4.00,4.50,1.10,24.015,0.0356
523.15,C,4.00,4.50,1.70,24.335,0.0257
523.15,D,0.50,0.80,0.10,23.719,0.1728
523.15,D,0.50,0.80,1.10,23.454,0.1056
523.15,D,0.50,0.80,1.70,23.781,0.1011
524.32,A,4.00,2.00,0.10,20.831,0.3037
524.32,A,4.00,2.00,1.10,20.662,0.7771
524.32,A,4.00,2.00,1.70,20.530,0.6851
524.32,B,7.50,0.80,0.10,23.717,0.1728
524.32,B,7.50,0.80,1.10,23.452,0.1056
524.32,B,7.50,0.80,1.70,23.779,0.1011
524.32,C,4.00,4.50,0.10,23.620,0.2445
524.32,C,4.00,4.50,1.10,24.012,0.0356
524.32,C,4.00,4.50,1.70,24.332,0.0256
524.32,D,0.50,0.80,0.10,23.717,0.1728
524.32,D,0.50,0.80,1.10,23.452,0.1056
524.32,D,0.50,0.80,1.70,23.779,0.1011
525.49,A,4.00,2.00,0.10,20.830,0.3037
525.49,A,4.00,2.00,1.10,20.662,0.7769
525.49,A,4.00,2.00,1.70,20.530,0.6850
525.49,B,7.50,0.80,0.10,23.715,0.1728
525.49,B,7.50,0.80,1.10,23.449,0.1056
525.49,B,7.50,0.80,1.70,23.776,0.1011
525.49,C,4.00,4.50,0.10,23.618,0.2443
525.49,C,4.00,4.50,1.10,24.010,0.0355
525.49,C,4.00,4.50,1.70,24.328,0.0255
525.49,D,0.50,0.80,0.10,23.715,0.1728
525.49,D,0.50,0.80,1.10,23.449,0.1056
525.49,D,0.50,0.80,1.70,23.776,0.1011
526.67,A,4.00,2.00,0.10,20.830,0.3037
526.67,A,4.00,2.00,1.10,20.662,0.7768
526.67,A,4.00,2.00,1.70,20.529,0.6849
526.67,B,7.50,0.80,0.10,23.713,0.1729
526.67,B,7.50,0.80,1.10,23.447,0.1056
526.67,B,7.50,0.80,1.70,23.773,0.1011
526.67,C,4.00,4.50,0.10,23.617,0.2442
526.67,C,4.00,4.50,1.10,24.007,0.0355
526.67,C,4.00,4.50,1.70,24.325,0.0254
526.67,D,0.50,0.80,0.10,23.713,0.1729
526.67,D,0.50,0.80,1.10,23.447,0.1056
526.67,D,0.50,0.80,1.70,23.773,0.1011
527.84,A,4.00,2.00,0.10,20.829,0.3037
527.84,A,4.00,2.00,1.10,20.661,0.7766
527.84,A,4.00,2.00,1.70,20.528,0.6848
527.84,B,7.50,0.80,0.10,23.710,0.1729
527.84,B,7.50,0.80,1.10,23.444,0.1056
527.84,B,7.50,0.80,1.70,23.770,0.1011
527.84,C,4.00,4.50,0.10,23.615,0.2440
527.84,C,4.00,4.50,1.10,24.004,0.0355
527.84,C,4.00,4.50,1.70,24.322,0.0253
527.84,D,0.50,0.80,0.10,23.710,0.1729
527.84,D,0.50,0.80,1.10,23.444,0.1056
527.84,D,0.50,0.80,1.70,23.770,0.1011
529.01,A,4.00,2.00,0.10,20.829,0.3037
529.01,A,4.00,2.00,1.10,20.661,0.7764
529.01,A,4.00,2.00,1.70,20.528,0.6848
529.01,B,7.50,0.80,0.10,23.708,0.1729
529.01,B,7.50,0.80,1.10,23.441,0.1056
529.01,B,7.50,0.80,1.70,23.768,0.1011
529.01,C,4.00,4.50,0.10,23.613,0.2439
529.01,C,4.00,4.50,1.10,24.002,0.0354
529.01,C,4.00,4.50,1.70,24.319,0.0252
529.01,D,0.50,0.80,0.10,23.708,0.1729
529.01,D,0.50,0.80,1.10,23.441,0.1056
529.01,D,0.50,0.80,1.70,23.768,0.1011
530.19,A,4.00,2.00,0.10,20.828,0.3036
530.19,A,4.00,2.00,1.10,20.661,0.7763
530.19,A,4.00,2.00,1.70,20.527,0.6847
530.19,B,7.50,0.80,0.10,23.706,0.1729
530.19,B,7.50,0.80,1.10,23.439,0.1056
530.19,B,7.50,0.80,1.70,23.765,0.1011
530.19,C,4.00,4.50,0.10,23.611,0.2437
530.19,C,4.00,4.50,1.10,24.000,0.0354
530.19,C,4.00,4.50,1.70,24.316,0.0251
530.19,D,0.50,0.80,0.10,23.706,0.1729
530.19,D,0.50,0.80,1.10,23.439,0.1056
530.19,D,0.50,0.80,1.70,23.765,0.1011
531.36,A,4.00,2.00,0.10,20.828,0.3036
531.36,A,4.00,2.00,1.10,20.660,0.7761
531.36,A,4.00,2.00,1.70,20.526,0.6846
531.36,B,7.50,0.80,0.10,23.704,0.1730
531.36,B,7.50,0.80,1.10,23.436,0.1056
531.36,B,7.50,0.80,1.70,23.762,0.1011
531.36,C,4.00,4.50,0.10,23.610,0.2436
531.36,C,4.00,4.50,1.10,23.997,0.0353
531.36,C,4.00,4.50,1.70,24.313,0.0250
531.36,D,0.50,0.80,0.10,23.704,0.1730
531.36,D,0.50,0.80,1.10,23.436,0.1056
531.36,D,0.50,0.80,1.70,23.762,0.1011
532.53,A,4.00,2.00,0.10,20.827,0.3035
532.53,A,4.00,2.00,1.10,20.659,0.7760
532.53,A,4.00,2.00,1.70,20.526,0.6845
532.53,B,7.50,0.80,0.10,23.702,0.1730
532.53,B,7.50,0.80,1.10,23.433,0.1056
532.53,B,7.50,0.80,1.70,23.759,0.1011
532.53,C,4.00,4.50,0.10,23.608,0.2435
532.53,C,4.00,4.50,1.10,23.995,0.0353
532.53,C,4.00,4.50,1.70,24.310,0.0249
532.53,D,0.50,0.80,0.10,23.702,0.1730
532.53,D,0.50,0.80,1.10,23.433,0.1056
532.53,D,0.50,0.80,1.70,23.759,0.1011
533.71,A,4.00,2.00,0.10,20.826,0.3035
533.71,A,4.00,2.00,1.10,20.659,0.7759
533.71,A,4.00,2.00,1.70,20.525,0.6844
533.71,B,7.50,0.80,0.10,23.700,0.1730
533.71,B,7.50,0.80,1.10,23.431,0.1057
533.71,B,7.50,0.80,1.70,23.757,0.1011
533.71,C,4.00,4.50,0.10,23.606,0.2433
533.71,C,4.00,4.50,1.10,23.993,0.0352
533.71,C,4.00,4.50,1.70,24.307,0.0248
533.71,D,0.50,0.80,0.10,23.700,0.1730
533.71,D,0.50,0.80,1.10,23.431,0.1057
533.71,D,0.50,0.80,1.70,23.757,0.1011
534.88,A,4.00,2.00,0.10,20.826,0.3034
534.88,A,4.00,2.00,1.10,20.658,0.7758
534.88,A,4.00,2.00,1.70,20.524,0.6843
534.88,B,7.50,0.80,0.10,23.698,0.1731
534.88,B,7.50,0.80,1.10,23.428,0.1057
534.88,B,7.50,0.80,1.70,23.754,0.1011
534.88,C,4.00,4.50,0.10,23.605,0.2432
534.88,C,4.00,4.50,1.10,23.990,0.0352
534.88,C,4.00,4.50,1.70,24.304,0.0247
534.88,D,0.50,0.80,0.10,23.698,0.1731
534.88,D,0.50,0.80,1.10,23.428,0.1057
534.88,D,0.50,0.80,1.70,23.754,0.1011
536.06,A,4.00,2.00,0.10,20.825,0.3033
536.06,A,4.00,2.00,1.10,20.657,0.7756
536.06,A,4.00,2.00,1.70,20.523,0.6843
536.06,B,7.50,0.80,0.10,23.695,0.1731
536.06,B,7.50,0.80,1.10,23.425,0.1057
536.06,B,7.50,0.80,1.70,23.751,0.1011
536.06,C,4.00,4.50,0.10,23.603,0.2431
536.06,C,4.00,4.50,1.10,23.988,0.0352
536.06,C,4.00,4.50,1.70,24.301,0.0246
536.06,D,0.50,0.80,0.10,23.695,0.1731
536.06,D,0.50,0.80,1.10,23.425,0.1057
536.06,D,0.50,0.80,1.70,23.751,0.1011
537.23,A,4.00,2.00,0.10,20.824,0.3032
537.23,A,4.00,2.00,1.10,20.657,0.7755
537.23,A,4.00,2.00,1.70,20.522,0.6842
537.23,B,7.50,0.80,0.10,23.693,0.1732
537.23,B,7.50,0.80,1.10,23.423,0.1057
537.23,B,7.50,0.80,1.70,23.748,0.1011
537.23,C,4.00,4.50,0.10,23.601,0.2431
537.23,C,4.00,4.50,1.10,23.986,0.0351
537.23,C,4.00,4.50,1.70,24.299,0.0245
537.23,D,0.50,0.80,0.10,23.693,0.1732
537.23,D,0.50,0.80,1.10,23.423,0.1057
537.23,D,0.50,0.80,1.70,23.748,0.1011
538.40,A,4.00,2.00,0.10,20.823,0.3031
538.40,A,4.00,2.00,1.10,20.656,0.7754
538.40,A,4.00,2.00,1.70,20.521,0.6841
538.40,B,7.50,0.80,0.10,23.691,0.1732
538.40,B,7.50,0.80,1.10,23.420,0.1057
538.40,B,7.50,0.80,1.70,23.745,0.1011
538.40,C,4.00,4.50,0.10,23.599,0.2430
538.40,C,4.00,4.50,1.10,23.984,0.0351
538.40,C,4.00,4.50,1.70,24.296,0.0244
538.40,D,0.50,0.80,0.10,23.691,0.1732
538.40,D,0.50,0.80,1.10,23.420,0.1057
538.40,D,0.50,0.80,1.70,23.745,0.1011
539.58,A,4.00,2.00,0.10,20.822,0.3030
539.58,A,4.00,2.00,1.10,20.655,0.7753
539.58,A,4.00,2.00,1.70,20.521,0.6840
539.58,B,7.50,0.80,0.10,23.689,0.1733
539.58,B,7.50,0.80,1.10,23.417,0.1057
539.58,B,7.50,0.80,1.70,23.743,0.1011
539.58,C,4.00,4.50,0.10,23.598,0.2429
539.58,C,4.00,4.50,1.10,23.982,0.0350
539.58,C,4.00,4.50,1.70,24.293,0.0243
539.58,D,0.50,0.80,0.10,23.689,0.1733
539.58,D,0.50,0.80,1.10,23.417,0.1057
539.58,D,0.50,0.80,1.70,23.743,0.1011
540.75,A,4.00,2.00,0.10,20.821,0.3029
540.75,A,4.00,2.00,1.10,20.654,0.7752
540.75,A,4.00,2.00,1.70,20.520,0.6840
540.75,B,7.50,0.80,0.10,23.687,0.1733
540.75,B,7.50,0.80,1.10,23.415,0.1057
540.75,B,7.50,0.80,1.70,23.740,0.1011
540.75,C,4.00,4.50,0.10,23.596,0.2428
540.75,C,4.00,4.50,1.10,23.980,0.0350
540.75,C,4.00,4.50,1.70,24.291,0.0242
540.75,D,0.50,0.80,0.10,23.687,0.1733
540.75,D,0.50,0.80,1.10,23.415,0.1057
540.75,D,0.50,0.80,1.70,23.740,0.1011
541.92,A,4.00,2.00,0.10,20.820,0.3028
541.92,A,4.00,2.00,1.10,20.653,0.7751
541.92,A,4.00,2.00,1.70,20.519,0.6839
541.92,B,7.50,0.80,0.10,23.685,0.1734
541.92,B,7.50,0.80,1.10,23.412,0.1057
541.92,B,7.50,0.80,1.70,23.737,0.1011
541.92,C,4.00,4.50,0.10,23.594,0.2428
541.92,C,4.00,4.50,1.10,23.977,0.0349
541.92,C,4.00,4.50,1.70,24.288,0.0241
541.92,D,0.50,0.80,0.10,23.684,0.1734
541.92,D,0.50,0.80,1.10,23.412,0.1057
541.92,D,0.50,0.80,1.70,23.737,0.1011
543.10,A,4.00,2.00,0.10,20.819,0.3027
543.10,A,4.00,2.00,1.10,20.652,0.7750
543.10,A,4.00,2.00,1.70,20.518,0.6838
543.10,B,7.50,0.80,0.10,23.682,0.1734
543.10,B,7.50,0.80,1.10,23.409,0.1058
543.10,B,7.50,0.80,1.70,23.734,0.1011
543.10,C,4.00,4.50,0.10,23.592,0.2428
543.10,C,4.00,4.50,1.10,23.975,0.0349
543.10,C,4.00,4.50,1.70,24.285,0.0240
543.10,D,0.50,0.80,0.10,23.682,0.1734
543.10,D,0.50,0.80,1.10,23.409,0.1058
543.10,D,0.50,0.80,1.70,23.734,0.1011
544.27,A,4.00,2.00,0.10,20.818,0.3026
544.27,A,4.00,2.00,1.10,20.651,0.7750
544.27,A,4.00,2.00,1.70,20.517,0.6837
544.27,B,7.50,0.80,0.10,23.680,0.1735
544.27,B,7.50,0.80,1.10,23.407,0.1058
544.27,B,7.50,0.80,1.70,23.731,0.1012
544.27,C,4.00,4.50,0.10,23.590,0.2427
544.27,C,4.00,4.50,1.10,23.973,0.0348
544.27,C,4.00,4.50,1.70,24.283,0.0239
544.27,D,0.50,0.80,0.10,23.680,0.1735
544.27,D,0.50,0.80,1.10,23.407,0.1058
544.27,D,0.50,0.80,1.70,23.731,0.1012
545.45,A,4.00,2.00,0.10,20.817,0.3025
545.45,A,4.00,2.00,1.10,20.650,0.7749
545.45,A,4.00,2.00,1.70,20.516,0.6837
545.45,B,7.50,0.80,0.10,23.678,0.1736
545.45,B,7.50,0.80,1.10,23.404,0.1058
545.45,B,7.50,0.80,1.70,23.729,0.1012
545.45,C,4.00,4.50,0.10,23.588,0.2427
545.45,C,4.00,4.50,1.10,23.971,0.0348
545.45,C,4.00,4.50,1.70,24.280,0.0238
545.45,D,0.50,0.80,0.10,23.678,0.1736
545.45,D,0.50,0.80,1.10,23.404,0.1058
545.45,D,0.50,0.80,1.70,23.729,0.1012
546.62,A,4.00,2.00,0.10,20.816,0.3024
546.62,A,4.00,2.00,1.10,20.648,0.7748
546.62,A,4.00,2.00,1.70,20.514,0.6836
546.62,B,7.50,0.80,0.10,23.676,0.1736
546.62,B,7.50,0.80,1.10,23.402,0.1058
546.62,B,7.50,0.80,1.70,23.726,0.1012
546.62,C,4.00,4.50,0.10,23.586,0.2427
546.62,C,4.00,4.50,1.10,23.969,0.0347
546.62,C,4.00,4.50,1.70,24.278,0.0236
546.62,D,0.50,0.80,0.10,23.676,0.1736
546.62,D,0.50,0.80,1.10,23.402,0.1058
546.62,D,0.50,0.80,1.70,23.726,0.1012
547.79,A,4.00,2.00,0.10,20.815,0.3023
547.79,A,4.00,2.00,1.10,20.647,0.7747
547.79,A,4.00,2.00,1.70,20.513,0.6835
547.79,B,7.50,0.80,0.10,23.673,0.1737
547.79,B,7.50,0.80,1.10,23.399,0.1058
547.79,B,7.50,0.80,1.70,23.723,0.1012
547.79,C,4.00,4.50,0.10,23.584,0.2427
547.79,C,4.00,4.50,1.10,23.967,0.0347
547.79,C,4.00,4.50,1.70,24.275,0.0235
547.79,D,0.50,0.80,0.10,23.673,0.1737
547.79,D,0.50,0.80,1.10,23.399,0.1058
547.79,D,0.50,0.80,1.70,23.723,0.1012
548.97,A,4.00,2.00,0.10,20.813,0.3022
548.97,A,4.00,2.00,1.10,20.646,0.7747
548.97,A,4.00,2.00,1.70,20.512,0.6835
548.97,B,7.50,0.80,0.10,23.671,0.1738
548.97,B,7.50,0.80,1.10,23.396,0.1059
548.97,B,7.50,0.80,1.70,23.720,0.1012
548.97,C,4.00,4.50,0.10,23.582,0.2427
548.97,C,4.00,4.50,1.10,23.965,0.0346
548.97,C,4.00,4.50,1.70,24.273,0.0234
548.97,D,0.50,0.80,0.10,23.671,0.1738
548.97,D,0.50,0.80,1.10,23.396,0.1059
548.97,D,0.50,0.80,1.70,23.720,0.1012
550.14,A,4.00,2.00,0.10,20.812,0.3021
550.14,A,4.00,2.00,1.10,20.645,0.7746
550.14,A,4.00,2.00,1.70,20.511,0.6834
550.14,B,7.50,0.80,0.10,23.669,0.1738
550.14,B,7.50,0.80,1.10,23.394,0.1059
550.14,B,7.50,0.80,1.70,23.717,0.1012
550.14,C,4.00,4.50,0.10,23.580,0.2428
550.14,C,4.00,4.50,1.10,23.963,0.0346
550.14,C,4.00,4.50,1.70,24.270,0.0233
550.14,D,0.50,0.80,0.10,23.669,0.1738
550.14,D,0.50,0.80,1.10,23.394,0.1059
550.14,D,0.50,0.80,1.70,23.717,0.1012
551.32,A,4.00,2.00,0.10,20.811,0.3021
551.32,A,4.00,2.00,1.10,20.644,0.7745
551.32,A,4.00,2.00,1.70,20.510,0.6833
551.32,B,7.50,0.80,0.10,23.667,0.1739
551.32,B,7.50,0.80,1.10,23.391,0.1059
551.32,B,7.50,0.80,1.70,23.715,0.1012
551.32,C,4.00,4.50,0.10,23.578,0.2428
551.32,C,4.00,4.50,1.10,23.961,0.0345
551.32,C,4.00,4.50,1.70,24.268,0.0232
551.32,D,0.50,0.80,0.10,23.667,0.1739
551.32,D,0.50,0.80,1.10,23.391,0.1059
551.32,D,0.50,0.80,1.70,23.714,0.1012
552.49,A,4.00,2.00,0.10,20.810,0.3020
552.49,A,4.00,2.00,1.10,20.642,0.7745
552.49,A,4.00,2.00,1.70,20.509,0.6833
552.49,B,7.50,0.80,0.10,23.665,0.1740
552.49,B,7.50,0.80,1.10,23.389,0.1059
552.49,B,7.50,0.80,1.70,23.712,0.1013
552.49,C,4.00,4.50,0.10,23.576,0.2428
552.49,C,4.00,4.50,1.10,23.959,0.0345
552.49,C,4.00,4.50,1.70,24.265,0.0230
552.49,D,0.50,0.80,0.10,23.665,0.1740
552.49,D,0.50,0.80,1.10,23.389,0.1059
552.49,D,0.50,0.80,1.70,23.712,0.1013
553.66,A,4.00,2.00,0.10,20.808,0.3019
553.66,A,4.00,2.00,1.10,20.641,0.7744
553.66,A,4.00,2.00,1.70,20.508,0.6832
553.66,B,7.50,0.80,0.10,23.662,0.1741
553.66,B,7.50,0.80,1.10,23.386,0.1060
553.66,B,7.50,0.80,1.70,23.709,0.1013
553.66,C,4.00,4.50,0.10,23.574,0.2428
553.66,C,4.00,4.50,1.10,23.957,0.0344
553.66,C,4.00,4.50,1.70,24.262,0.0229
553.66,D,0.50,0.80,0.10,23.662,0.1741
553.66,D,0.50,0.80,1.10,23.386,0.1060
553.66,D,0.50,0.80,1.70,23.709,0.1013
554.84,A,4.00,2.00,0.10,20.807,0.3018
554.84,A,4.00,2.00,1.10,20.640,0.7743
554.84,A,4.00,2.00,1.70,20.507,0.6831
554.84,B,7.50,0.80,0.10,23.660,0.1742
554.84,B,7.50,0.80,1.10,23.384,0.1060
554.84,B,7.50,0.80,1.70,23.706,0.1013
554.84,C,4.00,4.50,0.10,23.572,0.2429
554.84,C,4.00,4.50,1.10,23.955,0.0344
554.84,C,4.00,4.50,1.70,24.260,0.0228
554.84,D,0.50,0.80,0.10,23.660,0.1742
554.84,D,0.50,0.80,1.10,23.383,0.1060
554.84,D,0.50,0.80,1.70,23.706,0.1013
556.01,A,4.00,2.00,0.10,20.806,0.3018
556.01,A,4.00,2.00,1.10,20.638,0.7743
556.01,A,4.00,2.00,1.70,20.506,0.6831
556.01,B,7.50,0.80,0.10,23.658,0.1743
556.01,B,7.50,0.80,1.10,23.381,0.1060
556.01,B,7.50,0.80,1.70,23.703,0.1013
556.01,C,4.00,4.50,0.10,23.570,0.2429
556.01,C,4.00,4.50,1.10,23.953,0.0343
556.01,C,4.00,4.50,1.70,24.257,0.0227
556.01,D,0.50,0.80,0.10,23.658,0.1743
556.01,D,0.50,0.80,1.10,23.381,0.1060
556.01,D,0.50,0.80,1.70,23.703,0.1013
557.18,A,4.00,2.00,0.10,20.804,0.3017
557.18,A,4.00,2.00,1.10,20.637,0.7742
557.18,A,4.00,2.00,1.70,20.505,0.6830
557.18,B,7.50,0.80,0.10,23.656,0.1743
557.18,B,7.50,0.80,1.10,23.378,0.1061
557.18,B,7.50,0.80,1.70,23.701,0.1014
557.18,C,4.00,4.50,0.10,23.568,0.2430
557.18,C,4.00,4.50,1.10,23.951,0.0343
557.18,C,4.00,4.50,1.70,24.255,0.0225
557.18,D,0.50,0.80,0.10,23.656,0.1743
557.18,D,0.50,0.80,1.10,23.378,0.1061
557.18,D,0.50,0.80,1.70,23.701,0.1014
558.36,A,4.00,2.00,0.10,20.803,0.3016
558.36,A,4.00,2.00,1.10,20.636,0.7742
558.36,A,4.00,2.00,1.70,20.503,0.6829
558.36,B,7.50,0.80,0.10,23.654,0.1744
558.36,B,7.50,0.80,1.10,23.376,0.1061
558.36,B,7.50,0.80,1.70,23.698,0.1014
558.36,C,4.00,4.50,0.10,23.566,0.2430
558.36,C,4.00,4.50,1.10,23.949,0.0342
558.36,C,4.00,4.50,1.70,24.252,0.0224
558.36,D,0.50,0.80,0.10,23.654,0.1744
558.36,D,0.50,0.80,1.10,23.376,0.1061
558.36,D,0.50,0.80,1.70,23.698,0.1014
559.53,A,4.00,2.00,0.10,20.801,0.3016
559.53,A,4.00,2.00,1.10,20.634,0.7741
559.53,A,4.00,2.00,1.70,20.502,0.6829
559.53,B,7.50,0.80,0.10,23.651,0.1745
559.53,B,7.50,0.80,1.10,23.373,0.1061
559.53,B,7.50,0.80,1.70,23.695,0.1014
559.53,C,4.00,4.50,0.10,23.564,0.2431
559.53,C,4.00,4.50,1.10,23.946,0.0341
559.53,C,4.00,4.50,1.70,24.250,0.0222
559.53,D,0.50,0.80,0.10,23.651,0.1745
559.53,D,0.50,0.80,1.10,23.373,0.1061
559.53,D,0.50,0.80,1.70,23.695,0.1014
560.70,A,4.00,2.00,0.10,20.800,0.3015
560.70,A,4.00,2.00,1.10,20.633,0.7740
560.70,A,4.00,2.00,1.70,20.501,0.6828
560.70,B,7.50,0.80,0.10,23.649,0.1746
560.70,B,7.50,0.80,1.10,23.371,0.1062
560.70,B,7.50,0.80,1.70,23.693,0.1015
560.70,C,4.00,4.50,0.10,23.561,0.2431
560.70,C,4.00,4.50,1.10,23.944,0.0341
560.70,C,4.00,4.50,1.70,24.247,0.0221
560.70,D,0.50,0.80,0.10,23.649,0.1746
560.70,D,0.50,0.80,1.10,23.371,0.1062
560.70,D,0.50,0.80,1.70,23.692,0.1015
561.88,A,4.00,2.00,0.10,20.798,0.3015
561.88,A,4.00,2.00,1.10,20.631,0.7740
561.88,A,4.00,2.00,1.70,20.500,0.6828
561.88,B,7.50,0.80,0.10,23.647,0.1747
561.88,B,7.50,0.80,1.10,23.369,0.1062
561.88,B,7.50,0.80,1.70,23.690,0.1015
561.88,C,4.00,4.50,0.10,23.559,0.2432
561.88,C,4.00,4.50,1.10,23.942,0.0340
561.88,C,4.00,4.50,1.70,24.245,0.0220
561.88,D,0.50,0.80,0.10,23.647,0.1747
561.88,D,0.50,0.80,1.10,23.368,0.1062
561.88,D,0.50,0.80,1.70,23.690,0.1015
563.05,A,4.00,2.00,0.10,20.797,0.3014
563.05,A,4.00,2.00,1.10,20.630,0.7739
563.05,A,4.00,2.00,1.70,20.498,0.6827
563.05,B,7.50,0.80,0.10,23.645,0.1748
563.05,B,7.50,0.80,1.10,23.366,0.1062
563.05,B,7.50,0.80,1.70,23.687,0.1015
563.05,C,4.00,4.50,0.10,23.557,0.2432
563.05,C,4.00,4.50,1.10,23.940,0.0339
563.05,C,4.00,4.50,1.70,24.242,0.0218
563.05,D,0.50,0.80,0.10,23.645,0.1748
563.05,D,0.50,0.80,1.10,23.366,0.1062
563.05,D,0.50,0.80,1.70,23.687,0.1015
564.23,A,4.00,2.00,0.10,20.795,0.3014
564.23,A,4.00,2.00,1.10,20.629,0.7739
564.23,A,4.00,2.00,1.70,20.497,0.6826
564.23,B,7.50,0.80,0.10,23.643,0.1749
564.23,B,7.50,0.80,1.10,23.364,0.1063
564.23,B,7.50,0.80,1.70,23.684,0.1015
564.23,C,4.00,4.50,0.10,23.555,0.2433
564.23,C,4.00,4.50,1.10,23.938,0.0339
564.23,C,4.00,4.50,1.70,24.239,0.0217
564.23,D,0.50,0.80,0.10,23.643,0.1749
564.23,D,0.50,0.80,1.10,23.364,0.1063
564.23,D,0.50,0.80,1.70,23.684,0.1015
565.40,A,4.00,2.00,0.10,20.794,0.3014
565.40,A,4.00,2.00,1.10,20.627,0.7738
565.40,A,4.00,2.00,1.70,20.496,0.6826
565.40,B,7.50,0.80,0.10,23.641,0.1750
565.40,B,7.50,0.80,1.10,23.361,0.1063
565.40,B,7.50,0.80,1.70,23.682,0.1016
565.40,C,4.00,4.50,0.10,23.553,0.2434
565.40,C,4.00,4.50,1.10,23.935,0.0338
565.40,C,4.00,4.50,1.70,24.237,0.0216
565.40,D,0.50,0.80,0.10,23.641,0.1750
565.40,D,0.50,0.80,1.10,23.361,0.1063
565.40,D,0.50,0.80,1.70,23.682,0.1016
566.57,A,4.00,2.00,0.10,20.793,0.3014
566.57,A,4.00,2.00,1.10,20.626,0.7737
566.57,A,4.00,2.00,1.70,20.495,0.6825
566.57,B,7.50,0.80,0.10,23.638,0.1751
566.57,B,7.50,0.80,1.10,23.359,0.1064
566.57,B,7.50,0.80,1.70,23.679,0.1016
566.57,C,4.00,4.50,0.10,23.551,0.2434
566.57,C,4.00,4.50,1.10,23.933,0.0338
566.57,C,4.00,4.50,1.70,24.234,0.0214
566.57,D,0.50,0.80,0.10,23.638,0.1751
566.57,D,0.50,0.80,1.10,23.359,0.1064
566.57,D,0.50,0.80,1.70,23.679,0.1016
567.75,A,4.00,2.00,0.10,20.791,0.3014
567.75,A,4.00,2.00,1.10,20.625,0.7737
567.75,A,4.00,2.00,1.70,20.494,0.6825
567.75,B,7.50,0.80,0.10,23.636,0.1751
567.75,B,7.50,0.80,1.10,23.356,0.1064
567.75,B,7.50,0.80,1.70,23.677,0.1017
567.75,C,4.00,4.50,0.10,23.548,0.2435
567.75,C,4.00,4.50,1.10,23.931,0.0337
567.75,C,4.00,4.50,1.70,24.231,0.0213
567.75,D,0.50,0.80,0.10,23.636,0.1751
567.75,D,0.50,0.80,1.10,23.356,0.1064
567.75,D,0.50,0.80,1.70,23.677,0.1017
568.92,A,4.00,2.00,0.10,20.790,0.3014
568.92,A,4.00,2.00,1.10,20.623,0.7736
568.92,A,4.00,2.00,1.70,20.492,0.6824
568.92,B,7.50,0.80,0.10,23.634,0.1752
568.92,B,7.50,0.80,1.10,23.354,0.1064
568.92,B,7.50,0.80,1.70,23.674,0.1017
568.92,C,4.00,4.50,0.10,23.546,0.2436
568.92,C,4.00,4.50,1.10,23.928,0.0336
568.92,C,4.00,4.50,1.70,24.229,0.0211
568.92,D,0.50,0.80,0.10,23.634,0.1752
568.92,D,0.50,0.80,1.10,23.354,0.1064
568.92,D,0.50,0.80,1.70,23.674,0.1017
570.09,A,4.00,2.00,0.10,20.788,0.3014
570.09,A,4.00,2.00,1.10,20.622,0.7735
570.09,A,4.00,2.00,1.70,20.491,0.6823
570.09,B,7.50,0.80,0.10,23.632,0.1753
570.09,B,7.50,0.80,1.10,23.352,0.1065
570.09,B,7.50,0.80,1.70,23.671,0.1017
570.09,C,4.00,4.50,0.10,23.544,0.2436
570.09,C,4.00,4.50,1.10,23.926,0.0336
570.09,C,4.00,4.50,1.70,24.226,0.0210
570.09,D,0.50,0.80,0.10,23.632,0.1753
570.09,D,0.50,0.80,1.10,23.352,0.1065
570.09,D,0.50,0.80,1.70,23.671,0.1017
571.27,A,4.00,2.00,0.10,20.787,0.3014
571.27,A,4.00,2.00,1.10,20.621,0.7734
571.27,A,4.00,2.00,1.70,20.490,0.6823
571.27,B,7.50,0.80,0.10,23.630,0.1754
571.27,B,7.50,0.80,1.10,23.349,0.1065
571.27,B,7.50,0.80,1.70,23.669,0.1018
571.27,C,4.00,4.50,0.10,23.542,0.2437
571.27,C,4.00,4.50,1.10,23.924,0.0335
571.27,C,4.00,4.50,1.70,24.223,0.0209
571.27,D,0.50,0.80,0.10,23.630,0.1754
571.27,D,0.50,0.80,1.10,23.349,0.1065
571.27,D,0.50,0.80,1.70,23.669,0.1018
572.44,A,4.00,2.00,0.10,20.786,0.3014
572.44,A,4.00,2.00,1.10,20.620,0.7734
572.44,A,4.00,2.00,1.70,20.489,0.6822
572.44,B,7.50,0.80,0.10,23.628,0.1755
572.44,B,7.50,0.80,1.10,23.347,0.1065
572.44,B,7.50,0.80,1.70,23.666,0.1018
572.44,C,4.00,4.50,0.10,23.540,0.2437
572.44,C,4.00,4.50,1.10,23.921,0.0334
572.44,C,4.00,4.50,1.70,24.221,0.0207
572.44,D,0.50,0.80,0.10,23.628,0.1755
572.44,D,0.50,0.80,1.10,23.347,0.1065
572.44,D,0.50,0.80,1.70,23.666,0.1018
573.62,A,4.00,2.00,0.10,20.784,0.3014
573.62,A,4.00,2.00,1.10,20.619,0.7733
573.62,A,4.00,2.00,1.70,20.488,0.6821
573.62,B,7.50,0.80,0.10,23.626,0.1756
573.62,B,7.50,0.80,1.10,23.345,0.1066
573.62,B,7.50,0.80,1.70,23.664,0.1018
573.62,C,4.00,4.50,0.10,23.538,0.2438
573.62,C,4.00,4.50,1.10,23.919,0.0334
573.62,C,4.00,4.50,1.70,24.218,0.0206
573.62,D,0.50,0.80,0.10,23.626,0.1756
573.62,D,0.50,0.80,1.10,23.345,0.1066
573.62,D,0.50,0.80,1.70,23.664,0.1018
574.79,A,4.00,2.00,0.10,20.783,0.3015
574.79,A,4.00,2.00,1.10,20.618,0.7732
574.79,A,4.00,2.00,1.70,20.487,0.6821
574.79,B,7.50,0.80,0.10,23.624,0.1756
574.79,B,7.50,0.80,1.10,23.343,0.1066
574.79,B,7.50,0.80,1.70,23.661,0.1019
574.79,C,4.00,4.50,0.10,23.536,0.2438
574.79,C,4.00,4.50,1.10,23.916,0.0333
574.79,C,4.00,4.50,1.70,24.215,0.0205
574.79,D,0.50,0.80,0.10,23.624,0.1756
574.79,D,0.50,0.80,1.10,23.342,0.1066
574.79,D,0.50,0.80,1.70,23.661,0.1019
575.96,A,4.00,2.00,0.10,20.782,0.3015
575.96,A,4.00,2.00,1.10,20.616,0.7731
575.96,A,4.00,2.00,1.70,20.486,0.6820
575.96,B,7.50,0.80,0.10,23.622,0.1757
575.96,B,7.50,0.80,1.10,23.340,0.1067
575.96,B,7.50,0.80,1.70,23.659,0.1019
575.96,C,4.00,4.50,0.10,23.534,0.2439
575.96,C,4.00,4.50,1.10,23.914,0.0333
575.96,C,4.00,4.50,1.70,24.212,0.0204
575.96,D,0.50,0.80,0.10,23.622,0.1757
575.96,D,0.50,0.80,1.10,23.340,0.1067
575.96,D,0.50,0.80,1.70,23.659,0.1019
577.14,A,4.00,2.00,0.10,20.781,0.3015
577.14,A,4.00,2.00,1.10,20.615,0.7730
577.14,A,4.00,2.00,1.70,20.485,0.6820
577.14,B,7.50,0.80,0.10,23.620,0.1758
577.14,B,7.50,0.80,1.10,23.338,0.1067
577.14,B,7.50,0.80,1.70,23.657,0.1020
577.14,C,4.00,4.50,0.10,23.532,0.2439
577.14,C,4.00,4.50,1.10,23.911,0.0332
577.14,C,4.00,4.50,1.70,24.209,0.0202
577.14,D,0.50,0.80,0.10,23.620,0.1758
577.14,D,0.50,0.80,1.10,23.338,0.1067
577.14,D,0.50,0.80,1.70,23.656,0.1020
578.31,A,4.00,2.00,0.10,20.779,0.3016
578.31,A,4.00,2.00,1.10,20.614,0.7729
578.31,A,4.00,2.00,1.70,20.484,0.6819
578.31,B,7.50,0.80,0.10,23.618,0.1758
578.31,B,7.50,0.80,1.10,23.336,0.1067
578.31,B,7.50,0.80,1.70,23.654,0.1020
578.31,C,4.00,4.50,0.10,23.530,0.2439
578.31,C,4.00,4.50,1.10,23.909,0.0331
578.31,C,4.00,4.50,1.70,24.207,0.0201
578.31,D,0.50,0.80,0.10,23.618,0.1758
578.31,D,0.50,0.80,1.10,23.336,0.1067
578.31,D,0.50,0.80,1.70,23.654,0.1020
579.48,A,4.00,2.00,0.10,20.778,0.3016
579.48,A,4.00,2.00,1.10,20.614,0.7728
579.48,A,4.00,2.00,1.70,20.483,0.6818
579.48,B,7.50,0.80,0.10,23.616,0.1759
579.48,B,7.50,0.80,1.10,23.334,0.1068
579.48,B,7.50,0.80,1.70,23.652,0.1020
579.48,C,4.00,4.50,0.10,23.528,0.2440
579.48,C,4.00,4.50,1.10,23.906,0.0331
579.48,C,4.00,4.50,1.70,24.204,0.0200
579.48,D,0.50,0.80,0.10,23.616,0.1759
579.48,D,0.50,0.80,1.10,23.333,0.1068
579.48,D,0.50,0.80,1.70,23.652,0.1020
580.65,A,4.00,2.00,0.10,20.777,0.3017
580.65,A,4.00,2.00,1.10,20.613,0.7727
580.65,A,4.00,2.00,1.70,20.482,0.6818
580.65,B,7.50,0.80,0.10,23.615,0.1760
580.65,B,7.50,0.80,1.10,23.331,0.1068
580.65,B,7.50,0.80,1.70,23.649,0.1021
580.65,C,4.00,4.50,0.10,23.526,0.2440
580.65,C,4.00,4.50,1.10,23.904,0.0330
580.65,C,4.00,4.50,1.70,24.201,0.0199
580.65,D,0.50,0.80,0.10,23.615,0.1760
580.65,D,0.50,0.80,1.10,23.331,0.1068
580.65,D,0.50,0.80,1.70,23.649,0.1021
581.82,A,4.00,2.00,0.10,20.776,0.3017
581.82,A,4.00,2.00,1.10,20.612,0.7726
581.82,A,4.00,2.00,1.70,20.481,0.6817
581.82,B,7.50,0.80,0.10,23.613,0.1760
581.82,B,7.50,0.80,1.10,23.329,0.1069
581.82,B,7.50,0.80,1.70,23.647,0.1021
581.82,C,4.00,4.50,0.10,23.524,0.2440
581.82,C,4.00,4.50,1.10,23.901,0.0330
581.82,C,4.00,4.50,1.70,24.198,0.0198
581.82,D,0.50,0.80,0.10,23.613,0.1760
581.82,D,0.50,0.80,1.10,23.329,0.1069
581.82,D,0.50,0.80,1.70,23.647,0.1021
582.99,A,4.00,2.00,0.10,20.775,0.3018
582.99,A,4.00,2.00,1.10,20.611,0.7725
582.99,A,4.00,2.00,1.70,20.480,0.6817
582.99,B,7.50,0.80,0.10,23.611,0.1761
582.99,B,7.50,0.80,1.10,23.327,0.1069
582.99,B,7.50,0.80,1.70,23.645,0.1021
582.99,C,4.00,4.50,0.10,23.522,0.2440
582.99,C,4.00,4.50,1.10,23.899,0.0329
582.99,C,4.00,4.50,1.70,24.195,0.0197
582.99,D,0.50,0.80,0.10,23.611,0.1761
582.99,D,0.50,0.80,1.10,23.327,0.1069
582.99,D,0.50,0.80,1.70,23.645,0.1021
584.16,A,4.00,2.00,0.10,20.774,0.3018
584.16,A,4.00,2.00,1.10,20.610,0.7724
584.16,A,4.00,2.00,1.70,20.479,0.6816
584.16,B,7.50,0.80,0.10,23.609,0.1762
584.16,B,7.50,0.80,1.10,23.325,0.1069
584.16,B,7.50,0.80,1.70,23.642,0.1022
584.16,C,4.00,4.50,0.10,23.520,0.2440
584.16,C,4.00,4.50,1.10,23.896,0.0328
584.16,C,4.00,4.50,1.70,24.192,0.0196
584.16,D,0.50,0.80,0.10,23.609,0.1762
584.16,D,0.50,0.80,1.10,23.325,0.1069
584.16,D,0.50,0.80,1.70,23.642,0.1022
585.33,A,4.00,2.00,0.10,20.773,0.3019
585.33,A,4.00,2.00,1.10,20.610,0.7723
585.33,A,4.00,2.00,1.70,20.478,0.6815
585.33,B,7.50,0.80,0.10,23.607,0.1762
585.33,B,7.50,0.80,1.10,23.323,0.1070
585.33,B,7.50,0.80,1.70,23.640,0.1022
585.33,C,4.00,4.50,0.10,23.518,0.2439
585.33,C,4.00,4.50,1.10,23.894,0.0328
585.33,C,4.00,4.50,1.70,24.189,0.0195
585.33,D,0.50,0.80,0.10,23.607,0.1762
585.33,D,0.50,0.80,1.10,23.323,0.1070
585.33,D,0.50,0.80,1.70,23.640,0.1022
586.50,A,4.00,2.00,0.10,20.772,0.3020
586.50,A,4.00,2.00,1.10,20.609,0.7722
586.50,A,4.00,2.00,1.70,20.477,0.6815
586.50,B,7.50,0.80,0.10,23.606,0.1763
586.50,B,7.50,0.80,1.10,23.321,0.1070
586.50,B,7.50,0.80,1.70,23.638,0.1022
586.50,C,4.00,4.50,0.10,23.517,0.2439
586.50,C,4.00,4.50,1.10,23.891,0.0327
586.50,C,4.00,4.50,1.70,24.187,0.0194
586.50,D,0.50,0.80,0.10,23.606,0.1763
586.50,D,0.50,0.80,1.10,23.321,0.1070
586.50,D,0.50,0.80,1.70,23.638,0.1022
587.66,A,4.00,2.00,0.10,20.771,0.3021
587.66,A,4.00,2.00,1.10,20.608,0.7720
587.66,A,4.00,2.00,1.70,20.477,0.6814
587.66,B,7.50,0.80,0.10,23.604,0.1763
587.66,B,7.50,0.80,1.10,23.319,0.1070
587.66,B,7.50,0.80,1.70,23.636,0.1023
587.66,C,4.00,4.50,0.10,23.515,0.2439
587.66,C,4.00,4.50,1.10,23.889,0.0327
587.66,C,4.00,4.50,1.70,24.184,0.0193
587.66,D,0.50,0.80,0.10,23.604,0.1763
587.66,D,0.50,0.80,1.10,23.318,0.1070
587.66,D,0.50,0.80,1.70,23.636,0.1023
588.83,A,4.00,2.00,0.10,20.771,0.3021
588.83,A,4.00,2.00,1.10,20.608,0.7719
588.83,A,4.00,2.00,1.70,20.476,0.6813
588.83,B,7.50,0.80,0.10,23.602,0.1764
588.83,B,7.50,0.80,1.10,23.316,0.1071
588.83,B,7.50,0.80,1.70,23.634,0.1023
588.83,C,4.00,4.50,0.10,23.513,0.2438
588.83,C,4.00,4.50,1.10,23.886,0.0326
588.83,C,4.00,4.50,1.70,24.181,0.0193
588.83,D,0.50,0.80,0.10,23.602,0.1764
588.83,D,0.50,0.80,1.10,23.316,0.1071
588.83,D,0.50,0.80,1.70,23.634,0.1023
590.00,A,4.00,2.00,0.10,20.770,0.3022
590.00,A,4.00,2.00,1.10,20.607,0.7718
590.00,A,4.00,2.00,1.70,20.475,0.6813
590.00,B,7.50,0.80,0.10,23.600,0.1764
590.00,B,7.50,0.80,1.10,23.314,0.1071
590.00,B,7.50,0.80,1.70,23.631,0.1023
590.00,C,4.00,4.50,0.10,23.512,0.2438
590.00,C,4.00,4.50,1.10,23.884,0.0325
590.00,C,4.00,4.50,1.70,24.178,0.0192
590.00,D,0.50,0.80,0.10,23.600,0.1764
590.00,D,0.50,0.80,1.10,23.314,0.1071
590.00,D,0.50,0.80,1.70,23.631,0.1023
591.17,A,4.00,2.00,0.10,20.769,0.3023
591.17,A,4.00,2.00,1.10,20.607,0.7717
591.17,A,4.00,2.00,1.70,20.474,0.6812
591.17,B,7.50,0.80,0.10,23.599,0.1764
591.17,B,7.50,0.80,1.10,23.312,0.1071
591.17,B,7.50,0.80,1.70,23.629,0.1023
591.17,C,4.00,4.50,0.10,23.510,0.2437
591.17,C,4.00,4.50,1.10,23.881,0.0325
591.17,C,4.00,4.50,1.70,24.175,0.0191
591.17,D,0.50,0.80,0.10,23.599,0.1764
591.17,D,0.50,0.80,1.10,23.312,0.1071
591.17,D,0.50,0.80,1.70,23.629,0.1023
592.34,A,4.00,2.00,0.10,20.768,0.3023
592.34,A,4.00,2.00,1.10,20.606,0.7715
592.34,A,4.00,2.00,1.70,20.473,0.6811
592.34,B,7.50,0.80,0.10,23.597,0.1765
592.34,B,7.50,0.80,1.10,23.310,0.1072
592.34,B,7.50,0.80,1.70,23.627,0.1024
592.34,C,4.00,4.50,0.10,23.508,0.2436
592.34,C,4.00,4.50,1.10,23.879,0.0324
592.34,C,4.00,4.50,1.70,24.172,0.0190
592.34,D,0.50,0.80,0.10,23.597,0.1765
592.34,D,0.50,0.80,1.10,23.310,0.1072
592.34,D,0.50,0.80,1.70,23.627,0.1024
593.50,A,4.00,2.00,0.10,20.768,0.3024
593.50,A,4.00,2.00,1.10,20.606,0.7714
593.50,A,4.00,2.00,1.70,20.473,0.6811
593.50,B,7.50,0.80,0.10,23.595,0.1765
593.50,B,7.50,0.80,1.10,23.308,0.1072
593.50,B,7.50,0.80,1.70,23.625,0.1024
593.50,C,4.00,4.50,0.10,23.507,0.2435
593.50,C,4.00,4.50,1.10,23.877,0.0324
593.50,C,4.00,4.50,1.70,24.169,0.0190
593.50,D,0.50,0.80,0.10,23.595,0.1765
593.50,D,0.50,0.80,1.10,23.308,0.1072
593.50,D,0.50,0.80,1.70,23.625,0.1024
594.67,A,4.00,2.00,0.10,20.767,0.3025
594.67,A,4.00,2.00,1.10,20.605,0.7713
594.67,A,4.00,2.00,1.70,20.472,0.6810
594.67,B,7.50,0.80,0.10,23.594,0.1765
594.67,B,7.50,0.80,1.10,23.306,0.1072
594.67,B,7.50,0.80,1.70,23.623,0.1024
594.67,C,4.00,4.50,0.10,23.505,0.2434
594.67,C,4.00,4.50,1.10,23.874,0.0323
594.67,C,4.00,4.50,1.70,24.166,0.0189
594.67,D,0.50,0.80,0.10,23.594,0.1765
594.67,D,0.50,0.80,1.10,23.306,0.1072
594.67,D,0.50,0.80,1.70,23.623,0.1024
595.84,A,4.00,2.00,0.10,20.767,0.3026
595.84,A,4.00,2.00,1.10,20.605,0.7712
595.84,A,4.00,2.00,1.70,20.471,0.6809
595.84,B,7.50,0.80,0.10,23.592,0.1766
595.84,B,7.50,0.80,1.10,23.304,0.1072
595.84,B,7.50,0.80,1.70,23.621,0.1024
595.84,C,4.00,4.50,0.10,23.504,0.2434
595.84,C,4.00,4.50,1.10,23.872,0.0322
595.84,C,4.00,4.50,1.70,24.164,0.0188
595.84,D,0.50,0.80,0.10,23.592,0.1766
595.84,D,0.50,0.80,1.10,23.304,0.1072
595.84,D,0.50,0.80,1.70,23.621,0.1024
597.01,A,4.00,2.00,0.10,20.766,0.3026
597.01,A,4.00,2.00,1.10,20.604,0.7710
597.01,A,4.00,2.00,1.70,20.471,0.6809
597.01,B,7.50,0.80,0.10,23.591,0.1766
597.01,B,7.50,0.80,1.10,23.302,0.1073
597.01,B,7.50,0.80,1.70,23.619,0.1025
597.01,C,4.00,4.50,0.10,23.503,0.2433
597.01,C,4.00,4.50,1.10,23.869,0.0322
597.01,C,4.00,4.50,1.70,24.161,0.0188
597.01,D,0.50,0.80,0.10,23.590,0.1766
597.01,D,0.50,0.80,1.10,23.302,0.1073
597.01,D,0.50,0.80,1.70,23.619,0.1025
598.18,A,4.00,2.00,0.10,20.765,0.3027
598.18,A,4.00,2.00,1.10,20.604,0.7709
598.18,A,4.00,2.00,1.70,20.470,0.6808
598.18,B,7.50,0.80,0.10,23.589,0.1766
598.18,B,7.50,0.80,1.10,23.300,0.1073
598.18,B,7.50,0.80,1.70,23.617,0.1025
598.18,C,4.00,4.50,0.10,23.501,0.2431
598.18,C,4.00,4.50,1.10,23.867,0.0321
598.18,C,4.00,4.50,1.70,24.158,0.0187
598.18,D,0.50,0.80,0.10,23.589,0.1766
598.18,D,0.50,0.80,1.10,23.300,0.1073
598.18,D,0.50,0.80,1.70,23.617,0.1025
599.35,A,4.00,2.00,0.10,20.765,0.3028
599.35,A,4.00,2.00,1.10,20.604,0.7708
599.35,A,4.00,2.00,1.70,20.470,0.6807
599.35,B,7.50,0.80,0.10,23.587,0.1767
599.35,B,7.50,0.80,1.10,23.298,0.1073
599.35,B,7.50,0.80,1.70,23.615,0.1025
599.35,C,4.00,4.50,0.10,23.500,0.2430
599.35,C,4.00,4.50,1.10,23.865,0.0321
599.35,C,4.00,4.50,1.70,24.155,0.0187
599.35,D,0.50,0.80,0.10,23.587,0.1767
599.35,D,0.50,0.80,1.10,23.298,0.1073
599.35,D,0.50,0.80,1.70,23.615,0.1025
600.51,A,4.00,2.00,0.10,20.764,0.3028
600.51,A,4.00,2.00,1.10,20.603,0.7706
600.51,A,4.00,2.00,1.70,20.469,0.6807
600.51,B,7.50,0.80,0.10,23.586,0.1767
600.51,B,7.50,0.80,1.10,23.296,0.1073
600.51,B,7.50,0.80,1.70,23.613,0.1025
600.51,C,4.00,4.50,0.10,23.499,0.2429
600.51,C,4.00,4.50,1.10,23.863,0.0320
600.51,C,4.00,4.50,1.70,24.153,0.0186
600.51,D,0.50,0.80,0.10,23.586,0.1767
600.51,D,0.50,0.80,1.10,23.296,0.1073
600.51,D,0.50,0.80,1.70,23.613,0.1025
601.68,A,4.00,2.00,0.10,20.764,0.3029
601.68,A,4.00,2.00,1.10,20.603,0.7705
601.68,A,4.00,2.00,1.70,20.468,0.6806
601.68,B,7.50,0.80,0.10,23.584,0.1767
601.68,B,7.50,0.80,1.10,23.294,0.1074
601.68,B,7.50,0.80,1.70,23.611,0.1025
601.68,C,4.00,4.50,0.10,23.497,0.2428
601.68,C,4.00,4.50,1.10,23.860,0.0320
601.68,C,4.00,4.50,1.70,24.150,0.0186
601.68,D,0.50,0.80,0.10,23.584,0.1767
601.68,D,0.50,0.80,1.10,23.294,0.1074
601.68,D,0.50,0.80,1.70,23.611,0.1025
602.85,A,4.00,2.00,0.10,20.764,0.3029
602.85,A,4.00,2.00,1.10,20.603,0.7704
602.85,A,4.00,2.00,1.70,20.468,0.6806
602.85,B,7.50,0.80,0.10,23.583,0.1767
602.85,B,7.50,0.80,1.10,23.292,0.1074
602.85,B,7.50,0.80,1.70,23.609,0.1026
602.85,C,4.00,4.50,0.10,23.496,0.2427
602.85,C,4.00,4.50,1.10,23.858,0.0319
602.85,C,4.00,4.50,1.70,24.147,0.0185
602.85,D,0.50,0.80,0.10,23.583,0.1767
602.85,D,0.50,0.80,1.10,23.292,0.1074
602.85,D,0.50,0.80,1.70,23.609,0.1026
604.02,A,4.00,2.00,0.10,20.763,0.3030
604.02,A,4.00,2.00,1.10,20.603,0.7702
604.02,A,4.00,2.00,1.70,20.467,0.6805
604.02,B,7.50,0.80,0.10,23.581,0.1768
604.02,B,7.50,0.80,1.10,23.290,0.1074
604.02,B,7.50,0.80,1.70,23.607,0.1026
604.02,C,4.00,4.50,0.10,23.495,0.2426
604.02,C,4.00,4.50,1.10,23.856,0.0319
604.02,C,4.00,4.50,1.70,24.145,0.0185
604.02,D,0.50,0.80,0.10,23.581,0.1768
604.02,D,0.50,0.80,1.10,23.290,0.1074
604.02,D,0.50,0.80,1.70,23.607,0.1026
605.19,A,4.00,2.00,0.10,20.763,0.3030
605.19,A,4.00,2.00,1.10,20.602,0.7701
605.19,A,4.00,2.00,1.70,20.467,0.6804
605.19,B,7.50,0.80,0.10,23.580,0.1768
605.19,B,7.50,0.80,1.10,23.289,0.1074
605.19,B,7.50,0.80,1.70,23.605,0.1026
605.19,C,4.00,4.50,0.10,23.494,0.2424
605.19,C,4.00,4.50,1.10,23.854,0.0318
605.19,C,4.00,4.50,1.70,24.142,0.0185
605.19,D,0.50,0.80,0.10,23.580,0.1768
605.19,D,0.50,0.80,1.10,23.288,0.1074
605.19,D,0.50,0.80,1.70,23.605,0.1026
606.36,A,4.00,2.00,0.10,20.762,0.3031
606.36,A,4.00,2.00,1.10,20.602,0.7700
606.36,A,4.00,2.00,1.70,20.466,0.6804
606.36,B,7.50,0.80,0.10,23.578,0.1768
606.36,B,7.50,0.80,1.10,23.287,0.1074
606.36,B,7.50,0.80,1.70,23.603,0.1026
606.36,C,4.00,4.50,0.10,23.492,0.2423
606.36,C,4.00,4.50,1.10,23.852,0.0318
606.36,C,4.00,4.50,1.70,24.139,0.0184
606.36,D,0.50,0.80,0.10,23.578,0.1768
606.36,D,0.50,0.80,1.10,23.287,0.1074
606.36,D,0.50,0.80,1.70,23.603,0.1026
607.52,A,4.00,2.00,0.10,20.762,0.3031
607.52,A,4.00,2.00,1.10,20.602,0.7698
607.52,A,4.00,2.00,1.70,20.466,0.6803
607.52,B,7.50,0.80,0.10,23.577,0.1768
607.52,B,7.50,0.80,1.10,23.285,0.1075
607.52,B,7.50,0.80,1.70,23.601,0.1026
607.52,C,4.00,4.50,0.10,23.491,0.2422
607.52,C,4.00,4.50,1.10,23.849,0.0317
607.52,C,4.00,4.50,1.70,24.137,0.0184
607.52,D,0.50,0.80,0.10,23.577,0.1768
607.52,D,0.50,0.80,1.10,23.285,0.1075
607.52,D,0.50,0.80,1.70,23.601,0.1026
608.69,A,4.00,2.00,0.10,20.762,0.3032
608.69,A,4.00,2.00,1.10,20.602,0.7697
608.69,A,4.00,2.00,1.70,20.465,0.6802
608.69,B,7.50,0.80,0.10,23.575,0.1769
608.69,B,7.50,0.80,1.10,23.283,0.1075
608.69,B,7.50,0.80,1.70,23.599,0.1026
608.69,C,4.00,4.50,0.10,23.490,0.2420
608.69,C,4.00,4.50,1.10,23.847,0.0317
608.69,C,4.00,4.50,1.70,24.134,0.0184
608.69,D,0.50,0.80,0.10,23.575,0.1769
608.69,D,0.50,0.80,1.10,23.283,0.1075
608.69,D,0.50,0.80,1.70,23.599,0.1026
609.86,A,4.00,2.00,0.10,20.761,0.3032
609.86,A,4.00,2.00,1.10,20.601,0.7696
609.86,A,4.00,2.00,1.70,20.464,0.6802
609.86,B,7.50,0.80,0.10,23.574,0.1769
609.86,B,7.50,0.80,1.10,23.281,0.1075
609.86,B,7.50,0.80,1.70,23.597,0.1027
609.86,C,4.00,4.50,0.10,23.489,0.2419
609.86,C,4.00,4.50,1.10,23.845,0.0316
609.86,C,4.00,4.50,1.70,24.132,0.0183
609.86,D,0.50,0.80,0.10,23.574,0.1769
609.86,D,0.50,0.80,1.10,23.281,0.1075
609.86,D,0.50,0.80,1.70,23.597,0.1027
611.03,A,4.00,2.00,0.10,20.761,0.3033
611.03,A,4.00,2.00,1.10,20.601,0.7695
611.03,A,4.00,2.00,1.70,20.464,0.6801
611.03,B,7.50,0.80,0.10,23.572,0.1769
611.03,B,7.50,0.80,1.10,23.279,0.1075
611.03,B,7.50,0.80,1.70,23.595,0.1027
611.03,C,4.00,4.50,0.10,23.488,0.2418
611.03,C,4.00,4.50,1.10,23.843,0.0316
611.03,C,4.00,4.50,1.70,24.129,0.0183
611.03,D,0.50,0.80,0.10,23.572,0.1769
611.03,D,0.50,0.80,1.10,23.279,0.1075
611.03,D,0.50,0.80,1.70,23.595,0.1027
612.20,A,4.00,2.00,0.10,20.761,0.3033
612.20,A,4.00,2.00,1.10,20.601,0.7693
612.20,A,4.00,2.00,1.70,20.463,0.6800
612.20,B,7.50,0.80,0.10,23.571,0.1769
612.20,B,7.50,0.80,1.10,23.277,0.1075
612.20,B,7.50,0.80,1.70,23.593,0.1027
612.20,C,4.00,4.50,0.10,23.487,0.2417
612.20,C,4.00,4.50,1.10,23.841,0.0315
612.20,C,4.00,4.50,1.70,24.127,0.0183
612.20,D,0.50,0.80,0.10,23.571,0.1769
612.20,D,0.50,0.80,1.10,23.277,0.1075
612.20,D,0.50,0.80,1.70,23.593,0.1027
613.36,A,4.00,2.00,0.10,20.760,0.3033
613.36,A,4.00,2.00,1.10,20.601,0.7692
613.36,A,4.00,2.00,1.70,20.463,0.6800
613.36,B,7.50,0.80,0.10,23.569,0.1769
613.36,B,7.50,0.80,1.10,23.275,0.1076
613.36,B,7.50,0.80,1.70,23.591,0.1027
613.36,C,4.00,4.50,0.10,23.486,0.2415
613.36,C,4.00,4.50,1.10,23.840,0.0315
613.36,C,4.00,4.50,1.70,24.125,0.0182
613.36,D,0.50,0.80,0.10,23.569,0.1769
613.36,D,0.50,0.80,1.10,23.275,0.1076
613.36,D,0.50,0.80,1.70,23.591,0.1027
614.53,A,4.00,2.00,0.10,20.760,0.3034
614.53,A,4.00,2.00,1.10,20.600,0.7691
614.53,A,4.00,2.00,1.70,20.462,0.6799
614.53,B,7.50,0.80,0.10,23.568,0.1770
614.53,B,7.50,0.80,1.10,23.273,0.1076
614.53,B,7.50,0.80,1.70,23.589,0.1027
614.53,C,4.00,4.50,0.10,23.485,0.2414
614.53,C,4.00,4.50,1.10,23.838,0.0314
614.53,C,4.00,4.50,1.70,24.122,0.0182
614.53,D,0.50,0.80,0.10,23.568,0.1770
614.53,D,0.50,0.80,1.10,23.273,0.1076
614.53,D,0.50,0.80,1.70,23.589,0.1027
615.70,A,4.00,2.00,0.10,20.760,0.3034
615.70,A,4.00,2.00,1.10,20.600,0.7690
615.70,A,4.00,2.00,1.70,20.462,0.6799
615.70,B,7.50,0.80,0.10,23.566,0.1770
615.70,B,7.50,0.80,1.10,23.271,0.1076
615.70,B,7.50,0.80,1.70,23.587,0.1027
615.70,C,4.00,4.50,0.10,23.483,0.2413
615.70,C,4.00,4.50,1.10,23.836,0.0314
615.70,C,4.00,4.50,1.70,24.120,0.0182
615.70,D,0.50,0.80,0.10,23.566,0.1770
615.70,D,0.50,0.80,1.10,23.271,0.1076
615.70,D,0.50,0.80,1.70,23.587,0.1027
616.87,A,4.00,2.00,0.10,20.759,0.3034
616.87,A,4.00,2.00,1.10,20.600,0.7689
616.87,A,4.00,2.00,1.70,20.461,0.6798
616.87,B,7.50,0.80,0.10,23.565,0.1770
616.87,B,7.50,0.80,1.10,23.269,0.1076
616.87,B,7.50,0.80,1.70,23.585,0.1028
616.87,C,4.00,4.50,0.10,23.482,0.2412
616.87,C,4.00,4.50,1.10,23.834,0.0313
616.87,C,4.00,4.50,1.70,24.118,0.0182
616.87,D,0.50,0.80,0.10,23.565,0.1770
616.87,D,0.50,0.80,1.10,23.269,0.1076
616.87,D,0.50,0.80,1.70,23.585,0.1028
618.04,A,4.00,2.00,0.10,20.759,0.3034
618.04,A,4.00,2.00,1.10,20.599,0.7688
618.04,A,4.00,2.00,1.70,20.461,0.6798
618.04,B,7.50,0.80,0.10,23.563,0.1770
618.04,B,7.50,0.80,1.10,23.268,0.1076
618.04,B,7.50,0.80,1.70,23.583,0.1028
618.04,C,4.00,4.50,0.10,23.481,0.2411
618.04,C,4.00,4.50,1.10,23.832,0.0313
618.04,C,4.00,4.50,1.70,24.115,0.0181
618.04,D,0.50,0.80,0.10,23.563,0.1770
618.04,D,0.50,0.80,1.10,23.268,0.1076
618.04,D,0.50,0.80,1.70,23.583,0.1028
619.21,A,4.00,2.00,0.10,20.758,0.3034
619.21,A,4.00,2.00,1.10,20.599,0.7687
619.21,A,4.00,2.00,1.70,20.460,0.6797
619.21,B,7.50,0.80,0.10,23.562,0.1771
619.21,B,7.50,0.80,1.10,23.266,0.1076
619.21,B,7.50,0.80,1.70,23.581,0.1028
619.21,C,4.00,4.50,0.10,23.480,0.2409
619.21,C,4.00,4.50,1.10,23.830,0.0312
619.21,C,4.00,4.50,1.70,24.113,0.0181
619.21,D,0.50,0.80,0.10,23.562,0.1771
619.21,D,0.50,0.80,1.10,23.266,0.1076
619.21,D,0.50,0.80,1.70,23.581,0.1028
620.37,A,4.00,2.00,0.10,20.758,0.3034
620.37,A,4.00,2.00,1.10,20.599,0.7686
620.37,A,4.00,2.00,1.70,20.460,0.6796
620.37,B,7.50,0.80,0.10,23.560,0.1771
620.37,B,7.50,0.80,1.10,23.264,0.1077
620.37,B,7.50,0.80,1.70,23.579,0.1028
620.37,C,4.00,4.50,0.10,23.479,0.2408
620.37,C,4.00,4.50,1.10,23.829,0.0312
620.37,C,4.00,4.50,1.70,24.111,0.0181
620.37,D,0.50,0.80,0.10,23.560,0.1771
620.37,D,0.50,0.80,1.10,23.264,0.1077
620.37,D,0.50,0.80,1.70,23.579,0.1028
621.54,A,4.00,2.00,0.10,20.758,0.3034
621.54,A,4.00,2.00,1.10,20.598,0.7685
621.54,A,4.00,2.00,1.70,20.459,0.6796
621.54,B,7.50,0.80,0.10,23.559,0.1771
621.54,B,7.50,0.80,1.10,23.262,0.1077
621.54,B,7.50,0.80,1.70,23.577,0.1028
621.54,C,4.00,4.50,0.10,23.478,0.2407
621.54,C,4.00,4.50,1.10,23.827,0.0312
621.54,C,4.00,4.50,1.70,24.109,0.0181
621.54,D,0.50,0.80,0.10,23.559,0.1771
621.54,D,0.50,0.80,1.10,23.262,0.1077
621.54,D,0.50,0.80,1.70,23.577,0.1028
622.71,A,4.00,2.00,0.10,20.757,0.3034
622.71,A,4.00,2.00,1.10,20.598,0.7684
622.71,A,4.00,2.00,1.70,20.459,0.6795
622.71,B,7.50,0.80,0.10,23.557,0.1771
622.71,B,7.50,0.80,1.10,23.260,0.1077
622.71,B,7.50,0.80,1.70,23.575,0.1028
622.71,C,4.00,4.50,0.10,23.477,0.2406
622.71,C,4.00,4.50,1.10,23.825,0.0311
622.71,C,4.00,4.50,1.70,24.107,0.0180
622.71,D,0.50,0.80,0.10,23.557,0.1771
622.71,D,0.50,0.80,1.10,23.260,0.1077
622.71,D,0.50,0.80,1.70,23.575,0.1028
623.88,A,4.00,2.00,0.10,20.757,0.3034
623.88,A,4.00,2.00,1.10,20.597,0.7683
623.88,A,4.00,2.00,1.70,20.458,0.6795
623.88,B,7.50,0.80,0.10,23.556,0.1772
623.88,B,7.50,0.80,1.10,23.258,0.1077
623.88,B,7.50,0.80,1.70,23.573,0.1028
623.88,C,4.00,4.50,0.10,23.476,0.2405
623.88,C,4.00,4.50,1.10,23.824,0.0311
623.88,C,4.00,4.50,1.70,24.104,0.0180
623.88,D,0.50,0.80,0.10,23.556,0.1772
623.88,D,0.50,0.80,1.10,23.258,0.1077
623.88,D,0.50,0.80,1.70,23.573,0.1028
625.05,A,4.00,2.00,0.10,20.756,0.3034
625.05,A,4.00,2.00,1.10,20.597,0.7682
625.05,A,4.00,2.00,1.70,20.457,0.6794
625.05,B,7.50,0.80,0.10,23.554,0.1772
625.05,B,7.50,0.80,1.10,23.256,0.1077
625.05,B,7.50,0.80,1.70,23.571,0.1028
625.05,C,4.00,4.50,0.10,23.475,0.2404
625.05,C,4.00,4.50,1.10,23.822,0.0310
625.05,C,4.00,4.50,1.70,24.102,0.0180
625.05,D,0.50,0.80,0.10,23.554,0.1772
625.05,D,0.50,0.80,1.10,23.256,0.1077
625.05,D,0.50,0.80,1.70,23.571,0.1029
626.22,A,4.00,2.00,0.10,20.756,0.3034
626.22,A,4.00,2.00,1.10,20.596,0.7681
626.22,A,4.00,2.00,1.70,20.457,0.6794
626.22,B,7.50,0.80,0.10,23.553,0.1772
626.22,B,7.50,0.80,1.10,23.255,0.1077
626.22,B,7.50,0.80,1.70,23.569,0.1029
626.22,C,4.00,4.50,0.10,23.474,0.2403
626.22,C,4.00,4.50,1.10,23.820,0.0310
626.22,C,4.00,4.50,1.70,24.100,0.0179
626.22,D,0.50,0.80,0.10,23.553,0.1772
626.22,D,0.50,0.80,1.10,23.255,0.1077
626.22,D,0.50,0.80,1.70,23.569,0.1029
627.38,A,4.00,2.00,0.10,20.755,0.3034
627.38,A,4.00,2.00,1.10,20.596,0.7680
627.38,A,4.00,2.00,1.70,20.456,0.6793
627.38,B,7.50,0.80,0.10,23.551,0.1773
627.38,B,7.50,0.80,1.10,23.253,0.1078
627.38,B,7.50,0.80,1.70,23.567,0.1029
627.38,C,4.00,4.50,0.10,23.473,0.2403
627.38,C,4.00,4.50,1.10,23.819,0.0309
627.38,C,4.00,4.50,1.70,24.098,0.0179
627.38,D,0.50,0.80,0.10,23.551,0.1773
627.38,D,0.50,0.80,1.10,23.253,0.1078
627.38,D,0.50,0.80,1.70,23.567,0.1029
628.55,A,4.00,2.00,0.10,20.755,0.3034
628.55,A,4.00,2.00,1.10,20.595,0.7679
628.55,A,4.00,2.00,1.70,20.456,0.6792
628.55,B,7.50,0.80,0.10,23.550,0.1773
628.55,B,7.50,0.80,1.10,23.251,0.1078
628.55,B,7.50,0.80,1.70,23.565,0.1029
628.55,C,4.00,4.50,0.10,23.472,0.2402
628.55,C,4.00,4.50,1.10,23.817,0.0309
628.55,C,4.00,4.50,1.70,24.096,0.0179
628.55,D,0.50,0.80,0.10,23.550,0.1773
628.55,D,0.50,0.80,1.10,23.251,0.1078
628.55,D,0.50,0.80,1.70,23.565,0.1029
629.72,A,4.00,2.00,0.10,20.754,0.3034
629.72,A,4.00,2.00,1.10,20.595,0.7678
629.72,A,4.00,2.00,1.70,20.455,0.6792
629.72,B,7.50,0.80,0.10,23.548,0.1773
629.72,B,7.50,0.80,1.10,23.249,0.1078
629.72,B,7.50,0.80,1.70,23.564,0.1029
629.72,C,4.00,4.50,0.10,23.470,0.2401
629.72,C,4.00,4.50,1.10,23.816,0.0308
629.72,C,4.00,4.50,1.70,24.094,0.0178
629.72,D,0.50,0.80,0.10,23.548,0.1773
629.72,D,0.50,0.80,1.10,23.249,0.1078
629.72,D,0.50,0.80,1.70,23.564,0.1029
630.89,A,4.00,2.00,0.10,20.754,0.3033
630.89,A,4.00,2.00,1.10,20.594,0.7678
630.89,A,4.00,2.00,1.70,20.455,0.6791
630.89,B,7.50,0.80,0.10,23.547,0.1774
630.89,B,7.50,0.80,1.10,23.247,0.1078
630.89,B,7.50,0.80,1.70,23.562,0.1029
630.89,C,4.00,4.50,0.10,23.469,0.2400
630.89,C,4.00,4.50,1.10,23.814,0.0308
630.89,C,4.00,4.50,1.70,24.092,0.0178
630.89,D,0.50,0.80,0.10,23.547,0.1774
630.89,D,0.50,0.80,1.10,23.247,0.1078
630.89,D,0.50,0.80,1.70,23.562,0.1029
632.06,A,4.00,2.00,0.10,20.753,0.3033
632.06,A,4.00,2.00,1.10,20.594,0.7677
632.06,A,4.00,2.00,1.70,20.454,0.6791
632.06,B,7.50,0.80,0.10,23.545,0.1774
632.06,B,7.50,0.80,1.10,23.245,0.1078
632.06,B,7.50,0.80,1.70,23.560,0.1029
632.06,C,4.00,4.50,0.10,23.468,0.2400
632.06,C,4.00,4.50,1.10,23.813,0.0308
632.06,C,4.00,4.50,1.70,24.090,0.0178
632.06,D,0.50,0.80,0.10,23.545,0.1774
632.06,D,0.50,0.80,1.10,23.245,0.1078
632.06,D,0.50,0.80,1.70,23.560,0.1029
633.22,A,4.00,2.00,0.10,20.752,0.3033
633.22,A,4.00,2.00,1.10,20.593,0.7676
633.22,A,4.00,2.00,1.70,20.453,0.6790
633.22,B,7.50,0.80,0.10,23.544,0.1775
633.22,B,7.50,0.80,1.10,23.244,0.1079
633.22,B,7.50,0.80,1.70,23.558,0.1029
633.22,C,4.00,4.50,0.10,23.467,0.2399
633.22,C,4.00,4.50,1.10,23.811,0.0307
633.22,C,4.00,4.50,1.70,24.088,0.0177
633.22,D,0.50,0.80,0.10,23.544,0.1775
633.22,D,0.50,0.80,1.10,23.244,0.1079
633.22,D,0.50,0.80,1.70,23.558,0.1029
634.39,A,4.00,2.00,0.10,20.752,0.3033
634.39,A,4.00,2.00,1.10,20.592,0.7675
634.39,A,4.00,2.00,1.70,20.453,0.6790
634.39,B,7.50,0.80,0.10,23.542,0.1775
634.39,B,7.50,0.80,1.10,23.242,0.1079
634.39,B,7.50,0.80,1.70,23.556,0.1030
634.39,C,4.00,4.50,0.10,23.466,0.2398
634.39,C,4.00,4.50,1.10,23.810,0.0307
634.39,C,4.00,4.50,1.70,24.086,0.0177
634.39,D,0.50,0.80,0.10,23.542,0.1775
634.39,D,0.50,0.80,1.10,23.242,0.1079
634.39,D,0.50,0.80,1.70,23.556,0.1030
635.56,A,4.00,2.00,0.10,20.751,0.3033
635.56,A,4.00,2.00,1.10,20.592,0.7674
635.56,A,4.00,2.00,1.70,20.452,0.6789
635.56,B,7.50,0.80,0.10,23.541,0.1776
635.56,B,7.50,0.80,1.10,23.240,0.1079
635.56,B,7.50,0.80,1.70,23.554,0.1030
635.56,C,4.00,4.50,0.10,23.465,0.2398
635.56,C,4.00,4.50,1.10,23.808,0.0306
635.56,C,4.00,4.50,1.70,24.084,0.0176
635.56,D,0.50,0.80,0.10,23.541,0.1776
635.56,D,0.50,0.80,1.10,23.240,0.1079
635.56,D,0.50,0.80,1.70,23.554,0.1030
636.73,A,4.00,2.00,0.10,20.751,0.3033
636.73,A,4.00,2.00,1.10,20.591,0.7674
636.73,A,4.00,2.00,1.70,20.451,0.6789
636.73,B,7.50,0.80,0.10,23.539,0.1776
636.73,B,7.50,0.80,1.10,23.238,0.1079
636.73,B,7.50,0.80,1.70,23.552,0.1030
636.73,C,4.00,4.50,0.10,23.464,0.2397
636.73,C,4.00,4.50,1.10,23.807,0.0306
636.73,C,4.00,4.50,1.70,24.082,0.0176
636.73,D,0.50,0.80,0.10,23.539,0.1776
636.73,D,0.50,0.80,1.10,23.238,0.1079
636.73,D,0.50,0.80,1.70,23.552,0.1030
637.90,A,4.00,2.00,0.10,20.750,0.3032
637.90,A,4.00,2.00,1.10,20.591,0.7673
637.90,A,4.00,2.00,1.70,20.451,0.6788
637.90,B,7.50,0.80,0.10,23.538,0.1777
637.90,B,7.50,0.80,1.10,23.236,0.1080
637.90,B,7.50,0.80,1.70,23.550,0.1030
637.90,C,4.00,4.50,0.10,23.462,0.2397
637.90,C,4.00,4.50,1.10,23.805,0.0305
637.90,C,4.00,4.50,1.70,24.081,0.0175
637.90,D,0.50,0.80,0.10,23.538,0.1777
637.90,D,0.50,0.80,1.10,23.236,0.1080
637.90,D,0.50,0.80,1.70,23.550,0.1030
639.07,A,4.00,2.00,0.10,20.749,0.3032
639.07,A,4.00,2.00,1.10,20.590,0.7672
639.07,A,4.00,2.00,1.70,20.450,0.6787
639.07,B,7.50,0.80,0.10,23.536,0.1777
639.07,B,7.50,0.80,1.10,23.235,0.1080
639.07,B,7.50,0.80,1.70,23.548,0.1030
639.07,C,4.00,4.50,0.10,23.461,0.2396
639.07,C,4.00,4.50,1.10,23.804,0.0305
639.07,C,4.00,4.50,1.70,24.079,0.0175
639.07,D,0.50,0.80,0.10,23.536,0.1777
639.07,D,0.50,0.80,1.10,23.235,0.1080
639.07,D,0.50,0.80,1.70,23.548,0.1030
640.23,A,4.00,2.00,0.10,20.749,0.3032
640.23,A,4.00,2.00,1.10,20.589,0.7671
640.23,A,4.00,2.00,1.70,20.450,0.6787
640.23,B,7.50,0.80,0.10,23.535,0.1778
640.23,B,7.50,0.80,1.10,23.233,0.1080
640.23,B,7.50,0.80,1.70,23.546,0.1030
640.23,C,4.00,4.50,0.10,23.460,0.2396
640.23,C,4.00,4.50,1.10,23.802,0.0304
640.23,C,4.00,4.50,1.70,24.077,0.0174
640.23,D,0.50,0.80,0.10,23.535,0.1778
640.23,D,0.50,0.80,1.10,23.233,0.1080
640.23,D,0.50,0.80,1.70,23.546,0.1030
641.40,A,4.00,2.00,0.10,20.748,0.3032
641.40,A,4.00,2.00,1.10,20.589,0.7671
641.40,A,4.00,2.00,1.70,20.449,0.6786
641.40,B,7.50,0.80,0.10,23.533,0.1778
641.40,B,7.50,0.80,1.10,23.231,0.1080
641.40,B,7.50,0.80,1.70,23.544,0.1030
641.40,C,4.00,4.50,0.10,23.459,0.2396
641.40,C,4.00,4.50,1.10,23.801,0.0304
641.40,C,4.00,4.50,1.70,24.075,0.0174
641.40,D,0.50,0.80,0.10,23.533,0.1778
641.40,D,0.50,0.80,1.10,23.231,0.1080
641.40,D,0.50,0.80,1.70,23.544,0.1030
642.57,A,4.00,2.00,0.10,20.747,0.3032
642.57,A,4.00,2.00,1.10,20.588,0.7670
642.57,A,4.00,2.00,1.70,20.448,0.6786
642.57,B,7.50,0.80,0.10,23.532,0.1779
642.57,B,7.50,0.80,1.10,23.229,0.1081
642.57,B,7.50,0.80,1.70,23.542,0.1031
642.57,C,4.00,4.50,0.10,23.458,0.2395
642.57,C,4.00,4.50,1.10,23.799,0.0303
642.57,C,4.00,4.50,1.70,24.073,0.0173
642.57,D,0.50,0.80,0.10,23.532,0.1779
642.57,D,0.50,0.80,1.10,23.229,0.1081
642.57,D,0.50,0.80,1.70,23.542,0.1031
643.74,A,4.00,2.00,0.10,20.747,0.3031
643.74,A,4.00,2.00,1.10,20.587,0.7669
643.74,A,4.00,2.00,1.70,20.448,0.6785
643.74,B,7.50,0.80,0.10,23.530,0.1779
643.74,B,7.50,0.80,1.10,23.228,0.1081
643.74,B,7.50,0.80,1.70,23.541,0.1031
643.74,C,4.00,4.50,0.10,23.456,0.2395
643.74,C,4.00,4.50,1.10,23.798,0.0303
643.74,C,4.00,4.50,1.70,24.071,0.0173
643.74,D,0.50,0.80,0.10,23.530,0.1779
643.74,D,0.50,0.80,1.10,23.228,0.1081
643.74,D,0.50,0.80,1.70,23.541,0.1031
644.91,A,4.00,2.00,0.10,20.746,0.3031
644.91,A,4.00,2.00,1.10,20.586,0.7669
644.91,A,4.00,2.00,1.70,20.447,0.6785
644.91,B,7.50,0.80,0.10,23.529,0.1780
644.91,B,7.50,0.80,1.10,23.226,0.1081
644.91,B,7.50,0.80,1.70,23.539,0.1031
644.91,C,4.00,4.50,0.10,23.455,0.2395
644.91,C,4.00,4.50,1.10,23.796,0.0303
644.91,C,4.00,4.50,1.70,24.069,0.0172
644.91,D,0.50,0.80,0.10,23.529,0.1780
644.91,D,0.50,0.80,1.10,23.226,0.1081
644.91,D,0.50,0.80,1.70,23.539,0.1031
646.08,A,4.00,2.00,0.10,20.745,0.3031
646.08,A,4.00,2.00,1.10,20.586,0.7668
646.08,A,4.00,2.00,1.70,20.446,0.6784
646.08,B,7.50,0.80,0.10,23.527,0.1780
646.08,B,7.50,0.80,1.10,23.224,0.1081
646.08,B,7.50,0.80,1.70,23.537,0.1031
646.08,C,4.00,4.50,0.10,23.454,0.2394
646.08,C,4.00,4.50,1.10,23.795,0.0302
646.08,C,4.00,4.50,1.70,24.067,0.0172
646.08,D,0.50,0.80,0.10,23.527,0.1780
646.08,D,0.50,0.80,1.10,23.224,0.1081
646.08,D,0.50,0.80,1.70,23.537,0.1031
647.24,A,4.00,2.00,0.10,20.744,0.3031
647.24,A,4.00,2.00,1.10,20.585,0.7667
647.24,A,4.00,2.00,1.70,20.446,0.6784
647.24,B,7.50,0.80,0.10,23.526,0.1781
647.24,B,7.50,0.80,1.10,23.222,0.1082
647.24,B,7.50,0.80,1.70,23.535,0.1031
647.24,C,4.00,4.50,0.10,23.453,0.2394
647.24,C,4.00,4.50,1.10,23.793,0.0302
647.24,C,4.00,4.50,1.70,24.066,0.0171
647.24,D,0.50,0.80,0.10,23.526,0.1781
647.24,D,0.50,0.80,1.10,23.222,0.1082
647.24,D,0.50,0.80,1.70,23.535,0.1031
648.41,A,4.00,2.00,0.10,20.744,0.3031
648.41,A,4.00,2.00,1.10,20.584,0.7667
648.41,A,4.00,2.00,1.70,20.445,0.6783
648.41,B,7.50,0.80,0.10,23.524,0.1781
648.41,B,7.50,0.80,1.10,23.221,0.1082
648.41,B,7.50,0.80,1.70,23.533,0.1031
648.41,C,4.00,4.50,0.10,23.452,0.2394
648.41,C,4.00,4.50,1.10,23.792,0.0301
648.41,C,4.00,4.50,1.70,24.064,0.0170
648.41,D,0.50,0.80,0.10,23.524,0.1781
648.41,D,0.50,0.80,1.10,23.221,0.1082
648.41,D,0.50,0.80,1.70,23.533,0.1031
649.58,A,4.00,2.00,0.10,20.743,0.3031
649.58,A,4.00,2.00,1.10,20.584,0.7666
649.58,A,4.00,2.00,1.70,20.444,0.6783
649.58,B,7.50,0.80,0.10,23.523,0.1782
649.58,B,7.50,0.80,1.10,23.219,0.1082
649.58,B,7.50,0.80,1.70,23.531,0.1031
649.58,C,4.00,4.50,0.10,23.450,0.2394
649.58,C,4.00,4.50,1.10,23.790,0.0301
649.58,C,4.00,4.50,1.70,24.062,0.0170
649.58,D,0.50,0.80,0.10,23.523,0.1782
649.58,D,0.50,0.80,1.10,23.219,0.1082
649.58,D,0.50,0.80,1.70,23.531,0.1032
650.75,A,4.00,2.00,0.10,20.742,0.3031
650.75,A,4.00,2.00,1.10,20.583,0.7665
650.75,A,4.00,2.00,1.70,20.444,0.6782
650.75,B,7.50,0.80,0.10,23.521,0.1782
650.75,B,7.50,0.80,1.10,23.217,0.1083
650.75,B,7.50,0.80,1.70,23.529,0.1032
650.75,C,4.00,4.50,0.10,23.449,0.2394
650.75,C,4.00,4.50,1.10,23.789,0.0300
650.75,C,4.00,4.50,1.70,24.060,0.0169
650.75,D,0.50,0.80,0.10,23.521,0.1782
650.75,D,0.50,0.80,1.10,23.217,0.1083
650.75,D,0.50,0.80,1.70,23.529,0.1032
651.92,A,4.00,2.00,0.10,20.741,0.3031
651.92,A,4.00,2.00,1.10,20.582,0.7665
651.92,A,4.00,2.00,1.70,20.443,0.6781
651.92,B,7.50,0.80,0.10,23.520,0.1783
651.92,B,7.50,0.80,1.10,23.216,0.1083
651.92,B,7.50,0.80,1.70,23.528,0.1032
651.92,C,4.00,4.50,0.10,23.448,0.2393
651.92,C,4.00,4.50,1.10,23.787,0.0300
651.92,C,4.00,4.50,1.70,24.058,0.0168
651.92,D,0.50,0.80,0.10,23.520,0.1783
651.92,D,0.50,0.80,1.10,23.215,0.1083
651.92,D,0.50,0.80,1.70,23.527,0.1032
653.08,A,4.00,2.00,0.10,20.741,0.3030
653.08,A,4.00,2.00,1.10,20.581,0.7664
653.08,A,4.00,2.00,1.70,20.442,0.6781
653.08,B,7.50,0.80,0.10,23.518,0.1784
653.08,B,7.50,0.80,1.10,23.214,0.1083
653.08,B,7.50,0.80,1.70,23.526,0.1032
653.08,C,4.00,4.50,0.10,23.447,0.2393
653.08,C,4.00,4.50,1.10,23.786,0.0299
653.08,C,4.00,4.50,1.70,24.056,0.0168
653.08,D,0.50,0.80,0.10,23.518,0.1784
653.08,D,0.50,0.80,1.10,23.214,0.1083
653.08,D,0.50,0.80,1.70,23.526,0.1032
654.25,A,4.00,2.00,0.10,20.740,0.3030
654.25,A,4.00,2.00,1.10,20.581,0.7663
654.25,A,4.00,2.00,1.70,20.442,0.6780
654.25,B,7.50,0.80,0.10,23.517,0.1784
654.25,B,7.50,0.80,1.10,23.212,0.1083
654.25,B,7.50,0.80,1.70,23.524,0.1032
654.25,C,4.00,4.50,0.10,23.446,0.2393
654.25,C,4.00,4.50,1.10,23.784,0.0299
654.25,C,4.00,4.50,1.70,24.054,0.0167
654.25,D,0.50,0.80,0.10,23.517,0.1784
654.25,D,0.50,0.80,1.10,23.212,0.1083
654.25,D,0.50,0.80,1.70,23.524,0.1032
655.42,A,4.00,2.00,0.10,20.739,0.3030
655.42,A,4.00,2.00,1.10,20.580,0.7663
655.42,A,4.00,2.00,1.70,20.441,0.6780
655.42,B,7.50,0.80,0.10,23.515,0.1785
655.42,B,7.50,0.80,1.10,23.210,0.1084
655.42,B,7.50,0.80,1.70,23.522,0.1032
655.42,C,4.00,4.50,0.10,23.444,0.2393
655.42,C,4.00,4.50,1.10,23.783,0.0298
655.42,C,4.00,4.50,1.70,24.053,0.0167
655.42,D,0.50,0.80,0.10,23.515,0.1785
655.42,D,0.50,0.80,1.10,23.210,0.1084
655.42,D,0.50,0.80,1.70,23.522,0.1032
656.59,A,4.00,2.00,0.10,20.738,0.3030
656.59,A,4.00,2.00,1.10,20.579,0.7662
656.59,A,4.00,2.00,1.70,20.440,0.6779
656.59,B,7.50,0.80,0.10,23.514,0.1785
656.59,B,7.50,0.80,1.10,23.209,0.1084
656.59,B,7.50,0.80,1.70,23.520,0.1033
656.59,C,4.00,4.50,0.10,23.443,0.2393
656.59,C,4.00,4.50,1.10,23.781,0.0298
656.59,C,4.00,4.50,1.70,24.051,0.0166
656.59,D,0.50,0.80,0.10,23.514,0.1785
656.59,D,0.50,0.80,1.10,23.209,0.1084
656.59,D,0.50,0.80,1.70,23.520,0.1033
657.76,A,4.00,2.00,0.10,20.738,0.3031
657.76,A,4.00,2.00,1.10,20.579,0.7661
657.76,A,4.00,2.00,1.70,20.440,0.6779
657.76,B,7.50,0.80,0.10,23.513,0.1786
657.76,B,7.50,0.80,1.10,23.207,0.1084
657.76,B,7.50,0.80,1.70,23.518,0.1033
657.76,C,4.00,4.50,0.10,23.442,0.2393
657.76,C,4.00,4.50,1.10,23.779,0.0298
657.76,C,4.00,4.50,1.70,24.049,0.0165
657.76,D,0.50,0.80,0.10,23.513,0.1786
657.76,D,0.50,0.80,1.10,23.207,0.1084
657.76,D,0.50,0.80,1.70,23.518,0.1033
658.92,A,4.00,2.00,0.10,20.737,0.3031
658.92,A,4.00,2.00,1.10,20.578,0.7661
658.92,A,4.00,2.00,1.70,20.439,0.6778
658.92,B,7.50,0.80,0.10,23.511,0.1786
658.92,B,7.50,0.80,1.10,23.205,0.1085
658.92,B,7.50,0.80,1.70,23.517,0.1033
658.92,C,4.00,4.50,0.10,23.441,0.2392
658.92,C,4.00,4.50,1.10,23.778,0.0297
658.92,C,4.00,4.50,1.70,24.047,0.0165
658.92,D,0.50,0.80,0.10,23.511,0.1786
658.92,D,0.50,0.80,1.10,23.205,0.1085
658.92,D,0.50,0.80,1.70,23.517,0.1033
660.09,A,4.00,2.00,0.10,20.736,0.3031
660.09,A,4.00,2.00,1.10,20.577,0.7660
660.09,A,4.00,2.00,1.70,20.438,0.6778
660.09,B,7.50,0.80,0.10,23.510,0.1787
660.09,B,7.50,0.80,1.10,23.204,0.1085
660.09,B,7.50,0.80,1.70,23.515,0.1033
660.09,C,4.00,4.50,0.10,23.439,0.2392
660.09,C,4.00,4.50,1.10,23.776,0.0297
660.09,C,4.00,4.50,1.70,24.045,0.0164
660.09,D,0.50,0.80,0.10,23.510,0.1787
660.09,D,0.50,0.80,1.10,23.204,0.1085
660.09,D,0.50,0.80,1.70,23.515,0.1033
661.26,A,4.00,2.00,0.10,20.736,0.3031
661.26,A,4.00,2.00,1.10,20.577,0.7659
661.26,A,4.00,2.00,1.70,20.438,0.6777
661.26,B,7.50,0.80,0.10,23.508,0.1787
661.26,B,7.50,0.80,1.10,23.202,0.1085
661.26,B,7.50,0.80,1.70,23.513,0.1033
661.26,C,4.00,4.50,0.10,23.438,0.2392
661.26,C,4.00,4.50,1.10,23.775,0.0296
661.26,C,4.00,4.50,1.70,24.043,0.0164
661.26,D,0.50,0.80,0.10,23.508,0.1787
661.26,D,0.50,0.80,1.10,23.202,0.1085
661.26,D,0.50,0.80,1.70,23.513,0.1033
662.43,A,4.00,2.00,0.10,20.735,0.3031
662.43,A,4.00,2.00,1.10,20.576,0.7658
662.43,A,4.00,2.00,1.70,20.437,0.6777
662.43,B,7.50,0.80,0.10,23.507,0.1788
662.43,B,7.50,0.80,1.10,23.201,0.1086
662.43,B,7.50,0.80,1.70,23.511,0.1034
662.43,C,4.00,4.50,0.10,23.437,0.2392
662.43,C,4.00,4.50,1.10,23.773,0.0296
662.43,C,4.00,4.50,1.70,24.041,0.0163
662.43,D,0.50,0.80,0.10,23.507,0.1788
662.43,D,0.50,0.80,1.10,23.201,0.1086
662.43,D,0.50,0.80,1.70,23.511,0.1034
663.60,A,4.00,2.00,0.10,20.734,0.3031
663.60,A,4.00,2.00,1.10,20.576,0.7657
663.60,A,4.00,2.00,1.70,20.437,0.6776
663.60,B,7.50,0.80,0.10,23.506,0.1788
663.60,B,7.50,0.80,1.10,23.199,0.1086
663.60,B,7.50,0.80,1.70,23.510,0.1034
663.60,C,4.00,4.50,0.10,23.436,0.2392
663.60,C,4.00,4.50,1.10,23.771,0.0295
663.60,C,4.00,4.50,1.70,24.039,0.0162
663.60,D,0.50,0.80,0.10,23.506,0.1788
663.60,D,0.50,0.80,1.10,23.199,0.1086
663.60,D,0.50,0.80,1.70,23.509,0.1034
664.77,A,4.00,2.00,0.10,20.734,0.3032
664.77,A,4.00,2.00,1.10,20.575,0.7657
664.77,A,4.00,2.00,1.70,20.436,0.6776
664.77,B,7.50,0.80,0.10,23.504,0.1789
664.77,B,7.50,0.80,1.10,23.197,0.1086
664.77,B,7.50,0.80,1.70,23.508,0.1034
664.77,C,4.00,4.50,0.10,23.435,0.2391
664.77,C,4.00,4.50,1.10,23.770,0.0295
664.77,C,4.00,4.50,1.70,24.037,0.0162
664.77,D,0.50,0.80,0.10,23.504,0.1789
664.77,D,0.50,0.80,1.10,23.197,0.1086
664.77,D,0.50,0.80,1.70,23.508,0.1034
665.93,A,4.00,2.00,0.10,20.733,0.3032
665.93,A,4.00,2.00,1.10,20.575,0.7656
665.93,A,4.00,2.00,1.70,20.435,0.6775
665.93,B,7.50,0.80,0.10,23.503,0.1789
665.93,B,7.50,0.80,1.10,23.196,0.1087
665.93,B,7.50,0.80,1.70,23.506,0.1034
665.93,C,4.00,4.50,0.10,23.434,0.2391
665.93,C,4.00,4.50,1.10,23.768,0.0294
665.93,C,4.00,4.50,1.70,24.036,0.0161
665.93,D,0.50,0.80,0.10,23.503,0.1789
665.93,D,0.50,0.80,1.10,23.196,0.1087
665.93,D,0.50,0.80,1.70,23.506,0.1034
667.10,A,4.00,2.00,0.10,20.732,0.3032
667.10,A,4.00,2.00,1.10,20.574,0.7655
667.10,A,4.00,2.00,1.70,20.435,0.6774
667.10,B,7.50,0.80,0.10,23.502,0.1790
667.10,B,7.50,0.80,1.10,23.194,0.1087
667.10,B,7.50,0.80,1.70,23.504,0.1034
667.10,C,4.00,4.50,0.10,23.432,0.2391
667.10,C,4.00,4.50,1.10,23.767,0.0294
667.10,C,4.00,4.50,1.70,24.034,0.0161
667.10,D,0.50,0.80,0.10,23.502,0.1790
667.10,D,0.50,0.80,1.10,23.194,0.1087
667.10,D,0.50,0.80,1.70,23.504,0.1034
668.27,A,4.00,2.00,0.10,20.732,0.3032
668.27,A,4.00,2.00,1.10,20.574,0.7654
668.27,A,4.00,2.00,1.70,20.434,0.6774
668.27,B,7.50,0.80,0.10,23.500,0.1790
668.27,B,7.50,0.80,1.10,23.193,0.1087
668.27,B,7.50,0.80,1.70,23.503,0.1034
668.27,C,4.00,4.50,0.10,23.431,0.2391
668.27,C,4.00,4.50,1.10,23.765,0.0294
668.27,C,4.00,4.50,1.70,24.032,0.0160
668.27,D,0.50,0.80,0.10,23.500,0.1790
668.27,D,0.50,0.80,1.10,23.193,0.1087
668.27,D,0.50,0.80,1.70,23.503,0.1034
669.44,A,4.00,2.00,0.10,20.731,0.3033
669.44,A,4.00,2.00,1.10,20.573,0.7653
669.44,A,4.00,2.00,1.70,20.434,0.6773
669.44,B,7.50,0.80,0.10,23.499,0.1791
669.44,B,7.50,0.80,1.10,23.191,0.1088
669.44,B,7.50,0.80,1.70,23.501,0.1035
669.44,C,4.00,4.50,0.10,23.430,0.2390
669.44,C,4.00,4.50,1.10,23.763,0.0293
669.44,C,4.00,4.50,1.70,24.030,0.0160
669.44,D,0.50,0.80,0.10,23.499,0.1791
669.44,D,0.50,0.80,1.10,23.191,0.1088
669.44,D,0.50,0.80,1.70,23.501,0.1035
670.61,A,4.00,2.00,0.10,20.731,0.3033
670.61,A,4.00,2.00,1.10,20.573,0.7652
670.61,A,4.00,2.00,1.70,20.433,0.6773
670.61,B,7.50,0.80,0.10,23.498,0.1791
670.61,B,7.50,0.80,1.10,23.190,0.1088
670.61,B,7.50,0.80,1.70,23.499,0.1035
670.61,C,4.00,4.50,0.10,23.429,0.2390
670.61,C,4.00,4.50,1.10,23.762,0.0293
670.61,C,4.00,4.50,1.70,24.028,0.0159
670.61,D,0.50,0.80,0.10,23.498,0.1791
670.61,D,0.50,0.80,1.10,23.189,0.1088
670.61,D,0.50,0.80,1.70,23.499,0.1035
671.78,A,4.00,2.00,0.10,20.730,0.3033
671.78,A,4.00,2.00,1.10,20.572,0.7651
671.78,A,4.00,2.00,1.70,20.433,0.6772
671.78,B,7.50,0.80,0.10,23.496,0.1791
671.78,B,7.50,0.80,1.10,23.188,0.1088
671.78,B,7.50,0.80,1.70,23.498,0.1035
671.78,C,4.00,4.50,0.10,23.428,0.2390
671.78,C,4.00,4.50,1.10,23.760,0.0292
671.78,C,4.00,4.50,1.70,24.026,0.0159
671.78,D,0.50,0.80,0.10,23.496,0.1792
671.78,D,0.50,0.80,1.10,23.188,0.1088
671.78,D,0.50,0.80,1.70,23.498,0.1035
672.94,A,4.00,2.00,0.10,20.730,0.3034
672.94,A,4.00,2.00,1.10,20.572,0.7651
672.94,A,4.00,2.00,1.70,20.432,0.6772
672.94,B,7.50,0.80,0.10,23.495,0.1792
672.94,B,7.50,0.80,1.10,23.186,0.1088
672.94,B,7.50,0.80,1.70,23.496,0.1035
672.94,C,4.00,4.50,0.10,23.427,0.2389
672.94,C,4.00,4.50,1.10,23.759,0.0292
672.94,C,4.00,4.50,1.70,24.024,0.0158
672.94,D,0.50,0.80,0.10,23.495,0.1792
672.94,D,0.50,0.80,1.10,23.186,0.1089
672.94,D,0.50,0.80,1.70,23.496,0.1035
674.11,A,4.00,2.00,0.10,20.729,0.3034
674.11,A,4.00,2.00,1.10,20.571,0.7650
674.11,A,4.00,2.00,1.70,20.432,0.6771
674.11,B,7.50,0.80,0.10,23.494,0.1792
674.11,B,7.50,0.80,1.10,23.185,0.1089
674.11,B,7.50,0.80,1.70,23.494,0.1035
674.11,C,4.00,4.50,0.10,23.426,0.2389
674.11,C,4.00,4.50,1.10,23.757,0.0292
674.11,C,4.00,4.50,1.70,24.022,0.0158
674.11,D,0.50,0.80,0.10,23.494,0.1792
674.11,D,0.50,0.80,1.10,23.185,0.1089
674.11,D,0.50,0.80,1.70,23.494,0.1035
675.28,A,4.00,2.00,0.10,20.729,0.3034
675.28,A,4.00,2.00,1.10,20.571,0.7649
675.28,A,4.00,2.00,1.70,20.431,0.6771
675.28,B,7.50,0.80,0.10,23.493,0.1793
675.28,B,7.50,0.80,1.10,23.183,0.1089
675.28,B,7.50,0.80,1.70,23.493,0.1036
675.28,C,4.00,4.50,0.10,23.425,0.2388
675.28,C,4.00,4.50,1.10,23.755,0.0291
675.28,C,4.00,4.50,1.70,24.020,0.0157
675.28,D,0.50,0.80,0.10,23.493,0.1793
675.28,D,0.50,0.80,1.10,23.183,0.1089
675.28,D,0.50,0.80,1.70,23.493,0.1036
676.45,A,4.00,2.00,0.10,20.728,0.3035
676.45,A,4.00,2.00,1.10,20.571,0.7648
676.45,A,4.00,2.00,1.70,20.431,0.6770
676.45,B,7.50,0.80,0.10,23.491,0.1793
676.45,B,7.50,0.80,1.10,23.182,0.1089
676.45,B,7.50,0.80,1.70,23.491,0.1036
676.45,C,4.00,4.50,0.10,23.424,0.2388
676.45,C,4.00,4.50,1.10,23.754,0.0291
676.45,C,4.00,4.50,1.70,24.018,0.0157
676.45,D,0.50,0.80,0.10,23.491,0.1793
676.45,D,0.50,0.80,1.10,23.182,0.1089
676.45,D,0.50,0.80,1.70,23.491,0.1036
677.62,A,4.00,2.00,0.10,20.728,0.3035
677.62,A,4.00,2.00,1.10,20.570,0.7647
677.62,A,4.00,2.00,1.70,20.430,0.6770
677.62,B,7.50,0.80,0.10,23.490,0.1793
677.62,B,7.50,0.80,1.10,23.180,0.1090
677.62,B,7.50,0.80,1.70,23.489,0.1036
677.62,C,4.00,4.50,0.10,23.423,0.2388
677.62,C,4.00,4.50,1.10,23.752,0.0290
677.62,C,4.00,4.50,1.70,24.016,0.0157
677.62,D,0.50,0.80,0.10,23.490,0.1793
677.62,D,0.50,0.80,1.10,23.180,0.1090
677.62,D,0.50,0.80,1.70,23.489,0.1036
678.78,A,4.00,2.00,0.10,20.727,0.3036
678.78,A,4.00,2.00,1.10,20.570,0.7646
678.78,A,4.00,2.00,1.70,20.430,0.6769
678.78,B,7.50,0.80,0.10,23.489,0.1793
678.78,B,7.50,0.80,1.10,23.179,0.1090
678.78,B,7.50,0.80,1.70,23.488,0.1036
678.78,C,4.00,4.50,0.10,23.422,0.2387
678.78,C,4.00,4.50,1.10,23.750,0.0290
678.78,C,4.00,4.50,1.70,24.015,0.0156
678.78,D,0.50,0.80,0.10,23.489,0.1794
678.78,D,0.50,0.80,1.10,23.179,0.1090
678.78,D,0.50,0.80,1.70,23.488,0.1036
679.95,A,4.00,2.00,0.10,20.727,0.3036
679.95,A,4.00,2.00,1.10,20.570,0.7645
679.95,A,4.00,2.00,1.70,20.429,0.6769
679.95,B,7.50,0.80,0.10,23.488,0.1794
679.95,B,7.50,0.80,1.10,23.177,0.1090
679.95,B,7.50,0.80,1.70,23.486,0.1036
679.95,C,4.00,4.50,0.10,23.421,0.2387
679.95,C,4.00,4.50,1.10,23.749,0.0290
679.95,C,4.00,4.50,1.70,24.013,0.0156
679.95,D,0.50,0.80,0.10,23.488,0.1794
679.95,D,0.50,0.80,1.10,23.177,0.1090
679.95,D,0.50,0.80,1.70,23.486,0.1036
681.12,A,4.00,2.00,0.10,20.727,0.3036
681.12,A,4.00,2.00,1.10,20.569,0.7644
681.12,A,4.00,2.00,1.70,20.429,0.6768
681.12,B,7.50,0.80,0.10,23.487,0.1794
681.12,B,7.50,0.80,1.10,23.176,0.1090
681.12,B,7.50,0.80,1.70,23.485,0.1036
681.12,C,4.00,4.50,0.10,23.420,0.2386
681.12,C,4.00,4.50,1.10,23.747,0.0289
681.12,C,4.00,4.50,1.70,24.011,0.0156
681.12,D,0.50,0.80,0.10,23.487,0.1794
681.12,D,0.50,0.80,1.10,23.176,0.1090
681.12,D,0.50,0.80,1.70,23.485,0.1036
682.29,A,4.00,2.00,0.10,20.726,0.3037
682.29,A,4.00,2.00,1.10,20.569,0.7643
682.29,A,4.00,2.00,1.70,20.428,0.6768
682.29,B,7.50,0.80,0.10,23.485,0.1794
682.29,B,7.50,0.80,1.10,23.174,0.1091
682.29,B,7.50,0.80,1.70,23.483,0.1036
682.29,C,4.00,4.50,0.10,23.419,0.2385
682.29,C,4.00,4.50,1.10,23.746,0.0289
682.29,C,4.00,4.50,1.70,24.009,0.0155
682.29,D,0.50,0.80,0.10,23.485,0.1794
682.29,D,0.50,0.80,1.10,23.174,0.1091
682.29,D,0.50,0.80,1.70,23.483,0.1036
683.46,A,4.00,2.00,0.10,20.726,0.3037
683.46,A,4.00,2.00,1.10,20.569,0.7643
683.46,A,4.00,2.00,1.70,20.428,0.6767
683.46,B,7.50,0.80,0.10,23.484,0.1795
683.46,B,7.50,0.80,1.10,23.173,0.1091
683.46,B,7.50,0.80,1.70,23.482,0.1037
683.46,C,4.00,4.50,0.10,23.418,0.2385
683.46,C,4.00,4.50,1.10,23.744,0.0288
683.46,C,4.00,4.50,1.70,24.007,0.0155
683.46,D,0.50,0.80,0.10,23.484,0.1795
683.46,D,0.50,0.80,1.10,23.173,0.1091
683.46,D,0.50,0.80,1.70,23.482,0.1037
684.63,A,4.00,2.00,0.10,20.725,0.3038
684.63,A,4.00,2.00,1.10,20.568,0.7642
684.63,A,4.00,2.00,1.70,20.427,0.6767
684.63,B,7.50,0.80,0.10,23.483,0.1795
684.63,B,7.50,0.80,1.10,23.172,0.1091
684.63,B,7.50,0.80,1.70,23.480,0.1037
684.63,C,4.00,4.50,0.10,23.417,0.2384
684.63,C,4.00,4.50,1.10,23.742,0.0288
684.63,C,4.00,4.50,1.70,24.005,0.0155
684.63,D,0.50,0.80,0.10,23.483,0.1795
684.63,D,0.50,0.80,1.10,23.172,0.1091
684.63,D,0.50,0.80,1.70,23.480,0.1037
685.79,A,4.00,2.00,0.10,20.725,0.3038
685.79,A,4.00,2.00,1.10,20.568,0.7641
685.79,A,4.00,2.00,1.70,20.427,0.6767
685.79,B,7.50,0.80,0.10,23.482,0.1795
685.79,B,7.50,0.80,1.10,23.170,0.1091
685.79,B,7.50,0.80,1.70,23.479,0.1037
685.79,C,4.00,4.50,0.10,23.416,0.2384
685.79,C,4.00,4.50,1.10,23.741,0.0288
685.79,C,4.00,4.50,1.70,24.003,0.0155
685.79,D,0.50,0.80,0.10,23.482,0.1795
685.79,D,0.50,0.80,1.10,23.170,0.1091
685.79,D,0.50,0.80,1.70,23.479,0.1037
686.96,A,4.00,2.00,0.10,20.725,0.3039
686.96,A,4.00,2.00,1.10,20.568,0.7640
686.96,A,4.00,2.00,1.70,20.426,0.6766
686.96,B,7.50,0.80,0.10,23.481,0.1795
686.96,B,7.50,0.80,1.10,23.169,0.1091
686.96,B,7.50,0.80,1.70,23.477,0.1037
686.96,C,4.00,4.50,0.10,23.415,0.2383
686.96,C,4.00,4.50,1.10,23.739,0.0287
686.96,C,4.00,4.50,1.70,24.001,0.0154
686.96,D,0.50,0.80,0.10,23.481,0.1795
686.96,D,0.50,0.80,1.10,23.169,0.1092
686.96,D,0.50,0.80,1.70,23.477,0.1037
688.13,A,4.00,2.00,0.10,20.724,0.3039
688.13,A,4.00,2.00,1.10,20.568,0.7639
688.13,A,4.00,2.00,1.70,20.426,0.6766
688.13,B,7.50,0.80,0.10,23.480,0.1795
688.13,B,7.50,0.80,1.10,23.167,0.1092
688.13,B,7.50,0.80,1.70,23.476,0.1037
688.13,C,4.00,4.50,0.10,23.414,0.2382
688.13,C,4.00,4.50,1.10,23.738,0.0287
688.13,C,4.00,4.50,1.70,24.000,0.0154
688.13,D,0.50,0.80,0.10,23.480,0.1795
688.13,D,0.50,0.80,1.10,23.167,0.1092
688.13,D,0.50,0.80,1.70,23.476,0.1037
689.30,A,4.00,2.00,0.10,20.724,0.3039
689.30,A,4.00,2.00,1.10,20.567,0.7638
689.30,A,4.00,2.00,1.70,20.425,0.6765
689.30,B,7.50,0.80,0.10,23.479,0.1796
689.30,B,7.50,0.80,1.10,23.166,0.1092
689.30,B,7.50,0.80,1.70,23.474,0.1037
689.30,C,4.00,4.50,0.10,23.413,0.2382
689.30,C,4.00,4.50,1.10,23.736,0.0286
689.30,C,4.00,4.50,1.70,23.998,0.0154
689.30,D,0.50,0.80,0.10,23.479,0.1796
689.30,D,0.50,0.80,1.10,23.166,0.1092
689.30,D,0.50,0.80,1.70,23.474,0.1037
690.47,A,4.00,2.00,0.10,20.724,0.3040
690.47,A,4.00,2.00,1.10,20.567,0.7637
690.47,A,4.00,2.00,1.70,20.425,0.6765
690.47,B,7.50,0.80,0.10,23.478,0.1796
690.47,B,7.50,0.80,1.10,23.164,0.1092
690.47,B,7.50,0.80,1.70,23.473,0.1037
690.47,C,4.00,4.50,0.10,23.412,0.2381
690.47,C,4.00,4.50,1.10,23.735,0.0286
690.47,C,4.00,4.50,1.70,23.996,0.0154
690.47,D,0.50,0.80,0.10,23.478,0.1796
690.47,D,0.50,0.80,1.10,23.164,0.1092
690.47,D,0.50,0.80,1.70,23.473,0.1038
691.64,A,4.00,2.00,0.10,20.723,0.3040
691.64,A,4.00,2.00,1.10,20.567,0.7636
691.64,A,4.00,2.00,1.70,20.425,0.6764
691.64,B,7.50,0.80,0.10,23.476,0.1796
691.64,B,7.50,0.80,1.10,23.163,0.1092
691.64,B,7.50,0.80,1.70,23.471,0.1038
691.64,C,4.00,4.50,0.10,23.411,0.2381
691.64,C,4.00,4.50,1.10,23.733,0.0286
691.64,C,4.00,4.50,1.70,23.994,0.0154
691.64,D,0.50,0.80,0.10,23.476,0.1796
691.64,D,0.50,0.80,1.10,23.163,0.1092
691.64,D,0.50,0.80,1.70,23.471,0.1038
692.80,A,4.00,2.00,0.10,20.723,0.3041
692.80,A,4.00,2.00,1.10,20.567,0.7635
692.80,A,4.00,2.00,1.70,20.424,0.6764
692.80,B,7.50,0.80,0.10,23.475,0.1796
692.80,B,7.50,0.80,1.10,23.162,0.1092
692.80,B,7.50,0.80,1.70,23.470,0.1038
692.80,C,4.00,4.50,0.10,23.411,0.2380
692.80,C,4.00,4.50,1.10,23.732,0.0285
692.80,C,4.00,4.50,1.70,23.992,0.0154
692.80,D,0.50,0.80,0.10,23.475,0.1796
692.80,D,0.50,0.80,1.10,23.162,0.1092
692.80,D,0.50,0.80,1.70,23.470,0.1038
693.97,A,4.00,2.00,0.10,20.723,0.3041
693.97,A,4.00,2.00,1.10,20.566,0.7634
693.97,A,4.00,2.00,1.70,20.424,0.6763
693.97,B,7.50,0.80,0.10,23.474,0.1796
693.97,B,7.50,0.80,1.10,23.160,0.1093
693.97,B,7.50,0.80,1.70,23.468,0.1038
693.97,C,4.00,4.50,0.10,23.410,0.2379
693.97,C,4.00,4.50,1.10,23.730,0.0285
693.97,C,4.00,4.50,1.70,23.991,0.0153
693.97,D,0.50,0.80,0.10,23.474,0.1796
693.97,D,0.50,0.80,1.10,23.160,0.1093
693.97,D,0.50,0.80,1.70,23.468,0.1038
695.14,A,4.00,2.00,0.10,20.722,0.3042
695.14,A,4.00,2.00,1.10,20.566,0.7633
695.14,A,4.00,2.00,1.70,20.423,0.6763
695.14,B,7.50,0.80,0.10,23.473,0.1797
695.14,B,7.50,0.80,1.10,23.159,0.1093
695.14,B,7.50,0.80,1.70,23.467,0.1038
695.14,C,4.00,4.50,0.10,23.409,0.2378
695.14,C,4.00,4.50,1.10,23.729,0.0285
695.14,C,4.00,4.50,1.70,23.989,0.0153
695.14,D,0.50,0.80,0.10,23.473,0.1797
695.14,D,0.50,0.80,1.10,23.159,0.1093
695.14,D,0.50,0.80,1.70,23.467,0.1038
696.31,A,4.00,2.00,0.10,20.722,0.3042
696.31,A,4.00,2.00,1.10,20.566,0.7632
696.31,A,4.00,2.00,1.70,20.423,0.6762
696.31,B,7.50,0.80,0.10,23.472,0.1797
696.31,B,7.50,0.80,1.10,23.158,0.1093
696.31,B,7.50,0.80,1.70,23.465,0.1038
696.31,C,4.00,4.50,0.10,23.408,0.2378
696.31,C,4.00,4.50,1.10,23.727,0.0284
696.31,C,4.00,4.50,1.70,23.987,0.0153
696.31,D,0.50,0.80,0.10,23.472,0.1797
696.31,D,0.50,0.80,1.10,23.158,0.1093
696.31,D,0.50,0.80,1.70,23.465,0.1038
697.48,A,4.00,2.00,0.10,20.722,0.3043
697.48,A,4.00,2.00,1.10,20.566,0.7632
697.48,A,4.00,2.00,1.70,20.423,0.6762
697.48,B,7.50,0.80,0.10,23.471,0.1797
697.48,B,7.50,0.80,1.10,23.156,0.1093
697.48,B,7.50,0.80,1.70,23.464,0.1038
697.48,C,4.00,4.50,0.10,23.407,0.2377
697.48,C,4.00,4.50,1.10,23.726,0.0284
697.48,C,4.00,4.50,1.70,23.985,0.0153
697.48,D,0.50,0.80,0.10,23.471,0.1797
697.48,D,0.50,0.80,1.10,23.156,0.1093
697.48,D,0.50,0.80,1.70,23.464,0.1038
698.64,A,4.00,2.00,0.10,20.721,0.3043
698.64,A,4.00,2.00,1.10,20.566,0.7631
698.64,A,4.00,2.00,1.70,20.422,0.6762
698.64,B,7.50,0.80,0.10,23.470,0.1797
698.64,B,7.50,0.80,1.10,23.155,0.1093
698.64,B,7.50,0.80,1.70,23.463,0.1038
698.64,C,4.00,4.50,0.10,23.406,0.2376
698.64,C,4.00,4.50,1.10,23.725,0.0284
698.64,C,4.00,4.50,1.70,23.984,0.0153
698.64,D,0.50,0.80,0.10,23.470,0.1797
698.64,D,0.50,0.80,1.10,23.155,0.1093
698.64,D,0.50,0.80,1.70,23.463,0.1038
699.81,A,4.00,2.00,0.10,20.721,0.3043
699.81,A,4.00,2.00,1.10,20.565,0.7630
699.81,A,4.00,2.00,1.70,20.422,0.6761
699.81,B,7.50,0.80,0.10,23.469,0.1797
699.81,B,7.50,0.80,1.10,23.154,0.1093
699.81,B,7.50,0.80,1.70,23.461,0.1038
699.81,C,4.00,4.50,0.10,23.406,0.2376
699.81,C,4.00,4.50,1.10,23.723,0.0283
699.81,C,4.00,4.50,1.70,23.982,0.0153
699.81,D,0.50,0.80,0.10,23.469,0.1797
699.81,D,0.50,0.80,1.10,23.153,0.1093
699.81,D,0.50,0.80,1.70,23.461,0.1038
700.98,A,4.00,2.00,0.10,20.721,0.3044
700.98,A,4.00,2.00,1.10,20.565,0.7629
700.98,A,4.00,2.00,1.70,20.421,0.6761
700.98,B,7.50,0.80,0.10,23.468,0.1797
700.98,B,7.50,0.80,1.10,23.152,0.1094
700.98,B,7.50,0.80,1.70,23.460,0.1039
700.98,C,4.00,4.50,0.10,23.405,0.2375
700.98,C,4.00,4.50,1.10,23.722,0.0283
700.98,C,4.00,4.50,1.70,23.980,0.0153
700.98,D,0.50,0.80,0.10,23.468,0.1797
700.98,D,0.50,0.80,1.10,23.152,0.1094
700.98,D,0.50,0.80,1.70,23.460,0.1039
702.15,A,4.00,2.00,0.10,20.721,0.3044
702.15,A,4.00,2.00,1.10,20.565,0.7628
702.15,A,4.00,2.00,1.70,20.421,0.6760
702.15,B,7.50,0.80,0.10,23.467,0.1797
702.15,B,7.50,0.80,1.10,23.151,0.1094
702.15,B,7.50,0.80,1.70,23.458,0.1039
702.15,C,4.00,4.50,0.10,23.404,0.2374
702.15,C,4.00,4.50,1.10,23.720,0.0283
702.15,C,4.00,4.50,1.70,23.979,0.0153
702.15,D,0.50,0.80,0.10,23.467,0.1797
702.15,D,0.50,0.80,1.10,23.151,0.1094
702.15,D,0.50,0.80,1.70,23.458,0.1039
703.32,A,4.00,2.00,0.10,20.720,0.3044
703.32,A,4.00,2.00,1.10,20.565,0.7627
703.32,A,4.00,2.00,1.70,20.421,0.6760
703.32,B,7.50,0.80,0.10,23.466,0.1798
703.32,B,7.50,0.80,1.10,23.150,0.1094
703.32,B,7.50,0.80,1.70,23.457,0.1039
703.32,C,4.00,4.50,0.10,23.403,0.2374
703.32,C,4.00,4.50,1.10,23.719,0.0282
703.32,C,4.00,4.50,1.70,23.977,0.0153
703.32,D,0.50,0.80,0.10,23.466,0.1798
703.32,D,0.50,0.80,1.10,23.150,0.1094
703.32,D,0.50,0.80,1.70,23.457,0.1039
704.49,A,4.00,2.00,0.10,20.720,0.3045
704.49,A,4.00,2.00,1.10,20.564,0.7627
704.49,A,4.00,2.00,1.70,20.420,0.6759
704.49,B,7.50,0.80,0.10,23.465,0.1798
704.49,B,7.50,0.80,1.10,23.148,0.1094
704.49,B,7.50,0.80,1.70,23.456,0.1039
704.49,C,4.00,4.50,0.10,23.402,0.2373
704.49,C,4.00,4.50,1.10,23.718,0.0282
704.49,C,4.00,4.50,1.70,23.975,0.0153
704.49,D,0.50,0.80,0.10,23.465,0.1798
704.49,D,0.50,0.80,1.10,23.148,0.1094
704.49,D,0.50,0.80,1.70,23.456,0.1039
705.65,A,4.00,2.00,0.10,20.720,0.3045
705.65,A,4.00,2.00,1.10,20.564,0.7626
705.65,A,4.00,2.00,1.70,20.420,0.6759
705.65,B,7.50,0.80,0.10,23.464,0.1798
705.65,B,7.50,0.80,1.10,23.147,0.1094
705.65,B,7.50,0.80,1.70,23.454,0.1039
705.65,C,4.00,4.50,0.10,23.402,0.2372
705.65,C,4.00,4.50,1.10,23.716,0.0281
705.65,C,4.00,4.50,1.70,23.974,0.0153
705.65,D,0.50,0.80,0.10,23.464,0.1798
705.65,D,0.50,0.80,1.10,23.147,0.1094
705.65,D,0.50,0.80,1.70,23.454,0.1039
706.82,A,4.00,2.00,0.10,20.719,0.3045
706.82,A,4.00,2.00,1.10,20.564,0.7625
706.82,A,4.00,2.00,1.70,20.419,0.6759
706.82,B,7.50,0.80,0.10,23.463,0.1798
706.82,B,7.50,0.80,1.10,23.146,0.1094
706.82,B,7.50,0.80,1.70,23.453,0.1039
706.82,C,4.00,4.50,0.10,23.401,0.2372
706.82,C,4.00,4.50,1.10,23.715,0.0281
706.82,C,4.00,4.50,1.70,23.972,0.0153
706.82,D,0.50,0.80,0.10,23.463,0.1798
706.82,D,0.50,0.80,1.10,23.146,0.1094
706.82,D,0.50,0.80,1.70,23.453,0.1039
707.99,A,4.00,2.00,0.10,20.719,0.3046
707.99,A,4.00,2.00,1.10,20.564,0.7624
707.99,A,4.00,2.00,1.70,20.419,0.6758
707.99,B,7.50,0.80,0.10,23.462,0.1798
707.99,B,7.50,0.80,1.10,23.144,0.1094
707.99,B,7.50,0.80,1.70,23.452,0.1039
707.99,C,4.00,4.50,0.10,23.400,0.2371
707.99,C,4.00,4.50,1.10,23.714,0.0281
707.99,C,4.00,4.50,1.70,23.971,0.0153
707.99,D,0.50,0.80,0.10,23.462,0.1798
707.99,D,0.50,0.80,1.10,23.144,0.1094
707.99,D,0.50,0.80,1.70,23.452,0.1039
709.16,A,4.00,2.00,0.10,20.719,0.3046
709.16,A,4.00,2.00,1.10,20.563,0.7623
709.16,A,4.00,2.00,1.70,20.419,0.6758
709.16,B,7.50,0.80,0.10,23.461,0.1798
709.16,B,7.50,0.80,1.10,23.143,0.1095
709.16,B,7.50,0.80,1.70,23.450,0.1039
709.16,C,4.00,4.50,0.10,23.399,0.2370
709.16,C,4.00,4.50,1.10,23.713,0.0280
709.16,C,4.00,4.50,1.70,23.969,0.0153
709.16,D,0.50,0.80,0.10,23.461,0.1798
709.16,D,0.50,0.80,1.10,23.143,0.1095
709.16,D,0.50,0.80,1.70,23.450,0.1039
710.33,A,4.00,2.00,0.10,20.719,0.3046
710.33,A,4.00,2.00,1.10,20.563,0.7623
710.33,A,4.00,2.00,1.70,20.418,0.6757
710.33,B,7.50,0.80,0.10,23.460,0.1798
710.33,B,7.50,0.80,1.10,23.142,0.1095
710.33,B,7.50,0.80,1.70,23.449,0.1039
710.33,C,4.00,4.50,0.10,23.398,0.2370
710.33,C,4.00,4.50,1.10,23.711,0.0280
710.33,C,4.00,4.50,1.70,23.967,0.0153
710.33,D,0.50,0.80,0.10,23.460,0.1798
710.33,D,0.50,0.80,1.10,23.142,0.1095
710.33,D,0.50,0.80,1.70,23.449,0.1039
711.50,A,4.00,2.00,0.10,20.718,0.3046
711.50,A,4.00,2.00,1.10,20.563,0.7622
711.50,A,4.00,2.00,1.70,20.418,0.6757
711.50,B,7.50,0.80,0.10,23.459,0.1799
711.50,B,7.50,0.80,1.10,23.140,0.1095
711.50,B,7.50,0.80,1.70,23.448,0.1039
711.50,C,4.00,4.50,0.10,23.398,0.2369
711.50,C,4.00,4.50,1.10,23.710,0.0280
711.50,C,4.00,4.50,1.70,23.966,0.0153
711.50,D,0.50,0.80,0.10,23.459,0.1799
711.50,D,0.50,0.80,1.10,23.140,0.1095
711.50,D,0.50,0.80,1.70,23.448,0.1039
712.66,A,4.00,2.00,0.10,20.718,0.3047
712.66,A,4.00,2.00,1.10,20.563,0.7621
712.66,A,4.00,2.00,1.70,20.417,0.6756
712.66,B,7.50,0.80,0.10,23.458,0.1799
712.66,B,7.50,0.80,1.10,23.139,0.1095
712.66,B,7.50,0.80,1.70,23.446,0.1039
712.66,C,4.00,4.50,0.10,23.397,0.2368
712.66,C,4.00,4.50,1.10,23.709,0.0279
712.66,C,4.00,4.50,1.70,23.964,0.0153
712.66,D,0.50,0.80,0.10,23.458,0.1799
712.66,D,0.50,0.80,1.10,23.139,0.1095
712.66,D,0.50,0.80,1.70,23.446,0.1039
713.83,A,4.00,2.00,0.10,20.718,0.3047
713.83,A,4.00,2.00,1.10,20.562,0.7620
713.83,A,4.00,2.00,1.70,20.417,0.6756
713.83,B,7.50,0.80,0.10,23.457,0.1799
713.83,B,7.50,0.80,1.10,23.138,0.1095
713.83,B,7.50,0.80,1.70,23.445,0.1039
713.83,C,4.00,4.50,0.10,23.396,0.2368
713.83,C,4.00,4.50,1.10,23.708,0.0279
713.83,C,4.00,4.50,1.70,23.963,0.0152
713.83,D,0.50,0.80,0.10,23.457,0.1799
713.83,D,0.50,0.80,1.10,23.138,0.1095
713.83,D,0.50,0.80,1.70,23.445,0.1040
715.00,A,4.00,2.00,0.10,20.717,0.3047
715.00,A,4.00,2.00,1.10,20.562,0.7620
715.00,A,4.00,2.00,1.70,20.417,0.6756
715.00,B,7.50,0.80,0.10,23.456,0.1799
715.00,B,7.50,0.80,1.10,23.137,0.1095
715.00,B,7.50,0.80,1.70,23.444,0.1040
715.00,C,4.00,4.50,0.10,23.395,0.2367
715.00,C,4.00,4.50,1.10,23.706,0.0279
715.00,C,4.00,4.50,1.70,23.961,0.0152
715.00,D,0.50,0.80,0.10,23.456,0.1799
715.00,D,0.50,0.80,1.10,23.137,0.1095
715.00,D,0.50,0.80,1.70,23.444,0.1040
716.17,A,4.00,2.00,0.10,20.717,0.3047
716.17,A,4.00,2.00,1.10,20.562,0.7619
716.17,A,4.00,2.00,1.70,20.416,0.6755
716.17,B,7.50,0.80,0.10,23.455,0.1799
716.17,B,7.50,0.80,1.10,23.135,0.1095
716.17,B,7.50,0.80,1.70,23.442,0.1040
716.17,C,4.00,4.50,0.10,23.395,0.2366
716.17,C,4.00,4.50,1.10,23.705,0.0279
716.17,C,4.00,4.50,1.70,23.960,0.0152
716.17,D,0.50,0.80,0.10,23.455,0.1799
716.17,D,0.50,0.80,1.10,23.135,0.1095
716.17,D,0.50,0.80,1.70,23.442,0.1040
717.34,A,4.00,2.00,0.10,20.717,0.3047
717.34,A,4.00,2.00,1.10,20.561,0.7618
717.34,A,4.00,2.00,1.70,20.416,0.6755
717.34,B,7.50,0.80,0.10,23.454,0.1799
717.34,B,7.50,0.80,1.10,23.134,0.1095
717.34,B,7.50,0.80,1.70,23.441,0.1040
717.34,C,4.00,4.50,0.10,23.394,0.2366
717.34,C,4.00,4.50,1.10,23.704,0.0278
717.34,C,4.00,4.50,1.70,23.958,0.0152
717.34,D,0.50,0.80,0.10,23.454,0.1800
717.34,D,0.50,0.80,1.10,23.134,0.1096
717.34,D,0.50,0.80,1.70,23.441,0.1040
718.50,A,4.00,2.00,0.10,20.716,0.3047
718.50,A,4.00,2.00,1.10,20.561,0.7618
718.50,A,4.00,2.00,1.70,20.416,0.6755
718.50,B,7.50,0.80,0.10,23.453,0.1800
718.50,B,7.50,0.80,1.10,23.133,0.1096
718.50,B,7.50,0.80,1.70,23.440,0.1040
718.50,C,4.00,4.50,0.10,23.393,0.2365
718.50,C,4.00,4.50,1.10,23.703,0.0278
718.50,C,4.00,4.50,1.70,23.957,0.0152
718.50,D,0.50,0.80,0.10,23.453,0.1800
718.50,D,0.50,0.80,1.10,23.133,0.1096
718.50,D,0.50,0.80,1.70,23.440,0.1040
719.67,A,4.00,2.00,0.10,20.716,0.3047
719.67,A,4.00,2.00,1.10,20.561,0.7617
719.67,A,4.00,2.00,1.70,20.415,0.6754
719.67,B,7.50,0.80,0.10,23.452,0.1800
719.67,B,7.50,0.80,1.10,23.132,0.1096
719.67,B,7.50,0.80,1.70,23.438,0.1040
719.67,C,4.00,4.50,0.10,23.392,0.2365
719.67,C,4.00,4.50,1.10,23.702,0.0278
719.67,C,4.00,4.50,1.70,23.956,0.0152
719.67,D,0.50,0.80,0.10,23.452,0.1800
719.67,D,0.50,0.80,1.10,23.132,0.1096
719.67,D,0.50,0.80,1.70,23.438,0.1040
720.84,A,4.00,2.00,0.10,20.716,0.3048
720.84,A,4.00,2.00,1.10,20.561,0.7616
720.84,A,4.00,2.00,1.70,20.415,0.6754
720.84,B,7.50,0.80,0.10,23.451,0.1800
720.84,B,7.50,0.80,1.10,23.130,0.1096
720.84,B,7.50,0.80,1.70,23.437,0.1040
720.84,C,4.00,4.50,0.10,23.392,0.2364
720.84,C,4.00,4.50,1.10,23.701,0.0277
720.84,C,4.00,4.50,1.70,23.954,0.0152
720.84,D,0.50,0.80,0.10,23.451,0.1800
720.84,D,0.50,0.80,1.10,23.130,0.1096
720.84,D,0.50,0.80,1.70,23.437,0.1040
722.01,A,4.00,2.00,0.10,20.715,0.3048
722.01,A,4.00,2.00,1.10,20.560,0.7616
722.01,A,4.00,2.00,1.70,20.414,0.6753
722.01,B,7.50,0.80,0.10,23.450,0.1800
722.01,B,7.50,0.80,1.10,23.129,0.1096
722.01,B,7.50,0.80,1.70,23.436,0.1040
722.01,C,4.00,4.50,0.10,23.391,0.2364
722.01,C,4.00,4.50,1.10,23.699,0.0277
722.01,C,4.00,4.50,1.70,23.953,0.0152
722.01,D,0.50,0.80,0.10,23.450,0.1800
722.01,D,0.50,0.80,1.10,23.129,0.1096
722.01,D,0.50,0.80,1.70,23.436,0.1040
723.18,A,4.00,2.00,0.10,20.715,0.3048
723.18,A,4.00,2.00,1.10,20.560,0.7615
723.18,A,4.00,2.00,1.70,20.414,0.6753
723.18,B,7.50,0.80,0.10,23.449,0.1801
723.18,B,7.50,0.80,1.10,23.128,0.1096
723.18,B,7.50,0.80,1.70,23.434,0.1040
723.18,C,4.00,4.50,0.10,23.390,0.2363
723.18,C,4.00,4.50,1.10,23.698,0.0277
723.18,C,4.00,4.50,1.70,23.951,0.0152
723.18,D,0.50,0.80,0.10,23.449,0.1801
723.18,D,0.50,0.80,1.10,23.128,0.1096
723.18,D,0.50,0.80,1.70,23.434,0.1040
724.35,A,4.00,2.00,0.10,20.715,0.3048
724.35,A,4.00,2.00,1.10,20.560,0.7614
724.35,A,4.00,2.00,1.70,20.414,0.6753
724.35,B,7.50,0.80,0.10,23.448,0.1801
724.35,B,7.50,0.80,1.10,23.127,0.1096
724.35,B,7.50,0.80,1.70,23.433,0.1040
724.35,C,4.00,4.50,0.10,23.389,0.2363
724.35,C,4.00,4.50,1.10,23.697,0.0276
724.35,C,4.00,4.50,1.70,23.950,0.0152
724.35,D,0.50,0.80,0.10,23.448,0.1801
724.35,D,0.50,0.80,1.10,23.127,0.1096
724.35,D,0.50,0.80,1.70,23.433,0.1041
725.51,A,4.00,2.00,0.10,20.714,0.3048
725.51,A,4.00,2.00,1.10,20.559,0.7614
725.51,A,4.00,2.00,1.70,20.413,0.6752
725.51,B,7.50,0.80,0.10,23.447,0.1801
725.51,B,7.50,0.80,1.10,23.125,0.1097
725.51,B,7.50,0.80,1.70,23.432,0.1041
725.51,C,4.00,4.50,0.10,23.389,0.2362
725.51,C,4.00,4.50,1.10,23.696,0.0276
725.51,C,4.00,4.50,1.70,23.948,0.0152
725.51,D,0.50,0.80,0.10,23.447,0.1801
725.51,D,0.50,0.80,1.10,23.125,0.1097
725.51,D,0.50,0.80,1.70,23.432,0.1041
726.68,A,4.00,2.00,0.10,20.714,0.3048
726.68,A,4.00,2.00,1.10,20.559,0.7613
726.68,A,4.00,2.00,1.70,20.413,0.6752
726.68,B,7.50,0.80,0.10,23.446,0.1801
726.68,B,7.50,0.80,1.10,23.124,0.1097
726.68,B,7.50,0.80,1.70,23.430,0.1041
726.68,C,4.00,4.50,0.10,23.388,0.2362
726.68,C,4.00,4.50,1.10,23.695,0.0276
726.68,C,4.00,4.50,1.70,23.947,0.0151
726.68,D,0.50,0.80,0.10,23.446,0.1801
726.68,D,0.50,0.80,1.10,23.124,0.1097
726.68,D,0.50,0.80,1.70,23.430,0.1041
727.85,A,4.00,2.00,0.10,20.713,0.3048
727.85,A,4.00,2.00,1.10,20.559,0.7613
727.85,A,4.00,2.00,1.70,20.412,0.6751
727.85,B,7.50,0.80,0.10,23.445,0.1802
727.85,B,7.50,0.80,1.10,23.123,0.1097
727.85,B,7.50,0.80,1.70,23.429,0.1041
727.85,C,4.00,4.50,0.10,23.387,0.2361
727.85,C,4.00,4.50,1.10,23.694,0.0275
727.85,C,4.00,4.50,1.70,23.946,0.0151
727.85,D,0.50,0.80,0.10,23.445,0.1802
727.85,D,0.50,0.80,1.10,23.123,0.1097
727.85,D,0.50,0.80,1.70,23.429,0.1041
729.02,A,4.00,2.00,0.10,20.713,0.3048
729.02,A,4.00,2.00,1.10,20.558,0.7612
729.02,A,4.00,2.00,1.70,20.412,0.6751
729.02,B,7.50,0.80,0.10,23.444,0.1802
729.02,B,7.50,0.80,1.10,23.122,0.1097
729.02,B,7.50,0.80,1.70,23.428,0.1041
729.02,C,4.00,4.50,0.10,23.386,0.2361
729.02,C,4.00,4.50,1.10,23.693,0.0275
729.02,C,4.00,4.50,1.70,23.944,0.0151
729.02,D,0.50,0.80,0.10,23.444,0.1802
729.02,D,0.50,0.80,1.10,23.122,0.1097
729.02,D,0.50,0.80,1.70,23.428,0.1041
730.19,A,4.00,2.00,0.10,20.713,0.3048
730.19,A,4.00,2.00,1.10,20.558,0.7611
730.19,A,4.00,2.00,1.70,20.412,0.6751
730.19,B,7.50,0.80,0.10,23.443,0.1802
730.19,B,7.50,0.80,1.10,23.121,0.1097
730.19,B,7.50,0.80,1.70,23.426,0.1041
730.19,C,4.00,4.50,0.10,23.385,0.2360
730.19,C,4.00,4.50,1.10,23.692,0.0275
730.19,C,4.00,4.50,1.70,23.943,0.0151
730.19,D,0.50,0.80,0.10,23.443,0.1802
730.19,D,0.50,0.80,1.10,23.121,0.1097
730.19,D,0.50,0.80,1.70,23.426,0.1041
731.36,A,4.00,2.00,0.10,20.712,0.3048
731.36,A,4.00,2.00,1.10,20.557,0.7611
731.36,A,4.00,2.00,1.70,20.411,0.6750
731.36,B,7.50,0.80,0.10,23.442,0.1802
731.36,B,7.50,0.80,1.10,23.119,0.1097
731.36,B,7.50,0.80,1.70,23.425,0.1041
731.36,C,4.00,4.50,0.10,23.385,0.2360
731.36,C,4.00,4.50,1.10,23.691,0.0274
731.36,C,4.00,4.50,1.70,23.942,0.0151
731.36,D,0.50,0.80,0.10,23.442,0.1803
731.36,D,0.50,0.80,1.10,23.119,0.1097
731.36,D,0.50,0.80,1.70,23.425,0.1041
732.52,A,4.00,2.00,0.10,20.712,0.3048
732.52,A,4.00,2.00,1.10,20.557,0.7610
732.52,A,4.00,2.00,1.70,20.411,0.6750
732.52,B,7.50,0.80,0.10,23.441,0.1803
732.52,B,7.50,0.80,1.10,23.118,0.1098
732.52,B,7.50,0.80,1.70,23.424,0.1041
732.52,C,4.00,4.50,0.10,23.384,0.2359
732.52,C,4.00,4.50,1.10,23.690,0.0274
732.52,C,4.00,4.50,1.70,23.940,0.0151
732.52,D,0.50,0.80,0.10,23.441,0.1803
732.52,D,0.50,0.80,1.10,23.118,0.1098
732.52,D,0.50,0.80,1.70,23.424,0.1041
733.69,A,4.00,2.00,0.10,20.711,0.3048
733.69,A,4.00,2.00,1.10,20.557,0.7610
733.69,A,4.00,2.00,1.70,20.410,0.6750
733.69,B,7.50,0.80,0.10,23.440,0.1803
733.69,B,7.50,0.80,1.10,23.117,0.1098
733.69,B,7.50,0.80,1.70,23.423,0.1042
733.69,C,4.00,4.50,0.10,23.383,0.2359
733.69,C,4.00,4.50,1.10,23.688,0.0274
733.69,C,4.00,4.50,1.70,23.939,0.0150
733.69,D,0.50,0.80,0.10,23.440,0.1803
733.69,D,0.50,0.80,1.10,23.117,0.1098
733.69,D,0.50,0.80,1.70,23.423,0.1042
734.86,A,4.00,2.00,0.10,20.711,0.3048
734.86,A,4.00,2.00,1.10,20.556,0.7609
734.86,A,4.00,2.00,1.70,20.410,0.6749
734.86,B,7.50,0.80,0.10,23.439,0.1803
734.86,B,7.50,0.80,1.10,23.116,0.1098
734.86,B,7.50,0.80,1.70,23.421,0.1042
734.86,C,4.00,4.50,0.10,23.382,0.2359
734.86,C,4.00,4.50,1.10,23.687,0.0274
734.86,C,4.00,4.50,1.70,23.938,0.0150
734.86,D,0.50,0.80,0.10,23.439,0.1803
734.86,D,0.50,0.80,1.10,23.116,0.1098
734.86,D,0.50,0.80,1.70,23.421,0.1042
736.03,A,4.00,2.00,0.10,20.711,0.3048
736.03,A,4.00,2.00,1.10,20.556,0.7609
736.03,A,4.00,2.00,1.70,20.410,0.6749
736.03,B,7.50,0.80,0.10,23.438,0.1804
736.03,B,7.50,0.80,1.10,23.115,0.1098
736.03,B,7.50,0.80,1.70,23.420,0.1042
736.03,C,4.00,4.50,0.10,23.382,0.2358
736.03,C,4.00,4.50,1.10,23.686,0.0273
736.03,C,4.00,4.50,1.70,23.936,0.0150
736.03,D,0.50,0.80,0.10,23.438,0.1804
736.03,D,0.50,0.80,1.10,23.115,0.1098
736.03,D,0.50,0.80,1.70,23.420,0.1042
737.20,A,4.00,2.00,0.10,20.710,0.3048
737.20,A,4.00,2.00,1.10,20.555,0.7608
737.20,A,4.00,2.00,1.70,20.409,0.6748
737.20,B,7.50,0.80,0.10,23.437,0.1804
737.20,B,7.50,0.80,1.10,23.113,0.1098
737.20,B,7.50,0.80,1.70,23.419,0.1042
737.20,C,4.00,4.50,0.10,23.381,0.2358
737.20,C,4.00,4.50,1.10,23.685,0.0273
737.20,C,4.00,4.50,1.70,23.935,0.0150
737.20,D,0.50,0.80,0.10,23.437,0.1804
737.20,D,0.50,0.80,1.10,23.113,0.1098
737.20,D,0.50,0.80,1.70,23.419,0.1042
738.36,A,4.00,2.00,0.10,20.710,0.3048
738.36,A,4.00,2.00,1.10,20.555,0.7608
738.36,A,4.00,2.00,1.70,20.409,0.6748
738.36,B,7.50,0.80,0.10,23.436,0.1804
738.36,B,7.50,0.80,1.10,23.112,0.1098
738.36,B,7.50,0.80,1.70,23.417,0.1042
738.36,C,4.00,4.50,0.10,23.380,0.2358
738.36,C,4.00,4.50,1.10,23.684,0.0273
738.36,C,4.00,4.50,1.70,23.934,0.0150
738.36,D,0.50,0.80,0.10,23.436,0.1804
738.36,D,0.50,0.80,1.10,23.112,0.1099
738.36,D,0.50,0.80,1.70,23.417,0.1042
739.53,A,4.00,2.00,0.10,20.709,0.3048
739.53,A,4.00,2.00,1.10,20.555,0.7607
739.53,A,4.00,2.00,1.70,20.408,0.6748
739.53,B,7.50,0.80,0.10,23.435,0.1805
739.53,B,7.50,0.80,1.10,23.111,0.1099
739.53,B,7.50,0.80,1.70,23.416,0.1042
739.53,C,4.00,4.50,0.10,23.379,0.2357
739.53,C,4.00,4.50,1.10,23.683,0.0272
739.53,C,4.00,4.50,1.70,23.932,0.0149
739.53,D,0.50,0.80,0.10,23.435,0.1805
739.53,D,0.50,0.80,1.10,23.111,0.1099
739.53,D,0.50,0.80,1.70,23.416,0.1042
740.70,A,4.00,2.00,0.10,20.709,0.3048
740.70,A,4.00,2.00,1.10,20.554,0.7606
740.70,A,4.00,2.00,1.70,20.408,0.6747
740.70,B,7.50,0.80,0.10,23.434,0.1805
740.70,B,7.50,0.80,1.10,23.110,0.1099
740.70,B,7.50,0.80,1.70,23.415,0.1042
740.70,C,4.00,4.50,0.10,23.379,0.2357
740.70,C,4.00,4.50,1.10,23.682,0.0272
740.70,C,4.00,4.50,1.70,23.931,0.0149
740.70,D,0.50,0.80,0.10,23.434,0.1805
740.70,D,0.50,0.80,1.10,23.110,0.1099
740.70,D,0.50,0.80,1.70,23.415,0.1042
741.87,A,4.00,2.00,0.10,20.709,0.3048
741.87,A,4.00,2.00,1.10,20.554,0.7606
741.87,A,4.00,2.00,1.70,20.408,0.6747
741.87,B,7.50,0.80,0.10,23.433,0.1805
741.87,B,7.50,0.80,1.10,23.109,0.1099
741.87,B,7.50,0.80,1.70,23.414,0.1043
741.87,C,4.00,4.50,0.10,23.378,0.2357
741.87,C,4.00,4.50,1.10,23.681,0.0272
741.87,C,4.00,4.50,1.70,23.930,0.0149
741.87,D,0.50,0.80,0.10,23.433,0.1805
741.87,D,0.50,0.80,1.10,23.109,0.1099
741.87,D,0.50,0.80,1.70,23.414,0.1043
743.04,A,4.00,2.00,0.10,20.708,0.3048
743.04,A,4.00,2.00,1.10,20.553,0.7605
743.04,A,4.00,2.00,1.70,20.407,0.6747
743.04,B,7.50,0.80,0.10,23.432,0.1806
743.04,B,7.50,0.80,1.10,23.108,0.1099
743.04,B,7.50,0.80,1.70,23.412,0.1043
743.04,C,4.00,4.50,0.10,23.377,0.2357
743.04,C,4.00,4.50,1.10,23.680,0.0272
743.04,C,4.00,4.50,1.70,23.928,0.0149
743.04,D,0.50,0.80,0.10,23.432,0.1806
743.04,D,0.50,0.80,1.10,23.108,0.1099
743.04,D,0.50,0.80,1.70,23.412,0.1043
744.21,A,4.00,2.00,0.10,20.708,0.3048
744.21,A,4.00,2.00,1.10,20.553,0.7605
744.21,A,4.00,2.00,1.70,20.407,0.6746
744.21,B,7.50,0.80,0.10,23.431,0.1806
744.21,B,7.50,0.80,1.10,23.106,0.1100
744.21,B,7.50,0.80,1.70,23.411,0.1043
744.21,C,4.00,4.50,0.10,23.376,0.2356
744.21,C,4.00,4.50,1.10,23.679,0.0271
744.21,C,4.00,4.50,1.70,23.927,0.0149
744.21,D,0.50,0.80,0.10,23.431,0.1806
744.21,D,0.50,0.80,1.10,23.106,0.1100
744.21,D,0.50,0.80,1.70,23.411,0.1043
745.37,A,4.00,2.00,0.10,20.707,0.3048
745.37,A,4.00,2.00,1.10,20.553,0.7604
745.37,A,4.00,2.00,1.70,20.406,0.6746
745.37,B,7.50,0.80,0.10,23.430,0.1806
745.37,B,7.50,0.80,1.10,23.105,0.1100
745.37,B,7.50,0.80,1.70,23.410,0.1043
745.37,C,4.00,4.50,0.10,23.375,0.2356
745.37,C,4.00,4.50,1.10,23.678,0.0271
745.37,C,4.00,4.50,1.70,23.926,0.0148
745.37,D,0.50,0.80,0.10,23.430,0.1806
745.37,D,0.50,0.80,1.10,23.105,0.1100
745.37,D,0.50,0.80,1.70,23.410,0.1043
746.54,A,4.00,2.00,0.10,20.707,0.3048
746.54,A,4.00,2.00,1.10,20.552,0.7604
746.54,A,4.00,2.00,1.70,20.406,0.6745
746.54,B,7.50,0.80,0.10,23.429,0.1806
746.54,B,7.50,0.80,1.10,23.104,0.1100
746.54,B,7.50,0.80,1.70,23.409,0.1043
746.54,C,4.00,4.50,0.10,23.375,0.2356
746.54,C,4.00,4.50,1.10,23.677,0.0271
746.54,C,4.00,4.50,1.70,23.925,0.0148
746.54,D,0.50,0.80,0.10,23.429,0.1807
746.54,D,0.50,0.80,1.10,23.104,0.1100
746.54,D,0.50,0.80,1.70,23.409,0.1043
747.71,A,4.00,2.00,0.10,20.707,0.3048
747.71,A,4.00,2.00,1.10,20.552,0.7603
747.71,A,4.00,2.00,1.70,20.406,0.6745
747.71,B,7.50,0.80,0.10,23.428,0.1807
747.71,B,7.50,0.80,1.10,23.103,0.1100
747.71,B,7.50,0.80,1.70,23.407,0.1043
747.71,C,4.00,4.50,0.10,23.374,0.2356
747.71,C,4.00,4.50,1.10,23.676,0.0270
747.71,C,4.00,4.50,1.70,23.923,0.0148
747.71,D,0.50,0.80,0.10,23.428,0.1807
747.71,D,0.50,0.80,1.10,23.103,0.1100
747.71,D,0.50,0.80,1.70,23.407,0.1043
748.88,A,4.00,2.00,0.10,20.706,0.3048
748.88,A,4.00,2.00,1.10,20.552,0.7603
748.88,A,4.00,2.00,1.70,20.405,0.6745
748.88,B,7.50,0.80,0.10,23.427,0.1807
748.88,B,7.50,0.80,1.10,23.102,0.1100
748.88,B,7.50,0.80,1.70,23.406,0.1043
748.88,C,4.00,4.50,0.10,23.373,0.2355
748.88,C,4.00,4.50,1.10,23.675,0.0270
748.88,C,4.00,4.50,1.70,23.922,0.0148
748.88,D,0.50,0.80,0.10,23.427,0.1807
748.88,D,0.50,0.80,1.10,23.102,0.1100
748.88,D,0.50,0.80,1.70,23.406,0.1043
750.05,A,4.00,2.00,0.10,20.706,0.3049
750.05,A,4.00,2.00,1.10,20.551,0.7602
750.05,A,4.00,2.00,1.70,20.405,0.6744
750.05,B,7.50,0.80,0.10,23.426,0.1807
750.05,B,7.50,0.80,1.10,23.101,0.1101
750.05,B,7.50,0.80,1.70,23.405,0.1043
750.05,C,4.00,4.50,0.10,23.372,0.2355
750.05,C,4.00,4.50,1.10,23.673,0.0270
750.05,C,4.00,4.50,1.70,23.921,0.0147
750.05,D,0.50,0.80,0.10,23.426,0.1807
750.05,D,0.50,0.80,1.10,23.101,0.1101
750.05,D,0.50,0.80,1.70,23.405,0.1043
751.22,A,4.00,2.00,0.10,20.705,0.3049
751.22,A,4.00,2.00,1.10,20.551,0.7601
751.22,A,4.00,2.00,1.70,20.404,0.6744
751.22,B,7.50,0.80,0.10,23.425,0.1808
751.22,B,7.50,0.80,1.10,23.100,0.1101
751.22,B,7.50,0.80,1.70,23.404,0.1044
751.22,C,4.00,4.50,0.10,23.372,0.2355
751.22,C,4.00,4.50,1.10,23.672,0.0270
751.22,C,4.00,4.50,1.70,23.920,0.0147
751.22,D,0.50,0.80,0.10,23.425,0.1808
751.22,D,0.50,0.80,1.10,23.100,0.1101
751.22,D,0.50,0.80,1.70,23.404,0.1044
752.38,A,4.00,2.00,0.10,20.705,0.3049
752.38,A,4.00,2.00,1.10,20.551,0.7601
752.38,A,4.00,2.00,1.70,20.404,0.6744
752.38,B,7.50,0.80,0.10,23.424,0.1808
752.38,B,7.50,0.80,1.10,23.099,0.1101
752.38,B,7.50,0.80,1.70,23.403,0.1044
752.38,C,4.00,4.50,0.10,23.371,0.2354
752.38,C,4.00,4.50,1.10,23.671,0.0269
752.38,C,4.00,4.50,1.70,23.918,0.0147
752.38,D,0.50,0.80,0.10,23.424,0.1808
752.38,D,0.50,0.80,1.10,23.099,0.1101
752.38,D,0.50,0.80,1.70,23.403,0.1044
753.55,A,4.00,2.00,0.10,20.705,0.3049
753.55,A,4.00,2.00,1.10,20.550,0.7600
753.55,A,4.00,2.00,1.70,20.404,0.6743
753.55,B,7.50,0.80,0.10,23.423,0.1808
753.55,B,7.50,0.80,1.10,23.097,0.1101
753.55,B,7.50,0.80,1.70,23.401,0.1044
753.55,C,4.00,4.50,0.10,23.370,0.2354
753.55,C,4.00,4.50,1.10,23.670,0.0269
753.55,C,4.00,4.50,1.70,23.917,0.0147
753.55,D,0.50,0.80,0.10,23.423,0.1808
753.55,D,0.50,0.80,1.10,23.098,0.1101
753.55,D,0.50,0.80,1.70,23.401,0.1044
754.72,A,4.00,2.00,0.10,20.704,0.3049
754.72,A,4.00,2.00,1.10,20.550,0.7600
754.72,A,4.00,2.00,1.70,20.403,0.6743
754.72,B,7.50,0.80,0.10,23.422,0.1809
754.72,B,7.50,0.80,1.10,23.096,0.1101
754.72,B,7.50,0.80,1.70,23.400,0.1044
754.72,C,4.00,4.50,0.10,23.369,0.2354
754.72,C,4.00,4.50,1.10,23.669,0.0269
754.72,C,4.00,4.50,1.70,23.916,0.0146
754.72,D,0.50,0.80,0.10,23.422,0.1809
754.72,D,0.50,0.80,1.10,23.096,0.1101
754.72,D,0.50,0.80,1.70,23.400,0.1044
755.89,A,4.00,2.00,0.10,20.704,0.3049
755.89,A,4.00,2.00,1.10,20.550,0.7599
755.89,A,4.00,2.00,1.70,20.403,0.6742
755.89,B,7.50,0.80,0.10,23.422,0.1809
755.89,B,7.50,0.80,1.10,23.095,0.1102
755.89,B,7.50,0.80,1.70,23.399,0.1044
755.89,C,4.00,4.50,0.10,23.369,0.2354
755.89,C,4.00,4.50,1.10,23.668,0.0268
755.89,C,4.00,4.50,1.70,23.914,0.0146
755.89,D,0.50,0.80,0.10,23.422,0.1809
755.89,D,0.50,0.80,1.10,23.095,0.1102
755.89,D,0.50,0.80,1.70,23.399,0.1044
757.06,A,4.00,2.00,0.10,20.704,0.3049
757.06,A,4.00,2.00,1.10,20.549,0.7598
757.06,A,4.00,2.00,1.70,20.403,0.6742
757.06,B,7.50,0.80,0.10,23.421,0.1809
757.06,B,7.50,0.80,1.10,23.094,0.1102
757.06,B,7.50,0.80,1.70,23.398,0.1044
757.06,C,4.00,4.50,0.10,23.368,0.2353
757.06,C,4.00,4.50,1.10,23.667,0.0268
757.06,C,4.00,4.50,1.70,23.913,0.0146
757.06,D,0.50,0.80,0.10,23.421,0.1809
757.06,D,0.50,0.80,1.10,23.094,0.1102
757.06,D,0.50,0.80,1.70,23.398,0.1044
758.22,A,4.00,2.00,0.10,20.703,0.3049
758.22,A,4.00,2.00,1.10,20.549,0.7598
758.22,A,4.00,2.00,1.70,20.402,0.6742
758.22,B,7.50,0.80,0.10,23.420,0.1809
758.22,B,7.50,0.80,1.10,23.093,0.1102
758.22,B,7.50,0.80,1.70,23.397,0.1044
758.22,C,4.00,4.50,0.10,23.367,0.2353
758.22,C,4.00,4.50,1.10,23.666,0.0268
758.22,C,4.00,4.50,1.70,23.912,0.0146
758.22,D,0.50,0.80,0.10,23.420,0.1809
758.22,D,0.50,0.80,1.10,23.093,0.1102
758.22,D,0.50,0.80,1.70,23.397,0.1044
759.39,A,4.00,2.00,0.10,20.703,0.3049
759.39,A,4.00,2.00,1.10,20.549,0.7597
759.39,A,4.00,2.00,1.70,20.402,0.6741
759.39,B,7.50,0.80,0.10,23.419,0.1810
759.39,B,7.50,0.80,1.10,23.092,0.1102
759.39,B,7.50,0.80,1.70,23.395,0.1044
759.39,C,4.00,4.50,0.10,23.366,0.2353
759.39,C,4.00,4.50,1.10,23.665,0.0268
759.39,C,4.00,4.50,1.70,23.911,0.0146
759.39,D,0.50,0.80,0.10,23.419,0.1810
759.39,D,0.50,0.80,1.10,23.092,0.1102
759.39,D,0.50,0.80,1.70,23.395,0.1044
760.56,A,4.00,2.00,0.10,20.703,0.3050
760.56,A,4.00,2.00,1.10,20.548,0.7597
760.56,A,4.00,2.00,1.70,20.402,0.6741
760.56,B,7.50,0.80,0.10,23.418,0.1810
760.56,B,7.50,0.80,1.10,23.091,0.1102
760.56,B,7.50,0.80,1.70,23.394,0.1044
760.56,C,4.00,4.50,0.10,23.366,0.2352
760.56,C,4.00,4.50,1.10,23.664,0.0267
760.56,C,4.00,4.50,1.70,23.909,0.0145
760.56,D,0.50,0.80,0.10,23.418,0.1810
760.56,D,0.50,0.80,1.10,23.091,0.1102
760.56,D,0.50,0.80,1.70,23.394,0.1044
761.73,A,4.00,2.00,0.10,20.702,0.3050
761.73,A,4.00,2.00,1.10,20.548,0.7596
761.73,A,4.00,2.00,1.70,20.401,0.6741
761.73,B,7.50,0.80,0.10,23.417,0.1810
761.73,B,7.50,0.80,1.10,23.090,0.1103
761.73,B,7.50,0.80,1.70,23.393,0.1044
761.73,C,4.00,4.50,0.10,23.365,0.2352
761.73,C,4.00,4.50,1.10,23.663,0.0267
761.73,C,4.00,4.50,1.70,23.908,0.0145
761.73,D,0.50,0.80,0.10,23.417,0.1810
761.73,D,0.50,0.80,1.10,23.090,0.1103
761.73,D,0.50,0.80,1.70,23.393,0.1044
762.90,A,4.00,2.00,0.10,20.702,0.3050
762.90,A,4.00,2.00,1.10,20.548,0.7595
762.90,A,4.00,2.00,1.70,20.401,0.6740
762.90,B,7.50,0.80,0.10,23.416,0.1810
762.90,B,7.50,0.80,1.10,23.089,0.1103
762.90,B,7.50,0.80,1.70,23.392,0.1045
762.90,C,4.00,4.50,0.10,23.364,0.2352
762.90,C,4.00,4.50,1.10,23.662,0.0267
762.90,C,4.00,4.50,1.70,23.907,0.0145
762.90,D,0.50,0.80,0.10,23.416,0.1810
762.90,D,0.50,0.80,1.10,23.089,0.1103
762.90,D,0.50,0.80,1.70,23.392,0.1045
764.07,A,4.00,2.00,0.10,20.702,0.3050
764.07,A,4.00,2.00,1.10,20.548,0.7595
764.07,A,4.00,2.00,1.70,20.401,0.6740
764.07,B,7.50,0.80,0.10,23.415,0.1811
764.07,B,7.50,0.80,1.10,23.088,0.1103
764.07,B,7.50,0.80,1.70,23.391,0.1045
764.07,C,4.00,4.50,0.10,23.364,0.2351
764.07,C,4.00,4.50,1.10,23.661,0.0266
764.07,C,4.00,4.50,1.70,23.906,0.0145
764.07,D,0.50,0.80,0.10,23.415,0.1811
764.07,D,0.50,0.80,1.10,23.088,0.1103
764.07,D,0.50,0.80,1.70,23.391,0.1045
765.23,A,4.00,2.00,0.10,20.701,0.3050
765.23,A,4.00,2.00,1.10,20.547,0.7594
765.23,A,4.00,2.00,1.70,20.400,0.6739
765.23,B,7.50,0.80,0.10,23.415,0.1811
765.23,B,7.50,0.80,1.10,23.087,0.1103
765.23,B,7.50,0.80,1.70,23.390,0.1045
765.23,C,4.00,4.50,0.10,23.363,0.2351
765.23,C,4.00,4.50,1.10,23.660,0.0266
765.23,C,4.00,4.50,1.70,23.905,0.0144
765.23,D,0.50,0.80,0.10,23.415,0.1811
765.23,D,0.50,0.80,1.10,23.087,0.1103
765.23,D,0.50,0.80,1.70,23.390,0.1045
766.40,A,4.00,2.00,0.10,20.701,0.3050
766.40,A,4.00,2.00,1.10,20.547,0.7594
766.40,A,4.00,2.00,1.70,20.400,0.6739
766.40,B,7.50,0.80,0.10,23.414,0.1811
766.40,B,7.50,0.80,1.10,23.086,0.1103
766.40,B,7.50,0.80,1.70,23.388,0.1045
766.40,C,4.00,4.50,0.10,23.362,0.2351
766.40,C,4.00,4.50,1.10,23.659,0.0266
766.40,C,4.00,4.50,1.70,23.903,0.0144
766.40,D,0.50,0.80,0.10,23.414,0.1811
766.40,D,0.50,0.80,1.10,23.086,0.1103
766.40,D,0.50,0.80,1.70,23.388,0.1045
767.57,A,4.00,2.00,0.10,20.701,0.3051
767.57,A,4.00,2.00,1.10,20.547,0.7593
767.57,A,4.00,2.00,1.70,20.400,0.6739
767.57,B,7.50,0.80,0.10,23.413,0.1811
767.57,B,7.50,0.80,1.10,23.085,0.1104
767.57,B,7.50,0.80,1.70,23.387,0.1045
767.57,C,4.00,4.50,0.10,23.362,0.2350
767.57,C,4.00,4.50,1.10,23.658,0.0266
767.57,C,4.00,4.50,1.70,23.902,0.0144
767.57,D,0.50,0.80,0.10,23.413,0.1811
767.57,D,0.50,0.80,1.10,23.085,0.1104
767.57,D,0.50,0.80,1.70,23.387,0.1045
768.74,A,4.00,2.00,0.10,20.701,0.3051
768.74,A,4.00,2.00,1.10,20.547,0.7592
768.74,A,4.00,2.00,1.70,20.399,0.6738
768.74,B,7.50,0.80,0.10,23.412,0.1812
768.74,B,7.50,0.80,1.10,23.084,0.1104
768.74,B,7.50,0.80,1.70,23.386,0.1045
768.74,C,4.00,4.50,0.10,23.361,0.2350
768.74,C,4.00,4.50,1.10,23.657,0.0265
768.74,C,4.00,4.50,1.70,23.901,0.0144
768.74,D,0.50,0.80,0.10,23.412,0.1812
768.74,D,0.50,0.80,1.10,23.084,0.1104
768.74,D,0.50,0.80,1.70,23.386,0.1045
769.91,A,4.00,2.00,0.10,20.700,0.3051
769.91,A,4.00,2.00,1.10,20.546,0.7592
769.91,A,4.00,2.00,1.70,20.399,0.6738
769.91,B,7.50,0.80,0.10,23.411,0.1812
769.91,B,7.50,0.80,1.10,23.083,0.1104
769.91,B,7.50,0.80,1.70,23.385,0.1045
769.91,C,4.00,4.50,0.10,23.360,0.2350
769.91,C,4.00,4.50,1.10,23.656,0.0265
769.91,C,4.00,4.50,1.70,23.900,0.0144
769.91,D,0.50,0.80,0.10,23.411,0.1812
769.91,D,0.50,0.80,1.10,23.083,0.1104
769.91,D,0.50,0.80,1.70,23.385,0.1045
771.08,A,4.00,2.00,0.10,20.700,0.3051
771.08,A,4.00,2.00,1.10,20.546,0.7591
771.08,A,4.00,2.00,1.70,20.399,0.6738
771.08,B,7.50,0.80,0.10,23.410,0.1812
771.08,B,7.50,0.80,1.10,23.081,0.1104
771.08,B,7.50,0.80,1.70,23.384,0.1045
771.08,C,4.00,4.50,0.10,23.360,0.2349
771.08,C,4.00,4.50,1.10,23.654,0.0265
771.08,C,4.00,4.50,1.70,23.898,0.0144
771.08,D,0.50,0.80,0.10,23.410,0.1812
771.08,D,0.50,0.80,1.10,23.082,0.1104
771.08,D,0.50,0.80,1.70,23.384,0.1045
772.24,A,4.00,2.00,0.10,20.700,0.3051
772.24,A,4.00,2.00,1.10,20.546,0.7590
772.24,A,4.00,2.00,1.70,20.398,0.6737
772.24,B,7.50,0.80,0.10,23.410,0.1812
772.24,B,7.50,0.80,1.10,23.080,0.1104
772.24,B,7.50,0.80,1.70,23.383,0.1045
772.24,C,4.00,4.50,0.10,23.359,0.2349
772.24,C,4.00,4.50,1.10,23.653,0.0265
772.24,C,4.00,4.50,1.70,23.897,0.0143
772.24,D,0.50,0.80,0.10,23.410,0.1812
772.24,D,0.50,0.80,1.10,23.081,0.1104
772.24,D,0.50,0.80,1.70,23.383,0.1045
773.41,A,4.00,2.00,0.10,20.699,0.3051
773.41,A,4.00,2.00,1.10,20.546,0.7590
773.41,A,4.00,2.00,1.70,20.398,0.6737
773.41,B,7.50,0.80,0.10,23.409,0.1812
773.41,B,7.50,0.80,1.10,23.079,0.1104
773.41,B,7.50,0.80,1.70,23.382,0.1045
773.41,C,4.00,4.50,0.10,23.358,0.2348
773.41,C,4.00,4.50,1.10,23.652,0.0264
773.41,C,4.00,4.50,1.70,23.896,0.0143
773.41,D,0.50,0.80,0.10,23.409,0.1812
773.41,D,0.50,0.80,1.10,23.080,0.1104
773.41,D,0.50,0.80,1.70,23.382,0.1046
774.58,A,4.00,2.00,0.10,20.699,0.3051
774.58,A,4.00,2.00,1.10,20.545,0.7589
774.58,A,4.00,2.00,1.70,20.398,0.6737
774.58,B,7.50,0.80,0.10,23.408,0.1813
774.58,B,7.50,0.80,1.10,23.078,0.1105
774.58,B,7.50,0.80,1.70,23.381,0.1046
774.58,C,4.00,4.50,0.10,23.358,0.2348
774.58,C,4.00,4.50,1.10,23.651,0.0264
774.58,C,4.00,4.50,1.70,23.895,0.0143
774.58,D,0.50,0.80,0.10,23.408,0.1813
774.58,D,0.50,0.80,1.10,23.079,0.1105
774.58,D,0.50,0.80,1.70,23.381,0.1046
775.75,A,4.00,2.00,0.10,20.699,0.3052
775.75,A,4.00,2.00,1.10,20.545,0.7589
775.75,A,4.00,2.00,1.70,20.397,0.6736
775.75,B,7.50,0.80,0.10,23.407,0.1813
775.75,B,7.50,0.80,1.10,23.077,0.1105
775.75,B,7.50,0.80,1.70,23.380,0.1046
775.75,C,4.00,4.50,0.10,23.357,0.2347
775.75,C,4.00,4.50,1.10,23.650,0.0264
775.75,C,4.00,4.50,1.70,23.894,0.0143
775.75,D,0.50,0.80,0.10,23.407,0.1813
775.75,D,0.50,0.80,1.10,23.078,0.1105
775.75,D,0.50,0.80,1.70,23.380,0.1046
776.92,A,4.00,2.00,0.10,20.699,0.3052
776.92,A,4.00,2.00,1.10,20.545,0.7588
776.92,A,4.00,2.00,1.70,20.397,0.6736
776.92,B,7.50,0.80,0.10,23.406,0.1813
776.92,B,7.50,0.80,1.10,23.076,0.1105
776.92,B,7.50,0.80,1.70,23.378,0.1046
776.92,C,4.00,4.50,0.10,23.357,0.2347
776.92,C,4.00,4.50,1.10,23.649,0.0263
776.92,C,4.00,4.50,1.70,23.892,0.0143
776.92,D,0.50,0.80,0.10,23.406,0.1813
776.92,D,0.50,0.80,1.10,23.077,0.1105
776.92,D,0.50,0.80,1.70,23.379,0.1046
778.08,A,4.00,2.00,0.10,20.698,0.3052
778.08,A,4.00,2.00,1.10,20.545,0.7587
778.08,A,4.00,2.00,1.70,20.397,0.6736
778.08,B,7.50,0.80,0.10,23.406,0.1813
778.08,B,7.50,0.80,1.10,23.075,0.1105
778.08,B,7.50,0.80,1.70,23.377,0.1046
778.08,C,4.00,4.50,0.10,23.356,0.2347
778.08,C,4.00,4.50,1.10,23.648,0.0263
778.08,C,4.00,4.50,1.70,23.891,0.0143
778.08,D,0.50,0.80,0.10,23.406,0.1813
778.08,D,0.50,0.80,1.10,23.076,0.1105
778.08,D,0.50,0.80,1.70,23.377,0.1046
779.25,A,4.00,2.00,0.10,20.698,0.3052
779.25,A,4.00,2.00,1.10,20.545,0.7587
779.25,A,4.00,2.00,1.70,20.397,0.6735
779.25,B,7.50,0.80,0.10,23.405,0.1813
779.25,B,7.50,0.80,1.10,23.074,0.1105
779.25,B,7.50,0.80,1.70,23.376,0.1046
779.25,C,4.00,4.50,0.10,23.355,0.2346
779.25,C,4.00,4.50,1.10,23.647,0.0263
779.25,C,4.00,4.50,1.70,23.890,0.0143
779.25,D,0.50,0.80,0.10,23.405,0.1813
779.25,D,0.50,0.80,1.10,23.075,0.1105
779.25,D,0.50,0.80,1.70,23.376,0.1046
780.42,A,4.00,2.00,0.10,20.698,0.3052
780.42,A,4.00,2.00,1.10,20.544,0.7586
780.42,A,4.00,2.00,1.70,20.396,0.6735
780.42,B,7.50,0.80,0.10,23.404,0.1814
780.42,B,7.50,0.80,1.10,23.073,0.1105
780.42,B,7.50,0.80,1.70,23.375,0.1046
780.42,C,4.00,4.50,0.10,23.355,0.2346
780.42,C,4.00,4.50,1.10,23.646,0.0263
780.42,C,4.00,4.50,1.70,23.889,0.0143
780.42,D,0.50,0.80,0.10,23.404,0.1814
780.42,D,0.50,0.80,1.10,23.074,0.1105
780.42,D,0.50,0.80,1.70,23.375,0.1046
781.59,A,4.00,2.00,0.10,20.698,0.3052
781.59,A,4.00,2.00,1.10,20.544,0.7586
781.59,A,4.00,2.00,1.70,20.396,0.6734
781.59,B,7.50,0.80,0.10,23.403,0.1814
781.59,B,7.50,0.80,1.10,23.073,0.1106
781.59,B,7.50,0.80,1.70,23.374,0.1046
781.59,C,4.00,4.50,0.10,23.354,0.2345
781.59,C,4.00,4.50,1.10,23.645,0.0262
781.59,C,4.00,4.50,1.70,23.888,0.0142
781.59,D,0.50,0.80,0.10,23.403,0.1814
781.59,D,0.50,0.80,1.10,23.073,0.1106
781.59,D,0.50,0.80,1.70,23.374,0.1046
782.76,A,4.00,2.00,0.10,20.698,0.3052
782.76,A,4.00,2.00,1.10,20.544,0.7585
782.76,A,4.00,2.00,1.70,20.396,0.6734
782.76,B,7.50,0.80,0.10,23.402,0.1814
782.76,B,7.50,0.80,1.10,23.072,0.1106
782.76,B,7.50,0.80,1.70,23.373,0.1046
782.76,C,4.00,4.50,0.10,23.354,0.2345
782.76,C,4.00,4.50,1.10,23.644,0.0262
782.76,C,4.00,4.50,1.70,23.887,0.0142
782.76,D,0.50,0.80,0.10,23.402,0.1814
782.76,D,0.50,0.80,1.10,23.072,0.1106
782.76,D,0.50,0.80,1.70,23.373,0.1046
783.92,A,4.00,2.00,0.10,20.697,0.3053
783.92,A,4.00,2.00,1.10,20.544,0.7584
783.92,A,4.00,2.00,1.70,20.395,0.6734
783.92,B,7.50,0.80,0.10,23.402,0.1814
783.92,B,7.50,0.80,1.10,23.071,0.1106
783.92,B,7.50,0.80,1.70,23.372,0.1047
783.92,C,4.00,4.50,0.10,23.353,0.2344
783.92,C,4.00,4.50,1.10,23.643,0.0262
783.92,C,4.00,4.50,1.70,23.885,0.0142
783.92,D,0.50,0.80,0.10,23.402,0.1814
783.92,D,0.50,0.80,1.10,23.071,0.1106
783.92,D,0.50,0.80,1.70,23.372,0.1047
785.09,A,4.00,2.00,0.10,20.697,0.3053
785.09,A,4.00,2.00,1.10,20.544,0.7584
785.09,A,4.00,2.00,1.70,20.395,0.6733
785.09,B,7.50,0.80,0.10,23.401,0.1814
785.09,B,7.50,0.80,1.10,23.070,0.1106
785.09,B,7.50,0.80,1.70,23.371,0.1047
785.09,C,4.00,4.50,0.10,23.352,0.2344
785.09,C,4.00,4.50,1.10,23.642,0.0262
785.09,C,4.00,4.50,1.70,23.884,0.0142
785.09,D,0.50,0.80,0.10,23.401,0.1814
785.09,D,0.50,0.80,1.10,23.070,0.1106
785.09,D,0.50,0.80,1.70,23.371,0.1047
786.26,A,4.00,2.00,0.10,20.697,0.3053
786.26,A,4.00,2.00,1.10,20.543,0.7583
786.26,A,4.00,2.00,1.70,20.395,0.6733
786.26,B,7.50,0.80,0.10,23.400,0.1814
786.26,B,7.50,0.80,1.10,23.069,0.1106
786.26,B,7.50,0.80,1.70,23.370,0.1047
786.26,C,4.00,4.50,0.10,23.352,0.2344
786.26,C,4.00,4.50,1.10,23.641,0.0261
786.26,C,4.00,4.50,1.70,23.883,0.0142
786.26,D,0.50,0.80,0.10,23.400,0.1814
786.26,D,0.50,0.80,1.10,23.069,0.1106
786.26,D,0.50,0.80,1.70,23.370,0.1047
787.43,A,4.00,2.00,0.10,20.697,0.3053
787.43,A,4.00,2.00,1.10,20.543,0.7583
787.43,A,4.00,2.00,1.70,20.395,0.6733
787.43,B,7.50,0.80,0.10,23.399,0.1815
787.43,B,7.50,0.80,1.10,23.068,0.1106
787.43,B,7.50,0.80,1.70,23.369,0.1047
787.43,C,4.00,4.50,0.10,23.351,0.2343
787.43,C,4.00,4.50,1.10,23.640,0.0261
787.43,C,4.00,4.50,1.70,23.882,0.0142
787.43,D,0.50,0.80,0.10,23.399,0.1815
787.43,D,0.50,0.80,1.10,23.068,0.1106
787.43,D,0.50,0.80,1.70,23.369,0.1047
788.60,A,4.00,2.00,0.10,20.696,0.3053
788.60,A,4.00,2.00,1.10,20.543,0.7582
788.60,A,4.00,2.00,1.70,20.394,0.6732
788.60,B,7.50,0.80,0.10,23.399,0.1815
788.60,B,7.50,0.80,1.10,23.067,0.1107
788.60,B,7.50,0.80,1.70,23.368,0.1047
788.60,C,4.00,4.50,0.10,23.351,0.2343
788.60,C,4.00,4.50,1.10,23.640,0.0261
788.60,C,4.00,4.50,1.70,23.881,0.0142
788.60,D,0.50,0.80,0.10,23.399,0.1815
788.60,D,0.50,0.80,1.10,23.067,0.1107
788.60,D,0.50,0.80,1.70,23.368,0.1047
789.77,A,4.00,2.00,0.10,20.696,0.3053
789.77,A,4.00,2.00,1.10,20.543,0.7581
789.77,A,4.00,2.00,1.70,20.394,0.6732
789.77,B,7.50,0.80,0.10,23.398,0.1815
789.77,B,7.50,0.80,1.10,23.066,0.1107
789.77,B,7.50,0.80,1.70,23.367,0.1047
789.77,C,4.00,4.50,0.10,23.350,0.2342
789.77,C,4.00,4.50,1.10,23.639,0.0261
789.77,C,4.00,4.50,1.70,23.880,0.0142
789.77,D,0.50,0.80,0.10,23.398,0.1815
789.77,D,0.50,0.80,1.10,23.066,0.1107
789.77,D,0.50,0.80,1.70,23.367,0.1047
790.93,A,4.00,2.00,0.10,20.696,0.3053
790.93,A,4.00,2.00,1.10,20.543,0.7581
790.93,A,4.00,2.00,1.70,20.394,0.6732
790.93,B,7.50,0.80,0.10,23.397,0.1815
790.93,B,7.50,0.80,1.10,23.065,0.1107
790.93,B,7.50,0.80,1.70,23.366,0.1047
790.93,C,4.00,4.50,0.10,23.350,0.2342
790.93,C,4.00,4.50,1.10,23.638,0.0260
790.93,C,4.00,4.50,1.70,23.879,0.0142
790.93,D,0.50,0.80,0.10,23.397,0.1815
790.93,D,0.50,0.80,1.10,23.065,0.1107
790.93,D,0.50,0.80,1.70,23.366,0.1047
792.10,A,4.00,2.00,0.10,20.696,0.3054
792.10,A,4.00,2.00,1.10,20.542,0.7580
792.10,A,4.00,2.00,1.70,20.393,0.6731
792.10,B,7.50,0.80,0.10,23.396,0.1815
792.10,B,7.50,0.80,1.10,23.064,0.1107
792.10,B,7.50,0.80,1.70,23.365,0.1047
792.10,C,4.00,4.50,0.10,23.349,0.2341
792.10,C,4.00,4.50,1.10,23.637,0.0260
792.10,C,4.00,4.50,1.70,23.878,0.0142
792.10,D,0.50,0.80,0.10,23.396,0.1815
792.10,D,0.50,0.80,1.10,23.064,0.1107
792.10,D,0.50,0.80,1.70,23.365,0.1047
793.27,A,4.00,2.00,0.10,20.695,0.3054
793.27,A,4.00,2.00,1.10,20.542,0.7580
793.27,A,4.00,2.00,1.70,20.393,0.6731
793.27,B,7.50,0.80,0.10,23.396,0.1815
793.27,B,7.50,0.80,1.10,23.063,0.1107
793.27,B,7.50,0.80,1.70,23.364,0.1047
793.27,C,4.00,4.50,0.10,23.348,0.2341
793.27,C,4.00,4.50,1.10,23.636,0.0260
793.27,C,4.00,4.50,1.70,23.876,0.0142
793.27,D,0.50,0.80,0.10,23.396,0.1815
793.27,D,0.50,0.80,1.10,23.063,0.1107
793.27,D,0.50,0.80,1.70,23.364,0.1047
794.44,A,4.00,2.00,0.10,20.695,0.3054
794.44,A,4.00,2.00,1.10,20.542,0.7579
794.44,A,4.00,2.00,1.70,20.393,0.6731
794.44,B,7.50,0.80,0.10,23.395,0.1815
794.44,B,7.50,0.80,1.10,23.062,0.1107
794.44,B,7.50,0.80,1.70,23.363,0.1048
794.44,C,4.00,4.50,0.10,23.348,0.2341
794.44,C,4.00,4.50,1.10,23.635,0.0260
794.44,C,4.00,4.50,1.70,23.875,0.0142
794.44,D,0.50,0.80,0.10,23.395,0.1815
794.44,D,0.50,0.80,1.10,23.062,0.1107
794.44,D,0.50,0.80,1.70,23.363,0.1048
795.61,A,4.00,2.00,0.10,20.695,0.3054
795.61,A,4.00,2.00,1.10,20.542,0.7579
795.61,A,4.00,2.00,1.70,20.392,0.6730
795.61,B,7.50,0.80,0.10,23.394,0.1816
795.61,B,7.50,0.80,1.10,23.061,0.1107
795.61,B,7.50,0.80,1.70,23.362,0.1048
795.61,C,4.00,4.50,0.10,23.347,0.2340
795.61,C,4.00,4.50,1.10,23.634,0.0259
795.61,C,4.00,4.50,1.70,23.874,0.0142
795.61,D,0.50,0.80,0.10,23.394,0.1816
795.61,D,0.50,0.80,1.10,23.061,0.1107
795.61,D,0.50,0.80,1.70,23.362,0.1048
796.78,A,4.00,2.00,0.10,20.695,0.3054
796.78,A,4.00,2.00,1.10,20.542,0.7578
796.78,A,4.00,2.00,1.70,20.392,0.6730
796.78,B,7.50,0.80,0.10,23.393,0.1816
796.78,B,7.50,0.80,1.10,23.060,0.1108
796.78,B,7.50,0.80,1.70,23.361,0.1048
796.78,C,4.00,4.50,0.10,23.347,0.2340
796.78,C,4.00,4.50,1.10,23.633,0.0259
796.78,C,4.00,4.50,1.70,23.873,0.0142
796.78,D,0.50,0.80,0.10,23.393,0.1816
796.78,D,0.50,0.80,1.10,23.060,0.1108
796.78,D,0.50,0.80,1.70,23.361,0.1048
797.94,A,4.00,2.00,0.10,20.695,0.3054
797.94,A,4.00,2.00,1.10,20.541,0.7577
797.94,A,4.00,2.00,1.70,20.392,0.6730
797.94,B,7.50,0.80,0.10,23.393,0.1816
797.94,B,7.50,0.80,1.10,23.059,0.1108
797.94,B,7.50,0.80,1.70,23.360,0.1048
797.94,C,4.00,4.50,0.10,23.346,0.2340
797.94,C,4.00,4.50,1.10,23.632,0.0259
797.94,C,4.00,4.50,1.70,23.872,0.0142
797.94,D,0.50,0.80,0.10,23.393,0.1816
797.94,D,0.50,0.80,1.10,23.060,0.1108
797.94,D,0.50,0.80,1.70,23.360,0.1048
799.11,A,4.00,2.00,0.10,20.694,0.3055
799.11,A,4.00,2.00,1.10,20.541,0.7577
799.11,A,4.00,2.00,1.70,20.392,0.6730
799.11,B,7.50,0.80,0.10,23.392,0.1816
799.11,B,7.50,0.80,1.10,23.058,0.1108
799.11,B,7.50,0.80,1.70,23.359,0.1048
799.11,C,4.00,4.50,0.10,23.346,0.2339
799.11,C,4.00,4.50,1.10,23.631,0.0259
799.11,C,4.00,4.50,1.70,23.871,0.0142
799.11,D,0.50,0.80,0.10,23.392,0.1816
799.11,D,0.50,0.80,1.10,23.059,0.1108
799.11,D,0.50,0.80,1.70,23.359,0.1048
800.28,A,4.00,2.00,0.10,20.694,0.3055
800.28,A,4.00,2.00,1.10,20.541,0.7576
800.28,A,4.00,2.00,1.70,20.391,0.6729
800.28,B,7.50,0.80,0.10,23.391,0.1816
800.28,B,7.50,0.80,1.10,23.058,0.1108
800.28,B,7.50,0.80,1.70,23.358,0.1048
800.28,C,4.00,4.50,0.10,23.345,0.2339
800.28,C,4.00,4.50,1.10,23.630,0.0259
800.28,C,4.00,4.50,1.70,23.870,0.0142
800.28,D,0.50,0.80,0.10,23.391,0.1816
800.28,D,0.50,0.80,1.10,23.058,0.1108
800.28,D,0.50,0.80,1.70,23.358,0.1048
801.45,A,4.00,2.00,0.10,20.694,0.3055
801.45,A,4.00,2.00,1.10,20.541,0.7576
801.45,A,4.00,2.00,1.70,20.391,0.6729
801.45,B,7.50,0.80,0.10,23.391,0.1816
801.45,B,7.50,0.80,1.10,23.057,0.1108
801.45,B,7.50,0.80,1.70,23.357,0.1048
801.45,C,4.00,4.50,0.10,23.345,0.2338
801.45,C,4.00,4.50,1.10,23.629,0.0258
801.45,C,4.00,4.50,1.70,23.869,0.0142
801.45,D,0.50,0.80,0.10,23.391,0.1816
801.45,D,0.50,0.80,1.10,23.057,0.1108
801.45,D,0.50,0.80,1.70,23.357,0.1048
802.62,A,4.00,2.00,0.10,20.694,0.3055
802.62,A,4.00,2.00,1.10,20.541,0.7575
802.62,A,4.00,2.00,1.70,20.391,0.6729
802.62,B,7.50,0.80,0.10,23.390,0.1817
802.62,B,7.50,0.80,1.10,23.056,0.1108
802.62,B,7.50,0.80,1.70,23.356,0.1048
802.62,C,4.00,4.50,0.10,23.344,0.2338
802.62,C,4.00,4.50,1.10,23.629,0.0258
802.62,C,4.00,4.50,1.70,23.868,0.0142
802.62,D,0.50,0.80,0.10,23.390,0.1817
802.62,D,0.50,0.80,1.10,23.056,0.1108
802.62,D,0.50,0.80,1.70,23.356,0.1048
803.78,A,4.00,2.00,0.10,20.693,0.3055
803.78,A,4.00,2.00,1.10,20.540,0.7575
803.78,A,4.00,2.00,1.70,20.391,0.6728
803.78,B,7.50,0.80,0.10,23.389,0.1817
803.78,B,7.50,0.80,1.10,23.055,0.1108
803.78,B,7.50,0.80,1.70,23.355,0.1048
803.78,C,4.00,4.50,0.10,23.344,0.2338
803.78,C,4.00,4.50,1.10,23.628,0.0258
803.78,C,4.00,4.50,1.70,23.867,0.0142
803.78,D,0.50,0.80,0.10,23.389,0.1817
803.78,D,0.50,0.80,1.10,23.055,0.1108
803.78,D,0.50,0.80,1.70,23.355,0.1048
804.95,A,4.00,2.00,0.10,20.693,0.3055
804.95,A,4.00,2.00,1.10,20.540,0.7574
804.95,A,4.00,2.00,1.70,20.390,0.6728
804.95,B,7.50,0.80,0.10,23.388,0.1817
804.95,B,7.50,0.80,1.10,23.054,0.1109
804.95,B,7.50,0.80,1.70,23.354,0.1048
804.95,C,4.00,4.50,0.10,23.343,0.2337
804.95,C,4.00,4.50,1.10,23.627,0.0258
804.95,C,4.00,4.50,1.70,23.866,0.0142
804.95,D,0.50,0.80,0.10,23.388,0.1817
804.95,D,0.50,0.80,1.10,23.054,0.1109
804.95,D,0.50,0.80,1.70,23.354,0.1048
806.12,A,4.00,2.00,0.10,20.693,0.3056
806.12,A,4.00,2.00,1.10,20.540,0.7574
806.12,A,4.00,2.00,1.70,20.390,0.6728
806.12,B,7.50,0.80,0.10,23.388,0.1817
806.12,B,7.50,0.80,1.10,23.053,0.1109
806.12,B,7.50,0.80,1.70,23.353,0.1049
806.12,C,4.00,4.50,0.10,23.342,0.2337
806.12,C,4.00,4.50,1.10,23.626,0.0257
806.12,C,4.00,4.50,1.70,23.865,0.0142
806.12,D,0.50,0.80,0.10,23.388,0.1817
806.12,D,0.50,0.80,1.10,23.053,0.1109
806.12,D,0.50,0.80,1.70,23.353,0.1049
807.29,A,4.00,2.00,0.10,20.693,0.3056
807.29,A,4.00,2.00,1.10,20.540,0.7573
807.29,A,4.00,2.00,1.70,20.390,0.6727
807.29,B,7.50,0.80,0.10,23.387,0.1817
807.29,B,7.50,0.80,1.10,23.052,0.1109
807.29,B,7.50,0.80,1.70,23.352,0.1049
807.29,C,4.00,4.50,0.10,23.342,0.2337
807.29,C,4.00,4.50,1.10,23.625,0.0257
807.29,C,4.00,4.50,1.70,23.864,0.0142
807.29,D,0.50,0.80,0.10,23.387,0.1817
807.29,D,0.50,0.80,1.10,23.052,0.1109
807.29,D,0.50,0.80,1.70,23.353,0.1049
808.46,A,4.00,2.00,0.10,20.693,0.3056
808.46,A,4.00,2.00,1.10,20.540,0.7573
808.46,A,4.00,2.00,1.70,20.389,0.6727
808.46,B,7.50,0.80,0.10,23.386,0.1817
808.46,B,7.50,0.80,1.10,23.051,0.1109
808.46,B,7.50,0.80,1.70,23.351,0.1049
808.46,C,4.00,4.50,0.10,23.341,0.2336
808.46,C,4.00,4.50,1.10,23.624,0.0257
808.46,C,4.00,4.50,1.70,23.863,0.0142
808.46,D,0.50,0.80,0.10,23.386,0.1817
808.46,D,0.50,0.80,1.10,23.052,0.1109
808.46,D,0.50,0.80,1.70,23.352,0.1049
809.63,A,4.00,2.00,0.10,20.692,0.3056
809.63,A,4.00,2.00,1.10,20.539,0.7572
809.63,A,4.00,2.00,1.70,20.389,0.6727
809.63,B,7.50,0.80,0.10,23.386,0.1817
809.63,B,7.50,0.80,1.10,23.050,0.1109
809.63,B,7.50,0.80,1.70,23.351,0.1049
809.63,C,4.00,4.50,0.10,23.341,0.2336
809.63,C,4.00,4.50,1.10,23.624,0.0257
809.63,C,4.00,4.50,1.70,23.862,0.0142
809.63,D,0.50,0.80,0.10,23.386,0.1817
809.63,D,0.50,0.80,1.10,23.051,0.1109
809.63,D,0.50,0.80,1.70,23.351,0.1049
810.79,A,4.00,2.00,0.10,20.692,0.3056
810.79,A,4.00,2.00,1.10,20.539,0.7572
810.79,A,4.00,2.00,1.70,20.389,0.6726
810.79,B,7.50,0.80,0.10,23.385,0.1818
810.79,B,7.50,0.80,1.10,23.050,0.1109
810.79,B,7.50,0.80,1.70,23.350,0.1049
810.79,C,4.00,4.50,0.10,23.340,0.2336
810.79,C,4.00,4.50,1.10,23.623,0.0256
810.79,C,4.00,4.50,1.70,23.861,0.0142
810.79,D,0.50,0.80,0.10,23.385,0.1818
810.79,D,0.50,0.80,1.10,23.050,0.1109
810.79,D,0.50,0.80,1.70,23.350,0.1049
811.96,A,4.00,2.00,0.10,20.692,0.3056
811.96,A,4.00,2.00,1.10,20.539,0.7571
811.96,A,4.00,2.00,1.70,20.389,0.6726
811.96,B,7.50,0.80,0.10,23.384,0.1818
811.96,B,7.50,0.80,1.10,23.049,0.1109
811.96,B,7.50,0.80,1.70,23.349,0.1049
811.96,C,4.00,4.50,0.10,23.340,0.2335
811.96,C,4.00,4.50,1.10,23.622,0.0256
811.96,C,4.00,4.50,1.70,23.860,0.0142
811.96,D,0.50,0.80,0.10,23.384,0.1818
811.96,D,0.50,0.80,1.10,23.049,0.1109
811.96,D,0.50,0.80,1.70,23.349,0.1049
813.13,A,4.00,2.00,0.10,20.692,0.3057
813.13,A,4.00,2.00,1.10,20.539,0.7570
813.13,A,4.00,2.00,1.70,20.388,0.6726
813.13,B,7.50,0.80,0.10,23.383,0.1818
813.13,B,7.50,0.80,1.10,23.048,0.1110
813.13,B,7.50,0.80,1.70,23.348,0.1049
813.13,C,4.00,4.50,0.10,23.339,0.2335
813.13,C,4.00,4.50,1.10,23.621,0.0256
813.13,C,4.00,4.50,1.70,23.859,0.0141
813.13,D,0.50,0.80,0.10,23.384,0.1818
813.13,D,0.50,0.80,1.10,23.048,0.1110
813.13,D,0.50,0.80,1.70,23.348,0.1049
814.30,A,4.00,2.00,0.10,20.691,0.3057
814.30,A,4.00,2.00,1.10,20.539,0.7570
814.30,A,4.00,2.00,1.70,20.388,0.6725
814.30,B,7.50,0.80,0.10,23.383,0.1818
814.30,B,7.50,0.80,1.10,23.047,0.1110
814.30,B,7.50,0.80,1.70,23.347,0.1049
814.30,C,4.00,4.50,0.10,23.339,0.2335
814.30,C,4.00,4.50,1.10,23.620,0.0256
814.30,C,4.00,4.50,1.70,23.858,0.0141
814.30,D,0.50,0.80,0.10,23.383,0.1818
814.30,D,0.50,0.80,1.10,23.047,0.1110
814.30,D,0.50,0.80,1.70,23.347,0.1049
815.47,A,4.00,2.00,0.10,20.691,0.3057
815.47,A,4.00,2.00,1.10,20.538,0.7569
815.47,A,4.00,2.00,1.70,20.388,0.6725
815.47,B,7.50,0.80,0.10,23.382,0.1818
815.47,B,7.50,0.80,1.10,23.046,0.1110
815.47,B,7.50,0.80,1.70,23.346,0.1049
815.47,C,4.00,4.50,0.10,23.338,0.2334
815.47,C,4.00,4.50,1.10,23.620,0.0256
815.47,C,4.00,4.50,1.70,23.857,0.0141
815.47,D,0.50,0.80,0.10,23.382,0.1818
815.47,D,0.50,0.80,1.10,23.046,0.1110
815.47,D,0.50,0.80,1.70,23.346,0.1049
816.64,A,4.00,2.00,0.10,20.691,0.3057
816.64,A,4.00,2.00,1.10,20.538,0.7569
816.64,A,4.00,2.00,1.70,20.388,0.6725
816.64,B,7.50,0.80,0.10,23.381,0.1818
816.64,B,7.50,0.80,1.10,23.045,0.1110
816.64,B,7.50,0.80,1.70,23.345,0.1049
816.64,C,4.00,4.50,0.10,23.338,0.2334
816.64,C,4.00,4.50,1.10,23.619,0.0255
816.64,C,4.00,4.50,1.70,23.856,0.0141
816.64,D,0.50,0.80,0.10,23.381,0.1818
816.64,D,0.50,0.80,1.10,23.046,0.1110
816.64,D,0.50,0.80,1.70,23.345,0.1049
817.80,A,4.00,2.00,0.10,20.691,0.3057
817.80,A,4.00,2.00,1.10,20.538,0.7568
817.80,A,4.00,2.00,1.70,20.387,0.6724
817.80,B,7.50,0.80,0.10,23.381,0.1819
817.80,B,7.50,0.80,1.10,23.044,0.1110
817.80,B,7.50,0.80,1.70,23.344,0.1049
817.80,C,4.00,4.50,0.10,23.337,0.2334
817.80,C,4.00,4.50,1.10,23.618,0.0255
817.80,C,4.00,4.50,1.70,23.855,0.0141
817.80,D,0.50,0.80,0.10,23.381,0.1819
817.80,D,0.50,0.80,1.10,23.045,0.1110
817.80,D,0.50,0.80,1.70,23.344,0.1049
818.97,A,4.00,2.00,0.10,20.690,0.3057
818.97,A,4.00,2.00,1.10,20.538,0.7568
818.97,A,4.00,2.00,1.70,20.387,0.6724
818.97,B,7.50,0.80,0.10,23.380,0.1819
818.97,B,7.50,0.80,1.10,23.044,0.1110
818.97,B,7.50,0.80,1.70,23.343,0.1050
818.97,C,4.00,4.50,0.10,23.337,0.2333
818.97,C,4.00,4.50,1.10,23.617,0.0255
818.97,C,4.00,4.50,1.70,23.854,0.0141
818.97,D,0.50,0.80,0.10,23.380,0.1819
818.97,D,0.50,0.80,1.10,23.044,0.1110
818.97,D,0.50,0.80,1.70,23.343,0.1050
820.14,A,4.00,2.00,0.10,20.690,0.3057
820.14,A,4.00,2.00,1.10,20.538,0.7568
820.14,A,4.00,2.00,1.70,20.387,0.6724
820.14,B,7.50,0.80,0.10,23.379,0.1819
820.14,B,7.50,0.80,1.10,23.043,0.1110
820.14,B,7.50,0.80,1.70,23.342,0.1050
820.14,C,4.00,4.50,0.10,23.336,0.2333
820.14,C,4.00,4.50,1.10,23.616,0.0255
820.14,C,4.00,4.50,1.70,23.853,0.0141
820.14,D,0.50,0.80,0.10,23.379,0.1819
820.14,D,0.50,0.80,1.10,23.043,0.1110
820.14,D,0.50,0.80,1.70,23.342,0.1050
821.31,A,4.00,2.00,0.10,20.690,0.3057
821.31,A,4.00,2.00,1.10,20.537,0.7567
821.31,A,4.00,2.00,1.70,20.387,0.6724
821.31,B,7.50,0.80,0.10,23.379,0.1819
821.31,B,7.50,0.80,1.10,23.042,0.1111
821.31,B,7.50,0.80,1.70,23.341,0.1050
821.31,C,4.00,4.50,0.10,23.336,0.2333
821.31,C,4.00,4.50,1.10,23.616,0.0254
821.31,C,4.00,4.50,1.70,23.853,0.0141
821.31,D,0.50,0.80,0.10,23.379,0.1819
821.31,D,0.50,0.80,1.10,23.042,0.1110
821.31,D,0.50,0.80,1.70,23.342,0.1050
822.48,A,4.00,2.00,0.10,20.690,0.3058
822.48,A,4.00,2.00,1.10,20.537,0.7567
822.48,A,4.00,2.00,1.70,20.386,0.6723
822.48,B,7.50,0.80,0.10,23.378,0.1819
822.48,B,7.50,0.80,1.10,23.041,0.1111
822.48,B,7.50,0.80,1.70,23.341,0.1050
822.48,C,4.00,4.50,0.10,23.335,0.2332
822.48,C,4.00,4.50,1.10,23.615,0.0254
822.48,C,4.00,4.50,1.70,23.852,0.0141
822.48,D,0.50,0.80,0.10,23.378,0.1819
822.48,D,0.50,0.80,1.10,23.041,0.1111
822.48,D,0.50,0.80,1.70,23.341,0.1050
823.64,A,4.00,2.00,0.10,20.690,0.3058
823.64,A,4.00,2.00,1.10,20.537,0.7566
823.64,A,4.00,2.00,1.70,20.386,0.6723
823.64,B,7.50,0.80,0.10,23.377,0.1819
823.64,B,7.50,0.80,1.10,23.040,0.1111
823.64,B,7.50,0.80,1.70,23.340,0.1050
823.64,C,4.00,4.50,0.10,23.335,0.2332
823.64,C,4.00,4.50,1.10,23.614,0.0254
823.64,C,4.00,4.50,1.70,23.851,0.0141
823.64,D,0.50,0.80,0.10,23.377,0.1819
823.64,D,0.50,0.80,1.10,23.041,0.1111
823.64,D,0.50,0.80,1.70,23.340,0.1050
824.81,A,4.00,2.00,0.10,20.689,0.3058
824.81,A,4.00,2.00,1.10,20.537,0.7566
824.81,A,4.00,2.00,1.70,20.386,0.6723
824.81,B,7.50,0.80,0.10,23.377,0.1820
824.81,B,7.50,0.80,1.10,23.039,0.1111
824.81,B,7.50,0.80,1.70,23.339,0.1050
824.81,C,4.00,4.50,0.10,23.334,0.2332
824.81,C,4.00,4.50,1.10,23.613,0.0254
824.81,C,4.00,4.50,1.70,23.850,0.0141
824.81,D,0.50,0.80,0.10,23.377,0.1820
824.81,D,0.50,0.80,1.10,23.040,0.1111
824.81,D,0.50,0.80,1.70,23.339,0.1050
825.98,A,4.00,2.00,0.10,20.689,0.3058
825.98,A,4.00,2.00,1.10,20.537,0.7565
825.98,A,4.00,2.00,1.70,20.386,0.6722
825.98,B,7.50,0.80,0.10,23.376,0.1820
825.98,B,7.50,0.80,1.10,23.039,0.1111
825.98,B,7.50,0.80,1.70,23.338,0.1050
825.98,C,4.00,4.50,0.10,23.334,0.2331
825.98,C,4.00,4.50,1.10,23.612,0.0254
825.98,C,4.00,4.50,1.70,23.849,0.0141
825.98,D,0.50,0.80,0.10,23.376,0.1820
825.98,D,0.50,0.80,1.10,23.039,0.1111
825.98,D,0.50,0.80,1.70,23.338,0.1050
827.15,A,4.00,2.00,0.10,20.689,0.3058
827.15,A,4.00,2.00,1.10,20.536,0.7565
827.15,A,4.00,2.00,1.70,20.385,0.6722
827.15,B,7.50,0.80,0.10,23.375,0.1820
827.15,B,7.50,0.80,1.10,23.038,0.1111
827.15,B,7.50,0.80,1.70,23.337,0.1050
827.15,C,4.00,4.50,0.10,23.333,0.2331
827.15,C,4.00,4.50,1.10,23.612,0.0253
827.15,C,4.00,4.50,1.70,23.848,0.0141
827.15,D,0.50,0.80,0.10,23.375,0.1820
827.15,D,0.50,0.80,1.10,23.038,0.1111
827.15,D,0.50,0.80,1.70,23.337,0.1050
828.32,A,4.00,2.00,0.10,20.689,0.3058
828.32,A,4.00,2.00,1.10,20.536,0.7564
828.32,A,4.00,2.00,1.70,20.385,0.6722
828.32,B,7.50,0.80,0.10,23.375,0.1820
828.32,B,7.50,0.80,1.10,23.037,0.1111
828.32,B,7.50,0.80,1.70,23.336,0.1050
828.32,C,4.00,4.50,0.10,23.333,0.2331
828.32,C,4.00,4.50,1.10,23.611,0.0253
828.32,C,4.00,4.50,1.70,23.847,0.0141
828.32,D,0.50,0.80,0.10,23.375,0.1820
828.32,D,0.50,0.80,1.10,23.037,0.1111
828.32,D,0.50,0.80,1.70,23.336,0.1050
829.49,A,4.00,2.00,0.10,20.688,0.3059
829.49,A,4.00,2.00,1.10,20.536,0.7564
829.49,A,4.00,2.00,1.70,20.385,0.6721
829.49,B,7.50,0.80,0.10,23.374,0.1820
829.49,B,7.50,0.80,1.10,23.036,0.1112
829.49,B,7.50,0.80,1.70,23.335,0.1050
829.49,C,4.00,4.50,0.10,23.332,0.2331
829.49,C,4.00,4.50,1.10,23.610,0.0253
829.49,C,4.00,4.50,1.70,23.846,0.0141
829.49,D,0.50,0.80,0.10,23.374,0.1820
829.49,D,0.50,0.80,1.10,23.036,0.1112
829.49,D,0.50,0.80,1.70,23.335,0.1050
830.65,A,4.00,2.00,0.10,20.688,0.3059
830.65,A,4.00,2.00,1.10,20.536,0.7563
830.65,A,4.00,2.00,1.70,20.385,0.6721
830.65,B,7.50,0.80,0.10,23.373,0.1821
830.65,B,7.50,0.80,1.10,23.035,0.1112
830.65,B,7.50,0.80,1.70,23.334,0.1051
830.65,C,4.00,4.50,0.10,23.332,0.2330
830.65,C,4.00,4.50,1.10,23.609,0.0253
830.65,C,4.00,4.50,1.70,23.845,0.0141
830.65,D,0.50,0.80,0.10,23.373,0.1821
830.65,D,0.50,0.80,1.10,23.036,0.1112
830.65,D,0.50,0.80,1.70,23.335,0.1051
831.82,A,4.00,2.00,0.10,20.688,0.3059
831.82,A,4.00,2.00,1.10,20.536,0.7563
831.82,A,4.00,2.00,1.70,20.384,0.6721
831.82,B,7.50,0.80,0.10,23.373,0.1821
831.82,B,7.50,0.80,1.10,23.035,0.1112
831.82,B,7.50,0.80,1.70,23.333,0.1051
831.82,C,4.00,4.50,0.10,23.331,0.2330
831.82,C,4.00,4.50,1.10,23.609,0.0253
831.82,C,4.00,4.50,1.70,23.844,0.0140
831.82,D,0.50,0.80,0.10,23.373,0.1821
831.82,D,0.50,0.80,1.10,23.035,0.1112
831.82,D,0.50,0.80,1.70,23.334,0.1051
832.99,A,4.00,2.00,0.10,20.688,0.3059
832.99,A,4.00,2.00,1.10,20.535,0.7562
832.99,A,4.00,2.00,1.70,20.384,0.6721
832.99,B,7.50,0.80,0.10,23.372,0.1821
832.99,B,7.50,0.80,1.10,23.034,0.1112
832.99,B,7.50,0.80,1.70,23.333,0.1051
832.99,C,4.00,4.50,0.10,23.331,0.2330
832.99,C,4.00,4.50,1.10,23.608,0.0252
832.99,C,4.00,4.50,1.70,23.843,0.0140
832.99,D,0.50,0.80,0.10,23.372,0.1821
832.99,D,0.50,0.80,1.10,23.034,0.1112
832.99,D,0.50,0.80,1.70,23.333,0.1051
834.16,A,4.00,2.00,0.10,20.687,0.3059
834.16,A,4.00,2.00,1.10,20.535,0.7562
834.16,A,4.00,2.00,1.70,20.384,0.6720
834.16,B,7.50,0.80,0.10,23.371,0.1821
834.16,B,7.50,0.80,1.10,23.033,0.1112
834.16,B,7.50,0.80,1.70,23.332,0.1051
834.16,C,4.00,4.50,0.10,23.330,0.2329
834.16,C,4.00,4.50,1.10,23.607,0.0252
834.16,C,4.00,4.50,1.70,23.843,0.0140
834.16,D,0.50,0.80,0.10,23.371,0.1821
834.16,D,0.50,0.80,1.10,23.033,0.1112
834.16,D,0.50,0.80,1.70,23.332,0.1051
835.33,A,4.00,2.00,0.10,20.687,0.3059
835.33,A,4.00,2.00,1.10,20.535,0.7561
835.33,A,4.00,2.00,1.70,20.384,0.6720
835.33,B,7.50,0.80,0.10,23.371,0.1821
835.33,B,7.50,0.80,1.10,23.032,0.1112
835.33,B,7.50,0.80,1.70,23.331,0.1051
835.33,C,4.00,4.50,0.10,23.330,0.2329
835.33,C,4.00,4.50,1.10,23.606,0.0252
835.33,C,4.00,4.50,1.70,23.842,0.0140
835.33,D,0.50,0.80,0.10,23.371,0.1821
835.33,D,0.50,0.80,1.10,23.032,0.1112
835.33,D,0.50,0.80,1.70,23.331,0.1051
836.50,A,4.00,2.00,0.10,20.687,0.3059
836.50,A,4.00,2.00,1.10,20.535,0.7561
836.50,A,4.00,2.00,1.70,20.383,0.6720
836.50,B,7.50,0.80,0.10,23.370,0.1821
836.50,B,7.50,0.80,1.10,23.031,0.1112
836.50,B,7.50,0.80,1.70,23.330,0.1051
836.50,C,4.00,4.50,0.10,23.329,0.2329
836.50,C,4.00,4.50,1.10,23.606,0.0252
836.50,C,4.00,4.50,1.70,23.841,0.0140
836.50,D,0.50,0.80,0.10,23.370,0.1821
836.50,D,0.50,0.80,1.10,23.032,0.1112
836.50,D,0.50,0.80,1.70,23.330,0.1051
837.66,A,4.00,2.00,0.10,20.687,0.3060
837.66,A,4.00,2.00,1.10,20.535,0.7560
837.66,A,4.00,2.00,1.70,20.383,0.6719
837.66,B,7.50,0.80,0.10,23.369,0.1822
837.66,B,7.50,0.80,1.10,23.031,0.1113
837.66,B,7.50,0.80,1.70,23.329,0.1051
837.66,C,4.00,4.50,0.10,23.329,0.2329
837.66,C,4.00,4.50,1.10,23.605,0.0252
837.66,C,4.00,4.50,1.70,23.840,0.0140
837.66,D,0.50,0.80,0.10,23.369,0.1822
837.66,D,0.50,0.80,1.10,23.031,0.1113
837.66,D,0.50,0.80,1.70,23.329,0.1051
838.83,A,4.00,2.00,0.10,20.687,0.3060
838.83,A,4.00,2.00,1.10,20.534,0.7560
838.83,A,4.00,2.00,1.70,20.383,0.6719
838.83,B,7.50,0.80,0.10,23.369,0.1822
838.83,B,7.50,0.80,1.10,23.030,0.1113
838.83,B,7.50,0.80,1.70,23.328,0.1051
838.83,C,4.00,4.50,0.10,23.328,0.2328
838.83,C,4.00,4.50,1.10,23.604,0.0251
838.83,C,4.00,4.50,1.70,23.839,0.0140
838.83,D,0.50,0.80,0.10,23.369,0.1822
838.83,D,0.50,0.80,1.10,23.030,0.1113
838.83,D,0.50,0.80,1.70,23.329,0.1051
840.00,A,4.00,2.00,0.10,20.686,0.3060
840.00,A,4.00,2.00,1.10,20.534,0.7559
840.00,A,4.00,2.00,1.70,20.383,0.6719
840.00,B,7.50,0.80,0.10,23.368,0.1822
840.00,B,7.50,0.80,1.10,23.029,0.1113
840.00,B,7.50,0.80,1.70,23.328,0.1051
840.00,C,4.00,4.50,0.10,23.328,0.2328
840.00,C,4.00,4.50,1.10,23.603,0.0251
840.00,C,4.00,4.50,1.70,23.838,0.0140
840.00,D,0.50,0.80,0.10,23.368,0.1822
840.00,D,0.50,0.80,1.10,23.029,0.1113
840.00,D,0.50,0.80,1.70,23.328,0.1051
841.17,A,4.00,2.00,0.10,20.686,0.3060
841.17,A,4.00,2.00,1.10,20.534,0.7559
841.17,A,4.00,2.00,1.70,20.382,0.6718
841.17,B,7.50,0.80,0.10,23.367,0.1822
841.17,B,7.50,0.80,1.10,23.028,0.1113
841.17,B,7.50,0.80,1.70,23.327,0.1052
841.17,C,4.00,4.50,0.10,23.327,0.2328
841.17,C,4.00,4.50,1.10,23.603,0.0251
841.17,C,4.00,4.50,1.70,23.837,0.0140
841.17,D,0.50,0.80,0.10,23.367,0.1822
841.17,D,0.50,0.80,1.10,23.029,0.1113
841.17,D,0.50,0.80,1.70,23.327,0.1052
842.34,A,4.00,2.00,0.10,20.686,0.3060
842.34,A,4.00,2.00,1.10,20.534,0.7558
842.34,A,4.00,2.00,1.70,20.382,0.6718
842.34,B,7.50,0.80,0.10,23.367,0.1822
842.34,B,7.50,0.80,1.10,23.027,0.1113
842.34,B,7.50,0.80,1.70,23.326,0.1052
842.34,C,4.00,4.50,0.10,23.327,0.2327
842.34,C,4.00,4.50,1.10,23.602,0.0251
842.34,C,4.00,4.50,1.70,23.836,0.0140
842.34,D,0.50,0.80,0.10,23.367,0.1822
842.34,D,0.50,0.80,1.10,23.028,0.1113
842.34,D,0.50,0.80,1.70,23.326,0.1052
843.50,A,4.00,2.00,0.10,20.686,0.3060
843.50,A,4.00,2.00,1.10,20.534,0.7558
843.50,A,4.00,2.00,1.70,20.382,0.6718
843.50,B,7.50,0.80,0.10,23.366,0.1822
843.50,B,7.50,0.80,1.10,23.027,0.1113
843.50,B,7.50,0.80,1.70,23.325,0.1052
843.50,C,4.00,4.50,0.10,23.327,0.2327
843.50,C,4.00,4.50,1.10,23.601,0.0251
843.50,C,4.00,4.50,1.70,23.836,0.0140
843.50,D,0.50,0.80,0.10,23.366,0.1822
843.50,D,0.50,0.80,1.10,23.027,0.1113
843.50,D,0.50,0.80,1.70,23.325,0.1052
844.67,A,4.00,2.00,0.10,20.685,0.3060
844.67,A,4.00,2.00,1.10,20.533,0.7558
844.67,A,4.00,2.00,1.70,20.382,0.6718
844.67,B,7.50,0.80,0.10,23.365,0.1823
844.67,B,7.50,0.80,1.10,23.026,0.1113
844.67,B,7.50,0.80,1.70,23.324,0.1052
844.67,C,4.00,4.50,0.10,23.326,0.2327
844.67,C,4.00,4.50,1.10,23.600,0.0250
844.67,C,4.00,4.50,1.70,23.835,0.0139
844.67,D,0.50,0.80,0.10,23.366,0.1823
844.67,D,0.50,0.80,1.10,23.026,0.1113
844.67,D,0.50,0.80,1.70,23.324,0.1052
845.84,A,4.00,2.00,0.10,20.685,0.3061
845.84,A,4.00,2.00,1.10,20.533,0.7557
845.84,A,4.00,2.00,1.70,20.381,0.6717
845.84,B,7.50,0.80,0.10,23.365,0.1823
845.84,B,7.50,0.80,1.10,23.025,0.1114
845.84,B,7.50,0.80,1.70,23.323,0.1052
845.84,C,4.00,4.50,0.10,23.326,0.2327
845.84,C,4.00,4.50,1.10,23.600,0.0250
845.84,C,4.00,4.50,1.70,23.834,0.0139
845.84,D,0.50,0.80,0.10,23.365,0.1823
845.84,D,0.50,0.80,1.10,23.025,0.1114
845.84,D,0.50,0.80,1.70,23.324,0.1052
847.01,A,4.00,2.00,0.10,20.685,0.3061
847.01,A,4.00,2.00,1.10,20.533,0.7557
847.01,A,4.00,2.00,1.70,20.381,0.6717
847.01,B,7.50,0.80,0.10,23.364,0.1823
847.01,B,7.50,0.80,1.10,23.024,0.1114
847.01,B,7.50,0.80,1.70,23.323,0.1052
847.01,C,4.00,4.50,0.10,23.325,0.2326
847.01,C,4.00,4.50,1.10,23.599,0.0250
847.01,C,4.00,4.50,1.70,23.833,0.0139
847.01,D,0.50,0.80,0.10,23.364,0.1823
847.01,D,0.50,0.80,1.10,23.025,0.1114
847.01,D,0.50,0.80,1.70,23.323,0.1052
848.18,A,4.00,2.00,0.10,20.685,0.3061
848.18,A,4.00,2.00,1.10,20.533,0.7556
848.18,A,4.00,2.00,1.70,20.381,0.6717
848.18,B,7.50,0.80,0.10,23.364,0.1823
848.18,B,7.50,0.80,1.10,23.024,0.1114
848.18,B,7.50,0.80,1.70,23.322,0.1052
848.18,C,4.00,4.50,0.10,23.325,0.2326
848.18,C,4.00,4.50,1.10,23.598,0.0250
848.18,C,4.00,4.50,1.70,23.832,0.0139
848.18,D,0.50,0.80,0.10,23.364,0.1823
848.18,D,0.50,0.80,1.10,23.024,0.1114
848.18,D,0.50,0.80,1.70,23.322,0.1052
849.35,A,4.00,2.00,0.10,20.685,0.3061
849.35,A,4.00,2.00,1.10,20.533,0.7556
849.35,A,4.00,2.00,1.70,20.381,0.6717
849.35,B,7.50,0.80,0.10,23.363,0.1823
849.35,B,7.50,0.80,1.10,23.023,0.1114
849.35,B,7.50,0.80,1.70,23.321,0.1052
849.35,C,4.00,4.50,0.10,23.324,0.2326
849.35,C,4.00,4.50,1.10,23.598,0.0250
849.35,C,4.00,4.50,1.70,23.831,0.0139
849.35,D,0.50,0.80,0.10,23.363,0.1823
849.35,D,0.50,0.80,1.10,23.023,0.1114
849.35,D,0.50,0.80,1.70,23.321,0.1052
850.51,A,4.00,2.00,0.10,20.684,0.3061
850.51,A,4.00,2.00,1.10,20.533,0.7555
850.51,A,4.00,2.00,1.70,20.381,0.6716
850.51,B,7.50,0.80,0.10,23.362,0.1823
850.51,B,7.50,0.80,1.10,23.022,0.1114
850.51,B,7.50,0.80,1.70,23.320,0.1052
850.51,C,4.00,4.50,0.10,23.324,0.2325
850.51,C,4.00,4.50,1.10,23.597,0.0249
850.51,C,4.00,4.50,1.70,23.831,0.0139
850.51,D,0.50,0.80,0.10,23.363,0.1823
850.51,D,0.50,0.80,1.10,23.022,0.1114
850.51,D,0.50,0.80,1.70,23.320,0.1052
851.68,A,4.00,2.00,0.10,20.684,0.3061
851.68,A,4.00,2.00,1.10,20.532,0.7555
851.68,A,4.00,2.00,1.70,20.380,0.6716
851.68,B,7.50,0.80,0.10,23.362,0.1824
851.68,B,7.50,0.80,1.10,23.021,0.1114
851.68,B,7.50,0.80,1.70,23.319,0.1053
851.68,C,4.00,4.50,0.10,23.323,0.2325
851.68,C,4.00,4.50,1.10,23.596,0.0249
851.68,C,4.00,4.50,1.70,23.830,0.0139
851.68,D,0.50,0.80,0.10,23.362,0.1823
851.68,D,0.50,0.80,1.10,23.022,0.1114
851.68,D,0.50,0.80,1.70,23.320,0.1053
852.85,A,4.00,2.00,0.10,20.684,0.3061
852.85,A,4.00,2.00,1.10,20.532,0.7554
852.85,A,4.00,2.00,1.70,20.380,0.6716
852.85,B,7.50,0.80,0.10,23.361,0.1824
852.85,B,7.50,0.80,1.10,23.021,0.1114
852.85,B,7.50,0.80,1.70,23.319,0.1053
852.85,C,4.00,4.50,0.10,23.323,0.2325
852.85,C,4.00,4.50,1.10,23.595,0.0249
852.85,C,4.00,4.50,1.70,23.829,0.0139
852.85,D,0.50,0.80,0.10,23.361,0.1824
852.85,D,0.50,0.80,1.10,23.021,0.1114
852.85,D,0.50,0.80,1.70,23.319,0.1053
854.02,A,4.00,2.00,0.10,20.684,0.3062
854.02,A,4.00,2.00,1.10,20.532,0.7554
854.02,A,4.00,2.00,1.70,20.380,0.6715
854.02,B,7.50,0.80,0.10,23.361,0.1824
854.02,B,7.50,0.80,1.10,23.020,0.1115
854.02,B,7.50,0.80,1.70,23.318,0.1053
854.02,C,4.00,4.50,0.10,23.323,0.2324
854.02,C,4.00,4.50,1.10,23.595,0.0249
854.02,C,4.00,4.50,1.70,23.828,0.0139
854.02,D,0.50,0.80,0.10,23.361,0.1824
854.02,D,0.50,0.80,1.10,23.020,0.1115
854.02,D,0.50,0.80,1.70,23.318,0.1053
855.19,A,4.00,2.00,0.10,20.684,0.3062
855.19,A,4.00,2.00,1.10,20.532,0.7553
855.19,A,4.00,2.00,1.70,20.380,0.6715
855.19,B,7.50,0.80,0.10,23.360,0.1824
855.19,B,7.50,0.80,1.10,23.019,0.1115
855.19,B,7.50,0.80,1.70,23.317,0.1053
855.19,C,4.00,4.50,0.10,23.322,0.2324
855.19,C,4.00,4.50,1.10,23.594,0.0249
855.19,C,4.00,4.50,1.70,23.827,0.0139
855.19,D,0.50,0.80,0.10,23.360,0.1824
855.19,D,0.50,0.80,1.10,23.020,0.1115
855.19,D,0.50,0.80,1.70,23.317,0.1053
856.36,A,4.00,2.00,0.10,20.683,0.3062
856.36,A,4.00,2.00,1.10,20.532,0.7553
856.36,A,4.00,2.00,1.70,20.379,0.6715
856.36,B,7.50,0.80,0.10,23.359,0.1824
856.36,B,7.50,0.80,1.10,23.018,0.1115
856.36,B,7.50,0.80,1.70,23.316,0.1053
856.36,C,4.00,4.50,0.10,23.322,0.2324
856.36,C,4.00,4.50,1.10,23.593,0.0248
856.36,C,4.00,4.50,1.70,23.826,0.0139
856.36,D,0.50,0.80,0.10,23.360,0.1824
856.36,D,0.50,0.80,1.10,23.019,0.1115
856.36,D,0.50,0.80,1.70,23.316,0.1053
857.52,A,4.00,2.00,0.10,20.683,0.3062
857.52,A,4.00,2.00,1.10,20.532,0.7553
857.52,A,4.00,2.00,1.70,20.379,0.6715
857.52,B,7.50,0.80,0.10,23.359,0.1824
857.52,B,7.50,0.80,1.10,23.018,0.1115
857.52,B,7.50,0.80,1.70,23.315,0.1053
857.52,C,4.00,4.50,0.10,23.321,0.2324
857.52,C,4.00,4.50,1.10,23.593,0.0248
857.52,C,4.00,4.50,1.70,23.826,0.0139
857.52,D,0.50,0.80,0.10,23.359,0.1824
857.52,D,0.50,0.80,1.10,23.018,0.1115
857.52,D,0.50,0.80,1.70,23.316,0.1053
858.69,A,4.00,2.00,0.10,20.683,0.3062
858.69,A,4.00,2.00,1.10,20.531,0.7552
858.69,A,4.00,2.00,1.70,20.379,0.6714
858.69,B,7.50,0.80,0.10,23.358,0.1824
858.69,B,7.50,0.80,1.10,23.017,0.1115
858.69,B,7.50,0.80,1.70,23.315,0.1053
858.69,C,4.00,4.50,0.10,23.321,0.2323
858.69,C,4.00,4.50,1.10,23.592,0.0248
858.69,C,4.00,4.50,1.70,23.825,0.0138
858.69,D,0.50,0.80,0.10,23.358,0.1824
858.69,D,0.50,0.80,1.10,23.017,0.1115
858.69,D,0.50,0.80,1.70,23.315,0.1053
859.86,A,4.00,2.00,0.10,20.683,0.3062
859.86,A,4.00,2.00,1.10,20.531,0.7552
859.86,A,4.00,2.00,1.70,20.379,0.6714
859.86,B,7.50,0.80,0.10,23.358,0.1825
859.86,B,7.50,0.80,1.10,23.016,0.1115
859.86,B,7.50,0.80,1.70,23.314,0.1053
859.86,C,4.00,4.50,0.10,23.320,0.2323
859.86,C,4.00,4.50,1.10,23.591,0.0248
859.86,C,4.00,4.50,1.70,23.824,0.0138
859.86,D,0.50,0.80,0.10,23.358,0.1824
859.86,D,0.50,0.80,1.10,23.017,0.1115
859.86,D,0.50,0.80,1.70,23.314,0.1053
861.03,A,4.00,2.00,0.10,20.683,0.3062
861.03,A,4.00,2.00,1.10,20.531,0.7551
861.03,A,4.00,2.00,1.70,20.379,0.6714
861.03,B,7.50,0.80,0.10,23.357,0.1825
861.03,B,7.50,0.80,1.10,23.016,0.1115
861.03,B,7.50,0.80,1.70,23.313,0.1053
861.03,C,4.00,4.50,0.10,23.320,0.2323
861.03,C,4.00,4.50,1.10,23.590,0.0248
861.03,C,4.00,4.50,1.70,23.823,0.0138
861.03,D,0.50,0.80,0.10,23.357,0.1825
861.03,D,0.50,0.80,1.10,23.016,0.1115
861.03,D,0.50,0.80,1.70,23.313,0.1053
862.20,A,4.00,2.00,0.10,20.682,0.3063
862.20,A,4.00,2.00,1.10,20.531,0.7551
862.20,A,4.00,2.00,1.70,20.378,0.6713
862.20,B,7.50,0.80,0.10,23.356,0.1825
862.20,B,7.50,0.80,1.10,23.015,0.1116
862.20,B,7.50,0.80,1.70,23.312,0.1053
862.20,C,4.00,4.50,0.10,23.320,0.2322
862.20,C,4.00,4.50,1.10,23.590,0.0248
862.20,C,4.00,4.50,1.70,23.822,0.0138
862.20,D,0.50,0.80,0.10,23.357,0.1825
862.20,D,0.50,0.80,1.10,23.015,0.1115
862.20,D,0.50,0.80,1.70,23.312,0.1053
863.36,A,4.00,2.00,0.10,20.682,0.3063
863.36,A,4.00,2.00,1.10,20.531,0.7550
863.36,A,4.00,2.00,1.70,20.378,0.6713
863.36,B,7.50,0.80,0.10,23.356,0.1825
863.36,B,7.50,0.80,1.10,23.014,0.1116
863.36,B,7.50,0.80,1.70,23.312,0.1053
863.36,C,4.00,4.50,0.10,23.319,0.2322
863.36,C,4.00,4.50,1.10,23.589,0.0247
863.36,C,4.00,4.50,1.70,23.822,0.0138
863.36,D,0.50,0.80,0.10,23.356,0.1825
863.36,D,0.50,0.80,1.10,23.015,0.1116
863.36,D,0.50,0.80,1.70,23.312,0.1053
864.53,A,4.00,2.00,0.10,20.682,0.3063
864.53,A,4.00,2.00,1.10,20.531,0.7550
864.53,A,4.00,2.00,1.70,20.378,0.6713
864.53,B,7.50,0.80,0.10,23.355,0.1825
864.53,B,7.50,0.80,1.10,23.014,0.1116
864.53,B,7.50,0.80,1.70,23.311,0.1054
864.53,C,4.00,4.50,0.10,23.319,0.2322
864.53,C,4.00,4.50,1.10,23.588,0.0247
864.53,C,4.00,4.50,1.70,23.821,0.0138
864.53,D,0.50,0.80,0.10,23.355,0.1825
864.53,D,0.50,0.80,1.10,23.014,0.1116
864.53,D,0.50,0.80,1.70,23.311,0.1053
865.70,A,4.00,2.00,0.10,20.682,0.3063
865.70,A,4.00,2.00,1.10,20.530,0.7549
865.70,A,4.00,2.00,1.70,20.378,0.6713
865.70,B,7.50,0.80,0.10,23.355,0.1825
865.70,B,7.50,0.80,1.10,23.013,0.1116
865.70,B,7.50,0.80,1.70,23.310,0.1054
865.70,C,4.00,4.50,0.10,23.318,0.2322
865.70,C,4.00,4.50,1.10,23.588,0.0247
865.70,C,4.00,4.50,1.70,23.820,0.0138
865.70,D,0.50,0.80,0.10,23.355,0.1825
865.70,D,0.50,0.80,1.10,23.013,0.1116
865.70,D,0.50,0.80,1.70,23.310,0.1054
866.87,A,4.00,2.00,0.10,20.682,0.3063
866.87,A,4.00,2.00,1.10,20.530,0.7549
866.87,A,4.00,2.00,1.70,20.377,0.6712
866.87,B,7.50,0.80,0.10,23.354,0.1825
866.87,B,7.50,0.80,1.10,23.012,0.1116
866.87,B,7.50,0.80,1.70,23.309,0.1054
866.87,C,4.00,4.50,0.10,23.318,0.2321
866.87,C,4.00,4.50,1.10,23.587,0.0247
866.87,C,4.00,4.50,1.70,23.819,0.0138
866.87,D,0.50,0.80,0.10,23.354,0.1825
866.87,D,0.50,0.80,1.10,23.012,0.1116
866.87,D,0.50,0.80,1.70,23.309,0.1054
868.04,A,4.00,2.00,0.10,20.682,0.3063
868.04,A,4.00,2.00,1.10,20.530,0.7549
868.04,A,4.00,2.00,1.70,20.377,0.6712
868.04,B,7.50,0.80,0.10,23.354,0.1826
868.04,B,7.50,0.80,1.10,23.011,0.1116
868.04,B,7.50,0.80,1.70,23.309,0.1054
868.04,C,4.00,4.50,0.10,23.318,0.2321
868.04,C,4.00,4.50,1.10,23.586,0.0247
868.04,C,4.00,4.50,1.70,23.818,0.0138
868.04,D,0.50,0.80,0.10,23.354,0.1825
868.04,D,0.50,0.80,1.10,23.012,0.1116
868.04,D,0.50,0.80,1.70,23.309,0.1054
869.21,A,4.00,2.00,0.10,20.681,0.3063
869.21,A,4.00,2.00,1.10,20.530,0.7548
869.21,A,4.00,2.00,1.70,20.377,0.6712
869.21,B,7.50,0.80,0.10,23.353,0.1826
869.21,B,7.50,0.80,1.10,23.011,0.1116
869.21,B,7.50,0.80,1.70,23.308,0.1054
869.21,C,4.00,4.50,0.10,23.317,0.2321
869.21,C,4.00,4.50,1.10,23.586,0.0246
869.21,C,4.00,4.50,1.70,23.818,0.0138
869.21,D,0.50,0.80,0.10,23.353,0.1826
869.21,D,0.50,0.80,1.10,23.011,0.1116
869.21,D,0.50,0.80,1.70,23.308,0.1054
870.37,A,4.00,2.00,0.10,20.681,0.3063
870.37,A,4.00,2.00,1.10,20.530,0.7548
870.37,A,4.00,2.00,1.70,20.377,0.6712
870.37,B,7.50,0.80,0.10,23.352,0.1826
870.37,B,7.50,0.80,1.10,23.010,0.1116
870.37,B,7.50,0.80,1.70,23.307,0.1054
870.37,C,4.00,4.50,0.10,23.317,0.2320
870.37,C,4.00,4.50,1.10,23.585,0.0246
870.37,C,4.00,4.50,1.70,23.817,0.0138
870.37,D,0.50,0.80,0.10,23.353,0.1826
870.37,D,0.50,0.80,1.10,23.010,0.1116
870.37,D,0.50,0.80,1.70,23.307,0.1054
871.54,A,4.00,2.00,0.10,20.681,0.3064
871.54,A,4.00,2.00,1.10,20.530,0.7547
871.54,A,4.00,2.00,1.70,20.377,0.6711
871.54,B,7.50,0.80,0.10,23.352,0.1826
871.54,B,7.50,0.80,1.10,23.009,0.1117
871.54,B,7.50,0.80,1.70,23.306,0.1054
871.54,C,4.00,4.50,0.10,23.316,0.2320
871.54,C,4.00,4.50,1.10,23.584,0.0246
871.54,C,4.00,4.50,1.70,23.816,0.0138
871.54,D,0.50,0.80,0.10,23.352,0.1826
871.54,D,0.50,0.80,1.10,23.010,0.1117
871.54,D,0.50,0.80,1.70,23.306,0.1054
872.71,A,4.00,2.00,0.10,20.681,0.3064
872.71,A,4.00,2.00,1.10,20.530,0.7547
872.71,A,4.00,2.00,1.70,20.376,0.6711
872.71,B,7.50,0.80,0.10,23.351,0.1826
872.71,B,7.50,0.80,1.10,23.009,0.1117
872.71,B,7.50,0.80,1.70,23.306,0.1054
872.71,C,4.00,4.50,0.10,23.316,0.2320
872.71,C,4.00,4.50,1.10,23.584,0.0246
872.71,C,4.00,4.50,1.70,23.815,0.0138
872.71,D,0.50,0.80,0.10,23.352,0.1826
872.71,D,0.50,0.80,1.10,23.009,0.1117
872.71,D,0.50,0.80,1.70,23.306,0.1054
873.88,A,4.00,2.00,0.10,20.681,0.3064
873.88,A,4.00,2.00,1.10,20.530,0.7546
873.88,A,4.00,2.00,1.70,20.376,0.6711
873.88,B,7.50,0.80,0.10,23.351,0.1826
873.88,B,7.50,0.80,1.10,23.008,0.1117
873.88,B,7.50,0.80,1.70,23.305,0.1054
873.88,C,4.00,4.50,0.10,23.316,0.2320
873.88,C,4.00,4.50,1.10,23.583,0.0246
873.88,C,4.00,4.50,1.70,23.814,0.0138
873.88,D,0.50,0.80,0.10,23.351,0.1826
873.88,D,0.50,0.80,1.10,23.008,0.1117
873.88,D,0.50,0.80,1.70,23.305,0.1054
875.05,A,4.00,2.00,0.10,20.681,0.3064
875.05,A,4.00,2.00,1.10,20.529,0.7546
875.05,A,4.00,2.00,1.70,20.376,0.6711
875.05,B,7.50,0.80,0.10,23.350,0.1826
875.05,B,7.50,0.80,1.10,23.007,0.1117
875.05,B,7.50,0.80,1.70,23.304,0.1054
875.05,C,4.00,4.50,0.10,23.315,0.2319
875.05,C,4.00,4.50,1.10,23.582,0.0246
875.05,C,4.00,4.50,1.70,23.814,0.0138
875.05,D,0.50,0.80,0.10,23.350,0.1826
875.05,D,0.50,0.80,1.10,23.008,0.1117
875.05,D,0.50,0.80,1.70,23.304,0.1054
876.22,A,4.00,2.00,0.10,20.680,0.3064
876.22,A,4.00,2.00,1.10,20.529,0.7546
876.22,A,4.00,2.00,1.70,20.376,0.6710
876.22,B,7.50,0.80,0.10,23.350,0.1826
876.22,B,7.50,0.80,1.10,23.007,0.1117
876.22,B,7.50,0.80,1.70,23.303,0.1055
876.22,C,4.00,4.50,0.10,23.315,0.2319
876.22,C,4.00,4.50,1.10,23.582,0.0245
876.22,C,4.00,4.50,1.70,23.813,0.0138
876.22,D,0.50,0.80,0.10,23.350,0.1826
876.22,D,0.50,0.80,1.10,23.007,0.1117
876.22,D,0.50,0.80,1.70,23.304,0.1055
877.38,A,4.00,2.00,0.10,20.680,0.3064
877.38,A,4.00,2.00,1.10,20.529,0.7545
877.38,A,4.00,2.00,1.70,20.376,0.6710
877.38,B,7.50,0.80,0.10,23.349,0.1827
877.38,B,7.50,0.80,1.10,23.006,0.1117
877.38,B,7.50,0.80,1.70,23.303,0.1055
877.38,C,4.00,4.50,0.10,23.314,0.2319
877.38,C,4.00,4.50,1.10,23.581,0.0245
877.38,C,4.00,4.50,1.70,23.812,0.0138
877.38,D,0.50,0.80,0.10,23.349,0.1826
877.38,D,0.50,0.80,1.10,23.006,0.1117
877.38,D,0.50,0.80,1.70,23.303,0.1055
878.55,A,4.00,2.00,0.10,20.680,0.3064
878.55,A,4.00,2.00,1.10,20.529,0.7545
878.55,A,4.00,2.00,1.70,20.375,0.6710
878.55,B,7.50,0.80,0.10,23.349,0.1827
878.55,B,7.50,0.80,1.10,23.005,0.1117
878.55,B,7.50,0.80,1.70,23.302,0.1055
878.55,C,4.00,4.50,0.10,23.314,0.2318
878.55,C,4.00,4.50,1.10,23.580,0.0245
878.55,C,4.00,4.50,1.70,23.811,0.0138
878.55,D,0.50,0.80,0.10,23.349,0.1827
878.55,D,0.50,0.80,1.10,23.006,0.1117
878.55,D,0.50,0.80,1.70,23.302,0.1055
879.72,A,4.00,2.00,0.10,20.680,0.3064
879.72,A,4.00,2.00,1.10,20.529,0.7544
879.72,A,4.00,2.00,1.70,20.375,0.6710
879.72,B,7.50,0.80,0.10,23.348,0.1827
879.72,B,7.50,0.80,1.10,23.005,0.1117
879.72,B,7.50,0.80,1.70,23.301,0.1055
879.72,C,4.00,4.50,0.10,23.314,0.2318
879.72,C,4.00,4.50,1.10,23.580,0.0245
879.72,C,4.00,4.50,1.70,23.811,0.0138
879.72,D,0.50,0.80,0.10,23.348,0.1827
879.72,D,0.50,0.80,1.10,23.005,0.1117
879.72,D,0.50,0.80,1.70,23.301,0.1055
880.89,A,4.00,2.00,0.10,20.680,0.3065
880.89,A,4.00,2.00,1.10,20.529,0.7544
880.89,A,4.00,2.00,1.70,20.375,0.6709
880.89,B,7.50,0.80,0.10,23.348,0.1827
880.89,B,7.50,0.80,1.10,23.004,0.1118
880.89,B,7.50,0.80,1.70,23.301,0.1055
880.89,C,4.00,4.50,0.10,23.313,0.2318
880.89,C,4.00,4.50,1.10,23.579,0.0245
880.89,C,4.00,4.50,1.70,23.810,0.0138
880.89,D,0.50,0.80,0.10,23.348,0.1827
880.89,D,0.50,0.80,1.10,23.004,0.1117
880.89,D,0.50,0.80,1.70,23.301,0.1055
882.06,A,4.00,2.00,0.10,20.680,0.3065
882.06,A,4.00,2.00,1.10,20.529,0.7543
882.06,A,4.00,2.00,1.70,20.375,0.6709
882.06,B,7.50,0.80,0.10,23.347,0.1827
882.06,B,7.50,0.80,1.10,23.003,0.1118
882.06,B,7.50,0.80,1.70,23.300,0.1055
882.06,C,4.00,4.50,0.10,23.313,0.2318
882.06,C,4.00,4.50,1.10,23.578,0.0245
882.06,C,4.00,4.50,1.70,23.809,0.0138
882.06,D,0.50,0.80,0.10,23.347,0.1827
882.06,D,0.50,0.80,1.10,23.004,0.1118
882.06,D,0.50,0.80,1.70,23.300,0.1055
883.22,A,4.00,2.00,0.10,20.680,0.3065
883.22,A,4.00,2.00,1.10,20.528,0.7543
883.22,A,4.00,2.00,1.70,20.375,0.6709
883.22,B,7.50,0.80,0.10,23.346,0.1827
883.22,B,7.50,0.80,1.10,23.003,0.1118
883.22,B,7.50,0.80,1.70,23.299,0.1055
883.22,C,4.00,4.50,0.10,23.312,0.2317
883.22,C,4.00,4.50,1.10,23.578,0.0244
883.22,C,4.00,4.50,1.70,23.808,0.0138
883.22,D,0.50,0.80,0.10,23.347,0.1827
883.22,D,0.50,0.80,1.10,23.003,0.1118
883.22,D,0.50,0.80,1.70,23.299,0.1055
884.39,A,4.00,2.00,0.10,20.679,0.3065
884.39,A,4.00,2.00,1.10,20.528,0.7543
884.39,A,4.00,2.00,1.70,20.375,0.6709
884.39,B,7.50,0.80,0.10,23.346,0.1827
884.39,B,7.50,0.80,1.10,23.002,0.1118
884.39,B,7.50,0.80,1.70,23.298,0.1055
884.39,C,4.00,4.50,0.10,23.312,0.2317
884.39,C,4.00,4.50,1.10,23.577,0.0244
884.39,C,4.00,4.50,1.70,23.808,0.0137
884.39,D,0.50,0.80,0.10,23.346,0.1827
884.39,D,0.50,0.80,1.10,23.002,0.1118
884.39,D,0.50,0.80,1.70,23.299,0.1055
885.56,A,4.00,2.00,0.10,20.679,0.3065
885.56,A,4.00,2.00,1.10,20.528,0.7542
885.56,A,4.00,2.00,1.70,20.374,0.6708
885.56,B,7.50,0.80,0.10,23.345,0.1827
885.56,B,7.50,0.80,1.10,23.001,0.1118
885.56,B,7.50,0.80,1.70,23.298,0.1055
885.56,C,4.00,4.50,0.10,23.312,0.2317
885.56,C,4.00,4.50,1.10,23.577,0.0244
885.56,C,4.00,4.50,1.70,23.807,0.0137
885.56,D,0.50,0.80,0.10,23.346,0.1827
885.56,D,0.50,0.80,1.10,23.002,0.1118
885.56,D,0.50,0.80,1.70,23.298,0.1055
886.73,A,4.00,2.00,0.10,20.679,0.3065
886.73,A,4.00,2.00,1.10,20.528,0.7542
886.73,A,4.00,2.00,1.70,20.374,0.6708
886.73,B,7.50,0.80,0.10,23.345,0.1828
886.73,B,7.50,0.80,1.10,23.001,0.1118
886.73,B,7.50,0.80,1.70,23.297,0.1055
886.73,C,4.00,4.50,0.10,23.311,0.2316
886.73,C,4.00,4.50,1.10,23.576,0.0244
886.73,C,4.00,4.50,1.70,23.806,0.0137
886.73,D,0.50,0.80,0.10,23.345,0.1827
886.73,D,0.50,0.80,1.10,23.001,0.1118
886.73,D,0.50,0.80,1.70,23.297,0.1055
887.90,A,4.00,2.00,0.10,20.679,0.3065
887.90,A,4.00,2.00,1.10,20.528,0.7541
887.90,A,4.00,2.00,1.70,20.374,0.6708
887.90,B,7.50,0.80,0.10,23.344,0.1828
887.90,B,7.50,0.80,1.10,23.000,0.1118
887.90,B,7.50,0.80,1.70,23.296,0.1056
887.90,C,4.00,4.50,0.10,23.311,0.2316
887.90,C,4.00,4.50,1.10,23.575,0.0244
887.90,C,4.00,4.50,1.70,23.806,0.0137
887.90,D,0.50,0.80,0.10,23.345,0.1827
887.90,D,0.50,0.80,1.10,23.000,0.1118
887.90,D,0.50,0.80,1.70,23.297,0.1055
889.07,A,4.00,2.00,0.10,20.679,0.3065
889.07,A,4.00,2.00,1.10,20.528,0.7541
889.07,A,4.00,2.00,1.70,20.374,0.6708
889.07,B,7.50,0.80,0.10,23.344,0.1828
889.07,B,7.50,0.80,1.10,23.000,0.1118
889.07,B,7.50,0.80,1.70,23.296,0.1056
889.07,C,4.00,4.50,0.10,23.311,0.2316
889.07,C,4.00,4.50,1.10,23.575,0.0243
889.07,C,4.00,4.50,1.70,23.805,0.0137
889.07,D,0.50,0.80,0.10,23.344,0.1828
889.07,D,0.50,0.80,1.10,23.000,0.1118
889.07,D,0.50,0.80,1.70,23.296,0.1056
890.23,A,4.00,2.00,0.10,20.679,0.3066
890.23,A,4.00,2.00,1.10,20.528,0.7541
890.23,A,4.00,2.00,1.70,20.374,0.6707
890.23,B,7.50,0.80,0.10,23.343,0.1828
890.23,B,7.50,0.80,1.10,22.999,0.1118
890.23,B,7.50,0.80,1.70,23.295,0.1056
890.23,C,4.00,4.50,0.10,23.310,0.2316
890.23,C,4.00,4.50,1.10,23.574,0.0243
890.23,C,4.00,4.50,1.70,23.804,0.0137
890.23,D,0.50,0.80,0.10,23.344,0.1828
890.23,D,0.50,0.80,1.10,22.999,0.1118
890.23,D,0.50,0.80,1.70,23.295,0.1056
891.40,A,4.00,2.00,0.10,20.678,0.3066
891.40,A,4.00,2.00,1.10,20.527,0.7540
891.40,A,4.00,2.00,1.70,20.373,0.6707
891.40,B,7.50,0.80,0.10,23.343,0.1828
891.40,B,7.50,0.80,1.10,22.998,0.1119
891.40,B,7.50,0.80,1.70,23.294,0.1056
891.40,C,4.00,4.50,0.10,23.310,0.2315
891.40,C,4.00,4.50,1.10,23.573,0.0243
891.40,C,4.00,4.50,1.70,23.803,0.0137
891.40,D,0.50,0.80,0.10,23.343,0.1828
891.40,D,0.50,0.80,1.10,22.998,0.1118
891.40,D,0.50,0.80,1.70,23.294,0.1056
892.57,A,4.00,2.00,0.10,20.678,0.3066
892.57,A,4.00,2.00,1.10,20.527,0.7540
892.57,A,4.00,2.00,1.70,20.373,0.6707
892.57,B,7.50,0.80,0.10,23.342,0.1828
892.57,B,7.50,0.80,1.10,22.998,0.1119
892.57,B,7.50,0.80,1.70,23.294,0.1056
892.57,C,4.00,4.50,0.10,23.310,0.2315
892.57,C,4.00,4.50,1.10,23.573,0.0243
892.57,C,4.00,4.50,1.70,23.803,0.0137
892.57,D,0.50,0.80,0.10,23.343,0.1828
892.57,D,0.50,0.80,1.10,22.998,0.1119
892.57,D,0.50,0.80,1.70,23.294,0.1056
893.74,A,4.00,2.00,0.10,20.678,0.3066
893.74,A,4.00,2.00,1.10,20.527,0.7539
893.74,A,4.00,2.00,1.70,20.373,0.6707
893.74,B,7.50,0.80,0.10,23.342,0.1828
893.74,B,7.50,0.80,1.10,22.997,0.1119
893.74,B,7.50,0.80,1.70,23.293,0.1056
893.74,C,4.00,4.50,0.10,23.309,0.2315
893.74,C,4.00,4.50,1.10,23.572,0.0243
893.74,C,4.00,4.50,1.70,23.802,0.0137
893.74,D,0.50,0.80,0.10,23.342,0.1828
893.74,D,0.50,0.80,1.10,22.997,0.1119
893.74,D,0.50,0.80,1.70,23.293,0.1056
894.91,A,4.00,2.00,0.10,20.678,0.3066
894.91,A,4.00,2.00,1.10,20.527,0.7539
894.91,A,4.00,2.00,1.70,20.373,0.6707
894.91,B,7.50,0.80,0.10,23.341,0.1828
894.91,B,7.50,0.80,1.10,22.996,0.1119
894.91,B,7.50,0.80,1.70,23.292,0.1056
894.91,C,4.00,4.50,0.10,23.309,0.2315
894.91,C,4.00,4.50,1.10,23.572,0.0243
894.91,C,4.00,4.50,1.70,23.801,0.0137
894.91,D,0.50,0.80,0.10,23.342,0.1828
894.91,D,0.50,0.80,1.10,22.997,0.1119
894.91,D,0.50,0.80,1.70,23.292,0.1056
896.08,A,4.00,2.00,0.10,20.678,0.3066
896.08,A,4.00,2.00,1.10,20.527,0.7539
896.08,A,4.00,2.00,1.70,20.373,0.6706
896.08,B,7.50,0.80,0.10,23.341,0.1828
896.08,B,7.50,0.80,1.10,22.996,0.1119
896.08,B,7.50,0.80,1.70,23.292,0.1056
896.08,C,4.00,4.50,0.10,23.308,0.2314
896.08,C,4.00,4.50,1.10,23.571,0.0242
896.08,C,4.00,4.50,1.70,23.801,0.0137
896.08,D,0.50,0.80,0.10,23.341,0.1828
896.08,D,0.50,0.80,1.10,22.996,0.1119
896.08,D,0.50,0.80,1.70,23.292,0.1056
897.24,A,4.00,2.00,0.10,20.678,0.3066
897.24,A,4.00,2.00,1.10,20.527,0.7538
897.24,A,4.00,2.00,1.70,20.372,0.6706
897.24,B,7.50,0.80,0.10,23.340,0.1829
897.24,B,7.50,0.80,1.10,22.995,0.1119
897.24,B,7.50,0.80,1.70,23.291,0.1056
897.24,C,4.00,4.50,0.10,23.308,0.2314
897.24,C,4.00,4.50,1.10,23.570,0.0242
897.24,C,4.00,4.50,1.70,23.800,0.0137
897.24,D,0.50,0.80,0.10,23.341,0.1828
897.24,D,0.50,0.80,1.10,22.995,0.1119
897.24,D,0.50,0.80,1.70,23.291,0.1056
898.41,A,4.00,2.00,0.10,20.677,0.3066
898.41,A,4.00,2.00,1.10,20.527,0.7538
898.41,A,4.00,2.00,1.70,20.372,0.6706
898.41,B,7.50,0.80,0.10,23.340,0.1829
898.41,B,7.50,0.80,1.10,22.995,0.1119
898.41,B,7.50,0.80,1.70,23.290,0.1056
898.41,C,4.00,4.50,0.10,23.308,0.2314
898.41,C,4.00,4.50,1.10,23.570,0.0242
898.41,C,4.00,4.50,1.70,23.799,0.0137
898.41,D,0.50,0.80,0.10,23.340,0.1828
898.41,D,0.50,0.80,1.10,22.995,0.1119
898.41,D,0.50,0.80,1.70,23.290,0.1056
899.58,A,4.00,2.00,0.10,20.677,0.3066
899.58,A,4.00,2.00,1.10,20.526,0.7537
899.58,A,4.00,2.00,1.70,20.372,0.6706
899.58,B,7.50,0.80,0.10,23.339,0.1829
899.58,B,7.50,0.80,1.10,22.994,0.1119
899.58,B,7.50,0.80,1.70,23.290,0.1056
899.58,C,4.00,4.50,0.10,23.307,0.2314
899.58,C,4.00,4.50,1.10,23.569,0.0242
899.58,C,4.00,4.50,1.70,23.799,0.0137
899.58,D,0.50,0.80,0.10,23.340,0.1829
899.58,D,0.50,0.80,1.10,22.994,0.1119
899.58,D,0.50,0.80,1.70,23.290,0.1056
