ix,iy,x,y,T
0,0,0.0,0.0,23.577
1,0,8.0,0.0,23.577
2,0,16.0,0.0,23.577
3,0,24.0,0.0,23.577
4,0,32.0,0.0,23.397
5,0,40.0,0.0,23.397
6,0,48.0,0.0,23.397
7,0,56.0,0.0,23.300
8,0,64.0,0.0,23.300
9,0,72.0,0.0,23.300
10,0,80.0,0.0,23.300
11,0,88.0,0.0,23.262
12,0,96.0,0.0,23.262
13,0,104.0,0.0,23.262
14,0,112.0,0.0,23.265
15,0,120.0,0.0,23.265
16,0,128.0,0.0,23.265
17,0,136.0,0.0,23.265
18,0,144.0,0.0,23.235
19,0,152.0,0.0,23.235
20,0,160.0,0.0,23.235
21,0,168.0,0.0,23.235
22,0,176.0,0.0,23.257
23,0,184.0,0.0,23.257
24,0,192.0,0.0,23.257
25,0,200.0,0.0,23.272
26,0,208.0,0.0,23.272
27,0,216.0,0.0,23.272
28,0,224.0,0.0,23.295
29,0,232.0,0.0,23.295
30,0,240.0,0.0,23.295
31,0,248.0,0.0,23.295
32,0,256.0,0.0,23.326
33,0,264.0,0.0,23.326
34,0,272.0,0.0,23.326
35,0,280.0,0.0,23.358
36,0,288.0,0.0,23.358
37,0,296.0,0.0,23.358
38,0,304.0,0.0,23.358
39,0,312.0,0.0,23.395
40,0,320.0,0.0,23.395
41,0,328.0,0.0,23.395
42,0,336.0,0.0,23.395
43,0,344.0,0.0,23.439
44,0,352.0,0.0,23.439
45,0,360.0,0.0,23.439
46,0,368.0,0.0,23.473
47,0,376.0,0.0,23.473
48,0,384.0,0.0,23.473
49,0,392.0,0.0,23.473
50,0,400.0,0.0,23.485
51,0,408.0,0.0,23.485
52,0,416.0,0.0,23.485
53,0,424.0,0.0,23.463
54,0,432.0,0.0,23.463
55,0,440.0,0.0,23.463
56,0,448.0,0.0,23.425
57,0,456.0,0.0,23.425
58,0,464.0,0.0,23.425
59,0,472.0,0.0,23.425
60,0,480.0,0.0,23.379
61,0,488.0,0.0,23.379
62,0,496.0,0.0,23.379
63,0,504.0,0.0,23.338
64,0,512.0,0.0,23.338
65,0,520.0,0.0,23.338
66,0,528.0,0.0,23.338
67,0,536.0,0.0,23.304
68,0,544.0,0.0,23.304
69,0,552.0,0.0,23.304
70,0,560.0,0.0,23.282
71,0,568.0,0.0,23.282
72,0,576.0,0.0,23.282
73,0,584.0,0.0,23.282
74,0,592.0,0.0,23.266
75,0,600.0,0.0,23.266
76,0,608.0,0.0,23.266
77,0,616.0,0.0,23.254
78,0,624.0,0.0,23.254
79,0,632.0,0.0,23.254
80,0,640.0,0.0,23.254
81,0,648.0,0.0,23.251
82,0,656.0,0.0,23.251
83,0,664.0,0.0,23.251
84,0,672.0,0.0,23.251
85,0,680.0,0.0,23.257
86,0,688.0,0.0,23.257
87,0,696.0,0.0,23.257
88,0,704.0,0.0,23.271
89,0,712.0,0.0,23.271
90,0,720.0,0.0,23.271
91,0,728.0,0.0,23.332
92,0,736.0,0.0,23.332
93,0,744.0,0.0,23.332
94,0,752.0,0.0,23.332
95,0,760.0,0.0,23.428
96,0,768.0,0.0,23.428
97,0,776.0,0.0,23.428
98,0,784.0,0.0,23.428
99,0,792.0,0.0,23.666
100,0,800.0,0.0,23.666
1,1,8.0,8.0,23.577
2,1,16.0,8.0,23.577
3,1,24.0,8.0,23.577
4,1,32.0,8.0,23.397
5,1,40.0,8.0,23.397
6,1,48.0,8.0,23.397
7,1,56.0,8.0,23.300
8,1,64.0,8.0,23.300
9,1,72.0,8.0,23.300
10,1,80.0,8.0,23.300
11,1,88.0,8.0,23.262
12,1,96.0,8.0,23.262
13,1,104.0,8.0,23.262
14,1,112.0,8.0,23.265
15,1,120.0,8.0,23.265
16,1,128.0,8.0,23.265
17,1,136.0,8.0,23.265
18,1,144.0,8.0,23.235
19,1,152.0,8.0,23.235
20,1,160.0,8.0,23.235
21,1,168.0,8.0,23.235
22,1,176.0,8.0,23.257
23,1,184.0,8.0,23.257
24,1,192.0,8.0,23.257
25,1,200.0,8.0,23.272
26,1,208.0,8.0,23.272
27,1,216.0,8.0,23.272
28,1,224.0,8.0,23.295
29,1,232.0,8.0,23.295
30,1,240.0,8.0,23.295
31,1,248.0,8.0,23.295
32,1,256.0,8.0,23.326
33,1,264.0,8.0,23.326
34,1,272.0,8.0,23.326
35,1,280.0,8.0,23.358
36,1,288.0,8.0,23.358
37,1,296.0,8.0,23.358
38,1,304.0,8.0,23.358
39,1,312.0,8.0,23.395
40,1,320.0,8.0,23.395
41,1,328.0,8.0,23.395
42,1,336.0,8.0,23.395
43,1,344.0,8.0,23.439
44,1,352.0,8.0,23.439
45,1,360.0,8.0,23.439
46,1,368.0,8.0,23.473
47,1,376.0,8.0,23.473
48,1,384.0,8.0,23.473
49,1,392.0,8.0,23.473
50,1,400.0,8.0,23.485
51,1,408.0,8.0,23.485
52,1,416.0,8.0,23.485
53,1,424.0,8.0,23.463
54,1,432.0,8.0,23.463
55,1,440.0,8.0,23.463
56,1,448.0,8.0,23.425
57,1,456.0,8.0,23.425
58,1,464.0,8.0,23.425
59,1,472.0,8.0,23.425
60,1,480.0,8.0,23.379
61,1,488.0,8.0,23.379
62,1,496.0,8.0,23.379
63,1,504.0,8.0,23.338
64,1,512.0,8.0,23.338
65,1,520.0,8.0,23.338
66,1,528.0,8.0,23.338
67,1,536.0,8.0,23.304
68,1,544.0,8.0,23.304
69,1,552.0,8.0,23.304
70,1,560.0,8.0,23.282
71,1,568.0,8.0,23.282
72,1,576.0,8.0,23.282
73,1,584.0,8.0,23.282
74,1,592.0,8.0,23.266
75,1,600.0,8.0,23.266
76,1,608.0,8.0,23.266
77,1,616.0,8.0,23.254
78,1,624.0,8.0,23.254
79,1,632.0,8.0,23.254
80,1,640.0,8.0,23.254
81,1,648.0,8.0,23.251
82,1,656.0,8.0,23.251
83,1,664.0,8.0,23.251
84,1,672.0,8.0,23.251
85,1,680.0,8.0,23.257
86,1,688.0,8.0,23.257
87,1,696.0,8.0,23.257
88,1,704.0,8.0,23.271
89,1,712.0,8.0,23.271
90,1,720.0,8.0,23.271
91,1,728.0,8.0,23.332
92,1,736.0,8.0,23.332
93,1,744.0,8.0,23.332
94,1,752.0,8.0,23.332
95,1,760.0,8.0,23.428
96,1,768.0,8.0,23.428
97,1,776.0,8.0,23.428
98,1,784.0,8.0,23.428
99,1,792.0,8.0,23.666
1,2,8.0,16.0,23.577
2,2,16.0,16.0,23.577
3,2,24.0,16.0,23.577
4,2,32.0,16.0,23.397
5,2,40.0,16.0,23.397
6,2,48.0,16.0,23.397
7,2,56.0,16.0,23.300
8,2,64.0,16.0,23.300
9,2,72.0,16.0,23.300
10,2,80.0,16.0,23.300
11,2,88.0,16.0,23.262
12,2,96.0,16.0,23.262
13,2,104.0,16.0,23.262
14,2,112.0,16.0,23.265
15,2,120.0,16.0,23.265
16,2,128.0,16.0,23.265
17,2,136.0,16.0,23.265
18,2,144.0,16.0,23.235
19,2,152.0,16.0,23.235
20,2,160.0,16.0,23.235
21,2,168.0,16.0,23.235
22,2,176.0,16.0,23.257
23,2,184.0,16.0,23.257
24,2,192.0,16.0,23.257
25,2,200.0,16.0,23.272
26,2,208.0,16.0,23.272
27,2,216.0,16.0,23.272
28,2,224.0,16.0,23.295
29,2,232.0,16.0,23.295
30,2,240.0,16.0,23.295
31,2,248.0,16.0,23.295
32,2,256.0,16.0,23.326
33,2,264.0,16.0,23.326
34,2,272.0,16.0,23.326
35,2,280.0,16.0,23.358
36,2,288.0,16.0,23.358
37,2,296.0,16.0,23.358
38,2,304.0,16.0,23.358
39,2,312.0,16.0,23.395
40,2,320.0,16.0,23.395
41,2,328.0,16.0,23.395
42,2,336.0,16.0,23.395
43,2,344.0,16.0,23.439
44,2,352.0,16.0,23.439
45,2,360.0,16.0,23.439
46,2,368.0,16.0,23.473
47,2,376.0,16.0,23.473
48,2,384.0,16.0,23.473
49,2,392.0,16.0,23.473
50,2,400.0,16.0,23.485
51,2,408.0,16.0,23.485
52,2,416.0,16.0,23.485
53,2,424.0,16.0,23.463
54,2,432.0,16.0,23.463
55,2,440.0,16.0,23.463
56,2,448.0,16.0,23.425
57,2,456.0,16.0,23.425
58,2,464.0,16.0,23.425
59,2,472.0,16.0,23.425
60,2,480.0,16.0,23.379
61,2,488.0,16.0,23.379
62,2,496.0,16.0,23.379
63,2,504.0,16.0,23.338
64,2,512.0,16.0,23.338
65,2,520.0,16.0,23.338
66,2,528.0,16.0,23.338
67,2,536.0,16.0,23.304
68,2,544.0,16.0,23.304
69,2,552.0,16.0,23.304
70,2,560.0,16.0,23.282
71,2,568.0,16.0,23.282
72,2,576.0,16.0,23.282
73,2,584.0,16.0,23.282
74,2,592.0,16.0,23.266
75,2,600.0,16.0,23.266
76,2,608.0,16.0,23.266
77,2,616.0,16.0,23.254
78,2,624.0,16.0,23.254
79,2,632.0,16.0,23.254
80,2,640.0,16.0,23.254
81,2,648.0,16.0,23.251
82,2,656.0,16.0,23.251
83,2,664.0,16.0,23.251
84,2,672.0,16.0,23.251
85,2,680.0,16.0,23.257
86,2,688.0,16.0,23.257
87,2,696.0,16.0,23.257
88,2,704.0,16.0,23.271
89,2,712.0,16.0,23.271
90,2,720.0,16.0,23.271
91,2,728.0,16.0,23.332
92,2,736.0,16.0,23.332
93,2,744.0,16.0,23.332
94,2,752.0,16.0,23.332
95,2,760.0,16.0,23.428
96,2,768.0,16.0,23.428
97,2,776.0,16.0,23.428
98,2,784.0,16.0,23.428
99,2,792.0,16.0,23.666
1,3,8.0,24.0,23.577
2,3,16.0,24.0,23.577
3,3,24.0,24.0,23.577
4,3,32.0,24.0,23.397
5,3,40.0,24.0,23.397
6,3,48.0,24.0,23.397
7,3,56.0,24.0,23.300
8,3,64.0,24.0,23.300
9,3,72.0,24.0,23.300
10,3,80.0,24.0,23.300
11,3,88.0,24.0,23.262
12,3,96.0,24.0,23.262
13,3,104.0,24.0,23.262
14,3,112.0,24.0,23.265
15,3,120.0,24.0,23.265
16,3,128.0,24.0,23.265
17,3,136.0,24.0,23.265
18,3,144.0,24.0,23.235
19,3,152.0,24.0,23.235
20,3,160.0,24.0,23.235
21,3,168.0,24.0,23.235
22,3,176.0,24.0,23.257
23,3,184.0,24.0,23.257
24,3,192.0,24.0,23.257
25,3,200.0,24.0,23.272
26,3,208.0,24.0,23.272
27,3,216.0,24.0,23.272
28,3,224.0,24.0,23.295
29,3,232.0,24.0,23.295
30,3,240.0,24.0,23.295
31,3,248.0,24.0,23.295
32,3,256.0,24.0,23.326
33,3,264.0,24.0,23.326
34,3,272.0,24.0,23.326
35,3,280.0,24.0,23.358
36,3,288.0,24.0,23.358
37,3,296.0,24.0,23.358
38,3,304.0,24.0,23.358
39,3,312.0,24.0,23.395
40,3,320.0,24.0,23.395
41,3,328.0,24.0,23.395
42,3,336.0,24.0,23.395
43,3,344.0,24.0,23.439
44,3,352.0,24.0,23.439
45,3,360.0,24.0,23.439
46,3,368.0,24.0,23.473
47,3,376.0,24.0,23.473
48,3,384.0,24.0,23.473
49,3,392.0,24.0,23.473
50,3,400.0,24.0,23.485
51,3,408.0,24.0,23.485
52,3,416.0,24.0,23.485
53,3,424.0,24.0,23.463
54,3,432.0,24.0,23.463
55,3,440.0,24.0,23.463
56,3,448.0,24.0,23.425
57,3,456.0,24.0,23.425
58,3,464.0,24.0,23.425
59,3,472.0,24.0,23.425
60,3,480.0,24.0,23.379
61,3,488.0,24.0,23.379
62,3,496.0,24.0,23.379
63,3,504.0,24.0,23.338
64,3,512.0,24.0,23.338
65,3,520.0,24.0,23.338
66,3,528.0,24.0,23.338
67,3,536.0,24.0,23.304
68,3,544.0,24.0,23.304
69,3,552.0,24.0,23.304
70,3,560.0,24.0,23.282
71,3,568.0,24.0,23.282
72,3,576.0,24.0,23.282
73,3,584.0,24.0,23.282
74,3,592.0,24.0,23.266
75,3,600.0,24.0,23.266
76,3,608.0,24.0,23.266
77,3,616.0,24.0,23.254
78,3,624.0,24.0,23.254
79,3,632.0,24.0,23.254
80,3,640.0,24.0,23.254
81,3,648.0,24.0,23.251
82,3,656.0,24.0,23.251
83,3,664.0,24.0,23.251
84,3,672.0,24.0,23.251
85,3,680.0,24.0,23.257
86,3,688.0,24.0,23.257
87,3,696.0,24.0,23.257
88,3,704.0,24.0,23.271
89,3,712.0,24.0,23.271
90,3,720.0,24.0,23.271
91,3,728.0,24.0,23.332
92,3,736.0,24.0,23.332
93,3,744.0,24.0,23.332
94,3,752.0,24.0,23.332
95,3,760.0,24.0,23.428
96,3,768.0,24.0,23.428
97,3,776.0,24.0,23.428
98,3,784.0,24.0,23.428
99,3,792.0,24.0,23.666
1,4,8.0,32.0,23.526
2,4,16.0,32.0,23.526
3,4,24.0,32.0,23.526
4,4,32.0,32.0,23.197
5,4,40.0,32.0,23.197
6,4,48.0,32.0,23.197
7,4,56.0,32.0,23.182
8,4,64.0,32.0,23.182
9,4,72.0,32.0,23.182
10,4,80.0,32.0,23.182
11,4,88.0,32.0,23.200
12,4,96.0,32.0,23.200
13,4,104.0,32.0,23.200
14,4,112.0,32.0,23.213
15,4,120.0,32.0,23.213
16,4,128.0,32.0,23.213
17,4,136.0,32.0,23.213
18,4,144.0,32.0,23.230
19,4,152.0,32.0,23.230
20,4,160.0,32.0,23.230
21,4,168.0,32.0,23.230
22,4,176.0,32.0,23.305
23,4,184.0,32.0,23.305
24,4,192.0,32.0,23.305
25,4,200.0,32.0,23.368
26,4,208.0,32.0,23.368
27,4,216.0,32.0,23.368
28,4,224.0,32.0,23.449
29,4,232.0,32.0,23.449
30,4,240.0,32.0,23.449
31,4,248.0,32.0,23.449
32,4,256.0,32.0,23.547
33,4,264.0,32.0,23.547
34,4,272.0,32.0,23.547
35,4,280.0,32.0,23.621
36,4,288.0,32.0,23.621
37,4,296.0,32.0,23.621
38,4,304.0,32.0,23.621
39,4,312.0,32.0,23.681
40,4,320.0,32.0,23.681
41,4,328.0,32.0,23.681
42,4,336.0,32.0,23.681
43,4,344.0,32.0,23.727
44,4,352.0,32.0,23.727
45,4,360.0,32.0,23.727
46,4,368.0,32.0,23.752
47,4,376.0,32.0,23.752
48,4,384.0,32.0,23.752
49,4,392.0,32.0,23.752
50,4,400.0,32.0,23.764
51,4,408.0,32.0,23.764
52,4,416.0,32.0,23.764
53,4,424.0,32.0,23.744
54,4,432.0,32.0,23.744
55,4,440.0,32.0,23.744
56,4,448.0,32.0,23.715
57,4,456.0,32.0,23.715
58,4,464.0,32.0,23.715
59,4,472.0,32.0,23.715
60,4,480.0,32.0,23.659
61,4,488.0,32.0,23.659
62,4,496.0,32.0,23.659
63,4,504.0,32.0,23.578
64,4,512.0,32.0,23.578
65,4,520.0,32.0,23.578
66,4,528.0,32.0,23.578
67,4,536.0,32.0,23.482
68,4,544.0,32.0,23.482
69,4,552.0,32.0,23.482
70,4,560.0,32.0,23.403
71,4,568.0,32.0,23.403
72,4,576.0,32.0,23.403
73,4,584.0,32.0,23.403
74,4,592.0,32.0,23.349
75,4,600.0,32.0,23.349
76,4,608.0,32.0,23.349
77,4,616.0,32.0,23.276
78,4,624.0,32.0,23.276
79,4,632.0,32.0,23.276
80,4,640.0,32.0,23.276
81,4,648.0,32.0,23.221
82,4,656.0,32.0,23.221
83,4,664.0,32.0,23.221
84,4,672.0,32.0,23.221
85,4,680.0,32.0,23.205
86,4,688.0,32.0,23.205
87,4,696.0,32.0,23.205
88,4,704.0,32.0,23.196
89,4,712.0,32.0,23.196
90,4,720.0,32.0,23.196
91,4,728.0,32.0,23.175
92,4,736.0,32.0,23.175
93,4,744.0,32.0,23.175
94,4,752.0,32.0,23.175
95,4,760.0,32.0,23.244
96,4,768.0,32.0,23.244
97,4,776.0,32.0,23.244
98,4,784.0,32.0,23.244
99,4,792.0,32.0,23.633
1,5,8.0,40.0,23.526
2,5,16.0,40.0,23.526
3,5,24.0,40.0,23.526
4,5,32.0,40.0,23.197
5,5,40.0,40.0,23.197
6,5,48.0,40.0,23.197
7,5,56.0,40.0,23.182
8,5,64.0,40.0,23.182
9,5,72.0,40.0,23.182
10,5,80.0,40.0,23.182
11,5,88.0,40.0,23.200
12,5,96.0,40.0,23.200
13,5,104.0,40.0,23.200
14,5,112.0,40.0,23.213
15,5,120.0,40.0,23.213
16,5,128.0,40.0,23.213
17,5,136.0,40.0,23.213
18,5,144.0,40.0,23.230
19,5,152.0,40.0,23.230
20,5,160.0,40.0,23.230
21,5,168.0,40.0,23.230
22,5,176.0,40.0,23.305
23,5,184.0,40.0,23.305
24,5,192.0,40.0,23.305
25,5,200.0,40.0,23.368
26,5,208.0,40.0,23.368
27,5,216.0,40.0,23.368
28,5,224.0,40.0,23.449
29,5,232.0,40.0,23.449
30,5,240.0,40.0,23.449
31,5,248.0,40.0,23.449
32,5,256.0,40.0,23.547
33,5,264.0,40.0,23.547
34,5,272.0,40.0,23.547
35,5,280.0,40.0,23.621
36,5,288.0,40.0,23.621
37,5,296.0,40.0,23.621
38,5,304.0,40.0,23.621
39,5,312.0,40.0,23.681
40,5,320.0,40.0,23.681
41,5,328.0,40.0,23.681
42,5,336.0,40.0,23.681
43,5,344.0,40.0,23.727
44,5,352.0,40.0,23.727
45,5,360.0,40.0,23.727
46,5,368.0,40.0,23.752
47,5,376.0,40.0,23.752
48,5,384.0,40.0,23.752
49,5,392.0,40.0,23.752
50,5,400.0,40.0,23.764
51,5,408.0,40.0,23.764
52,5,416.0,40.0,23.764
53,5,424.0,40.0,23.744
54,5,432.0,40.0,23.744
55,5,440.0,40.0,23.744
56,5,448.0,40.0,23.715
57,5,456.0,40.0,23.715
58,5,464.0,40.0,23.715
59,5,472.0,40.0,23.715
60,5,480.0,40.0,23.659
61,5,488.0,40.0,23.659
62,5,496.0,40.0,23.659
63,5,504.0,40.0,23.578
64,5,512.0,40.0,23.578
65,5,520.0,40.0,23.578
66,5,528.0,40.0,23.578
67,5,536.0,40.0,23.482
68,5,544.0,40.0,23.482
69,5,552.0,40.0,23.482
70,5,560.0,40.0,23.403
71,5,568.0,40.0,23.403
72,5,576.0,40.0,23.403
73,5,584.0,40.0,23.403
74,5,592.0,40.0,23.349
75,5,600.0,40.0,23.349
76,5,608.0,40.0,23.349
77,5,616.0,40.0,23.276
78,5,624.0,40.0,23.276
79,5,632.0,40.0,23.276
80,5,640.0,40.0,23.276
81,5,648.0,40.0,23.221
82,5,656.0,40.0,23.221
83,5,664.0,40.0,23.221
84,5,672.0,40.0,23.221
85,5,680.0,40.0,23.205
86,5,688.0,40.0,23.205
87,5,696.0,40.0,23.205
88,5,704.0,40.0,23.196
89,5,712.0,40.0,23.196
90,5,720.0,40.0,23.196
91,5,728.0,40.0,23.175
92,5,736.0,40.0,23.175
93,5,744.0,40.0,23.175
94,5,752.0,40.0,23.175
95,5,760.0,40.0,23.244
96,5,768.0,40.0,23.244
97,5,776.0,40.0,23.244
98,5,784.0,40.0,23.244
99,5,792.0,40.0,23.633
1,6,8.0,48.0,23.526
2,6,16.0,48.0,23.526
3,6,24.0,48.0,23.526
4,6,32.0,48.0,23.197
5,6,40.0,48.0,23.197
6,6,48.0,48.0,23.197
7,6,56.0,48.0,23.182
8,6,64.0,48.0,23.182
9,6,72.0,48.0,23.182
10,6,80.0,48.0,23.182
11,6,88.0,48.0,23.200
12,6,96.0,48.0,23.200
13,6,104.0,48.0,23.200
14,6,112.0,48.0,23.213
15,6,120.0,48.0,23.213
16,6,128.0,48.0,23.213
17,6,136.0,48.0,23.213
18,6,144.0,48.0,23.230
19,6,152.0,48.0,23.230
20,6,160.0,48.0,23.230
21,6,168.0,48.0,23.230
22,6,176.0,48.0,23.305
23,6,184.0,48.0,23.305
24,6,192.0,48.0,23.305
25,6,200.0,48.0,23.368
26,6,208.0,48.0,23.368
27,6,216.0,48.0,23.368
28,6,224.0,48.0,23.449
29,6,232.0,48.0,23.449
30,6,240.0,48.0,23.449
31,6,248.0,48.0,23.449
32,6,256.0,48.0,23.547
33,6,264.0,48.0,23.547
34,6,272.0,48.0,23.547
35,6,280.0,48.0,23.621
36,6,288.0,48.0,23.621
37,6,296.0,48.0,23.621
38,6,304.0,48.0,23.621
39,6,312.0,48.0,23.681
40,6,320.0,48.0,23.681
41,6,328.0,48.0,23.681
42,6,336.0,48.0,23.681
43,6,344.0,48.0,23.727
44,6,352.0,48.0,23.727
45,6,360.0,48.0,23.727
46,6,368.0,48.0,23.752
47,6,376.0,48.0,23.752
48,6,384.0,48.0,23.752
49,6,392.0,48.0,23.752
50,6,400.0,48.0,23.764
51,6,408.0,48.0,23.764
52,6,416.0,48.0,23.764
53,6,424.0,48.0,23.744
54,6,432.0,48.0,23.744
55,6,440.0,48.0,23.744
56,6,448.0,48.0,23.715
57,6,456.0,48.0,23.715
58,6,464.0,48.0,23.715
59,6,472.0,48.0,23.715
60,6,480.0,48.0,23.659
61,6,488.0,48.0,23.659
62,6,496.0,48.0,23.659
63,6,504.0,48.0,23.578
64,6,512.0,48.0,23.578
65,6,520.0,48.0,23.578
66,6,528.0,48.0,23.578
67,6,536.0,48.0,23.482
68,6,544.0,48.0,23.482
69,6,552.0,48.0,23.482
70,6,560.0,48.0,23.403
71,6,568.0,48.0,23.403
72,6,576.0,48.0,23.403
73,6,584.0,48.0,23.403
74,6,592.0,48.0,23.349
75,6,600.0,48.0,23.349
76,6,608.0,48.0,23.349
77,6,616.0,48.0,23.276
78,6,624.0,48.0,23.276
79,6,632.0,48.0,23.276
80,6,640.0,48.0,23.276
81,6,648.0,48.0,23.221
82,6,656.0,48.0,23.221
83,6,664.0,48.0,23.221
84,6,672.0,48.0,23.221
85,6,680.0,48.0,23.205
86,6,688.0,48.0,23.205
87,6,696.0,48.0,23.205
88,6,704.0,48.0,23.196
89,6,712.0,48.0,23.196
90,6,720.0,48.0,23.196
91,6,728.0,48.0,23.175
92,6,736.0,48.0,23.175
93,6,744.0,48.0,23.175
94,6,752.0,48.0,23.175
95,6,760.0,48.0,23.244
96,6,768.0,48.0,23.244
97,6,776.0,48.0,23.244
98,6,784.0,48.0,23.244
99,6,792.0,48.0,23.633
1,7,8.0,56.0,23.572
2,7,16.0,56.0,23.572
3,7,24.0,56.0,23.572
4,7,32.0,56.0,23.189
5,7,40.0,56.0,23.189
6,7,48.0,56.0,23.189
7,7,56.0,56.0,23.250
8,7,64.0,56.0,23.250
9,7,72.0,56.0,23.250
10,7,80.0,56.0,23.250
11,7,88.0,56.0,23.322
12,7,96.0,56.0,23.322
13,7,104.0,56.0,23.322
14,7,112.0,56.0,23.362
15,7,120.0,56.0,23.362
16,7,128.0,56.0,23.362
17,7,136.0,56.0,23.362
18,7,144.0,56.0,23.410
19,7,152.0,56.0,23.410
20,7,160.0,56.0,23.410
21,7,168.0,56.0,23.410
22,7,176.0,56.0,23.476
23,7,184.0,56.0,23.476
24,7,192.0,56.0,23.476
25,7,200.0,56.0,23.560
26,7,208.0,56.0,23.560
27,7,216.0,56.0,23.560
28,7,224.0,56.0,23.627
29,7,232.0,56.0,23.627
30,7,240.0,56.0,23.627
31,7,248.0,56.0,23.627
32,7,256.0,56.0,23.693
33,7,264.0,56.0,23.693
34,7,272.0,56.0,23.693
35,7,280.0,56.0,23.736
36,7,288.0,56.0,23.736
37,7,296.0,56.0,23.736
38,7,304.0,56.0,23.736
39,7,312.0,56.0,23.768
40,7,320.0,56.0,23.768
41,7,328.0,56.0,23.768
42,7,336.0,56.0,23.768
43,7,344.0,56.0,23.784
44,7,352.0,56.0,23.784
45,7,360.0,56.0,23.784
46,7,368.0,56.0,23.746
47,7,376.0,56.0,23.746
48,7,384.0,56.0,23.746
49,7,392.0,56.0,23.746
50,7,400.0,56.0,23.755
51,7,408.0,56.0,23.755
52,7,416.0,56.0,23.755
53,7,424.0,56.0,23.755
54,7,432.0,56.0,23.755
55,7,440.0,56.0,23.755
56,7,448.0,56.0,23.784
57,7,456.0,56.0,23.784
58,7,464.0,56.0,23.784
59,7,472.0,56.0,23.784
60,7,480.0,56.0,23.756
61,7,488.0,56.0,23.756
62,7,496.0,56.0,23.756
63,7,504.0,56.0,23.711
64,7,512.0,56.0,23.711
65,7,520.0,56.0,23.711
66,7,528.0,56.0,23.711
67,7,536.0,56.0,23.651
68,7,544.0,56.0,23.651
69,7,552.0,56.0,23.651
70,7,560.0,56.0,23.591
71,7,568.0,56.0,23.591
72,7,576.0,56.0,23.591
73,7,584.0,56.0,23.591
74,7,592.0,56.0,23.536
75,7,600.0,56.0,23.536
76,7,608.0,56.0,23.536
77,7,616.0,56.0,23.450
78,7,624.0,56.0,23.450
79,7,632.0,56.0,23.450
80,7,640.0,56.0,23.450
81,7,648.0,56.0,23.389
82,7,656.0,56.0,23.389
83,7,664.0,56.0,23.389
84,7,672.0,56.0,23.389
85,7,680.0,56.0,23.343
86,7,688.0,56.0,23.343
87,7,696.0,56.0,23.343
88,7,704.0,56.0,23.298
89,7,712.0,56.0,23.298
90,7,720.0,56.0,23.298
91,7,728.0,56.0,23.201
92,7,736.0,56.0,23.201
93,7,744.0,56.0,23.201
94,7,752.0,56.0,23.201
95,7,760.0,56.0,23.233
96,7,768.0,56.0,23.233
97,7,776.0,56.0,23.233
98,7,784.0,56.0,23.233
99,7,792.0,56.0,23.703
1,8,8.0,64.0,23.572
2,8,16.0,64.0,23.572
3,8,24.0,64.0,23.572
4,8,32.0,64.0,23.189
5,8,40.0,64.0,23.189
6,8,48.0,64.0,23.189
7,8,56.0,64.0,23.250
8,8,64.0,64.0,23.250
9,8,72.0,64.0,23.250
10,8,80.0,64.0,23.250
11,8,88.0,64.0,23.322
12,8,96.0,64.0,23.322
13,8,104.0,64.0,23.322
14,8,112.0,64.0,23.362
15,8,120.0,64.0,23.362
16,8,128.0,64.0,23.362
17,8,136.0,64.0,23.362
18,8,144.0,64.0,23.410
19,8,152.0,64.0,23.410
20,8,160.0,64.0,23.410
21,8,168.0,64.0,23.410
22,8,176.0,64.0,23.476
23,8,184.0,64.0,23.476
24,8,192.0,64.0,23.476
25,8,200.0,64.0,23.560
26,8,208.0,64.0,23.560
27,8,216.0,64.0,23.560
28,8,224.0,64.0,23.627
29,8,232.0,64.0,23.627
30,8,240.0,64.0,23.627
31,8,248.0,64.0,23.627
32,8,256.0,64.0,23.693
33,8,264.0,64.0,23.693
34,8,272.0,64.0,23.693
35,8,280.0,64.0,23.736
36,8,288.0,64.0,23.736
37,8,296.0,64.0,23.736
38,8,304.0,64.0,23.736
39,8,312.0,64.0,23.768
40,8,320.0,64.0,23.768
41,8,328.0,64.0,23.768
42,8,336.0,64.0,23.768
43,8,344.0,64.0,23.784
44,8,352.0,64.0,23.784
45,8,360.0,64.0,23.784
46,8,368.0,64.0,23.746
47,8,376.0,64.0,23.746
48,8,384.0,64.0,23.746
49,8,392.0,64.0,23.746
50,8,400.0,64.0,23.755
51,8,408.0,64.0,23.755
52,8,416.0,64.0,23.755
53,8,424.0,64.0,23.755
54,8,432.0,64.0,23.755
55,8,440.0,64.0,23.755
56,8,448.0,64.0,23.784
57,8,456.0,64.0,23.784
58,8,464.0,64.0,23.784
59,8,472.0,64.0,23.784
60,8,480.0,64.0,23.756
61,8,488.0,64.0,23.756
62,8,496.0,64.0,23.756
63,8,504.0,64.0,23.711
64,8,512.0,64.0,23.711
65,8,520.0,64.0,23.711
66,8,528.0,64.0,23.711
67,8,536.0,64.0,23.651
68,8,544.0,64.0,23.651
69,8,552.0,64.0,23.651
70,8,560.0,64.0,23.591
71,8,568.0,64.0,23.591
72,8,576.0,64.0,23.591
73,8,584.0,64.0,23.591
74,8,592.0,64.0,23.536
75,8,600.0,64.0,23.536
76,8,608.0,64.0,23.536
77,8,616.0,64.0,23.450
78,8,624.0,64.0,23.450
79,8,632.0,64.0,23.450
80,8,640.0,64.0,23.450
81,8,648.0,64.0,23.389
82,8,656.0,64.0,23.389
83,8,664.0,64.0,23.389
84,8,672.0,64.0,23.389
85,8,680.0,64.0,23.343
86,8,688.0,64.0,23.343
87,8,696.0,64.0,23.343
88,8,704.0,64.0,23.298
89,8,712.0,64.0,23.298
90,8,720.0,64.0,23.298
91,8,728.0,64.0,23.201
92,8,736.0,64.0,23.201
93,8,744.0,64.0,23.201
94,8,752.0,64.0,23.201
95,8,760.0,64.0,23.233
96,8,768.0,64.0,23.233
97,8,776.0,64.0,23.233
98,8,784.0,64.0,23.233
99,8,792.0,64.0,23.703
1,9,8.0,72.0,23.572
2,9,16.0,72.0,23.572
3,9,24.0,72.0,23.572
4,9,32.0,72.0,23.189
5,9,40.0,72.0,23.189
6,9,48.0,72.0,23.189
7,9,56.0,72.0,23.250
8,9,64.0,72.0,23.250
9,9,72.0,72.0,23.250
10,9,80.0,72.0,23.250
11,9,88.0,72.0,23.322
12,9,96.0,72.0,23.322
13,9,104.0,72.0,23.322
14,9,112.0,72.0,23.362
15,9,120.0,72.0,23.362
16,9,128.0,72.0,23.362
17,9,136.0,72.0,23.362
18,9,144.0,72.0,23.410
19,9,152.0,72.0,23.410
20,9,160.0,72.0,23.410
21,9,168.0,72.0,23.410
22,9,176.0,72.0,23.476
23,9,184.0,72.0,23.476
24,9,192.0,72.0,23.476
25,9,200.0,72.0,23.560
26,9,208.0,72.0,23.560
27,9,216.0,72.0,23.560
28,9,224.0,72.0,23.627
29,9,232.0,72.0,23.627
30,9,240.0,72.0,23.627
31,9,248.0,72.0,23.627
32,9,256.0,72.0,23.693
33,9,264.0,72.0,23.693
34,9,272.0,72.0,23.693
35,9,280.0,72.0,23.736
36,9,288.0,72.0,23.736
37,9,296.0,72.0,23.736
38,9,304.0,72.0,23.736
39,9,312.0,72.0,23.768
40,9,320.0,72.0,23.768
41,9,328.0,72.0,23.768
42,9,336.0,72.0,23.768
43,9,344.0,72.0,23.784
44,9,352.0,72.0,23.784
45,9,360.0,72.0,23.784
46,9,368.0,72.0,23.746
47,9,376.0,72.0,23.746
48,9,384.0,72.0,23.746
49,9,392.0,72.0,23.746
50,9,400.0,72.0,23.755
51,9,408.0,72.0,23.755
52,9,416.0,72.0,23.755
53,9,424.0,72.0,23.755
54,9,432.0,72.0,23.755
55,9,440.0,72.0,23.755
56,9,448.0,72.0,23.784
57,9,456.0,72.0,23.784
58,9,464.0,72.0,23.784
59,9,472.0,72.0,23.784
60,9,480.0,72.0,23.756
61,9,488.0,72.0,23.756
62,9,496.0,72.0,23.756
63,9,504.0,72.0,23.711
64,9,512.0,72.0,23.711
65,9,520.0,72.0,23.711
66,9,528.0,72.0,23.711
67,9,536.0,72.0,23.651
68,9,544.0,72.0,23.651
69,9,552.0,72.0,23.651
70,9,560.0,72.0,23.591
71,9,568.0,72.0,23.591
72,9,576.0,72.0,23.591
73,9,584.0,72.0,23.591
74,9,592.0,72.0,23.536
75,9,600.0,72.0,23.536
76,9,608.0,72.0,23.536
77,9,616.0,72.0,23.450
78,9,624.0,72.0,23.450
79,9,632.0,72.0,23.450
80,9,640.0,72.0,23.450
81,9,648.0,72.0,23.389
82,9,656.0,72.0,23.389
83,9,664.0,72.0,23.389
84,9,672.0,72.0,23.389
85,9,680.0,72.0,23.343
86,9,688.0,72.0,23.343
87,9,696.0,72.0,23.343
88,9,704.0,72.0,23.298
89,9,712.0,72.0,23.298
90,9,720.0,72.0,23.298
91,9,728.0,72.0,23.201
92,9,736.0,72.0,23.201
93,9,744.0,72.0,23.201
94,9,752.0,72.0,23.201
95,9,760.0,72.0,23.233
96,9,768.0,72.0,23.233
97,9,776.0,72.0,23.233
98,9,784.0,72.0,23.233
99,9,792.0,72.0,23.703
1,10,8.0,80.0,23.572
2,10,16.0,80.0,23.572
3,10,24.0,80.0,23.572
4,10,32.0,80.0,23.189
5,10,40.0,80.0,23.189
6,10,48.0,80.0,23.189
7,10,56.0,80.0,23.250
8,10,64.0,80.0,23.250
9,10,72.0,80.0,23.250
10,10,80.0,80.0,23.250
11,10,88.0,80.0,23.322
12,10,96.0,80.0,23.322
13,10,104.0,80.0,23.322
14,10,112.0,80.0,23.362
15,10,120.0,80.0,23.362
16,10,128.0,80.0,23.362
17,10,136.0,80.0,23.362
18,10,144.0,80.0,23.410
19,10,152.0,80.0,23.410
20,10,160.0,80.0,23.410
21,10,168.0,80.0,23.410
22,10,176.0,80.0,23.476
23,10,184.0,80.0,23.476
24,10,192.0,80.0,23.476
25,10,200.0,80.0,23.560
26,10,208.0,80.0,23.560
27,10,216.0,80.0,23.560
28,10,224.0,80.0,23.627
29,10,232.0,80.0,23.627
30,10,240.0,80.0,23.627
31,10,248.0,80.0,23.627
32,10,256.0,80.0,23.693
33,10,264.0,80.0,23.693
34,10,272.0,80.0,23.693
35,10,280.0,80.0,23.736
36,10,288.0,80.0,23.736
37,10,296.0,80.0,23.736
38,10,304.0,80.0,23.736
39,10,312.0,80.0,23.768
40,10,320.0,80.0,23.768
41,10,328.0,80.0,23.768
42,10,336.0,80.0,23.768
43,10,344.0,80.0,23.784
44,10,352.0,80.0,23.784
45,10,360.0,80.0,23.784
46,10,368.0,80.0,23.746
47,10,376.0,80.0,23.746
48,10,384.0,80.0,23.746
49,10,392.0,80.0,23.746
50,10,400.0,80.0,23.755
51,10,408.0,80.0,23.755
52,10,416.0,80.0,23.755
53,10,424.0,80.0,23.755
54,10,432.0,80.0,23.755
55,10,440.0,80.0,23.755
56,10,448.0,80.0,23.784
57,10,456.0,80.0,23.784
58,10,464.0,80.0,23.784
59,10,472.0,80.0,23.784
60,10,480.0,80.0,23.756
61,10,488.0,80.0,23.756
62,10,496.0,80.0,23.756
63,10,504.0,80.0,23.711
64,10,512.0,80.0,23.711
65,10,520.0,80.0,23.711
66,10,528.0,80.0,23.711
67,10,536.0,80.0,23.651
68,10,544.0,80.0,23.651
69,10,552.0,80.0,23.651
70,10,560.0,80.0,23.591
71,10,568.0,80.0,23.591
72,10,576.0,80.0,23.591
73,10,584.0,80.0,23.591
74,10,592.0,80.0,23.536
75,10,600.0,80.0,23.536
76,10,608.0,80.0,23.536
77,10,616.0,80.0,23.450
78,10,624.0,80.0,23.450
79,10,632.0,80.0,23.450
80,10,640.0,80.0,23.450
81,10,648.0,80.0,23.389
82,10,656.0,80.0,23.389
83,10,664.0,80.0,23.389
84,10,672.0,80.0,23.389
85,10,680.0,80.0,23.343
86,10,688.0,80.0,23.343
87,10,696.0,80.0,23.343
88,10,704.0,80.0,23.298
89,10,712.0,80.0,23.298
90,10,720.0,80.0,23.298
91,10,728.0,80.0,23.201
92,10,736.0,80.0,23.201
93,10,744.0,80.0,23.201
94,10,752.0,80.0,23.201
95,10,760.0,80.0,23.233
96,10,768.0,80.0,23.233
97,10,776.0,80.0,23.233
98,10,784.0,80.0,23.233
99,10,792.0,80.0,23.703
1,11,8.0,88.0,23.673
2,11,16.0,88.0,23.673
3,11,24.0,88.0,23.673
4,11,32.0,88.0,23.230
5,11,40.0,88.0,23.230
6,11,48.0,88.0,23.230
7,11,56.0,88.0,23.265
8,11,64.0,88.0,23.265
9,11,72.0,88.0,23.265
10,11,80.0,88.0,23.265
11,11,88.0,88.0,23.387
12,11,96.0,88.0,23.387
13,11,104.0,88.0,23.387
14,11,112.0,88.0,23.479
15,11,120.0,88.0,23.479
16,11,128.0,88.0,23.479
17,11,136.0,88.0,23.479
18,11,144.0,88.0,23.533
19,11,152.0,88.0,23.533
20,11,160.0,88.0,23.533
21,11,168.0,88.0,23.533
22,11,176.0,88.0,23.585
23,11,184.0,88.0,23.585
24,11,192.0,88.0,23.585
25,11,200.0,88.0,23.627
26,11,208.0,88.0,23.627
27,11,216.0,88.0,23.627
28,11,224.0,88.0,23.672
29,11,232.0,88.0,23.672
30,11,240.0,88.0,23.672
31,11,248.0,88.0,23.672
32,11,256.0,88.0,23.715
33,11,264.0,88.0,23.715
34,11,272.0,88.0,23.715
35,11,280.0,88.0,23.755
36,11,288.0,88.0,23.755
37,11,296.0,88.0,23.755
38,11,304.0,88.0,23.755
39,11,312.0,88.0,23.792
40,11,320.0,88.0,23.792
41,11,328.0,88.0,23.792
42,11,336.0,88.0,23.792
43,11,344.0,88.0,23.782
44,11,352.0,88.0,23.782
45,11,360.0,88.0,23.782
46,11,368.0,88.0,23.578
47,11,376.0,88.0,23.578
48,11,384.0,88.0,23.578
49,11,392.0,88.0,23.578
50,11,400.0,88.0,23.581
51,11,408.0,88.0,23.581
52,11,416.0,88.0,23.581
53,11,424.0,88.0,23.636
54,11,432.0,88.0,23.636
55,11,440.0,88.0,23.636
56,11,448.0,88.0,23.805
57,11,456.0,88.0,23.805
58,11,464.0,88.0,23.805
59,11,472.0,88.0,23.805
60,11,480.0,88.0,23.778
61,11,488.0,88.0,23.778
62,11,496.0,88.0,23.778
63,11,504.0,88.0,23.730
64,11,512.0,88.0,23.730
65,11,520.0,88.0,23.730
66,11,528.0,88.0,23.730
67,11,536.0,88.0,23.687
68,11,544.0,88.0,23.687
69,11,552.0,88.0,23.687
70,11,560.0,88.0,23.651
71,11,568.0,88.0,23.651
72,11,576.0,88.0,23.651
73,11,584.0,88.0,23.651
74,11,592.0,88.0,23.608
75,11,600.0,88.0,23.608
76,11,608.0,88.0,23.608
77,11,616.0,88.0,23.571
78,11,624.0,88.0,23.571
79,11,632.0,88.0,23.571
80,11,640.0,88.0,23.571
81,11,648.0,88.0,23.516
82,11,656.0,88.0,23.516
83,11,664.0,88.0,23.516
84,11,672.0,88.0,23.516
85,11,680.0,88.0,23.450
86,11,688.0,88.0,23.450
87,11,696.0,88.0,23.450
88,11,704.0,88.0,23.343
89,11,712.0,88.0,23.343
90,11,720.0,88.0,23.343
91,11,728.0,88.0,23.224
92,11,736.0,88.0,23.224
93,11,744.0,88.0,23.224
94,11,752.0,88.0,23.224
95,11,760.0,88.0,23.375
96,11,768.0,88.0,23.375
97,11,776.0,88.0,23.375
98,11,784.0,88.0,23.375
99,11,792.0,88.0,23.841
1,12,8.0,96.0,23.673
2,12,16.0,96.0,23.673
3,12,24.0,96.0,23.673
4,12,32.0,96.0,23.230
5,12,40.0,96.0,23.230
6,12,48.0,96.0,23.230
7,12,56.0,96.0,23.265
8,12,64.0,96.0,23.265
9,12,72.0,96.0,23.265
10,12,80.0,96.0,23.265
11,12,88.0,96.0,23.387
12,12,96.0,96.0,23.387
13,12,104.0,96.0,23.387
14,12,112.0,96.0,23.479
15,12,120.0,96.0,23.479
16,12,128.0,96.0,23.479
17,12,136.0,96.0,23.479
18,12,144.0,96.0,23.533
19,12,152.0,96.0,23.533
20,12,160.0,96.0,23.533
21,12,168.0,96.0,23.533
22,12,176.0,96.0,23.585
23,12,184.0,96.0,23.585
24,12,192.0,96.0,23.585
25,12,200.0,96.0,23.627
26,12,208.0,96.0,23.627
27,12,216.0,96.0,23.627
28,12,224.0,96.0,23.672
29,12,232.0,96.0,23.672
30,12,240.0,96.0,23.672
31,12,248.0,96.0,23.672
32,12,256.0,96.0,23.715
33,12,264.0,96.0,23.715
34,12,272.0,96.0,23.715
35,12,280.0,96.0,23.755
36,12,288.0,96.0,23.755
37,12,296.0,96.0,23.755
38,12,304.0,96.0,23.755
39,12,312.0,96.0,23.792
40,12,320.0,96.0,23.792
41,12,328.0,96.0,23.792
42,12,336.0,96.0,23.792
43,12,344.0,96.0,23.782
44,12,352.0,96.0,23.782
45,12,360.0,96.0,23.782
46,12,368.0,96.0,23.578
47,12,376.0,96.0,23.578
48,12,384.0,96.0,23.578
49,12,392.0,96.0,23.578
50,12,400.0,96.0,23.581
51,12,408.0,96.0,23.581
52,12,416.0,96.0,23.581
53,12,424.0,96.0,23.636
54,12,432.0,96.0,23.636
55,12,440.0,96.0,23.636
56,12,448.0,96.0,23.805
57,12,456.0,96.0,23.805
58,12,464.0,96.0,23.805
59,12,472.0,96.0,23.805
60,12,480.0,96.0,23.778
61,12,488.0,96.0,23.778
62,12,496.0,96.0,23.778
63,12,504.0,96.0,23.730
64,12,512.0,96.0,23.730
65,12,520.0,96.0,23.730
66,12,528.0,96.0,23.730
67,12,536.0,96.0,23.687
68,12,544.0,96.0,23.687
69,12,552.0,96.0,23.687
70,12,560.0,96.0,23.651
71,12,568.0,96.0,23.651
72,12,576.0,96.0,23.651
73,12,584.0,96.0,23.651
74,12,592.0,96.0,23.608
75,12,600.0,96.0,23.608
76,12,608.0,96.0,23.608
77,12,616.0,96.0,23.571
78,12,624.0,96.0,23.571
79,12,632.0,96.0,23.571
80,12,640.0,96.0,23.571
81,12,648.0,96.0,23.516
82,12,656.0,96.0,23.516
83,12,664.0,96.0,23.516
84,12,672.0,96.0,23.516
85,12,680.0,96.0,23.450
86,12,688.0,96.0,23.450
87,12,696.0,96.0,23.450
88,12,704.0,96.0,23.343
89,12,712.0,96.0,23.343
90,12,720.0,96.0,23.343
91,12,728.0,96.0,23.224
92,12,736.0,96.0,23.224
93,12,744.0,96.0,23.224
94,12,752.0,96.0,23.224
95,12,760.0,96.0,23.375
96,12,768.0,96.0,23.375
97,12,776.0,96.0,23.375
98,12,784.0,96.0,23.375
99,12,792.0,96.0,23.841
1,13,8.0,104.0,23.673
2,13,16.0,104.0,23.673
3,13,24.0,104.0,23.673
4,13,32.0,104.0,23.230
5,13,40.0,104.0,23.230
6,13,48.0,104.0,23.230
7,13,56.0,104.0,23.265
8,13,64.0,104.0,23.265
9,13,72.0,104.0,23.265
10,13,80.0,104.0,23.265
11,13,88.0,104.0,23.387
12,13,96.0,104.0,23.387
13,13,104.0,104.0,23.387
14,13,112.0,104.0,23.479
15,13,120.0,104.0,23.479
16,13,128.0,104.0,23.479
17,13,136.0,104.0,23.479
18,13,144.0,104.0,23.533
19,13,152.0,104.0,23.533
20,13,160.0,104.0,23.533
21,13,168.0,104.0,23.533
22,13,176.0,104.0,23.585
23,13,184.0,104.0,23.585
24,13,192.0,104.0,23.585
25,13,200.0,104.0,23.627
26,13,208.0,104.0,23.627
27,13,216.0,104.0,23.627
28,13,224.0,104.0,23.672
29,13,232.0,104.0,23.672
30,13,240.0,104.0,23.672
31,13,248.0,104.0,23.672
32,13,256.0,104.0,23.715
33,13,264.0,104.0,23.715
34,13,272.0,104.0,23.715
35,13,280.0,104.0,23.755
36,13,288.0,104.0,23.755
37,13,296.0,104.0,23.755
38,13,304.0,104.0,23.755
39,13,312.0,104.0,23.792
40,13,320.0,104.0,23.792
41,13,328.0,104.0,23.792
42,13,336.0,104.0,23.792
43,13,344.0,104.0,23.782
44,13,352.0,104.0,23.782
45,13,360.0,104.0,23.782
46,13,368.0,104.0,23.578
47,13,376.0,104.0,23.578
48,13,384.0,104.0,23.578
49,13,392.0,104.0,23.578
50,13,400.0,104.0,23.581
51,13,408.0,104.0,23.581
52,13,416.0,104.0,23.581
53,13,424.0,104.0,23.636
54,13,432.0,104.0,23.636
55,13,440.0,104.0,23.636
56,13,448.0,104.0,23.805
57,13,456.0,104.0,23.805
58,13,464.0,104.0,23.805
59,13,472.0,104.0,23.805
60,13,480.0,104.0,23.778
61,13,488.0,104.0,23.778
62,13,496.0,104.0,23.778
63,13,504.0,104.0,23.730
64,13,512.0,104.0,23.730
65,13,520.0,104.0,23.730
66,13,528.0,104.0,23.730
67,13,536.0,104.0,23.687
68,13,544.0,104.0,23.687
69,13,552.0,104.0,23.687
70,13,560.0,104.0,23.651
71,13,568.0,104.0,23.651
72,13,576.0,104.0,23.651
73,13,584.0,104.0,23.651
74,13,592.0,104.0,23.608
75,13,600.0,104.0,23.608
76,13,608.0,104.0,23.608
77,13,616.0,104.0,23.571
78,13,624.0,104.0,23.571
79,13,632.0,104.0,23.571
80,13,640.0,104.0,23.571
81,13,648.0,104.0,23.516
82,13,656.0,104.0,23.516
83,13,664.0,104.0,23.516
84,13,672.0,104.0,23.516
85,13,680.0,104.0,23.450
86,13,688.0,104.0,23.450
87,13,696.0,104.0,23.450
88,13,704.0,104.0,23.343
89,13,712.0,104.0,23.343
90,13,720.0,104.0,23.343
91,13,728.0,104.0,23.224
92,13,736.0,104.0,23.224
93,13,744.0,104.0,23.224
94,13,752.0,104.0,23.224
95,13,760.0,104.0,23.375
96,13,768.0,104.0,23.375
97,13,776.0,104.0,23.375
98,13,784.0,104.0,23.375
99,13,792.0,104.0,23.841
1,14,8.0,112.0,23.747
2,14,16.0,112.0,23.747
3,14,24.0,112.0,23.747
4,14,32.0,112.0,23.346
5,14,40.0,112.0,23.346
6,14,48.0,112.0,23.346
7,14,56.0,112.0,23.272
8,14,64.0,112.0,23.272
9,14,72.0,112.0,23.272
10,14,80.0,112.0,23.272
11,14,88.0,112.0,23.410
12,14,96.0,112.0,23.410
13,14,104.0,112.0,23.410
14,14,112.0,112.0,23.535
15,14,120.0,112.0,23.535
16,14,128.0,112.0,23.535
17,14,136.0,112.0,23.535
18,14,144.0,112.0,23.599
19,14,152.0,112.0,23.599
20,14,160.0,112.0,23.599
21,14,168.0,112.0,23.599
22,14,176.0,112.0,23.629
23,14,184.0,112.0,23.629
24,14,192.0,112.0,23.629
25,14,200.0,112.0,23.655
26,14,208.0,112.0,23.655
27,14,216.0,112.0,23.655
28,14,224.0,112.0,23.690
29,14,232.0,112.0,23.690
30,14,240.0,112.0,23.690
31,14,248.0,112.0,23.690
32,14,256.0,112.0,23.738
33,14,264.0,112.0,23.738
34,14,272.0,112.0,23.738
35,14,280.0,112.0,23.790
36,14,288.0,112.0,23.790
37,14,296.0,112.0,23.790
38,14,304.0,112.0,23.790
39,14,312.0,112.0,23.836
40,14,320.0,112.0,23.836
41,14,328.0,112.0,23.836
42,14,336.0,112.0,23.836
43,14,344.0,112.0,23.720
44,14,352.0,112.0,23.720
45,14,360.0,112.0,23.720
46,14,368.0,112.0,22.967
47,14,376.0,112.0,22.967
48,14,384.0,112.0,22.967
49,14,392.0,112.0,22.967
50,14,400.0,112.0,22.933
51,14,408.0,112.0,22.933
52,14,416.0,112.0,22.933
53,14,424.0,112.0,23.193
54,14,432.0,112.0,23.193
55,14,440.0,112.0,23.193
56,14,448.0,112.0,23.818
57,14,456.0,112.0,23.818
58,14,464.0,112.0,23.818
59,14,472.0,112.0,23.818
60,14,480.0,112.0,23.820
61,14,488.0,112.0,23.820
62,14,496.0,112.0,23.820
63,14,504.0,112.0,23.758
64,14,512.0,112.0,23.758
65,14,520.0,112.0,23.758
66,14,528.0,112.0,23.758
67,14,536.0,112.0,23.704
68,14,544.0,112.0,23.704
69,14,552.0,112.0,23.704
70,14,560.0,112.0,23.673
71,14,568.0,112.0,23.673
72,14,576.0,112.0,23.673
73,14,584.0,112.0,23.673
74,14,592.0,112.0,23.646
75,14,600.0,112.0,23.646
76,14,608.0,112.0,23.646
77,14,616.0,112.0,23.618
78,14,624.0,112.0,23.618
79,14,632.0,112.0,23.618
80,14,640.0,112.0,23.618
81,14,648.0,112.0,23.577
82,14,656.0,112.0,23.577
83,14,664.0,112.0,23.577
84,14,672.0,112.0,23.577
85,14,680.0,112.0,23.498
86,14,688.0,112.0,23.498
87,14,696.0,112.0,23.498
88,14,704.0,112.0,23.358
89,14,712.0,112.0,23.358
90,14,720.0,112.0,23.358
91,14,728.0,112.0,23.260
92,14,736.0,112.0,23.260
93,14,744.0,112.0,23.260
94,14,752.0,112.0,23.260
95,14,760.0,112.0,23.533
96,14,768.0,112.0,23.533
97,14,776.0,112.0,23.533
98,14,784.0,112.0,23.533
99,14,792.0,112.0,23.975
2,15,16.0,120.0,23.747
3,15,24.0,120.0,23.747
4,15,32.0,120.0,23.346
5,15,40.0,120.0,23.346
6,15,48.0,120.0,23.346
7,15,56.0,120.0,23.272
8,15,64.0,120.0,23.272
9,15,72.0,120.0,23.272
10,15,80.0,120.0,23.272
11,15,88.0,120.0,23.410
12,15,96.0,120.0,23.410
13,15,104.0,120.0,23.410
14,15,112.0,120.0,23.535
15,15,120.0,120.0,23.535
16,15,128.0,120.0,23.535
17,15,136.0,120.0,23.535
18,15,144.0,120.0,23.599
19,15,152.0,120.0,23.599
20,15,160.0,120.0,23.599
21,15,168.0,120.0,23.599
22,15,176.0,120.0,23.629
23,15,184.0,120.0,23.629
24,15,192.0,120.0,23.629
25,15,200.0,120.0,23.655
26,15,208.0,120.0,23.655
27,15,216.0,120.0,23.655
28,15,224.0,120.0,23.690
29,15,232.0,120.0,23.690
30,15,240.0,120.0,23.690
31,15,248.0,120.0,23.690
32,15,256.0,120.0,23.738
33,15,264.0,120.0,23.738
34,15,272.0,120.0,23.738
35,15,280.0,120.0,23.790
36,15,288.0,120.0,23.790
37,15,296.0,120.0,23.790
38,15,304.0,120.0,23.790
39,15,312.0,120.0,23.836
40,15,320.0,120.0,23.836
41,15,328.0,120.0,23.836
42,15,336.0,120.0,23.836
43,15,344.0,120.0,23.720
44,15,352.0,120.0,23.720
45,15,360.0,120.0,23.720
46,15,368.0,120.0,22.967
47,15,376.0,120.0,22.967
48,15,384.0,120.0,22.967
49,15,392.0,120.0,22.967
50,15,400.0,120.0,22.933
51,15,408.0,120.0,22.933
52,15,416.0,120.0,22.933
53,15,424.0,120.0,23.193
54,15,432.0,120.0,23.193
55,15,440.0,120.0,23.193
56,15,448.0,120.0,23.818
57,15,456.0,120.0,23.818
58,15,464.0,120.0,23.818
59,15,472.0,120.0,23.818
60,15,480.0,120.0,23.820
61,15,488.0,120.0,23.820
62,15,496.0,120.0,23.820
63,15,504.0,120.0,23.758
64,15,512.0,120.0,23.758
65,15,520.0,120.0,23.758
66,15,528.0,120.0,23.758
67,15,536.0,120.0,23.704
68,15,544.0,120.0,23.704
69,15,552.0,120.0,23.704
70,15,560.0,120.0,23.673
71,15,568.0,120.0,23.673
72,15,576.0,120.0,23.673
73,15,584.0,120.0,23.673
74,15,592.0,120.0,23.646
75,15,600.0,120.0,23.646
76,15,608.0,120.0,23.646
77,15,616.0,120.0,23.618
78,15,624.0,120.0,23.618
79,15,632.0,120.0,23.618
80,15,640.0,120.0,23.618
81,15,648.0,120.0,23.577
82,15,656.0,120.0,23.577
83,15,664.0,120.0,23.577
84,15,672.0,120.0,23.577
85,15,680.0,120.0,23.498
86,15,688.0,120.0,23.498
87,15,696.0,120.0,23.498
88,15,704.0,120.0,23.358
89,15,712.0,120.0,23.358
90,15,720.0,120.0,23.358
91,15,728.0,120.0,23.260
92,15,736.0,120.0,23.260
93,15,744.0,120.0,23.260
94,15,752.0,120.0,23.260
95,15,760.0,120.0,23.533
96,15,768.0,120.0,23.533
97,15,776.0,120.0,23.533
98,15,784.0,120.0,23.533
2,16,16.0,128.0,23.747
3,16,24.0,128.0,23.747
4,16,32.0,128.0,23.346
5,16,40.0,128.0,23.346
6,16,48.0,128.0,23.346
7,16,56.0,128.0,23.272
8,16,64.0,128.0,23.272
9,16,72.0,128.0,23.272
10,16,80.0,128.0,23.272
11,16,88.0,128.0,23.410
12,16,96.0,128.0,23.410
13,16,104.0,128.0,23.410
14,16,112.0,128.0,23.535
15,16,120.0,128.0,23.535
16,16,128.0,128.0,23.535
17,16,136.0,128.0,23.535
18,16,144.0,128.0,23.599
19,16,152.0,128.0,23.599
20,16,160.0,128.0,23.599
21,16,168.0,128.0,23.599
22,16,176.0,128.0,23.629
23,16,184.0,128.0,23.629
24,16,192.0,128.0,23.629
25,16,200.0,128.0,23.655
26,16,208.0,128.0,23.655
27,16,216.0,128.0,23.655
28,16,224.0,128.0,23.690
29,16,232.0,128.0,23.690
30,16,240.0,128.0,23.690
31,16,248.0,128.0,23.690
32,16,256.0,128.0,23.738
33,16,264.0,128.0,23.738
34,16,272.0,128.0,23.738
35,16,280.0,128.0,23.790
36,16,288.0,128.0,23.790
37,16,296.0,128.0,23.790
38,16,304.0,128.0,23.790
39,16,312.0,128.0,23.836
40,16,320.0,128.0,23.836
41,16,328.0,128.0,23.836
42,16,336.0,128.0,23.836
43,16,344.0,128.0,23.720
44,16,352.0,128.0,23.720
45,16,360.0,128.0,23.720
46,16,368.0,128.0,22.967
47,16,376.0,128.0,22.967
48,16,384.0,128.0,22.967
49,16,392.0,128.0,22.967
50,16,400.0,128.0,22.933
51,16,408.0,128.0,22.933
52,16,416.0,128.0,22.933
53,16,424.0,128.0,23.193
54,16,432.0,128.0,23.193
55,16,440.0,128.0,23.193
56,16,448.0,128.0,23.818
57,16,456.0,128.0,23.818
58,16,464.0,128.0,23.818
59,16,472.0,128.0,23.818
60,16,480.0,128.0,23.820
61,16,488.0,128.0,23.820
62,16,496.0,128.0,23.820
63,16,504.0,128.0,23.758
64,16,512.0,128.0,23.758
65,16,520.0,128.0,23.758
66,16,528.0,128.0,23.758
67,16,536.0,128.0,23.704
68,16,544.0,128.0,23.704
69,16,552.0,128.0,23.704
70,16,560.0,128.0,23.673
71,16,568.0,128.0,23.673
72,16,576.0,128.0,23.673
73,16,584.0,128.0,23.673
74,16,592.0,128.0,23.646
75,16,600.0,128.0,23.646
76,16,608.0,128.0,23.646
77,16,616.0,128.0,23.618
78,16,624.0,128.0,23.618
79,16,632.0,128.0,23.618
80,16,640.0,128.0,23.618
81,16,648.0,128.0,23.577
82,16,656.0,128.0,23.577
83,16,664.0,128.0,23.577
84,16,672.0,128.0,23.577
85,16,680.0,128.0,23.498
86,16,688.0,128.0,23.498
87,16,696.0,128.0,23.498
88,16,704.0,128.0,23.358
89,16,712.0,128.0,23.358
90,16,720.0,128.0,23.358
91,16,728.0,128.0,23.260
92,16,736.0,128.0,23.260
93,16,744.0,128.0,23.260
94,16,752.0,128.0,23.260
95,16,760.0,128.0,23.533
96,16,768.0,128.0,23.533
97,16,776.0,128.0,23.533
98,16,784.0,128.0,23.533
2,17,16.0,136.0,23.747
3,17,24.0,136.0,23.747
4,17,32.0,136.0,23.346
5,17,40.0,136.0,23.346
6,17,48.0,136.0,23.346
7,17,56.0,136.0,23.272
8,17,64.0,136.0,23.272
9,17,72.0,136.0,23.272
10,17,80.0,136.0,23.272
11,17,88.0,136.0,23.410
12,17,96.0,136.0,23.410
13,17,104.0,136.0,23.410
14,17,112.0,136.0,23.535
15,17,120.0,136.0,23.535
16,17,128.0,136.0,23.535
17,17,136.0,136.0,23.535
18,17,144.0,136.0,23.599
19,17,152.0,136.0,23.599
20,17,160.0,136.0,23.599
21,17,168.0,136.0,23.599
22,17,176.0,136.0,23.629
23,17,184.0,136.0,23.629
24,17,192.0,136.0,23.629
25,17,200.0,136.0,23.655
26,17,208.0,136.0,23.655
27,17,216.0,136.0,23.655
28,17,224.0,136.0,23.690
29,17,232.0,136.0,23.690
30,17,240.0,136.0,23.690
31,17,248.0,136.0,23.690
32,17,256.0,136.0,23.738
33,17,264.0,136.0,23.738
34,17,272.0,136.0,23.738
35,17,280.0,136.0,23.790
36,17,288.0,136.0,23.790
37,17,296.0,136.0,23.790
38,17,304.0,136.0,23.790
39,17,312.0,136.0,23.836
40,17,320.0,136.0,23.836
41,17,328.0,136.0,23.836
42,17,336.0,136.0,23.836
43,17,344.0,136.0,23.720
44,17,352.0,136.0,23.720
45,17,360.0,136.0,23.720
46,17,368.0,136.0,22.967
47,17,376.0,136.0,22.967
48,17,384.0,136.0,22.967
49,17,392.0,136.0,22.967
50,17,400.0,136.0,22.933
51,17,408.0,136.0,22.933
52,17,416.0,136.0,22.933
53,17,424.0,136.0,23.193
54,17,432.0,136.0,23.193
55,17,440.0,136.0,23.193
56,17,448.0,136.0,23.818
57,17,456.0,136.0,23.818
58,17,464.0,136.0,23.818
59,17,472.0,136.0,23.818
60,17,480.0,136.0,23.820
61,17,488.0,136.0,23.820
62,17,496.0,136.0,23.820
63,17,504.0,136.0,23.758
64,17,512.0,136.0,23.758
65,17,520.0,136.0,23.758
66,17,528.0,136.0,23.758
67,17,536.0,136.0,23.704
68,17,544.0,136.0,23.704
69,17,552.0,136.0,23.704
70,17,560.0,136.0,23.673
71,17,568.0,136.0,23.673
72,17,576.0,136.0,23.673
73,17,584.0,136.0,23.673
74,17,592.0,136.0,23.646
75,17,600.0,136.0,23.646
76,17,608.0,136.0,23.646
77,17,616.0,136.0,23.618
78,17,624.0,136.0,23.618
79,17,632.0,136.0,23.618
80,17,640.0,136.0,23.618
81,17,648.0,136.0,23.577
82,17,656.0,136.0,23.577
83,17,664.0,136.0,23.577
84,17,672.0,136.0,23.577
85,17,680.0,136.0,23.498
86,17,688.0,136.0,23.498
87,17,696.0,136.0,23.498
88,17,704.0,136.0,23.358
89,17,712.0,136.0,23.358
90,17,720.0,136.0,23.358
91,17,728.0,136.0,23.260
92,17,736.0,136.0,23.260
93,17,744.0,136.0,23.260
94,17,752.0,136.0,23.260
95,17,760.0,136.0,23.533
96,17,768.0,136.0,23.533
97,17,776.0,136.0,23.533
98,17,784.0,136.0,23.533
2,18,16.0,144.0,23.913
3,18,24.0,144.0,23.913
4,18,32.0,144.0,23.408
5,18,40.0,144.0,23.408
6,18,48.0,144.0,23.408
7,18,56.0,144.0,23.291
8,18,64.0,144.0,23.291
9,18,72.0,144.0,23.291
10,18,80.0,144.0,23.291
11,18,88.0,144.0,23.393
12,18,96.0,144.0,23.393
13,18,104.0,144.0,23.393
14,18,112.0,144.0,23.526
15,18,120.0,144.0,23.526
16,18,128.0,144.0,23.526
17,18,136.0,144.0,23.526
18,18,144.0,144.0,23.607
19,18,152.0,144.0,23.607
20,18,160.0,144.0,23.607
21,18,168.0,144.0,23.607
22,18,176.0,144.0,23.651
23,18,184.0,144.0,23.651
24,18,192.0,144.0,23.651
25,18,200.0,144.0,23.680
26,18,208.0,144.0,23.680
27,18,216.0,144.0,23.680
28,18,224.0,144.0,23.723
29,18,232.0,144.0,23.723
30,18,240.0,144.0,23.723
31,18,248.0,144.0,23.723
32,18,256.0,144.0,23.783
33,18,264.0,144.0,23.783
34,18,272.0,144.0,23.783
35,18,280.0,144.0,23.840
36,18,288.0,144.0,23.840
37,18,296.0,144.0,23.840
38,18,304.0,144.0,23.840
39,18,312.0,144.0,23.877
40,18,320.0,144.0,23.877
41,18,328.0,144.0,23.877
42,18,336.0,144.0,23.877
43,18,344.0,144.0,23.585
44,18,352.0,144.0,23.585
45,18,360.0,144.0,23.585
46,18,368.0,144.0,21.860
47,18,376.0,144.0,21.860
48,18,384.0,144.0,21.860
49,18,392.0,144.0,21.860
50,18,400.0,144.0,21.420
51,18,408.0,144.0,21.420
52,18,416.0,144.0,21.420
53,18,424.0,144.0,22.474
54,18,432.0,144.0,22.474
55,18,440.0,144.0,22.474
56,18,448.0,144.0,23.798
57,18,456.0,144.0,23.798
58,18,464.0,144.0,23.798
59,18,472.0,144.0,23.798
60,18,480.0,144.0,23.866
61,18,488.0,144.0,23.866
62,18,496.0,144.0,23.866
63,18,504.0,144.0,23.806
64,18,512.0,144.0,23.806
65,18,520.0,144.0,23.806
66,18,528.0,144.0,23.806
67,18,536.0,144.0,23.740
68,18,544.0,144.0,23.740
69,18,552.0,144.0,23.740
70,18,560.0,144.0,23.701
71,18,568.0,144.0,23.701
72,18,576.0,144.0,23.701
73,18,584.0,144.0,23.701
74,18,592.0,144.0,23.667
75,18,600.0,144.0,23.667
76,18,608.0,144.0,23.667
77,18,616.0,144.0,23.629
78,18,624.0,144.0,23.629
79,18,632.0,144.0,23.629
80,18,640.0,144.0,23.629
81,18,648.0,144.0,23.570
82,18,656.0,144.0,23.570
83,18,664.0,144.0,23.570
84,18,672.0,144.0,23.570
85,18,680.0,144.0,23.461
86,18,688.0,144.0,23.461
87,18,696.0,144.0,23.461
88,18,704.0,144.0,23.326
89,18,712.0,144.0,23.326
90,18,720.0,144.0,23.326
91,18,728.0,144.0,23.314
92,18,736.0,144.0,23.314
93,18,744.0,144.0,23.314
94,18,752.0,144.0,23.314
95,18,760.0,144.0,23.549
96,18,768.0,144.0,23.549
97,18,776.0,144.0,23.549
98,18,784.0,144.0,23.549
2,19,16.0,152.0,23.913
3,19,24.0,152.0,23.913
4,19,32.0,152.0,23.408
5,19,40.0,152.0,23.408
6,19,48.0,152.0,23.408
7,19,56.0,152.0,23.291
8,19,64.0,152.0,23.291
9,19,72.0,152.0,23.291
10,19,80.0,152.0,23.291
11,19,88.0,152.0,23.393
12,19,96.0,152.0,23.393
13,19,104.0,152.0,23.393
14,19,112.0,152.0,23.526
15,19,120.0,152.0,23.526
16,19,128.0,152.0,23.526
17,19,136.0,152.0,23.526
18,19,144.0,152.0,23.607
19,19,152.0,152.0,23.607
20,19,160.0,152.0,23.607
21,19,168.0,152.0,23.607
22,19,176.0,152.0,23.651
23,19,184.0,152.0,23.651
24,19,192.0,152.0,23.651
25,19,200.0,152.0,23.680
26,19,208.0,152.0,23.680
27,19,216.0,152.0,23.680
28,19,224.0,152.0,23.723
29,19,232.0,152.0,23.723
30,19,240.0,152.0,23.723
31,19,248.0,152.0,23.723
32,19,256.0,152.0,23.783
33,19,264.0,152.0,23.783
34,19,272.0,152.0,23.783
35,19,280.0,152.0,23.840
36,19,288.0,152.0,23.840
37,19,296.0,152.0,23.840
38,19,304.0,152.0,23.840
39,19,312.0,152.0,23.877
40,19,320.0,152.0,23.877
41,19,328.0,152.0,23.877
42,19,336.0,152.0,23.877
43,19,344.0,152.0,23.585
44,19,352.0,152.0,23.585
45,19,360.0,152.0,23.585
46,19,368.0,152.0,21.860
47,19,376.0,152.0,21.860
48,19,384.0,152.0,21.860
49,19,392.0,152.0,21.860
50,19,400.0,152.0,21.420
51,19,408.0,152.0,21.420
52,19,416.0,152.0,21.420
53,19,424.0,152.0,22.474
54,19,432.0,152.0,22.474
55,19,440.0,152.0,22.474
56,19,448.0,152.0,23.798
57,19,456.0,152.0,23.798
58,19,464.0,152.0,23.798
59,19,472.0,152.0,23.798
60,19,480.0,152.0,23.866
61,19,488.0,152.0,23.866
62,19,496.0,152.0,23.866
63,19,504.0,152.0,23.806
64,19,512.0,152.0,23.806
65,19,520.0,152.0,23.806
66,19,528.0,152.0,23.806
67,19,536.0,152.0,23.740
68,19,544.0,152.0,23.740
69,19,552.0,152.0,23.740
70,19,560.0,152.0,23.701
71,19,568.0,152.0,23.701
72,19,576.0,152.0,23.701
73,19,584.0,152.0,23.701
74,19,592.0,152.0,23.667
75,19,600.0,152.0,23.667
76,19,608.0,152.0,23.667
77,19,616.0,152.0,23.629
78,19,624.0,152.0,23.629
79,19,632.0,152.0,23.629
80,19,640.0,152.0,23.629
81,19,648.0,152.0,23.570
82,19,656.0,152.0,23.570
83,19,664.0,152.0,23.570
84,19,672.0,152.0,23.570
85,19,680.0,152.0,23.461
86,19,688.0,152.0,23.461
87,19,696.0,152.0,23.461
88,19,704.0,152.0,23.326
89,19,712.0,152.0,23.326
90,19,720.0,152.0,23.326
91,19,728.0,152.0,23.314
92,19,736.0,152.0,23.314
93,19,744.0,152.0,23.314
94,19,752.0,152.0,23.314
95,19,760.0,152.0,23.549
96,19,768.0,152.0,23.549
97,19,776.0,152.0,23.549
98,19,784.0,152.0,23.549
3,20,24.0,160.0,23.913
4,20,32.0,160.0,23.408
5,20,40.0,160.0,23.408
6,20,48.0,160.0,23.408
7,20,56.0,160.0,23.291
8,20,64.0,160.0,23.291
9,20,72.0,160.0,23.291
10,20,80.0,160.0,23.291
11,20,88.0,160.0,23.393
12,20,96.0,160.0,23.393
13,20,104.0,160.0,23.393
14,20,112.0,160.0,23.526
15,20,120.0,160.0,23.526
16,20,128.0,160.0,23.526
17,20,136.0,160.0,23.526
18,20,144.0,160.0,23.607
19,20,152.0,160.0,23.607
20,20,160.0,160.0,23.607
21,20,168.0,160.0,23.607
22,20,176.0,160.0,23.651
23,20,184.0,160.0,23.651
24,20,192.0,160.0,23.651
25,20,200.0,160.0,23.680
26,20,208.0,160.0,23.680
27,20,216.0,160.0,23.680
28,20,224.0,160.0,23.723
29,20,232.0,160.0,23.723
30,20,240.0,160.0,23.723
31,20,248.0,160.0,23.723
32,20,256.0,160.0,23.783
33,20,264.0,160.0,23.783
34,20,272.0,160.0,23.783
35,20,280.0,160.0,23.840
36,20,288.0,160.0,23.840
37,20,296.0,160.0,23.840
38,20,304.0,160.0,23.840
39,20,312.0,160.0,23.877
40,20,320.0,160.0,23.877
41,20,328.0,160.0,23.877
42,20,336.0,160.0,23.877
43,20,344.0,160.0,23.585
44,20,352.0,160.0,23.585
45,20,360.0,160.0,23.585
46,20,368.0,160.0,21.860
47,20,376.0,160.0,21.860
48,20,384.0,160.0,21.860
49,20,392.0,160.0,21.860
50,20,400.0,160.0,21.420
51,20,408.0,160.0,21.420
52,20,416.0,160.0,21.420
53,20,424.0,160.0,22.474
54,20,432.0,160.0,22.474
55,20,440.0,160.0,22.474
56,20,448.0,160.0,23.798
57,20,456.0,160.0,23.798
58,20,464.0,160.0,23.798
59,20,472.0,160.0,23.798
60,20,480.0,160.0,23.866
61,20,488.0,160.0,23.866
62,20,496.0,160.0,23.866
63,20,504.0,160.0,23.806
64,20,512.0,160.0,23.806
65,20,520.0,160.0,23.806
66,20,528.0,160.0,23.806
67,20,536.0,160.0,23.740
68,20,544.0,160.0,23.740
69,20,552.0,160.0,23.740
70,20,560.0,160.0,23.701
71,20,568.0,160.0,23.701
72,20,576.0,160.0,23.701
73,20,584.0,160.0,23.701
74,20,592.0,160.0,23.667
75,20,600.0,160.0,23.667
76,20,608.0,160.0,23.667
77,20,616.0,160.0,23.629
78,20,624.0,160.0,23.629
79,20,632.0,160.0,23.629
80,20,640.0,160.0,23.629
81,20,648.0,160.0,23.570
82,20,656.0,160.0,23.570
83,20,664.0,160.0,23.570
84,20,672.0,160.0,23.570
85,20,680.0,160.0,23.461
86,20,688.0,160.0,23.461
87,20,696.0,160.0,23.461
88,20,704.0,160.0,23.326
89,20,712.0,160.0,23.326
90,20,720.0,160.0,23.326
91,20,728.0,160.0,23.314
92,20,736.0,160.0,23.314
93,20,744.0,160.0,23.314
94,20,752.0,160.0,23.314
95,20,760.0,160.0,23.549
96,20,768.0,160.0,23.549
97,20,776.0,160.0,23.549
3,21,24.0,168.0,23.913
4,21,32.0,168.0,23.408
5,21,40.0,168.0,23.408
6,21,48.0,168.0,23.408
7,21,56.0,168.0,23.291
8,21,64.0,168.0,23.291
9,21,72.0,168.0,23.291
10,21,80.0,168.0,23.291
11,21,88.0,168.0,23.393
12,21,96.0,168.0,23.393
13,21,104.0,168.0,23.393
14,21,112.0,168.0,23.526
15,21,120.0,168.0,23.526
16,21,128.0,168.0,23.526
17,21,136.0,168.0,23.526
18,21,144.0,168.0,23.607
19,21,152.0,168.0,23.607
20,21,160.0,168.0,23.607
21,21,168.0,168.0,23.607
22,21,176.0,168.0,23.651
23,21,184.0,168.0,23.651
24,21,192.0,168.0,23.651
25,21,200.0,168.0,23.680
26,21,208.0,168.0,23.680
27,21,216.0,168.0,23.680
28,21,224.0,168.0,23.723
29,21,232.0,168.0,23.723
30,21,240.0,168.0,23.723
31,21,248.0,168.0,23.723
32,21,256.0,168.0,23.783
33,21,264.0,168.0,23.783
34,21,272.0,168.0,23.783
35,21,280.0,168.0,23.840
36,21,288.0,168.0,23.840
37,21,296.0,168.0,23.840
38,21,304.0,168.0,23.840
39,21,312.0,168.0,23.877
40,21,320.0,168.0,23.877
41,21,328.0,168.0,23.877
42,21,336.0,168.0,23.877
43,21,344.0,168.0,23.585
44,21,352.0,168.0,23.585
45,21,360.0,168.0,23.585
46,21,368.0,168.0,21.860
47,21,376.0,168.0,21.860
48,21,384.0,168.0,21.860
49,21,392.0,168.0,21.860
50,21,400.0,168.0,21.420
51,21,408.0,168.0,21.420
52,21,416.0,168.0,21.420
53,21,424.0,168.0,22.474
54,21,432.0,168.0,22.474
55,21,440.0,168.0,22.474
56,21,448.0,168.0,23.798
57,21,456.0,168.0,23.798
58,21,464.0,168.0,23.798
59,21,472.0,168.0,23.798
60,21,480.0,168.0,23.866
61,21,488.0,168.0,23.866
62,21,496.0,168.0,23.866
63,21,504.0,168.0,23.806
64,21,512.0,168.0,23.806
65,21,520.0,168.0,23.806
66,21,528.0,168.0,23.806
67,21,536.0,168.0,23.740
68,21,544.0,168.0,23.740
69,21,552.0,168.0,23.740
70,21,560.0,168.0,23.701
71,21,568.0,168.0,23.701
72,21,576.0,168.0,23.701
73,21,584.0,168.0,23.701
74,21,592.0,168.0,23.667
75,21,600.0,168.0,23.667
76,21,608.0,168.0,23.667
77,21,616.0,168.0,23.629
78,21,624.0,168.0,23.629
79,21,632.0,168.0,23.629
80,21,640.0,168.0,23.629
81,21,648.0,168.0,23.570
82,21,656.0,168.0,23.570
83,21,664.0,168.0,23.570
84,21,672.0,168.0,23.570
85,21,680.0,168.0,23.461
86,21,688.0,168.0,23.461
87,21,696.0,168.0,23.461
88,21,704.0,168.0,23.326
89,21,712.0,168.0,23.326
90,21,720.0,168.0,23.326
91,21,728.0,168.0,23.314
92,21,736.0,168.0,23.314
93,21,744.0,168.0,23.314
94,21,752.0,168.0,23.314
95,21,760.0,168.0,23.549
96,21,768.0,168.0,23.549
97,21,776.0,168.0,23.549
3,22,24.0,176.0,23.901
4,22,32.0,176.0,23.521
5,22,40.0,176.0,23.521
6,22,48.0,176.0,23.521
7,22,56.0,176.0,23.326
8,22,64.0,176.0,23.326
9,22,72.0,176.0,23.326
10,22,80.0,176.0,23.326
11,22,88.0,176.0,23.362
12,22,96.0,176.0,23.362
13,22,104.0,176.0,23.362
14,22,112.0,176.0,23.474
15,22,120.0,176.0,23.474
16,22,128.0,176.0,23.474
17,22,136.0,176.0,23.474
18,22,144.0,176.0,23.582
19,22,152.0,176.0,23.582
20,22,160.0,176.0,23.582
21,22,168.0,176.0,23.582
22,22,176.0,176.0,23.651
23,22,184.0,176.0,23.651
24,22,192.0,176.0,23.651
25,22,200.0,176.0,23.706
26,22,208.0,176.0,23.706
27,22,216.0,176.0,23.706
28,22,224.0,176.0,23.768
29,22,232.0,176.0,23.768
30,22,240.0,176.0,23.768
31,22,248.0,176.0,23.768
32,22,256.0,176.0,23.839
33,22,264.0,176.0,23.839
34,22,272.0,176.0,23.839
35,22,280.0,176.0,23.890
36,22,288.0,176.0,23.890
37,22,296.0,176.0,23.890
38,22,304.0,176.0,23.890
39,22,312.0,176.0,23.903
40,22,320.0,176.0,23.903
41,22,328.0,176.0,23.903
42,22,336.0,176.0,23.903
43,22,344.0,176.0,23.404
44,22,352.0,176.0,23.404
45,22,360.0,176.0,23.404
46,22,368.0,176.0,21.276
47,22,376.0,176.0,21.276
48,22,384.0,176.0,21.276
49,22,392.0,176.0,21.276
50,22,400.0,176.0,20.542
51,22,408.0,176.0,20.542
52,22,416.0,176.0,20.542
53,22,424.0,176.0,22.023
54,22,432.0,176.0,22.023
55,22,440.0,176.0,22.023
56,22,448.0,176.0,23.742
57,22,456.0,176.0,23.742
58,22,464.0,176.0,23.742
59,22,472.0,176.0,23.742
60,22,480.0,176.0,23.905
61,22,488.0,176.0,23.905
62,22,496.0,176.0,23.905
63,22,504.0,176.0,23.861
64,22,512.0,176.0,23.861
65,22,520.0,176.0,23.861
66,22,528.0,176.0,23.861
67,22,536.0,176.0,23.791
68,22,544.0,176.0,23.791
69,22,552.0,176.0,23.791
70,22,560.0,176.0,23.727
71,22,568.0,176.0,23.727
72,22,576.0,176.0,23.727
73,22,584.0,176.0,23.727
74,22,592.0,176.0,23.680
75,22,600.0,176.0,23.680
76,22,608.0,176.0,23.680
77,22,616.0,176.0,23.634
78,22,624.0,176.0,23.634
79,22,632.0,176.0,23.634
80,22,640.0,176.0,23.634
81,22,648.0,176.0,23.559
82,22,656.0,176.0,23.559
83,22,664.0,176.0,23.559
84,22,672.0,176.0,23.559
85,22,680.0,176.0,23.439
86,22,688.0,176.0,23.439
87,22,696.0,176.0,23.439
88,22,704.0,176.0,23.333
89,22,712.0,176.0,23.333
90,22,720.0,176.0,23.333
91,22,728.0,176.0,23.358
92,22,736.0,176.0,23.358
93,22,744.0,176.0,23.358
94,22,752.0,176.0,23.358
95,22,760.0,176.0,23.749
96,22,768.0,176.0,23.749
97,22,776.0,176.0,23.749
3,23,24.0,184.0,23.901
4,23,32.0,184.0,23.521
5,23,40.0,184.0,23.521
6,23,48.0,184.0,23.521
7,23,56.0,184.0,23.326
8,23,64.0,184.0,23.326
9,23,72.0,184.0,23.326
10,23,80.0,184.0,23.326
11,23,88.0,184.0,23.362
12,23,96.0,184.0,23.362
13,23,104.0,184.0,23.362
14,23,112.0,184.0,23.474
15,23,120.0,184.0,23.474
16,23,128.0,184.0,23.474
17,23,136.0,184.0,23.474
18,23,144.0,184.0,23.582
19,23,152.0,184.0,23.582
20,23,160.0,184.0,23.582
21,23,168.0,184.0,23.582
22,23,176.0,184.0,23.651
23,23,184.0,184.0,23.651
24,23,192.0,184.0,23.651
25,23,200.0,184.0,23.706
26,23,208.0,184.0,23.706
27,23,216.0,184.0,23.706
28,23,224.0,184.0,23.768
29,23,232.0,184.0,23.768
30,23,240.0,184.0,23.768
31,23,248.0,184.0,23.768
32,23,256.0,184.0,23.839
33,23,264.0,184.0,23.839
34,23,272.0,184.0,23.839
35,23,280.0,184.0,23.890
36,23,288.0,184.0,23.890
37,23,296.0,184.0,23.890
38,23,304.0,184.0,23.890
39,23,312.0,184.0,23.903
40,23,320.0,184.0,23.903
41,23,328.0,184.0,23.903
42,23,336.0,184.0,23.903
43,23,344.0,184.0,23.404
44,23,352.0,184.0,23.404
45,23,360.0,184.0,23.404
46,23,368.0,184.0,21.276
47,23,376.0,184.0,21.276
48,23,384.0,184.0,21.276
49,23,392.0,184.0,21.276
50,23,400.0,184.0,20.542
51,23,408.0,184.0,20.542
52,23,416.0,184.0,20.542
53,23,424.0,184.0,22.023
54,23,432.0,184.0,22.023
55,23,440.0,184.0,22.023
56,23,448.0,184.0,23.742
57,23,456.0,184.0,23.742
58,23,464.0,184.0,23.742
59,23,472.0,184.0,23.742
60,23,480.0,184.0,23.905
61,23,488.0,184.0,23.905
62,23,496.0,184.0,23.905
63,23,504.0,184.0,23.861
64,23,512.0,184.0,23.861
65,23,520.0,184.0,23.861
66,23,528.0,184.0,23.861
67,23,536.0,184.0,23.791
68,23,544.0,184.0,23.791
69,23,552.0,184.0,23.791
70,23,560.0,184.0,23.727
71,23,568.0,184.0,23.727
72,23,576.0,184.0,23.727
73,23,584.0,184.0,23.727
74,23,592.0,184.0,23.680
75,23,600.0,184.0,23.680
76,23,608.0,184.0,23.680
77,23,616.0,184.0,23.634
78,23,624.0,184.0,23.634
79,23,632.0,184.0,23.634
80,23,640.0,184.0,23.634
81,23,648.0,184.0,23.559
82,23,656.0,184.0,23.559
83,23,664.0,184.0,23.559
84,23,672.0,184.0,23.559
85,23,680.0,184.0,23.439
86,23,688.0,184.0,23.439
87,23,696.0,184.0,23.439
88,23,704.0,184.0,23.333
89,23,712.0,184.0,23.333
90,23,720.0,184.0,23.333
91,23,728.0,184.0,23.358
92,23,736.0,184.0,23.358
93,23,744.0,184.0,23.358
94,23,752.0,184.0,23.358
95,23,760.0,184.0,23.749
96,23,768.0,184.0,23.749
97,23,776.0,184.0,23.749
3,24,24.0,192.0,23.901
4,24,32.0,192.0,23.521
5,24,40.0,192.0,23.521
6,24,48.0,192.0,23.521
7,24,56.0,192.0,23.326
8,24,64.0,192.0,23.326
9,24,72.0,192.0,23.326
10,24,80.0,192.0,23.326
11,24,88.0,192.0,23.362
12,24,96.0,192.0,23.362
13,24,104.0,192.0,23.362
14,24,112.0,192.0,23.474
15,24,120.0,192.0,23.474
16,24,128.0,192.0,23.474
17,24,136.0,192.0,23.474
18,24,144.0,192.0,23.582
19,24,152.0,192.0,23.582
20,24,160.0,192.0,23.582
21,24,168.0,192.0,23.582
22,24,176.0,192.0,23.651
23,24,184.0,192.0,23.651
24,24,192.0,192.0,23.651
25,24,200.0,192.0,23.706
26,24,208.0,192.0,23.706
27,24,216.0,192.0,23.706
28,24,224.0,192.0,23.768
29,24,232.0,192.0,23.768
30,24,240.0,192.0,23.768
31,24,248.0,192.0,23.768
32,24,256.0,192.0,23.839
33,24,264.0,192.0,23.839
34,24,272.0,192.0,23.839
35,24,280.0,192.0,23.890
36,24,288.0,192.0,23.890
37,24,296.0,192.0,23.890
38,24,304.0,192.0,23.890
39,24,312.0,192.0,23.903
40,24,320.0,192.0,23.903
41,24,328.0,192.0,23.903
42,24,336.0,192.0,23.903
43,24,344.0,192.0,23.404
44,24,352.0,192.0,23.404
45,24,360.0,192.0,23.404
46,24,368.0,192.0,21.276
47,24,376.0,192.0,21.276
48,24,384.0,192.0,21.276
49,24,392.0,192.0,21.276
50,24,400.0,192.0,20.542
51,24,408.0,192.0,20.542
52,24,416.0,192.0,20.542
53,24,424.0,192.0,22.023
54,24,432.0,192.0,22.023
55,24,440.0,192.0,22.023
56,24,448.0,192.0,23.742
57,24,456.0,192.0,23.742
58,24,464.0,192.0,23.742
59,24,472.0,192.0,23.742
60,24,480.0,192.0,23.905
61,24,488.0,192.0,23.905
62,24,496.0,192.0,23.905
63,24,504.0,192.0,23.861
64,24,512.0,192.0,23.861
65,24,520.0,192.0,23.861
66,24,528.0,192.0,23.861
67,24,536.0,192.0,23.791
68,24,544.0,192.0,23.791
69,24,552.0,192.0,23.791
70,24,560.0,192.0,23.727
71,24,568.0,192.0,23.727
72,24,576.0,192.0,23.727
73,24,584.0,192.0,23.727
74,24,592.0,192.0,23.680
75,24,600.0,192.0,23.680
76,24,608.0,192.0,23.680
77,24,616.0,192.0,23.634
78,24,624.0,192.0,23.634
79,24,632.0,192.0,23.634
80,24,640.0,192.0,23.634
81,24,648.0,192.0,23.559
82,24,656.0,192.0,23.559
83,24,664.0,192.0,23.559
84,24,672.0,192.0,23.559
85,24,680.0,192.0,23.439
86,24,688.0,192.0,23.439
87,24,696.0,192.0,23.439
88,24,704.0,192.0,23.333
89,24,712.0,192.0,23.333
90,24,720.0,192.0,23.333
91,24,728.0,192.0,23.358
92,24,736.0,192.0,23.358
93,24,744.0,192.0,23.358
94,24,752.0,192.0,23.358
95,24,760.0,192.0,23.749
96,24,768.0,192.0,23.749
97,24,776.0,192.0,23.749
4,25,32.0,200.0,23.693
5,25,40.0,200.0,23.693
6,25,48.0,200.0,23.693
7,25,56.0,200.0,23.368
8,25,64.0,200.0,23.368
9,25,72.0,200.0,23.368
10,25,80.0,200.0,23.368
11,25,88.0,200.0,23.368
12,25,96.0,200.0,23.368
13,25,104.0,200.0,23.368
14,25,112.0,200.0,23.458
15,25,120.0,200.0,23.458
16,25,128.0,200.0,23.458
17,25,136.0,200.0,23.458
18,25,144.0,200.0,23.558
19,25,152.0,200.0,23.558
20,25,160.0,200.0,23.558
21,25,168.0,200.0,23.558
22,25,176.0,200.0,23.650
23,25,184.0,200.0,23.650
24,25,192.0,200.0,23.650
25,25,200.0,200.0,23.728
26,25,208.0,200.0,23.728
27,25,216.0,200.0,23.728
28,25,224.0,200.0,23.814
29,25,232.0,200.0,23.814
30,25,240.0,200.0,23.814
31,25,248.0,200.0,23.814
32,25,256.0,200.0,23.887
33,25,264.0,200.0,23.887
34,25,272.0,200.0,23.887
35,25,280.0,200.0,23.922
36,25,288.0,200.0,23.922
37,25,296.0,200.0,23.922
38,25,304.0,200.0,23.922
39,25,312.0,200.0,23.909
40,25,320.0,200.0,23.909
41,25,328.0,200.0,23.909
42,25,336.0,200.0,23.909
43,25,344.0,200.0,23.309
44,25,352.0,200.0,23.309
45,25,360.0,200.0,23.309
46,25,368.0,200.0,21.531
47,25,376.0,200.0,21.531
48,25,384.0,200.0,21.531
49,25,392.0,200.0,21.531
50,25,400.0,200.0,21.193
51,25,408.0,200.0,21.193
52,25,416.0,200.0,21.193
53,25,424.0,200.0,22.024
54,25,432.0,200.0,22.024
55,25,440.0,200.0,22.024
56,25,448.0,200.0,23.704
57,25,456.0,200.0,23.704
58,25,464.0,200.0,23.704
59,25,472.0,200.0,23.704
60,25,480.0,200.0,23.921
61,25,488.0,200.0,23.921
62,25,496.0,200.0,23.921
63,25,504.0,200.0,23.905
64,25,512.0,200.0,23.905
65,25,520.0,200.0,23.905
66,25,528.0,200.0,23.905
67,25,536.0,200.0,23.840
68,25,544.0,200.0,23.840
69,25,552.0,200.0,23.840
70,25,560.0,200.0,23.763
71,25,568.0,200.0,23.763
72,25,576.0,200.0,23.763
73,25,584.0,200.0,23.763
74,25,592.0,200.0,23.691
75,25,600.0,200.0,23.691
76,25,608.0,200.0,23.691
77,25,616.0,200.0,23.613
78,25,624.0,200.0,23.613
79,25,632.0,200.0,23.613
80,25,640.0,200.0,23.613
81,25,648.0,200.0,23.510
82,25,656.0,200.0,23.510
83,25,664.0,200.0,23.510
84,25,672.0,200.0,23.510
85,25,680.0,200.0,23.407
86,25,688.0,200.0,23.407
87,25,696.0,200.0,23.407
88,25,704.0,200.0,23.350
89,25,712.0,200.0,23.350
90,25,720.0,200.0,23.350
91,25,728.0,200.0,23.424
92,25,736.0,200.0,23.424
93,25,744.0,200.0,23.424
94,25,752.0,200.0,23.424
95,25,760.0,200.0,23.875
96,25,768.0,200.0,23.875
4,26,32.0,208.0,23.693
5,26,40.0,208.0,23.693
6,26,48.0,208.0,23.693
7,26,56.0,208.0,23.368
8,26,64.0,208.0,23.368
9,26,72.0,208.0,23.368
10,26,80.0,208.0,23.368
11,26,88.0,208.0,23.368
12,26,96.0,208.0,23.368
13,26,104.0,208.0,23.368
14,26,112.0,208.0,23.458
15,26,120.0,208.0,23.458
16,26,128.0,208.0,23.458
17,26,136.0,208.0,23.458
18,26,144.0,208.0,23.558
19,26,152.0,208.0,23.558
20,26,160.0,208.0,23.558
21,26,168.0,208.0,23.558
22,26,176.0,208.0,23.650
23,26,184.0,208.0,23.650
24,26,192.0,208.0,23.650
25,26,200.0,208.0,23.728
26,26,208.0,208.0,23.728
27,26,216.0,208.0,23.728
28,26,224.0,208.0,23.814
29,26,232.0,208.0,23.814
30,26,240.0,208.0,23.814
31,26,248.0,208.0,23.814
32,26,256.0,208.0,23.887
33,26,264.0,208.0,23.887
34,26,272.0,208.0,23.887
35,26,280.0,208.0,23.922
36,26,288.0,208.0,23.922
37,26,296.0,208.0,23.922
38,26,304.0,208.0,23.922
39,26,312.0,208.0,23.909
40,26,320.0,208.0,23.909
41,26,328.0,208.0,23.909
42,26,336.0,208.0,23.909
43,26,344.0,208.0,23.309
44,26,352.0,208.0,23.309
45,26,360.0,208.0,23.309
46,26,368.0,208.0,21.531
47,26,376.0,208.0,21.531
48,26,384.0,208.0,21.531
49,26,392.0,208.0,21.531
50,26,400.0,208.0,21.193
51,26,408.0,208.0,21.193
52,26,416.0,208.0,21.193
53,26,424.0,208.0,22.024
54,26,432.0,208.0,22.024
55,26,440.0,208.0,22.024
56,26,448.0,208.0,23.704
57,26,456.0,208.0,23.704
58,26,464.0,208.0,23.704
59,26,472.0,208.0,23.704
60,26,480.0,208.0,23.921
61,26,488.0,208.0,23.921
62,26,496.0,208.0,23.921
63,26,504.0,208.0,23.905
64,26,512.0,208.0,23.905
65,26,520.0,208.0,23.905
66,26,528.0,208.0,23.905
67,26,536.0,208.0,23.840
68,26,544.0,208.0,23.840
69,26,552.0,208.0,23.840
70,26,560.0,208.0,23.763
71,26,568.0,208.0,23.763
72,26,576.0,208.0,23.763
73,26,584.0,208.0,23.763
74,26,592.0,208.0,23.691
75,26,600.0,208.0,23.691
76,26,608.0,208.0,23.691
77,26,616.0,208.0,23.613
78,26,624.0,208.0,23.613
79,26,632.0,208.0,23.613
80,26,640.0,208.0,23.613
81,26,648.0,208.0,23.510
82,26,656.0,208.0,23.510
83,26,664.0,208.0,23.510
84,26,672.0,208.0,23.510
85,26,680.0,208.0,23.407
86,26,688.0,208.0,23.407
87,26,696.0,208.0,23.407
88,26,704.0,208.0,23.350
89,26,712.0,208.0,23.350
90,26,720.0,208.0,23.350
91,26,728.0,208.0,23.424
92,26,736.0,208.0,23.424
93,26,744.0,208.0,23.424
94,26,752.0,208.0,23.424
95,26,760.0,208.0,23.875
96,26,768.0,208.0,23.875
4,27,32.0,216.0,23.693
5,27,40.0,216.0,23.693
6,27,48.0,216.0,23.693
7,27,56.0,216.0,23.368
8,27,64.0,216.0,23.368
9,27,72.0,216.0,23.368
10,27,80.0,216.0,23.368
11,27,88.0,216.0,23.368
12,27,96.0,216.0,23.368
13,27,104.0,216.0,23.368
14,27,112.0,216.0,23.458
15,27,120.0,216.0,23.458
16,27,128.0,216.0,23.458
17,27,136.0,216.0,23.458
18,27,144.0,216.0,23.558
19,27,152.0,216.0,23.558
20,27,160.0,216.0,23.558
21,27,168.0,216.0,23.558
22,27,176.0,216.0,23.650
23,27,184.0,216.0,23.650
24,27,192.0,216.0,23.650
25,27,200.0,216.0,23.728
26,27,208.0,216.0,23.728
27,27,216.0,216.0,23.728
28,27,224.0,216.0,23.814
29,27,232.0,216.0,23.814
30,27,240.0,216.0,23.814
31,27,248.0,216.0,23.814
32,27,256.0,216.0,23.887
33,27,264.0,216.0,23.887
34,27,272.0,216.0,23.887
35,27,280.0,216.0,23.922
36,27,288.0,216.0,23.922
37,27,296.0,216.0,23.922
38,27,304.0,216.0,23.922
39,27,312.0,216.0,23.909
40,27,320.0,216.0,23.909
41,27,328.0,216.0,23.909
42,27,336.0,216.0,23.909
43,27,344.0,216.0,23.309
44,27,352.0,216.0,23.309
45,27,360.0,216.0,23.309
46,27,368.0,216.0,21.531
47,27,376.0,216.0,21.531
48,27,384.0,216.0,21.531
49,27,392.0,216.0,21.531
50,27,400.0,216.0,21.193
51,27,408.0,216.0,21.193
52,27,416.0,216.0,21.193
53,27,424.0,216.0,22.024
54,27,432.0,216.0,22.024
55,27,440.0,216.0,22.024
56,27,448.0,216.0,23.704
57,27,456.0,216.0,23.704
58,27,464.0,216.0,23.704
59,27,472.0,216.0,23.704
60,27,480.0,216.0,23.921
61,27,488.0,216.0,23.921
62,27,496.0,216.0,23.921
63,27,504.0,216.0,23.905
64,27,512.0,216.0,23.905
65,27,520.0,216.0,23.905
66,27,528.0,216.0,23.905
67,27,536.0,216.0,23.840
68,27,544.0,216.0,23.840
69,27,552.0,216.0,23.840
70,27,560.0,216.0,23.763
71,27,568.0,216.0,23.763
72,27,576.0,216.0,23.763
73,27,584.0,216.0,23.763
74,27,592.0,216.0,23.691
75,27,600.0,216.0,23.691
76,27,608.0,216.0,23.691
77,27,616.0,216.0,23.613
78,27,624.0,216.0,23.613
79,27,632.0,216.0,23.613
80,27,640.0,216.0,23.613
81,27,648.0,216.0,23.510
82,27,656.0,216.0,23.510
83,27,664.0,216.0,23.510
84,27,672.0,216.0,23.510
85,27,680.0,216.0,23.407
86,27,688.0,216.0,23.407
87,27,696.0,216.0,23.407
88,27,704.0,216.0,23.350
89,27,712.0,216.0,23.350
90,27,720.0,216.0,23.350
91,27,728.0,216.0,23.424
92,27,736.0,216.0,23.424
93,27,744.0,216.0,23.424
94,27,752.0,216.0,23.424
95,27,760.0,216.0,23.875
96,27,768.0,216.0,23.875
5,28,40.0,224.0,23.826
6,28,48.0,224.0,23.826
7,28,56.0,224.0,23.447
8,28,64.0,224.0,23.447
9,28,72.0,224.0,23.447
10,28,80.0,224.0,23.447
11,28,88.0,224.0,23.405
12,28,96.0,224.0,23.405
13,28,104.0,224.0,23.405
14,28,112.0,224.0,23.460
15,28,120.0,224.0,23.460
16,28,128.0,224.0,23.460
17,28,136.0,224.0,23.460
18,28,144.0,224.0,23.566
19,28,152.0,224.0,23.566
20,28,160.0,224.0,23.566
21,28,168.0,224.0,23.566
22,28,176.0,224.0,23.664
23,28,184.0,224.0,23.664
24,28,192.0,224.0,23.664
25,28,200.0,224.0,23.755
26,28,208.0,224.0,23.755
27,28,216.0,224.0,23.755
28,28,224.0,224.0,23.852
29,28,232.0,224.0,23.852
30,28,240.0,224.0,23.852
31,28,248.0,224.0,23.852
32,28,256.0,224.0,23.908
33,28,264.0,224.0,23.908
34,28,272.0,224.0,23.908
35,28,280.0,224.0,23.920
36,28,288.0,224.0,23.920
37,28,296.0,224.0,23.920
38,28,304.0,224.0,23.920
39,28,312.0,224.0,23.889
40,28,320.0,224.0,23.889
41,28,328.0,224.0,23.889
42,28,336.0,224.0,23.889
43,28,344.0,224.0,23.669
44,28,352.0,224.0,23.669
45,28,360.0,224.0,23.669
46,28,368.0,224.0,23.110
47,28,376.0,224.0,23.110
48,28,384.0,224.0,23.110
49,28,392.0,224.0,23.110
50,28,400.0,224.0,22.965
51,28,408.0,224.0,22.965
52,28,416.0,224.0,22.965
53,28,424.0,224.0,23.269
54,28,432.0,224.0,23.269
55,28,440.0,224.0,23.269
56,28,448.0,224.0,23.802
57,28,456.0,224.0,23.802
58,28,464.0,224.0,23.802
59,28,472.0,224.0,23.802
60,28,480.0,224.0,23.904
61,28,488.0,224.0,23.904
62,28,496.0,224.0,23.904
63,28,504.0,224.0,23.917
64,28,512.0,224.0,23.917
65,28,520.0,224.0,23.917
66,28,528.0,224.0,23.917
67,28,536.0,224.0,23.876
68,28,544.0,224.0,23.876
69,28,552.0,224.0,23.876
70,28,560.0,224.0,23.794
71,28,568.0,224.0,23.794
72,28,576.0,224.0,23.794
73,28,584.0,224.0,23.794
74,28,592.0,224.0,23.713
75,28,600.0,224.0,23.713
76,28,608.0,224.0,23.713
77,28,616.0,224.0,23.621
78,28,624.0,224.0,23.621
79,28,632.0,224.0,23.621
80,28,640.0,224.0,23.621
81,28,648.0,224.0,23.522
82,28,656.0,224.0,23.522
83,28,664.0,224.0,23.522
84,28,672.0,224.0,23.522
85,28,680.0,224.0,23.428
86,28,688.0,224.0,23.428
87,28,696.0,224.0,23.428
88,28,704.0,224.0,23.405
89,28,712.0,224.0,23.405
90,28,720.0,224.0,23.405
91,28,728.0,224.0,23.563
92,28,736.0,224.0,23.563
93,28,744.0,224.0,23.563
94,28,752.0,224.0,23.563
95,28,760.0,224.0,23.931
5,29,40.0,232.0,23.826
6,29,48.0,232.0,23.826
7,29,56.0,232.0,23.447
8,29,64.0,232.0,23.447
9,29,72.0,232.0,23.447
10,29,80.0,232.0,23.447
11,29,88.0,232.0,23.405
12,29,96.0,232.0,23.405
13,29,104.0,232.0,23.405
14,29,112.0,232.0,23.460
15,29,120.0,232.0,23.460
16,29,128.0,232.0,23.460
17,29,136.0,232.0,23.460
18,29,144.0,232.0,23.566
19,29,152.0,232.0,23.566
20,29,160.0,232.0,23.566
21,29,168.0,232.0,23.566
22,29,176.0,232.0,23.664
23,29,184.0,232.0,23.664
24,29,192.0,232.0,23.664
25,29,200.0,232.0,23.755
26,29,208.0,232.0,23.755
27,29,216.0,232.0,23.755
28,29,224.0,232.0,23.852
29,29,232.0,232.0,23.852
30,29,240.0,232.0,23.852
31,29,248.0,232.0,23.852
32,29,256.0,232.0,23.908
33,29,264.0,232.0,23.908
34,29,272.0,232.0,23.908
35,29,280.0,232.0,23.920
36,29,288.0,232.0,23.920
37,29,296.0,232.0,23.920
38,29,304.0,232.0,23.920
39,29,312.0,232.0,23.889
40,29,320.0,232.0,23.889
41,29,328.0,232.0,23.889
42,29,336.0,232.0,23.889
43,29,344.0,232.0,23.669
44,29,352.0,232.0,23.669
45,29,360.0,232.0,23.669
46,29,368.0,232.0,23.110
47,29,376.0,232.0,23.110
48,29,384.0,232.0,23.110
49,29,392.0,232.0,23.110
50,29,400.0,232.0,22.965
51,29,408.0,232.0,22.965
52,29,416.0,232.0,22.965
53,29,424.0,232.0,23.269
54,29,432.0,232.0,23.269
55,29,440.0,232.0,23.269
56,29,448.0,232.0,23.802
57,29,456.0,232.0,23.802
58,29,464.0,232.0,23.802
59,29,472.0,232.0,23.802
60,29,480.0,232.0,23.904
61,29,488.0,232.0,23.904
62,29,496.0,232.0,23.904
63,29,504.0,232.0,23.917
64,29,512.0,232.0,23.917
65,29,520.0,232.0,23.917
66,29,528.0,232.0,23.917
67,29,536.0,232.0,23.876
68,29,544.0,232.0,23.876
69,29,552.0,232.0,23.876
70,29,560.0,232.0,23.794
71,29,568.0,232.0,23.794
72,29,576.0,232.0,23.794
73,29,584.0,232.0,23.794
74,29,592.0,232.0,23.713
75,29,600.0,232.0,23.713
76,29,608.0,232.0,23.713
77,29,616.0,232.0,23.621
78,29,624.0,232.0,23.621
79,29,632.0,232.0,23.621
80,29,640.0,232.0,23.621
81,29,648.0,232.0,23.522
82,29,656.0,232.0,23.522
83,29,664.0,232.0,23.522
84,29,672.0,232.0,23.522
85,29,680.0,232.0,23.428
86,29,688.0,232.0,23.428
87,29,696.0,232.0,23.428
88,29,704.0,232.0,23.405
89,29,712.0,232.0,23.405
90,29,720.0,232.0,23.405
91,29,728.0,232.0,23.563
92,29,736.0,232.0,23.563
93,29,744.0,232.0,23.563
94,29,752.0,232.0,23.563
95,29,760.0,232.0,23.931
5,30,40.0,240.0,23.826
6,30,48.0,240.0,23.826
7,30,56.0,240.0,23.447
8,30,64.0,240.0,23.447
9,30,72.0,240.0,23.447
10,30,80.0,240.0,23.447
11,30,88.0,240.0,23.405
12,30,96.0,240.0,23.405
13,30,104.0,240.0,23.405
14,30,112.0,240.0,23.460
15,30,120.0,240.0,23.460
16,30,128.0,240.0,23.460
17,30,136.0,240.0,23.460
18,30,144.0,240.0,23.566
19,30,152.0,240.0,23.566
20,30,160.0,240.0,23.566
21,30,168.0,240.0,23.566
22,30,176.0,240.0,23.664
23,30,184.0,240.0,23.664
24,30,192.0,240.0,23.664
25,30,200.0,240.0,23.755
26,30,208.0,240.0,23.755
27,30,216.0,240.0,23.755
28,30,224.0,240.0,23.852
29,30,232.0,240.0,23.852
30,30,240.0,240.0,23.852
31,30,248.0,240.0,23.852
32,30,256.0,240.0,23.908
33,30,264.0,240.0,23.908
34,30,272.0,240.0,23.908
35,30,280.0,240.0,23.920
36,30,288.0,240.0,23.920
37,30,296.0,240.0,23.920
38,30,304.0,240.0,23.920
39,30,312.0,240.0,23.889
40,30,320.0,240.0,23.889
41,30,328.0,240.0,23.889
42,30,336.0,240.0,23.889
43,30,344.0,240.0,23.669
44,30,352.0,240.0,23.669
45,30,360.0,240.0,23.669
46,30,368.0,240.0,23.110
47,30,376.0,240.0,23.110
48,30,384.0,240.0,23.110
49,30,392.0,240.0,23.110
50,30,400.0,240.0,22.965
51,30,408.0,240.0,22.965
52,30,416.0,240.0,22.965
53,30,424.0,240.0,23.269
54,30,432.0,240.0,23.269
55,30,440.0,240.0,23.269
56,30,448.0,240.0,23.802
57,30,456.0,240.0,23.802
58,30,464.0,240.0,23.802
59,30,472.0,240.0,23.802
60,30,480.0,240.0,23.904
61,30,488.0,240.0,23.904
62,30,496.0,240.0,23.904
63,30,504.0,240.0,23.917
64,30,512.0,240.0,23.917
65,30,520.0,240.0,23.917
66,30,528.0,240.0,23.917
67,30,536.0,240.0,23.876
68,30,544.0,240.0,23.876
69,30,552.0,240.0,23.876
70,30,560.0,240.0,23.794
71,30,568.0,240.0,23.794
72,30,576.0,240.0,23.794
73,30,584.0,240.0,23.794
74,30,592.0,240.0,23.713
75,30,600.0,240.0,23.713
76,30,608.0,240.0,23.713
77,30,616.0,240.0,23.621
78,30,624.0,240.0,23.621
79,30,632.0,240.0,23.621
80,30,640.0,240.0,23.621
81,30,648.0,240.0,23.522
82,30,656.0,240.0,23.522
83,30,664.0,240.0,23.522
84,30,672.0,240.0,23.522
85,30,680.0,240.0,23.428
86,30,688.0,240.0,23.428
87,30,696.0,240.0,23.428
88,30,704.0,240.0,23.405
89,30,712.0,240.0,23.405
90,30,720.0,240.0,23.405
91,30,728.0,240.0,23.563
92,30,736.0,240.0,23.563
93,30,744.0,240.0,23.563
94,30,752.0,240.0,23.563
95,30,760.0,240.0,23.931
5,31,40.0,248.0,23.826
6,31,48.0,248.0,23.826
7,31,56.0,248.0,23.447
8,31,64.0,248.0,23.447
9,31,72.0,248.0,23.447
10,31,80.0,248.0,23.447
11,31,88.0,248.0,23.405
12,31,96.0,248.0,23.405
13,31,104.0,248.0,23.405
14,31,112.0,248.0,23.460
15,31,120.0,248.0,23.460
16,31,128.0,248.0,23.460
17,31,136.0,248.0,23.460
18,31,144.0,248.0,23.566
19,31,152.0,248.0,23.566
20,31,160.0,248.0,23.566
21,31,168.0,248.0,23.566
22,31,176.0,248.0,23.664
23,31,184.0,248.0,23.664
24,31,192.0,248.0,23.664
25,31,200.0,248.0,23.755
26,31,208.0,248.0,23.755
27,31,216.0,248.0,23.755
28,31,224.0,248.0,23.852
29,31,232.0,248.0,23.852
30,31,240.0,248.0,23.852
31,31,248.0,248.0,23.852
32,31,256.0,248.0,23.908
33,31,264.0,248.0,23.908
34,31,272.0,248.0,23.908
35,31,280.0,248.0,23.920
36,31,288.0,248.0,23.920
37,31,296.0,248.0,23.920
38,31,304.0,248.0,23.920
39,31,312.0,248.0,23.889
40,31,320.0,248.0,23.889
41,31,328.0,248.0,23.889
42,31,336.0,248.0,23.889
43,31,344.0,248.0,23.669
44,31,352.0,248.0,23.669
45,31,360.0,248.0,23.669
46,31,368.0,248.0,23.110
47,31,376.0,248.0,23.110
48,31,384.0,248.0,23.110
49,31,392.0,248.0,23.110
50,31,400.0,248.0,22.965
51,31,408.0,248.0,22.965
52,31,416.0,248.0,22.965
53,31,424.0,248.0,23.269
54,31,432.0,248.0,23.269
55,31,440.0,248.0,23.269
56,31,448.0,248.0,23.802
57,31,456.0,248.0,23.802
58,31,464.0,248.0,23.802
59,31,472.0,248.0,23.802
60,31,480.0,248.0,23.904
61,31,488.0,248.0,23.904
62,31,496.0,248.0,23.904
63,31,504.0,248.0,23.917
64,31,512.0,248.0,23.917
65,31,520.0,248.0,23.917
66,31,528.0,248.0,23.917
67,31,536.0,248.0,23.876
68,31,544.0,248.0,23.876
69,31,552.0,248.0,23.876
70,31,560.0,248.0,23.794
71,31,568.0,248.0,23.794
72,31,576.0,248.0,23.794
73,31,584.0,248.0,23.794
74,31,592.0,248.0,23.713
75,31,600.0,248.0,23.713
76,31,608.0,248.0,23.713
77,31,616.0,248.0,23.621
78,31,624.0,248.0,23.621
79,31,632.0,248.0,23.621
80,31,640.0,248.0,23.621
81,31,648.0,248.0,23.522
82,31,656.0,248.0,23.522
83,31,664.0,248.0,23.522
84,31,672.0,248.0,23.522
85,31,680.0,248.0,23.428
86,31,688.0,248.0,23.428
87,31,696.0,248.0,23.428
88,31,704.0,248.0,23.405
89,31,712.0,248.0,23.405
90,31,720.0,248.0,23.405
91,31,728.0,248.0,23.563
92,31,736.0,248.0,23.563
93,31,744.0,248.0,23.563
94,31,752.0,248.0,23.563
95,31,760.0,248.0,23.931
6,32,48.0,256.0,23.962
7,32,56.0,256.0,23.579
8,32,64.0,256.0,23.579
9,32,72.0,256.0,23.579
10,32,80.0,256.0,23.579
11,32,88.0,256.0,23.463
12,32,96.0,256.0,23.463
13,32,104.0,256.0,23.463
14,32,112.0,256.0,23.505
15,32,120.0,256.0,23.505
16,32,128.0,256.0,23.505
17,32,136.0,256.0,23.505
18,32,144.0,256.0,23.584
19,32,152.0,256.0,23.584
20,32,160.0,256.0,23.584
21,32,168.0,256.0,23.584
22,32,176.0,256.0,23.684
23,32,184.0,256.0,23.684
24,32,192.0,256.0,23.684
25,32,200.0,256.0,23.788
26,32,208.0,256.0,23.788
27,32,216.0,256.0,23.788
28,32,224.0,256.0,23.873
29,32,232.0,256.0,23.873
30,32,240.0,256.0,23.873
31,32,248.0,256.0,23.873
32,32,256.0,256.0,23.898
33,32,264.0,256.0,23.898
34,32,272.0,256.0,23.898
35,32,280.0,256.0,23.885
36,32,288.0,256.0,23.885
37,32,296.0,256.0,23.885
38,32,304.0,256.0,23.885
39,32,312.0,256.0,23.851
40,32,320.0,256.0,23.851
41,32,328.0,256.0,23.851
42,32,336.0,256.0,23.851
43,32,344.0,256.0,23.804
44,32,352.0,256.0,23.804
45,32,360.0,256.0,23.804
46,32,368.0,256.0,23.757
47,32,376.0,256.0,23.757
48,32,384.0,256.0,23.757
49,32,392.0,256.0,23.757
50,32,400.0,256.0,23.739
51,32,408.0,256.0,23.739
52,32,416.0,256.0,23.739
53,32,424.0,256.0,23.772
54,32,432.0,256.0,23.772
55,32,440.0,256.0,23.772
56,32,448.0,256.0,23.820
57,32,456.0,256.0,23.820
58,32,464.0,256.0,23.820
59,32,472.0,256.0,23.820
60,32,480.0,256.0,23.865
61,32,488.0,256.0,23.865
62,32,496.0,256.0,23.865
63,32,504.0,256.0,23.896
64,32,512.0,256.0,23.896
65,32,520.0,256.0,23.896
66,32,528.0,256.0,23.896
67,32,536.0,256.0,23.887
68,32,544.0,256.0,23.887
69,32,552.0,256.0,23.887
70,32,560.0,256.0,23.829
71,32,568.0,256.0,23.829
72,32,576.0,256.0,23.829
73,32,584.0,256.0,23.829
74,32,592.0,256.0,23.746
75,32,600.0,256.0,23.746
76,32,608.0,256.0,23.746
77,32,616.0,256.0,23.646
78,32,624.0,256.0,23.646
79,32,632.0,256.0,23.646
80,32,640.0,256.0,23.646
81,32,648.0,256.0,23.552
82,32,656.0,256.0,23.552
83,32,664.0,256.0,23.552
84,32,672.0,256.0,23.552
85,32,680.0,256.0,23.481
86,32,688.0,256.0,23.481
87,32,696.0,256.0,23.481
88,32,704.0,256.0,23.477
89,32,712.0,256.0,23.477
90,32,720.0,256.0,23.477
91,32,728.0,256.0,23.814
92,32,736.0,256.0,23.814
93,32,744.0,256.0,23.814
94,32,752.0,256.0,23.814
6,33,48.0,264.0,23.962
7,33,56.0,264.0,23.579
8,33,64.0,264.0,23.579
9,33,72.0,264.0,23.579
10,33,80.0,264.0,23.579
11,33,88.0,264.0,23.463
12,33,96.0,264.0,23.463
13,33,104.0,264.0,23.463
14,33,112.0,264.0,23.505
15,33,120.0,264.0,23.505
16,33,128.0,264.0,23.505
17,33,136.0,264.0,23.505
18,33,144.0,264.0,23.584
19,33,152.0,264.0,23.584
20,33,160.0,264.0,23.584
21,33,168.0,264.0,23.584
22,33,176.0,264.0,23.684
23,33,184.0,264.0,23.684
24,33,192.0,264.0,23.684
25,33,200.0,264.0,23.788
26,33,208.0,264.0,23.788
27,33,216.0,264.0,23.788
28,33,224.0,264.0,23.873
29,33,232.0,264.0,23.873
30,33,240.0,264.0,23.873
31,33,248.0,264.0,23.873
32,33,256.0,264.0,23.898
33,33,264.0,264.0,23.898
34,33,272.0,264.0,23.898
35,33,280.0,264.0,23.885
36,33,288.0,264.0,23.885
37,33,296.0,264.0,23.885
38,33,304.0,264.0,23.885
39,33,312.0,264.0,23.851
40,33,320.0,264.0,23.851
41,33,328.0,264.0,23.851
42,33,336.0,264.0,23.851
43,33,344.0,264.0,23.804
44,33,352.0,264.0,23.804
45,33,360.0,264.0,23.804
46,33,368.0,264.0,23.757
47,33,376.0,264.0,23.757
48,33,384.0,264.0,23.757
49,33,392.0,264.0,23.757
50,33,400.0,264.0,23.739
51,33,408.0,264.0,23.739
52,33,416.0,264.0,23.739
53,33,424.0,264.0,23.772
54,33,432.0,264.0,23.772
55,33,440.0,264.0,23.772
56,33,448.0,264.0,23.820
57,33,456.0,264.0,23.820
58,33,464.0,264.0,23.820
59,33,472.0,264.0,23.820
60,33,480.0,264.0,23.865
61,33,488.0,264.0,23.865
62,33,496.0,264.0,23.865
63,33,504.0,264.0,23.896
64,33,512.0,264.0,23.896
65,33,520.0,264.0,23.896
66,33,528.0,264.0,23.896
67,33,536.0,264.0,23.887
68,33,544.0,264.0,23.887
69,33,552.0,264.0,23.887
70,33,560.0,264.0,23.829
71,33,568.0,264.0,23.829
72,33,576.0,264.0,23.829
73,33,584.0,264.0,23.829
74,33,592.0,264.0,23.746
75,33,600.0,264.0,23.746
76,33,608.0,264.0,23.746
77,33,616.0,264.0,23.646
78,33,624.0,264.0,23.646
79,33,632.0,264.0,23.646
80,33,640.0,264.0,23.646
81,33,648.0,264.0,23.552
82,33,656.0,264.0,23.552
83,33,664.0,264.0,23.552
84,33,672.0,264.0,23.552
85,33,680.0,264.0,23.481
86,33,688.0,264.0,23.481
87,33,696.0,264.0,23.481
88,33,704.0,264.0,23.477
89,33,712.0,264.0,23.477
90,33,720.0,264.0,23.477
91,33,728.0,264.0,23.814
92,33,736.0,264.0,23.814
93,33,744.0,264.0,23.814
94,33,752.0,264.0,23.814
7,34,56.0,272.0,23.579
8,34,64.0,272.0,23.579
9,34,72.0,272.0,23.579
10,34,80.0,272.0,23.579
11,34,88.0,272.0,23.463
12,34,96.0,272.0,23.463
13,34,104.0,272.0,23.463
14,34,112.0,272.0,23.505
15,34,120.0,272.0,23.505
16,34,128.0,272.0,23.505
17,34,136.0,272.0,23.505
18,34,144.0,272.0,23.584
19,34,152.0,272.0,23.584
20,34,160.0,272.0,23.584
21,34,168.0,272.0,23.584
22,34,176.0,272.0,23.684
23,34,184.0,272.0,23.684
24,34,192.0,272.0,23.684
25,34,200.0,272.0,23.788
26,34,208.0,272.0,23.788
27,34,216.0,272.0,23.788
28,34,224.0,272.0,23.873
29,34,232.0,272.0,23.873
30,34,240.0,272.0,23.873
31,34,248.0,272.0,23.873
32,34,256.0,272.0,23.898
33,34,264.0,272.0,23.898
34,34,272.0,272.0,23.898
35,34,280.0,272.0,23.885
36,34,288.0,272.0,23.885
37,34,296.0,272.0,23.885
38,34,304.0,272.0,23.885
39,34,312.0,272.0,23.851
40,34,320.0,272.0,23.851
41,34,328.0,272.0,23.851
42,34,336.0,272.0,23.851
43,34,344.0,272.0,23.804
44,34,352.0,272.0,23.804
45,34,360.0,272.0,23.804
46,34,368.0,272.0,23.757
47,34,376.0,272.0,23.757
48,34,384.0,272.0,23.757
49,34,392.0,272.0,23.757
50,34,400.0,272.0,23.739
51,34,408.0,272.0,23.739
52,34,416.0,272.0,23.739
53,34,424.0,272.0,23.772
54,34,432.0,272.0,23.772
55,34,440.0,272.0,23.772
56,34,448.0,272.0,23.820
57,34,456.0,272.0,23.820
58,34,464.0,272.0,23.820
59,34,472.0,272.0,23.820
60,34,480.0,272.0,23.865
61,34,488.0,272.0,23.865
62,34,496.0,272.0,23.865
63,34,504.0,272.0,23.896
64,34,512.0,272.0,23.896
65,34,520.0,272.0,23.896
66,34,528.0,272.0,23.896
67,34,536.0,272.0,23.887
68,34,544.0,272.0,23.887
69,34,552.0,272.0,23.887
70,34,560.0,272.0,23.829
71,34,568.0,272.0,23.829
72,34,576.0,272.0,23.829
73,34,584.0,272.0,23.829
74,34,592.0,272.0,23.746
75,34,600.0,272.0,23.746
76,34,608.0,272.0,23.746
77,34,616.0,272.0,23.646
78,34,624.0,272.0,23.646
79,34,632.0,272.0,23.646
80,34,640.0,272.0,23.646
81,34,648.0,272.0,23.552
82,34,656.0,272.0,23.552
83,34,664.0,272.0,23.552
84,34,672.0,272.0,23.552
85,34,680.0,272.0,23.481
86,34,688.0,272.0,23.481
87,34,696.0,272.0,23.481
88,34,704.0,272.0,23.477
89,34,712.0,272.0,23.477
90,34,720.0,272.0,23.477
91,34,728.0,272.0,23.814
92,34,736.0,272.0,23.814
93,34,744.0,272.0,23.814
7,35,56.0,280.0,23.848
8,35,64.0,280.0,23.848
9,35,72.0,280.0,23.848
10,35,80.0,280.0,23.848
11,35,88.0,280.0,23.528
12,35,96.0,280.0,23.528
13,35,104.0,280.0,23.528
14,35,112.0,280.0,23.563
15,35,120.0,280.0,23.563
16,35,128.0,280.0,23.563
17,35,136.0,280.0,23.563
18,35,144.0,280.0,23.637
19,35,152.0,280.0,23.637
20,35,160.0,280.0,23.637
21,35,168.0,280.0,23.637
22,35,176.0,280.0,23.729
23,35,184.0,280.0,23.729
24,35,192.0,280.0,23.729
25,35,200.0,280.0,23.811
26,35,208.0,280.0,23.811
27,35,216.0,280.0,23.811
28,35,224.0,280.0,23.867
29,35,232.0,280.0,23.867
30,35,240.0,280.0,23.867
31,35,248.0,280.0,23.867
32,35,256.0,280.0,23.868
33,35,264.0,280.0,23.868
34,35,272.0,280.0,23.868
35,35,280.0,280.0,23.839
36,35,288.0,280.0,23.839
37,35,296.0,280.0,23.839
38,35,304.0,280.0,23.839
39,35,312.0,280.0,23.813
40,35,320.0,280.0,23.813
41,35,328.0,280.0,23.813
42,35,336.0,280.0,23.813
43,35,344.0,280.0,23.784
44,35,352.0,280.0,23.784
45,35,360.0,280.0,23.784
46,35,368.0,280.0,23.766
47,35,376.0,280.0,23.766
48,35,384.0,280.0,23.766
49,35,392.0,280.0,23.766
50,35,400.0,280.0,23.761
51,35,408.0,280.0,23.761
52,35,416.0,280.0,23.761
53,35,424.0,280.0,23.770
54,35,432.0,280.0,23.770
55,35,440.0,280.0,23.770
56,35,448.0,280.0,23.793
57,35,456.0,280.0,23.793
58,35,464.0,280.0,23.793
59,35,472.0,280.0,23.793
60,35,480.0,280.0,23.825
61,35,488.0,280.0,23.825
62,35,496.0,280.0,23.825
63,35,504.0,280.0,23.861
64,35,512.0,280.0,23.861
65,35,520.0,280.0,23.861
66,35,528.0,280.0,23.861
67,35,536.0,280.0,23.870
68,35,544.0,280.0,23.870
69,35,552.0,280.0,23.870
70,35,560.0,280.0,23.849
71,35,568.0,280.0,23.849
72,35,576.0,280.0,23.849
73,35,584.0,280.0,23.849
74,35,592.0,280.0,23.776
75,35,600.0,280.0,23.776
76,35,608.0,280.0,23.776
77,35,616.0,280.0,23.683
78,35,624.0,280.0,23.683
79,35,632.0,280.0,23.683
80,35,640.0,280.0,23.683
81,35,648.0,280.0,23.594
82,35,656.0,280.0,23.594
83,35,664.0,280.0,23.594
84,35,672.0,280.0,23.594
85,35,680.0,280.0,23.534
86,35,688.0,280.0,23.534
87,35,696.0,280.0,23.534
88,35,704.0,280.0,23.545
89,35,712.0,280.0,23.545
90,35,720.0,280.0,23.545
91,35,728.0,280.0,23.893
92,35,736.0,280.0,23.893
93,35,744.0,280.0,23.893
7,36,56.0,288.0,23.848
8,36,64.0,288.0,23.848
9,36,72.0,288.0,23.848
10,36,80.0,288.0,23.848
11,36,88.0,288.0,23.528
12,36,96.0,288.0,23.528
13,36,104.0,288.0,23.528
14,36,112.0,288.0,23.563
15,36,120.0,288.0,23.563
16,36,128.0,288.0,23.563
17,36,136.0,288.0,23.563
18,36,144.0,288.0,23.637
19,36,152.0,288.0,23.637
20,36,160.0,288.0,23.637
21,36,168.0,288.0,23.637
22,36,176.0,288.0,23.729
23,36,184.0,288.0,23.729
24,36,192.0,288.0,23.729
25,36,200.0,288.0,23.811
26,36,208.0,288.0,23.811
27,36,216.0,288.0,23.811
28,36,224.0,288.0,23.867
29,36,232.0,288.0,23.867
30,36,240.0,288.0,23.867
31,36,248.0,288.0,23.867
32,36,256.0,288.0,23.868
33,36,264.0,288.0,23.868
34,36,272.0,288.0,23.868
35,36,280.0,288.0,23.839
36,36,288.0,288.0,23.839
37,36,296.0,288.0,23.839
38,36,304.0,288.0,23.839
39,36,312.0,288.0,23.813
40,36,320.0,288.0,23.813
41,36,328.0,288.0,23.813
42,36,336.0,288.0,23.813
43,36,344.0,288.0,23.784
44,36,352.0,288.0,23.784
45,36,360.0,288.0,23.784
46,36,368.0,288.0,23.766
47,36,376.0,288.0,23.766
48,36,384.0,288.0,23.766
49,36,392.0,288.0,23.766
50,36,400.0,288.0,23.761
51,36,408.0,288.0,23.761
52,36,416.0,288.0,23.761
53,36,424.0,288.0,23.770
54,36,432.0,288.0,23.770
55,36,440.0,288.0,23.770
56,36,448.0,288.0,23.793
57,36,456.0,288.0,23.793
58,36,464.0,288.0,23.793
59,36,472.0,288.0,23.793
60,36,480.0,288.0,23.825
61,36,488.0,288.0,23.825
62,36,496.0,288.0,23.825
63,36,504.0,288.0,23.861
64,36,512.0,288.0,23.861
65,36,520.0,288.0,23.861
66,36,528.0,288.0,23.861
67,36,536.0,288.0,23.870
68,36,544.0,288.0,23.870
69,36,552.0,288.0,23.870
70,36,560.0,288.0,23.849
71,36,568.0,288.0,23.849
72,36,576.0,288.0,23.849
73,36,584.0,288.0,23.849
74,36,592.0,288.0,23.776
75,36,600.0,288.0,23.776
76,36,608.0,288.0,23.776
77,36,616.0,288.0,23.683
78,36,624.0,288.0,23.683
79,36,632.0,288.0,23.683
80,36,640.0,288.0,23.683
81,36,648.0,288.0,23.594
82,36,656.0,288.0,23.594
83,36,664.0,288.0,23.594
84,36,672.0,288.0,23.594
85,36,680.0,288.0,23.534
86,36,688.0,288.0,23.534
87,36,696.0,288.0,23.534
88,36,704.0,288.0,23.545
89,36,712.0,288.0,23.545
90,36,720.0,288.0,23.545
91,36,728.0,288.0,23.893
92,36,736.0,288.0,23.893
93,36,744.0,288.0,23.893
8,37,64.0,296.0,23.848
9,37,72.0,296.0,23.848
10,37,80.0,296.0,23.848
11,37,88.0,296.0,23.528
12,37,96.0,296.0,23.528
13,37,104.0,296.0,23.528
14,37,112.0,296.0,23.563
15,37,120.0,296.0,23.563
16,37,128.0,296.0,23.563
17,37,136.0,296.0,23.563
18,37,144.0,296.0,23.637
19,37,152.0,296.0,23.637
20,37,160.0,296.0,23.637
21,37,168.0,296.0,23.637
22,37,176.0,296.0,23.729
23,37,184.0,296.0,23.729
24,37,192.0,296.0,23.729
25,37,200.0,296.0,23.811
26,37,208.0,296.0,23.811
27,37,216.0,296.0,23.811
28,37,224.0,296.0,23.867
29,37,232.0,296.0,23.867
30,37,240.0,296.0,23.867
31,37,248.0,296.0,23.867
32,37,256.0,296.0,23.868
33,37,264.0,296.0,23.868
34,37,272.0,296.0,23.868
35,37,280.0,296.0,23.839
36,37,288.0,296.0,23.839
37,37,296.0,296.0,23.839
38,37,304.0,296.0,23.839
39,37,312.0,296.0,23.813
40,37,320.0,296.0,23.813
41,37,328.0,296.0,23.813
42,37,336.0,296.0,23.813
43,37,344.0,296.0,23.784
44,37,352.0,296.0,23.784
45,37,360.0,296.0,23.784
46,37,368.0,296.0,23.766
47,37,376.0,296.0,23.766
48,37,384.0,296.0,23.766
49,37,392.0,296.0,23.766
50,37,400.0,296.0,23.761
51,37,408.0,296.0,23.761
52,37,416.0,296.0,23.761
53,37,424.0,296.0,23.770
54,37,432.0,296.0,23.770
55,37,440.0,296.0,23.770
56,37,448.0,296.0,23.793
57,37,456.0,296.0,23.793
58,37,464.0,296.0,23.793
59,37,472.0,296.0,23.793
60,37,480.0,296.0,23.825
61,37,488.0,296.0,23.825
62,37,496.0,296.0,23.825
63,37,504.0,296.0,23.861
64,37,512.0,296.0,23.861
65,37,520.0,296.0,23.861
66,37,528.0,296.0,23.861
67,37,536.0,296.0,23.870
68,37,544.0,296.0,23.870
69,37,552.0,296.0,23.870
70,37,560.0,296.0,23.849
71,37,568.0,296.0,23.849
72,37,576.0,296.0,23.849
73,37,584.0,296.0,23.849
74,37,592.0,296.0,23.776
75,37,600.0,296.0,23.776
76,37,608.0,296.0,23.776
77,37,616.0,296.0,23.683
78,37,624.0,296.0,23.683
79,37,632.0,296.0,23.683
80,37,640.0,296.0,23.683
81,37,648.0,296.0,23.594
82,37,656.0,296.0,23.594
83,37,664.0,296.0,23.594
84,37,672.0,296.0,23.594
85,37,680.0,296.0,23.534
86,37,688.0,296.0,23.534
87,37,696.0,296.0,23.534
88,37,704.0,296.0,23.545
89,37,712.0,296.0,23.545
90,37,720.0,296.0,23.545
91,37,728.0,296.0,23.893
92,37,736.0,296.0,23.893
8,38,64.0,304.0,23.848
9,38,72.0,304.0,23.848
10,38,80.0,304.0,23.848
11,38,88.0,304.0,23.528
12,38,96.0,304.0,23.528
13,38,104.0,304.0,23.528
14,38,112.0,304.0,23.563
15,38,120.0,304.0,23.563
16,38,128.0,304.0,23.563
17,38,136.0,304.0,23.563
18,38,144.0,304.0,23.637
19,38,152.0,304.0,23.637
20,38,160.0,304.0,23.637
21,38,168.0,304.0,23.637
22,38,176.0,304.0,23.729
23,38,184.0,304.0,23.729
24,38,192.0,304.0,23.729
25,38,200.0,304.0,23.811
26,38,208.0,304.0,23.811
27,38,216.0,304.0,23.811
28,38,224.0,304.0,23.867
29,38,232.0,304.0,23.867
30,38,240.0,304.0,23.867
31,38,248.0,304.0,23.867
32,38,256.0,304.0,23.868
33,38,264.0,304.0,23.868
34,38,272.0,304.0,23.868
35,38,280.0,304.0,23.839
36,38,288.0,304.0,23.839
37,38,296.0,304.0,23.839
38,38,304.0,304.0,23.839
39,38,312.0,304.0,23.813
40,38,320.0,304.0,23.813
41,38,328.0,304.0,23.813
42,38,336.0,304.0,23.813
43,38,344.0,304.0,23.784
44,38,352.0,304.0,23.784
45,38,360.0,304.0,23.784
46,38,368.0,304.0,23.766
47,38,376.0,304.0,23.766
48,38,384.0,304.0,23.766
49,38,392.0,304.0,23.766
50,38,400.0,304.0,23.761
51,38,408.0,304.0,23.761
52,38,416.0,304.0,23.761
53,38,424.0,304.0,23.770
54,38,432.0,304.0,23.770
55,38,440.0,304.0,23.770
56,38,448.0,304.0,23.793
57,38,456.0,304.0,23.793
58,38,464.0,304.0,23.793
59,38,472.0,304.0,23.793
60,38,480.0,304.0,23.825
61,38,488.0,304.0,23.825
62,38,496.0,304.0,23.825
63,38,504.0,304.0,23.861
64,38,512.0,304.0,23.861
65,38,520.0,304.0,23.861
66,38,528.0,304.0,23.861
67,38,536.0,304.0,23.870
68,38,544.0,304.0,23.870
69,38,552.0,304.0,23.870
70,38,560.0,304.0,23.849
71,38,568.0,304.0,23.849
72,38,576.0,304.0,23.849
73,38,584.0,304.0,23.849
74,38,592.0,304.0,23.776
75,38,600.0,304.0,23.776
76,38,608.0,304.0,23.776
77,38,616.0,304.0,23.683
78,38,624.0,304.0,23.683
79,38,632.0,304.0,23.683
80,38,640.0,304.0,23.683
81,38,648.0,304.0,23.594
82,38,656.0,304.0,23.594
83,38,664.0,304.0,23.594
84,38,672.0,304.0,23.594
85,38,680.0,304.0,23.534
86,38,688.0,304.0,23.534
87,38,696.0,304.0,23.534
88,38,704.0,304.0,23.545
89,38,712.0,304.0,23.545
90,38,720.0,304.0,23.545
91,38,728.0,304.0,23.893
92,38,736.0,304.0,23.893
9,39,72.0,312.0,23.917
10,39,80.0,312.0,23.917
11,39,88.0,312.0,23.580
12,39,96.0,312.0,23.580
13,39,104.0,312.0,23.580
14,39,112.0,312.0,23.579
15,39,120.0,312.0,23.579
16,39,128.0,312.0,23.579
17,39,136.0,312.0,23.579
18,39,144.0,312.0,23.650
19,39,152.0,312.0,23.650
20,39,160.0,312.0,23.650
21,39,168.0,312.0,23.650
22,39,176.0,312.0,23.738
23,39,184.0,312.0,23.738
24,39,192.0,312.0,23.738
25,39,200.0,312.0,23.812
26,39,208.0,312.0,23.812
27,39,216.0,312.0,23.812
28,39,224.0,312.0,23.835
29,39,232.0,312.0,23.835
30,39,240.0,312.0,23.835
31,39,248.0,312.0,23.835
32,39,256.0,312.0,23.822
33,39,264.0,312.0,23.822
34,39,272.0,312.0,23.822
35,39,280.0,312.0,23.803
36,39,288.0,312.0,23.803
37,39,296.0,312.0,23.803
38,39,304.0,312.0,23.803
39,39,312.0,312.0,23.782
40,39,320.0,312.0,23.782
41,39,328.0,312.0,23.782
42,39,336.0,312.0,23.782
43,39,344.0,312.0,23.769
44,39,352.0,312.0,23.769
45,39,360.0,312.0,23.769
46,39,368.0,312.0,23.760
47,39,376.0,312.0,23.760
48,39,384.0,312.0,23.760
49,39,392.0,312.0,23.760
50,39,400.0,312.0,23.760
51,39,408.0,312.0,23.760
52,39,416.0,312.0,23.760
53,39,424.0,312.0,23.762
54,39,432.0,312.0,23.762
55,39,440.0,312.0,23.762
56,39,448.0,312.0,23.775
57,39,456.0,312.0,23.775
58,39,464.0,312.0,23.775
59,39,472.0,312.0,23.775
60,39,480.0,312.0,23.786
61,39,488.0,312.0,23.786
62,39,496.0,312.0,23.786
63,39,504.0,312.0,23.813
64,39,512.0,312.0,23.813
65,39,520.0,312.0,23.813
66,39,528.0,312.0,23.813
67,39,536.0,312.0,23.826
68,39,544.0,312.0,23.826
69,39,552.0,312.0,23.826
70,39,560.0,312.0,23.832
71,39,568.0,312.0,23.832
72,39,576.0,312.0,23.832
73,39,584.0,312.0,23.832
74,39,592.0,312.0,23.789
75,39,600.0,312.0,23.789
76,39,608.0,312.0,23.789
77,39,616.0,312.0,23.705
78,39,624.0,312.0,23.705
79,39,632.0,312.0,23.705
80,39,640.0,312.0,23.705
81,39,648.0,312.0,23.623
82,39,656.0,312.0,23.623
83,39,664.0,312.0,23.623
84,39,672.0,312.0,23.623
85,39,680.0,312.0,23.564
86,39,688.0,312.0,23.564
87,39,696.0,312.0,23.564
88,39,704.0,312.0,23.788
89,39,712.0,312.0,23.788
90,39,720.0,312.0,23.788
91,39,728.0,312.0,24.080
9,40,72.0,320.0,23.917
10,40,80.0,320.0,23.917
11,40,88.0,320.0,23.580
12,40,96.0,320.0,23.580
13,40,104.0,320.0,23.580
14,40,112.0,320.0,23.579
15,40,120.0,320.0,23.579
16,40,128.0,320.0,23.579
17,40,136.0,320.0,23.579
18,40,144.0,320.0,23.650
19,40,152.0,320.0,23.650
20,40,160.0,320.0,23.650
21,40,168.0,320.0,23.650
22,40,176.0,320.0,23.738
23,40,184.0,320.0,23.738
24,40,192.0,320.0,23.738
25,40,200.0,320.0,23.812
26,40,208.0,320.0,23.812
27,40,216.0,320.0,23.812
28,40,224.0,320.0,23.835
29,40,232.0,320.0,23.835
30,40,240.0,320.0,23.835
31,40,248.0,320.0,23.835
32,40,256.0,320.0,23.822
33,40,264.0,320.0,23.822
34,40,272.0,320.0,23.822
35,40,280.0,320.0,23.803
36,40,288.0,320.0,23.803
37,40,296.0,320.0,23.803
38,40,304.0,320.0,23.803
39,40,312.0,320.0,23.782
40,40,320.0,320.0,23.782
41,40,328.0,320.0,23.782
42,40,336.0,320.0,23.782
43,40,344.0,320.0,23.769
44,40,352.0,320.0,23.769
45,40,360.0,320.0,23.769
46,40,368.0,320.0,23.760
47,40,376.0,320.0,23.760
48,40,384.0,320.0,23.760
49,40,392.0,320.0,23.760
50,40,400.0,320.0,23.760
51,40,408.0,320.0,23.760
52,40,416.0,320.0,23.760
53,40,424.0,320.0,23.762
54,40,432.0,320.0,23.762
55,40,440.0,320.0,23.762
56,40,448.0,320.0,23.775
57,40,456.0,320.0,23.775
58,40,464.0,320.0,23.775
59,40,472.0,320.0,23.775
60,40,480.0,320.0,23.786
61,40,488.0,320.0,23.786
62,40,496.0,320.0,23.786
63,40,504.0,320.0,23.813
64,40,512.0,320.0,23.813
65,40,520.0,320.0,23.813
66,40,528.0,320.0,23.813
67,40,536.0,320.0,23.826
68,40,544.0,320.0,23.826
69,40,552.0,320.0,23.826
70,40,560.0,320.0,23.832
71,40,568.0,320.0,23.832
72,40,576.0,320.0,23.832
73,40,584.0,320.0,23.832
74,40,592.0,320.0,23.789
75,40,600.0,320.0,23.789
76,40,608.0,320.0,23.789
77,40,616.0,320.0,23.705
78,40,624.0,320.0,23.705
79,40,632.0,320.0,23.705
80,40,640.0,320.0,23.705
81,40,648.0,320.0,23.623
82,40,656.0,320.0,23.623
83,40,664.0,320.0,23.623
84,40,672.0,320.0,23.623
85,40,680.0,320.0,23.564
86,40,688.0,320.0,23.564
87,40,696.0,320.0,23.564
88,40,704.0,320.0,23.788
89,40,712.0,320.0,23.788
90,40,720.0,320.0,23.788
91,40,728.0,320.0,24.080
10,41,80.0,328.0,23.917
11,41,88.0,328.0,23.580
12,41,96.0,328.0,23.580
13,41,104.0,328.0,23.580
14,41,112.0,328.0,23.579
15,41,120.0,328.0,23.579
16,41,128.0,328.0,23.579
17,41,136.0,328.0,23.579
18,41,144.0,328.0,23.650
19,41,152.0,328.0,23.650
20,41,160.0,328.0,23.650
21,41,168.0,328.0,23.650
22,41,176.0,328.0,23.738
23,41,184.0,328.0,23.738
24,41,192.0,328.0,23.738
25,41,200.0,328.0,23.812
26,41,208.0,328.0,23.812
27,41,216.0,328.0,23.812
28,41,224.0,328.0,23.835
29,41,232.0,328.0,23.835
30,41,240.0,328.0,23.835
31,41,248.0,328.0,23.835
32,41,256.0,328.0,23.822
33,41,264.0,328.0,23.822
34,41,272.0,328.0,23.822
35,41,280.0,328.0,23.803
36,41,288.0,328.0,23.803
37,41,296.0,328.0,23.803
38,41,304.0,328.0,23.803
39,41,312.0,328.0,23.782
40,41,320.0,328.0,23.782
41,41,328.0,328.0,23.782
42,41,336.0,328.0,23.782
43,41,344.0,328.0,23.769
44,41,352.0,328.0,23.769
45,41,360.0,328.0,23.769
46,41,368.0,328.0,23.760
47,41,376.0,328.0,23.760
48,41,384.0,328.0,23.760
49,41,392.0,328.0,23.760
50,41,400.0,328.0,23.760
51,41,408.0,328.0,23.760
52,41,416.0,328.0,23.760
53,41,424.0,328.0,23.762
54,41,432.0,328.0,23.762
55,41,440.0,328.0,23.762
56,41,448.0,328.0,23.775
57,41,456.0,328.0,23.775
58,41,464.0,328.0,23.775
59,41,472.0,328.0,23.775
60,41,480.0,328.0,23.786
61,41,488.0,328.0,23.786
62,41,496.0,328.0,23.786
63,41,504.0,328.0,23.813
64,41,512.0,328.0,23.813
65,41,520.0,328.0,23.813
66,41,528.0,328.0,23.813
67,41,536.0,328.0,23.826
68,41,544.0,328.0,23.826
69,41,552.0,328.0,23.826
70,41,560.0,328.0,23.832
71,41,568.0,328.0,23.832
72,41,576.0,328.0,23.832
73,41,584.0,328.0,23.832
74,41,592.0,328.0,23.789
75,41,600.0,328.0,23.789
76,41,608.0,328.0,23.789
77,41,616.0,328.0,23.705
78,41,624.0,328.0,23.705
79,41,632.0,328.0,23.705
80,41,640.0,328.0,23.705
81,41,648.0,328.0,23.623
82,41,656.0,328.0,23.623
83,41,664.0,328.0,23.623
84,41,672.0,328.0,23.623
85,41,680.0,328.0,23.564
86,41,688.0,328.0,23.564
87,41,696.0,328.0,23.564
88,41,704.0,328.0,23.788
89,41,712.0,328.0,23.788
90,41,720.0,328.0,23.788
10,42,80.0,336.0,23.917
11,42,88.0,336.0,23.580
12,42,96.0,336.0,23.580
13,42,104.0,336.0,23.580
14,42,112.0,336.0,23.579
15,42,120.0,336.0,23.579
16,42,128.0,336.0,23.579
17,42,136.0,336.0,23.579
18,42,144.0,336.0,23.650
19,42,152.0,336.0,23.650
20,42,160.0,336.0,23.650
21,42,168.0,336.0,23.650
22,42,176.0,336.0,23.738
23,42,184.0,336.0,23.738
24,42,192.0,336.0,23.738
25,42,200.0,336.0,23.812
26,42,208.0,336.0,23.812
27,42,216.0,336.0,23.812
28,42,224.0,336.0,23.835
29,42,232.0,336.0,23.835
30,42,240.0,336.0,23.835
31,42,248.0,336.0,23.835
32,42,256.0,336.0,23.822
33,42,264.0,336.0,23.822
34,42,272.0,336.0,23.822
35,42,280.0,336.0,23.803
36,42,288.0,336.0,23.803
37,42,296.0,336.0,23.803
38,42,304.0,336.0,23.803
39,42,312.0,336.0,23.782
40,42,320.0,336.0,23.782
41,42,328.0,336.0,23.782
42,42,336.0,336.0,23.782
43,42,344.0,336.0,23.769
44,42,352.0,336.0,23.769
45,42,360.0,336.0,23.769
46,42,368.0,336.0,23.760
47,42,376.0,336.0,23.760
48,42,384.0,336.0,23.760
49,42,392.0,336.0,23.760
50,42,400.0,336.0,23.760
51,42,408.0,336.0,23.760
52,42,416.0,336.0,23.760
53,42,424.0,336.0,23.762
54,42,432.0,336.0,23.762
55,42,440.0,336.0,23.762
56,42,448.0,336.0,23.775
57,42,456.0,336.0,23.775
58,42,464.0,336.0,23.775
59,42,472.0,336.0,23.775
60,42,480.0,336.0,23.786
61,42,488.0,336.0,23.786
62,42,496.0,336.0,23.786
63,42,504.0,336.0,23.813
64,42,512.0,336.0,23.813
65,42,520.0,336.0,23.813
66,42,528.0,336.0,23.813
67,42,536.0,336.0,23.826
68,42,544.0,336.0,23.826
69,42,552.0,336.0,23.826
70,42,560.0,336.0,23.832
71,42,568.0,336.0,23.832
72,42,576.0,336.0,23.832
73,42,584.0,336.0,23.832
74,42,592.0,336.0,23.789
75,42,600.0,336.0,23.789
76,42,608.0,336.0,23.789
77,42,616.0,336.0,23.705
78,42,624.0,336.0,23.705
79,42,632.0,336.0,23.705
80,42,640.0,336.0,23.705
81,42,648.0,336.0,23.623
82,42,656.0,336.0,23.623
83,42,664.0,336.0,23.623
84,42,672.0,336.0,23.623
85,42,680.0,336.0,23.564
86,42,688.0,336.0,23.564
87,42,696.0,336.0,23.564
88,42,704.0,336.0,23.788
89,42,712.0,336.0,23.788
90,42,720.0,336.0,23.788
11,43,88.0,344.0,23.814
12,43,96.0,344.0,23.814
13,43,104.0,344.0,23.814
14,43,112.0,344.0,23.567
15,43,120.0,344.0,23.567
16,43,128.0,344.0,23.567
17,43,136.0,344.0,23.567
18,43,144.0,344.0,23.626
19,43,152.0,344.0,23.626
20,43,160.0,344.0,23.626
21,43,168.0,344.0,23.626
22,43,176.0,344.0,23.721
23,43,184.0,344.0,23.721
24,43,192.0,344.0,23.721
25,43,200.0,344.0,23.774
26,43,208.0,344.0,23.774
27,43,216.0,344.0,23.774
28,43,224.0,344.0,23.786
29,43,232.0,344.0,23.786
30,43,240.0,344.0,23.786
31,43,248.0,344.0,23.786
32,43,256.0,344.0,23.781
33,43,264.0,344.0,23.781
34,43,272.0,344.0,23.781
35,43,280.0,344.0,23.770
36,43,288.0,344.0,23.770
37,43,296.0,344.0,23.770
38,43,304.0,344.0,23.770
39,43,312.0,344.0,23.762
40,43,320.0,344.0,23.762
41,43,328.0,344.0,23.762
42,43,336.0,344.0,23.762
43,43,344.0,344.0,23.758
44,43,352.0,344.0,23.758
45,43,360.0,344.0,23.758
46,43,368.0,344.0,23.755
47,43,376.0,344.0,23.755
48,43,384.0,344.0,23.755
49,43,392.0,344.0,23.755
50,43,400.0,344.0,23.753
51,43,408.0,344.0,23.753
52,43,416.0,344.0,23.753
53,43,424.0,344.0,23.756
54,43,432.0,344.0,23.756
55,43,440.0,344.0,23.756
56,43,448.0,344.0,23.759
57,43,456.0,344.0,23.759
58,43,464.0,344.0,23.759
59,43,472.0,344.0,23.759
60,43,480.0,344.0,23.766
61,43,488.0,344.0,23.766
62,43,496.0,344.0,23.766
63,43,504.0,344.0,23.775
64,43,512.0,344.0,23.775
65,43,520.0,344.0,23.775
66,43,528.0,344.0,23.775
67,43,536.0,344.0,23.781
68,43,544.0,344.0,23.781
69,43,552.0,344.0,23.781
70,43,560.0,344.0,23.784
71,43,568.0,344.0,23.784
72,43,576.0,344.0,23.784
73,43,584.0,344.0,23.784
74,43,592.0,344.0,23.758
75,43,600.0,344.0,23.758
76,43,608.0,344.0,23.758
77,43,616.0,344.0,23.682
78,43,624.0,344.0,23.682
79,43,632.0,344.0,23.682
80,43,640.0,344.0,23.682
81,43,648.0,344.0,23.591
82,43,656.0,344.0,23.591
83,43,664.0,344.0,23.591
84,43,672.0,344.0,23.591
85,43,680.0,344.0,23.591
86,43,688.0,344.0,23.591
87,43,696.0,344.0,23.591
88,43,704.0,344.0,23.927
89,43,712.0,344.0,23.927
11,44,88.0,352.0,23.814
12,44,96.0,352.0,23.814
13,44,104.0,352.0,23.814
14,44,112.0,352.0,23.567
15,44,120.0,352.0,23.567
16,44,128.0,352.0,23.567
17,44,136.0,352.0,23.567
18,44,144.0,352.0,23.626
19,44,152.0,352.0,23.626
20,44,160.0,352.0,23.626
21,44,168.0,352.0,23.626
22,44,176.0,352.0,23.721
23,44,184.0,352.0,23.721
24,44,192.0,352.0,23.721
25,44,200.0,352.0,23.774
26,44,208.0,352.0,23.774
27,44,216.0,352.0,23.774
28,44,224.0,352.0,23.786
29,44,232.0,352.0,23.786
30,44,240.0,352.0,23.786
31,44,248.0,352.0,23.786
32,44,256.0,352.0,23.781
33,44,264.0,352.0,23.781
34,44,272.0,352.0,23.781
35,44,280.0,352.0,23.770
36,44,288.0,352.0,23.770
37,44,296.0,352.0,23.770
38,44,304.0,352.0,23.770
39,44,312.0,352.0,23.762
40,44,320.0,352.0,23.762
41,44,328.0,352.0,23.762
42,44,336.0,352.0,23.762
43,44,344.0,352.0,23.758
44,44,352.0,352.0,23.758
45,44,360.0,352.0,23.758
46,44,368.0,352.0,23.755
47,44,376.0,352.0,23.755
48,44,384.0,352.0,23.755
49,44,392.0,352.0,23.755
50,44,400.0,352.0,23.753
51,44,408.0,352.0,23.753
52,44,416.0,352.0,23.753
53,44,424.0,352.0,23.756
54,44,432.0,352.0,23.756
55,44,440.0,352.0,23.756
56,44,448.0,352.0,23.759
57,44,456.0,352.0,23.759
58,44,464.0,352.0,23.759
59,44,472.0,352.0,23.759
60,44,480.0,352.0,23.766
61,44,488.0,352.0,23.766
62,44,496.0,352.0,23.766
63,44,504.0,352.0,23.775
64,44,512.0,352.0,23.775
65,44,520.0,352.0,23.775
66,44,528.0,352.0,23.775
67,44,536.0,352.0,23.781
68,44,544.0,352.0,23.781
69,44,552.0,352.0,23.781
70,44,560.0,352.0,23.784
71,44,568.0,352.0,23.784
72,44,576.0,352.0,23.784
73,44,584.0,352.0,23.784
74,44,592.0,352.0,23.758
75,44,600.0,352.0,23.758
76,44,608.0,352.0,23.758
77,44,616.0,352.0,23.682
78,44,624.0,352.0,23.682
79,44,632.0,352.0,23.682
80,44,640.0,352.0,23.682
81,44,648.0,352.0,23.591
82,44,656.0,352.0,23.591
83,44,664.0,352.0,23.591
84,44,672.0,352.0,23.591
85,44,680.0,352.0,23.591
86,44,688.0,352.0,23.591
87,44,696.0,352.0,23.591
88,44,704.0,352.0,23.927
89,44,712.0,352.0,23.927
12,45,96.0,360.0,23.814
13,45,104.0,360.0,23.814
14,45,112.0,360.0,23.567
15,45,120.0,360.0,23.567
16,45,128.0,360.0,23.567
17,45,136.0,360.0,23.567
18,45,144.0,360.0,23.626
19,45,152.0,360.0,23.626
20,45,160.0,360.0,23.626
21,45,168.0,360.0,23.626
22,45,176.0,360.0,23.721
23,45,184.0,360.0,23.721
24,45,192.0,360.0,23.721
25,45,200.0,360.0,23.774
26,45,208.0,360.0,23.774
27,45,216.0,360.0,23.774
28,45,224.0,360.0,23.786
29,45,232.0,360.0,23.786
30,45,240.0,360.0,23.786
31,45,248.0,360.0,23.786
32,45,256.0,360.0,23.781
33,45,264.0,360.0,23.781
34,45,272.0,360.0,23.781
35,45,280.0,360.0,23.770
36,45,288.0,360.0,23.770
37,45,296.0,360.0,23.770
38,45,304.0,360.0,23.770
39,45,312.0,360.0,23.762
40,45,320.0,360.0,23.762
41,45,328.0,360.0,23.762
42,45,336.0,360.0,23.762
43,45,344.0,360.0,23.758
44,45,352.0,360.0,23.758
45,45,360.0,360.0,23.758
46,45,368.0,360.0,23.755
47,45,376.0,360.0,23.755
48,45,384.0,360.0,23.755
49,45,392.0,360.0,23.755
50,45,400.0,360.0,23.753
51,45,408.0,360.0,23.753
52,45,416.0,360.0,23.753
53,45,424.0,360.0,23.756
54,45,432.0,360.0,23.756
55,45,440.0,360.0,23.756
56,45,448.0,360.0,23.759
57,45,456.0,360.0,23.759
58,45,464.0,360.0,23.759
59,45,472.0,360.0,23.759
60,45,480.0,360.0,23.766
61,45,488.0,360.0,23.766
62,45,496.0,360.0,23.766
63,45,504.0,360.0,23.775
64,45,512.0,360.0,23.775
65,45,520.0,360.0,23.775
66,45,528.0,360.0,23.775
67,45,536.0,360.0,23.781
68,45,544.0,360.0,23.781
69,45,552.0,360.0,23.781
70,45,560.0,360.0,23.784
71,45,568.0,360.0,23.784
72,45,576.0,360.0,23.784
73,45,584.0,360.0,23.784
74,45,592.0,360.0,23.758
75,45,600.0,360.0,23.758
76,45,608.0,360.0,23.758
77,45,616.0,360.0,23.682
78,45,624.0,360.0,23.682
79,45,632.0,360.0,23.682
80,45,640.0,360.0,23.682
81,45,648.0,360.0,23.591
82,45,656.0,360.0,23.591
83,45,664.0,360.0,23.591
84,45,672.0,360.0,23.591
85,45,680.0,360.0,23.591
86,45,688.0,360.0,23.591
87,45,696.0,360.0,23.591
88,45,704.0,360.0,23.927
12,46,96.0,368.0,24.045
13,46,104.0,368.0,24.045
14,46,112.0,368.0,23.643
15,46,120.0,368.0,23.643
16,46,128.0,368.0,23.643
17,46,136.0,368.0,23.643
18,46,144.0,368.0,23.574
19,46,152.0,368.0,23.574
20,46,160.0,368.0,23.574
21,46,168.0,368.0,23.574
22,46,176.0,368.0,23.663
23,46,184.0,368.0,23.663
24,46,192.0,368.0,23.663
25,46,200.0,368.0,23.723
26,46,208.0,368.0,23.723
27,46,216.0,368.0,23.723
28,46,224.0,368.0,23.747
29,46,232.0,368.0,23.747
30,46,240.0,368.0,23.747
31,46,248.0,368.0,23.747
32,46,256.0,368.0,23.756
33,46,264.0,368.0,23.756
34,46,272.0,368.0,23.756
35,46,280.0,368.0,23.756
36,46,288.0,368.0,23.756
37,46,296.0,368.0,23.756
38,46,304.0,368.0,23.756
39,46,312.0,368.0,23.754
40,46,320.0,368.0,23.754
41,46,328.0,368.0,23.754
42,46,336.0,368.0,23.754
43,46,344.0,368.0,23.755
44,46,352.0,368.0,23.755
45,46,360.0,368.0,23.755
46,46,368.0,368.0,23.756
47,46,376.0,368.0,23.756
48,46,384.0,368.0,23.756
49,46,392.0,368.0,23.756
50,46,400.0,368.0,23.757
51,46,408.0,368.0,23.757
52,46,416.0,368.0,23.757
53,46,424.0,368.0,23.756
54,46,432.0,368.0,23.756
55,46,440.0,368.0,23.756
56,46,448.0,368.0,23.755
57,46,456.0,368.0,23.755
58,46,464.0,368.0,23.755
59,46,472.0,368.0,23.755
60,46,480.0,368.0,23.755
61,46,488.0,368.0,23.755
62,46,496.0,368.0,23.755
63,46,504.0,368.0,23.756
64,46,512.0,368.0,23.756
65,46,520.0,368.0,23.756
66,46,528.0,368.0,23.756
67,46,536.0,368.0,23.753
68,46,544.0,368.0,23.753
69,46,552.0,368.0,23.753
70,46,560.0,368.0,23.742
71,46,568.0,368.0,23.742
72,46,576.0,368.0,23.742
73,46,584.0,368.0,23.742
74,46,592.0,368.0,23.700
75,46,600.0,368.0,23.700
76,46,608.0,368.0,23.700
77,46,616.0,368.0,23.625
78,46,624.0,368.0,23.625
79,46,632.0,368.0,23.625
80,46,640.0,368.0,23.625
81,46,648.0,368.0,23.563
82,46,656.0,368.0,23.563
83,46,664.0,368.0,23.563
84,46,672.0,368.0,23.563
85,46,680.0,368.0,23.849
86,46,688.0,368.0,23.849
87,46,696.0,368.0,23.849
88,46,704.0,368.0,23.591
13,47,104.0,376.0,24.045
14,47,112.0,376.0,23.643
15,47,120.0,376.0,23.643
16,47,128.0,376.0,23.643
17,47,136.0,376.0,23.643
18,47,144.0,376.0,23.574
19,47,152.0,376.0,23.574
20,47,160.0,376.0,23.574
21,47,168.0,376.0,23.574
22,47,176.0,376.0,23.663
23,47,184.0,376.0,23.663
24,47,192.0,376.0,23.663
25,47,200.0,376.0,23.723
26,47,208.0,376.0,23.723
27,47,216.0,376.0,23.723
28,47,224.0,376.0,23.747
29,47,232.0,376.0,23.747
30,47,240.0,376.0,23.747
31,47,248.0,376.0,23.747
32,47,256.0,376.0,23.756
33,47,264.0,376.0,23.756
34,47,272.0,376.0,23.756
35,47,280.0,376.0,23.756
36,47,288.0,376.0,23.756
37,47,296.0,376.0,23.756
38,47,304.0,376.0,23.756
39,47,312.0,376.0,23.754
40,47,320.0,376.0,23.754
41,47,328.0,376.0,23.754
42,47,336.0,376.0,23.754
43,47,344.0,376.0,23.755
44,47,352.0,376.0,23.755
45,47,360.0,376.0,23.755
46,47,368.0,376.0,23.756
47,47,376.0,376.0,23.756
48,47,384.0,376.0,23.756
49,47,392.0,376.0,23.756
50,47,400.0,376.0,23.757
51,47,408.0,376.0,23.757
52,47,416.0,376.0,23.757
53,47,424.0,376.0,23.756
54,47,432.0,376.0,23.756
55,47,440.0,376.0,23.756
56,47,448.0,376.0,23.755
57,47,456.0,376.0,23.755
58,47,464.0,376.0,23.755
59,47,472.0,376.0,23.755
60,47,480.0,376.0,23.755
61,47,488.0,376.0,23.755
62,47,496.0,376.0,23.755
63,47,504.0,376.0,23.756
64,47,512.0,376.0,23.756
65,47,520.0,376.0,23.756
66,47,528.0,376.0,23.756
67,47,536.0,376.0,23.753
68,47,544.0,376.0,23.753
69,47,552.0,376.0,23.753
70,47,560.0,376.0,23.742
71,47,568.0,376.0,23.742
72,47,576.0,376.0,23.742
73,47,584.0,376.0,23.742
74,47,592.0,376.0,23.700
75,47,600.0,376.0,23.700
76,47,608.0,376.0,23.700
77,47,616.0,376.0,23.625
78,47,624.0,376.0,23.625
79,47,632.0,376.0,23.625
80,47,640.0,376.0,23.625
81,47,648.0,376.0,23.563
82,47,656.0,376.0,23.563
83,47,664.0,376.0,23.563
84,47,672.0,376.0,23.563
85,47,680.0,376.0,23.849
86,47,688.0,376.0,23.849
87,47,696.0,376.0,23.849
14,48,112.0,384.0,23.643
15,48,120.0,384.0,23.643
16,48,128.0,384.0,23.643
17,48,136.0,384.0,23.643
18,48,144.0,384.0,23.574
19,48,152.0,384.0,23.574
20,48,160.0,384.0,23.574
21,48,168.0,384.0,23.574
22,48,176.0,384.0,23.663
23,48,184.0,384.0,23.663
24,48,192.0,384.0,23.663
25,48,200.0,384.0,23.723
26,48,208.0,384.0,23.723
27,48,216.0,384.0,23.723
28,48,224.0,384.0,23.747
29,48,232.0,384.0,23.747
30,48,240.0,384.0,23.747
31,48,248.0,384.0,23.747
32,48,256.0,384.0,23.756
33,48,264.0,384.0,23.756
34,48,272.0,384.0,23.756
35,48,280.0,384.0,23.756
36,48,288.0,384.0,23.756
37,48,296.0,384.0,23.756
38,48,304.0,384.0,23.756
39,48,312.0,384.0,23.754
40,48,320.0,384.0,23.754
41,48,328.0,384.0,23.754
42,48,336.0,384.0,23.754
43,48,344.0,384.0,23.755
44,48,352.0,384.0,23.755
45,48,360.0,384.0,23.755
46,48,368.0,384.0,23.756
47,48,376.0,384.0,23.756
48,48,384.0,384.0,23.756
49,48,392.0,384.0,23.756
50,48,400.0,384.0,23.757
51,48,408.0,384.0,23.757
52,48,416.0,384.0,23.757
53,48,424.0,384.0,23.756
54,48,432.0,384.0,23.756
55,48,440.0,384.0,23.756
56,48,448.0,384.0,23.755
57,48,456.0,384.0,23.755
58,48,464.0,384.0,23.755
59,48,472.0,384.0,23.755
60,48,480.0,384.0,23.755
61,48,488.0,384.0,23.755
62,48,496.0,384.0,23.755
63,48,504.0,384.0,23.756
64,48,512.0,384.0,23.756
65,48,520.0,384.0,23.756
66,48,528.0,384.0,23.756
67,48,536.0,384.0,23.753
68,48,544.0,384.0,23.753
69,48,552.0,384.0,23.753
70,48,560.0,384.0,23.742
71,48,568.0,384.0,23.742
72,48,576.0,384.0,23.742
73,48,584.0,384.0,23.742
74,48,592.0,384.0,23.700
75,48,600.0,384.0,23.700
76,48,608.0,384.0,23.700
77,48,616.0,384.0,23.625
78,48,624.0,384.0,23.625
79,48,632.0,384.0,23.625
80,48,640.0,384.0,23.625
81,48,648.0,384.0,23.563
82,48,656.0,384.0,23.563
83,48,664.0,384.0,23.563
84,48,672.0,384.0,23.563
85,48,680.0,384.0,23.849
86,48,688.0,384.0,23.849
14,49,112.0,392.0,23.643
15,49,120.0,392.0,23.643
16,49,128.0,392.0,23.643
17,49,136.0,392.0,23.643
18,49,144.0,392.0,23.574
19,49,152.0,392.0,23.574
20,49,160.0,392.0,23.574
21,49,168.0,392.0,23.574
22,49,176.0,392.0,23.663
23,49,184.0,392.0,23.663
24,49,192.0,392.0,23.663
25,49,200.0,392.0,23.723
26,49,208.0,392.0,23.723
27,49,216.0,392.0,23.723
28,49,224.0,392.0,23.747
29,49,232.0,392.0,23.747
30,49,240.0,392.0,23.747
31,49,248.0,392.0,23.747
32,49,256.0,392.0,23.756
33,49,264.0,392.0,23.756
34,49,272.0,392.0,23.756
35,49,280.0,392.0,23.756
36,49,288.0,392.0,23.756
37,49,296.0,392.0,23.756
38,49,304.0,392.0,23.756
39,49,312.0,392.0,23.754
40,49,320.0,392.0,23.754
41,49,328.0,392.0,23.754
42,49,336.0,392.0,23.754
43,49,344.0,392.0,23.755
44,49,352.0,392.0,23.755
45,49,360.0,392.0,23.755
46,49,368.0,392.0,23.756
47,49,376.0,392.0,23.756
48,49,384.0,392.0,23.756
49,49,392.0,392.0,23.756
50,49,400.0,392.0,23.757
51,49,408.0,392.0,23.757
52,49,416.0,392.0,23.757
53,49,424.0,392.0,23.756
54,49,432.0,392.0,23.756
55,49,440.0,392.0,23.756
56,49,448.0,392.0,23.755
57,49,456.0,392.0,23.755
58,49,464.0,392.0,23.755
59,49,472.0,392.0,23.755
60,49,480.0,392.0,23.755
61,49,488.0,392.0,23.755
62,49,496.0,392.0,23.755
63,49,504.0,392.0,23.756
64,49,512.0,392.0,23.756
65,49,520.0,392.0,23.756
66,49,528.0,392.0,23.756
67,49,536.0,392.0,23.753
68,49,544.0,392.0,23.753
69,49,552.0,392.0,23.753
70,49,560.0,392.0,23.742
71,49,568.0,392.0,23.742
72,49,576.0,392.0,23.742
73,49,584.0,392.0,23.742
74,49,592.0,392.0,23.700
75,49,600.0,392.0,23.700
76,49,608.0,392.0,23.700
77,49,616.0,392.0,23.625
78,49,624.0,392.0,23.625
79,49,632.0,392.0,23.625
80,49,640.0,392.0,23.625
81,49,648.0,392.0,23.563
82,49,656.0,392.0,23.563
83,49,664.0,392.0,23.563
84,49,672.0,392.0,23.563
85,49,680.0,392.0,23.849
86,49,688.0,392.0,23.849
15,50,120.0,400.0,23.896
16,50,128.0,400.0,23.896
17,50,136.0,400.0,23.896
18,50,144.0,400.0,23.570
19,50,152.0,400.0,23.570
20,50,160.0,400.0,23.570
21,50,168.0,400.0,23.570
22,50,176.0,400.0,23.585
23,50,184.0,400.0,23.585
24,50,192.0,400.0,23.585
25,50,200.0,400.0,23.661
26,50,208.0,400.0,23.661
27,50,216.0,400.0,23.661
28,50,224.0,400.0,23.715
29,50,232.0,400.0,23.715
30,50,240.0,400.0,23.715
31,50,248.0,400.0,23.715
32,50,256.0,400.0,23.741
33,50,264.0,400.0,23.741
34,50,272.0,400.0,23.741
35,50,280.0,400.0,23.750
36,50,288.0,400.0,23.750
37,50,296.0,400.0,23.750
38,50,304.0,400.0,23.750
39,50,312.0,400.0,23.751
40,50,320.0,400.0,23.751
41,50,328.0,400.0,23.751
42,50,336.0,400.0,23.751
43,50,344.0,400.0,23.756
44,50,352.0,400.0,23.756
45,50,360.0,400.0,23.756
46,50,368.0,400.0,23.759
47,50,376.0,400.0,23.759
48,50,384.0,400.0,23.759
49,50,392.0,400.0,23.759
50,50,400.0,400.0,23.760
51,50,408.0,400.0,23.760
52,50,416.0,400.0,23.760
53,50,424.0,400.0,23.758
54,50,432.0,400.0,23.758
55,50,440.0,400.0,23.758
56,50,448.0,400.0,23.754
57,50,456.0,400.0,23.754
58,50,464.0,400.0,23.754
59,50,472.0,400.0,23.754
60,50,480.0,400.0,23.751
61,50,488.0,400.0,23.751
62,50,496.0,400.0,23.751
63,50,504.0,400.0,23.748
64,50,512.0,400.0,23.748
65,50,520.0,400.0,23.748
66,50,528.0,400.0,23.748
67,50,536.0,400.0,23.734
68,50,544.0,400.0,23.734
69,50,552.0,400.0,23.734
70,50,560.0,400.0,23.696
71,50,568.0,400.0,23.696
72,50,576.0,400.0,23.696
73,50,584.0,400.0,23.696
74,50,592.0,400.0,23.628
75,50,600.0,400.0,23.628
76,50,608.0,400.0,23.628
77,50,616.0,400.0,23.565
78,50,624.0,400.0,23.565
79,50,632.0,400.0,23.565
80,50,640.0,400.0,23.565
81,50,648.0,400.0,23.643
82,50,656.0,400.0,23.643
83,50,664.0,400.0,23.643
84,50,672.0,400.0,23.643
85,50,680.0,400.0,24.068
16,51,128.0,408.0,23.896
17,51,136.0,408.0,23.896
18,51,144.0,408.0,23.570
19,51,152.0,408.0,23.570
20,51,160.0,408.0,23.570
21,51,168.0,408.0,23.570
22,51,176.0,408.0,23.585
23,51,184.0,408.0,23.585
24,51,192.0,408.0,23.585
25,51,200.0,408.0,23.661
26,51,208.0,408.0,23.661
27,51,216.0,408.0,23.661
28,51,224.0,408.0,23.715
29,51,232.0,408.0,23.715
30,51,240.0,408.0,23.715
31,51,248.0,408.0,23.715
32,51,256.0,408.0,23.741
33,51,264.0,408.0,23.741
34,51,272.0,408.0,23.741
35,51,280.0,408.0,23.750
36,51,288.0,408.0,23.750
37,51,296.0,408.0,23.750
38,51,304.0,408.0,23.750
39,51,312.0,408.0,23.751
40,51,320.0,408.0,23.751
41,51,328.0,408.0,23.751
42,51,336.0,408.0,23.751
43,51,344.0,408.0,23.756
44,51,352.0,408.0,23.756
45,51,360.0,408.0,23.756
46,51,368.0,408.0,23.759
47,51,376.0,408.0,23.759
48,51,384.0,408.0,23.759
49,51,392.0,408.0,23.759
50,51,400.0,408.0,23.760
51,51,408.0,408.0,23.760
52,51,416.0,408.0,23.760
53,51,424.0,408.0,23.758
54,51,432.0,408.0,23.758
55,51,440.0,408.0,23.758
56,51,448.0,408.0,23.754
57,51,456.0,408.0,23.754
58,51,464.0,408.0,23.754
59,51,472.0,408.0,23.754
60,51,480.0,408.0,23.751
61,51,488.0,408.0,23.751
62,51,496.0,408.0,23.751
63,51,504.0,408.0,23.748
64,51,512.0,408.0,23.748
65,51,520.0,408.0,23.748
66,51,528.0,408.0,23.748
67,51,536.0,408.0,23.734
68,51,544.0,408.0,23.734
69,51,552.0,408.0,23.734
70,51,560.0,408.0,23.696
71,51,568.0,408.0,23.696
72,51,576.0,408.0,23.696
73,51,584.0,408.0,23.696
74,51,592.0,408.0,23.628
75,51,600.0,408.0,23.628
76,51,608.0,408.0,23.628
77,51,616.0,408.0,23.565
78,51,624.0,408.0,23.565
79,51,632.0,408.0,23.565
80,51,640.0,408.0,23.565
81,51,648.0,408.0,23.643
82,51,656.0,408.0,23.643
83,51,664.0,408.0,23.643
84,51,672.0,408.0,23.643
16,52,128.0,416.0,23.896
17,52,136.0,416.0,23.896
18,52,144.0,416.0,23.570
19,52,152.0,416.0,23.570
20,52,160.0,416.0,23.570
21,52,168.0,416.0,23.570
22,52,176.0,416.0,23.585
23,52,184.0,416.0,23.585
24,52,192.0,416.0,23.585
25,52,200.0,416.0,23.661
26,52,208.0,416.0,23.661
27,52,216.0,416.0,23.661
28,52,224.0,416.0,23.715
29,52,232.0,416.0,23.715
30,52,240.0,416.0,23.715
31,52,248.0,416.0,23.715
32,52,256.0,416.0,23.741
33,52,264.0,416.0,23.741
34,52,272.0,416.0,23.741
35,52,280.0,416.0,23.750
36,52,288.0,416.0,23.750
37,52,296.0,416.0,23.750
38,52,304.0,416.0,23.750
39,52,312.0,416.0,23.751
40,52,320.0,416.0,23.751
41,52,328.0,416.0,23.751
42,52,336.0,416.0,23.751
43,52,344.0,416.0,23.756
44,52,352.0,416.0,23.756
45,52,360.0,416.0,23.756
46,52,368.0,416.0,23.759
47,52,376.0,416.0,23.759
48,52,384.0,416.0,23.759
49,52,392.0,416.0,23.759
50,52,400.0,416.0,23.760
51,52,408.0,416.0,23.760
52,52,416.0,416.0,23.760
53,52,424.0,416.0,23.758
54,52,432.0,416.0,23.758
55,52,440.0,416.0,23.758
56,52,448.0,416.0,23.754
57,52,456.0,416.0,23.754
58,52,464.0,416.0,23.754
59,52,472.0,416.0,23.754
60,52,480.0,416.0,23.751
61,52,488.0,416.0,23.751
62,52,496.0,416.0,23.751
63,52,504.0,416.0,23.748
64,52,512.0,416.0,23.748
65,52,520.0,416.0,23.748
66,52,528.0,416.0,23.748
67,52,536.0,416.0,23.734
68,52,544.0,416.0,23.734
69,52,552.0,416.0,23.734
70,52,560.0,416.0,23.696
71,52,568.0,416.0,23.696
72,52,576.0,416.0,23.696
73,52,584.0,416.0,23.696
74,52,592.0,416.0,23.628
75,52,600.0,416.0,23.628
76,52,608.0,416.0,23.628
77,52,616.0,416.0,23.565
78,52,624.0,416.0,23.565
79,52,632.0,416.0,23.565
80,52,640.0,416.0,23.565
81,52,648.0,416.0,23.643
82,52,656.0,416.0,23.643
83,52,664.0,416.0,23.643
84,52,672.0,416.0,23.643
17,53,136.0,424.0,24.020
18,53,144.0,424.0,23.749
19,53,152.0,424.0,23.749
20,53,160.0,424.0,23.749
21,53,168.0,424.0,23.749
22,53,176.0,424.0,23.543
23,53,184.0,424.0,23.543
24,53,192.0,424.0,23.543
25,53,200.0,424.0,23.587
26,53,208.0,424.0,23.587
27,53,216.0,424.0,23.587
28,53,224.0,424.0,23.663
29,53,232.0,424.0,23.663
30,53,240.0,424.0,23.663
31,53,248.0,424.0,23.663
32,53,256.0,424.0,23.714
33,53,264.0,424.0,23.714
34,53,272.0,424.0,23.714
35,53,280.0,424.0,23.736
36,53,288.0,424.0,23.736
37,53,296.0,424.0,23.736
38,53,304.0,424.0,23.736
39,53,312.0,424.0,23.748
40,53,320.0,424.0,23.748
41,53,328.0,424.0,23.748
42,53,336.0,424.0,23.748
43,53,344.0,424.0,23.754
44,53,352.0,424.0,23.754
45,53,360.0,424.0,23.754
46,53,368.0,424.0,23.758
47,53,376.0,424.0,23.758
48,53,384.0,424.0,23.758
49,53,392.0,424.0,23.758
50,53,400.0,424.0,23.759
51,53,408.0,424.0,23.759
52,53,416.0,424.0,23.759
53,53,424.0,424.0,23.757
54,53,432.0,424.0,23.757
55,53,440.0,424.0,23.757
56,53,448.0,424.0,23.751
57,53,456.0,424.0,23.751
58,53,464.0,424.0,23.751
59,53,472.0,424.0,23.751
60,53,480.0,424.0,23.742
61,53,488.0,424.0,23.742
62,53,496.0,424.0,23.742
63,53,504.0,424.0,23.726
64,53,512.0,424.0,23.726
65,53,520.0,424.0,23.726
66,53,528.0,424.0,23.726
67,53,536.0,424.0,23.693
68,53,544.0,424.0,23.693
69,53,552.0,424.0,23.693
70,53,560.0,424.0,23.631
71,53,568.0,424.0,23.631
72,53,576.0,424.0,23.631
73,53,584.0,424.0,23.631
74,53,592.0,424.0,23.559
75,53,600.0,424.0,23.559
76,53,608.0,424.0,23.559
77,53,616.0,424.0,23.606
78,53,624.0,424.0,23.606
79,53,632.0,424.0,23.606
80,53,640.0,424.0,23.606
81,53,648.0,424.0,23.933
82,53,656.0,424.0,23.933
83,53,664.0,424.0,23.933
18,54,144.0,432.0,23.749
19,54,152.0,432.0,23.749
20,54,160.0,432.0,23.749
21,54,168.0,432.0,23.749
22,54,176.0,432.0,23.543
23,54,184.0,432.0,23.543
24,54,192.0,432.0,23.543
25,54,200.0,432.0,23.587
26,54,208.0,432.0,23.587
27,54,216.0,432.0,23.587
28,54,224.0,432.0,23.663
29,54,232.0,432.0,23.663
30,54,240.0,432.0,23.663
31,54,248.0,432.0,23.663
32,54,256.0,432.0,23.714
33,54,264.0,432.0,23.714
34,54,272.0,432.0,23.714
35,54,280.0,432.0,23.736
36,54,288.0,432.0,23.736
37,54,296.0,432.0,23.736
38,54,304.0,432.0,23.736
39,54,312.0,432.0,23.748
40,54,320.0,432.0,23.748
41,54,328.0,432.0,23.748
42,54,336.0,432.0,23.748
43,54,344.0,432.0,23.754
44,54,352.0,432.0,23.754
45,54,360.0,432.0,23.754
46,54,368.0,432.0,23.758
47,54,376.0,432.0,23.758
48,54,384.0,432.0,23.758
49,54,392.0,432.0,23.758
50,54,400.0,432.0,23.759
51,54,408.0,432.0,23.759
52,54,416.0,432.0,23.759
53,54,424.0,432.0,23.757
54,54,432.0,432.0,23.757
55,54,440.0,432.0,23.757
56,54,448.0,432.0,23.751
57,54,456.0,432.0,23.751
58,54,464.0,432.0,23.751
59,54,472.0,432.0,23.751
60,54,480.0,432.0,23.742
61,54,488.0,432.0,23.742
62,54,496.0,432.0,23.742
63,54,504.0,432.0,23.726
64,54,512.0,432.0,23.726
65,54,520.0,432.0,23.726
66,54,528.0,432.0,23.726
67,54,536.0,432.0,23.693
68,54,544.0,432.0,23.693
69,54,552.0,432.0,23.693
70,54,560.0,432.0,23.631
71,54,568.0,432.0,23.631
72,54,576.0,432.0,23.631
73,54,584.0,432.0,23.631
74,54,592.0,432.0,23.559
75,54,600.0,432.0,23.559
76,54,608.0,432.0,23.559
77,54,616.0,432.0,23.606
78,54,624.0,432.0,23.606
79,54,632.0,432.0,23.606
80,54,640.0,432.0,23.606
81,54,648.0,432.0,23.933
82,54,656.0,432.0,23.933
19,55,152.0,440.0,23.749
20,55,160.0,440.0,23.749
21,55,168.0,440.0,23.749
22,55,176.0,440.0,23.543
23,55,184.0,440.0,23.543
24,55,192.0,440.0,23.543
25,55,200.0,440.0,23.587
26,55,208.0,440.0,23.587
27,55,216.0,440.0,23.587
28,55,224.0,440.0,23.663
29,55,232.0,440.0,23.663
30,55,240.0,440.0,23.663
31,55,248.0,440.0,23.663
32,55,256.0,440.0,23.714
33,55,264.0,440.0,23.714
34,55,272.0,440.0,23.714
35,55,280.0,440.0,23.736
36,55,288.0,440.0,23.736
37,55,296.0,440.0,23.736
38,55,304.0,440.0,23.736
39,55,312.0,440.0,23.748
40,55,320.0,440.0,23.748
41,55,328.0,440.0,23.748
42,55,336.0,440.0,23.748
43,55,344.0,440.0,23.754
44,55,352.0,440.0,23.754
45,55,360.0,440.0,23.754
46,55,368.0,440.0,23.758
47,55,376.0,440.0,23.758
48,55,384.0,440.0,23.758
49,55,392.0,440.0,23.758
50,55,400.0,440.0,23.759
51,55,408.0,440.0,23.759
52,55,416.0,440.0,23.759
53,55,424.0,440.0,23.757
54,55,432.0,440.0,23.757
55,55,440.0,440.0,23.757
56,55,448.0,440.0,23.751
57,55,456.0,440.0,23.751
58,55,464.0,440.0,23.751
59,55,472.0,440.0,23.751
60,55,480.0,440.0,23.742
61,55,488.0,440.0,23.742
62,55,496.0,440.0,23.742
63,55,504.0,440.0,23.726
64,55,512.0,440.0,23.726
65,55,520.0,440.0,23.726
66,55,528.0,440.0,23.726
67,55,536.0,440.0,23.693
68,55,544.0,440.0,23.693
69,55,552.0,440.0,23.693
70,55,560.0,440.0,23.631
71,55,568.0,440.0,23.631
72,55,576.0,440.0,23.631
73,55,584.0,440.0,23.631
74,55,592.0,440.0,23.559
75,55,600.0,440.0,23.559
76,55,608.0,440.0,23.559
77,55,616.0,440.0,23.606
78,55,624.0,440.0,23.606
79,55,632.0,440.0,23.606
80,55,640.0,440.0,23.606
81,55,648.0,440.0,23.933
20,56,160.0,448.0,24.050
21,56,168.0,448.0,24.050
22,56,176.0,448.0,23.690
23,56,184.0,448.0,23.690
24,56,192.0,448.0,23.690
25,56,200.0,448.0,23.556
26,56,208.0,448.0,23.556
27,56,216.0,448.0,23.556
28,56,224.0,448.0,23.584
29,56,232.0,448.0,23.584
30,56,240.0,448.0,23.584
31,56,248.0,448.0,23.584
32,56,256.0,448.0,23.652
33,56,264.0,448.0,23.652
34,56,272.0,448.0,23.652
35,56,280.0,448.0,23.701
36,56,288.0,448.0,23.701
37,56,296.0,448.0,23.701
38,56,304.0,448.0,23.701
39,56,312.0,448.0,23.720
40,56,320.0,448.0,23.720
41,56,328.0,448.0,23.720
42,56,336.0,448.0,23.720
43,56,344.0,448.0,23.734
44,56,352.0,448.0,23.734
45,56,360.0,448.0,23.734
46,56,368.0,448.0,23.741
47,56,376.0,448.0,23.741
48,56,384.0,448.0,23.741
49,56,392.0,448.0,23.741
50,56,400.0,448.0,23.740
51,56,408.0,448.0,23.740
52,56,416.0,448.0,23.740
53,56,424.0,448.0,23.742
54,56,432.0,448.0,23.742
55,56,440.0,448.0,23.742
56,56,448.0,448.0,23.727
57,56,456.0,448.0,23.727
58,56,464.0,448.0,23.727
59,56,472.0,448.0,23.727
60,56,480.0,448.0,23.708
61,56,488.0,448.0,23.708
62,56,496.0,448.0,23.708
63,56,504.0,448.0,23.681
64,56,512.0,448.0,23.681
65,56,520.0,448.0,23.681
66,56,528.0,448.0,23.681
67,56,536.0,448.0,23.631
68,56,544.0,448.0,23.631
69,56,552.0,448.0,23.631
70,56,560.0,448.0,23.568
71,56,568.0,448.0,23.568
72,56,576.0,448.0,23.568
73,56,584.0,448.0,23.568
74,56,592.0,448.0,23.566
75,56,600.0,448.0,23.566
76,56,608.0,448.0,23.566
77,56,616.0,448.0,23.836
78,56,624.0,448.0,23.836
79,56,632.0,448.0,23.836
80,56,640.0,448.0,23.836
20,57,160.0,456.0,24.050
21,57,168.0,456.0,24.050
22,57,176.0,456.0,23.690
23,57,184.0,456.0,23.690
24,57,192.0,456.0,23.690
25,57,200.0,456.0,23.556
26,57,208.0,456.0,23.556
27,57,216.0,456.0,23.556
28,57,224.0,456.0,23.584
29,57,232.0,456.0,23.584
30,57,240.0,456.0,23.584
31,57,248.0,456.0,23.584
32,57,256.0,456.0,23.652
33,57,264.0,456.0,23.652
34,57,272.0,456.0,23.652
35,57,280.0,456.0,23.701
36,57,288.0,456.0,23.701
37,57,296.0,456.0,23.701
38,57,304.0,456.0,23.701
39,57,312.0,456.0,23.720
40,57,320.0,456.0,23.720
41,57,328.0,456.0,23.720
42,57,336.0,456.0,23.720
43,57,344.0,456.0,23.734
44,57,352.0,456.0,23.734
45,57,360.0,456.0,23.734
46,57,368.0,456.0,23.741
47,57,376.0,456.0,23.741
48,57,384.0,456.0,23.741
49,57,392.0,456.0,23.741
50,57,400.0,456.0,23.740
51,57,408.0,456.0,23.740
52,57,416.0,456.0,23.740
53,57,424.0,456.0,23.742
54,57,432.0,456.0,23.742
55,57,440.0,456.0,23.742
56,57,448.0,456.0,23.727
57,57,456.0,456.0,23.727
58,57,464.0,456.0,23.727
59,57,472.0,456.0,23.727
60,57,480.0,456.0,23.708
61,57,488.0,456.0,23.708
62,57,496.0,456.0,23.708
63,57,504.0,456.0,23.681
64,57,512.0,456.0,23.681
65,57,520.0,456.0,23.681
66,57,528.0,456.0,23.681
67,57,536.0,456.0,23.631
68,57,544.0,456.0,23.631
69,57,552.0,456.0,23.631
70,57,560.0,456.0,23.568
71,57,568.0,456.0,23.568
72,57,576.0,456.0,23.568
73,57,584.0,456.0,23.568
74,57,592.0,456.0,23.566
75,57,600.0,456.0,23.566
76,57,608.0,456.0,23.566
77,57,616.0,456.0,23.836
78,57,624.0,456.0,23.836
79,57,632.0,456.0,23.836
21,58,168.0,464.0,24.050
22,58,176.0,464.0,23.690
23,58,184.0,464.0,23.690
24,58,192.0,464.0,23.690
25,58,200.0,464.0,23.556
26,58,208.0,464.0,23.556
27,58,216.0,464.0,23.556
28,58,224.0,464.0,23.584
29,58,232.0,464.0,23.584
30,58,240.0,464.0,23.584
31,58,248.0,464.0,23.584
32,58,256.0,464.0,23.652
33,58,264.0,464.0,23.652
34,58,272.0,464.0,23.652
35,58,280.0,464.0,23.701
36,58,288.0,464.0,23.701
37,58,296.0,464.0,23.701
38,58,304.0,464.0,23.701
39,58,312.0,464.0,23.720
40,58,320.0,464.0,23.720
41,58,328.0,464.0,23.720
42,58,336.0,464.0,23.720
43,58,344.0,464.0,23.734
44,58,352.0,464.0,23.734
45,58,360.0,464.0,23.734
46,58,368.0,464.0,23.741
47,58,376.0,464.0,23.741
48,58,384.0,464.0,23.741
49,58,392.0,464.0,23.741
50,58,400.0,464.0,23.740
51,58,408.0,464.0,23.740
52,58,416.0,464.0,23.740
53,58,424.0,464.0,23.742
54,58,432.0,464.0,23.742
55,58,440.0,464.0,23.742
56,58,448.0,464.0,23.727
57,58,456.0,464.0,23.727
58,58,464.0,464.0,23.727
59,58,472.0,464.0,23.727
60,58,480.0,464.0,23.708
61,58,488.0,464.0,23.708
62,58,496.0,464.0,23.708
63,58,504.0,464.0,23.681
64,58,512.0,464.0,23.681
65,58,520.0,464.0,23.681
66,58,528.0,464.0,23.681
67,58,536.0,464.0,23.631
68,58,544.0,464.0,23.631
69,58,552.0,464.0,23.631
70,58,560.0,464.0,23.568
71,58,568.0,464.0,23.568
72,58,576.0,464.0,23.568
73,58,584.0,464.0,23.568
74,58,592.0,464.0,23.566
75,58,600.0,464.0,23.566
76,58,608.0,464.0,23.566
77,58,616.0,464.0,23.836
78,58,624.0,464.0,23.836
79,58,632.0,464.0,23.836
22,59,176.0,472.0,23.690
23,59,184.0,472.0,23.690
24,59,192.0,472.0,23.690
25,59,200.0,472.0,23.556
26,59,208.0,472.0,23.556
27,59,216.0,472.0,23.556
28,59,224.0,472.0,23.584
29,59,232.0,472.0,23.584
30,59,240.0,472.0,23.584
31,59,248.0,472.0,23.584
32,59,256.0,472.0,23.652
33,59,264.0,472.0,23.652
34,59,272.0,472.0,23.652
35,59,280.0,472.0,23.701
36,59,288.0,472.0,23.701
37,59,296.0,472.0,23.701
38,59,304.0,472.0,23.701
39,59,312.0,472.0,23.720
40,59,320.0,472.0,23.720
41,59,328.0,472.0,23.720
42,59,336.0,472.0,23.720
43,59,344.0,472.0,23.734
44,59,352.0,472.0,23.734
45,59,360.0,472.0,23.734
46,59,368.0,472.0,23.741
47,59,376.0,472.0,23.741
48,59,384.0,472.0,23.741
49,59,392.0,472.0,23.741
50,59,400.0,472.0,23.740
51,59,408.0,472.0,23.740
52,59,416.0,472.0,23.740
53,59,424.0,472.0,23.742
54,59,432.0,472.0,23.742
55,59,440.0,472.0,23.742
56,59,448.0,472.0,23.727
57,59,456.0,472.0,23.727
58,59,464.0,472.0,23.727
59,59,472.0,472.0,23.727
60,59,480.0,472.0,23.708
61,59,488.0,472.0,23.708
62,59,496.0,472.0,23.708
63,59,504.0,472.0,23.681
64,59,512.0,472.0,23.681
65,59,520.0,472.0,23.681
66,59,528.0,472.0,23.681
67,59,536.0,472.0,23.631
68,59,544.0,472.0,23.631
69,59,552.0,472.0,23.631
70,59,560.0,472.0,23.568
71,59,568.0,472.0,23.568
72,59,576.0,472.0,23.568
73,59,584.0,472.0,23.568
74,59,592.0,472.0,23.566
75,59,600.0,472.0,23.566
76,59,608.0,472.0,23.566
77,59,616.0,472.0,23.836
78,59,624.0,472.0,23.836
24,60,192.0,480.0,23.953
25,60,200.0,480.0,23.806
26,60,208.0,480.0,23.806
27,60,216.0,480.0,23.806
28,60,224.0,480.0,23.567
29,60,232.0,480.0,23.567
30,60,240.0,480.0,23.567
31,60,248.0,480.0,23.567
32,60,256.0,480.0,23.580
33,60,264.0,480.0,23.580
34,60,272.0,480.0,23.580
35,60,280.0,480.0,23.621
36,60,288.0,480.0,23.621
37,60,296.0,480.0,23.621
38,60,304.0,480.0,23.621
39,60,312.0,480.0,23.658
40,60,320.0,480.0,23.658
41,60,328.0,480.0,23.658
42,60,336.0,480.0,23.658
43,60,344.0,480.0,23.669
44,60,352.0,480.0,23.669
45,60,360.0,480.0,23.669
46,60,368.0,480.0,23.691
47,60,376.0,480.0,23.691
48,60,384.0,480.0,23.691
49,60,392.0,480.0,23.691
50,60,400.0,480.0,23.688
51,60,408.0,480.0,23.688
52,60,416.0,480.0,23.688
53,60,424.0,480.0,23.684
54,60,432.0,480.0,23.684
55,60,440.0,480.0,23.684
56,60,448.0,480.0,23.656
57,60,456.0,480.0,23.656
58,60,464.0,480.0,23.656
59,60,472.0,480.0,23.656
60,60,480.0,480.0,23.651
61,60,488.0,480.0,23.651
62,60,496.0,480.0,23.651
63,60,504.0,480.0,23.608
64,60,512.0,480.0,23.608
65,60,520.0,480.0,23.608
66,60,528.0,480.0,23.608
67,60,536.0,480.0,23.569
68,60,544.0,480.0,23.569
69,60,552.0,480.0,23.569
70,60,560.0,480.0,23.636
71,60,568.0,480.0,23.636
72,60,576.0,480.0,23.636
73,60,584.0,480.0,23.636
74,60,592.0,480.0,23.915
75,60,600.0,480.0,23.915
76,60,608.0,480.0,23.915
25,61,200.0,488.0,23.806
26,61,208.0,488.0,23.806
27,61,216.0,488.0,23.806
28,61,224.0,488.0,23.567
29,61,232.0,488.0,23.567
30,61,240.0,488.0,23.567
31,61,248.0,488.0,23.567
32,61,256.0,488.0,23.580
33,61,264.0,488.0,23.580
34,61,272.0,488.0,23.580
35,61,280.0,488.0,23.621
36,61,288.0,488.0,23.621
37,61,296.0,488.0,23.621
38,61,304.0,488.0,23.621
39,61,312.0,488.0,23.658
40,61,320.0,488.0,23.658
41,61,328.0,488.0,23.658
42,61,336.0,488.0,23.658
43,61,344.0,488.0,23.669
44,61,352.0,488.0,23.669
45,61,360.0,488.0,23.669
46,61,368.0,488.0,23.691
47,61,376.0,488.0,23.691
48,61,384.0,488.0,23.691
49,61,392.0,488.0,23.691
50,61,400.0,488.0,23.688
51,61,408.0,488.0,23.688
52,61,416.0,488.0,23.688
53,61,424.0,488.0,23.684
54,61,432.0,488.0,23.684
55,61,440.0,488.0,23.684
56,61,448.0,488.0,23.656
57,61,456.0,488.0,23.656
58,61,464.0,488.0,23.656
59,61,472.0,488.0,23.656
60,61,480.0,488.0,23.651
61,61,488.0,488.0,23.651
62,61,496.0,488.0,23.651
63,61,504.0,488.0,23.608
64,61,512.0,488.0,23.608
65,61,520.0,488.0,23.608
66,61,528.0,488.0,23.608
67,61,536.0,488.0,23.569
68,61,544.0,488.0,23.569
69,61,552.0,488.0,23.569
70,61,560.0,488.0,23.636
71,61,568.0,488.0,23.636
72,61,576.0,488.0,23.636
73,61,584.0,488.0,23.636
74,61,592.0,488.0,23.915
75,61,600.0,488.0,23.915
26,62,208.0,496.0,23.806
27,62,216.0,496.0,23.806
28,62,224.0,496.0,23.567
29,62,232.0,496.0,23.567
30,62,240.0,496.0,23.567
31,62,248.0,496.0,23.567
32,62,256.0,496.0,23.580
33,62,264.0,496.0,23.580
34,62,272.0,496.0,23.580
35,62,280.0,496.0,23.621
36,62,288.0,496.0,23.621
37,62,296.0,496.0,23.621
38,62,304.0,496.0,23.621
39,62,312.0,496.0,23.658
40,62,320.0,496.0,23.658
41,62,328.0,496.0,23.658
42,62,336.0,496.0,23.658
43,62,344.0,496.0,23.669
44,62,352.0,496.0,23.669
45,62,360.0,496.0,23.669
46,62,368.0,496.0,23.691
47,62,376.0,496.0,23.691
48,62,384.0,496.0,23.691
49,62,392.0,496.0,23.691
50,62,400.0,496.0,23.688
51,62,408.0,496.0,23.688
52,62,416.0,496.0,23.688
53,62,424.0,496.0,23.684
54,62,432.0,496.0,23.684
55,62,440.0,496.0,23.684
56,62,448.0,496.0,23.656
57,62,456.0,496.0,23.656
58,62,464.0,496.0,23.656
59,62,472.0,496.0,23.656
60,62,480.0,496.0,23.651
61,62,488.0,496.0,23.651
62,62,496.0,496.0,23.651
63,62,504.0,496.0,23.608
64,62,512.0,496.0,23.608
65,62,520.0,496.0,23.608
66,62,528.0,496.0,23.608
67,62,536.0,496.0,23.569
68,62,544.0,496.0,23.569
69,62,552.0,496.0,23.569
70,62,560.0,496.0,23.636
71,62,568.0,496.0,23.636
72,62,576.0,496.0,23.636
73,62,584.0,496.0,23.636
74,62,592.0,496.0,23.915
27,63,216.0,504.0,23.993
28,63,224.0,504.0,23.925
29,63,232.0,504.0,23.925
30,63,240.0,504.0,23.925
31,63,248.0,504.0,23.925
32,63,256.0,504.0,23.669
33,63,264.0,504.0,23.669
34,63,272.0,504.0,23.669
35,63,280.0,504.0,23.582
36,63,288.0,504.0,23.582
37,63,296.0,504.0,23.582
38,63,304.0,504.0,23.582
39,63,312.0,504.0,23.583
40,63,320.0,504.0,23.583
41,63,328.0,504.0,23.583
42,63,336.0,504.0,23.583
43,63,344.0,504.0,23.597
44,63,352.0,504.0,23.597
45,63,360.0,504.0,23.597
46,63,368.0,504.0,23.612
47,63,376.0,504.0,23.612
48,63,384.0,504.0,23.612
49,63,392.0,504.0,23.612
50,63,400.0,504.0,23.612
51,63,408.0,504.0,23.612
52,63,416.0,504.0,23.612
53,63,424.0,504.0,23.613
54,63,432.0,504.0,23.613
55,63,440.0,504.0,23.613
56,63,448.0,504.0,23.593
57,63,456.0,504.0,23.593
58,63,464.0,504.0,23.593
59,63,472.0,504.0,23.593
60,63,480.0,504.0,23.585
61,63,488.0,504.0,23.585
62,63,496.0,504.0,23.585
63,63,504.0,504.0,23.576
64,63,512.0,504.0,23.576
65,63,520.0,504.0,23.576
66,63,528.0,504.0,23.576
67,63,536.0,504.0,23.794
68,63,544.0,504.0,23.794
69,63,552.0,504.0,23.794
70,63,560.0,504.0,23.929
71,63,568.0,504.0,23.929
72,63,576.0,504.0,23.929
73,63,584.0,504.0,23.929
29,64,232.0,512.0,23.925
30,64,240.0,512.0,23.925
31,64,248.0,512.0,23.925
32,64,256.0,512.0,23.669
33,64,264.0,512.0,23.669
34,64,272.0,512.0,23.669
35,64,280.0,512.0,23.582
36,64,288.0,512.0,23.582
37,64,296.0,512.0,23.582
38,64,304.0,512.0,23.582
39,64,312.0,512.0,23.583
40,64,320.0,512.0,23.583
41,64,328.0,512.0,23.583
42,64,336.0,512.0,23.583
43,64,344.0,512.0,23.597
44,64,352.0,512.0,23.597
45,64,360.0,512.0,23.597
46,64,368.0,512.0,23.612
47,64,376.0,512.0,23.612
48,64,384.0,512.0,23.612
49,64,392.0,512.0,23.612
50,64,400.0,512.0,23.612
51,64,408.0,512.0,23.612
52,64,416.0,512.0,23.612
53,64,424.0,512.0,23.613
54,64,432.0,512.0,23.613
55,64,440.0,512.0,23.613
56,64,448.0,512.0,23.593
57,64,456.0,512.0,23.593
58,64,464.0,512.0,23.593
59,64,472.0,512.0,23.593
60,64,480.0,512.0,23.585
61,64,488.0,512.0,23.585
62,64,496.0,512.0,23.585
63,64,504.0,512.0,23.576
64,64,512.0,512.0,23.576
65,64,520.0,512.0,23.576
66,64,528.0,512.0,23.576
67,64,536.0,512.0,23.794
68,64,544.0,512.0,23.794
69,64,552.0,512.0,23.794
70,64,560.0,512.0,23.929
71,64,568.0,512.0,23.929
30,65,240.0,520.0,23.925
31,65,248.0,520.0,23.925
32,65,256.0,520.0,23.669
33,65,264.0,520.0,23.669
34,65,272.0,520.0,23.669
35,65,280.0,520.0,23.582
36,65,288.0,520.0,23.582
37,65,296.0,520.0,23.582
38,65,304.0,520.0,23.582
39,65,312.0,520.0,23.583
40,65,320.0,520.0,23.583
41,65,328.0,520.0,23.583
42,65,336.0,520.0,23.583
43,65,344.0,520.0,23.597
44,65,352.0,520.0,23.597
45,65,360.0,520.0,23.597
46,65,368.0,520.0,23.612
47,65,376.0,520.0,23.612
48,65,384.0,520.0,23.612
49,65,392.0,520.0,23.612
50,65,400.0,520.0,23.612
51,65,408.0,520.0,23.612
52,65,416.0,520.0,23.612
53,65,424.0,520.0,23.613
54,65,432.0,520.0,23.613
55,65,440.0,520.0,23.613
56,65,448.0,520.0,23.593
57,65,456.0,520.0,23.593
58,65,464.0,520.0,23.593
59,65,472.0,520.0,23.593
60,65,480.0,520.0,23.585
61,65,488.0,520.0,23.585
62,65,496.0,520.0,23.585
63,65,504.0,520.0,23.576
64,65,512.0,520.0,23.576
65,65,520.0,520.0,23.576
66,65,528.0,520.0,23.576
67,65,536.0,520.0,23.794
68,65,544.0,520.0,23.794
69,65,552.0,520.0,23.794
70,65,560.0,520.0,23.929
32,66,256.0,528.0,23.669
33,66,264.0,528.0,23.669
34,66,272.0,528.0,23.669
35,66,280.0,528.0,23.582
36,66,288.0,528.0,23.582
37,66,296.0,528.0,23.582
38,66,304.0,528.0,23.582
39,66,312.0,528.0,23.583
40,66,320.0,528.0,23.583
41,66,328.0,528.0,23.583
42,66,336.0,528.0,23.583
43,66,344.0,528.0,23.597
44,66,352.0,528.0,23.597
45,66,360.0,528.0,23.597
46,66,368.0,528.0,23.612
47,66,376.0,528.0,23.612
48,66,384.0,528.0,23.612
49,66,392.0,528.0,23.612
50,66,400.0,528.0,23.612
51,66,408.0,528.0,23.612
52,66,416.0,528.0,23.612
53,66,424.0,528.0,23.613
54,66,432.0,528.0,23.613
55,66,440.0,528.0,23.613
56,66,448.0,528.0,23.593
57,66,456.0,528.0,23.593
58,66,464.0,528.0,23.593
59,66,472.0,528.0,23.593
60,66,480.0,528.0,23.585
61,66,488.0,528.0,23.585
62,66,496.0,528.0,23.585
63,66,504.0,528.0,23.576
64,66,512.0,528.0,23.576
65,66,520.0,528.0,23.576
66,66,528.0,528.0,23.576
67,66,536.0,528.0,23.794
68,66,544.0,528.0,23.794
33,67,264.0,536.0,23.973
34,67,272.0,536.0,23.973
35,67,280.0,536.0,23.884
36,67,288.0,536.0,23.884
37,67,296.0,536.0,23.884
38,67,304.0,536.0,23.884
39,67,312.0,536.0,23.754
40,67,320.0,536.0,23.754
41,67,328.0,536.0,23.754
42,67,336.0,536.0,23.754
43,67,344.0,536.0,23.708
44,67,352.0,536.0,23.708
45,67,360.0,536.0,23.708
46,67,368.0,536.0,23.729
47,67,376.0,536.0,23.729
48,67,384.0,536.0,23.729
49,67,392.0,536.0,23.729
50,67,400.0,536.0,23.745
51,67,408.0,536.0,23.745
52,67,416.0,536.0,23.745
53,67,424.0,536.0,23.720
54,67,432.0,536.0,23.720
55,67,440.0,536.0,23.720
56,67,448.0,536.0,23.705
57,67,456.0,536.0,23.705
58,67,464.0,536.0,23.705
59,67,472.0,536.0,23.705
60,67,480.0,536.0,23.826
61,67,488.0,536.0,23.826
62,67,496.0,536.0,23.826
63,67,504.0,536.0,23.885
64,67,512.0,536.0,23.885
65,67,520.0,536.0,23.885
66,67,528.0,536.0,23.885
67,67,536.0,536.0,23.973
36,68,288.0,544.0,23.884
37,68,296.0,544.0,23.884
38,68,304.0,544.0,23.884
39,68,312.0,544.0,23.754
40,68,320.0,544.0,23.754
41,68,328.0,544.0,23.754
42,68,336.0,544.0,23.754
43,68,344.0,544.0,23.708
44,68,352.0,544.0,23.708
45,68,360.0,544.0,23.708
46,68,368.0,544.0,23.729
47,68,376.0,544.0,23.729
48,68,384.0,544.0,23.729
49,68,392.0,544.0,23.729
50,68,400.0,544.0,23.745
51,68,408.0,544.0,23.745
52,68,416.0,544.0,23.745
53,68,424.0,544.0,23.720
54,68,432.0,544.0,23.720
55,68,440.0,544.0,23.720
56,68,448.0,544.0,23.705
57,68,456.0,544.0,23.705
58,68,464.0,544.0,23.705
59,68,472.0,544.0,23.705
60,68,480.0,544.0,23.826
61,68,488.0,544.0,23.826
62,68,496.0,544.0,23.826
63,68,504.0,544.0,23.885
64,68,512.0,544.0,23.885
38,69,304.0,552.0,23.884
39,69,312.0,552.0,23.754
40,69,320.0,552.0,23.754
41,69,328.0,552.0,23.754
42,69,336.0,552.0,23.754
43,69,344.0,552.0,23.708
44,69,352.0,552.0,23.708
45,69,360.0,552.0,23.708
46,69,368.0,552.0,23.729
47,69,376.0,552.0,23.729
48,69,384.0,552.0,23.729
49,69,392.0,552.0,23.729
50,69,400.0,552.0,23.745
51,69,408.0,552.0,23.745
52,69,416.0,552.0,23.745
53,69,424.0,552.0,23.720
54,69,432.0,552.0,23.720
55,69,440.0,552.0,23.720
56,69,448.0,552.0,23.705
57,69,456.0,552.0,23.705
58,69,464.0,552.0,23.705
59,69,472.0,552.0,23.705
60,69,480.0,552.0,23.826
61,69,488.0,552.0,23.826
62,69,496.0,552.0,23.826
41,70,328.0,560.0,23.965
42,70,336.0,560.0,23.965
43,70,344.0,560.0,23.973
44,70,352.0,560.0,23.973
45,70,360.0,560.0,23.973
46,70,368.0,560.0,24.004
47,70,376.0,560.0,24.004
48,70,384.0,560.0,24.004
49,70,392.0,560.0,24.004
50,70,400.0,560.0,24.031
51,70,408.0,560.0,24.031
52,70,416.0,560.0,24.031
53,70,424.0,560.0,23.988
54,70,432.0,560.0,23.988
55,70,440.0,560.0,23.988
56,70,448.0,560.0,23.969
57,70,456.0,560.0,23.969
58,70,464.0,560.0,23.969
59,70,472.0,560.0,23.969
46,71,368.0,568.0,24.004
47,71,376.0,568.0,24.004
48,71,384.0,568.0,24.004
49,71,392.0,568.0,24.004
50,71,400.0,568.0,24.031
51,71,408.0,568.0,24.031
52,71,416.0,568.0,24.031
53,71,424.0,568.0,23.988
54,71,432.0,568.0,23.988
