dir,k,step,x,y,z,T
Xp,0,0,4.4570,1.7000,2.6000,22.740
Xp,1,0,4.4570,1.7750,2.6000,18.558
Xp,2,0,4.4570,1.8500,2.6000,18.558
Xp,3,0,4.4570,1.9250,2.6000,18.181
Xp,4,0,4.4570,2.0000,2.6000,18.221
Xp,5,0,4.4570,2.0750,2.6000,18.221
Xp,6,0,4.4570,2.1500,2.6000,18.238
Xp,7,0,4.4570,2.2250,2.6000,18.564
Xp,8,0,4.4570,2.3000,2.6000,18.564
Xp,0,1,4.4238,1.7261,2.6044,22.740
Xp,1,1,4.5322,1.7934,2.5615,20.037
Xp,2,1,4.5681,1.8509,2.5642,19.306
Xp,3,1,4.5681,1.9259,2.5642,19.306
Xp,4,1,4.5678,1.9971,2.5641,19.364
Xp,5,1,4.5678,2.0721,2.5641,19.364
Xp,6,1,4.5613,2.1377,2.5601,19.406
Xp,7,1,4.5335,2.2061,2.5623,19.406
Xp,8,1,4.5335,2.2811,2.5623,20.130
Xp,0,2,4.5245,1.7403,2.5547,20.037
Xp,1,2,4.5697,1.8076,2.5394,20.037
Xp,2,2,4.6151,1.8524,2.5601,19.118
Xp,3,2,4.6151,1.9274,2.5601,19.118
Xp,4,2,4.6156,1.9914,2.5587,19.181
Xp,5,2,4.6156,2.0664,2.5587,19.181
Xp,6,2,4.6131,2.1242,2.5441,19.402
Xp,7,2,4.5852,2.1925,2.5462,19.406
Xp,8,2,4.5695,2.2658,2.5429,20.130
Xp,0,3,4.5620,1.7544,2.5326,20.037
Xp,1,3,4.6072,1.8217,2.5174,20.037
Xp,2,3,4.6720,1.8547,2.5533,19.118
Xp,3,3,4.6720,1.9297,2.5533,19.118
Xp,4,3,4.6729,1.9852,2.5506,19.181
Xp,5,3,4.6729,2.0602,2.5506,19.181
Xp,6,3,4.6701,2.1113,2.5269,19.402
Xp,7,3,4.6423,2.1797,2.5291,19.402
Xp,8,3,4.6055,2.2506,2.5235,20.130
Xp,0,4,4.5995,1.7686,2.5106,20.037
Xp,1,4,4.6429,1.8328,2.4981,20.277
Xp,2,4,4.7290,1.8570,2.5466,19.118
Xp,3,4,4.7290,1.9320,2.5466,19.118
Xp,4,4,4.7303,1.9790,2.5426,19.102
Xp,5,4,4.7303,2.0540,2.5426,19.102
Xp,6,4,4.7271,2.0985,2.5098,19.402
Xp,7,4,4.6993,2.1668,2.5119,19.402
Xp,8,4,4.6403,2.2385,2.5070,20.384
Xp,0,5,4.6352,1.7796,2.4913,20.277
Xp,1,5,4.6786,1.8438,2.4788,20.277
Xp,2,5,4.7932,1.8593,2.5367,19.023
Xp,3,5,4.7932,1.9343,2.5367,19.023
Xp,4,5,4.7943,1.9730,2.5316,19.102
Xp,5,5,4.7943,2.0480,2.5316,19.102
Xp,6,5,4.7854,2.0869,2.4924,19.102
Xp,7,5,4.7564,2.1540,2.4948,19.518
Xp,8,5,4.6751,2.2263,2.4906,20.384
Xp,0,6,4.6709,1.7906,2.4720,20.277
Xp,1,6,4.7143,1.8548,2.4595,19.118
Xp,2,6,4.8574,1.8617,2.5268,19.017
Xp,3,6,4.8574,1.9367,2.5268,19.017
Xp,4,6,4.8585,1.9753,2.5217,19.141
Xp,5,6,4.8583,2.0419,2.5206,19.141
Xp,6,6,4.8494,2.0808,2.4814,19.141
Xp,7,6,4.8146,2.1424,2.4774,19.518
Xp,8,6,4.7099,2.2142,2.4741,20.384
Xp,0,7,4.7066,1.8016,2.4528,20.277
Xp,1,7,4.7785,1.8571,2.4496,20.026
Xp,2,7,4.9291,1.8636,2.5127,19.017
Xp,3,7,4.9291,1.9386,2.5127,19.017
Xp,4,7,4.9287,1.9701,2.5071,19.141
Xp,5,7,4.9285,2.0367,2.5061,19.141
Xp,6,7,4.9197,2.0756,2.4668,19.141
Xp,7,7,4.8729,2.1308,2.4600,19.961
Xp,8,7,4.7669,2.2013,2.4570,19.518
Xp,0,8,4.7064,1.8108,2.4433,21.352
Xp,1,8,4.8016,1.8582,2.4338,20.026
Xp,2,8,5.0009,1.8655,2.4986,19.082
Xp,3,8,5.0009,1.9405,2.4986,19.082
Xp,4,8,5.0005,1.9720,2.4931,19.231
Xp,5,8,4.9988,2.0314,2.4915,19.231
Xp,6,8,4.9899,2.0704,2.4523,19.231
Xp,7,8,4.9260,2.1221,2.4443,20.646
Xp,8,8,4.7834,2.1906,2.4422,20.723
Xp,0,9,4.7062,1.8199,2.4339,21.352
Xp,1,9,4.8248,1.8593,2.4179,20.026
Xp,2,9,5.0737,1.8672,2.4838,19.082
Xp,3,9,5.0737,1.9422,2.4838,19.082
Xp,4,9,5.0733,1.9736,2.4783,19.231
Xp,5,9,5.0694,2.0267,2.4765,19.231
Xp,6,9,5.0306,2.0648,2.4317,19.912
Xp,7,9,4.9512,2.1145,2.4274,20.646
Xp,8,9,4.7998,2.1800,2.4274,20.723
Xp,0,10,4.7060,1.8290,2.4245,21.352
Xp,1,10,4.8479,1.8603,2.4021,20.026
Xp,2,10,5.1461,1.8686,2.4688,19.181
Xp,3,10,5.1461,1.9436,2.4688,19.181
Xp,4,10,5.1429,1.9694,2.4634,19.181
Xp,5,10,5.1390,2.0225,2.4616,19.356
Xp,6,10,5.0712,2.0591,2.4110,19.912
Xp,7,10,4.9764,2.1068,2.4105,20.688
Xp,8,10,4.8163,2.1693,2.4127,20.723
Xp,0,11,4.7058,1.8381,2.4151,21.352
Xp,1,11,4.8864,1.8609,2.3816,19.730
Xp,2,11,5.2185,1.8701,2.4537,19.309
Xp,3,11,5.2185,1.9451,2.4537,19.309
Xp,4,11,5.2125,1.9652,2.4485,19.605
Xp,5,11,5.2086,2.0183,2.4467,19.889
Xp,6,11,5.1154,2.0543,2.3902,19.889
Xp,7,11,5.0035,2.1004,2.3939,20.688
Xp,8,11,4.8328,2.1586,2.3979,20.723
Xp,0,12,4.7057,1.8473,2.4057,21.352
Xp,1,12,4.9249,1.8615,2.3611,19.730
Xp,2,12,5.2695,1.8703,2.4317,19.605
Xp,3,12,5.2695,1.9453,2.4317,19.605
Xp,4,12,5.2634,1.9654,2.4264,19.605
Xp,5,12,5.2552,2.0140,2.4260,19.893
Xp,6,12,5.1596,2.0494,2.3694,19.889
Xp,7,12,5.0305,2.0940,2.3773,20.688
Xp,8,12,4.8492,2.1479,2.3831,20.646
Xp,0,13,4.7196,1.8487,2.3954,21.352
Xp,1,13,4.9634,1.8621,2.3406,19.730
Xp,2,13,5.3204,1.8705,2.4097,19.605
Xp,3,13,5.3204,1.9455,2.4097,19.605
Xp,4,13,5.3144,1.9657,2.4044,19.605
Xp,5,13,5.3018,2.0098,2.4053,19.893
Xp,6,13,5.2038,2.0445,2.3485,19.889
Xp,7,13,5.0575,2.0876,2.3607,19.912
Xp,8,13,4.8745,2.1402,2.3662,20.646
Xp,0,14,4.7334,1.8501,2.3851,20.026
Xp,1,14,5.0072,1.8625,2.3192,19.956
Xp,2,14,5.3733,1.8708,2.3878,19.623
Xp,3,14,5.3733,1.9458,2.3878,19.623
Xp,4,14,5.3673,1.9659,2.3825,19.623
Xp,5,14,5.3484,2.0056,2.3846,19.921
Xp,6,14,5.2504,2.0402,2.3278,20.183
Xp,7,14,5.0982,2.0820,2.3400,19.889
Xp,8,14,4.8997,2.1326,2.3493,20.646
Xp,0,15,4.7566,1.8511,2.3692,20.026
Xp,1,15,5.0404,1.8619,2.2988,19.956
Xp,2,15,5.4262,1.8711,2.3659,19.623
Xp,3,15,5.4262,1.9461,2.3659,19.623
Xp,4,15,5.4202,1.9662,2.3606,19.623
Xp,5,15,5.3965,2.0019,2.3643,19.921
Xp,6,15,5.2867,2.0360,2.3078,20.183
Xp,7,15,5.1314,2.0772,2.3204,20.220
Xp,8,15,4.9250,2.1249,2.3323,20.646
Xp,0,16,4.7798,1.8522,2.3534,20.026
Xp,1,16,5.0736,1.8613,2.2784,19.956
Xp,2,16,5.4805,1.8715,2.3448,19.737
Xp,3,16,5.4805,1.9465,2.3448,19.737
Xp,4,16,5.4731,1.9665,2.3387,19.737
Xp,5,16,5.4446,1.9983,2.3440,19.921
Xp,6,16,5.3231,2.0318,2.2877,20.183
Xp,7,16,5.1645,2.0724,2.3008,20.220
Xp,8,16,4.9387,2.1181,2.3193,21.046
Xp,0,17,4.8029,1.8533,2.3375,20.026
Xp,1,17,5.1114,1.8608,2.2569,19.880
Xp,2,17,5.5348,1.8719,2.3237,19.848
Xp,3,17,5.5348,1.9469,2.3237,19.848
Xp,4,17,5.5209,1.9663,2.3165,19.848
Xp,5,17,5.4936,1.9957,2.3247,20.203
Xp,6,17,5.3619,2.0281,2.2675,20.171
Xp,7,17,5.1977,2.0676,2.2811,20.220
Xp,8,17,4.9524,2.1113,2.3063,21.046
Xp,0,18,4.8156,1.8528,2.3257,20.455
Xp,1,18,5.1493,1.8603,2.2355,19.880
Xp,2,18,5.5827,1.8718,2.3015,19.893
Xp,3,18,5.5827,1.9468,2.3015,19.893
Xp,4,18,5.5688,1.9662,2.2943,19.848
Xp,5,18,5.5352,1.9929,2.3049,20.203
Xp,6,18,5.4007,2.0244,2.2473,20.171
Xp,7,18,5.2340,2.0634,2.2611,20.183
Xp,8,18,4.9661,2.1045,2.2933,21.046
Xp,0,19,4.8282,1.8524,2.3138,20.455
Xp,1,19,5.1871,1.8598,2.2141,19.880
Xp,2,19,5.6311,1.8713,2.2796,19.893
Xp,3,19,5.6311,1.9463,2.2796,19.893
Xp,4,19,5.6172,1.9657,2.2723,19.893
Xp,5,19,5.5769,1.9902,2.2850,20.239
Xp,6,19,5.4395,2.0208,2.2271,20.171
Xp,7,19,5.2704,2.0592,2.2410,20.183
Xp,8,19,4.9828,2.0986,2.2794,21.021
Xp,0,20,4.8409,1.8520,2.3019,20.455
Xp,1,20,5.2166,1.8585,2.1937,20.069
Xp,2,20,5.6795,1.8709,2.2576,19.893
Xp,3,20,5.6795,1.9459,2.2576,19.893
Xp,4,20,5.6656,1.9653,2.2504,19.893
Xp,5,20,5.6188,1.9880,2.2655,20.239
Xp,6,20,5.4811,2.0180,2.2073,20.405
Xp,7,20,5.3068,2.0550,2.2209,20.183
Xp,8,20,4.9994,2.0928,2.2655,21.021
Xp,0,21,4.8535,1.8515,2.2901,20.067
Xp,1,21,5.2501,1.8574,2.1723,20.069
Xp,2,21,5.7275,1.8692,2.2361,19.963
Xp,3,21,5.7275,1.9442,2.2361,19.963
Xp,4,21,5.7136,1.9636,2.2289,19.963
Xp,5,21,5.6608,1.9857,2.2459,20.239
Xp,6,21,5.5155,2.0152,2.1877,20.405
Xp,7,21,5.3432,2.0508,2.2009,20.432
Xp,8,21,5.0285,2.0874,2.2468,20.284
Xp,0,22,4.8810,1.8509,2.2713,20.067
Xp,1,22,5.2836,1.8563,2.1509,20.069
Xp,2,22,5.7754,1.8674,2.2146,19.963
Xp,3,22,5.7754,1.9424,2.2146,19.963
Xp,4,22,5.7615,1.9618,2.2074,20.060
Xp,5,22,5.7027,1.9835,2.2263,20.284
Xp,6,22,5.5499,2.0124,2.1681,20.405
Xp,7,22,5.3735,2.0471,2.1816,20.432
Xp,8,22,5.0575,2.0820,2.2280,20.284
Xp,0,23,4.9084,1.8504,2.2526,20.067
Xp,1,23,5.3171,1.8553,2.1295,20.069
Xp,2,23,5.8183,1.8654,2.1923,20.665
Xp,3,23,5.8183,1.9404,2.1923,20.665
Xp,4,23,5.8044,1.9598,2.1850,20.060
Xp,5,23,5.7461,1.9820,2.2070,20.430
Xp,6,23,5.5842,2.0095,2.1484,20.413
Xp,7,23,5.4039,2.0435,2.1624,20.432
Xp,8,23,5.0865,2.0766,2.2092,20.629
Xp,0,24,4.9359,1.8498,2.2339,21.536
Xp,1,24,5.3538,1.8543,2.1074,20.023
Xp,2,24,5.8525,1.8633,2.1738,20.665
Xp,3,24,5.8525,1.9383,2.1738,20.665
Xp,4,24,5.8386,1.9577,2.1666,20.665
Xp,5,24,5.7835,1.9802,2.1874,20.430
Xp,6,24,5.6196,2.0072,2.1288,20.413
Xp,7,24,5.4343,2.0399,2.1432,20.432
Xp,8,24,5.1105,2.0721,2.1914,20.538
Xp,0,25,4.9633,1.8492,2.2152,21.536
Xp,1,25,5.3906,1.8534,2.0853,20.240
Xp,2,25,5.8867,1.8612,2.1554,20.665
Xp,3,25,5.8867,1.9362,2.1554,20.665
Xp,4,25,5.8728,1.9556,2.1482,20.665
Xp,5,25,5.8209,1.9785,2.1677,20.753
Xp,6,25,5.6550,2.0048,2.1092,20.413
Xp,7,25,5.4687,2.0370,2.1236,20.405
Xp,8,25,5.1345,2.0675,2.1737,20.538
Xp,0,26,4.9826,1.8477,2.1984,21.659
Xp,1,26,5.4206,1.8520,2.0641,20.240
Xp,2,26,5.9209,1.8590,2.1370,20.665
Xp,3,26,5.9209,1.9340,2.1370,20.665
Xp,4,26,5.9070,1.9535,2.1298,20.665
Xp,5,26,5.8539,1.9784,2.1510,20.753
Xp,6,26,5.6904,2.0024,2.0896,20.598
Xp,7,26,5.5031,2.0342,2.1040,20.405
Xp,8,26,5.1585,2.0630,2.1559,20.538
Xp,0,27,4.9829,1.8493,2.1873,21.659
Xp,1,27,5.4505,1.8506,2.0429,20.176
Xp,2,27,5.9557,1.8579,2.1189,20.701
Xp,3,27,5.9557,1.9329,2.1189,20.701
Xp,4,27,5.9412,1.9513,2.1113,20.701
Xp,5,27,5.8868,1.9783,2.1343,20.753
Xp,6,27,5.7220,2.0006,2.0702,20.598
Xp,7,27,5.5374,2.0314,2.0844,20.615
Xp,8,27,5.1825,2.0585,2.1381,20.538
Xp,0,28,5.0077,1.8479,2.1684,21.659
Xp,1,28,5.4857,1.8495,2.0206,21.836
Xp,2,28,5.9904,1.8568,2.1009,20.701
Xp,3,28,5.9904,1.9318,2.1009,20.701
Xp,4,28,5.9760,1.9502,2.0933,20.701
Xp,5,28,5.9198,1.9782,2.1175,20.753
Xp,6,28,5.7537,1.9987,2.0509,20.598
Xp,7,28,5.5652,2.0285,2.0656,20.615
Xp,8,28,5.2066,2.0539,2.1203,20.538
Xp,0,29,5.0081,1.8496,2.1573,21.659
Xp,1,29,5.5208,1.8483,1.9983,21.836
Xp,2,29,6.0252,1.8557,2.0828,20.729
Xp,3,29,6.0252,1.9307,2.0828,20.729
Xp,4,29,6.0079,1.9490,2.0745,20.729
Xp,5,29,5.9544,1.9787,2.1003,20.714
Xp,6,29,5.7853,1.9968,2.0316,20.598
Xp,7,29,5.5944,2.0260,2.0465,20.600
Xp,8,29,5.2341,2.0498,2.1017,20.474
Xp,0,30,5.0328,1.8482,2.1384,21.659
Xp,1,30,5.5252,1.8499,1.9879,21.836
Xp,2,30,6.0571,1.8545,2.0640,20.955
Xp,3,30,6.0571,1.9295,2.0640,20.955
Xp,4,30,6.0399,1.9479,2.0557,20.729
Xp,5,30,5.9890,1.9792,2.0830,20.787
Xp,6,30,5.8170,1.9950,2.0123,20.873
Xp,7,30,5.6236,2.0236,2.0274,20.600
Xp,8,30,5.2616,2.0458,2.0830,20.744
Xp,0,31,5.0332,1.8499,2.1273,21.659
Xp,1,31,5.5604,1.8488,1.9657,21.767
Xp,2,31,6.0859,1.8540,2.0465,20.955
Xp,3,31,6.0859,1.9290,2.0465,20.955
Xp,4,31,6.0686,1.9474,2.0382,20.955
Xp,5,31,6.0197,1.9794,2.0655,20.787
Xp,6,31,5.8451,1.9944,1.9957,20.873
Xp,7,31,5.6527,2.0211,2.0084,20.600
Xp,8,31,5.2817,2.0418,2.0662,20.744
Xp,0,32,5.0580,1.8485,2.1084,21.659
Xp,1,32,5.5648,1.8502,1.9549,20.363
Xp,2,32,6.1146,1.8535,2.0290,20.955
Xp,3,32,6.1146,1.9285,2.0290,20.955
Xp,4,32,6.0973,1.9469,2.0207,20.955
Xp,5,32,6.0505,1.9795,2.0479,20.920
Xp,6,32,5.8733,1.9939,1.9791,20.873
Xp,7,32,5.6819,2.0187,1.9893,20.600
Xp,8,32,5.3019,2.0379,2.0493,20.744
Xp,0,33,5.0583,1.8501,2.0973,20.240
Xp,1,33,5.5715,1.8523,1.9447,20.342
Xp,2,33,6.1433,1.8530,2.0115,20.955
Xp,3,33,6.1433,1.9280,2.0115,20.955
Xp,4,33,6.1260,1.9464,2.0032,20.955
Xp,5,33,6.0804,1.9796,2.0308,20.920
Xp,6,33,5.9015,1.9934,1.9626,21.000
Xp,7,33,5.7136,2.0168,1.9700,20.769
Xp,8,33,5.3220,2.0340,2.0325,20.744
Xp,0,34,5.0571,1.8518,2.0871,20.508
Xp,1,34,5.6028,1.8506,1.9227,20.342
Xp,2,34,6.1720,1.8526,1.9941,21.179
Xp,3,34,6.1720,1.9276,1.9941,21.179
Xp,4,34,6.1547,1.9459,1.9857,20.955
Xp,5,34,6.1103,1.9797,2.0137,20.920
Xp,6,34,5.9252,1.9925,1.9466,21.000
Xp,7,34,5.7399,2.0148,1.9514,20.769
Xp,8,34,5.3452,2.0304,2.0148,20.683
Xp,0,35,5.0752,1.8498,2.0700,21.687
Xp,1,35,5.6095,1.8527,1.9125,20.342
Xp,2,35,6.1962,1.8524,1.9775,21.179
Xp,3,35,6.1962,1.9274,1.9775,21.179
Xp,4,35,6.1834,1.9454,1.9682,21.143
Xp,5,35,6.1403,1.9799,1.9966,20.920
Xp,6,35,5.9521,1.9923,1.9292,20.878
Xp,7,35,5.7662,2.0128,1.9328,20.769
Xp,8,35,5.3683,2.0268,1.9970,20.683
Xp,0,36,5.0934,1.8477,2.0529,21.701
Xp,1,36,5.6408,1.8511,1.8905,20.342
Xp,2,36,6.2195,1.8523,1.9602,21.143
Xp,3,36,6.2195,1.9273,1.9602,21.143
Xp,4,36,6.2067,1.9453,1.9510,21.143
Xp,5,36,6.1702,1.9800,1.9795,21.004
Xp,6,36,5.9791,1.9921,1.9118,20.878
Xp,7,36,5.7925,2.0108,1.9142,20.769
Xp,8,36,5.3915,2.0233,1.9793,20.683
Xp,0,37,5.0935,1.8490,2.0421,21.701
Xp,1,37,5.6721,1.8495,1.8684,21.787
Xp,2,37,6.2428,1.8522,1.9429,21.143
Xp,3,37,6.2428,1.9272,1.9429,21.143
Xp,4,37,6.2300,1.9452,1.9337,21.143
Xp,5,37,6.1989,1.9802,1.9623,21.005
Xp,6,37,6.0060,1.9919,1.8944,20.878
Xp,7,37,5.8188,2.0089,1.8957,21.000
Xp,8,37,5.4146,2.0197,1.9615,20.910
Xp,0,38,5.0936,1.8502,2.0313,20.392
Xp,1,38,5.7034,1.8478,1.8464,21.584
Xp,2,38,6.2661,1.8520,1.9257,21.143
Xp,3,38,6.2661,1.9270,1.9257,21.143
Xp,4,38,6.2533,1.9451,1.9165,21.143
Xp,5,38,6.2258,1.9804,1.9445,21.005
Xp,6,38,6.0330,1.9916,1.8770,20.878
Xp,7,38,5.8425,2.0080,1.8796,21.000
Xp,8,38,5.4317,2.0162,1.9455,20.910
Xp,0,39,5.0938,1.8515,2.0206,20.392
Xp,1,39,5.7105,1.8483,1.8353,21.584
Xp,2,39,6.2894,1.8519,1.9084,21.194
Xp,3,39,6.2894,1.9269,1.9084,21.194
Xp,4,39,6.2766,1.9450,1.8992,21.143
Xp,5,39,6.2527,1.9805,1.9267,21.005
Xp,6,39,6.0599,1.9914,1.8597,20.957
Xp,7,39,5.8662,2.0071,1.8636,21.000
Xp,8,39,5.4489,2.0127,1.9295,20.910
Xp,0,40,5.1164,1.8497,2.0017,21.701
Xp,1,40,5.7175,1.8487,1.8241,21.584
Xp,2,40,6.3141,1.8534,1.8911,21.194
Xp,3,40,6.3141,1.9284,1.8911,21.194
Xp,4,40,6.2999,1.9448,1.8820,21.194
Xp,5,40,6.2796,1.9806,1.9090,21.005
Xp,6,40,6.0872,1.9913,1.8423,21.070
Xp,7,40,5.8899,2.0062,1.8476,21.226
Xp,8,40,5.4708,2.0098,1.9119,20.814
Xp,0,41,5.1390,1.8479,1.9827,21.701
Xp,1,41,5.7246,1.8491,1.8130,21.584
Xp,2,41,6.3387,1.8548,1.8737,21.194
Xp,3,41,6.3387,1.9298,1.8737,21.194
Xp,4,41,6.3246,1.9463,1.8646,21.194
Xp,5,41,6.3054,1.9822,1.8923,21.156
Xp,6,41,6.1090,1.9911,1.8253,21.070
Xp,7,41,5.9061,2.0047,1.8334,21.226
Xp,8,41,5.4928,2.0069,1.8942,20.814
Xp,0,42,5.1392,1.8491,1.9720,21.701
Xp,1,42,5.7317,1.8495,1.8019,21.584
Xp,2,42,6.3634,1.8562,1.8564,21.194
Xp,3,42,6.3634,1.9312,1.8564,21.194
Xp,4,42,6.3493,1.9477,1.8473,21.166
Xp,5,42,6.3312,1.9838,1.8756,21.156
Xp,6,42,6.1308,1.9908,1.8083,21.070
Xp,7,42,5.9224,2.0033,1.8191,21.226
Xp,8,42,5.5147,2.0040,1.8766,20.814
Xp,0,43,5.1386,1.8503,1.9616,20.632
Xp,1,43,5.7387,1.8499,1.7908,21.584
Xp,2,43,6.3855,1.8576,1.8384,21.166
Xp,3,43,6.3855,1.9326,1.8384,21.166
Xp,4,43,6.3714,1.9491,1.8293,21.166
Xp,5,43,6.3570,1.9854,1.8589,21.156
Xp,6,43,6.1526,1.9906,1.7914,21.070
Xp,7,43,5.9424,2.0026,1.8029,21.071
Xp,8,43,5.5367,2.0011,1.8590,20.814
Xp,0,44,5.1380,1.8515,1.9512,20.632
Xp,1,44,5.7625,1.8475,1.7700,21.584
Xp,2,44,6.4076,1.8590,1.8204,21.166
Xp,3,44,6.4076,1.9340,1.8204,21.166
Xp,4,44,6.3935,1.9504,1.8113,21.166
Xp,5,44,6.3828,1.9871,1.8422,21.174
Xp,6,44,6.1744,1.9903,1.7744,21.060
Xp,7,44,5.9624,2.0018,1.7866,21.071
Xp,8,44,5.5586,1.9982,1.8414,21.145
Xp,0,45,5.1550,1.8493,1.9340,21.694
Xp,1,45,5.7696,1.8479,1.7589,21.584
Xp,2,45,6.4269,1.8606,1.8030,21.351
Xp,3,45,6.4269,1.9356,1.8030,21.351
Xp,4,45,6.4156,1.9518,1.7934,21.351
Xp,5,45,6.4050,1.9884,1.8253,21.174
Xp,6,45,6.1971,1.9905,1.7565,21.060
Xp,7,45,5.9824,2.0011,1.7704,21.071
Xp,8,45,5.5718,1.9953,1.8264,21.102
Xp,0,46,5.1544,1.8505,1.9236,20.632
Xp,1,46,5.7767,1.8483,1.7477,21.584
Xp,2,46,6.4462,1.8623,1.7856,21.351
Xp,3,46,6.4462,1.9373,1.7856,21.351
Xp,4,46,6.4349,1.9535,1.7759,21.351
Xp,5,46,6.4273,1.9905,1.8075,21.203
Xp,6,46,6.2198,1.9907,1.7386,21.060
Xp,7,46,6.0024,2.0004,1.7541,21.071
Xp,8,46,5.5866,1.9927,1.8107,21.102
Xp,0,47,5.1538,1.8517,1.9133,20.632
Xp,1,47,5.7838,1.8487,1.7366,21.584
Xp,2,47,6.4654,1.8640,1.7681,21.351
Xp,3,47,6.4654,1.9390,1.7681,21.351
Xp,4,47,6.4541,1.9552,1.7585,21.351
Xp,5,47,6.4496,1.9926,1.7898,21.203
Xp,6,47,6.2404,1.9910,1.7210,21.100
Xp,7,47,6.0224,1.9996,1.7379,21.071
Xp,8,47,5.6015,1.9901,1.7949,21.102
Xp,0,48,5.1708,1.8496,1.8960,21.694
Xp,1,48,5.7908,1.8491,1.7255,21.528
Xp,2,48,6.4847,1.8657,1.7507,21.351
Xp,3,48,6.4847,1.9407,1.7507,21.351
Xp,4,48,6.4734,1.9568,1.7411,21.351
Xp,5,48,6.4719,1.9947,1.7720,21.203
Xp,6,48,6.2610,1.9912,1.7034,21.100
Xp,7,48,6.0395,1.9988,1.7225,21.158
Xp,8,48,5.6164,1.9875,1.7791,21.102
Xp,0,49,5.1878,1.8474,1.8788,21.694
Xp,1,49,5.7978,1.8489,1.7139,21.528
Xp,2,49,6.5040,1.8674,1.7332,21.351
Xp,3,49,6.5040,1.9424,1.7332,21.351
Xp,4,49,6.4927,1.9585,1.7236,21.326
Xp,5,49,6.4942,1.9968,1.7542,21.203
Xp,6,49,6.2817,1.9915,1.6858,21.100
Xp,7,49,6.0566,1.9980,1.7070,21.130
Xp,8,49,5.6312,1.9849,1.7634,21.102
Xp,0,50,5.1872,1.8486,1.8684,21.694
Xp,1,50,5.8049,1.8487,1.7022,21.528
Xp,2,50,6.5224,1.8691,1.7157,21.326
Xp,3,50,6.5224,1.9441,1.7157,21.326
Xp,4,50,6.5111,1.9603,1.7061,21.326
Xp,5,50,6.5165,1.9989,1.7364,21.203
Xp,6,50,6.3020,1.9929,1.6691,21.196
Xp,7,50,6.0759,1.9978,1.6906,21.130
Xp,8,50,5.6461,1.9823,1.7476,21.102
Xp,0,51,5.1866,1.8498,1.8580,21.694
Xp,1,51,5.8119,1.8486,1.6906,21.155
Xp,2,51,6.5414,1.8715,1.6981,21.347
Xp,3,51,6.5414,1.9465,1.6981,21.347
Xp,4,51,6.5295,1.9620,1.6885,21.347
Xp,5,51,6.5373,2.0010,1.7187,21.292
Xp,6,51,6.3223,1.9944,1.6524,21.196
Xp,7,51,6.0952,1.9976,1.6741,21.130
Xp,8,51,5.6610,1.9797,1.7318,21.102
Xp,0,52,5.2037,1.8476,1.8408,21.669
Xp,1,52,5.8275,1.8468,1.6740,21.155
Xp,2,52,6.5604,1.8738,1.6805,21.347
Xp,3,52,6.5604,1.9488,1.6805,21.347
Xp,4,52,6.5485,1.9644,1.6709,21.347
Xp,5,52,6.5579,2.0045,1.7017,21.292
Xp,6,52,6.3426,1.9958,1.6358,21.196
Xp,7,52,6.1145,1.9973,1.6576,21.130
Xp,8,52,5.6726,1.9771,1.7173,21.225
Xp,0,53,5.2027,1.8483,1.8308,21.669
Xp,1,53,5.8431,1.8451,1.6574,21.155
Xp,2,53,6.5795,1.8762,1.6629,21.347
Xp,3,53,6.5795,1.9512,1.6629,21.347
Xp,4,53,6.5675,1.9667,1.6533,21.347
Xp,5,53,6.5785,2.0081,1.6847,21.292
Xp,6,53,6.3629,1.9972,1.6191,21.196
Xp,7,53,6.1338,1.9971,1.6412,21.130
Xp,8,53,5.6843,1.9745,1.7028,21.225
Xp,0,54,5.2017,1.8490,1.8209,21.669
Xp,1,54,5.8587,1.8433,1.6409,21.155
Xp,2,54,6.5985,1.8786,1.6453,21.347
Xp,3,54,6.5985,1.9536,1.6453,21.347
Xp,4,54,6.5865,1.9691,1.6357,21.347
Xp,5,54,6.5991,2.0116,1.6678,21.292
Xp,6,54,6.3832,1.9987,1.6025,21.222
Xp,7,54,6.1531,1.9969,1.6247,21.130
Xp,8,54,5.6985,1.9723,1.6876,21.196
Xp,0,55,5.2007,1.8498,1.8110,21.669
Xp,1,55,5.8743,1.8416,1.6243,21.155
Xp,2,55,6.6175,1.8809,1.6277,21.347
Xp,3,55,6.6175,1.9559,1.6277,21.347
Xp,4,55,6.6071,1.9727,1.6188,21.292
Xp,5,55,6.6197,2.0152,1.6508,21.292
Xp,6,55,6.4017,2.0002,1.5863,21.222
Xp,7,55,6.1724,1.9967,1.6082,21.142
Xp,8,55,5.7128,1.9701,1.6724,21.196
Xp,0,56,5.2097,1.8472,1.7970,21.657
Xp,1,56,5.8898,1.8398,1.6078,21.188
Xp,2,56,6.6365,1.8833,1.6101,21.347
Xp,3,56,6.6365,1.9583,1.6101,21.347
Xp,4,56,6.6277,1.9762,1.6018,21.286
Xp,5,56,6.6403,2.0187,1.6338,21.292
Xp,6,56,6.4210,2.0024,1.5688,21.215
Xp,7,56,6.1910,1.9971,1.5911,21.142
Xp,8,56,5.7328,1.9677,1.6525,20.809
Xp,0,57,5.2100,1.8478,1.7862,21.657
Xp,1,57,5.9038,1.8382,1.5915,21.188
Xp,2,57,6.6545,1.8856,1.5926,21.355
Xp,3,57,6.6545,1.9606,1.5926,21.355
Xp,4,57,6.6470,1.9797,1.5850,21.286
Xp,5,57,6.6596,2.0223,1.6167,21.427
Xp,6,57,6.4404,2.0046,1.5514,21.215
Xp,7,57,6.2096,1.9976,1.5740,21.142
Xp,8,57,5.7529,1.9652,1.6327,20.809
Xp,0,58,5.2102,1.8485,1.7754,21.657
Xp,1,58,5.9178,1.8365,1.5752,21.188
Xp,2,58,6.6729,1.8885,1.5751,21.355
Xp,3,58,6.6729,1.9635,1.5751,21.355
Xp,4,58,6.6654,1.9830,1.5679,21.391
Xp,5,58,6.6780,2.0257,1.5995,21.391
Xp,6,58,6.4597,2.0067,1.5339,21.215
Xp,7,58,6.2282,1.9980,1.5568,21.142
Xp,8,58,5.7730,1.9628,1.6128,20.809
Xp,0,59,5.2105,1.8491,1.7647,21.657
Xp,1,59,5.9318,1.8349,1.5589,21.311
Xp,2,59,6.6912,1.8914,1.5577,21.355
Xp,3,59,6.6912,1.9664,1.5577,21.355
Xp,4,59,6.6838,1.9863,1.5507,21.391
Xp,5,59,6.6964,2.0290,1.5824,21.391
Xp,6,59,6.4791,2.0089,1.5164,21.215
Xp,7,59,6.2468,1.9985,1.5397,21.142
Xp,8,59,5.7898,1.9605,1.5941,20.944
Xp,0,60,5.2108,1.8497,1.7539,21.657
Xp,1,60,5.9432,1.8341,1.5442,21.311
Xp,2,60,6.7096,1.8942,1.5403,21.355
Xp,3,60,6.7096,1.9692,1.5403,21.355
Xp,4,60,6.7022,1.9897,1.5335,21.391
Xp,5,60,6.7148,2.0323,1.5652,21.391
Xp,6,60,6.4984,2.0111,1.4990,21.215
Xp,7,60,6.2655,1.9989,1.5226,21.142
Xp,8,60,5.8066,1.9581,1.5754,20.944
Xp,0,61,5.2228,1.8473,1.7381,21.657
Xp,1,61,5.9546,1.8333,1.5296,21.311
Xp,2,61,6.7279,1.8971,1.5228,21.355
Xp,3,61,6.7280,1.9726,1.5231,21.391
Xp,4,61,6.7206,1.9930,1.5163,21.391
Xp,5,61,6.7332,2.0357,1.5480,21.391
Xp,6,61,6.5177,2.0132,1.4815,21.230
Xp,7,61,6.2841,1.9994,1.5054,21.142
Xp,8,61,5.8239,1.9567,1.5574,21.052
Xp,0,62,5.2231,1.8480,1.7273,21.628
Xp,1,62,5.9659,1.8325,1.5149,21.311
Xp,2,62,6.7463,1.8999,1.5054,21.355
Xp,3,62,6.7464,1.9759,1.5059,21.391
Xp,4,62,6.7390,1.9963,1.4992,21.391
Xp,5,62,6.7516,2.0390,1.5308,21.391
Xp,6,62,6.5356,2.0155,1.4645,21.286
Xp,7,62,6.3026,2.0010,1.4892,21.247
Xp,8,62,5.8412,1.9553,1.5395,21.052
Xp,0,63,5.2236,1.8483,1.7164,21.628
Xp,1,63,5.9773,1.8317,1.5002,21.311
Xp,2,63,6.7646,1.9028,1.4879,21.340
Xp,3,63,6.7648,1.9792,1.4887,21.368
Xp,4,63,6.7575,1.9997,1.4820,21.368
Xp,5,63,6.7701,2.0423,1.5137,21.435
Xp,6,63,6.5534,2.0188,1.4482,21.286
Xp,7,63,6.3193,2.0027,1.4736,21.247
Xp,8,63,5.8586,1.9539,1.5216,21.052
Xp,0,64,5.2241,1.8485,1.7056,21.628
Xp,1,64,5.9887,1.8309,1.4856,21.324
Xp,2,64,6.7792,1.9048,1.4724,21.602
Xp,3,64,6.7821,1.9826,1.4721,21.403
Xp,4,64,6.7749,2.0028,1.4650,21.403
Xp,5,64,6.7883,2.0461,1.4969,21.435
Xp,6,64,6.5712,2.0222,1.4318,21.286
Xp,7,64,6.3361,2.0045,1.4580,21.247
Xp,8,64,5.8759,1.9525,1.5037,21.052
Xp,0,65,5.2245,1.8488,1.6947,21.628
Xp,1,65,5.9990,1.8302,1.4713,21.324
Xp,2,65,6.7938,1.9069,1.4569,21.602
Xp,3,65,6.7994,1.9860,1.4555,21.403
Xp,4,65,6.7922,2.0062,1.4483,21.403
Xp,5,65,6.8056,2.0494,1.4803,21.403
Xp,6,65,6.5890,2.0255,1.4155,21.286
Xp,7,65,6.3529,2.0063,1.4424,21.247
Xp,8,65,5.8932,1.9510,1.4858,21.122
Xp,0,66,5.2250,1.8491,1.6839,21.628
Xp,1,66,6.0093,1.8294,1.4570,21.324
Xp,2,66,6.8083,1.9089,1.4414,21.602
Xp,3,66,6.8167,1.9894,1.4388,21.403
Xp,4,66,6.8094,2.0095,1.4317,21.403
Xp,5,66,6.8228,2.0528,1.4636,21.403
Xp,6,66,6.6068,2.0288,1.3991,21.286
Xp,7,66,6.3696,2.0080,1.4268,21.247
Xp,8,66,5.9082,1.9498,1.4687,21.122
Xp,0,67,5.2255,1.8494,1.6730,21.628
Xp,1,67,6.0197,1.8286,1.4428,21.324
Xp,2,67,6.8229,1.9109,1.4259,21.602
Xp,3,67,6.8340,1.9928,1.4222,21.403
Xp,4,67,6.8267,2.0129,1.4151,21.403
Xp,5,67,6.8401,2.0562,1.4470,21.403
Xp,6,67,6.6246,2.0322,1.3828,21.286
Xp,7,67,6.3864,2.0098,1.4112,21.247
Xp,8,67,5.9233,1.9486,1.4516,21.122
Xp,0,68,5.2260,1.8497,1.6622,21.628
Xp,1,68,6.0300,1.8278,1.4285,21.324
Xp,2,68,6.8375,1.9130,1.4104,21.602
Xp,3,68,6.8512,1.9962,1.4055,21.403
Xp,4,68,6.8440,2.0163,1.3984,21.403
Xp,5,68,6.8574,2.0596,1.4304,21.403
Xp,6,68,6.6424,2.0355,1.3664,21.291
Xp,7,68,6.4032,2.0115,1.3956,21.247
Xp,8,68,5.9386,1.9479,1.4351,21.149
Xp,0,69,5.2265,1.8500,1.6513,21.628
Xp,1,69,6.0403,1.8270,1.4142,21.324
Xp,2,69,6.8521,1.9150,1.3949,21.602
Xp,3,69,6.8685,1.9995,1.3889,21.403
Xp,4,69,6.8613,2.0197,1.3818,21.403
Xp,5,69,6.8747,2.0630,1.4137,21.403
Xp,6,69,6.6587,2.0384,1.3498,21.356
Xp,7,69,6.4210,2.0138,1.3786,21.230
Xp,8,69,5.9540,1.9472,1.4186,21.149
Xp,0,70,5.2354,1.8475,1.6369,21.628
Xp,1,70,6.0506,1.8263,1.3999,21.231
Xp,2,70,6.8666,1.9171,1.3794,21.602
Xp,3,70,6.8858,2.0029,1.3723,21.403
Xp,4,70,6.8786,2.0231,1.3651,21.383
Xp,5,70,6.8920,2.0664,1.3971,21.446
Xp,6,70,6.6750,2.0412,1.3331,21.356
Xp,7,70,6.4388,2.0161,1.3616,21.247
Xp,8,70,5.9693,1.9466,1.4020,21.149
Xp,0,71,5.2359,1.8478,1.6261,21.628
Xp,1,71,6.0650,1.8263,1.3837,21.231
Xp,2,71,6.8812,1.9191,1.3639,21.554
Xp,3,71,6.9016,2.0060,1.3564,21.418
Xp,4,71,6.8947,2.0261,1.3488,21.418
Xp,5,71,6.9089,2.0699,1.3810,21.446
Xp,6,71,6.6913,2.0441,1.3165,21.356
Xp,7,71,6.4551,2.0184,1.3452,21.247
Xp,8,71,5.9847,1.9459,1.3855,21.149
Xp,0,72,5.2363,1.8481,1.6152,21.628
Xp,1,72,6.0795,1.8264,1.3674,21.258
Xp,2,72,6.8952,1.9208,1.3484,21.587
Xp,3,72,6.9175,2.0091,1.3405,21.418
Xp,4,72,6.9106,2.0292,1.3329,21.418
Xp,5,72,6.9258,2.0734,1.3649,21.418
Xp,6,72,6.7076,2.0469,1.2998,21.356
Xp,7,72,6.4714,2.0208,1.3289,21.247
Xp,8,72,6.0000,1.9452,1.3690,21.207
Xp,0,73,5.2372,1.8480,1.6043,21.596
Xp,1,73,6.0924,1.8267,1.3519,21.258
Xp,2,73,6.9093,1.9223,1.3334,21.587
Xp,3,73,6.9333,2.0122,1.3246,21.418
Xp,4,73,6.9264,2.0323,1.3170,21.418
Xp,5,73,6.9416,2.0765,1.3490,21.418
Xp,6,73,6.7239,2.0498,1.2832,21.356
Xp,7,73,6.4878,2.0231,1.3125,21.247
Xp,8,73,6.0134,1.9448,1.3535,21.207
Xp,0,74,5.2380,1.8479,1.5933,21.596
Xp,1,74,6.1054,1.8270,1.3363,21.258
Xp,2,74,6.9234,1.9239,1.3184,21.587
Xp,3,74,6.9491,2.0152,1.3087,21.418
Xp,4,74,6.9422,2.0354,1.3012,21.418
Xp,5,74,6.9575,2.0796,1.3331,21.418
Xp,6,74,6.7402,2.0527,1.2665,21.356
Xp,7,74,6.5041,2.0255,1.2962,21.247
Xp,8,74,6.0267,1.9445,1.3379,21.207
Xp,0,75,5.2388,1.8478,1.5823,21.596
Xp,1,75,6.1184,1.8272,1.3208,21.258
Xp,2,75,6.9375,1.9255,1.3034,21.587
Xp,3,75,6.9649,2.0183,1.2929,21.418
Xp,4,75,6.9581,2.0384,1.2853,21.418
Xp,5,75,6.9733,2.0827,1.3172,21.418
Xp,6,75,6.7564,2.0555,1.2499,21.350
Xp,7,75,6.5204,2.0278,1.2798,21.247
Xp,8,75,6.0401,1.9442,1.3224,21.207
Xp,0,76,5.2397,1.8476,1.5713,21.596
Xp,1,76,6.1314,1.8275,1.3053,21.258
Xp,2,76,6.9516,1.9270,1.2884,21.587
Xp,3,76,6.9808,2.0214,1.2770,21.418
Xp,4,76,6.9739,2.0415,1.2694,21.418
Xp,5,76,6.9891,2.0857,1.3014,21.418
Xp,6,76,6.7703,2.0578,1.2344,21.366
Xp,7,76,6.5367,2.0301,1.2635,21.291
Xp,8,76,6.0534,1.9438,1.3068,21.208
Xp,0,77,5.2405,1.8475,1.5604,21.596
Xp,1,77,6.1443,1.8278,1.2897,21.258
Xp,2,77,6.9656,1.9286,1.2734,21.587
Xp,3,77,6.9966,2.0245,1.2611,21.418
Xp,4,77,6.9897,2.0446,1.2535,21.418
Xp,5,77,7.0050,2.0888,1.2855,21.418
Xp,6,77,6.7840,2.0601,1.2190,21.366
Xp,7,77,6.5530,2.0334,1.2476,21.307
Xp,8,77,6.0680,1.9443,1.2909,21.208
Xp,0,78,5.2413,1.8474,1.5494,21.596
Xp,1,78,6.1573,1.8280,1.2742,21.258
Xp,2,78,6.9797,1.9301,1.2583,21.587
Xp,3,78,7.0124,2.0276,1.2452,21.562
Xp,4,78,7.0030,2.0468,1.2385,21.389
Xp,5,78,7.0193,2.0915,1.2711,21.507
Xp,6,78,6.7977,2.0624,1.2037,21.366
Xp,7,78,6.5664,2.0364,1.2332,21.307
Xp,8,78,6.0825,1.9448,1.2750,21.208
Xp,0,79,5.2422,1.8473,1.5384,21.596
Xp,1,79,6.1703,1.8283,1.2586,21.366
Xp,2,79,6.9938,1.9317,1.2433,21.510
Xp,3,79,7.0243,2.0271,1.2318,21.562
Xp,4,79,7.0149,2.0463,1.2250,21.562
Xp,5,79,7.0337,2.0941,1.2567,21.507
Xp,6,79,6.8114,2.0647,1.1883,21.366
Xp,7,79,6.5798,2.0393,1.2187,21.307
Xp,8,79,6.0971,1.9453,1.2591,21.208
Xp,0,80,5.2430,1.8472,1.5275,21.596
Xp,1,80,6.1814,1.8288,1.2442,21.386
Xp,2,80,7.0065,1.9323,1.2288,21.510
Xp,3,80,7.0361,2.0267,1.2183,21.562
Xp,4,80,7.0267,2.0459,1.2116,21.562
Xp,5,80,7.0455,2.0956,1.2427,21.453
Xp,6,80,6.8251,2.0670,1.1730,21.366
Xp,7,80,6.5932,2.0423,1.2042,21.307
Xp,8,80,6.1116,1.9458,1.2431,21.277
Xp,0,81,5.2438,1.8471,1.5165,21.596
Xp,1,81,6.1906,1.8295,1.2319,21.386
Xp,2,81,7.0029,1.9356,1.2277,21.510
Xp,3,81,7.0480,2.0262,1.2049,21.562
Xp,4,81,7.0386,2.0454,1.1982,21.562
Xp,5,81,7.0572,2.0971,1.2287,21.453
Xp,6,81,6.8388,2.0693,1.1576,21.366
Xp,7,81,6.6066,2.0453,1.1898,21.307
Xp,8,81,6.1231,1.9472,1.2293,21.277
Xp,0,82,5.2446,1.8469,1.5055,21.596
Xp,1,82,6.1999,1.8301,1.2195,21.386
Xp,2,82,6.9993,1.9388,1.2267,21.510
Xp,3,82,7.0598,2.0257,1.1915,21.562
Xp,4,82,7.0504,2.0450,1.1847,21.562
Xp,5,82,7.0690,2.0986,1.2148,21.453
Xp,6,82,6.8525,2.0716,1.1423,21.366
Xp,7,82,6.6200,2.0483,1.1753,21.307
Xp,8,82,6.1346,1.9487,1.2155,21.277
Xp,0,83,5.2455,1.8468,1.4946,21.596
Xp,1,83,6.2091,1.8308,1.2072,21.386
Xp,2,83,7.0120,1.9395,1.2121,23.823
Xp,3,83,7.0716,2.0253,1.1780,21.562
Xp,4,83,7.0622,2.0445,1.1713,21.562
Xp,5,83,7.0807,2.1001,1.2008,21.453
Xp,6,83,6.8662,2.0739,1.1270,21.366
Xp,7,83,6.6334,2.0513,1.1609,21.307
Xp,8,83,6.1461,1.9501,1.2017,21.277
Xp,0,84,5.2466,1.8463,1.4836,21.569
Xp,1,84,6.2184,1.8314,1.1949,21.386
Xp,2,84,7.0084,1.9427,1.2110,21.510
Xp,3,84,7.0835,2.0248,1.1646,21.562
Xp,4,84,7.0741,2.0441,1.1579,21.562
Xp,5,84,7.0925,2.1016,1.1868,21.453
Xp,6,84,6.8787,2.0758,1.1123,21.366
Xp,7,84,6.6468,2.0542,1.1464,21.307
Xp,8,84,6.1576,1.9515,1.1880,21.277
Xp,0,85,5.2478,1.8458,1.4725,21.569
Xp,1,85,6.2276,1.8321,1.1826,21.386
Xp,2,85,7.0048,1.9460,1.2100,21.510
Xp,3,85,7.0953,2.0244,1.1512,21.562
Xp,4,85,7.0859,2.0436,1.1444,21.562
Xp,5,85,7.1043,2.1031,1.1728,21.453
Xp,6,85,6.8911,2.0776,1.0975,21.383
Xp,7,85,6.6606,2.0565,1.1309,21.350
Xp,8,85,6.1691,1.9530,1.1742,21.277
Xp,0,86,5.2490,1.8452,1.4615,21.569
Xp,1,86,6.2368,1.8328,1.1703,21.386
Xp,2,86,7.0013,1.9492,1.2089,21.510
Xp,3,86,7.1072,2.0239,1.1377,21.562
Xp,4,86,7.0978,2.0431,1.1310,21.562
Xp,5,86,7.1160,2.1047,1.1589,21.453
Xp,6,86,6.9031,2.0794,1.0830,21.383
Xp,7,86,6.6732,2.0585,1.1162,21.353
Xp,8,86,6.1806,1.9543,1.1601,21.294
Xp,0,87,5.2501,1.8447,1.4505,21.569
Xp,1,87,6.2461,1.8334,1.1579,21.386
Xp,2,87,7.0139,1.9499,1.1944,23.823
Xp,3,87,7.1190,2.0235,1.1243,21.528
Xp,4,87,7.1086,2.0421,1.1177,21.528
Xp,5,87,7.1278,2.1062,1.1449,21.453
Xp,6,87,6.9151,2.0811,1.0685,21.383
Xp,7,87,6.6857,2.0604,1.1014,21.353
Xp,8,87,6.1922,1.9557,1.1461,21.294
Xp,0,88,5.2513,1.8442,1.4395,21.569
Xp,1,88,6.2553,1.8341,1.1456,21.386
Xp,2,88,7.0103,1.9531,1.1933,23.823
Xp,3,88,7.1298,2.0225,1.1110,21.558
Xp,4,88,7.1194,2.0411,1.1044,21.528
Xp,5,88,7.1383,2.1070,1.1318,21.498
Xp,6,88,6.9270,2.0828,1.0540,21.383
Xp,7,88,6.6983,2.0624,1.0867,21.353
Xp,8,88,6.2037,1.9571,1.1321,21.294
Xp,0,89,5.2525,1.8436,1.4285,21.569
Xp,1,89,6.2646,1.8347,1.1333,21.386
Xp,2,89,7.0230,1.9537,1.1787,23.823
Xp,3,89,7.1397,2.0206,1.0984,21.558
Xp,4,89,7.1302,2.0401,1.0910,21.558
Xp,5,89,7.1473,2.1073,1.1188,21.484
Xp,6,89,6.9390,2.0845,1.0395,21.383
Xp,7,89,6.7109,2.0643,1.0719,21.353
Xp,8,89,6.2140,1.9587,1.1194,21.321
Xp,0,90,5.2536,1.8431,1.4175,21.569
Xp,1,90,6.2730,1.8355,1.1224,21.403
Xp,2,90,7.0194,1.9570,1.1777,23.823
Xp,3,90,7.1496,2.0187,1.0859,21.558
Xp,4,90,7.1400,2.0382,1.0785,21.558
Xp,5,90,7.1563,2.1076,1.1058,21.484
Xp,6,90,6.9510,2.0863,1.0250,21.383
Xp,7,90,6.7235,2.0663,1.0572,21.353
Xp,8,90,6.2243,1.9604,1.1067,21.321
Xp,0,91,5.2548,1.8426,1.4065,21.569
Xp,1,91,6.2814,1.8363,1.1115,21.403
Xp,2,91,7.0158,1.9602,1.1766,23.823
Xp,3,91,7.1594,2.0168,1.0733,21.558
Xp,4,91,7.1499,2.0363,1.0659,21.558
Xp,5,91,7.1654,2.1079,1.0928,21.484
Xp,6,91,6.9630,2.0880,1.0105,21.383
Xp,7,91,6.7360,2.0683,1.0424,21.353
Xp,8,91,6.2346,1.9621,1.0941,21.321
Xp,0,92,5.2560,1.8420,1.3955,21.569
Xp,1,92,6.2898,1.8370,1.1006,21.381
Xp,2,92,7.0123,1.9635,1.1756,23.823
Xp,3,92,7.1693,2.0149,1.0608,21.558
Xp,4,92,7.1598,2.0344,1.0534,21.558
Xp,5,92,7.1744,2.1081,1.0798,21.484
Xp,6,92,6.9736,2.0892,0.9965,21.382
Xp,7,92,6.7486,2.0702,1.0277,21.353
Xp,8,92,6.2449,1.9637,1.0814,21.321
Xp,0,93,5.2571,1.8415,1.3845,21.569
Xp,1,93,6.2994,1.8382,1.0885,21.381
Xp,2,93,7.0087,1.9667,1.1745,21.510
Xp,3,93,7.1792,2.0130,1.0482,21.558
Xp,4,93,7.1697,2.0325,1.0408,21.558
Xp,5,93,7.1834,2.1084,1.0668,21.484
Xp,6,93,6.9843,2.0905,0.9826,21.374
Xp,7,93,6.7612,2.0722,1.0129,21.353
Xp,8,93,6.2551,1.9654,1.0687,21.321
Xp,0,94,5.2583,1.8409,1.3735,21.569
Xp,1,94,6.3091,1.8393,1.0764,21.381
Xp,2,94,7.0051,1.9700,1.1735,21.510
Xp,3,94,7.1891,2.0111,1.0357,21.558
Xp,4,94,7.1796,2.0306,1.0283,21.558
Xp,5,94,7.1924,2.1087,1.0538,21.484
Xp,6,94,6.9930,2.0929,0.9702,21.374
Xp,7,94,6.7725,2.0737,0.9990,21.368
Xp,8,94,6.2654,1.9671,1.0560,21.321
Xp,0,95,5.2596,1.8401,1.3627,21.552
Xp,1,95,6.3188,1.8405,1.0643,21.381
Xp,2,95,7.0170,1.9695,1.1601,23.823
Xp,3,95,7.1990,2.0092,1.0231,21.558
Xp,4,95,7.1894,2.0287,1.0157,21.558
Xp,5,95,7.2014,2.1090,1.0409,21.484
Xp,6,95,7.0018,2.0953,0.9577,21.374
Xp,7,95,6.7836,2.0752,0.9850,21.368
Xp,8,95,6.2757,1.9687,1.0433,21.321
Xp,0,96,5.2610,1.8392,1.3519,21.552
Xp,1,96,6.3284,1.8416,1.0522,21.381
Xp,2,96,7.0288,1.9691,1.1466,23.823
Xp,3,96,7.2088,2.0073,1.0105,21.558
Xp,4,96,7.1981,2.0263,1.0032,21.534
Xp,5,96,7.2104,2.1092,1.0279,21.484
Xp,6,96,7.0105,2.0977,0.9453,21.435
Xp,7,96,6.7947,2.0767,0.9710,21.368
Xp,8,96,6.2860,1.9704,1.0306,21.306
Xp,0,97,5.2623,1.8383,1.3411,21.552
Xp,1,97,6.3381,1.8428,1.0401,21.381
Xp,2,97,7.0407,1.9686,1.1332,23.823
Xp,3,97,7.2175,2.0048,0.9980,21.534
Xp,4,97,7.2067,2.0238,0.9906,21.534
Xp,5,97,7.2195,2.1095,1.0149,21.484
Xp,6,97,7.0193,2.0981,0.9319,21.435
Xp,7,97,6.8058,2.0781,0.9570,21.368
Xp,8,97,6.2969,1.9733,1.0185,21.319
Xp,0,98,5.2637,1.8374,1.3303,21.552
Xp,1,98,6.3478,1.8439,1.0280,21.381
Xp,2,98,7.0525,1.9681,1.1198,23.823
Xp,3,98,7.2261,2.0024,0.9854,21.534
Xp,4,98,7.2153,2.0214,0.9781,21.534
Xp,5,98,7.2269,2.1092,1.0021,21.480
Xp,6,98,7.0281,2.0985,0.9185,21.435
Xp,7,98,6.8169,2.0796,0.9429,21.368
Xp,8,98,6.3079,1.9763,1.0064,21.335
Xp,0,99,5.2650,1.8365,1.3195,21.552
Xp,1,99,6.3574,1.8451,1.0158,21.381
Xp,2,99,7.0489,1.9714,1.1187,21.528
Xp,3,99,7.2347,2.0000,0.9729,21.534
Xp,4,99,7.2240,2.0190,0.9655,21.534
Xp,5,99,7.2343,2.1090,0.9892,21.480
Xp,6,99,7.0370,2.0989,0.9051,21.435
Xp,7,99,6.8280,2.0810,0.9289,21.368
Xp,8,99,6.3176,1.9794,0.9953,21.335
Xp,0,100,5.2664,1.8357,1.3087,21.552
Xp,1,100,6.3662,1.8463,1.0052,21.406
Xp,2,100,7.0597,1.9704,1.1054,21.528
Xp,3,100,7.2434,1.9975,0.9603,21.534
Xp,4,100,7.2326,2.0166,0.9530,21.534
Xp,5,100,7.2417,2.1087,0.9764,21.480
Xp,6,100,7.0458,2.0993,0.8917,21.435
Xp,7,100,6.8391,2.0825,0.9149,21.368
Xp,8,100,6.3273,1.9826,0.9843,21.335
Xp,0,101,5.2677,1.8348,1.2979,21.552
Xp,1,101,6.3749,1.8474,0.9946,21.406
Xp,2,101,7.0562,1.9736,1.1044,21.528
Xp,3,101,7.2520,1.9951,0.9478,21.581
Xp,4,101,7.2412,2.0141,0.9404,21.534
Xp,5,101,7.2492,2.1084,0.9636,21.480
Xp,6,101,7.0531,2.0991,0.8786,21.436
Xp,7,101,6.8502,2.0839,0.9009,21.368
Xp,8,101,6.3370,1.9857,0.9732,21.335
Xp,0,102,5.2691,1.8339,1.2871,21.552
Xp,1,102,6.3837,1.8486,0.9839,21.406
Xp,2,102,7.0670,1.9726,1.0910,21.528
Xp,3,102,7.2593,1.9916,0.9361,21.581
Xp,4,102,7.2498,2.0117,0.9279,21.581
Xp,5,102,7.2456,2.1046,0.9635,21.480
Xp,6,102,7.0604,2.0990,0.8655,21.436
Xp,7,102,6.8613,2.0854,0.8869,21.374
Xp,8,102,6.3467,1.9889,0.9621,21.335
Xp,0,103,5.2704,1.8330,1.2763,21.552
Xp,1,103,6.3924,1.8498,0.9733,21.406
Xp,2,103,7.0778,1.9716,1.0777,21.528
Xp,3,103,7.2666,1.9881,0.9244,21.581
Xp,4,103,7.2571,2.0082,0.9162,21.581
Xp,5,103,7.2421,2.1009,0.9634,21.480
Xp,6,103,7.0677,2.0989,0.8525,21.436
Xp,7,103,6.8711,2.0864,0.8736,21.374
Xp,8,103,6.3564,1.9920,0.9510,21.335
Xp,0,104,5.2718,1.8321,1.2655,21.552
Xp,1,104,6.4029,1.8522,0.9609,21.328
Xp,2,104,7.0886,1.9706,1.0644,21.528
Xp,3,104,7.2739,1.9845,0.9127,21.581
Xp,4,104,7.2644,2.0047,0.9045,21.581
Xp,5,104,7.2496,2.1006,0.9506,23.541
Xp,6,104,7.0751,2.0987,0.8394,21.436
Xp,7,104,6.8809,2.0874,0.8603,21.374
Xp,8,104,6.3661,1.9952,0.9399,21.335
Xp,0,105,5.2731,1.8313,1.2547,21.552
Xp,1,105,6.4134,1.8546,0.9486,21.370
Xp,2,105,7.0994,1.9696,1.0511,23.823
Xp,3,105,7.2812,1.9810,0.9010,21.581
Xp,4,105,7.2717,2.0011,0.8928,21.581
Xp,5,105,7.2570,2.1003,0.9377,23.541
Xp,6,105,7.0824,2.0986,0.8263,21.436
Xp,7,105,6.8907,2.0884,0.8470,21.385
Xp,8,105,6.3758,1.9984,0.9288,21.335
Xp,0,106,5.2743,1.8301,1.2451,21.541
Xp,1,106,6.4238,1.8562,0.9359,21.370
Xp,2,106,7.1102,1.9685,1.0378,23.823
Xp,3,106,7.2885,1.9775,0.8893,21.581
Xp,4,106,7.2777,1.9971,0.8810,21.581
Xp,5,106,7.2535,2.0966,0.9376,23.541
Xp,6,106,7.0897,2.0985,0.8132,21.436
Xp,7,106,6.8999,2.0891,0.8336,21.385
Xp,8,106,6.3855,2.0015,0.9177,21.335
Xp,0,107,5.2755,1.8289,1.2356,21.541
Xp,1,107,6.4343,1.8577,0.9233,21.370
Xp,2,107,7.1210,1.9675,1.0245,23.823
Xp,3,107,7.2944,1.9735,0.8776,21.581
Xp,4,107,7.2836,1.9932,0.8692,21.581
Xp,5,107,7.2499,2.0928,0.9375,23.541
Xp,6,107,7.0970,2.0983,0.8001,21.436
Xp,7,107,6.9092,2.0899,0.8202,21.385
Xp,8,107,6.3953,2.0047,0.9066,21.335
Xp,0,108,5.2767,1.8278,1.2260,21.541
Xp,1,108,6.4448,1.8592,0.9106,21.370
Xp,2,108,7.1174,1.9708,1.0234,21.528
Xp,3,108,7.3003,1.9695,0.8658,21.629
Xp,4,108,7.2895,1.9892,0.8574,21.581
Xp,5,108,7.2574,2.0925,0.9247,23.541
Xp,6,108,7.1043,2.0982,0.7870,21.436
Xp,7,108,6.9164,2.0918,0.8083,21.381
Xp,8,108,6.4050,2.0078,0.8955,21.335
Xp,0,109,5.2779,1.8266,1.2164,21.541
Xp,1,109,6.4552,1.8608,0.8980,21.370
Xp,2,109,7.1282,1.9698,1.0101,23.823
Xp,3,109,7.3067,1.9633,0.8551,21.629
Xp,4,109,7.2955,1.9852,0.8457,21.581
Xp,5,109,7.2538,2.0888,0.9246,21.581
Xp,6,109,7.1117,2.0981,0.7739,21.436
Xp,7,109,6.9236,2.0937,0.7963,21.381
Xp,8,109,6.4145,2.0103,0.8840,21.347
Xp,0,110,5.2790,1.8254,1.2068,21.541
Xp,1,110,6.4657,1.8623,0.8853,21.394
Xp,2,110,7.1378,1.9682,0.9970,21.625
Xp,3,110,7.3130,1.9571,0.8445,21.629
Xp,4,110,7.3014,1.9812,0.8339,21.581
Xp,5,110,7.2611,2.0852,0.9129,21.581
Xp,6,110,7.1175,2.0975,0.7611,21.446
Xp,7,110,6.9309,2.0957,0.7844,21.381
Xp,8,110,6.4240,2.0127,0.8725,21.347
Xp,0,111,5.2802,1.8243,1.1973,21.541
Xp,1,111,6.4750,1.8637,0.8739,21.394
Xp,2,111,7.1461,1.9638,0.9859,21.625
Xp,3,111,7.3194,1.9509,0.8339,21.629
Xp,4,111,7.3073,1.9772,0.8221,21.581
Xp,5,111,7.2684,2.0817,0.9012,21.581
Xp,6,111,7.1233,2.0969,0.7483,21.446
Xp,7,111,6.9381,2.0976,0.7725,21.381
Xp,8,111,6.4336,2.0152,0.8609,21.347
Xp,0,112,5.2814,1.8231,1.1877,21.541
Xp,1,112,6.4844,1.8650,0.8625,21.394
Xp,2,112,7.1545,1.9594,0.9749,21.625
Xp,3,112,7.3258,1.9447,0.8233,21.629
Xp,4,112,7.3133,1.9732,0.8103,21.581
Xp,5,112,7.2757,2.0782,0.8895,21.581
Xp,6,112,7.1291,2.0962,0.7355,21.446
Xp,7,112,6.9438,2.0991,0.7610,21.393
Xp,8,112,6.4431,2.0177,0.8494,21.347
Xp,0,113,5.2826,1.8219,1.1781,21.541
Xp,1,113,6.4938,1.8664,0.8511,21.394
Xp,2,113,7.1628,1.9550,0.9639,21.625
Xp,3,113,7.3321,1.9385,0.8126,21.629
Xp,4,113,7.3192,1.9693,0.7985,21.629
Xp,5,113,7.2817,2.0742,0.8778,21.581
Xp,6,113,7.1334,2.0950,0.7231,21.509
Xp,7,113,6.9495,2.1006,0.7495,21.393
Xp,8,113,6.4527,2.0201,0.8379,21.347
Xp,0,114,5.2838,1.8208,1.1685,21.541
Xp,1,114,6.5032,1.8678,0.8397,21.394
Xp,2,114,7.1711,1.9506,0.9529,21.625
Xp,3,114,7.3385,1.9323,0.8020,21.629
Xp,4,114,7.3256,1.9630,0.7879,21.629
Xp,5,114,7.2876,2.0702,0.8660,21.581
Xp,6,114,7.1378,2.0938,0.7107,21.509
Xp,7,114,6.9552,2.1020,0.7380,21.393
Xp,8,114,6.4622,2.0226,0.8264,21.347
Xp,0,115,5.2849,1.8196,1.1590,21.541
Xp,1,115,6.5125,1.8691,0.8283,21.394
Xp,2,115,7.1794,1.9461,0.9419,21.625
Xp,3,115,7.3448,1.9261,0.7914,21.629
Xp,4,115,7.3319,1.9568,0.7773,21.629
Xp,5,115,7.2935,2.0662,0.8542,21.581
Xp,6,115,7.1421,2.0925,0.6982,21.509
Xp,7,115,6.9609,2.1035,0.7266,21.393
Xp,8,115,6.4717,2.0250,0.8148,21.347
Xp,0,116,5.2861,1.8185,1.1494,21.541
Xp,1,116,6.5219,1.8705,0.8169,21.394
Xp,2,116,7.1877,1.9417,0.9309,21.625
Xp,3,116,7.3512,1.9199,0.7808,21.629
Xp,4,116,7.3383,1.9506,0.7666,21.625
Xp,5,116,7.2995,2.0623,0.8424,21.581
Xp,6,116,7.1464,2.0913,0.6858,21.509
Xp,7,116,6.9666,2.1050,0.7151,21.393
Xp,8,116,6.4813,2.0275,0.8033,21.347
Xp,0,117,5.2873,1.8173,1.1398,21.541
Xp,1,117,6.5313,1.8719,0.8055,21.379
Xp,2,117,7.1960,1.9373,0.9199,21.625
Xp,3,117,7.3576,1.9137,0.7701,21.629
Xp,4,117,7.3436,1.9441,0.7558,21.625
Xp,5,117,7.3054,2.0583,0.8306,21.581
Xp,6,117,7.1507,2.0901,0.6734,21.509
Xp,7,117,6.9723,2.1064,0.7036,21.393
Xp,8,117,6.4908,2.0300,0.7918,21.347
Xp,0,118,5.2885,1.8161,1.1302,21.541
Xp,1,118,6.5411,1.8732,0.7934,21.379
Xp,2,118,7.2043,1.9329,0.9089,21.625
Xp,3,118,7.3629,1.9071,0.7593,21.625
Xp,4,118,7.3489,1.9375,0.7449,21.625
Xp,5,118,7.3113,2.0543,0.8188,21.581
Xp,6,118,7.1567,2.0867,0.6610,21.521
Xp,7,118,6.9780,2.1079,0.6922,21.393
Xp,8,118,6.5004,2.0324,0.7802,21.347
Xp,0,119,5.2893,1.8150,1.1217,21.542
Xp,1,119,6.5509,1.8746,0.7812,21.379
Xp,2,119,7.2127,1.9285,0.8979,21.625
Xp,3,119,7.3682,1.9005,0.7484,21.625
Xp,4,119,7.3543,1.9309,0.7341,21.625
Xp,5,119,7.3173,2.0503,0.8070,21.581
Xp,6,119,7.1627,2.0834,0.6485,21.558
Xp,7,119,6.9838,2.1094,0.6807,21.393
Xp,8,119,6.5099,2.0349,0.7687,21.379
Xp,0,120,5.2900,1.8139,1.1131,21.542
Xp,1,120,6.5607,1.8759,0.7690,21.404
Xp,2,120,7.2210,1.9241,0.8869,21.593
Xp,3,120,7.3645,1.8959,0.7484,21.625
Xp,4,120,7.3596,1.9243,0.7232,21.625
Xp,5,120,7.3232,2.0463,0.7953,21.581
Xp,6,120,7.1662,2.0794,0.6365,21.558
Xp,7,120,6.9895,2.1108,0.6692,21.393
Xp,8,120,6.5182,2.0371,0.7583,21.379
Xp,0,121,5.2908,1.8127,1.1046,21.542
Xp,1,121,6.5693,1.8769,0.7579,21.404
Xp,2,121,7.2283,1.9191,0.8757,21.593
Xp,3,121,7.3698,1.8893,0.7375,23.500
Xp,4,121,7.3649,1.9177,0.7124,21.625
Xp,5,121,7.3291,2.0423,0.7835,21.581
Xp,6,121,7.1697,2.0754,0.6246,21.558
Xp,7,121,6.9952,2.1123,0.6578,21.393
Xp,8,121,6.5265,2.0394,0.7479,21.379
Xp,0,122,5.2916,1.8116,1.0960,21.542
Xp,1,122,6.5780,1.8780,0.7469,21.404
Xp,2,122,7.2357,1.9142,0.8645,21.593
Xp,3,122,7.3751,1.8827,0.7267,23.500
Xp,4,122,7.3702,1.9112,0.7015,23.500
Xp,5,122,7.3351,2.0383,0.7717,21.581
Xp,6,122,7.1732,2.0714,0.6126,21.558
Xp,7,122,7.0009,2.1138,0.6463,21.442
Xp,8,122,6.5346,2.0414,0.7367,21.363
Xp,0,123,5.2923,1.8105,1.0875,21.542
Xp,1,123,6.5866,1.8790,0.7358,21.404
Xp,2,123,7.2431,1.9093,0.8533,21.593
Xp,3,123,7.3713,1.8781,0.7266,23.500
Xp,4,123,7.3756,1.9046,0.6907,23.500
Xp,5,123,7.3397,2.0340,0.7599,21.598
Xp,6,123,7.1768,2.0674,0.6007,21.558
Xp,7,123,7.0034,2.1144,0.6358,21.442
Xp,8,123,6.5427,2.0434,0.7256,21.363
Xp,0,124,5.2931,1.8093,1.0789,21.542
Xp,1,124,6.5952,1.8800,0.7247,21.404
Xp,2,124,7.2505,1.9044,0.8421,21.629
Xp,3,124,7.3676,1.8735,0.7266,21.625
Xp,4,124,7.3718,1.8999,0.6906,23.500
Xp,5,124,7.3444,2.0296,0.7482,21.598
Xp,6,124,7.1803,2.0635,0.5887,21.558
Xp,7,124,7.0060,2.1150,0.6252,21.442
Xp,8,124,6.5508,2.0454,0.7145,21.363
Xp,0,125,5.2939,1.8082,1.0703,21.542
Xp,1,125,6.6038,1.8810,0.7137,21.404
Xp,2,125,7.2568,1.8982,0.8314,21.629
Xp,3,125,7.3638,1.8688,0.7265,21.625
Xp,4,125,7.3680,1.8953,0.6906,21.625
Xp,5,125,7.3490,2.0253,0.7364,21.598
Xp,6,125,7.1838,2.0595,0.5768,21.558
Xp,7,125,7.0085,2.1156,0.6147,21.442
Xp,8,125,6.5589,2.0474,0.7034,21.363
Xp,0,126,5.2946,1.8071,1.0618,21.542
Xp,1,126,6.6124,1.8820,0.7026,21.404
Xp,2,126,7.2632,1.8920,0.8208,21.629
Xp,3,126,7.3691,1.8622,0.7157,21.625
Xp,4,126,7.3643,1.8907,0.6905,21.625
Xp,5,126,7.3536,2.0209,0.7246,21.598
Xp,6,126,7.1873,2.0555,0.5648,21.558
Xp,7,126,7.0115,2.1142,0.6027,21.495
Xp,8,126,6.5669,2.0494,0.6923,21.363
Xp,0,127,5.2954,1.8060,1.0532,21.542
Xp,1,127,6.6211,1.8831,0.6915,21.404
Xp,2,127,7.2695,1.8857,0.8102,21.629
Xp,3,127,7.3654,1.8576,0.7156,21.625
Xp,4,127,7.3696,1.8841,0.6797,23.500
Xp,5,127,7.3583,2.0165,0.7128,21.598
Xp,6,127,7.1908,2.0515,0.5529,21.558
Xp,7,127,7.0145,2.1128,0.5907,21.495
Xp,8,127,6.5750,2.0514,0.6812,21.363
Xp,0,128,5.2962,1.8048,1.0447,21.542
Xp,1,128,6.6297,1.8841,0.6805,21.404
Xp,2,128,7.2759,1.8795,0.7996,21.629
Xp,3,128,7.3707,1.8510,0.7047,23.500
Xp,4,128,7.3749,1.8775,0.6688,23.500
Xp,5,128,7.3629,2.0122,0.7011,21.598
Xp,6,128,7.1944,2.0475,0.5409,21.558
Xp,7,128,7.0174,2.1114,0.5786,21.495
Xp,8,128,6.5831,2.0534,0.6701,21.363
Xp,0,129,5.2970,1.8037,1.0361,21.542
Xp,1,129,6.6383,1.8851,0.6694,21.404
Xp,2,129,7.2823,1.8733,0.7889,21.629
Xp,3,129,7.3758,1.8427,0.6955,21.753
Xp,4,129,7.3712,1.8729,0.6688,23.500
Xp,5,129,7.3676,2.0078,0.6893,21.598
Xp,6,129,7.1979,2.0435,0.5289,21.594
Xp,7,129,7.0204,2.1100,0.5666,21.495
Xp,8,129,6.5912,2.0554,0.6589,21.363
Xp,0,130,5.2977,1.8026,1.0276,21.542
Xp,1,130,6.6469,1.8861,0.6583,21.404
Xp,2,130,7.2886,1.8671,0.7783,21.629
Xp,3,130,7.3800,1.8328,0.6869,21.753
Xp,4,130,7.3674,1.8682,0.6687,21.625
Xp,5,130,7.3717,1.9999,0.6795,21.733
Xp,6,130,7.2004,2.0394,0.5176,21.594
Xp,7,130,7.0233,2.1086,0.5546,21.495
Xp,8,130,6.5993,2.0574,0.6478,21.414
Xp,0,131,5.2985,1.8014,1.0190,21.542
Xp,1,131,6.6557,1.8870,0.6466,21.437
Xp,2,131,7.2950,1.8609,0.7677,21.625
Xp,3,131,7.3842,1.8230,0.6783,21.753
Xp,4,131,7.3636,1.8636,0.6686,21.625
Xp,5,131,7.3759,1.9919,0.6696,21.733
Xp,6,131,7.2029,2.0353,0.5062,21.594
Xp,7,131,7.0263,2.1072,0.5426,21.495
Xp,8,131,6.6044,2.0584,0.6383,21.414
Xp,0,132,5.2993,1.8003,1.0105,21.542
Xp,1,132,6.6616,1.8868,0.6368,21.437
Xp,2,132,7.3003,1.8543,0.7568,21.625
Xp,3,132,7.3885,1.8131,0.6697,21.753
Xp,4,132,7.3690,1.8570,0.6578,21.625
Xp,5,132,7.3801,1.9840,0.6598,21.733
Xp,6,132,7.2055,2.0312,0.4949,21.594
Xp,7,132,7.0292,2.1057,0.5305,21.495
Xp,8,132,6.6095,2.0594,0.6288,21.414
Xp,0,133,5.2993,1.7993,1.0032,21.547
Xp,1,133,6.6675,1.8866,0.6270,21.437
Xp,2,133,7.3056,1.8478,0.7460,21.669
Xp,3,133,7.3927,1.8032,0.6611,21.753
Xp,4,133,7.3652,1.8524,0.6577,21.625
Xp,5,133,7.3842,1.9761,0.6500,21.841
Xp,6,133,7.2080,2.0271,0.4835,21.594
Xp,7,133,7.0310,2.1041,0.5192,21.535
Xp,8,133,6.6147,2.0603,0.6193,21.414
Xp,0,134,5.2993,1.7982,0.9959,21.547
Xp,1,134,6.6734,1.8865,0.6172,21.437
Xp,2,134,7.3107,1.8395,0.7367,21.669
Xp,3,134,7.3969,1.7933,0.6525,21.753
Xp,4,134,7.3703,1.8441,0.6484,21.830
Xp,5,134,7.3869,1.9680,0.6408,23.500
Xp,6,134,7.2105,2.0230,0.4722,21.594
Xp,7,134,7.0327,2.1025,0.5078,21.535
Xp,8,134,6.6198,2.0613,0.6097,21.414
Xp,0,135,5.2994,1.7972,0.9886,21.547
Xp,1,135,6.6793,1.8863,0.6073,21.437
Xp,2,135,7.3159,1.8312,0.7274,21.669
Xp,3,135,7.4000,1.7833,0.6440,21.830
Xp,4,135,7.3734,1.8341,0.6399,21.830
Xp,5,135,7.3832,1.9634,0.6408,23.500
Xp,6,135,7.2131,2.0189,0.4608,21.594
Xp,7,135,7.0344,2.1008,0.4964,21.535
Xp,8,135,6.6250,2.0623,0.6002,21.414
Xp,0,136,5.2994,1.7962,0.9813,21.547
Xp,1,136,6.6852,1.8861,0.5975,21.437
Xp,2,136,7.3210,1.8229,0.7181,21.669
Xp,3,136,7.4031,1.7733,0.6355,21.830
Xp,4,136,7.3765,1.8241,0.6314,21.830
Xp,5,136,7.3794,1.9587,0.6407,23.500
Xp,6,136,7.2156,2.0148,0.4495,21.594
Xp,7,136,7.0362,2.0992,0.4850,21.535
Xp,8,136,6.6301,2.0632,0.5907,21.414
Xp,0,137,5.2995,1.7952,0.9740,21.547
Xp,1,137,6.6911,1.8859,0.5877,21.437
Xp,2,137,7.3261,1.8145,0.7088,21.669
Xp,3,137,7.4062,1.7633,0.6270,21.830
Xp,4,137,7.3796,1.8141,0.6230,21.830
Xp,5,137,7.3756,1.9541,0.6406,23.500
Xp,6,137,7.2181,2.0107,0.4381,21.594
Xp,7,137,7.0379,2.0976,0.4736,21.535
Xp,8,137,6.6352,2.0642,0.5812,21.414
Xp,0,138,5.2995,1.7941,0.9667,21.547
Xp,1,138,6.6970,1.8857,0.5779,21.437
Xp,2,138,7.3312,1.8062,0.6995,21.669
Xp,3,138,7.4092,1.7534,0.6185,21.830
Xp,4,138,7.3827,1.8041,0.6145,21.830
Xp,5,138,7.3719,1.9494,0.6406,23.500
Xp,6,138,7.2207,2.0066,0.4268,21.594
Xp,7,138,7.0396,2.0959,0.4623,21.535
Xp,8,138,6.6404,2.0652,0.5716,21.414
Xp,0,139,5.2995,1.7931,0.9594,21.547
Xp,1,139,6.7029,1.8855,0.5681,21.437
Xp,2,139,7.3363,1.7979,0.6902,21.669
Xp,3,139,7.4123,1.7434,0.6101,21.830
Xp,4,139,7.3858,1.7941,0.6060,21.830
Xp,5,139,7.3681,1.9448,0.6405,21.667
Xp,6,139,7.2232,2.0025,0.4154,21.594
Xp,7,139,7.0414,2.0943,0.4509,21.535
Xp,8,139,6.6455,2.0662,0.5621,21.414
Xp,0,140,5.2996,1.7921,0.9521,21.547
Xp,1,140,6.7088,1.8853,0.5583,21.437
Xp,2,140,7.3414,1.7896,0.6809,21.669
Xp,3,140,7.4154,1.7334,0.6016,21.830
Xp,4,140,7.3888,1.7841,0.5975,21.830
Xp,5,140,7.3644,1.9402,0.6405,21.667
Xp,6,140,7.2250,1.9985,0.4050,21.639
Xp,7,140,7.0431,2.0927,0.4395,21.535
Xp,8,140,6.6507,2.0671,0.5526,21.419
Xp,0,141,5.2996,1.7910,0.9449,21.547
Xp,1,141,6.7147,1.8852,0.5485,21.437
Xp,2,141,7.3465,1.7813,0.6716,21.669
Xp,3,141,7.4184,1.7219,0.5942,21.840
Xp,4,141,7.3919,1.7741,0.5890,21.830
Xp,5,141,7.3678,1.9332,0.6298,21.667
Xp,6,141,7.2269,1.9945,0.3947,21.639
Xp,7,141,7.0448,2.0910,0.4281,21.535
Xp,8,141,6.6565,2.0668,0.5421,21.419
Xp,0,142,5.2997,1.7900,0.9376,21.547
Xp,1,142,6.7206,1.8850,0.5387,21.437
Xp,2,142,7.3517,1.7730,0.6623,21.669
Xp,3,142,7.4214,1.7104,0.5868,21.840
Xp,4,142,7.3950,1.7641,0.5805,21.830
Xp,5,142,7.3640,1.9285,0.6297,21.667
Xp,6,142,7.2287,1.9905,0.3843,21.639
Xp,7,142,7.0466,2.0894,0.4167,21.514
Xp,8,142,6.6622,2.0664,0.5315,21.419
Xp,0,143,5.2997,1.7890,0.9303,21.547
Xp,1,143,6.7266,1.8848,0.5289,21.460
Xp,2,143,7.3568,1.7647,0.6530,21.669
Xp,3,143,7.4245,1.6989,0.5794,21.840
Xp,4,143,7.3981,1.7541,0.5720,21.830
Xp,5,143,7.3675,1.9215,0.6190,21.667
Xp,6,143,7.2305,1.9865,0.3740,21.639
Xp,7,143,7.0498,2.0859,0.4053,21.544
Xp,8,143,6.6663,2.0654,0.5219,21.440
Xp,0,144,5.2997,1.7879,0.9230,21.547
Xp,1,144,6.7307,1.8839,0.5201,21.460
Xp,2,144,7.3604,1.7559,0.6434,21.681
Xp,3,144,7.4275,1.6874,0.5721,21.840
Xp,4,144,7.4012,1.7441,0.5635,21.830
Xp,5,144,7.3637,1.9169,0.6190,21.667
Xp,6,144,7.2324,1.9825,0.3636,21.639
Xp,7,144,7.0520,2.0822,0.3948,21.544
Xp,8,144,6.6704,2.0644,0.5124,21.440
Xp,0,145,5.2998,1.7869,0.9157,21.547
Xp,1,145,6.7348,1.8830,0.5112,21.460
Xp,2,145,7.3641,1.7471,0.6338,21.681
Xp,3,145,7.4305,1.6759,0.5647,21.840
Xp,4,145,7.4043,1.7341,0.5550,21.830
Xp,5,145,7.3672,1.9099,0.6083,21.667
Xp,6,145,7.2342,1.9785,0.3532,21.639
Xp,7,145,7.0542,2.0786,0.3843,21.544
Xp,8,145,6.6744,2.0634,0.5028,21.440
Xp,0,146,5.2998,1.7859,0.9084,21.547
Xp,1,146,6.7389,1.8821,0.5024,21.460
Xp,2,146,7.3678,1.7383,0.6243,21.681
Xp,3,146,7.4335,1.6644,0.5573,21.840
Xp,4,146,7.4073,1.7226,0.5477,21.840
Xp,5,146,7.3706,1.9029,0.5976,23.500
Xp,6,146,7.2361,1.9745,0.3429,21.639
Xp,7,146,7.0564,2.0750,0.3738,21.544
Xp,8,146,6.6785,2.0624,0.4932,21.440
Xp,0,147,5.2999,1.7849,0.9011,21.547
Xp,1,147,6.7430,1.8812,0.4936,21.460
Xp,2,147,7.3709,1.7283,0.6158,21.840
Xp,3,147,7.4365,1.6529,0.5499,21.840
Xp,4,147,7.4103,1.7111,0.5403,21.840
Xp,5,147,7.3741,1.8959,0.5869,23.500
Xp,6,147,7.2379,1.9705,0.3325,21.639
Xp,7,147,7.0586,2.0713,0.3633,21.544
Xp,8,147,6.6825,2.0614,0.4836,21.440
Xp,0,148,5.2999,1.7838,0.8938,21.547
Xp,1,148,6.7472,1.8803,0.4848,21.460
Xp,2,148,7.3739,1.7168,0.6084,21.840
Xp,3,148,7.4395,1.6414,0.5426,21.840
Xp,4,148,7.4133,1.6996,0.5329,21.840
Xp,5,148,7.3703,1.8912,0.5868,23.500
Xp,6,148,7.2406,1.9644,0.3226,21.623
Xp,7,148,7.0608,2.0677,0.3528,21.544
Xp,8,148,6.6866,2.0604,0.4740,21.440
Xp,0,149,5.2999,1.7828,0.8865,21.559
Xp,1,149,6.7513,1.8794,0.4760,21.460
Xp,2,149,7.3769,1.7053,0.6010,21.840
Xp,3,149,7.4425,1.6299,0.5352,21.840
Xp,4,149,7.4162,1.6883,0.5259,21.880
Xp,5,149,7.3738,1.8842,0.5761,23.500
Xp,6,149,7.2432,1.9583,0.3128,21.623
Xp,7,149,7.0630,2.0641,0.3423,21.544
Xp,8,149,6.6906,2.0594,0.4644,21.440
Xp,0,150,5.2989,1.7819,0.8807,21.559
Xp,1,150,6.7554,1.8785,0.4672,21.460
Xp,2,150,7.3799,1.6938,0.5936,21.840
Xp,3,150,7.4455,1.6184,0.5278,21.880
Xp,4,150,7.4190,1.6771,0.5188,21.880
Xp,5,150,7.3700,1.8796,0.5761,23.500
Xp,6,150,7.2459,1.9522,0.3029,21.623
Xp,7,150,7.0652,2.0604,0.3318,21.544
Xp,8,150,6.6947,2.0584,0.4548,21.440
Xp,0,151,5.2978,1.7810,0.8749,21.559
Xp,1,151,6.7595,1.8776,0.4584,21.460
Xp,2,151,7.3829,1.6823,0.5863,21.840
Xp,3,151,7.4484,1.6071,0.5208,21.746
Xp,4,151,7.4218,1.6658,0.5118,21.880
Xp,5,151,7.3734,1.8726,0.5654,23.500
Xp,6,151,7.2485,1.9460,0.2930,21.623
Xp,7,151,7.0674,2.0568,0.3214,21.544
Xp,8,151,6.6987,2.0574,0.4453,21.440
Xp,0,152,5.2967,1.7801,0.8691,21.559
Xp,1,152,6.7636,1.8767,0.4496,21.460
Xp,2,152,7.3859,1.6708,0.5789,21.840
Xp,3,152,7.4510,1.5959,0.5141,21.746
Xp,4,152,7.4247,1.6545,0.5048,21.880
Xp,5,152,7.3697,1.8680,0.5653,23.500
Xp,6,152,7.2511,1.9400,0.2853,21.797
Xp,7,152,7.0696,2.0532,0.3109,21.544
Xp,8,152,6.7028,2.0564,0.4357,21.440
Xp,0,153,5.2956,1.7792,0.8633,21.559
Xp,1,153,6.7678,1.8758,0.4408,21.460
Xp,2,153,7.3889,1.6594,0.5715,21.840
Xp,3,153,7.4536,1.5848,0.5074,21.746
Xp,4,153,7.4275,1.6432,0.4977,21.880
Xp,5,153,7.3731,1.8610,0.5546,23.500
Xp,6,153,7.2537,1.9339,0.2775,21.797
Xp,7,153,7.0718,2.0496,0.3004,21.544
Xp,8,153,6.7068,2.0555,0.4261,21.440
Xp,0,154,5.2945,1.7783,0.8575,21.559
Xp,1,154,6.7721,1.8732,0.4309,21.460
Xp,2,154,7.3919,1.6479,0.5641,21.840
Xp,3,154,7.4562,1.5736,0.5008,21.746
Xp,4,154,7.4304,1.6319,0.4907,21.880
Xp,5,154,7.3694,1.8563,0.5546,23.500
Xp,6,154,7.2563,1.9278,0.2698,21.797
Xp,7,154,7.0740,2.0459,0.2899,21.584
Xp,8,154,6.7109,2.0545,0.4165,21.440
Xp,0,155,5.2934,1.7774,0.8516,21.559
Xp,1,155,6.7764,1.8706,0.4211,21.460
Xp,2,155,7.3950,1.6364,0.5568,21.840
Xp,3,155,7.4588,1.5624,0.4941,21.746
Xp,4,155,7.4332,1.6207,0.4837,21.880
Xp,5,155,7.3728,1.8493,0.5439,21.830
Xp,6,155,7.2589,1.9217,0.2620,21.797
Xp,7,155,7.0754,2.0424,0.2810,21.584
Xp,8,155,6.7150,2.0535,0.4069,21.461
Xp,0,156,5.2923,1.7765,0.8458,21.559
Xp,1,156,6.7807,1.8680,0.4113,21.460
Xp,2,156,7.3980,1.6249,0.5494,21.840
Xp,3,156,7.4615,1.5512,0.4874,21.746
Xp,4,156,7.4360,1.6094,0.4766,21.746
Xp,5,156,7.3759,1.8393,0.5354,21.830
Xp,6,156,7.2615,1.9157,0.2543,21.797
Xp,7,156,7.0768,2.0390,0.2721,21.584
Xp,8,156,6.7171,2.0518,0.3985,21.461
Xp,0,157,5.2912,1.7756,0.8400,21.559
Xp,1,157,6.7832,1.8648,0.4027,21.473
Xp,2,157,7.4010,1.6134,0.5420,21.840
Xp,3,157,7.4641,1.5400,0.4808,21.746
Xp,4,157,7.4387,1.5982,0.4700,21.746
Xp,5,157,7.3790,1.8293,0.5269,21.882
Xp,6,157,7.2641,1.9096,0.2465,21.797
Xp,7,157,7.0783,2.0355,0.2632,21.584
Xp,8,157,6.7192,2.0502,0.3900,21.461
Xp,0,158,5.2901,1.7747,0.8342,21.559
Xp,1,158,6.7857,1.8615,0.3940,21.473
Xp,2,158,7.4038,1.6024,0.5354,21.736
Xp,3,158,7.4667,1.5288,0.4741,21.746
Xp,4,158,7.4413,1.5870,0.4633,21.746
Xp,5,158,7.3818,1.8196,0.5190,21.882
Xp,6,158,7.2666,1.9035,0.2388,21.797
Xp,7,158,7.0797,2.0320,0.2543,21.584
Xp,8,158,6.7213,2.0485,0.3816,21.461
Xp,0,159,5.2890,1.7738,0.8284,21.559
Xp,1,159,6.7882,1.8583,0.3854,21.473
Xp,2,159,7.4067,1.5913,0.5287,21.746
Xp,3,159,7.4693,1.5176,0.4674,21.746
Xp,4,159,7.4439,1.5758,0.4566,21.746
Xp,5,159,7.3846,1.8098,0.5111,21.882
Xp,6,159,7.2692,1.8974,0.2310,21.797
Xp,7,159,7.0811,2.0285,0.2454,21.584
Xp,8,159,6.7234,2.0469,0.3731,21.461
Xp,0,160,5.2880,1.7729,0.8226,21.559
Xp,1,160,6.7908,1.8551,0.3767,21.473
Xp,2,160,7.4093,1.5801,0.5221,21.746
Xp,3,160,7.4719,1.5064,0.4607,21.746
Xp,4,160,7.4465,1.5646,0.4499,21.746
Xp,5,160,7.3874,1.8001,0.5031,21.882
Xp,6,160,7.2718,1.8914,0.2232,21.797
Xp,7,160,7.0825,2.0251,0.2365,21.584
Xp,8,160,6.7255,2.0452,0.3647,21.461
Xp,0,161,5.2869,1.7720,0.8168,21.559
Xp,1,161,6.7933,1.8518,0.3681,21.473
Xp,2,161,7.4119,1.5690,0.5154,21.746
Xp,3,161,7.4746,1.4952,0.4541,21.746
Xp,4,161,7.4491,1.5534,0.4433,21.746
Xp,5,161,7.3902,1.7903,0.4952,21.882
Xp,6,161,7.2744,1.8853,0.2155,21.797
Xp,7,161,7.0839,2.0216,0.2276,21.584
Xp,8,161,6.7276,2.0436,0.3562,21.461
Xp,0,162,5.2858,1.7711,0.8109,21.559
Xp,1,162,6.7958,1.8486,0.3594,21.523
Xp,2,162,7.4146,1.5578,0.5087,21.746
Xp,3,162,7.4766,1.4835,0.4488,21.772
Xp,4,162,7.4518,1.5422,0.4366,21.746
Xp,5,162,7.3930,1.7806,0.4873,21.882
Xp,6,162,7.2770,1.8792,0.2077,21.797
Xp,7,162,7.0853,2.0181,0.2186,21.584
Xp,8,162,6.7297,2.0419,0.3478,21.461
Xp,0,163,5.2847,1.7702,0.8051,21.559
Xp,1,163,6.7978,1.8440,0.3527,21.523
Xp,2,163,7.4172,1.5466,0.5020,21.746
Xp,3,163,7.4787,1.4718,0.4435,21.772
Xp,4,163,7.4544,1.5311,0.4299,21.746
Xp,5,163,7.3958,1.7708,0.4793,21.882
Xp,6,163,7.2796,1.8731,0.2000,21.797
Xp,7,163,7.0867,2.0146,0.2097,21.584
Xp,8,163,6.7318,2.0403,0.3393,21.461
Xp,0,164,5.2836,1.7693,0.7993,21.559
Xp,1,164,6.7999,1.8394,0.3460,21.523
Xp,2,164,7.4198,1.5354,0.4954,21.746
Xp,3,164,7.4808,1.4600,0.4382,21.772
Xp,4,164,7.4570,1.5199,0.4233,21.746
Xp,5,164,7.3986,1.7611,0.4714,21.882
Xp,6,164,7.2821,1.8671,0.1922,21.797
Xp,7,164,7.0881,2.0112,0.2008,21.584
Xp,8,164,6.7339,2.0387,0.3309,21.461
Xp,0,165,5.2825,1.7684,0.7935,21.559
Xp,1,165,6.8020,1.8348,0.3393,21.523
Xp,2,165,7.4224,1.5242,0.4887,21.746
Xp,3,165,7.4829,1.4483,0.4329,21.772
Xp,4,165,7.4596,1.5087,0.4166,21.746
Xp,5,165,7.4014,1.7513,0.4635,21.882
Xp,6,165,7.2847,1.8610,0.1845,21.797
Xp,7,165,7.0895,2.0077,0.1919,21.584
Xp,8,165,6.7360,2.0370,0.3224,21.461
Xp,0,166,5.2814,1.7675,0.7877,21.559
Xp,1,166,6.8040,1.8302,0.3326,21.523
Xp,2,166,7.4250,1.5130,0.4820,21.746
Xp,3,166,7.4850,1.4366,0.4275,21.772
Xp,4,166,7.4622,1.4975,0.4099,21.763
Xp,5,166,7.4042,1.7416,0.4555,21.882
Xp,6,166,7.2873,1.8549,0.1767,21.797
Xp,7,166,7.0909,2.0042,0.1830,21.584
Xp,8,166,6.7381,2.0354,0.3140,21.461
Xp,0,167,5.2803,1.7666,0.7819,21.559
Xp,1,167,6.8061,1.8257,0.3259,21.523
Xp,2,167,7.4277,1.5018,0.4754,21.746
Xp,3,167,7.4870,1.4248,0.4222,21.772
Xp,4,167,7.4648,1.4863,0.4036,21.783
Xp,5,167,7.4070,1.7318,0.4476,21.882
Xp,6,167,7.2899,1.8488,0.1690,21.823
Xp,7,167,7.0923,2.0007,0.1741,21.584
Xp,8,167,6.7402,2.0337,0.3055,21.461
Xp,0,168,5.2792,1.7657,0.7760,21.559
Xp,1,168,6.8081,1.8211,0.3192,21.523
Xp,2,168,7.4303,1.4906,0.4687,21.746
Xp,3,168,7.4891,1.4131,0.4169,21.772
Xp,4,168,7.4670,1.4745,0.3985,21.783
Xp,5,168,7.4099,1.7206,0.4406,21.880
Xp,6,168,7.2936,1.8414,0.1638,21.823
Xp,7,168,7.0932,1.9976,0.1676,21.644
Xp,8,168,6.7423,2.0321,0.2971,21.461
Xp,0,169,5.2781,1.7648,0.7702,21.559
Xp,1,169,6.8102,1.8165,0.3125,21.523
Xp,2,169,7.4324,1.4789,0.4634,21.772
Xp,3,169,7.4913,1.4001,0.4123,21.915
Xp,4,169,7.4692,1.4627,0.3934,21.783
Xp,5,169,7.4127,1.7093,0.4335,21.880
Xp,6,169,7.2973,1.8339,0.1586,21.823
Xp,7,169,7.0941,1.9945,0.1611,21.644
Xp,8,169,6.7444,2.0304,0.2886,21.491
Xm,0,0,3.5430,1.7000,2.6000,22.741
Xm,1,0,3.5430,1.7750,2.6000,18.559
Xm,2,0,3.5430,1.8500,2.6000,18.559
Xm,3,0,3.5430,1.9250,2.6000,18.181
Xm,4,0,3.5430,2.0000,2.6000,18.220
Xm,5,0,3.5430,2.0750,2.6000,18.220
Xm,6,0,3.5430,2.1500,2.6000,18.236
Xm,7,0,3.5430,2.2250,2.6000,18.561
Xm,8,0,3.5430,2.3000,2.6000,18.561
Xm,0,1,3.5761,1.7261,2.6044,22.741
Xm,1,1,3.4678,1.7935,2.5615,20.041
Xm,2,1,3.4319,1.8510,2.5642,19.305
Xm,3,1,3.4319,1.9260,2.5642,19.305
Xm,4,1,3.4322,1.9972,2.5641,19.360
Xm,5,1,3.4322,2.0722,2.5641,19.360
Xm,6,1,3.4387,2.1377,2.5601,19.402
Xm,7,1,3.4665,2.2061,2.5623,19.402
Xm,8,1,3.4665,2.2811,2.5623,20.125
Xm,0,2,3.4754,1.7403,2.5547,20.041
Xm,1,2,3.4304,1.8077,2.5394,20.041
Xm,2,2,3.3749,1.8534,2.5574,19.117
Xm,3,2,3.3749,1.9284,2.5574,19.117
Xm,4,2,3.3748,1.9910,2.5560,19.178
Xm,5,2,3.3748,2.0660,2.5560,19.178
Xm,6,2,3.3869,2.1243,2.5440,19.398
Xm,7,2,3.4147,2.1926,2.5462,19.402
Xm,8,2,3.4305,2.2659,2.5429,20.125
Xm,0,3,3.4380,1.7545,2.5327,20.041
Xm,1,3,3.3930,1.8219,2.5174,20.282
Xm,2,3,3.3179,1.8558,2.5506,19.117
Xm,3,3,3.3179,1.9308,2.5506,19.117
Xm,4,3,3.3174,1.9849,2.5480,19.178
Xm,5,3,3.3174,2.0599,2.5480,19.178
Xm,6,3,3.3298,2.1115,2.5269,19.398
Xm,7,3,3.3577,2.1798,2.5290,19.398
Xm,8,3,3.3945,2.2507,2.5234,20.380
Xm,0,4,3.4006,1.7688,2.5106,20.282
Xm,1,4,3.3573,1.8329,2.4982,20.282
Xm,2,4,3.2609,1.8582,2.5438,19.023
Xm,3,4,3.2609,1.9332,2.5438,19.023
Xm,4,4,3.2534,1.9789,2.5370,19.099
Xm,5,4,3.2534,2.0539,2.5370,19.099
Xm,6,4,3.2728,2.0987,2.5097,19.513
Xm,7,4,3.3006,2.1670,2.5119,19.398
Xm,8,4,3.3597,2.2385,2.5069,20.380
Xm,0,5,3.3649,1.7798,2.4914,20.282
Xm,1,5,3.3217,1.8440,2.4789,20.282
Xm,2,5,3.1967,1.8607,2.5338,19.023
Xm,3,5,3.1967,1.9357,2.5338,19.023
Xm,4,5,3.1894,1.9729,2.5260,19.099
Xm,5,5,3.1894,2.0479,2.5260,19.099
Xm,6,5,3.2144,2.0871,2.4923,19.099
Xm,7,5,3.2423,2.1555,2.4944,19.513
Xm,8,5,3.3249,2.2264,2.4904,20.380
Xm,0,6,3.3293,1.7909,2.4721,20.282
Xm,1,6,3.2860,1.8550,2.4597,19.023
Xm,2,6,3.1277,1.8630,2.5212,18.995
Xm,3,6,3.1277,1.9380,2.5212,18.995
Xm,4,6,3.1204,1.9753,2.5134,19.090
Xm,5,6,3.1212,2.0423,2.5127,19.090
Xm,6,6,3.1504,2.0811,2.4813,19.090
Xm,7,6,3.1839,2.1439,2.4770,19.513
Xm,8,6,3.2901,2.2143,2.4740,20.380
Xm,0,7,3.2937,1.8019,2.4529,20.282
Xm,1,7,3.2218,1.8575,2.4497,20.025
Xm,2,7,3.0587,1.8654,2.5087,18.995
Xm,3,7,3.0587,1.9404,2.5087,18.995
Xm,4,7,3.0522,1.9697,2.5001,18.995
Xm,5,7,3.0530,2.0367,2.4994,19.090
Xm,6,7,3.0822,2.0755,2.4680,19.090
Xm,7,7,3.1273,2.1338,2.4601,19.707
Xm,8,7,3.2317,2.2028,2.4565,19.513
Xm,0,8,3.2891,1.8079,2.4399,21.278
Xm,1,8,3.1986,1.8587,2.4338,20.025
Xm,2,8,2.9859,1.8671,2.4938,19.085
Xm,3,8,2.9859,1.9421,2.4938,19.085
Xm,4,8,2.9815,1.9650,2.4851,19.085
Xm,5,8,2.9823,2.0321,2.4844,19.226
Xm,6,8,3.0115,2.0709,2.4530,19.226
Xm,7,8,3.0706,2.1238,2.4432,20.644
Xm,8,8,3.2152,2.1921,2.4417,20.714
Xm,0,9,3.2845,1.8139,2.4270,21.278
Xm,1,9,3.1754,1.8600,2.4179,20.025
Xm,2,9,2.9132,1.8688,2.4789,19.186
Xm,3,9,2.9132,1.9438,2.4789,19.186
Xm,4,9,2.9088,1.9667,2.4703,19.186
Xm,5,9,2.9116,2.0274,2.4694,19.350
Xm,6,9,2.9708,2.0653,2.4323,19.905
Xm,7,9,3.0487,2.1148,2.4267,20.679
Xm,8,9,3.1986,2.1815,2.4269,20.714
Xm,0,10,3.2799,1.8200,2.4140,21.278
Xm,1,10,3.1438,1.8609,2.3990,19.850
Xm,2,10,2.8409,1.8703,2.4638,19.186
Xm,3,10,2.8409,1.9453,2.4638,19.186
Xm,4,10,2.8364,1.9683,2.4552,19.186
Xm,5,10,2.8419,2.0232,2.4545,19.350
Xm,6,10,2.9300,2.0598,2.4116,19.905
Xm,7,10,3.0215,2.1084,2.4100,20.679
Xm,8,10,3.1821,2.1709,2.4120,20.714
Xm,0,11,3.2753,1.8260,2.4011,21.278
Xm,1,11,3.1121,1.8618,2.3802,19.850
Xm,2,11,2.7701,1.8719,2.4489,19.608
Xm,3,11,2.7701,1.9469,2.4489,19.608
Xm,4,11,2.7855,1.9686,2.4331,19.608
Xm,5,11,2.7952,2.0190,2.4337,19.885
Xm,6,11,2.8857,2.0549,2.3907,19.881
Xm,7,11,2.9944,2.1020,2.3934,20.679
Xm,8,11,3.1656,2.1602,2.3972,20.644
Xm,0,12,3.2707,1.8320,2.3881,21.278
Xm,1,12,3.0805,1.8627,2.3614,19.850
Xm,2,12,2.7192,1.8722,2.4268,19.608
Xm,3,12,2.7192,1.9472,2.4268,19.608
Xm,4,12,2.7346,1.9689,2.4110,19.608
Xm,5,12,2.7485,2.0148,2.4129,19.885
Xm,6,12,2.8414,2.0501,2.3698,19.881
Xm,7,12,2.9672,2.0956,2.3767,20.679
Xm,8,12,3.1437,2.1512,2.3807,20.644
Xm,0,13,3.2661,1.8380,2.3752,21.278
Xm,1,13,3.0489,1.8637,2.3425,19.656
Xm,2,13,2.6682,1.8725,2.4047,19.627
Xm,3,13,2.6682,1.9475,2.4047,19.627
Xm,4,13,2.6837,1.9692,2.3889,19.627
Xm,5,13,2.7018,2.0106,2.3922,19.885
Xm,6,13,2.7972,2.0452,2.3489,19.885
Xm,7,13,2.9401,2.0892,2.3600,19.905
Xm,8,13,3.1218,2.1423,2.3642,20.644
Xm,0,14,3.2615,1.8440,2.3622,21.278
Xm,1,14,3.0050,1.8642,2.3210,19.955
Xm,2,14,2.6153,1.8729,2.3828,19.627
Xm,3,14,2.6153,1.9479,2.3828,19.627
Xm,4,14,2.6308,1.9695,2.3670,19.627
Xm,5,14,2.6535,2.0070,2.3718,19.914
Xm,6,14,2.7504,2.0410,2.3282,20.175
Xm,7,14,2.8958,2.0844,2.3392,19.881
Xm,8,14,3.0999,2.1333,2.3476,20.644
Xm,0,15,3.2569,1.8501,2.3493,20.025
Xm,1,15,2.9718,1.8637,2.3005,19.955
Xm,2,15,2.5625,1.8732,2.3608,19.673
Xm,3,15,2.5625,1.9482,2.3608,19.673
Xm,4,15,2.5779,1.9699,2.3450,19.627
Xm,5,15,2.6053,2.0034,2.3514,19.914
Xm,6,15,2.7140,2.0368,2.3080,20.175
Xm,7,15,2.8625,2.0796,2.3194,20.211
Xm,8,15,3.0780,2.1243,2.3311,20.644
Xm,0,16,3.2337,1.8513,2.3334,20.025
Xm,1,16,2.9385,1.8632,2.2801,19.955
Xm,2,16,2.5085,1.8736,2.3392,19.673
Xm,3,16,2.5085,1.9486,2.3392,19.673
Xm,4,16,2.5289,1.9668,2.3251,19.822
Xm,5,16,2.5570,1.9998,2.3310,19.962
Xm,6,16,2.6775,2.0326,2.2879,20.163
Xm,7,16,2.8293,2.0749,2.2997,20.211
Xm,8,16,3.0684,2.1164,2.3199,21.108
Xm,0,17,3.2210,1.8510,2.3214,20.453
Xm,1,17,2.9007,1.8628,2.2586,19.880
Xm,2,17,2.4620,1.8734,2.3168,19.822
Xm,3,17,2.4620,1.9484,2.3168,19.822
Xm,4,17,2.4824,1.9666,2.3027,19.822
Xm,5,17,2.5164,1.9966,2.3108,20.171
Xm,6,17,2.6385,2.0290,2.2676,20.163
Xm,7,17,2.7960,2.0701,2.2800,20.175
Xm,8,17,3.0588,2.1085,2.3086,21.108
Xm,0,18,3.2083,1.8507,2.3095,20.453
Xm,1,18,2.8628,1.8623,2.2371,19.880
Xm,2,18,2.4136,1.8730,2.2948,19.896
Xm,3,18,2.4136,1.9480,2.2948,19.896
Xm,4,18,2.4359,1.9664,2.2802,19.896
Xm,5,18,2.4757,1.9934,2.2906,20.171
Xm,6,18,2.5996,2.0253,2.2474,20.163
Xm,7,18,2.7595,2.0660,2.2599,20.175
Xm,8,18,3.0493,2.1007,2.2974,21.108
Xm,0,19,3.1956,1.8504,2.2976,20.453
Xm,1,19,2.8249,1.8619,2.2156,19.880
Xm,2,19,2.3652,1.8726,2.2728,19.896
Xm,3,19,2.3652,1.9476,2.2728,19.896
Xm,4,19,2.3875,1.9660,2.2582,19.896
Xm,5,19,2.4350,1.9902,2.2704,20.233
Xm,6,19,2.5607,2.0216,2.2271,20.171
Xm,7,19,2.7230,2.0618,2.2398,20.175
Xm,8,19,3.0325,2.0948,2.2834,21.012
Xm,0,20,3.1829,1.8501,2.2856,20.453
Xm,1,20,2.7914,1.8608,2.1941,20.068
Xm,2,20,2.3168,1.8722,2.2508,19.967
Xm,3,20,2.3168,1.9472,2.2508,19.967
Xm,4,20,2.3391,1.9656,2.2362,19.896
Xm,5,20,2.3929,1.9880,2.2508,20.233
Xm,6,20,2.5200,2.0184,2.2069,20.403
Xm,7,20,2.6865,2.0576,2.2196,20.163
Xm,8,20,3.0157,2.0890,2.2695,20.275
Xm,0,21,3.1861,1.8557,2.2779,20.453
Xm,1,21,2.7579,1.8597,2.1727,20.068
Xm,2,21,2.2689,1.8705,2.2292,19.967
Xm,3,21,2.2689,1.9455,2.2292,19.967
Xm,4,21,2.2912,1.9639,2.2147,19.967
Xm,5,21,2.3508,1.9858,2.2311,20.233
Xm,6,21,2.4872,2.0152,2.1873,20.403
Xm,7,21,2.6560,2.0539,2.2003,20.424
Xm,8,21,2.9866,2.0837,2.2507,20.275
Xm,0,22,3.1734,1.8554,2.2659,20.453
Xm,1,22,2.7243,1.8587,2.1512,20.068
Xm,2,22,2.2210,1.8688,2.2077,20.062
Xm,3,22,2.2210,1.9438,2.2077,20.062
Xm,4,22,2.2483,1.9620,2.1923,20.062
Xm,5,22,2.3086,1.9836,2.2115,20.277
Xm,6,22,2.4544,2.0120,2.1677,20.403
Xm,7,22,2.6255,2.0503,2.1810,20.424
Xm,8,22,2.9574,2.0783,2.2318,20.275
Xm,0,23,3.1528,1.8550,2.2497,20.224
Xm,1,23,2.6908,1.8576,2.1297,20.068
Xm,2,23,2.1896,1.8660,2.1896,20.731
Xm,3,23,2.1896,1.9410,2.1896,20.731
Xm,4,23,2.2053,1.9600,2.1698,20.731
Xm,5,23,2.2710,1.9819,2.1917,20.423
Xm,6,23,2.4188,2.0096,2.1480,20.406
Xm,7,23,2.5950,2.0466,2.1617,20.424
Xm,8,23,2.9283,2.0730,2.2130,20.211
Xm,0,24,3.1321,1.8545,2.2335,20.224
Xm,1,24,2.6540,1.8567,2.1076,20.022
Xm,2,24,2.1581,1.8632,2.1714,20.731
Xm,3,24,2.1581,1.9382,2.1714,20.731
Xm,4,24,2.1739,1.9572,2.1517,20.731
Xm,5,24,2.2334,1.9801,2.1720,20.423
Xm,6,24,2.3833,2.0072,2.1283,20.406
Xm,7,24,2.5645,2.0430,2.1424,20.403
Xm,8,24,2.9042,2.0685,2.1952,20.529
Xm,0,25,3.1115,1.8541,2.2173,20.224
Xm,1,25,2.6172,1.8558,2.0855,20.239
Xm,2,25,2.1266,1.8604,2.1533,20.731
Xm,3,25,2.1266,1.9354,2.1533,20.731
Xm,4,25,2.1424,1.9544,2.1336,20.731
Xm,5,25,2.1958,1.9784,2.1522,20.748
Xm,6,25,2.3477,2.0049,2.1086,20.406
Xm,7,25,2.5317,2.0398,2.1228,20.403
Xm,8,25,2.8801,2.0639,2.1773,20.529
Xm,0,26,3.0985,1.8525,2.2035,20.552
Xm,1,26,2.5872,1.8544,2.0642,20.239
Xm,2,26,2.0952,1.8576,2.1352,20.731
Xm,3,26,2.0952,1.9326,2.1352,20.731
Xm,4,26,2.1109,1.9516,2.1154,20.731
Xm,5,26,2.1627,1.9783,2.1354,20.748
Xm,6,26,2.3122,2.0025,2.0888,20.591
Xm,7,26,2.4989,2.0365,2.1032,20.403
Xm,8,26,2.8560,2.0594,2.1595,20.529
Xm,0,27,3.0855,1.8509,2.1898,20.552
Xm,1,27,2.5572,1.8530,2.0429,20.197
Xm,2,27,2.0610,1.8555,2.1167,20.668
Xm,3,27,2.0610,1.9305,2.1167,20.668
Xm,4,27,2.0795,1.9487,2.0973,20.668
Xm,5,27,2.1295,1.9783,2.1186,20.748
Xm,6,27,2.2803,2.0007,2.0694,20.591
Xm,7,27,2.4661,2.0333,2.0836,20.634
Xm,8,27,2.8319,2.0549,2.1416,20.529
Xm,0,28,3.0725,1.8493,2.1761,21.659
Xm,1,28,2.5243,1.8517,2.0210,20.197
Xm,2,28,2.0268,1.8534,2.0982,20.668
Xm,3,28,2.0268,1.9284,2.0982,20.668
Xm,4,28,2.0480,1.9468,2.0781,20.694
Xm,5,28,2.0964,1.9782,2.1018,20.748
Xm,6,28,2.2485,1.9988,2.0500,20.591
Xm,7,28,2.4403,2.0301,2.0652,20.594
Xm,8,28,2.8077,2.0503,2.1238,20.466
Xm,0,29,3.0596,1.8478,2.1624,21.659
Xm,1,29,2.4914,1.8505,1.9991,20.197
Xm,2,29,1.9954,1.8514,2.0790,20.694
Xm,3,29,1.9954,1.9264,2.0790,20.694
Xm,4,29,2.0166,1.9448,2.0589,20.694
Xm,5,29,2.0617,1.9787,2.0844,20.784
Xm,6,29,2.2167,1.9969,2.0306,20.591
Xm,7,29,2.4109,2.0276,2.0460,20.594
Xm,8,29,2.7801,2.0463,2.1050,20.466
Xm,0,30,3.0631,1.8512,2.1542,20.552
Xm,1,30,2.4882,1.8515,1.9882,20.197
Xm,2,30,1.9639,1.8494,2.0598,21.250
Xm,3,30,1.9639,1.9244,2.0598,20.942
Xm,4,30,1.9852,1.9428,2.0396,20.694
Xm,5,30,2.0308,1.9789,2.0668,20.784
Xm,6,30,2.1883,1.9964,2.0139,20.867
Xm,7,30,2.3816,2.0251,2.0269,20.594
Xm,8,30,2.7525,2.0422,2.0863,20.737
Xm,0,31,3.0501,1.8496,2.1405,21.659
Xm,1,31,2.4553,1.8503,1.9662,20.399
Xm,2,31,1.9441,1.8482,2.0445,21.250
Xm,3,31,1.9360,1.9232,2.0423,20.942
Xm,4,31,1.9537,1.9408,2.0204,20.942
Xm,5,31,1.9999,1.9791,2.0492,20.784
Xm,6,31,2.1600,1.9960,1.9973,20.867
Xm,7,31,2.3522,2.0227,2.0077,20.594
Xm,8,31,2.7322,2.0382,2.0694,20.737
Xm,0,32,3.0372,1.8481,2.1268,21.664
Xm,1,32,2.4485,1.8523,1.9560,20.341
Xm,2,32,1.9242,1.8470,2.0291,21.250
Xm,3,32,1.9081,1.9220,2.0247,20.942
Xm,4,32,1.9258,1.9396,2.0029,20.942
Xm,5,32,1.9690,1.9792,2.0316,20.809
Xm,6,32,2.1316,1.9955,1.9806,20.867
Xm,7,32,2.3229,2.0202,1.9886,20.591
Xm,8,32,2.7120,2.0343,2.0525,20.737
Xm,0,33,3.0368,1.8497,2.1157,21.664
Xm,1,33,2.4172,1.8507,1.9339,20.341
Xm,2,33,1.9044,1.8458,2.0138,21.250
Xm,3,33,1.8802,1.9208,2.0072,20.942
Xm,4,33,1.8979,1.9385,1.9854,20.942
Xm,5,33,1.9376,1.9788,2.0135,20.809
Xm,6,33,2.1032,1.9950,1.9639,20.993
Xm,7,33,2.2911,2.0184,1.9691,20.762
Xm,8,33,2.6917,2.0303,2.0356,20.737
Xm,0,34,3.0120,1.8484,2.0967,21.664
Xm,1,34,2.4104,1.8527,1.9237,20.341
Xm,2,34,1.8845,1.8445,1.9985,21.250
Xm,3,34,1.8523,1.9196,1.9897,20.942
Xm,4,34,1.8700,1.9373,1.9678,20.951
Xm,5,34,1.9062,1.9784,1.9954,20.809
Xm,6,34,2.0794,1.9941,1.9479,20.873
Xm,7,34,2.2646,2.0164,1.9505,20.762
Xm,8,34,2.6684,2.0268,2.0178,20.676
Xm,0,35,3.0116,1.8501,2.0856,20.505
Xm,1,35,2.3790,1.8511,1.9016,20.341
Xm,2,35,1.8647,1.8433,1.9832,21.250
Xm,3,35,1.8236,1.9192,1.9722,20.957
Xm,4,35,1.8441,1.9361,1.9498,20.963
Xm,5,35,1.8749,1.9779,1.9773,20.809
Xm,6,35,2.0523,1.9940,1.9304,20.873
Xm,7,35,2.2381,2.0144,1.9318,20.762
Xm,8,35,2.6452,2.0232,2.0000,20.676
Xm,0,36,3.0128,1.8518,2.0754,20.505
Xm,1,36,2.3477,1.8495,1.8795,21.783
Xm,2,36,1.8448,1.8421,1.9679,21.161
Xm,3,36,1.7968,1.9187,1.9541,20.963
Xm,4,36,1.8173,1.9356,1.9318,20.963
Xm,5,36,1.8464,1.9774,1.9590,21.005
Xm,6,36,2.0252,1.9938,1.9130,20.873
Xm,7,36,2.2116,2.0124,1.9131,20.762
Xm,8,36,2.6219,2.0196,1.9822,20.676
Xm,0,37,2.9946,1.8498,2.0582,21.690
Xm,1,37,2.3163,1.8479,1.8574,21.730
Xm,2,37,1.8232,1.8414,1.9511,21.161
Xm,3,37,1.7700,1.9182,1.9361,20.963
Xm,4,37,1.7904,1.9351,1.9138,20.963
Xm,5,37,1.8194,1.9776,1.9412,21.005
Xm,6,37,1.9981,1.9936,1.8955,20.873
Xm,7,37,2.1877,2.0116,1.8970,20.993
Xm,8,37,2.5987,2.0160,1.9644,20.904
Xm,0,38,2.9764,1.8477,2.0410,21.690
Xm,1,38,2.3095,1.8497,1.8476,21.577
Xm,2,38,1.8015,1.8407,1.9343,21.161
Xm,3,38,1.7431,1.9176,1.9181,20.963
Xm,4,38,1.7636,1.9346,1.8957,20.963
Xm,5,38,1.7925,1.9777,1.9234,21.005
Xm,6,38,1.9710,1.9934,1.8781,20.873
Xm,7,38,2.1639,2.0107,1.8810,20.993
Xm,8,38,2.5814,2.0125,1.9483,20.904
Xm,0,39,2.9776,1.8494,2.0309,21.690
Xm,1,39,2.3023,1.8500,1.8365,20.659
Xm,2,39,1.7799,1.8399,1.9175,21.161
Xm,3,39,1.7163,1.9171,1.9000,21.159
Xm,4,39,1.7368,1.9341,1.8777,20.963
Xm,5,39,1.7655,1.9779,1.9056,21.005
Xm,6,39,1.9425,1.9929,1.8597,20.855
Xm,7,39,2.1400,2.0099,1.8649,20.993
Xm,8,39,2.5642,2.0090,1.9322,20.849
Xm,0,40,2.9594,1.8474,2.0137,21.690
Xm,1,40,2.2951,1.8504,1.8253,20.659
Xm,2,40,1.7582,1.8392,1.9007,21.161
Xm,3,40,1.6920,1.9178,1.8826,21.159
Xm,4,40,1.7125,1.9347,1.8602,21.159
Xm,5,40,1.7385,1.9781,1.8878,21.005
Xm,6,40,1.9140,1.9924,1.8414,20.985
Xm,7,40,2.1161,2.0090,1.8488,21.219
Xm,8,40,2.5443,2.0057,1.9152,20.849
Xm,0,41,2.9606,1.8491,2.0035,21.690
Xm,1,41,2.2879,1.8508,1.8142,20.659
Xm,2,41,1.7366,1.8385,1.8839,21.161
Xm,3,41,1.6677,1.9184,1.8651,21.159
Xm,4,41,1.6882,1.9353,1.8428,21.143
Xm,5,41,1.7119,1.9789,1.8705,21.071
Xm,6,41,1.8913,1.9918,1.8235,20.985
Xm,7,41,2.0997,2.0076,1.8346,21.219
Xm,8,41,2.5245,2.0025,1.8982,20.849
Xm,0,42,2.9617,1.8508,1.9933,20.505
Xm,1,42,2.2807,1.8511,1.8031,20.659
Xm,2,42,1.7187,1.8387,1.8680,21.433
Xm,3,42,1.6435,1.9190,1.8477,21.143
Xm,4,42,1.6666,1.9361,1.8249,21.143
Xm,5,42,1.6853,1.9798,1.8531,21.071
Xm,6,42,1.8687,1.9912,1.8055,20.985
Xm,7,42,2.0833,2.0062,1.8203,21.063
Xm,8,42,2.5047,1.9993,1.8812,20.849
Xm,0,43,2.9629,1.8525,1.9831,20.505
Xm,1,43,2.2735,1.8515,1.7920,20.659
Xm,2,43,1.7008,1.8388,1.8520,21.433
Xm,3,43,1.6218,1.9197,1.8298,21.143
Xm,4,43,1.6450,1.9368,1.8069,21.143
Xm,5,43,1.6626,1.9806,1.8356,21.106
Xm,6,43,1.8460,1.9906,1.7876,21.056
Xm,7,43,2.0631,2.0056,1.8040,21.063
Xm,8,43,2.4848,1.9961,1.8642,20.849
Xm,0,44,2.9447,1.8504,1.9659,20.754
Xm,1,44,2.2497,1.8490,1.7711,21.577
Xm,2,44,1.6839,1.8392,1.8353,21.342
Xm,3,44,1.6002,1.9205,1.8118,21.165
Xm,4,44,1.6234,1.9375,1.7890,21.143
Xm,5,44,1.6399,1.9815,1.8181,21.106
Xm,6,44,1.8232,1.9908,1.7697,21.056
Xm,7,44,2.0429,2.0049,1.7878,21.063
Xm,8,44,2.4650,1.9928,1.8473,21.195
Xm,0,45,2.9467,1.8519,1.9565,20.754
Xm,1,45,2.2425,1.8494,1.7599,21.577
Xm,2,45,1.6670,1.8397,1.8186,21.342
Xm,3,45,1.5780,1.9218,1.7939,21.165
Xm,4,45,1.6018,1.9382,1.7711,21.165
Xm,5,45,1.6172,1.9823,1.8006,21.106
Xm,6,45,1.8004,1.9910,1.7518,21.056
Xm,7,45,2.0227,2.0043,1.7715,21.063
Xm,8,45,2.4540,1.9896,1.8333,21.195
Xm,0,46,2.9337,1.8495,1.9412,21.700
Xm,1,46,2.2353,1.8498,1.7488,21.577
Xm,2,46,1.6501,1.8401,1.8019,21.342
Xm,3,46,1.5558,1.9232,1.7759,21.165
Xm,4,46,1.5796,1.9396,1.7531,21.165
Xm,5,46,1.5948,1.9843,1.7829,21.202
Xm,6,46,1.7776,1.9913,1.7339,21.056
Xm,7,46,2.0026,2.0036,1.7552,21.063
Xm,8,46,2.4390,1.9870,1.8176,21.098
Xm,0,47,2.9208,1.8471,1.9260,21.694
Xm,1,47,2.2281,1.8501,1.7377,20.659
Xm,2,47,1.6332,1.8406,1.7852,21.342
Xm,3,47,1.5337,1.9245,1.7580,21.165
Xm,4,47,1.5574,1.9410,1.7351,21.165
Xm,5,47,1.5725,1.9864,1.7651,21.202
Xm,6,47,1.7568,1.9916,1.7163,21.095
Xm,7,47,1.9824,2.0030,1.7389,21.063
Xm,8,47,2.4240,1.9843,1.8018,21.098
Xm,0,48,2.9213,1.8483,1.9156,21.694
Xm,1,48,2.2209,1.8499,1.7260,21.519
Xm,2,48,1.6163,1.8410,1.7686,21.342
Xm,3,48,1.5115,1.9259,1.7400,21.165
Xm,4,48,1.5367,1.9424,1.7173,21.173
Xm,5,48,1.5501,1.9885,1.7473,21.202
Xm,6,48,1.7361,1.9919,1.6987,21.095
Xm,7,48,1.9622,2.0023,1.7226,21.054
Xm,8,48,2.4090,1.9817,1.7861,21.098
Xm,0,49,2.9218,1.8495,1.9052,21.694
Xm,1,49,2.2137,1.8496,1.7143,21.519
Xm,2,49,1.5979,1.8420,1.7514,21.337
Xm,3,49,1.4893,1.9272,1.7220,21.173
Xm,4,49,1.5160,1.9438,1.6994,21.173
Xm,5,49,1.5277,1.9905,1.7295,21.202
Xm,6,49,1.7154,1.9928,1.6814,21.136
Xm,7,49,1.9422,2.0018,1.7053,21.054
Xm,8,49,2.3940,1.9791,1.7703,21.098
Xm,0,50,2.9048,1.8472,1.8879,21.694
Xm,1,50,2.2066,1.8493,1.7026,21.276
Xm,2,50,1.5796,1.8430,1.7342,21.337
Xm,3,50,1.4702,1.9296,1.7045,21.346
Xm,4,50,1.4954,1.9453,1.6815,21.173
Xm,5,50,1.5067,1.9926,1.7118,21.202
Xm,6,50,1.6947,1.9937,1.6642,21.136
Xm,7,50,1.9222,2.0013,1.6879,21.054
Xm,8,50,2.3790,1.9765,1.7545,21.098
Xm,0,51,2.9053,1.8484,1.8775,21.694
Xm,1,51,2.1946,1.8477,1.6878,21.276
Xm,2,51,1.5621,1.8441,1.7169,21.316
Xm,3,51,1.4510,1.9319,1.6869,21.346
Xm,4,51,1.4762,1.9476,1.6640,21.346
Xm,5,51,1.4858,1.9947,1.6940,21.242
Xm,6,51,1.6739,1.9946,1.6470,21.136
Xm,7,51,1.9022,2.0007,1.6706,21.054
Xm,8,51,2.3640,1.9738,1.7388,21.098
Xm,0,52,2.9058,1.8496,1.8671,21.694
Xm,1,52,2.1825,1.8460,1.6729,21.276
Xm,2,52,1.5446,1.8453,1.6997,21.316
Xm,3,52,1.4319,1.9342,1.6693,21.346
Xm,4,52,1.4571,1.9499,1.6464,21.346
Xm,5,52,1.4649,1.9975,1.6766,21.242
Xm,6,52,1.6532,1.9955,1.6298,21.136
Xm,7,52,1.8821,2.0002,1.6532,21.054
Xm,8,52,2.3490,1.9712,1.7230,21.222
Xm,0,53,2.8887,1.8474,1.8498,21.664
Xm,1,53,2.1705,1.8443,1.6581,21.276
Xm,2,53,1.5272,1.8464,1.6825,21.316
Xm,3,53,1.4128,1.9366,1.6517,21.346
Xm,4,53,1.4380,1.9523,1.6288,21.346
Xm,5,53,1.4439,2.0003,1.6592,21.242
Xm,6,53,1.6325,1.9964,1.6126,21.136
Xm,7,53,1.8621,1.9996,1.6359,21.054
Xm,8,53,2.3308,1.9690,1.7038,20.835
Xm,0,54,2.8896,1.8480,1.8398,21.664
Xm,1,54,2.1585,1.8427,1.6432,21.276
Xm,2,54,1.5097,1.8475,1.6653,21.316
Xm,3,54,1.3937,1.9389,1.6341,21.346
Xm,4,54,1.4189,1.9546,1.6112,21.346
Xm,5,54,1.4230,2.0031,1.6418,21.242
Xm,6,54,1.6137,1.9975,1.5959,21.170
Xm,7,54,1.8421,1.9991,1.6185,21.095
Xm,8,54,2.3106,1.9666,1.6840,20.807
Xm,0,55,2.8904,1.8487,1.8298,21.664
Xm,1,55,2.1465,1.8410,1.6284,21.276
Xm,2,55,1.4923,1.8486,1.6481,21.316
Xm,3,55,1.3745,1.9412,1.6165,21.346
Xm,4,55,1.4008,1.9569,1.5937,21.326
Xm,5,55,1.4020,2.0059,1.6244,21.242
Xm,6,55,1.5942,1.9996,1.5784,21.210
Xm,7,55,1.8234,1.9996,1.6014,21.136
Xm,8,55,2.2905,1.9642,1.6641,20.807
Xm,0,56,2.8912,1.8493,1.8198,21.664
Xm,1,56,2.1345,1.8393,1.6135,21.276
Xm,2,56,1.4793,1.8497,1.6327,21.594
Xm,3,56,1.3561,1.9441,1.5990,21.352
Xm,4,56,1.3826,1.9593,1.5762,21.326
Xm,5,56,1.3811,2.0087,1.6069,21.242
Xm,6,56,1.5748,2.0018,1.5610,21.210
Xm,7,56,1.8047,2.0001,1.5843,21.136
Xm,8,56,2.2704,1.9617,1.6443,20.807
Xm,0,57,2.8920,1.8500,1.8097,21.664
Xm,1,57,2.1235,1.8376,1.5988,21.283
Xm,2,57,1.4602,1.8520,1.6151,21.346
Xm,3,57,1.3376,1.9470,1.5816,21.352
Xm,4,57,1.3645,1.9616,1.5587,21.352
Xm,5,57,1.3615,2.0115,1.5898,21.282
Xm,6,57,1.5553,2.0040,1.5436,21.210
Xm,7,57,1.7859,2.0006,1.5672,21.136
Xm,8,57,2.2503,1.9593,1.6245,20.807
Xm,0,58,2.8831,1.8473,1.7958,21.664
Xm,1,58,2.1126,1.8358,1.5840,21.283
Xm,2,58,1.4421,1.8543,1.5976,21.326
Xm,3,58,1.3191,1.9498,1.5642,21.352
Xm,4,58,1.3460,1.9644,1.5413,21.352
Xm,5,58,1.3421,2.0149,1.5731,21.282
Xm,6,58,1.5359,2.0062,1.5261,21.210
Xm,7,58,1.7672,2.0011,1.5500,21.136
Xm,8,58,2.2301,1.9568,1.6046,20.942
Xm,0,59,2.8839,1.8480,1.7858,21.664
Xm,1,59,2.1016,1.8340,1.5692,21.283
Xm,2,59,1.4239,1.8566,1.5801,21.326
Xm,3,59,1.3006,1.9527,1.5468,21.352
Xm,4,59,1.3276,1.9673,1.5238,21.352
Xm,5,59,1.3227,2.0184,1.5563,21.282
Xm,6,59,1.5164,2.0084,1.5087,21.210
Xm,7,59,1.7485,2.0016,1.5329,21.136
Xm,8,59,2.2133,1.9545,1.5859,20.942
Xm,0,60,2.8847,1.8486,1.7757,21.664
Xm,1,60,2.0907,1.8322,1.5544,21.283
Xm,2,60,1.4058,1.8590,1.5626,21.326
Xm,3,60,1.2821,1.9555,1.5293,21.352
Xm,4,60,1.3091,1.9701,1.5064,21.282
Xm,5,60,1.3034,2.0218,1.5396,21.282
Xm,6,60,1.4969,2.0105,1.4913,21.210
Xm,7,60,1.7297,2.0022,1.5158,21.136
Xm,8,60,2.1970,1.9524,1.5678,21.040
Xm,0,61,2.8855,1.8493,1.7657,21.664
Xm,1,61,2.0766,1.8306,1.5382,21.183
Xm,2,61,1.3877,1.8613,1.5451,21.326
Xm,3,61,1.2637,1.9584,1.5119,21.352
Xm,4,61,1.2897,1.9736,1.4897,21.281
Xm,5,61,1.2840,2.0253,1.5228,21.282
Xm,6,61,1.4788,2.0134,1.4746,21.249
Xm,7,61,1.7109,2.0032,1.4990,21.170
Xm,8,61,2.1807,1.9504,1.5497,21.040
Xm,0,62,2.8864,1.8499,1.7557,21.664
Xm,1,62,2.0626,1.8289,1.5219,21.183
Xm,2,62,1.3696,1.8636,1.5276,21.326
Xm,3,62,1.2452,1.9612,1.4945,21.615
Xm,4,62,1.2717,1.9769,1.4733,21.281
Xm,5,62,1.2646,2.0287,1.5061,21.282
Xm,6,62,1.4607,2.0162,1.4579,21.249
Xm,7,62,1.6921,2.0043,1.4823,21.202
Xm,8,62,2.1644,1.9483,1.5316,21.040
Xm,0,63,2.8774,1.8473,1.7417,21.664
Xm,1,63,2.0485,1.8272,1.5057,21.183
Xm,2,63,1.3511,1.8665,1.5102,21.352
Xm,3,63,1.2307,1.9632,1.4786,21.562
Xm,4,63,1.2537,1.9803,1.4570,21.281
Xm,5,63,1.2452,2.0321,1.4894,21.364
Xm,6,63,1.4426,2.0191,1.4412,21.249
Xm,7,63,1.6751,2.0056,1.4662,21.202
Xm,8,63,2.1481,1.9463,1.5135,21.040
Xm,0,64,2.8782,1.8479,1.7317,21.664
Xm,1,64,2.0345,1.8256,1.4894,21.216
Xm,2,64,1.3326,1.8693,1.4928,21.352
Xm,3,64,1.2162,1.9651,1.4628,21.562
Xm,4,64,1.2362,1.9834,1.4400,21.364
Xm,5,64,1.2276,2.0353,1.4724,21.364
Xm,6,64,1.4246,2.0219,1.4245,21.249
Xm,7,64,1.6581,2.0069,1.4501,21.202
Xm,8,64,2.1318,1.9442,1.4954,21.040
Xm,0,65,2.8787,1.8481,1.7216,21.633
Xm,1,65,2.0219,1.8241,1.4736,21.216
Xm,2,65,1.3152,1.8721,1.4756,21.337
Xm,3,65,1.2017,1.9670,1.4469,21.562
Xm,4,65,1.2186,1.9866,1.4230,21.364
Xm,5,65,1.2101,2.0384,1.4554,21.364
Xm,6,65,1.4065,2.0248,1.4078,21.249
Xm,7,65,1.6411,2.0082,1.4341,21.202
Xm,8,65,2.1177,1.9424,1.4781,21.108
Xm,0,66,2.8791,1.8483,1.7115,21.633
Xm,1,66,2.0094,1.8226,1.4579,21.216
Xm,2,66,1.2978,1.8748,1.4584,21.337
Xm,3,66,1.1872,1.9690,1.4311,21.562
Xm,4,66,1.2010,1.9897,1.4060,21.364
Xm,5,66,1.1925,2.0416,1.4384,21.364
Xm,6,66,1.3884,2.0276,1.3911,21.249
Xm,7,66,1.6241,2.0095,1.4180,21.202
Xm,8,66,2.1036,1.9405,1.4608,21.108
Xm,0,67,2.8796,1.8485,1.7014,21.633
Xm,1,67,1.9968,1.8210,1.4421,21.216
Xm,2,67,1.2804,1.8776,1.4412,21.337
Xm,3,67,1.1727,1.9709,1.4153,21.364
Xm,4,67,1.1835,1.9929,1.3890,21.364
Xm,5,67,1.1749,2.0447,1.4214,21.364
Xm,6,67,1.3703,2.0305,1.3744,21.249
Xm,7,67,1.6071,2.0108,1.4019,21.224
Xm,8,67,2.0894,1.9386,1.4435,21.108
Xm,0,68,2.8801,1.8487,1.6913,21.633
Xm,1,68,1.9843,1.8195,1.4264,21.216
Xm,2,68,1.2629,1.8803,1.4241,21.337
Xm,3,68,1.1551,1.9740,1.3983,21.364
Xm,4,68,1.1659,1.9960,1.3720,21.364
Xm,5,68,1.1574,2.0478,1.4044,21.364
Xm,6,68,1.3538,2.0337,1.3586,21.284
Xm,7,68,1.5891,2.0131,1.3849,21.224
Xm,8,68,2.0743,1.9374,1.4265,21.117
Xm,0,69,2.8805,1.8490,1.6812,21.633
Xm,1,69,1.9718,1.8180,1.4106,21.216
Xm,2,69,1.2455,1.8831,1.4069,21.562
Xm,3,69,1.1375,1.9772,1.3813,21.364
Xm,4,69,1.1494,1.9989,1.3554,21.351
Xm,5,69,1.1398,2.0510,1.3874,21.364
Xm,6,69,1.3372,2.0370,1.3428,21.284
Xm,7,69,1.5711,2.0154,1.3680,21.241
Xm,8,69,2.0592,1.9363,1.4095,21.117
Xm,0,70,2.8810,1.8492,1.6711,21.633
Xm,1,70,1.9591,1.8176,1.3953,21.263
Xm,2,70,1.2310,1.8850,1.3910,21.562
Xm,3,70,1.1204,1.9808,1.3651,21.414
Xm,4,70,1.1330,2.0018,1.3388,21.351
Xm,5,70,1.1222,2.0541,1.3704,21.443
Xm,6,70,1.3207,2.0403,1.3270,21.284
Xm,7,70,1.5547,2.0178,1.3517,21.241
Xm,8,70,2.0441,1.9351,1.3925,21.117
Xm,0,71,2.8815,1.8494,1.6610,21.633
Xm,1,71,1.9464,1.8172,1.3799,21.263
Xm,2,71,1.2165,1.8869,1.3752,21.562
Xm,3,71,1.1044,1.9840,1.3493,21.414
Xm,4,71,1.1169,2.0050,1.3229,21.414
Xm,5,71,1.1062,2.0573,1.3545,21.414
Xm,6,71,1.3042,2.0436,1.3113,21.284
Xm,7,71,1.5382,2.0202,1.3354,21.241
Xm,8,71,2.0290,1.9339,1.3754,21.117
Xm,0,72,2.8819,1.8496,1.6510,21.633
Xm,1,72,1.9337,1.8168,1.3646,21.285
Xm,2,72,1.2025,1.8886,1.3595,21.522
Xm,3,72,1.0883,1.9872,1.3334,21.414
Xm,4,72,1.1009,2.0082,1.3070,21.414
Xm,5,72,1.0901,2.0605,1.3386,21.414
Xm,6,72,1.2877,2.0469,1.2955,21.284
Xm,7,72,1.5218,2.0226,1.3191,21.241
Xm,8,72,2.0160,1.9330,1.3595,21.179
Xm,0,73,2.8824,1.8498,1.6409,21.633
Xm,1,73,1.9223,1.8166,1.3500,21.285
Xm,2,73,1.1886,1.8903,1.3438,21.522
Xm,3,73,1.0722,1.9904,1.3175,21.414
Xm,4,73,1.0848,2.0114,1.2911,21.414
Xm,5,73,1.0741,2.0637,1.3227,21.414
Xm,6,73,1.2712,2.0502,1.2797,21.284
Xm,7,73,1.5053,2.0250,1.3028,21.241
Xm,8,73,2.0029,1.9322,1.3435,21.179
Xm,0,74,2.8829,1.8500,1.6308,21.199
Xm,1,74,1.9109,1.8163,1.3355,21.285
Xm,2,74,1.1746,1.8921,1.3281,21.522
Xm,3,74,1.0562,1.9936,1.3016,21.414
Xm,4,74,1.0688,2.0146,1.2753,21.414
Xm,5,74,1.0580,2.0669,1.3068,21.414
Xm,6,74,1.2547,2.0535,1.2639,21.284
Xm,7,74,1.4888,2.0274,1.2865,21.259
Xm,8,74,1.9898,1.9314,1.3275,21.179
Xm,0,75,2.8833,1.8502,1.6207,21.199
Xm,1,75,1.8995,1.8161,1.3209,21.285
Xm,2,75,1.1607,1.8938,1.3125,21.522
Xm,3,75,1.0401,1.9968,1.2857,21.414
Xm,4,75,1.0527,2.0178,1.2594,21.414
Xm,5,75,1.0420,2.0701,1.2910,21.414
Xm,6,75,1.2382,2.0564,1.2473,21.345
Xm,7,75,1.4722,2.0303,1.2704,21.259
Xm,8,75,1.9768,1.9305,1.3115,21.179
Xm,0,76,2.8838,1.8504,1.6106,21.199
Xm,1,76,1.8881,1.8159,1.3063,21.285
Xm,2,76,1.1467,1.8955,1.2968,21.522
Xm,3,76,1.0241,2.0000,1.2698,21.414
Xm,4,76,1.0367,2.0210,1.2435,21.383
Xm,5,76,1.0259,2.0733,1.2751,21.414
Xm,6,76,1.2242,2.0588,1.2319,21.345
Xm,7,76,1.4556,2.0331,1.2543,21.259
Xm,8,76,1.9637,1.9297,1.2955,21.202
Xm,0,77,2.8838,1.8502,1.6003,21.325
Xm,1,77,1.8767,1.8156,1.2917,21.285
Xm,2,77,1.1328,1.8972,1.2811,21.522
Xm,3,77,1.0080,2.0032,1.2540,21.621
Xm,4,77,1.0231,2.0234,1.2285,21.383
Xm,5,77,1.0098,2.0765,1.2592,21.414
Xm,6,77,1.2101,2.0611,1.2165,21.345
Xm,7,77,1.4419,2.0360,1.2398,21.286
Xm,8,77,1.9499,1.9297,1.2797,21.202
Xm,0,78,2.8838,1.8499,1.5901,21.601
Xm,1,78,1.8653,1.8154,1.2771,21.285
Xm,2,78,1.1185,1.8989,1.2660,21.582
Xm,3,78,0.9954,2.0036,1.2398,21.529
Xm,4,78,1.0095,2.0257,1.2135,21.383
Xm,5,78,0.9958,2.0779,1.2448,21.529
Xm,6,78,1.1961,2.0635,1.2011,21.345
Xm,7,78,1.4282,2.0388,1.2253,21.286
Xm,8,78,1.9360,1.9296,1.2639,21.202
Xm,0,79,2.8838,1.8496,1.5799,21.601
Xm,1,79,1.8540,1.8151,1.2626,21.285
Xm,2,79,1.1043,1.9005,1.2510,21.582
Xm,3,79,0.9827,2.0040,1.2257,21.529
Xm,4,79,0.9968,2.0261,1.1994,21.529
Xm,5,79,0.9831,2.0783,1.2307,21.529
Xm,6,79,1.1821,2.0659,1.1857,21.345
Xm,7,79,1.4145,2.0416,1.2107,21.286
Xm,8,79,1.9222,1.9296,1.2481,21.275
Xm,0,80,2.8837,1.8493,1.5696,21.601
Xm,1,80,1.8409,1.8155,1.2472,21.306
Xm,2,80,1.0914,1.9013,1.2364,21.505
Xm,3,80,0.9701,2.0044,1.2115,21.529
Xm,4,80,0.9842,2.0265,1.1852,21.529
Xm,5,80,0.9705,2.0787,1.2166,21.529
Xm,6,80,1.1681,2.0683,1.1703,21.345
Xm,7,80,1.4008,2.0445,1.1962,21.286
Xm,8,80,1.9113,1.9306,1.2346,21.275
Xm,0,81,2.8837,1.8491,1.5594,21.601
Xm,1,81,1.8305,1.8164,1.2340,21.306
Xm,2,81,1.0785,1.9021,1.2218,21.505
Xm,3,81,0.9574,2.0048,1.1974,21.529
Xm,4,81,0.9715,2.0269,1.1711,21.529
Xm,5,81,0.9578,2.0791,1.2024,21.529
Xm,6,81,1.1540,2.0707,1.1549,21.345
Xm,7,81,1.3872,2.0473,1.1817,21.286
Xm,8,81,1.9005,1.9316,1.2211,21.275
Xm,0,82,2.8837,1.8488,1.5492,21.601
Xm,1,82,1.8200,1.8173,1.2209,21.306
Xm,2,82,1.0657,1.9029,1.2073,21.505
Xm,3,82,0.9448,2.0052,1.1833,21.529
Xm,4,82,0.9589,2.0273,1.1570,21.529
Xm,5,82,0.9452,2.0795,1.1883,21.529
Xm,6,82,1.1400,2.0730,1.1395,21.345
Xm,7,82,1.3735,2.0501,1.1671,21.286
Xm,8,82,1.8897,1.9326,1.2076,21.275
Xm,0,83,2.8837,1.8485,1.5389,21.601
Xm,1,83,1.8096,1.8182,1.2078,21.306
Xm,2,83,1.0528,1.9037,1.1927,21.505
Xm,3,83,0.9321,2.0056,1.1691,21.529
Xm,4,83,0.9462,2.0277,1.1428,21.529
Xm,5,83,0.9325,2.0799,1.1741,21.529
Xm,6,83,1.1260,2.0754,1.1241,21.377
Xm,7,83,1.3598,2.0532,1.1527,21.299
Xm,8,83,1.8789,1.9337,1.1941,21.275
Xm,0,84,2.8837,1.8483,1.5287,21.601
Xm,1,84,1.7991,1.8192,1.1946,21.306
Xm,2,84,1.0399,1.9045,1.1781,21.505
Xm,3,84,0.9195,2.0060,1.1550,21.529
Xm,4,84,0.9336,2.0281,1.1287,21.499
Xm,5,84,0.9199,2.0803,1.1600,21.529
Xm,6,84,1.1137,2.0773,1.1096,21.377
Xm,7,84,1.3462,2.0563,1.1384,21.299
Xm,8,84,1.8680,1.9347,1.1806,21.275
Xm,0,85,2.8837,1.8480,1.5185,21.601
Xm,1,85,1.7887,1.8201,1.1815,21.306
Xm,2,85,1.0271,1.9053,1.1636,21.505
Xm,3,85,0.9068,2.0064,1.1409,21.529
Xm,4,85,0.9219,2.0280,1.1149,21.499
Xm,5,85,0.9072,2.0808,1.1459,21.529
Xm,6,85,1.1014,2.0791,1.0952,21.377
Xm,7,85,1.3326,2.0593,1.1240,21.309
Xm,8,85,1.8572,1.9357,1.1672,21.275
Xm,0,86,2.8837,1.8477,1.5082,21.601
Xm,1,86,1.7782,1.8210,1.1684,21.306
Xm,2,86,1.0142,1.9061,1.1490,21.505
Xm,3,86,0.8942,2.0068,1.1267,21.499
Xm,4,86,0.9102,2.0279,1.1010,21.499
Xm,5,86,0.8946,2.0812,1.1317,21.529
Xm,6,86,1.0891,2.0810,1.0808,21.377
Xm,7,86,1.3204,2.0622,1.1104,21.309
Xm,8,86,1.8464,1.9367,1.1537,21.271
Xm,0,87,2.8837,1.8475,1.4980,21.601
Xm,1,87,1.7678,1.8219,1.1552,21.306
Xm,2,87,1.0182,1.9106,1.1479,21.505
Xm,3,87,0.8830,2.0061,1.1134,21.523
Xm,4,87,0.8985,2.0277,1.0872,21.499
Xm,5,87,0.8834,2.0804,1.1184,21.523
Xm,6,87,1.0768,2.0828,1.0664,21.377
Xm,7,87,1.3081,2.0651,1.0969,21.309
Xm,8,87,1.8348,1.9383,1.1401,21.271
Xm,0,88,2.8837,1.8472,1.4878,21.577
Xm,1,88,1.7573,1.8228,1.1421,21.306
Xm,2,88,1.0053,1.9114,1.1334,23.832
Xm,3,88,0.8719,2.0053,1.1001,21.523
Xm,4,88,0.8868,2.0276,1.0734,21.523
Xm,5,88,0.8723,2.0796,1.1051,21.523
Xm,6,88,1.0646,2.0847,1.0519,21.377
Xm,7,88,1.2959,2.0680,1.0833,21.309
Xm,8,88,1.8232,1.9398,1.1265,21.300
Xm,0,89,2.8833,1.8465,1.4775,21.577
Xm,1,89,1.7469,1.8238,1.1290,21.335
Xm,2,89,1.0093,1.9158,1.1323,21.505
Xm,3,89,0.8607,2.0046,1.0868,21.523
Xm,4,89,0.8756,2.0268,1.0601,21.523
Xm,5,89,0.8611,2.0789,1.0918,21.523
Xm,6,89,1.0523,2.0865,1.0375,21.377
Xm,7,89,1.2836,2.0710,1.0698,21.309
Xm,8,89,1.8129,1.9420,1.1143,21.300
Xm,0,90,2.8829,1.8458,1.4673,21.577
Xm,1,90,1.7376,1.8250,1.1173,21.335
Xm,2,90,1.0132,1.9203,1.1312,21.505
Xm,3,90,0.8496,2.0038,1.0735,21.523
Xm,4,90,0.8645,2.0261,1.0468,21.523
Xm,5,90,0.8500,2.0781,1.0785,21.523
Xm,6,90,1.0400,2.0884,1.0231,21.377
Xm,7,90,1.2714,2.0739,1.0562,21.309
Xm,8,90,1.8026,1.9442,1.1020,21.300
Xm,0,91,2.8825,1.8451,1.4571,21.577
Xm,1,91,1.7283,1.8263,1.1057,21.380
Xm,2,91,1.0172,1.9247,1.1302,21.505
Xm,3,91,0.8384,2.0031,1.0602,21.523
Xm,4,91,0.8533,2.0253,1.0335,21.523
Xm,5,91,0.8388,2.0774,1.0652,21.523
Xm,6,91,1.0277,2.0903,1.0087,21.364
Xm,7,91,1.2592,2.0768,1.0427,21.309
Xm,8,91,1.7923,1.9463,1.0898,21.300
Xm,0,92,2.8821,1.8443,1.4468,21.577
Xm,1,92,1.7185,1.8275,1.0939,21.380
Xm,2,92,1.0053,1.9250,1.1160,23.832
Xm,3,92,0.8273,2.0023,1.0469,21.523
Xm,4,92,0.8422,2.0246,1.0202,21.523
Xm,5,92,0.8277,2.0766,1.0519,21.523
Xm,6,92,1.0186,2.0928,0.9964,21.364
Xm,7,92,1.2469,2.0797,1.0291,21.348
Xm,8,92,1.7820,1.9485,1.0776,21.300
Xm,0,93,2.8817,1.8436,1.4366,21.577
Xm,1,93,1.7088,1.8288,1.0821,21.380
Xm,2,93,1.0092,1.9295,1.1150,21.480
Xm,3,93,0.8161,2.0016,1.0336,21.523
Xm,4,93,0.8310,2.0238,1.0069,21.498
Xm,5,93,0.8165,2.0759,1.0386,21.523
Xm,6,93,1.0095,2.0953,0.9841,21.364
Xm,7,93,1.2341,2.0817,1.0145,21.348
Xm,8,93,1.7717,1.9507,1.0654,21.300
Xm,0,94,2.8813,1.8429,1.4264,21.577
Xm,1,94,1.6990,1.8300,1.0703,21.380
Xm,2,94,1.0132,1.9339,1.1139,21.480
Xm,3,94,0.8050,2.0008,1.0203,21.523
Xm,4,94,0.8210,2.0225,0.9938,21.498
Xm,5,94,0.8054,2.0751,1.0253,21.523
Xm,6,94,0.9993,2.0963,0.9705,21.396
Xm,7,94,1.2227,2.0834,1.0006,21.355
Xm,8,94,1.7614,1.9529,1.0532,21.300
Xm,0,95,2.8809,1.8422,1.4161,21.577
Xm,1,95,1.6893,1.8312,1.0585,21.380
Xm,2,95,1.0172,1.9384,1.1129,21.480
Xm,3,95,0.7938,2.0000,1.0070,21.498
Xm,4,95,0.8111,2.0212,0.9808,21.498
Xm,5,95,0.7942,2.0744,1.0120,21.523
Xm,6,95,0.9890,2.0973,0.9569,21.396
Xm,7,95,1.2112,2.0851,0.9868,21.355
Xm,8,95,1.7512,1.9550,1.0409,21.300
Xm,0,96,2.8805,1.8415,1.4059,21.577
Xm,1,96,1.6795,1.8324,1.0467,21.380
Xm,2,96,1.0052,1.9387,1.0987,23.832
Xm,3,96,0.7838,1.9987,0.9940,21.498
Xm,4,96,0.8011,2.0199,0.9677,21.498
Xm,5,96,0.7842,2.0730,0.9990,21.498
Xm,6,96,0.9788,2.0984,0.9433,21.396
Xm,7,96,1.1997,2.0867,0.9730,21.355
Xm,8,96,1.7409,1.9572,1.0287,21.300
Xm,0,97,2.8801,1.8408,1.3957,21.577
Xm,1,97,1.6697,1.8336,1.0349,21.380
Xm,2,97,1.0092,1.9431,1.0977,23.832
Xm,3,97,0.7738,1.9974,0.9809,21.498
Xm,4,97,0.7911,2.0185,0.9546,21.498
Xm,5,97,0.7742,2.0717,0.9859,21.498
Xm,6,97,0.9686,2.0994,0.9297,21.396
Xm,7,97,1.1882,2.0884,0.9592,21.355
Xm,8,97,1.7306,1.9594,1.0165,21.300
Xm,0,98,2.8797,1.8401,1.3855,21.577
Xm,1,98,1.6600,1.8348,1.0231,21.380
Xm,2,98,0.9972,1.9435,1.0835,23.832
Xm,3,98,0.7660,1.9942,0.9693,21.566
Xm,4,98,0.7811,2.0172,0.9416,21.498
Xm,5,98,0.7642,2.0704,0.9728,21.566
Xm,6,98,0.9584,2.1005,0.9161,21.396
Xm,7,98,1.1767,2.0901,0.9454,21.345
Xm,8,98,1.7193,1.9615,1.0035,21.336
Xm,0,99,2.8793,1.8394,1.3752,21.577
Xm,1,99,1.6502,1.8360,1.0113,21.380
Xm,2,99,1.0012,1.9479,1.0825,23.832
Xm,3,99,0.7581,1.9911,0.9577,21.566
Xm,4,99,0.7711,2.0159,0.9285,21.498
Xm,5,99,0.7564,2.0672,0.9612,21.566
Xm,6,99,0.9481,2.1015,0.9025,21.396
Xm,7,99,1.1667,2.0927,0.9329,21.345
Xm,8,99,1.7093,1.9638,0.9919,21.336
Xm,0,100,2.8789,1.8387,1.3650,21.565
Xm,1,100,1.6414,1.8372,1.0010,21.409
Xm,2,100,1.0051,1.9524,1.0814,23.832
Xm,3,100,0.7502,1.9879,0.9461,21.566
Xm,4,100,0.7632,2.0127,0.9169,21.566
Xm,5,100,0.7485,2.0641,0.9496,21.566
Xm,6,100,0.9379,2.1025,0.8889,21.397
Xm,7,100,1.1568,2.0953,0.9204,21.345
Xm,8,100,1.6993,1.9661,0.9803,21.336
Xm,0,101,2.8783,1.8376,1.3550,21.565
Xm,1,101,1.6325,1.8384,0.9907,21.409
Xm,2,101,1.0091,1.9568,1.0804,23.832
Xm,3,101,0.7423,1.9847,0.9345,21.566
Xm,4,101,0.7553,2.0096,0.9053,21.566
Xm,5,101,0.7406,2.0609,0.9380,21.566
Xm,6,101,0.9291,2.1030,0.8757,21.397
Xm,7,101,1.1468,2.0980,0.9079,21.345
Xm,8,101,1.6892,1.9684,0.9687,21.336
Xm,0,102,2.8776,1.8366,1.3451,21.565
Xm,1,102,1.6237,1.8397,0.9804,21.409
Xm,2,102,0.9971,1.9571,1.0662,23.832
Xm,3,102,0.7344,1.9816,0.9229,21.566
Xm,4,102,0.7474,2.0064,0.8937,21.566
Xm,5,102,0.7327,2.0577,0.9264,21.566
Xm,6,102,0.9204,2.1035,0.8626,21.397
Xm,7,102,1.1368,2.1006,0.8954,21.345
Xm,8,102,1.6792,1.9707,0.9571,21.325
Xm,0,103,2.8770,1.8356,1.3351,21.565
Xm,1,103,1.6148,1.8409,0.9701,21.409
Xm,2,103,1.0011,1.9616,1.0652,23.832
Xm,3,103,0.7266,1.9784,0.9113,21.566
Xm,4,103,0.7410,2.0027,0.8820,21.559
Xm,5,103,0.7248,2.0546,0.9148,21.566
Xm,6,103,0.9116,2.1040,0.8495,21.397
Xm,7,103,1.1283,2.1028,0.8836,21.371
Xm,8,103,1.6693,1.9739,0.9461,21.325
Xm,0,104,2.8764,1.8345,1.3251,21.565
Xm,1,104,1.6060,1.8422,0.9598,21.386
Xm,2,104,1.0051,1.9660,1.0641,23.832
Xm,3,104,0.7187,1.9752,0.8997,21.566
Xm,4,104,0.7346,1.9989,0.8704,21.559
Xm,5,104,0.7170,2.0514,0.9032,21.566
Xm,6,104,0.9028,2.1044,0.8363,21.397
Xm,7,104,1.1207,2.1048,0.8718,21.371
Xm,8,104,1.6595,1.9770,0.9351,21.325
Xm,0,105,2.8758,1.8335,1.3151,21.565
Xm,1,105,1.5962,1.8436,0.9483,21.386
Xm,2,105,1.0090,1.9705,1.0631,21.499
Xm,3,105,0.7108,1.9720,0.8881,21.559
Xm,4,105,0.7282,1.9952,0.8587,21.559
Xm,5,105,0.7091,2.0482,0.8916,21.566
Xm,6,105,0.8941,2.1049,0.8232,21.397
Xm,7,105,1.1131,2.1068,0.8600,21.371
Xm,8,105,1.6496,1.9802,0.9242,21.325
Xm,0,106,2.8752,1.8325,1.3052,21.565
Xm,1,106,1.5864,1.8451,0.9368,21.386
Xm,2,106,0.9974,1.9703,1.0492,21.499
Xm,3,106,0.7044,1.9683,0.8764,21.587
Xm,4,106,0.7218,1.9915,0.8471,21.559
Xm,5,106,0.7027,2.0445,0.8800,21.559
Xm,6,106,0.8853,2.1054,0.8101,21.470
Xm,7,106,1.1055,2.1088,0.8483,21.371
Xm,8,106,1.6398,1.9834,0.9132,21.325
Xm,0,107,2.8746,1.8315,1.2952,21.565
Xm,1,107,1.5766,1.8465,0.9254,21.386
Xm,2,107,0.9857,1.9702,1.0354,21.499
Xm,3,107,0.6967,1.9636,0.8654,21.587
Xm,4,107,0.7154,1.9877,0.8355,21.559
Xm,5,107,0.6963,2.0408,0.8683,21.559
Xm,6,107,0.8790,2.1048,0.7976,21.470
Xm,7,107,1.0979,2.1108,0.8365,21.371
Xm,8,107,1.6299,1.9866,0.9022,21.325
Xm,0,108,2.8740,1.8304,1.2852,21.565
Xm,1,108,1.5668,1.8480,0.9139,21.386
Xm,2,108,0.9740,1.9701,1.0216,21.499
Xm,3,108,0.6890,1.9590,0.8543,21.587
Xm,4,108,0.7090,1.9840,0.8238,21.559
Xm,5,108,0.6899,2.0370,0.8567,21.559
Xm,6,108,0.8727,2.1041,0.7852,21.470
Xm,7,108,1.0903,2.1128,0.8247,21.371
Xm,8,108,1.6200,1.9898,0.8913,21.325
Xm,0,109,2.8734,1.8294,1.2753,21.565
Xm,1,109,1.5570,1.8494,0.9024,21.386
Xm,2,109,0.9623,1.9699,1.0078,23.832
Xm,3,109,0.6813,1.9543,0.8432,21.587
Xm,4,109,0.7026,1.9803,0.8122,21.559
Xm,5,109,0.6834,2.0333,0.8450,21.559
Xm,6,109,0.8664,2.1035,0.7727,21.470
Xm,7,109,1.0827,2.1148,0.8130,21.371
Xm,8,109,1.6114,1.9932,0.8815,21.356
Xm,0,110,2.8728,1.8284,1.2653,21.565
Xm,1,110,1.5463,1.8519,0.8902,21.325
Xm,2,110,0.9517,1.9693,0.9943,23.832
Xm,3,110,0.6736,1.9496,0.8322,21.587
Xm,4,110,0.6962,1.9766,0.8005,21.559
Xm,5,110,0.6770,2.0296,0.8334,21.559
Xm,6,110,0.8617,2.1024,0.7605,21.488
Xm,7,110,1.0751,2.1168,0.8012,21.371
Xm,8,110,1.6017,1.9957,0.8702,21.346
Xm,0,111,2.8722,1.8273,1.2553,21.565
Xm,1,111,1.5369,1.8543,0.8794,21.358
Xm,2,111,0.9411,1.9686,0.9809,23.832
Xm,3,111,0.6659,1.9449,0.8211,21.587
Xm,4,111,0.6897,1.9728,0.7889,21.559
Xm,5,111,0.6706,2.0258,0.8217,21.559
Xm,6,111,0.8570,2.1012,0.7482,21.488
Xm,7,111,1.0675,2.1188,0.7895,21.371
Xm,8,111,1.5920,1.9981,0.8589,21.346
Xm,0,112,2.8715,1.8263,1.2454,21.561
Xm,1,112,1.5275,1.8568,0.8685,21.358
Xm,2,112,0.9305,1.9679,0.9674,23.832
Xm,3,112,0.6582,1.9403,0.8100,21.587
Xm,4,112,0.6833,1.9691,0.7772,21.587
Xm,5,112,0.6642,2.0221,0.8101,21.559
Xm,6,112,0.8524,2.1000,0.7360,21.488
Xm,7,112,1.0600,2.1208,0.7777,21.371
Xm,8,112,1.5823,2.0006,0.8475,21.346
Xm,0,113,2.8711,1.8251,1.2367,21.561
Xm,1,113,1.5181,1.8592,0.8577,21.358
Xm,2,113,0.9199,1.9672,0.9540,23.832
Xm,3,113,0.6505,1.9356,0.7990,21.587
Xm,4,113,0.6756,1.9644,0.7662,21.565
Xm,5,113,0.6578,2.0184,0.7985,21.559
Xm,6,113,0.8477,2.0989,0.7237,21.488
Xm,7,113,1.0524,2.1228,0.7659,21.384
Xm,8,113,1.5727,2.0031,0.8362,21.346
Xm,0,114,2.8706,1.8239,1.2281,21.561
Xm,1,114,1.5087,1.8617,0.8468,21.358
Xm,2,114,0.9238,1.9717,0.9529,21.477
Xm,3,114,0.6539,1.9325,0.7984,21.587
Xm,4,114,0.6690,1.9592,0.7550,21.565
Xm,5,114,0.6514,2.0146,0.7868,21.559
Xm,6,114,0.8430,2.0977,0.7115,21.488
Xm,7,114,1.0464,2.1243,0.7546,21.384
Xm,8,114,1.5630,2.0056,0.8249,21.346
Xm,0,115,2.8702,1.8226,1.2195,21.561
Xm,1,115,1.4993,1.8642,0.8360,21.358
Xm,2,115,0.9132,1.9710,0.9394,21.477
Xm,3,115,0.6462,1.9278,0.7873,23.575
Xm,4,115,0.6624,1.9540,0.7439,21.565
Xm,5,115,0.6458,2.0073,0.7772,21.671
Xm,6,115,0.8384,2.0966,0.6992,21.488
Xm,7,115,1.0403,2.1257,0.7434,21.384
Xm,8,115,1.5533,2.0081,0.8135,21.346
Xm,0,116,2.8697,1.8214,1.2108,21.561
Xm,1,116,1.4899,1.8666,0.8251,21.358
Xm,2,116,0.9026,1.9703,0.9260,21.477
Xm,3,116,0.6496,1.9248,0.7867,21.587
Xm,4,116,0.6558,1.9488,0.7327,21.565
Xm,5,116,0.6402,2.0000,0.7676,21.691
Xm,6,116,0.8337,2.0954,0.6870,21.488
Xm,7,116,1.0343,2.1272,0.7321,21.384
Xm,8,116,1.5436,2.0106,0.8022,21.346
Xm,0,117,2.8693,1.8202,1.2022,21.561
Xm,1,117,1.4800,1.8680,0.8131,21.379
Xm,2,117,0.9066,1.9748,0.9249,21.477
Xm,3,117,0.6531,1.9217,0.7861,21.587
Xm,4,117,0.6492,1.9436,0.7215,21.565
Xm,5,117,0.6358,1.9922,0.7578,21.691
Xm,6,117,0.8290,2.0942,0.6747,21.488
Xm,7,117,1.0283,2.1287,0.7208,21.384
Xm,8,117,1.5340,2.0131,0.7909,21.346
Xm,0,118,2.8688,1.8190,1.1936,21.561
Xm,1,118,1.4701,1.8694,0.8012,21.379
Xm,2,118,0.8960,1.9741,0.9115,21.477
Xm,3,118,0.6454,1.9170,0.7750,23.575
Xm,4,118,0.6527,1.9405,0.7209,21.565
Xm,5,118,0.6314,1.9844,0.7479,21.691
Xm,6,118,0.8244,2.0931,0.6625,21.488
Xm,7,118,1.0223,2.1302,0.7095,21.384
Xm,8,118,1.5243,2.0155,0.7795,21.346
Xm,0,119,2.8684,1.8178,1.1849,21.561
Xm,1,119,1.4602,1.8707,0.7892,21.379
Xm,2,119,0.8854,1.9734,0.8980,21.498
Xm,3,119,0.6488,1.9139,0.7744,23.575
Xm,4,119,0.6461,1.9353,0.7098,23.575
Xm,5,119,0.6270,1.9766,0.7381,21.691
Xm,6,119,0.8197,2.0919,0.6502,21.488
Xm,7,119,1.0163,2.1317,0.6982,21.384
Xm,8,119,1.5146,2.0180,0.7682,21.381
Xm,0,120,2.8679,1.8165,1.1763,21.561
Xm,1,120,1.4503,1.8721,0.7772,21.379
Xm,2,120,0.8754,1.9721,0.8850,21.481
Xm,3,120,0.6411,1.9092,0.7633,23.575
Xm,4,120,0.6495,1.9322,0.7092,21.565
Xm,5,120,0.6226,1.9689,0.7283,23.575
Xm,6,120,0.8180,2.0899,0.6387,21.484
Xm,7,120,1.0103,2.1331,0.6869,21.384
Xm,8,120,1.5062,2.0202,0.7580,21.381
Xm,0,121,2.8674,1.8153,1.1677,21.561
Xm,1,121,1.4403,1.8735,0.7652,21.407
Xm,2,121,0.8667,1.9702,0.8722,21.481
Xm,3,121,0.6446,1.9062,0.7627,23.575
Xm,4,121,0.6530,1.9291,0.7085,21.565
Xm,5,121,0.6260,1.9658,0.7277,23.575
Xm,6,121,0.8135,2.0866,0.6268,21.484
Xm,7,121,1.0030,2.1331,0.6742,21.403
Xm,8,121,1.4978,2.0224,0.7478,21.381
Xm,0,122,2.8670,1.8141,1.1591,21.561
Xm,1,122,1.4317,1.8745,0.7544,21.407
Xm,2,122,0.8583,1.9666,0.8607,21.572
Xm,3,122,0.6480,1.9031,0.7621,23.575
Xm,4,122,0.6464,1.9239,0.6974,23.575
Xm,5,122,0.6295,1.9627,0.7270,23.575
Xm,6,122,0.8090,2.0832,0.6149,21.484
Xm,7,122,0.9957,2.1330,0.6616,21.403
Xm,8,122,1.4894,2.0247,0.7376,21.381
Xm,0,123,2.8665,1.8129,1.1504,21.561
Xm,1,123,1.4230,1.8755,0.7436,21.407
Xm,2,123,0.8500,1.9629,0.8493,21.572
Xm,3,123,0.6414,1.8979,0.7509,23.575
Xm,4,123,0.6498,1.9208,0.6968,21.565
Xm,5,123,0.6329,1.9596,0.7264,23.575
Xm,6,123,0.8045,2.0798,0.6030,21.484
Xm,7,123,0.9885,2.1329,0.6489,21.436
Xm,8,123,1.4810,2.0268,0.7269,21.367
Xm,0,124,2.8661,1.8117,1.1418,21.561
Xm,1,124,1.4143,1.8765,0.7327,21.407
Xm,2,124,0.8416,1.9593,0.8379,21.572
Xm,3,124,0.6449,1.8948,0.7503,23.575
Xm,4,124,0.6533,1.9178,0.6962,21.565
Xm,5,124,0.6364,1.9565,0.7258,23.575
Xm,6,124,0.8000,2.0765,0.5911,21.484
Xm,7,124,0.9844,2.1317,0.6372,21.436
Xm,8,124,1.4725,2.0289,0.7163,21.367
Xm,0,125,2.8656,1.8104,1.1332,21.561
Xm,1,125,1.4056,1.8775,0.7219,21.407
Xm,2,125,0.8333,1.9556,0.8265,21.572
Xm,3,125,0.6483,1.8917,0.7497,23.575
Xm,4,125,0.6467,1.9125,0.6850,23.575
Xm,5,125,0.6398,1.9535,0.7252,23.575
Xm,6,125,0.7954,2.0731,0.5793,21.484
Xm,7,125,0.9803,2.1306,0.6254,21.436
Xm,8,125,1.4641,2.0310,0.7056,21.367
Xm,0,126,2.8656,1.8093,1.1256,21.564
Xm,1,126,1.3969,1.8785,0.7110,21.407
Xm,2,126,0.8249,1.9520,0.8151,21.572
Xm,3,126,0.6417,1.8865,0.7385,23.575
Xm,4,126,0.6501,1.9095,0.6844,21.565
Xm,5,126,0.6433,1.9504,0.7246,23.575
Xm,6,126,0.7909,2.0698,0.5674,21.484
Xm,7,126,0.9762,2.1295,0.6137,21.436
Xm,8,126,1.4557,2.0331,0.6950,21.367
Xm,0,127,2.8656,1.8082,1.1180,21.564
Xm,1,127,1.3882,1.8794,0.7002,21.407
Xm,2,127,0.8166,1.9484,0.8036,21.572
Xm,3,127,0.6452,1.8834,0.7379,23.575
Xm,4,127,0.6536,1.9064,0.6838,21.565
Xm,5,127,0.6467,1.9473,0.7240,23.575
Xm,6,127,0.7864,2.0664,0.5555,21.484
Xm,7,127,0.9721,2.1283,0.6020,21.436
Xm,8,127,1.4473,2.0353,0.6843,21.367
Xm,0,128,2.8656,1.8070,1.1105,21.564
Xm,1,128,1.3795,1.8804,0.6894,21.407
Xm,2,128,0.8082,1.9447,0.7922,21.572
Xm,3,128,0.6486,1.8803,0.7373,23.575
Xm,4,128,0.6470,1.9012,0.6726,23.575
Xm,5,128,0.6502,1.9442,0.7233,21.565
Xm,6,128,0.7819,2.0630,0.5436,21.484
Xm,7,128,0.9680,2.1272,0.5903,21.436
Xm,8,128,1.4389,2.0374,0.6737,21.367
Xm,0,129,2.8656,1.8059,1.1029,21.564
Xm,1,129,1.3708,1.8814,0.6785,21.407
Xm,2,129,0.7999,1.9411,0.7808,21.572
Xm,3,129,0.6420,1.8751,0.7262,23.575
Xm,4,129,0.6504,1.8981,0.6720,21.565
Xm,5,129,0.6536,1.9411,0.7227,21.565
Xm,6,129,0.7774,2.0597,0.5317,21.484
Xm,7,129,0.9639,2.1260,0.5785,21.436
Xm,8,129,1.4304,2.0395,0.6631,21.367
Xm,0,130,2.8656,1.8047,1.0953,21.564
Xm,1,130,1.3620,1.8823,0.6670,21.390
Xm,2,130,0.7915,1.9374,0.7694,21.545
Xm,3,130,0.6454,1.8721,0.7255,23.575
Xm,4,130,0.6539,1.8950,0.6714,21.565
Xm,5,130,0.6470,1.9359,0.7116,23.575
Xm,6,130,0.7743,2.0560,0.5204,21.506
Xm,7,130,0.9598,2.1249,0.5668,21.436
Xm,8,130,1.4220,2.0416,0.6524,21.367
Xm,0,131,2.8656,1.8036,1.0877,21.564
Xm,1,131,1.3531,1.8832,0.6554,21.390
Xm,2,131,0.7842,1.9332,0.7580,21.545
Xm,3,131,0.6489,1.8690,0.7249,23.575
Xm,4,131,0.6473,1.8898,0.6602,23.575
Xm,5,131,0.6505,1.9329,0.7110,21.565
Xm,6,131,0.7711,2.0523,0.5091,21.506
Xm,7,131,0.9557,2.1238,0.5551,21.436
Xm,8,131,1.4167,2.0426,0.6436,21.435
Xm,0,132,2.8656,1.8024,1.0802,21.564
Xm,1,132,1.3473,1.8829,0.6458,21.440
Xm,2,132,0.7769,1.9290,0.7467,21.545
Xm,3,132,0.6423,1.8638,0.7138,23.575
Xm,4,132,0.6507,1.8867,0.6596,21.565
Xm,5,132,0.6539,1.9298,0.7103,21.565
Xm,6,132,0.7680,2.0485,0.4978,21.720
Xm,7,132,0.9515,2.1226,0.5434,21.436
Xm,8,132,1.4113,2.0435,0.6348,21.435
Xm,0,133,2.8655,1.8013,1.0726,21.564
Xm,1,133,1.3414,1.8825,0.6362,21.440
Xm,2,133,0.7696,1.9248,0.7354,21.545
Xm,3,133,0.6457,1.8607,0.7132,23.575
Xm,4,133,0.6542,1.8836,0.6590,21.565
Xm,5,133,0.6473,1.9246,0.6992,23.575
Xm,6,133,0.7663,2.0435,0.4873,21.720
Xm,7,133,0.9474,2.1215,0.5316,21.436
Xm,8,133,1.4059,2.0445,0.6260,21.435
Xm,0,134,2.8655,1.8001,1.0650,21.564
Xm,1,134,1.3356,1.8822,0.6266,21.440
Xm,2,134,0.7630,1.9196,0.7242,21.565
Xm,3,134,0.6492,1.8576,0.7125,23.575
Xm,4,134,0.6476,1.8784,0.6479,23.575
Xm,5,134,0.6507,1.9215,0.6986,21.565
Xm,6,134,0.7647,2.0385,0.4768,21.720
Xm,7,134,0.9449,2.1199,0.5206,21.465
Xm,8,134,1.4006,2.0454,0.6172,21.435
Xm,0,135,2.8655,1.7990,1.0575,21.564
Xm,1,135,1.3297,1.8818,0.6170,21.440
Xm,2,135,0.7564,1.9144,0.7130,21.565
Xm,3,135,0.6426,1.8524,0.7014,23.575
Xm,4,135,0.6433,1.8724,0.6368,23.575
Xm,5,135,0.6542,1.9184,0.6980,21.565
Xm,6,135,0.7631,2.0335,0.4663,21.720
Xm,7,135,0.9424,2.1184,0.5095,21.465
Xm,8,135,1.3952,2.0464,0.6084,21.435
Xm,0,136,2.8655,1.7978,1.0499,21.564
Xm,1,136,1.3239,1.8815,0.6074,21.440
Xm,2,136,0.7498,1.9092,0.7019,21.565
Xm,3,136,0.6460,1.8493,0.7008,21.654
Xm,4,136,0.6467,1.8693,0.6362,23.575
Xm,5,136,0.6476,1.9132,0.6868,23.575
Xm,6,136,0.7615,2.0285,0.4558,21.720
Xm,7,136,0.9399,2.1168,0.4984,21.465
Xm,8,136,1.3899,2.0473,0.5996,21.435
Xm,0,137,2.8655,1.7967,1.0423,21.564
Xm,1,137,1.3180,1.8812,0.5978,21.440
Xm,2,137,0.7432,1.9040,0.6907,21.565
Xm,3,137,0.6407,1.8412,0.6917,21.654
Xm,4,137,0.6502,1.8662,0.6356,21.560
Xm,5,137,0.6410,1.9080,0.6757,23.575
Xm,6,137,0.7598,2.0235,0.4453,21.720
Xm,7,137,0.9373,2.1153,0.4874,21.465
Xm,8,137,1.3845,2.0483,0.5908,21.435
Xm,0,138,2.8655,1.7956,1.0348,21.564
Xm,1,138,1.3122,1.8808,0.5882,21.440
Xm,2,138,0.7366,1.8988,0.6796,21.565
Xm,3,138,0.6353,1.8331,0.6825,21.654
Xm,4,138,0.6536,1.8631,0.6350,21.560
Xm,5,138,0.6444,1.9049,0.6750,23.575
Xm,6,138,0.7582,2.0185,0.4348,21.720
Xm,7,138,0.9348,2.1137,0.4763,21.465
Xm,8,138,1.3791,2.0493,0.5820,21.435
Xm,0,139,2.8655,1.7944,1.0272,21.564
Xm,1,139,1.3063,1.8805,0.5786,21.440
Xm,2,139,0.7300,1.8935,0.6684,21.565
Xm,3,139,0.6300,1.8250,0.6734,21.654
Xm,4,139,0.6494,1.8571,0.6239,21.560
Xm,5,139,0.6479,1.9018,0.6744,23.575
Xm,6,139,0.7566,2.0135,0.4243,21.720
Xm,7,139,0.9323,2.1122,0.4652,21.465
Xm,8,139,1.3738,2.0502,0.5732,21.435
Xm,0,140,2.8655,1.7933,1.0196,21.564
Xm,1,140,1.3005,1.8802,0.5690,21.440
Xm,2,140,0.7234,1.8883,0.6573,21.565
Xm,3,140,0.6247,1.8169,0.6643,21.654
Xm,4,140,0.6528,1.8540,0.6233,21.560
Xm,5,140,0.6413,1.8966,0.6633,23.575
Xm,6,140,0.7550,2.0085,0.4138,21.720
Xm,7,140,0.9297,2.1106,0.4542,21.465
Xm,8,140,1.3684,2.0512,0.5644,21.415
Xm,0,141,2.8655,1.7921,1.0120,21.564
Xm,1,141,1.2946,1.8798,0.5593,21.440
Xm,2,141,0.7168,1.8831,0.6461,21.560
Xm,3,141,0.6193,1.8088,0.6552,21.654
Xm,4,141,0.6485,1.8479,0.6123,21.660
Xm,5,141,0.6447,1.8935,0.6627,23.575
Xm,6,141,0.7538,2.0037,0.4044,21.793
Xm,7,141,0.9272,2.1090,0.4431,21.465
Xm,8,141,1.3633,2.0520,0.5550,21.415
Xm,0,142,2.8663,1.7911,1.0058,21.571
Xm,1,142,1.2888,1.8795,0.5497,21.440
Xm,2,142,0.7125,1.8771,0.6351,21.560
Xm,3,142,0.6140,1.8007,0.6461,21.660
Xm,4,142,0.6449,1.8391,0.6027,21.660
Xm,5,142,0.6482,1.8905,0.6620,23.575
Xm,6,142,0.7526,1.9989,0.3950,21.793
Xm,7,142,0.9247,2.1075,0.4321,21.465
Xm,8,142,1.3582,2.0528,0.5457,21.415
Xm,0,143,2.8671,1.7901,0.9995,21.571
Xm,1,143,1.2830,1.8792,0.5401,21.440
Xm,2,143,0.7083,1.8710,0.6240,21.560
Xm,3,143,0.6103,1.7918,0.6365,21.660
Xm,4,143,0.6413,1.8302,0.5932,21.660
Xm,5,143,0.6416,1.8852,0.6509,23.575
Xm,6,143,0.7514,1.9940,0.3856,21.793
Xm,7,143,0.9221,2.1059,0.4210,21.465
Xm,8,143,1.3532,2.0536,0.5363,21.415
Xm,0,144,2.8679,1.7890,0.9932,21.571
Xm,1,144,1.2771,1.8788,0.5305,21.440
Xm,2,144,0.7040,1.8649,0.6130,21.560
Xm,3,144,0.6067,1.7830,0.6270,21.660
Xm,4,144,0.6377,1.8213,0.5836,21.660
Xm,5,144,0.6450,1.8822,0.6503,23.575
Xm,6,144,0.7502,1.9892,0.3762,21.793
Xm,7,144,0.9196,2.1044,0.4099,21.505
Xm,8,144,1.3481,2.0544,0.5270,21.444
Xm,0,145,2.8686,1.7880,0.9869,21.571
Xm,1,145,1.2732,1.8777,0.5219,21.463
Xm,2,145,0.6997,1.8589,0.6019,21.560
Xm,3,145,0.6031,1.7741,0.6174,21.660
Xm,4,145,0.6340,1.8125,0.5741,21.660
Xm,5,145,0.6485,1.8791,0.6497,23.575
Xm,6,145,0.7489,1.9843,0.3668,21.793
Xm,7,145,0.9186,2.1026,0.3998,21.505
Xm,8,145,1.3449,2.0544,0.5185,21.444
Xm,0,146,2.8694,1.7870,0.9806,21.571
Xm,1,146,1.2692,1.8766,0.5133,21.463
Xm,2,146,0.6954,1.8528,0.5909,21.560
Xm,3,146,0.5995,1.7652,0.6079,21.660
Xm,4,146,0.6304,1.8036,0.5645,21.660
Xm,5,146,0.6442,1.8730,0.6386,23.575
Xm,6,146,0.7477,1.9795,0.3574,21.793
Xm,7,146,0.9175,2.1008,0.3898,21.505
Xm,8,146,1.3417,2.0544,0.5100,21.444
Xm,0,147,2.8702,1.7859,0.9744,21.571
Xm,1,147,1.2652,1.8755,0.5047,21.463
Xm,2,147,0.6912,1.8451,0.5812,21.597
Xm,3,147,0.5958,1.7564,0.5983,21.660
Xm,4,147,0.6268,1.7947,0.5550,21.660
Xm,5,147,0.6477,1.8699,0.6380,23.575
Xm,6,147,0.7465,1.9747,0.3480,21.793
Xm,7,147,0.9164,2.0990,0.3797,21.505
Xm,8,147,1.3386,2.0545,0.5015,21.444
Xm,0,148,2.8710,1.7849,0.9681,21.571
Xm,1,148,1.2613,1.8744,0.4961,21.463
Xm,2,148,0.6870,1.8374,0.5716,21.597
Xm,3,148,0.5922,1.7475,0.5888,21.660
Xm,4,148,0.6232,1.7858,0.5454,21.660
Xm,5,148,0.6434,1.8639,0.6269,23.575
Xm,6,148,0.7453,1.9698,0.3385,21.614
Xm,7,148,0.9154,2.0972,0.3696,21.505
Xm,8,148,1.3354,2.0545,0.4930,21.444
Xm,0,149,2.8718,1.7839,0.9618,21.571
Xm,1,149,1.2573,1.8732,0.4875,21.463
Xm,2,149,0.6827,1.8297,0.5619,21.597
Xm,3,149,0.5886,1.7386,0.5792,21.660
Xm,4,149,0.6195,1.7770,0.5359,21.660
Xm,5,149,0.6468,1.8608,0.6263,23.575
Xm,6,149,0.7429,1.9634,0.3287,21.614
Xm,7,149,0.9143,2.0954,0.3595,21.505
Xm,8,149,1.3323,2.0545,0.4845,21.444
Xm,0,150,2.8726,1.7829,0.9555,21.571
Xm,1,150,1.2534,1.8721,0.4789,21.463
Xm,2,150,0.6785,1.8220,0.5523,21.597
Xm,3,150,0.5850,1.7298,0.5697,21.689
Xm,4,150,0.6159,1.7681,0.5263,21.689
Xm,5,150,0.6503,1.8577,0.6257,21.560
Xm,6,150,0.7405,1.9570,0.3189,21.614
Xm,7,150,0.9133,2.0936,0.3494,21.505
Xm,8,150,1.3291,2.0545,0.4759,21.444
Xm,0,151,2.8734,1.7818,0.9492,21.571
Xm,1,151,1.2494,1.8710,0.4703,21.463
Xm,2,151,0.6743,1.8143,0.5426,21.597
Xm,3,151,0.5816,1.7195,0.5616,21.689
Xm,4,151,0.6129,1.7591,0.5170,21.689
Xm,5,151,0.6537,1.8546,0.6251,21.560
Xm,6,151,0.7381,1.9507,0.3091,21.614
Xm,7,151,0.9122,2.0917,0.3394,21.505
Xm,8,151,1.3259,2.0546,0.4674,21.444
Xm,0,152,2.8742,1.7808,0.9430,21.571
Xm,1,152,1.2453,1.8684,0.4615,21.477
Xm,2,152,0.6700,1.8066,0.5330,21.597
Xm,3,152,0.5783,1.7093,0.5535,21.689
Xm,4,152,0.6100,1.7501,0.5077,21.689
Xm,5,152,0.6494,1.8486,0.6141,21.597
Xm,6,152,0.7357,1.9443,0.2992,21.614
Xm,7,152,0.9112,2.0899,0.3293,21.493
Xm,8,152,1.3228,2.0546,0.4589,21.444
Xm,0,153,2.8750,1.7798,0.9367,21.571
Xm,1,153,1.2412,1.8658,0.4527,21.477
Xm,2,153,0.6667,1.7986,0.5235,21.603
Xm,3,153,0.5750,1.6991,0.5454,21.689
Xm,4,153,0.6070,1.7411,0.4983,21.689
Xm,5,153,0.6458,1.8397,0.6045,21.660
Xm,6,153,0.7333,1.9379,0.2894,21.659
Xm,7,153,0.9090,2.0863,0.3194,21.493
Xm,8,153,1.3196,2.0546,0.4504,21.444
Xm,0,154,2.8758,1.7787,0.9304,21.571
Xm,1,154,1.2371,1.8632,0.4439,21.477
Xm,2,154,0.6633,1.7906,0.5141,21.603
Xm,3,154,0.5717,1.6889,0.5373,21.689
Xm,4,154,0.6041,1.7320,0.4890,21.689
Xm,5,154,0.6422,1.8308,0.5950,21.660
Xm,6,154,0.7313,1.9316,0.2810,21.659
Xm,7,154,0.9067,2.0826,0.3095,21.493
Xm,8,154,1.3165,2.0547,0.4419,21.444
Xm,0,155,2.8766,1.7777,0.9241,21.571
Xm,1,155,1.2329,1.8606,0.4351,21.477
Xm,2,155,0.6599,1.7825,0.5047,21.603
Xm,3,155,0.5683,1.6787,0.5292,21.707
Xm,4,155,0.6012,1.7216,0.4810,21.707
Xm,5,155,0.6386,1.8220,0.5854,21.660
Xm,6,155,0.7294,1.9254,0.2727,21.659
Xm,7,155,0.9045,2.0789,0.2996,21.493
Xm,8,155,1.3133,2.0547,0.4334,21.444
Xm,0,156,2.8774,1.7767,0.9178,21.571
Xm,1,156,1.2288,1.8580,0.4263,21.477
Xm,2,156,0.6566,1.7745,0.4952,21.603
Xm,3,156,0.5655,1.6682,0.5211,21.707
Xm,4,156,0.5984,1.7111,0.4729,21.707
Xm,5,156,0.6349,1.8131,0.5759,21.660
Xm,6,156,0.7275,1.9192,0.2643,21.659
Xm,7,156,0.9023,2.0753,0.2898,21.530
Xm,8,156,1.3101,2.0547,0.4249,21.444
Xm,0,157,2.8782,1.7756,0.9116,21.571
Xm,1,157,1.2247,1.8554,0.4175,21.477
Xm,2,157,0.6532,1.7665,0.4858,21.603
Xm,3,157,0.5627,1.6578,0.5130,21.707
Xm,4,157,0.5956,1.7007,0.4649,21.707
Xm,5,157,0.6313,1.8042,0.5663,21.660
Xm,6,157,0.7255,1.9129,0.2559,21.659
Xm,7,157,0.9015,2.0714,0.2815,21.530
Xm,8,157,1.3070,2.0548,0.4164,21.444
Xm,0,158,2.8790,1.7746,0.9053,21.571
Xm,1,158,1.2206,1.8528,0.4087,21.487
Xm,2,158,0.6499,1.7584,0.4764,21.603
Xm,3,158,0.5598,1.6473,0.5050,21.707
Xm,4,158,0.5927,1.6902,0.4568,21.707
Xm,5,158,0.6277,1.7954,0.5568,21.660
Xm,6,158,0.7236,1.9067,0.2475,21.659
Xm,7,158,0.9006,2.0675,0.2732,21.530
Xm,8,158,1.3038,2.0548,0.4079,21.475
Xm,0,159,2.8798,1.7736,0.8990,21.571
Xm,1,159,1.2185,1.8493,0.4010,21.523
Xm,2,159,0.6469,1.7494,0.4671,21.689
Xm,3,159,0.5570,1.6369,0.4969,21.707
Xm,4,159,0.5899,1.6798,0.4488,21.707
Xm,5,159,0.6241,1.7865,0.5472,21.660
Xm,6,159,0.7216,1.9005,0.2392,21.659
Xm,7,159,0.8998,2.0637,0.2649,21.530
Xm,8,159,1.3029,2.0540,0.4003,21.475
Xm,0,160,2.8806,1.7726,0.8927,21.571
Xm,1,160,1.2167,1.8445,0.3945,21.523
Xm,2,160,0.6440,1.7404,0.4577,21.689
Xm,3,160,0.5542,1.6264,0.4889,21.707
Xm,4,160,0.5871,1.6693,0.4407,21.707
Xm,5,160,0.6204,1.7776,0.5377,21.660
Xm,6,160,0.7197,1.8942,0.2308,21.659
Xm,7,160,0.8990,2.0598,0.2566,21.530
Xm,8,160,1.3019,2.0533,0.3928,21.475
Xm,0,161,2.8826,1.7716,0.8879,21.587
Xm,1,161,1.2148,1.8397,0.3879,21.523
Xm,2,161,0.6410,1.7314,0.4484,21.689
Xm,3,161,0.5513,1.6160,0.4808,21.707
Xm,4,161,0.5842,1.6589,0.4326,21.707
Xm,5,161,0.6168,1.7688,0.5281,21.689
Xm,6,161,0.7178,1.8880,0.2224,21.659
Xm,7,161,0.8981,2.0559,0.2483,21.530
Xm,8,161,1.3009,2.0526,0.3853,21.475
Xm,0,162,2.8846,1.7707,0.8831,21.587
Xm,1,162,1.2130,1.8349,0.3814,21.523
Xm,2,162,0.6382,1.7209,0.4404,21.707
Xm,3,162,0.5485,1.6055,0.4728,21.732
Xm,4,162,0.5814,1.6484,0.4246,21.707
Xm,5,162,0.6139,1.7597,0.5188,21.689
Xm,6,162,0.7158,1.8818,0.2140,21.659
Xm,7,162,0.8973,2.0521,0.2400,21.530
Xm,8,162,1.3000,2.0518,0.3778,21.475
Xm,0,163,2.8866,1.7698,0.8782,21.587
Xm,1,163,1.2111,1.8301,0.3748,21.523
Xm,2,163,0.6353,1.7105,0.4323,21.707
Xm,3,163,0.5461,1.5941,0.4661,21.732
Xm,4,163,0.5786,1.6380,0.4165,21.707
Xm,5,163,0.6109,1.7507,0.5095,21.689
Xm,6,163,0.7139,1.8755,0.2057,21.659
Xm,7,163,0.8964,2.0482,0.2317,21.530
Xm,8,163,1.2990,2.0511,0.3703,21.475
Xm,0,164,2.8887,1.7689,0.8734,21.587
Xm,1,164,1.2093,1.8253,0.3683,21.523
Xm,2,164,0.6325,1.7000,0.4243,21.707
Xm,3,164,0.5436,1.5827,0.4594,21.732
Xm,4,164,0.5757,1.6275,0.4085,21.737
Xm,5,164,0.6079,1.7417,0.5001,21.689
Xm,6,164,0.7119,1.8693,0.1973,21.659
Xm,7,164,0.8956,2.0443,0.2234,21.530
Xm,8,164,1.2981,2.0503,0.3627,21.475
Xm,0,165,2.8907,1.7680,0.8686,21.587
Xm,1,165,1.2075,1.8205,0.3617,21.523
Xm,2,165,0.6297,1.6896,0.4162,21.707
Xm,3,165,0.5412,1.5712,0.4527,21.732
Xm,4,165,0.5731,1.6171,0.4009,21.737
Xm,5,165,0.6050,1.7327,0.4908,21.689
Xm,6,165,0.7100,1.8631,0.1889,21.659
Xm,7,165,0.8948,2.0405,0.2152,21.530
Xm,8,165,1.2971,2.0496,0.3552,21.475
Xm,0,166,2.8927,1.7671,0.8637,21.587
Xm,1,166,1.2056,1.8157,0.3552,21.523
Xm,2,166,0.6268,1.6791,0.4081,21.737
Xm,3,166,0.5388,1.5598,0.4460,21.732
Xm,4,166,0.5706,1.6066,0.3933,21.754
Xm,5,166,0.6022,1.7222,0.4828,21.707
Xm,6,166,0.7081,1.8568,0.1805,21.659
Xm,7,166,0.8939,2.0366,0.2069,21.530
Xm,8,166,1.2961,2.0489,0.3477,21.475
Xm,0,167,2.8947,1.7661,0.8589,21.587
Xm,1,167,1.2038,1.8109,0.3486,21.523
Xm,2,167,0.6242,1.6687,0.4006,21.737
Xm,3,167,0.5363,1.5483,0.4393,21.732
Xm,4,167,0.5682,1.5951,0.3869,21.754
Xm,5,167,0.5993,1.7118,0.4747,21.707
Xm,6,167,0.7061,1.8506,0.1722,21.659
Xm,7,167,0.8931,2.0327,0.1986,21.530
Xm,8,167,1.2952,2.0481,0.3402,21.475
Xm,0,168,2.8967,1.7652,0.8541,21.587
Xm,1,168,1.2019,1.8061,0.3421,21.523
Xm,2,168,0.6216,1.6582,0.3930,21.737
Xm,3,168,0.5339,1.5369,0.4327,21.732
Xm,4,168,0.5659,1.5835,0.3806,21.754
Xm,5,168,0.5965,1.7013,0.4667,21.707
Xm,6,168,0.7039,1.8424,0.1667,21.718
Xm,7,168,0.8922,2.0288,0.1903,21.530
Xm,8,168,1.2942,2.0474,0.3327,21.475
Xm,0,169,2.8988,1.7643,0.8493,21.587
Xm,1,169,1.2001,1.8013,0.3355,21.523
Xm,2,169,0.6191,1.6477,0.3854,21.737
Xm,3,169,0.5315,1.5255,0.4260,21.732
Xm,4,169,0.5636,1.5720,0.3742,21.754
Xm,5,169,0.5937,1.6909,0.4586,21.707
Xm,6,169,0.7017,1.8343,0.1613,21.718
Xm,7,169,0.8914,2.0250,0.1820,21.530
Xm,8,169,1.2933,2.0466,0.3251,21.475
Yp,0,0,1.7000,2.4570,2.6000,23.637
Yp,1,0,1.7750,2.4570,2.6000,23.637
Yp,2,0,1.8500,2.4570,2.6000,23.556
Yp,3,0,1.9250,2.4570,2.6000,23.556
Yp,4,0,2.0000,2.4570,2.6000,23.465
Yp,5,0,2.0750,2.4570,2.6000,23.465
Yp,6,0,2.1500,2.4570,2.6000,23.415
Yp,7,0,2.2250,2.4570,2.6000,23.424
Yp,8,0,2.3000,2.4570,2.6000,23.424
Yp,0,1,1.7033,2.4476,2.5997,23.623
Yp,1,1,1.7780,2.4463,2.5999,23.621
Yp,2,1,1.8557,2.4436,2.6003,23.597
Yp,3,1,1.9307,2.4436,2.6003,23.597
Yp,4,1,2.0064,2.4438,2.6006,23.505
Yp,5,1,2.0814,2.4438,2.6006,23.505
Yp,6,1,2.1562,2.4457,2.6006,23.431
Yp,7,1,2.2324,2.4477,2.6007,23.401
Yp,8,1,2.3074,2.4477,2.6007,23.401
Yp,0,2,1.7024,2.4413,2.6001,23.623
Yp,1,2,1.7814,2.4348,2.5999,23.621
Yp,2,2,1.8598,2.4320,2.6004,23.597
Yp,3,2,1.9348,2.4320,2.6004,23.597
Yp,4,2,2.0116,2.4294,2.6010,23.505
Yp,5,2,2.0866,2.4294,2.6010,23.505
Yp,6,2,2.1609,2.4335,2.6013,23.431
Yp,7,2,2.2370,2.4382,2.6014,23.401
Yp,8,2,2.3120,2.4382,2.6014,23.401
Yp,0,3,1.7015,2.4350,2.6005,23.623
Yp,1,3,1.7849,2.4232,2.6000,23.621
Yp,2,3,1.8639,2.4203,2.6005,23.597
Yp,3,3,1.9389,2.4203,2.6005,23.597
Yp,4,3,2.0168,2.4150,2.6015,23.505
Yp,5,3,2.0918,2.4150,2.6015,23.431
Yp,6,3,2.1656,2.4214,2.6019,23.431
Yp,7,3,2.2416,2.4286,2.6022,23.401
Yp,8,3,2.3166,2.4286,2.6022,23.401
Yp,0,4,1.7006,2.4287,2.6009,23.623
Yp,1,4,1.7883,2.4117,2.6001,23.621
Yp,2,4,1.8681,2.4087,2.6006,23.597
Yp,3,4,1.9431,2.4087,2.6006,23.597
Yp,4,4,2.0220,2.4006,2.6020,23.505
Yp,5,4,2.0965,2.4028,2.6021,23.431
Yp,6,4,2.1703,2.4092,2.6025,23.431
Yp,7,4,2.2462,2.4191,2.6030,23.401
Yp,8,4,2.3212,2.4191,2.6030,23.401
Yp,0,5,1.6998,2.4224,2.6014,23.623
Yp,1,5,1.7918,2.4002,2.6001,23.621
Yp,2,5,1.8722,2.3971,2.6007,23.597
Yp,3,5,1.9472,2.3971,2.6007,23.597
Yp,4,5,2.0272,2.3862,2.6024,23.505
Yp,5,5,2.1012,2.3906,2.6027,23.431
Yp,6,5,2.1750,2.3971,2.6031,23.431
Yp,7,5,2.2508,2.4095,2.6037,23.401
Yp,8,5,2.3258,2.4095,2.6037,23.401
Yp,0,6,1.6989,2.4161,2.6018,23.623
Yp,1,6,1.7952,2.3887,2.6002,23.621
Yp,2,6,1.8763,2.3854,2.6008,23.597
Yp,3,6,1.9513,2.3854,2.6008,23.597
Yp,4,6,2.0324,2.3717,2.6029,23.505
Yp,5,6,2.1059,2.3785,2.6033,23.431
Yp,6,6,2.1797,2.3849,2.6037,23.431
Yp,7,6,2.2554,2.4000,2.6045,23.401
Yp,8,6,2.3304,2.4000,2.6045,23.388
Yp,0,7,1.6980,2.4098,2.6022,23.623
Yp,1,7,1.7987,2.3771,2.6003,23.621
Yp,2,7,1.8804,2.3738,2.6009,23.597
Yp,3,7,1.9554,2.3738,2.6009,23.597
Yp,4,7,2.0376,2.3573,2.6034,23.505
Yp,5,7,2.1106,2.3663,2.6039,23.431
Yp,6,7,2.1845,2.3727,2.6043,23.431
Yp,7,7,2.2600,2.3904,2.6053,23.401
Yp,8,7,2.3366,2.3915,2.6052,23.388
Yp,0,8,1.6971,2.4035,2.6026,23.623
Yp,1,8,1.8021,2.3656,2.6004,23.621
Yp,2,8,1.8845,2.3622,2.6010,23.597
Yp,3,8,1.9595,2.3622,2.6010,23.597
Yp,4,8,2.0428,2.3429,2.6038,23.505
Yp,5,8,2.1154,2.3542,2.6046,23.431
Yp,6,8,2.1892,2.3606,2.6049,23.431
Yp,7,8,2.2646,2.3809,2.6061,23.401
Yp,8,8,2.3428,2.3831,2.6060,23.388
Yp,0,9,1.6963,2.3972,2.6031,23.623
Yp,1,9,1.8055,2.3541,2.6004,23.621
Yp,2,9,1.8887,2.3505,2.6011,23.597
Yp,3,9,1.9637,2.3505,2.6011,23.597
Yp,4,9,2.0480,2.3285,2.6043,23.510
Yp,5,9,2.1201,2.3420,2.6052,23.431
Yp,6,9,2.1939,2.3484,2.6055,23.431
Yp,7,9,2.2692,2.3713,2.6068,23.401
Yp,8,9,2.3490,2.3747,2.6067,23.388
Yp,0,10,1.6954,2.3909,2.6035,23.623
Yp,1,10,1.8090,2.3425,2.6005,23.621
Yp,2,10,1.8928,2.3389,2.6012,23.597
Yp,3,10,1.9678,2.3389,2.6012,23.597
Yp,4,10,2.0522,2.3161,2.6047,23.510
Yp,5,10,2.1248,2.3298,2.6058,23.458
Yp,6,10,2.1986,2.3362,2.6061,23.431
Yp,7,10,2.2738,2.3618,2.6076,23.401
Yp,8,10,2.3552,2.3662,2.6074,23.388
Yp,0,11,1.6945,2.3846,2.6039,23.623
Yp,1,11,1.8124,2.3310,2.6006,23.621
Yp,2,11,1.8969,2.3273,2.6013,23.556
Yp,3,11,1.9730,2.3245,2.6016,23.510
Yp,4,11,2.0565,2.3036,2.6051,23.510
Yp,5,11,2.1271,2.3159,2.6060,23.458
Yp,6,11,2.2033,2.3241,2.6067,23.458
Yp,7,11,2.2785,2.3522,2.6084,23.401
Yp,8,11,2.3614,2.3578,2.6082,23.388
Yp,0,12,1.6936,2.3783,2.6043,23.623
Yp,1,12,1.8118,2.3237,2.6007,23.544
Yp,2,12,1.9015,2.3155,2.6015,23.556
Yp,3,12,1.9772,2.3120,2.6020,23.510
Yp,4,12,2.0607,2.2912,2.6055,23.510
Yp,5,12,2.1295,2.3019,2.6062,23.458
Yp,6,12,2.2057,2.3101,2.6069,23.458
Yp,7,12,2.2831,2.3427,2.6091,23.401
Yp,8,12,2.3676,2.3494,2.6089,23.388
Yp,0,13,1.6928,2.3720,2.6048,23.623
Yp,1,13,1.8112,2.3164,2.6009,23.544
Yp,2,13,1.9060,2.3038,2.6017,23.556
Yp,3,13,1.9815,2.2996,2.6025,23.510
Yp,4,13,2.0649,2.2787,2.6060,23.510
Yp,5,13,2.1319,2.2880,2.6063,23.458
Yp,6,13,2.2080,2.2962,2.6071,23.458
Yp,7,13,2.2877,2.3331,2.6099,23.401
Yp,8,13,2.3738,2.3410,2.6096,23.388
Yp,0,14,1.6919,2.3656,2.6052,23.623
Yp,1,14,1.8106,2.3090,2.6011,23.544
Yp,2,14,1.9106,2.2921,2.6020,23.556
Yp,3,14,1.9857,2.2871,2.6029,23.510
Yp,4,14,2.0692,2.2662,2.6064,23.510
Yp,5,14,2.1342,2.2740,2.6065,23.458
Yp,6,14,2.2104,2.2822,2.6073,23.396
Yp,7,14,2.2891,2.3241,2.6105,23.396
Yp,8,14,2.3800,2.3325,2.6103,23.388
Yp,0,15,1.6910,2.3593,2.6056,23.623
Yp,1,15,1.8100,2.3017,2.6013,23.544
Yp,2,15,1.9151,2.2803,2.6022,23.556
Yp,3,15,1.9899,2.2747,2.6033,23.510
Yp,4,15,2.0734,2.2538,2.6068,23.510
Yp,5,15,2.1366,2.2601,2.6067,23.458
Yp,6,15,2.2118,2.2732,2.6079,23.396
Yp,7,15,2.2906,2.3151,2.6112,23.396
Yp,8,15,2.3847,2.3247,2.6109,23.380
Yp,0,16,1.6901,2.3530,2.6060,23.623
Yp,1,16,1.8094,2.2944,2.6015,23.544
Yp,2,16,1.9197,2.2686,2.6025,23.556
Yp,3,16,1.9942,2.2622,2.6037,23.510
Yp,4,16,2.0777,2.2413,2.6072,23.510
Yp,5,16,2.1389,2.2461,2.6069,23.458
Yp,6,16,2.2133,2.2642,2.6086,23.396
Yp,7,16,2.2921,2.3061,2.6118,23.396
Yp,8,16,2.3894,2.3169,2.6114,23.380
Yp,0,17,1.6893,2.3467,2.6065,23.623
Yp,1,17,1.8087,2.2871,2.6017,23.544
Yp,2,17,1.9243,2.2569,2.6027,23.556
Yp,3,17,1.9984,2.2498,2.6041,23.510
Yp,4,17,2.0819,2.2289,2.6076,23.510
Yp,5,17,2.1413,2.2322,2.6071,23.458
Yp,6,17,2.2148,2.2552,2.6092,23.396
Yp,7,17,2.2935,2.2971,2.6124,23.396
Yp,8,17,2.3940,2.3091,2.6120,23.380
Yp,0,18,1.6884,2.3404,2.6069,23.623
Yp,1,18,1.8081,2.2797,2.6019,23.544
Yp,2,18,1.9288,2.2451,2.6029,23.556
Yp,3,18,2.0027,2.2373,2.6045,23.510
Yp,4,18,2.0861,2.2164,2.6080,23.510
Yp,5,18,2.1436,2.2182,2.6073,23.458
Yp,6,18,2.2162,2.2462,2.6098,23.396
Yp,7,18,2.2950,2.2881,2.6131,23.396
Yp,8,18,2.3987,2.3013,2.6125,23.380
Yp,0,19,1.6875,2.3341,2.6073,23.623
Yp,1,19,1.8075,2.2724,2.6020,23.544
Yp,2,19,1.9334,2.2334,2.6032,23.556
Yp,3,19,2.0069,2.2248,2.6049,23.510
Yp,4,19,2.0904,2.2040,2.6084,23.245
Yp,5,19,2.1460,2.2043,2.6075,23.245
Yp,6,19,2.2177,2.2372,2.6105,23.396
Yp,7,19,2.2965,2.2791,2.6137,23.396
Yp,8,19,2.4034,2.2935,2.6130,23.380
Yp,0,20,1.6866,2.3278,2.6077,23.054
Yp,1,20,1.8069,2.2651,2.6022,23.544
Yp,2,20,1.9379,2.2216,2.6034,23.556
Yp,3,20,2.0111,2.2124,2.6054,23.510
Yp,4,20,2.0754,2.1987,2.6058,22.581
Yp,5,20,2.1422,2.1951,2.6064,23.245
Yp,6,20,2.2192,2.2282,2.6111,23.396
Yp,7,20,2.2979,2.2701,2.6143,23.396
Yp,8,20,2.4080,2.2857,2.6136,23.380
Yp,0,21,1.6759,2.3260,2.6068,23.054
Yp,1,21,1.8063,2.2578,2.6024,23.544
Yp,2,21,1.9425,2.2099,2.6037,22.146
Yp,3,21,1.9961,2.2071,2.6027,22.581
Yp,4,21,2.0603,2.1933,2.6032,22.581
Yp,5,21,2.1384,2.1860,2.6053,23.245
Yp,6,21,2.2206,2.2192,2.6117,23.396
Yp,7,21,2.2994,2.2611,2.6149,23.396
Yp,8,21,2.4127,2.2779,2.6141,23.380
Yp,0,22,1.6651,2.3242,2.6058,23.054
Yp,1,22,1.8057,2.2504,2.6026,23.544
Yp,2,22,1.9182,2.2083,2.6003,22.146
Yp,3,22,1.9811,2.2018,2.6001,22.581
Yp,4,22,2.0453,2.1880,2.6006,22.581
Yp,5,22,2.1346,2.1768,2.6041,23.245
Yp,6,22,2.2221,2.2102,2.6124,23.396
Yp,7,22,2.3009,2.2521,2.6156,23.396
Yp,8,22,2.4174,2.2701,2.6146,23.380
Yp,0,23,1.6544,2.3224,2.6048,23.054
Yp,1,23,1.8051,2.2431,2.6028,23.544
Yp,2,23,1.8939,2.2067,2.5969,22.146
Yp,3,23,1.9660,2.1965,2.5975,22.146
Yp,4,23,2.0303,2.1827,2.5980,22.581
Yp,5,23,2.1309,2.1676,2.6030,23.245
Yp,6,23,2.2154,2.2056,2.6115,23.068
Yp,7,23,2.3023,2.2431,2.6162,23.396
Yp,8,23,2.4220,2.2623,2.6152,23.380
Yp,0,24,1.6436,2.3206,2.6038,23.054
Yp,1,24,1.8044,2.2358,2.6030,23.544
Yp,2,24,1.8697,2.2052,2.5935,22.146
Yp,3,24,1.9418,2.1949,2.5941,22.146
Yp,4,24,2.0152,2.1774,2.5953,22.581
Yp,5,24,2.1271,2.1585,2.6019,23.245
Yp,6,24,2.2087,2.2009,2.6107,23.245
Yp,7,24,2.3038,2.2341,2.6168,23.396
Yp,8,24,2.4267,2.2545,2.6157,23.380
Yp,0,25,1.6329,2.3187,2.6029,23.054
Yp,1,25,1.8038,2.2285,2.6032,23.544
Yp,2,25,1.8454,2.2036,2.5901,22.794
Yp,3,25,1.9175,2.1933,2.5907,22.146
Yp,4,25,2.0002,2.1721,2.5927,22.581
Yp,5,25,2.1233,2.1493,2.6008,23.245
Yp,6,25,2.2049,2.1917,2.6095,23.245
Yp,7,25,2.3053,2.2251,2.6175,23.396
Yp,8,25,2.4314,2.2467,2.6162,23.380
Yp,0,26,1.6221,2.3169,2.6019,23.054
Yp,1,26,1.8032,2.2211,2.6033,23.544
Yp,2,26,1.8313,2.2013,2.5883,22.794
Yp,3,26,1.8932,2.1917,2.5873,22.146
Yp,4,26,1.9852,2.1668,2.5901,22.581
Yp,5,26,2.1195,2.1402,2.5997,23.245
Yp,6,26,2.2012,2.1826,2.6084,23.245
Yp,7,26,2.3067,2.2161,2.6181,23.396
Yp,8,26,2.4360,2.2389,2.6168,23.380
Yp,0,27,1.6114,2.3151,2.6009,23.054
Yp,1,27,1.8026,2.2138,2.6035,23.544
Yp,2,27,1.8171,2.1991,2.5865,22.794
Yp,3,27,1.8689,2.1901,2.5839,22.146
Yp,4,27,1.9701,2.1615,2.5875,22.581
Yp,5,27,2.1157,2.1310,2.5986,23.245
Yp,6,27,2.1974,2.1734,2.6073,23.245
Yp,7,27,2.3082,2.2071,2.6187,23.068
Yp,8,27,2.4407,2.2311,2.6173,23.380
Yp,0,28,1.5958,2.3229,2.5991,22.779
Yp,1,28,1.8020,2.2065,2.6037,22.794
Yp,2,28,1.8030,2.1968,2.5848,22.794
Yp,3,28,1.8446,2.1885,2.5805,22.794
Yp,4,28,1.9459,2.1599,2.5841,22.146
Yp,5,28,2.1120,2.1218,2.5975,23.245
Yp,6,28,2.1936,2.1643,2.6062,23.245
Yp,7,28,2.3015,2.2025,2.6179,23.068
Yp,8,28,2.4454,2.2233,2.6178,23.380
Yp,0,29,1.5802,2.3308,2.5972,23.343
Yp,1,29,1.7879,2.2042,2.6020,22.794
Yp,2,29,1.7889,2.1945,2.5830,22.794
Yp,3,29,1.8305,2.1863,2.5787,22.794
Yp,4,29,1.9216,2.1583,2.5807,22.146
Yp,5,29,2.1082,2.1127,2.5964,23.245
Yp,6,29,2.1898,2.1551,2.6051,23.245
Yp,7,29,2.2948,2.1978,2.6170,23.068
Yp,8,29,2.4500,2.2155,2.6184,23.316
Yp,0,30,1.5724,2.3325,2.5972,23.343
Yp,1,30,1.7738,2.2020,2.6002,22.794
Yp,2,30,1.7748,2.1923,2.5813,22.794
Yp,3,30,1.8164,2.1840,2.5770,22.794
Yp,4,30,1.8973,2.1567,2.5773,22.146
Yp,5,30,2.1044,2.1035,2.5953,23.245
Yp,6,30,2.1860,2.1459,2.6040,23.245
Yp,7,30,2.2881,2.1932,2.6162,23.068
Yp,8,30,2.4571,2.2091,2.6191,22.360
Yp,0,31,1.5646,2.3343,2.5971,23.343
Yp,1,31,1.7596,2.1997,2.5984,22.794
Yp,2,31,1.7607,2.1900,2.5795,22.794
Yp,3,31,1.8023,2.1818,2.5752,22.794
Yp,4,31,1.8730,2.1551,2.5739,22.146
Yp,5,31,2.1006,2.0944,2.5942,23.245
Yp,6,31,2.1823,2.1368,2.6029,23.245
Yp,7,31,2.2814,2.1885,2.6153,23.068
Yp,8,31,2.4456,2.2029,2.6164,22.900
Yp,0,32,1.5568,2.3360,2.5970,23.343
Yp,1,32,1.7455,2.1974,2.5967,22.794
Yp,2,32,1.7466,2.1878,2.5778,22.794
Yp,3,32,1.7882,2.1795,2.5735,22.794
Yp,4,32,1.8487,2.1536,2.5705,22.794
Yp,5,32,2.0673,2.0907,2.5889,22.581
Yp,6,32,2.1785,2.1276,2.6018,23.245
Yp,7,32,2.2748,2.1838,2.6145,23.068
Yp,8,32,2.4410,2.1980,2.6152,22.900
Yp,0,33,1.5491,2.3378,2.5969,23.343
Yp,1,33,1.7314,2.1952,2.5949,22.794
Yp,2,33,1.7325,2.1855,2.5760,22.794
Yp,3,33,1.7741,2.1772,2.5717,22.794
Yp,4,33,1.8273,2.1535,2.5660,22.095
Yp,5,33,2.0373,2.0896,2.5847,21.822
Yp,6,33,2.1747,2.1185,2.6007,23.245
Yp,7,33,2.2681,2.1792,2.6136,23.068
Yp,8,33,2.4364,2.1930,2.6140,22.900
Yp,0,34,1.5413,2.3395,2.5969,23.343
Yp,1,34,1.7126,2.1977,2.5926,22.532
Yp,2,34,1.7137,2.1881,2.5737,22.532
Yp,3,34,1.7600,2.1750,2.5700,22.095
Yp,4,34,1.8059,2.1535,2.5615,22.095
Yp,5,34,2.0073,2.0885,2.5805,21.822
Yp,6,34,2.1709,2.1093,2.5996,23.245
Yp,7,34,2.2614,2.1745,2.6128,23.068
Yp,8,34,2.4318,2.1881,2.6128,22.900
Yp,0,35,1.5335,2.3413,2.5968,23.343
Yp,1,35,1.6939,2.2003,2.5903,22.532
Yp,2,35,1.6949,2.1906,2.5714,22.532
Yp,3,35,1.7385,2.1749,2.5655,22.095
Yp,4,35,1.7845,2.1534,2.5570,22.095
Yp,5,35,1.9773,2.0875,2.5763,21.822
Yp,6,35,2.1671,2.1001,2.5984,23.245
Yp,7,35,2.2547,2.1699,2.6119,23.068
Yp,8,35,2.4272,2.1831,2.6116,22.900
Yp,0,36,1.5257,2.3430,2.5967,23.343
Yp,1,36,1.6751,2.2029,2.5880,22.532
Yp,2,36,1.6761,2.1932,2.5691,21.959
Yp,3,36,1.7140,2.1774,2.5603,21.959
Yp,4,36,1.7630,2.1534,2.5525,22.095
Yp,5,36,1.9516,2.0871,2.5727,21.992
Yp,6,36,2.1634,2.0910,2.5973,23.245
Yp,7,36,2.2480,2.1652,2.6111,23.068
Yp,8,36,2.4226,2.1782,2.6104,22.900
Yp,0,37,1.5179,2.3448,2.5966,23.343
Yp,1,37,1.6563,2.2054,2.5857,22.532
Yp,2,37,1.6516,2.1956,2.5639,21.959
Yp,3,37,1.6895,2.1798,2.5551,21.959
Yp,4,37,1.7416,2.1533,2.5480,22.095
Yp,5,37,1.9260,2.0867,2.5691,21.416
Yp,6,37,2.1301,2.0873,2.5921,21.665
Yp,7,37,2.2413,2.1606,2.6102,23.068
Yp,8,37,2.4180,2.1732,2.6091,22.900
Yp,0,38,1.5101,2.3465,2.5966,23.343
Yp,1,38,1.6375,2.2080,2.5834,22.532
Yp,2,38,1.6271,2.1981,2.5587,21.959
Yp,3,38,1.6650,2.1822,2.5499,21.959
Yp,4,38,1.7202,2.1533,2.5435,21.959
Yp,5,38,1.8932,2.0867,2.5621,21.416
Yp,6,38,2.0967,2.0837,2.5869,21.665
Yp,7,38,2.2346,2.1559,2.6094,23.068
Yp,8,38,2.4134,2.1683,2.6079,22.900
Yp,0,39,1.5023,2.3483,2.5965,23.343
Yp,1,39,1.6188,2.2106,2.5811,23.054
Yp,2,39,1.6026,2.2005,2.5535,22.186
Yp,3,39,1.6405,2.1847,2.5447,21.959
Yp,4,39,1.6957,2.1557,2.5384,21.959
Yp,5,39,1.8604,2.0866,2.5550,21.416
Yp,6,39,2.0667,2.0826,2.5827,21.822
Yp,7,39,2.2280,2.1513,2.6085,23.068
Yp,8,39,2.4088,2.1633,2.6067,22.900
Yp,0,40,1.4945,2.3500,2.5964,23.343
Yp,1,40,1.6000,2.2131,2.5788,22.779
Yp,2,40,1.5825,2.2078,2.5472,22.186
Yp,3,40,1.6160,2.1871,2.5396,21.959
Yp,4,40,1.6712,2.1581,2.5332,21.959
Yp,5,40,1.8359,2.0884,2.5485,21.819
Yp,6,40,2.0367,2.0815,2.5785,21.822
Yp,7,40,2.2213,2.1466,2.6077,23.068
Yp,8,40,2.4042,2.1584,2.6055,22.900
Yp,0,41,1.4867,2.3518,2.5963,23.223
Yp,1,41,1.5844,2.2210,2.5770,22.779
Yp,2,41,1.5629,2.2138,2.5433,22.289
Yp,3,41,1.5958,2.1944,2.5332,22.186
Yp,4,41,1.6467,2.1606,2.5280,21.959
Yp,5,41,1.8114,2.0902,2.5420,22.095
Yp,6,41,2.0067,2.0804,2.5743,21.822
Yp,7,41,2.2146,2.1419,2.6068,23.068
Yp,8,41,2.3996,2.1534,2.6043,22.900
Yp,0,42,1.4803,2.3627,2.5948,23.223
Yp,1,42,1.5688,2.2288,2.5751,22.779
Yp,2,42,1.5433,2.2197,2.5393,22.289
Yp,3,42,1.5757,2.2018,2.5269,22.186
Yp,4,42,1.6222,2.1630,2.5228,21.959
Yp,5,42,1.7900,2.0902,2.5375,22.095
Yp,6,42,1.9767,2.0793,2.5701,21.822
Yp,7,42,2.2079,2.1373,2.6060,23.245
Yp,8,42,2.3950,2.1485,2.6031,22.900
Yp,0,43,1.4739,2.3737,2.5932,23.223
Yp,1,43,1.5532,2.2366,2.5733,22.779
Yp,2,43,1.5237,2.2256,2.5354,22.289
Yp,3,43,1.5555,2.2091,2.5206,22.186
Yp,4,43,1.5976,2.1654,2.5176,22.186
Yp,5,43,1.7686,2.0901,2.5330,22.095
Yp,6,43,1.9439,2.0793,2.5630,21.416
Yp,7,43,2.2041,2.1281,2.6049,23.245
Yp,8,43,2.3904,2.1436,2.6019,22.900
Yp,0,44,1.4675,2.3847,2.5916,23.223
Yp,1,44,1.5376,2.2444,2.5715,22.779
Yp,2,44,1.5042,2.2315,2.5314,22.289
Yp,3,44,1.5360,2.2150,2.5166,22.289
Yp,4,44,1.5775,2.1728,2.5113,22.186
Yp,5,44,1.7471,2.0901,2.5285,22.095
Yp,6,44,1.9111,2.0792,2.5560,21.416
Yp,7,44,2.2003,2.1190,2.6038,23.245
Yp,8,44,2.3858,2.1386,2.6006,22.900
Yp,0,45,1.4611,2.3957,2.5900,23.223
Yp,1,45,1.5221,2.2522,2.5696,22.289
Yp,2,45,1.4846,2.2375,2.5275,22.390
Yp,3,45,1.5164,2.2209,2.5127,22.289
Yp,4,45,1.5574,2.1801,2.5050,22.186
Yp,5,45,1.7257,2.0900,2.5240,21.959
Yp,6,45,1.8783,2.0791,2.5489,21.416
Yp,7,45,2.1966,2.1098,2.6026,23.245
Yp,8,45,2.3812,2.1337,2.5994,22.900
Yp,0,46,1.4547,2.4067,2.5884,23.223
Yp,1,46,1.5025,2.2582,2.5657,22.289
Yp,2,46,1.4669,2.2462,2.5234,22.390
Yp,3,46,1.4968,2.2269,2.5088,22.289
Yp,4,46,1.5372,2.1874,2.4987,22.186
Yp,5,46,1.7012,2.0925,2.5188,21.959
Yp,6,46,1.8455,2.0790,2.5418,21.819
Yp,7,46,2.1928,2.1007,2.6015,23.245
Yp,8,46,2.3766,2.1287,2.5982,22.900
Yp,0,47,1.4482,2.4177,2.5868,23.223
Yp,1,47,1.4829,2.2641,2.5618,22.390
Yp,2,47,1.4492,2.2549,2.5192,22.390
Yp,3,47,1.4791,2.2356,2.5046,22.390
Yp,4,47,1.5171,2.1948,2.4923,22.186
Yp,5,47,1.6767,2.0949,2.5137,21.959
Yp,6,47,1.8210,2.0809,2.5353,21.819
Yp,7,47,2.1890,2.0915,2.6004,23.245
Yp,8,47,2.3720,2.1238,2.5970,22.900
Yp,0,48,1.4418,2.4286,2.5852,23.223
Yp,1,48,1.4652,2.2728,2.5576,22.390
Yp,2,48,1.4315,2.2636,2.5151,22.390
Yp,3,48,1.4614,2.2443,2.5005,22.390
Yp,4,48,1.4969,2.2021,2.4860,22.186
Yp,5,48,1.6522,2.0973,2.5085,21.959
Yp,6,48,1.7965,2.0827,2.5288,21.819
Yp,7,48,2.1557,2.0878,2.5952,21.665
Yp,8,48,2.3674,2.1188,2.5958,22.900
Yp,0,49,1.4354,2.4396,2.5836,23.223
Yp,1,49,1.4475,2.2815,2.5535,22.390
Yp,2,49,1.4138,2.2723,2.5109,22.390
Yp,3,49,1.4437,2.2530,2.4963,22.390
Yp,4,49,1.4789,2.2117,2.4797,22.390
Yp,5,49,1.6277,2.0998,2.5033,21.959
Yp,6,49,1.7721,2.0845,2.5223,21.819
Yp,7,49,2.1224,2.0842,2.5900,21.665
Yp,8,49,2.3628,2.1139,2.5946,22.900
Yp,0,50,1.4290,2.4506,2.5820,23.404
Yp,1,50,1.4298,2.2902,2.5493,22.390
Yp,2,50,1.3961,2.2810,2.5068,22.390
Yp,3,50,1.4260,2.2617,2.4922,22.390
Yp,4,50,1.4612,2.2204,2.4756,22.390
Yp,5,50,1.6032,2.1022,2.4981,22.186
Yp,6,50,1.7476,2.0863,2.5158,21.819
Yp,7,50,2.0891,2.0805,2.5848,21.822
Yp,8,50,2.3582,2.1089,2.5933,22.900
Yp,0,51,1.4292,2.4559,2.5804,23.404
Yp,1,51,1.4121,2.2989,2.5452,22.390
Yp,2,51,1.3784,2.2897,2.5026,22.390
Yp,3,51,1.4083,2.2704,2.4880,22.390
Yp,4,51,1.4435,2.2291,2.4714,22.390
Yp,5,51,1.5830,2.1095,2.4918,22.186
Yp,6,51,1.7231,2.0882,2.5093,21.928
Yp,7,51,2.0591,2.0794,2.5806,21.822
Yp,8,51,2.3536,2.1040,2.5921,22.900
Yp,0,52,1.4293,2.4612,2.5788,23.404
Yp,1,52,1.3944,2.3076,2.5410,22.390
Yp,2,52,1.3607,2.2984,2.4985,22.771
Yp,3,52,1.3906,2.2791,2.4839,22.390
Yp,4,52,1.4257,2.2378,2.4673,22.390
Yp,5,52,1.5629,2.1169,2.4855,22.186
Yp,6,52,1.6997,2.0914,2.5029,21.959
Yp,7,52,2.0291,2.0784,2.5764,21.822
Yp,8,52,2.3490,2.0991,2.5909,22.900
Yp,0,53,1.4295,2.4665,2.5771,23.404
Yp,1,53,1.3767,2.3164,2.5369,22.390
Yp,2,53,1.3484,2.3112,2.4934,22.771
Yp,3,53,1.3729,2.2879,2.4797,22.390
Yp,4,53,1.4080,2.2465,2.4631,22.390
Yp,5,53,1.5427,2.1242,2.4791,22.186
Yp,6,53,1.6752,2.0938,2.4977,21.959
Yp,7,53,1.9990,2.0773,2.5722,21.822
Yp,8,53,2.3444,2.0941,2.5897,22.900
Yp,0,54,1.4296,2.4718,2.5755,23.404
Yp,1,54,1.3644,2.3291,2.5318,22.771
Yp,2,54,1.3362,2.3239,2.4882,22.771
Yp,3,54,1.3606,2.3006,2.4746,22.771
Yp,4,54,1.3903,2.2552,2.4590,22.390
Yp,5,54,1.5226,2.1315,2.4728,22.186
Yp,6,54,1.6506,2.0962,2.4926,21.959
Yp,7,54,1.9690,2.0762,2.5680,21.416
Yp,8,54,2.3398,2.0892,2.5885,20.841
Yp,0,55,1.4298,2.4771,2.5739,23.404
Yp,1,55,1.3519,2.3425,2.5266,22.645
Yp,2,55,1.3236,2.3374,2.4831,22.645
Yp,3,55,1.3484,2.3133,2.4695,22.771
Yp,4,55,1.3726,2.2639,2.4549,22.390
Yp,5,55,1.5024,2.1389,2.4665,22.186
Yp,6,55,1.6261,2.0987,2.4874,21.959
Yp,7,55,1.9362,2.0761,2.5609,21.416
Yp,8,55,2.2969,2.0849,2.5817,21.080
Yp,0,56,1.4300,2.4824,2.5723,23.404
Yp,1,56,1.3394,2.3560,2.5214,22.645
Yp,2,56,1.3111,2.3508,2.4779,22.645
Yp,3,56,1.3361,2.3261,2.4644,22.771
Yp,4,56,1.3604,2.2767,2.4497,21.999
Yp,5,56,1.4823,2.1462,2.4602,22.343
Yp,6,56,1.6016,2.1011,2.4822,22.186
Yp,7,56,1.9034,2.0760,2.5539,21.416
Yp,8,56,2.2540,2.0807,2.5750,21.080
Yp,0,57,1.4301,2.4877,2.5706,23.404
Yp,1,57,1.3269,2.3694,2.5162,22.645
Yp,2,57,1.2986,2.3642,2.4727,22.645
Yp,3,57,1.3236,2.3395,2.4592,22.645
Yp,4,57,1.3399,2.2869,2.4394,21.999
Yp,5,57,1.4642,2.1558,2.4539,22.343
Yp,6,57,1.5815,2.1084,2.4759,22.186
Yp,7,57,1.8706,2.0760,2.5468,21.416
Yp,8,57,2.2111,2.0764,2.5682,20.412
Yp,0,58,1.4313,2.4905,2.5680,23.136
Yp,1,58,1.3144,2.3828,2.5111,22.645
Yp,2,58,1.2861,2.3776,2.4676,22.645
Yp,3,58,1.3111,2.3529,2.4540,22.645
Yp,4,58,1.3195,2.2971,2.4291,21.999
Yp,5,58,1.4462,2.1654,2.4476,21.742
Yp,6,58,1.5613,2.1158,2.4696,22.186
Yp,7,58,1.8378,2.0759,2.5397,21.819
Yp,8,58,2.1683,2.0765,2.5593,20.955
Yp,0,59,1.4325,2.4932,2.5654,23.136
Yp,1,59,1.3019,2.3962,2.5059,22.645
Yp,2,59,1.2736,2.3911,2.4624,22.645
Yp,3,59,1.2986,2.3664,2.4488,22.134
Yp,4,59,1.2991,2.3072,2.4188,21.999
Yp,5,59,1.4220,2.1720,2.4369,21.742
Yp,6,59,1.5412,2.1231,2.4632,22.186
Yp,7,59,1.8134,2.0777,2.5332,21.819
Yp,8,59,2.1256,2.0766,2.5504,20.955
Yp,0,60,1.4337,2.4960,2.5627,23.136
Yp,1,60,1.2893,2.4097,2.5007,22.645
Yp,2,60,1.2611,2.4045,2.4572,22.645
Yp,3,60,1.2811,2.3756,2.4411,22.134
Yp,4,60,1.2787,2.3174,2.4085,21.999
Yp,5,60,1.3977,2.1785,2.4262,21.742
Yp,6,60,1.5210,2.1304,2.4569,22.186
Yp,7,60,1.7889,2.0795,2.5267,21.819
Yp,8,60,2.0829,2.0767,2.5414,21.164
Yp,0,61,1.4349,2.4988,2.5601,23.136
Yp,1,61,1.2768,2.4231,2.4956,22.645
Yp,2,61,1.2485,2.4179,2.4520,23.665
Yp,3,61,1.2637,2.3848,2.4333,22.134
Yp,4,61,1.2582,2.3276,2.3982,21.999
Yp,5,61,1.3735,2.1851,2.4154,21.742
Yp,6,61,1.5009,2.1378,2.4506,22.186
Yp,7,61,1.7644,2.0814,2.5202,21.819
Yp,8,61,2.0443,2.0776,2.5335,21.164
Yp,0,62,1.4360,2.5015,2.5575,23.136
Yp,1,62,1.2643,2.4365,2.4904,22.645
Yp,2,62,1.2463,2.4319,2.4509,23.665
Yp,3,62,1.2463,2.3940,2.4255,23.665
Yp,4,62,1.2560,2.3416,2.3971,22.134
Yp,5,62,1.3564,2.1935,2.4058,22.257
Yp,6,62,1.4749,2.1425,2.4394,21.742
Yp,7,62,1.7399,2.0832,2.5137,21.819
Yp,8,62,2.0057,2.0785,2.5257,21.164
Yp,0,63,1.4372,2.5043,2.5548,23.136
Yp,1,63,1.2518,2.4500,2.4852,22.645
Yp,2,63,1.2441,2.4460,2.4498,23.665
Yp,3,63,1.2441,2.4080,2.4244,23.665
Yp,4,63,1.2538,2.3556,2.3960,22.134
Yp,5,63,1.3392,2.2019,2.3962,22.257
Yp,6,63,1.4507,2.1491,2.4287,21.742
Yp,7,63,1.7165,2.0864,2.5073,21.928
Yp,8,63,1.9671,2.0795,2.5178,21.416
Yp,0,64,1.4384,2.5070,2.5522,23.136
Yp,1,64,1.2456,2.4635,2.4804,23.066
Yp,2,64,1.2311,2.4579,2.4412,22.361
Yp,3,64,1.2418,2.4221,2.4233,23.665
Yp,4,64,1.2516,2.3697,2.3949,22.134
Yp,5,64,1.3220,2.2104,2.3866,21.999
Yp,6,64,1.4265,2.1556,2.4180,21.742
Yp,7,64,1.6931,2.0896,2.5009,21.928
Yp,8,64,1.9343,2.0794,2.5107,21.416
Yp,0,65,1.4396,2.5098,2.5496,23.136
Yp,1,65,1.2394,2.4770,2.4756,23.066
Yp,2,65,1.2180,2.4698,2.4326,22.361
Yp,3,65,1.2396,2.4361,2.4221,23.665
Yp,4,65,1.2494,2.3837,2.3938,22.134
Yp,5,65,1.3016,2.2205,2.3763,21.999
Yp,6,65,1.4022,2.1622,2.4073,21.742
Yp,7,65,1.6685,2.0920,2.4957,21.959
Yp,8,65,1.9015,2.0793,2.5036,21.416
Yp,0,66,1.4408,2.5126,2.5470,23.136
Yp,1,66,1.2332,2.4906,2.4709,23.066
Yp,2,66,1.2050,2.4817,2.4239,22.361
Yp,3,66,1.2374,2.4501,2.4210,22.361
Yp,4,66,1.2471,2.3977,2.3927,23.665
Yp,5,66,1.2812,2.2307,2.3660,21.999
Yp,6,66,1.3780,2.1688,2.3965,21.742
Yp,7,66,1.6440,2.0945,2.4905,21.959
Yp,8,66,1.8687,2.0792,2.4966,21.416
Yp,0,67,1.4420,2.5153,2.5443,23.136
Yp,1,67,1.2270,2.5041,2.4661,23.066
Yp,2,67,1.1920,2.4936,2.4153,22.361
Yp,3,67,1.2244,2.4620,2.4124,22.361
Yp,4,67,1.2449,2.4117,2.3916,23.665
Yp,5,67,1.2607,2.2409,2.3557,21.999
Yp,6,67,1.3609,2.1772,2.3869,22.257
Yp,7,67,1.6195,2.0969,2.4854,21.959
Yp,8,67,1.8359,2.0791,2.4895,21.819
Yp,0,68,1.4432,2.5181,2.5417,23.136
Yp,1,68,1.2208,2.5177,2.4613,23.066
Yp,2,68,1.1789,2.5055,2.4067,22.361
Yp,3,68,1.2113,2.4739,2.4038,22.361
Yp,4,68,1.2427,2.4257,2.3904,23.665
Yp,5,68,1.2403,2.2511,2.3454,22.157
Yp,6,68,1.3437,2.1856,2.3773,22.257
Yp,7,68,1.5994,2.1042,2.4790,22.186
Yp,8,68,1.8114,2.0810,2.4830,21.819
Yp,0,69,1.4443,2.5208,2.5391,23.136
Yp,1,69,1.2147,2.5312,2.4565,23.066
Yp,2,69,1.1659,2.5174,2.3981,22.361
Yp,3,69,1.1983,2.4858,2.3952,22.361
Yp,4,69,1.2405,2.4397,2.3893,23.665
Yp,5,69,1.2222,2.2623,2.3355,22.157
Yp,6,69,1.3265,2.1940,2.3677,22.257
Yp,7,69,1.5792,2.1116,2.4727,22.186
Yp,8,69,1.7869,2.0828,2.4765,21.819
Yp,0,70,1.4455,2.5236,2.5364,23.136
Yp,1,70,1.2085,2.5447,2.4517,23.066
Yp,2,70,1.1529,2.5293,2.3894,22.361
Yp,3,70,1.1853,2.4977,2.3865,22.361
Yp,4,70,1.2383,2.4537,2.3882,22.361
Yp,5,70,1.2040,2.2736,2.3256,21.925
Yp,6,70,1.3094,2.2025,2.3581,22.257
Yp,7,70,1.5591,2.1189,2.4664,22.186
Yp,8,70,1.7624,2.0846,2.4700,21.819
Yp,0,71,1.4467,2.5264,2.5338,23.136
Yp,1,71,1.1954,2.5567,2.4431,22.361
Yp,2,71,1.1398,2.5412,2.3808,22.361
Yp,3,71,1.1722,2.5096,2.3779,22.361
Yp,4,71,1.2253,2.4657,2.3796,22.361
Yp,5,71,1.1840,2.2837,2.3142,21.925
Yp,6,71,1.2922,2.2109,2.3484,21.999
Yp,7,71,1.5389,2.1262,2.4601,22.186
Yp,8,71,1.7379,2.0865,2.4635,21.819
Yp,0,72,1.4479,2.5291,2.5312,23.136
Yp,1,72,1.1824,2.5686,2.4344,22.361
Yp,2,72,1.1268,2.5531,2.3722,22.526
Yp,3,72,1.1592,2.5215,2.3693,22.361
Yp,4,72,1.2122,2.4776,2.3710,22.361
Yp,5,72,1.1639,2.2938,2.3028,21.925
Yp,6,72,1.2718,2.2211,2.3382,21.999
Yp,7,72,1.5188,2.1335,2.4538,22.186
Yp,8,72,1.7145,2.0897,2.4571,21.928
Yp,0,73,1.4491,2.5319,2.5285,23.136
Yp,1,73,1.1775,2.5783,2.4266,22.645
Yp,2,73,1.1162,2.5650,2.3636,22.526
Yp,3,73,1.1462,2.5334,2.3607,22.361
Yp,4,73,1.1992,2.4895,2.3623,22.361
Yp,5,73,1.1438,2.3039,2.2914,21.925
Yp,6,73,1.2513,2.2313,2.3279,21.807
Yp,7,73,1.4987,2.1409,2.4474,21.613
Yp,8,73,1.6900,2.0921,2.4519,21.959
Yp,0,74,1.4503,2.5346,2.5259,23.136
Yp,1,74,1.1726,2.5880,2.4188,22.645
Yp,2,74,1.1132,2.5745,2.3554,22.920
Yp,3,74,1.1331,2.5453,2.3520,22.361
Yp,4,74,1.1861,2.5014,2.3537,22.361
Yp,5,74,1.1237,2.3140,2.2799,22.467
Yp,6,74,1.2313,2.2414,2.3164,21.925
Yp,7,74,1.4744,2.1474,2.4367,21.742
Yp,8,74,1.6608,2.0941,2.4409,21.407
Yp,0,75,1.4514,2.5374,2.5233,23.136
Yp,1,75,1.1677,2.5977,2.4110,22.645
Yp,2,75,1.1101,2.5839,2.3471,22.920
Yp,3,75,1.1225,2.5572,2.3435,22.526
Yp,4,75,1.1731,2.5133,2.3451,22.361
Yp,5,75,1.1100,2.3234,2.2713,22.467
Yp,6,75,1.2112,2.2515,2.3050,21.925
Yp,7,75,1.4502,2.1540,2.4260,21.742
Yp,8,75,1.6317,2.0961,2.4299,21.407
Yp,0,76,1.4526,2.5402,2.5207,23.136
Yp,1,76,1.1629,2.6074,2.4032,22.645
Yp,2,76,1.1070,2.5933,2.3389,22.920
Yp,3,76,1.1120,2.5691,2.3350,22.526
Yp,4,76,1.1601,2.5252,2.3365,22.361
Yp,5,76,1.0963,2.3327,2.2626,22.231
Yp,6,76,1.1911,2.2616,2.2936,21.925
Yp,7,76,1.4260,2.1606,2.4153,21.742
Yp,8,76,1.6025,2.0980,2.4189,21.613
Yp,0,77,1.4538,2.5429,2.5180,23.136
Yp,1,77,1.1580,2.6171,2.3954,22.645
Yp,2,77,1.1040,2.6028,2.3306,22.920
Yp,3,77,1.1089,2.5786,2.3267,22.709
Yp,4,77,1.1470,2.5371,2.3278,22.185
Yp,5,77,1.0805,2.3439,2.2524,22.231
Yp,6,77,1.1710,2.2717,2.2821,21.925
Yp,7,77,1.4018,2.1671,2.4046,21.742
Yp,8,77,1.5765,2.1028,2.4077,21.613
Yp,0,78,1.4550,2.5457,2.5154,23.136
Yp,1,78,1.1531,2.6268,2.3876,22.645
Yp,2,78,1.1002,2.6119,2.3218,22.709
Yp,3,78,1.1051,2.5877,2.3179,22.709
Yp,4,78,1.1327,2.5476,2.3187,22.185
Yp,5,78,1.0647,2.3550,2.2421,22.231
Yp,6,78,1.1510,2.2818,2.2707,21.925
Yp,7,78,1.3776,2.1737,2.3938,21.742
Yp,8,78,1.5505,2.1075,2.3966,21.613
Yp,0,79,1.4562,2.5484,2.5128,23.136
Yp,1,79,1.1482,2.6365,2.3798,22.645
Yp,2,79,1.0964,2.6211,2.3130,22.709
Yp,3,79,1.1013,2.5969,2.3091,22.709
Yp,4,79,1.1203,2.5587,2.3094,22.301
Yp,5,79,1.0490,2.3662,2.2319,22.231
Yp,6,79,1.1309,2.2919,2.2593,21.925
Yp,7,79,1.3604,2.1821,2.3842,22.257
Yp,8,79,1.5245,2.1123,2.3854,21.613
Yp,0,80,1.4574,2.5512,2.5101,23.136
Yp,1,80,1.1433,2.6462,2.3720,22.645
Yp,2,80,1.0926,2.6302,2.3042,22.709
Yp,3,80,1.0976,2.6060,2.3003,22.709
Yp,4,80,1.1080,2.5699,2.3000,22.301
Yp,5,80,1.0332,2.3773,2.2216,22.231
Yp,6,80,1.1172,2.3013,2.2506,22.467
Yp,7,80,1.3432,2.1905,2.3746,22.257
Yp,8,80,1.4985,2.1171,2.3742,21.613
Yp,0,81,1.4586,2.5540,2.5075,23.136
Yp,1,81,1.1384,2.6559,2.3642,22.645
Yp,2,81,1.0888,2.6394,2.2953,22.709
Yp,3,81,1.0938,2.6152,2.2914,22.709
Yp,4,81,1.1042,2.5790,2.2912,22.709
Yp,5,81,1.0174,2.3885,2.2114,22.231
Yp,6,81,1.1034,2.3106,2.2420,22.467
Yp,7,81,1.3261,2.1990,2.3650,22.257
Yp,8,81,1.4743,2.1236,2.3635,21.742
Yp,0,82,1.4597,2.5567,2.5049,23.136
Yp,1,82,1.1335,2.6657,2.3564,22.645
Yp,2,82,1.0851,2.6485,2.2865,22.709
Yp,3,82,1.0900,2.6243,2.2826,22.709
Yp,4,82,1.1004,2.5882,2.2824,22.709
Yp,5,82,1.0001,2.3989,2.1998,22.154
Yp,6,82,1.0897,2.3200,2.2333,22.467
Yp,7,82,1.3089,2.2074,2.3554,22.257
Yp,8,82,1.4501,2.1302,2.3528,21.742
Yp,0,83,1.4609,2.5595,2.5022,23.136
Yp,1,83,1.1287,2.6754,2.3486,22.920
Yp,2,83,1.0813,2.6577,2.2777,22.709
Yp,3,83,1.0862,2.6335,2.2738,22.709
Yp,4,83,1.0966,2.5973,2.2736,22.709
Yp,5,83,0.9848,2.4093,2.1892,22.154
Yp,6,83,1.0760,2.3293,2.2246,22.467
Yp,7,83,1.2885,2.2176,2.3451,21.999
Yp,8,83,1.4259,2.1367,2.3421,21.742
Yp,0,84,1.4621,2.5622,2.4996,23.136
Yp,1,84,1.1256,2.6848,2.3403,22.920
Yp,2,84,1.0775,2.6668,2.2689,22.709
Yp,3,84,1.0824,2.6426,2.2650,22.709
Yp,4,84,1.0929,2.6065,2.2648,22.709
Yp,5,84,0.9694,2.4198,2.1785,22.154
Yp,6,84,1.0602,2.3405,2.2144,22.231
Yp,7,84,1.2680,2.2277,2.3348,21.999
Yp,8,84,1.4016,2.1433,2.3313,21.742
Yp,0,85,1.4633,2.5650,2.4970,23.136
Yp,1,85,1.1225,2.6942,2.3321,23.130
Yp,2,85,1.0737,2.6760,2.2601,22.709
Yp,3,85,1.0787,2.6518,2.2562,22.709
Yp,4,85,1.0891,2.6156,2.2560,22.709
Yp,5,85,0.9540,2.4302,2.1678,22.154
Yp,6,85,1.0429,2.3509,2.2029,22.010
Yp,7,85,1.2461,2.2364,2.3231,21.925
Yp,8,85,1.3763,2.1486,2.3190,21.577
Yp,0,86,1.4645,2.5678,2.4944,23.136
Yp,1,86,1.1238,2.6996,2.3245,22.966
Yp,2,86,1.0699,2.6851,2.2513,22.709
Yp,3,86,1.0749,2.6609,2.2474,22.709
Yp,4,86,1.0853,2.6248,2.2471,22.709
Yp,5,86,0.9387,2.4407,2.1571,22.154
Yp,6,86,1.0255,2.3613,2.1913,22.010
Yp,7,86,1.2261,2.2465,2.3117,21.925
Yp,8,86,1.3559,2.1563,2.3070,21.948
Yp,0,87,1.4657,2.5705,2.4917,23.106
Yp,1,87,1.1252,2.7050,2.3169,22.966
Yp,2,87,1.0662,2.6943,2.2425,22.966
Yp,3,87,1.0711,2.6701,2.2386,22.709
Yp,4,87,1.0815,2.6339,2.2383,22.709
Yp,5,87,0.9233,2.4511,2.1465,22.302
Yp,6,87,1.0082,2.3717,2.1798,22.154
Yp,7,87,1.2060,2.2566,2.3003,21.925
Yp,8,87,1.3355,2.1639,2.2950,21.948
Yp,0,88,1.4680,2.5775,2.4869,23.106
Yp,1,88,1.1265,2.7104,2.3093,22.966
Yp,2,88,1.0675,2.6997,2.2349,22.966
Yp,3,88,1.0673,2.6792,2.2298,22.709
Yp,4,88,1.0777,2.6431,2.2295,22.709
Yp,5,88,0.9100,2.4611,2.1370,22.302
Yp,6,88,0.9928,2.3821,2.1691,22.154
Yp,7,88,1.1859,2.2667,2.2888,21.925
Yp,8,88,1.3151,2.1716,2.2830,21.948
Yp,0,89,1.4704,2.5845,2.4820,23.106
Yp,1,89,1.1278,2.7158,2.3018,22.966
Yp,2,89,1.0688,2.7051,2.2273,22.966
Yp,3,89,1.0635,2.6884,2.2210,22.709
Yp,4,89,1.0740,2.6522,2.2207,22.709
Yp,5,89,0.8967,2.4711,2.1276,22.302
Yp,6,89,0.9775,2.3926,2.1584,22.154
Yp,7,89,1.1658,2.2768,2.2774,21.925
Yp,8,89,1.2947,2.1793,2.2709,21.948
Yp,0,90,1.4728,2.5915,2.4771,23.106
Yp,1,90,1.1291,2.7212,2.2942,22.966
Yp,2,90,1.0701,2.7104,2.2198,22.966
Yp,3,90,1.0649,2.6938,2.2134,22.966
Yp,4,90,1.0702,2.6614,2.2119,22.709
Yp,5,90,0.8834,2.4811,2.1182,22.437
Yp,6,90,0.9621,2.4030,2.1477,22.154
Yp,7,90,1.1458,2.2870,2.2660,21.925
Yp,8,90,1.2743,2.1869,2.2589,21.948
Yp,0,91,1.4752,2.5985,2.4723,23.106
Yp,1,91,1.1309,2.7262,2.2857,22.913
Yp,2,91,1.0714,2.7158,2.2122,22.966
Yp,3,91,1.0667,2.6981,2.2062,22.818
Yp,4,91,1.0669,2.6692,2.2034,22.557
Yp,5,91,0.8720,2.4902,2.1104,22.437
Yp,6,91,0.9468,2.4135,2.1371,22.154
Yp,7,91,1.1257,2.2971,2.2545,22.467
Yp,8,91,1.2539,2.1946,2.2469,21.948
Yp,0,92,1.4775,2.6055,2.4674,23.106
Yp,1,92,1.1327,2.7312,2.2772,22.913
Yp,2,92,1.0732,2.7202,2.2050,22.818
Yp,3,92,1.0684,2.7025,2.1989,22.818
Yp,4,92,1.0636,2.6771,2.1948,22.557
Yp,5,92,0.8607,2.4993,2.1026,22.437
Yp,6,92,0.9314,2.4239,2.1264,22.154
Yp,7,92,1.1120,2.3064,2.2459,22.467
Yp,8,92,1.2355,2.2033,2.2358,22.107
Yp,0,93,1.4799,2.6125,2.4626,23.106
Yp,1,93,1.1345,2.7361,2.2687,22.913
Yp,2,93,1.0750,2.7245,2.1977,22.818
Yp,3,93,1.0702,2.7068,2.1917,22.818
Yp,4,93,1.0603,2.6850,2.1863,22.557
Yp,5,93,0.8494,2.5083,2.0949,22.437
Yp,6,93,0.9161,2.4344,2.1157,22.154
Yp,7,93,1.0982,2.3158,2.2372,22.467
Yp,8,93,1.2171,2.2120,2.2246,21.925
Yp,0,94,1.4823,2.6195,2.4577,23.106
Yp,1,94,1.1362,2.7411,2.2603,22.913
Yp,2,94,1.0768,2.7289,2.1905,22.818
Yp,3,94,1.0720,2.7111,2.1845,22.818
Yp,4,94,1.0570,2.6928,2.1777,22.818
Yp,5,94,0.8380,2.5174,2.0871,22.218
Yp,6,94,0.9007,2.4448,2.1050,22.154
Yp,7,94,1.0845,2.3251,2.2286,22.467
Yp,8,94,1.1970,2.2221,2.2132,21.925
Yp,0,95,1.4847,2.6266,2.4528,23.106
Yp,1,95,1.1380,2.7461,2.2518,22.913
Yp,2,95,1.0786,2.7332,2.1832,22.818
Yp,3,95,1.0738,2.7155,2.1772,22.818
Yp,4,95,1.0588,2.6972,2.1705,22.818
Yp,5,95,0.8256,2.5263,2.0782,22.218
Yp,6,95,0.8874,2.4548,2.0956,22.437
Yp,7,95,1.0708,2.3345,2.2199,22.231
Yp,8,95,1.1762,2.2308,2.2009,21.781
Yp,0,96,1.4870,2.6336,2.4480,22.894
Yp,1,96,1.1398,2.7511,2.2433,22.913
Yp,2,96,1.0804,2.7375,2.1760,22.818
Yp,3,96,1.0756,2.7198,2.1700,22.818
Yp,4,96,1.0606,2.7015,2.1632,22.818
Yp,5,96,0.8132,2.5352,2.0692,22.218
Yp,6,96,0.8760,2.4639,2.0879,22.218
Yp,7,96,1.0550,2.3456,2.2097,22.010
Yp,8,96,1.1555,2.2394,2.1886,21.781
Yp,0,97,1.4893,2.6349,2.4432,23.134
Yp,1,97,1.1416,2.7561,2.2348,22.913
Yp,2,97,1.0822,2.7419,2.1688,22.818
Yp,3,97,1.0774,2.7242,2.1627,22.818
Yp,4,97,1.0624,2.7058,2.1560,22.818
Yp,5,97,0.8008,2.5441,2.0602,22.218
Yp,6,97,0.8636,2.4728,2.0789,22.218
Yp,7,97,1.0377,2.3560,2.1981,22.010
Yp,8,97,1.1347,2.2480,2.1762,21.781
Yp,0,98,1.4942,2.6283,2.4406,23.134
Yp,1,98,1.1434,2.7610,2.2263,22.913
Yp,2,98,1.0840,2.7462,2.1615,22.818
Yp,3,98,1.0792,2.7285,2.1555,22.818
Yp,4,98,1.0642,2.7102,2.1488,22.818
Yp,5,98,0.7884,2.5530,2.0513,22.218
Yp,6,98,0.8512,2.4817,2.0699,22.218
Yp,7,98,1.0203,2.3664,2.1866,22.010
Yp,8,98,1.1179,2.2570,2.1653,22.166
Yp,0,99,1.4990,2.6218,2.4381,23.134
Yp,1,99,1.1451,2.7660,2.2179,22.913
Yp,2,99,1.0858,2.7506,2.1543,22.818
Yp,3,99,1.0810,2.7328,2.1483,22.818
Yp,4,99,1.0660,2.7145,2.1415,22.818
Yp,5,99,0.7760,2.5619,2.0423,22.218
Yp,6,99,0.8388,2.4906,2.0610,22.218
Yp,7,99,1.0030,2.3768,2.1750,22.154
Yp,8,99,1.1011,2.2661,2.1543,22.166
Yp,0,100,1.5039,2.6152,2.4355,23.134
Yp,1,100,1.1469,2.7710,2.2094,22.789
Yp,2,100,1.0876,2.7549,2.1471,22.818
Yp,3,100,1.0828,2.7372,2.1410,22.818
Yp,4,100,1.0678,2.7189,2.1343,22.818
Yp,5,100,0.7636,2.5708,2.0334,22.387
Yp,6,100,0.8264,2.4995,2.0520,22.218
Yp,7,100,0.9876,2.3873,2.1644,22.154
Yp,8,100,1.0843,2.2751,2.1433,22.166
Yp,0,101,1.5088,2.6087,2.4330,23.134
Yp,1,101,1.1492,2.7742,2.2017,22.789
Yp,2,101,1.0894,2.7592,2.1398,22.818
Yp,3,101,1.0846,2.7415,2.1338,22.818
Yp,4,101,1.0696,2.7232,2.1271,22.818
Yp,5,101,0.7556,2.5774,2.0289,22.387
Yp,6,101,0.8140,2.5084,2.0431,22.218
Yp,7,101,0.9723,2.3977,2.1537,22.154
Yp,8,101,1.0675,2.2841,2.1323,22.166
Yp,0,102,1.5136,2.6022,2.4305,23.134
Yp,1,102,1.1515,2.7773,2.1941,22.789
Yp,2,102,1.0912,2.7636,2.1326,22.818
Yp,3,102,1.0864,2.7459,2.1266,22.818
Yp,4,102,1.0714,2.7275,2.1198,22.818
Yp,5,102,0.7475,2.5840,2.0245,22.387
Yp,6,102,0.8016,2.5173,2.0341,22.218
Yp,7,102,0.9569,2.4082,2.1430,22.154
Yp,8,102,1.0507,2.2931,2.1213,22.166
Yp,0,103,1.5185,2.5956,2.4279,23.134
Yp,1,103,1.1538,2.7805,2.1865,22.789
Yp,2,103,1.0930,2.7679,2.1254,22.818
Yp,3,103,1.0882,2.7502,2.1193,22.818
Yp,4,103,1.0732,2.7319,2.1126,22.818
Yp,5,103,0.7395,2.5905,2.0200,22.387
Yp,6,103,0.7892,2.5262,2.0251,22.218
Yp,7,103,0.9416,2.4186,2.1323,22.154
Yp,8,103,1.0339,2.3022,2.1104,22.166
Yp,0,104,1.5234,2.5891,2.4254,23.134
Yp,1,104,1.1561,2.7836,2.1788,22.789
Yp,2,104,1.0948,2.7723,2.1181,22.818
Yp,3,104,1.0900,2.7545,2.1121,22.818
Yp,4,104,1.0750,2.7362,2.1054,22.818
Yp,5,104,0.7314,2.5971,2.0156,22.387
Yp,6,104,0.7768,2.5351,2.0162,22.218
Yp,7,104,0.9262,2.4291,2.1217,22.154
Yp,8,104,1.0171,2.3112,2.0994,22.166
Yp,0,105,1.5283,2.5826,2.4228,23.134
Yp,1,105,1.1585,2.7868,2.1712,22.789
Yp,2,105,1.0966,2.7766,2.1109,22.818
Yp,3,105,1.0918,2.7589,2.1049,22.818
Yp,4,105,1.0768,2.7406,2.0981,22.818
Yp,5,105,0.7234,2.6037,2.0111,22.387
Yp,6,105,0.7644,2.5440,2.0072,22.320
Yp,7,105,0.9109,2.4395,2.1110,22.154
Yp,8,105,1.0025,2.3201,2.0898,22.076
Yp,0,106,1.5331,2.5760,2.4203,23.134
Yp,1,106,1.1608,2.7900,2.1635,22.789
Yp,2,106,1.0984,2.7809,2.1037,22.818
Yp,3,106,1.0936,2.7632,2.0976,22.818
Yp,4,106,1.0786,2.7449,2.0909,22.818
Yp,5,106,0.7154,2.6102,2.0067,22.387
Yp,6,106,0.7540,2.5519,2.0003,22.320
Yp,7,106,0.8955,2.4500,2.1003,22.154
Yp,8,106,0.9856,2.3286,2.0784,22.076
Yp,0,107,1.5380,2.5695,2.4178,22.879
Yp,1,107,1.1631,2.7931,2.1559,22.789
Yp,2,107,1.1002,2.7853,2.0964,22.818
Yp,3,107,1.0954,2.7676,2.0904,22.818
Yp,4,107,1.0814,2.7480,2.0847,22.676
Yp,5,107,0.7073,2.6168,2.0022,22.387
Yp,6,107,0.7437,2.5597,1.9933,22.320
Yp,7,107,0.8842,2.4591,2.0925,22.437
Yp,8,107,0.9694,2.3383,2.0669,21.974
Yp,0,108,1.5357,2.5644,2.4175,22.879
Yp,1,108,1.1654,2.7963,2.1483,22.789
Yp,2,108,1.1020,2.7896,2.0892,22.676
Yp,3,108,1.0982,2.7706,2.0842,22.676
Yp,4,108,1.0843,2.7510,2.0785,22.676
Yp,5,108,0.6993,2.6234,1.9978,22.387
Yp,6,108,0.7333,2.5676,1.9863,22.320
Yp,7,108,0.8718,2.4680,2.0836,22.218
Yp,8,108,0.9532,2.3480,2.0554,21.974
Yp,0,109,1.5333,2.5592,2.4173,22.879
Yp,1,109,1.1677,2.7994,2.1406,22.789
Yp,2,109,1.1048,2.7927,2.0830,22.676
Yp,3,109,1.1011,2.7737,2.0780,22.676
Yp,4,109,1.0871,2.7541,2.0723,22.676
Yp,5,109,0.6912,2.6300,1.9933,22.387
Yp,6,109,0.7253,2.5742,1.9819,22.387
Yp,7,109,0.8594,2.4769,2.0746,22.218
Yp,8,109,0.9370,2.3577,2.0439,21.974
Yp,0,110,1.5310,2.5541,2.4171,22.879
Yp,1,110,1.1700,2.8026,2.1330,22.789
Yp,2,110,1.1076,2.7958,2.0768,22.676
Yp,3,110,1.1039,2.7768,2.0718,22.676
Yp,4,110,1.0899,2.7572,2.0660,22.676
Yp,5,110,0.6832,2.6365,1.9889,22.387
Yp,6,110,0.7172,2.5807,1.9774,22.387
Yp,7,110,0.8470,2.4858,2.0657,22.218
Yp,8,110,0.9208,2.3673,2.0324,21.974
Yp,0,111,1.5287,2.5490,2.4168,22.879
Yp,1,111,1.1723,2.8058,2.1253,22.789
Yp,2,111,1.1105,2.7988,2.0706,22.676
Yp,3,111,1.1067,2.7798,2.0656,22.676
Yp,4,111,1.0928,2.7603,2.0598,22.676
Yp,5,111,0.6752,2.6431,1.9845,22.387
Yp,6,111,0.7092,2.5873,1.9730,22.387
Yp,7,111,0.8345,2.4947,2.0567,22.218
Yp,8,111,0.9046,2.3770,2.0209,21.974
Yp,0,112,1.5263,2.5438,2.4166,22.879
Yp,1,112,1.1746,2.8089,2.1177,22.789
Yp,2,112,1.1133,2.8019,2.0643,22.676
Yp,3,112,1.1096,2.7829,2.0593,22.676
Yp,4,112,1.0956,2.7633,2.0536,22.676
Yp,5,112,0.6671,2.6497,1.9800,22.387
Yp,6,112,0.7011,2.5939,1.9686,22.225
Yp,7,112,0.8221,2.5036,2.0477,22.218
Yp,8,112,0.8884,2.3867,2.0094,22.330
Yp,0,113,1.5240,2.5387,2.4164,22.879
Yp,1,113,1.1796,2.8093,2.1133,22.789
Yp,2,113,1.1162,2.8050,2.0581,22.676
Yp,3,113,1.1124,2.7860,2.0531,22.676
Yp,4,113,1.0985,2.7664,2.0474,22.676
Yp,5,113,0.6591,2.6562,1.9756,22.387
Yp,6,113,0.6932,2.6004,1.9630,22.225
Yp,7,113,0.8097,2.5125,2.0388,22.218
Yp,8,113,0.8755,2.3940,2.0013,22.330
Yp,0,114,1.5217,2.5336,2.4161,22.879
Yp,1,114,1.1847,2.8097,2.1089,22.789
Yp,2,114,1.1190,2.8080,2.0519,22.676
Yp,3,114,1.1153,2.7890,2.0469,22.676
Yp,4,114,1.1013,2.7695,2.0412,22.676
Yp,5,114,0.6510,2.6628,1.9711,22.387
Yp,6,114,0.6852,2.6070,1.9574,22.225
Yp,7,114,0.7973,2.5214,2.0298,22.218
Yp,8,114,0.8625,2.4013,1.9933,22.330
Yp,0,115,1.5194,2.5284,2.4159,22.879
Yp,1,115,1.1898,2.8101,2.1045,22.879
Yp,2,115,1.1218,2.8111,2.0457,22.666
Yp,3,115,1.1181,2.7921,2.0407,22.676
Yp,4,115,1.1041,2.7725,2.0350,22.676
Yp,5,115,0.6461,2.6683,1.9682,22.284
Yp,6,115,0.6772,2.6136,1.9518,22.225
Yp,7,115,0.7849,2.5303,2.0209,22.218
Yp,8,115,0.8496,2.4086,1.9853,22.330
Yp,0,116,1.5170,2.5233,2.4157,22.879
Yp,1,116,1.1948,2.8105,2.1000,22.879
Yp,2,116,1.1245,2.8154,2.0407,22.666
Yp,3,116,1.1209,2.7952,2.0345,22.676
Yp,4,116,1.1070,2.7756,2.0288,22.676
Yp,5,116,0.6412,2.6738,1.9653,22.284
Yp,6,116,0.6693,2.6202,1.9462,22.225
Yp,7,116,0.7725,2.5392,2.0119,22.218
Yp,8,116,0.8367,2.4159,1.9772,22.330
Yp,0,117,1.5147,2.5182,2.4154,22.879
Yp,1,117,1.1999,2.8109,2.0956,22.879
Yp,2,117,1.1271,2.8197,2.0356,22.666
Yp,3,117,1.1238,2.7983,2.0283,22.676
Yp,4,117,1.1098,2.7787,2.0226,22.676
Yp,5,117,0.6363,2.6792,1.9624,22.284
Yp,6,117,0.6613,2.6268,1.9406,22.225
Yp,7,117,0.7622,2.5470,2.0049,22.320
Yp,8,117,0.8237,2.4233,1.9692,22.116
Yp,0,118,1.5124,2.5130,2.4152,22.879
Yp,1,118,1.2049,2.8113,2.0912,22.879
Yp,2,118,1.1297,2.8240,2.0305,22.727
Yp,3,118,1.1266,2.8013,2.0221,22.676
Yp,4,118,1.1127,2.7817,2.0164,22.676
Yp,5,118,0.6314,2.6847,1.9595,22.284
Yp,6,118,0.6533,2.6334,1.9350,22.225
Yp,7,118,0.7518,2.5549,1.9980,22.320
Yp,8,118,0.8094,2.4302,1.9596,22.116
Yp,0,119,1.5100,2.5079,2.4150,22.879
Yp,1,119,1.2111,2.8112,2.0882,22.727
Yp,2,119,1.1358,2.8238,2.0275,22.727
Yp,3,119,1.1295,2.8044,2.0159,22.673
Yp,4,119,1.1155,2.7848,2.0102,22.676
Yp,5,119,0.6264,2.6902,1.9566,23.398
Yp,6,119,0.6454,2.6400,1.9294,22.284
Yp,7,119,0.7414,2.5627,1.9910,22.320
Yp,8,119,0.7950,2.4371,1.9501,22.116
Yp,0,120,1.5077,2.5027,2.4148,22.879
Yp,1,120,1.2172,2.8110,2.0852,22.727
Yp,2,120,1.1419,2.8237,2.0246,22.727
Yp,3,120,1.1327,2.8059,2.0096,22.673
Yp,4,120,1.1183,2.7879,2.0039,22.676
Yp,5,120,0.6215,2.6957,1.9537,23.398
Yp,6,120,0.6404,2.6454,1.9264,22.284
Yp,7,120,0.7311,2.5706,1.9841,22.387
Yp,8,120,0.7807,2.4441,1.9406,22.116
Yp,0,121,1.5054,2.4976,2.4145,22.879
Yp,1,121,1.2233,2.8109,2.0822,22.727
Yp,2,121,1.1480,2.8235,2.0216,22.727
Yp,3,121,1.1360,2.8075,2.0032,22.673
Yp,4,121,1.1212,2.7910,1.9977,22.676
Yp,5,121,0.6249,2.6938,1.9557,23.398
Yp,6,121,0.6355,2.6509,1.9235,22.284
Yp,7,121,0.7230,2.5772,1.9796,22.387
Yp,8,121,0.7664,2.4510,1.9311,22.150
Yp,0,122,1.5030,2.4925,2.4143,22.879
Yp,1,122,1.2294,2.8107,2.0792,22.727
Yp,2,122,1.1541,2.8234,2.0186,22.727
Yp,3,122,1.1393,2.8090,1.9969,22.673
Yp,4,122,1.1240,2.7940,1.9915,22.676
Yp,5,122,0.6283,2.6919,1.9577,23.398
Yp,6,122,0.6306,2.6564,1.9206,22.284
Yp,7,122,0.7150,2.5838,1.9752,22.387
Yp,8,122,0.7559,2.4586,1.9232,22.150
Yp,0,123,1.5007,2.4873,2.4141,22.879
Yp,1,123,1.2355,2.8106,2.0762,22.727
Yp,2,123,1.1602,2.8232,2.0156,22.727
Yp,3,123,1.1426,2.8105,1.9906,22.727
Yp,4,123,1.1269,2.7971,1.9853,22.676
Yp,5,123,0.6317,2.6901,1.9598,23.398
Yp,6,123,0.6257,2.6619,1.9177,22.284
Yp,7,123,0.7069,2.5903,1.9707,22.387
Yp,8,123,0.7455,2.4662,1.9153,22.150
Yp,0,124,1.4984,2.4822,2.4138,22.879
Yp,1,124,1.2416,2.8104,2.0732,22.727
Yp,2,124,1.1664,2.8231,2.0126,22.727
Yp,3,124,1.1487,2.8104,1.9876,22.727
Yp,4,124,1.1297,2.8002,1.9791,22.673
Yp,5,124,0.6267,2.6956,1.9569,23.398
Yp,6,124,0.6208,2.6673,1.9148,22.284
Yp,7,124,0.6990,2.5969,1.9651,22.225
Yp,8,124,0.7351,2.4739,1.9074,22.150
Yp,0,125,1.4961,2.4771,2.4136,22.879
Yp,1,125,1.2477,2.8103,2.0703,22.727
Yp,2,125,1.1725,2.8229,2.0096,22.727
Yp,3,125,1.1548,2.8102,1.9846,22.727
Yp,4,125,1.1330,2.8017,1.9728,22.673
Yp,5,125,0.6301,2.6937,1.9589,23.398
Yp,6,125,0.6158,2.6728,1.9119,22.284
Yp,7,125,0.6910,2.6035,1.9595,22.225
Yp,8,125,0.7247,2.4815,1.8995,22.150
Yp,0,126,1.4937,2.4719,2.4134,22.879
Yp,1,126,1.2539,2.8086,2.0670,22.771
Yp,2,126,1.1786,2.8228,2.0066,22.727
Yp,3,126,1.1609,2.8101,1.9816,22.727
Yp,4,126,1.1375,2.8023,1.9680,22.539
Yp,5,126,0.6335,2.6919,1.9610,23.398
Yp,6,126,0.6109,2.6783,1.9090,22.284
Yp,7,126,0.6830,2.6101,1.9539,22.225
Yp,8,126,0.7143,2.4891,1.8916,22.150
Yp,0,127,1.4914,2.4668,2.4131,22.879
Yp,1,127,1.2603,2.8054,2.0640,22.771
Yp,2,127,1.1847,2.8226,2.0036,22.727
Yp,3,127,1.1642,2.8116,1.9753,22.727
Yp,4,127,1.1420,2.8029,1.9633,22.539
Yp,5,127,0.6369,2.6900,1.9630,23.398
Yp,6,127,0.6060,2.6838,1.9061,22.284
Yp,7,127,0.6751,2.6167,1.9483,22.225
Yp,8,127,0.7039,2.4967,1.8837,22.150
Yp,0,128,1.4891,2.4617,2.4129,22.935
Yp,1,128,1.2666,2.8022,2.0609,22.771
Yp,2,128,1.1908,2.8225,2.0006,22.727
Yp,3,128,1.1703,2.8114,1.9723,22.727
Yp,4,128,1.1465,2.8035,1.9585,22.539
Yp,5,128,0.6320,2.6955,1.9601,23.398
Yp,6,128,0.6011,2.6892,1.9032,22.284
Yp,7,128,0.6671,2.6232,1.9427,22.225
Yp,8,128,0.6935,2.5043,1.8758,22.150
Yp,0,129,1.4867,2.4565,2.4127,22.935
Yp,1,129,1.2730,2.7990,2.0579,22.771
Yp,2,129,1.1969,2.8223,1.9976,22.727
Yp,3,129,1.1764,2.8113,1.9693,22.566
Yp,4,129,1.1509,2.8041,1.9537,22.539
Yp,5,129,0.6353,2.6936,1.9621,23.398
Yp,6,129,0.6045,2.6874,1.9052,22.284
Yp,7,129,0.6591,2.6298,1.9371,22.225
Yp,8,129,0.6830,2.5119,1.8679,22.150
Yp,0,130,1.4877,2.4546,2.4106,22.935
Yp,1,130,1.2794,2.7958,2.0549,22.771
Yp,2,130,1.2030,2.8222,1.9946,22.727
Yp,3,130,1.1839,2.8110,1.9679,22.566
Yp,4,130,1.1554,2.8047,1.9490,22.539
Yp,5,130,0.6387,2.6918,1.9642,23.398
Yp,6,130,0.6078,2.6855,1.9072,22.284
Yp,7,130,0.6512,2.6364,1.9315,22.225
Yp,8,130,0.6726,2.5196,1.8600,22.150
Yp,0,131,1.4887,2.4527,2.4086,22.935
Yp,1,131,1.2857,2.7926,2.0519,22.771
Yp,2,131,1.2091,2.8220,1.9916,22.727
Yp,3,131,1.1914,2.8107,1.9665,22.566
Yp,4,131,1.1599,2.8054,1.9442,22.539
Yp,5,131,0.6421,2.6899,1.9662,22.284
Yp,6,131,0.6029,2.6910,1.9043,23.398
Yp,7,131,0.6462,2.6419,1.9286,22.284
Yp,8,131,0.6622,2.5272,1.8521,22.150
Yp,0,132,1.4897,2.4507,2.4065,22.879
Yp,1,132,1.2921,2.7894,2.0489,22.771
Yp,2,132,1.2152,2.8219,1.9886,22.727
Yp,3,132,1.1989,2.8105,1.9651,22.566
Yp,4,132,1.1644,2.8060,1.9395,22.539
Yp,5,132,0.6455,2.6881,1.9682,22.284
Yp,6,132,0.6063,2.6891,1.9064,22.284
Yp,7,132,0.6413,2.6474,1.9257,22.284
Yp,8,132,0.6538,2.5338,1.8435,21.928
Yp,0,133,1.4801,2.4532,2.4034,22.935
Yp,1,133,1.2984,2.7862,2.0459,22.771
Yp,2,133,1.2213,2.8217,1.9856,22.727
Yp,3,133,1.2064,2.8102,1.9637,22.566
Yp,4,133,1.1689,2.8066,1.9347,22.539
Yp,5,133,0.6489,2.6862,1.9703,22.424
Yp,6,133,0.6097,2.6873,1.9084,22.284
Yp,7,133,0.6364,2.6528,1.9228,22.284
Yp,8,133,0.6455,2.5403,1.8349,22.059
Yp,0,134,1.4811,2.4513,2.4014,22.935
Yp,1,134,1.3048,2.7830,2.0429,22.771
Yp,2,134,1.2274,2.8216,1.9826,22.727
Yp,3,134,1.2140,2.8099,1.9623,22.539
Yp,4,134,1.1734,2.8072,1.9299,22.539
Yp,5,134,0.6439,2.6917,1.9674,23.398
Yp,6,134,0.6131,2.6854,1.9105,22.284
Yp,7,134,0.6315,2.6583,1.9199,22.284
Yp,8,134,0.6383,2.5422,1.8298,22.059
Yp,0,135,1.4820,2.4493,2.3993,22.524
Yp,1,135,1.3112,2.7798,2.0398,22.771
Yp,2,135,1.2335,2.8214,1.9796,22.727
Yp,3,135,1.2215,2.8096,1.9609,22.539
Yp,4,135,1.1778,2.8078,1.9252,22.539
Yp,5,135,0.6473,2.6898,1.9694,22.284
Yp,6,135,0.6081,2.6909,1.9075,23.398
Yp,7,135,0.6266,2.6638,1.9170,22.284
Yp,8,135,0.6311,2.5440,1.8248,22.059
Yp,0,136,1.4830,2.4474,2.3973,22.524
Yp,1,136,1.3175,2.7766,2.0368,22.771
Yp,2,136,1.2396,2.8213,1.9766,22.727
Yp,3,136,1.2259,2.8103,1.9561,22.566
Yp,4,136,1.1823,2.8084,1.9204,22.539
Yp,5,136,0.6507,2.6880,1.9715,22.387
Yp,6,136,0.6032,2.6964,1.9046,23.398
Yp,7,136,0.6216,2.6693,1.9141,22.284
Yp,8,136,0.6239,2.5459,1.8197,22.059
Yp,0,137,1.4734,2.4499,2.3942,22.524
Yp,1,137,1.3239,2.7734,2.0338,22.771
Yp,2,137,1.2457,2.8211,1.9736,22.727
Yp,3,137,1.2334,2.8100,1.9547,22.539
Yp,4,137,1.1868,2.8090,1.9157,22.539
Yp,5,137,0.6541,2.6861,1.9735,22.387
Yp,6,137,0.6066,2.6945,1.9067,23.398
Yp,7,137,0.6167,2.6747,1.9112,22.284
Yp,8,137,0.6167,2.5478,1.8146,22.059
Yp,0,138,1.4744,2.4480,2.3921,22.524
Yp,1,138,1.3302,2.7702,2.0308,22.771
Yp,2,138,1.2518,2.8210,1.9706,22.753
Yp,3,138,1.2410,2.8097,1.9533,22.539
Yp,4,138,1.1913,2.8096,1.9109,22.539
Yp,5,138,0.6460,2.6927,1.9690,23.398
Yp,6,138,0.6100,2.6927,1.9087,23.398
Yp,7,138,0.6118,2.6802,1.9083,22.284
Yp,8,138,0.6095,2.5496,1.8096,22.059
Yp,0,139,1.4648,2.4504,2.3890,22.935
Yp,1,139,1.3366,2.7670,2.0278,22.771
Yp,2,139,1.2593,2.8193,1.9691,22.584
Yp,3,139,1.2485,2.8094,1.9519,22.539
Yp,4,139,1.1958,2.8102,1.9061,22.566
Yp,5,139,0.6494,2.6908,1.9711,22.457
Yp,6,139,0.6134,2.6908,1.9108,23.398
Yp,7,139,0.6069,2.6857,1.9053,22.284
Yp,8,139,0.6023,2.5515,1.8045,22.059
Yp,0,140,1.4552,2.4529,2.3859,22.935
Yp,1,140,1.3430,2.7638,2.0248,22.771
Yp,2,140,1.2668,2.8177,1.9675,22.584
Yp,3,140,1.2559,2.8065,1.9505,22.594
Yp,4,140,1.2033,2.8100,1.9047,22.539
Yp,5,140,0.6528,2.6890,1.9731,22.387
Yp,6,140,0.6084,2.6963,1.9078,23.398
Yp,7,140,0.6020,2.6912,1.9024,23.398
Yp,8,140,0.5951,2.5533,1.7995,22.059
Yp,0,141,1.4562,2.4510,2.3839,22.935
Yp,1,141,1.3493,2.7606,2.0218,22.771
Yp,2,141,1.2743,2.8160,1.9659,22.584
Yp,3,141,1.2634,2.8036,1.9492,22.594
Yp,4,141,1.2108,2.8097,1.9033,22.539
Yp,5,141,0.6562,2.6871,1.9752,22.387
Yp,6,141,0.6118,2.6944,1.9099,23.398
Yp,7,141,0.6053,2.6893,1.9045,22.284
Yp,8,141,0.5879,2.5552,1.7944,22.059
Yp,0,142,1.4572,2.4491,2.3818,22.524
Yp,1,142,1.3557,2.7574,2.0187,22.771
Yp,2,142,1.2818,2.8144,1.9643,22.584
Yp,3,142,1.2708,2.8007,1.9478,22.594
Yp,4,142,1.2153,2.8103,1.8986,22.566
Yp,5,142,0.6521,2.6948,1.9714,22.457
Yp,6,142,0.6152,2.6926,1.9119,23.398
Yp,7,142,0.6087,2.6875,1.9065,22.284
Yp,8,142,0.5807,2.5570,1.7893,22.059
Yp,0,143,1.4582,2.4471,2.3798,22.524
Yp,1,143,1.3620,2.7542,2.0157,22.771
Yp,2,143,1.2893,2.8127,1.9627,22.584
Yp,3,143,1.2783,2.7978,1.9464,22.594
Yp,4,143,1.2228,2.8100,1.8972,22.566
Yp,5,143,0.6491,2.7023,1.9670,23.398
Yp,6,143,0.6186,2.6907,1.9140,23.398
Yp,7,143,0.6121,2.6856,1.9086,22.284
Yp,8,143,0.5735,2.5589,1.7843,22.059
Yp,0,144,1.4486,2.4496,2.3767,22.524
Yp,1,144,1.3684,2.7511,2.0127,22.771
Yp,2,144,1.2968,2.8110,1.9612,22.584
Yp,3,144,1.2857,2.7949,1.9451,22.594
Yp,4,144,1.2273,2.8106,1.8924,22.566
Yp,5,144,0.6460,2.7098,1.9627,23.398
Yp,6,144,0.6137,2.6962,1.9111,23.398
Yp,7,144,0.6072,2.6911,1.9056,23.398
Yp,8,144,0.5663,2.5607,1.7792,22.059
Yp,0,145,1.4495,2.4477,2.3746,22.524
Yp,1,145,1.3747,2.7466,2.0103,22.778
Yp,2,145,1.3043,2.8094,1.9596,22.594
Yp,3,145,1.2932,2.7920,1.9437,22.594
Yp,4,145,1.2348,2.8104,1.8910,22.566
Yp,5,145,0.6494,2.7080,1.9647,22.321
Yp,6,145,0.6170,2.6943,1.9131,23.398
Yp,7,145,0.6106,2.6892,1.9077,22.284
Yp,8,145,0.5591,2.5626,1.7742,22.059
Yp,0,146,1.4400,2.4502,2.3715,22.935
Yp,1,146,1.3810,2.7421,2.0079,22.778
Yp,2,146,1.3117,2.8065,1.9582,22.594
Yp,3,146,1.3006,2.7891,1.9424,22.594
Yp,4,146,1.2423,2.8101,1.8896,22.566
Yp,5,146,0.6528,2.7061,1.9668,22.321
Yp,6,146,0.6204,2.6925,1.9151,23.398
Yp,7,146,0.6139,2.6874,1.9097,22.284
Yp,8,146,0.5519,2.5645,1.7691,22.059
Yp,0,147,1.4304,2.4526,2.3684,22.935
Yp,1,147,1.3873,2.7376,2.0055,22.778
Yp,2,147,1.3192,2.8036,1.9569,22.594
Yp,3,147,1.3081,2.7862,1.9410,22.594
Yp,4,147,1.2468,2.8107,1.8848,22.566
Yp,5,147,0.6498,2.7136,1.9624,22.321
Yp,6,147,0.6238,2.6906,1.9172,23.398
Yp,7,147,0.6173,2.6855,1.9118,22.284
Yp,8,147,0.5447,2.5663,1.7640,22.059
Yp,0,148,1.4313,2.4507,2.3664,22.935
Yp,1,148,1.3936,2.7331,2.0031,22.778
Yp,2,148,1.3266,2.8007,1.9555,22.594
Yp,3,148,1.3155,2.7833,1.9396,22.594
Yp,4,148,1.2543,2.8090,1.8832,22.594
Yp,5,148,0.6531,2.7118,1.9645,22.321
Yp,6,148,0.6189,2.6961,1.9143,23.398
Yp,7,148,0.6124,2.6910,1.9089,23.398
Yp,8,148,0.5375,2.5682,1.7590,22.059
Yp,0,149,1.4217,2.4532,2.3633,22.935
Yp,1,149,1.3999,2.7286,2.0007,22.778
Yp,2,149,1.3341,2.7978,1.9541,22.594
Yp,3,149,1.3230,2.7804,1.9383,22.594
Yp,4,149,1.2617,2.8061,1.8819,22.594
Yp,5,149,0.6501,2.7193,1.9601,22.321
Yp,6,149,0.6223,2.6943,1.9163,23.398
Yp,7,149,0.6158,2.6891,1.9109,22.284
Yp,8,149,0.5303,2.5700,1.7539,22.091
Yp,0,150,1.4227,2.4513,2.3612,22.935
Yp,1,150,1.4062,2.7241,1.9982,22.778
Yp,2,150,1.3415,2.7948,1.9528,22.594
Yp,3,150,1.3304,2.7775,1.9369,22.594
Yp,4,150,1.2692,2.8032,1.8805,22.594
Yp,5,150,0.6535,2.7175,1.9622,22.321
Yp,6,150,0.6256,2.6924,1.9183,23.398
Yp,7,150,0.6192,2.6873,1.9129,22.284
Yp,8,150,0.5296,2.5752,1.7515,22.091
Yp,0,151,1.4237,2.4493,2.3592,22.524
Yp,1,151,1.4125,2.7197,1.9958,22.778
Yp,2,151,1.3490,2.7919,1.9514,22.594
Yp,3,151,1.3379,2.7746,1.9356,22.594
Yp,4,151,1.2766,2.8003,1.8792,22.594
Yp,5,151,0.6504,2.7250,1.9578,22.321
Yp,6,151,0.6290,2.6905,1.9204,23.398
Yp,7,151,0.6225,2.6854,1.9150,22.284
Yp,8,151,0.5289,2.5805,1.7491,22.358
Yp,0,152,1.4247,2.4474,2.3571,22.524
Yp,1,152,1.4188,2.7152,1.9934,22.778
Yp,2,152,1.3564,2.7890,1.9501,22.594
Yp,3,152,1.3453,2.7717,1.9342,22.594
Yp,4,152,1.2841,2.7974,1.8778,22.594
Yp,5,152,0.6538,2.7231,1.9599,22.321
Yp,6,152,0.6241,2.6960,1.9175,23.398
Yp,7,152,0.6176,2.6909,1.9121,23.398
Yp,8,152,0.5283,2.5857,1.7467,22.358
Yp,0,153,1.4151,2.4499,2.3540,22.524
Yp,1,153,1.4251,2.7107,1.9910,22.778
Yp,2,153,1.3639,2.7861,1.9487,22.594
Yp,3,153,1.3528,2.7688,1.9328,22.594
Yp,4,153,1.2915,2.7945,1.8764,22.594
Yp,5,153,0.6508,2.7306,1.9555,22.321
Yp,6,153,0.6275,2.6942,1.9195,23.398
Yp,7,153,0.6127,2.6964,1.9092,23.398
Yp,8,153,0.5276,2.5909,1.7443,22.358
Yp,0,154,1.4161,2.4479,2.3520,22.524
Yp,1,154,1.4314,2.7062,1.9886,22.778
Yp,2,154,1.3713,2.7832,1.9473,22.593
Yp,3,154,1.3602,2.7659,1.9315,22.594
Yp,4,154,1.2990,2.7916,1.8751,22.594
Yp,5,154,0.6478,2.7382,1.9512,23.398
Yp,6,154,0.6309,2.6923,1.9216,23.398
Yp,7,154,0.6161,2.6945,1.9112,23.398
Yp,8,154,0.5269,2.5961,1.7419,22.358
Yp,0,155,1.4065,2.4504,2.3489,22.935
Yp,1,155,1.4377,2.7017,1.9862,22.778
Yp,2,155,1.3786,2.7793,1.9465,22.593
Yp,3,155,1.3677,2.7629,1.9301,22.594
Yp,4,155,1.3064,2.7887,1.8737,22.594
Yp,5,155,0.6447,2.7457,1.9469,23.398
Yp,6,155,0.6342,2.6905,1.9236,23.398
Yp,7,155,0.6195,2.6927,1.9132,23.398
Yp,8,155,0.5262,2.6014,1.7396,22.358
Yp,0,156,1.3969,2.4529,2.3458,22.935
Yp,1,156,1.4439,2.6972,1.9838,22.778
Yp,2,156,1.3859,2.7753,1.9456,22.593
Yp,3,156,1.3749,2.7590,1.9292,22.593
Yp,4,156,1.3139,2.7858,1.8724,22.594
Yp,5,156,0.6481,2.7438,1.9489,23.398
Yp,6,156,0.6293,2.6959,1.9207,23.398
Yp,7,156,0.6228,2.6908,1.9153,23.398
Yp,8,156,0.5256,2.6066,1.7372,22.358
Yp,0,157,1.3979,2.4510,2.3437,22.935
Yp,1,157,1.4502,2.6927,1.9814,22.778
Yp,2,157,1.3932,2.7713,1.9447,22.593
Yp,3,157,1.3822,2.7550,1.9283,22.593
Yp,4,157,1.3213,2.7829,1.8710,22.594
Yp,5,157,0.6451,2.7514,1.9446,23.398
Yp,6,157,0.6327,2.6941,1.9227,23.398
Yp,7,157,0.6179,2.6963,1.9124,23.398
Yp,8,157,0.5249,2.6118,1.7348,22.358
Yp,0,158,1.3988,2.4490,2.3417,22.524
Yp,1,158,1.4565,2.6883,1.9790,22.672
Yp,2,158,1.4004,2.7674,1.9438,22.593
Yp,3,158,1.3895,2.7511,1.9274,22.593
Yp,4,158,1.3288,2.7800,1.8696,22.594
Yp,5,158,0.6484,2.7495,1.9466,23.398
Yp,6,158,0.6361,2.6922,1.9248,23.398
Yp,7,158,0.6213,2.6944,1.9144,23.398
Yp,8,158,0.5242,2.6170,1.7324,22.358
Yp,0,159,1.3998,2.4471,2.3396,22.524
Yp,1,159,1.4595,2.6849,1.9762,22.672
Yp,2,159,1.4077,2.7634,1.9429,22.593
Yp,3,159,1.3968,2.7471,1.9266,22.593
Yp,4,159,1.3362,2.7771,1.8683,22.594
Yp,5,159,0.6454,2.7570,1.9423,23.398
Yp,6,159,0.6395,2.6904,1.9268,23.398
Yp,7,159,0.6247,2.6926,1.9164,23.398
Yp,8,159,0.5236,2.6223,1.7300,22.340
Yp,0,160,1.3902,2.4496,2.3365,22.524
Yp,1,160,1.4625,2.6815,1.9734,22.672
Yp,2,160,1.4150,2.7594,1.9420,22.593
Yp,3,160,1.4040,2.7431,1.9257,22.593
Yp,4,160,1.3437,2.7742,1.8669,22.594
Yp,5,160,0.6488,2.7552,1.9443,23.398
Yp,6,160,0.6345,2.6958,1.9239,23.398
Yp,7,160,0.6281,2.6907,1.9185,23.398
Yp,8,160,0.5237,2.6274,1.7271,22.340
Yp,0,161,1.3912,2.4477,2.3345,22.524
Yp,1,161,1.4655,2.6780,1.9706,22.672
Yp,2,161,1.4223,2.7555,1.9411,22.593
Yp,3,161,1.4113,2.7392,1.9248,22.593
Yp,4,161,1.3511,2.7713,1.8656,22.594
Yp,5,161,0.6458,2.7627,1.9400,23.398
Yp,6,161,0.6379,2.6940,1.9259,23.398
Yp,7,161,0.6231,2.6962,1.9156,23.398
Yp,8,161,0.5238,2.6326,1.7243,22.340
Yp,0,162,1.3816,2.4501,2.3314,22.935
Yp,1,162,1.4691,2.6748,1.9684,22.536
Yp,2,162,1.4295,2.7515,1.9402,22.593
Yp,3,162,1.4186,2.7352,1.9239,22.593
Yp,4,162,1.3586,2.7684,1.8642,22.594
Yp,5,162,0.6491,2.7609,1.9420,23.398
Yp,6,162,0.6413,2.6921,1.9280,23.398
Yp,7,162,0.6265,2.6943,1.9176,23.398
Yp,8,162,0.5239,2.6377,1.7215,22.340
Yp,0,163,1.3720,2.4526,2.3283,22.861
Yp,1,163,1.4727,2.6715,1.9662,22.536
Yp,2,163,1.4368,2.7475,1.9393,22.593
Yp,3,163,1.4259,2.7312,1.9230,22.593
Yp,4,163,1.3660,2.7655,1.8628,22.594
Yp,5,163,0.6461,2.7684,1.9377,23.398
Yp,6,163,0.6447,2.6903,1.9300,23.398
Yp,7,163,0.6299,2.6925,1.9197,23.398
Yp,8,163,0.5241,2.6429,1.7187,22.340
Yp,0,164,1.3731,2.4491,2.3264,22.437
Yp,1,164,1.4764,2.6683,1.9640,22.536
Yp,2,164,1.4441,2.7436,1.9384,22.593
Yp,3,164,1.4331,2.7273,1.9221,22.593
Yp,4,164,1.3733,2.7615,1.8619,22.593
Yp,5,164,0.6495,2.7665,1.9397,22.321
Yp,6,164,0.6398,2.6958,1.9271,23.398
Yp,7,164,0.6333,2.6906,1.9217,23.398
Yp,8,164,0.5242,2.6481,1.7158,22.340
Yp,0,165,1.3555,2.4562,2.3182,22.479
Yp,1,165,1.4800,2.6650,1.9618,22.536
Yp,2,165,1.4514,2.7396,1.9376,22.593
Yp,3,165,1.4404,2.7233,1.9212,22.593
Yp,4,165,1.3806,2.7575,1.8611,22.593
Yp,5,165,0.6529,2.7647,1.9417,22.321
Yp,6,165,0.6431,2.6939,1.9291,23.398
Yp,7,165,0.6284,2.6961,1.9188,23.398
Yp,8,165,0.5243,2.6532,1.7130,22.340
Yp,0,166,1.3479,2.4588,2.3143,22.479
Yp,1,166,1.4836,2.6617,1.9596,22.536
Yp,2,166,1.4586,2.7356,1.9367,22.593
Yp,3,166,1.4477,2.7193,1.9203,22.593
Yp,4,166,1.3878,2.7536,1.8602,22.593
Yp,5,166,0.6498,2.7722,1.9374,22.321
Yp,6,166,0.6465,2.6920,1.9312,23.398
Yp,7,166,0.6317,2.6942,1.9208,23.398
Yp,8,166,0.5244,2.6584,1.7102,22.340
Yp,0,167,1.3403,2.4614,2.3104,22.479
Yp,1,167,1.4872,2.6585,1.9574,22.536
Yp,2,167,1.4659,2.7317,1.9358,22.593
Yp,3,167,1.4550,2.7154,1.9194,22.593
Yp,4,167,1.3951,2.7496,1.8593,22.593
Yp,5,167,0.6532,2.7703,1.9394,22.321
Yp,6,167,0.6499,2.6902,1.9332,22.321
Yp,7,167,0.6351,2.6924,1.9229,23.398
Yp,8,167,0.5246,2.6635,1.7073,22.340
Yp,0,168,1.3327,2.4641,2.3065,22.479
Yp,1,168,1.4908,2.6552,1.9552,22.537
Yp,2,168,1.4732,2.7277,1.9349,22.593
Yp,3,168,1.4622,2.7114,1.9185,22.593
Yp,4,168,1.4024,2.7456,1.8584,22.593
Yp,5,168,0.6502,2.7779,1.9351,22.321
Yp,6,168,0.6533,2.6883,1.9353,22.225
Yp,7,168,0.6385,2.6905,1.9249,23.398
Yp,8,168,0.5247,2.6687,1.7045,22.340
Yp,0,169,1.3251,2.4667,2.3026,22.479
Yp,1,169,1.4968,2.6498,1.9553,22.537
Yp,2,169,1.4805,2.7238,1.9340,22.593
Yp,3,169,1.4695,2.7074,1.9177,22.593
Yp,4,169,1.4097,2.7417,1.8575,22.593
Yp,5,169,0.6536,2.7760,1.9371,22.321
Yp,6,169,0.6502,2.6959,1.9309,22.321
Yp,7,169,0.6336,2.6960,1.9220,23.398
Yp,8,169,0.5248,2.6739,1.7017,22.340
Ym,0,0,1.7000,1.5430,2.6000,23.392
Ym,1,0,1.7750,1.5430,2.6000,23.368
Ym,2,0,1.8500,1.5430,2.6000,23.393
Ym,3,0,1.9250,1.5430,2.6000,23.393
Ym,4,0,2.0000,1.5430,2.6000,23.400
Ym,5,0,2.0750,1.5430,2.6000,23.400
Ym,6,0,2.1500,1.5430,2.6000,23.380
Ym,7,0,2.2250,1.5430,2.6000,23.365
Ym,8,0,2.3000,1.5430,2.6000,23.365
Ym,0,1,1.7079,1.5530,2.5996,23.392
Ym,1,1,1.7839,1.5533,2.5996,23.368
Ym,2,1,1.8600,1.5517,2.5995,23.393
Ym,3,1,1.9350,1.5517,2.5995,23.393
Ym,4,1,2.0126,1.5515,2.5993,23.400
Ym,5,1,2.0876,1.5515,2.5993,23.400
Ym,6,1,2.1629,1.5536,2.5994,23.380
Ym,7,1,2.2376,1.5550,2.5993,23.365
Ym,8,1,2.3126,1.5550,2.5993,23.365
Ym,0,2,1.7158,1.5630,2.5993,23.392
Ym,1,2,1.7928,1.5637,2.5992,23.368
Ym,2,2,1.8701,1.5604,2.5990,23.393
Ym,3,2,1.9451,1.5604,2.5990,23.393
Ym,4,2,2.0252,1.5600,2.5985,23.400
Ym,5,2,2.1005,1.5621,2.5986,23.380
Ym,6,2,2.1759,1.5642,2.5987,23.380
Ym,7,2,2.2502,1.5670,2.5987,23.365
Ym,8,2,2.3252,1.5670,2.5987,23.365
Ym,0,3,1.7237,1.5729,2.5989,23.392
Ym,1,3,1.8017,1.5740,2.5988,23.368
Ym,2,3,1.8801,1.5691,2.5984,23.393
Ym,3,3,1.9551,1.5691,2.5984,23.393
Ym,4,3,2.0379,1.5684,2.5978,23.400
Ym,5,3,2.1135,1.5727,2.5980,23.380
Ym,6,3,2.1888,1.5748,2.5981,23.380
Ym,7,3,2.2628,1.5791,2.5980,23.365
Ym,8,3,2.3372,1.5791,2.5982,23.343
Ym,0,4,1.7316,1.5829,2.5986,23.368
Ym,1,4,1.8106,1.5844,2.5984,23.368
Ym,2,4,1.8902,1.5779,2.5979,23.393
Ym,3,4,1.9652,1.5779,2.5979,23.393
Ym,4,4,2.0505,1.5769,2.5970,23.400
Ym,5,4,2.1264,1.5833,2.5973,23.380
Ym,6,4,2.2017,1.5854,2.5974,23.380
Ym,7,4,2.2754,1.5911,2.5974,23.365
Ym,8,4,2.3492,1.5912,2.5977,23.343
Ym,0,5,1.7406,1.5932,2.5982,23.368
Ym,1,5,1.8195,1.5947,2.5980,23.368
Ym,2,5,1.9002,1.5866,2.5974,23.393
Ym,3,5,1.9778,1.5863,2.5972,23.400
Ym,4,5,2.0631,1.5854,2.5963,23.400
Ym,5,5,2.1393,1.5938,2.5967,23.380
Ym,6,5,2.2146,1.5960,2.5968,23.365
Ym,7,5,2.2880,1.6031,2.5967,23.365
Ym,8,5,2.3612,1.6032,2.5973,23.343
Ym,0,6,1.7495,1.6036,2.5978,23.368
Ym,1,6,1.8285,1.6051,2.5976,23.368
Ym,2,6,1.9102,1.5953,2.5969,23.393
Ym,3,6,1.9904,1.5948,2.5964,23.400
Ym,4,6,2.0757,1.5939,2.5955,23.400
Ym,5,6,2.1522,1.6044,2.5961,23.380
Ym,6,6,2.2272,1.6080,2.5961,23.365
Ym,7,6,2.3006,1.6151,2.5961,23.387
Ym,8,6,2.3732,1.6153,2.5968,23.380
Ym,0,7,1.7584,1.6139,2.5974,23.453
Ym,1,7,1.8365,1.6102,2.5968,23.453
Ym,2,7,1.9203,1.6040,2.5964,23.393
Ym,3,7,2.0030,1.6033,2.5957,23.400
Ym,4,7,2.0883,1.6024,2.5948,23.400
Ym,5,7,2.1652,1.6150,2.5954,23.379
Ym,6,7,2.2399,1.6195,2.5951,23.387
Ym,7,7,2.3132,1.6267,2.5950,23.387
Ym,8,7,2.3845,1.6267,2.5962,23.380
Ym,0,8,1.7665,1.6191,2.5966,23.453
Ym,1,8,1.8446,1.6154,2.5960,23.453
Ym,2,8,1.9303,1.6127,2.5958,23.434
Ym,3,8,2.0156,1.6118,2.5949,23.356
Ym,4,8,2.1013,1.6130,2.5941,23.379
Ym,5,8,2.1784,1.6243,2.5944,23.379
Ym,6,8,2.2525,1.6311,2.5941,23.387
Ym,7,8,2.3259,1.6382,2.5940,23.387
Ym,8,8,2.3957,1.6380,2.5956,23.380
Ym,0,9,1.7746,1.6243,2.5958,23.453
Ym,1,9,1.8527,1.6206,2.5952,23.434
Ym,2,9,1.9403,1.6186,2.5951,23.434
Ym,3,9,2.0274,1.6193,2.5934,23.356
Ym,4,9,2.1145,1.6222,2.5932,23.379
Ym,5,9,2.1916,1.6336,2.5935,23.379
Ym,6,9,2.2652,1.6426,2.5930,23.387
Ym,7,9,2.3372,1.6496,2.5934,23.380
Ym,8,9,2.4070,1.6494,2.5950,23.380
Ym,0,10,1.7826,1.6295,2.5949,23.453
Ym,1,10,1.8627,1.6265,2.5945,23.434
Ym,2,10,1.9503,1.6245,2.5944,23.434
Ym,3,10,2.0391,1.6268,2.5918,23.356
Ym,4,10,2.1277,1.6315,2.5922,23.379
Ym,5,10,2.2049,1.6429,2.5925,23.379
Ym,6,10,2.2778,1.6541,2.5920,23.387
Ym,7,10,2.3484,1.6609,2.5928,23.380
Ym,8,10,2.4183,1.6607,2.5944,23.380
Ym,0,11,1.7907,1.6346,2.5941,23.453
Ym,1,11,1.8727,1.6324,2.5938,23.434
Ym,2,11,1.9604,1.6304,2.5937,23.434
Ym,3,11,2.0509,1.6344,2.5903,23.356
Ym,4,11,2.1410,1.6408,2.5912,23.379
Ym,5,11,2.2175,1.6544,2.5915,23.387
Ym,6,11,2.2905,1.6657,2.5910,23.387
Ym,7,11,2.3597,1.6723,2.5922,23.380
Ym,8,11,2.4295,1.6721,2.5937,23.380
Ym,0,12,1.7988,1.6398,2.5933,23.453
Ym,1,12,1.8828,1.6383,2.5931,23.434
Ym,2,12,1.9704,1.6363,2.5930,23.356
Ym,3,12,2.0626,1.6419,2.5887,23.356
Ym,4,12,2.1542,1.6501,2.5903,23.379
Ym,5,12,2.2302,1.6660,2.5904,23.387
Ym,6,12,2.3031,1.6772,2.5899,23.387
Ym,7,12,2.3709,1.6836,2.5916,23.380
Ym,8,12,2.4408,1.6834,2.5931,23.380
Ym,0,13,1.8069,1.6450,2.5925,23.453
Ym,1,13,1.8928,1.6442,2.5924,23.434
Ym,2,13,1.9821,1.6438,2.5915,23.356
Ym,3,13,2.0744,1.6494,2.5872,23.356
Ym,4,13,2.1674,1.6594,2.5893,23.379
Ym,5,13,2.2428,1.6775,2.5894,23.387
Ym,6,13,2.3158,1.6888,2.5889,23.387
Ym,7,13,2.3822,1.6950,2.5909,23.380
Ym,8,13,2.4520,1.6948,2.5925,23.343
Ym,0,14,1.8150,1.6502,2.5917,23.453
Ym,1,14,1.9028,1.6501,2.5917,23.434
Ym,2,14,1.9939,1.6514,2.5899,23.356
Ym,3,14,2.0861,1.6569,2.5856,23.356
Ym,4,14,2.1806,1.6687,2.5884,23.379
Ym,5,14,2.2555,1.6891,2.5884,23.387
Ym,6,14,2.3284,1.7003,2.5879,23.387
Ym,7,14,2.3935,1.7063,2.5903,23.380
Ym,8,14,2.4639,1.7046,2.5926,23.343
Ym,0,15,1.8231,1.6553,2.5909,23.453
Ym,1,15,1.9128,1.6560,2.5910,23.434
Ym,2,15,2.0056,1.6589,2.5884,23.356
Ym,3,15,2.0994,1.6662,2.5846,23.379
Ym,4,15,2.1939,1.6780,2.5874,23.379
Ym,5,15,2.2681,1.7006,2.5873,23.387
Ym,6,15,2.3397,1.7116,2.5873,23.380
Ym,7,15,2.4047,1.7177,2.5897,23.380
Ym,8,15,2.4758,1.7144,2.5926,23.343
Ym,0,16,1.8312,1.6605,2.5900,23.453
Ym,1,16,1.9228,1.6619,2.5903,23.434
Ym,2,16,2.0174,1.6664,2.5868,23.356
Ym,3,16,2.1126,1.6755,2.5837,23.379
Ym,4,16,2.2071,1.6873,2.5864,23.379
Ym,5,16,2.2808,1.7121,2.5863,23.387
Ym,6,16,2.3509,1.7230,2.5866,23.380
Ym,7,16,2.4160,1.7290,2.5891,23.380
Ym,8,16,2.4876,1.7243,2.5927,23.343
Ym,0,17,1.8393,1.6657,2.5892,23.453
Ym,1,17,1.9328,1.6678,2.5896,23.434
Ym,2,17,2.0291,1.6739,2.5853,23.356
Ym,3,17,2.1258,1.6848,2.5827,23.379
Ym,4,17,2.2198,1.6988,2.5854,23.387
Ym,5,17,2.2934,1.7237,2.5853,23.387
Ym,6,17,2.3622,1.7343,2.5860,23.368
Ym,7,17,2.4236,1.7399,2.5885,23.368
Ym,8,17,2.4995,1.7341,2.5927,23.339
Ym,0,18,1.8474,1.6709,2.5884,23.453
Ym,1,18,1.9428,1.6736,2.5889,23.434
Ym,2,18,2.0409,1.6815,2.5837,23.356
Ym,3,18,2.1391,1.6941,2.5817,23.379
Ym,4,18,2.2324,1.7104,2.5844,23.387
Ym,5,18,2.3061,1.7352,2.5842,23.326
Ym,6,18,2.3698,1.7453,2.5854,23.368
Ym,7,18,2.4312,1.7509,2.5878,23.368
Ym,8,18,2.5095,1.7422,2.5926,23.339
Ym,0,19,1.8574,1.6768,2.5877,23.434
Ym,1,19,1.9528,1.6795,2.5882,23.434
Ym,2,19,2.0526,1.6890,2.5822,23.356
Ym,3,19,2.1523,1.7034,2.5808,23.379
Ym,4,19,2.2451,1.7219,2.5833,23.387
Ym,5,19,2.3157,1.7475,2.5826,23.326
Ym,6,19,2.3775,1.7562,2.5847,23.368
Ym,7,19,2.4389,1.7618,2.5872,23.368
Ym,8,19,2.5194,1.7504,2.5924,23.339
Ym,0,20,1.8674,1.6826,2.5870,23.434
Ym,1,20,1.9628,1.6854,2.5875,23.434
Ym,2,20,2.0644,1.6965,2.5806,23.356
Ym,3,20,2.1655,1.7127,2.5798,23.379
Ym,4,20,2.2577,1.7334,2.5823,23.326
Ym,5,20,2.3254,1.7599,2.5809,23.326
Ym,6,20,2.3851,1.7671,2.5841,23.368
Ym,7,20,2.4465,1.7727,2.5865,23.368
Ym,8,20,2.5294,1.7586,2.5923,23.339
Ym,0,21,1.8774,1.6885,2.5863,23.434
Ym,1,21,1.9729,1.6913,2.5868,23.356
Ym,2,21,2.0761,1.7040,2.5790,23.356
Ym,3,21,2.1788,1.7220,2.5789,23.379
Ym,4,21,2.2674,1.7458,2.5806,23.326
Ym,5,21,2.3330,1.7708,2.5802,23.368
Ym,6,21,2.3927,1.7780,2.5834,23.368
Ym,7,21,2.4565,1.7809,2.5863,23.339
Ym,8,21,2.5394,1.7667,2.5921,23.339
Ym,0,22,1.8874,1.6944,2.5856,23.434
Ym,1,22,1.9846,1.6989,2.5852,23.356
Ym,2,22,2.0879,1.7116,2.5775,23.356
Ym,3,22,2.1920,1.7313,2.5779,23.219
Ym,4,22,2.2770,1.7581,2.5789,23.326
Ym,5,22,2.3407,1.7817,2.5796,23.368
Ym,6,22,2.4004,1.7889,2.5828,23.368
Ym,7,22,2.4665,1.7890,2.5862,23.339
Ym,8,22,2.5493,1.7749,2.5920,23.339
Ym,0,23,1.8974,1.7003,2.5849,23.434
Ym,1,23,1.9964,1.7064,2.5836,23.356
Ym,2,23,2.1011,1.7208,2.5765,23.379
Ym,3,23,2.2019,1.7396,2.5766,23.219
Ym,4,23,2.2867,1.7704,2.5773,23.326
Ym,5,23,2.3483,1.7926,2.5789,23.368
Ym,6,23,2.4080,1.7999,2.5821,23.368
Ym,7,23,2.4764,1.7972,2.5860,23.339
Ym,8,23,2.5593,1.7830,2.5918,23.339
Ym,0,24,1.9074,1.7062,2.5842,23.434
Ym,1,24,2.0081,1.7139,2.5821,23.356
Ym,2,24,2.1143,1.7301,2.5756,23.219
Ym,3,24,2.2118,1.7479,2.5753,23.326
Ym,4,24,2.2964,1.7828,2.5756,23.326
Ym,5,24,2.3559,1.8036,2.5783,23.368
Ym,6,24,2.4156,1.8108,2.5814,23.368
Ym,7,24,2.4864,1.8053,2.5859,23.339
Ym,8,24,2.5693,1.7912,2.5917,23.295
Ym,0,25,1.9174,1.7121,2.5835,23.434
Ym,1,25,2.0199,1.7214,2.5805,23.356
Ym,2,25,2.1242,1.7385,2.5743,23.219
Ym,3,25,2.2214,1.7603,2.5736,23.326
Ym,4,25,2.3061,1.7951,2.5739,23.326
Ym,5,25,2.3636,1.8145,2.5776,23.368
Ym,6,25,2.4233,1.8217,2.5808,23.368
Ym,7,25,2.4964,1.8135,2.5857,23.339
Ym,8,25,2.5805,1.7985,2.5918,23.295
Ym,0,26,1.9274,1.7180,2.5828,23.434
Ym,1,26,2.0316,1.7290,2.5790,23.356
Ym,2,26,2.1341,1.7468,2.5730,23.219
Ym,3,26,2.2311,1.7726,2.5719,23.326
Ym,4,26,2.3157,1.8074,2.5723,23.326
Ym,5,26,2.3712,1.8254,2.5770,23.368
Ym,6,26,2.4309,1.8326,2.5801,23.368
Ym,7,26,2.5063,1.8216,2.5856,23.339
Ym,8,26,2.5917,1.8058,2.5919,23.295
Ym,0,27,1.9375,1.7239,2.5821,23.434
Ym,1,27,2.0260,1.7313,2.5771,22.590
Ym,2,27,2.1440,1.7552,2.5717,23.219
Ym,3,27,2.2408,1.7849,2.5703,23.326
Ym,4,27,2.3254,1.8198,2.5706,23.326
Ym,5,27,2.3788,1.8363,2.5763,23.368
Ym,6,27,2.4386,1.8435,2.5795,23.368
Ym,7,27,2.5163,1.8298,2.5854,23.339
Ym,8,27,2.6029,1.8131,2.5920,23.295
Ym,0,28,1.9475,1.7298,2.5814,23.434
Ym,1,28,2.0203,1.7336,2.5752,22.590
Ym,2,28,2.1539,1.7635,2.5704,23.219
Ym,3,28,2.2468,1.7961,2.5667,22.894
Ym,4,28,2.3276,1.8275,2.5686,22.894
Ym,5,28,2.3865,1.8472,2.5757,23.368
Ym,6,28,2.4462,1.8545,2.5788,20.745
Ym,7,28,2.5263,1.8379,2.5853,23.339
Ym,8,28,2.6140,1.8205,2.5921,23.295
Ym,0,29,1.9520,1.7329,2.5796,23.194
Ym,1,29,2.0147,1.7359,2.5733,22.590
Ym,2,29,2.1493,1.7670,2.5659,22.310
Ym,3,29,2.2529,1.8072,2.5631,22.894
Ym,4,29,2.3299,1.8353,2.5667,22.856
Ym,5,29,2.3381,1.8518,2.5671,20.076
Ym,6,29,2.3978,1.8590,2.5703,20.745
Ym,7,29,2.5362,1.8461,2.5851,23.339
Ym,8,29,2.6252,1.8278,2.5922,23.295
Ym,0,30,1.9565,1.7360,2.5777,23.194
Ym,1,30,2.0091,1.7382,2.5715,22.590
Ym,2,30,2.1448,1.7705,2.5614,22.310
Ym,3,30,2.2590,1.8183,2.5595,22.894
Ym,4,30,2.3321,1.8430,2.5647,22.856
Ym,5,30,2.2840,1.8515,2.5555,20.259
Ym,6,30,2.3399,1.8607,2.5577,20.076
Ym,7,30,2.4771,1.8511,2.5739,20.130
Ym,8,30,2.6364,1.8351,2.5923,23.295
Ym,0,31,1.9610,1.7392,2.5759,23.194
Ym,1,31,2.0034,1.7405,2.5696,21.879
Ym,2,31,2.1402,1.7741,2.5569,22.310
Ym,3,31,2.2651,1.8294,2.5560,22.894
Ym,4,31,2.3344,1.8508,2.5628,20.076
Ym,5,31,2.2300,1.8513,2.5440,20.259
Ym,6,31,2.2858,1.8605,2.5461,20.259
Ym,7,31,2.4191,1.8528,2.5613,20.076
Ym,8,31,2.6476,1.8424,2.5924,23.295
Ym,0,32,1.9655,1.7423,2.5740,23.194
Ym,1,32,1.9872,1.7402,2.5645,21.879
Ym,2,32,2.1356,1.7776,2.5524,22.310
Ym,3,32,2.2711,1.8405,2.5524,22.894
Ym,4,32,2.2803,1.8505,2.5512,20.259
Ym,5,32,2.2010,1.8491,2.5372,22.310
Ym,6,32,2.2317,1.8602,2.5346,20.259
Ym,7,32,2.3612,1.8545,2.5487,20.076
Ym,8,32,2.6588,1.8498,2.5925,23.295
Ym,0,33,1.9700,1.7454,2.5721,22.590
Ym,1,33,1.9710,1.7398,2.5595,21.879
Ym,2,33,2.1311,1.7811,2.5479,22.310
Ym,3,33,2.2772,1.8516,2.5488,20.259
Ym,4,33,2.2262,1.8503,2.5396,20.259
Ym,5,33,2.1721,1.8468,2.5305,22.310
Ym,6,33,2.2028,1.8580,2.5278,21.454
Ym,7,33,2.3032,1.8562,2.5361,20.259
Ym,8,33,2.5939,1.8548,2.5796,19.841
Ym,0,34,1.9745,1.7485,2.5703,22.590
Ym,1,34,1.9637,1.7403,2.5541,22.365
Ym,2,34,2.1265,1.7846,2.5434,22.310
Ym,3,34,2.2231,1.8514,2.5372,20.259
Ym,4,34,2.1973,1.8480,2.5329,22.310
Ym,5,34,2.1675,1.8503,2.5260,21.454
Ym,6,34,2.1738,1.8557,2.5211,21.454
Ym,7,34,2.2491,1.8560,2.5245,20.259
Ym,8,34,2.5347,1.8598,2.5683,19.651
Ym,0,35,1.9583,1.7481,2.5652,22.365
Ym,1,35,1.9563,1.7408,2.5487,22.365
Ym,2,35,2.1220,1.7881,2.5389,22.310
Ym,3,35,2.1942,1.8491,2.5305,22.310
Ym,4,35,2.1927,1.8516,2.5284,21.454
Ym,5,35,2.1630,1.8538,2.5215,21.454
Ym,6,35,2.1449,1.8535,2.5144,21.454
Ym,7,35,2.1951,1.8558,2.5130,21.454
Ym,8,35,2.4693,1.8617,2.5542,19.651
Ym,0,36,1.9510,1.7486,2.5598,22.365
Ym,1,36,1.9489,1.7412,2.5433,22.365
Ym,2,36,2.1174,1.7916,2.5344,22.310
Ym,3,36,2.1653,1.8469,2.5238,22.310
Ym,4,36,2.1638,1.8493,2.5217,22.310
Ym,5,36,2.1341,1.8516,2.5148,21.454
Ym,6,36,2.1160,1.8512,2.5077,21.454
Ym,7,36,2.1661,1.8535,2.5062,21.454
Ym,8,36,2.4114,1.8634,2.5417,20.076
Ym,0,37,1.9436,1.7491,2.5544,22.365
Ym,1,37,1.9415,1.7417,2.5379,22.365
Ym,2,37,2.1129,1.7952,2.5299,22.310
Ym,3,37,2.1607,1.8504,2.5193,21.454
Ym,4,37,2.1349,1.8471,2.5150,22.310
Ym,5,37,2.1051,1.8493,2.5081,22.310
Ym,6,37,2.0871,1.8490,2.5010,21.879
Ym,7,37,2.1372,1.8513,2.4995,21.454
Ym,8,37,2.3534,1.8651,2.5291,20.076
Ym,0,38,1.9362,1.7496,2.5490,22.365
Ym,1,38,1.9342,1.7422,2.5325,22.365
Ym,2,38,2.1083,1.7987,2.5254,22.310
Ym,3,38,2.1562,1.8539,2.5148,21.454
Ym,4,38,2.1303,1.8506,2.5105,21.454
Ym,5,38,2.0762,1.8471,2.5014,21.879
Ym,6,38,2.0709,1.8486,2.4959,21.879
Ym,7,38,2.1083,1.8490,2.4928,22.310
Ym,8,38,2.2994,1.8649,2.5175,20.259
Ym,0,39,1.9288,1.7501,2.5436,22.365
Ym,1,39,1.9268,1.7427,2.5271,22.365
Ym,2,39,2.1038,1.8022,2.5209,22.310
Ym,3,39,2.1272,1.8517,2.5081,21.454
Ym,4,39,2.1258,1.8541,2.5060,21.454
Ym,5,39,2.0600,1.8467,2.4963,21.879
Ym,6,39,2.0547,1.8483,2.4909,21.879
Ym,7,39,2.0794,1.8468,2.4861,21.879
Ym,8,39,2.2453,1.8646,2.5059,20.259
Ym,0,40,1.9215,1.7505,2.5382,22.365
Ym,1,40,1.9194,1.7432,2.5217,22.365
Ym,2,40,2.0992,1.8057,2.5164,22.310
Ym,3,40,2.0983,1.8494,2.5014,22.310
Ym,4,40,2.0968,1.8519,2.4993,21.454
Ym,5,40,2.0438,1.8464,2.4913,21.879
Ym,6,40,2.0385,1.8479,2.4858,21.879
Ym,7,40,2.0632,1.8464,2.4810,21.879
Ym,8,40,2.1912,1.8644,2.4943,21.454
Ym,0,41,1.9141,1.7510,2.5328,22.365
Ym,1,41,1.9120,1.7436,2.5163,22.365
Ym,2,41,2.0946,1.8092,2.5119,22.310
Ym,3,41,2.0694,1.8472,2.4946,21.879
Ym,4,41,2.0634,1.8496,2.4920,21.879
Ym,5,41,2.0276,1.8460,2.4862,21.879
Ym,6,41,2.0223,1.8476,2.4807,21.879
Ym,7,41,2.0470,1.8461,2.4760,21.879
Ym,8,41,2.1623,1.8622,2.4876,21.454
Ym,0,42,1.9067,1.7515,2.5274,22.365
Ym,1,42,1.9047,1.7441,2.5109,22.365
Ym,2,42,2.0901,1.8128,2.5074,22.310
Ym,3,42,2.0532,1.8468,2.4896,21.879
Ym,4,42,2.0472,1.8493,2.4870,21.879
Ym,5,42,2.0114,1.8457,2.4812,21.879
Ym,6,42,2.0061,1.8472,2.4757,21.879
Ym,7,42,2.0308,1.8457,2.4709,21.879
Ym,8,42,2.1333,1.8599,2.4809,21.454
Ym,0,43,1.8993,1.7520,2.5220,22.365
Ym,1,43,1.8973,1.7446,2.5055,22.365
Ym,2,43,2.0739,1.8124,2.5023,21.879
Ym,3,43,2.0370,1.8465,2.4845,21.879
Ym,4,43,2.0310,1.8489,2.4819,21.879
Ym,5,43,1.9952,1.8453,2.4761,21.879
Ym,6,43,1.9899,1.8469,2.4706,21.879
Ym,7,43,2.0146,1.8454,2.4659,21.879
Ym,8,43,2.1044,1.8577,2.4742,21.454
Ym,0,44,1.8920,1.7525,2.5166,22.365
Ym,1,44,1.8899,1.7451,2.5001,22.365
Ym,2,44,2.0577,1.8121,2.4972,21.879
Ym,3,44,2.0208,1.8461,2.4795,21.879
Ym,4,44,2.0149,1.8486,2.4768,21.879
Ym,5,44,1.9790,1.8450,2.4710,21.879
Ym,6,44,1.9737,1.8465,2.4656,21.879
Ym,7,44,1.9984,1.8450,2.4608,21.879
Ym,8,44,2.0755,1.8554,2.4675,21.282
Ym,0,45,1.8846,1.7529,2.5112,22.365
Ym,1,45,1.8825,1.7456,2.4947,22.365
Ym,2,45,2.0415,1.8117,2.4922,21.879
Ym,3,45,2.0046,1.8458,2.4744,21.879
Ym,4,45,1.9987,1.8482,2.4718,21.879
Ym,5,45,1.9628,1.8446,2.4660,22.365
Ym,6,45,1.9663,1.8470,2.4602,22.365
Ym,7,45,1.9822,1.8446,2.4557,21.879
Ym,8,45,2.0421,1.8532,2.4602,21.282
Ym,0,46,1.8772,1.7534,2.5058,22.365
Ym,1,46,1.8752,1.7460,2.4893,22.365
Ym,2,46,2.0253,1.8113,2.4871,21.879
Ym,3,46,1.9884,1.8454,2.4693,21.879
Ym,4,46,1.9825,1.8479,2.4667,21.879
Ym,5,46,1.9555,1.8451,2.4606,22.365
Ym,6,46,1.9589,1.8475,2.4548,22.365
Ym,7,46,1.9660,1.8443,2.4507,22.365
Ym,8,46,2.0087,1.8510,2.4530,21.282
Ym,0,47,1.8698,1.7539,2.5004,22.365
Ym,1,47,1.8678,1.7465,2.4839,22.365
Ym,2,47,2.0091,1.8110,2.4821,21.879
Ym,3,47,1.9722,1.8451,2.4643,21.879
Ym,4,47,1.9663,1.8475,2.4617,22.365
Ym,5,47,1.9481,1.8456,2.4552,22.365
Ym,6,47,1.9516,1.8480,2.4494,21.619
Ym,7,47,1.9484,1.8432,2.4395,21.619
Ym,8,47,1.9854,1.8492,2.4412,21.322
Ym,0,48,1.8625,1.7544,2.4950,22.365
Ym,1,48,1.8604,1.7470,2.4785,22.365
Ym,2,48,1.9929,1.8106,2.4770,21.879
Ym,3,48,1.9648,1.8455,2.4589,22.365
Ym,4,48,1.9589,1.8480,2.4563,22.365
Ym,5,48,1.9407,1.8461,2.4498,21.619
Ym,6,48,1.9340,1.8469,2.4382,21.619
Ym,7,48,1.9309,1.8422,2.4284,21.619
Ym,8,48,1.9620,1.8475,2.4294,21.619
Ym,0,49,1.8551,1.7549,2.4896,22.365
Ym,1,49,1.8530,1.7475,2.4731,22.365
Ym,2,49,1.9767,1.8103,2.4719,21.879
Ym,3,49,1.9575,1.8460,2.4535,22.365
Ym,4,49,1.9515,1.8485,2.4509,22.365
Ym,5,49,1.9232,1.8450,2.4386,21.619
Ym,6,49,1.9165,1.8458,2.4271,21.619
Ym,7,49,1.9133,1.8411,2.4172,21.619
Ym,8,49,1.9445,1.8465,2.4183,21.619
Ym,0,50,1.8477,1.7553,2.4842,22.280
Ym,1,50,1.8457,1.7480,2.4677,22.280
Ym,2,50,1.9694,1.8108,2.4665,21.879
Ym,3,50,1.9501,1.8465,2.4481,21.619
Ym,4,50,1.9340,1.8474,2.4397,21.619
Ym,5,50,1.9056,1.8439,2.4275,21.619
Ym,6,50,1.8989,1.8448,2.4159,21.619
Ym,7,50,1.8958,1.8401,2.4061,21.619
Ym,8,50,1.9269,1.8454,2.4072,21.619
Ym,0,51,1.8364,1.7558,2.4784,22.280
Ym,1,51,1.8344,1.7485,2.4619,22.280
Ym,2,51,1.9620,1.8112,2.4611,22.365
Ym,3,51,1.9325,1.8454,2.4369,21.619
Ym,4,51,1.9164,1.8464,2.4286,21.619
Ym,5,51,1.8881,1.8429,2.4163,21.619
Ym,6,51,1.8814,1.8437,2.4048,21.619
Ym,7,51,1.8782,1.8390,2.3950,21.619
Ym,8,51,1.9094,1.8443,2.3960,21.619
Ym,0,52,1.8252,1.7563,2.4726,22.280
Ym,1,52,1.8231,1.7489,2.4561,22.280
Ym,2,52,1.9546,1.8117,2.4557,22.365
Ym,3,52,1.9150,1.8444,2.4258,21.619
Ym,4,52,1.8989,1.8453,2.4174,21.619
Ym,5,52,1.8705,1.8418,2.4052,21.619
Ym,6,52,1.8638,1.8427,2.3936,21.619
Ym,7,52,1.8607,1.8380,2.3838,21.619
Ym,8,52,1.8918,1.8433,2.3849,21.619
Ym,0,53,1.8139,1.7568,2.4668,22.280
Ym,1,53,1.8118,1.7494,2.4503,22.280
Ym,2,53,1.9472,1.8122,2.4503,22.365
Ym,3,53,1.8974,1.8433,2.4146,21.619
Ym,4,53,1.8813,1.8442,2.4063,21.619
Ym,5,53,1.8530,1.8408,2.3940,21.619
Ym,6,53,1.8463,1.8416,2.3825,21.570
Ym,7,53,1.8431,1.8369,2.3727,21.570
Ym,8,53,1.8743,1.8422,2.3737,21.619
Ym,0,54,1.8026,1.7573,2.4610,22.280
Ym,1,54,1.7913,1.7488,2.4385,21.570
Ym,2,54,1.9297,1.8111,2.4392,21.619
Ym,3,54,1.8799,1.8423,2.4035,21.619
Ym,4,54,1.8638,1.8432,2.3951,21.619
Ym,5,54,1.8324,1.8401,2.3823,21.570
Ym,6,54,1.8257,1.8410,2.3707,21.570
Ym,7,54,1.8226,1.8362,2.3609,21.570
Ym,8,54,1.8567,1.8412,2.3626,21.619
Ym,0,55,1.7913,1.7578,2.4553,22.280
Ym,1,55,1.7708,1.7481,2.4267,21.570
Ym,2,55,1.9121,1.8101,2.4280,21.619
Ym,3,55,1.8623,1.8412,2.3924,21.619
Ym,4,55,1.8462,1.8421,2.3840,21.570
Ym,5,55,1.8119,1.8394,2.3705,21.570
Ym,6,55,1.8052,1.8403,2.3589,21.570
Ym,7,55,1.8021,1.8356,2.3491,21.570
Ym,8,55,1.8362,1.8405,2.3508,21.570
Ym,0,56,1.7801,1.7583,2.4495,21.570
Ym,1,56,1.7502,1.7474,2.4150,21.570
Ym,2,56,1.8946,1.8090,2.4169,21.619
Ym,3,56,1.8448,1.8402,2.3812,21.570
Ym,4,56,1.8257,1.8415,2.3722,21.570
Ym,5,56,1.7914,1.8388,2.3587,21.570
Ym,6,56,1.7847,1.8396,2.3472,21.570
Ym,7,56,1.7815,1.8349,2.3373,21.570
Ym,8,56,1.8157,1.8399,2.3390,21.570
Ym,0,57,1.7595,1.7576,2.4377,21.570
Ym,1,57,1.7297,1.7468,2.4032,21.570
Ym,2,57,1.8770,1.8080,2.4058,21.619
Ym,3,57,1.8243,1.8395,2.3694,21.570
Ym,4,57,1.8052,1.8408,2.3604,21.570
Ym,5,57,1.7708,1.8381,2.3469,21.570
Ym,6,57,1.7641,1.8390,2.3354,21.570
Ym,7,57,1.7610,1.8342,2.3256,21.383
Ym,8,57,1.7951,1.8392,2.3273,21.383
Ym,0,58,1.7390,1.7570,2.4259,21.570
Ym,1,58,1.7183,1.7470,2.3934,22.122
Ym,2,58,1.8595,1.8069,2.3946,21.619
Ym,3,58,1.8037,1.8388,2.3577,21.570
Ym,4,58,1.7846,1.8401,2.3487,21.570
Ym,5,58,1.7503,1.8375,2.3352,21.570
Ym,6,58,1.7419,1.8382,2.3216,21.383
Ym,7,58,1.7387,1.8334,2.3118,21.383
Ym,8,58,1.7729,1.8384,2.3135,21.383
Ym,0,59,1.7275,1.7572,2.4161,22.122
Ym,1,59,1.7068,1.7473,2.3836,22.122
Ym,2,59,1.8419,1.8059,2.3835,21.570
Ym,3,59,1.7832,1.8382,2.3459,21.570
Ym,4,59,1.7641,1.8395,2.3369,21.570
Ym,5,59,1.7280,1.8367,2.3214,21.854
Ym,6,59,1.7196,1.8374,2.3079,21.854
Ym,7,59,1.7240,1.8335,2.2996,21.854
Ym,8,59,1.7506,1.8376,2.2998,21.383
Ym,0,60,1.7161,1.7575,2.4063,22.122
Ym,1,60,1.6953,1.7476,2.3738,22.122
Ym,2,60,1.8214,1.8052,2.3717,21.570
Ym,3,60,1.7627,1.8375,2.3341,21.570
Ym,4,60,1.7436,1.8388,2.3251,21.383
Ym,5,60,1.7133,1.8367,2.3093,21.854
Ym,6,60,1.7048,1.8374,2.2957,21.854
Ym,7,60,1.7093,1.8335,2.2875,21.854
Ym,8,60,1.7283,1.8368,2.2860,21.854
Ym,0,61,1.7046,1.7578,2.3965,22.122
Ym,1,61,1.6839,1.7479,2.3640,22.122
Ym,2,61,1.8009,1.8045,2.3599,21.570
Ym,3,61,1.7404,1.8367,2.3204,21.383
Ym,4,61,1.7213,1.8380,2.3114,21.854
Ym,5,61,1.6986,1.8367,2.2971,21.854
Ym,6,61,1.6901,1.8374,2.2836,21.854
Ym,7,61,1.6945,1.8335,2.2753,21.854
Ym,8,61,1.7136,1.8368,2.2738,21.854
Ym,0,62,1.6931,1.7580,2.3867,22.122
Ym,1,62,1.6724,1.7481,2.3542,22.122
Ym,2,62,1.7803,1.8039,2.3481,21.570
Ym,3,62,1.7181,1.8359,2.3066,21.854
Ym,4,62,1.7066,1.8380,2.2992,21.854
Ym,5,62,1.6838,1.8367,2.2849,21.854
Ym,6,62,1.6754,1.8374,2.2714,21.854
Ym,7,62,1.6798,1.8335,2.2632,21.854
Ym,8,62,1.6988,1.8368,2.2617,21.854
Ym,0,63,1.6817,1.7583,2.3769,22.122
Ym,1,63,1.6609,1.7484,2.3444,22.122
Ym,2,63,1.7598,1.8032,2.3364,21.570
Ym,3,63,1.7034,1.8359,2.2944,21.854
Ym,4,63,1.6918,1.8380,2.2870,21.854
Ym,5,63,1.6691,1.8367,2.2728,21.854
Ym,6,63,1.6606,1.8374,2.2592,21.854
Ym,7,63,1.6651,1.8335,2.2510,21.854
Ym,8,63,1.6841,1.8368,2.2495,21.854
Ym,0,64,1.6702,1.7586,2.3671,22.122
Ym,1,64,1.6495,1.7487,2.3346,22.122
Ym,2,64,1.7393,1.8025,2.3246,21.383
Ym,3,64,1.6886,1.8359,2.2823,21.854
Ym,4,64,1.6771,1.8380,2.2749,21.854
Ym,5,64,1.6544,1.8367,2.2606,21.854
Ym,6,64,1.6459,1.8374,2.2471,21.854
Ym,7,64,1.6503,1.8335,2.2388,21.854
Ym,8,64,1.6694,1.8368,2.2373,21.854
Ym,0,65,1.6587,1.7588,2.3573,22.122
Ym,1,65,1.6347,1.7487,2.3224,21.854
Ym,2,65,1.7245,1.8026,2.3124,21.854
Ym,3,65,1.6739,1.8359,2.2701,21.854
Ym,4,65,1.6624,1.8380,2.2627,21.854
Ym,5,65,1.6396,1.8367,2.2484,21.854
Ym,6,65,1.6312,1.8374,2.2349,21.854
Ym,7,65,1.6356,1.8335,2.2267,21.854
Ym,8,65,1.6546,1.8368,2.2252,21.854
Ym,0,66,1.6473,1.7591,2.3475,22.122
Ym,1,66,1.6200,1.7487,2.3103,21.854
Ym,2,66,1.7098,1.8026,2.3003,21.854
Ym,3,66,1.6592,1.8359,2.2580,21.854
Ym,4,66,1.6476,1.8380,2.2505,21.854
Ym,5,66,1.6249,1.8367,2.2363,21.854
Ym,6,66,1.6164,1.8374,2.2227,21.854
Ym,7,66,1.6209,1.8335,2.2145,21.854
Ym,8,66,1.6399,1.8368,2.2130,21.854
Ym,0,67,1.6358,1.7594,2.3378,22.122
Ym,1,67,1.6053,1.7487,2.2981,21.894
Ym,2,67,1.6951,1.8026,2.2881,21.854
Ym,3,67,1.6444,1.8359,2.2458,21.854
Ym,4,67,1.6329,1.8380,2.2384,21.854
Ym,5,67,1.6101,1.8367,2.2241,21.854
Ym,6,67,1.6006,1.8383,2.2106,21.894
Ym,7,67,1.6042,1.8334,2.2006,21.689
Ym,8,67,1.6232,1.8368,2.1991,21.661
Ym,0,68,1.6243,1.7597,2.3280,21.854
Ym,1,68,1.5894,1.7495,2.2860,21.894
Ym,2,68,1.6803,1.8026,2.2759,21.854
Ym,3,68,1.6297,1.8359,2.2336,21.854
Ym,4,68,1.6181,1.8380,2.2262,21.854
Ym,5,68,1.5943,1.8376,2.2119,21.894
Ym,6,68,1.5827,1.8390,2.1965,21.689
Ym,7,68,1.5863,1.8342,2.1865,21.689
Ym,8,68,1.6065,1.8367,2.1852,21.689
Ym,0,69,1.6096,1.7597,2.3158,21.854
Ym,1,69,1.5736,1.7504,2.2738,21.894
Ym,2,69,1.6656,1.8026,2.2638,21.854
Ym,3,69,1.6150,1.8359,2.2215,21.854
Ym,4,69,1.6034,1.8381,2.2140,21.894
Ym,5,69,1.5764,1.8383,2.1979,21.689
Ym,6,69,1.5649,1.8398,2.1825,21.689
Ym,7,69,1.5684,1.8349,2.1725,21.689
Ym,8,69,1.5886,1.8375,2.1711,21.689
Ym,0,70,1.5938,1.7605,2.3036,21.894
Ym,1,70,1.5578,1.7513,2.2617,21.894
Ym,2,70,1.6509,1.8026,2.2516,21.854
Ym,3,70,1.5991,1.8368,2.2093,21.689
Ym,4,70,1.5855,1.8388,2.2000,21.689
Ym,5,70,1.5586,1.8391,2.1838,21.689
Ym,6,70,1.5470,1.8405,2.1684,21.689
Ym,7,70,1.5505,1.8357,2.1584,21.689
Ym,8,70,1.5708,1.8382,2.1571,21.689
Ym,0,71,1.5779,1.7614,2.2915,21.894
Ym,1,71,1.5419,1.7522,2.2495,21.894
Ym,2,71,1.6361,1.8026,2.2394,21.854
Ym,3,71,1.5812,1.8376,2.1953,21.689
Ym,4,71,1.5677,1.8395,2.1859,21.689
Ym,5,71,1.5407,1.8398,2.1698,21.689
Ym,6,71,1.5291,1.8413,2.1544,21.689
Ym,7,71,1.5327,1.8364,2.1444,21.689
Ym,8,71,1.5529,1.8390,2.1430,21.689
Ym,0,72,1.5621,1.7623,2.2793,21.894
Ym,1,72,1.5261,1.7530,2.2373,21.894
Ym,2,72,1.6214,1.8026,2.2273,21.854
Ym,3,72,1.5634,1.8383,2.1812,21.689
Ym,4,72,1.5498,1.8403,2.1719,21.689
Ym,5,72,1.5228,1.8405,2.1557,21.689
Ym,6,72,1.5112,1.8420,2.1403,21.689
Ym,7,72,1.5148,1.8372,2.1303,21.689
Ym,8,72,1.5350,1.8397,2.1290,21.689
Ym,0,73,1.5463,1.7631,2.2672,21.894
Ym,1,73,1.5103,1.7539,2.2252,21.894
Ym,2,73,1.6067,1.8026,2.2151,21.894
Ym,3,73,1.5455,1.8391,2.1672,21.689
Ym,4,73,1.5319,1.8410,2.1578,21.689
Ym,5,73,1.5049,1.8413,2.1417,21.689
Ym,6,73,1.4933,1.8427,2.1263,21.689
Ym,7,73,1.4969,1.8379,2.1163,21.689
Ym,8,73,1.5171,1.8405,2.1149,21.689
Ym,0,74,1.5305,1.7640,2.2550,21.894
Ym,1,74,1.4944,1.7548,2.2130,21.894
Ym,2,74,1.5888,1.8033,2.2011,21.689
Ym,3,74,1.5276,1.8398,2.1531,21.689
Ym,4,74,1.5140,1.8418,2.1438,21.689
Ym,5,74,1.4870,1.8420,2.1276,22.216
Ym,6,74,1.4849,1.8438,2.1161,22.216
Ym,7,74,1.4884,1.8390,2.1061,22.216
Ym,8,74,1.4992,1.8412,2.1009,21.689
Ym,0,75,1.5146,1.7649,2.2429,21.894
Ym,1,75,1.4860,1.7558,2.2029,22.216
Ym,2,75,1.5709,1.8041,2.1870,21.689
Ym,3,75,1.5097,1.8405,2.1391,21.689
Ym,4,75,1.4961,1.8425,2.1297,21.689
Ym,5,75,1.4786,1.8431,2.1175,22.216
Ym,6,75,1.4764,1.8448,2.1060,22.216
Ym,7,75,1.4800,1.8400,2.0960,22.216
Ym,8,75,1.4814,1.8420,2.0868,22.016
Ym,0,76,1.4988,1.7657,2.2307,21.894
Ym,1,76,1.4775,1.7569,2.1927,22.216
Ym,2,76,1.5530,1.8048,2.1730,21.689
Ym,3,76,1.4918,1.8413,2.1250,21.689
Ym,4,76,1.4877,1.8436,2.1196,22.216
Ym,5,76,1.4701,1.8441,2.1074,22.216
Ym,6,76,1.4680,1.8459,2.0958,22.216
Ym,7,76,1.4715,1.8410,2.0858,22.016
Ym,8,76,1.4707,1.8427,2.0747,22.016
Ym,0,77,1.4830,1.7666,2.2186,22.469
Ym,1,77,1.4691,1.7579,2.1826,22.216
Ym,2,77,1.5351,1.8056,2.1589,21.689
Ym,3,77,1.4834,1.8423,2.1149,22.216
Ym,4,77,1.4792,1.8446,2.1095,22.216
Ym,5,77,1.4617,1.8452,2.0972,22.216
Ym,6,77,1.4595,1.8469,2.0857,22.016
Ym,7,77,1.4609,1.8418,2.0737,22.016
Ym,8,77,1.4600,1.8435,2.0626,22.016
Ym,0,78,1.4779,1.7683,2.2110,22.469
Ym,1,78,1.4606,1.7589,2.1725,22.216
Ym,2,78,1.5173,1.8063,2.1449,21.689
Ym,3,78,1.4749,1.8434,2.1047,22.216
Ym,4,78,1.4708,1.8457,2.0993,22.216
Ym,5,78,1.4532,1.8462,2.0871,22.016
Ym,6,78,1.4488,1.8477,2.0736,22.016
Ym,7,78,1.4502,1.8426,2.0617,22.016
Ym,8,78,1.4493,1.8442,2.0506,22.016
Ym,0,79,1.4694,1.7694,2.2009,22.216
Ym,1,79,1.4522,1.7600,2.1623,22.216
Ym,2,79,1.4994,1.8071,2.1308,21.689
Ym,3,79,1.4665,1.8444,2.0946,22.216
Ym,4,79,1.4623,1.8467,2.0892,22.016
Ym,5,79,1.4426,1.8470,2.0750,22.016
Ym,6,79,1.4382,1.8484,2.0615,22.016
Ym,7,79,1.4395,1.8433,2.0496,22.016
Ym,8,79,1.4386,1.8450,2.0385,22.016
Ym,0,80,1.4610,1.7704,2.1908,22.216
Ym,1,80,1.4437,1.7610,2.1522,22.216
Ym,2,80,1.4815,1.8078,2.1168,22.216
Ym,3,80,1.4558,1.8452,2.0825,22.016
Ym,4,80,1.4516,1.8475,2.0771,22.016
Ym,5,80,1.4319,1.8477,2.0629,22.016
Ym,6,80,1.4275,1.8492,2.0494,22.016
Ym,7,80,1.4288,1.8441,2.0375,22.016
Ym,8,80,1.4279,1.8458,2.0264,22.016
Ym,0,81,1.4525,1.7715,2.1806,22.216
Ym,1,81,1.4353,1.7621,2.1420,22.216
Ym,2,81,1.4731,1.8089,2.1066,22.216
Ym,3,81,1.4451,1.8459,2.0704,22.016
Ym,4,81,1.4410,1.8482,2.0650,22.016
Ym,5,81,1.4212,1.8485,2.0508,22.016
Ym,6,81,1.4168,1.8500,2.0373,22.016
Ym,7,81,1.4181,1.8449,2.0254,22.016
Ym,8,81,1.4173,1.8465,2.0143,22.016
Ym,0,82,1.4441,1.7725,2.1705,22.216
Ym,1,82,1.4268,1.7631,2.1319,22.216
Ym,2,82,1.4646,1.8099,2.0965,22.216
Ym,3,82,1.4344,1.8467,2.0583,22.016
Ym,4,82,1.4303,1.8490,2.0529,22.016
Ym,5,82,1.4105,1.8493,2.0387,22.016
Ym,6,82,1.3970,1.8525,2.0222,21.653
Ym,7,82,1.4074,1.8456,2.0133,22.016
Ym,8,82,1.4066,1.8473,2.0022,22.016
Ym,0,83,1.4356,1.7736,2.1603,22.216
Ym,1,83,1.4184,1.7642,2.1217,22.216
Ym,2,83,1.4562,1.8109,2.0863,22.016
Ym,3,83,1.4238,1.8475,2.0462,22.016
Ym,4,83,1.4196,1.8497,2.0408,22.016
Ym,5,83,1.3998,1.8500,2.0266,21.653
Ym,6,83,1.3771,1.8551,2.0071,21.653
Ym,7,83,1.3967,1.8464,2.0012,22.016
Ym,8,83,1.3959,1.8480,1.9901,22.016
Ym,0,84,1.4272,1.7746,2.1502,22.216
Ym,1,84,1.4099,1.7652,2.1116,22.216
Ym,2,84,1.4455,1.8117,2.0742,22.016
Ym,3,84,1.4131,1.8482,2.0341,22.016
Ym,4,84,1.3998,1.8523,2.0257,21.653
Ym,5,84,1.3800,1.8526,2.0115,21.653
Ym,6,84,1.3576,1.8587,1.9924,21.740
Ym,7,84,1.3861,1.8471,1.9891,22.016
Ym,8,84,1.3852,1.8488,1.9780,22.016
Ym,0,85,1.4187,1.7757,2.1400,22.216
Ym,1,85,1.4015,1.7663,2.1014,22.216
Ym,2,85,1.4348,1.8125,2.0621,22.016
Ym,3,85,1.4024,1.8490,2.0220,22.016
Ym,4,85,1.3799,1.8549,2.0105,21.653
Ym,5,85,1.3602,1.8552,1.9964,21.740
Ym,6,85,1.3380,1.8624,1.9778,21.740
Ym,7,85,1.3754,1.8479,1.9770,22.016
Ym,8,85,1.3745,1.8496,1.9659,21.860
Ym,0,86,1.4103,1.7767,2.1299,22.216
Ym,1,86,1.3930,1.7673,2.0913,22.216
Ym,2,86,1.4241,1.8132,2.0501,22.016
Ym,3,86,1.3917,1.8497,2.0099,22.016
Ym,4,86,1.3601,1.8575,1.9954,21.740
Ym,5,86,1.3406,1.8588,1.9817,21.740
Ym,6,86,1.3185,1.8660,1.9631,21.597
Ym,7,86,1.3647,1.8487,1.9649,21.978
Ym,8,86,1.3612,1.8517,1.9530,21.597
Ym,0,87,1.4018,1.7777,2.1197,22.216
Ym,1,87,1.3824,1.7681,2.0792,22.016
Ym,2,87,1.4134,1.8140,2.0380,22.016
Ym,3,87,1.3719,1.8523,1.9948,21.653
Ym,4,87,1.3406,1.8611,1.9808,21.740
Ym,5,87,1.3211,1.8624,1.9671,21.597
Ym,6,87,1.2981,1.8694,1.9472,21.597
Ym,7,87,1.3514,1.8508,1.9521,21.597
Ym,8,87,1.3409,1.8551,1.9371,21.597
Ym,0,88,1.3934,1.7788,2.1096,22.216
Ym,1,88,1.3717,1.7688,2.0671,22.016
Ym,2,88,1.4027,1.8147,2.0259,22.016
Ym,3,88,1.3523,1.8559,1.9802,21.740
Ym,4,88,1.3210,1.8647,1.9661,21.597
Ym,5,88,1.3007,1.8658,1.9511,21.597
Ym,6,88,1.2778,1.8728,1.9313,21.597
Ym,7,88,1.3310,1.8542,1.9361,21.597
Ym,8,88,1.3205,1.8585,1.9212,21.597
Ym,0,89,1.3849,1.7798,2.0995,22.216
Ym,1,89,1.3601,1.7712,2.0561,22.164
Ym,2,89,1.3920,1.8155,2.0138,22.016
Ym,3,89,1.3328,1.8596,1.9655,21.597
Ym,4,89,1.3007,1.8681,1.9502,21.597
Ym,5,89,1.2804,1.8692,1.9352,21.597
Ym,6,89,1.2575,1.8762,1.9154,21.597
Ym,7,89,1.3107,1.8576,1.9202,21.597
Ym,8,89,1.3002,1.8619,1.9053,21.597
Ym,0,90,1.3765,1.7809,2.0893,22.016
Ym,1,90,1.3486,1.7736,2.0450,22.164
Ym,2,90,1.3814,1.8163,2.0017,22.016
Ym,3,90,1.3124,1.8630,1.9496,21.597
Ym,4,90,1.2803,1.8715,1.9343,21.597
Ym,5,90,1.2600,1.8726,1.9193,21.597
Ym,6,90,1.2442,1.8791,1.9033,22.065
Ym,7,90,1.2904,1.8610,1.9043,21.597
Ym,8,90,1.2798,1.8653,1.8894,21.597
Ym,0,91,1.3658,1.7816,2.0772,22.164
Ym,1,91,1.3370,1.7760,2.0339,22.164
Ym,2,91,1.3707,1.8170,1.9896,22.016
Ym,3,91,1.2921,1.8663,1.9337,21.597
Ym,4,91,1.2600,1.8749,1.9184,21.597
Ym,5,91,1.2397,1.8760,1.9034,22.065
Ym,6,91,1.2310,1.8820,1.8912,22.065
Ym,7,91,1.2700,1.8644,1.8884,21.597
Ym,8,91,1.2595,1.8687,1.8735,21.597
Ym,0,92,1.3542,1.7840,2.0662,22.164
Ym,1,92,1.3255,1.7784,2.0229,22.164
Ym,2,92,1.3591,1.8194,1.9785,22.164
Ym,3,92,1.2718,1.8697,1.9178,21.597
Ym,4,92,1.2396,1.8783,1.9025,22.065
Ym,5,92,1.2265,1.8789,1.8913,22.065
Ym,6,92,1.2178,1.8849,1.8791,22.065
Ym,7,92,1.2497,1.8678,1.8725,21.597
Ym,8,92,1.2392,1.8721,1.8576,22.065
Ym,0,93,1.3427,1.7864,2.0551,22.164
Ym,1,93,1.3139,1.7808,2.0118,22.164
Ym,2,93,1.3476,1.8218,1.9675,21.978
Ym,3,93,1.2514,1.8731,1.9019,21.597
Ym,4,93,1.2264,1.8812,1.8904,22.065
Ym,5,93,1.2133,1.8818,1.8792,22.065
Ym,6,93,1.2046,1.8878,1.8670,22.065
Ym,7,93,1.2365,1.8707,1.8604,22.065
Ym,8,93,1.2259,1.8750,1.8455,21.782
Ym,0,94,1.3311,1.7888,2.0441,22.164
Ym,1,94,1.3024,1.7832,2.0008,22.164
Ym,2,94,1.3343,1.8240,1.9546,21.978
Ym,3,94,1.2382,1.8760,1.8898,22.065
Ym,4,94,1.2132,1.8841,1.8783,22.065
Ym,5,94,1.2000,1.8847,1.8671,22.065
Ym,6,94,1.1914,1.8908,1.8550,22.065
Ym,7,94,1.2232,1.8736,1.8483,21.782
Ym,8,94,1.2109,1.8775,1.8308,21.782
Ym,0,95,1.3196,1.7912,2.0330,22.164
Ym,1,95,1.2908,1.7856,1.9897,22.164
Ym,2,95,1.3209,1.8261,1.9417,21.978
Ym,3,95,1.2250,1.8790,1.8777,22.065
Ym,4,95,1.2000,1.8870,1.8662,22.065
Ym,5,95,1.1868,1.8877,1.8550,22.065
Ym,6,95,1.1763,1.8933,1.8403,21.782
Ym,7,95,1.2082,1.8761,1.8336,21.782
Ym,8,95,1.1958,1.8801,1.8161,21.782
Ym,0,96,1.3080,1.7936,2.0219,22.164
Ym,1,96,1.2793,1.7880,1.9787,22.164
Ym,2,96,1.3076,1.8283,1.9289,21.978
Ym,3,96,1.2118,1.8819,1.8656,22.065
Ym,4,96,1.1868,1.8900,1.8541,22.065
Ym,5,96,1.1717,1.8902,1.8404,21.782
Ym,6,96,1.1612,1.8958,1.8256,21.782
Ym,7,96,1.1931,1.8787,1.8189,21.782
Ym,8,96,1.1807,1.8826,1.8014,21.782
Ym,0,97,1.2965,1.7960,2.0109,22.164
Ym,1,97,1.2677,1.7904,1.9676,21.978
Ym,2,97,1.2943,1.8304,1.9160,21.978
Ym,3,97,1.1985,1.8848,1.8535,22.065
Ym,4,97,1.1717,1.8925,1.8394,21.782
Ym,5,97,1.1567,1.8927,1.8257,21.782
Ym,6,97,1.1462,1.8984,1.8109,21.782
Ym,7,97,1.1780,1.8812,1.8042,21.782
Ym,8,97,1.1657,1.8852,1.7867,21.782
Ym,0,98,1.2849,1.7984,1.9998,22.164
Ym,1,98,1.2544,1.7925,1.9547,21.978
Ym,2,98,1.2810,1.8326,1.9031,21.978
Ym,3,98,1.1835,1.8874,1.8388,21.782
Ym,4,98,1.1566,1.8951,1.8247,21.782
Ym,5,98,1.1416,1.8953,1.8110,21.782
Ym,6,98,1.1311,1.9009,1.7962,21.782
Ym,7,98,1.1630,1.8838,1.7895,21.782
Ym,8,98,1.1506,1.8877,1.7720,21.782
Ym,0,99,1.2734,1.8008,1.9888,22.164
Ym,1,99,1.2492,1.7952,1.9481,21.978
Ym,2,99,1.2677,1.8347,1.8902,21.978
Ym,3,99,1.1684,1.8899,1.8241,21.782
Ym,4,99,1.1416,1.8976,1.8100,21.782
Ym,5,99,1.1265,1.8978,1.7963,21.929
Ym,6,99,1.1164,1.9043,1.7832,21.929
Ym,7,99,1.1479,1.8863,1.7748,21.782
Ym,8,99,1.1355,1.8902,1.7573,21.782
Ym,0,100,1.2618,1.8032,1.9777,22.164
Ym,1,100,1.2440,1.7978,1.9414,22.419
Ym,2,100,1.2544,1.8369,1.8773,21.978
Ym,3,100,1.1533,1.8924,1.8094,21.782
Ym,4,100,1.1265,1.9001,1.7953,21.929
Ym,5,100,1.1119,1.9012,1.7833,21.929
Ym,6,100,1.1018,1.9076,1.7702,21.929
Ym,7,100,1.1328,1.8889,1.7602,21.782
Ym,8,100,1.1209,1.8936,1.7443,21.929
Ym,0,101,1.2503,1.8056,1.9667,21.978
Ym,1,101,1.2388,1.8004,1.9347,22.419
Ym,2,101,1.2492,1.8395,1.8707,22.419
Ym,3,101,1.1383,1.8950,1.7947,21.782
Ym,4,101,1.1118,1.9035,1.7824,21.929
Ym,5,101,1.0972,1.9045,1.7703,21.929
Ym,6,101,1.0871,1.9110,1.7572,21.929
Ym,7,101,1.1182,1.8922,1.7472,21.929
Ym,8,101,1.1062,1.8969,1.7313,21.929
Ym,0,102,1.2451,1.8082,1.9600,22.419
Ym,1,102,1.2336,1.8031,1.9281,22.419
Ym,2,102,1.2440,1.8422,1.8640,22.419
Ym,3,102,1.1232,1.8975,1.7800,21.929
Ym,4,102,1.0972,1.9068,1.7694,21.929
Ym,5,102,1.0825,1.9079,1.7573,21.929
Ym,6,102,1.0724,1.9143,1.7442,21.929
Ym,7,102,1.1035,1.8956,1.7342,21.929
Ym,8,102,1.0911,1.8999,1.7173,21.808
Ym,0,103,1.2399,1.8108,1.9533,22.419
Ym,1,103,1.2284,1.8057,1.9214,22.419
Ym,2,103,1.2388,1.8448,1.8573,22.419
Ym,3,103,1.1085,1.9009,1.7671,21.929
Ym,4,103,1.0825,1.9102,1.7564,21.929
Ym,5,103,1.0679,1.9112,1.7443,21.929
Ym,6,103,1.0578,1.9177,1.7312,21.929
Ym,7,103,1.0884,1.8985,1.7202,21.808
Ym,8,103,1.0761,1.9028,1.7034,21.808
Ym,0,104,1.2347,1.8135,1.9467,22.419
Ym,1,104,1.2232,1.8083,1.9147,22.419
Ym,2,104,1.2335,1.8474,1.8507,22.419
Ym,3,104,1.0939,1.9042,1.7541,21.929
Ym,4,104,1.0678,1.9135,1.7434,21.929
Ym,5,104,1.0532,1.9146,1.7313,21.929
Ym,6,104,1.0427,1.9206,1.7172,21.808
Ym,7,104,1.0734,1.9015,1.7062,21.808
Ym,8,104,1.0610,1.9058,1.6894,21.808
Ym,0,105,1.2295,1.8161,1.9400,22.419
Ym,1,105,1.2180,1.8109,1.9081,22.419
Ym,2,105,1.2254,1.8493,1.8407,22.115
Ym,3,105,1.0792,1.9076,1.7411,21.929
Ym,4,105,1.0532,1.9169,1.7304,21.929
Ym,5,105,1.0381,1.9175,1.7173,21.808
Ym,6,105,1.0276,1.9236,1.7032,21.808
Ym,7,105,1.0583,1.9044,1.6922,21.808
Ym,8,105,1.0459,1.9087,1.6754,21.808
Ym,0,106,1.2243,1.8187,1.9333,22.419
Ym,1,106,1.2128,1.8136,1.9014,22.419
Ym,2,106,1.2103,1.8519,1.8260,21.782
Ym,3,106,1.0645,1.9109,1.7281,21.808
Ym,4,106,1.0381,1.9198,1.7164,21.808
Ym,5,106,1.0231,1.9205,1.7033,21.808
Ym,6,106,1.0126,1.9265,1.6893,21.808
Ym,7,106,1.0432,1.9073,1.6782,21.808
Ym,8,106,1.0309,1.9117,1.6614,21.808
Ym,0,107,1.2191,1.8214,1.9267,22.419
Ym,1,107,1.2076,1.8162,1.8948,22.419
Ym,2,107,1.1952,1.8544,1.8114,21.782
Ym,3,107,1.0495,1.9139,1.7141,21.808
Ym,4,107,1.0230,1.9228,1.7024,21.808
Ym,5,107,1.0080,1.9234,1.6893,23.832
Ym,6,107,1.0165,1.9310,1.6882,21.808
Ym,7,107,1.0282,1.9103,1.6642,21.808
Ym,8,107,1.0158,1.9146,1.6474,21.808
Ym,0,108,1.2138,1.8240,1.9200,22.419
Ym,1,108,1.2024,1.8188,1.8881,22.419
Ym,2,108,1.1801,1.8570,1.7967,21.782
Ym,3,108,1.0344,1.9168,1.7001,21.808
Ym,4,108,1.0080,1.9257,1.6884,23.832
Ym,5,108,0.9929,1.9264,1.6754,23.832
Ym,6,108,1.0205,1.9354,1.6871,21.808
Ym,7,108,1.0131,1.9132,1.6502,21.808
Ym,8,108,1.0198,1.9191,1.6463,21.808
Ym,0,109,1.2086,1.8266,1.9133,22.419
Ym,1,109,1.1972,1.8215,1.8814,22.419
Ym,2,109,1.1651,1.8595,1.7820,21.782
Ym,3,109,1.0193,1.9198,1.6861,21.808
Ym,4,109,0.9929,1.9287,1.6744,23.832
Ym,5,109,0.9969,1.9308,1.6743,23.832
Ym,6,109,1.0054,1.9384,1.6731,23.832
Ym,7,109,1.0171,1.9177,1.6491,21.808
Ym,8,109,1.0047,1.9220,1.6323,23.832
Ym,0,110,1.2034,1.8293,1.9067,22.419
Ym,1,110,1.1920,1.8241,1.8748,22.419
Ym,2,110,1.1500,1.8621,1.7673,21.782
Ym,3,110,1.0043,1.9227,1.6721,23.832
Ym,4,110,0.9969,1.9331,1.6734,23.832
Ym,5,110,1.0009,1.9353,1.6732,23.832
Ym,6,110,1.0094,1.9428,1.6721,21.808
Ym,7,110,1.0020,1.9206,1.6352,23.832
Ym,8,110,1.0087,1.9265,1.6313,23.832
Ym,0,111,1.1982,1.8319,1.9000,22.419
Ym,1,111,1.1867,1.8267,1.8681,22.419
Ym,2,111,1.1349,1.8646,1.7526,21.782
Ym,3,111,1.0082,1.9272,1.6710,23.832
Ym,4,111,1.0008,1.9376,1.6723,23.832
Ym,5,111,1.0048,1.9397,1.6722,23.832
Ym,6,111,1.0134,1.9472,1.6710,21.808
Ym,7,111,1.0060,1.9251,1.6341,23.832
Ym,8,111,0.9936,1.9294,1.6173,23.832
Ym,0,112,1.1930,1.8345,1.8934,22.419
Ym,1,112,1.1815,1.8294,1.8614,22.419
Ym,2,112,1.1203,1.8680,1.7396,21.929
Ym,3,112,0.9932,1.9301,1.6571,23.832
Ym,4,112,1.0048,1.9420,1.6712,23.832
Ym,5,112,1.0088,1.9441,1.6711,23.832
Ym,6,112,1.0173,1.9517,1.6700,21.808
Ym,7,112,1.0099,1.9295,1.6330,21.808
Ym,8,112,0.9976,1.9338,1.6162,23.832
Ym,0,113,1.1878,1.8371,1.8867,22.419
Ym,1,113,1.1763,1.8320,1.8548,22.419
Ym,2,113,1.1056,1.8713,1.7266,21.808
Ym,3,113,0.9971,1.9345,1.6560,23.832
Ym,4,113,1.0088,1.9465,1.6702,23.832
Ym,5,113,0.9937,1.9471,1.6571,23.832
Ym,6,113,1.0023,1.9546,1.6560,23.832
Ym,7,113,1.0139,1.9340,1.6320,21.808
Ym,8,113,1.0015,1.9383,1.6151,23.832
Ym,0,114,1.1826,1.8398,1.8800,22.419
Ym,1,114,1.1711,1.8346,1.8481,22.115
Ym,2,114,1.0905,1.8743,1.7126,21.808
Ym,3,114,1.0011,1.9390,1.6549,23.832
Ym,4,114,0.9937,1.9494,1.6562,23.832
Ym,5,114,0.9977,1.9515,1.6561,23.832
Ym,6,114,1.0062,1.9591,1.6549,23.832
Ym,7,114,1.0179,1.9384,1.6309,21.808
Ym,8,114,1.0055,1.9427,1.6141,23.832
Ym,0,115,1.1774,1.8424,1.8734,22.419
Ym,1,115,1.1629,1.8365,1.8382,22.115
Ym,2,115,1.0755,1.8772,1.6986,21.808
Ym,3,115,1.0051,1.9434,1.6539,23.832
Ym,4,115,0.9977,1.9538,1.6551,23.832
Ym,5,115,1.0017,1.9560,1.6550,23.832
Ym,6,115,1.0102,1.9635,1.6538,21.808
Ym,7,115,1.0028,1.9414,1.6169,23.832
Ym,8,115,1.0095,1.9472,1.6130,21.808
Ym,0,116,1.1722,1.8450,1.8667,22.419
Ym,1,116,1.1548,1.8385,1.8282,22.115
Ym,2,116,1.0604,1.8802,1.6846,21.808
Ym,3,116,1.0090,1.9479,1.6528,23.832
Ym,4,116,1.0016,1.9583,1.6541,23.832
Ym,5,116,1.0056,1.9604,1.6539,23.832
Ym,6,116,1.0142,1.9680,1.6528,21.808
Ym,7,116,1.0068,1.9458,1.6159,23.832
Ym,8,116,1.0134,1.9516,1.6120,21.808
Ym,0,117,1.1670,1.8477,1.8600,22.419
Ym,1,117,1.1466,1.8404,1.8183,22.115
Ym,2,117,1.0453,1.8831,1.6706,21.808
Ym,3,117,0.9940,1.9508,1.6388,23.832
Ym,4,117,1.0056,1.9627,1.6530,23.832
Ym,5,117,1.0096,1.9649,1.6529,21.808
Ym,6,117,1.0181,1.9724,1.6517,21.546
Ym,7,117,1.0107,1.9502,1.6148,21.808
Ym,8,117,1.0174,1.9561,1.6109,21.808
Ym,0,118,1.1618,1.8503,1.8534,22.065
Ym,1,118,1.1384,1.8423,1.8084,22.115
Ym,2,118,1.0303,1.8860,1.6566,21.808
Ym,3,118,0.9979,1.9553,1.6378,23.832
Ym,4,118,1.0096,1.9672,1.6519,21.808
Ym,5,118,1.0136,1.9693,1.6518,21.808
Ym,6,118,1.0035,1.9754,1.6388,21.877
Ym,7,118,1.0147,1.9547,1.6137,21.808
Ym,8,118,1.0024,1.9586,1.5963,23.832
Ym,0,119,1.1467,1.8528,1.8387,21.782
Ym,1,119,1.1302,1.8443,1.7984,22.115
Ym,2,119,1.0152,1.8890,1.6426,21.808
Ym,3,119,1.0019,1.9597,1.6367,23.832
Ym,4,119,1.0135,1.9716,1.6509,21.546
Ym,5,119,0.9990,1.9723,1.6389,21.877
Ym,6,119,0.9889,1.9783,1.6258,21.877
Ym,7,119,1.0187,1.9591,1.6127,21.808
Ym,8,119,1.0063,1.9630,1.5952,23.832
Ym,0,120,1.1317,1.8554,1.8240,21.782
Ym,1,120,1.1218,1.8466,1.7893,22.175
Ym,2,120,1.0192,1.8934,1.6416,21.808
Ym,3,120,1.0059,1.9642,1.6356,23.832
Ym,4,120,0.9989,1.9746,1.6379,21.877
Ym,5,120,0.9844,1.9752,1.6259,21.877
Ym,6,120,0.9743,1.9812,1.6129,21.877
Ym,7,120,1.0036,1.9617,1.5980,23.832
Ym,8,120,1.0103,1.9675,1.5941,21.713
Ym,0,121,1.1170,1.8587,1.8110,21.929
Ym,1,121,1.1134,1.8489,1.7801,22.175
Ym,2,121,1.0041,1.8964,1.6276,23.832
Ym,3,121,1.0098,1.9686,1.6346,21.808
Ym,4,121,0.9843,1.9775,1.6250,21.877
Ym,5,121,0.9698,1.9781,1.6130,21.877
Ym,6,121,0.9597,1.9837,1.5991,21.771
Ym,7,121,1.0076,1.9661,1.5970,23.832
Ym,8,121,1.0143,1.9719,1.5931,21.486
Ym,0,122,1.1023,1.8621,1.7980,21.929
Ym,1,122,1.0987,1.8523,1.7671,21.929
Ym,2,122,1.0081,1.9008,1.6265,23.832
Ym,3,122,0.9952,1.9715,1.6216,21.877
Ym,4,122,0.9697,1.9804,1.6120,21.877
Ym,5,122,0.9551,1.9806,1.5992,21.771
Ym,6,122,0.9450,1.9861,1.5854,21.771
Ym,7,122,0.9926,1.9686,1.5823,23.832
Ym,8,122,0.9996,1.9743,1.5793,21.771
Ym,0,123,1.0877,1.8654,1.7850,21.929
Ym,1,123,1.0841,1.8556,1.7541,21.929
Ym,2,123,0.9930,1.9038,1.6125,23.832
Ym,3,123,0.9806,1.9745,1.6087,21.771
Ym,4,123,0.9551,1.9829,1.5983,21.771
Ym,5,123,0.9404,1.9830,1.5855,21.771
Ym,6,123,0.9303,1.9885,1.5717,21.771
Ym,7,123,0.9779,1.9710,1.5686,21.771
Ym,8,123,0.9849,1.9768,1.5656,21.771
Ym,0,124,1.0730,1.8688,1.7720,21.929
Ym,1,124,1.0694,1.8590,1.7411,21.929
Ym,2,124,0.9970,1.9082,1.6115,23.832
Ym,3,124,0.9660,1.9769,1.5949,21.771
Ym,4,124,0.9404,1.9853,1.5845,21.771
Ym,5,124,0.9258,1.9854,1.5717,21.771
Ym,6,124,0.9157,1.9909,1.5579,21.771
Ym,7,124,0.9633,1.9735,1.5548,21.771
Ym,8,124,0.9703,1.9792,1.5518,21.771
Ym,0,125,1.0583,1.8721,1.7590,21.929
Ym,1,125,1.0548,1.8623,1.7281,21.808
Ym,2,125,1.0009,1.9127,1.6104,23.832
Ym,3,125,0.9513,1.9793,1.5812,21.771
Ym,4,125,0.9257,1.9877,1.5708,21.771
Ym,5,125,0.9111,1.9878,1.5580,21.771
Ym,6,125,0.9010,1.9934,1.5442,21.771
Ym,7,125,0.9486,1.9759,1.5411,21.771
Ym,8,125,0.9556,1.9816,1.5381,21.771
Ym,0,126,1.0437,1.8755,1.7460,21.929
Ym,1,126,1.0397,1.8652,1.7141,21.808
Ym,2,126,1.0049,1.9171,1.6094,23.832
Ym,3,126,0.9366,1.9818,1.5675,21.771
Ym,4,126,0.9111,1.9901,1.5571,21.771
Ym,5,126,0.8964,1.9903,1.5443,21.771
Ym,6,126,0.8863,1.9958,1.5304,21.830
Ym,7,126,0.9339,1.9783,1.5274,21.771
Ym,8,126,0.9409,1.9840,1.5244,21.771
Ym,0,127,1.0290,1.8788,1.7331,21.929
Ym,1,127,1.0246,1.8682,1.7001,21.808
Ym,2,127,1.0089,1.9215,1.6083,23.832
Ym,3,127,0.9220,1.9842,1.5537,21.771
Ym,4,127,0.8964,1.9926,1.5433,21.771
Ym,5,127,0.8823,1.9923,1.5317,21.830
Ym,6,127,0.8722,1.9979,1.5178,21.830
Ym,7,127,0.9193,1.9807,1.5136,21.771
Ym,8,127,0.9263,1.9865,1.5106,21.771
Ym,0,128,1.0139,1.8818,1.7191,21.808
Ym,1,128,1.0096,1.8711,1.6861,21.808
Ym,2,128,0.9939,1.9241,1.5936,23.832
Ym,3,128,0.9073,1.9866,1.5400,21.771
Ym,4,128,0.8823,1.9946,1.5307,21.830
Ym,5,128,0.8682,1.9944,1.5191,21.830
Ym,6,128,0.8581,1.9999,1.5052,21.830
Ym,7,128,0.9046,1.9832,1.4999,21.771
Ym,8,128,0.9116,1.9889,1.4969,21.771
Ym,0,129,1.0179,1.8862,1.7180,21.808
Ym,1,129,1.0135,1.8756,1.6851,21.808
Ym,2,129,0.9978,1.9285,1.5926,23.832
Ym,3,129,0.8926,1.9890,1.5262,21.771
Ym,4,129,0.8682,1.9967,1.5181,21.830
Ym,5,129,0.8541,1.9965,1.5065,21.830
Ym,6,129,0.8440,2.0020,1.4926,21.830
Ym,7,129,0.8899,1.9856,1.4861,21.687
Ym,8,129,0.8969,1.9913,1.4831,21.687
Ym,0,130,1.0028,1.8892,1.7040,23.832
Ym,1,130,1.0175,1.8800,1.6840,21.808
Ym,2,130,1.0018,1.9330,1.5915,23.832
Ym,3,130,0.8785,1.9911,1.5136,21.830
Ym,4,130,0.8541,1.9988,1.5055,21.830
Ym,5,130,0.8400,1.9985,1.4938,21.830
Ym,6,130,0.8300,2.0035,1.4795,21.736
Ym,7,130,0.8759,1.9871,1.4730,21.736
Ym,8,130,0.8825,1.9932,1.4689,21.736
Ym,0,131,1.0068,1.8936,1.7029,23.832
Ym,1,131,1.0024,1.8830,1.6700,23.832
Ym,2,131,1.0058,1.9374,1.5905,23.832
Ym,3,131,0.8644,1.9932,1.5010,21.830
Ym,4,131,0.8400,2.0008,1.4929,21.830
Ym,5,131,0.8260,2.0000,1.4807,21.736
Ym,6,131,0.8160,2.0050,1.4663,21.736
Ym,7,131,0.8619,1.9886,1.4598,21.736
Ym,8,131,0.8685,1.9947,1.4558,21.736
Ym,0,132,1.0108,1.8981,1.7019,21.808
Ym,1,132,1.0064,1.8874,1.6690,23.832
Ym,2,132,1.0097,1.9418,1.5894,21.713
Ym,3,132,0.8503,1.9952,1.4884,21.736
Ym,4,132,0.8260,2.0023,1.4797,21.736
Ym,5,132,0.8121,2.0015,1.4675,21.736
Ym,6,132,0.8020,2.0065,1.4531,21.736
Ym,7,132,0.8479,1.9901,1.4467,21.736
Ym,8,132,0.8545,1.9962,1.4426,21.736
Ym,0,133,1.0147,1.9025,1.7008,21.808
Ym,1,133,1.0104,1.8919,1.6679,21.808
Ym,2,133,1.0137,1.9463,1.5883,21.713
Ym,3,133,0.8363,1.9967,1.4753,21.736
Ym,4,133,0.8120,2.0038,1.4666,21.736
Ym,5,133,0.7981,2.0030,1.4544,21.736
Ym,6,133,0.7880,2.0080,1.4400,21.736
Ym,7,133,0.8339,1.9916,1.4335,21.736
Ym,8,133,0.8405,1.9977,1.4295,21.736
Ym,0,134,1.0187,1.9070,1.6998,21.808
Ym,1,134,1.0143,1.8963,1.6668,21.808
Ym,2,134,1.0177,1.9507,1.5873,21.713
Ym,3,134,0.8223,1.9982,1.4621,21.736
Ym,4,134,0.7980,2.0053,1.4534,21.736
Ym,5,134,0.7841,2.0045,1.4412,21.736
Ym,6,134,0.7741,2.0095,1.4268,21.736
Ym,7,134,0.8200,1.9931,1.4203,21.736
Ym,8,134,0.8265,1.9992,1.4163,21.736
Ym,0,135,1.0036,1.9099,1.6858,23.832
Ym,1,135,1.0183,1.9008,1.6658,21.808
Ym,2,135,1.0026,1.9533,1.5726,23.832
Ym,3,135,0.8083,1.9997,1.4489,21.736
Ym,4,135,0.7840,2.0068,1.4403,21.736
Ym,5,135,0.7701,2.0060,1.4280,21.736
Ym,6,135,0.7618,2.0092,1.4164,21.829
Ym,7,135,0.8060,1.9946,1.4072,21.736
Ym,8,135,0.8125,2.0007,1.4031,21.736
Ym,0,136,1.0076,1.9143,1.6847,23.832
Ym,1,136,1.0032,1.9037,1.6518,23.832
Ym,2,136,1.0066,1.9577,1.5716,23.832
Ym,3,136,0.7943,2.0012,1.4358,21.736
Ym,4,136,0.7700,2.0083,1.4271,21.736
Ym,5,136,0.7578,2.0058,1.4176,21.829
Ym,6,136,0.7495,2.0090,1.4059,21.829
Ym,7,136,0.7920,1.9961,1.3940,21.736
Ym,8,136,0.7985,2.0022,1.3900,21.736
Ym,0,137,0.9925,1.9173,1.6707,23.832
Ym,1,137,1.0072,1.9081,1.6507,23.832
Ym,2,137,1.0106,1.9621,1.5705,21.713
Ym,3,137,0.7804,2.0027,1.4226,21.736
Ym,4,137,0.7577,2.0081,1.4167,21.829
Ym,5,137,0.7455,2.0055,1.4072,21.829
Ym,6,137,0.7372,2.0087,1.3955,21.829
Ym,7,137,0.7780,1.9976,1.3809,21.736
Ym,8,137,0.7845,2.0037,1.3768,21.736
Ym,0,138,0.9965,1.9217,1.6697,23.832
Ym,1,138,1.0111,1.9126,1.6497,21.808
Ym,2,138,1.0145,1.9666,1.5695,21.713
Ym,3,138,0.7664,2.0042,1.4095,21.829
Ym,4,138,0.7455,2.0078,1.4062,21.829
Ym,5,138,0.7333,2.0053,1.3967,21.829
Ym,6,138,0.7250,2.0085,1.3851,21.829
Ym,7,138,0.7640,1.9991,1.3677,21.745
Ym,8,138,0.7705,2.0052,1.3637,21.662
Ym,0,139,1.0005,1.9262,1.6686,23.832
Ym,1,139,1.0151,1.9170,1.6486,21.808
Ym,2,139,1.0185,1.9710,1.5684,21.486
Ym,3,139,0.7541,2.0040,1.3990,21.829
Ym,4,139,0.7332,2.0076,1.3958,21.829
Ym,5,139,0.7210,2.0050,1.3863,21.829
Ym,6,139,0.7127,2.0083,1.3746,21.829
Ym,7,139,0.7521,1.9983,1.3567,21.745
Ym,8,139,0.7586,2.0044,1.3527,21.745
Ym,0,140,1.0044,1.9306,1.6675,23.832
Ym,1,140,1.0191,1.9215,1.6475,21.808
Ym,2,140,1.0005,1.9751,1.5522,21.771
Ym,3,140,0.7418,2.0037,1.3886,21.829
Ym,4,140,0.7209,2.0073,1.3853,21.829
Ym,5,140,0.7087,2.0048,1.3758,21.829
Ym,6,140,0.7008,2.0074,1.3636,21.745
Ym,7,140,0.7402,1.9975,1.3457,21.745
Ym,8,140,0.7467,2.0036,1.3417,21.745
Ym,0,141,1.0084,1.9351,1.6665,23.832
Ym,1,141,1.0040,1.9244,1.6336,23.832
Ym,2,141,0.9858,1.9775,1.5385,21.771
Ym,3,141,0.7295,2.0035,1.3781,21.829
Ym,4,141,0.7087,2.0071,1.3749,21.829
Ym,5,141,0.6964,2.0046,1.3654,21.745
Ym,6,141,0.6889,2.0066,1.3526,21.745
Ym,7,141,0.7283,1.9966,1.3347,21.745
Ym,8,141,0.7348,2.0028,1.3307,21.745
Ym,0,142,0.9933,1.9380,1.6525,23.832
Ym,1,142,1.0080,1.9289,1.6325,23.832
Ym,2,142,0.9712,1.9799,1.5247,21.771
Ym,3,142,0.7173,2.0032,1.3677,21.745
Ym,4,142,0.6968,2.0063,1.3639,21.745
Ym,5,142,0.6846,2.0037,1.3544,21.745
Ym,6,142,0.6770,2.0058,1.3416,21.745
Ym,7,142,0.7164,1.9958,1.3237,21.745
Ym,8,142,0.7229,2.0020,1.3197,21.745
Ym,0,143,0.9973,1.9425,1.6514,23.832
Ym,1,143,0.9929,1.9318,1.6185,23.832
Ym,2,143,0.9565,1.9823,1.5110,21.771
Ym,3,143,0.7054,2.0024,1.3567,21.745
Ym,4,143,0.6849,2.0055,1.3529,21.745
Ym,5,143,0.6727,2.0029,1.3434,21.745
Ym,6,143,0.6651,2.0050,1.3306,21.745
Ym,7,143,0.7045,1.9950,1.3127,21.745
Ym,8,143,0.7110,2.0011,1.3087,21.745
Ym,0,144,1.0013,1.9469,1.6504,23.832
Ym,1,144,0.9969,1.9363,1.6174,23.832
Ym,2,144,0.9419,1.9848,1.4973,21.771
Ym,3,144,0.6935,2.0016,1.3457,21.745
Ym,4,144,0.6730,2.0046,1.3419,21.745
Ym,5,144,0.6608,2.0021,1.3324,21.745
Ym,6,144,0.6532,2.0042,1.3196,21.745
Ym,7,144,0.6926,1.9942,1.3017,21.745
Ym,8,144,0.6992,2.0003,1.2977,21.745
Ym,0,145,1.0052,1.9513,1.6493,23.832
Ym,1,145,1.0008,1.9407,1.6164,23.832
Ym,2,145,0.9272,1.9872,1.4835,21.687
Ym,3,145,0.6816,2.0008,1.3347,21.745
Ym,4,145,0.6611,2.0038,1.3309,21.745
Ym,5,145,0.6489,2.0013,1.3214,21.902
Ym,6,145,0.6440,1.9998,1.3123,21.902
Ym,7,145,0.6807,1.9934,1.2907,21.745
Ym,8,145,0.6873,1.9995,1.2867,21.745
Ym,0,146,1.0092,1.9558,1.6482,23.832
Ym,1,146,1.0048,1.9451,1.6153,23.832
Ym,2,146,0.9127,1.9891,1.4693,21.687
Ym,3,146,0.6697,2.0000,1.3237,21.745
Ym,4,146,0.6492,2.0030,1.3199,21.902
Ym,5,146,0.6397,1.9970,1.3141,21.902
Ym,6,146,0.6348,1.9955,1.3051,21.902
Ym,7,146,0.6688,1.9925,1.2797,21.745
Ym,8,146,0.6754,1.9987,1.2757,21.745
Ym,0,147,0.9941,1.9587,1.6342,23.832
Ym,1,147,1.0088,1.9496,1.6143,23.832
Ym,2,147,0.8983,1.9910,1.4551,21.687
Ym,3,147,0.6578,1.9991,1.3127,21.745
Ym,4,147,0.6400,1.9987,1.3126,21.902
Ym,5,147,0.6305,1.9926,1.3068,21.902
Ym,6,147,0.6256,1.9912,1.2978,21.902
Ym,7,147,0.6569,1.9917,1.2687,21.745
Ym,8,147,0.6635,1.9979,1.2647,21.745
Ym,0,148,0.9981,1.9632,1.6332,23.832
Ym,1,148,0.9937,1.9525,1.6003,23.832
Ym,2,148,0.8838,1.9929,1.4409,21.736
Ym,3,148,0.6459,1.9983,1.3017,21.902
Ym,4,148,0.6308,1.9944,1.3053,21.902
Ym,5,148,0.6213,1.9883,1.2996,21.902
Ym,6,148,0.6164,1.9869,1.2905,21.902
Ym,7,148,0.6450,1.9909,1.2577,21.902
Ym,8,148,0.6516,1.9970,1.2537,21.745
Ym,0,149,1.0021,1.9676,1.6321,23.832
Ym,1,149,0.9977,1.9570,1.5992,23.832
Ym,2,149,0.8698,1.9944,1.4278,21.736
Ym,3,149,0.6367,1.9940,1.2944,21.902
Ym,4,149,0.6216,1.9900,1.2981,21.902
Ym,5,149,0.6120,1.9840,1.2923,21.902
Ym,6,149,0.6072,1.9826,1.2832,21.902
Ym,7,149,0.6358,1.9866,1.2504,21.902
Ym,8,149,0.6430,1.9915,1.2451,21.759
Ym,0,150,1.0060,1.9721,1.6311,21.877
Ym,1,150,1.0016,1.9614,1.5981,23.832
Ym,2,150,0.8558,1.9959,1.4146,21.736
Ym,3,150,0.6275,1.9897,1.2871,21.902
Ym,4,150,0.6124,1.9857,1.2908,21.902
Ym,5,150,0.6028,1.9797,1.2850,21.902
Ym,6,150,0.5980,1.9782,1.2759,21.902
Ym,7,150,0.6273,1.9810,1.2419,21.759
Ym,8,150,0.6345,1.9859,1.2366,21.759
Ym,0,151,0.9914,1.9750,1.6181,21.877
Ym,1,151,1.0056,1.9659,1.5971,23.832
Ym,2,151,0.8418,1.9974,1.4014,21.736
Ym,3,151,0.6183,1.9854,1.2799,21.902
Ym,4,151,0.6032,1.9814,1.2835,21.902
Ym,5,151,0.5936,1.9753,1.2777,21.902
Ym,6,151,0.5888,1.9739,1.2687,21.902
Ym,7,151,0.6187,1.9754,1.2333,21.759
Ym,8,151,0.6259,1.9803,1.2280,21.759
Ym,0,152,0.9768,1.9780,1.6052,21.771
Ym,1,152,1.0096,1.9703,1.5960,21.486
Ym,2,152,0.8278,1.9989,1.3883,21.736
Ym,3,152,0.6091,1.9810,1.2726,21.902
Ym,4,152,0.5940,1.9771,1.2762,21.902
Ym,5,152,0.5844,1.9710,1.2704,21.902
Ym,6,152,0.5796,1.9696,1.2614,23.575
Ym,7,152,0.6102,1.9699,1.2248,23.575
Ym,8,152,0.6174,1.9748,1.2195,21.759
Ym,0,153,0.9622,1.9804,1.5914,21.771
Ym,1,153,0.9949,1.9727,1.5823,21.771
Ym,2,153,0.8138,2.0004,1.3751,21.736
Ym,3,153,0.5999,1.9767,1.2653,21.902
Ym,4,153,0.5848,1.9728,1.2690,21.902
Ym,5,153,0.5879,1.9679,1.2698,23.575
Ym,6,153,0.5830,1.9665,1.2608,23.575
Ym,7,153,0.6136,1.9668,1.2242,23.575
Ym,8,153,0.6088,1.9692,1.2109,23.575
Ym,0,154,0.9475,1.9828,1.5777,21.771
Ym,1,154,0.9802,1.9752,1.5685,21.771
Ym,2,154,0.8002,2.0014,1.3617,21.662
Ym,3,154,0.5907,1.9724,1.2580,21.902
Ym,4,154,0.5756,1.9684,1.2617,23.575
Ym,5,154,0.5913,1.9649,1.2692,23.575
Ym,6,154,0.5865,1.9634,1.2601,23.575
Ym,7,154,0.6171,1.9637,1.2235,23.575
Ym,8,154,0.6123,1.9661,1.2103,23.575
Ym,0,155,0.9328,1.9852,1.5639,21.771
Ym,1,155,0.9656,1.9776,1.5548,21.771
Ym,2,155,0.7866,2.0023,1.3482,21.662
Ym,3,155,0.5815,1.9681,1.2507,23.575
Ym,4,155,0.5790,1.9654,1.2611,23.575
Ym,5,155,0.5948,1.9618,1.2686,23.575
Ym,6,155,0.5899,1.9604,1.2595,23.575
Ym,7,155,0.6205,1.9606,1.2229,23.575
Ym,8,155,0.6157,1.9631,1.2097,23.575
Ym,0,156,0.9182,1.9877,1.5502,21.771
Ym,1,156,0.9509,1.9800,1.5411,21.771
Ym,2,156,0.7730,2.0033,1.3348,21.662
Ym,3,156,0.5849,1.9650,1.2501,23.575
Ym,4,156,0.5824,1.9623,1.2604,23.575
Ym,5,156,0.5982,1.9587,1.2680,23.575
Ym,6,156,0.5934,1.9573,1.2589,23.575
Ym,7,156,0.6240,1.9576,1.2223,23.575
Ym,8,156,0.6192,1.9600,1.2091,23.575
Ym,0,157,0.9035,1.9901,1.5365,21.771
Ym,1,157,0.9362,1.9824,1.5273,21.771
Ym,2,157,0.7611,2.0024,1.3238,21.745
Ym,3,157,0.5884,1.9619,1.2495,23.575
Ym,4,157,0.5859,1.9592,1.2598,23.575
Ym,5,157,0.6017,1.9556,1.2674,23.575
Ym,6,157,0.5968,1.9542,1.2583,23.575
Ym,7,157,0.6274,1.9545,1.2217,23.575
Ym,8,157,0.6226,1.9569,1.2085,23.575
Ym,0,158,0.8888,1.9925,1.5227,21.830
Ym,1,158,0.9216,1.9849,1.5136,21.771
Ym,2,158,0.7492,2.0016,1.3128,21.745
Ym,3,158,0.5918,1.9588,1.2489,23.575
Ym,4,158,0.5893,1.9561,1.2592,23.575
Ym,5,158,0.6051,1.9525,1.2668,23.575
Ym,6,158,0.6003,1.9511,1.2577,23.575
Ym,7,158,0.6309,1.9514,1.2211,23.575
Ym,8,158,0.6261,1.9538,1.2078,23.575
Ym,0,159,0.8747,1.9946,1.5101,21.830
Ym,1,159,0.9069,1.9873,1.4998,21.771
Ym,2,159,0.7373,2.0008,1.3018,21.745
Ym,3,159,0.5953,1.9558,1.2483,23.575
Ym,4,159,0.5928,1.9530,1.2586,23.575
Ym,5,159,0.6085,1.9495,1.2661,23.575
Ym,6,159,0.6037,1.9480,1.2571,23.575
Ym,7,159,0.6343,1.9483,1.2205,23.575
Ym,8,159,0.6295,1.9507,1.2072,23.575
Ym,0,160,0.8606,1.9966,1.4975,21.830
Ym,1,160,0.8922,1.9897,1.4861,21.687
Ym,2,160,0.7254,2.0000,1.2908,21.745
Ym,3,160,0.5987,1.9527,1.2477,23.575
Ym,4,160,0.5962,1.9500,1.2580,23.575
Ym,5,160,0.6120,1.9464,1.2655,23.575
Ym,6,160,0.6071,1.9450,1.2565,23.575
Ym,7,160,0.6377,1.9452,1.2198,23.575
Ym,8,160,0.6330,1.9477,1.2066,23.575
Ym,0,161,0.8465,1.9987,1.4849,21.736
Ym,1,161,0.8783,1.9912,1.4729,21.736
Ym,2,161,0.7135,1.9992,1.2798,21.745
Ym,3,161,0.6021,1.9496,1.2470,23.575
Ym,4,161,0.5997,1.9469,1.2574,23.575
Ym,5,161,0.6154,1.9433,1.2649,23.575
Ym,6,161,0.6106,1.9419,1.2558,23.575
Ym,7,161,0.6412,1.9422,1.2192,23.575
Ym,8,161,0.6364,1.9446,1.2060,23.575
Ym,0,162,0.8325,2.0002,1.4717,21.736
Ym,1,162,0.8643,1.9927,1.4598,21.736
Ym,2,162,0.7016,1.9983,1.2688,21.745
Ym,3,162,0.6056,1.9465,1.2464,23.575
Ym,4,162,0.6031,1.9438,1.2567,23.575
Ym,5,162,0.6189,1.9402,1.2643,23.575
Ym,6,162,0.6140,1.9388,1.2552,23.575
Ym,7,162,0.6446,1.9391,1.2186,23.575
Ym,8,162,0.6399,1.9415,1.2054,23.575
Ym,0,163,0.8185,2.0017,1.4586,21.736
Ym,1,163,0.8503,1.9942,1.4466,21.736
Ym,2,163,0.6897,1.9975,1.2578,21.745
Ym,3,163,0.6090,1.9434,1.2458,23.575
Ym,4,163,0.6066,1.9407,1.2561,23.575
Ym,5,163,0.6223,1.9371,1.2637,23.575
Ym,6,163,0.6175,1.9357,1.2546,23.575
Ym,7,163,0.6481,1.9360,1.2180,23.575
Ym,8,163,0.6433,1.9384,1.2048,23.575
Ym,0,164,0.8045,2.0032,1.4454,21.736
Ym,1,164,0.8363,1.9957,1.4335,21.736
Ym,2,164,0.6778,1.9967,1.2468,21.627
Ym,3,164,0.6125,1.9404,1.2452,23.575
Ym,4,164,0.6100,1.9376,1.2555,23.575
Ym,5,164,0.6258,1.9341,1.2631,23.575
Ym,6,164,0.6209,1.9326,1.2540,23.575
Ym,7,164,0.6380,1.9332,1.2075,23.575
Ym,8,164,0.6467,1.9353,1.2042,23.575
Ym,0,165,0.7905,2.0047,1.4323,21.736
Ym,1,165,0.8223,1.9972,1.4203,21.736
Ym,2,165,0.6674,1.9947,1.2352,21.627
Ym,3,165,0.6159,1.9373,1.2446,23.575
Ym,4,165,0.6134,1.9346,1.2549,23.575
Ym,5,165,0.6292,1.9310,1.2625,23.575
Ym,6,165,0.6244,1.9296,1.2534,23.575
Ym,7,165,0.6415,1.9301,1.2068,23.575
Ym,8,165,0.6502,1.9323,1.2035,21.726
Ym,0,166,0.7766,2.0062,1.4191,21.736
Ym,1,166,0.8083,1.9987,1.4071,21.736
Ym,2,166,0.6571,1.9927,1.2237,21.627
Ym,3,166,0.6194,1.9342,1.2440,23.575
Ym,4,166,0.6169,1.9315,1.2543,23.575
Ym,5,166,0.6327,1.9279,1.2618,23.575
Ym,6,166,0.6278,1.9265,1.2528,23.575
Ym,7,166,0.6449,1.9270,1.2062,23.575
Ym,8,166,0.6536,1.9292,1.2029,21.726
Ym,0,167,0.7626,2.0077,1.4059,21.829
Ym,1,167,0.7943,2.0002,1.3940,21.736
Ym,2,167,0.6467,1.9907,1.2122,21.759
Ym,3,167,0.6228,1.9311,1.2434,23.575
Ym,4,167,0.6203,1.9284,1.2537,23.575
Ym,5,167,0.6361,1.9248,1.2612,23.575
Ym,6,167,0.6313,1.9234,1.2522,23.575
Ym,7,167,0.6484,1.9239,1.2056,23.575
Ym,8,167,0.6571,1.9261,1.2023,21.726
Ym,0,168,0.7503,2.0075,1.3955,21.829
Ym,1,168,0.7803,2.0017,1.3808,21.736
Ym,2,168,0.6382,1.9852,1.2037,21.759
Ym,3,168,0.6263,1.9280,1.2427,23.575
Ym,4,168,0.6238,1.9253,1.2531,23.575
Ym,5,168,0.6396,1.9218,1.2606,23.575
Ym,6,168,0.6347,1.9203,1.2515,23.575
Ym,7,168,0.6383,1.9211,1.1951,23.575
Ym,8,168,0.6470,1.9233,1.1918,23.575
Ym,0,169,0.7380,2.0072,1.3851,21.829
Ym,1,169,0.7663,2.0032,1.3677,21.745
Ym,2,169,0.6296,1.9796,1.1951,21.759
Ym,3,169,0.6297,1.9250,1.2421,23.575
Ym,4,169,0.6272,1.9222,1.2524,23.575
Ym,5,169,0.6430,1.9187,1.2600,23.575
Ym,6,169,0.6382,1.9172,1.2509,23.575
Ym,7,169,0.6418,1.9180,1.1945,23.575
Ym,8,169,0.6505,1.9202,1.1911,21.726
