dir,k,step,x,y,z,T
Xp,0,0,4.4570,1.7000,2.6000,22.783
Xp,1,0,4.4570,1.7750,2.6000,18.575
Xp,2,0,4.4570,1.8500,2.6000,18.575
Xp,3,0,4.4570,1.9250,2.6000,18.194
Xp,4,0,4.4570,2.0000,2.6000,18.230
Xp,5,0,4.4570,2.0750,2.6000,18.230
Xp,6,0,4.4570,2.1500,2.6000,18.249
Xp,7,0,4.4570,2.2250,2.6000,18.580
Xp,8,0,4.4570,2.3000,2.6000,18.580
Xp,0,1,4.4238,1.7261,2.6044,22.783
Xp,1,1,4.5321,1.7935,2.5615,20.070
Xp,2,1,4.5681,1.8511,2.5642,19.325
Xp,3,1,4.5681,1.9261,2.5642,19.325
Xp,4,1,4.5678,1.9973,2.5641,19.376
Xp,5,1,4.5678,2.0723,2.5641,19.376
Xp,6,1,4.5613,2.1378,2.5601,19.418
Xp,7,1,4.5333,2.2061,2.5622,19.418
Xp,8,1,4.5333,2.2811,2.5622,20.153
Xp,0,2,4.5245,1.7404,2.5547,20.070
Xp,1,2,4.5694,1.8078,2.5395,20.070
Xp,2,2,4.6152,1.8529,2.5599,19.136
Xp,3,2,4.6152,1.9279,2.5599,19.136
Xp,4,2,4.6156,1.9918,2.5587,19.193
Xp,5,2,4.6156,2.0668,2.5587,19.193
Xp,6,2,4.6131,2.1245,2.5439,19.414
Xp,7,2,4.5852,2.1927,2.5461,19.418
Xp,8,2,4.5693,2.2659,2.5427,20.153
Xp,0,3,4.5617,1.7547,2.5327,20.070
Xp,1,3,4.6066,1.8221,2.5175,20.070
Xp,2,3,4.6722,1.8556,2.5531,19.136
Xp,3,3,4.6722,1.9306,2.5531,19.136
Xp,4,3,4.6729,1.9858,2.5507,19.193
Xp,5,3,4.6729,2.0608,2.5507,19.193
Xp,6,3,4.6703,2.1118,2.5266,19.414
Xp,7,3,4.6423,2.1801,2.5288,19.414
Xp,8,3,4.6053,2.2507,2.5231,20.153
Xp,0,4,4.5990,1.7690,2.5107,20.070
Xp,1,4,4.6421,1.8332,2.4983,20.314
Xp,2,4,4.7292,1.8582,2.5462,19.136
Xp,3,4,4.7292,1.9332,2.5462,19.136
Xp,4,4,4.7302,1.9799,2.5427,19.112
Xp,5,4,4.7302,2.0549,2.5427,19.112
Xp,6,4,4.7274,2.0992,2.5094,19.414
Xp,7,4,4.6994,2.1674,2.5115,19.414
Xp,8,4,4.6400,2.2387,2.5064,20.411
Xp,0,5,4.6344,1.7801,2.4915,20.314
Xp,1,5,4.6775,1.8444,2.4791,20.314
Xp,2,5,4.7934,1.8609,2.5361,19.042
Xp,3,5,4.7934,1.9359,2.5361,19.042
Xp,4,5,4.7943,1.9740,2.5317,19.112
Xp,5,5,4.7943,2.0490,2.5317,19.112
Xp,6,5,4.7858,2.0877,2.4918,19.112
Xp,7,5,4.7566,2.1547,2.4942,19.531
Xp,8,5,4.6747,2.2266,2.4898,20.411
Xp,0,6,4.6698,1.7912,2.4723,20.314
Xp,1,6,4.7129,1.8555,2.4599,19.136
Xp,2,6,4.8575,1.8636,2.5261,19.041
Xp,3,6,4.8575,1.9386,2.5261,19.041
Xp,4,6,4.8583,1.9682,2.5207,19.041
Xp,5,6,4.8583,2.0432,2.5207,19.148
Xp,6,6,4.8498,2.0819,2.4809,19.148
Xp,7,6,4.8149,2.1433,2.4767,19.531
Xp,8,6,4.7094,2.2145,2.4732,20.411
Xp,0,7,4.7053,1.8024,2.4531,20.314
Xp,1,7,4.7771,1.8582,2.4498,20.051
Xp,2,7,4.9292,1.8659,2.5119,19.041
Xp,3,7,4.9292,1.9409,2.5119,19.041
Xp,4,7,4.9299,1.9705,2.5065,19.148
Xp,5,7,4.9286,2.0382,2.5061,19.148
Xp,6,7,4.9201,2.0769,2.4663,19.148
Xp,7,7,4.8733,2.1319,2.4592,19.976
Xp,8,7,4.7665,2.2019,2.4559,19.531
Xp,0,8,4.7047,1.8117,2.4439,21.408
Xp,1,8,4.8003,1.8599,2.4338,20.051
Xp,2,8,5.0008,1.8681,2.4977,19.109
Xp,3,8,5.0008,1.9431,2.4977,19.109
Xp,4,8,5.0015,1.9727,2.4923,19.237
Xp,5,8,4.9990,2.0332,2.4916,19.237
Xp,6,8,4.9905,2.0719,2.4517,19.237
Xp,7,8,4.9264,2.1234,2.4434,20.655
Xp,8,8,4.7833,2.1913,2.4408,20.731
Xp,0,9,4.7041,1.8211,2.4347,21.408
Xp,1,9,4.8235,1.8615,2.4178,20.051
Xp,2,9,5.0733,1.8701,2.4828,19.109
Xp,3,9,5.0733,1.9451,2.4828,19.109
Xp,4,9,5.0723,1.9682,2.4773,19.109
Xp,5,9,5.0697,2.0288,2.4765,19.237
Xp,6,9,5.0314,2.0666,2.4310,19.914
Xp,7,9,4.9520,2.1159,2.4262,20.655
Xp,8,9,4.8001,2.1808,2.4257,20.731
Xp,0,10,4.7036,1.8304,2.4254,21.408
Xp,1,10,4.8467,1.8632,2.4018,20.051
Xp,2,10,5.1454,1.8719,2.4677,19.213
Xp,3,10,5.1454,1.9469,2.4677,19.213
Xp,4,10,5.1443,1.9700,2.4622,19.360
Xp,5,10,5.1395,2.0248,2.4616,19.360
Xp,6,10,5.0724,2.0612,2.4102,19.914
Xp,7,10,4.9775,2.1084,2.4090,20.696
Xp,8,10,4.8168,2.1703,2.4106,20.731
Xp,0,11,4.7030,1.8398,2.4162,21.408
Xp,1,11,4.8852,1.8643,2.3812,19.757
Xp,2,11,5.2174,1.8737,2.4526,19.346
Xp,3,11,5.2174,1.9486,2.4526,19.346
Xp,4,11,5.2164,1.9718,2.4471,19.893
Xp,5,11,5.2094,2.0208,2.4466,19.893
Xp,6,11,5.1169,2.0565,2.3892,19.889
Xp,7,11,5.0049,2.1022,2.3922,20.696
Xp,8,11,4.8336,2.1598,2.3955,20.731
Xp,0,12,4.7024,1.8491,2.4070,21.408
Xp,1,12,4.9237,1.8654,2.3606,19.757
Xp,2,12,5.2681,1.8743,2.4304,19.639
Xp,3,12,5.2681,1.9493,2.4304,19.639
Xp,4,12,5.2671,1.9724,2.4249,19.893
Xp,5,12,5.2563,2.0167,2.4258,19.893
Xp,6,12,5.1614,2.0519,2.3682,19.889
Xp,7,12,5.0323,2.0959,2.3753,20.696
Xp,8,12,4.8503,2.1493,2.3804,20.655
Xp,0,13,4.7164,1.8512,2.3965,20.325
Xp,1,13,4.9621,1.8664,2.3399,19.757
Xp,2,13,5.3189,1.8749,2.4083,19.639
Xp,3,13,5.3189,1.9499,2.4083,19.639
Xp,4,13,5.3141,1.9684,2.4041,19.639
Xp,5,13,5.3033,2.0127,2.4049,19.893
Xp,6,13,5.2059,2.0472,2.3472,19.889
Xp,7,13,5.0596,2.0897,2.3585,19.914
Xp,8,13,4.8759,2.1418,2.3632,20.655
Xp,0,14,4.7304,1.8533,2.3860,20.051
Xp,1,14,4.9953,1.8664,2.3194,19.983
Xp,2,14,5.3715,1.8756,2.3864,19.660
Xp,3,14,5.3715,1.9506,2.3864,19.660
Xp,4,14,5.3667,1.9691,2.3821,19.660
Xp,5,14,5.3503,2.0087,2.3841,19.919
Xp,6,14,5.2528,2.0432,2.3263,20.180
Xp,7,14,5.1006,2.0843,2.3377,19.889
Xp,8,14,4.9014,2.1343,2.3460,20.655
Xp,0,15,4.7536,1.8550,2.3700,20.051
Xp,1,15,5.0284,1.8663,2.2988,19.983
Xp,2,15,5.4240,1.8762,2.3644,19.660
Xp,3,15,5.4240,1.9512,2.3644,19.660
Xp,4,15,5.4193,1.9697,2.3602,19.660
Xp,5,15,5.3988,2.0053,2.3636,19.919
Xp,6,15,5.2896,2.0392,2.3060,20.180
Xp,7,15,5.1341,2.0797,2.3178,20.217
Xp,8,15,4.9270,2.1269,2.3288,21.053
Xp,0,16,4.7768,1.8566,2.3540,20.051
Xp,1,16,5.0616,1.8662,2.2783,19.983
Xp,2,16,5.4779,1.8769,2.3433,19.784
Xp,3,16,5.4779,1.9519,2.3433,19.784
Xp,4,16,5.4678,1.9663,2.3397,19.784
Xp,5,16,5.4473,2.0019,2.3431,19.919
Xp,6,16,5.3264,2.0352,2.2857,20.180
Xp,7,16,5.1677,2.0752,2.2979,20.217
Xp,8,16,4.9411,2.1202,2.3155,21.053
Xp,0,17,4.8000,1.8583,2.3380,20.051
Xp,1,17,5.0947,1.8662,2.2577,19.909
Xp,2,17,5.5317,1.8777,2.3223,19.890
Xp,3,17,5.5317,1.9527,2.3223,19.890
Xp,4,17,5.5153,1.9665,2.3174,19.890
Xp,5,17,5.4969,1.9994,2.3236,20.198
Xp,6,17,5.3657,2.0317,2.2653,20.167
Xp,7,17,5.2012,2.0706,2.2780,20.217
Xp,8,17,4.9551,2.1135,2.3021,21.053
Xp,0,18,4.8232,1.8600,2.3221,20.479
Xp,1,18,5.1325,1.8661,2.2361,19.909
Xp,2,18,5.5792,1.8778,2.3000,19.938
Xp,3,18,5.5792,1.9528,2.3000,19.938
Xp,4,18,5.5628,1.9666,2.2951,19.890
Xp,5,18,5.5390,1.9969,2.3036,20.198
Xp,6,18,5.4050,2.0282,2.2449,20.167
Xp,7,18,5.2380,2.0666,2.2577,20.180
Xp,8,18,4.9692,2.1069,2.2887,21.029
Xp,0,19,4.8359,1.8602,2.3100,20.479
Xp,1,19,5.1702,1.8661,2.2146,19.909
Xp,2,19,5.6272,1.8777,2.2780,19.938
Xp,3,19,5.6272,1.9527,2.2780,19.938
Xp,4,19,5.6108,1.9665,2.2732,19.938
Xp,5,19,5.5812,1.9943,2.2835,20.234
Xp,6,19,5.4442,2.0247,2.2244,20.167
Xp,7,19,5.2748,2.0626,2.2374,20.180
Xp,8,19,4.9863,2.1012,2.2745,21.029
Xp,0,20,4.8487,1.8604,2.2979,20.479
Xp,1,20,5.1997,1.8653,2.1940,20.165
Xp,2,20,5.6752,1.8775,2.2561,19.938
Xp,3,20,5.6752,1.9525,2.2561,19.938
Xp,4,20,5.6588,1.9663,2.2512,19.938
Xp,5,20,5.6237,1.9922,2.2637,20.234
Xp,6,20,5.4864,2.0221,2.2044,20.400
Xp,7,20,5.3116,2.0586,2.2171,20.180
Xp,8,20,5.0033,2.0955,2.2603,21.029
Xp,0,21,4.8761,1.8604,2.2790,20.093
Xp,1,21,5.2332,1.8646,2.1724,20.097
Xp,2,21,5.7227,1.8760,2.2346,20.008
Xp,3,21,5.7227,1.9510,2.2346,20.008
Xp,4,21,5.7068,1.9662,2.2293,20.008
Xp,5,21,5.6662,1.9901,2.2439,20.234
Xp,6,21,5.5213,2.0195,2.1844,20.400
Xp,7,21,5.3425,2.0551,2.1976,20.427
Xp,8,21,5.0204,2.0898,2.2462,20.283
Xp,0,22,4.9036,1.8603,2.2601,20.093
Xp,1,22,5.2666,1.8639,2.1509,20.097
Xp,2,22,5.7702,1.8745,2.2131,20.008
Xp,3,22,5.7702,1.9495,2.2131,20.008
Xp,4,22,5.7543,1.9647,2.2078,20.099
Xp,5,22,5.7087,1.9880,2.2241,20.278
Xp,6,22,5.5563,2.0168,2.1645,20.400
Xp,7,22,5.3734,2.0517,2.1780,20.427
Xp,8,22,5.0498,2.0847,2.2271,20.283
Xp,0,23,4.9311,1.8603,2.2412,20.093
Xp,1,23,5.3000,1.8633,2.1293,20.097
Xp,2,23,5.8128,1.8727,2.1908,20.714
Xp,3,23,5.8128,1.9477,2.1908,20.714
Xp,4,23,5.7969,1.9629,2.1854,20.099
Xp,5,23,5.7526,1.9866,2.2046,20.424
Xp,6,23,5.5923,2.0146,2.1446,20.407
Xp,7,23,5.4043,2.0482,2.1585,20.427
Xp,8,23,5.0792,2.0795,2.2081,20.624
Xp,0,24,4.9586,1.8603,2.2223,20.093
Xp,1,24,5.3335,1.8626,2.1078,20.054
Xp,2,24,5.8465,1.8707,2.1724,20.714
Xp,3,24,5.8465,1.9457,2.1724,20.714
Xp,4,24,5.8307,1.9608,2.1671,20.714
Xp,5,24,5.7906,1.9850,2.1846,20.424
Xp,6,24,5.6282,2.0124,2.1247,20.407
Xp,7,24,5.4352,2.0448,2.1390,20.427
Xp,8,24,5.1037,2.0752,2.1900,20.533
Xp,0,25,4.9918,1.8602,2.2018,20.263
Xp,1,25,5.3701,1.8621,2.0856,20.262
Xp,2,25,5.8803,1.8686,2.1540,20.714
Xp,3,25,5.8803,1.9436,2.1540,20.714
Xp,4,25,5.8644,1.9588,2.1487,20.714
Xp,5,25,5.8241,1.9850,2.1677,20.754
Xp,6,25,5.6642,2.0101,2.1048,20.407
Xp,7,25,5.4702,2.0421,2.1191,20.400
Xp,8,25,5.1281,2.0708,2.1719,20.533
Xp,0,26,5.0166,1.8593,2.1827,20.263
Xp,1,26,5.4002,1.8610,2.0641,20.262
Xp,2,26,5.9141,1.8666,2.1357,20.714
Xp,3,26,5.9141,1.9416,2.1357,20.714
Xp,4,26,5.8982,1.9567,2.1303,20.714
Xp,5,26,5.8576,1.9850,2.1507,20.754
Xp,6,26,5.7002,2.0079,2.0849,20.592
Xp,7,26,5.5051,2.0394,2.0991,20.400
Xp,8,26,5.1526,2.0665,2.1538,20.533
Xp,0,27,5.0414,1.8584,2.1636,20.263
Xp,1,27,5.4302,1.8600,2.0427,20.262
Xp,2,27,5.9486,1.8656,2.1176,20.742
Xp,3,27,5.9486,1.9406,2.1176,20.742
Xp,4,27,5.9320,1.9547,2.1120,20.742
Xp,5,27,5.8911,1.9851,2.1337,20.754
Xp,6,27,5.7324,2.0061,2.0653,20.592
Xp,7,27,5.5335,2.0367,2.0800,20.609
Xp,8,27,5.1771,2.0621,2.1357,20.533
Xp,0,28,5.0662,1.8575,2.1445,20.263
Xp,1,28,5.4602,1.8590,2.0213,20.204
Xp,2,28,5.9830,1.8646,2.0996,20.742
Xp,3,28,5.9830,1.9396,2.0996,20.742
Xp,4,28,5.9664,1.9537,2.0939,20.742
Xp,5,28,5.9245,1.9851,2.1167,20.754
Xp,6,28,5.7646,2.0044,2.0456,20.592
Xp,7,28,5.5618,2.0340,2.0609,20.609
Xp,8,28,5.2016,2.0578,2.1175,20.533
Xp,0,29,5.0910,1.8566,2.1254,20.165
Xp,1,29,5.4953,1.8581,1.9989,20.204
Xp,2,29,6.0175,1.8635,2.0815,20.769
Xp,3,29,6.0175,1.9385,2.0815,20.769
Xp,4,29,5.9982,1.9526,2.0751,20.769
Xp,5,29,5.9593,1.9858,2.0993,20.736
Xp,6,29,5.7968,2.0026,2.0259,20.592
Xp,7,29,5.5916,2.0316,2.0415,20.595
Xp,8,29,5.2296,2.0539,2.0985,20.469
Xp,0,30,5.1205,1.8559,2.1048,20.165
Xp,1,30,5.5304,1.8573,1.9764,20.204
Xp,2,30,6.0493,1.8625,2.0627,20.997
Xp,3,30,6.0493,1.9375,2.0627,20.997
Xp,4,30,6.0299,1.9515,2.0563,20.769
Xp,5,30,5.9941,1.9864,2.0820,20.807
Xp,6,30,5.8255,2.0022,2.0091,20.875
Xp,7,30,5.6213,2.0293,2.0220,20.595
Xp,8,30,5.2502,2.0502,2.0813,20.738
Xp,0,31,5.1500,1.8551,2.0842,20.410
Xp,1,31,5.5600,1.8561,1.9546,20.384
Xp,2,31,6.0777,1.8622,2.0452,20.997
Xp,3,31,6.0777,1.9372,2.0452,20.997
Xp,4,31,6.0616,1.9504,2.0375,20.997
Xp,5,31,6.0251,1.9867,2.0643,20.807
Xp,6,31,5.8542,2.0019,1.9922,20.875
Xp,7,31,5.6511,2.0270,2.0026,20.595
Xp,8,31,5.2709,2.0464,2.0641,20.738
Xp,0,32,5.1728,1.8537,2.0651,20.410
Xp,1,32,5.5914,1.8547,1.9324,20.366
Xp,2,32,6.1062,1.8619,2.0277,20.997
Xp,3,32,6.1062,1.9369,2.0277,20.997
Xp,4,32,6.0901,1.9501,2.0200,20.997
Xp,5,32,6.0561,1.9870,2.0466,20.951
Xp,6,32,5.8829,2.0015,1.9753,20.875
Xp,7,32,5.6809,2.0247,1.9832,20.595
Xp,8,32,5.2916,2.0427,2.0468,20.738
Xp,0,33,5.1956,1.8523,2.0459,20.410
Xp,1,33,5.6227,1.8533,1.9102,20.366
Xp,2,33,6.1346,1.8616,2.0102,20.997
Xp,3,33,6.1346,1.9366,2.0102,20.997
Xp,4,33,6.1185,1.9498,2.0025,20.997
Xp,5,33,6.0861,1.9872,2.0294,20.951
Xp,6,33,5.9072,2.0007,1.9590,21.002
Xp,7,33,5.7131,2.0229,1.9636,20.764
Xp,8,33,5.3123,2.0390,2.0296,20.738
Xp,0,34,5.2183,1.8510,2.0267,20.324
Xp,1,34,5.6541,1.8520,1.8880,20.366
Xp,2,34,6.1631,1.8613,1.9927,20.997
Xp,3,34,6.1631,1.9363,1.9927,20.997
Xp,4,34,6.1470,1.9495,1.9850,20.997
Xp,5,34,6.1160,1.9875,2.0122,20.951
Xp,6,34,5.9314,2.0000,1.9426,20.896
Xp,7,34,5.7400,2.0211,1.9446,20.764
Xp,8,34,5.3330,2.0352,2.0123,20.677
Xp,0,35,5.2450,1.8498,2.0062,21.793
Xp,1,35,5.6855,1.8506,1.8657,20.366
Xp,2,35,6.1869,1.8612,1.9761,21.232
Xp,3,35,6.1869,1.9362,1.9761,21.232
Xp,4,35,6.1755,1.9492,1.9675,21.193
Xp,5,35,6.1460,1.9878,1.9950,20.951
Xp,6,35,5.9586,1.9999,1.9251,20.896
Xp,7,35,5.7669,2.0192,1.9256,20.764
Xp,8,35,5.3567,2.0318,1.9942,20.677
Xp,0,36,5.2717,1.8485,1.9858,21.793
Xp,1,36,5.6915,1.8528,1.8563,20.371
Xp,2,36,6.2099,1.8613,1.9588,21.193
Xp,3,36,6.2099,1.9363,1.9588,21.193
Xp,4,36,6.1984,1.9493,1.9503,21.193
Xp,5,36,6.1759,1.9880,1.9778,21.044
Xp,6,36,5.9859,1.9998,1.9075,20.896
Xp,7,36,5.7938,2.0173,1.9067,20.764
Xp,8,36,5.3803,2.0284,1.9760,20.677
Xp,0,37,5.2723,1.8497,1.9750,21.793
Xp,1,37,5.7155,1.8505,1.8352,20.678
Xp,2,37,6.2328,1.8613,1.9416,21.193
Xp,3,37,6.2328,1.9363,1.9416,21.193
Xp,4,37,6.2214,1.9493,1.9330,21.193
Xp,5,37,6.2027,1.9883,1.9600,21.043
Xp,6,37,6.0131,1.9998,1.8899,20.896
Xp,7,37,5.8207,2.0154,1.8877,21.002
Xp,8,37,5.3981,2.0251,1.9595,20.903
Xp,0,38,5.2933,1.8481,1.9559,21.769
Xp,1,38,5.7218,1.8514,1.8246,20.678
Xp,2,38,6.2558,1.8613,1.9243,21.193
Xp,3,38,6.2558,1.9363,1.9243,21.193
Xp,4,38,6.2443,1.9493,1.9157,21.193
Xp,5,38,6.2295,1.9887,1.9421,21.043
Xp,6,38,6.0404,1.9997,1.8723,20.896
Xp,7,38,5.8449,2.0147,1.8714,21.002
Xp,8,38,5.4158,2.0218,1.9430,20.903
Xp,0,39,5.2934,1.8493,1.9453,21.769
Xp,1,39,5.7458,1.8491,1.8035,21.658
Xp,2,39,6.2787,1.8614,1.9071,21.193
Xp,3,39,6.2787,1.9364,1.9071,21.193
Xp,4,39,6.2673,1.9494,1.8985,21.193
Xp,5,39,6.2563,1.9890,1.9243,21.043
Xp,6,39,6.0677,1.9997,1.8548,20.986
Xp,7,39,5.8691,2.0140,1.8550,21.002
Xp,8,39,5.4335,2.0185,1.9265,20.903
Xp,0,40,5.2936,1.8505,1.9347,20.546
Xp,1,40,5.7521,1.8500,1.7929,21.658
Xp,2,40,6.3031,1.8630,1.8897,21.240
Xp,3,40,6.3031,1.9380,1.8897,21.240
Xp,4,40,6.2902,1.9494,1.8812,21.240
Xp,5,40,6.2831,1.9893,1.9065,21.043
Xp,6,40,6.0896,1.9996,1.8377,21.096
Xp,7,40,5.8859,2.0127,1.8403,21.232
Xp,8,40,5.4512,2.0152,1.9100,20.809
Xp,0,41,5.2937,1.8517,1.9241,20.546
Xp,1,41,5.7761,1.8477,1.7718,21.658
Xp,2,41,6.3275,1.8646,1.8723,21.240
Xp,3,41,6.3275,1.9396,1.8723,21.240
Xp,4,41,6.3146,1.9510,1.8638,21.240
Xp,5,41,6.3089,1.9911,1.8897,21.188
Xp,6,41,6.1116,1.9996,1.8205,21.096
Xp,7,41,5.9026,2.0114,1.8257,21.232
Xp,8,41,5.4737,2.0124,1.8920,20.809
Xp,0,42,5.3147,1.8501,1.9050,20.546
Xp,1,42,5.7825,1.8485,1.7612,21.658
Xp,2,42,6.3520,1.8663,1.8548,21.240
Xp,3,42,6.3520,1.9413,1.8548,21.240
Xp,4,42,6.3391,1.9526,1.8464,21.209
Xp,5,42,6.3347,1.9929,1.8729,21.188
Xp,6,42,6.1336,1.9995,1.8033,21.096
Xp,7,42,5.9194,2.0102,1.8110,21.232
Xp,8,42,5.4963,2.0097,1.8740,20.809
Xp,0,43,5.3148,1.8513,1.8944,20.546
Xp,1,43,5.7888,1.8494,1.7506,21.658
Xp,2,43,6.3739,1.8678,1.8368,21.209
Xp,3,43,6.3739,1.9428,1.8368,21.209
Xp,4,43,6.3610,1.9542,1.8284,21.209
Xp,5,43,6.3606,1.9947,1.8561,21.188
Xp,6,43,6.1555,1.9994,1.7862,21.096
Xp,7,43,5.9361,2.0089,1.7963,21.086
Xp,8,43,5.5188,2.0069,1.8559,20.809
Xp,0,44,5.3358,1.8497,1.8753,21.782
Xp,1,44,5.7951,1.8502,1.7400,20.678
Xp,2,44,6.3959,1.8694,1.8188,21.209
Xp,3,44,6.3959,1.9444,1.8188,21.209
Xp,4,44,6.3830,1.9557,1.8104,21.209
Xp,5,44,6.3828,1.9963,1.8391,21.203
Xp,6,44,6.1775,1.9993,1.7690,21.095
Xp,7,44,5.9565,2.0084,1.7798,21.086
Xp,8,44,5.5325,2.0042,1.8405,21.143
Xp,0,45,5.3601,1.8482,1.8550,21.782
Xp,1,45,5.8014,1.8505,1.7289,20.823
Xp,2,45,6.4178,1.8709,1.8008,21.407
Xp,3,45,6.4178,1.9459,1.8008,21.407
Xp,4,45,6.4049,1.9573,1.7924,21.209
Xp,5,45,6.4051,1.9979,1.8220,21.203
Xp,6,45,6.2002,1.9997,1.7510,21.095
Xp,7,45,5.9769,2.0078,1.7632,21.086
Xp,8,45,5.5462,2.0014,1.8250,21.143
Xp,0,46,5.3611,1.8491,1.8442,21.723
Xp,1,46,5.8166,1.8489,1.7124,21.206
Xp,2,46,6.4368,1.8727,1.7834,21.407
Xp,3,46,6.4368,1.9477,1.7834,21.407
Xp,4,46,6.4238,1.9591,1.7750,21.407
Xp,5,46,6.4273,2.0002,1.8041,21.244
Xp,6,46,6.2228,2.0000,1.7330,21.095
Xp,7,46,5.9973,2.0073,1.7466,21.086
Xp,8,46,5.5599,1.9986,1.8095,21.143
Xp,0,47,5.3621,1.8500,1.8333,21.723
Xp,1,47,5.8318,1.8474,1.6960,21.206
Xp,2,47,6.4557,1.8745,1.7660,21.407
Xp,3,47,6.4557,1.9495,1.7660,21.407
Xp,4,47,6.4428,1.9609,1.7576,21.407
Xp,5,47,6.4495,2.0025,1.7863,21.244
Xp,6,47,6.2435,2.0005,1.7153,21.133
Xp,7,47,6.0176,2.0068,1.7301,21.086
Xp,8,47,5.5735,1.9959,1.7941,21.100
Xp,0,48,5.3773,1.8480,1.8156,21.723
Xp,1,48,5.8470,1.8458,1.6796,21.206
Xp,2,48,6.4746,1.8763,1.7486,21.407
Xp,3,48,6.4746,1.9513,1.7486,21.407
Xp,4,48,6.4617,1.9627,1.7401,21.407
Xp,5,48,6.4717,2.0047,1.7684,21.244
Xp,6,48,6.2641,2.0010,1.6976,21.133
Xp,7,48,6.0351,2.0061,1.7143,21.172
Xp,8,48,5.5890,1.9934,1.7778,21.100
Xp,0,49,5.3783,1.8489,1.8048,21.723
Xp,1,49,5.8622,1.8443,1.6632,21.206
Xp,2,49,6.4935,1.8781,1.7312,21.407
Xp,3,49,6.4935,1.9531,1.7312,21.407
Xp,4,49,6.4806,1.9645,1.7227,21.379
Xp,5,49,6.4939,2.0070,1.7505,21.244
Xp,6,49,6.2847,2.0014,1.6798,21.133
Xp,7,49,6.0526,2.0055,1.6985,21.155
Xp,8,49,5.6044,1.9910,1.7615,21.100
Xp,0,50,5.3793,1.8498,1.7939,21.723
Xp,1,50,5.8774,1.8428,1.6468,21.206
Xp,2,50,6.5116,1.8800,1.7136,21.379
Xp,3,50,6.5116,1.9550,1.7136,21.379
Xp,4,50,6.4986,1.9664,1.7052,21.379
Xp,5,50,6.5161,2.0093,1.7326,21.244
Xp,6,50,6.3051,2.0030,1.6630,21.225
Xp,7,50,6.0721,2.0054,1.6818,21.155
Xp,8,50,5.6199,1.9885,1.7453,21.100
Xp,0,51,5.3946,1.8478,1.7762,21.723
Xp,1,51,5.8926,1.8412,1.6304,21.206
Xp,2,51,6.5296,1.8818,1.6961,21.401
Xp,3,51,6.5296,1.9568,1.6961,21.401
Xp,4,51,6.5167,1.9682,1.6877,21.379
Xp,5,51,6.5369,2.0116,1.7148,21.328
Xp,6,51,6.3256,2.0047,1.6462,21.225
Xp,7,51,6.0916,2.0054,1.6651,21.155
Xp,8,51,5.6353,1.9861,1.7290,21.226
Xp,0,52,5.3956,1.8487,1.7654,21.723
Xp,1,52,5.9078,1.8397,1.6140,21.206
Xp,2,52,6.5484,1.8843,1.6785,21.401
Xp,3,52,6.5484,1.9593,1.6785,21.401
Xp,4,52,6.5348,1.9701,1.6702,21.328
Xp,5,52,6.5575,2.0153,1.6977,21.328
Xp,6,52,6.3460,2.0063,1.6293,21.225
Xp,7,52,6.1110,2.0054,1.6484,21.155
Xp,8,52,5.6475,1.9836,1.7140,21.226
Xp,0,53,5.3966,1.8496,1.7545,21.723
Xp,1,53,5.9215,1.8382,1.5978,21.238
Xp,2,53,6.5671,1.8868,1.6609,21.401
Xp,3,53,6.5671,1.9618,1.6609,21.401
Xp,4,53,6.5554,1.9738,1.6530,21.328
Xp,5,53,6.5781,2.0191,1.6805,21.328
Xp,6,53,6.3664,2.0079,1.6125,21.225
Xp,7,53,6.1305,2.0053,1.6318,21.155
Xp,8,53,5.6597,1.9812,1.6989,21.226
Xp,0,54,5.3976,1.8504,1.7437,20.856
Xp,1,54,5.9351,1.8368,1.5817,21.366
Xp,2,54,6.5858,1.8893,1.6433,21.401
Xp,3,54,6.5858,1.9643,1.6433,21.401
Xp,4,54,6.5760,1.9776,1.6359,21.328
Xp,5,54,6.5987,2.0228,1.6634,21.328
Xp,6,54,6.3851,2.0097,1.5961,21.250
Xp,7,54,6.1500,2.0053,1.6151,21.155
Xp,8,54,5.6719,1.9787,1.6839,21.226
Xp,0,55,5.3986,1.8513,1.7329,20.856
Xp,1,55,5.9461,1.8362,1.5672,21.366
Xp,2,55,6.6046,1.8918,1.6257,21.401
Xp,3,55,6.6046,1.9668,1.6257,21.401
Xp,4,55,6.5966,1.9813,1.6188,21.328
Xp,5,55,6.6193,2.0266,1.6463,21.328
Xp,6,55,6.4037,2.0115,1.5797,21.250
Xp,7,55,6.1673,2.0054,1.5990,21.209
Xp,8,55,5.6841,1.9763,1.6688,21.226
Xp,0,56,5.4105,1.8492,1.7164,21.696
Xp,1,56,5.9570,1.8356,1.5528,21.366
Xp,2,56,6.6233,1.8943,1.6081,21.380
Xp,3,56,6.6233,1.9693,1.6081,21.380
Xp,4,56,6.6172,1.9851,1.6016,21.321
Xp,5,56,6.6399,2.0303,1.6292,21.328
Xp,6,56,6.4230,2.0138,1.5621,21.252
Xp,7,56,6.1859,2.0061,1.5817,21.174
Xp,8,56,5.6989,1.9742,1.6531,21.197
Xp,0,57,5.4116,1.8498,1.7056,21.696
Xp,1,57,5.9680,1.8351,1.5384,21.366
Xp,2,57,6.6410,1.8968,1.5906,21.380
Xp,3,57,6.6426,1.9730,1.5912,21.321
Xp,4,57,6.6365,1.9887,1.5847,21.321
Xp,5,57,6.6589,2.0341,1.6120,21.482
Xp,6,57,6.4423,2.0162,1.5446,21.252
Xp,7,57,6.2046,2.0067,1.5644,21.174
Xp,8,57,5.7136,1.9722,1.6374,21.197
Xp,0,58,5.4235,1.8477,1.6891,21.696
Xp,1,58,5.9789,1.8345,1.5239,21.366
Xp,2,58,6.6592,1.8998,1.5731,21.406
Xp,3,58,6.6608,1.9764,1.5740,21.442
Xp,4,58,6.6558,1.9923,1.5678,21.442
Xp,5,58,6.6771,2.0375,1.5948,21.442
Xp,6,58,6.4616,2.0185,1.5270,21.252
Xp,7,58,6.2233,2.0074,1.5472,21.174
Xp,8,58,5.7284,1.9701,1.6217,21.197
Xp,0,59,5.4245,1.8483,1.6783,21.696
Xp,1,59,5.9899,1.8339,1.5095,21.366
Xp,2,59,6.6773,1.9028,1.5556,21.406
Xp,3,59,6.6790,1.9799,1.5568,21.442
Xp,4,59,6.6740,1.9958,1.5506,21.442
Xp,5,59,6.6953,2.0410,1.5776,21.442
Xp,6,59,6.4809,2.0209,1.5094,21.252
Xp,7,59,6.2419,2.0080,1.5299,21.174
Xp,8,59,5.7487,1.9679,1.6015,20.956
Xp,0,60,5.4256,1.8489,1.6674,21.696
Xp,1,60,6.0008,1.8334,1.4950,21.366
Xp,2,60,6.6954,1.9058,1.5382,21.406
Xp,3,60,6.6972,1.9834,1.5396,21.442
Xp,4,60,6.6922,1.9993,1.5334,21.442
Xp,5,60,6.7136,2.0445,1.5604,21.442
Xp,6,60,6.5003,2.0233,1.4918,21.252
Xp,7,60,6.2606,2.0087,1.5126,21.174
Xp,8,60,5.7658,1.9657,1.5824,20.956
Xp,0,61,5.4266,1.8494,1.6566,21.696
Xp,1,61,6.0108,1.8328,1.4810,21.378
Xp,2,61,6.7136,1.9088,1.5207,21.406
Xp,3,61,6.7154,1.9869,1.5223,21.442
Xp,4,61,6.7104,2.0028,1.5162,21.442
Xp,5,61,6.7318,2.0480,1.5432,21.442
Xp,6,61,6.5181,2.0257,1.4747,21.266
Xp,7,61,6.2792,2.0093,1.4953,21.174
Xp,8,61,5.7830,1.9635,1.5633,20.956
Xp,0,62,5.4277,1.8500,1.6457,21.018
Xp,1,62,6.0207,1.8322,1.4669,21.378
Xp,2,62,6.7317,1.9118,1.5032,21.406
Xp,3,62,6.7337,1.9903,1.5051,21.442
Xp,4,62,6.7286,2.0062,1.4990,21.442
Xp,5,62,6.7500,2.0514,1.5259,21.442
Xp,6,62,6.5359,2.0281,1.4576,21.320
Xp,7,62,6.2961,2.0102,1.4787,21.274
Xp,8,62,5.8001,1.9613,1.5442,20.956
Xp,0,63,5.4287,1.8506,1.6349,21.018
Xp,1,63,6.0307,1.8317,1.4529,21.378
Xp,2,63,6.7498,1.9148,1.4858,21.390
Xp,3,63,6.7519,1.9938,1.4879,21.417
Xp,4,63,6.7469,2.0097,1.4817,21.417
Xp,5,63,6.7682,2.0549,1.5087,21.442
Xp,6,63,6.5538,2.0317,1.4411,21.320
Xp,7,63,6.3130,2.0122,1.4628,21.274
Xp,8,63,5.8172,1.9591,1.5251,21.088
Xp,0,64,5.4297,1.8512,1.6240,21.018
Xp,1,64,6.0406,1.8311,1.4389,21.378
Xp,2,64,6.7669,1.9177,1.4685,21.390
Xp,3,64,6.7691,1.9971,1.4708,21.417
Xp,4,64,6.7641,2.0130,1.4647,21.417
Xp,5,64,6.7862,2.0588,1.4920,21.488
Xp,6,64,6.5717,2.0352,1.4245,21.320
Xp,7,64,6.3299,2.0142,1.4470,21.274
Xp,8,64,5.8344,1.9578,1.5071,21.088
Xp,0,65,5.4416,1.8491,1.6076,21.661
Xp,1,65,6.0505,1.8305,1.4248,21.277
Xp,2,65,6.7811,1.9198,1.4532,21.667
Xp,3,65,6.7863,2.0006,1.4541,21.454
Xp,4,65,6.7813,2.0165,1.4480,21.454
Xp,5,65,6.8034,2.0623,1.4752,21.454
Xp,6,65,6.5896,2.0387,1.4080,21.320
Xp,7,65,6.3469,2.0161,1.4312,21.274
Xp,8,65,5.8517,1.9565,1.4891,21.156
Xp,0,66,5.4430,1.8493,1.5966,21.661
Xp,1,66,6.0647,1.8308,1.4086,21.277
Xp,2,66,6.7953,1.9219,1.4378,21.667
Xp,3,66,6.8035,2.0041,1.4374,21.454
Xp,4,66,6.7985,2.0200,1.4313,21.454
Xp,5,66,6.8206,2.0658,1.4585,21.454
Xp,6,66,6.6075,2.0422,1.3915,21.320
Xp,7,66,6.3638,2.0181,1.4154,21.274
Xp,8,66,5.8667,1.9554,1.4719,21.156
Xp,0,67,5.4443,1.8495,1.5857,21.661
Xp,1,67,6.0789,1.8311,1.3924,21.277
Xp,2,67,6.8095,1.9240,1.4225,21.667
Xp,3,67,6.8206,2.0076,1.4207,21.454
Xp,4,67,6.8156,2.0235,1.4146,21.454
Xp,5,67,6.8378,2.0693,1.4418,21.454
Xp,6,67,6.6254,2.0457,1.3749,21.320
Xp,7,67,6.3808,2.0201,1.3995,21.274
Xp,8,67,5.8818,1.9544,1.4546,21.156
Xp,0,68,5.4456,1.8497,1.5747,21.661
Xp,1,68,6.0931,1.8314,1.3762,21.277
Xp,2,68,6.8237,1.9261,1.4072,21.667
Xp,3,68,6.8378,2.0111,1.4040,21.454
Xp,4,68,6.8328,2.0270,1.3979,21.454
Xp,5,68,6.8549,2.0728,1.4251,21.454
Xp,6,68,6.6418,2.0491,1.3589,21.325
Xp,7,68,6.3977,2.0220,1.3837,21.274
Xp,8,68,5.8969,1.9533,1.4374,21.156
Xp,0,69,5.4469,1.8498,1.5638,21.661
Xp,1,69,6.1059,1.8318,1.3607,21.304
Xp,2,69,6.8378,1.9282,1.3918,21.667
Xp,3,69,6.8550,2.0146,1.3873,21.454
Xp,4,69,6.8500,2.0305,1.3811,21.454
Xp,5,69,6.8721,2.0763,1.4084,21.454
Xp,6,69,6.6580,2.0521,1.3422,21.403
Xp,7,69,6.4147,2.0240,1.3679,21.284
Xp,8,69,5.9119,1.9522,1.4202,21.156
Xp,0,70,5.4483,1.8500,1.5528,21.157
Xp,1,70,6.1187,1.8322,1.3453,21.304
Xp,2,70,6.8520,1.9303,1.3765,21.667
Xp,3,70,6.8722,2.0181,1.3706,21.454
Xp,4,70,6.8671,2.0341,1.3644,21.431
Xp,5,70,6.8893,2.0798,1.3917,21.497
Xp,6,70,6.6742,2.0551,1.3255,21.403
Xp,7,70,6.4310,2.0265,1.3514,21.284
Xp,8,70,5.9270,1.9512,1.4030,21.156
Xp,0,71,5.4519,1.8504,1.5417,21.031
Xp,1,71,6.1314,1.8327,1.3298,21.304
Xp,2,71,6.8657,1.9321,1.3611,21.616
Xp,3,71,6.8883,2.0213,1.3542,21.431
Xp,4,71,6.8833,2.0372,1.3480,21.431
Xp,5,71,6.9061,2.0835,1.3756,21.497
Xp,6,71,6.6904,2.0581,1.3087,21.403
Xp,7,71,6.4473,2.0290,1.3349,21.284
Xp,8,71,5.9425,1.9506,1.3862,21.177
Xp,0,72,5.4556,1.8508,1.5305,21.031
Xp,1,72,6.1442,1.8331,1.3143,21.304
Xp,2,72,6.8795,1.9338,1.3458,21.616
Xp,3,72,6.9041,2.0245,1.3382,21.467
Xp,4,72,6.8991,2.0404,1.3321,21.467
Xp,5,72,6.9219,2.0867,1.3596,21.467
Xp,6,72,6.7066,2.0611,1.2920,21.403
Xp,7,72,6.4637,2.0315,1.3184,21.284
Xp,8,72,5.9579,1.9501,1.3695,21.234
Xp,0,73,5.4593,1.8512,1.5193,21.031
Xp,1,73,6.1570,1.8336,1.2988,21.304
Xp,2,73,6.8932,1.9356,1.3304,21.650
Xp,3,73,6.9200,2.0277,1.3223,21.467
Xp,4,73,6.9149,2.0436,1.3161,21.467
Xp,5,73,6.9378,2.0899,1.3436,21.467
Xp,6,73,6.7228,2.0641,1.2753,21.403
Xp,7,73,6.4800,2.0341,1.3019,21.284
Xp,8,73,5.9715,1.9499,1.3537,21.234
Xp,0,74,5.4728,1.8493,1.5017,21.650
Xp,1,74,6.1698,1.8340,1.2833,21.420
Xp,2,74,6.9070,1.9372,1.3156,21.650
Xp,3,74,6.9358,2.0309,1.3063,21.467
Xp,4,74,6.9308,2.0468,1.3001,21.467
Xp,5,74,6.9527,2.0942,1.3289,21.421
Xp,6,74,6.7390,2.0670,1.2586,21.403
Xp,7,74,6.4963,2.0366,1.2854,21.284
Xp,8,74,5.9850,1.9498,1.3379,21.234
Xp,0,75,5.4765,1.8497,1.4905,21.650
Xp,1,75,6.1805,1.8347,1.2691,21.420
Xp,2,75,6.9207,1.9389,1.3007,21.650
Xp,3,75,6.9516,2.0341,1.2903,21.467
Xp,4,75,6.9466,2.0501,1.2842,21.467
Xp,5,75,6.9677,2.0984,1.3142,21.421
Xp,6,75,6.7552,2.0700,1.2419,21.395
Xp,7,75,6.5127,2.0391,1.2689,21.284
Xp,8,75,5.9985,1.9496,1.3222,21.234
Xp,0,76,5.4803,1.8495,1.4792,21.605
Xp,1,76,6.1913,1.8353,1.2548,21.420
Xp,2,76,6.9345,1.9405,1.2858,21.650
Xp,3,76,6.9675,2.0374,1.2744,21.467
Xp,4,76,6.9624,2.0533,1.2682,21.467
Xp,5,76,6.9827,2.1027,1.2994,21.421
Xp,6,76,6.7691,2.0724,1.2263,21.395
Xp,7,76,6.5290,2.0416,1.2524,21.284
Xp,8,76,6.0120,1.9494,1.3064,21.234
Xp,0,77,5.4841,1.8494,1.4678,21.605
Xp,1,77,6.2003,1.8360,1.2427,21.439
Xp,2,77,6.9483,1.9422,1.2710,21.650
Xp,3,77,6.9833,2.0406,1.2584,21.467
Xp,4,77,6.9783,2.0565,1.2523,21.467
Xp,5,77,6.9976,2.1069,1.2847,21.421
Xp,6,77,6.7828,2.0748,1.2109,21.412
Xp,7,77,6.5425,2.0447,1.2377,21.341
Xp,8,77,6.0255,1.9492,1.2906,21.234
Xp,0,78,5.4880,1.8492,1.4565,21.605
Xp,1,78,6.2093,1.8368,1.2306,21.439
Xp,2,78,6.9620,1.9438,1.2561,21.650
Xp,3,78,6.9991,2.0438,1.2425,21.434
Xp,4,78,6.9917,2.0587,1.2371,21.434
Xp,5,78,7.0126,2.1112,1.2700,21.557
Xp,6,78,6.7966,2.0771,1.1954,21.412
Xp,7,78,6.5561,2.0477,1.2231,21.341
Xp,8,78,6.0390,1.9491,1.2748,21.234
Xp,0,79,5.4918,1.8491,1.4451,21.605
Xp,1,79,6.2183,1.8375,1.2185,21.439
Xp,2,79,6.9746,1.9445,1.2416,21.567
Xp,3,79,7.0126,2.0460,1.2273,21.619
Xp,4,79,7.0052,2.0610,1.2220,21.434
Xp,5,79,7.0270,2.1140,1.2555,21.557
Xp,6,79,6.8104,2.0795,1.1800,21.412
Xp,7,79,6.5697,2.0508,1.2084,21.341
Xp,8,79,6.0525,1.9489,1.2590,21.242
Xp,0,80,5.4956,1.8490,1.4338,21.605
Xp,1,80,6.2273,1.8382,1.2063,21.439
Xp,2,80,6.9871,1.9452,1.2271,21.567
Xp,3,80,7.0244,2.0457,1.2140,21.619
Xp,4,80,7.0170,2.0606,1.2087,21.619
Xp,5,80,7.0391,2.1156,1.2414,21.498
Xp,6,80,6.8241,2.0819,1.1646,21.412
Xp,7,80,6.5832,2.0539,1.1938,21.341
Xp,8,80,6.0671,1.9495,1.2430,21.311
Xp,0,81,5.4995,1.8488,1.4224,21.605
Xp,1,81,6.2363,1.8389,1.1942,21.439
Xp,2,81,6.9996,1.9459,1.2127,21.567
Xp,3,81,7.0362,2.0453,1.2007,21.619
Xp,4,81,7.0288,2.0602,1.1954,21.619
Xp,5,81,7.0511,2.1172,1.2274,21.498
Xp,6,81,6.8379,2.0842,1.1492,21.412
Xp,7,81,6.5968,2.0570,1.1791,21.341
Xp,8,81,6.0787,1.9511,1.2290,21.311
Xp,0,82,5.5033,1.8487,1.4111,21.605
Xp,1,82,6.2452,1.8396,1.1821,21.439
Xp,2,82,7.0121,1.9466,1.1982,23.876
Xp,3,82,7.0481,2.0449,1.1874,21.619
Xp,4,82,7.0407,2.0599,1.1821,21.619
Xp,5,82,7.0631,2.1188,1.2134,21.498
Xp,6,82,6.8517,2.0866,1.1337,21.412
Xp,7,82,6.6103,2.0601,1.1644,21.341
Xp,8,82,6.0902,1.9526,1.2151,21.311
Xp,0,83,5.5071,1.8485,1.3997,21.605
Xp,1,83,6.2542,1.8404,1.1700,21.439
Xp,2,83,7.0080,1.9509,1.1971,21.567
Xp,3,83,7.0599,2.0445,1.1741,21.619
Xp,4,83,7.0525,2.0595,1.1688,21.619
Xp,5,83,7.0751,2.1204,1.1993,21.498
Xp,6,83,6.8642,2.0885,1.1189,21.410
Xp,7,83,6.6239,2.0631,1.1498,21.341
Xp,8,83,6.1018,1.9542,1.2011,21.311
Xp,0,84,5.5109,1.8484,1.3884,21.605
Xp,1,84,6.2632,1.8411,1.1579,21.439
Xp,2,84,7.0040,1.9553,1.1960,21.567
Xp,3,84,7.0717,2.0441,1.1608,21.619
Xp,4,84,7.0643,2.0591,1.1554,21.619
Xp,5,84,7.0871,2.1220,1.1853,21.498
Xp,6,84,6.8767,2.0905,1.1042,21.382
Xp,7,84,6.6375,2.0662,1.1351,21.341
Xp,8,84,6.1133,1.9557,1.1872,21.311
Xp,0,85,5.5148,1.8483,1.3771,21.605
Xp,1,85,6.2722,1.8418,1.1458,21.439
Xp,2,85,6.9999,1.9596,1.1950,21.567
Xp,3,85,7.0835,2.0438,1.1475,21.619
Xp,4,85,7.0761,2.0587,1.1421,21.619
Xp,5,85,7.0991,2.1236,1.1713,21.498
Xp,6,85,6.8881,2.0935,1.0907,21.382
Xp,7,85,6.6496,2.0691,1.1213,21.398
Xp,8,85,6.1249,1.9573,1.1732,21.311
Xp,0,86,5.5186,1.8481,1.3657,21.568
Xp,1,86,6.2812,1.8425,1.1337,21.439
Xp,2,86,7.0124,1.9603,1.1805,23.876
Xp,3,86,7.0954,2.0434,1.1342,21.619
Xp,4,86,7.0880,2.0583,1.1288,21.582
Xp,5,86,7.1111,2.1253,1.1572,21.498
Xp,6,86,6.8987,2.0964,1.0775,21.404
Xp,7,86,6.6623,2.0711,1.1065,21.398
Xp,8,86,6.1365,1.9588,1.1593,21.311
Xp,0,87,5.5225,1.8475,1.3544,21.568
Xp,1,87,6.2894,1.8433,1.1230,21.432
Xp,2,87,7.0084,1.9646,1.1794,21.567
Xp,3,87,7.1062,2.0424,1.1210,21.582
Xp,4,87,7.0988,2.0574,1.1156,21.582
Xp,5,87,7.1232,2.1269,1.1432,21.498
Xp,6,87,6.9092,2.0993,1.0644,21.404
Xp,7,87,6.6749,2.0731,1.0917,21.398
Xp,8,87,6.1480,1.9604,1.1453,21.311
Xp,0,88,5.5264,1.8468,1.3431,21.568
Xp,1,88,6.2989,1.8444,1.1111,21.432
Xp,2,88,7.0043,1.9690,1.1784,21.567
Xp,3,88,7.1171,2.0414,1.1078,21.582
Xp,4,88,7.1097,2.0564,1.1024,21.582
Xp,5,88,7.1352,2.1285,1.1292,21.524
Xp,6,88,6.9198,2.1022,1.0512,21.404
Xp,7,88,6.6875,2.0752,1.0768,21.398
Xp,8,88,6.1596,1.9619,1.1314,21.311
Xp,0,89,5.5303,1.8461,1.3318,21.568
Xp,1,89,6.3083,1.8456,1.0991,21.432
Xp,2,89,7.0002,1.9733,1.1773,21.434
Xp,3,89,7.1280,2.0405,1.0946,21.582
Xp,4,89,7.1206,2.0554,1.0893,21.582
Xp,5,89,7.1446,2.1288,1.1162,21.524
Xp,6,89,6.9304,2.1052,1.0381,21.404
Xp,7,89,6.7001,2.0772,1.0620,21.398
Xp,8,89,6.1698,1.9640,1.1187,21.363
Xp,0,90,5.5342,1.8455,1.3205,21.568
Xp,1,90,6.3178,1.8467,1.0871,21.432
Xp,2,90,7.0137,1.9756,1.1622,21.619
Xp,3,90,7.1380,2.0386,1.0822,21.611
Xp,4,90,7.1314,2.0545,1.0761,21.611
Xp,5,90,7.1540,2.1292,1.1032,21.524
Xp,6,90,6.9410,2.1081,1.0249,21.404
Xp,7,90,6.7127,2.0792,1.0472,21.398
Xp,8,90,6.1800,1.9657,1.1061,21.363
Xp,0,91,5.5381,1.8448,1.3092,21.568
Xp,1,91,6.3273,1.8479,1.0752,21.432
Xp,2,91,7.0255,1.9752,1.1489,21.619
Xp,3,91,7.1480,2.0368,1.0698,21.611
Xp,4,91,7.1415,2.0526,1.0637,21.611
Xp,5,91,7.1634,2.1296,1.0902,21.524
Xp,6,91,6.9516,2.1110,1.0117,21.404
Xp,7,91,6.7253,2.0812,1.0324,21.398
Xp,8,91,6.1903,1.9673,1.0934,21.363
Xp,0,92,5.5420,1.8442,1.2979,21.568
Xp,1,92,6.3367,1.8491,1.0632,21.432
Xp,2,92,7.0373,1.9748,1.1355,21.619
Xp,3,92,7.1580,2.0349,1.0574,21.611
Xp,4,92,7.1515,2.0508,1.0512,21.611
Xp,5,92,7.1728,2.1299,1.0771,21.524
Xp,6,92,6.9608,2.1135,0.9991,21.407
Xp,7,92,6.7379,2.0832,1.0176,21.398
Xp,8,92,6.2005,1.9690,1.0807,21.363
Xp,0,93,5.5459,1.8435,1.2866,21.568
Xp,1,93,6.3462,1.8502,1.0512,21.342
Xp,2,93,7.0482,1.9739,1.1224,21.582
Xp,3,93,7.1681,2.0331,1.0449,21.611
Xp,4,93,7.1615,2.0489,1.0388,21.611
Xp,5,93,7.1822,2.1303,1.0641,21.524
Xp,6,93,6.9699,2.1159,0.9865,21.407
Xp,7,93,6.7505,2.0852,1.0027,21.404
Xp,8,93,6.2107,1.9707,1.0680,21.338
Xp,0,94,5.5498,1.8428,1.2753,21.568
Xp,1,94,6.3579,1.8526,1.0376,21.342
Xp,2,94,7.0591,1.9729,1.1092,21.582
Xp,3,94,7.1781,2.0312,1.0325,21.611
Xp,4,94,7.1715,2.0470,1.0264,21.611
Xp,5,94,7.1916,2.1306,1.0511,21.524
Xp,6,94,6.9790,2.1184,0.9739,21.407
Xp,7,94,6.7619,2.0868,0.9887,21.404
Xp,8,94,6.2215,1.9732,1.0553,21.338
Xp,0,95,5.5537,1.8422,1.2640,21.568
Xp,1,95,6.3697,1.8549,1.0239,21.342
Xp,2,95,7.0699,1.9719,1.0960,21.582
Xp,3,95,7.1881,2.0293,1.0201,21.611
Xp,4,95,7.1816,2.0452,1.0140,21.611
Xp,5,95,7.2010,2.1310,1.0381,21.524
Xp,6,95,6.9881,2.1208,0.9613,21.407
Xp,7,95,6.7732,2.0884,0.9747,21.412
Xp,8,95,6.2323,1.9757,1.0427,21.338
Xp,0,96,5.5576,1.8415,1.2527,21.568
Xp,1,96,6.3814,1.8573,1.0103,21.342
Xp,2,96,7.0808,1.9709,1.0828,21.582
Xp,3,96,7.1982,2.0275,1.0077,21.583
Xp,4,96,7.1904,2.0427,1.0016,21.583
Xp,5,96,7.2104,2.1313,1.0251,21.524
Xp,6,96,6.9973,2.1233,0.9487,21.407
Xp,7,96,6.7845,2.0899,0.9607,21.412
Xp,8,96,6.2431,1.9782,1.0300,21.338
Xp,0,97,5.5609,1.8402,1.2426,21.526
Xp,1,97,6.3919,1.8597,0.9978,21.367
Xp,2,97,7.0917,1.9700,1.0696,23.876
Xp,3,97,7.2070,2.0251,0.9953,21.583
Xp,4,97,7.1993,2.0403,0.9892,21.583
Xp,5,97,7.2198,2.1317,1.0121,21.524
Xp,6,97,7.0064,2.1257,0.9361,21.407
Xp,7,97,6.7944,2.0925,0.9479,21.388
Xp,8,97,6.2539,1.9807,1.0173,21.338
Xp,0,98,5.5642,1.8389,1.2325,21.526
Xp,1,98,6.4024,1.8620,0.9854,21.367
Xp,2,98,7.1025,1.9690,1.0564,23.876
Xp,3,98,7.2159,2.0226,0.9829,21.583
Xp,4,98,7.2081,2.0379,0.9768,21.583
Xp,5,98,7.2277,2.1314,0.9993,21.517
Xp,6,98,7.0155,2.1261,0.9228,21.475
Xp,7,98,6.8044,2.0951,0.9351,21.388
Xp,8,98,6.2647,1.9832,1.0047,21.365
Xp,0,99,5.5676,1.8376,1.2224,21.526
Xp,1,99,6.4129,1.8644,0.9729,21.417
Xp,2,99,7.1134,1.9680,1.0432,23.876
Xp,3,99,7.2247,2.0202,0.9705,21.583
Xp,4,99,7.2170,2.0354,0.9644,21.583
Xp,5,99,7.2355,2.1312,0.9865,21.517
Xp,6,99,7.0247,2.1265,0.9094,21.475
Xp,7,99,6.8144,2.0977,0.9223,21.388
Xp,8,99,6.2742,1.9860,0.9933,21.365
Xp,0,100,5.5718,1.8362,1.2122,21.500
Xp,1,100,6.4232,1.8660,0.9603,21.417
Xp,2,100,7.1243,1.9671,1.0300,23.876
Xp,3,100,7.2335,2.0177,0.9581,21.583
Xp,4,100,7.2258,2.0330,0.9520,21.583
Xp,5,100,7.2434,2.1309,0.9737,21.517
Xp,6,100,7.0338,2.1270,0.8960,21.475
Xp,7,100,6.8243,2.1003,0.9095,21.388
Xp,8,100,6.2838,1.9889,0.9820,21.365
Xp,0,101,5.5761,1.8348,1.2020,21.500
Xp,1,101,6.4336,1.8675,0.9477,21.417
Xp,2,101,7.1202,1.9714,1.0290,21.582
Xp,3,101,7.2424,2.0153,0.9457,21.583
Xp,4,101,7.2347,2.0305,0.9397,21.583
Xp,5,101,7.2512,2.1306,0.9609,23.585
Xp,6,101,7.0415,2.1268,0.8829,21.475
Xp,7,101,6.8343,2.1029,0.8967,21.388
Xp,8,101,6.2934,1.9918,0.9706,21.366
Xp,0,102,5.5804,1.8335,1.1918,21.500
Xp,1,102,6.4439,1.8690,0.9351,21.417
Xp,2,102,7.1311,1.9704,1.0158,21.611
Xp,3,102,7.2512,2.0129,0.9334,21.624
Xp,4,102,7.2435,2.0281,0.9273,21.583
Xp,5,102,7.2477,2.1271,0.9608,21.517
Xp,6,102,7.0492,2.1266,0.8699,21.475
Xp,7,102,6.8443,2.1055,0.8840,21.396
Xp,8,102,6.3033,1.9950,0.9593,21.366
Xp,0,103,5.5846,1.8321,1.1815,21.500
Xp,1,103,6.4543,1.8706,0.9225,21.417
Xp,2,103,7.1394,1.9661,1.0051,21.680
Xp,3,103,7.2588,2.0093,0.9218,21.624
Xp,4,103,7.2523,2.0257,0.9149,21.624
Xp,5,103,7.2441,2.1236,0.9607,21.517
Xp,6,103,7.0568,2.1265,0.8568,21.475
Xp,7,103,6.8528,2.1077,0.8718,21.396
Xp,8,103,6.3132,1.9982,0.9479,21.366
Xp,0,104,5.5889,1.8307,1.1713,21.500
Xp,1,104,6.4647,1.8721,0.9099,21.417
Xp,2,104,7.1478,1.9617,0.9943,21.680
Xp,3,104,7.2664,2.0058,0.9103,21.624
Xp,4,104,7.2599,2.0221,0.9033,21.624
Xp,5,104,7.2519,2.1233,0.9478,23.585
Xp,6,104,7.0645,2.1263,0.8438,21.475
Xp,7,104,6.8614,2.1098,0.8597,21.396
Xp,8,104,6.3231,2.0014,0.9366,21.366
Xp,0,105,5.5931,1.8293,1.1611,21.500
Xp,1,105,6.4750,1.8736,0.8973,21.417
Xp,2,105,7.1561,1.9573,0.9836,21.680
Xp,3,105,7.2741,2.0022,0.8988,21.624
Xp,4,105,7.2675,2.0186,0.8918,21.624
Xp,5,105,7.2484,2.1198,0.9477,21.517
Xp,6,105,7.0721,2.1262,0.8307,21.475
Xp,7,105,6.8700,2.1119,0.8475,21.396
Xp,8,105,6.3330,2.0045,0.9252,21.366
Xp,0,106,5.5974,1.8279,1.1509,21.500
Xp,1,106,6.4854,1.8751,0.8847,21.441
Xp,2,106,7.1645,1.9530,0.9729,21.680
Xp,3,106,7.2817,1.9987,0.8873,21.618
Xp,4,106,7.2738,2.0145,0.8802,21.618
Xp,5,106,7.2448,2.1163,0.9476,21.517
Xp,6,106,7.0798,2.1260,0.8176,21.475
Xp,7,106,6.8785,2.1141,0.8354,21.396
Xp,8,106,6.3429,2.0077,0.9139,21.366
Xp,0,107,5.6017,1.8266,1.1407,21.500
Xp,1,107,6.4947,1.8764,0.8733,21.441
Xp,2,107,7.1728,1.9486,0.9622,21.680
Xp,3,107,7.2879,1.9946,0.8756,21.618
Xp,4,107,7.2800,2.0105,0.8686,21.618
Xp,5,107,7.2527,2.1160,0.9348,23.585
Xp,6,107,7.0875,2.1258,0.8046,21.475
Xp,7,107,6.8871,2.1162,0.8233,21.396
Xp,8,107,6.3528,2.0109,0.9025,21.366
Xp,0,108,5.6059,1.8252,1.1304,21.500
Xp,1,108,6.5040,1.8777,0.8620,21.441
Xp,2,108,7.1812,1.9442,0.9515,21.680
Xp,3,108,7.2942,1.9906,0.8640,21.618
Xp,4,108,7.2863,2.0064,0.8570,21.618
Xp,5,108,7.2491,2.1125,0.9347,21.517
Xp,6,108,7.0951,2.1257,0.7915,21.475
Xp,7,108,6.8947,2.1182,0.8112,21.414
Xp,8,108,6.3627,2.0141,0.8912,21.366
Xp,0,109,5.6094,1.8238,1.1214,21.494
Xp,1,109,6.5133,1.8790,0.8506,21.441
Xp,2,109,7.1895,1.9398,0.9407,21.680
Xp,3,109,7.3004,1.9865,0.8524,21.618
Xp,4,109,7.2925,2.0023,0.8454,21.618
Xp,5,109,7.2456,2.1089,0.9345,21.517
Xp,6,109,7.1028,2.1255,0.7785,21.475
Xp,7,109,6.9024,2.1201,0.7991,21.414
Xp,8,109,6.3714,2.0173,0.8809,21.388
Xp,0,110,5.6129,1.8223,1.1124,21.494
Xp,1,110,6.5226,1.8803,0.8393,21.441
Xp,2,110,7.1979,1.9355,0.9300,21.680
Xp,3,110,7.3067,1.9825,0.8408,21.618
Xp,4,110,7.2988,1.9983,0.8337,21.618
Xp,5,110,7.2420,2.1054,0.9344,21.517
Xp,6,110,7.1104,2.1254,0.7654,21.482
Xp,7,110,6.9100,2.1221,0.7871,21.414
Xp,8,110,6.3801,2.0205,0.8706,21.388
Xp,0,111,5.6164,1.8209,1.1034,21.494
Xp,1,111,6.5319,1.8816,0.8279,21.425
Xp,2,111,7.2062,1.9311,0.9193,21.680
Xp,3,111,7.3129,1.9784,0.8292,21.618
Xp,4,111,7.3050,1.9942,0.8221,21.618
Xp,5,111,7.2498,2.1052,0.9216,23.585
Xp,6,111,7.1166,2.1247,0.7527,21.482
Xp,7,111,6.9177,2.1240,0.7750,21.414
Xp,8,111,6.3888,2.0237,0.8602,21.388
Xp,0,112,5.6199,1.8194,1.0944,21.494
Xp,1,112,6.5417,1.8829,0.8158,21.425
Xp,2,112,7.2146,1.9267,0.9086,21.680
Xp,3,112,7.3192,1.9743,0.8176,21.618
Xp,4,112,7.3113,1.9902,0.8105,21.618
Xp,5,112,7.2577,2.1049,0.9088,23.585
Xp,6,112,7.1227,2.1240,0.7399,21.482
Xp,7,112,6.9238,2.1255,0.7634,21.426
Xp,8,112,6.3976,2.0270,0.8499,21.388
Xp,0,113,5.6234,1.8180,1.0854,21.494
Xp,1,113,6.5515,1.8842,0.8036,21.425
Xp,2,113,7.2229,1.9224,0.8979,21.680
Xp,3,113,7.3254,1.9703,0.8059,21.618
Xp,4,113,7.3175,1.9861,0.7989,21.618
Xp,5,113,7.2541,2.1014,0.9087,23.585
Xp,6,113,7.1289,2.1233,0.7272,21.482
Xp,7,113,6.9299,2.1269,0.7519,21.426
Xp,8,113,6.4063,2.0302,0.8396,21.388
Xp,0,114,5.6269,1.8166,1.0764,21.494
Xp,1,114,6.5613,1.8855,0.7915,21.425
Xp,2,114,7.2313,1.9180,0.8871,21.644
Xp,3,114,7.3319,1.9640,0.7956,21.674
Xp,4,114,7.3238,1.9820,0.7873,21.618
Xp,5,114,7.2506,2.0978,0.9086,23.585
Xp,6,114,7.1336,2.1219,0.7148,21.539
Xp,7,114,6.9360,2.1283,0.7403,21.426
Xp,8,114,6.4159,2.0326,0.8280,21.386
Xp,0,115,5.6304,1.8151,1.0673,21.494
Xp,1,115,6.5711,1.8868,0.7793,21.425
Xp,2,115,7.2387,1.9131,0.8762,21.644
Xp,3,115,7.3384,1.9578,0.7853,21.674
Xp,4,115,7.3300,1.9780,0.7757,21.618
Xp,5,115,7.2584,2.0976,0.8958,23.585
Xp,6,115,7.1383,2.1206,0.7024,21.539
Xp,7,115,6.9422,2.1298,0.7287,21.426
Xp,8,115,6.4255,2.0350,0.8163,21.386
Xp,0,116,5.6339,1.8137,1.0583,21.494
Xp,1,116,6.5809,1.8881,0.7671,21.448
Xp,2,116,7.2462,1.9081,0.8653,21.644
Xp,3,116,7.3450,1.9516,0.7750,21.674
Xp,4,116,7.3350,1.9735,0.7640,21.630
Xp,5,116,7.2549,2.0940,0.8956,23.585
Xp,6,116,7.1431,2.1192,0.6900,21.539
Xp,7,116,6.9483,2.1312,0.7172,21.426
Xp,8,116,6.4351,2.0374,0.8047,21.386
Xp,0,117,5.6374,1.8123,1.0493,21.494
Xp,1,117,6.5895,1.8890,0.7561,21.448
Xp,2,117,7.2527,1.9019,0.8550,21.674
Xp,3,117,7.3504,1.9449,0.7644,21.664
Xp,4,117,7.3399,1.9690,0.7524,21.664
Xp,5,117,7.2513,2.0905,0.8955,23.585
Xp,6,117,7.1478,2.1179,0.6776,21.539
Xp,7,117,6.9544,2.1326,0.7056,21.426
Xp,8,117,6.4447,2.0398,0.7930,21.386
Xp,0,118,5.6409,1.8108,1.0403,21.494
Xp,1,118,6.5981,1.8899,0.7451,21.448
Xp,2,118,7.2592,1.8956,0.8447,21.674
Xp,3,118,7.3559,1.9382,0.7538,21.664
Xp,4,118,7.3454,1.9623,0.7418,21.664
Xp,5,118,7.2589,2.0870,0.8840,21.618
Xp,6,118,7.1525,2.1166,0.6652,21.539
Xp,7,118,6.9605,2.1341,0.6940,21.426
Xp,8,118,6.4544,2.0422,0.7814,21.386
Xp,0,119,5.6444,1.8094,1.0313,21.494
Xp,1,119,6.6067,1.8908,0.7341,21.448
Xp,2,119,7.2657,1.8894,0.8343,21.674
Xp,3,119,7.3614,1.9315,0.7432,21.664
Xp,4,119,7.3508,1.9556,0.7313,21.664
Xp,5,119,7.2652,2.0829,0.8724,21.618
Xp,6,119,7.1572,2.1152,0.6529,21.539
Xp,7,119,6.9667,2.1355,0.6825,21.426
Xp,8,119,6.4640,2.0445,0.7698,21.417
Xp,0,120,5.6479,1.8080,1.0223,21.494
Xp,1,120,6.6153,1.8917,0.7230,21.448
Xp,2,120,7.2722,1.8832,0.8240,21.674
Xp,3,120,7.3668,1.9248,0.7326,21.664
Xp,4,120,7.3563,1.9489,0.7207,21.664
Xp,5,120,7.2714,2.0789,0.8607,21.618
Xp,6,120,7.1592,2.1131,0.6413,21.618
Xp,7,120,6.9728,2.1369,0.6709,21.426
Xp,8,120,6.4724,2.0466,0.7592,21.417
Xp,0,121,5.6514,1.8065,1.0133,21.494
Xp,1,121,6.6239,1.8926,0.7120,21.448
Xp,2,121,7.2787,1.8769,0.8137,21.674
Xp,3,121,7.3632,1.9206,0.7325,21.664
Xp,4,121,7.3618,1.9423,0.7101,21.664
Xp,5,121,7.2777,2.0748,0.8491,21.618
Xp,6,121,7.1612,2.1109,0.6297,21.618
Xp,7,121,6.9789,2.1384,0.6593,21.426
Xp,8,121,6.4807,2.0487,0.7487,21.417
Xp,0,122,5.6538,1.8052,1.0058,21.502
Xp,1,122,6.6325,1.8935,0.7010,21.448
Xp,2,122,7.2852,1.8707,0.8033,21.674
Xp,3,122,7.3686,1.9140,0.7219,21.664
Xp,4,122,7.3673,1.9356,0.6995,21.664
Xp,5,122,7.2839,2.0707,0.8375,21.618
Xp,6,122,7.1632,2.1088,0.6182,21.618
Xp,7,122,6.9850,2.1398,0.6478,21.473
Xp,8,122,6.4891,2.0508,0.7382,21.417
Xp,0,123,5.6563,1.8038,0.9984,21.502
Xp,1,123,6.6411,1.8944,0.6900,21.448
Xp,2,123,7.2918,1.8645,0.7930,21.674
Xp,3,123,7.3650,1.9097,0.7218,21.664
Xp,4,123,7.3636,1.9314,0.6994,21.664
Xp,5,123,7.2902,2.0667,0.8259,21.618
Xp,6,123,7.1652,2.1067,0.6066,21.618
Xp,7,123,6.9880,2.1403,0.6372,21.473
Xp,8,123,6.4975,2.0529,0.7277,21.417
Xp,0,124,5.6587,1.8025,0.9910,21.502
Xp,1,124,6.6497,1.8953,0.6789,21.433
Xp,2,124,7.2983,1.8582,0.7827,21.674
Xp,3,124,7.3704,1.9031,0.7112,23.560
Xp,4,124,7.3691,1.9247,0.6888,21.664
Xp,5,124,7.2964,2.0626,0.8143,21.618
Xp,6,124,7.1672,2.1045,0.5950,21.618
Xp,7,124,6.9909,2.1407,0.6267,21.473
Xp,8,124,6.5059,2.0550,0.7172,21.417
Xp,0,125,5.6612,1.8012,0.9835,21.502
Xp,1,125,6.6585,1.8961,0.6672,21.433
Xp,2,125,7.3048,1.8520,0.7724,21.674
Xp,3,125,7.3759,1.8964,0.7006,23.560
Xp,4,125,7.3654,1.9205,0.6887,21.664
Xp,5,125,7.3027,2.0586,0.8027,21.618
Xp,6,125,7.1692,2.1024,0.5835,21.618
Xp,7,125,6.9938,2.1411,0.6161,21.473
Xp,8,125,6.5143,2.0571,0.7067,21.417
Xp,0,126,5.6637,1.7998,0.9761,21.502
Xp,1,126,6.6674,1.8969,0.6555,21.433
Xp,2,126,7.3100,1.8437,0.7634,21.712
Xp,3,126,7.3722,1.8922,0.7005,23.560
Xp,4,126,7.3709,1.9138,0.6781,23.560
Xp,5,126,7.3089,2.0545,0.7911,21.618
Xp,6,126,7.1711,2.1003,0.5719,21.618
Xp,7,126,6.9967,2.1416,0.6056,21.473
Xp,8,126,6.5227,2.0592,0.6962,21.417
Xp,0,127,5.6661,1.7985,0.9687,21.502
Xp,1,127,6.6733,1.8965,0.6457,21.478
Xp,2,127,7.3151,1.8353,0.7544,21.712
Xp,3,127,7.3686,1.8879,0.7004,21.664
Xp,4,127,7.3763,1.9071,0.6675,23.560
Xp,5,127,7.3152,2.0504,0.7794,21.618
Xp,6,127,7.1731,2.0981,0.5603,21.618
Xp,7,127,6.9996,2.1420,0.5950,21.473
Xp,8,127,6.5310,2.0613,0.6857,21.400
Xp,0,128,5.6686,1.7971,0.9612,21.502
Xp,1,128,6.6792,1.8961,0.6360,21.478
Xp,2,128,7.3203,1.8270,0.7455,21.712
Xp,3,128,7.3649,1.8837,0.7002,21.664
Xp,4,128,7.3727,1.9029,0.6674,23.560
Xp,5,128,7.3214,2.0464,0.7678,21.630
Xp,6,128,7.1751,2.0960,0.5488,21.618
Xp,7,128,7.0025,2.1425,0.5844,21.473
Xp,8,128,6.5393,2.0633,0.6744,21.400
Xp,0,129,5.6711,1.7958,0.9538,21.502
Xp,1,129,6.6851,1.8958,0.6262,21.478
Xp,2,129,7.3255,1.8186,0.7365,21.712
Xp,3,129,7.3704,1.8771,0.6896,23.560
Xp,4,129,7.3690,1.8987,0.6672,21.664
Xp,5,129,7.3263,2.0419,0.7562,21.630
Xp,6,129,7.1771,2.0939,0.5372,21.618
Xp,7,129,7.0054,2.1429,0.5739,21.473
Xp,8,129,6.5475,2.0652,0.6632,21.400
Xp,0,130,5.6735,1.7944,0.9464,21.502
Xp,1,130,6.6911,1.8954,0.6165,21.478
Xp,2,130,7.3306,1.8103,0.7276,21.712
Xp,3,130,7.3759,1.8704,0.6791,23.560
Xp,4,130,7.3653,1.8945,0.6671,21.664
Xp,5,130,7.3313,2.0374,0.7446,21.630
Xp,6,130,7.1791,2.0917,0.5256,21.678
Xp,7,130,7.0083,2.1433,0.5633,21.473
Xp,8,130,6.5558,2.0672,0.6520,21.400
Xp,0,131,5.6760,1.7931,0.9390,21.502
Xp,1,131,6.6970,1.8950,0.6067,21.478
Xp,2,131,7.3358,1.8019,0.7186,21.712
Xp,3,131,7.3722,1.8662,0.6789,23.560
Xp,4,131,7.3708,1.8878,0.6565,23.560
Xp,5,131,7.3362,2.0329,0.7330,21.630
Xp,6,131,7.1801,2.0894,0.5148,21.628
Xp,7,131,7.0115,2.1417,0.5514,21.527
Xp,8,131,6.5610,2.0680,0.6424,21.451
Xp,0,132,5.6785,1.7917,0.9315,21.502
Xp,1,132,6.7029,1.8946,0.5970,21.478
Xp,2,132,7.3410,1.7936,0.7096,21.712
Xp,3,132,7.3685,1.8619,0.6788,21.664
Xp,4,132,7.3763,1.8811,0.6459,23.560
Xp,5,132,7.3411,2.0284,0.7213,21.630
Xp,6,132,7.1827,2.0850,0.5036,21.628
Xp,7,132,7.0148,2.1401,0.5395,21.527
Xp,8,132,6.5663,2.0688,0.6328,21.451
Xp,0,133,5.6809,1.7904,0.9241,21.502
Xp,1,133,6.7089,1.8942,0.5872,21.478
Xp,2,133,7.3461,1.7852,0.7007,21.712
Xp,3,133,7.3649,1.8577,0.6787,21.664
Xp,4,133,7.3726,1.8769,0.6458,23.560
Xp,5,133,7.3461,2.0239,0.7097,21.630
Xp,6,133,7.1854,2.0806,0.4924,21.628
Xp,7,133,7.0180,2.1385,0.5275,21.567
Xp,8,133,6.5715,2.0696,0.6233,21.451
Xp,0,134,5.6834,1.7890,0.9167,21.502
Xp,1,134,6.7148,1.8939,0.5775,21.478
Xp,2,134,7.3513,1.7769,0.6917,21.712
Xp,3,134,7.3703,1.8510,0.6681,23.560
Xp,4,134,7.3690,1.8727,0.6457,21.699
Xp,5,134,7.3510,2.0194,0.6981,21.630
Xp,6,134,7.1880,2.0762,0.4812,21.628
Xp,7,134,7.0199,2.1366,0.5162,21.567
Xp,8,134,6.5768,2.0704,0.6137,21.451
Xp,0,135,5.6859,1.7877,0.9092,21.502
Xp,1,135,6.7207,1.8935,0.5678,21.478
Xp,2,135,7.3565,1.7685,0.6828,21.712
Xp,3,135,7.3755,1.8427,0.6591,21.785
Xp,4,135,7.3653,1.8685,0.6455,21.699
Xp,5,135,7.3559,2.0149,0.6865,21.630
Xp,6,135,7.1907,2.0718,0.4700,21.628
Xp,7,135,7.0218,2.1347,0.5049,21.567
Xp,8,135,6.5820,2.0712,0.6041,21.451
Xp,0,136,5.6883,1.7864,0.9018,21.502
Xp,1,136,6.7267,1.8931,0.5580,21.478
Xp,2,136,7.3617,1.7602,0.6738,21.712
Xp,3,136,7.3798,1.8327,0.6508,21.785
Xp,4,136,7.3688,1.8612,0.6350,21.699
Xp,5,136,7.3608,2.0104,0.6748,21.630
Xp,6,136,7.1933,2.0674,0.4588,21.628
Xp,7,136,7.0237,2.1328,0.4936,21.567
Xp,8,136,6.5873,2.0720,0.5946,21.451
Xp,0,137,5.6913,1.7851,0.8942,21.480
Xp,1,137,6.7326,1.8927,0.5483,21.478
Xp,2,137,7.3668,1.7519,0.6648,21.712
Xp,3,137,7.3829,1.8225,0.6424,21.855
Xp,4,137,7.3652,1.8570,0.6349,21.699
Xp,5,137,7.3658,2.0059,0.6632,21.630
Xp,6,137,7.1960,2.0630,0.4476,21.628
Xp,7,137,7.0256,2.1309,0.4823,21.567
Xp,8,137,6.5925,2.0728,0.5850,21.451
Xp,0,138,5.6943,1.7838,0.8867,21.521
Xp,1,138,6.7385,1.8923,0.5385,21.478
Xp,2,138,7.3711,1.7419,0.6565,21.785
Xp,3,138,7.3861,1.8122,0.6340,21.855
Xp,4,138,7.3687,1.8498,0.6244,21.717
Xp,5,138,7.3707,2.0014,0.6516,21.759
Xp,6,138,7.1986,2.0586,0.4364,21.628
Xp,7,138,7.0275,2.1291,0.4710,21.567
Xp,8,138,6.5978,2.0736,0.5754,21.451
Xp,0,139,5.6961,1.7829,0.8811,21.521
Xp,1,139,6.7444,1.8920,0.5288,21.500
Xp,2,139,7.3754,1.7319,0.6482,21.855
Xp,3,139,7.3892,1.8020,0.6256,21.855
Xp,4,139,7.3719,1.8395,0.6160,21.855
Xp,5,139,7.3735,1.9930,0.6424,21.860
Xp,6,139,7.2013,2.0542,0.4252,21.628
Xp,7,139,7.0295,2.1272,0.4597,21.567
Xp,8,139,6.6030,2.0744,0.5658,21.451
Xp,0,140,5.6978,1.7820,0.8756,21.521
Xp,1,140,6.7486,1.8908,0.5200,21.500
Xp,2,140,7.3784,1.7202,0.6409,21.869
Xp,3,140,7.3923,1.7917,0.6171,21.855
Xp,4,140,7.3750,1.8293,0.6076,21.855
Xp,5,140,7.3763,1.9847,0.6332,21.860
Xp,6,140,7.2039,2.0498,0.4140,21.628
Xp,7,140,7.0314,2.1253,0.4485,21.567
Xp,8,140,6.6083,2.0753,0.5563,21.451
Xp,0,141,5.6996,1.7811,0.8701,21.521
Xp,1,141,6.7527,1.8897,0.5113,21.500
Xp,2,141,7.3814,1.7085,0.6337,21.869
Xp,3,141,7.3955,1.7815,0.6087,21.855
Xp,4,141,7.3781,1.8190,0.5991,21.855
Xp,5,141,7.3792,1.9764,0.6240,21.860
Xp,6,141,7.2058,2.0454,0.4037,21.674
Xp,7,141,7.0333,2.1234,0.4372,21.567
Xp,8,141,6.6135,2.0761,0.5467,21.451
Xp,0,142,5.7013,1.7802,0.8646,21.521
Xp,1,142,6.7569,1.8886,0.5026,21.500
Xp,2,142,7.3844,1.6968,0.6265,21.869
Xp,3,142,7.3986,1.7712,0.6003,21.855
Xp,4,142,7.3813,1.8088,0.5907,21.855
Xp,5,142,7.3820,1.9680,0.6148,23.560
Xp,6,142,7.2077,2.0411,0.3935,21.674
Xp,7,142,7.0352,2.1215,0.4259,21.567
Xp,8,142,6.6188,2.0769,0.5371,21.451
Xp,0,143,5.7031,1.7793,0.8591,21.521
Xp,1,143,6.7610,1.8874,0.4939,21.500
Xp,2,143,7.3874,1.6851,0.6192,21.869
Xp,3,143,7.4018,1.7610,0.5919,21.855
Xp,4,143,7.3844,1.7985,0.5823,21.855
Xp,5,143,7.3783,1.9638,0.6146,23.560
Xp,6,143,7.2096,2.0367,0.3833,21.674
Xp,7,143,7.0371,2.1196,0.4146,21.567
Xp,8,143,6.6240,2.0777,0.5276,21.478
Xp,0,144,5.7048,1.7784,0.8536,21.521
Xp,1,144,6.7652,1.8863,0.4851,21.500
Xp,2,144,7.3904,1.6734,0.6120,21.869
Xp,3,144,7.4049,1.7507,0.5835,21.855
Xp,4,144,7.3876,1.7883,0.5739,21.855
Xp,5,144,7.3746,1.9596,0.6145,23.560
Xp,6,144,7.2115,2.0323,0.3731,21.674
Xp,7,144,7.0380,2.1176,0.4043,21.616
Xp,8,144,6.6274,2.0778,0.5189,21.478
Xp,0,145,5.7066,1.7775,0.8481,21.521
Xp,1,145,6.7693,1.8852,0.4764,21.504
Xp,2,145,7.3934,1.6617,0.6048,21.869
Xp,3,145,7.4080,1.7405,0.5751,21.855
Xp,4,145,7.3907,1.7780,0.5655,21.855
Xp,5,145,7.3710,1.9554,0.6144,23.560
Xp,6,145,7.2134,2.0279,0.3628,21.674
Xp,7,145,7.0389,2.1157,0.3940,21.616
Xp,8,145,6.6309,2.0778,0.5102,21.478
Xp,0,146,5.7083,1.7766,0.8426,21.521
Xp,1,146,6.7736,1.8823,0.4668,21.504
Xp,2,146,7.3964,1.6500,0.5976,21.869
Xp,3,146,7.4112,1.7302,0.5667,21.855
Xp,4,146,7.3938,1.7678,0.5571,21.855
Xp,5,146,7.3745,1.9481,0.6039,23.560
Xp,6,146,7.2153,2.0236,0.3526,21.674
Xp,7,146,7.0398,2.1137,0.3837,21.616
Xp,8,146,6.6343,2.0779,0.5015,21.478
Xp,0,147,5.7100,1.7757,0.8371,21.521
Xp,1,147,6.7780,1.8795,0.4571,21.504
Xp,2,147,7.3994,1.6383,0.5903,21.869
Xp,3,147,7.4142,1.7185,0.5595,21.869
Xp,4,147,7.3970,1.7575,0.5487,21.855
Xp,5,147,7.3709,1.9439,0.6037,23.560
Xp,6,147,7.2171,2.0192,0.3424,21.674
Xp,7,147,7.0406,2.1117,0.3733,21.616
Xp,8,147,6.6377,2.0780,0.4928,21.478
Xp,0,148,5.7118,1.7748,0.8316,21.521
Xp,1,148,6.7823,1.8766,0.4475,21.504
Xp,2,148,7.4024,1.6266,0.5831,21.869
Xp,3,148,7.4172,1.7068,0.5522,21.869
Xp,4,148,7.4001,1.7473,0.5403,21.855
Xp,5,148,7.3744,1.9367,0.5932,23.560
Xp,6,148,7.2190,2.0148,0.3321,21.674
Xp,7,148,7.0415,2.1097,0.3630,21.616
Xp,8,148,6.6411,2.0781,0.4841,21.478
Xp,0,149,5.7135,1.7739,0.8260,21.521
Xp,1,149,6.7866,1.8738,0.4378,21.504
Xp,2,149,7.4054,1.6148,0.5759,21.869
Xp,3,149,7.4201,1.6951,0.5450,21.869
Xp,4,149,7.4032,1.7370,0.5319,21.855
Xp,5,149,7.3708,1.9325,0.5931,23.560
Xp,6,149,7.2209,2.0105,0.3219,21.674
Xp,7,149,7.0424,2.1077,0.3527,21.616
Xp,8,149,6.6446,2.0782,0.4754,21.478
Xp,0,150,5.7153,1.7730,0.8205,21.521
Xp,1,150,6.7909,1.8709,0.4282,21.504
Xp,2,150,7.4082,1.6037,0.5695,21.776
Xp,3,150,7.4231,1.6834,0.5378,21.869
Xp,4,150,7.4060,1.7269,0.5240,21.910
Xp,5,150,7.3743,1.9252,0.5826,23.560
Xp,6,150,7.2228,2.0061,0.3117,21.674
Xp,7,150,7.0433,2.1057,0.3424,21.616
Xp,8,150,6.6480,2.0783,0.4667,21.478
Xp,0,151,5.7170,1.7721,0.8150,21.521
Xp,1,151,6.7953,1.8681,0.4185,21.504
Xp,2,151,7.4110,1.5926,0.5631,21.776
Xp,3,151,7.4261,1.6717,0.5305,21.869
Xp,4,151,7.4089,1.7154,0.5170,21.910
Xp,5,151,7.3707,1.9210,0.5824,23.560
Xp,6,151,7.2247,2.0017,0.3014,21.674
Xp,7,151,7.0442,2.1038,0.3321,21.616
Xp,8,151,6.6521,2.0771,0.4572,21.480
Xp,0,152,5.7188,1.7712,0.8095,21.521
Xp,1,152,6.7996,1.8652,0.4089,21.515
Xp,2,152,7.4138,1.5815,0.5568,21.776
Xp,3,152,7.4290,1.6601,0.5236,21.910
Xp,4,152,7.4117,1.7038,0.5101,21.910
Xp,5,152,7.3742,1.9138,0.5719,23.560
Xp,6,152,7.2266,1.9974,0.2912,21.674
Xp,7,152,7.0450,2.1018,0.3218,21.616
Xp,8,152,6.6562,2.0759,0.4477,21.480
Xp,0,153,5.7205,1.7703,0.8040,21.521
Xp,1,153,6.8021,1.8617,0.4004,21.515
Xp,2,153,7.4166,1.5703,0.5504,21.776
Xp,3,153,7.4318,1.6485,0.5166,21.910
Xp,4,153,7.4145,1.6922,0.5031,21.910
Xp,5,153,7.3706,1.9096,0.5718,23.560
Xp,6,153,7.2281,1.9933,0.2825,21.725
Xp,7,153,7.0459,2.0998,0.3115,21.616
Xp,8,153,6.6603,2.0747,0.4382,21.480
Xp,0,154,5.7223,1.7694,0.7985,21.521
Xp,1,154,6.8046,1.8582,0.3919,21.515
Xp,2,154,7.4194,1.5592,0.5441,21.776
Xp,3,154,7.4346,1.6369,0.5097,21.910
Xp,4,154,7.4173,1.6806,0.4962,21.910
Xp,5,154,7.3741,1.9023,0.5613,23.560
Xp,6,154,7.2297,1.9893,0.2738,21.725
Xp,7,154,7.0468,2.0978,0.3012,21.616
Xp,8,154,6.6643,2.0734,0.4287,21.480
Xp,0,155,5.7240,1.7685,0.7930,21.521
Xp,1,155,6.8071,1.8547,0.3834,21.515
Xp,2,155,7.4223,1.5481,0.5377,21.776
Xp,3,155,7.4374,1.6254,0.5028,21.910
Xp,4,155,7.4201,1.6690,0.4892,21.910
Xp,5,155,7.3704,1.8981,0.5611,23.560
Xp,6,155,7.2312,1.9852,0.2652,21.725
Xp,7,155,7.0477,2.0958,0.2909,21.616
Xp,8,155,6.6684,2.0722,0.4192,21.480
Xp,0,156,5.7257,1.7676,0.7875,21.521
Xp,1,156,6.8097,1.8512,0.3749,21.515
Xp,2,156,7.4251,1.5369,0.5313,21.776
Xp,3,156,7.4402,1.6138,0.4958,21.910
Xp,4,156,7.4229,1.6574,0.4823,21.910
Xp,5,156,7.3740,1.8909,0.5506,23.560
Xp,6,156,7.2328,1.9812,0.2565,21.725
Xp,7,156,7.0479,2.0941,0.2821,21.671
Xp,8,156,6.6725,2.0710,0.4097,21.501
Xp,0,157,5.7275,1.7667,0.7820,21.521
Xp,1,157,6.8117,1.8464,0.3684,21.565
Xp,2,157,7.4276,1.5256,0.5249,21.785
Xp,3,157,7.4428,1.6024,0.4894,21.785
Xp,4,157,7.4258,1.6458,0.4753,21.910
Xp,5,157,7.3703,1.8867,0.5505,23.560
Xp,6,157,7.2343,1.9771,0.2478,21.725
Xp,7,157,7.0481,2.0924,0.2734,21.671
Xp,8,157,6.6746,2.0691,0.4014,21.501
Xp,0,158,5.7292,1.7658,0.7765,21.521
Xp,1,158,6.8138,1.8415,0.3619,21.565
Xp,2,158,7.4302,1.5142,0.5185,21.785
Xp,3,158,7.4454,1.5910,0.4830,21.785
Xp,4,158,7.4286,1.6343,0.4684,21.910
Xp,5,158,7.3739,1.8794,0.5400,23.560
Xp,6,158,7.2358,1.9731,0.2391,21.725
Xp,7,158,7.0483,2.0906,0.2646,21.671
Xp,8,158,6.6767,2.0672,0.3930,21.501
Xp,0,159,5.7310,1.7649,0.7709,21.521
Xp,1,159,6.8158,1.8367,0.3554,21.565
Xp,2,159,7.4328,1.5028,0.5121,21.785
Xp,3,159,7.4479,1.5796,0.4766,21.785
Xp,4,159,7.4314,1.6227,0.4615,21.910
Xp,5,159,7.3702,1.8752,0.5398,23.560
Xp,6,159,7.2374,1.9690,0.2304,21.701
Xp,7,159,7.0497,2.0868,0.2559,21.625
Xp,8,159,6.6789,2.0653,0.3847,21.501
Xp,0,160,5.7313,1.7645,0.7678,21.612
Xp,1,160,6.8179,1.8319,0.3489,21.565
Xp,2,160,7.4354,1.4914,0.5057,21.785
Xp,3,160,7.4505,1.5682,0.4701,21.785
Xp,4,160,7.4342,1.6111,0.4545,21.910
Xp,5,160,7.3738,1.8680,0.5293,23.560
Xp,6,160,7.2397,1.9627,0.2222,21.701
Xp,7,160,7.0511,2.0829,0.2472,21.625
Xp,8,160,6.6810,2.0634,0.3763,21.501
Xp,0,161,5.7316,1.7641,0.7647,21.612
Xp,1,161,6.8199,1.8270,0.3424,21.565
Xp,2,161,7.4374,1.4795,0.5006,21.813
Xp,3,161,7.4531,1.5569,0.4637,21.785
Xp,4,161,7.4368,1.5997,0.4481,21.785
Xp,5,161,7.3701,1.8638,0.5292,23.560
Xp,6,161,7.2419,1.9564,0.2140,21.701
Xp,7,161,7.0525,2.0790,0.2384,21.625
Xp,8,161,6.6831,2.0615,0.3680,21.501
Xp,0,162,5.7318,1.7637,0.7615,21.612
Xp,1,162,6.8220,1.8222,0.3359,21.565
Xp,2,162,7.4394,1.4676,0.4956,21.813
Xp,3,162,7.4557,1.5455,0.4573,21.785
Xp,4,162,7.4393,1.5883,0.4417,21.785
Xp,5,162,7.3730,1.8565,0.5191,23.560
Xp,6,162,7.2442,1.9502,0.2058,21.701
Xp,7,162,7.0539,2.0751,0.2297,21.625
Xp,8,162,6.6852,2.0595,0.3597,21.501
Xp,0,163,5.7321,1.7633,0.7584,21.612
Xp,1,163,6.8241,1.8174,0.3294,21.565
Xp,2,163,7.4414,1.4557,0.4905,21.813
Xp,3,163,7.4582,1.5341,0.4509,21.785
Xp,4,163,7.4419,1.5770,0.4353,21.785
Xp,5,163,7.3693,1.8523,0.5190,23.560
Xp,6,163,7.2465,1.9439,0.1975,21.701
Xp,7,163,7.0552,2.0712,0.2210,21.625
Xp,8,163,6.6873,2.0576,0.3513,21.501
Xp,0,164,5.7324,1.7629,0.7553,21.612
Xp,1,164,6.8261,1.8125,0.3229,21.565
Xp,2,164,7.4434,1.4438,0.4855,21.813
Xp,3,164,7.4608,1.5227,0.4445,21.785
Xp,4,164,7.4445,1.5656,0.4289,21.785
Xp,5,164,7.3722,1.8450,0.5090,21.907
Xp,6,164,7.2488,1.9376,0.1893,21.701
Xp,7,164,7.0566,2.0673,0.2122,21.625
Xp,8,164,6.6894,2.0557,0.3430,21.501
Xp,0,165,5.7327,1.7625,0.7521,21.612
Xp,1,165,6.8282,1.8077,0.3164,21.565
Xp,2,165,7.4455,1.4319,0.4804,21.813
Xp,3,165,7.4634,1.5113,0.4381,21.785
Xp,4,165,7.4471,1.5542,0.4224,21.785
Xp,5,165,7.3750,1.8349,0.5011,21.907
Xp,6,165,7.2513,1.9310,0.1816,21.834
Xp,7,165,7.0580,2.0634,0.2035,21.625
Xp,8,165,6.6916,2.0538,0.3346,21.501
Xp,0,166,5.7330,1.7621,0.7490,21.612
Xp,1,166,6.8302,1.8029,0.3099,21.565
Xp,2,166,7.4475,1.4200,0.4754,21.813
Xp,3,166,7.4660,1.5000,0.4317,21.785
Xp,4,166,7.4496,1.5428,0.4160,21.785
Xp,5,166,7.3778,1.8248,0.4932,21.907
Xp,6,166,7.2539,1.9245,0.1740,21.834
Xp,7,166,7.0594,2.0595,0.1947,21.625
Xp,8,166,6.6937,2.0519,0.3263,21.501
Xp,0,167,5.7333,1.7617,0.7459,21.612
Xp,1,167,6.8323,1.7980,0.3034,21.565
Xp,2,167,7.4495,1.4081,0.4703,21.813
Xp,3,167,7.4685,1.4886,0.4252,21.813
Xp,4,167,7.4522,1.5314,0.4096,21.802
Xp,5,167,7.3806,1.8147,0.4853,21.907
Xp,6,167,7.2564,1.9179,0.1663,21.887
Xp,7,167,7.0608,2.0556,0.1860,21.625
Xp,8,167,6.6958,2.0500,0.3179,21.501
Xp,0,168,5.7336,1.7613,0.7427,21.612
Xp,1,168,6.8343,1.7932,0.2969,21.565
Xp,2,168,7.4515,1.3962,0.4652,21.813
Xp,3,168,7.4706,1.4767,0.4202,21.813
Xp,4,168,7.4548,1.5200,0.4035,21.802
Xp,5,168,7.3835,1.8047,0.4774,21.907
Xp,6,168,7.2596,1.9122,0.1608,21.887
Xp,7,168,7.0622,2.0517,0.1773,21.625
Xp,8,168,6.6979,2.0481,0.3096,21.501
Xp,0,169,5.7339,1.7609,0.7396,21.612
Xp,1,169,6.8364,1.7884,0.2904,21.565
Xp,2,169,7.4535,1.3843,0.4602,21.813
Xp,3,169,7.4726,1.4648,0.4151,21.813
Xp,4,169,7.4573,1.5086,0.3974,21.802
Xp,5,169,7.3863,1.7946,0.4694,21.907
Xp,6,169,7.2629,1.9065,0.1552,21.887
Xp,7,169,7.0636,2.0479,0.1685,21.687
Xp,8,169,6.7000,2.0462,0.3012,21.501
Xm,0,0,3.5430,1.7000,2.6000,22.786
Xm,1,0,3.5430,1.7750,2.6000,18.575
Xm,2,0,3.5430,1.8500,2.6000,18.575
Xm,3,0,3.5430,1.9250,2.6000,18.194
Xm,4,0,3.5430,2.0000,2.6000,18.230
Xm,5,0,3.5430,2.0750,2.6000,18.230
Xm,6,0,3.5430,2.1500,2.6000,18.249
Xm,7,0,3.5430,2.2250,2.6000,18.580
Xm,8,0,3.5430,2.3000,2.6000,18.580
Xm,0,1,3.5762,1.7261,2.6044,22.786
Xm,1,1,3.4679,1.7935,2.5615,20.070
Xm,2,1,3.4319,1.8511,2.5642,19.327
Xm,3,1,3.4319,1.9261,2.5642,19.327
Xm,4,1,3.4322,1.9973,2.5641,19.377
Xm,5,1,3.4322,2.0723,2.5641,19.377
Xm,6,1,3.4388,2.1378,2.5601,19.419
Xm,7,1,3.4667,2.2061,2.5622,19.419
Xm,8,1,3.4667,2.2811,2.5622,20.154
Xm,0,2,3.4755,1.7404,2.5547,20.070
Xm,1,2,3.4306,1.8078,2.5395,20.070
Xm,2,2,3.3749,1.8536,2.5574,19.137
Xm,3,2,3.3749,1.9286,2.5574,19.137
Xm,4,2,3.3748,1.9913,2.5561,19.193
Xm,5,2,3.3748,2.0663,2.5561,19.193
Xm,6,2,3.3869,2.1245,2.5439,19.415
Xm,7,2,3.4148,2.1927,2.5461,19.419
Xm,8,2,3.4307,2.2659,2.5427,20.154
Xm,0,3,3.4382,1.7547,2.5327,20.070
Xm,1,3,3.3933,1.8221,2.5175,20.314
Xm,2,3,3.3180,1.8562,2.5505,19.137
Xm,3,3,3.3180,1.9312,2.5505,19.137
Xm,4,3,3.3175,1.9853,2.5481,19.193
Xm,5,3,3.3175,2.0603,2.5481,19.193
Xm,6,3,3.3298,2.1118,2.5267,19.415
Xm,7,3,3.3577,2.1801,2.5288,19.415
Xm,8,3,3.3947,2.2507,2.5231,20.412
Xm,0,4,3.4009,1.7689,2.5107,20.314
Xm,1,4,3.3578,1.8332,2.4982,20.314
Xm,2,4,3.2610,1.8588,2.5437,19.043
Xm,3,4,3.2610,1.9338,2.5437,19.043
Xm,4,4,3.2535,1.9795,2.5371,19.113
Xm,5,4,3.2535,2.0545,2.5371,19.113
Xm,6,4,3.2726,2.0991,2.5094,19.532
Xm,7,4,3.3006,2.1674,2.5115,19.415
Xm,8,4,3.3600,2.2386,2.5065,20.412
Xm,0,5,3.3655,1.7800,2.4915,20.314
Xm,1,5,3.3223,1.8443,2.4790,20.314
Xm,2,5,3.1968,1.8615,2.5336,19.043
Xm,3,5,3.1968,1.9365,2.5336,19.043
Xm,4,5,3.1895,1.9736,2.5261,19.113
Xm,5,5,3.1895,2.0486,2.5261,19.113
Xm,6,5,3.2143,2.0877,2.4919,19.113
Xm,7,5,3.2422,2.1559,2.4940,19.532
Xm,8,5,3.3253,2.2266,2.4898,20.412
Xm,0,6,3.3300,1.7912,2.4722,20.314
Xm,1,6,3.2869,1.8554,2.4598,19.043
Xm,2,6,3.1279,1.8640,2.5211,19.016
Xm,3,6,3.1279,1.9390,2.5211,19.016
Xm,4,6,3.1213,1.9682,2.5128,19.016
Xm,5,6,3.1213,2.0432,2.5128,19.104
Xm,6,6,3.1503,2.0818,2.4809,19.104
Xm,7,6,3.1839,2.1445,2.4765,19.532
Xm,8,6,3.2906,2.2145,2.4732,20.412
Xm,0,7,3.2945,1.8023,2.4530,20.314
Xm,1,7,3.2227,1.8581,2.4498,20.052
Xm,2,7,3.0589,1.8665,2.5085,19.016
Xm,3,7,3.0589,1.9415,2.5085,19.016
Xm,4,7,3.0523,1.9707,2.5002,19.104
Xm,5,7,3.0531,2.0377,2.4995,19.104
Xm,6,7,3.0821,2.0764,2.4676,19.104
Xm,7,7,3.1272,2.1345,2.4595,19.727
Xm,8,7,3.2323,2.2031,2.4557,19.532
Xm,0,8,3.2902,1.8084,2.4401,21.408
Xm,1,8,3.1995,1.8597,2.4338,20.052
Xm,2,8,2.9864,1.8685,2.4936,19.109
Xm,3,8,2.9864,1.9435,2.4936,19.109
Xm,4,8,2.9798,1.9726,2.4853,19.239
Xm,5,8,2.9823,2.0332,2.4845,19.239
Xm,6,8,3.0113,2.0719,2.4526,19.239
Xm,7,8,3.0705,2.1246,2.4425,20.663
Xm,8,8,3.2155,2.1925,2.4406,20.733
Xm,0,9,3.2908,1.8177,2.4309,21.408
Xm,1,9,3.1763,1.8613,2.4179,20.052
Xm,2,9,2.9138,1.8704,2.4787,19.212
Xm,3,9,2.9138,1.9454,2.4787,19.212
Xm,4,9,2.9090,1.9681,2.4703,19.212
Xm,5,9,2.9116,2.0287,2.4695,19.361
Xm,6,9,2.9704,2.0665,2.4318,19.916
Xm,7,9,3.0484,2.1157,2.4258,20.698
Xm,8,9,3.1988,2.1820,2.4256,20.733
Xm,0,10,3.2913,1.8271,2.4217,21.408
Xm,1,10,3.1447,1.8626,2.3990,19.876
Xm,2,10,2.8417,1.8721,2.4636,19.212
Xm,3,10,2.8417,1.9471,2.4636,19.212
Xm,4,10,2.8370,1.9699,2.4552,19.212
Xm,5,10,2.8418,2.0247,2.4546,19.361
Xm,6,10,2.9295,2.0611,2.4110,19.916
Xm,7,10,3.0211,2.1094,2.4089,20.698
Xm,8,10,3.1820,2.1715,2.4105,20.733
Xm,0,11,3.2918,1.8364,2.4124,21.408
Xm,1,11,3.1131,1.8639,2.3801,19.876
Xm,2,11,2.7712,1.8739,2.4486,19.638
Xm,3,11,2.7712,1.9489,2.4486,19.638
Xm,4,11,2.7900,1.9658,2.4344,19.638
Xm,5,11,2.7949,2.0207,2.4337,19.895
Xm,6,11,2.8850,2.0564,2.3901,19.891
Xm,7,11,2.9938,2.1031,2.3921,20.698
Xm,8,11,3.1653,2.1610,2.3954,20.663
Xm,0,12,3.2923,1.8457,2.4032,21.408
Xm,1,12,3.0815,1.8652,2.3612,19.876
Xm,2,12,2.7205,1.8745,2.4265,19.638
Xm,3,12,2.7205,1.9495,2.4265,19.638
Xm,4,12,2.7393,1.9665,2.4123,19.638
Xm,5,12,2.7480,2.0166,2.4129,19.895
Xm,6,12,2.8406,2.0518,2.3691,19.891
Xm,7,12,2.9664,2.0969,2.3753,20.698
Xm,8,12,3.1432,2.1521,2.3786,20.663
Xm,0,13,3.2784,1.8478,2.3927,21.327
Xm,1,13,3.0499,1.8665,2.3423,19.876
Xm,2,13,2.6698,1.8751,2.4044,19.660
Xm,3,13,2.6698,1.9501,2.4044,19.660
Xm,4,13,2.6886,1.9671,2.3902,19.660
Xm,5,13,2.7010,2.0126,2.3920,19.895
Xm,6,13,2.7961,2.0471,2.3481,19.895
Xm,7,13,2.9391,2.0906,2.3584,20.698
Xm,8,13,3.1211,2.1432,2.3619,20.663
Xm,0,14,3.2552,1.8494,2.3768,21.327
Xm,1,14,3.0061,1.8673,2.3207,19.983
Xm,2,14,2.6172,1.8757,2.3824,19.660
Xm,3,14,2.6172,1.9507,2.3824,19.660
Xm,4,14,2.6360,1.9677,2.3682,19.660
Xm,5,14,2.6526,2.0092,2.3716,19.922
Xm,6,14,2.7492,2.0431,2.3273,20.183
Xm,7,14,2.8947,2.0859,2.3375,19.891
Xm,8,14,3.0991,2.1344,2.3452,20.663
Xm,0,15,3.2320,1.8510,2.3608,20.052
Xm,1,15,2.9730,1.8672,2.3002,19.983
Xm,2,15,2.5646,1.8764,2.3605,19.709
Xm,3,15,2.5646,1.9514,2.3605,19.709
Xm,4,15,2.5834,1.9683,2.3463,19.660
Xm,5,15,2.6041,2.0057,2.3511,19.922
Xm,6,15,2.7125,2.0390,2.3070,20.183
Xm,7,15,2.8611,2.0813,2.3176,20.220
Xm,8,15,3.0770,2.1255,2.3284,21.127
Xm,0,16,3.2088,1.8526,2.3448,20.052
Xm,1,16,2.9398,1.8671,2.2797,19.983
Xm,2,16,2.5109,1.8771,2.3389,19.709
Xm,3,16,2.5109,1.9521,2.3389,19.709
Xm,4,16,2.5298,1.9690,2.3247,19.858
Xm,5,16,2.5556,2.0023,2.3306,19.968
Xm,6,16,2.6757,2.0350,2.2867,20.170
Xm,7,16,2.8276,2.0768,2.2977,20.220
Xm,8,16,3.0672,2.1177,2.3169,21.127
Xm,0,17,3.1856,1.8542,2.3289,20.480
Xm,1,17,2.9021,1.8670,2.2581,19.909
Xm,2,17,2.4647,1.8772,2.3165,19.858
Xm,3,17,2.4647,1.9522,2.3165,19.858
Xm,4,17,2.4835,1.9691,2.3022,19.858
Xm,5,17,2.5146,1.9993,2.3103,20.176
Xm,6,17,2.6365,2.0315,2.2663,20.170
Xm,7,17,2.7941,2.0722,2.2779,20.183
Xm,8,17,3.0574,2.1100,2.3053,21.127
Xm,0,18,3.1729,1.8544,2.3169,20.480
Xm,1,18,2.8643,1.8669,2.2365,19.909
Xm,2,18,2.4167,1.8770,2.2945,19.936
Xm,3,18,2.4167,1.9520,2.2945,19.936
Xm,4,18,2.4373,1.9692,2.2798,19.936
Xm,5,18,2.4736,1.9962,2.2900,20.176
Xm,6,18,2.5973,2.0280,2.2459,20.170
Xm,7,18,2.7574,2.0682,2.2576,20.183
Xm,8,18,3.0476,2.1022,2.2938,21.031
Xm,0,19,3.1522,1.8544,2.3006,20.251
Xm,1,19,2.8265,1.8669,2.2150,19.909
Xm,2,19,2.3686,1.8768,2.2726,19.936
Xm,3,19,2.3686,1.9518,2.2726,19.936
Xm,4,19,2.3892,1.9690,2.2578,19.936
Xm,5,19,2.4327,1.9932,2.2697,20.237
Xm,6,19,2.5581,2.0245,2.2255,20.176
Xm,7,19,2.7206,2.0642,2.2373,20.183
Xm,8,19,3.0306,2.0965,2.2796,21.031
Xm,0,20,3.1316,1.8544,2.2843,20.251
Xm,1,20,2.7931,1.8662,2.1934,20.097
Xm,2,20,2.3205,1.8766,2.2506,20.007
Xm,3,20,2.3205,1.9516,2.2506,20.007
Xm,4,20,2.3412,1.9689,2.2359,19.936
Xm,5,20,2.3902,1.9911,2.2499,20.237
Xm,6,20,2.5171,2.0215,2.2052,20.408
Xm,7,20,2.6839,2.0601,2.2170,20.170
Xm,8,20,3.0136,2.0908,2.2654,21.031
Xm,0,21,3.1109,1.8544,2.2680,20.251
Xm,1,21,2.7597,1.8655,2.1719,20.097
Xm,2,21,2.2730,1.8751,2.2292,20.007
Xm,3,21,2.2730,1.9501,2.2292,20.007
Xm,4,21,2.2937,1.9673,2.2144,20.007
Xm,5,21,2.3478,1.9890,2.2301,20.237
Xm,6,21,2.4840,2.0184,2.1854,20.408
Xm,7,21,2.6530,2.0567,2.1975,20.430
Xm,8,21,2.9842,2.0856,2.2464,20.285
Xm,0,22,3.0903,1.8544,2.2517,20.251
Xm,1,22,2.7263,1.8648,2.1504,20.097
Xm,2,22,2.2255,1.8736,2.2077,20.099
Xm,3,22,2.2255,1.9486,2.2077,20.099
Xm,4,22,2.2511,1.9655,2.1921,20.099
Xm,5,22,2.3039,1.9876,2.2106,20.281
Xm,6,22,2.4508,2.0153,2.1656,20.408
Xm,7,22,2.6222,2.0532,2.1780,20.430
Xm,8,22,2.9549,2.0805,2.2274,20.285
Xm,0,23,3.0696,1.8544,2.2354,20.251
Xm,1,23,2.6928,1.8641,2.1288,20.097
Xm,2,23,2.1946,1.8708,2.1898,20.787
Xm,3,23,2.1946,1.9458,2.1898,20.787
Xm,4,23,2.2084,1.9637,2.1697,20.787
Xm,5,23,2.2660,1.9859,2.1907,20.427
Xm,6,23,2.4149,2.0131,2.1457,20.410
Xm,7,23,2.5914,2.0497,2.1585,20.430
Xm,8,23,2.9255,2.0753,2.2084,20.536
Xm,0,24,3.0489,1.8545,2.2191,19.983
Xm,1,24,2.6562,1.8635,2.1066,20.054
Xm,2,24,2.1637,1.8681,2.1719,20.787
Xm,3,24,2.1637,1.9431,2.1719,20.787
Xm,4,24,2.1775,1.9609,2.1518,20.787
Xm,5,24,2.2281,1.9843,2.1708,20.427
Xm,6,24,2.3790,2.0109,2.1259,20.410
Xm,7,24,2.5605,2.0462,2.1390,20.408
Xm,8,24,2.9011,2.0710,2.1904,20.536
Xm,0,25,3.0242,1.8535,2.2000,20.264
Xm,1,25,2.6196,1.8629,2.0845,20.263
Xm,2,25,2.1328,1.8654,2.1539,20.787
Xm,3,25,2.1328,1.9404,2.1539,20.787
Xm,4,25,2.1466,1.9582,2.1338,20.787
Xm,5,25,2.1947,1.9843,2.1539,20.757
Xm,6,25,2.3432,2.0086,2.1060,20.410
Xm,7,25,2.5274,2.0432,2.1192,20.408
Xm,8,25,2.8767,2.0666,2.1723,20.536
Xm,0,26,2.9994,1.8526,2.1809,20.264
Xm,1,26,2.5895,1.8619,2.0631,20.263
Xm,2,26,2.1019,1.8627,2.1360,20.787
Xm,3,26,2.1019,1.9377,2.1360,20.787
Xm,4,26,2.1157,1.9555,2.1159,20.787
Xm,5,26,2.1613,1.9843,2.1369,20.757
Xm,6,26,2.3052,2.0070,2.0861,20.596
Xm,7,26,2.4943,2.0401,2.0994,20.408
Xm,8,26,2.8523,2.0623,2.1542,20.536
Xm,0,27,2.9746,1.8517,2.1618,20.264
Xm,1,27,2.5595,1.8608,2.0417,20.224
Xm,2,27,2.0681,1.8606,2.1177,20.713
Xm,3,27,2.0681,1.9356,2.1177,20.713
Xm,4,27,2.0848,1.9528,2.0980,20.713
Xm,5,27,2.1279,1.9843,2.1200,20.757
Xm,6,27,2.2731,2.0052,2.0665,20.596
Xm,7,27,2.4681,2.0370,2.0807,20.638
Xm,8,27,2.8278,2.0579,2.1361,20.536
Xm,0,28,2.9498,1.8507,2.1428,20.264
Xm,1,28,2.5267,1.8599,2.0196,20.224
Xm,2,28,2.0343,1.8585,2.0993,20.713
Xm,3,28,2.0343,1.9335,2.0993,20.713
Xm,4,28,2.0537,1.9508,2.0788,20.739
Xm,5,28,2.0944,1.9843,2.1031,20.757
Xm,6,28,2.2410,2.0034,2.0469,20.596
Xm,7,28,2.4419,2.0340,2.0620,20.599
Xm,8,28,2.8034,2.0536,2.1180,20.471
Xm,0,29,2.9250,1.8498,2.1237,21.776
Xm,1,29,2.4938,1.8590,1.9976,20.224
Xm,2,29,2.0005,1.8564,2.0809,20.739
Xm,3,29,2.0005,1.9314,2.0809,20.739
Xm,4,29,2.0227,1.9488,2.0597,20.739
Xm,5,29,2.0597,1.9849,2.0857,20.809
Xm,6,29,2.2088,2.0016,2.0272,20.879
Xm,7,29,2.4122,2.0316,2.0426,20.599
Xm,8,29,2.7755,2.0497,2.0990,20.471
Xm,0,30,2.8955,1.8490,2.1032,21.776
Xm,1,30,2.4610,1.8581,1.9756,20.224
Xm,2,30,1.9694,1.8544,2.0618,20.739
Xm,3,30,1.9694,1.9294,2.0618,20.739
Xm,4,30,1.9916,1.9468,2.0406,20.739
Xm,5,30,2.0287,1.9851,2.0680,20.809
Xm,6,30,2.1802,2.0012,2.0104,20.879
Xm,7,30,2.3826,2.0293,2.0232,20.599
Xm,8,30,2.7548,2.0459,2.0818,20.741
Xm,0,31,2.8948,1.8504,2.0923,20.166
Xm,1,31,2.4297,1.8566,1.9534,20.367
Xm,2,31,1.9418,1.8533,2.0444,20.984
Xm,3,31,1.9418,1.9283,2.0444,20.984
Xm,4,31,1.9605,1.9448,2.0215,20.984
Xm,5,31,1.9978,1.9853,2.0503,20.809
Xm,6,31,2.1516,2.0008,1.9936,20.879
Xm,7,31,2.3529,2.0269,2.0039,20.599
Xm,8,31,2.7342,2.0422,2.0646,20.741
Xm,0,32,2.8951,1.8518,2.0818,20.411
Xm,1,32,2.3983,1.8552,1.9312,20.367
Xm,2,32,1.9142,1.8522,2.0269,20.984
Xm,3,32,1.9142,1.9272,2.0269,20.984
Xm,4,32,1.9329,1.9437,2.0040,20.984
Xm,5,32,1.9668,1.9856,2.0327,20.844
Xm,6,32,2.1229,2.0004,1.9768,20.879
Xm,7,32,2.3232,2.0246,1.9845,20.596
Xm,8,32,2.7136,2.0384,2.0474,20.741
Xm,0,33,2.8724,1.8504,2.0626,20.411
Xm,1,33,2.3670,1.8538,1.9090,20.367
Xm,2,33,1.8866,1.8511,2.0095,20.984
Xm,3,33,1.8866,1.9261,2.0095,20.984
Xm,4,33,1.9054,1.9426,1.9866,20.984
Xm,5,33,1.9356,1.9852,2.0146,20.844
Xm,6,33,2.0988,1.9996,1.9605,21.007
Xm,7,33,2.2910,2.0228,1.9649,20.769
Xm,8,33,2.6930,2.0347,2.0302,20.741
Xm,0,34,2.8728,1.8519,2.0521,20.411
Xm,1,34,2.3356,1.8524,1.8868,20.367
Xm,2,34,1.8591,1.8500,1.9920,21.301
Xm,3,34,1.8591,1.9250,1.9920,20.984
Xm,4,34,1.8778,1.9415,1.9691,20.994
Xm,5,34,1.9044,1.9848,1.9965,20.844
Xm,6,34,2.0716,1.9995,1.9429,20.899
Xm,7,34,2.2642,2.0209,1.9460,20.769
Xm,8,34,2.6693,2.0313,2.0121,20.680
Xm,0,35,2.8500,1.8505,2.0330,20.411
Xm,1,35,2.3029,1.8502,1.8644,20.373
Xm,2,35,1.8397,1.8488,1.9768,21.243
Xm,3,35,1.8306,1.9246,1.9745,20.997
Xm,4,35,1.8521,1.9404,1.9512,20.994
Xm,5,35,1.8732,1.9844,1.9784,20.844
Xm,6,35,2.0444,1.9993,1.9254,20.899
Xm,7,35,2.2374,2.0190,1.9270,20.769
Xm,8,35,2.6457,2.0279,1.9940,20.680
Xm,0,36,2.8504,1.8519,2.0225,20.411
Xm,1,36,2.2968,1.8524,1.8549,20.373
Xm,2,36,1.8184,1.8482,1.9600,21.209
Xm,3,36,1.8040,1.9242,1.9565,21.003
Xm,4,36,1.8255,1.9400,1.9332,21.003
Xm,5,36,1.8448,1.9839,1.9600,21.043
Xm,6,36,2.0172,1.9992,1.9078,20.899
Xm,7,36,2.2106,2.0171,1.9081,20.769
Xm,8,36,2.6221,2.0245,1.9759,20.680
Xm,0,37,2.8277,1.8505,2.0034,20.411
Xm,1,37,2.2729,1.8501,1.8339,20.681
Xm,2,37,1.7971,1.8476,1.9433,21.209
Xm,3,37,1.7774,1.9237,1.9385,21.003
Xm,4,37,1.7990,1.9395,1.9152,21.003
Xm,5,37,1.8181,1.9841,1.9422,21.043
Xm,6,37,1.9900,1.9991,1.8903,20.899
Xm,7,37,2.1865,2.0163,1.8918,21.007
Xm,8,37,2.6044,2.0211,1.9594,20.907
Xm,0,38,2.8280,1.8520,1.9929,20.411
Xm,1,38,2.2664,1.8509,1.8232,20.681
Xm,2,38,1.7758,1.8469,1.9266,21.209
Xm,3,38,1.7508,1.9233,1.9205,21.003
Xm,4,38,1.7724,1.9391,1.8971,21.003
Xm,5,38,1.7913,1.9844,1.9244,21.043
Xm,6,38,1.9629,1.9990,1.8727,20.891
Xm,7,38,2.1623,2.0156,1.8755,21.007
Xm,8,38,2.5868,2.0178,1.9430,20.907
Xm,0,39,2.8053,1.8506,1.9737,20.325
Xm,1,39,2.2600,1.8517,1.8125,20.681
Xm,2,39,1.7546,1.8463,1.9098,21.209
Xm,3,39,1.7242,1.9229,1.9025,21.203
Xm,4,39,1.7458,1.9387,1.8791,21.003
Xm,5,39,1.7645,1.9846,1.9066,21.043
Xm,6,39,1.9345,1.9985,1.8543,20.891
Xm,7,39,2.1382,2.0148,1.8592,21.007
Xm,8,39,2.5692,2.0145,1.9265,20.852
Xm,0,40,2.8051,1.8517,1.9631,20.548
Xm,1,40,2.2361,1.8493,1.7914,21.655
Xm,2,40,1.7333,1.8457,1.8931,21.209
Xm,3,40,1.7002,1.9236,1.8850,21.203
Xm,4,40,1.7192,1.9382,1.8611,21.203
Xm,5,40,1.7377,1.9849,1.8888,21.043
Xm,6,40,1.9119,1.9979,1.8364,21.022
Xm,7,40,2.1141,2.0140,1.8429,21.237
Xm,8,40,2.5489,2.0114,1.9092,20.852
Xm,0,41,2.7842,1.8501,1.9440,20.548
Xm,1,41,2.2296,1.8501,1.7808,20.681
Xm,2,41,1.7159,1.8459,1.8772,21.489
Xm,3,41,1.6762,1.9244,1.8676,21.203
Xm,4,41,1.6952,1.9390,1.8437,21.187
Xm,5,41,1.7112,1.9859,1.8715,21.107
Xm,6,41,1.8893,1.9973,1.8184,21.022
Xm,7,41,2.0974,2.0127,1.8283,21.237
Xm,8,41,2.5287,2.0084,1.8918,20.852
Xm,0,42,2.7840,1.8513,1.9334,20.548
Xm,1,42,2.2232,1.8509,1.7701,20.681
Xm,2,42,1.6985,1.8461,1.8613,21.489
Xm,3,42,1.6522,1.9251,1.8502,21.203
Xm,4,42,1.6738,1.9398,1.8257,21.187
Xm,5,42,1.6847,1.9869,1.8541,21.107
Xm,6,42,1.8667,1.9968,1.8004,21.022
Xm,7,42,2.0771,2.0121,1.8117,21.090
Xm,8,42,2.5085,2.0053,1.8745,20.852
Xm,0,43,2.7630,1.8496,1.9143,21.768
Xm,1,43,2.2168,1.8517,1.7594,20.681
Xm,2,43,1.6811,1.8463,1.8453,21.396
Xm,3,43,1.6309,1.9259,1.8322,21.187
Xm,4,43,1.6525,1.9406,1.8078,21.187
Xm,5,43,1.6621,1.9878,1.8365,21.144
Xm,6,43,1.8441,1.9962,1.7824,21.096
Xm,7,43,2.0568,2.0115,1.7952,21.090
Xm,8,43,2.4883,2.0023,1.8572,20.852
Xm,0,44,2.7421,1.8480,1.8952,21.768
Xm,1,44,2.1961,1.8495,1.7404,21.336
Xm,2,44,1.6646,1.8469,1.8287,21.396
Xm,3,44,1.6095,1.9268,1.8143,21.187
Xm,4,44,1.6311,1.9415,1.7898,21.187
Xm,5,44,1.6395,1.9887,1.8190,21.144
Xm,6,44,1.8215,1.9965,1.7644,21.096
Xm,7,44,2.0365,2.0109,1.7787,21.090
Xm,8,44,2.4768,1.9993,1.8427,21.199
Xm,0,45,2.7419,1.8492,1.8846,21.768
Xm,1,45,2.1835,1.8481,1.7259,21.340
Xm,2,45,1.6481,1.8474,1.8120,21.396
Xm,3,45,1.5875,1.9282,1.7963,21.209
Xm,4,45,1.6097,1.9423,1.7719,21.187
Xm,5,45,1.6169,1.9896,1.8014,21.144
Xm,6,45,1.7988,1.9968,1.7464,21.096
Xm,7,45,2.0162,2.0103,1.7622,21.090
Xm,8,45,2.4654,1.9963,1.8282,21.199
Xm,0,46,2.7417,1.8503,1.8740,20.548
Xm,1,46,2.1720,1.8467,1.7112,21.340
Xm,2,46,1.6316,1.8480,1.7953,21.396
Xm,3,46,1.5656,1.9297,1.7783,21.209
Xm,4,46,1.5878,1.9438,1.7539,21.209
Xm,5,46,1.5948,1.9918,1.7836,21.244
Xm,6,46,1.7761,1.9971,1.7285,21.136
Xm,7,46,1.9959,2.0097,1.7457,21.090
Xm,8,46,2.4540,1.9932,1.8137,21.199
Xm,0,47,2.7415,1.8515,1.8633,20.548
Xm,1,47,2.1606,1.8453,1.6966,21.340
Xm,2,47,1.6151,1.8485,1.7787,21.396
Xm,3,47,1.5436,1.9312,1.7603,21.209
Xm,4,47,1.5658,1.9453,1.7359,21.209
Xm,5,47,1.5726,1.9940,1.7657,21.244
Xm,6,47,1.7555,1.9975,1.7108,21.136
Xm,7,47,1.9756,2.0091,1.7291,21.177
Xm,8,47,2.4386,1.9908,1.7975,21.105
Xm,0,48,2.7206,1.8499,1.8442,21.725
Xm,1,48,2.1491,1.8439,1.6820,21.340
Xm,2,48,1.5971,1.8496,1.7615,21.390
Xm,3,48,1.5216,1.9327,1.7423,21.209
Xm,4,48,1.5453,1.9468,1.7179,21.216
Xm,5,48,1.5504,1.9962,1.7479,21.244
Xm,6,48,1.7349,1.9979,1.6931,21.136
Xm,7,48,1.9557,2.0086,1.7117,21.091
Xm,8,48,2.4233,1.9883,1.7813,21.105
Xm,0,49,2.7082,1.8478,1.8280,21.725
Xm,1,49,2.1376,1.8425,1.6674,21.340
Xm,2,49,1.5752,1.8511,1.7435,21.209
Xm,3,49,1.4997,1.9342,1.7243,21.216
Xm,4,49,1.5249,1.9484,1.7000,21.216
Xm,5,49,1.5282,1.9984,1.7300,21.244
Xm,6,49,1.7143,1.9988,1.6758,21.176
Xm,7,49,1.9357,2.0081,1.6942,21.091
Xm,8,49,2.4080,1.9858,1.7651,21.105
Xm,0,50,2.7084,1.8486,1.8177,21.725
Xm,1,50,2.1261,1.8410,1.6528,21.340
Xm,2,50,1.5532,1.8525,1.7255,21.216
Xm,3,50,1.4792,1.9357,1.7064,21.398
Xm,4,50,1.5044,1.9499,1.6821,21.216
Xm,5,50,1.5074,2.0006,1.7122,21.244
Xm,6,50,1.6937,1.9998,1.6584,21.176
Xm,7,50,1.9157,2.0076,1.6767,21.091
Xm,8,50,2.3926,1.9833,1.7489,21.105
Xm,0,51,2.7086,1.8495,1.8073,21.725
Xm,1,51,2.1147,1.8396,1.6382,21.340
Xm,2,51,1.5327,1.8541,1.7076,21.216
Xm,3,51,1.4604,1.9381,1.6888,21.398
Xm,4,51,1.4839,1.9515,1.6641,21.398
Xm,5,51,1.4867,2.0028,1.6944,21.283
Xm,6,51,1.6731,2.0008,1.6411,21.176
Xm,7,51,1.8958,2.0070,1.6592,21.091
Xm,8,51,2.3773,1.9808,1.7327,21.105
Xm,0,52,2.7087,1.8503,1.7969,20.944
Xm,1,52,2.1032,1.8382,1.6236,21.340
Xm,2,52,1.5123,1.8556,1.6897,21.216
Xm,3,52,1.4416,1.9406,1.6712,21.398
Xm,4,52,1.4652,1.9539,1.6465,21.398
Xm,5,52,1.4659,2.0057,1.6769,21.283
Xm,6,52,1.6524,2.0018,1.6238,21.176
Xm,7,52,1.8758,2.0065,1.6417,21.091
Xm,8,52,2.3652,1.9783,1.7177,21.231
Xm,0,53,2.7089,1.8512,1.7865,20.944
Xm,1,53,2.0917,1.8368,1.6090,21.347
Xm,2,53,1.4918,1.8572,1.6717,21.216
Xm,3,53,1.4229,1.9430,1.6536,21.398
Xm,4,53,1.4464,1.9563,1.6289,21.398
Xm,5,53,1.4451,2.0087,1.6594,21.283
Xm,6,53,1.6318,2.0028,1.6065,21.210
Xm,7,53,1.8558,2.0060,1.6242,21.091
Xm,8,53,2.3531,1.9759,1.7027,21.231
Xm,0,54,2.6966,1.8491,1.7703,21.725
Xm,1,54,2.0780,1.8353,1.5928,21.237
Xm,2,54,1.4730,1.8596,1.6541,21.398
Xm,3,54,1.4041,1.9455,1.6360,21.398
Xm,4,54,1.4276,1.9588,1.6113,21.398
Xm,5,54,1.4243,2.0116,1.6419,21.283
Xm,6,54,1.6131,2.0039,1.5896,21.210
Xm,7,54,1.8352,2.0064,1.6065,21.177
Xm,8,54,2.3410,1.9734,1.6877,21.231
Xm,0,55,2.6967,1.8499,1.7599,21.725
Xm,1,55,2.0643,1.8338,1.5766,21.237
Xm,2,55,1.4543,1.8621,1.6365,21.398
Xm,3,55,1.3853,1.9479,1.6184,21.398
Xm,4,55,1.4098,1.9612,1.5938,21.378
Xm,5,55,1.4035,2.0145,1.6244,21.283
Xm,6,55,1.5938,2.0062,1.5721,21.253
Xm,7,55,1.8166,2.0070,1.5893,21.177
Xm,8,55,2.3289,1.9709,1.6726,21.202
Xm,0,56,2.6844,1.8478,1.7437,21.722
Xm,1,56,2.0506,1.8323,1.5605,21.237
Xm,2,56,1.4355,1.8645,1.6189,21.398
Xm,3,56,1.3675,1.9503,1.6008,21.404
Xm,4,56,1.3920,1.9636,1.5763,21.378
Xm,5,56,1.3827,2.0175,1.6069,21.284
Xm,6,56,1.5745,2.0085,1.5545,21.253
Xm,7,56,1.7980,2.0076,1.5720,21.177
Xm,8,56,2.3086,1.9686,1.6525,20.827
Xm,0,57,2.6833,1.8486,1.7329,21.722
Xm,1,57,2.0369,1.8308,1.5443,21.237
Xm,2,57,1.4167,1.8670,1.6013,21.378
Xm,3,57,1.3494,1.9533,1.5834,21.404
Xm,4,57,1.3742,1.9660,1.5587,21.378
Xm,5,57,1.3633,2.0204,1.5896,21.323
Xm,6,57,1.5552,2.0108,1.5370,21.253
Xm,7,57,1.7793,2.0082,1.5548,21.177
Xm,8,57,2.2884,1.9663,1.6324,20.827
Xm,0,58,2.6822,1.8492,1.7220,21.694
Xm,1,58,2.0232,1.8293,1.5281,21.237
Xm,2,58,1.3989,1.8694,1.5838,21.378
Xm,3,58,1.3312,1.9562,1.5659,21.404
Xm,4,58,1.3561,1.9690,1.5413,21.404
Xm,5,58,1.3441,2.0239,1.5727,21.323
Xm,6,58,1.5359,2.0130,1.5195,21.253
Xm,7,58,1.7607,2.0087,1.5375,21.177
Xm,8,58,2.2681,1.9639,1.6123,20.827
Xm,0,59,2.6811,1.8497,1.7111,21.694
Xm,1,59,2.0095,1.8278,1.5120,21.237
Xm,2,59,1.3811,1.8718,1.5663,21.378
Xm,3,59,1.3131,1.9591,1.5484,21.404
Xm,4,59,1.3368,1.9725,1.5244,21.323
Xm,5,59,1.3248,2.0275,1.5559,21.323
Xm,6,59,1.5166,2.0153,1.5019,21.253
Xm,7,59,1.7421,2.0093,1.5203,21.177
Xm,8,59,2.2510,1.9617,1.5932,20.960
Xm,0,60,2.6800,1.8503,1.7002,21.022
Xm,1,60,1.9958,1.8263,1.4958,21.237
Xm,2,60,1.3633,1.8742,1.5487,21.404
Xm,3,60,1.2949,1.9621,1.5310,21.404
Xm,4,60,1.3176,1.9761,1.5075,21.323
Xm,5,60,1.3056,2.0311,1.5390,21.323
Xm,6,60,1.4973,2.0176,1.4844,21.268
Xm,7,60,1.7235,2.0099,1.5030,21.210
Xm,8,60,2.2340,1.9594,1.5742,20.960
Xm,0,61,2.6788,1.8508,1.6893,21.022
Xm,1,61,1.9836,1.8249,1.4801,21.269
Xm,2,61,1.3452,1.8771,1.5313,21.404
Xm,3,61,1.2768,1.9650,1.5135,21.404
Xm,4,61,1.2983,1.9796,1.4907,21.323
Xm,5,61,1.2863,2.0346,1.5221,21.323
Xm,6,61,1.4794,2.0205,1.4675,21.292
Xm,7,61,1.7047,2.0110,1.4861,21.243
Xm,8,61,2.2169,1.9572,1.5551,20.960
Xm,0,62,2.6777,1.8514,1.6784,21.022
Xm,1,62,1.9714,1.8236,1.4644,21.269
Xm,2,62,1.3270,1.8801,1.5138,21.404
Xm,3,62,1.2586,1.9680,1.4961,21.404
Xm,4,62,1.2805,1.9831,1.4742,21.323
Xm,5,62,1.2671,2.0382,1.5053,21.323
Xm,6,62,1.4615,2.0235,1.4507,21.292
Xm,7,62,1.6878,2.0124,1.4698,21.243
Xm,8,62,2.2009,1.9553,1.5370,21.088
Xm,0,63,2.6659,1.8493,1.6620,21.694
Xm,1,63,1.9590,1.8233,1.4490,21.316
Xm,2,63,1.3089,1.8830,1.4963,21.404
Xm,3,63,1.2415,1.9708,1.4788,21.416
Xm,4,63,1.2627,1.9865,1.4577,21.323
Xm,5,63,1.2478,2.0417,1.4884,21.416
Xm,6,63,1.4435,2.0264,1.4338,21.292
Xm,7,63,1.6708,2.0137,1.4536,21.243
Xm,8,63,2.1848,1.9533,1.5189,21.088
Xm,0,64,2.6648,1.8498,1.6511,21.694
Xm,1,64,1.9467,1.8230,1.4337,21.316
Xm,2,64,1.2917,1.8858,1.4791,21.388
Xm,3,64,1.2242,1.9740,1.4618,21.416
Xm,4,64,1.2448,1.9900,1.4412,21.416
Xm,5,64,1.2306,2.0449,1.4713,21.416
Xm,6,64,1.4256,2.0293,1.4170,21.292
Xm,7,64,1.6539,2.0151,1.4373,21.243
Xm,8,64,2.1688,1.9514,1.5008,21.088
Xm,0,65,2.6529,1.8477,1.6346,21.694
Xm,1,65,1.9343,1.8228,1.4183,21.316
Xm,2,65,1.2746,1.8886,1.4618,21.388
Xm,3,65,1.2069,1.9772,1.4447,21.416
Xm,4,65,1.2275,1.9932,1.4241,21.416
Xm,5,65,1.2133,2.0481,1.4543,21.416
Xm,6,65,1.4076,2.0323,1.4002,21.292
Xm,7,65,1.6369,2.0165,1.4210,21.243
Xm,8,65,2.1527,1.9495,1.4827,21.153
Xm,0,66,2.6518,1.8483,1.6237,21.694
Xm,1,66,1.9219,1.8225,1.4030,21.316
Xm,2,66,1.2575,1.8915,1.4446,21.388
Xm,3,66,1.1896,1.9803,1.4276,21.416
Xm,4,66,1.2103,1.9963,1.4071,21.416
Xm,5,66,1.1960,2.0513,1.4372,21.416
Xm,6,66,1.3897,2.0352,1.3833,21.292
Xm,7,66,1.6200,2.0178,1.4047,21.243
Xm,8,66,2.1388,1.9477,1.4653,21.153
Xm,0,67,2.6507,1.8488,1.6128,21.694
Xm,1,67,1.9096,1.8222,1.3876,21.316
Xm,2,67,1.2434,1.8934,1.4289,21.626
Xm,3,67,1.1724,1.9835,1.4106,21.416
Xm,4,67,1.1930,1.9995,1.3900,21.416
Xm,5,67,1.1787,2.0545,1.4202,21.416
Xm,6,67,1.3717,2.0381,1.3665,21.303
Xm,7,67,1.6030,2.0192,1.3885,21.268
Xm,8,67,2.1248,1.9460,1.4479,21.153
Xm,0,68,2.6493,1.8490,1.6018,21.659
Xm,1,68,1.8972,1.8219,1.3723,21.316
Xm,2,68,1.2294,1.8954,1.4132,21.626
Xm,3,68,1.1551,1.9867,1.3935,21.416
Xm,4,68,1.1757,2.0027,1.3730,21.416
Xm,5,68,1.1615,2.0577,1.4031,21.416
Xm,6,68,1.3553,2.0414,1.3505,21.327
Xm,7,68,1.5852,2.0216,1.3714,21.268
Xm,8,68,2.1108,1.9442,1.4306,21.153
Xm,0,69,2.6479,1.8491,1.5908,21.659
Xm,1,69,1.8861,1.8218,1.3576,21.337
Xm,2,69,1.2154,1.8973,1.3974,21.626
Xm,3,69,1.1378,1.9899,1.3765,21.416
Xm,4,69,1.1595,2.0057,1.3563,21.402
Xm,5,69,1.1442,2.0609,1.3861,21.416
Xm,6,69,1.3390,2.0448,1.3345,21.327
Xm,7,69,1.5689,2.0240,1.3549,21.285
Xm,8,69,2.0968,1.9424,1.4132,21.153
Xm,0,70,2.6465,1.8493,1.5798,21.659
Xm,1,70,1.8750,1.8216,1.3430,21.337
Xm,2,70,1.2014,1.8993,1.3817,21.626
Xm,3,70,1.1220,1.9931,1.3605,21.465
Xm,4,70,1.1433,2.0086,1.3396,21.402
Xm,5,70,1.1269,2.0640,1.3690,21.465
Xm,6,70,1.3226,2.0481,1.3185,21.327
Xm,7,70,1.5526,2.0265,1.3385,21.285
Xm,8,70,2.0828,1.9407,1.3958,21.157
Xm,0,71,2.6451,1.8494,1.5688,21.659
Xm,1,71,1.8639,1.8215,1.3283,21.337
Xm,2,71,1.1873,1.9012,1.3660,21.585
Xm,3,71,1.1062,1.9962,1.3446,21.465
Xm,4,71,1.1271,2.0116,1.3229,21.465
Xm,5,71,1.1111,2.0672,1.3531,21.465
Xm,6,71,1.3062,2.0514,1.3025,21.327
Xm,7,71,1.5363,2.0289,1.3220,21.285
Xm,8,71,2.0677,1.9396,1.3786,21.157
Xm,0,72,2.6437,1.8496,1.5578,21.659
Xm,1,72,1.8528,1.8213,1.3137,21.337
Xm,2,72,1.1738,1.9029,1.3504,21.585
Xm,3,72,1.0904,1.9994,1.3286,21.465
Xm,4,72,1.1113,2.0147,1.3069,21.465
Xm,5,72,1.0953,2.0704,1.3371,21.465
Xm,6,72,1.2898,2.0548,1.2866,21.327
Xm,7,72,1.5200,2.0314,1.3055,21.285
Xm,8,72,2.0547,1.9388,1.3623,21.218
Xm,0,73,2.6423,1.8497,1.5468,21.659
Xm,1,73,1.8400,1.8217,1.2982,21.303
Xm,2,73,1.1603,1.9046,1.3348,21.585
Xm,3,73,1.0746,2.0026,1.3127,21.465
Xm,4,73,1.0955,2.0179,1.2910,21.465
Xm,5,73,1.0795,2.0735,1.3212,21.465
Xm,6,73,1.2734,2.0581,1.2706,21.327
Xm,7,73,1.5037,2.0338,1.2891,21.285
Xm,8,73,2.0416,1.9379,1.3460,21.218
Xm,0,74,2.6409,1.8499,1.5358,21.659
Xm,1,74,1.8272,1.8221,1.2827,21.303
Xm,2,74,1.1468,1.9063,1.3192,21.585
Xm,3,74,1.0588,2.0057,1.2968,21.465
Xm,4,74,1.0797,2.0211,1.2750,21.465
Xm,5,74,1.0637,2.0767,1.3052,21.465
Xm,6,74,1.2571,2.0614,1.2546,21.327
Xm,7,74,1.4874,2.0363,1.2726,21.303
Xm,8,74,2.0285,1.9371,1.3297,21.218
Xm,0,75,2.6395,1.8500,1.5248,21.160
Xm,1,75,1.8144,1.8225,1.2672,21.303
Xm,2,75,1.1333,1.9080,1.3036,21.585
Xm,3,75,1.0430,2.0089,1.2808,21.465
Xm,4,75,1.0639,2.0242,1.2591,21.465
Xm,5,75,1.0479,2.0799,1.2893,21.465
Xm,6,75,1.2432,2.0638,1.2391,21.395
Xm,7,75,1.4710,2.0392,1.2563,21.303
Xm,8,75,2.0154,1.9363,1.3135,21.218
Xm,0,76,2.6381,1.8502,1.5138,21.160
Xm,1,76,1.8016,1.8229,1.2517,21.303
Xm,2,76,1.1195,1.9096,1.2887,21.645
Xm,3,76,1.0271,2.0121,1.2649,21.465
Xm,4,76,1.0481,2.0274,1.2431,21.433
Xm,5,76,1.0321,2.0830,1.2733,21.465
Xm,6,76,1.2294,2.0661,1.2235,21.395
Xm,7,76,1.4574,2.0420,1.2416,21.330
Xm,8,76,2.0023,1.9355,1.2972,21.218
Xm,0,77,2.6367,1.8504,1.5028,21.160
Xm,1,77,1.7913,1.8237,1.2383,21.354
Xm,2,77,1.1057,1.9112,1.2737,21.645
Xm,3,77,1.0113,2.0152,1.2489,21.433
Xm,4,77,1.0347,2.0296,1.2280,21.433
Xm,5,77,1.0162,2.0862,1.2574,21.465
Xm,6,77,1.2156,2.0685,1.2080,21.395
Xm,7,77,1.4438,2.0448,1.2268,21.330
Xm,8,77,1.9892,1.9347,1.2809,21.218
Xm,0,78,2.6353,1.8505,1.4918,21.160
Xm,1,78,1.7811,1.8246,1.2250,21.354
Xm,2,78,1.0918,1.9128,1.2588,21.645
Xm,3,78,0.9990,2.0155,1.2349,21.588
Xm,4,78,1.0213,2.0319,1.2129,21.433
Xm,5,78,1.0039,2.0864,1.2433,21.588
Xm,6,78,1.2018,2.0708,1.1924,21.395
Xm,7,78,1.4303,2.0476,1.2120,21.330
Xm,8,78,1.9762,1.9339,1.2646,21.218
Xm,0,79,2.6335,1.8502,1.4807,21.273
Xm,1,79,1.7709,1.8255,1.2116,21.354
Xm,2,79,1.0780,1.9144,1.2439,21.564
Xm,3,79,0.9867,2.0157,1.2208,21.588
Xm,4,79,1.0079,2.0341,1.1978,21.588
Xm,5,79,0.9916,2.0867,1.2293,21.588
Xm,6,79,1.1880,2.0732,1.1769,21.395
Xm,7,79,1.4167,2.0504,1.1972,21.330
Xm,8,79,1.9631,1.9331,1.2483,21.318
Xm,0,80,2.6318,1.8499,1.4696,21.624
Xm,1,80,1.7606,1.8264,1.1983,21.354
Xm,2,80,1.0655,1.9151,1.2294,21.564
Xm,3,80,0.9744,2.0160,1.2068,21.588
Xm,4,80,0.9955,2.0344,1.1838,21.588
Xm,5,80,0.9793,2.0869,1.2153,21.588
Xm,6,80,1.1741,2.0755,1.1613,21.395
Xm,7,80,1.4031,2.0532,1.1825,21.330
Xm,8,80,1.9523,1.9340,1.2345,21.318
Xm,0,81,2.6301,1.8496,1.4585,21.624
Xm,1,81,1.7504,1.8272,1.1849,21.354
Xm,2,81,1.0529,1.9158,1.2149,21.564
Xm,3,81,0.9621,2.0162,1.1928,21.588
Xm,4,81,0.9832,2.0346,1.1697,21.588
Xm,5,81,0.9670,2.0872,1.2012,21.588
Xm,6,81,1.1603,2.0778,1.1458,21.395
Xm,7,81,1.3896,2.0560,1.1677,21.330
Xm,8,81,1.9416,1.9349,1.2207,21.318
Xm,0,82,2.6283,1.8493,1.4475,21.624
Xm,1,82,1.7402,1.8281,1.1715,21.354
Xm,2,82,1.0404,1.9165,1.2004,21.564
Xm,3,82,0.9498,2.0165,1.1787,21.588
Xm,4,82,0.9709,2.0348,1.1557,21.588
Xm,5,82,0.9547,2.0874,1.1872,21.588
Xm,6,82,1.1465,2.0802,1.1302,21.395
Xm,7,82,1.3760,2.0588,1.1529,21.330
Xm,8,82,1.9308,1.9358,1.2069,21.318
Xm,0,83,2.6266,1.8491,1.4364,21.624
Xm,1,83,1.7300,1.8290,1.1582,21.354
Xm,2,83,1.0279,1.9172,1.1859,21.564
Xm,3,83,0.9374,2.0167,1.1647,21.588
Xm,4,83,0.9586,2.0351,1.1416,21.588
Xm,5,83,0.9424,2.0877,1.1731,21.588
Xm,6,83,1.1339,2.0822,1.1154,21.398
Xm,7,83,1.3624,2.0617,1.1382,21.343
Xm,8,83,1.9201,1.9368,1.1931,21.318
Xm,0,84,2.6249,1.8488,1.4253,21.624
Xm,1,84,1.7195,1.8301,1.1449,21.413
Xm,2,84,1.0154,1.9178,1.1714,21.564
Xm,3,84,0.9251,2.0170,1.1506,21.588
Xm,4,84,0.9463,2.0353,1.1276,21.556
Xm,5,84,0.9300,2.0879,1.1591,21.588
Xm,6,84,1.1218,2.0839,1.1008,21.427
Xm,7,84,1.3489,2.0647,1.1235,21.354
Xm,8,84,1.9094,1.9377,1.1792,21.318
Xm,0,85,2.6231,1.8485,1.4142,21.624
Xm,1,85,1.7091,1.8313,1.1316,21.413
Xm,2,85,1.0194,1.9220,1.1703,21.564
Xm,3,85,0.9128,2.0172,1.1366,21.588
Xm,4,85,0.9349,2.0350,1.1138,21.556
Xm,5,85,0.9177,2.0882,1.1451,21.588
Xm,6,85,1.1097,2.0857,1.0863,21.427
Xm,7,85,1.3368,2.0676,1.1097,21.354
Xm,8,85,1.8986,1.9386,1.1654,21.318
Xm,0,86,2.6214,1.8482,1.4031,21.624
Xm,1,86,1.6996,1.8324,1.1196,21.430
Xm,2,86,1.0069,1.9227,1.1558,23.875
Xm,3,86,0.9014,2.0169,1.1228,21.556
Xm,4,86,0.9235,2.0347,1.1000,21.556
Xm,5,86,0.9054,2.0884,1.1310,21.588
Xm,6,86,1.0976,2.0874,1.0717,21.427
Xm,7,86,1.3247,2.0704,1.0959,21.354
Xm,8,86,1.8879,1.9395,1.1516,21.318
Xm,0,87,2.6196,1.8479,1.3920,21.624
Xm,1,87,1.6901,1.8336,1.1076,21.430
Xm,2,87,1.0109,1.9269,1.1547,21.564
Xm,3,87,0.8900,2.0166,1.1090,21.556
Xm,4,87,0.9121,2.0344,1.0863,21.556
Xm,5,87,0.8940,2.0881,1.1173,21.556
Xm,6,87,1.0855,2.0892,1.0571,21.427
Xm,7,87,1.3125,2.0733,1.0821,21.354
Xm,8,87,1.8771,1.9404,1.1378,21.318
Xm,0,88,2.6179,1.8476,1.3809,21.624
Xm,1,88,1.6806,1.8347,1.0956,21.430
Xm,2,88,1.0149,1.9311,1.1537,21.564
Xm,3,88,0.8792,2.0156,1.0958,21.580
Xm,4,88,0.9007,2.0341,1.0725,21.556
Xm,5,88,0.8832,2.0871,1.1040,21.580
Xm,6,88,1.0750,2.0921,1.0440,21.407
Xm,7,88,1.3004,2.0762,1.0683,21.354
Xm,8,88,1.8664,1.9414,1.1240,21.349
Xm,0,89,2.6162,1.8473,1.3699,21.596
Xm,1,89,1.6711,1.8359,1.0836,21.430
Xm,2,89,1.0190,1.9353,1.1526,21.564
Xm,3,89,0.8683,2.0146,1.0826,21.580
Xm,4,89,0.8893,2.0338,1.0587,21.556
Xm,5,89,0.8723,2.0862,1.0908,21.580
Xm,6,89,1.0645,2.0950,1.0309,21.407
Xm,7,89,1.2883,2.0791,1.0545,21.354
Xm,8,89,1.8569,1.9429,1.1116,21.349
Xm,0,90,2.6142,1.8466,1.3589,21.596
Xm,1,90,1.6616,1.8370,1.0716,21.430
Xm,2,90,1.0065,1.9360,1.1381,23.875
Xm,3,90,0.8575,2.0137,1.0694,21.580
Xm,4,90,0.8784,2.0329,1.0455,21.580
Xm,5,90,0.8615,2.0852,1.0776,21.580
Xm,6,90,1.0540,2.0979,1.0177,21.407
Xm,7,90,1.2762,2.0819,1.0407,21.354
Xm,8,90,1.8475,1.9444,1.0992,21.342
Xm,0,91,2.6123,1.8459,1.3479,21.596
Xm,1,91,1.6522,1.8382,1.0596,21.430
Xm,2,91,1.0105,1.9402,1.1370,21.564
Xm,3,91,0.8466,2.0127,1.0561,21.580
Xm,4,91,0.8676,2.0319,1.0323,21.580
Xm,5,91,0.8506,2.0842,1.0644,21.580
Xm,6,91,1.0435,2.1008,1.0046,21.410
Xm,7,91,1.2640,2.0848,1.0269,21.354
Xm,8,91,1.8372,1.9464,1.0865,21.342
Xm,0,92,2.6103,1.8452,1.3370,21.596
Xm,1,92,1.6427,1.8393,1.0476,21.430
Xm,2,92,1.0145,1.9444,1.1360,21.564
Xm,3,92,0.8358,2.0117,1.0429,21.580
Xm,4,92,0.8568,2.0309,1.0190,21.580
Xm,5,92,0.8398,2.0832,1.0511,21.580
Xm,6,92,1.0345,2.1032,0.9920,21.410
Xm,7,92,1.2519,2.0877,1.0131,21.354
Xm,8,92,1.8270,1.9485,1.0739,21.342
Xm,0,93,2.6083,1.8445,1.3260,21.596
Xm,1,93,1.6332,1.8405,1.0356,21.430
Xm,2,93,1.0186,1.9485,1.1349,21.564
Xm,3,93,0.8249,2.0107,1.0297,21.580
Xm,4,93,0.8459,2.0299,1.0058,21.553
Xm,5,93,0.8289,2.0823,1.0379,21.580
Xm,6,93,1.0254,2.1056,0.9795,21.410
Xm,7,93,1.2406,2.0893,0.9991,21.404
Xm,8,93,1.8168,1.9505,1.0613,21.342
Xm,0,94,2.6064,1.8438,1.3151,21.596
Xm,1,94,1.6237,1.8416,1.0236,21.430
Xm,2,94,1.0069,1.9487,1.1208,23.875
Xm,3,94,0.8141,2.0098,1.0165,21.580
Xm,4,94,0.8362,2.0284,0.9928,21.553
Xm,5,94,0.8181,2.0813,1.0247,21.580
Xm,6,94,1.0164,2.1081,0.9669,21.410
Xm,7,94,1.2307,2.0919,0.9864,21.390
Xm,8,94,1.8065,1.9525,1.0487,21.342
Xm,0,95,2.6044,1.8431,1.3041,21.596
Xm,1,95,1.6142,1.8428,1.0116,21.430
Xm,2,95,1.0109,1.9529,1.1197,21.537
Xm,3,95,0.8044,2.0082,1.0034,21.553
Xm,4,95,0.8264,2.0269,0.9797,21.553
Xm,5,95,0.8072,2.0803,1.0115,21.580
Xm,6,95,1.0074,2.1105,0.9543,21.446
Xm,7,95,1.2208,2.0945,0.9736,21.390
Xm,8,95,1.7963,1.9546,1.0360,21.342
Xm,0,96,2.6025,1.8423,1.2932,21.596
Xm,1,96,1.6056,1.8439,1.0011,21.432
Xm,2,96,1.0150,1.9571,1.1187,21.537
Xm,3,96,0.7946,2.0067,0.9904,21.553
Xm,4,96,0.8167,2.0253,0.9667,21.553
Xm,5,96,0.7975,2.0788,0.9984,21.553
Xm,6,96,0.9973,2.1114,0.9405,21.446
Xm,7,96,1.2109,2.0971,0.9608,21.390
Xm,8,96,1.7860,1.9566,1.0234,21.342
Xm,0,97,2.6005,1.8416,1.2822,21.596
Xm,1,97,1.5960,1.8453,0.9894,21.432
Xm,2,97,1.0190,1.9613,1.1176,21.537
Xm,3,97,0.7849,2.0052,0.9773,21.553
Xm,4,97,0.8070,2.0238,0.9536,21.553
Xm,5,97,0.7878,2.0772,0.9854,21.553
Xm,6,97,0.9872,2.1123,0.9268,21.446
Xm,7,97,1.2010,2.0996,0.9481,21.390
Xm,8,97,1.7758,1.9587,1.0108,21.342
Xm,0,98,2.5985,1.8409,1.2713,21.596
Xm,1,98,1.5864,1.8467,0.9777,21.432
Xm,2,98,1.0074,1.9615,1.1035,23.875
Xm,3,98,0.7752,2.0036,0.9643,21.553
Xm,4,98,0.7972,2.0222,0.9406,21.553
Xm,5,98,0.7780,2.0757,0.9723,21.553
Xm,6,98,0.9772,2.1132,0.9130,21.446
Xm,7,98,1.1911,2.1022,0.9353,21.390
Xm,8,98,1.7668,1.9612,0.9996,21.372
Xm,0,99,2.5966,1.8402,1.2603,21.596
Xm,1,99,1.5768,1.8480,0.9660,21.432
Xm,2,99,0.9957,1.9617,1.0894,23.875
Xm,3,99,0.7654,2.0021,0.9512,21.624
Xm,4,99,0.7875,2.0207,0.9276,21.553
Xm,5,99,0.7683,2.0741,0.9593,21.624
Xm,6,99,0.9671,2.1141,0.8993,21.446
Xm,7,99,1.1812,2.1048,0.9226,21.390
Xm,8,99,1.7577,1.9638,0.9885,21.372
Xm,0,100,2.5946,1.8395,1.2494,21.568
Xm,1,100,1.5672,1.8494,0.9543,21.432
Xm,2,100,0.9997,1.9659,1.0883,23.875
Xm,3,100,0.7579,1.9985,0.9397,21.624
Xm,4,100,0.7778,2.0192,0.9145,21.553
Xm,5,100,0.7608,2.0706,0.9477,21.624
Xm,6,100,0.9570,2.1150,0.8855,21.446
Xm,7,100,1.1713,2.1074,0.9098,21.390
Xm,8,100,1.7487,1.9663,0.9773,21.372
Xm,0,101,2.5928,1.8383,1.2396,21.568
Xm,1,101,1.5568,1.8518,0.9419,21.368
Xm,2,101,1.0038,1.9701,1.0873,21.556
Xm,3,101,0.7503,1.9950,0.9281,21.624
Xm,4,101,0.7680,2.0176,0.9015,21.624
Xm,5,101,0.7532,2.0671,0.9361,21.624
Xm,6,101,0.9484,2.1154,0.8722,21.446
Xm,7,101,1.1614,2.1100,0.8970,21.390
Xm,8,101,1.7396,1.9689,0.9662,21.372
Xm,0,102,2.5910,1.8371,1.2298,21.568
Xm,1,102,1.5463,1.8542,0.9294,21.368
Xm,2,102,1.0078,1.9743,1.0862,21.556
Xm,3,102,0.7428,1.9915,0.9166,21.624
Xm,4,102,0.7605,2.0141,0.8899,21.619
Xm,5,102,0.7457,2.0636,0.9246,21.624
Xm,6,102,0.9397,2.1157,0.8589,21.446
Xm,7,102,1.1515,2.1126,0.8843,21.399
Xm,8,102,1.7301,1.9718,0.9548,21.367
Xm,0,103,2.5892,1.8359,1.2200,21.568
Xm,1,103,1.5358,1.8566,0.9170,21.368
Xm,2,103,0.9964,1.9740,1.0724,21.556
Xm,3,103,0.7352,1.9880,0.9050,21.624
Xm,4,103,0.7543,2.0101,0.8782,21.619
Xm,5,103,0.7381,2.0601,0.9130,21.624
Xm,6,103,0.9310,2.1161,0.8456,21.446
Xm,7,103,1.1430,2.1147,0.8721,21.399
Xm,8,103,1.7203,1.9748,0.9435,21.366
Xm,0,104,2.5874,1.8347,1.2102,21.568
Xm,1,104,1.5253,1.8589,0.9045,21.368
Xm,2,104,0.9850,1.9737,1.0586,21.556
Xm,3,104,0.7277,1.9844,0.8934,21.624
Xm,4,104,0.7481,2.0060,0.8666,21.619
Xm,5,104,0.7306,2.0565,0.9014,21.624
Xm,6,104,0.9224,2.1164,0.8323,21.446
Xm,7,104,1.1345,2.1168,0.8600,21.399
Xm,8,104,1.7105,1.9779,0.9321,21.366
Xm,0,105,2.5856,1.8335,1.2004,21.568
Xm,1,105,1.5149,1.8613,0.8921,21.368
Xm,2,105,0.9736,1.9734,1.0449,21.556
Xm,3,105,0.7215,1.9804,0.8818,21.619
Xm,4,105,0.7419,2.0020,0.8549,21.619
Xm,5,105,0.7230,2.0530,0.8899,21.619
Xm,6,105,0.9137,2.1168,0.8190,21.446
Xm,7,105,1.1260,2.1190,0.8479,21.417
Xm,8,105,1.7006,1.9810,0.9207,21.366
Xm,0,106,2.5838,1.8323,1.1906,21.568
Xm,1,106,1.5056,1.8637,0.8809,21.398
Xm,2,106,0.9622,1.9731,1.0311,21.556
Xm,3,106,0.7153,1.9764,0.8701,21.619
Xm,4,106,0.7357,1.9980,0.8433,21.619
Xm,5,106,0.7168,2.0490,0.8782,21.619
Xm,6,106,0.9051,2.1172,0.8057,21.446
Xm,7,106,1.1185,2.1209,0.8358,21.417
Xm,8,106,1.6908,1.9840,0.9093,21.366
Xm,0,107,2.5821,1.8311,1.1808,21.568
Xm,1,107,1.4963,1.8660,0.8698,21.398
Xm,2,107,0.9508,1.9728,1.0173,21.556
Xm,3,107,0.7091,1.9724,0.8584,21.619
Xm,4,107,0.7295,1.9939,0.8316,21.619
Xm,5,107,0.7107,2.0449,0.8666,21.619
Xm,6,107,0.8964,2.1175,0.7924,21.446
Xm,7,107,1.1109,2.1229,0.8238,21.417
Xm,8,107,1.6810,1.9871,0.8979,21.366
Xm,0,108,2.5803,1.8299,1.1710,21.568
Xm,1,108,1.4870,1.8684,0.8586,21.424
Xm,2,108,0.9394,1.9725,1.0035,21.533
Xm,3,108,0.7029,1.9683,0.8468,21.643
Xm,4,108,0.7233,1.9899,0.8199,21.619
Xm,5,108,0.7045,2.0409,0.8549,21.619
Xm,6,108,0.8878,2.1179,0.7791,21.524
Xm,7,108,1.1034,2.1248,0.8117,21.417
Xm,8,108,1.6712,1.9902,0.8865,21.392
Xm,0,109,2.5785,1.8287,1.1612,21.568
Xm,1,109,1.4772,1.8697,0.8464,21.424
Xm,2,109,0.9291,1.9716,0.9901,21.533
Xm,3,109,0.6955,1.9634,0.8358,21.643
Xm,4,109,0.7172,1.9859,0.8083,21.619
Xm,5,109,0.6983,2.0369,0.8432,21.619
Xm,6,109,0.8816,2.1170,0.7664,21.541
Xm,7,109,1.0958,2.1268,0.7997,21.417
Xm,8,109,1.6625,1.9934,0.8763,21.392
Xm,0,110,2.5767,1.8275,1.1515,21.568
Xm,1,110,1.4674,1.8710,0.8343,21.424
Xm,2,110,0.9187,1.9708,0.9767,21.533
Xm,3,110,0.6881,1.9585,0.8248,21.643
Xm,4,110,0.7110,1.9818,0.7966,21.619
Xm,5,110,0.6921,2.0329,0.8316,21.619
Xm,6,110,0.8769,2.1157,0.7540,21.541
Xm,7,110,1.0883,2.1287,0.7876,21.417
Xm,8,110,1.6539,1.9967,0.8662,21.392
Xm,0,111,2.5749,1.8263,1.1417,21.568
Xm,1,111,1.4576,1.8724,0.8221,21.424
Xm,2,111,0.9083,1.9699,0.9632,23.875
Xm,3,111,0.6806,1.9536,0.8139,21.643
Xm,4,111,0.7048,1.9778,0.7850,21.619
Xm,5,111,0.6859,2.0288,0.8199,21.619
Xm,6,111,0.8723,2.1144,0.7416,21.541
Xm,7,111,1.0807,2.1307,0.7756,21.417
Xm,8,111,1.6452,2.0000,0.8560,21.392
Xm,0,112,2.5731,1.8251,1.1319,21.568
Xm,1,112,1.4479,1.8737,0.8099,21.424
Xm,2,112,0.8980,1.9691,0.9498,23.875
Xm,3,112,0.6732,1.9486,0.8029,21.643
Xm,4,112,0.6986,1.9738,0.7733,21.619
Xm,5,112,0.6797,2.0248,0.8083,21.619
Xm,6,112,0.8676,2.1131,0.7292,21.541
Xm,7,112,1.0747,2.1321,0.7640,21.429
Xm,8,112,1.6365,2.0032,0.8458,21.392
Xm,0,113,2.5717,1.8238,1.1231,21.564
Xm,1,113,1.4381,1.8750,0.7978,21.424
Xm,2,113,0.8876,1.9683,0.9363,21.664
Xm,3,113,0.6657,1.9437,0.7919,21.643
Xm,4,113,0.6937,1.9693,0.7616,21.620
Xm,5,113,0.6735,2.0208,0.7966,21.619
Xm,6,113,0.8630,2.1118,0.7168,21.541
Xm,7,113,1.0686,2.1336,0.7525,21.429
Xm,8,113,1.6279,2.0065,0.8356,21.392
Xm,0,114,2.5704,1.8225,1.1144,21.564
Xm,1,114,1.4283,1.8763,0.7856,21.424
Xm,2,114,0.8787,1.9650,0.9251,21.664
Xm,3,114,0.6583,1.9388,0.7809,21.643
Xm,4,114,0.6873,1.9639,0.7505,21.620
Xm,5,114,0.6673,2.0167,0.7849,21.619
Xm,6,114,0.8583,2.1105,0.7044,21.541
Xm,7,114,1.0626,2.1350,0.7409,21.429
Xm,8,114,1.6192,2.0097,0.8254,21.392
Xm,0,115,2.5690,1.8212,1.1056,21.541
Xm,1,115,1.4185,1.8776,0.7734,21.424
Xm,2,115,0.8698,1.9617,0.9138,21.664
Xm,3,115,0.6509,1.9339,0.7700,21.620
Xm,4,115,0.6808,1.9585,0.7394,21.620
Xm,5,115,0.6611,2.0127,0.7733,21.619
Xm,6,115,0.8537,2.1092,0.6920,21.541
Xm,7,115,1.0565,2.1365,0.7294,21.429
Xm,8,115,1.6105,2.0130,0.8153,21.392
Xm,0,116,2.5670,1.8199,1.0967,21.541
Xm,1,116,1.4099,1.8786,0.7624,21.448
Xm,2,116,0.8609,1.9584,0.9025,21.664
Xm,3,116,0.6542,1.9307,0.7693,21.620
Xm,4,116,0.6744,1.9531,0.7283,21.620
Xm,5,116,0.6563,2.0082,0.7616,21.632
Xm,6,116,0.8490,2.1079,0.6796,21.541
Xm,7,116,1.0505,2.1379,0.7178,21.429
Xm,8,116,1.6010,2.0154,0.8036,21.387
Xm,0,117,2.5650,1.8185,1.0877,21.541
Xm,1,117,1.4013,1.8795,0.7514,21.448
Xm,2,117,0.8520,1.9552,0.8912,21.664
Xm,3,117,0.6478,1.9253,0.7582,23.627
Xm,4,117,0.6680,1.9477,0.7172,21.620
Xm,5,117,0.6514,2.0038,0.7499,21.632
Xm,6,117,0.8444,2.1066,0.6671,21.541
Xm,7,117,1.0444,2.1394,0.7062,21.429
Xm,8,117,1.5914,2.0178,0.7920,21.387
Xm,0,118,2.5630,1.8172,1.0788,21.541
Xm,1,118,1.3927,1.8804,0.7403,21.448
Xm,2,118,0.8439,1.9513,0.8799,21.627
Xm,3,118,0.6413,1.9199,0.7471,23.627
Xm,4,118,0.6615,1.9423,0.7061,21.620
Xm,5,118,0.6471,1.9957,0.7402,21.761
Xm,6,118,0.8397,2.1053,0.6547,21.541
Xm,7,118,1.0384,2.1408,0.6947,21.429
Xm,8,118,1.5818,2.0202,0.7804,21.387
Xm,0,119,2.5609,1.8158,1.0698,21.541
Xm,1,119,1.3841,1.8814,0.7293,21.448
Xm,2,119,0.8358,1.9475,0.8686,21.627
Xm,3,119,0.6446,1.9167,0.7465,23.627
Xm,4,119,0.6551,1.9369,0.6950,21.620
Xm,5,119,0.6428,1.9877,0.7305,21.761
Xm,6,119,0.8378,2.1032,0.6431,21.620
Xm,7,119,1.0323,2.1423,0.6831,21.429
Xm,8,119,1.5722,2.0227,0.7687,21.418
Xm,0,120,2.5589,1.8145,1.0609,21.541
Xm,1,120,1.3755,1.8823,0.7183,21.448
Xm,2,120,0.8277,1.9437,0.8573,21.627
Xm,3,120,0.6480,1.9135,0.7458,23.627
Xm,4,120,0.6487,1.9315,0.6839,23.627
Xm,5,120,0.6385,1.9797,0.7208,21.761
Xm,6,120,0.8358,2.1011,0.6315,21.620
Xm,7,120,1.0263,2.1437,0.6716,21.429
Xm,8,120,1.5638,2.0248,0.7582,21.418
Xm,0,121,2.5569,1.8131,1.0519,21.541
Xm,1,121,1.3669,1.8832,0.7072,21.433
Xm,2,121,0.8196,1.9398,0.8460,21.627
Xm,3,121,0.6415,1.9081,0.7347,23.627
Xm,4,121,0.6422,1.9261,0.6728,23.627
Xm,5,121,0.6342,1.9716,0.7110,21.761
Xm,6,121,0.8339,2.0990,0.6199,21.620
Xm,7,121,1.0202,2.1452,0.6600,21.429
Xm,8,121,1.5554,2.0270,0.7477,21.418
Xm,0,122,2.5549,1.8118,1.0430,21.541
Xm,1,122,1.3581,1.8841,0.6955,21.433
Xm,2,122,0.8115,1.9360,0.8346,21.627
Xm,3,122,0.6449,1.9049,0.7341,23.627
Xm,4,122,0.6455,1.9229,0.6721,23.627
Xm,5,122,0.6375,1.9684,0.7104,23.627
Xm,6,122,0.8319,2.0970,0.6083,21.620
Xm,7,122,1.0142,2.1466,0.6484,21.475
Xm,8,122,1.5471,2.0291,0.7372,21.418
Xm,0,123,2.5528,1.8104,1.0340,21.541
Xm,1,123,1.3493,1.8849,0.6838,21.433
Xm,2,123,0.8034,1.9321,0.8233,21.627
Xm,3,123,0.6482,1.9017,0.7334,23.627
Xm,4,123,0.6489,1.9197,0.6715,23.627
Xm,5,123,0.6408,1.9652,0.7098,23.627
Xm,6,123,0.8300,2.0949,0.5967,21.620
Xm,7,123,1.0113,2.1471,0.6379,21.475
Xm,8,123,1.5387,2.0312,0.7267,21.418
Xm,0,124,2.5508,1.8091,1.0251,21.541
Xm,1,124,1.3405,1.8858,0.6720,21.433
Xm,2,124,0.7953,1.9283,0.8120,21.627
Xm,3,124,0.6417,1.8962,0.7223,23.627
Xm,4,124,0.6424,1.9142,0.6604,23.627
Xm,5,124,0.6442,1.9620,0.7091,23.627
Xm,6,124,0.8280,2.0928,0.5851,21.620
Xm,7,124,1.0084,2.1476,0.6273,21.481
Xm,8,124,1.5303,2.0334,0.7162,21.418
Xm,0,125,2.5488,1.8077,1.0161,21.541
Xm,1,125,1.3317,1.8866,0.6603,21.433
Xm,2,125,0.7872,1.9245,0.8007,21.627
Xm,3,125,0.6451,1.8930,0.7217,23.627
Xm,4,125,0.6458,1.9110,0.6598,23.627
Xm,5,125,0.6475,1.9588,0.7085,23.627
Xm,6,125,0.8261,2.0908,0.5735,21.620
Xm,7,125,1.0042,2.1465,0.6154,21.481
Xm,8,125,1.5220,2.0355,0.7057,21.418
Xm,0,126,2.5468,1.8064,1.0072,21.543
Xm,1,126,1.3230,1.8874,0.6485,21.479
Xm,2,126,0.7791,1.9206,0.7894,21.627
Xm,3,126,0.6484,1.8898,0.7211,23.627
Xm,4,126,0.6491,1.9078,0.6591,23.627
Xm,5,126,0.6508,1.9556,0.7078,21.620
Xm,6,126,0.8215,2.0873,0.5616,21.534
Xm,7,126,0.9999,2.1453,0.6036,21.481
Xm,8,126,1.5136,2.0377,0.6952,21.418
Xm,0,127,2.5456,1.8050,0.9997,21.543
Xm,1,127,1.3170,1.8871,0.6388,21.479
Xm,2,127,0.7710,1.9168,0.7781,21.627
Xm,3,127,0.6420,1.8844,0.7100,23.627
Xm,4,127,0.6427,1.9024,0.6480,23.627
Xm,5,127,0.6541,1.9524,0.7072,21.620
Xm,6,127,0.8168,2.0839,0.5497,21.534
Xm,7,127,0.9956,2.1442,0.5917,21.481
Xm,8,127,1.5052,2.0398,0.6847,21.418
Xm,0,128,2.5445,1.8037,0.9921,21.543
Xm,1,128,1.3111,1.8868,0.6290,21.479
Xm,2,128,0.7636,1.9119,0.7671,21.620
Xm,3,128,0.6453,1.8812,0.7093,23.627
Xm,4,128,0.6460,1.8992,0.6474,23.627
Xm,5,128,0.6477,1.9470,0.6961,23.627
Xm,6,128,0.8122,2.0804,0.5378,21.534
Xm,7,128,0.9914,2.1430,0.5798,21.481
Xm,8,128,1.4969,2.0420,0.6742,21.418
Xm,0,129,2.5433,1.8023,0.9846,21.543
Xm,1,129,1.3051,1.8865,0.6193,21.479
Xm,2,129,0.7572,1.9064,0.7560,21.620
Xm,3,129,0.6486,1.8780,0.7087,23.627
Xm,4,129,0.6493,1.8960,0.6467,21.614
Xm,5,129,0.6413,1.9416,0.6850,23.627
Xm,6,129,0.8076,2.0770,0.5258,21.553
Xm,7,129,0.9871,2.1419,0.5680,21.481
Xm,8,129,1.4885,2.0441,0.6637,21.406
Xm,0,130,2.5422,1.8010,0.9771,21.543
Xm,1,130,1.2992,1.8862,0.6095,21.479
Xm,2,130,0.7507,1.9010,0.7449,21.620
Xm,3,130,0.6422,1.8726,0.6976,23.627
Xm,4,130,0.6526,1.8928,0.6461,21.614
Xm,5,130,0.6446,1.9384,0.6843,23.627
Xm,6,130,0.8043,2.0733,0.5145,21.553
Xm,7,130,0.9829,2.1407,0.5561,21.481
Xm,8,130,1.4801,2.0462,0.6528,21.406
Xm,0,131,2.5410,1.7997,0.9696,21.543
Xm,1,131,1.2933,1.8858,0.5998,21.479
Xm,2,131,0.7443,1.8956,0.7338,21.620
Xm,3,131,0.6455,1.8694,0.6969,23.627
Xm,4,131,0.6483,1.8867,0.6351,23.627
Xm,5,131,0.6479,1.9352,0.6837,23.627
Xm,6,131,0.8009,2.0695,0.5032,21.553
Xm,7,131,0.9786,2.1396,0.5442,21.481
Xm,8,131,1.4746,2.0472,0.6438,21.469
Xm,0,132,2.5399,1.7983,0.9620,21.543
Xm,1,132,1.2873,1.8855,0.5900,21.479
Xm,2,132,0.7379,1.8902,0.7227,21.620
Xm,3,132,0.6488,1.8662,0.6963,23.627
Xm,4,132,0.6439,1.8805,0.6241,23.627
Xm,5,132,0.6415,1.9298,0.6726,23.627
Xm,6,132,0.7975,2.0658,0.4919,21.553
Xm,7,132,0.9744,2.1384,0.5323,21.481
Xm,8,132,1.4691,2.0482,0.6347,21.469
Xm,0,133,2.5387,1.7970,0.9545,21.543
Xm,1,133,1.2814,1.8852,0.5803,21.479
Xm,2,133,0.7314,1.8848,0.7116,21.620
Xm,3,133,0.6424,1.8608,0.6852,23.627
Xm,4,133,0.6473,1.8773,0.6235,23.627
Xm,5,133,0.6448,1.9266,0.6720,23.627
Xm,6,133,0.7942,2.0621,0.4806,21.553
Xm,7,133,0.9716,2.1369,0.5212,21.508
Xm,8,133,1.4636,2.0492,0.6257,21.469
Xm,0,134,2.5376,1.7956,0.9470,21.543
Xm,1,134,1.2755,1.8849,0.5705,21.479
Xm,2,134,0.7250,1.8794,0.7005,21.620
Xm,3,134,0.6457,1.8576,0.6845,23.627
Xm,4,134,0.6506,1.8741,0.6229,21.614
Xm,5,134,0.6481,1.9234,0.6713,23.627
Xm,6,134,0.7908,2.0584,0.4693,21.553
Xm,7,134,0.9688,2.1354,0.5100,21.508
Xm,8,134,1.4581,2.0503,0.6167,21.469
Xm,0,135,2.5364,1.7943,0.9395,21.543
Xm,1,135,1.2695,1.8846,0.5608,21.479
Xm,2,135,0.7186,1.8740,0.6894,21.620
Xm,3,135,0.6490,1.8544,0.6839,23.627
Xm,4,135,0.6539,1.8709,0.6222,21.614
Xm,5,135,0.6417,1.9180,0.6602,23.627
Xm,6,135,0.7875,2.0546,0.4579,21.553
Xm,7,135,0.9660,2.1338,0.4988,21.508
Xm,8,135,1.4525,2.0513,0.6076,21.469
Xm,0,136,2.5353,1.7929,0.9319,21.543
Xm,1,136,1.2636,1.8843,0.5510,21.479
Xm,2,136,0.7121,1.8686,0.6783,21.620
Xm,3,136,0.6426,1.8490,0.6728,21.712
Xm,4,136,0.6496,1.8648,0.6112,21.614
Xm,5,136,0.6450,1.9148,0.6596,23.627
Xm,6,136,0.7841,2.0509,0.4466,21.553
Xm,7,136,0.9632,2.1323,0.4876,21.508
Xm,8,136,1.4470,2.0523,0.5986,21.469
Xm,0,137,2.5341,1.7916,0.9244,21.543
Xm,1,137,1.2577,1.8840,0.5413,21.479
Xm,2,137,0.7057,1.8632,0.6672,21.620
Xm,3,137,0.6374,1.8407,0.6638,21.712
Xm,4,137,0.6529,1.8616,0.6106,21.614
Xm,5,137,0.6483,1.9116,0.6589,23.627
Xm,6,137,0.7807,2.0472,0.4353,21.553
Xm,7,137,0.9604,2.1308,0.4764,21.508
Xm,8,137,1.4415,2.0533,0.5895,21.469
Xm,0,138,2.5330,1.7902,0.9169,21.543
Xm,1,138,1.2517,1.8836,0.5315,21.479
Xm,2,138,0.6993,1.8578,0.6561,21.620
Xm,3,138,0.6323,1.8324,0.6547,21.712
Xm,4,138,0.6485,1.8554,0.5996,23.627
Xm,5,138,0.6419,1.9062,0.6478,23.627
Xm,6,138,0.7774,2.0434,0.4240,21.553
Xm,7,138,0.9576,2.1293,0.4652,21.508
Xm,8,138,1.4360,2.0543,0.5805,21.469
Xm,0,139,2.5318,1.7889,0.9094,21.543
Xm,1,139,1.2475,1.8810,0.5227,21.519
Xm,2,139,0.6928,1.8523,0.6450,21.614
Xm,3,139,0.6271,1.8241,0.6457,21.718
Xm,4,139,0.6442,1.8493,0.5886,21.718
Xm,5,139,0.6452,1.9030,0.6472,23.627
Xm,6,139,0.7740,2.0397,0.4127,21.553
Xm,7,139,0.9548,2.1278,0.4540,21.508
Xm,8,139,1.4305,2.0553,0.5715,21.469
Xm,0,140,2.5307,1.7875,0.9018,21.543
Xm,1,140,1.2432,1.8785,0.5139,21.519
Xm,2,140,0.6886,1.8446,0.6354,21.650
Xm,3,140,0.6234,1.8151,0.6363,21.718
Xm,4,140,0.6405,1.8404,0.5792,21.718
Xm,5,140,0.6486,1.8998,0.6465,23.627
Xm,6,140,0.7717,2.0358,0.4023,21.583
Xm,7,140,0.9520,2.1262,0.4428,21.508
Xm,8,140,1.4250,2.0563,0.5624,21.469
Xm,0,141,2.5295,1.7862,0.8943,21.543
Xm,1,141,1.2389,1.8759,0.5050,21.519
Xm,2,141,0.6843,1.8368,0.6259,21.650
Xm,3,141,0.6197,1.8062,0.6269,21.718
Xm,4,141,0.6367,1.8314,0.5699,21.718
Xm,5,141,0.6442,1.8936,0.6356,23.627
Xm,6,141,0.7695,2.0319,0.3920,21.583
Xm,7,141,0.9492,2.1247,0.4316,21.508
Xm,8,141,1.4195,2.0574,0.5534,21.469
Xm,0,142,2.5284,1.7849,0.8868,21.561
Xm,1,142,1.2346,1.8733,0.4962,21.519
Xm,2,142,0.6800,1.8291,0.6163,21.650
Xm,3,142,0.6160,1.7973,0.6175,21.718
Xm,4,142,0.6330,1.8225,0.5605,21.718
Xm,5,142,0.6475,1.8904,0.6349,23.627
Xm,6,142,0.7679,2.0271,0.3827,21.829
Xm,7,142,0.9464,2.1232,0.4204,21.508
Xm,8,142,1.4140,2.0584,0.5443,21.469
Xm,0,143,2.5285,1.7836,0.8810,21.561
Xm,1,143,1.2303,1.8707,0.4873,21.519
Xm,2,143,0.6757,1.8213,0.6068,21.650
Xm,3,143,0.6122,1.7883,0.6082,21.718
Xm,4,143,0.6293,1.8136,0.5511,21.718
Xm,5,143,0.6509,1.8872,0.6343,21.614
Xm,6,143,0.7663,2.0223,0.3735,21.829
Xm,7,143,0.9436,2.1217,0.4093,21.543
Xm,8,143,1.4085,2.0594,0.5353,21.469
Xm,0,144,2.5286,1.7823,0.8751,21.561
Xm,1,144,1.2260,1.8681,0.4785,21.519
Xm,2,144,0.6715,1.8135,0.5973,21.650
Xm,3,144,0.6085,1.7794,0.5988,21.718
Xm,4,144,0.6256,1.8047,0.5417,21.718
Xm,5,144,0.6542,1.8840,0.6336,21.614
Xm,6,144,0.7647,2.0175,0.3642,21.829
Xm,7,144,0.9422,2.1200,0.3991,21.543
Xm,8,144,1.4030,2.0604,0.5263,21.500
Xm,0,145,2.5287,1.7810,0.8693,21.561
Xm,1,145,1.2218,1.8655,0.4697,21.519
Xm,2,145,0.6672,1.8058,0.5877,21.650
Xm,3,145,0.6048,1.7705,0.5894,21.718
Xm,4,145,0.6219,1.7957,0.5323,21.718
Xm,5,145,0.6498,1.8779,0.6227,21.614
Xm,6,145,0.7632,2.0127,0.3549,21.829
Xm,7,145,0.9408,2.1182,0.3889,21.543
Xm,8,145,1.3993,2.0607,0.5182,21.500
Xm,0,146,2.5288,1.7798,0.8635,21.561
Xm,1,146,1.2175,1.8629,0.4608,21.519
Xm,2,146,0.6629,1.7980,0.5782,21.650
Xm,3,146,0.6011,1.7615,0.5800,21.718
Xm,4,146,0.6187,1.7867,0.5232,21.743
Xm,5,146,0.6532,1.8747,0.6220,21.614
Xm,6,146,0.7616,2.0078,0.3457,21.829
Xm,7,146,0.9393,2.1165,0.3787,21.543
Xm,8,146,1.3956,2.0609,0.5100,21.500
Xm,0,147,2.5289,1.7785,0.8576,21.561
Xm,1,147,1.2132,1.8603,0.4520,21.519
Xm,2,147,0.6587,1.7903,0.5686,21.650
Xm,3,147,0.5974,1.7526,0.5706,21.718
Xm,4,147,0.6156,1.7777,0.5141,21.743
Xm,5,147,0.6488,1.8685,0.6110,23.627
Xm,6,147,0.7600,2.0030,0.3364,21.829
Xm,7,147,0.9379,2.1148,0.3685,21.543
Xm,8,147,1.3919,2.0612,0.5019,21.500
Xm,0,148,2.5290,1.7772,0.8518,21.561
Xm,1,148,1.2089,1.8577,0.4431,21.519
Xm,2,148,0.6544,1.7825,0.5591,21.650
Xm,3,148,0.5937,1.7437,0.5612,21.718
Xm,4,148,0.6124,1.7687,0.5050,21.743
Xm,5,148,0.6445,1.8624,0.6001,23.627
Xm,6,148,0.7584,1.9982,0.3271,21.829
Xm,7,148,0.9365,2.1131,0.3584,21.543
Xm,8,148,1.3882,2.0614,0.4938,21.500
Xm,0,149,2.5291,1.7760,0.8460,21.561
Xm,1,149,1.2046,1.8551,0.4343,21.519
Xm,2,149,0.6501,1.7747,0.5496,21.650
Xm,3,149,0.5899,1.7348,0.5518,21.718
Xm,4,149,0.6093,1.7597,0.4959,21.743
Xm,5,149,0.6478,1.8592,0.5994,23.627
Xm,6,149,0.7568,1.9934,0.3178,21.829
Xm,7,149,0.9351,2.1114,0.3482,21.543
Xm,8,149,1.3845,2.0617,0.4857,21.500
Xm,0,150,2.5292,1.7747,0.8401,21.561
Xm,1,150,1.2004,1.8526,0.4255,21.519
Xm,2,150,0.6464,1.7658,0.5402,21.718
Xm,3,150,0.5862,1.7258,0.5425,21.745
Xm,4,150,0.6061,1.7507,0.4868,21.743
Xm,5,150,0.6434,1.8530,0.5884,23.627
Xm,6,150,0.7553,1.9886,0.3086,21.829
Xm,7,150,0.9336,2.1096,0.3380,21.543
Xm,8,150,1.3808,2.0619,0.4776,21.500
Xm,0,151,2.5294,1.7734,0.8343,21.561
Xm,1,151,1.1961,1.8500,0.4166,21.569
Xm,2,151,0.6427,1.7569,0.5308,21.718
Xm,3,151,0.5828,1.7156,0.5345,21.745
Xm,4,151,0.6030,1.7418,0.4777,21.743
Xm,5,151,0.6468,1.8498,0.5878,21.718
Xm,6,151,0.7537,1.9837,0.2993,21.829
Xm,7,151,0.9322,2.1079,0.3278,21.543
Xm,8,151,1.3771,2.0622,0.4695,21.500
Xm,0,152,2.5295,1.7722,0.8285,21.561
Xm,1,152,1.1922,1.8461,0.4091,21.565
Xm,2,152,0.6395,1.7479,0.5217,21.743
Xm,3,152,0.5794,1.7054,0.5266,21.761
Xm,4,152,0.5998,1.7328,0.4686,21.743
Xm,5,152,0.6430,1.8409,0.5784,21.718
Xm,6,152,0.7521,1.9789,0.2900,21.829
Xm,7,152,0.9308,2.1062,0.3176,21.543
Xm,8,152,1.3734,2.0624,0.4614,21.500
Xm,0,153,2.5296,1.7709,0.8227,21.561
Xm,1,153,1.1902,1.8413,0.4026,21.565
Xm,2,153,0.6364,1.7389,0.5126,21.743
Xm,3,153,0.5764,1.6950,0.5188,21.761
Xm,4,153,0.5968,1.7224,0.4607,21.761
Xm,5,153,0.6393,1.8320,0.5690,21.718
Xm,6,153,0.7504,1.9747,0.2823,21.882
Xm,7,153,0.9294,2.1045,0.3075,21.543
Xm,8,153,1.3697,2.0627,0.4533,21.500
Xm,0,154,2.5297,1.7696,0.8168,21.561
Xm,1,154,1.1881,1.8365,0.3961,21.565
Xm,2,154,0.6332,1.7299,0.5035,21.761
Xm,3,154,0.5734,1.6846,0.5109,21.761
Xm,4,154,0.5938,1.7120,0.4529,21.761
Xm,5,154,0.6356,1.8231,0.5597,21.718
Xm,6,154,0.7487,1.9705,0.2745,21.882
Xm,7,154,0.9279,2.1028,0.2973,21.543
Xm,8,154,1.3663,2.0628,0.4446,21.479
Xm,0,155,2.5298,1.7683,0.8110,21.561
Xm,1,155,1.1860,1.8318,0.3896,21.565
Xm,2,155,0.6302,1.7195,0.4956,21.761
Xm,3,155,0.5704,1.6742,0.5031,21.761
Xm,4,155,0.5908,1.7016,0.4451,21.761
Xm,5,155,0.6319,1.8141,0.5503,21.718
Xm,6,155,0.7464,1.9643,0.2663,21.699
Xm,7,155,0.9265,2.1010,0.2871,21.589
Xm,8,155,1.3628,2.0630,0.4359,21.479
Xm,0,156,2.5299,1.7671,0.8052,21.561
Xm,1,156,1.1840,1.8270,0.3831,21.565
Xm,2,156,0.6272,1.7091,0.4878,21.761
Xm,3,156,0.5674,1.6638,0.4953,21.761
Xm,4,156,0.5878,1.6912,0.4372,21.761
Xm,5,156,0.6282,1.8052,0.5409,21.718
Xm,6,156,0.7441,1.9581,0.2580,21.699
Xm,7,156,0.9263,2.0994,0.2785,21.589
Xm,8,156,1.3594,2.0631,0.4272,21.479
Xm,0,157,2.5300,1.7658,0.7993,21.561
Xm,1,157,1.1819,1.8222,0.3766,21.565
Xm,2,157,0.6242,1.6987,0.4800,21.761
Xm,3,157,0.5644,1.6534,0.4875,21.761
Xm,4,157,0.5848,1.6808,0.4294,21.761
Xm,5,157,0.6245,1.7963,0.5315,21.718
Xm,6,157,0.7418,1.9520,0.2498,21.699
Xm,7,157,0.9260,2.0977,0.2699,21.589
Xm,8,157,1.3559,2.0633,0.4185,21.479
Xm,0,158,2.5301,1.7645,0.7935,21.561
Xm,1,158,1.1798,1.8175,0.3701,21.565
Xm,2,158,0.6212,1.6884,0.4721,21.761
Xm,3,158,0.5614,1.6431,0.4796,21.761
Xm,4,158,0.5818,1.6704,0.4216,21.761
Xm,5,158,0.6213,1.7873,0.5224,21.743
Xm,6,158,0.7395,1.9458,0.2415,21.699
Xm,7,158,0.9258,2.0960,0.2613,21.589
Xm,8,158,1.3525,2.0635,0.4098,21.508
Xm,0,159,2.5302,1.7633,0.7877,21.561
Xm,1,159,1.1778,1.8127,0.3636,21.565
Xm,2,159,0.6182,1.6780,0.4643,21.761
Xm,3,159,0.5584,1.6327,0.4718,21.761
Xm,4,159,0.5788,1.6601,0.4137,21.761
Xm,5,159,0.6182,1.7783,0.5133,21.743
Xm,6,159,0.7372,1.9396,0.2332,21.699
Xm,7,159,0.9256,2.0943,0.2527,21.589
Xm,8,159,1.3511,2.0629,0.4021,21.508
Xm,0,160,2.5303,1.7620,0.7818,21.561
Xm,1,160,1.1757,1.8079,0.3571,21.565
Xm,2,160,0.6152,1.6676,0.4565,21.761
Xm,3,160,0.5554,1.6223,0.4640,21.761
Xm,4,160,0.5760,1.6497,0.4064,21.785
Xm,5,160,0.6150,1.7693,0.5042,21.743
Xm,6,160,0.7349,1.9334,0.2250,21.699
Xm,7,160,0.9253,2.0927,0.2441,21.589
Xm,8,160,1.3497,2.0624,0.3944,21.508
Xm,0,161,2.5305,1.7607,0.7760,21.561
Xm,1,161,1.1737,1.8032,0.3505,21.565
Xm,2,161,0.6122,1.6572,0.4487,21.761
Xm,3,161,0.5524,1.6119,0.4561,21.761
Xm,4,161,0.5732,1.6394,0.3991,21.785
Xm,5,161,0.6119,1.7603,0.4951,21.743
Xm,6,161,0.7326,1.9273,0.2167,21.699
Xm,7,161,0.9251,2.0910,0.2355,21.589
Xm,8,161,1.3483,2.0618,0.3868,21.508
Xm,0,162,2.5306,1.7595,0.7702,21.561
Xm,1,162,1.1716,1.7984,0.3440,21.565
Xm,2,162,0.6092,1.6468,0.4408,21.761
Xm,3,162,0.5498,1.6006,0.4497,21.784
Xm,4,162,0.5703,1.6291,0.3918,21.785
Xm,5,162,0.6087,1.7513,0.4859,21.743
Xm,6,162,0.7303,1.9211,0.2085,21.699
Xm,7,162,0.9248,2.0893,0.2269,21.570
Xm,8,162,1.3470,2.0613,0.3791,21.508
Xm,0,163,2.5323,1.7583,0.7662,21.611
Xm,1,163,1.1695,1.7936,0.3375,21.565
Xm,2,163,0.6062,1.6364,0.4330,21.761
Xm,3,163,0.5473,1.5893,0.4432,21.784
Xm,4,163,0.5675,1.6187,0.3844,21.785
Xm,5,163,0.6056,1.7423,0.4768,21.743
Xm,6,163,0.7280,1.9149,0.2002,21.699
Xm,7,163,0.9236,2.0855,0.2186,21.570
Xm,8,163,1.3456,2.0607,0.3714,21.508
Xm,0,164,2.5340,1.7572,0.7623,21.611
Xm,1,164,1.1675,1.7888,0.3310,21.565
Xm,2,164,0.6032,1.6261,0.4252,21.761
Xm,3,164,0.5447,1.5780,0.4368,21.784
Xm,4,164,0.5647,1.6084,0.3771,21.801
Xm,5,164,0.6024,1.7333,0.4677,21.743
Xm,6,164,0.7257,1.9087,0.1919,21.699
Xm,7,164,0.9224,2.0817,0.2103,21.570
Xm,8,164,1.3442,2.0601,0.3638,21.508
Xm,0,165,2.5358,1.7561,0.7584,21.611
Xm,1,165,1.1654,1.7841,0.3245,21.565
Xm,2,165,0.6002,1.6157,0.4173,21.761
Xm,3,165,0.5421,1.5666,0.4303,21.784
Xm,4,165,0.5621,1.5970,0.3710,21.801
Xm,5,165,0.5994,1.7229,0.4599,21.761
Xm,6,165,0.7233,1.9026,0.1837,21.699
Xm,7,165,0.9212,2.0778,0.2020,21.570
Xm,8,165,1.3428,2.0596,0.3561,21.508
Xm,0,166,2.5375,1.7550,0.7544,21.611
Xm,1,166,1.1633,1.7793,0.3180,21.565
Xm,2,166,0.5972,1.6053,0.4095,21.801
Xm,3,166,0.5395,1.5553,0.4238,21.784
Xm,4,166,0.5596,1.5857,0.3648,21.801
Xm,5,166,0.5964,1.7125,0.4521,21.761
Xm,6,166,0.7210,1.8964,0.1754,21.699
Xm,7,166,0.9199,2.0740,0.1938,21.570
Xm,8,166,1.3415,2.0590,0.3484,21.508
Xm,0,167,2.5392,1.7539,0.7505,21.611
Xm,1,167,1.1613,1.7745,0.3115,21.565
Xm,2,167,0.5947,1.5939,0.4034,21.801
Xm,3,167,0.5369,1.5440,0.4174,21.784
Xm,4,167,0.5570,1.5743,0.3587,21.801
Xm,5,167,0.5934,1.7021,0.4442,21.761
Xm,6,167,0.7187,1.8902,0.1672,21.758
Xm,7,167,0.9187,2.0702,0.1855,21.570
Xm,8,167,1.3401,2.0585,0.3408,21.508
Xm,0,168,2.5409,1.7528,0.7465,21.611
Xm,1,168,1.1592,1.7698,0.3050,21.565
Xm,2,168,0.5922,1.5826,0.3972,21.801
Xm,3,168,0.5343,1.5327,0.4109,21.784
Xm,4,168,0.5545,1.5630,0.3525,21.801
Xm,5,168,0.5904,1.6918,0.4364,21.761
Xm,6,168,0.7164,1.8844,0.1612,21.758
Xm,7,168,0.9175,2.0664,0.1772,21.570
Xm,8,168,1.3387,2.0579,0.3331,21.508
Xm,0,169,2.5427,1.7517,0.7426,21.611
Xm,1,169,1.1571,1.7650,0.2985,21.565
Xm,2,169,0.5896,1.5712,0.3911,21.801
Xm,3,169,0.5318,1.5213,0.4048,21.801
Xm,4,169,0.5519,1.5516,0.3464,21.801
Xm,5,169,0.5874,1.6814,0.4286,21.761
Xm,6,169,0.7140,1.8786,0.1552,21.758
Xm,7,169,0.9162,2.0625,0.1689,21.630
Xm,8,169,1.3373,2.0574,0.3254,21.508
Yp,0,0,3.7000,2.4570,2.6000,19.326
Yp,1,0,3.7750,2.4570,2.6000,18.436
Yp,2,0,3.8500,2.4570,2.6000,18.436
Yp,3,0,3.9250,2.4570,2.6000,18.272
Yp,4,0,4.0000,2.4570,2.6000,18.272
Yp,5,0,4.0750,2.4570,2.6000,18.272
Yp,6,0,4.1500,2.4570,2.6000,18.437
Yp,7,0,4.2250,2.4570,2.6000,18.437
Yp,8,0,4.3000,2.4570,2.6000,22.673
Yp,0,1,3.7190,2.5334,2.5625,20.114
Yp,1,1,3.7871,2.5609,2.5601,19.373
Yp,2,1,3.8621,2.5609,2.5601,19.373
Yp,3,1,3.9276,2.5672,2.5639,19.287
Yp,4,1,4.0026,2.5672,2.5639,19.287
Yp,5,1,4.0724,2.5672,2.5639,19.288
Yp,6,1,4.1379,2.5609,2.5601,19.374
Yp,7,1,4.2129,2.5609,2.5601,19.374
Yp,8,1,4.2617,2.4193,2.6099,22.644
Yp,0,2,3.7339,2.5696,2.5431,20.114
Yp,1,2,3.7992,2.6182,2.5428,19.368
Yp,2,2,3.8741,2.6182,2.5428,19.368
Yp,3,2,3.9329,2.6245,2.5553,19.117
Yp,4,2,4.0079,2.6245,2.5553,19.117
Yp,5,2,4.0671,2.6245,2.5553,19.117
Yp,6,2,4.1258,2.6181,2.5428,19.117
Yp,7,2,4.2008,2.6181,2.5428,19.368
Yp,8,2,4.2432,2.3961,2.6485,22.075
Yp,0,3,3.7456,2.6048,2.5269,20.354
Yp,1,3,3.8112,2.6754,2.5255,19.368
Yp,2,3,3.8862,2.6754,2.5255,19.368
Yp,3,3,3.9381,2.6818,2.5466,19.117
Yp,4,3,4.0026,2.6818,2.5466,19.117
Yp,5,3,4.0618,2.6818,2.5466,19.117
Yp,6,3,4.1206,2.6755,2.5341,19.117
Yp,7,3,4.1888,2.6754,2.5255,19.368
Yp,8,3,4.2247,2.3729,2.6872,22.075
Yp,0,4,3.7572,2.6401,2.5107,20.354
Yp,1,4,3.8219,2.7343,2.5081,19.474
Yp,2,4,3.8912,2.7397,2.5141,19.042
Yp,3,4,3.9431,2.7461,2.5352,19.042
Yp,4,4,4.0076,2.7461,2.5352,19.042
Yp,5,4,4.0568,2.7461,2.5352,19.043
Yp,6,4,4.1156,2.7397,2.5227,19.043
Yp,7,4,4.1781,2.7342,2.5081,19.475
Yp,8,4,4.2247,2.3729,2.6872,22.075
Yp,0,5,3.7689,2.6754,2.4945,20.354
Yp,1,5,3.8325,2.7932,2.4907,19.474
Yp,2,5,3.8962,2.8039,2.5027,19.042
Yp,3,5,3.9481,2.8104,2.5238,19.033
Yp,4,5,4.0026,2.8104,2.5238,19.033
Yp,5,5,4.0518,2.8104,2.5238,19.033
Yp,6,5,4.1105,2.8040,2.5113,19.043
Yp,7,5,4.1674,2.7931,2.4907,19.475
Yp,8,5,4.2247,2.3729,2.6872,22.075
Yp,0,6,3.7795,2.7343,2.4771,19.474
Yp,1,6,3.8416,2.8511,2.4738,19.650
Yp,2,6,3.9007,2.8729,2.4891,19.033
Yp,3,6,3.9526,2.8794,2.5103,19.033
Yp,4,6,4.0071,2.8793,2.5102,19.033
Yp,5,6,4.0473,2.8793,2.5102,19.033
Yp,6,6,4.1060,2.8730,2.4977,19.033
Yp,7,6,4.1583,2.8510,2.4738,19.651
Yp,8,6,4.2247,2.3729,2.6872,22.075
Yp,0,7,3.7902,2.7931,2.4597,19.474
Yp,1,7,3.8507,2.9091,2.4570,19.650
Yp,2,7,3.9053,2.9419,2.4755,19.121
Yp,3,7,3.9572,2.9483,2.4967,19.121
Yp,4,7,4.0025,2.9483,2.4966,19.121
Yp,5,7,4.0427,2.9483,2.4966,19.122
Yp,6,7,4.1014,2.9419,2.4841,19.122
Yp,7,7,4.1492,2.9090,2.4570,19.651
Yp,8,7,4.2247,2.3729,2.6872,22.075
Yp,0,8,3.7993,2.8511,2.4428,20.496
Yp,1,8,3.8563,2.9378,2.4406,20.519
Yp,2,8,3.9093,3.0131,2.4607,19.121
Yp,3,8,3.9612,3.0195,2.4818,19.121
Yp,4,8,4.0066,3.0195,2.4818,19.121
Yp,5,8,4.0386,3.0195,2.4818,19.122
Yp,6,8,4.0973,3.0131,2.4693,19.122
Yp,7,8,4.1436,2.9377,2.4406,20.521
Yp,8,8,4.2247,2.3729,2.6872,22.075
Yp,0,9,3.8065,2.8759,2.4262,20.496
Yp,1,9,3.8619,2.9665,2.4242,20.519
Yp,2,9,3.9133,3.0843,2.4459,19.779
Yp,3,9,3.9648,3.0903,2.4671,19.267
Yp,4,9,4.0102,3.0903,2.4670,19.268
Yp,5,9,4.0350,3.0902,2.4670,19.268
Yp,6,9,4.0933,3.0843,2.4545,19.268
Yp,7,9,4.1380,2.9663,2.4242,20.521
Yp,8,9,4.2247,2.3729,2.6872,22.075
Yp,0,10,3.8137,2.9007,2.4095,20.496
Yp,1,10,3.8674,2.9952,2.4078,20.519
Yp,2,10,3.9167,3.1292,2.4251,19.779
Yp,3,10,3.9684,3.1611,2.4523,19.267
Yp,4,10,4.0138,3.1611,2.4523,19.268
Yp,5,10,4.0314,3.1610,2.4522,19.268
Yp,6,10,4.0898,3.1292,2.4337,19.781
Yp,7,10,4.1324,2.9950,2.4078,20.521
Yp,8,10,4.2247,2.3729,2.6872,22.075
Yp,0,11,3.8209,2.9254,2.3928,20.496
Yp,1,11,3.8730,3.0239,2.3914,20.519
Yp,2,11,3.9201,3.1741,2.4043,19.787
Yp,3,11,3.9713,3.2095,2.4318,19.787
Yp,4,11,4.0109,3.2094,2.4318,19.789
Yp,5,11,4.0285,3.2093,2.4318,19.789
Yp,6,11,4.0864,3.1740,2.4129,19.789
Yp,7,11,4.1269,3.0237,2.3914,19.817
Yp,8,11,4.2247,2.3729,2.6872,22.075
Yp,0,12,3.8264,2.9541,2.3764,20.519
Yp,1,12,3.8786,3.0526,2.3750,20.597
Yp,2,12,3.9230,3.2225,2.3838,19.787
Yp,3,12,3.9741,3.2579,2.4113,19.787
Yp,4,12,4.0080,3.2578,2.4114,19.787
Yp,5,12,4.0256,3.2577,2.4113,19.789
Yp,6,12,4.0835,3.2224,2.3925,19.789
Yp,7,12,4.1227,3.0632,2.3709,19.781
Yp,8,12,4.2247,2.3729,2.6872,22.075
Yp,0,13,3.8320,2.9828,2.3600,20.519
Yp,1,13,3.8828,3.0829,2.3597,20.597
Yp,2,13,3.9258,3.2709,2.3634,19.787
Yp,3,13,3.9770,3.3063,2.3909,19.832
Yp,4,13,4.0051,3.3061,2.3909,19.832
Yp,5,13,4.0227,3.3060,2.3909,19.834
Yp,6,13,4.0806,3.2707,2.3720,19.789
Yp,7,13,4.1193,3.1081,2.3501,19.781
Yp,8,13,4.2247,2.3729,2.6872,22.075
Yp,0,14,3.8376,3.0115,2.3435,20.519
Yp,1,14,3.8870,3.1132,2.3444,20.597
Yp,2,14,3.9283,3.3212,2.3435,19.832
Yp,3,14,3.9794,3.3566,2.3711,19.832
Yp,4,14,4.0075,3.3565,2.3711,19.832
Yp,5,14,4.0203,3.3564,2.3711,19.834
Yp,6,14,4.0782,3.3211,2.3522,19.834
Yp,7,14,4.1158,3.1529,2.3293,20.083
Yp,8,14,4.2247,2.3729,2.6872,22.075
Yp,0,15,3.8431,3.0402,2.3271,20.863
Yp,1,15,3.8913,3.1435,2.3290,20.080
Yp,2,15,3.9307,3.3716,2.3237,20.032
Yp,3,15,3.9818,3.4070,2.3512,19.832
Yp,4,15,4.0100,3.4069,2.3513,19.834
Yp,5,15,4.0178,3.4067,2.3513,19.834
Yp,6,15,4.0757,3.3714,2.3324,19.834
Yp,7,15,4.1132,3.1918,2.3094,20.040
Yp,8,15,4.2247,2.3729,2.6872,22.075
Yp,0,16,3.8476,3.0585,2.3145,20.854
Yp,1,16,3.8942,3.1778,2.3095,20.038
Yp,2,16,3.9329,3.4136,2.3039,20.056
Yp,3,16,3.9839,3.4582,2.3323,19.905
Yp,4,16,4.0121,3.4581,2.3323,19.908
Yp,5,16,4.0156,3.4578,2.3323,19.908
Yp,6,16,4.0735,3.4133,2.3126,20.059
Yp,7,16,4.1107,3.2306,2.2895,20.040
Yp,8,16,4.2247,2.3729,2.6872,22.075
Yp,0,17,3.8510,3.0801,2.3015,20.854
Yp,1,17,3.8968,3.2167,2.2896,20.038
Yp,2,17,3.9348,3.4577,2.2844,20.056
Yp,3,17,3.9859,3.5022,2.3128,20.056
Yp,4,17,4.0102,3.5020,2.3128,20.059
Yp,5,17,4.0137,3.5018,2.3129,20.059
Yp,6,17,4.0715,3.4573,2.2931,20.059
Yp,7,17,4.1081,3.2694,2.2696,20.040
Yp,8,17,4.2247,2.3729,2.6872,22.075
Yp,0,18,3.8544,3.1017,2.2885,20.854
Yp,1,18,3.8993,3.2556,2.2697,20.038
Yp,2,18,3.9367,3.5017,2.2650,20.056
Yp,3,18,3.9878,3.5463,2.2933,20.105
Yp,4,18,4.0121,3.5461,2.2934,20.109
Yp,5,18,4.0117,3.5458,2.2934,20.109
Yp,6,18,4.0696,3.5013,2.2737,20.059
Yp,7,18,4.1055,3.3083,2.2497,20.035
Yp,8,18,4.2247,2.3729,2.6872,22.075
Yp,0,19,3.8579,3.1233,2.2755,20.854
Yp,1,19,3.9018,3.2945,2.2498,20.032
Yp,2,19,3.9386,3.5458,2.2455,20.105
Yp,3,19,3.9894,3.5915,2.2744,20.105
Yp,4,19,4.0103,3.5912,2.2745,20.109
Yp,5,19,4.0100,3.5909,2.2745,20.109
Yp,6,19,4.0676,3.5453,2.2542,20.109
Yp,7,19,4.1033,3.3502,2.2299,20.035
Yp,8,19,4.2247,2.3729,2.6872,22.075
Yp,0,20,3.8613,3.1449,2.2625,20.854
Yp,1,20,3.9040,3.3365,2.2300,20.032
Yp,2,20,3.9403,3.5910,2.2266,20.105
Yp,3,20,3.9911,3.6367,2.2555,20.105
Yp,4,20,4.0086,3.6363,2.2556,20.105
Yp,5,20,4.0117,3.6361,2.2556,20.109
Yp,6,20,4.0659,3.5904,2.2353,20.109
Yp,7,20,4.1011,3.3922,2.2101,20.035
Yp,8,20,4.2247,2.3729,2.6872,22.075
Yp,0,21,3.8648,3.1665,2.2495,20.854
Yp,1,21,3.9062,3.3785,2.2102,20.032
Yp,2,21,3.9420,3.6361,2.2077,20.246
Yp,3,21,3.9926,3.6823,2.2372,20.175
Yp,4,21,4.0071,3.6818,2.2373,20.175
Yp,5,21,4.0102,3.6816,2.2373,20.179
Yp,6,21,4.0642,3.6355,2.2164,20.109
Yp,7,21,4.0994,3.4294,2.1910,20.238
Yp,8,21,4.2247,2.3729,2.6872,22.075
Yp,0,22,3.8675,3.1900,2.2368,20.889
Yp,1,22,3.9081,3.4130,2.1912,20.234
Yp,2,22,3.9433,3.6766,2.1890,20.280
Yp,3,22,3.9940,3.7279,2.2190,20.175
Yp,4,22,4.0086,3.7274,2.2190,20.175
Yp,5,22,4.0087,3.7271,2.2191,20.175
Yp,6,22,4.0629,3.6760,2.1978,20.285
Yp,7,22,4.0977,3.4667,2.1720,20.238
Yp,8,22,4.2247,2.3729,2.6872,22.075
Yp,0,23,3.8702,3.2135,2.2241,20.889
Yp,1,23,3.9097,3.4503,2.1721,20.234
Yp,2,23,3.9445,3.7171,2.1704,20.280
Yp,3,23,3.9953,3.7684,2.2003,20.280
Yp,4,23,4.0073,3.7678,2.2004,20.280
Yp,5,23,4.0073,3.7675,2.2005,20.280
Yp,6,23,4.0615,3.7164,2.1792,20.285
Yp,7,23,4.0960,3.5039,2.1529,20.238
Yp,8,23,4.2247,2.3729,2.6872,22.075
Yp,0,24,3.8730,3.2369,2.2113,20.889
Yp,1,24,3.9114,3.4876,2.1530,20.234
Yp,2,24,3.9458,3.7576,2.1518,20.280
Yp,3,24,3.9965,3.8095,2.1821,20.332
Yp,4,24,4.0084,3.8090,2.1822,20.332
Yp,5,24,4.0085,3.8087,2.1823,20.332
Yp,6,24,4.0602,3.7568,2.1606,20.285
Yp,7,24,4.0943,3.5411,2.1338,20.251
Yp,8,24,4.2247,2.3729,2.6872,22.075
Yp,0,25,3.8751,3.2545,2.2006,21.080
Yp,1,25,3.9130,3.5249,2.1339,20.234
Yp,2,25,3.9470,3.7988,2.1336,20.332
Yp,3,25,3.9976,3.8507,2.1639,20.332
Yp,4,25,4.0095,3.8502,2.1640,20.337
Yp,5,25,4.0096,3.8498,2.1641,20.337
Yp,6,25,4.0590,3.7978,2.1424,20.337
Yp,7,25,4.0928,3.5803,2.1149,20.251
Yp,8,25,4.2247,2.3729,2.6872,22.075
Yp,0,26,3.8773,3.2721,2.1898,21.080
Yp,1,26,3.9145,3.5641,2.1149,20.246
Yp,2,26,3.9481,3.8399,2.1154,20.332
Yp,3,26,3.9987,3.8918,2.1457,20.398
Yp,4,26,4.0107,3.8913,2.1459,20.404
Yp,5,26,4.0107,3.8910,2.1459,20.404
Yp,6,26,4.0578,3.8389,2.1243,20.337
Yp,7,26,4.0913,3.6195,2.0959,20.251
Yp,8,26,4.2247,2.3729,2.6872,22.075
Yp,0,27,3.8794,3.2897,2.1790,21.080
Yp,1,27,3.9159,3.6034,2.0959,20.246
Yp,2,27,3.9492,3.8811,2.0972,20.332
Yp,3,27,3.9997,3.9332,2.1281,20.398
Yp,4,27,4.0096,3.9326,2.1282,20.404
Yp,5,27,4.0097,3.9322,2.1283,20.404
Yp,6,27,4.0566,3.8800,2.1061,20.337
Yp,7,27,4.0900,3.6531,2.0776,20.414
Yp,8,27,4.2247,2.3729,2.6872,22.075
Yp,0,28,3.8813,3.3090,2.1681,21.093
Yp,1,28,3.9172,3.6370,2.0776,20.404
Yp,2,28,3.9501,3.9186,2.0792,20.471
Yp,3,28,4.0007,3.9745,2.1104,20.398
Yp,4,28,4.0106,3.9739,2.1106,20.404
Yp,5,28,4.0107,3.9736,2.1106,20.404
Yp,6,28,4.0556,3.9212,2.0885,20.477
Yp,7,28,4.0889,3.6885,2.0592,20.414
Yp,8,28,4.2247,2.3729,2.6872,22.075
Yp,0,29,3.8831,3.3284,2.1572,21.093
Yp,1,29,3.9183,3.6725,2.0592,20.409
Yp,2,29,3.9510,3.9562,2.0612,20.471
Yp,3,29,4.0017,4.0158,2.0927,20.477
Yp,4,29,4.0096,4.0151,2.0929,20.483
Yp,5,29,4.0097,4.0148,2.0930,20.483
Yp,6,29,4.0547,3.9586,2.0706,20.477
Yp,7,29,4.0877,3.7239,2.0409,20.414
Yp,8,29,4.2247,2.3729,2.6872,22.075
Yp,0,30,3.8850,3.3478,2.1462,21.093
Yp,1,30,3.9194,3.7080,2.0408,20.409
Yp,2,30,3.9519,3.9937,2.0433,20.471
Yp,3,30,4.0025,4.0537,2.0752,20.523
Yp,4,30,4.0103,4.0530,2.0753,20.529
Yp,5,30,4.0088,4.0526,2.0754,20.523
Yp,6,30,4.0538,3.9961,2.0526,20.477
Yp,7,30,4.0866,3.7593,2.0225,20.414
Yp,8,30,4.2247,2.3729,2.6872,22.075
Yp,0,31,3.8868,3.3672,2.1353,21.093
Yp,1,31,3.9205,3.7435,2.0224,20.409
Yp,2,31,3.9526,4.0317,2.0257,20.523
Yp,3,31,4.0032,4.0917,2.0576,20.523
Yp,4,31,4.0095,4.0908,2.0578,20.529
Yp,5,31,4.0080,4.0904,2.0579,20.523
Yp,6,31,4.0529,4.0339,2.0351,20.529
Yp,7,31,4.0855,3.7960,2.0043,20.438
Yp,8,31,4.2247,2.3729,2.6872,22.075
Yp,0,32,3.8887,3.3866,2.1244,21.093
Yp,1,32,3.9216,3.7790,2.0040,20.433
Yp,2,32,3.9534,4.0696,2.0081,20.523
Yp,3,32,4.0040,4.1296,2.0400,20.523
Yp,4,32,4.0103,4.1287,2.0402,20.529
Yp,5,32,4.0088,4.1283,2.0403,20.523
Yp,6,32,4.0521,4.0717,2.0175,20.529
Yp,7,32,4.0845,3.8326,1.9861,20.438
Yp,8,32,4.2247,2.3729,2.6872,22.075
Yp,0,33,3.8905,3.4211,2.1054,20.234
Yp,1,33,3.9226,3.8157,1.9858,20.433
Yp,2,33,3.9541,4.1075,1.9905,20.523
Yp,3,33,4.0046,4.1675,2.0228,20.587
Yp,4,33,4.0096,4.1665,2.0231,20.593
Yp,5,33,4.0094,4.1662,2.0231,20.593
Yp,6,33,4.0513,4.1095,2.0000,20.529
Yp,7,33,4.0834,3.8693,1.9679,20.555
Yp,8,33,4.2247,2.3729,2.6872,22.075
Yp,0,34,3.8922,3.4584,2.0863,20.421
Yp,1,34,3.9236,3.8525,1.9675,20.550
Yp,2,34,3.9549,4.1454,1.9729,20.587
Yp,3,34,4.0053,4.2054,2.0057,20.587
Yp,4,34,4.0089,4.2043,2.0060,20.587
Yp,5,34,4.0101,4.2042,2.0060,20.593
Yp,6,34,4.0505,4.1473,1.9824,20.593
Yp,7,34,4.0826,3.9017,1.9501,20.571
Yp,8,34,4.2247,2.3729,2.6872,22.075
Yp,0,35,3.8935,3.4896,2.0682,20.421
Yp,1,35,3.9244,3.8850,1.9497,20.550
Yp,2,35,3.9555,4.1805,1.9554,20.636
Yp,3,35,4.0059,4.2434,1.9885,20.587
Yp,4,35,4.0095,4.2423,1.9889,20.593
Yp,5,35,4.0094,4.2420,1.9889,20.593
Yp,6,35,4.0498,4.1851,1.9653,20.643
Yp,7,35,4.0818,3.9354,1.9323,20.571
Yp,8,35,4.2247,2.3729,2.6872,22.075
Yp,0,36,3.8949,3.5209,2.0501,20.421
Yp,1,36,3.9251,3.9188,1.9319,20.566
Yp,2,36,3.9561,4.2155,1.9380,20.636
Yp,3,36,4.0065,4.2810,1.9719,20.660
Yp,4,36,4.0101,4.2799,1.9722,20.667
Yp,5,36,4.0099,4.2796,1.9723,20.667
Yp,6,36,4.0492,4.2200,1.9479,20.643
Yp,7,36,4.0810,3.9691,1.9146,20.571
Yp,8,36,4.2247,2.3729,2.6872,22.075
Yp,0,37,3.8961,3.5546,2.0317,20.404
Yp,1,37,3.9259,3.9526,1.9141,20.566
Yp,2,37,3.9566,4.2506,1.9206,20.688
Yp,3,37,4.0070,4.3162,1.9548,20.688
Yp,4,37,4.0095,4.3150,1.9552,20.695
Yp,5,37,4.0094,4.3147,1.9552,20.695
Yp,6,37,4.0485,4.2549,1.9306,20.695
Yp,7,37,4.0802,4.0027,1.8968,20.571
Yp,8,37,4.2247,2.3729,2.6872,22.075
Yp,0,38,3.8973,3.5882,2.0133,20.404
Yp,1,38,3.9266,3.9863,1.8962,20.566
Yp,2,38,3.9571,4.2858,1.9035,20.688
Yp,3,38,4.0075,4.3514,1.9377,20.688
Yp,4,38,4.0090,4.3501,1.9381,20.688
Yp,5,38,4.0099,4.3499,1.9381,20.695
Yp,6,38,4.0480,4.2900,1.9135,20.695
Yp,7,38,4.0795,4.0372,1.8792,20.601
Yp,8,38,4.2247,2.3729,2.6872,22.075
Yp,0,39,3.8986,3.6219,1.9950,20.404
Yp,1,39,3.9273,4.0201,1.8784,20.595
Yp,2,39,3.9576,4.3210,1.8864,20.688
Yp,3,39,4.0080,4.3867,1.9206,20.748
Yp,4,39,4.0084,4.3852,1.9211,20.748
Yp,5,39,4.0093,4.3850,1.9211,20.756
Yp,6,39,4.0474,4.3251,1.8965,20.695
Yp,7,39,4.0788,4.0717,1.8615,20.601
Yp,8,39,4.2247,2.3729,2.6872,22.075
Yp,0,40,3.8998,3.6556,1.9766,20.409
Yp,1,40,3.9280,4.0547,1.8607,20.595
Yp,2,40,3.9581,4.3562,1.8693,20.688
Yp,3,40,4.0084,4.4218,1.9039,20.748
Yp,4,40,4.0088,4.4203,1.9044,20.748
Yp,5,40,4.0098,4.4201,1.9044,20.756
Yp,6,40,4.0469,4.3602,1.8794,20.695
Yp,7,40,4.0780,4.1062,1.8439,20.785
Yp,8,40,4.2247,2.3729,2.6872,22.075
Yp,0,41,3.9007,3.6865,1.9589,20.550
Yp,1,41,3.9287,4.0892,1.8431,20.779
Yp,2,41,3.9585,4.3913,1.8526,20.748
Yp,3,41,4.0088,4.4569,1.8872,20.748
Yp,4,41,4.0092,4.4554,1.8877,20.756
Yp,5,41,4.0093,4.4551,1.8877,20.756
Yp,6,41,4.0464,4.3951,1.8628,20.756
Yp,7,41,4.0776,4.1343,1.8271,20.791
Yp,8,41,4.2247,2.3729,2.6872,22.075
Yp,0,42,3.9016,3.7174,1.9413,20.550
Yp,1,42,3.9291,4.1175,1.8262,20.779
Yp,2,42,3.9589,4.4220,1.8355,20.828
Yp,3,42,4.0092,4.4920,1.8705,22.330
Yp,4,42,4.0097,4.4905,1.8710,22.330
Yp,5,42,4.0097,4.4902,1.8710,22.330
Yp,6,42,4.0459,4.4301,1.8461,20.835
Yp,7,42,4.0772,4.1636,1.8101,20.791
Yp,8,42,4.2247,2.3729,2.6872,22.075
Yp,0,43,3.9025,3.7482,1.9236,20.550
Yp,1,43,3.9295,4.1469,1.8092,20.785
Yp,2,43,3.9592,4.4526,1.8185,20.828
Yp,3,43,4.0124,4.5160,1.8678,22.330
Yp,4,43,4.0129,4.5145,1.8683,22.330
Yp,5,43,4.0129,4.5142,1.8683,22.330
Yp,6,43,4.0455,4.4606,1.8292,20.835
Yp,7,43,4.0767,4.1928,1.7931,20.791
Yp,8,43,4.2247,2.3729,2.6872,22.075
Yp,0,44,3.9034,3.7791,1.9059,20.550
Yp,1,44,3.9298,4.1762,1.7921,20.785
Yp,2,44,3.9595,4.4832,1.8014,20.828
Yp,3,44,4.0092,4.5398,1.8651,22.323
Yp,4,44,4.0096,4.5383,1.8656,22.330
Yp,5,44,4.0096,4.5380,1.8656,22.330
Yp,6,44,4.0452,4.4911,1.8122,22.330
Yp,7,44,4.0763,4.2221,1.7761,20.791
Yp,8,44,4.2247,2.3729,2.6872,22.075
Yp,0,45,3.9042,3.8117,1.8881,20.550
Yp,1,45,3.9302,4.2056,1.7750,20.785
Yp,2,45,3.9627,4.5072,1.7987,22.323
Yp,3,45,4.0059,4.5637,1.8624,22.323
Yp,4,45,4.0128,4.5623,1.8628,22.330
Yp,5,45,4.0128,4.5620,1.8629,22.330
Yp,6,45,4.0419,4.5149,1.8095,22.330
Yp,7,45,4.0758,4.2513,1.7591,20.808
Yp,8,45,4.2247,2.3729,2.6872,22.075
Yp,0,46,3.9050,3.8442,1.8703,20.550
Yp,1,46,3.9306,4.2349,1.7580,20.785
Yp,2,46,3.9659,4.5312,1.7960,22.323
Yp,3,46,4.0091,4.5877,1.8596,22.323
Yp,4,46,4.0095,4.5862,1.8602,22.330
Yp,5,46,4.0095,4.5859,1.8602,22.330
Yp,6,46,4.0386,4.5388,1.8068,22.330
Yp,7,46,4.0754,4.2813,1.7420,20.808
Yp,8,46,4.2247,2.3729,2.6872,22.075
Yp,0,47,3.9058,3.8767,1.8525,20.550
Yp,1,47,3.9310,4.2643,1.7409,20.801
Yp,2,47,3.9691,4.5552,1.7933,22.323
Yp,3,47,4.0058,4.6116,1.8570,20.816
Yp,4,47,4.0127,4.6102,1.8574,20.824
Yp,5,47,4.0128,4.6099,1.8575,22.330
Yp,6,47,4.0353,4.5626,1.8041,22.330
Yp,7,47,4.0750,4.3113,1.7250,20.881
Yp,8,47,4.2247,2.3729,2.6872,22.075
Yp,0,48,3.9063,3.9037,1.8360,20.786
Yp,1,48,3.9313,4.2944,1.7238,20.875
Yp,2,48,3.9723,4.5792,1.7905,22.323
Yp,3,48,4.0061,4.6424,1.8401,20.863
Yp,4,48,4.0124,4.6409,1.8406,20.870
Yp,5,48,4.0124,4.6445,1.8413,20.870
Yp,6,48,4.0321,4.5865,1.8014,22.330
Yp,7,48,4.0747,4.3389,1.7083,20.881
Yp,8,48,4.2247,2.3729,2.6872,22.075
Yp,0,49,3.9067,3.9306,1.8195,20.786
Yp,1,49,3.9316,4.3221,1.7071,20.875
Yp,2,49,3.9755,4.6032,1.7878,22.323
Yp,3,49,4.0063,4.6733,1.8232,20.863
Yp,4,49,4.0121,4.6717,1.8238,20.870
Yp,5,49,4.0120,4.6752,1.8245,20.870
Yp,6,49,4.0288,4.6104,1.7987,20.870
Yp,7,49,4.0744,4.3664,1.6916,20.881
Yp,8,49,4.2247,2.3729,2.6872,22.075
Yp,0,50,3.9071,3.9575,1.8030,20.786
Yp,1,50,3.9318,4.3498,1.6904,20.875
Yp,2,50,3.9758,4.6341,1.7709,20.863
Yp,3,50,4.0066,4.7041,1.8063,20.863
Yp,4,50,4.0118,4.7024,1.8070,20.870
Yp,5,50,4.0117,4.7059,1.8077,20.870
Yp,6,50,4.0285,4.6411,1.7819,20.870
Yp,7,50,4.0742,4.3947,1.6748,20.894
Yp,8,50,4.2247,2.3729,2.6872,22.075
Yp,0,51,3.9075,3.9845,1.7865,20.786
Yp,1,51,3.9321,4.3775,1.6736,20.887
Yp,2,51,3.9760,4.6650,1.7541,20.863
Yp,3,51,4.0068,4.7350,1.7895,20.904
Yp,4,51,4.0115,4.7331,1.7902,20.912
Yp,5,51,4.0114,4.7366,1.7909,20.912
Yp,6,51,4.0281,4.6718,1.7651,20.870
Yp,7,51,4.0739,4.4230,1.6580,20.894
Yp,8,51,4.2247,2.3729,2.6872,22.075
Yp,0,52,3.9079,4.0114,1.7700,20.779
Yp,1,52,3.9323,4.4059,1.6568,20.887
Yp,2,52,3.9763,4.6958,1.7372,20.863
Yp,3,52,4.0070,4.7658,1.7728,20.904
Yp,4,52,4.0112,4.7638,1.7736,20.912
Yp,5,52,4.0112,4.7673,1.7743,20.912
Yp,6,52,4.0278,4.7025,1.7483,20.870
Yp,7,52,4.0736,4.4512,1.6413,20.894
Yp,8,52,4.2247,2.3729,2.6872,22.075
Yp,0,53,3.9083,4.0397,1.7531,20.779
Yp,1,53,3.9326,4.4342,1.6399,20.887
Yp,2,53,3.9765,4.7246,1.7203,20.908
Yp,3,53,4.0072,4.7967,1.7562,20.904
Yp,4,53,4.0110,4.7945,1.7571,20.912
Yp,5,53,4.0109,4.7980,1.7578,20.912
Yp,6,53,4.0275,4.7332,1.7315,20.912
Yp,7,53,4.0733,4.4795,1.6245,20.894
Yp,8,53,4.2247,2.3729,2.6872,22.075
Yp,0,54,3.9088,4.0680,1.7362,20.779
Yp,1,54,3.9328,4.4626,1.6230,20.887
Yp,2,54,3.9766,4.7537,1.7036,20.935
Yp,3,54,4.0074,4.8275,1.7396,20.904
Yp,4,54,4.0108,4.8252,1.7405,20.912
Yp,5,54,4.0107,4.8287,1.7412,20.912
Yp,6,54,4.0273,4.7621,1.7148,20.943
Yp,7,54,4.0700,4.5033,1.6218,22.330
Yp,8,54,4.2247,2.3729,2.6872,22.075
Yp,0,55,3.9090,4.0935,1.7202,20.884
Yp,1,55,3.9330,4.4910,1.6062,22.323
Yp,2,55,3.9767,4.7827,1.6869,20.935
Yp,3,55,4.0076,4.8584,1.7230,20.967
Yp,4,55,4.0105,4.8559,1.7240,20.975
Yp,5,55,4.0105,4.8594,1.7247,20.975
Yp,6,55,4.0271,4.7910,1.6981,20.943
Yp,7,55,4.0667,4.5272,1.6191,22.330
Yp,8,55,4.2247,2.3729,2.6872,22.075
Yp,0,56,3.9092,4.1190,1.7042,20.884
Yp,1,56,3.9362,4.5150,1.6035,22.323
Yp,2,56,3.9768,4.8117,1.6701,20.935
Yp,3,56,4.0076,4.8873,1.7064,20.967
Yp,4,56,4.0105,4.8846,1.7075,20.975
Yp,5,56,4.0104,4.8882,1.7082,20.975
Yp,6,56,4.0270,4.8199,1.6814,20.943
Yp,7,56,4.0635,4.5511,1.6164,22.330
Yp,8,56,4.2247,2.3729,2.6872,22.075
Yp,0,57,3.9095,4.1458,1.6877,20.873
Yp,1,57,3.9394,4.5390,1.6007,22.323
Yp,2,57,3.9770,4.8407,1.6534,20.935
Yp,3,57,4.0076,4.9162,1.6899,20.967
Yp,4,57,4.0104,4.9134,1.6910,20.975
Yp,5,57,4.0104,4.9170,1.6917,20.975
Yp,6,57,4.0268,4.8487,1.6648,20.943
Yp,7,57,4.0602,4.5749,1.6137,22.330
Yp,8,57,4.2247,2.3729,2.6872,22.075
Yp,0,58,3.9097,4.1725,1.6712,20.873
Yp,1,58,3.9426,4.5630,1.5980,22.323
Yp,2,58,3.9770,4.8696,1.6368,20.967
Yp,3,58,4.0076,4.9451,1.6733,20.967
Yp,4,58,4.0103,4.9422,1.6746,20.975
Yp,5,58,4.0103,4.9457,1.6752,20.975
Yp,6,58,4.0267,4.8775,1.6483,20.975
Yp,7,58,4.0569,4.5988,1.6110,22.330
Yp,8,58,4.2247,2.3729,2.6872,22.075
Yp,0,59,3.9100,4.1992,1.6548,20.873
Yp,1,59,3.9458,4.5870,1.5953,22.323
Yp,2,59,3.9770,4.8985,1.6203,20.967
Yp,3,59,4.0076,4.9740,1.6568,20.999
Yp,4,59,4.0103,4.9709,1.6581,21.007
Yp,5,59,4.0102,4.9745,1.6588,21.007
Yp,6,59,4.0267,4.9062,1.6318,20.975
Yp,7,59,4.0567,4.6255,1.5944,20.969
Yp,8,59,4.2247,2.3729,2.6872,22.075
Yp,0,60,3.9103,4.2260,1.6383,20.873
Yp,1,60,3.9490,4.6110,1.5926,20.962
Yp,2,60,3.9770,4.9274,1.6037,20.996
Yp,3,60,4.0073,5.0024,1.6405,20.999
Yp,4,60,4.0105,4.9992,1.6419,21.007
Yp,5,60,4.0104,5.0027,1.6425,21.007
Yp,6,60,4.0266,4.9350,1.6153,20.975
Yp,7,60,4.0566,4.6522,1.5778,20.969
Yp,8,60,4.2247,2.3729,2.6872,22.075
Yp,0,61,3.9105,4.2527,1.6218,20.875
Yp,1,61,3.9492,4.6379,1.5759,20.962
Yp,2,61,3.9769,4.9546,1.5871,20.996
Yp,3,61,4.0071,5.0308,1.6242,20.999
Yp,4,61,4.0106,5.0274,1.6256,21.007
Yp,5,61,4.0106,5.0310,1.6263,21.007
Yp,6,61,4.0266,4.9621,1.5988,21.003
Yp,7,61,4.0564,4.6790,1.5613,20.969
Yp,8,61,4.2247,2.3729,2.6872,22.075
Yp,0,62,3.9108,4.2804,1.6051,20.957
Yp,1,62,3.9493,4.6647,1.5593,20.962
Yp,2,62,3.9769,4.9818,1.5705,21.016
Yp,3,62,4.0069,5.0592,1.6079,21.016
Yp,4,62,4.0108,5.0557,1.6094,21.024
Yp,5,62,4.0108,5.0593,1.6101,21.007
Yp,6,62,4.0268,4.9888,1.5823,21.024
Yp,7,62,4.0562,4.7057,1.5447,20.969
Yp,8,62,4.2247,2.3729,2.6872,22.075
Yp,0,63,3.9109,4.3058,1.5890,20.957
Yp,1,63,3.9494,4.6916,1.5427,20.962
Yp,2,63,3.9766,5.0087,1.5539,21.016
Yp,3,63,4.0066,5.0861,1.5914,21.016
Yp,4,63,4.0111,5.0824,1.5930,21.024
Yp,5,63,4.0110,5.0860,1.5936,21.024
Yp,6,63,4.0271,5.0155,1.5659,21.024
Yp,7,63,4.0561,4.7324,1.5281,20.984
Yp,8,63,4.2247,2.3729,2.6872,22.075
Yp,0,64,3.9110,4.3313,1.5728,20.957
Yp,1,64,3.9495,4.7184,1.5260,20.962
Yp,2,64,3.9763,5.0356,1.5374,21.016
Yp,3,64,4.0059,5.1120,1.5750,21.040
Yp,4,64,4.0117,5.1082,1.5767,21.047
Yp,5,64,4.0117,5.1118,1.5774,21.047
Yp,6,64,4.0273,5.0423,1.5494,21.024
Yp,7,64,4.0560,4.7595,1.5115,20.984
Yp,8,64,4.2247,2.3729,2.6872,22.075
Yp,0,65,3.9111,4.3567,1.5567,20.957
Yp,1,65,3.9495,4.7456,1.5093,20.977
Yp,2,65,3.9760,5.0625,1.5209,21.016
Yp,3,65,4.0052,5.1379,1.5587,21.040
Yp,4,65,4.0124,5.1340,1.5604,21.047
Yp,5,65,4.0124,5.1375,1.5611,21.047
Yp,6,65,4.0276,5.0690,1.5330,21.024
Yp,7,65,4.0558,4.7865,1.4949,20.984
Yp,8,65,4.2247,2.3729,2.6872,22.075
Yp,0,66,3.9112,4.3821,1.5405,20.954
Yp,1,66,3.9496,4.7728,1.4926,20.977
Yp,2,66,3.9757,5.0893,1.5044,21.016
Yp,3,66,4.0045,5.1638,1.5423,21.040
Yp,4,66,4.0131,5.1597,1.5441,21.047
Yp,5,66,4.0130,5.1633,1.5448,21.047
Yp,6,66,4.0278,5.0958,1.5166,21.047
Yp,7,66,4.0558,4.8118,1.4785,21.033
Yp,8,66,4.2247,2.3729,2.6872,22.075
Yp,0,67,3.9114,4.4084,1.5241,20.954
Yp,1,67,3.9496,4.7982,1.4762,21.026
Yp,2,67,3.9750,5.1152,1.4880,21.058
Yp,3,67,4.0037,5.1897,1.5259,21.040
Yp,4,67,4.0137,5.1855,1.5278,21.047
Yp,5,67,4.0137,5.1891,1.5285,21.047
Yp,6,67,4.0285,5.1215,1.5003,21.047
Yp,7,67,4.0558,4.8371,1.4621,21.033
Yp,8,67,4.2247,2.3729,2.6872,22.075
Yp,0,68,3.9115,4.4346,1.5076,20.954
Yp,1,68,3.9496,4.8236,1.4597,21.026
Yp,2,68,3.9743,5.1397,1.4714,21.058
Yp,3,68,4.0030,5.2156,1.5096,21.070
Yp,4,68,4.0144,5.2113,1.5115,21.077
Yp,5,68,4.0143,5.2148,1.5122,21.077
Yp,6,68,4.0291,5.1473,1.4840,21.064
Yp,7,68,4.0558,4.8624,1.4457,21.041
Yp,8,68,4.2247,2.3729,2.6872,22.075
Yp,0,69,3.9116,4.4609,1.4912,20.954
Yp,1,69,3.9495,4.8490,1.4433,21.026
Yp,2,69,3.9735,5.1641,1.4549,21.058
Yp,3,69,4.0016,5.2396,1.4934,21.070
Yp,4,69,4.0158,5.2351,1.4954,21.077
Yp,5,69,4.0157,5.2386,1.4961,21.077
Yp,6,69,4.0298,5.1716,1.4675,21.064
Yp,7,69,4.0558,4.8878,1.4293,21.041
Yp,8,69,4.2247,2.3729,2.6872,22.075
Yp,0,70,3.9116,4.4851,1.4753,21.031
Yp,1,70,3.9494,4.8746,1.4267,21.034
Yp,2,70,3.9728,5.1886,1.4383,21.058
Yp,3,70,4.0002,5.2622,1.4769,21.078
Yp,4,70,4.0172,5.2576,1.4789,21.084
Yp,5,70,4.0171,5.2612,1.4796,21.084
Yp,6,70,4.0305,5.1959,1.4510,21.064
Yp,7,70,4.0559,4.9132,1.4128,21.041
Yp,8,70,4.2247,2.3729,2.6872,22.075
Yp,0,71,3.9148,4.5092,1.4726,22.323
Yp,1,71,3.9493,4.9001,1.4102,21.034
Yp,2,71,3.9720,5.2130,1.4217,21.078
Yp,3,71,3.9988,5.2849,1.4603,21.078
Yp,4,71,4.0186,5.2801,1.4624,21.084
Yp,5,71,4.0185,5.2837,1.4631,21.084
Yp,6,71,4.0313,5.2202,1.4344,21.084
Yp,7,71,4.0560,4.9387,1.3963,21.041
Yp,8,71,4.2247,2.3729,2.6872,22.075
Yp,0,72,3.9180,4.5332,1.4699,22.323
Yp,1,72,3.9492,4.9257,1.3936,21.034
Yp,2,72,3.9706,5.2357,1.4052,21.078
Yp,3,72,3.9974,5.3075,1.4438,21.078
Yp,4,72,4.0199,5.3027,1.4459,21.084
Yp,5,72,4.0199,5.3062,1.4466,21.084
Yp,6,72,4.0326,5.2428,1.4180,21.084
Yp,7,72,4.0561,4.9641,1.3798,21.041
Yp,8,72,4.2247,2.3729,2.6872,22.075
Yp,0,73,3.9212,4.5572,1.4671,22.323
Yp,1,73,3.9490,4.9512,1.3771,21.034
Yp,2,73,3.9692,5.2583,1.3886,21.078
Yp,3,73,3.9960,5.3302,1.4272,21.105
Yp,4,73,4.0213,5.3252,1.4294,21.084
Yp,5,73,4.0213,5.3287,1.4301,21.084
Yp,6,73,4.0340,5.2653,1.4015,21.084
Yp,7,73,4.0564,4.9893,1.3633,21.085
Yp,8,73,4.2247,2.3729,2.6872,22.075
Yp,0,74,3.9244,4.5812,1.4644,22.323
Yp,1,74,3.9488,4.9751,1.3607,21.079
Yp,2,74,3.9678,5.2809,1.3720,21.078
Yp,3,74,3.9936,5.3497,1.4106,21.105
Yp,4,74,4.0238,5.3446,1.4129,21.111
Yp,5,74,4.0237,5.3481,1.4136,21.111
Yp,6,74,4.0354,5.2878,1.3850,21.084
Yp,7,74,4.0567,5.0129,1.3468,21.085
Yp,8,74,4.2247,2.3729,2.6872,22.075
Yp,0,75,3.9277,4.6052,1.4617,22.323
Yp,1,75,3.9484,4.9989,1.3442,21.079
Yp,2,75,3.9664,5.3023,1.3552,21.094
Yp,3,75,3.9911,5.3692,1.3940,21.105
Yp,4,75,4.0263,5.3640,1.3963,21.111
Yp,5,75,4.0262,5.3676,1.3970,21.111
Yp,6,75,4.0368,5.3103,1.3685,21.100
Yp,7,75,4.0571,5.0365,1.3304,21.085
Yp,8,75,4.2247,2.3729,2.6872,22.075
Yp,0,76,3.9277,4.6302,1.4455,21.024
Yp,1,76,3.9480,5.0227,1.3277,21.079
Yp,2,76,3.9650,5.3236,1.3384,21.094
Yp,3,76,3.9887,5.3887,1.3774,21.105
Yp,4,76,4.0287,5.3834,1.3798,21.111
Yp,5,76,4.0287,5.3870,1.3805,21.111
Yp,6,76,4.0382,5.3315,1.3517,21.117
Yp,7,76,4.0575,5.0602,1.3139,21.085
Yp,8,76,4.2247,2.3729,2.6872,22.075
Yp,0,77,3.9277,4.6551,1.4292,21.024
Yp,1,77,3.9476,5.0464,1.3112,21.079
Yp,2,77,3.9626,5.3420,1.3213,21.112
Yp,3,77,3.9863,5.4071,1.3603,21.112
Yp,4,77,4.0312,5.4028,1.3632,21.117
Yp,5,77,4.0311,5.4064,1.3639,21.117
Yp,6,77,4.0406,5.3498,1.3347,21.117
Yp,7,77,4.0579,5.0838,1.2974,21.085
Yp,8,77,4.2247,2.3729,2.6872,22.075
Yp,0,78,3.9277,4.6801,1.4130,21.024
Yp,1,78,3.9472,5.0702,1.2946,21.079
Yp,2,78,3.9602,5.3603,1.3042,21.112
Yp,3,78,3.9839,5.4255,1.3432,21.112
Yp,4,78,4.0336,5.4211,1.3462,21.117
Yp,5,78,4.0335,5.4247,1.3469,21.117
Yp,6,78,4.0430,5.3681,1.3176,21.117
Yp,7,78,4.0586,5.1067,1.2808,21.090
Yp,8,78,4.2247,2.3729,2.6872,22.075
Yp,0,79,3.9277,4.7051,1.3968,21.024
Yp,1,79,3.9467,5.0939,1.2781,21.084
Yp,2,79,3.9578,5.3787,1.2871,21.112
Yp,3,79,3.9815,5.4439,1.3261,21.112
Yp,4,79,4.0360,5.4394,1.3292,21.117
Yp,5,79,4.0360,5.4430,1.3298,21.117
Yp,6,79,4.0455,5.3864,1.3006,21.117
Yp,7,79,4.0594,5.1295,1.2642,21.090
Yp,8,79,4.2247,2.3729,2.6872,22.075
Yp,0,80,3.9277,4.7300,1.3806,21.026
Yp,1,80,3.9459,5.1169,1.2614,21.084
Yp,2,80,3.9554,5.3971,1.2700,21.112
Yp,3,80,3.9775,5.4571,1.3084,21.147
Yp,4,80,4.0384,5.4577,1.3121,21.151
Yp,5,80,4.0401,5.4561,1.3123,21.151
Yp,6,80,4.0479,5.4047,1.2836,21.117
Yp,7,80,4.0601,5.1524,1.2476,21.168
Yp,8,80,4.2247,2.3729,2.6872,22.075
Yp,0,81,3.9276,4.7554,1.3641,21.085
Yp,1,81,3.9452,5.1399,1.2448,21.163
Yp,2,81,3.9530,5.4155,1.2529,21.112
Yp,3,81,3.9734,5.4703,1.2908,21.147
Yp,4,81,4.0425,5.4708,1.2945,21.151
Yp,5,81,4.0442,5.4692,1.2947,21.151
Yp,6,81,4.0503,5.4230,1.2665,21.117
Yp,7,81,4.0610,5.1723,1.2313,21.168
Yp,8,81,4.2247,2.3729,2.6872,22.075
Yp,0,82,3.9275,4.7791,1.3481,21.085
Yp,1,82,3.9443,5.1599,1.2283,21.163
Yp,2,82,3.9507,5.4317,1.2353,21.149
Yp,3,82,3.9694,5.4835,1.2731,21.147
Yp,4,82,4.0466,5.4839,1.2770,21.151
Yp,5,82,4.0483,5.4823,1.2771,21.151
Yp,6,82,4.0527,5.4413,1.2495,21.153
Yp,7,82,4.0619,5.1923,1.2149,21.168
Yp,8,82,4.2247,2.3729,2.6872,22.075
Yp,0,83,3.9274,4.8028,1.3320,21.085
Yp,1,83,3.9434,5.1800,1.2119,21.163
Yp,2,83,3.9485,5.4478,1.2176,21.149
Yp,3,83,3.9653,5.4966,1.2555,21.147
Yp,4,83,4.0507,5.4970,1.2594,21.151
Yp,5,83,4.0524,5.4954,1.2595,21.151
Yp,6,83,4.0550,5.4573,1.2319,21.168
Yp,7,83,4.0627,5.2123,1.1985,21.157
Yp,8,83,4.2247,2.3729,2.6872,22.075
Yp,0,84,3.9272,4.8265,1.3160,21.085
Yp,1,84,3.9425,5.2000,1.1954,21.163
Yp,2,84,3.9447,5.4594,1.1988,21.163
Yp,3,84,3.9616,5.5082,1.2367,21.163
Yp,4,84,4.0549,5.5101,1.2418,21.168
Yp,5,84,4.0565,5.5084,1.2419,21.168
Yp,6,84,4.0588,5.4688,1.2132,21.168
Yp,7,84,4.0641,5.2308,1.1816,21.157
Yp,8,84,4.2247,2.3729,2.6872,22.075
Yp,0,85,3.9271,4.8502,1.2999,21.080
Yp,1,85,3.9411,5.2186,1.1785,21.152
Yp,2,85,3.9410,5.4709,1.1801,21.163
Yp,3,85,3.9578,5.5198,1.2180,21.163
Yp,4,85,4.0587,5.5216,1.2231,21.168
Yp,5,85,4.0603,5.5199,1.2232,21.168
Yp,6,85,4.0626,5.4803,1.1945,21.168
Yp,7,85,4.0655,5.2493,1.1646,21.157
Yp,8,85,4.2247,2.3729,2.6872,22.075
Yp,0,86,3.9269,4.8741,1.2836,21.080
Yp,1,86,3.9397,5.2372,1.1615,21.152
Yp,2,86,3.9372,5.4825,1.1613,21.163
Yp,3,86,3.9541,5.5313,1.1992,21.163
Yp,4,86,4.0625,5.5331,1.2044,21.168
Yp,5,86,4.0641,5.5314,1.2045,21.168
Yp,6,86,4.0664,5.4918,1.1758,21.168
Yp,7,86,4.0669,5.2679,1.1477,21.157
Yp,8,86,4.2247,2.3729,2.6872,22.075
Yp,0,87,3.9267,4.8981,1.2673,21.080
Yp,1,87,3.9383,5.2559,1.1445,21.152
Yp,2,87,3.9335,5.4940,1.1426,21.163
Yp,3,87,3.9504,5.5429,1.1805,21.163
Yp,4,87,4.0663,5.5446,1.1857,21.168
Yp,5,87,4.0679,5.5429,1.1858,21.168
Yp,6,87,4.0702,5.5033,1.1571,21.168
Yp,7,87,4.0683,5.2864,1.1308,21.157
Yp,8,87,4.2247,2.3729,2.6872,22.075
Yp,0,88,3.9265,4.9220,1.2509,21.080
Yp,1,88,3.9369,5.2745,1.1276,21.194
Yp,2,88,3.9298,5.5056,1.1238,21.181
Yp,3,88,3.9466,5.5544,1.1617,21.163
Yp,4,88,4.0701,5.5561,1.1670,21.168
Yp,5,88,4.0717,5.5544,1.1671,21.168
Yp,6,88,4.0740,5.5148,1.1384,21.168
Yp,7,88,4.0697,5.3036,1.1140,21.198
Yp,8,88,4.2247,2.3729,2.6872,22.075
Yp,0,89,3.9260,4.9427,1.2356,21.207
Yp,1,89,3.9355,5.2918,1.1107,21.194
Yp,2,89,3.9262,5.5163,1.1047,21.181
Yp,3,89,3.9429,5.5660,1.1430,21.163
Yp,4,89,4.0739,5.5675,1.1483,21.168
Yp,5,89,4.0755,5.5659,1.1484,21.168
Yp,6,89,4.0777,5.5255,1.1193,21.185
Yp,7,89,4.0711,5.3208,1.0972,21.198
Yp,8,89,4.2247,2.3729,2.6872,22.075
Yp,0,90,3.9256,4.9634,1.2202,21.207
Yp,1,90,3.9341,5.3090,1.0938,21.194
Yp,2,90,3.9226,5.5271,1.0857,21.181
Yp,3,90,3.9356,5.5733,1.1226,21.337
Yp,4,90,4.0813,5.5748,1.1280,21.342
Yp,5,90,4.0829,5.5732,1.1281,21.342
Yp,6,90,4.0813,5.5362,1.1003,21.185
Yp,7,90,4.0725,5.3380,1.0804,21.182
Yp,8,90,4.2247,2.3729,2.6872,22.075
Yp,0,91,3.9250,4.9840,1.2042,21.181
Yp,1,91,3.9327,5.3263,1.0770,21.194
Yp,2,91,3.9190,5.5378,1.0666,21.181
Yp,3,91,3.9287,5.5801,1.1016,21.337
Yp,4,91,4.0883,5.5816,1.1070,21.342
Yp,5,91,4.0900,5.5800,1.1071,21.342
Yp,6,91,4.0849,5.5468,1.0812,21.185
Yp,7,91,4.0748,5.3529,1.0627,21.182
Yp,8,91,4.2247,2.3729,2.6872,22.075
Yp,0,92,3.9245,5.0047,1.1883,21.181
Yp,1,92,3.9304,5.3413,1.0592,21.178
Yp,2,92,3.9154,5.5486,1.0475,21.181
Yp,3,92,3.9218,5.5870,1.0805,21.337
Yp,4,92,4.0954,5.5884,1.0860,21.342
Yp,5,92,4.0970,5.5868,1.0861,21.342
Yp,6,92,4.0886,5.5575,1.0622,21.185
Yp,7,92,4.0770,5.3679,1.0450,21.182
Yp,8,92,4.2247,2.3729,2.6872,22.075
Yp,0,93,3.9239,5.0253,1.1723,21.181
Yp,1,93,3.9282,5.3563,1.0414,21.178
Yp,2,93,3.9119,5.5594,1.0284,21.181
Yp,3,93,3.9148,5.5938,1.0595,21.337
Yp,4,93,4.1024,5.5952,1.0650,21.342
Yp,5,93,4.1040,5.5936,1.0652,21.342
Yp,6,93,4.0922,5.5682,1.0432,21.185
Yp,7,93,4.0792,5.3828,1.0272,21.182
Yp,8,93,4.2247,2.3729,2.6872,22.075
Yp,0,94,3.9233,5.0460,1.1564,21.181
Yp,1,94,3.9260,5.3713,1.0237,21.178
Yp,2,94,3.9083,5.5701,1.0093,21.352
Yp,3,94,3.9079,5.6007,1.0385,21.337
Yp,4,94,4.1094,5.6020,1.0441,21.342
Yp,5,94,4.1111,5.6003,1.0442,21.342
Yp,6,94,4.0993,5.5750,1.0222,21.342
Yp,7,94,4.0814,5.3977,1.0095,21.218
Yp,8,94,4.2247,2.3729,2.6872,22.075
Yp,0,95,3.9227,5.0666,1.1404,21.181
Yp,1,95,3.9238,5.3863,1.0059,21.214
Yp,2,95,3.9017,5.5765,0.9878,21.352
Yp,3,95,3.9010,5.6075,1.0174,21.337
Yp,4,95,4.1165,5.6088,1.0231,21.342
Yp,5,95,4.1181,5.6071,1.0232,21.342
Yp,6,95,4.1063,5.5818,1.0012,21.356
Yp,7,95,4.0836,5.4115,0.9918,21.218
Yp,8,95,4.2247,2.3729,2.6872,22.075
Yp,0,96,3.9222,5.0873,1.1245,21.251
Yp,1,96,3.9217,5.4001,0.9882,21.214
Yp,2,96,3.8951,5.5828,0.9662,21.352
Yp,3,96,3.8944,5.6139,0.9959,21.352
Yp,4,96,4.1235,5.6156,1.0021,21.356
Yp,5,96,4.1252,5.6139,1.0022,21.356
Yp,6,96,4.1130,5.5881,0.9797,21.356
Yp,7,96,4.0858,5.4252,0.9742,21.218
Yp,8,96,4.2247,2.3729,2.6872,22.075
Yp,0,97,3.9212,5.1058,1.1084,21.218
Yp,1,97,3.9196,5.4140,0.9705,21.214
Yp,2,97,3.8885,5.5892,0.9447,23.414
Yp,3,97,3.8878,5.6202,0.9744,23.414
Yp,4,97,4.1302,5.6219,0.9806,23.351
Yp,5,97,4.1319,5.6203,0.9808,23.351
Yp,6,97,4.1197,5.5945,0.9583,21.356
Yp,7,97,4.0879,5.4390,0.9565,21.218
Yp,8,97,4.2247,2.3729,2.6872,22.075
Yp,0,98,3.9203,5.1244,1.0922,21.218
Yp,1,98,3.9174,5.4278,0.9527,21.214
Yp,2,98,3.8819,5.5956,0.9232,23.414
Yp,3,98,3.8812,5.6266,0.9529,23.414
Yp,4,98,4.1347,5.6230,0.9804,23.351
Yp,5,98,4.1364,5.6213,0.9806,23.351
Yp,6,98,4.1264,5.6008,0.9368,21.356
Yp,7,98,4.0901,5.4528,0.9388,21.208
Yp,8,98,4.2247,2.3729,2.6872,22.075
Yp,0,99,3.9194,5.1429,1.0761,21.218
Yp,1,99,3.9153,5.4416,0.9350,21.214
Yp,2,99,3.8850,5.6003,0.9228,23.414
Yp,3,99,3.8843,5.6314,0.9525,23.414
Yp,4,99,4.1392,5.6240,0.9802,23.351
Yp,5,99,4.1409,5.6224,0.9804,23.351
Yp,6,99,4.1309,5.6019,0.9366,23.351
Yp,7,99,4.0936,5.4627,0.9196,21.208
Yp,8,99,4.2247,2.3729,2.6872,22.075
Yp,0,100,3.9185,5.1614,1.0600,21.218
Yp,1,100,3.9131,5.4555,0.9173,21.204
Yp,2,100,3.8882,5.6051,0.9224,23.414
Yp,3,100,3.8874,5.6361,0.9521,23.414
Yp,4,100,4.1437,5.6251,0.9800,23.351
Yp,5,100,4.1454,5.6235,0.9802,23.351
Yp,6,100,4.1354,5.6029,0.9364,23.351
Yp,7,100,4.0970,5.4726,0.9003,21.208
Yp,8,100,4.2247,2.3729,2.6872,22.075
Yp,0,101,3.9175,5.1800,1.0438,21.218
Yp,1,101,3.9097,5.4654,0.8980,21.204
Yp,2,101,3.8816,5.6114,0.9009,23.414
Yp,3,101,3.8906,5.6409,0.9517,21.352
Yp,4,101,4.1482,5.6262,0.9798,23.351
Yp,5,101,4.1499,5.6245,0.9800,23.351
Yp,6,101,4.1399,5.6040,0.9362,23.351
Yp,7,101,4.1005,5.4824,0.8811,21.236
Yp,8,101,4.2247,2.3729,2.6872,22.075
Yp,0,102,3.9166,5.1985,1.0277,21.218
Yp,1,102,3.9064,5.4745,0.8787,21.233
Yp,2,102,3.8847,5.6162,0.9005,23.414
Yp,3,102,3.8937,5.6456,0.9513,21.352
Yp,4,102,4.1527,5.6273,0.9796,23.351
Yp,5,102,4.1544,5.6256,0.9798,23.351
Yp,6,102,4.1444,5.6051,0.9360,23.351
Yp,7,102,4.1039,5.4915,0.8618,21.236
Yp,8,102,4.2247,2.3729,2.6872,22.075
Yp,0,103,3.9157,5.2171,1.0116,21.194
Yp,1,103,3.9032,5.4836,0.8594,21.233
Yp,2,103,3.8878,5.6210,0.9002,23.414
Yp,3,103,3.8871,5.6520,0.9298,23.414
Yp,4,103,4.1572,5.6283,0.9794,23.351
Yp,5,103,4.1589,5.6267,0.9796,23.351
Yp,6,103,4.1489,5.6061,0.9358,23.351
Yp,7,103,4.1072,5.5005,0.8425,21.236
Yp,8,103,4.2247,2.3729,2.6872,22.075
Yp,0,104,3.9143,5.2329,0.9950,21.244
Yp,1,104,3.8999,5.4927,0.8401,21.233
Yp,2,104,3.8812,5.6273,0.8786,23.414
Yp,3,104,3.8903,5.6567,0.9294,21.352
Yp,4,104,4.1617,5.6294,0.9792,23.351
Yp,5,104,4.1633,5.6277,0.9794,23.351
Yp,6,104,4.1534,5.6072,0.9356,23.351
Yp,7,104,4.1105,5.5096,0.8233,21.236
Yp,8,104,4.2247,2.3729,2.6872,22.075
Yp,0,105,3.9129,5.2488,0.9784,21.244
Yp,1,105,3.8966,5.5018,0.8207,21.233
Yp,2,105,3.8844,5.6321,0.8782,23.414
Yp,3,105,3.8934,5.6615,0.9291,21.352
Yp,4,105,4.1662,5.6305,0.9790,23.351
Yp,5,105,4.1678,5.6288,0.9792,23.351
Yp,6,105,4.1579,5.6083,0.9354,23.351
Yp,7,105,4.1138,5.5186,0.8040,21.236
Yp,8,105,4.2247,2.3729,2.6872,22.075
Yp,0,106,3.9115,5.2647,0.9618,21.244
Yp,1,106,3.8934,5.5108,0.8014,21.233
Yp,2,106,3.8875,5.6368,0.8779,23.414
Yp,3,106,3.8868,5.6679,0.9075,23.414
Yp,4,106,4.1707,5.6315,0.9788,23.351
Yp,5,106,4.1723,5.6299,0.9790,23.351
Yp,6,106,4.1624,5.6093,0.9352,23.351
Yp,7,106,4.1172,5.5277,0.7847,21.236
Yp,8,106,4.2247,2.3729,2.6872,22.075
Yp,0,107,3.9100,5.2806,0.9452,21.244
Yp,1,107,3.8901,5.5199,0.7821,21.233
Yp,2,107,3.8907,5.6416,0.8775,21.372
Yp,3,107,3.8899,5.6726,0.9072,21.352
Yp,4,107,4.1752,5.6326,0.9786,23.351
Yp,5,107,4.1768,5.6310,0.9788,23.351
Yp,6,107,4.1669,5.6104,0.9350,23.351
Yp,7,107,4.1205,5.5367,0.7655,21.269
Yp,8,107,4.2247,2.3729,2.6872,22.075
Yp,0,108,3.9086,5.2964,0.9286,21.244
Yp,1,108,3.8932,5.5247,0.7817,21.233
Yp,2,108,3.8938,5.6463,0.8771,21.372
Yp,3,108,3.8931,5.6774,0.9068,21.352
Yp,4,108,4.1797,5.6337,0.9784,23.351
Yp,5,108,4.1813,5.6320,0.9786,23.351
Yp,6,108,4.1714,5.6115,0.9348,23.351
Yp,7,108,4.1237,5.5448,0.7464,21.269
Yp,8,108,4.2247,2.3729,2.6872,22.075
Yp,0,109,3.9072,5.3123,0.9120,21.244
Yp,1,109,3.8900,5.5338,0.7624,21.266
Yp,2,109,3.8875,5.6522,0.8553,23.414
Yp,3,109,3.8865,5.6837,0.8852,23.414
Yp,4,109,4.1842,5.6347,0.9782,23.351
Yp,5,109,4.1858,5.6331,0.9784,23.351
Yp,6,109,4.1759,5.6126,0.9346,23.351
Yp,7,109,4.1268,5.5530,0.7273,21.269
Yp,8,109,4.2247,2.3729,2.6872,22.075
Yp,0,110,3.9058,5.3282,0.8954,21.244
Yp,1,110,3.8931,5.5385,0.7620,21.266
Yp,2,110,3.8907,5.6570,0.8549,21.372
Yp,3,110,3.8896,5.6885,0.8849,21.372
Yp,4,110,4.1887,5.6358,0.9780,23.351
Yp,5,110,4.1903,5.6342,0.9782,23.351
Yp,6,110,4.1804,5.6136,0.9344,23.351
Yp,7,110,4.1300,5.5611,0.7082,23.351
Yp,8,110,4.2247,2.3729,2.6872,22.075
Yp,0,111,3.9037,5.3408,0.8779,21.257
Yp,1,111,3.8900,5.5467,0.7429,21.266
Yp,2,111,3.8938,5.6617,0.8545,21.372
Yp,3,111,3.8928,5.6932,0.8845,21.372
Yp,4,111,4.1932,5.6369,0.9778,23.351
Yp,5,111,4.1948,5.6352,0.9780,23.351
Yp,6,111,4.1849,5.6147,0.9342,23.351
Yp,7,111,4.1345,5.5622,0.7080,23.351
Yp,8,111,4.2247,2.3729,2.6872,22.075
Yp,0,112,3.9017,5.3534,0.8603,21.257
Yp,1,112,3.8931,5.5515,0.7425,21.266
Yp,2,112,3.8875,5.6676,0.8327,23.414
Yp,3,112,3.8928,5.6932,0.8845,21.372
Yp,4,112,4.1977,5.6380,0.9776,23.351
Yp,5,112,4.1993,5.6363,0.9778,23.351
Yp,6,112,4.1894,5.6158,0.9340,23.351
Yp,7,112,4.1390,5.5633,0.7078,23.351
Yp,8,112,4.2247,2.3729,2.6872,22.075
Yp,0,113,3.8996,5.3660,0.8428,21.257
Yp,1,113,3.8900,5.5597,0.7234,21.266
Yp,2,113,3.8907,5.6724,0.8323,21.372
Yp,3,113,3.8928,5.6932,0.8845,21.372
Yp,4,113,4.2022,5.6390,0.9774,23.351
Yp,5,113,4.2038,5.6374,0.9776,23.351
Yp,6,113,4.1938,5.6168,0.9338,23.351
Yp,7,113,4.1435,5.5643,0.7076,23.351
Yp,8,113,4.2247,2.3729,2.6872,22.075
Yp,0,114,3.8975,5.3786,0.8253,21.257
Yp,1,114,3.8931,5.5644,0.7230,21.266
Yp,2,114,3.8938,5.6771,0.8319,21.372
Yp,3,114,3.8928,5.6932,0.8845,21.372
Yp,4,114,4.2067,5.6401,0.9772,23.351
Yp,5,114,4.2083,5.6384,0.9774,23.351
Yp,6,114,4.1983,5.6179,0.9336,23.351
Yp,7,114,4.1480,5.5654,0.7074,23.351
Yp,8,114,4.2247,2.3729,2.6872,22.075
Yp,0,115,3.8954,5.3913,0.8078,21.257
Yp,1,115,3.8900,5.5726,0.7039,21.395
Yp,2,115,3.8875,5.6830,0.8101,23.414
Yp,3,115,3.8928,5.6932,0.8845,21.372
Yp,4,115,4.2112,5.6412,0.9770,23.351
Yp,5,115,4.2128,5.6395,0.9772,23.351
Yp,6,115,4.2028,5.6190,0.9334,23.351
Yp,7,115,4.1525,5.5665,0.7072,23.351
Yp,8,115,4.2247,2.3729,2.6872,22.075
Yp,0,116,3.8933,5.4039,0.7902,21.257
Yp,1,116,3.8931,5.5773,0.7035,21.395
Yp,2,116,3.8907,5.6878,0.8097,21.372
Yp,3,116,3.8928,5.6932,0.8845,21.372
Yp,4,116,4.2156,5.6422,0.9768,23.351
Yp,5,116,4.2173,5.6406,0.9770,23.351
Yp,6,116,4.2073,5.6200,0.9332,23.351
Yp,7,116,4.1570,5.5675,0.7070,23.351
Yp,8,116,4.2247,2.3729,2.6872,22.075
Yp,0,117,3.8913,5.4165,0.7727,21.257
Yp,1,117,3.8872,5.5827,0.6815,23.414
Yp,2,117,3.8938,5.6925,0.8093,21.372
Yp,3,117,3.8928,5.6932,0.8845,21.372
Yp,4,117,4.2201,5.6433,0.9766,23.351
Yp,5,117,4.2218,5.6417,0.9768,23.351
Yp,6,117,4.2118,5.6211,0.9330,23.351
Yp,7,117,4.1615,5.5686,0.7068,23.351
Yp,8,117,4.2247,2.3729,2.6872,22.075
Yp,0,118,3.8892,5.4278,0.7556,21.305
Yp,1,118,3.8903,5.5875,0.6812,21.395
Yp,2,118,3.8938,5.6925,0.8093,21.372
Yp,3,118,3.8928,5.6932,0.8845,21.372
Yp,4,118,4.2246,5.6444,0.9764,23.351
Yp,5,118,4.2263,5.6427,0.9766,23.351
Yp,6,118,4.2163,5.6222,0.9328,23.351
Yp,7,118,4.1660,5.5697,0.7066,23.351
Yp,8,118,4.2247,2.3729,2.6872,22.075
Yp,0,119,3.8924,5.4325,0.7552,21.305
Yp,1,119,3.8934,5.5922,0.6808,21.395
Yp,2,119,3.8938,5.6925,0.8093,21.372
Yp,3,119,3.8928,5.6932,0.8845,21.372
Yp,4,119,4.2291,5.6454,0.9762,23.351
Yp,5,119,4.2308,5.6438,0.9764,23.351
Yp,6,119,4.2208,5.6233,0.9326,23.351
Yp,7,119,4.1705,5.5708,0.7064,23.351
Yp,8,119,4.2247,2.3729,2.6872,22.075
Yp,0,120,3.8903,5.4438,0.7381,21.305
Yp,1,120,3.8875,5.5976,0.6588,23.414
Yp,2,120,3.8938,5.6925,0.8093,21.372
Yp,3,120,3.8928,5.6932,0.8845,21.372
Yp,4,120,4.2336,5.6465,0.9760,23.351
Yp,5,120,4.2353,5.6449,0.9762,23.351
Yp,6,120,4.2253,5.6243,0.9324,23.351
Yp,7,120,4.1750,5.5718,0.7062,23.351
Yp,8,120,4.2247,2.3729,2.6872,22.075
Yp,0,121,3.8883,5.4551,0.7209,23.414
Yp,1,121,3.8906,5.6024,0.6585,21.395
Yp,2,121,3.8938,5.6925,0.8093,21.372
Yp,3,121,3.8928,5.6932,0.8845,21.372
Yp,4,121,4.2381,5.6476,0.9758,23.351
Yp,5,121,4.2398,5.6459,0.9760,23.351
Yp,6,121,4.2298,5.6254,0.9322,23.351
Yp,7,121,4.1795,5.5729,0.7060,23.351
Yp,8,121,4.2247,2.3729,2.6872,22.075
Yp,0,122,3.8852,5.4633,0.7018,23.414
Yp,1,122,3.8938,5.6071,0.6581,21.395
Yp,2,122,3.8938,5.6925,0.8093,21.372
Yp,3,122,3.8928,5.6932,0.8845,21.372
Yp,4,122,4.2426,5.6487,0.9756,23.351
Yp,5,122,4.2443,5.6470,0.9758,23.351
Yp,6,122,4.2343,5.6265,0.9320,23.351
Yp,7,122,4.1840,5.5740,0.7058,23.351
Yp,8,122,4.2247,2.3729,2.6872,22.075
Yp,0,123,3.8883,5.4680,0.7014,23.414
Yp,1,123,3.8884,5.6113,0.6368,23.414
Yp,2,123,3.8938,5.6925,0.8093,21.372
Yp,3,123,3.8928,5.6932,0.8845,21.372
Yp,4,123,4.2471,5.6497,0.9754,23.351
Yp,5,123,4.2488,5.6481,0.9756,23.351
Yp,6,123,4.2388,5.6275,0.9318,23.351
Yp,7,123,4.1885,5.5750,0.7056,23.351
Yp,8,123,4.2247,2.3729,2.6872,22.075
Yp,0,124,3.8852,5.4762,0.6823,23.414
Yp,1,124,3.8830,5.6155,0.6156,23.414
Yp,2,124,3.8938,5.6925,0.8093,21.372
Yp,3,124,3.8928,5.6932,0.8845,21.372
Yp,4,124,4.2598,5.6529,0.9558,21.475
Yp,5,124,4.2615,5.6512,0.9559,21.475
Yp,6,124,4.2433,5.6286,0.9316,23.351
Yp,7,124,4.1930,5.5761,0.7054,23.351
Yp,8,124,4.2247,2.3729,2.6872,22.075
Yp,0,125,3.8883,5.4810,0.6819,23.414
Yp,1,125,3.8861,5.6203,0.6152,23.414
Yp,2,125,3.8938,5.6925,0.8093,21.372
Yp,3,125,3.8928,5.6932,0.8845,21.372
Yp,4,125,4.2725,5.6561,0.9362,21.475
Yp,5,125,4.2742,5.6544,0.9363,21.475
Yp,6,125,4.2478,5.6297,0.9314,23.351
Yp,7,125,4.1974,5.5772,0.7052,23.351
Yp,8,125,4.2247,2.3729,2.6872,22.075
Yp,0,126,3.8852,5.4892,0.6628,23.414
Yp,1,126,3.8893,5.6250,0.6148,21.455
Yp,2,126,3.8938,5.6925,0.8093,21.372
Yp,3,126,3.8928,5.6932,0.8845,21.372
Yp,4,126,4.2853,5.6592,0.9166,21.475
Yp,5,126,4.2869,5.6576,0.9167,21.475
Yp,6,126,4.2605,5.6328,0.9118,21.475
Yp,7,126,4.2019,5.5782,0.7050,23.351
Yp,8,126,4.2247,2.3729,2.6872,22.075
Yp,0,127,3.8883,5.4939,0.6624,23.414
Yp,1,127,3.8924,5.6298,0.6145,21.455
Yp,2,127,3.8938,5.6925,0.8093,21.372
Yp,3,127,3.8928,5.6932,0.8845,21.372
Yp,4,127,4.2980,5.6624,0.8969,21.475
Yp,5,127,4.2996,5.6608,0.8971,21.475
Yp,6,127,4.2732,5.6360,0.8922,21.475
Yp,7,127,4.2064,5.5793,0.7048,23.351
Yp,8,127,4.2247,2.3729,2.6872,22.075
Yp,0,128,3.8852,5.5021,0.6433,23.414
Yp,1,128,3.8870,5.6340,0.5932,23.414
Yp,2,128,3.8938,5.6925,0.8093,21.372
Yp,3,128,3.8928,5.6932,0.8845,21.372
Yp,4,128,4.3101,5.6653,0.8769,21.485
Yp,5,128,4.3117,5.6637,0.8770,21.485
Yp,6,128,4.2853,5.6389,0.8721,21.485
Yp,7,128,4.2109,5.5804,0.7046,23.351
Yp,8,128,4.2247,2.3729,2.6872,22.075
Yp,0,129,3.8883,5.5069,0.6429,23.414
Yp,1,129,3.8902,5.6388,0.5928,21.455
Yp,2,129,3.8938,5.6925,0.8093,21.372
Yp,3,129,3.8928,5.6932,0.8845,21.372
Yp,4,129,4.3222,5.6682,0.8568,21.485
Yp,5,129,4.3239,5.6666,0.8569,21.485
Yp,6,129,4.2975,5.6418,0.8520,21.485
Yp,7,129,4.2154,5.5815,0.7044,23.351
Yp,8,129,4.2247,2.3729,2.6872,22.075
Yp,0,130,3.8854,5.5128,0.6250,23.414
Yp,1,130,3.8933,5.6435,0.5925,21.455
Yp,2,130,3.8938,5.6925,0.8093,21.372
Yp,3,130,3.8928,5.6932,0.8845,21.372
Yp,4,130,4.3343,5.6711,0.8367,21.485
Yp,5,130,4.3360,5.6695,0.8368,21.485
Yp,6,130,4.3096,5.6447,0.8319,21.485
Yp,7,130,4.2199,5.5825,0.7042,23.351
Yp,8,130,4.2247,2.3729,2.6872,22.075
Yp,0,131,3.8885,5.5176,0.6246,23.414
Yp,1,131,3.8880,5.6477,0.5712,23.414
Yp,2,131,3.8938,5.6925,0.8093,21.372
Yp,3,131,3.8928,5.6932,0.8845,21.372
Yp,4,131,4.3465,5.6740,0.8166,21.485
Yp,5,131,4.3481,5.6724,0.8167,21.485
Yp,6,131,4.3217,5.6477,0.8118,21.485
Yp,7,131,4.2244,5.5836,0.7040,23.351
Yp,8,131,4.2247,2.3729,2.6872,22.075
Yp,0,132,3.8856,5.5235,0.6066,23.414
Yp,1,132,3.8826,5.6519,0.5500,23.414
Yp,2,132,3.8938,5.6925,0.8093,21.372
Yp,3,132,3.8928,5.6932,0.8845,21.372
Yp,4,132,4.3586,5.6770,0.7965,21.485
Yp,5,132,4.3602,5.6753,0.7966,21.485
Yp,6,132,4.3338,5.6506,0.7917,21.485
Yp,7,132,4.2289,5.5847,0.7038,23.351
Yp,8,132,4.2247,2.3729,2.6872,22.075
Yp,0,133,3.8888,5.5283,0.6063,23.414
Yp,1,133,3.8857,5.6567,0.5496,23.414
Yp,2,133,3.8938,5.6925,0.8093,21.372
Yp,3,133,3.8928,5.6932,0.8845,21.372
Yp,4,133,4.3586,5.6770,0.7965,21.485
Yp,5,133,4.3602,5.6753,0.7966,21.485
Yp,6,133,4.3459,5.6535,0.7717,21.485
Yp,7,133,4.2334,5.5857,0.7036,23.351
Yp,8,133,4.2247,2.3729,2.6872,22.075
Yp,0,134,3.8858,5.5342,0.5883,23.414
Yp,1,134,3.8889,5.6614,0.5492,23.414
Yp,2,134,3.8938,5.6925,0.8093,21.372
Yp,3,134,3.8928,5.6932,0.8845,21.372
Yp,4,134,4.3586,5.6770,0.7965,21.485
Yp,5,134,4.3602,5.6753,0.7966,21.485
Yp,6,134,4.3575,5.6561,0.7513,21.500
Yp,7,134,4.2379,5.5868,0.7034,23.351
Yp,8,134,4.2247,2.3729,2.6872,22.075
Yp,0,135,3.8890,5.5390,0.5880,23.414
Yp,1,135,3.8835,5.6656,0.5280,23.414
Yp,2,135,3.8938,5.6925,0.8093,21.372
Yp,3,135,3.8928,5.6932,0.8845,21.372
Yp,4,135,4.3586,5.6770,0.7965,21.485
Yp,5,135,4.3602,5.6753,0.7966,21.485
Yp,6,135,4.3690,5.6587,0.7310,21.500
Yp,7,135,4.2424,5.5879,0.7032,23.351
Yp,8,135,4.2247,2.3729,2.6872,22.075
Yp,0,136,3.8861,5.5449,0.5700,23.414
Yp,1,136,3.8866,5.6704,0.5276,23.414
Yp,2,136,3.8938,5.6925,0.8093,21.372
Yp,3,136,3.8928,5.6932,0.8845,21.372
Yp,4,136,4.3586,5.6770,0.7965,21.485
Yp,5,136,4.3602,5.6753,0.7966,21.485
Yp,6,136,4.3847,5.6591,0.7123,21.598
Yp,7,136,4.2469,5.5889,0.7030,23.351
Yp,8,136,4.2247,2.3729,2.6872,22.075
Yp,0,137,3.8892,5.5497,0.5696,23.414
Yp,1,137,3.8898,5.6751,0.5272,21.490
Yp,2,137,3.8938,5.6925,0.8093,21.372
Yp,3,137,3.8928,5.6932,0.8845,21.372
Yp,4,137,4.3586,5.6770,0.7965,21.485
Yp,5,137,4.3602,5.6753,0.7966,21.485
Yp,6,137,4.4003,5.6596,0.6937,21.598
Yp,7,137,4.2514,5.5900,0.7028,21.500
Yp,8,137,4.2247,2.3729,2.6872,22.075
Yp,0,138,3.8863,5.5556,0.5517,23.414
Yp,1,138,3.8929,5.6799,0.5268,21.490
Yp,2,138,3.8938,5.6925,0.8093,21.372
Yp,3,138,3.8928,5.6932,0.8845,21.372
Yp,4,138,4.3586,5.6770,0.7965,21.485
Yp,5,138,4.3602,5.6753,0.7966,21.485
Yp,6,138,4.4159,5.6600,0.6750,21.598
Yp,7,138,4.2629,5.5926,0.6824,21.500
Yp,8,138,4.2247,2.3729,2.6872,22.075
Yp,0,139,3.8894,5.5604,0.5513,21.340
Yp,1,139,3.8878,5.6834,0.5066,23.414
Yp,2,139,3.8938,5.6925,0.8093,21.372
Yp,3,139,3.8928,5.6932,0.8845,21.372
Yp,4,139,4.3586,5.6770,0.7965,21.485
Yp,5,139,4.3602,5.6753,0.7966,21.485
Yp,6,139,4.4316,5.6604,0.6564,21.598
Yp,7,139,4.2745,5.5953,0.6621,21.500
Yp,8,139,4.2247,2.3729,2.6872,22.075
Yp,0,140,3.8926,5.5651,0.5509,21.340
Yp,1,140,3.8827,5.6868,0.4864,23.414
Yp,2,140,3.8938,5.6925,0.8093,21.372
Yp,3,140,3.8928,5.6932,0.8845,21.372
Yp,4,140,4.3586,5.6770,0.7965,21.485
Yp,5,140,4.3602,5.6753,0.7966,21.485
Yp,6,140,4.4460,5.6603,0.6379,21.625
Yp,7,140,4.2860,5.5979,0.6418,21.541
Yp,8,140,4.2247,2.3729,2.6872,22.075
Yp,0,141,3.8896,5.5711,0.5330,21.455
Yp,1,141,3.8858,5.6916,0.4860,23.414
Yp,2,141,3.8938,5.6925,0.8093,21.372
Yp,3,141,3.8928,5.6932,0.8845,21.372
Yp,4,141,4.3586,5.6770,0.7965,21.485
Yp,5,141,4.3602,5.6753,0.7966,21.485
Yp,6,141,4.4605,5.6603,0.6195,21.625
Yp,7,141,4.2965,5.5998,0.6218,21.541
Yp,8,141,4.2247,2.3729,2.6872,22.075
Yp,0,142,3.8928,5.5758,0.5326,21.455
Yp,1,142,3.8890,5.6963,0.4857,23.414
Yp,2,142,3.8938,5.6925,0.8093,21.372
Yp,3,142,3.8928,5.6932,0.8845,21.372
Yp,4,142,4.3586,5.6770,0.7965,21.485
Yp,5,142,4.3602,5.6753,0.7966,21.485
Yp,6,142,4.4605,5.6603,0.6195,21.625
Yp,7,142,4.3070,5.6016,0.6019,21.541
Yp,8,142,4.2247,2.3729,2.6872,22.075
Yp,0,143,3.8877,5.5793,0.5124,23.414
Yp,1,143,3.8890,5.6963,0.4857,23.414
Yp,2,143,3.8938,5.6925,0.8093,21.372
Yp,3,143,3.8928,5.6932,0.8845,21.372
Yp,4,143,4.3586,5.6770,0.7965,21.485
Yp,5,143,4.3602,5.6753,0.7966,21.485
Yp,6,143,4.4605,5.6603,0.6195,21.625
Yp,7,143,4.3174,5.6035,0.5820,21.541
Yp,8,143,4.2247,2.3729,2.6872,22.075
Yp,0,144,3.8826,5.5828,0.4922,23.414
Yp,1,144,3.8890,5.6963,0.4857,23.414
Yp,2,144,3.8938,5.6925,0.8093,21.372
Yp,3,144,3.8928,5.6932,0.8845,21.372
Yp,4,144,4.3586,5.6770,0.7965,21.485
Yp,5,144,4.3602,5.6753,0.7966,21.485
Yp,6,144,4.4605,5.6603,0.6195,21.625
Yp,7,144,4.3279,5.6054,0.5621,21.541
Yp,8,144,4.2247,2.3729,2.6872,22.075
Yp,0,145,3.8857,5.5875,0.4918,23.414
Yp,1,145,3.8890,5.6963,0.4857,23.414
Yp,2,145,3.8938,5.6925,0.8093,21.372
Yp,3,145,3.8928,5.6932,0.8845,21.372
Yp,4,145,4.3586,5.6770,0.7965,21.485
Yp,5,145,4.3602,5.6753,0.7966,21.485
Yp,6,145,4.4605,5.6603,0.6195,21.625
Yp,7,145,4.3383,5.6073,0.5421,21.541
Yp,8,145,4.2247,2.3729,2.6872,22.075
Yp,0,146,3.8888,5.5923,0.4914,23.414
Yp,1,146,3.8890,5.6963,0.4857,23.414
Yp,2,146,3.8938,5.6925,0.8093,21.372
Yp,3,146,3.8928,5.6932,0.8845,21.372
Yp,4,146,4.3586,5.6770,0.7965,21.485
Yp,5,146,4.3602,5.6753,0.7966,21.485
Yp,6,146,4.4605,5.6603,0.6195,21.625
Yp,7,146,4.3488,5.6091,0.5222,21.568
Yp,8,146,4.2247,2.3729,2.6872,22.075
Yp,0,147,3.8837,5.5957,0.4712,23.414
Yp,1,147,3.8890,5.6963,0.4857,23.414
Yp,2,147,3.8938,5.6925,0.8093,21.372
Yp,3,147,3.8928,5.6932,0.8845,21.372
Yp,4,147,4.3586,5.6770,0.7965,21.485
Yp,5,147,4.3602,5.6753,0.7966,21.485
Yp,6,147,4.4605,5.6603,0.6195,21.625
Yp,7,147,4.3588,5.6105,0.5032,21.568
Yp,8,147,4.2247,2.3729,2.6872,22.075
Yp,0,148,3.8869,5.6005,0.4709,23.414
Yp,1,148,3.8890,5.6963,0.4857,23.414
Yp,2,148,3.8938,5.6925,0.8093,21.372
Yp,3,148,3.8928,5.6932,0.8845,21.372
Yp,4,148,4.3586,5.6770,0.7965,21.485
Yp,5,148,4.3602,5.6753,0.7966,21.485
Yp,6,148,4.4605,5.6603,0.6195,21.625
Yp,7,148,4.3688,5.6118,0.4842,21.568
Yp,8,148,4.2247,2.3729,2.6872,22.075
Yp,0,149,3.8900,5.6052,0.4705,21.490
Yp,1,149,3.8890,5.6963,0.4857,23.414
Yp,2,149,3.8938,5.6925,0.8093,21.372
Yp,3,149,3.8928,5.6932,0.8845,21.372
Yp,4,149,4.3586,5.6770,0.7965,21.485
Yp,5,149,4.3602,5.6753,0.7966,21.485
Yp,6,149,4.4605,5.6603,0.6195,21.625
Yp,7,149,4.3827,5.6113,0.4665,21.644
Yp,8,149,4.2247,2.3729,2.6872,22.075
Yp,0,150,3.8931,5.6100,0.4701,21.490
Yp,1,150,3.8890,5.6963,0.4857,23.414
Yp,2,150,3.8938,5.6925,0.8093,21.372
Yp,3,150,3.8928,5.6932,0.8845,21.372
Yp,4,150,4.3586,5.6770,0.7965,21.485
Yp,5,150,4.3602,5.6753,0.7966,21.485
Yp,6,150,4.4605,5.6603,0.6195,21.625
Yp,7,150,4.3967,5.6109,0.4489,21.644
Yp,8,150,4.2247,2.3729,2.6872,22.075
Yp,0,151,3.8880,5.6135,0.4499,23.414
Yp,1,151,3.8890,5.6963,0.4857,23.414
Yp,2,151,3.8938,5.6925,0.8093,21.372
Yp,3,151,3.8928,5.6932,0.8845,21.372
Yp,4,151,4.3586,5.6770,0.7965,21.485
Yp,5,151,4.3602,5.6753,0.7966,21.485
Yp,6,151,4.4605,5.6603,0.6195,21.625
Yp,7,151,4.4107,5.6104,0.4313,21.644
Yp,8,151,4.2247,2.3729,2.6872,22.075
Yp,0,152,3.8829,5.6169,0.4297,23.414
Yp,1,152,3.8890,5.6963,0.4857,23.414
Yp,2,152,3.8938,5.6925,0.8093,21.372
Yp,3,152,3.8928,5.6932,0.8845,21.372
Yp,4,152,4.3586,5.6770,0.7965,21.485
Yp,5,152,4.3602,5.6753,0.7966,21.485
Yp,6,152,4.4605,5.6603,0.6195,21.625
Yp,7,152,4.4247,5.6099,0.4136,21.644
Yp,8,152,4.2247,2.3729,2.6872,22.075
Yp,0,153,3.8861,5.6217,0.4293,23.414
Yp,1,153,3.8890,5.6963,0.4857,23.414
Yp,2,153,3.8938,5.6925,0.8093,21.372
Yp,3,153,3.8928,5.6932,0.8845,21.372
Yp,4,153,4.3586,5.6770,0.7965,21.485
Yp,5,153,4.3602,5.6753,0.7966,21.485
Yp,6,153,4.4605,5.6603,0.6195,21.625
Yp,7,153,4.4382,5.6088,0.3974,21.671
Yp,8,153,4.2247,2.3729,2.6872,22.075
Yp,0,154,3.8892,5.6264,0.4289,21.490
Yp,1,154,3.8890,5.6963,0.4857,23.414
Yp,2,154,3.8938,5.6925,0.8093,21.372
Yp,3,154,3.8928,5.6932,0.8845,21.372
Yp,4,154,4.3586,5.6770,0.7965,21.485
Yp,5,154,4.3602,5.6753,0.7966,21.485
Yp,6,154,4.4605,5.6603,0.6195,21.625
Yp,7,154,4.4518,5.6078,0.3812,21.671
Yp,8,154,4.2247,2.3729,2.6872,22.075
Yp,0,155,3.8923,5.6312,0.4285,21.490
Yp,1,155,3.8890,5.6963,0.4857,23.414
Yp,2,155,3.8938,5.6925,0.8093,21.372
Yp,3,155,3.8928,5.6932,0.8845,21.372
Yp,4,155,4.3586,5.6770,0.7965,21.485
Yp,5,155,4.3602,5.6753,0.7966,21.485
Yp,6,155,4.4605,5.6603,0.6195,21.625
Yp,7,155,4.4653,5.6067,0.3651,21.671
Yp,8,155,4.2247,2.3729,2.6872,22.075
Yp,0,156,3.8872,5.6346,0.4083,23.414
Yp,1,156,3.8890,5.6963,0.4857,23.414
Yp,2,156,3.8938,5.6925,0.8093,21.372
Yp,3,156,3.8928,5.6932,0.8845,21.372
Yp,4,156,4.3586,5.6770,0.7965,21.485
Yp,5,156,4.3602,5.6753,0.7966,21.485
Yp,6,156,4.4605,5.6603,0.6195,21.625
Yp,7,156,4.4789,5.6056,0.3489,21.671
Yp,8,156,4.2247,2.3729,2.6872,22.075
Yp,0,157,3.8904,5.6394,0.4079,21.532
Yp,1,157,3.8890,5.6963,0.4857,23.414
Yp,2,157,3.8938,5.6925,0.8093,21.372
Yp,3,157,3.8928,5.6932,0.8845,21.372
Yp,4,157,4.3586,5.6770,0.7965,21.485
Yp,5,157,4.3602,5.6753,0.7966,21.485
Yp,6,157,4.4605,5.6603,0.6195,21.625
Yp,7,157,4.4925,5.6046,0.3327,21.740
Yp,8,157,4.2247,2.3729,2.6872,22.075
Yp,0,158,3.8935,5.6441,0.4076,21.532
Yp,1,158,3.8890,5.6963,0.4857,23.414
Yp,2,158,3.8938,5.6925,0.8093,21.372
Yp,3,158,3.8928,5.6932,0.8845,21.372
Yp,4,158,4.3586,5.6770,0.7965,21.485
Yp,5,158,4.3602,5.6753,0.7966,21.485
Yp,6,158,4.4605,5.6603,0.6195,21.625
Yp,7,158,4.5086,5.6019,0.3178,21.740
Yp,8,158,4.2247,2.3729,2.6872,22.075
Yp,0,159,3.8886,5.6467,0.3891,23.414
Yp,1,159,3.8890,5.6963,0.4857,23.414
Yp,2,159,3.8938,5.6925,0.8093,21.372
Yp,3,159,3.8928,5.6932,0.8845,21.372
Yp,4,159,4.3586,5.6770,0.7965,21.485
Yp,5,159,4.3602,5.6753,0.7966,21.485
Yp,6,159,4.4605,5.6603,0.6195,21.625
Yp,7,159,4.5247,5.5993,0.3028,21.740
Yp,8,159,4.2247,2.3729,2.6872,22.075
Yp,0,160,3.8838,5.6492,0.3706,23.414
Yp,1,160,3.8890,5.6963,0.4857,23.414
Yp,2,160,3.8938,5.6925,0.8093,21.372
Yp,3,160,3.8928,5.6932,0.8845,21.372
Yp,4,160,4.3586,5.6770,0.7965,21.485
Yp,5,160,4.3602,5.6753,0.7966,21.485
Yp,6,160,4.4605,5.6603,0.6195,21.625
Yp,7,160,4.5408,5.5966,0.2879,21.765
Yp,8,160,4.2247,2.3729,2.6872,22.075
Yp,0,161,3.8869,5.6539,0.3702,23.414
Yp,1,161,3.8890,5.6963,0.4857,23.414
Yp,2,161,3.8938,5.6925,0.8093,21.372
Yp,3,161,3.8928,5.6932,0.8845,21.372
Yp,4,161,4.3586,5.6770,0.7965,21.485
Yp,5,161,4.3602,5.6753,0.7966,21.485
Yp,6,161,4.4605,5.6603,0.6195,21.625
Yp,7,161,4.5566,5.5932,0.2753,21.765
Yp,8,161,4.2247,2.3729,2.6872,22.075
Yp,0,162,3.8900,5.6587,0.3698,21.532
Yp,1,162,3.8890,5.6963,0.4857,23.414
Yp,2,162,3.8938,5.6925,0.8093,21.372
Yp,3,162,3.8928,5.6932,0.8845,21.372
Yp,4,162,4.3586,5.6770,0.7965,21.485
Yp,5,162,4.3602,5.6753,0.7966,21.485
Yp,6,162,4.4605,5.6603,0.6195,21.625
Yp,7,162,4.5724,5.5898,0.2626,21.765
Yp,8,162,4.2247,2.3729,2.6872,22.075
Yp,0,163,3.8932,5.6634,0.3694,21.532
Yp,1,163,3.8890,5.6963,0.4857,23.414
Yp,2,163,3.8938,5.6925,0.8093,21.372
Yp,3,163,3.8928,5.6932,0.8845,21.372
Yp,4,163,4.3586,5.6770,0.7965,21.485
Yp,5,163,4.3602,5.6753,0.7966,21.485
Yp,6,163,4.4605,5.6603,0.6195,21.625
Yp,7,163,4.5883,5.5864,0.2500,21.765
Yp,8,163,4.2247,2.3729,2.6872,22.075
Yp,0,164,3.8883,5.6659,0.3510,23.414
Yp,1,164,3.8890,5.6963,0.4857,23.414
Yp,2,164,3.8938,5.6925,0.8093,21.372
Yp,3,164,3.8928,5.6932,0.8845,21.372
Yp,4,164,4.3586,5.6770,0.7965,21.485
Yp,5,164,4.3602,5.6753,0.7966,21.485
Yp,6,164,4.4605,5.6603,0.6195,21.625
Yp,7,164,4.6041,5.5830,0.2373,21.765
Yp,8,164,4.2247,2.3729,2.6872,22.075
Yp,0,165,3.8834,5.6685,0.3325,23.414
Yp,1,165,3.8890,5.6963,0.4857,23.414
Yp,2,165,3.8938,5.6925,0.8093,21.372
Yp,3,165,3.8928,5.6932,0.8845,21.372
Yp,4,165,4.3586,5.6770,0.7965,21.485
Yp,5,165,4.3602,5.6753,0.7966,21.485
Yp,6,165,4.4605,5.6603,0.6195,21.625
Yp,7,165,4.6092,5.5799,0.2371,23.428
Yp,8,165,4.2247,2.3729,2.6872,22.075
Yp,0,166,3.8866,5.6732,0.3321,23.414
Yp,1,166,3.8890,5.6963,0.4857,23.414
Yp,2,166,3.8938,5.6925,0.8093,21.372
Yp,3,166,3.8928,5.6932,0.8845,21.372
Yp,4,166,4.3586,5.6770,0.7965,21.485
Yp,5,166,4.3602,5.6753,0.7966,21.485
Yp,6,166,4.4605,5.6603,0.6195,21.625
Yp,7,166,4.6143,5.5769,0.2369,23.428
Yp,8,166,4.2247,2.3729,2.6872,22.075
Yp,0,167,3.8897,5.6780,0.3317,21.532
Yp,1,167,3.8890,5.6963,0.4857,23.414
Yp,2,167,3.8938,5.6925,0.8093,21.372
Yp,3,167,3.8928,5.6932,0.8845,21.372
Yp,4,167,4.3586,5.6770,0.7965,21.485
Yp,5,167,4.3602,5.6753,0.7966,21.485
Yp,6,167,4.4605,5.6603,0.6195,21.625
Yp,7,167,4.6194,5.5738,0.2366,23.428
Yp,8,167,4.2247,2.3729,2.6872,22.075
Yp,0,168,3.8929,5.6827,0.3313,21.532
Yp,1,168,3.8890,5.6963,0.4857,23.414
Yp,2,168,3.8938,5.6925,0.8093,21.372
Yp,3,168,3.8928,5.6932,0.8845,21.372
Yp,4,168,4.3586,5.6770,0.7965,21.485
Yp,5,168,4.3602,5.6753,0.7966,21.485
Yp,6,168,4.4605,5.6603,0.6195,21.625
Yp,7,168,4.6245,5.5707,0.2364,23.428
Yp,8,168,4.2247,2.3729,2.6872,22.075
Yp,0,169,3.8880,5.6852,0.3128,23.414
Yp,1,169,3.8890,5.6963,0.4857,23.414
Yp,2,169,3.8938,5.6925,0.8093,21.372
Yp,3,169,3.8928,5.6932,0.8845,21.372
Yp,4,169,4.3586,5.6770,0.7965,21.485
Yp,5,169,4.3602,5.6753,0.7966,21.485
Yp,6,169,4.4605,5.6603,0.6195,21.625
Yp,7,169,4.6296,5.5676,0.2362,23.428
Yp,8,169,4.2247,2.3729,2.6872,22.075
Ym,0,0,3.7000,1.5430,2.6000,18.592
Ym,1,0,3.7750,1.5430,2.6000,18.245
Ym,2,0,3.8500,1.5430,2.6000,18.245
Ym,3,0,3.9250,1.5430,2.6000,18.208
Ym,4,0,4.0000,1.5430,2.6000,18.208
Ym,5,0,4.0750,1.5430,2.6000,18.207
Ym,6,0,4.1500,1.5430,2.6000,18.245
Ym,7,0,4.2250,1.5430,2.6000,18.245
Ym,8,0,4.3000,1.5430,2.6000,22.708
Ym,0,1,3.7155,1.4430,2.5505,20.188
Ym,1,1,3.7879,1.4400,2.5596,19.366
Ym,2,1,3.8629,1.4400,2.5596,19.366
Ym,3,1,3.9279,1.4330,2.5636,19.256
Ym,4,1,4.0029,1.4330,2.5636,19.256
Ym,5,1,4.0721,1.4330,2.5637,19.254
Ym,6,1,4.1371,1.4400,2.5596,19.364
Ym,7,1,4.2121,1.4400,2.5596,19.364
Ym,8,1,4.2722,1.5733,2.6050,22.708
Ym,0,2,3.7313,1.4089,2.5304,20.188
Ym,1,2,3.8017,1.3875,2.5416,19.366
Ym,2,2,3.8767,1.3875,2.5416,19.366
Ym,3,2,3.9333,1.3836,2.5560,19.256
Ym,4,2,4.0083,1.3836,2.5560,19.256
Ym,5,2,4.0668,1.3836,2.5561,19.254
Ym,6,2,4.1233,1.3875,2.5416,19.254
Ym,7,2,4.1983,1.3875,2.5416,19.364
Ym,8,2,4.2445,1.6036,2.6100,18.245
Ym,0,3,3.7471,1.3749,2.5103,20.188
Ym,1,3,3.8145,1.3304,2.5229,19.386
Ym,2,3,3.8895,1.3304,2.5229,19.097
Ym,3,3,3.9389,1.3251,2.5462,19.097
Ym,4,3,4.0027,1.3251,2.5462,19.097
Ym,5,3,4.0612,1.3251,2.5463,19.096
Ym,6,3,4.1177,1.3289,2.5318,19.096
Ym,7,3,4.1856,1.3303,2.5229,19.384
Ym,8,3,4.2361,1.4906,2.5641,19.551
Ym,0,4,3.7593,1.3423,2.4937,20.452
Ym,1,4,3.8273,1.2733,2.5043,19.386
Ym,2,4,3.8951,1.2718,2.5131,19.097
Ym,3,4,3.9446,1.2665,2.5364,19.097
Ym,4,4,4.0084,1.2665,2.5364,19.097
Ym,5,4,4.0556,1.2665,2.5365,19.096
Ym,6,4,4.1122,1.2704,2.5220,19.096
Ym,7,4,4.1729,1.2732,2.5043,19.384
Ym,8,4,4.2223,1.4381,2.5461,19.364
Ym,0,5,3.7714,1.3097,2.4771,19.386
Ym,1,5,3.8369,1.2166,2.4869,19.721
Ym,2,5,3.8999,1.2022,2.4988,19.036
Ym,3,5,3.9494,1.1969,2.5221,19.036
Ym,4,5,4.0036,1.1969,2.5221,19.036
Ym,5,5,4.0508,1.1969,2.5221,19.034
Ym,6,5,4.1074,1.2007,2.5077,19.034
Ym,7,5,4.1633,1.2165,2.4869,19.718
Ym,8,5,4.2085,1.3856,2.5281,19.364
Ym,0,6,3.7841,1.2526,2.4584,19.386
Ym,1,6,3.8465,1.1600,2.4696,19.721
Ym,2,6,3.9048,1.1326,2.4845,19.036
Ym,3,6,3.9542,1.1273,2.5078,19.087
Ym,4,6,4.0084,1.1272,2.5078,19.087
Ym,5,6,4.0461,1.1272,2.5078,19.085
Ym,6,6,4.1026,1.1311,2.4933,19.034
Ym,7,6,4.1537,1.1598,2.4695,19.718
Ym,8,6,4.1958,1.3284,2.5094,19.384
Ym,0,7,3.7920,1.2283,2.4401,20.590
Ym,1,7,3.8561,1.1033,2.4522,19.967
Ym,2,7,3.9091,1.0607,2.4691,19.087
Ym,3,7,3.9585,1.0554,2.4924,19.087
Ym,4,7,4.0041,1.0554,2.4925,19.087
Ym,5,7,4.0418,1.0553,2.4925,19.085
Ym,6,7,4.0984,1.0592,2.4780,19.085
Ym,7,7,4.1441,1.1030,2.4521,19.963
Ym,8,7,4.1831,1.2713,2.4908,19.384
Ym,0,8,3.7999,1.2039,2.4218,20.590
Ym,1,8,3.8627,1.0753,2.4341,20.593
Ym,2,8,3.9134,0.9889,2.4538,19.177
Ym,3,8,3.9628,0.9835,2.4771,19.177
Ym,4,8,4.0084,0.9835,2.4771,19.177
Ym,5,8,4.0376,0.9834,2.4772,19.174
Ym,6,8,4.0941,0.9873,2.4627,19.174
Ym,7,8,4.1376,1.0750,2.4340,20.589
Ym,8,8,4.1735,1.2146,2.4734,19.718
Ym,0,9,3.8077,1.1796,2.4035,20.590
Ym,1,9,3.8692,1.0474,2.4160,20.593
Ym,2,9,3.9174,0.9441,2.4315,19.774
Ym,3,9,3.9667,0.9110,2.4615,19.177
Ym,4,9,4.0046,0.9110,2.4615,19.177
Ym,5,9,4.0337,0.9109,2.4616,19.174
Ym,6,9,4.0903,0.9148,2.4471,19.770
Ym,7,9,4.1310,1.0470,2.4159,20.589
Ym,8,9,4.1639,1.1579,2.4560,19.718
Ym,0,10,3.8156,1.1552,2.3852,20.590
Ym,1,10,3.8758,1.0194,2.3980,20.593
Ym,2,10,3.9215,0.8993,2.4093,19.774
Ym,3,10,3.9702,0.8391,2.4461,19.753
Ym,4,10,4.0081,0.8390,2.4461,19.753
Ym,5,10,4.0303,0.8389,2.4462,19.749
Ym,6,10,4.0863,0.8699,2.4248,19.749
Ym,7,10,4.1264,1.0072,2.3939,19.770
Ym,8,10,4.1574,1.1299,2.4379,20.589
Ym,0,11,3.8235,1.1309,2.3668,20.590
Ym,1,11,3.8812,0.9893,2.3808,20.639
Ym,2,11,3.9250,0.8507,2.3872,19.753
Ym,3,11,3.9737,0.7905,2.4240,19.753
Ym,4,11,4.0046,0.7904,2.4240,19.753
Ym,5,11,4.0268,0.7903,2.4241,19.749
Ym,6,11,4.0828,0.8213,2.4027,19.749
Ym,7,11,4.1223,0.9624,2.3717,19.770
Ym,8,11,4.1508,1.1018,2.4198,20.589
Ym,0,12,3.8300,1.1029,2.3488,20.593
Ym,1,12,3.8866,0.9592,2.3636,20.639
Ym,2,12,3.9286,0.8021,2.3651,19.753
Ym,3,12,3.9767,0.7391,2.4024,19.758
Ym,4,12,4.0077,0.7390,2.4024,19.758
Ym,5,12,4.0238,0.7388,2.4024,19.754
Ym,6,12,4.0793,0.7726,2.3806,19.749
Ym,7,12,4.1183,0.9176,2.3494,19.770
Ym,8,12,4.1443,1.0738,2.4017,20.589
Ym,0,13,3.8366,1.0750,2.3307,20.593
Ym,1,13,3.8906,0.9144,2.3414,19.774
Ym,2,13,3.9321,0.7535,2.3430,19.758
Ym,3,13,3.9798,0.6877,2.3807,19.758
Ym,4,13,4.0047,0.6875,2.3807,19.758
Ym,5,13,4.0208,0.6874,2.3807,19.754
Ym,6,13,4.0763,0.7211,2.3589,19.754
Ym,7,13,4.1143,0.8728,2.3272,20.042
Ym,8,13,4.1378,1.0458,2.3836,20.589
Ym,0,14,3.8421,1.0573,2.3157,20.966
Ym,1,14,3.8947,0.8696,2.3191,20.047
Ym,2,14,3.9351,0.7021,2.3214,20.015
Ym,3,14,3.9828,0.6363,2.3591,19.817
Ym,4,14,4.0077,0.6361,2.3591,19.817
Ym,5,14,4.0178,0.6359,2.3591,19.813
Ym,6,14,4.0733,0.6697,2.3373,19.754
Ym,7,14,4.1110,0.8342,2.3054,20.042
Ym,8,14,4.1313,1.0177,2.3654,20.589
Ym,0,15,3.8476,1.0397,2.3007,20.966
Ym,1,15,3.8980,0.8311,2.2974,20.047
Ym,2,15,3.9380,0.6600,2.2997,20.015
Ym,3,15,3.9850,0.5821,2.3388,19.817
Ym,4,15,4.0099,0.5819,2.3388,19.813
Ym,5,15,4.0156,0.5816,2.3387,19.813
Ym,6,15,4.0713,0.6230,2.3161,19.993
Ym,7,15,4.1078,0.7957,2.2837,20.042
Ym,8,15,4.1272,0.9729,2.3432,19.770
Ym,0,16,3.8531,1.0221,2.2858,20.966
Ym,1,16,3.9013,0.7927,2.2757,20.047
Ym,2,16,3.9400,0.6134,2.2786,19.997
Ym,3,16,3.9870,0.5355,2.3176,19.997
Ym,4,16,4.0119,0.5353,2.3176,19.993
Ym,5,16,4.0136,0.5350,2.3176,19.993
Ym,6,16,4.0693,0.5764,2.2950,19.993
Ym,7,16,4.1046,0.7572,2.2620,20.010
Ym,8,16,4.1232,0.9281,2.3209,20.099
Ym,0,17,3.8586,1.0045,2.2708,20.950
Ym,1,17,3.9046,0.7542,2.2540,20.015
Ym,2,17,3.9420,0.5669,2.2574,19.997
Ym,3,17,3.9883,0.4881,2.2968,19.992
Ym,4,17,4.0106,0.4879,2.2968,19.988
Ym,5,17,4.0123,0.4875,2.2967,19.988
Ym,6,17,4.0673,0.5297,2.2738,19.988
Ym,7,17,4.1017,0.7151,2.2402,20.010
Ym,8,17,4.1195,0.8940,2.2996,20.099
Ym,0,18,3.8633,0.9836,2.2557,20.950
Ym,1,18,3.9075,0.7121,2.2323,20.015
Ym,2,18,3.9440,0.5203,2.2363,19.992
Ym,3,18,3.9896,0.4407,2.2760,19.992
Ym,4,18,4.0093,0.4404,2.2759,19.988
Ym,5,18,4.0110,0.4401,2.2759,19.988
Ym,6,18,4.0660,0.4823,2.2530,19.988
Ym,7,18,4.0989,0.6730,2.2185,20.010
Ym,8,18,4.1163,0.8555,2.2778,20.042
Ym,0,19,3.8679,0.9627,2.2405,20.950
Ym,1,19,3.9103,0.6701,2.2106,20.015
Ym,2,19,3.9454,0.4729,2.2155,19.992
Ym,3,19,3.9909,0.3934,2.2551,19.986
Ym,4,19,4.0106,0.3930,2.2551,19.982
Ym,5,19,4.0097,0.3926,2.2550,19.982
Ym,6,19,4.0647,0.4348,2.2321,19.988
Ym,7,19,4.0963,0.6389,2.1974,20.196
Ym,8,19,4.1130,0.8169,2.2561,20.042
Ym,0,20,3.8726,0.9417,2.2254,20.950
Ym,1,20,3.9122,0.6306,2.1894,20.201
Ym,2,20,3.9465,0.4320,2.1942,20.166
Ym,3,20,3.9911,0.3470,2.2345,19.986
Ym,4,20,4.0104,0.3466,2.2344,19.982
Ym,5,20,4.0096,0.3461,2.2343,19.982
Ym,6,20,4.0634,0.3874,2.2113,19.982
Ym,7,20,4.0945,0.5994,2.1762,20.196
Ym,8,20,4.1098,0.7784,2.2344,20.042
Ym,0,21,3.8773,0.9208,2.2103,20.950
Ym,1,21,3.9140,0.5912,2.1683,20.201
Ym,2,21,3.9477,0.3912,2.1730,20.130
Ym,3,21,3.9913,0.3005,2.2138,19.986
Ym,4,21,4.0103,0.3001,2.2136,19.982
Ym,5,21,4.0094,0.2997,2.2136,19.982
Ym,6,21,4.0633,0.3468,2.1897,20.126
Ym,7,21,4.0927,0.5598,2.1550,20.196
Ym,8,21,4.1069,0.7363,2.2127,20.010
Ym,0,22,3.8812,0.9069,2.1975,21.224
Ym,1,22,3.9158,0.5517,2.1471,20.201
Ym,2,22,3.9478,0.3507,2.1514,20.130
Ym,3,22,3.9894,0.2633,2.1915,20.102
Ym,4,22,4.0121,0.2628,2.1913,20.099
Ym,5,22,4.0112,0.2624,2.1913,20.099
Ym,6,22,4.0633,0.3063,2.1681,20.126
Ym,7,22,4.0909,0.5203,2.1337,20.162
Ym,8,22,4.1044,0.7022,2.1915,20.266
Ym,0,23,3.8852,0.8929,2.1848,21.224
Ym,1,23,3.9177,0.5123,2.1259,20.166
Ym,2,23,3.9478,0.3102,2.1299,20.130
Ym,3,23,3.9876,0.2261,2.1692,20.102
Ym,4,23,4.0139,0.2255,2.1691,20.099
Ym,5,23,4.0131,0.2251,2.1690,20.099
Ym,6,23,4.0651,0.2690,2.1458,20.099
Ym,7,23,4.0897,0.4794,2.1125,20.162
Ym,8,23,4.1018,0.6682,2.1704,20.266
Ym,0,24,3.8887,0.8761,2.1718,21.200
Ym,1,24,3.9188,0.4714,2.1047,20.166
Ym,2,24,3.9460,0.2730,2.1076,20.102
Ym,3,24,3.9858,0.1888,2.1469,20.102
Ym,4,24,4.0157,0.1882,2.1468,20.099
Ym,5,24,4.0149,0.1878,2.1467,20.099
Ym,6,24,4.0669,0.2317,2.1235,20.099
Ym,7,24,4.0885,0.4385,2.0912,20.162
Ym,8,24,4.0992,0.6341,2.1492,20.196
Ym,0,25,3.8916,0.8459,2.1510,20.328
Ym,1,25,3.9200,0.4306,2.0834,20.349
Ym,2,25,3.9442,0.2357,2.0853,20.234
Ym,3,25,3.9840,0.1516,2.1247,20.082
Ym,4,25,4.0209,0.1599,2.1227,20.079
Ym,5,25,4.0200,0.1595,2.1226,20.079
Ym,6,25,4.0687,0.1944,2.1012,20.099
Ym,7,25,4.0875,0.4035,2.0700,20.285
Ym,8,25,4.0974,0.5945,2.1280,20.196
Ym,0,26,3.8946,0.8157,2.1303,20.328
Ym,1,26,3.9210,0.3957,2.0623,20.289
Ym,2,26,3.9424,0.2033,2.0623,20.234
Ym,3,26,3.9788,0.1233,2.1006,20.082
Ym,4,26,4.0260,0.1316,2.0985,20.079
Ym,5,26,4.0251,0.1312,2.0985,20.079
Ym,6,26,4.0705,0.1571,2.0789,20.179
Ym,7,26,4.0875,0.3685,2.0482,20.285
Ym,8,26,4.0956,0.5550,2.1068,20.196
Ym,0,27,3.8975,0.7855,2.1095,20.328
Ym,1,27,3.9210,0.3607,2.0405,20.289
Ym,2,27,3.9406,0.1708,2.0393,20.234
Ym,3,27,3.9740,0.0987,2.0750,20.182
Ym,4,27,4.0308,0.1069,2.0730,20.179
Ym,5,27,4.0299,0.1065,2.0729,20.179
Ym,6,27,4.0753,0.1324,2.0533,20.179
Ym,7,27,4.0876,0.3334,2.0264,20.285
Ym,8,27,4.0938,0.5155,2.0856,20.344
Ym,0,28,3.9004,0.7553,2.0887,20.511
Ym,1,28,3.9210,0.3257,2.0188,20.289
Ym,2,28,3.9358,0.1461,2.0138,20.182
Ym,3,28,3.9691,0.0741,2.0495,20.182
Ym,4,28,4.0356,0.0822,2.0474,20.179
Ym,5,28,4.0348,0.0818,2.0473,20.179
Ym,6,28,4.0802,0.1077,2.0278,20.179
Ym,7,28,4.0876,0.2984,2.0046,20.285
Ym,8,28,4.0928,0.4805,2.0644,20.344
Ym,0,29,3.9027,0.7279,2.0687,20.511
Ym,1,29,3.9210,0.2907,1.9970,20.289
Ym,2,29,3.9309,0.1215,1.9883,20.182
Ym,3,29,3.9643,0.0494,2.0240,20.182
Ym,4,29,4.0404,0.0575,2.0219,20.179
Ym,5,29,4.0396,0.0571,2.0218,20.179
Ym,6,29,4.0850,0.0830,2.0022,20.179
Ym,7,29,4.0894,0.2658,1.9816,20.231
Ym,8,29,4.0918,0.4456,2.0433,20.344
Ym,0,30,3.9050,0.7006,2.0486,20.511
Ym,1,30,3.9192,0.2582,1.9740,20.234
Ym,2,30,3.9261,0.0969,1.9627,20.293
Ym,3,30,3.9594,0.0248,1.9984,20.182
Ym,4,30,4.0452,0.0328,1.9963,20.179
Ym,5,30,4.0444,0.0324,1.9962,20.179
Ym,6,30,4.0898,0.0583,1.9766,20.179
Ym,7,30,4.0911,0.2333,1.9586,20.370
Ym,8,30,4.0908,0.4106,2.0222,20.344
Ym,0,31,3.9073,0.6732,2.0285,20.511
Ym,1,31,3.9175,0.2300,1.9508,20.374
Ym,2,31,3.9216,0.0755,1.9365,20.293
Ym,3,31,3.9546,0.0002,1.9729,20.182
Ym,4,31,4.0501,0.0082,1.9707,20.179
Ym,5,31,4.0492,0.0077,1.9706,20.179
Ym,6,31,4.0943,0.0369,1.9504,20.289
Ym,7,31,4.0928,0.2050,1.9354,20.370
Ym,8,31,4.0908,0.3755,2.0004,20.285
Ym,0,32,3.9096,0.6458,2.0084,20.406
Ym,1,32,3.9158,0.2018,1.9277,20.374
Ym,2,32,3.9171,0.0541,1.9102,20.293
Ym,3,32,3.9546,0.0002,1.9729,20.182
Ym,4,32,4.0501,0.0082,1.9707,20.179
Ym,5,32,4.0492,0.0077,1.9706,20.179
Ym,6,32,4.0987,0.0154,1.9241,20.289
Ym,7,32,4.0945,0.1767,1.9122,20.370
Ym,8,32,4.0908,0.3405,1.9786,20.285
Ym,0,33,3.9112,0.6126,1.9877,20.406
Ym,1,33,3.9141,0.1736,1.9045,20.374
Ym,2,33,3.9126,0.0327,1.8839,20.293
Ym,3,33,3.9546,0.0002,1.9729,20.182
Ym,4,33,4.0501,0.0082,1.9707,20.179
Ym,5,33,4.0492,0.0077,1.9706,20.179
Ym,6,33,4.0987,0.0154,1.9241,20.289
Ym,7,33,4.0990,0.1553,1.8859,20.289
Ym,8,33,4.0909,0.3103,1.9570,20.446
Ym,0,34,3.9129,0.5795,1.9670,20.599
Ym,1,34,3.9096,0.1522,1.8783,20.293
Ym,2,34,3.9081,0.0113,1.8577,20.293
Ym,3,34,3.9546,0.0002,1.9729,20.182
Ym,4,34,4.0501,0.0082,1.9707,20.179
Ym,5,34,4.0492,0.0077,1.9706,20.179
Ym,6,34,4.0987,0.0154,1.9241,20.289
Ym,7,34,4.1034,0.1339,1.8596,20.289
Ym,8,34,4.0910,0.2802,1.9354,20.370
Ym,0,35,3.9143,0.5517,1.9472,20.599
Ym,1,35,3.9051,0.1308,1.8520,20.293
Ym,2,35,3.9081,0.0113,1.8577,20.293
Ym,3,35,3.9546,0.0002,1.9729,20.182
Ym,4,35,4.0501,0.0082,1.9707,20.179
Ym,5,35,4.0492,0.0077,1.9706,20.179
Ym,6,35,4.0987,0.0154,1.9241,20.289
Ym,7,35,4.1072,0.1178,1.8334,20.517
Ym,8,35,4.0927,0.2519,1.9122,20.370
Ym,0,36,3.9157,0.5239,1.9273,20.527
Ym,1,36,3.9013,0.1148,1.8258,20.520
Ym,2,36,3.9081,0.0113,1.8577,20.293
Ym,3,36,3.9546,0.0002,1.9729,20.182
Ym,4,36,4.0501,0.0082,1.9707,20.179
Ym,5,36,4.0492,0.0077,1.9706,20.179
Ym,6,36,4.0987,0.0154,1.9241,20.289
Ym,7,36,4.1109,0.1016,1.8072,20.517
Ym,8,36,4.0944,0.2236,1.8891,20.370
Ym,0,37,3.9166,0.4942,1.9068,20.527
Ym,1,37,3.8975,0.0987,1.7997,20.520
Ym,2,37,3.9081,0.0113,1.8577,20.293
Ym,3,37,3.9546,0.0002,1.9729,20.182
Ym,4,37,4.0501,0.0082,1.9707,20.179
Ym,5,37,4.0492,0.0077,1.9706,20.179
Ym,6,37,4.0987,0.0154,1.9241,20.289
Ym,7,37,4.1147,0.0855,1.7811,20.517
Ym,8,37,4.0961,0.1954,1.8659,20.370
Ym,0,38,3.9174,0.4645,1.8862,20.527
Ym,1,38,3.8937,0.0826,1.7735,20.520
Ym,2,38,3.9081,0.0113,1.8577,20.293
Ym,3,38,3.9546,0.0002,1.9729,20.182
Ym,4,38,4.0501,0.0082,1.9707,20.179
Ym,5,38,4.0492,0.0077,1.9706,20.179
Ym,6,38,4.0987,0.0154,1.9241,20.289
Ym,7,38,4.1185,0.0694,1.7549,20.517
Ym,8,38,4.0977,0.1671,1.8427,20.517
Ym,0,39,3.9183,0.4349,1.8657,20.527
Ym,1,39,3.8899,0.0666,1.7474,20.520
Ym,2,39,3.9081,0.0113,1.8577,20.293
Ym,3,39,3.9546,0.0002,1.9729,20.182
Ym,4,39,4.0501,0.0082,1.9707,20.179
Ym,5,39,4.0492,0.0077,1.9706,20.179
Ym,6,39,4.0987,0.0154,1.9241,20.289
Ym,7,39,4.1222,0.0533,1.7287,20.626
Ym,8,39,4.1015,0.1510,1.8165,20.517
Ym,0,40,3.9191,0.4052,1.8452,20.748
Ym,1,40,3.8807,0.0576,1.7248,20.880
Ym,2,40,3.9081,0.0113,1.8577,20.293
Ym,3,40,3.9546,0.0002,1.9729,20.182
Ym,4,40,4.0501,0.0082,1.9707,20.179
Ym,5,40,4.0492,0.0077,1.9706,20.179
Ym,6,40,4.0987,0.0154,1.9241,20.289
Ym,7,40,4.1256,0.0393,1.7030,20.626
Ym,8,40,4.1053,0.1349,1.7903,20.517
Ym,0,41,3.9189,0.3830,1.8250,20.748
Ym,1,41,3.8723,0.0498,1.7024,20.880
Ym,2,41,3.9081,0.0113,1.8577,20.293
Ym,3,41,3.9546,0.0002,1.9729,20.182
Ym,4,41,4.0501,0.0082,1.9707,20.179
Ym,5,41,4.0492,0.0077,1.9706,20.179
Ym,6,41,4.0987,0.0154,1.9241,20.289
Ym,7,41,4.1291,0.0254,1.6774,20.626
Ym,8,41,4.1090,0.1188,1.7641,20.517
Ym,0,42,3.9187,0.3609,1.8049,20.748
Ym,1,42,3.8640,0.0421,1.6801,20.880
Ym,2,42,3.9081,0.0113,1.8577,20.293
Ym,3,42,3.9546,0.0002,1.9729,20.182
Ym,4,42,4.0501,0.0082,1.9707,20.179
Ym,5,42,4.0492,0.0077,1.9706,20.179
Ym,6,42,4.0987,0.0154,1.9241,20.289
Ym,7,42,4.1374,0.0176,1.6550,20.879
Ym,8,42,4.1128,0.1027,1.7379,20.517
Ym,0,43,3.9185,0.3387,1.7847,20.748
Ym,1,43,3.8556,0.0343,1.6577,20.880
Ym,2,43,3.9081,0.0113,1.8577,20.293
Ym,3,43,3.9546,0.0002,1.9729,20.182
Ym,4,43,4.0501,0.0082,1.9707,20.179
Ym,5,43,4.0492,0.0077,1.9706,20.179
Ym,6,43,4.0987,0.0154,1.9241,20.289
Ym,7,43,4.1457,0.0098,1.6326,20.879
Ym,8,43,4.1162,0.0887,1.7123,20.626
Ym,0,44,3.9182,0.3166,1.7646,20.748
Ym,1,44,3.8473,0.0265,1.6353,20.880
Ym,2,44,3.9081,0.0113,1.8577,20.293
Ym,3,44,3.9546,0.0002,1.9729,20.182
Ym,4,44,4.0501,0.0082,1.9707,20.179
Ym,5,44,4.0492,0.0077,1.9706,20.179
Ym,6,44,4.0987,0.0154,1.9241,20.289
Ym,7,44,4.1540,0.0020,1.6101,20.879
Ym,8,44,4.1196,0.0747,1.6866,20.626
Ym,0,45,3.9180,0.2944,1.7444,20.748
Ym,1,45,3.8389,0.0187,1.6129,20.880
Ym,2,45,3.9081,0.0113,1.8577,20.293
Ym,3,45,3.9546,0.0002,1.9729,20.182
Ym,4,45,4.0501,0.0082,1.9707,20.179
Ym,5,45,4.0492,0.0077,1.9706,20.179
Ym,6,45,4.0987,0.0154,1.9241,20.289
Ym,7,45,4.1540,0.0020,1.6101,20.879
Ym,8,45,4.1231,0.0608,1.6610,20.626
Ym,0,46,3.9165,0.2733,1.7221,20.766
Ym,1,46,3.8314,0.0120,1.5908,20.942
Ym,2,46,3.9081,0.0113,1.8577,20.293
Ym,3,46,3.9546,0.0002,1.9729,20.182
Ym,4,46,4.0501,0.0082,1.9707,20.179
Ym,5,46,4.0492,0.0077,1.9706,20.179
Ym,6,46,4.0987,0.0154,1.9241,20.289
Ym,7,46,4.1540,0.0020,1.6101,20.879
Ym,8,46,4.1265,0.0468,1.6353,20.626
Ym,0,47,3.9150,0.2550,1.7005,20.766
Ym,1,47,3.8239,0.0052,1.5688,20.942
Ym,2,47,3.9081,0.0113,1.8577,20.293
Ym,3,47,3.9546,0.0002,1.9729,20.182
Ym,4,47,4.0501,0.0082,1.9707,20.179
Ym,5,47,4.0492,0.0077,1.9706,20.179
Ym,6,47,4.0987,0.0154,1.9241,20.289
Ym,7,47,4.1540,0.0020,1.6101,20.879
Ym,8,47,4.1299,0.0329,1.6097,20.941
Ym,0,48,3.9136,0.2367,1.6789,20.766
Ym,1,48,3.8239,0.0052,1.5688,20.942
Ym,2,48,3.9081,0.0113,1.8577,20.293
Ym,3,48,3.9546,0.0002,1.9729,20.182
Ym,4,48,4.0501,0.0082,1.9707,20.179
Ym,5,48,4.0492,0.0077,1.9706,20.179
Ym,6,48,4.0987,0.0154,1.9241,20.289
Ym,7,48,4.1540,0.0020,1.6101,20.879
Ym,8,48,4.1374,0.0261,1.5876,20.941
Ym,0,49,3.9122,0.2184,1.6573,20.766
Ym,1,49,3.8239,0.0052,1.5688,20.942
Ym,2,49,3.9081,0.0113,1.8577,20.293
Ym,3,49,3.9546,0.0002,1.9729,20.182
Ym,4,49,4.0501,0.0082,1.9707,20.179
Ym,5,49,4.0492,0.0077,1.9706,20.179
Ym,6,49,4.0987,0.0154,1.9241,20.289
Ym,7,49,4.1540,0.0020,1.6101,20.879
Ym,8,49,4.1449,0.0193,1.5656,20.941
Ym,0,50,3.9108,0.2001,1.6357,20.766
Ym,1,50,3.8239,0.0052,1.5688,20.942
Ym,2,50,3.9081,0.0113,1.8577,20.293
Ym,3,50,3.9546,0.0002,1.9729,20.182
Ym,4,50,4.0501,0.0082,1.9707,20.179
Ym,5,50,4.0492,0.0077,1.9706,20.179
Ym,6,50,4.0987,0.0154,1.9241,20.289
Ym,7,50,4.1540,0.0020,1.6101,20.879
Ym,8,50,4.1524,0.0125,1.5435,20.941
Ym,0,51,3.9093,0.1818,1.6142,20.766
Ym,1,51,3.8239,0.0052,1.5688,20.942
Ym,2,51,3.9081,0.0113,1.8577,20.293
Ym,3,51,3.9546,0.0002,1.9729,20.182
Ym,4,51,4.0501,0.0082,1.9707,20.179
Ym,5,51,4.0492,0.0077,1.9706,20.179
Ym,6,51,4.0987,0.0154,1.9241,20.289
Ym,7,51,4.1540,0.0020,1.6101,20.879
Ym,8,51,4.1599,0.0058,1.5214,20.941
Ym,0,52,3.9080,0.1659,1.5935,20.731
Ym,1,52,3.8239,0.0052,1.5688,20.942
Ym,2,52,3.9081,0.0113,1.8577,20.293
Ym,3,52,3.9546,0.0002,1.9729,20.182
Ym,4,52,4.0501,0.0082,1.9707,20.179
Ym,5,52,4.0492,0.0077,1.9706,20.179
Ym,6,52,4.0987,0.0154,1.9241,20.289
Ym,7,52,4.1540,0.0020,1.6101,20.879
Ym,8,52,4.1599,0.0058,1.5214,20.941
Ym,0,53,3.9048,0.1538,1.5686,20.731
Ym,1,53,3.8239,0.0052,1.5688,20.942
Ym,2,53,3.9081,0.0113,1.8577,20.293
Ym,3,53,3.9546,0.0002,1.9729,20.182
Ym,4,53,4.0501,0.0082,1.9707,20.179
Ym,5,53,4.0492,0.0077,1.9706,20.179
Ym,6,53,4.0987,0.0154,1.9241,20.289
Ym,7,53,4.1540,0.0020,1.6101,20.879
Ym,8,53,4.1599,0.0058,1.5214,20.941
Ym,0,54,3.9017,0.1418,1.5437,20.731
Ym,1,54,3.8239,0.0052,1.5688,20.942
Ym,2,54,3.9081,0.0113,1.8577,20.293
Ym,3,54,3.9546,0.0002,1.9729,20.182
Ym,4,54,4.0501,0.0082,1.9707,20.179
Ym,5,54,4.0492,0.0077,1.9706,20.179
Ym,6,54,4.0987,0.0154,1.9241,20.289
Ym,7,54,4.1540,0.0020,1.6101,20.879
Ym,8,54,4.1599,0.0058,1.5214,20.941
Ym,0,55,3.8986,0.1297,1.5187,20.731
Ym,1,55,3.8239,0.0052,1.5688,20.942
Ym,2,55,3.9081,0.0113,1.8577,20.293
Ym,3,55,3.9546,0.0002,1.9729,20.182
Ym,4,55,4.0501,0.0082,1.9707,20.179
Ym,5,55,4.0492,0.0077,1.9706,20.179
Ym,6,55,4.0987,0.0154,1.9241,20.289
Ym,7,55,4.1540,0.0020,1.6101,20.879
Ym,8,55,4.1599,0.0058,1.5214,20.941
Ym,0,56,3.8954,0.1176,1.4938,20.731
Ym,1,56,3.8239,0.0052,1.5688,20.942
Ym,2,56,3.9081,0.0113,1.8577,20.293
Ym,3,56,3.9546,0.0002,1.9729,20.182
Ym,4,56,4.0501,0.0082,1.9707,20.179
Ym,5,56,4.0492,0.0077,1.9706,20.179
Ym,6,56,4.0987,0.0154,1.9241,20.289
Ym,7,56,4.1540,0.0020,1.6101,20.879
Ym,8,56,4.1599,0.0058,1.5214,20.941
Ym,0,57,3.8926,0.1071,1.4698,20.826
Ym,1,57,3.8239,0.0052,1.5688,20.942
Ym,2,57,3.9081,0.0113,1.8577,20.293
Ym,3,57,3.9546,0.0002,1.9729,20.182
Ym,4,57,4.0501,0.0082,1.9707,20.179
Ym,5,57,4.0492,0.0077,1.9706,20.179
Ym,6,57,4.0987,0.0154,1.9241,20.289
Ym,7,57,4.1540,0.0020,1.6101,20.879
Ym,8,57,4.1599,0.0058,1.5214,20.941
Ym,0,58,3.8897,0.0966,1.4457,20.826
Ym,1,58,3.8239,0.0052,1.5688,20.942
Ym,2,58,3.9081,0.0113,1.8577,20.293
Ym,3,58,3.9546,0.0002,1.9729,20.182
Ym,4,58,4.0501,0.0082,1.9707,20.179
Ym,5,58,4.0492,0.0077,1.9706,20.179
Ym,6,58,4.0987,0.0154,1.9241,20.289
Ym,7,58,4.1540,0.0020,1.6101,20.879
Ym,8,58,4.1599,0.0058,1.5214,20.941
Ym,0,59,3.8830,0.0907,1.4242,21.002
Ym,1,59,3.8239,0.0052,1.5688,20.942
Ym,2,59,3.9081,0.0113,1.8577,20.293
Ym,3,59,3.9546,0.0002,1.9729,20.182
Ym,4,59,4.0501,0.0082,1.9707,20.179
Ym,5,59,4.0492,0.0077,1.9706,20.179
Ym,6,59,4.0987,0.0154,1.9241,20.289
Ym,7,59,4.1540,0.0020,1.6101,20.879
Ym,8,59,4.1599,0.0058,1.5214,20.941
Ym,0,60,3.8762,0.0848,1.4026,21.002
Ym,1,60,3.8239,0.0052,1.5688,20.942
Ym,2,60,3.9081,0.0113,1.8577,20.293
Ym,3,60,3.9546,0.0002,1.9729,20.182
Ym,4,60,4.0501,0.0082,1.9707,20.179
Ym,5,60,4.0492,0.0077,1.9706,20.179
Ym,6,60,4.0987,0.0154,1.9241,20.289
Ym,7,60,4.1540,0.0020,1.6101,20.879
Ym,8,60,4.1599,0.0058,1.5214,20.941
Ym,0,61,3.8695,0.0789,1.3810,21.002
Ym,1,61,3.8239,0.0052,1.5688,20.942
Ym,2,61,3.9081,0.0113,1.8577,20.293
Ym,3,61,3.9546,0.0002,1.9729,20.182
Ym,4,61,4.0501,0.0082,1.9707,20.179
Ym,5,61,4.0492,0.0077,1.9706,20.179
Ym,6,61,4.0987,0.0154,1.9241,20.289
Ym,7,61,4.1540,0.0020,1.6101,20.879
Ym,8,61,4.1599,0.0058,1.5214,20.941
Ym,0,62,3.8627,0.0730,1.3595,21.058
Ym,1,62,3.8239,0.0052,1.5688,20.942
Ym,2,62,3.9081,0.0113,1.8577,20.293
Ym,3,62,3.9546,0.0002,1.9729,20.182
Ym,4,62,4.0501,0.0082,1.9707,20.179
Ym,5,62,4.0492,0.0077,1.9706,20.179
Ym,6,62,4.0987,0.0154,1.9241,20.289
Ym,7,62,4.1540,0.0020,1.6101,20.879
Ym,8,62,4.1599,0.0058,1.5214,20.941
Ym,0,63,3.8567,0.0679,1.3385,21.058
Ym,1,63,3.8239,0.0052,1.5688,20.942
Ym,2,63,3.9081,0.0113,1.8577,20.293
Ym,3,63,3.9546,0.0002,1.9729,20.182
Ym,4,63,4.0501,0.0082,1.9707,20.179
Ym,5,63,4.0492,0.0077,1.9706,20.179
Ym,6,63,4.0987,0.0154,1.9241,20.289
Ym,7,63,4.1540,0.0020,1.6101,20.879
Ym,8,63,4.1599,0.0058,1.5214,20.941
Ym,0,64,3.8506,0.0627,1.3175,21.058
Ym,1,64,3.8239,0.0052,1.5688,20.942
Ym,2,64,3.9081,0.0113,1.8577,20.293
Ym,3,64,3.9546,0.0002,1.9729,20.182
Ym,4,64,4.0501,0.0082,1.9707,20.179
Ym,5,64,4.0492,0.0077,1.9706,20.179
Ym,6,64,4.0987,0.0154,1.9241,20.289
Ym,7,64,4.1540,0.0020,1.6101,20.879
Ym,8,64,4.1599,0.0058,1.5214,20.941
Ym,0,65,3.8445,0.0576,1.2965,21.058
Ym,1,65,3.8239,0.0052,1.5688,20.942
Ym,2,65,3.9081,0.0113,1.8577,20.293
Ym,3,65,3.9546,0.0002,1.9729,20.182
Ym,4,65,4.0501,0.0082,1.9707,20.179
Ym,5,65,4.0492,0.0077,1.9706,20.179
Ym,6,65,4.0987,0.0154,1.9241,20.289
Ym,7,65,4.1540,0.0020,1.6101,20.879
Ym,8,65,4.1599,0.0058,1.5214,20.941
Ym,0,66,3.8384,0.0524,1.2755,21.058
Ym,1,66,3.8239,0.0052,1.5688,20.942
Ym,2,66,3.9081,0.0113,1.8577,20.293
Ym,3,66,3.9546,0.0002,1.9729,20.182
Ym,4,66,4.0501,0.0082,1.9707,20.179
Ym,5,66,4.0492,0.0077,1.9706,20.179
Ym,6,66,4.0987,0.0154,1.9241,20.289
Ym,7,66,4.1540,0.0020,1.6101,20.879
Ym,8,66,4.1599,0.0058,1.5214,20.941
Ym,0,67,3.8324,0.0472,1.2545,21.058
Ym,1,67,3.8239,0.0052,1.5688,20.942
Ym,2,67,3.9081,0.0113,1.8577,20.293
Ym,3,67,3.9546,0.0002,1.9729,20.182
Ym,4,67,4.0501,0.0082,1.9707,20.179
Ym,5,67,4.0492,0.0077,1.9706,20.179
Ym,6,67,4.0987,0.0154,1.9241,20.289
Ym,7,67,4.1540,0.0020,1.6101,20.879
Ym,8,67,4.1599,0.0058,1.5214,20.941
Ym,0,68,3.8275,0.0432,1.2347,21.161
Ym,1,68,3.8239,0.0052,1.5688,20.942
Ym,2,68,3.9081,0.0113,1.8577,20.293
Ym,3,68,3.9546,0.0002,1.9729,20.182
Ym,4,68,4.0501,0.0082,1.9707,20.179
Ym,5,68,4.0492,0.0077,1.9706,20.179
Ym,6,68,4.0987,0.0154,1.9241,20.289
Ym,7,68,4.1540,0.0020,1.6101,20.879
Ym,8,68,4.1599,0.0058,1.5214,20.941
Ym,0,69,3.8225,0.0392,1.2150,21.161
Ym,1,69,3.8239,0.0052,1.5688,20.942
Ym,2,69,3.9081,0.0113,1.8577,20.293
Ym,3,69,3.9546,0.0002,1.9729,20.182
Ym,4,69,4.0501,0.0082,1.9707,20.179
Ym,5,69,4.0492,0.0077,1.9706,20.179
Ym,6,69,4.0987,0.0154,1.9241,20.289
Ym,7,69,4.1540,0.0020,1.6101,20.879
Ym,8,69,4.1599,0.0058,1.5214,20.941
Ym,0,70,3.8176,0.0351,1.1953,21.161
Ym,1,70,3.8239,0.0052,1.5688,20.942
Ym,2,70,3.9081,0.0113,1.8577,20.293
Ym,3,70,3.9546,0.0002,1.9729,20.182
Ym,4,70,4.0501,0.0082,1.9707,20.179
Ym,5,70,4.0492,0.0077,1.9706,20.179
Ym,6,70,4.0987,0.0154,1.9241,20.289
Ym,7,70,4.1540,0.0020,1.6101,20.879
Ym,8,70,4.1599,0.0058,1.5214,20.941
Ym,0,71,3.8127,0.0311,1.1755,21.161
Ym,1,71,3.8239,0.0052,1.5688,20.942
Ym,2,71,3.9081,0.0113,1.8577,20.293
Ym,3,71,3.9546,0.0002,1.9729,20.182
Ym,4,71,4.0501,0.0082,1.9707,20.179
Ym,5,71,4.0492,0.0077,1.9706,20.179
Ym,6,71,4.0987,0.0154,1.9241,20.289
Ym,7,71,4.1540,0.0020,1.6101,20.879
Ym,8,71,4.1599,0.0058,1.5214,20.941
Ym,0,72,3.8078,0.0271,1.1558,21.161
Ym,1,72,3.8239,0.0052,1.5688,20.942
Ym,2,72,3.9081,0.0113,1.8577,20.293
Ym,3,72,3.9546,0.0002,1.9729,20.182
Ym,4,72,4.0501,0.0082,1.9707,20.179
Ym,5,72,4.0492,0.0077,1.9706,20.179
Ym,6,72,4.0987,0.0154,1.9241,20.289
Ym,7,72,4.1540,0.0020,1.6101,20.879
Ym,8,72,4.1599,0.0058,1.5214,20.941
Ym,0,73,3.8029,0.0230,1.1360,21.161
Ym,1,73,3.8239,0.0052,1.5688,20.942
Ym,2,73,3.9081,0.0113,1.8577,20.293
Ym,3,73,3.9546,0.0002,1.9729,20.182
Ym,4,73,4.0501,0.0082,1.9707,20.179
Ym,5,73,4.0492,0.0077,1.9706,20.179
Ym,6,73,4.0987,0.0154,1.9241,20.289
Ym,7,73,4.1540,0.0020,1.6101,20.879
Ym,8,73,4.1599,0.0058,1.5214,20.941
Ym,0,74,3.7985,0.0195,1.1169,21.207
Ym,1,74,3.8239,0.0052,1.5688,20.942
Ym,2,74,3.9081,0.0113,1.8577,20.293
Ym,3,74,3.9546,0.0002,1.9729,20.182
Ym,4,74,4.0501,0.0082,1.9707,20.179
Ym,5,74,4.0492,0.0077,1.9706,20.179
Ym,6,74,4.0987,0.0154,1.9241,20.289
Ym,7,74,4.1540,0.0020,1.6101,20.879
Ym,8,74,4.1599,0.0058,1.5214,20.941
Ym,0,75,3.7940,0.0159,1.0979,21.207
Ym,1,75,3.8239,0.0052,1.5688,20.942
Ym,2,75,3.9081,0.0113,1.8577,20.293
Ym,3,75,3.9546,0.0002,1.9729,20.182
Ym,4,75,4.0501,0.0082,1.9707,20.179
Ym,5,75,4.0492,0.0077,1.9706,20.179
Ym,6,75,4.0987,0.0154,1.9241,20.289
Ym,7,75,4.1540,0.0020,1.6101,20.879
Ym,8,75,4.1599,0.0058,1.5214,20.941
Ym,0,76,3.7896,0.0123,1.0788,21.207
Ym,1,76,3.8239,0.0052,1.5688,20.942
Ym,2,76,3.9081,0.0113,1.8577,20.293
Ym,3,76,3.9546,0.0002,1.9729,20.182
Ym,4,76,4.0501,0.0082,1.9707,20.179
Ym,5,76,4.0492,0.0077,1.9706,20.179
Ym,6,76,4.0987,0.0154,1.9241,20.289
Ym,7,76,4.1540,0.0020,1.6101,20.879
Ym,8,76,4.1599,0.0058,1.5214,20.941
Ym,0,77,3.7851,0.0087,1.0597,21.207
Ym,1,77,3.8239,0.0052,1.5688,20.942
Ym,2,77,3.9081,0.0113,1.8577,20.293
Ym,3,77,3.9546,0.0002,1.9729,20.182
Ym,4,77,4.0501,0.0082,1.9707,20.179
Ym,5,77,4.0492,0.0077,1.9706,20.179
Ym,6,77,4.0987,0.0154,1.9241,20.289
Ym,7,77,4.1540,0.0020,1.6101,20.879
Ym,8,77,4.1599,0.0058,1.5214,20.941
Ym,0,78,3.7807,0.0051,1.0406,21.207
Ym,1,78,3.8239,0.0052,1.5688,20.942
Ym,2,78,3.9081,0.0113,1.8577,20.293
Ym,3,78,3.9546,0.0002,1.9729,20.182
Ym,4,78,4.0501,0.0082,1.9707,20.179
Ym,5,78,4.0492,0.0077,1.9706,20.179
Ym,6,78,4.0987,0.0154,1.9241,20.289
Ym,7,78,4.1540,0.0020,1.6101,20.879
Ym,8,78,4.1599,0.0058,1.5214,20.941
Ym,0,79,3.7763,0.0015,1.0215,21.207
Ym,1,79,3.8239,0.0052,1.5688,20.942
Ym,2,79,3.9081,0.0113,1.8577,20.293
Ym,3,79,3.9546,0.0002,1.9729,20.182
Ym,4,79,4.0501,0.0082,1.9707,20.179
Ym,5,79,4.0492,0.0077,1.9706,20.179
Ym,6,79,4.0987,0.0154,1.9241,20.289
Ym,7,79,4.1540,0.0020,1.6101,20.879
Ym,8,79,4.1599,0.0058,1.5214,20.941
Ym,0,80,3.7763,0.0015,1.0215,21.207
Ym,1,80,3.8239,0.0052,1.5688,20.942
Ym,2,80,3.9081,0.0113,1.8577,20.293
Ym,3,80,3.9546,0.0002,1.9729,20.182
Ym,4,80,4.0501,0.0082,1.9707,20.179
Ym,5,80,4.0492,0.0077,1.9706,20.179
Ym,6,80,4.0987,0.0154,1.9241,20.289
Ym,7,80,4.1540,0.0020,1.6101,20.879
Ym,8,80,4.1599,0.0058,1.5214,20.941
Ym,0,81,3.7763,0.0015,1.0215,21.207
Ym,1,81,3.8239,0.0052,1.5688,20.942
Ym,2,81,3.9081,0.0113,1.8577,20.293
Ym,3,81,3.9546,0.0002,1.9729,20.182
Ym,4,81,4.0501,0.0082,1.9707,20.179
Ym,5,81,4.0492,0.0077,1.9706,20.179
Ym,6,81,4.0987,0.0154,1.9241,20.289
Ym,7,81,4.1540,0.0020,1.6101,20.879
Ym,8,81,4.1599,0.0058,1.5214,20.941
Ym,0,82,3.7763,0.0015,1.0215,21.207
Ym,1,82,3.8239,0.0052,1.5688,20.942
Ym,2,82,3.9081,0.0113,1.8577,20.293
Ym,3,82,3.9546,0.0002,1.9729,20.182
Ym,4,82,4.0501,0.0082,1.9707,20.179
Ym,5,82,4.0492,0.0077,1.9706,20.179
Ym,6,82,4.0987,0.0154,1.9241,20.289
Ym,7,82,4.1540,0.0020,1.6101,20.879
Ym,8,82,4.1599,0.0058,1.5214,20.941
Ym,0,83,3.7763,0.0015,1.0215,21.207
Ym,1,83,3.8239,0.0052,1.5688,20.942
Ym,2,83,3.9081,0.0113,1.8577,20.293
Ym,3,83,3.9546,0.0002,1.9729,20.182
Ym,4,83,4.0501,0.0082,1.9707,20.179
Ym,5,83,4.0492,0.0077,1.9706,20.179
Ym,6,83,4.0987,0.0154,1.9241,20.289
Ym,7,83,4.1540,0.0020,1.6101,20.879
Ym,8,83,4.1599,0.0058,1.5214,20.941
Ym,0,84,3.7763,0.0015,1.0215,21.207
Ym,1,84,3.8239,0.0052,1.5688,20.942
Ym,2,84,3.9081,0.0113,1.8577,20.293
Ym,3,84,3.9546,0.0002,1.9729,20.182
Ym,4,84,4.0501,0.0082,1.9707,20.179
Ym,5,84,4.0492,0.0077,1.9706,20.179
Ym,6,84,4.0987,0.0154,1.9241,20.289
Ym,7,84,4.1540,0.0020,1.6101,20.879
Ym,8,84,4.1599,0.0058,1.5214,20.941
Ym,0,85,3.7763,0.0015,1.0215,21.207
Ym,1,85,3.8239,0.0052,1.5688,20.942
Ym,2,85,3.9081,0.0113,1.8577,20.293
Ym,3,85,3.9546,0.0002,1.9729,20.182
Ym,4,85,4.0501,0.0082,1.9707,20.179
Ym,5,85,4.0492,0.0077,1.9706,20.179
Ym,6,85,4.0987,0.0154,1.9241,20.289
Ym,7,85,4.1540,0.0020,1.6101,20.879
Ym,8,85,4.1599,0.0058,1.5214,20.941
Ym,0,86,3.7763,0.0015,1.0215,21.207
Ym,1,86,3.8239,0.0052,1.5688,20.942
Ym,2,86,3.9081,0.0113,1.8577,20.293
Ym,3,86,3.9546,0.0002,1.9729,20.182
Ym,4,86,4.0501,0.0082,1.9707,20.179
Ym,5,86,4.0492,0.0077,1.9706,20.179
Ym,6,86,4.0987,0.0154,1.9241,20.289
Ym,7,86,4.1540,0.0020,1.6101,20.879
Ym,8,86,4.1599,0.0058,1.5214,20.941
Ym,0,87,3.7763,0.0015,1.0215,21.207
Ym,1,87,3.8239,0.0052,1.5688,20.942
Ym,2,87,3.9081,0.0113,1.8577,20.293
Ym,3,87,3.9546,0.0002,1.9729,20.182
Ym,4,87,4.0501,0.0082,1.9707,20.179
Ym,5,87,4.0492,0.0077,1.9706,20.179
Ym,6,87,4.0987,0.0154,1.9241,20.289
Ym,7,87,4.1540,0.0020,1.6101,20.879
Ym,8,87,4.1599,0.0058,1.5214,20.941
Ym,0,88,3.7763,0.0015,1.0215,21.207
Ym,1,88,3.8239,0.0052,1.5688,20.942
Ym,2,88,3.9081,0.0113,1.8577,20.293
Ym,3,88,3.9546,0.0002,1.9729,20.182
Ym,4,88,4.0501,0.0082,1.9707,20.179
Ym,5,88,4.0492,0.0077,1.9706,20.179
Ym,6,88,4.0987,0.0154,1.9241,20.289
Ym,7,88,4.1540,0.0020,1.6101,20.879
Ym,8,88,4.1599,0.0058,1.5214,20.941
Ym,0,89,3.7763,0.0015,1.0215,21.207
Ym,1,89,3.8239,0.0052,1.5688,20.942
Ym,2,89,3.9081,0.0113,1.8577,20.293
Ym,3,89,3.9546,0.0002,1.9729,20.182
Ym,4,89,4.0501,0.0082,1.9707,20.179
Ym,5,89,4.0492,0.0077,1.9706,20.179
Ym,6,89,4.0987,0.0154,1.9241,20.289
Ym,7,89,4.1540,0.0020,1.6101,20.879
Ym,8,89,4.1599,0.0058,1.5214,20.941
Ym,0,90,3.7763,0.0015,1.0215,21.207
Ym,1,90,3.8239,0.0052,1.5688,20.942
Ym,2,90,3.9081,0.0113,1.8577,20.293
Ym,3,90,3.9546,0.0002,1.9729,20.182
Ym,4,90,4.0501,0.0082,1.9707,20.179
Ym,5,90,4.0492,0.0077,1.9706,20.179
Ym,6,90,4.0987,0.0154,1.9241,20.289
Ym,7,90,4.1540,0.0020,1.6101,20.879
Ym,8,90,4.1599,0.0058,1.5214,20.941
Ym,0,91,3.7763,0.0015,1.0215,21.207
Ym,1,91,3.8239,0.0052,1.5688,20.942
Ym,2,91,3.9081,0.0113,1.8577,20.293
Ym,3,91,3.9546,0.0002,1.9729,20.182
Ym,4,91,4.0501,0.0082,1.9707,20.179
Ym,5,91,4.0492,0.0077,1.9706,20.179
Ym,6,91,4.0987,0.0154,1.9241,20.289
Ym,7,91,4.1540,0.0020,1.6101,20.879
Ym,8,91,4.1599,0.0058,1.5214,20.941
Ym,0,92,3.7763,0.0015,1.0215,21.207
Ym,1,92,3.8239,0.0052,1.5688,20.942
Ym,2,92,3.9081,0.0113,1.8577,20.293
Ym,3,92,3.9546,0.0002,1.9729,20.182
Ym,4,92,4.0501,0.0082,1.9707,20.179
Ym,5,92,4.0492,0.0077,1.9706,20.179
Ym,6,92,4.0987,0.0154,1.9241,20.289
Ym,7,92,4.1540,0.0020,1.6101,20.879
Ym,8,92,4.1599,0.0058,1.5214,20.941
Ym,0,93,3.7763,0.0015,1.0215,21.207
Ym,1,93,3.8239,0.0052,1.5688,20.942
Ym,2,93,3.9081,0.0113,1.8577,20.293
Ym,3,93,3.9546,0.0002,1.9729,20.182
Ym,4,93,4.0501,0.0082,1.9707,20.179
Ym,5,93,4.0492,0.0077,1.9706,20.179
Ym,6,93,4.0987,0.0154,1.9241,20.289
Ym,7,93,4.1540,0.0020,1.6101,20.879
Ym,8,93,4.1599,0.0058,1.5214,20.941
Ym,0,94,3.7763,0.0015,1.0215,21.207
Ym,1,94,3.8239,0.0052,1.5688,20.942
Ym,2,94,3.9081,0.0113,1.8577,20.293
Ym,3,94,3.9546,0.0002,1.9729,20.182
Ym,4,94,4.0501,0.0082,1.9707,20.179
Ym,5,94,4.0492,0.0077,1.9706,20.179
Ym,6,94,4.0987,0.0154,1.9241,20.289
Ym,7,94,4.1540,0.0020,1.6101,20.879
Ym,8,94,4.1599,0.0058,1.5214,20.941
Ym,0,95,3.7763,0.0015,1.0215,21.207
Ym,1,95,3.8239,0.0052,1.5688,20.942
Ym,2,95,3.9081,0.0113,1.8577,20.293
Ym,3,95,3.9546,0.0002,1.9729,20.182
Ym,4,95,4.0501,0.0082,1.9707,20.179
Ym,5,95,4.0492,0.0077,1.9706,20.179
Ym,6,95,4.0987,0.0154,1.9241,20.289
Ym,7,95,4.1540,0.0020,1.6101,20.879
Ym,8,95,4.1599,0.0058,1.5214,20.941
Ym,0,96,3.7763,0.0015,1.0215,21.207
Ym,1,96,3.8239,0.0052,1.5688,20.942
Ym,2,96,3.9081,0.0113,1.8577,20.293
Ym,3,96,3.9546,0.0002,1.9729,20.182
Ym,4,96,4.0501,0.0082,1.9707,20.179
Ym,5,96,4.0492,0.0077,1.9706,20.179
Ym,6,96,4.0987,0.0154,1.9241,20.289
Ym,7,96,4.1540,0.0020,1.6101,20.879
Ym,8,96,4.1599,0.0058,1.5214,20.941
Ym,0,97,3.7763,0.0015,1.0215,21.207
Ym,1,97,3.8239,0.0052,1.5688,20.942
Ym,2,97,3.9081,0.0113,1.8577,20.293
Ym,3,97,3.9546,0.0002,1.9729,20.182
Ym,4,97,4.0501,0.0082,1.9707,20.179
Ym,5,97,4.0492,0.0077,1.9706,20.179
Ym,6,97,4.0987,0.0154,1.9241,20.289
Ym,7,97,4.1540,0.0020,1.6101,20.879
Ym,8,97,4.1599,0.0058,1.5214,20.941
Ym,0,98,3.7763,0.0015,1.0215,21.207
Ym,1,98,3.8239,0.0052,1.5688,20.942
Ym,2,98,3.9081,0.0113,1.8577,20.293
Ym,3,98,3.9546,0.0002,1.9729,20.182
Ym,4,98,4.0501,0.0082,1.9707,20.179
Ym,5,98,4.0492,0.0077,1.9706,20.179
Ym,6,98,4.0987,0.0154,1.9241,20.289
Ym,7,98,4.1540,0.0020,1.6101,20.879
Ym,8,98,4.1599,0.0058,1.5214,20.941
Ym,0,99,3.7763,0.0015,1.0215,21.207
Ym,1,99,3.8239,0.0052,1.5688,20.942
Ym,2,99,3.9081,0.0113,1.8577,20.293
Ym,3,99,3.9546,0.0002,1.9729,20.182
Ym,4,99,4.0501,0.0082,1.9707,20.179
Ym,5,99,4.0492,0.0077,1.9706,20.179
Ym,6,99,4.0987,0.0154,1.9241,20.289
Ym,7,99,4.1540,0.0020,1.6101,20.879
Ym,8,99,4.1599,0.0058,1.5214,20.941
Ym,0,100,3.7763,0.0015,1.0215,21.207
Ym,1,100,3.8239,0.0052,1.5688,20.942
Ym,2,100,3.9081,0.0113,1.8577,20.293
Ym,3,100,3.9546,0.0002,1.9729,20.182
Ym,4,100,4.0501,0.0082,1.9707,20.179
Ym,5,100,4.0492,0.0077,1.9706,20.179
Ym,6,100,4.0987,0.0154,1.9241,20.289
Ym,7,100,4.1540,0.0020,1.6101,20.879
Ym,8,100,4.1599,0.0058,1.5214,20.941
Ym,0,101,3.7763,0.0015,1.0215,21.207
Ym,1,101,3.8239,0.0052,1.5688,20.942
Ym,2,101,3.9081,0.0113,1.8577,20.293
Ym,3,101,3.9546,0.0002,1.9729,20.182
Ym,4,101,4.0501,0.0082,1.9707,20.179
Ym,5,101,4.0492,0.0077,1.9706,20.179
Ym,6,101,4.0987,0.0154,1.9241,20.289
Ym,7,101,4.1540,0.0020,1.6101,20.879
Ym,8,101,4.1599,0.0058,1.5214,20.941
Ym,0,102,3.7763,0.0015,1.0215,21.207
Ym,1,102,3.8239,0.0052,1.5688,20.942
Ym,2,102,3.9081,0.0113,1.8577,20.293
Ym,3,102,3.9546,0.0002,1.9729,20.182
Ym,4,102,4.0501,0.0082,1.9707,20.179
Ym,5,102,4.0492,0.0077,1.9706,20.179
Ym,6,102,4.0987,0.0154,1.9241,20.289
Ym,7,102,4.1540,0.0020,1.6101,20.879
Ym,8,102,4.1599,0.0058,1.5214,20.941
Ym,0,103,3.7763,0.0015,1.0215,21.207
Ym,1,103,3.8239,0.0052,1.5688,20.942
Ym,2,103,3.9081,0.0113,1.8577,20.293
Ym,3,103,3.9546,0.0002,1.9729,20.182
Ym,4,103,4.0501,0.0082,1.9707,20.179
Ym,5,103,4.0492,0.0077,1.9706,20.179
Ym,6,103,4.0987,0.0154,1.9241,20.289
Ym,7,103,4.1540,0.0020,1.6101,20.879
Ym,8,103,4.1599,0.0058,1.5214,20.941
Ym,0,104,3.7763,0.0015,1.0215,21.207
Ym,1,104,3.8239,0.0052,1.5688,20.942
Ym,2,104,3.9081,0.0113,1.8577,20.293
Ym,3,104,3.9546,0.0002,1.9729,20.182
Ym,4,104,4.0501,0.0082,1.9707,20.179
Ym,5,104,4.0492,0.0077,1.9706,20.179
Ym,6,104,4.0987,0.0154,1.9241,20.289
Ym,7,104,4.1540,0.0020,1.6101,20.879
Ym,8,104,4.1599,0.0058,1.5214,20.941
Ym,0,105,3.7763,0.0015,1.0215,21.207
Ym,1,105,3.8239,0.0052,1.5688,20.942
Ym,2,105,3.9081,0.0113,1.8577,20.293
Ym,3,105,3.9546,0.0002,1.9729,20.182
Ym,4,105,4.0501,0.0082,1.9707,20.179
Ym,5,105,4.0492,0.0077,1.9706,20.179
Ym,6,105,4.0987,0.0154,1.9241,20.289
Ym,7,105,4.1540,0.0020,1.6101,20.879
Ym,8,105,4.1599,0.0058,1.5214,20.941
Ym,0,106,3.7763,0.0015,1.0215,21.207
Ym,1,106,3.8239,0.0052,1.5688,20.942
Ym,2,106,3.9081,0.0113,1.8577,20.293
Ym,3,106,3.9546,0.0002,1.9729,20.182
Ym,4,106,4.0501,0.0082,1.9707,20.179
Ym,5,106,4.0492,0.0077,1.9706,20.179
Ym,6,106,4.0987,0.0154,1.9241,20.289
Ym,7,106,4.1540,0.0020,1.6101,20.879
Ym,8,106,4.1599,0.0058,1.5214,20.941
Ym,0,107,3.7763,0.0015,1.0215,21.207
Ym,1,107,3.8239,0.0052,1.5688,20.942
Ym,2,107,3.9081,0.0113,1.8577,20.293
Ym,3,107,3.9546,0.0002,1.9729,20.182
Ym,4,107,4.0501,0.0082,1.9707,20.179
Ym,5,107,4.0492,0.0077,1.9706,20.179
Ym,6,107,4.0987,0.0154,1.9241,20.289
Ym,7,107,4.1540,0.0020,1.6101,20.879
Ym,8,107,4.1599,0.0058,1.5214,20.941
Ym,0,108,3.7763,0.0015,1.0215,21.207
Ym,1,108,3.8239,0.0052,1.5688,20.942
Ym,2,108,3.9081,0.0113,1.8577,20.293
Ym,3,108,3.9546,0.0002,1.9729,20.182
Ym,4,108,4.0501,0.0082,1.9707,20.179
Ym,5,108,4.0492,0.0077,1.9706,20.179
Ym,6,108,4.0987,0.0154,1.9241,20.289
Ym,7,108,4.1540,0.0020,1.6101,20.879
Ym,8,108,4.1599,0.0058,1.5214,20.941
Ym,0,109,3.7763,0.0015,1.0215,21.207
Ym,1,109,3.8239,0.0052,1.5688,20.942
Ym,2,109,3.9081,0.0113,1.8577,20.293
Ym,3,109,3.9546,0.0002,1.9729,20.182
Ym,4,109,4.0501,0.0082,1.9707,20.179
Ym,5,109,4.0492,0.0077,1.9706,20.179
Ym,6,109,4.0987,0.0154,1.9241,20.289
Ym,7,109,4.1540,0.0020,1.6101,20.879
Ym,8,109,4.1599,0.0058,1.5214,20.941
Ym,0,110,3.7763,0.0015,1.0215,21.207
Ym,1,110,3.8239,0.0052,1.5688,20.942
Ym,2,110,3.9081,0.0113,1.8577,20.293
Ym,3,110,3.9546,0.0002,1.9729,20.182
Ym,4,110,4.0501,0.0082,1.9707,20.179
Ym,5,110,4.0492,0.0077,1.9706,20.179
Ym,6,110,4.0987,0.0154,1.9241,20.289
Ym,7,110,4.1540,0.0020,1.6101,20.879
Ym,8,110,4.1599,0.0058,1.5214,20.941
Ym,0,111,3.7763,0.0015,1.0215,21.207
Ym,1,111,3.8239,0.0052,1.5688,20.942
Ym,2,111,3.9081,0.0113,1.8577,20.293
Ym,3,111,3.9546,0.0002,1.9729,20.182
Ym,4,111,4.0501,0.0082,1.9707,20.179
Ym,5,111,4.0492,0.0077,1.9706,20.179
Ym,6,111,4.0987,0.0154,1.9241,20.289
Ym,7,111,4.1540,0.0020,1.6101,20.879
Ym,8,111,4.1599,0.0058,1.5214,20.941
Ym,0,112,3.7763,0.0015,1.0215,21.207
Ym,1,112,3.8239,0.0052,1.5688,20.942
Ym,2,112,3.9081,0.0113,1.8577,20.293
Ym,3,112,3.9546,0.0002,1.9729,20.182
Ym,4,112,4.0501,0.0082,1.9707,20.179
Ym,5,112,4.0492,0.0077,1.9706,20.179
Ym,6,112,4.0987,0.0154,1.9241,20.289
Ym,7,112,4.1540,0.0020,1.6101,20.879
Ym,8,112,4.1599,0.0058,1.5214,20.941
Ym,0,113,3.7763,0.0015,1.0215,21.207
Ym,1,113,3.8239,0.0052,1.5688,20.942
Ym,2,113,3.9081,0.0113,1.8577,20.293
Ym,3,113,3.9546,0.0002,1.9729,20.182
Ym,4,113,4.0501,0.0082,1.9707,20.179
Ym,5,113,4.0492,0.0077,1.9706,20.179
Ym,6,113,4.0987,0.0154,1.9241,20.289
Ym,7,113,4.1540,0.0020,1.6101,20.879
Ym,8,113,4.1599,0.0058,1.5214,20.941
Ym,0,114,3.7763,0.0015,1.0215,21.207
Ym,1,114,3.8239,0.0052,1.5688,20.942
Ym,2,114,3.9081,0.0113,1.8577,20.293
Ym,3,114,3.9546,0.0002,1.9729,20.182
Ym,4,114,4.0501,0.0082,1.9707,20.179
Ym,5,114,4.0492,0.0077,1.9706,20.179
Ym,6,114,4.0987,0.0154,1.9241,20.289
Ym,7,114,4.1540,0.0020,1.6101,20.879
Ym,8,114,4.1599,0.0058,1.5214,20.941
Ym,0,115,3.7763,0.0015,1.0215,21.207
Ym,1,115,3.8239,0.0052,1.5688,20.942
Ym,2,115,3.9081,0.0113,1.8577,20.293
Ym,3,115,3.9546,0.0002,1.9729,20.182
Ym,4,115,4.0501,0.0082,1.9707,20.179
Ym,5,115,4.0492,0.0077,1.9706,20.179
Ym,6,115,4.0987,0.0154,1.9241,20.289
Ym,7,115,4.1540,0.0020,1.6101,20.879
Ym,8,115,4.1599,0.0058,1.5214,20.941
Ym,0,116,3.7763,0.0015,1.0215,21.207
Ym,1,116,3.8239,0.0052,1.5688,20.942
Ym,2,116,3.9081,0.0113,1.8577,20.293
Ym,3,116,3.9546,0.0002,1.9729,20.182
Ym,4,116,4.0501,0.0082,1.9707,20.179
Ym,5,116,4.0492,0.0077,1.9706,20.179
Ym,6,116,4.0987,0.0154,1.9241,20.289
Ym,7,116,4.1540,0.0020,1.6101,20.879
Ym,8,116,4.1599,0.0058,1.5214,20.941
Ym,0,117,3.7763,0.0015,1.0215,21.207
Ym,1,117,3.8239,0.0052,1.5688,20.942
Ym,2,117,3.9081,0.0113,1.8577,20.293
Ym,3,117,3.9546,0.0002,1.9729,20.182
Ym,4,117,4.0501,0.0082,1.9707,20.179
Ym,5,117,4.0492,0.0077,1.9706,20.179
Ym,6,117,4.0987,0.0154,1.9241,20.289
Ym,7,117,4.1540,0.0020,1.6101,20.879
Ym,8,117,4.1599,0.0058,1.5214,20.941
Ym,0,118,3.7763,0.0015,1.0215,21.207
Ym,1,118,3.8239,0.0052,1.5688,20.942
Ym,2,118,3.9081,0.0113,1.8577,20.293
Ym,3,118,3.9546,0.0002,1.9729,20.182
Ym,4,118,4.0501,0.0082,1.9707,20.179
Ym,5,118,4.0492,0.0077,1.9706,20.179
Ym,6,118,4.0987,0.0154,1.9241,20.289
Ym,7,118,4.1540,0.0020,1.6101,20.879
Ym,8,118,4.1599,0.0058,1.5214,20.941
Ym,0,119,3.7763,0.0015,1.0215,21.207
Ym,1,119,3.8239,0.0052,1.5688,20.942
Ym,2,119,3.9081,0.0113,1.8577,20.293
Ym,3,119,3.9546,0.0002,1.9729,20.182
Ym,4,119,4.0501,0.0082,1.9707,20.179
Ym,5,119,4.0492,0.0077,1.9706,20.179
Ym,6,119,4.0987,0.0154,1.9241,20.289
Ym,7,119,4.1540,0.0020,1.6101,20.879
Ym,8,119,4.1599,0.0058,1.5214,20.941
Ym,0,120,3.7763,0.0015,1.0215,21.207
Ym,1,120,3.8239,0.0052,1.5688,20.942
Ym,2,120,3.9081,0.0113,1.8577,20.293
Ym,3,120,3.9546,0.0002,1.9729,20.182
Ym,4,120,4.0501,0.0082,1.9707,20.179
Ym,5,120,4.0492,0.0077,1.9706,20.179
Ym,6,120,4.0987,0.0154,1.9241,20.289
Ym,7,120,4.1540,0.0020,1.6101,20.879
Ym,8,120,4.1599,0.0058,1.5214,20.941
Ym,0,121,3.7763,0.0015,1.0215,21.207
Ym,1,121,3.8239,0.0052,1.5688,20.942
Ym,2,121,3.9081,0.0113,1.8577,20.293
Ym,3,121,3.9546,0.0002,1.9729,20.182
Ym,4,121,4.0501,0.0082,1.9707,20.179
Ym,5,121,4.0492,0.0077,1.9706,20.179
Ym,6,121,4.0987,0.0154,1.9241,20.289
Ym,7,121,4.1540,0.0020,1.6101,20.879
Ym,8,121,4.1599,0.0058,1.5214,20.941
Ym,0,122,3.7763,0.0015,1.0215,21.207
Ym,1,122,3.8239,0.0052,1.5688,20.942
Ym,2,122,3.9081,0.0113,1.8577,20.293
Ym,3,122,3.9546,0.0002,1.9729,20.182
Ym,4,122,4.0501,0.0082,1.9707,20.179
Ym,5,122,4.0492,0.0077,1.9706,20.179
Ym,6,122,4.0987,0.0154,1.9241,20.289
Ym,7,122,4.1540,0.0020,1.6101,20.879
Ym,8,122,4.1599,0.0058,1.5214,20.941
Ym,0,123,3.7763,0.0015,1.0215,21.207
Ym,1,123,3.8239,0.0052,1.5688,20.942
Ym,2,123,3.9081,0.0113,1.8577,20.293
Ym,3,123,3.9546,0.0002,1.9729,20.182
Ym,4,123,4.0501,0.0082,1.9707,20.179
Ym,5,123,4.0492,0.0077,1.9706,20.179
Ym,6,123,4.0987,0.0154,1.9241,20.289
Ym,7,123,4.1540,0.0020,1.6101,20.879
Ym,8,123,4.1599,0.0058,1.5214,20.941
Ym,0,124,3.7763,0.0015,1.0215,21.207
Ym,1,124,3.8239,0.0052,1.5688,20.942
Ym,2,124,3.9081,0.0113,1.8577,20.293
Ym,3,124,3.9546,0.0002,1.9729,20.182
Ym,4,124,4.0501,0.0082,1.9707,20.179
Ym,5,124,4.0492,0.0077,1.9706,20.179
Ym,6,124,4.0987,0.0154,1.9241,20.289
Ym,7,124,4.1540,0.0020,1.6101,20.879
Ym,8,124,4.1599,0.0058,1.5214,20.941
Ym,0,125,3.7763,0.0015,1.0215,21.207
Ym,1,125,3.8239,0.0052,1.5688,20.942
Ym,2,125,3.9081,0.0113,1.8577,20.293
Ym,3,125,3.9546,0.0002,1.9729,20.182
Ym,4,125,4.0501,0.0082,1.9707,20.179
Ym,5,125,4.0492,0.0077,1.9706,20.179
Ym,6,125,4.0987,0.0154,1.9241,20.289
Ym,7,125,4.1540,0.0020,1.6101,20.879
Ym,8,125,4.1599,0.0058,1.5214,20.941
Ym,0,126,3.7763,0.0015,1.0215,21.207
Ym,1,126,3.8239,0.0052,1.5688,20.942
Ym,2,126,3.9081,0.0113,1.8577,20.293
Ym,3,126,3.9546,0.0002,1.9729,20.182
Ym,4,126,4.0501,0.0082,1.9707,20.179
Ym,5,126,4.0492,0.0077,1.9706,20.179
Ym,6,126,4.0987,0.0154,1.9241,20.289
Ym,7,126,4.1540,0.0020,1.6101,20.879
Ym,8,126,4.1599,0.0058,1.5214,20.941
Ym,0,127,3.7763,0.0015,1.0215,21.207
Ym,1,127,3.8239,0.0052,1.5688,20.942
Ym,2,127,3.9081,0.0113,1.8577,20.293
Ym,3,127,3.9546,0.0002,1.9729,20.182
Ym,4,127,4.0501,0.0082,1.9707,20.179
Ym,5,127,4.0492,0.0077,1.9706,20.179
Ym,6,127,4.0987,0.0154,1.9241,20.289
Ym,7,127,4.1540,0.0020,1.6101,20.879
Ym,8,127,4.1599,0.0058,1.5214,20.941
Ym,0,128,3.7763,0.0015,1.0215,21.207
Ym,1,128,3.8239,0.0052,1.5688,20.942
Ym,2,128,3.9081,0.0113,1.8577,20.293
Ym,3,128,3.9546,0.0002,1.9729,20.182
Ym,4,128,4.0501,0.0082,1.9707,20.179
Ym,5,128,4.0492,0.0077,1.9706,20.179
Ym,6,128,4.0987,0.0154,1.9241,20.289
Ym,7,128,4.1540,0.0020,1.6101,20.879
Ym,8,128,4.1599,0.0058,1.5214,20.941
Ym,0,129,3.7763,0.0015,1.0215,21.207
Ym,1,129,3.8239,0.0052,1.5688,20.942
Ym,2,129,3.9081,0.0113,1.8577,20.293
Ym,3,129,3.9546,0.0002,1.9729,20.182
Ym,4,129,4.0501,0.0082,1.9707,20.179
Ym,5,129,4.0492,0.0077,1.9706,20.179
Ym,6,129,4.0987,0.0154,1.9241,20.289
Ym,7,129,4.1540,0.0020,1.6101,20.879
Ym,8,129,4.1599,0.0058,1.5214,20.941
Ym,0,130,3.7763,0.0015,1.0215,21.207
Ym,1,130,3.8239,0.0052,1.5688,20.942
Ym,2,130,3.9081,0.0113,1.8577,20.293
Ym,3,130,3.9546,0.0002,1.9729,20.182
Ym,4,130,4.0501,0.0082,1.9707,20.179
Ym,5,130,4.0492,0.0077,1.9706,20.179
Ym,6,130,4.0987,0.0154,1.9241,20.289
Ym,7,130,4.1540,0.0020,1.6101,20.879
Ym,8,130,4.1599,0.0058,1.5214,20.941
Ym,0,131,3.7763,0.0015,1.0215,21.207
Ym,1,131,3.8239,0.0052,1.5688,20.942
Ym,2,131,3.9081,0.0113,1.8577,20.293
Ym,3,131,3.9546,0.0002,1.9729,20.182
Ym,4,131,4.0501,0.0082,1.9707,20.179
Ym,5,131,4.0492,0.0077,1.9706,20.179
Ym,6,131,4.0987,0.0154,1.9241,20.289
Ym,7,131,4.1540,0.0020,1.6101,20.879
Ym,8,131,4.1599,0.0058,1.5214,20.941
Ym,0,132,3.7763,0.0015,1.0215,21.207
Ym,1,132,3.8239,0.0052,1.5688,20.942
Ym,2,132,3.9081,0.0113,1.8577,20.293
Ym,3,132,3.9546,0.0002,1.9729,20.182
Ym,4,132,4.0501,0.0082,1.9707,20.179
Ym,5,132,4.0492,0.0077,1.9706,20.179
Ym,6,132,4.0987,0.0154,1.9241,20.289
Ym,7,132,4.1540,0.0020,1.6101,20.879
Ym,8,132,4.1599,0.0058,1.5214,20.941
Ym,0,133,3.7763,0.0015,1.0215,21.207
Ym,1,133,3.8239,0.0052,1.5688,20.942
Ym,2,133,3.9081,0.0113,1.8577,20.293
Ym,3,133,3.9546,0.0002,1.9729,20.182
Ym,4,133,4.0501,0.0082,1.9707,20.179
Ym,5,133,4.0492,0.0077,1.9706,20.179
Ym,6,133,4.0987,0.0154,1.9241,20.289
Ym,7,133,4.1540,0.0020,1.6101,20.879
Ym,8,133,4.1599,0.0058,1.5214,20.941
Ym,0,134,3.7763,0.0015,1.0215,21.207
Ym,1,134,3.8239,0.0052,1.5688,20.942
Ym,2,134,3.9081,0.0113,1.8577,20.293
Ym,3,134,3.9546,0.0002,1.9729,20.182
Ym,4,134,4.0501,0.0082,1.9707,20.179
Ym,5,134,4.0492,0.0077,1.9706,20.179
Ym,6,134,4.0987,0.0154,1.9241,20.289
Ym,7,134,4.1540,0.0020,1.6101,20.879
Ym,8,134,4.1599,0.0058,1.5214,20.941
Ym,0,135,3.7763,0.0015,1.0215,21.207
Ym,1,135,3.8239,0.0052,1.5688,20.942
Ym,2,135,3.9081,0.0113,1.8577,20.293
Ym,3,135,3.9546,0.0002,1.9729,20.182
Ym,4,135,4.0501,0.0082,1.9707,20.179
Ym,5,135,4.0492,0.0077,1.9706,20.179
Ym,6,135,4.0987,0.0154,1.9241,20.289
Ym,7,135,4.1540,0.0020,1.6101,20.879
Ym,8,135,4.1599,0.0058,1.5214,20.941
Ym,0,136,3.7763,0.0015,1.0215,21.207
Ym,1,136,3.8239,0.0052,1.5688,20.942
Ym,2,136,3.9081,0.0113,1.8577,20.293
Ym,3,136,3.9546,0.0002,1.9729,20.182
Ym,4,136,4.0501,0.0082,1.9707,20.179
Ym,5,136,4.0492,0.0077,1.9706,20.179
Ym,6,136,4.0987,0.0154,1.9241,20.289
Ym,7,136,4.1540,0.0020,1.6101,20.879
Ym,8,136,4.1599,0.0058,1.5214,20.941
Ym,0,137,3.7763,0.0015,1.0215,21.207
Ym,1,137,3.8239,0.0052,1.5688,20.942
Ym,2,137,3.9081,0.0113,1.8577,20.293
Ym,3,137,3.9546,0.0002,1.9729,20.182
Ym,4,137,4.0501,0.0082,1.9707,20.179
Ym,5,137,4.0492,0.0077,1.9706,20.179
Ym,6,137,4.0987,0.0154,1.9241,20.289
Ym,7,137,4.1540,0.0020,1.6101,20.879
Ym,8,137,4.1599,0.0058,1.5214,20.941
Ym,0,138,3.7763,0.0015,1.0215,21.207
Ym,1,138,3.8239,0.0052,1.5688,20.942
Ym,2,138,3.9081,0.0113,1.8577,20.293
Ym,3,138,3.9546,0.0002,1.9729,20.182
Ym,4,138,4.0501,0.0082,1.9707,20.179
Ym,5,138,4.0492,0.0077,1.9706,20.179
Ym,6,138,4.0987,0.0154,1.9241,20.289
Ym,7,138,4.1540,0.0020,1.6101,20.879
Ym,8,138,4.1599,0.0058,1.5214,20.941
Ym,0,139,3.7763,0.0015,1.0215,21.207
Ym,1,139,3.8239,0.0052,1.5688,20.942
Ym,2,139,3.9081,0.0113,1.8577,20.293
Ym,3,139,3.9546,0.0002,1.9729,20.182
Ym,4,139,4.0501,0.0082,1.9707,20.179
Ym,5,139,4.0492,0.0077,1.9706,20.179
Ym,6,139,4.0987,0.0154,1.9241,20.289
Ym,7,139,4.1540,0.0020,1.6101,20.879
Ym,8,139,4.1599,0.0058,1.5214,20.941
Ym,0,140,3.7763,0.0015,1.0215,21.207
Ym,1,140,3.8239,0.0052,1.5688,20.942
Ym,2,140,3.9081,0.0113,1.8577,20.293
Ym,3,140,3.9546,0.0002,1.9729,20.182
Ym,4,140,4.0501,0.0082,1.9707,20.179
Ym,5,140,4.0492,0.0077,1.9706,20.179
Ym,6,140,4.0987,0.0154,1.9241,20.289
Ym,7,140,4.1540,0.0020,1.6101,20.879
Ym,8,140,4.1599,0.0058,1.5214,20.941
Ym,0,141,3.7763,0.0015,1.0215,21.207
Ym,1,141,3.8239,0.0052,1.5688,20.942
Ym,2,141,3.9081,0.0113,1.8577,20.293
Ym,3,141,3.9546,0.0002,1.9729,20.182
Ym,4,141,4.0501,0.0082,1.9707,20.179
Ym,5,141,4.0492,0.0077,1.9706,20.179
Ym,6,141,4.0987,0.0154,1.9241,20.289
Ym,7,141,4.1540,0.0020,1.6101,20.879
Ym,8,141,4.1599,0.0058,1.5214,20.941
Ym,0,142,3.7763,0.0015,1.0215,21.207
Ym,1,142,3.8239,0.0052,1.5688,20.942
Ym,2,142,3.9081,0.0113,1.8577,20.293
Ym,3,142,3.9546,0.0002,1.9729,20.182
Ym,4,142,4.0501,0.0082,1.9707,20.179
Ym,5,142,4.0492,0.0077,1.9706,20.179
Ym,6,142,4.0987,0.0154,1.9241,20.289
Ym,7,142,4.1540,0.0020,1.6101,20.879
Ym,8,142,4.1599,0.0058,1.5214,20.941
Ym,0,143,3.7763,0.0015,1.0215,21.207
Ym,1,143,3.8239,0.0052,1.5688,20.942
Ym,2,143,3.9081,0.0113,1.8577,20.293
Ym,3,143,3.9546,0.0002,1.9729,20.182
Ym,4,143,4.0501,0.0082,1.9707,20.179
Ym,5,143,4.0492,0.0077,1.9706,20.179
Ym,6,143,4.0987,0.0154,1.9241,20.289
Ym,7,143,4.1540,0.0020,1.6101,20.879
Ym,8,143,4.1599,0.0058,1.5214,20.941
Ym,0,144,3.7763,0.0015,1.0215,21.207
Ym,1,144,3.8239,0.0052,1.5688,20.942
Ym,2,144,3.9081,0.0113,1.8577,20.293
Ym,3,144,3.9546,0.0002,1.9729,20.182
Ym,4,144,4.0501,0.0082,1.9707,20.179
Ym,5,144,4.0492,0.0077,1.9706,20.179
Ym,6,144,4.0987,0.0154,1.9241,20.289
Ym,7,144,4.1540,0.0020,1.6101,20.879
Ym,8,144,4.1599,0.0058,1.5214,20.941
Ym,0,145,3.7763,0.0015,1.0215,21.207
Ym,1,145,3.8239,0.0052,1.5688,20.942
Ym,2,145,3.9081,0.0113,1.8577,20.293
Ym,3,145,3.9546,0.0002,1.9729,20.182
Ym,4,145,4.0501,0.0082,1.9707,20.179
Ym,5,145,4.0492,0.0077,1.9706,20.179
Ym,6,145,4.0987,0.0154,1.9241,20.289
Ym,7,145,4.1540,0.0020,1.6101,20.879
Ym,8,145,4.1599,0.0058,1.5214,20.941
Ym,0,146,3.7763,0.0015,1.0215,21.207
Ym,1,146,3.8239,0.0052,1.5688,20.942
Ym,2,146,3.9081,0.0113,1.8577,20.293
Ym,3,146,3.9546,0.0002,1.9729,20.182
Ym,4,146,4.0501,0.0082,1.9707,20.179
Ym,5,146,4.0492,0.0077,1.9706,20.179
Ym,6,146,4.0987,0.0154,1.9241,20.289
Ym,7,146,4.1540,0.0020,1.6101,20.879
Ym,8,146,4.1599,0.0058,1.5214,20.941
Ym,0,147,3.7763,0.0015,1.0215,21.207
Ym,1,147,3.8239,0.0052,1.5688,20.942
Ym,2,147,3.9081,0.0113,1.8577,20.293
Ym,3,147,3.9546,0.0002,1.9729,20.182
Ym,4,147,4.0501,0.0082,1.9707,20.179
Ym,5,147,4.0492,0.0077,1.9706,20.179
Ym,6,147,4.0987,0.0154,1.9241,20.289
Ym,7,147,4.1540,0.0020,1.6101,20.879
Ym,8,147,4.1599,0.0058,1.5214,20.941
Ym,0,148,3.7763,0.0015,1.0215,21.207
Ym,1,148,3.8239,0.0052,1.5688,20.942
Ym,2,148,3.9081,0.0113,1.8577,20.293
Ym,3,148,3.9546,0.0002,1.9729,20.182
Ym,4,148,4.0501,0.0082,1.9707,20.179
Ym,5,148,4.0492,0.0077,1.9706,20.179
Ym,6,148,4.0987,0.0154,1.9241,20.289
Ym,7,148,4.1540,0.0020,1.6101,20.879
Ym,8,148,4.1599,0.0058,1.5214,20.941
Ym,0,149,3.7763,0.0015,1.0215,21.207
Ym,1,149,3.8239,0.0052,1.5688,20.942
Ym,2,149,3.9081,0.0113,1.8577,20.293
Ym,3,149,3.9546,0.0002,1.9729,20.182
Ym,4,149,4.0501,0.0082,1.9707,20.179
Ym,5,149,4.0492,0.0077,1.9706,20.179
Ym,6,149,4.0987,0.0154,1.9241,20.289
Ym,7,149,4.1540,0.0020,1.6101,20.879
Ym,8,149,4.1599,0.0058,1.5214,20.941
Ym,0,150,3.7763,0.0015,1.0215,21.207
Ym,1,150,3.8239,0.0052,1.5688,20.942
Ym,2,150,3.9081,0.0113,1.8577,20.293
Ym,3,150,3.9546,0.0002,1.9729,20.182
Ym,4,150,4.0501,0.0082,1.9707,20.179
Ym,5,150,4.0492,0.0077,1.9706,20.179
Ym,6,150,4.0987,0.0154,1.9241,20.289
Ym,7,150,4.1540,0.0020,1.6101,20.879
Ym,8,150,4.1599,0.0058,1.5214,20.941
Ym,0,151,3.7763,0.0015,1.0215,21.207
Ym,1,151,3.8239,0.0052,1.5688,20.942
Ym,2,151,3.9081,0.0113,1.8577,20.293
Ym,3,151,3.9546,0.0002,1.9729,20.182
Ym,4,151,4.0501,0.0082,1.9707,20.179
Ym,5,151,4.0492,0.0077,1.9706,20.179
Ym,6,151,4.0987,0.0154,1.9241,20.289
Ym,7,151,4.1540,0.0020,1.6101,20.879
Ym,8,151,4.1599,0.0058,1.5214,20.941
Ym,0,152,3.7763,0.0015,1.0215,21.207
Ym,1,152,3.8239,0.0052,1.5688,20.942
Ym,2,152,3.9081,0.0113,1.8577,20.293
Ym,3,152,3.9546,0.0002,1.9729,20.182
Ym,4,152,4.0501,0.0082,1.9707,20.179
Ym,5,152,4.0492,0.0077,1.9706,20.179
Ym,6,152,4.0987,0.0154,1.9241,20.289
Ym,7,152,4.1540,0.0020,1.6101,20.879
Ym,8,152,4.1599,0.0058,1.5214,20.941
Ym,0,153,3.7763,0.0015,1.0215,21.207
Ym,1,153,3.8239,0.0052,1.5688,20.942
Ym,2,153,3.9081,0.0113,1.8577,20.293
Ym,3,153,3.9546,0.0002,1.9729,20.182
Ym,4,153,4.0501,0.0082,1.9707,20.179
Ym,5,153,4.0492,0.0077,1.9706,20.179
Ym,6,153,4.0987,0.0154,1.9241,20.289
Ym,7,153,4.1540,0.0020,1.6101,20.879
Ym,8,153,4.1599,0.0058,1.5214,20.941
Ym,0,154,3.7763,0.0015,1.0215,21.207
Ym,1,154,3.8239,0.0052,1.5688,20.942
Ym,2,154,3.9081,0.0113,1.8577,20.293
Ym,3,154,3.9546,0.0002,1.9729,20.182
Ym,4,154,4.0501,0.0082,1.9707,20.179
Ym,5,154,4.0492,0.0077,1.9706,20.179
Ym,6,154,4.0987,0.0154,1.9241,20.289
Ym,7,154,4.1540,0.0020,1.6101,20.879
Ym,8,154,4.1599,0.0058,1.5214,20.941
Ym,0,155,3.7763,0.0015,1.0215,21.207
Ym,1,155,3.8239,0.0052,1.5688,20.942
Ym,2,155,3.9081,0.0113,1.8577,20.293
Ym,3,155,3.9546,0.0002,1.9729,20.182
Ym,4,155,4.0501,0.0082,1.9707,20.179
Ym,5,155,4.0492,0.0077,1.9706,20.179
Ym,6,155,4.0987,0.0154,1.9241,20.289
Ym,7,155,4.1540,0.0020,1.6101,20.879
Ym,8,155,4.1599,0.0058,1.5214,20.941
Ym,0,156,3.7763,0.0015,1.0215,21.207
Ym,1,156,3.8239,0.0052,1.5688,20.942
Ym,2,156,3.9081,0.0113,1.8577,20.293
Ym,3,156,3.9546,0.0002,1.9729,20.182
Ym,4,156,4.0501,0.0082,1.9707,20.179
Ym,5,156,4.0492,0.0077,1.9706,20.179
Ym,6,156,4.0987,0.0154,1.9241,20.289
Ym,7,156,4.1540,0.0020,1.6101,20.879
Ym,8,156,4.1599,0.0058,1.5214,20.941
Ym,0,157,3.7763,0.0015,1.0215,21.207
Ym,1,157,3.8239,0.0052,1.5688,20.942
Ym,2,157,3.9081,0.0113,1.8577,20.293
Ym,3,157,3.9546,0.0002,1.9729,20.182
Ym,4,157,4.0501,0.0082,1.9707,20.179
Ym,5,157,4.0492,0.0077,1.9706,20.179
Ym,6,157,4.0987,0.0154,1.9241,20.289
Ym,7,157,4.1540,0.0020,1.6101,20.879
Ym,8,157,4.1599,0.0058,1.5214,20.941
Ym,0,158,3.7763,0.0015,1.0215,21.207
Ym,1,158,3.8239,0.0052,1.5688,20.942
Ym,2,158,3.9081,0.0113,1.8577,20.293
Ym,3,158,3.9546,0.0002,1.9729,20.182
Ym,4,158,4.0501,0.0082,1.9707,20.179
Ym,5,158,4.0492,0.0077,1.9706,20.179
Ym,6,158,4.0987,0.0154,1.9241,20.289
Ym,7,158,4.1540,0.0020,1.6101,20.879
Ym,8,158,4.1599,0.0058,1.5214,20.941
Ym,0,159,3.7763,0.0015,1.0215,21.207
Ym,1,159,3.8239,0.0052,1.5688,20.942
Ym,2,159,3.9081,0.0113,1.8577,20.293
Ym,3,159,3.9546,0.0002,1.9729,20.182
Ym,4,159,4.0501,0.0082,1.9707,20.179
Ym,5,159,4.0492,0.0077,1.9706,20.179
Ym,6,159,4.0987,0.0154,1.9241,20.289
Ym,7,159,4.1540,0.0020,1.6101,20.879
Ym,8,159,4.1599,0.0058,1.5214,20.941
Ym,0,160,3.7763,0.0015,1.0215,21.207
Ym,1,160,3.8239,0.0052,1.5688,20.942
Ym,2,160,3.9081,0.0113,1.8577,20.293
Ym,3,160,3.9546,0.0002,1.9729,20.182
Ym,4,160,4.0501,0.0082,1.9707,20.179
Ym,5,160,4.0492,0.0077,1.9706,20.179
Ym,6,160,4.0987,0.0154,1.9241,20.289
Ym,7,160,4.1540,0.0020,1.6101,20.879
Ym,8,160,4.1599,0.0058,1.5214,20.941
Ym,0,161,3.7763,0.0015,1.0215,21.207
Ym,1,161,3.8239,0.0052,1.5688,20.942
Ym,2,161,3.9081,0.0113,1.8577,20.293
Ym,3,161,3.9546,0.0002,1.9729,20.182
Ym,4,161,4.0501,0.0082,1.9707,20.179
Ym,5,161,4.0492,0.0077,1.9706,20.179
Ym,6,161,4.0987,0.0154,1.9241,20.289
Ym,7,161,4.1540,0.0020,1.6101,20.879
Ym,8,161,4.1599,0.0058,1.5214,20.941
Ym,0,162,3.7763,0.0015,1.0215,21.207
Ym,1,162,3.8239,0.0052,1.5688,20.942
Ym,2,162,3.9081,0.0113,1.8577,20.293
Ym,3,162,3.9546,0.0002,1.9729,20.182
Ym,4,162,4.0501,0.0082,1.9707,20.179
Ym,5,162,4.0492,0.0077,1.9706,20.179
Ym,6,162,4.0987,0.0154,1.9241,20.289
Ym,7,162,4.1540,0.0020,1.6101,20.879
Ym,8,162,4.1599,0.0058,1.5214,20.941
Ym,0,163,3.7763,0.0015,1.0215,21.207
Ym,1,163,3.8239,0.0052,1.5688,20.942
Ym,2,163,3.9081,0.0113,1.8577,20.293
Ym,3,163,3.9546,0.0002,1.9729,20.182
Ym,4,163,4.0501,0.0082,1.9707,20.179
Ym,5,163,4.0492,0.0077,1.9706,20.179
Ym,6,163,4.0987,0.0154,1.9241,20.289
Ym,7,163,4.1540,0.0020,1.6101,20.879
Ym,8,163,4.1599,0.0058,1.5214,20.941
Ym,0,164,3.7763,0.0015,1.0215,21.207
Ym,1,164,3.8239,0.0052,1.5688,20.942
Ym,2,164,3.9081,0.0113,1.8577,20.293
Ym,3,164,3.9546,0.0002,1.9729,20.182
Ym,4,164,4.0501,0.0082,1.9707,20.179
Ym,5,164,4.0492,0.0077,1.9706,20.179
Ym,6,164,4.0987,0.0154,1.9241,20.289
Ym,7,164,4.1540,0.0020,1.6101,20.879
Ym,8,164,4.1599,0.0058,1.5214,20.941
Ym,0,165,3.7763,0.0015,1.0215,21.207
Ym,1,165,3.8239,0.0052,1.5688,20.942
Ym,2,165,3.9081,0.0113,1.8577,20.293
Ym,3,165,3.9546,0.0002,1.9729,20.182
Ym,4,165,4.0501,0.0082,1.9707,20.179
Ym,5,165,4.0492,0.0077,1.9706,20.179
Ym,6,165,4.0987,0.0154,1.9241,20.289
Ym,7,165,4.1540,0.0020,1.6101,20.879
Ym,8,165,4.1599,0.0058,1.5214,20.941
Ym,0,166,3.7763,0.0015,1.0215,21.207
Ym,1,166,3.8239,0.0052,1.5688,20.942
Ym,2,166,3.9081,0.0113,1.8577,20.293
Ym,3,166,3.9546,0.0002,1.9729,20.182
Ym,4,166,4.0501,0.0082,1.9707,20.179
Ym,5,166,4.0492,0.0077,1.9706,20.179
Ym,6,166,4.0987,0.0154,1.9241,20.289
Ym,7,166,4.1540,0.0020,1.6101,20.879
Ym,8,166,4.1599,0.0058,1.5214,20.941
Ym,0,167,3.7763,0.0015,1.0215,21.207
Ym,1,167,3.8239,0.0052,1.5688,20.942
Ym,2,167,3.9081,0.0113,1.8577,20.293
Ym,3,167,3.9546,0.0002,1.9729,20.182
Ym,4,167,4.0501,0.0082,1.9707,20.179
Ym,5,167,4.0492,0.0077,1.9706,20.179
Ym,6,167,4.0987,0.0154,1.9241,20.289
Ym,7,167,4.1540,0.0020,1.6101,20.879
Ym,8,167,4.1599,0.0058,1.5214,20.941
Ym,0,168,3.7763,0.0015,1.0215,21.207
Ym,1,168,3.8239,0.0052,1.5688,20.942
Ym,2,168,3.9081,0.0113,1.8577,20.293
Ym,3,168,3.9546,0.0002,1.9729,20.182
Ym,4,168,4.0501,0.0082,1.9707,20.179
Ym,5,168,4.0492,0.0077,1.9706,20.179
Ym,6,168,4.0987,0.0154,1.9241,20.289
Ym,7,168,4.1540,0.0020,1.6101,20.879
Ym,8,168,4.1599,0.0058,1.5214,20.941
Ym,0,169,3.7763,0.0015,1.0215,21.207
Ym,1,169,3.8239,0.0052,1.5688,20.942
Ym,2,169,3.9081,0.0113,1.8577,20.293
Ym,3,169,3.9546,0.0002,1.9729,20.182
Ym,4,169,4.0501,0.0082,1.9707,20.179
Ym,5,169,4.0492,0.0077,1.9706,20.179
Ym,6,169,4.0987,0.0154,1.9241,20.289
Ym,7,169,4.1540,0.0020,1.6101,20.879
Ym,8,169,4.1599,0.0058,1.5214,20.941
