run_id,plane,tier,t_s,x_m,y_m,z_m,Ux,Uy,Uz,magU,T_K,in_bed,in_window
28_A4,tier0_canopy_mid,0,300,-1.2,1.6,0.675,0,0,0,0,302,1,1
28_A4,tier0_canopy_mid,0,300,-1.15,1.6,0.675,4.6706e-18,1.3934e-17,-1.0108e-17,1.7837e-17,302,1,1
28_A4,tier0_canopy_mid,0,300,-1.1,1.6,0.675,0,0,0,0,302,1,1
28_A4,tier0_canopy_mid,0,300,-1.05,1.6,0.675,0.18557,-0.23556,-0.13939,0.33069,298.219,1,1
28_A4,tier0_canopy_mid,0,300,-1.0,1.6,0.675,0.28328,-0.35636,-0.11525,0.4696,298.076,1,1
28_A4,tier0_canopy_mid,0,300,-1.2,1.65,0.675,0,0,0,0,302,1,1
28_A4,tier0_canopy_mid,0,300,-1.2,1.7,0.675,0,0,0,0,302,1,1
28_A4,tier0_canopy_mid,0,300,-1.05,1.65,0.675,0.27475,-0.37706,-0.16964,0.49642,298.008,1,1
28_A4,tier0_canopy_mid,0,300,-1.1,1.65,0.675,0,0,0,0,302,1,1
28_A4,tier0_canopy_mid,0,300,-1.0,1.65,0.675,0.37517,-0.43801,-0.11664,0.5884,297.93,1,1
28_A4,tier0_canopy_mid,0,300,-1.05,1.7,0.675,0.43164,-0.47142,-0.161,0.65914,297.837,1,1
28_A4,tier0_canopy_mid,0,300,-1.1,1.7,0.675,0,0,0,0,302,1,1
28_A4,tier0_canopy_mid,0,300,-1.0,1.7,0.675,0.5297,-0.4916,-0.13075,0.7344,297.814,1,1
28_A4,tier0_canopy_mid,0,300,-1.2,1.75,0.675,-0.13357,-0.072794,-0.26186,0.30284,297.852,1,1
28_A4,tier0_canopy_mid,0,300,-1.2,1.8,0.675,0.14018,-0.14713,-0.41974,0.46634,297.689,1,1
28_A4,tier0_canopy_mid,0,300,-1.15,1.75,0.675,0.15029,-0.26458,-0.18101,0.35405,297.776,1,1
28_A4,tier0_canopy_mid,0,300,-1.15,1.7,0.675,0,0,0,0,302,1,1
28_A4,tier0_canopy_mid,0,300,-1.1,1.75,0.675,0.44974,-0.41417,-0.16806,0.63407,297.738,1,1
28_A4,tier0_canopy_mid,0,300,-1.15,1.8,0.675,0.42991,-0.38231,-0.35237,0.67465,297.641,1,1
28_A4,tier0_canopy_mid,0,300,-1.1,1.8,0.675,0.68068,-0.48915,-0.29607,0.88896,297.65,1,1
28_A4,tier0_canopy_mid,0,300,-1.05,1.75,0.675,0.61251,-0.50285,-0.17904,0.81245,297.725,1,1
28_A4,tier0_canopy_mid,0,300,-1.0,1.75,0.675,0.7272,-0.52149,-0.16047,0.90913,297.737,1,1
28_A4,tier0_canopy_mid,0,300,-1.05,1.8,0.675,0.86045,-0.53585,-0.25328,1.0448,297.675,1,1
28_A4,tier0_canopy_mid,0,300,-1.0,1.8,0.675,0.98257,-0.53833,-0.21336,1.1405,297.708,1,1
28_A4,tier0_canopy_mid,0,300,-1.2,1.85,0.675,0.65322,-0.32376,-0.56481,0.92223,297.616,1,1
28_A4,tier0_canopy_mid,0,300,-1.2,1.9,0.675,1.6243,-0.33525,-0.82557,1.8526,297.619,1,1
28_A4,tier0_canopy_mid,0,300,-1.15,1.85,0.675,0.92091,-0.51112,-0.48626,1.1601,297.624,1,1
28_A4,tier0_canopy_mid,0,300,-1.1,1.85,0.675,1.1289,-0.55656,-0.40443,1.322,297.655,1,1
28_A4,tier0_canopy_mid,0,300,-1.15,1.9,0.675,1.7335,-0.46921,-0.67899,1.92,297.677,1,1
28_A4,tier0_canopy_mid,0,300,-1.1,1.9,0.675,1.8112,-0.48416,-0.54576,1.9526,297.733,1,1
28_A4,tier0_canopy_mid,0,300,-1.05,1.85,0.675,1.267,-0.55018,-0.33688,1.4218,297.693,1,1
28_A4,tier0_canopy_mid,0,300,-1.0,1.85,0.675,1.3473,-0.52225,-0.28012,1.4719,297.734,1,1
28_A4,tier0_canopy_mid,0,300,-1.05,1.9,0.675,1.835,-0.45805,-0.44458,1.9429,297.783,1,1
28_A4,tier0_canopy_mid,0,300,-1.0,1.9,0.675,1.8199,-0.41923,-0.36548,1.903,297.828,1,1
28_A4,tier0_canopy_mid,0,300,-1.2,1.95,0.675,2.4691,-0.18577,-0.99187,2.6674,297.904,1,1
28_A4,tier0_canopy_mid,0,300,-1.2,2.0,0.675,2.6235,-0.068144,-0.87216,2.7655,298.367,1,1
28_A4,tier0_canopy_mid,0,300,-1.15,1.95,0.675,2.4576,-0.25474,-0.79698,2.5961,297.959,1,1
28_A4,tier0_canopy_mid,0,300,-1.1,1.95,0.675,2.4267,-0.26011,-0.63215,2.5211,298.001,1,1
28_A4,tier0_canopy_mid,0,300,-1.15,2.0,0.675,2.6258,-0.024848,-0.71755,2.7222,298.383,1,1
28_A4,tier0_canopy_mid,0,300,-1.1,2.0,0.675,2.589,0.0027179,-0.57866,2.6528,298.387,1,1
28_A4,tier0_canopy_mid,0,300,-1.05,1.95,0.675,2.3509,-0.24045,-0.51408,2.4184,298.033,1,1
28_A4,tier0_canopy_mid,0,300,-1.0,1.95,0.675,2.249,-0.20861,-0.42641,2.2986,298.058,1,1
28_A4,tier0_canopy_mid,0,300,-1.05,2.0,0.675,2.5021,0.021719,-0.48205,2.5482,298.385,1,1
28_A4,tier0_canopy_mid,0,300,-1.0,2.0,0.675,2.3818,0.041934,-0.42615,2.42,298.377,1,1
28_A4,tier0_canopy_mid,0,300,-1.2,2.05,0.675,2.2877,0.030231,-0.63575,2.3745,298.631,1,1
28_A4,tier0_canopy_mid,0,300,-1.15,2.05,0.675,2.2838,0.16898,-0.54646,2.3543,298.634,1,1
28_A4,tier0_canopy_mid,0,300,-1.1,2.05,0.675,2.2578,0.22632,-0.45153,2.3137,298.627,1,1
28_A4,tier0_canopy_mid,0,300,-1.05,2.05,0.675,2.2029,0.24279,-0.38565,2.2496,298.613,1,1
28_A4,tier0_canopy_mid,0,300,-1.0,2.05,0.675,2.1174,0.23873,-0.36406,2.1617,298.593,1,1
28_A4,tier0_canopy_mid,0,300,-0.95,1.6,0.675,0.38189,-0.40779,-0.10181,0.56789,298.011,1,1
28_A4,tier0_canopy_mid,0,300,-1.0,1.6,0.675,0.28328,-0.35636,-0.11525,0.4696,298.076,1,1
28_A4,tier0_canopy_mid,0,300,-0.9,1.6,0.675,0.45788,-0.42942,-0.090674,0.63425,297.979,1,1
28_A4,tier0_canopy_mid,0,300,-0.85,1.6,0.675,0.51848,-0.4371,-0.07963,0.6828,297.964,1,1
28_A4,tier0_canopy_mid,0,300,-0.8,1.6,0.675,0.56786,-0.43643,-0.069327,0.71954,297.961,1,1
28_A4,tier0_canopy_mid,0,300,-0.75,1.6,0.675,0.60758,-0.43008,-0.060173,0.74682,297.965,1,1
28_A4,tier0_canopy_mid,0,300,-0.7,1.6,0.675,0.63878,-0.41983,-0.052194,0.76617,297.975,1,1
28_A4,tier0_canopy_mid,0,300,-0.65,1.6,0.675,0.66256,-0.40692,-0.045305,0.77886,297.988,1,1
28_A4,tier0_canopy_mid,0,300,-0.6,1.6,0.675,0.67989,-0.39225,-0.039382,0.78591,298.003,1,1
28_A4,tier0_canopy_mid,0,300,-0.55,1.6,0.675,0.69163,-0.37646,-0.034282,0.7882,298.021,1,1
28_A4,tier0_canopy_mid,0,300,-0.5,1.6,0.675,0.69859,-0.36006,-0.029875,0.78649,298.04,1,1
28_A4,tier0_canopy_mid,0,300,-0.45,1.6,0.675,0.70147,-0.34344,-0.026051,0.78146,298.06,1,1
28_A4,tier0_canopy_mid,0,300,-0.4,1.6,0.675,0.70089,-0.32689,-0.022715,0.7737,298.081,1,1
28_A4,tier0_canopy_mid,0,300,-0.35,1.6,0.675,0.69742,-0.3106,-0.019784,0.76371,298.103,1,1
28_A4,tier0_canopy_mid,0,300,-0.3,1.6,0.675,0.69154,-0.29473,-0.017194,0.75192,298.124,1,1
28_A4,tier0_canopy_mid,0,300,-0.95,1.65,0.675,0.48647,-0.46449,-0.092077,0.67888,297.902,1,1
28_A4,tier0_canopy_mid,0,300,-0.9,1.65,0.675,0.56792,-0.47156,-0.076973,0.74218,297.894,1,1
28_A4,tier0_canopy_mid,0,300,-0.95,1.7,0.675,0.63292,-0.49964,-0.10692,0.81343,297.815,1,1
28_A4,tier0_canopy_mid,0,300,-0.9,1.7,0.675,0.71121,-0.49606,-0.088706,0.87164,297.827,1,1
28_A4,tier0_canopy_mid,0,300,-0.85,1.65,0.675,0.62881,-0.46806,-0.064388,0.78653,297.898,1,1
28_A4,tier0_canopy_mid,0,300,-0.8,1.65,0.675,0.6757,-0.45824,-0.053598,0.81818,297.909,1,1
28_A4,tier0_canopy_mid,0,300,-0.85,1.7,0.675,0.76818,-0.48401,-0.073285,0.9109,297.846,1,1
28_A4,tier0_canopy_mid,0,300,-0.8,1.7,0.675,0.80941,-0.46684,-0.0602,0.93633,297.869,1,1
28_A4,tier0_canopy_mid,0,300,-0.75,1.65,0.675,0.71118,-0.44426,-0.044564,0.83972,297.924,1,1
28_A4,tier0_canopy_mid,0,300,-0.7,1.65,0.675,0.73694,-0.42754,-0.037035,0.85278,297.943,1,1
28_A4,tier0_canopy_mid,0,300,-0.75,1.7,0.675,0.83806,-0.44661,-0.049349,0.95092,297.894,1,1
28_A4,tier0_canopy_mid,0,300,-0.7,1.7,0.675,0.85632,-0.42461,-0.040416,0.95666,297.921,1,1
28_A4,tier0_canopy_mid,0,300,-0.65,1.65,0.675,0.7545,-0.40913,-0.030735,0.85884,297.964,1,1
28_A4,tier0_canopy_mid,0,300,-0.6,1.65,0.675,0.76521,-0.38981,-0.025437,0.85915,297.987,1,1
28_A4,tier0_canopy_mid,0,300,-0.65,1.7,0.675,0.86604,-0.40177,-0.033021,0.95526,297.948,1,1
28_A4,tier0_canopy_mid,0,300,-0.6,1.7,0.675,0.86884,-0.37878,-0.026849,0.9482,297.976,1,1
28_A4,tier0_canopy_mid,0,300,-0.55,1.65,0.675,0.77018,-0.37015,-0.020957,0.85476,298.01,1,1
28_A4,tier0_canopy_mid,0,300,-0.5,1.65,0.675,0.77039,-0.35055,-0.017145,0.84657,298.035,1,1
28_A4,tier0_canopy_mid,0,300,-0.55,1.7,0.675,0.86606,-0.35614,-0.021658,0.93668,298.004,1,1
28_A4,tier0_canopy_mid,0,300,-0.5,1.7,0.675,0.85882,-0.3342,-0.01726,0.92172,298.032,1,1
28_A4,tier0_canopy_mid,0,300,-0.45,1.65,0.675,0.76669,-0.33135,-0.013883,0.83535,298.059,1,1
28_A4,tier0_canopy_mid,0,300,-0.4,1.65,0.675,0.7598,-0.31273,-0.011073,0.82172,298.084,1,1
28_A4,tier0_canopy_mid,0,300,-0.45,1.7,0.675,0.84804,-0.31321,-0.013513,0.90413,298.06,1,1
28_A4,tier0_canopy_mid,0,300,-0.4,1.7,0.675,0.83448,-0.29329,-0.010307,0.88458,298.088,1,1
28_A4,tier0_canopy_mid,0,300,-0.35,1.65,0.675,0.75032,-0.29485,-0.0086388,0.80622,298.109,1,1
28_A4,tier0_canopy_mid,0,300,-0.3,1.65,0.675,0.73877,-0.27777,-0.00652,0.78929,298.134,1,1
28_A4,tier0_canopy_mid,0,300,-0.35,1.7,0.675,0.81879,-0.2745,-0.0075524,0.86361,298.115,1,1
28_A4,tier0_canopy_mid,0,300,-0.3,1.7,0.675,0.80148,-0.25686,-0.0051769,0.84165,298.141,1,1
28_A4,tier0_canopy_mid,0,300,-0.95,1.75,0.675,0.82052,-0.51953,-0.135,0.98051,297.76,1,1
28_A4,tier0_canopy_mid,0,300,-0.9,1.75,0.675,0.89009,-0.50645,-0.11189,1.0302,297.787,1,1
28_A4,tier0_canopy_mid,0,300,-0.95,1.8,0.675,1.0644,-0.52134,-0.17692,1.1984,297.744,1,1
28_A4,tier0_canopy_mid,0,300,-0.9,1.8,0.675,1.1163,-0.49614,-0.14571,1.2303,297.781,1,1
28_A4,tier0_canopy_mid,0,300,-0.85,1.75,0.675,0.93783,-0.48625,-0.092201,1.0604,297.818,1,1
28_A4,tier0_canopy_mid,0,300,-0.8,1.75,0.675,0.96838,-0.46207,-0.075751,1.0756,297.85,1,1
28_A4,tier0_canopy_mid,0,300,-0.85,1.8,0.675,1.1452,-0.46718,-0.11975,1.2426,297.819,1,1
28_A4,tier0_canopy_mid,0,300,-0.8,1.8,0.675,1.157,-0.43655,-0.098472,1.2405,297.856,1,1
28_A4,tier0_canopy_mid,0,300,-0.75,1.75,0.675,0.98559,-0.43591,-0.062214,1.0795,297.882,1,1
28_A4,tier0_canopy_mid,0,300,-0.7,1.75,0.675,0.99227,-0.40904,-0.05111,1.0745,297.915,1,1
28_A4,tier0_canopy_mid,0,300,-0.75,1.8,0.675,1.1561,-0.40557,-0.081161,1.2279,297.893,1,1
28_A4,tier0_canopy_mid,0,300,-0.7,1.8,0.675,1.1457,-0.37523,-0.067017,1.2075,297.929,1,1
28_A4,tier0_canopy_mid,0,300,-0.65,1.75,0.675,0.99071,-0.38234,-0.041934,1.0628,297.947,1,1
28_A4,tier0_canopy_mid,0,300,-0.6,1.75,0.675,0.98274,-0.35639,-0.034278,1.0459,297.979,1,1
28_A4,tier0_canopy_mid,0,300,-0.65,1.8,0.675,1.1284,-0.34621,-0.055329,1.1816,297.964,1,1
28_A4,tier0_canopy_mid,0,300,-0.6,1.8,0.675,1.1061,-0.3189,-0.04557,1.1521,297.998,1,1
28_A4,tier0_canopy_mid,0,300,-0.55,1.75,0.675,0.96987,-0.33157,-0.027836,1.0254,298.01,1,1
28_A4,tier0_canopy_mid,0,300,-0.5,1.75,0.675,0.95326,-0.30813,-0.022383,1.0021,298.041,1,1
28_A4,tier0_canopy_mid,0,300,-0.55,1.8,0.675,1.0803,-0.29348,-0.037365,1.1201,298.031,1,1
28_A4,tier0_canopy_mid,0,300,-0.5,1.8,0.675,1.0521,-0.27003,-0.030439,1.0866,298.063,1,1
28_A4,tier0_canopy_mid,0,300,-0.45,1.75,0.675,0.93386,-0.28619,-0.017749,0.9769,298.071,1,1
28_A4,tier0_canopy_mid,0,300,-0.4,1.75,0.675,0.91244,-0.26578,-0.013801,0.95046,298.1,1,1
28_A4,tier0_canopy_mid,0,300,-0.45,1.8,0.675,1.0223,-0.24851,-0.024579,1.0524,298.095,1,1
28_A4,tier0_canopy_mid,0,300,-0.4,1.8,0.675,0.99166,-0.22885,-0.019613,1.0179,298.124,1,1
28_A4,tier0_canopy_mid,0,300,-0.35,1.75,0.675,0.88959,-0.24687,-0.010427,0.92326,298.129,1,1
28_A4,tier0_canopy_mid,0,300,-0.3,1.75,0.675,0.86579,-0.22938,-0.0075305,0.89569,298.157,1,1
28_A4,tier0_canopy_mid,0,300,-0.35,1.8,0.675,0.96058,-0.21092,-0.015388,0.98359,298.153,1,1
28_A4,tier0_canopy_mid,0,300,-0.95,1.85,0.675,1.3872,-0.48643,-0.23173,1.4882,297.775,1,1
28_A4,tier0_canopy_mid,0,300,-1.0,1.85,0.675,1.3473,-0.52225,-0.28012,1.4719,297.734,1,1
28_A4,tier0_canopy_mid,0,300,-0.9,1.85,0.675,1.3999,-0.44982,-0.19082,1.4827,297.816,1,1
28_A4,tier0_canopy_mid,0,300,-0.95,1.9,0.675,1.7813,-0.37956,-0.30115,1.846,297.869,1,1
28_A4,tier0_canopy_mid,0,300,-1.0,1.9,0.675,1.8199,-0.41923,-0.36548,1.903,297.828,1,1
28_A4,tier0_canopy_mid,0,300,-0.9,1.9,0.675,1.7297,-0.34497,-0.24746,1.781,297.907,1,1
28_A4,tier0_canopy_mid,0,300,-0.85,1.85,0.675,1.3941,-0.41439,-0.15677,1.4628,297.856,1,1
28_A4,tier0_canopy_mid,0,300,-0.8,1.85,0.675,1.3755,-0.38007,-0.12896,1.4328,297.894,1,1
28_A4,tier0_canopy_mid,0,300,-0.85,1.9,0.675,1.6722,-0.31366,-0.20282,1.7134,297.943,1,1
28_A4,tier0_canopy_mid,0,300,-0.8,1.9,0.675,1.6119,-0.28322,-0.16672,1.645,297.978,1,1
28_A4,tier0_canopy_mid,0,300,-0.75,1.85,0.675,1.3479,-0.34717,-0.10648,1.3959,297.932,1,1
28_A4,tier0_canopy_mid,0,300,-0.7,1.85,0.675,1.314,-0.31631,-0.08818,1.3544,297.969,1,1
28_A4,tier0_canopy_mid,0,300,-0.75,1.9,0.675,1.5496,-0.25424,-0.13782,1.5764,298.011,1,1
28_A4,tier0_canopy_mid,0,300,-0.7,1.9,0.675,1.4865,-0.22781,-0.11438,1.5082,298.043,1,1
28_A4,tier0_canopy_mid,0,300,-0.65,1.85,0.675,1.276,-0.28785,-0.073081,1.3102,298.004,1,1
28_A4,tier0_canopy_mid,0,300,-0.6,1.85,0.675,1.2357,-0.26184,-0.060508,1.2646,298.038,1,1
28_A4,tier0_canopy_mid,0,300,-0.65,1.9,0.675,1.424,-0.20419,-0.095064,1.4417,298.075,1,1
28_A4,tier0_canopy_mid,0,300,-0.6,1.9,0.675,1.363,-0.18315,-0.079041,1.3776,298.105,1,1
28_A4,tier0_canopy_mid,0,300,-0.55,1.85,0.675,1.1942,-0.23822,-0.049987,1.2188,298.071,1,1
28_A4,tier0_canopy_mid,0,300,-0.5,1.85,0.675,1.1523,-0.21688,-0.041157,1.1733,298.102,1,1
28_A4,tier0_canopy_mid,0,300,-0.55,1.9,0.675,1.304,-0.16444,-0.065704,1.316,298.135,1,1
28_A4,tier0_canopy_mid,0,300,-0.5,1.9,0.675,1.2473,-0.14785,-0.054568,1.2572,298.163,1,1
28_A4,tier0_canopy_mid,0,300,-0.45,1.85,0.675,1.1106,-0.19766,-0.033731,1.1286,298.133,1,1
28_A4,tier0_canopy_mid,0,300,-0.4,1.85,0.675,1.0695,-0.18038,-0.027468,1.085,298.162,1,1
28_A4,tier0_canopy_mid,0,300,-0.45,1.9,0.675,1.193,-0.13314,-0.045241,1.2012,298.191,1,1
28_A4,tier0_canopy_mid,0,300,-0.4,1.9,0.675,1.1411,-0.12011,-0.037389,1.1481,298.218,1,1
28_A4,tier0_canopy_mid,0,300,-0.35,1.85,0.675,1.0294,-0.16483,-0.022146,1.0427,298.19,1,1
28_A4,tier0_canopy_mid,0,300,-0.35,1.9,0.675,1.0918,-0.10854,-0.0307,1.0976,298.244,1,1
28_A4,tier0_canopy_mid,0,300,-0.95,1.95,0.675,2.1351,-0.17892,-0.3549,2.1718,298.078,1,1
28_A4,tier0_canopy_mid,0,300,-0.9,1.95,0.675,2.0217,-0.16293,-0.2913,2.0491,298.097,1,1
28_A4,tier0_canopy_mid,0,300,-0.95,2.0,0.675,2.2338,0.055522,-0.37271,2.2653,298.367,1,1
28_A4,tier0_canopy_mid,0,300,-0.9,2.0,0.675,2.0896,0.052917,-0.2994,2.1116,298.359,1,1
28_A4,tier0_canopy_mid,0,300,-0.85,1.95,0.675,1.9171,-0.15147,-0.23737,1.9377,298.116,1,1
28_A4,tier0_canopy_mid,0,300,-0.8,1.95,0.675,1.8195,-0.13681,-0.19505,1.835,298.134,1,1
28_A4,tier0_canopy_mid,0,300,-0.85,2.0,0.675,1.973,0.045881,-0.23589,1.9876,298.354,1,1
28_A4,tier0_canopy_mid,0,300,-0.8,2.0,0.675,1.8707,0.042683,-0.19052,1.8809,298.352,1,1
28_A4,tier0_canopy_mid,0,300,-0.75,1.95,0.675,1.7255,-0.12079,-0.1619,1.7373,298.154,1,1
28_A4,tier0_canopy_mid,0,300,-0.7,1.95,0.675,1.6352,-0.10591,-0.13499,1.6442,298.174,1,1
28_A4,tier0_canopy_mid,0,300,-0.75,2.0,0.675,1.7709,0.041639,-0.15739,1.7783,298.352,1,1
28_A4,tier0_canopy_mid,0,300,-0.7,2.0,0.675,1.6741,0.040722,-0.13101,1.6797,298.355,1,1
28_A4,tier0_canopy_mid,0,300,-0.65,1.95,0.675,1.5499,-0.092797,-0.11268,1.5568,298.195,1,1
28_A4,tier0_canopy_mid,0,300,-0.6,1.95,0.675,1.47,-0.081272,-0.09411,1.4753,298.216,1,1
28_A4,tier0_canopy_mid,0,300,-0.65,2.0,0.675,1.5833,0.039558,-0.10917,1.5875,298.36,1,1
28_A4,tier0_canopy_mid,0,300,-0.6,2.0,0.675,1.4989,0.038277,-0.091036,1.5021,298.368,1,1
28_A4,tier0_canopy_mid,0,300,-0.55,1.95,0.675,1.3953,-0.071153,-0.078635,1.3993,298.237,1,1
28_A4,tier0_canopy_mid,0,300,-0.5,1.95,0.675,1.3254,-0.062303,-0.065696,1.3285,298.259,1,1
28_A4,tier0_canopy_mid,0,300,-0.55,2.0,0.675,1.4204,0.036966,-0.075962,1.4229,298.377,1,1
28_A4,tier0_canopy_mid,0,300,-0.5,2.0,0.675,1.3474,0.035657,-0.063366,1.3493,298.387,1,1
28_A4,tier0_canopy_mid,0,300,-0.45,1.95,0.675,1.26,-0.05458,-0.054836,1.2624,298.28,1,1
28_A4,tier0_canopy_mid,0,300,-0.4,1.95,0.675,1.1989,-0.047829,-0.045668,1.2007,298.301,1,1
28_A4,tier0_canopy_mid,0,300,-0.45,2.0,0.675,1.2794,0.034369,-0.052783,1.2809,298.399,1,1
28_A4,tier0_canopy_mid,0,300,-0.4,2.0,0.675,1.2161,0.033126,-0.043831,1.2174,298.411,1,1
28_A4,tier0_canopy_mid,0,300,-0.35,1.95,0.675,1.1417,-0.041909,-0.037825,1.1431,298.322,1,1
28_A4,tier0_canopy_mid,0,300,-0.35,2.0,0.675,1.1572,0.031957,-0.036162,1.1582,298.424,1,1
28_A4,tier0_canopy_mid,0,300,-0.95,2.05,0.675,1.9912,0.22722,-0.32936,2.031,298.569,1,1
28_A4,tier0_canopy_mid,0,300,-0.9,2.05,0.675,1.8695,0.21843,-0.2546,1.8994,298.55,1,1
28_A4,tier0_canopy_mid,0,300,-0.85,2.05,0.675,1.7854,0.21012,-0.19345,1.8081,298.535,1,1
28_A4,tier0_canopy_mid,0,300,-0.8,2.05,0.675,1.7151,0.19854,-0.15298,1.7333,298.523,1,1
28_A4,tier0_canopy_mid,0,300,-0.75,2.05,0.675,1.6415,0.18517,-0.12513,1.6566,298.514,1,1
28_A4,tier0_canopy_mid,0,300,-0.7,2.05,0.675,1.5663,0.17163,-0.10334,1.579,298.507,1,1
28_A4,tier0_canopy_mid,0,300,-0.65,2.05,0.675,1.4935,0.1587,-0.085334,1.5043,298.503,1,1
28_A4,tier0_canopy_mid,0,300,-0.6,2.05,0.675,1.4243,0.14662,-0.070444,1.4336,298.502,1,1
28_A4,tier0_canopy_mid,0,300,-0.55,2.05,0.675,1.3586,0.1355,-0.058128,1.3666,298.502,1,1
28_A4,tier0_canopy_mid,0,300,-0.5,2.05,0.675,1.2962,0.12538,-0.047889,1.3031,298.504,1,1
28_A4,tier0_canopy_mid,0,300,-0.45,2.05,0.675,1.237,0.11619,-0.039313,1.2431,298.508,1,1
28_A4,tier0_canopy_mid,0,300,-0.4,2.05,0.675,1.1811,0.10787,-0.03206,1.1864,298.513,1,1
28_A4,tier0_canopy_mid,0,300,-0.35,2.05,0.675,1.1283,0.10034,-0.025848,1.133,298.519,1,1
28_A4,tier0_canopy_mid,0,300,-0.25,1.6,0.675,0.68368,-0.27937,-0.014894,0.7387,298.146,1,1
28_A4,tier0_canopy_mid,0,300,-0.3,1.6,0.675,0.69154,-0.29473,-0.017194,0.75192,298.124,1,1
28_A4,tier0_canopy_mid,0,300,-0.2,1.6,0.675,0.6742,-0.26458,-0.012846,0.72437,298.168,1,1
28_A4,tier0_canopy_mid,0,300,-0.15,1.6,0.675,0.6634,-0.25041,-0.011019,0.70917,298.19,1,1
28_A4,tier0_canopy_mid,0,300,-0.1,1.6,0.675,0.65153,-0.23687,-0.0093907,0.69332,298.212,1,1
28_A4,tier0_canopy_mid,0,300,-0.05,1.6,0.675,0.63882,-0.22399,-0.00795,0.67699,298.234,1,1
28_A4,tier0_canopy_mid,0,300,0.0,1.6,0.675,0.62543,-0.21174,-0.0066806,0.66034,298.255,1,1
28_A4,tier0_canopy_mid,0,300,0.05,1.6,0.675,0.61152,-0.20011,-0.0055695,0.64345,298.276,1,1
28_A4,tier0_canopy_mid,0,300,0.1,1.6,0.675,0.59719,-0.18906,-0.0046097,0.62642,298.297,1,1
28_A4,tier0_canopy_mid,0,300,0.15,1.6,0.675,0.58252,-0.17857,-0.0037921,0.60929,298.317,1,1
28_A4,tier0_canopy_mid,0,300,0.2,1.6,0.675,0.56763,-0.16859,-0.0031167,0.59214,298.337,1,1
28_A4,tier0_canopy_mid,0,300,0.25,1.6,0.675,0.55258,-0.15911,-0.002595,0.57504,298.357,1,1
28_A4,tier0_canopy_mid,0,300,0.3,1.6,0.675,0.53745,-0.15007,-0.0022366,0.55801,298.376,1,1
28_A4,tier0_canopy_mid,0,300,0.35,1.6,0.675,0.52229,-0.14144,-0.0020492,0.5411,298.396,1,1
28_A4,tier0_canopy_mid,0,300,-0.25,1.65,0.675,0.7256,-0.26154,-0.0046817,0.77131,298.158,1,1
28_A4,tier0_canopy_mid,0,300,-0.2,1.65,0.675,0.71118,-0.24617,-0.0030961,0.75258,298.183,1,1
28_A4,tier0_canopy_mid,0,300,-0.25,1.7,0.675,0.78298,-0.24033,-0.0031342,0.81904,298.168,1,1
28_A4,tier0_canopy_mid,0,300,-0.2,1.7,0.675,0.76367,-0.22486,-0.0013993,0.79608,298.193,1,1
28_A4,tier0_canopy_mid,0,300,-0.15,1.65,0.675,0.69579,-0.23163,-0.001723,0.73333,298.207,1,1
28_A4,tier0_canopy_mid,0,300,-0.1,1.65,0.675,0.67965,-0.21791,-0.00052457,0.71373,298.23,1,1
28_A4,tier0_canopy_mid,0,300,-0.15,1.7,0.675,0.74378,-0.21039,6.6479e-05,0.77296,298.218,1,1
28_A4,tier0_canopy_mid,0,300,-0.1,1.7,0.675,0.72349,-0.19686,0.0013262,0.7498,298.243,1,1
28_A4,tier0_canopy_mid,0,300,-0.05,1.65,0.675,0.66295,-0.20499,0.00053068,0.69392,298.254,1,1
28_A4,tier0_canopy_mid,0,300,0.0,1.65,0.675,0.64584,-0.19283,0.0014598,0.67402,298.277,1,1
28_A4,tier0_canopy_mid,0,300,-0.05,1.7,0.675,0.70293,-0.18423,0.0024467,0.72667,298.267,1,1
28_A4,tier0_canopy_mid,0,300,0.0,1.7,0.675,0.68226,-0.17243,0.0034498,0.70372,298.291,1,1
28_A4,tier0_canopy_mid,0,300,0.05,1.65,0.675,0.62848,-0.18138,0.0022633,0.65413,298.299,1,1
28_A4,tier0_canopy_mid,0,300,0.1,1.65,0.675,0.61094,-0.17059,0.0029454,0.63432,298.322,1,1
28_A4,tier0_canopy_mid,0,300,0.05,1.7,0.675,0.66161,-0.16141,0.0043184,0.68103,298.314,1,1
28_A4,tier0_canopy_mid,0,300,0.1,1.7,0.675,0.64107,-0.1511,0.0050499,0.65866,298.336,1,1
28_A4,tier0_canopy_mid,0,300,0.15,1.65,0.675,0.59333,-0.1604,0.0035197,0.61464,298.343,1,1
28_A4,tier0_canopy_mid,0,300,0.2,1.65,0.675,0.5757,-0.15078,0.0039917,0.59513,298.365,1,1
28_A4,tier0_canopy_mid,0,300,0.15,1.7,0.675,0.62069,-0.14143,0.0056552,0.63663,298.358,1,1
28_A4,tier0_canopy_mid,0,300,0.2,1.7,0.675,0.60054,-0.13234,0.0061423,0.61498,298.38,1,1
28_A4,tier0_canopy_mid,0,300,0.25,1.65,0.675,0.55814,-0.14167,0.0043541,0.57585,298.385,1,1
28_A4,tier0_canopy_mid,0,300,0.3,1.65,0.675,0.54071,-0.13304,0.0046029,0.55686,298.406,1,1
28_A4,tier0_canopy_mid,0,300,0.25,1.7,0.675,0.58067,-0.12378,0.0065138,0.59375,298.401,1,1
28_A4,tier0_canopy_mid,0,300,0.3,1.7,0.675,0.56114,-0.11569,0.0067746,0.57299,298.422,1,1
28_A4,tier0_canopy_mid,0,300,0.35,1.65,0.675,0.52347,-0.12483,0.0047365,0.53817,298.426,1,1
28_A4,tier0_canopy_mid,0,300,0.35,1.7,0.675,0.54201,-0.10803,0.0069297,0.55271,298.442,1,1
28_A4,tier0_canopy_mid,0,300,-0.3,1.8,0.675,0.92949,-0.19457,-0.011764,0.94971,298.181,1,1
28_A4,tier0_canopy_mid,0,300,-0.35,1.75,0.675,0.88959,-0.24687,-0.010427,0.92326,298.129,1,1
28_A4,tier0_canopy_mid,0,300,-0.25,1.75,0.675,0.84143,-0.21321,-0.0050326,0.86804,298.184,1,1
28_A4,tier0_canopy_mid,0,300,-0.2,1.75,0.675,0.8168,-0.19823,-0.002896,0.84051,298.21,1,1
28_A4,tier0_canopy_mid,0,300,-0.25,1.8,0.675,0.89867,-0.17964,-0.0086304,0.91649,298.209,1,1
28_A4,tier0_canopy_mid,0,300,-0.2,1.8,0.675,0.8683,-0.16592,-0.0059602,0.88403,298.235,1,1
28_A4,tier0_canopy_mid,0,300,-0.15,1.75,0.675,0.79208,-0.18433,-0.0011028,0.81325,298.235,1,1
28_A4,tier0_canopy_mid,0,300,-0.1,1.75,0.675,0.7674,-0.17146,0.00040373,0.78632,298.26,1,1
28_A4,tier0_canopy_mid,0,300,-0.15,1.8,0.675,0.8384,-0.15324,-0.0037602,0.8523,298.26,1,1
28_A4,tier0_canopy_mid,0,300,-0.1,1.8,0.675,0.80902,-0.14162,-0.0019377,0.82133,298.285,1,1
28_A4,tier0_canopy_mid,0,300,-0.05,1.75,0.675,0.74287,-0.15955,0.0017237,0.75981,298.285,1,1
28_A4,tier0_canopy_mid,0,300,0.0,1.75,0.675,0.71861,-0.14852,0.0029142,0.7338,298.308,1,1
28_A4,tier0_canopy_mid,0,300,-0.05,1.8,0.675,0.7803,-0.13102,-0.00033408,0.79122,298.308,1,1
28_A4,tier0_canopy_mid,0,300,0.0,1.8,0.675,0.75234,-0.12128,0.0011266,0.76205,298.331,1,1
28_A4,tier0_canopy_mid,0,300,0.05,1.75,0.675,0.69474,-0.1383,0.0039644,0.70838,298.331,1,1
28_A4,tier0_canopy_mid,0,300,0.1,1.75,0.675,0.67129,-0.12882,0.0048635,0.68356,298.353,1,1
28_A4,tier0_canopy_mid,0,300,0.05,1.8,0.675,0.7252,-0.11231,0.0024399,0.73385,298.354,1,1
28_A4,tier0_canopy_mid,0,300,0.1,1.8,0.675,0.69887,-0.10404,0.0035915,0.70658,298.375,1,1
28_A4,tier0_canopy_mid,0,300,0.15,1.75,0.675,0.6483,-0.11999,0.0056122,0.65934,298.375,1,1
28_A4,tier0_canopy_mid,0,300,0.2,1.75,0.675,0.6258,-0.11173,0.0062153,0.63572,298.397,1,1
28_A4,tier0_canopy_mid,0,300,0.15,1.8,0.675,0.67336,-0.096403,0.0045622,0.68025,298.397,1,1
28_A4,tier0_canopy_mid,0,300,0.2,1.8,0.675,0.64865,-0.089292,0.0053464,0.65479,298.417,1,1
28_A4,tier0_canopy_mid,0,300,0.25,1.75,0.675,0.60382,-0.104,0.0066812,0.61274,298.418,1,1
28_A4,tier0_canopy_mid,0,300,0.3,1.75,0.675,0.5824,-0.096718,0.0070235,0.59042,298.438,1,1
28_A4,tier0_canopy_mid,0,300,0.25,1.8,0.675,0.62471,-0.08264,0.0059575,0.63018,298.438,1,1
28_A4,tier0_canopy_mid,0,300,0.3,1.8,0.675,0.60155,-0.076411,0.0064238,0.60642,298.457,1,1
28_A4,tier0_canopy_mid,0,300,0.35,1.75,0.675,0.56158,-0.089842,0.0072553,0.56877,298.458,1,1
28_A4,tier0_canopy_mid,0,300,0.35,1.8,0.675,0.57921,-0.070555,0.0067681,0.58353,298.477,1,1
28_A4,tier0_canopy_mid,0,300,-0.3,1.85,0.675,0.9904,-0.15085,-0.017558,1.002,298.218,1,1
28_A4,tier0_canopy_mid,0,300,-0.3,1.9,0.675,1.0449,-0.098259,-0.024864,1.0498,298.269,1,1
28_A4,tier0_canopy_mid,0,300,-0.35,1.9,0.675,1.0918,-0.10854,-0.0307,1.0976,298.244,1,1
28_A4,tier0_canopy_mid,0,300,-0.25,1.85,0.675,0.95275,-0.13826,-0.013568,0.96282,298.244,1,1
28_A4,tier0_canopy_mid,0,300,-0.2,1.85,0.675,0.91638,-0.12666,-0.010303,0.92515,298.269,1,1
28_A4,tier0_canopy_mid,0,300,-0.25,1.9,0.675,1.0006,-0.089134,-0.019994,1.0048,298.293,1,1
28_A4,tier0_canopy_mid,0,300,-0.2,1.9,0.675,0.95771,-0.080635,-0.017088,0.96125,298.315,1,1
28_A4,tier0_canopy_mid,0,300,-0.15,1.85,0.675,0.88097,-0.11584,-0.0077294,0.88859,298.293,1,1
28_A4,tier0_canopy_mid,0,300,-0.1,1.85,0.675,0.84656,-0.10616,-0.0055174,0.85321,298.316,1,1
28_A4,tier0_canopy_mid,0,300,-0.15,1.9,0.675,0.91553,-0.072557,-0.013795,0.91851,298.335,1,1
28_A4,tier0_canopy_mid,0,300,-0.1,1.9,0.675,0.87577,-0.0656,-0.0096874,0.87828,298.356,1,1
28_A4,tier0_canopy_mid,0,300,-0.05,1.85,0.675,0.81349,-0.097609,-0.0034721,0.81933,298.339,1,1
28_A4,tier0_canopy_mid,0,300,0.0,1.85,0.675,0.78185,-0.089817,-0.0015658,0.78699,298.361,1,1
28_A4,tier0_canopy_mid,0,300,-0.05,1.9,0.675,0.83907,-0.059774,-0.0068727,0.84122,298.377,1,1
28_A4,tier0_canopy_mid,0,300,0.0,1.9,0.675,0.80454,-0.05454,-0.0044929,0.8064,298.397,1,1
28_A4,tier0_canopy_mid,0,300,0.05,1.85,0.675,0.75154,-0.082661,0.00015801,0.75607,298.382,1,1
28_A4,tier0_canopy_mid,0,300,0.1,1.85,0.675,0.72249,-0.07611,0.0016763,0.72649,298.403,1,1
28_A4,tier0_canopy_mid,0,300,0.05,1.9,0.675,0.77179,-0.049806,-0.0022745,0.7734,298.417,1,1
28_A4,tier0_canopy_mid,0,300,0.1,1.9,0.675,0.74069,-0.045519,-0.00029383,0.74209,298.437,1,1
28_A4,tier0_canopy_mid,0,300,0.15,1.85,0.675,0.69468,-0.070084,0.0029507,0.69822,298.423,1,1
28_A4,tier0_canopy_mid,0,300,0.2,1.85,0.675,0.66801,-0.064468,0.0039595,0.67112,298.443,1,1
28_A4,tier0_canopy_mid,0,300,0.15,1.9,0.675,0.7112,-0.041528,0.001338,0.71241,298.456,1,1
28_A4,tier0_canopy_mid,0,300,0.2,1.9,0.675,0.68311,-0.037697,0.0025439,0.68415,298.474,1,1
28_A4,tier0_canopy_mid,0,300,0.25,1.85,0.675,0.64235,-0.059208,0.0047337,0.64509,298.462,1,1
28_A4,tier0_canopy_mid,0,300,0.3,1.85,0.675,0.61767,-0.05431,0.0053407,0.62008,298.481,1,1
28_A4,tier0_canopy_mid,0,300,0.25,1.9,0.675,0.65618,-0.034085,0.0034217,0.65707,298.492,1,1
28_A4,tier0_canopy_mid,0,300,0.3,1.9,0.675,0.63034,-0.030798,0.0041316,0.63111,298.51,1,1
28_A4,tier0_canopy_mid,0,300,0.35,1.85,0.675,0.59401,-0.049736,0.0058215,0.59612,298.5,1,1
28_A4,tier0_canopy_mid,0,300,0.35,1.9,0.675,0.60569,-0.02778,0.0047345,0.60634,298.528,1,1
28_A4,tier0_canopy_mid,0,300,-0.3,1.95,0.675,1.0882,-0.036698,-0.03093,1.0893,298.342,1,1
28_A4,tier0_canopy_mid,0,300,-0.3,2.0,0.675,1.1022,0.030898,-0.029448,1.1031,298.437,1,1
28_A4,tier0_canopy_mid,0,300,-0.25,1.95,0.675,1.0384,-0.032091,-0.025355,1.0392,298.362,1,1
28_A4,tier0_canopy_mid,0,300,-0.2,1.95,0.675,0.99001,-0.027949,-0.022829,0.99067,298.38,1,1
28_A4,tier0_canopy_mid,0,300,-0.25,2.0,0.675,1.0511,0.029971,-0.023783,1.0518,298.451,1,1
28_A4,tier0_canopy_mid,0,300,-0.2,2.0,0.675,1.0024,0.028843,-0.02013,1.003,298.464,1,1
28_A4,tier0_canopy_mid,0,300,-0.15,1.95,0.675,0.94222,-0.024256,-0.018709,0.94272,298.395,1,1
28_A4,tier0_canopy_mid,0,300,-0.1,1.95,0.675,0.89831,-0.021094,-0.012657,0.89865,298.412,1,1
28_A4,tier0_canopy_mid,0,300,-0.15,2.0,0.675,0.95533,0.02736,-0.016143,0.95586,298.475,1,1
28_A4,tier0_canopy_mid,0,300,-0.1,2.0,0.675,0.91146,0.026138,-0.011398,0.91191,298.488,1,1
28_A4,tier0_canopy_mid,0,300,-0.05,1.95,0.675,0.85899,-0.018406,-0.0091107,0.85924,298.431,1,1
28_A4,tier0_canopy_mid,0,300,0.0,1.95,0.675,0.82238,-0.016144,-0.0063039,0.82256,298.449,1,1
28_A4,tier0_canopy_mid,0,300,-0.05,2.0,0.675,0.87121,0.025242,-0.0079501,0.87161,298.502,1,1
28_A4,tier0_canopy_mid,0,300,0.0,2.0,0.675,0.83351,0.024189,-0.0047964,0.83388,298.516,1,1
28_A4,tier0_canopy_mid,0,300,0.05,1.95,0.675,0.78788,-0.01438,-0.0035588,0.78802,298.466,1,1
28_A4,tier0_canopy_mid,0,300,0.1,1.95,0.675,0.75539,-0.013016,-0.0010741,0.7555,298.483,1,1
28_A4,tier0_canopy_mid,0,300,0.05,2.0,0.675,0.79798,0.022802,-0.0016683,0.79831,298.53,1,1
28_A4,tier0_canopy_mid,0,300,0.1,2.0,0.675,0.76384,0.021122,0.00085619,0.76413,298.543,1,1
28_A4,tier0_canopy_mid,0,300,0.15,1.95,0.675,0.72478,-0.011546,0.00080051,0.72487,298.5,1,1
28_A4,tier0_canopy_mid,0,300,0.2,1.95,0.675,0.69565,-0.0096417,0.0019301,0.69572,298.517,1,1
28_A4,tier0_canopy_mid,0,300,0.15,2.0,0.675,0.73133,0.019801,0.0032373,0.7316,298.556,1,1
28_A4,tier0_canopy_mid,0,300,0.2,2.0,0.675,0.70141,0.019359,0.0045889,0.70169,298.57,1,1
28_A4,tier0_canopy_mid,0,300,0.25,1.95,0.675,0.6676,-0.0077098,0.0026932,0.66765,298.533,1,1
28_A4,tier0_canopy_mid,0,300,0.3,1.95,0.675,0.6407,-0.0061392,0.0034513,0.64074,298.55,1,1
28_A4,tier0_canopy_mid,0,300,0.25,2.0,0.675,0.67297,0.019225,0.0045578,0.67326,298.584,1,1
28_A4,tier0_canopy_mid,0,300,0.3,2.0,0.675,0.64544,0.018837,0.0048456,0.64574,298.598,1,1
28_A4,tier0_canopy_mid,0,300,0.35,1.95,0.675,0.61519,-0.0048254,0.0041869,0.61523,298.566,1,1
28_A4,tier0_canopy_mid,0,300,0.35,2.0,0.675,0.61955,0.018306,0.0054556,0.61984,298.611,1,1
28_A4,tier0_canopy_mid,0,300,-0.3,2.05,0.675,1.0784,0.093567,-0.020447,1.0827,298.527,1,1
28_A4,tier0_canopy_mid,0,300,-0.25,2.05,0.675,1.0315,0.087461,-0.015699,1.0353,298.535,1,1
28_A4,tier0_canopy_mid,0,300,-0.2,2.05,0.675,0.98712,0.081707,-0.011684,0.99056,298.543,1,1
28_A4,tier0_canopy_mid,0,300,-0.15,2.05,0.675,0.94489,0.07614,-0.0083991,0.94799,298.552,1,1
28_A4,tier0_canopy_mid,0,300,-0.1,2.05,0.675,0.9046,0.071149,-0.0055167,0.90741,298.561,1,1
28_A4,tier0_canopy_mid,0,300,-0.05,2.05,0.675,0.86631,0.066758,-0.0027305,0.86888,298.571,1,1
28_A4,tier0_canopy_mid,0,300,0.0,2.05,0.675,0.82992,0.06264,0.00018285,0.83228,298.581,1,1
28_A4,tier0_canopy_mid,0,300,0.05,2.05,0.675,0.79531,0.058747,0.0030332,0.79749,298.592,1,1
28_A4,tier0_canopy_mid,0,300,0.1,2.05,0.675,0.76122,0.054979,0.0050046,0.76322,298.601,1,1
28_A4,tier0_canopy_mid,0,300,0.15,2.05,0.675,0.72809,0.051338,0.0077012,0.72994,298.611,1,1
28_A4,tier0_canopy_mid,0,300,0.2,2.05,0.675,0.69839,0.048082,0.009319,0.7001,298.621,1,1
28_A4,tier0_canopy_mid,0,300,0.25,2.05,0.675,0.6706,0.045184,0.0084207,0.67217,298.633,1,1
28_A4,tier0_canopy_mid,0,300,0.3,2.05,0.675,0.64342,0.042495,0.0080413,0.64487,298.645,1,1
28_A4,tier0_canopy_mid,0,300,0.35,2.05,0.675,0.61791,0.040032,0.0082814,0.61927,298.657,1,1
28_A4,tier0_canopy_mid,0,300,0.4,1.6,0.675,0.50715,-0.13315,-0.0020428,0.52435,298.414,1,1
28_A4,tier0_canopy_mid,0,300,0.45,1.6,0.675,0.49209,-0.12517,-0.0022322,0.50776,298.432,1,1
28_A4,tier0_canopy_mid,0,300,0.5,1.6,0.675,0.47713,-0.11742,-0.0026382,0.49137,298.45,1,1
28_A4,tier0_canopy_mid,0,300,0.55,1.6,0.675,0.46231,-0.10983,-0.0032833,0.47519,298.468,1,1
28_A4,tier0_canopy_mid,0,300,0.6,1.6,0.675,0.44766,-0.10234,-0.0041873,0.45923,298.484,1,1
28_A4,tier0_canopy_mid,0,300,0.65,1.6,0.675,0.43318,-0.094866,-0.0053603,0.44347,298.501,1,1
28_A4,tier0_canopy_mid,0,300,0.7,1.6,0.675,0.41878,-0.087336,-0.0068059,0.42785,298.516,1,1
28_A4,tier0_canopy_mid,0,300,0.75,1.6,0.675,0.40435,-0.07971,-0.008517,0.41222,298.531,1,1
28_A4,tier0_canopy_mid,0,300,0.8,1.6,0.675,0.38954,-0.07204,-0.010442,0.39628,298.546,1,1
28_A4,tier0_canopy_mid,0,300,0.85,1.6,0.675,0.37366,-0.064616,-0.012434,0.37941,298.559,1,1
28_A4,tier0_canopy_mid,0,300,0.9,1.6,0.675,0.35537,-0.058296,-0.014155,0.3604,298.573,1,1
28_A4,tier0_canopy_mid,0,300,0.95,1.6,0.675,0.33217,-0.055321,-0.014932,0.33708,298.586,1,1
28_A4,tier0_canopy_mid,0,300,1.0,1.6,0.675,0.29957,-0.061871,-0.014425,0.30623,298.602,1,1
28_A4,tier0_canopy_mid,0,300,0.4,1.65,0.675,0.50647,-0.11698,0.0047512,0.51983,298.446,1,1
28_A4,tier0_canopy_mid,0,300,0.4,1.7,0.675,0.5233,-0.10071,0.0069797,0.53295,298.462,1,1
28_A4,tier0_canopy_mid,0,300,0.35,1.7,0.675,0.54201,-0.10803,0.0069297,0.55271,298.442,1,1
28_A4,tier0_canopy_mid,0,300,0.45,1.65,0.675,0.48974,-0.10942,0.0046375,0.50184,298.465,1,1
28_A4,tier0_canopy_mid,0,300,0.5,1.65,0.675,0.47332,-0.10208,0.0043781,0.48422,298.484,1,1
28_A4,tier0_canopy_mid,0,300,0.45,1.7,0.675,0.50507,-0.093654,0.0069161,0.51372,298.481,1,1
28_A4,tier0_canopy_mid,0,300,0.5,1.7,0.675,0.48734,-0.086769,0.006723,0.49504,298.5,1,1
28_A4,tier0_canopy_mid,0,300,0.55,1.65,0.675,0.45724,-0.09485,0.0039528,0.46699,298.502,1,1
28_A4,tier0_canopy_mid,0,300,0.6,1.65,0.675,0.44153,-0.087636,0.0033437,0.45016,298.52,1,1
28_A4,tier0_canopy_mid,0,300,0.55,1.7,0.675,0.47015,-0.07994,0.0063813,0.47694,298.519,1,1
28_A4,tier0_canopy_mid,0,300,0.6,1.7,0.675,0.45353,-0.07303,0.0058709,0.45941,298.537,1,1
28_A4,tier0_canopy_mid,0,300,0.65,1.65,0.675,0.42617,-0.080303,0.0025429,0.43368,298.537,1,1
28_A4,tier0_canopy_mid,0,300,0.7,1.65,0.675,0.41108,-0.072687,0.0015527,0.41746,298.554,1,1
28_A4,tier0_canopy_mid,0,300,0.65,1.7,0.675,0.4375,-0.065858,0.0051763,0.44246,298.554,1,1
28_A4,tier0_canopy_mid,0,300,0.7,1.7,0.675,0.42205,-0.058173,0.0042938,0.42606,298.571,1,1
28_A4,tier0_canopy_mid,0,300,0.75,1.65,0.675,0.39609,-0.064587,0.0003955,0.40132,298.57,1,1
28_A4,tier0_canopy_mid,0,300,0.8,1.65,0.675,0.38075,-0.055762,-0.00083403,0.38481,298.586,1,1
28_A4,tier0_canopy_mid,0,300,0.75,1.7,0.675,0.40707,-0.049615,0.0032473,0.41009,298.588,1,1
28_A4,tier0_canopy_mid,0,300,0.8,1.7,0.675,0.39229,-0.039635,0.0021272,0.39429,298.603,1,1
28_A4,tier0_canopy_mid,0,300,0.85,1.65,0.675,0.36409,-0.0459,-0.0018934,0.36698,298.6,1,1
28_A4,tier0_canopy_mid,0,300,0.9,1.65,0.675,0.34405,-0.034645,-0.0022619,0.3458,298.615,1,1
28_A4,tier0_canopy_mid,0,300,0.85,1.7,0.675,0.37711,-0.027312,0.001159,0.3781,298.618,1,1
28_A4,tier0_canopy_mid,0,300,0.9,1.7,0.675,0.36037,-0.011004,0.00079529,0.36054,298.633,1,1
28_A4,tier0_canopy_mid,0,300,0.95,1.65,0.675,0.31615,-0.021532,-0.0010068,0.31688,298.629,1,1
28_A4,tier0_canopy_mid,0,300,1.0,1.65,0.675,0.26963,-0.0062462,0.0019127,0.26971,298.647,1,1
28_A4,tier0_canopy_mid,0,300,0.95,1.7,0.675,0.33998,0.012273,0.0019125,0.34021,298.648,1,1
28_A4,tier0_canopy_mid,0,300,1.0,1.7,0.675,0.31191,0.04898,0.0051976,0.31578,298.665,1,1
28_A4,tier0_canopy_mid,0,300,0.4,1.75,0.675,0.5414,-0.083291,0.0073805,0.54782,298.478,1,1
28_A4,tier0_canopy_mid,0,300,0.4,1.8,0.675,0.55771,-0.064992,0.0069955,0.56153,298.496,1,1
28_A4,tier0_canopy_mid,0,300,0.35,1.8,0.675,0.57921,-0.070555,0.0067681,0.58353,298.477,1,1
28_A4,tier0_canopy_mid,0,300,0.45,1.75,0.675,0.52188,-0.076974,0.0073904,0.52758,298.497,1,1
28_A4,tier0_canopy_mid,0,300,0.5,1.75,0.675,0.50308,-0.070788,0.0072683,0.50809,298.515,1,1
28_A4,tier0_canopy_mid,0,300,0.45,1.8,0.675,0.5371,-0.059626,0.0070952,0.54044,298.514,1,1
28_A4,tier0_canopy_mid,0,300,0.5,1.8,0.675,0.5174,-0.054349,0.0070487,0.52029,298.533,1,1
28_A4,tier0_canopy_mid,0,300,0.55,1.75,0.675,0.48502,-0.064608,0.006993,0.48936,298.534,1,1
28_A4,tier0_canopy_mid,0,300,0.6,1.75,0.675,0.46778,-0.05828,0.0065398,0.47144,298.551,1,1
28_A4,tier0_canopy_mid,0,300,0.55,1.8,0.675,0.49866,-0.049039,0.0068316,0.50111,298.55,1,1
28_A4,tier0_canopy_mid,0,300,0.6,1.8,0.675,0.48097,-0.043538,0.0064135,0.48298,298.568,1,1
28_A4,tier0_canopy_mid,0,300,0.65,1.75,0.675,0.4514,-0.051596,0.0058844,0.45438,298.569,1,1
28_A4,tier0_canopy_mid,0,300,0.7,1.75,0.675,0.43596,-0.044264,0.0050108,0.43823,298.585,1,1
28_A4,tier0_canopy_mid,0,300,0.65,1.8,0.675,0.46444,-0.037635,0.0057603,0.466,298.585,1,1
28_A4,tier0_canopy_mid,0,300,0.7,1.8,0.675,0.44923,-0.031038,0.0048398,0.45032,298.601,1,1
28_A4,tier0_canopy_mid,0,300,0.75,1.75,0.675,0.42152,-0.035854,0.0039254,0.42306,298.602,1,1
28_A4,tier0_canopy_mid,0,300,0.8,1.75,0.675,0.4081,-0.025708,0.002687,0.40891,298.617,1,1
28_A4,tier0_canopy_mid,0,300,0.75,1.8,0.675,0.43553,-0.023324,0.0036342,0.43617,298.616,1,1
28_A4,tier0_canopy_mid,0,300,0.8,1.8,0.675,0.42361,-0.013865,0.0021595,0.42385,298.631,1,1
28_A4,tier0_canopy_mid,0,300,0.85,1.75,0.675,0.39569,-0.012773,0.0014477,0.39589,298.631,1,1
28_A4,tier0_canopy_mid,0,300,0.9,1.75,0.675,0.38436,0.0046582,0.00053038,0.38439,298.645,1,1
28_A4,tier0_canopy_mid,0,300,0.85,1.8,0.675,0.41383,-0.0017296,0.00050716,0.41383,298.645,1,1
28_A4,tier0_canopy_mid,0,300,0.9,1.8,0.675,0.40668,0.014383,-0.0010554,0.40694,298.658,1,1
28_A4,tier0_canopy_mid,0,300,0.95,1.75,0.675,0.37459,0.0291,0.00065815,0.37572,298.659,1,1
28_A4,tier0_canopy_mid,0,300,1.0,1.75,0.675,0.36839,0.064208,0.0029861,0.37396,298.673,1,1
28_A4,tier0_canopy_mid,0,300,0.95,1.8,0.675,0.40291,0.036188,-0.0019048,0.40454,298.67,1,1
28_A4,tier0_canopy_mid,0,300,1.0,1.8,0.675,0.40338,0.065218,-0.00093702,0.40862,298.683,1,1
28_A4,tier0_canopy_mid,0,300,0.4,1.85,0.675,0.57141,-0.045401,0.006176,0.57325,298.518,1,1
28_A4,tier0_canopy_mid,0,300,0.4,1.9,0.675,0.58226,-0.024917,0.0052099,0.58282,298.545,1,1
28_A4,tier0_canopy_mid,0,300,0.35,1.9,0.675,0.60569,-0.02778,0.0047345,0.60634,298.528,1,1
28_A4,tier0_canopy_mid,0,300,0.45,1.85,0.675,0.54989,-0.04121,0.0063867,0.55147,298.536,1,1
28_A4,tier0_canopy_mid,0,300,0.5,1.85,0.675,0.52947,-0.037067,0.0064321,0.53081,298.553,1,1
28_A4,tier0_canopy_mid,0,300,0.45,1.9,0.675,0.56008,-0.022119,0.0055288,0.56054,298.562,1,1
28_A4,tier0_canopy_mid,0,300,0.5,1.9,0.675,0.53915,-0.019315,0.0056683,0.53953,298.578,1,1
28_A4,tier0_canopy_mid,0,300,0.55,1.85,0.675,0.51022,-0.032859,0.0062847,0.51132,298.57,1,1
28_A4,tier0_canopy_mid,0,300,0.6,1.85,0.675,0.49224,-0.028441,0.0059085,0.4931,298.587,1,1
28_A4,tier0_canopy_mid,0,300,0.55,1.9,0.675,0.51956,-0.016411,0.0056006,0.51985,298.594,1,1
28_A4,tier0_canopy_mid,0,300,0.6,1.9,0.675,0.50142,-0.013288,0.0052865,0.50162,298.61,1,1
28_A4,tier0_canopy_mid,0,300,0.65,1.85,0.675,0.47569,-0.023626,0.0052603,0.47631,298.603,1,1
28_A4,tier0_canopy_mid,0,300,0.7,1.85,0.675,0.46081,-0.018149,0.0042937,0.46119,298.618,1,1
28_A4,tier0_canopy_mid,0,300,0.65,1.9,0.675,0.48494,-0.0097981,0.0046756,0.48506,298.626,1,1
28_A4,tier0_canopy_mid,0,300,0.7,1.9,0.675,0.47042,-0.0057389,0.0037102,0.47047,298.641,1,1
28_A4,tier0_canopy_mid,0,300,0.75,1.85,0.675,0.44792,-0.011635,0.0029679,0.44808,298.633,1,1
28_A4,tier0_canopy_mid,0,300,0.8,1.85,0.675,0.43747,-0.0035332,0.0012673,0.43748,298.647,1,1
28_A4,tier0_canopy_mid,0,300,0.75,1.9,0.675,0.45829,-0.00082597,0.0023331,0.4583,298.655,1,1
28_A4,tier0_canopy_mid,0,300,0.8,1.9,0.675,0.44913,0.0053517,0.00051723,0.44916,298.668,1,1
28_A4,tier0_canopy_mid,0,300,0.85,1.85,0.675,0.43003,0.0069366,-0.00074691,0.43009,298.661,1,1
28_A4,tier0_canopy_mid,0,300,0.9,1.85,0.675,0.42639,0.020868,-0.0028535,0.42691,298.673,1,1
28_A4,tier0_canopy_mid,0,300,0.85,1.9,0.675,0.44375,0.013401,-0.0017096,0.44396,298.681,1,1
28_A4,tier0_canopy_mid,0,300,0.9,1.9,0.675,0.44331,0.024259,-0.0041829,0.44399,298.692,1,1
28_A4,tier0_canopy_mid,0,300,0.95,1.85,0.675,0.42743,0.039735,-0.0044862,0.42929,298.684,1,1
28_A4,tier0_canopy_mid,0,300,1.0,1.85,0.675,0.43373,0.065172,-0.0043874,0.43862,298.695,1,1
28_A4,tier0_canopy_mid,0,300,0.95,1.9,0.675,0.44926,0.039331,-0.0063432,0.45102,298.703,1,1
28_A4,tier0_canopy_mid,0,300,1.0,1.9,0.675,0.46315,0.060715,-0.0067153,0.46716,298.712,1,1
28_A4,tier0_canopy_mid,0,300,0.4,1.95,0.675,0.59111,-0.003584,0.0047871,0.59114,298.581,1,1
28_A4,tier0_canopy_mid,0,300,0.4,2.0,0.675,0.59529,0.017808,0.0060011,0.59559,298.625,1,1
28_A4,tier0_canopy_mid,0,300,0.45,1.95,0.675,0.56841,-0.0023282,0.0052068,0.56844,298.597,1,1
28_A4,tier0_canopy_mid,0,300,0.5,1.95,0.675,0.54708,-0.0010124,0.005433,0.54711,298.612,1,1
28_A4,tier0_canopy_mid,0,300,0.45,2.0,0.675,0.5725,0.017404,0.0063786,0.5728,298.639,1,1
28_A4,tier0_canopy_mid,0,300,0.5,2.0,0.675,0.55113,0.017114,0.0065758,0.55144,298.652,1,1
28_A4,tier0_canopy_mid,0,300,0.55,1.95,0.675,0.52721,0.00041754,0.0054431,0.52723,298.627,1,1
28_A4,tier0_canopy_mid,0,300,0.6,1.95,0.675,0.50893,0.0020359,0.0051973,0.50896,298.642,1,1
28_A4,tier0_canopy_mid,0,300,0.55,2.0,0.675,0.53128,0.016952,0.0065669,0.53159,298.666,1,1
28_A4,tier0_canopy_mid,0,300,0.6,2.0,0.675,0.51308,0.016939,0.0063081,0.5134,298.679,1,1
28_A4,tier0_canopy_mid,0,300,0.65,1.95,0.675,0.49247,0.0039391,0.0046431,0.49251,298.656,1,1
28_A4,tier0_canopy_mid,0,300,0.7,1.95,0.675,0.47819,0.0062524,0.0037184,0.47825,298.67,1,1
28_A4,tier0_canopy_mid,0,300,0.65,2.0,0.675,0.49678,0.017102,0.0057477,0.49711,298.692,1,1
28_A4,tier0_canopy_mid,0,300,0.7,2.0,0.675,0.48274,0.017469,0.0048274,0.48308,298.704,1,1
28_A4,tier0_canopy_mid,0,300,0.75,1.95,0.675,0.46659,0.0091439,0.0023602,0.46668,298.683,1,1
28_A4,tier0_canopy_mid,0,300,0.8,1.95,0.675,0.45835,0.012849,0.00053066,0.45853,298.696,1,1
28_A4,tier0_canopy_mid,0,300,0.75,2.0,0.675,0.47149,0.018073,0.0034862,0.47185,298.716,1,1
28_A4,tier0_canopy_mid,0,300,0.8,2.0,0.675,0.46381,0.018946,0.0016792,0.4642,298.728,1,1
28_A4,tier0_canopy_mid,0,300,0.85,1.95,0.675,0.45451,0.01774,-0.0017731,0.45486,298.707,1,1
28_A4,tier0_canopy_mid,0,300,0.9,1.95,0.675,0.45659,0.024413,-0.0044243,0.45727,298.718,1,1
28_A4,tier0_canopy_mid,0,300,0.85,2.0,0.675,0.46083,0.020126,-0.00059433,0.46127,298.738,1,1
28_A4,tier0_canopy_mid,0,300,0.9,2.0,0.675,0.46422,0.02168,-0.0032058,0.46474,298.748,1,1
28_A4,tier0_canopy_mid,0,300,0.95,1.95,0.675,0.46677,0.033837,-0.0068743,0.46805,298.727,1,1
28_A4,tier0_canopy_mid,0,300,1.0,1.95,0.675,0.48808,0.047659,-0.0075553,0.49046,298.736,1,1
28_A4,tier0_canopy_mid,0,300,0.95,2.0,0.675,0.47648,0.023766,-0.0056131,0.4771,298.757,1,1
28_A4,tier0_canopy_mid,0,300,1.0,2.0,0.675,0.50131,0.026669,-0.0062031,0.50206,298.765,1,1
28_A4,tier0_canopy_mid,0,300,0.4,2.05,0.675,0.59408,0.03778,0.0085581,0.59535,298.668,1,1
28_A4,tier0_canopy_mid,0,300,0.45,2.05,0.675,0.57169,0.035723,0.0087188,0.57288,298.68,1,1
28_A4,tier0_canopy_mid,0,300,0.5,2.05,0.675,0.5507,0.033843,0.0087412,0.55181,298.692,1,1
28_A4,tier0_canopy_mid,0,300,0.55,2.05,0.675,0.53119,0.032119,0.0085932,0.53223,298.704,1,1
28_A4,tier0_canopy_mid,0,300,0.6,2.05,0.675,0.51332,0.030518,0.008229,0.51429,298.716,1,1
28_A4,tier0_canopy_mid,0,300,0.65,2.05,0.675,0.4973,0.028983,0.0076003,0.4982,298.728,1,1
28_A4,tier0_canopy_mid,0,300,0.7,2.05,0.675,0.48348,0.027429,0.0066558,0.48431,298.739,1,1
28_A4,tier0_canopy_mid,0,300,0.75,2.05,0.675,0.4724,0.025728,0.0053438,0.47313,298.75,1,1
28_A4,tier0_canopy_mid,0,300,0.8,2.05,0.675,0.46481,0.023674,0.0036278,0.46542,298.761,1,1
28_A4,tier0_canopy_mid,0,300,0.85,2.05,0.675,0.46178,0.020951,0.001526,0.46226,298.771,1,1
28_A4,tier0_canopy_mid,0,300,0.9,2.05,0.675,0.46489,0.017072,-0.00080344,0.4652,298.78,1,1
28_A4,tier0_canopy_mid,0,300,0.95,2.05,0.675,0.47641,0.011276,-0.0027939,0.47655,298.79,1,1
28_A4,tier0_canopy_mid,0,300,1.0,2.05,0.675,0.49961,0.0023102,-0.0028694,0.49963,298.8,1,1
28_A4,tier0_canopy_mid,0,300,1.05,1.6,0.675,0.26542,-0.10386,-0.012452,0.28529,298.643,1,1
28_A4,tier0_canopy_mid,0,300,1.0,1.6,0.675,0.29957,-0.061871,-0.014425,0.30623,298.602,1,1
28_A4,tier0_canopy_mid,0,300,1.1,1.6,0.675,0,0,0,0,302,1,1
28_A4,tier0_canopy_mid,0,300,1.15,1.6,0.675,0,0,0,0,302,1,1
28_A4,tier0_canopy_mid,0,300,1.2,1.6,0.675,0,0,0,0,302,1,1
28_A4,tier0_canopy_mid,0,300,1.05,1.65,0.675,0.21048,0.010784,0.0058845,0.21083,298.697,1,1
28_A4,tier0_canopy_mid,0,300,1.1,1.65,0.675,0,0,0,0,302,1,1
28_A4,tier0_canopy_mid,0,300,1.05,1.7,0.675,0.28346,0.12491,0.0103,0.30993,298.704,1,1
28_A4,tier0_canopy_mid,0,300,1.1,1.7,0.675,0,0,0,0,302,1,1
28_A4,tier0_canopy_mid,0,300,1.2,1.65,0.675,1.2799e-17,5.2126e-18,-1.7631e-19,1.3821e-17,302,1,1
28_A4,tier0_canopy_mid,0,300,1.2,1.7,0.675,0,0,0,0,302,1,1
28_A4,tier0_canopy_mid,0,300,1.05,1.75,0.675,0.37192,0.11881,0.0078176,0.39052,298.696,1,1
28_A4,tier0_canopy_mid,0,300,1.0,1.75,0.675,0.36839,0.064208,0.0029861,0.37396,298.673,1,1
28_A4,tier0_canopy_mid,0,300,1.1,1.75,0.675,0.38617,0.13253,0.012708,0.40848,298.729,1,1
28_A4,tier0_canopy_mid,0,300,1.05,1.8,0.675,0.4103,0.10106,0.0028452,0.42258,298.697,1,1
28_A4,tier0_canopy_mid,0,300,1.1,1.8,0.675,0.41778,0.12009,0.0086556,0.43478,298.716,1,1
28_A4,tier0_canopy_mid,0,300,1.15,1.75,0.675,0.36009,0.10657,0.018403,0.37598,298.772,1,1
28_A4,tier0_canopy_mid,0,300,1.15,1.7,0.675,0,0,0,0,302,1,1
28_A4,tier0_canopy_mid,0,300,1.2,1.75,0.675,0.27942,0.11139,0.027585,0.30206,298.806,1,1
28_A4,tier0_canopy_mid,0,300,1.15,1.8,0.675,0.4022,0.13237,0.02137,0.42396,298.74,1,1
28_A4,tier0_canopy_mid,0,300,1.2,1.8,0.675,0.35132,0.17897,0.042455,0.39656,298.768,1,1
28_A4,tier0_canopy_mid,0,300,1.05,1.85,0.675,0.44568,0.098548,-0.00053055,0.45644,298.707,1,1
28_A4,tier0_canopy_mid,0,300,1.0,1.85,0.675,0.43373,0.065172,-0.0043874,0.43862,298.695,1,1
28_A4,tier0_canopy_mid,0,300,1.1,1.85,0.675,0.45748,0.13613,0.0096334,0.4774,298.72,1,1
28_A4,tier0_canopy_mid,0,300,1.05,1.9,0.675,0.4868,0.09172,-0.0021473,0.49537,298.723,1,1
28_A4,tier0_canopy_mid,0,300,1.1,1.9,0.675,0.52068,0.13652,0.013991,0.53846,298.736,1,1
28_A4,tier0_canopy_mid,0,300,1.15,1.85,0.675,0.45504,0.18769,0.037082,0.49362,298.737,1,1
28_A4,tier0_canopy_mid,0,300,1.2,1.85,0.675,0.41897,0.29686,0.084849,0.52044,298.757,1,1
28_A4,tier0_canopy_mid,0,300,1.15,1.9,0.675,0.57209,0.208,0.059228,0.61161,298.753,1,1
28_A4,tier0_canopy_mid,0,300,1.2,1.9,0.675,0.58191,0.35467,0.16702,0.70164,298.768,1,1
28_A4,tier0_canopy_mid,0,300,1.05,1.95,0.675,0.52535,0.068785,-0.0026787,0.52984,298.745,1,1
28_A4,tier0_canopy_mid,0,300,1.1,1.95,0.675,0.58617,0.10198,0.016698,0.59521,298.759,1,1
28_A4,tier0_canopy_mid,0,300,1.05,2.0,0.675,0.54476,0.030815,-0.00086158,0.54564,298.776,1,1
28_A4,tier0_canopy_mid,0,300,1.1,2.0,0.675,0.61625,0.036594,0.020478,0.61767,298.791,1,1
28_A4,tier0_canopy_mid,0,300,1.15,1.95,0.675,0.69997,0.15575,0.075964,0.7211,298.779,1,1
28_A4,tier0_canopy_mid,0,300,1.2,1.95,0.675,0.76614,0.25252,0.24991,0.84451,298.793,1,1
28_A4,tier0_canopy_mid,0,300,1.15,2.0,0.675,0.75128,0.043634,0.086477,0.7575,298.817,1,1
28_A4,tier0_canopy_mid,0,300,1.2,2.0,0.675,0.83971,0.041437,0.28227,0.88685,298.838,1,1
28_A4,tier0_canopy_mid,0,300,1.05,2.05,0.675,0.53958,-0.011966,0.0027783,0.53971,298.813,1,1
28_A4,tier0_canopy_mid,0,300,1.1,2.05,0.675,0.6042,-0.035599,0.023186,0.60569,298.833,1,1
28_A4,tier0_canopy_mid,0,300,1.15,2.05,0.675,0.72485,-0.078598,0.083587,0.73388,298.865,1,1
28_A4,tier0_canopy_mid,0,300,1.2,2.05,0.675,0.79741,-0.1809,0.25431,0.8563,298.895,1,1
28_A4,tier0_canopy_mid,0,300,-1.2,2.1,0.675,1.3473,0.15343,-0.32703,1.3949,298.691,1,1
28_A4,tier0_canopy_mid,0,300,-1.15,2.1,0.675,1.4675,0.31968,-0.33601,1.5391,298.7,1,1
28_A4,tier0_canopy_mid,0,300,-1.1,2.1,0.675,1.5437,0.37634,-0.30289,1.6176,298.696,1,1
28_A4,tier0_canopy_mid,0,300,-1.05,2.1,0.675,1.586,0.38244,-0.26943,1.6536,298.685,1,1
28_A4,tier0_canopy_mid,0,300,-1.0,2.1,0.675,1.5901,0.35785,-0.25453,1.6496,298.671,1,1
28_A4,tier0_canopy_mid,0,300,-1.2,2.15,0.675,0.43789,0.092636,-0.099977,0.45861,298.702,1,1
28_A4,tier0_canopy_mid,0,300,-1.2,2.2,0.675,0.12143,-0.068148,-0.020749,0.14078,298.748,1,1
28_A4,tier0_canopy_mid,0,300,-1.15,2.15,0.675,0.67669,0.27578,-0.17824,0.75215,298.725,1,1
28_A4,tier0_canopy_mid,0,300,-1.1,2.15,0.675,0.85944,0.36542,-0.18645,0.95233,298.724,1,1
28_A4,tier0_canopy_mid,0,300,-1.15,2.2,0.675,0.28906,0.11592,-0.10812,0.32967,298.795,1,1
28_A4,tier0_canopy_mid,0,300,-1.1,2.2,0.675,0.46377,0.24755,-0.12028,0.53929,298.78,1,1
28_A4,tier0_canopy_mid,0,300,-1.05,2.15,0.675,0.99455,0.39665,-0.17329,1.0847,298.717,1,1
28_A4,tier0_canopy_mid,0,300,-1.0,2.15,0.675,1.0837,0.39143,-0.15801,1.163,298.709,1,1
28_A4,tier0_canopy_mid,0,300,-1.05,2.2,0.675,0.61315,0.32094,-0.11219,0.7011,298.765,1,1
28_A4,tier0_canopy_mid,0,300,-1.0,2.2,0.675,0.73093,0.35307,-0.099555,0.81782,298.753,1,1
28_A4,tier0_canopy_mid,0,300,-1.2,2.25,0.675,0.028983,-0.080186,0.033795,0.091717,298.838,1,1
28_A4,tier0_canopy_mid,0,300,-1.2,2.3,0.675,0,0,0,0,302,1,1
28_A4,tier0_canopy_mid,0,300,-1.15,2.25,0.675,0.11157,0.05191,-0.042751,0.13027,298.941,1,1
28_A4,tier0_canopy_mid,0,300,-1.1,2.25,0.675,0.24504,0.1615,-0.053067,0.29824,298.888,1,1
28_A4,tier0_canopy_mid,0,300,-1.15,2.3,0.675,0,0,0,0,302,1,1
28_A4,tier0_canopy_mid,0,300,-1.1,2.3,0.675,0,0,0,0,302,1,1
28_A4,tier0_canopy_mid,0,300,-1.05,2.25,0.675,0.3762,0.23645,-0.062523,0.44872,298.833,1,1
28_A4,tier0_canopy_mid,0,300,-1.0,2.25,0.675,0.49149,0.28483,-0.056842,0.57089,298.805,1,1
28_A4,tier0_canopy_mid,0,300,-1.05,2.3,0.675,0.22599,0.13541,-0.041191,0.26665,298.893,1,1
28_A4,tier0_canopy_mid,0,300,-1.0,2.3,0.675,0.32537,0.19524,-0.026385,0.38037,298.852,1,1
28_A4,tier0_canopy_mid,0,300,-1.2,2.35,0.675,0,0,0,0,302,1,1
28_A4,tier0_canopy_mid,0,300,-1.2,2.4,0.675,0,0,0,0,302,1,1
28_A4,tier0_canopy_mid,0,300,-1.05,2.35,0.675,0.12939,0.014054,-0.018274,0.13143,298.898,1,1
28_A4,tier0_canopy_mid,0,300,-1.1,2.35,0.675,0,0,0,0,302,1,1
28_A4,tier0_canopy_mid,0,300,-1.0,2.35,0.675,0.20847,0.094628,0.0025084,0.22896,298.87,1,1
28_A4,tier0_canopy_mid,0,300,-1.05,2.4,0.675,0.089494,-0.071119,0.014478,0.11522,298.813,1,1
28_A4,tier0_canopy_mid,0,300,-1.1,2.4,0.675,0,0,0,0,302,1,1
28_A4,tier0_canopy_mid,0,300,-1.0,2.4,0.675,0.13814,0.0062581,0.023596,0.14028,298.825,1,1
28_A4,tier0_canopy_mid,0,300,-1.15,2.4,0.675,0,0,0,0,302,1,1
28_A4,tier0_canopy_mid,0,300,-0.95,2.05,0.675,1.9912,0.22722,-0.32936,2.031,298.569,1,1
28_A4,tier0_canopy_mid,0,300,-0.95,2.1,0.675,1.5526,0.33002,-0.22781,1.6035,298.654,1,1
28_A4,tier0_canopy_mid,0,300,-0.9,2.1,0.675,1.5093,0.32138,-0.17718,1.5533,298.638,1,1
28_A4,tier0_canopy_mid,0,300,-0.85,2.1,0.675,1.4826,0.31584,-0.13609,1.522,298.624,1,1
28_A4,tier0_canopy_mid,0,300,-0.8,2.05,0.675,1.7151,0.19854,-0.15298,1.7333,298.523,1,1
28_A4,tier0_canopy_mid,0,300,-0.8,2.1,0.675,1.457,0.30124,-0.10806,1.4917,298.613,1,1
28_A4,tier0_canopy_mid,0,300,-0.75,2.05,0.675,1.6415,0.18517,-0.12513,1.6566,298.514,1,1
28_A4,tier0_canopy_mid,0,300,-0.75,2.1,0.675,1.4223,0.28185,-0.088193,1.4526,298.604,1,1
28_A4,tier0_canopy_mid,0,300,-0.7,2.05,0.675,1.5663,0.17163,-0.10334,1.579,298.507,1,1
28_A4,tier0_canopy_mid,0,300,-0.7,2.1,0.675,1.381,0.262,-0.072251,1.4075,298.596,1,1
28_A4,tier0_canopy_mid,0,300,-0.65,2.1,0.675,1.337,0.24307,-0.05886,1.3602,298.591,1,1
28_A4,tier0_canopy_mid,0,300,-0.6,2.1,0.675,1.2921,0.2253,-0.047664,1.3125,298.587,1,1
28_A4,tier0_canopy_mid,0,300,-0.55,2.05,0.675,1.3586,0.1355,-0.058128,1.3666,298.502,1,1
28_A4,tier0_canopy_mid,0,300,-0.55,2.1,0.675,1.2468,0.20883,-0.038408,1.2647,298.585,1,1
28_A4,tier0_canopy_mid,0,300,-0.5,2.1,0.675,1.2015,0.19372,-0.030784,1.2174,298.585,1,1
28_A4,tier0_canopy_mid,0,300,-0.45,2.1,0.675,1.1567,0.17985,-0.024424,1.1709,298.585,1,1
28_A4,tier0_canopy_mid,0,300,-0.4,2.05,0.675,1.1811,0.10787,-0.03206,1.1864,298.513,1,1
28_A4,tier0_canopy_mid,0,300,-0.4,2.1,0.675,1.1129,0.16715,-0.019013,1.1256,298.588,1,1
28_A4,tier0_canopy_mid,0,300,-0.35,2.1,0.675,1.0703,0.15554,-0.014349,1.0817,298.591,1,1
28_A4,tier0_canopy_mid,0,300,-0.95,2.15,0.675,1.1327,0.37681,-0.1395,1.2019,298.7,1,1
28_A4,tier0_canopy_mid,0,300,-0.9,2.15,0.675,1.1617,0.37234,-0.1147,1.2253,298.69,1,1
28_A4,tier0_canopy_mid,0,300,-0.95,2.2,0.675,0.81727,0.36439,-0.086428,0.89899,298.743,1,1
28_A4,tier0_canopy_mid,0,300,-1.0,2.2,0.675,0.73093,0.35307,-0.099555,0.81782,298.753,1,1
28_A4,tier0_canopy_mid,0,300,-0.9,2.2,0.675,0.88056,0.3696,-0.072355,0.95772,298.734,1,1
28_A4,tier0_canopy_mid,0,300,-0.85,2.15,0.675,1.1824,0.36708,-0.091432,1.2415,298.68,1,1
28_A4,tier0_canopy_mid,0,300,-0.8,2.15,0.675,1.1932,0.35317,-0.073323,1.2465,298.672,1,1
28_A4,tier0_canopy_mid,0,300,-0.85,2.2,0.675,0.9283,0.36899,-0.058574,1.0007,298.726,1,1
28_A4,tier0_canopy_mid,0,300,-0.8,2.2,0.675,0.96278,0.36121,-0.046579,1.0294,298.719,1,1
28_A4,tier0_canopy_mid,0,300,-0.75,2.15,0.675,1.192,0.33439,-0.059266,1.2395,298.664,1,1
28_A4,tier0_canopy_mid,0,300,-0.7,2.15,0.675,1.1813,0.31458,-0.047593,1.2234,298.658,1,1
28_A4,tier0_canopy_mid,0,300,-0.75,2.2,0.675,0.98479,0.3486,-0.036553,1.0453,298.712,1,1
28_A4,tier0_canopy_mid,0,300,-0.7,2.2,0.675,0.99605,0.33368,-0.027943,1.0508,298.707,1,1
28_A4,tier0_canopy_mid,0,300,-0.65,2.15,0.675,1.164,0.29504,-0.037582,1.2014,298.653,1,1
28_A4,tier0_canopy_mid,0,300,-0.6,2.15,0.675,1.142,0.27616,-0.029176,1.1753,298.649,1,1
28_A4,tier0_canopy_mid,0,300,-0.65,2.2,0.675,0.99886,0.31765,-0.020536,1.0484,298.703,1,1
28_A4,tier0_canopy_mid,0,300,-0.6,2.2,0.675,0.99443,0.30098,-0.015393,1.0391,298.698,1,1
28_A4,tier0_canopy_mid,0,300,-0.55,2.15,0.675,1.1165,0.25837,-0.022443,1.1462,298.647,1,1
28_A4,tier0_canopy_mid,0,300,-0.5,2.15,0.675,1.0884,0.24162,-0.016959,1.115,298.645,1,1
28_A4,tier0_canopy_mid,0,300,-0.55,2.2,0.675,0.9841,0.28442,-0.010983,1.0244,298.694,1,1
28_A4,tier0_canopy_mid,0,300,-0.5,2.2,0.675,0.97017,0.26858,-0.0061294,1.0067,298.692,1,1
28_A4,tier0_canopy_mid,0,300,-0.45,2.15,0.675,1.0584,0.22579,-0.012261,1.0823,298.645,1,1
28_A4,tier0_canopy_mid,0,300,-0.4,2.15,0.675,1.0274,0.21099,-0.0081876,1.0489,298.646,1,1
28_A4,tier0_canopy_mid,0,300,-0.45,2.2,0.675,0.95359,0.25333,-0.0022774,0.98667,298.692,1,1
28_A4,tier0_canopy_mid,0,300,-0.4,2.2,0.675,0.93455,0.2386,0.00085799,0.96453,298.693,1,1
28_A4,tier0_canopy_mid,0,300,-0.35,2.15,0.675,0.99598,0.19722,-0.0046325,1.0153,298.648,1,1
28_A4,tier0_canopy_mid,0,300,-0.35,2.2,0.675,0.91364,0.22454,0.0036402,0.94083,298.695,1,1
28_A4,tier0_canopy_mid,0,300,-0.95,2.25,0.675,0.58738,0.3141,-0.048976,0.66789,298.789,1,1
28_A4,tier0_canopy_mid,0,300,-0.9,2.25,0.675,0.66381,0.33112,-0.040859,0.74293,298.777,1,1
28_A4,tier0_canopy_mid,0,300,-0.95,2.3,0.675,0.42161,0.24031,-0.01933,0.48567,298.831,1,1
28_A4,tier0_canopy_mid,0,300,-0.9,2.3,0.675,0.50112,0.27105,-0.014974,0.56992,298.817,1,1
28_A4,tier0_canopy_mid,0,300,-0.85,2.25,0.675,0.72483,0.33961,-0.032582,0.80111,298.768,1,1
28_A4,tier0_canopy_mid,0,300,-0.8,2.25,0.675,0.77281,0.34088,-0.024851,0.84502,298.76,1,1
28_A4,tier0_canopy_mid,0,300,-0.85,2.3,0.675,0.56672,0.2908,-0.010473,0.63706,298.807,1,1
28_A4,tier0_canopy_mid,0,300,-0.8,2.3,0.675,0.62067,0.30206,-0.0059436,0.69029,298.799,1,1
28_A4,tier0_canopy_mid,0,300,-0.75,2.25,0.675,0.80891,0.33663,-0.017997,0.87635,298.754,1,1
28_A4,tier0_canopy_mid,0,300,-0.7,2.25,0.675,0.83444,0.32869,-0.011798,0.89692,298.749,1,1
28_A4,tier0_canopy_mid,0,300,-0.75,2.3,0.675,0.66406,0.30668,-0.0016631,0.73146,298.793,1,1
28_A4,tier0_canopy_mid,0,300,-0.7,2.3,0.675,0.69785,0.30639,0.002427,0.76215,298.788,1,1
28_A4,tier0_canopy_mid,0,300,-0.65,2.25,0.675,0.8512,0.31832,-0.0065858,0.9088,298.745,1,1
28_A4,tier0_canopy_mid,0,300,-0.6,2.25,0.675,0.85913,0.3057,-0.0041151,0.91191,298.74,1,1
28_A4,tier0_canopy_mid,0,300,-0.65,2.3,0.675,0.72337,0.30254,0.005978,0.78411,298.784,1,1
28_A4,tier0_canopy_mid,0,300,-0.6,2.3,0.675,0.74048,0.29532,0.0080029,0.79723,298.78,1,1
28_A4,tier0_canopy_mid,0,300,-0.55,2.25,0.675,0.85936,0.2916,-0.00053102,0.90748,298.734,1,1
28_A4,tier0_canopy_mid,0,300,-0.5,2.25,0.675,0.85611,0.27798,0.0044188,0.90012,298.732,1,1
28_A4,tier0_canopy_mid,0,300,-0.55,2.3,0.675,0.74975,0.28546,0.010976,0.80233,298.775,1,1
28_A4,tier0_canopy_mid,0,300,-0.5,2.3,0.675,0.75447,0.27506,0.014268,0.80318,298.772,1,1
28_A4,tier0_canopy_mid,0,300,-0.45,2.25,0.675,0.85032,0.26496,0.0070428,0.89067,298.732,1,1
28_A4,tier0_canopy_mid,0,300,-0.4,2.25,0.675,0.84121,0.25189,0.0091197,0.87816,298.733,1,1
28_A4,tier0_canopy_mid,0,300,-0.45,2.3,0.675,0.75592,0.26467,0.015721,0.80108,298.772,1,1
28_A4,tier0_canopy_mid,0,300,-0.4,2.3,0.675,0.75387,0.25388,0.017067,0.79566,298.772,1,1
28_A4,tier0_canopy_mid,0,300,-0.35,2.25,0.675,0.82934,0.23897,0.011112,0.86315,298.735,1,1
28_A4,tier0_canopy_mid,0,300,-0.35,2.3,0.675,0.74882,0.24284,0.018389,0.78743,298.774,1,1
28_A4,tier0_canopy_mid,0,300,-0.95,2.35,0.675,0.30116,0.15572,0.0075602,0.33912,298.858,1,1
28_A4,tier0_canopy_mid,0,300,-0.9,2.35,0.675,0.37816,0.19894,0.0085227,0.42738,298.849,1,1
28_A4,tier0_canopy_mid,0,300,-0.95,2.4,0.675,0.213,0.070621,0.025813,0.22588,298.839,1,1
28_A4,tier0_canopy_mid,0,300,-0.9,2.4,0.675,0.28347,0.12203,0.025554,0.30968,298.847,1,1
28_A4,tier0_canopy_mid,0,300,-0.85,2.35,0.675,0.44376,0.22974,0.009678,0.4998,298.841,1,1
28_A4,tier0_canopy_mid,0,300,-0.8,2.35,0.675,0.49945,0.25074,0.01132,0.55898,298.834,1,1
28_A4,tier0_canopy_mid,0,300,-0.85,2.4,0.675,0.34701,0.16171,0.025215,0.38367,298.85,1,1
28_A4,tier0_canopy_mid,0,300,-0.8,2.4,0.675,0.40341,0.19151,0.0252,0.44727,298.85,1,1
28_A4,tier0_canopy_mid,0,300,-0.75,2.35,0.675,0.54593,0.26394,0.013255,0.60653,298.829,1,1
28_A4,tier0_canopy_mid,0,300,-0.7,2.35,0.675,0.58398,0.27118,0.015384,0.64405,298.824,1,1
28_A4,tier0_canopy_mid,0,300,-0.75,2.4,0.675,0.45222,0.21303,0.025567,0.50054,298.848,1,1
28_A4,tier0_canopy_mid,0,300,-0.7,2.4,0.675,0.49352,0.22777,0.026377,0.54419,298.846,1,1
28_A4,tier0_canopy_mid,0,300,-0.65,2.35,0.675,0.6145,0.27392,0.017538,0.67302,298.821,1,1
28_A4,tier0_canopy_mid,0,300,-0.6,2.35,0.675,0.63792,0.27272,0.019317,0.69404,298.818,1,1
28_A4,tier0_canopy_mid,0,300,-0.65,2.4,0.675,0.52796,0.23715,0.027553,0.57943,298.844,1,1
28_A4,tier0_canopy_mid,0,300,-0.6,2.4,0.675,0.55606,0.2421,0.028817,0.60716,298.842,1,1
28_A4,tier0_canopy_mid,0,300,-0.55,2.35,0.675,0.65455,0.26828,0.020949,0.70771,298.814,1,1
28_A4,tier0_canopy_mid,0,300,-0.5,2.35,0.675,0.66566,0.26198,0.022434,0.7157,298.812,1,1
28_A4,tier0_canopy_mid,0,300,-0.55,2.4,0.675,0.57817,0.24332,0.030009,0.628,298.84,1,1
28_A4,tier0_canopy_mid,0,300,-0.5,2.4,0.675,0.59488,0.24174,0.031096,0.64288,298.838,1,1
28_A4,tier0_canopy_mid,0,300,-0.45,2.35,0.675,0.67247,0.25459,0.023584,0.71944,298.811,1,1
28_A4,tier0_canopy_mid,0,300,-0.4,2.35,0.675,0.67572,0.24639,0.024661,0.71966,298.811,1,1
28_A4,tier0_canopy_mid,0,300,-0.45,2.4,0.675,0.60702,0.23819,0.032064,0.65287,298.837,1,1
28_A4,tier0_canopy_mid,0,300,-0.4,2.4,0.675,0.61532,0.23317,0.032933,0.65884,298.836,1,1
28_A4,tier0_canopy_mid,0,300,-0.35,2.35,0.675,0.67588,0.23758,0.025598,0.71688,298.811,1,1
28_A4,tier0_canopy_mid,0,300,-0.35,2.4,0.675,0.62033,0.22708,0.033664,0.66144,298.837,1,1
28_A4,tier0_canopy_mid,0,300,-0.3,2.05,0.675,1.0784,0.093567,-0.020447,1.0827,298.527,1,1
28_A4,tier0_canopy_mid,0,300,-0.3,2.1,0.675,1.0292,0.1449,-0.010286,1.0394,298.595,1,1
28_A4,tier0_canopy_mid,0,300,-0.25,2.1,0.675,0.98947,0.13514,-0.0067088,0.99868,298.6,1,1
28_A4,tier0_canopy_mid,0,300,-0.2,2.1,0.675,0.95125,0.12609,-0.0035769,0.95958,298.606,1,1
28_A4,tier0_canopy_mid,0,300,-0.15,2.1,0.675,0.91443,0.11762,-0.00089421,0.92196,298.612,1,1
28_A4,tier0_canopy_mid,0,300,-0.1,2.1,0.675,0.87888,0.10981,0.001434,0.88571,298.619,1,1
28_A4,tier0_canopy_mid,0,300,-0.05,2.1,0.675,0.84458,0.10269,0.0035938,0.85081,298.627,1,1
28_A4,tier0_canopy_mid,0,300,0.0,2.1,0.675,0.81156,0.096195,0.0057725,0.81727,298.635,1,1
28_A4,tier0_canopy_mid,0,300,0.05,2.1,0.675,0.77991,0.090386,0.0079025,0.78517,298.644,1,1
28_A4,tier0_canopy_mid,0,300,0.1,2.1,0.675,0.74909,0.085105,0.0094946,0.75397,298.652,1,1
28_A4,tier0_canopy_mid,0,300,0.15,2.1,0.675,0.71913,0.079762,0.011241,0.72363,298.66,1,1
28_A4,tier0_canopy_mid,0,300,0.2,2.05,0.675,0.69839,0.048082,0.009319,0.7001,298.621,1,1
28_A4,tier0_canopy_mid,0,300,0.2,2.1,0.675,0.6911,0.074141,0.01203,0.69517,298.669,1,1
28_A4,tier0_canopy_mid,0,300,0.25,2.1,0.675,0.66429,0.06876,0.01133,0.66793,298.679,1,1
28_A4,tier0_canopy_mid,0,300,0.3,2.1,0.675,0.63818,0.064027,0.011027,0.64148,298.689,1,1
28_A4,tier0_canopy_mid,0,300,0.35,2.1,0.675,0.61354,0.059845,0.011113,0.61655,298.699,1,1
28_A4,tier0_canopy_mid,0,300,-0.3,2.15,0.675,0.9644,0.1844,-0.0015308,0.98187,298.65,1,1
28_A4,tier0_canopy_mid,0,300,-0.3,2.2,0.675,0.89131,0.21117,0.0060371,0.91601,298.697,1,1
28_A4,tier0_canopy_mid,0,300,-0.25,2.15,0.675,0.93296,0.17244,0.0011911,0.94876,298.654,1,1
28_A4,tier0_canopy_mid,0,300,-0.2,2.15,0.675,0.90184,0.16128,0.0035837,0.91615,298.658,1,1
28_A4,tier0_canopy_mid,0,300,-0.25,2.2,0.675,0.868,0.19848,0.0081017,0.89044,298.7,1,1
28_A4,tier0_canopy_mid,0,300,-0.2,2.2,0.675,0.84403,0.18645,0.0098847,0.86443,298.703,1,1
28_A4,tier0_canopy_mid,0,300,-0.15,2.15,0.675,0.87116,0.15083,0.0056567,0.88414,298.663,1,1
28_A4,tier0_canopy_mid,0,300,-0.1,2.15,0.675,0.84101,0.14109,0.0074468,0.85279,298.669,1,1
28_A4,tier0_canopy_mid,0,300,-0.15,2.2,0.675,0.81966,0.17507,0.011409,0.83822,298.708,1,1
28_A4,tier0_canopy_mid,0,300,-0.1,2.2,0.675,0.7951,0.16432,0.012701,0.812,298.713,1,1
28_A4,tier0_canopy_mid,0,300,-0.05,2.15,0.675,0.81145,0.13206,0.0090396,0.82218,298.675,1,1
28_A4,tier0_canopy_mid,0,300,0.0,2.15,0.675,0.78262,0.12377,0.010528,0.79242,298.682,1,1
28_A4,tier0_canopy_mid,0,300,-0.05,2.2,0.675,0.77054,0.15423,0.013801,0.78594,298.718,1,1
28_A4,tier0_canopy_mid,0,300,0.0,2.2,0.675,0.74616,0.14478,0.014755,0.76022,298.724,1,1
28_A4,tier0_canopy_mid,0,300,0.05,2.15,0.675,0.7547,0.11622,0.011956,0.76369,298.689,1,1
28_A4,tier0_canopy_mid,0,300,0.1,2.15,0.675,0.72778,0.10929,0.013178,0.73605,298.697,1,1
28_A4,tier0_canopy_mid,0,300,0.05,2.2,0.675,0.72215,0.13599,0.015587,0.73501,298.73,1,1
28_A4,tier0_canopy_mid,0,300,0.1,2.2,0.675,0.69866,0.12776,0.01626,0.71044,298.737,1,1
28_A4,tier0_canopy_mid,0,300,0.15,2.15,0.675,0.70176,0.10249,0.013918,0.70934,298.705,1,1
28_A4,tier0_canopy_mid,0,300,0.2,2.15,0.675,0.6764,0.095513,0.014014,0.68326,298.713,1,1
28_A4,tier0_canopy_mid,0,300,0.15,2.2,0.675,0.67576,0.11987,0.016657,0.68651,298.744,1,1
28_A4,tier0_canopy_mid,0,300,0.2,2.2,0.675,0.65332,0.11217,0.016719,0.66309,298.752,1,1
28_A4,tier0_canopy_mid,0,300,0.25,2.15,0.675,0.65154,0.088784,0.013803,0.65771,298.721,1,1
28_A4,tier0_canopy_mid,0,300,0.3,2.15,0.675,0.62741,0.08272,0.013704,0.63299,298.73,1,1
28_A4,tier0_canopy_mid,0,300,0.25,2.2,0.675,0.63127,0.1048,0.016562,0.64012,298.76,1,1
28_A4,tier0_canopy_mid,0,300,0.3,2.2,0.675,0.60969,0.097932,0.016354,0.61772,298.768,1,1
28_A4,tier0_canopy_mid,0,300,0.35,2.15,0.675,0.60432,0.077228,0.01368,0.60939,298.739,1,1
28_A4,tier0_canopy_mid,0,300,0.35,2.2,0.675,0.58878,0.091532,0.016142,0.59607,298.776,1,1
28_A4,tier0_canopy_mid,0,300,-0.3,2.25,0.675,0.8152,0.22633,0.012845,0.84614,298.737,1,1
28_A4,tier0_canopy_mid,0,300,-0.3,2.3,0.675,0.74119,0.2317,0.019535,0.77681,298.776,1,1
28_A4,tier0_canopy_mid,0,300,-0.35,2.3,0.675,0.74882,0.24284,0.018389,0.78743,298.774,1,1
28_A4,tier0_canopy_mid,0,300,-0.25,2.25,0.675,0.79928,0.21405,0.014328,0.82757,298.74,1,1
28_A4,tier0_canopy_mid,0,300,-0.2,2.25,0.675,0.78198,0.20218,0.015587,0.80785,298.744,1,1
28_A4,tier0_canopy_mid,0,300,-0.25,2.3,0.675,0.7314,0.22059,0.020499,0.76422,298.778,1,1
28_A4,tier0_canopy_mid,0,300,-0.2,2.3,0.675,0.71982,0.20962,0.021289,0.75003,298.781,1,1
28_A4,tier0_canopy_mid,0,300,-0.15,2.25,0.675,0.76364,0.19076,0.016636,0.78728,298.748,1,1
28_A4,tier0_canopy_mid,0,300,-0.1,2.25,0.675,0.74452,0.17982,0.01749,0.76612,298.752,1,1
28_A4,tier0_canopy_mid,0,300,-0.15,2.3,0.675,0.70679,0.19886,0.02191,0.73456,298.785,1,1
28_A4,tier0_canopy_mid,0,300,-0.1,2.3,0.675,0.6926,0.18838,0.02237,0.71811,298.789,1,1
28_A4,tier0_canopy_mid,0,300,-0.05,2.25,0.675,0.72487,0.16938,0.018171,0.74462,298.757,1,1
28_A4,tier0_canopy_mid,0,300,0.0,2.25,0.675,0.70492,0.15948,0.018703,0.72298,298.763,1,1
28_A4,tier0_canopy_mid,0,300,-0.05,2.3,0.675,0.67749,0.17824,0.022679,0.70091,298.794,1,1
28_A4,tier0_canopy_mid,0,300,0.0,2.3,0.675,0.66171,0.16849,0.022855,0.68321,298.799,1,1
28_A4,tier0_canopy_mid,0,300,0.05,2.25,0.675,0.68487,0.15012,0.019106,0.70139,298.768,1,1
28_A4,tier0_canopy_mid,0,300,0.1,2.25,0.675,0.6649,0.14126,0.019375,0.68002,298.775,1,1
28_A4,tier0_canopy_mid,0,300,0.05,2.3,0.675,0.64547,0.15914,0.022911,0.6652,298.805,1,1
28_A4,tier0_canopy_mid,0,300,0.1,2.3,0.675,0.62896,0.1502,0.022855,0.64705,298.811,1,1
28_A4,tier0_canopy_mid,0,300,0.15,2.25,0.675,0.64514,0.13281,0.019476,0.65896,298.781,1,1
28_A4,tier0_canopy_mid,0,300,0.2,2.25,0.675,0.62561,0.12469,0.019383,0.63821,298.788,1,1
28_A4,tier0_canopy_mid,0,300,0.15,2.3,0.675,0.61234,0.14164,0.022682,0.62891,298.817,1,1
28_A4,tier0_canopy_mid,0,300,0.2,2.3,0.675,0.59568,0.1334,0.022393,0.61084,298.823,1,1
28_A4,tier0_canopy_mid,0,300,0.25,2.25,0.675,0.6063,0.11692,0.019139,0.61777,298.796,1,1
28_A4,tier0_canopy_mid,0,300,0.3,2.25,0.675,0.58728,0.10955,0.018824,0.5977,298.803,1,1
28_A4,tier0_canopy_mid,0,300,0.25,2.3,0.675,0.57905,0.1255,0.02201,0.5929,298.83,1,1
28_A4,tier0_canopy_mid,0,300,0.3,2.3,0.675,0.56252,0.11794,0.021571,0.57516,298.837,1,1
28_A4,tier0_canopy_mid,0,300,0.35,2.25,0.675,0.56866,0.10257,0.018479,0.57813,298.811,1,1
28_A4,tier0_canopy_mid,0,300,0.35,2.3,0.675,0.5462,0.11072,0.021102,0.5577,298.845,1,1
28_A4,tier0_canopy_mid,0,300,-0.3,2.35,0.675,0.67338,0.22835,0.026359,0.71153,298.813,1,1
28_A4,tier0_canopy_mid,0,300,-0.35,2.35,0.675,0.67588,0.23758,0.025598,0.71688,298.811,1,1
28_A4,tier0_canopy_mid,0,300,-0.3,2.4,0.675,0.62252,0.22018,0.034226,0.66119,298.837,1,1
28_A4,tier0_canopy_mid,0,300,-0.25,2.35,0.675,0.66856,0.21887,0.026952,0.70399,298.815,1,1
28_A4,tier0_canopy_mid,0,300,-0.2,2.35,0.675,0.66177,0.20926,0.027385,0.69461,298.818,1,1
28_A4,tier0_canopy_mid,0,300,-0.25,2.4,0.675,0.62224,0.21271,0.034612,0.6585,298.838,1,1
28_A4,tier0_canopy_mid,0,300,-0.2,2.4,0.675,0.61984,0.20484,0.034823,0.65374,298.84,1,1
28_A4,tier0_canopy_mid,0,300,-0.15,2.35,0.675,0.65331,0.19965,0.027665,0.6837,298.821,1,1
28_A4,tier0_canopy_mid,0,300,-0.1,2.35,0.675,0.64345,0.19012,0.027798,0.67152,298.825,1,1
28_A4,tier0_canopy_mid,0,300,-0.15,2.4,0.675,0.6156,0.19674,0.034864,0.64722,298.843,1,1
28_A4,tier0_canopy_mid,0,300,-0.1,2.4,0.675,0.60979,0.1885,0.034746,0.63921,298.846,1,1
28_A4,tier0_canopy_mid,0,300,-0.05,2.35,0.675,0.63243,0.18076,0.027795,0.65834,298.829,1,1
28_A4,tier0_canopy_mid,0,300,0.0,2.35,0.675,0.62049,0.17161,0.027669,0.64438,298.834,1,1
28_A4,tier0_canopy_mid,0,300,-0.05,2.4,0.675,0.60265,0.18024,0.034482,0.62997,298.849,1,1
28_A4,tier0_canopy_mid,0,300,0.0,2.4,0.675,0.5944,0.17203,0.03409,0.61973,298.853,1,1
28_A4,tier0_canopy_mid,0,300,0.05,2.35,0.675,0.60782,0.16274,0.027434,0.62983,298.839,1,1
28_A4,tier0_canopy_mid,0,300,0.1,2.35,0.675,0.59463,0.15415,0.027104,0.61488,298.844,1,1
28_A4,tier0_canopy_mid,0,300,0.05,2.4,0.675,0.58523,0.16394,0.033589,0.60868,298.857,1,1
28_A4,tier0_canopy_mid,0,300,0.1,2.4,0.675,0.57532,0.15601,0.032999,0.59701,298.861,1,1
28_A4,tier0_canopy_mid,0,300,0.15,2.35,0.675,0.58106,0.14586,0.026688,0.59968,298.85,1,1
28_A4,tier0_canopy_mid,0,300,0.2,2.35,0.675,0.56723,0.13784,0.026197,0.58433,298.856,1,1
28_A4,tier0_canopy_mid,0,300,0.15,2.4,0.675,0.56483,0.14825,0.03234,0.58486,298.866,1,1
28_A4,tier0_canopy_mid,0,300,0.2,2.4,0.675,0.5539,0.14068,0.031631,0.57237,298.871,1,1
28_A4,tier0_canopy_mid,0,300,0.25,2.35,0.675,0.55324,0.13009,0.025648,0.56891,298.863,1,1
28_A4,tier0_canopy_mid,0,300,0.3,2.35,0.675,0.53919,0.12263,0.025065,0.55352,298.869,1,1
28_A4,tier0_canopy_mid,0,300,0.25,2.4,0.675,0.54264,0.13331,0.030892,0.55963,298.876,1,1
28_A4,tier0_canopy_mid,0,300,0.3,2.4,0.675,0.53113,0.12615,0.030142,0.54674,298.882,1,1
28_A4,tier0_canopy_mid,0,300,0.35,2.35,0.675,0.52514,0.11545,0.024464,0.53824,298.876,1,1
28_A4,tier0_canopy_mid,0,300,0.35,2.4,0.675,0.51948,0.11918,0.029398,0.53379,298.888,1,1
28_A4,tier0_canopy_mid,0,300,0.4,2.05,0.675,0.59408,0.03778,0.0085581,0.59535,298.668,1,1
28_A4,tier0_canopy_mid,0,300,0.4,2.1,0.675,0.59037,0.056022,0.011197,0.59313,298.709,1,1
28_A4,tier0_canopy_mid,0,300,0.45,2.1,0.675,0.56854,0.052471,0.011176,0.57106,298.72,1,1
28_A4,tier0_canopy_mid,0,300,0.5,2.05,0.675,0.5507,0.033843,0.0087412,0.55181,298.692,1,1
28_A4,tier0_canopy_mid,0,300,0.5,2.1,0.675,0.54801,0.049143,0.011036,0.55032,298.731,1,1
28_A4,tier0_canopy_mid,0,300,0.55,2.1,0.675,0.52887,0.045978,0.010754,0.53097,298.741,1,1
28_A4,tier0_canopy_mid,0,300,0.6,2.1,0.675,0.51126,0.042887,0.010294,0.51316,298.752,1,1
28_A4,tier0_canopy_mid,0,300,0.65,2.1,0.675,0.49539,0.039739,0.0096177,0.49707,298.763,1,1
28_A4,tier0_canopy_mid,0,300,0.7,2.1,0.675,0.48154,0.036349,0.0086876,0.48299,298.773,1,1
28_A4,tier0_canopy_mid,0,300,0.75,2.1,0.675,0.47019,0.032438,0.0074676,0.47136,298.784,1,1
28_A4,tier0_canopy_mid,0,300,0.8,2.1,0.675,0.46197,0.027588,0.0059396,0.46283,298.794,1,1
28_A4,tier0_canopy_mid,0,300,0.85,2.05,0.675,0.46178,0.020951,0.001526,0.46226,298.771,1,1
28_A4,tier0_canopy_mid,0,300,0.85,2.1,0.675,0.45779,0.021176,0.004142,0.4583,298.804,1,1
28_A4,tier0_canopy_mid,0,300,0.9,2.1,0.675,0.45893,0.012271,0.0022676,0.4591,298.814,1,1
28_A4,tier0_canopy_mid,0,300,0.95,2.05,0.675,0.47641,0.011276,-0.0027939,0.47655,298.79,1,1
28_A4,tier0_canopy_mid,0,300,0.95,2.1,0.675,0.46702,-0.00050575,0.00088195,0.46702,298.824,1,1
28_A4,tier0_canopy_mid,0,300,1.0,2.1,0.675,0.48403,-0.019133,0.0012921,0.48441,298.837,1,1
28_A4,tier0_canopy_mid,0,300,0.4,2.15,0.675,0.58237,0.072124,0.01361,0.58697,298.748,1,1
28_A4,tier0_canopy_mid,0,300,0.4,2.2,0.675,0.56864,0.0855,0.015896,0.57525,298.785,1,1
28_A4,tier0_canopy_mid,0,300,0.35,2.2,0.675,0.58878,0.091532,0.016142,0.59607,298.776,1,1
28_A4,tier0_canopy_mid,0,300,0.45,2.15,0.675,0.56152,0.067316,0.013447,0.5657,298.758,1,1
28_A4,tier0_canopy_mid,0,300,0.5,2.15,0.675,0.5418,0.062742,0.013182,0.54558,298.767,1,1
28_A4,tier0_canopy_mid,0,300,0.45,2.2,0.675,0.54932,0.07976,0.015589,0.5553,298.793,1,1
28_A4,tier0_canopy_mid,0,300,0.5,2.2,0.675,0.53089,0.074245,0.015208,0.53627,298.802,1,1
28_A4,tier0_canopy_mid,0,300,0.55,2.15,0.675,0.52329,0.058319,0.0128,0.52668,298.777,1,1
28_A4,tier0_canopy_mid,0,300,0.6,2.15,0.675,0.50611,0.053919,0.012278,0.50912,298.787,1,1
28_A4,tier0_canopy_mid,0,300,0.55,2.2,0.675,0.51341,0.068855,0.014741,0.51821,298.811,1,1
28_A4,tier0_canopy_mid,0,300,0.6,2.2,0.675,0.49697,0.063447,0.014174,0.5012,298.821,1,1
28_A4,tier0_canopy_mid,0,300,0.65,2.15,0.675,0.49042,0.049361,0.011591,0.49304,298.797,1,1
28_A4,tier0_canopy_mid,0,300,0.7,2.15,0.675,0.47647,0.044375,0.010715,0.47865,298.807,1,1
28_A4,tier0_canopy_mid,0,300,0.65,2.2,0.675,0.48169,0.057806,0.013494,0.48534,298.83,1,1
28_A4,tier0_canopy_mid,0,300,0.7,2.2,0.675,0.46771,0.05162,0.012691,0.47073,298.84,1,1
28_A4,tier0_canopy_mid,0,300,0.75,2.15,0.675,0.46457,0.038565,0.0096351,0.46627,298.817,1,1
28_A4,tier0_canopy_mid,0,300,0.8,2.15,0.675,0.45521,0.03134,0.0083574,0.45637,298.827,1,1
28_A4,tier0_canopy_mid,0,300,0.75,2.2,0.675,0.45522,0.044416,0.011771,0.45753,298.85,1,1
28_A4,tier0_canopy_mid,0,300,0.8,2.2,0.675,0.44446,0.035482,0.010767,0.446,298.86,1,1
28_A4,tier0_canopy_mid,0,300,0.85,2.15,0.675,0.44905,0.021836,0.0069458,0.44963,298.837,1,1
28_A4,tier0_canopy_mid,0,300,0.9,2.15,0.675,0.447,0.0088269,0.0056129,0.44713,298.848,1,1
28_A4,tier0_canopy_mid,0,300,0.85,2.2,0.675,0.43579,0.023758,0.0097734,0.43654,298.87,1,1
28_A4,tier0_canopy_mid,0,300,0.9,2.2,0.675,0.42979,0.007719,0.0090177,0.42996,298.881,1,1
28_A4,tier0_canopy_mid,0,300,0.95,2.15,0.675,0.45015,-0.0093031,0.0048729,0.45027,298.86,1,1
28_A4,tier0_canopy_mid,0,300,1.0,2.15,0.675,0.45952,-0.034343,0.005701,0.46084,298.874,1,1
28_A4,tier0_canopy_mid,0,300,0.95,2.2,0.675,0.42738,-0.014652,0.0089903,0.42772,298.894,1,1
28_A4,tier0_canopy_mid,0,300,1.0,2.2,0.675,0.42976,-0.045306,0.010532,0.43227,298.911,1,1
28_A4,tier0_canopy_mid,0,300,0.4,2.25,0.675,0.55055,0.095948,0.018103,0.55914,298.819,1,1
28_A4,tier0_canopy_mid,0,300,0.4,2.3,0.675,0.53015,0.10381,0.020608,0.54061,298.853,1,1
28_A4,tier0_canopy_mid,0,300,0.45,2.25,0.675,0.53301,0.089601,0.017682,0.54077,298.827,1,1
28_A4,tier0_canopy_mid,0,300,0.5,2.25,0.675,0.51609,0.08346,0.017208,0.52308,298.836,1,1
28_A4,tier0_canopy_mid,0,300,0.45,2.3,0.675,0.51446,0.097143,0.020086,0.52394,298.86,1,1
28_A4,tier0_canopy_mid,0,300,0.5,2.3,0.675,0.49917,0.090663,0.019535,0.50772,298.869,1,1
28_A4,tier0_canopy_mid,0,300,0.55,2.25,0.675,0.49987,0.077423,0.016677,0.5061,298.845,1,1
28_A4,tier0_canopy_mid,0,300,0.6,2.25,0.675,0.48439,0.071346,0.016081,0.48988,298.853,1,1
28_A4,tier0_canopy_mid,0,300,0.55,2.3,0.675,0.48433,0.084278,0.018952,0.49197,298.877,1,1
28_A4,tier0_canopy_mid,0,300,0.6,2.3,0.675,0.46995,0.077864,0.018337,0.47671,298.886,1,1
28_A4,tier0_canopy_mid,0,300,0.65,2.25,0.675,0.4697,0.065017,0.015418,0.47443,298.863,1,1
28_A4,tier0_canopy_mid,0,300,0.7,2.25,0.675,0.45583,0.058119,0.014693,0.45975,298.872,1,1
28_A4,tier0_canopy_mid,0,300,0.65,2.3,0.675,0.45602,0.071242,0.017691,0.46189,298.894,1,1
28_A4,tier0_canopy_mid,0,300,0.7,2.3,0.675,0.44246,0.06415,0.017027,0.44742,298.904,1,1
28_A4,tier0_canopy_mid,0,300,0.75,2.25,0.675,0.44278,0.050168,0.013925,0.44583,298.882,1,1
28_A4,tier0_canopy_mid,0,300,0.8,2.25,0.675,0.43052,0.040404,0.013174,0.43261,298.892,1,1
28_A4,tier0_canopy_mid,0,300,0.75,2.3,0.675,0.42908,0.056193,0.016372,0.43305,298.913,1,1
28_A4,tier0_canopy_mid,0,300,0.8,2.3,0.675,0.41546,0.046743,0.015795,0.41838,298.923,1,1
28_A4,tier0_canopy_mid,0,300,0.85,2.25,0.675,0.41896,0.027609,0.012564,0.42006,298.902,1,1
28_A4,tier0_canopy_mid,0,300,0.9,2.25,0.675,0.40812,0.0098018,0.012333,0.40842,298.914,1,1
28_A4,tier0_canopy_mid,0,300,0.85,2.3,0.675,0.40084,0.034739,0.015439,0.40264,298.934,1,1
28_A4,tier0_canopy_mid,0,300,0.9,2.3,0.675,0.38382,0.018277,0.015576,0.38457,298.946,1,1
28_A4,tier0_canopy_mid,0,300,0.95,2.25,0.675,0.39865,-0.016078,0.012947,0.39919,298.928,1,1
28_A4,tier0_canopy_mid,0,300,1.0,2.25,0.675,0.39315,-0.054322,0.015193,0.39718,298.947,1,1
28_A4,tier0_canopy_mid,0,300,0.95,2.3,0.675,0.36219,-0.0062467,0.01666,0.36263,298.961,1,1
28_A4,tier0_canopy_mid,0,300,1.0,2.3,0.675,0.33184,-0.046218,0.018623,0.33556,298.979,1,1
28_A4,tier0_canopy_mid,0,300,0.4,2.35,0.675,0.5112,0.10851,0.023854,0.52313,298.884,1,1
28_A4,tier0_canopy_mid,0,300,0.4,2.4,0.675,0.50776,0.11241,0.028671,0.52084,298.894,1,1
28_A4,tier0_canopy_mid,0,300,0.35,2.4,0.675,0.51948,0.11918,0.029398,0.53379,298.888,1,1
28_A4,tier0_canopy_mid,0,300,0.45,2.35,0.675,0.49741,0.10178,0.023237,0.50825,298.891,1,1
28_A4,tier0_canopy_mid,0,300,0.5,2.35,0.675,0.48384,0.095214,0.022613,0.49364,298.899,1,1
28_A4,tier0_canopy_mid,0,300,0.45,2.4,0.675,0.49603,0.1058,0.027968,0.50796,298.9,1,1
28_A4,tier0_canopy_mid,0,300,0.5,2.4,0.675,0.48436,0.099315,0.027294,0.49519,298.907,1,1
28_A4,tier0_canopy_mid,0,300,0.55,2.35,0.675,0.47051,0.088738,0.021985,0.47931,298.907,1,1
28_A4,tier0_canopy_mid,0,300,0.6,2.35,0.675,0.45742,0.082265,0.021351,0.46525,298.915,1,1
28_A4,tier0_canopy_mid,0,300,0.55,2.4,0.675,0.47276,0.092922,0.026649,0.48254,298.913,1,1
28_A4,tier0_canopy_mid,0,300,0.6,2.4,0.675,0.46125,0.08657,0.026033,0.47003,298.92,1,1
28_A4,tier0_canopy_mid,0,300,0.65,2.35,0.675,0.44452,0.07568,0.020713,0.45139,298.923,1,1
28_A4,tier0_canopy_mid,0,300,0.7,2.35,0.675,0.43167,0.06883,0.020079,0.43758,298.932,1,1
28_A4,tier0_canopy_mid,0,300,0.65,2.4,0.675,0.44978,0.080209,0.025437,0.45758,298.927,1,1
28_A4,tier0_canopy_mid,0,300,0.7,2.4,0.675,0.43822,0.073801,0.024846,0.44509,298.935,1,1
28_A4,tier0_canopy_mid,0,300,0.75,2.35,0.675,0.41855,0.061518,0.019466,0.42349,298.941,1,1
28_A4,tier0_canopy_mid,0,300,0.8,2.35,0.675,0.40453,0.053487,0.018921,0.40849,298.951,1,1
28_A4,tier0_canopy_mid,0,300,0.75,2.4,0.675,0.42633,0.067349,0.024232,0.4323,298.942,1,1
28_A4,tier0_canopy_mid,0,300,0.8,2.4,0.675,0.41363,0.060967,0.023554,0.41876,298.95,1,1
28_A4,tier0_canopy_mid,0,300,0.85,2.35,0.675,0.38842,0.0444,0.018552,0.39139,298.961,1,1
28_A4,tier0_canopy_mid,0,300,0.9,2.35,0.675,0.36782,0.033803,0.018591,0.36983,298.972,1,1
28_A4,tier0_canopy_mid,0,300,0.85,2.4,0.675,0.39926,0.055028,0.02276,0.40367,298.958,1,1
28_A4,tier0_canopy_mid,0,300,0.9,2.4,0.675,0.38167,0.050514,0.021829,0.38562,298.966,1,1
28_A4,tier0_canopy_mid,0,300,0.95,2.35,0.675,0.3378,0.02103,0.019401,0.33901,298.985,1,1
28_A4,tier0_canopy_mid,0,300,1.0,2.35,0.675,0.28648,0.0055072,0.019839,0.28722,299.001,1,1
28_A4,tier0_canopy_mid,0,300,0.95,2.4,0.675,0.35824,0.049889,0.020817,0.36229,298.976,1,1
28_A4,tier0_canopy_mid,0,300,1.0,2.4,0.675,0.32397,0.059752,0.019047,0.32998,298.988,1,1
28_A4,tier0_canopy_mid,0,300,1.05,2.1,0.675,0.51231,-0.046519,0.0062686,0.51445,298.853,1,1
28_A4,tier0_canopy_mid,0,300,1.1,2.1,0.675,0.55312,-0.086829,0.021845,0.56032,298.876,1,1
28_A4,tier0_canopy_mid,0,300,1.15,2.1,0.675,0.61447,-0.15504,0.063334,0.63689,298.91,1,1
28_A4,tier0_canopy_mid,0,300,1.2,2.1,0.675,0.62651,-0.30797,0.16664,0.71773,298.943,1,1
28_A4,tier0_canopy_mid,0,300,1.05,2.15,0.675,0.47602,-0.067808,0.0097497,0.48092,298.892,1,1
28_A4,tier0_canopy_mid,0,300,1.0,2.15,0.675,0.45952,-0.034343,0.005701,0.46084,298.874,1,1
28_A4,tier0_canopy_mid,0,300,1.1,2.15,0.675,0.49481,-0.10626,0.019926,0.50649,298.917,1,1
28_A4,tier0_canopy_mid,0,300,1.05,2.2,0.675,0.43951,-0.083962,0.01445,0.44769,298.933,1,1
28_A4,tier0_canopy_mid,0,300,1.1,2.2,0.675,0.45083,-0.105,0.021727,0.4634,298.961,1,1
28_A4,tier0_canopy_mid,0,300,1.15,2.15,0.675,0.50092,-0.16037,0.042648,0.52769,298.949,1,1
28_A4,tier0_canopy_mid,0,300,1.2,2.15,0.675,0.46214,-0.27253,0.087018,0.54353,298.982,1,1
28_A4,tier0_canopy_mid,0,300,1.15,2.2,0.675,0.43828,-0.11909,0.035258,0.45554,298.994,1,1
28_A4,tier0_canopy_mid,0,300,1.2,2.2,0.675,0.38305,-0.16429,0.057945,0.42081,299.024,1,1
28_A4,tier0_canopy_mid,0,300,1.05,2.25,0.675,0.3981,-0.11408,0.018814,0.41455,298.977,1,1
28_A4,tier0_canopy_mid,0,300,1.0,2.25,0.675,0.39315,-0.054322,0.015193,0.39718,298.947,1,1
28_A4,tier0_canopy_mid,0,300,1.1,2.25,0.675,0.41516,-0.1294,0.025052,0.43558,299.014,1,1
28_A4,tier0_canopy_mid,0,300,1.05,2.3,0.675,0.30099,-0.12879,0.019135,0.32794,299.02,1,1
28_A4,tier0_canopy_mid,0,300,1.1,2.3,0.675,0,0,0,0,302,1,1
28_A4,tier0_canopy_mid,0,300,1.15,2.25,0.675,0.3896,-0.10121,0.036142,0.40415,299.057,1,1
28_A4,tier0_canopy_mid,0,300,1.2,2.25,0.675,0.30281,-0.098954,0.052661,0.3229,299.081,1,1
28_A4,tier0_canopy_mid,0,300,1.15,2.3,0.675,-8.6956e-17,2.3855e-17,-8.6385e-18,9.0582e-17,302,1,1
28_A4,tier0_canopy_mid,0,300,1.2,2.3,0.675,0,0,0,0,302,1,1
28_A4,tier0_canopy_mid,0,300,1.05,2.35,0.675,0.22147,-0.012008,0.015488,0.22233,299.046,1,1
28_A4,tier0_canopy_mid,0,300,1.1,2.35,0.675,0,0,0,0,302,1,1
28_A4,tier0_canopy_mid,0,300,1.05,2.4,0.675,0.28717,0.10786,0.014187,0.30709,299.022,1,1
28_A4,tier0_canopy_mid,0,300,1.1,2.4,0.675,0,0,0,0,302,1,1
28_A4,tier0_canopy_mid,0,300,1.2,2.35,0.675,0,0,0,0,302,1,1
28_A4,tier0_canopy_mid,0,300,1.2,2.4,0.675,0,0,0,0,302,1,1
28_A4,tier0_canopy_mid,0,300,1.15,2.4,0.675,0,0,0,0,302,1,1
28_A4,tier0_canopy_top,0,300,-1.05,1.6,0.8,0.047203,0.033486,-0.066686,0.088298,298.583,1,1
28_A4,tier0_canopy_top,0,300,-1.1,1.6,0.8,0,0,0,0,302,1,1
28_A4,tier0_canopy_top,0,300,-1.05,1.65,0.8,0.068307,-0.062282,-0.17441,0.19739,298.349,1,1
28_A4,tier0_canopy_top,0,300,-1.1,1.65,0.8,0,0,0,0,302,1,1
28_A4,tier0_canopy_top,0,300,-1.2,1.7,0.8,3.7049e-18,-1.1297e-17,-9.4739e-17,9.5482e-17,302,1,1
28_A4,tier0_canopy_top,0,300,-1.2,1.75,0.8,-0.068028,0.02877,-0.43567,0.44188,297.814,1,1
28_A4,tier0_canopy_top,0,300,-1.15,1.7,0.8,0,0,0,0,302,1,1
28_A4,tier0_canopy_top,0,300,-1.15,1.75,0.8,0.016685,-0.050878,-0.42667,0.43001,297.752,1,1
28_A4,tier0_canopy_top,0,300,-1.05,1.7,0.8,0.12884,-0.14167,-0.27624,0.33612,298.02,1,1
28_A4,tier0_canopy_top,0,300,-1.1,1.7,0.8,0,0,0,0,302,1,1
28_A4,tier0_canopy_top,0,300,-1.1,1.75,0.8,0.12905,-0.12083,-0.38376,0.42252,297.743,1,1
28_A4,tier0_canopy_top,0,300,-1.05,1.75,0.8,0.19625,-0.16513,-0.33975,0.42569,297.771,1,1
28_A4,tier0_canopy_top,0,300,-1.15,1.8,0.8,0.12961,-0.10598,-0.5194,0.54572,297.512,1,1
28_A4,tier0_canopy_top,0,300,-1.2,1.8,0.8,0.031711,0.013272,-0.52507,0.5262,297.584,1,1
28_A4,tier0_canopy_top,0,300,-1.2,1.85,0.8,0.30612,-0.114,-0.63933,0.71795,297.444,1,1
28_A4,tier0_canopy_top,0,300,-1.15,1.85,0.8,0.40329,-0.21075,-0.59215,0.74679,297.433,1,1
28_A4,tier0_canopy_top,0,300,-1.05,1.8,0.8,0.30124,-0.19759,-0.39741,0.5364,297.62,1,1
28_A4,tier0_canopy_top,0,300,-1.1,1.8,0.8,0.227,-0.16995,-0.46398,0.54377,297.545,1,1
28_A4,tier0_canopy_top,0,300,-1.1,1.85,0.8,0.47029,-0.23726,-0.51972,0.73999,297.482,1,1
28_A4,tier0_canopy_top,0,300,-1.05,1.85,0.8,0.51697,-0.23681,-0.44377,0.7213,297.563,1,1
28_A4,tier0_canopy_top,0,300,-1.15,1.9,0.8,0.99845,-0.24939,-0.64377,1.2139,297.514,1,1
28_A4,tier0_canopy_top,0,300,-1.2,1.9,0.8,1.0544,-0.18028,-0.77896,1.3233,297.473,1,1
28_A4,tier0_canopy_top,0,300,-1.2,1.95,0.8,1.8016,-0.17473,-0.79903,1.9786,297.896,1,1
28_A4,tier0_canopy_top,0,300,-1.15,1.95,0.8,1.6097,-0.20364,-0.61623,1.7356,297.895,1,1
28_A4,tier0_canopy_top,0,300,-1.05,1.9,0.8,0.88234,-0.2352,-0.46474,1.0246,297.628,1,1
28_A4,tier0_canopy_top,0,300,-1.1,1.9,0.8,0.93719,-0.2523,-0.54542,1.1133,297.565,1,1
28_A4,tier0_canopy_top,0,300,-1.1,1.95,0.8,1.4235,-0.1917,-0.51474,1.5258,297.885,1,1
28_A4,tier0_canopy_top,0,300,-1.05,1.95,0.8,1.262,-0.16837,-0.44379,1.3483,297.885,1,1
28_A4,tier0_canopy_top,0,300,-1.15,2.0,0.8,1.7875,-0.15143,-0.52754,1.8699,298.389,1,1
28_A4,tier0_canopy_top,0,300,-1.2,2.0,0.8,1.9745,-0.21202,-0.68986,2.1022,298.462,1,1
28_A4,tier0_canopy_top,0,300,-1.2,2.05,0.8,1.6671,-0.21121,-0.58854,1.7805,298.74,1,1
28_A4,tier0_canopy_top,0,300,-1.15,2.05,0.8,1.4815,-0.073033,-0.46092,1.5533,298.651,1,1
28_A4,tier0_canopy_top,0,300,-1.05,2.0,0.8,1.3974,-0.063814,-0.3949,1.4535,298.249,1,1
28_A4,tier0_canopy_top,0,300,-1.1,2.0,0.8,1.5853,-0.10147,-0.44779,1.6504,298.311,1,1
28_A4,tier0_canopy_top,0,300,-1.1,2.05,0.8,1.305,0.0064829,-0.39916,1.3646,298.56,1,1
28_A4,tier0_canopy_top,0,300,-1.05,2.05,0.8,1.1571,0.048974,-0.35546,1.2115,298.489,1,1
28_A4,tier0_canopy_top,0,300,-1.2,1.6,0.8,0,0,0,0,302,1,1
28_A4,tier0_canopy_top,0,300,-1.15,1.6,0.8,0,0,0,0,302,1,1
28_A4,tier0_canopy_top,0,300,-1.0,1.6,0.8,0.069155,-0.0070741,-0.069223,0.098104,298.47,1,1
28_A4,tier0_canopy_top,0,300,-1.2,1.65,0.8,0,0,0,0,302,1,1
28_A4,tier0_canopy_top,0,300,-1.0,1.65,0.8,0.099737,-0.085488,-0.14617,0.19652,298.266,1,1
28_A4,tier0_canopy_top,0,300,-1.0,1.7,0.8,0.16047,-0.14233,-0.22359,0.30984,298.027,1,1
28_A4,tier0_canopy_top,0,300,-1.0,1.75,0.8,0.23799,-0.17057,-0.28094,0.40579,297.833,1,1
28_A4,tier0_canopy_top,0,300,-1.0,1.8,0.8,0.35042,-0.19848,-0.32897,0.52001,297.709,1,1
28_A4,tier0_canopy_top,0,300,-1.0,1.85,0.8,0.54285,-0.22198,-0.37074,0.69384,297.657,1,1
28_A4,tier0_canopy_top,0,300,-1.0,1.9,0.8,0.83447,-0.21037,-0.39345,0.94625,297.703,1,1
28_A4,tier0_canopy_top,0,300,-1.0,1.95,0.8,1.1327,-0.14359,-0.38446,1.2047,297.905,1,1
28_A4,tier0_canopy_top,0,300,-1.0,2.0,0.8,1.2419,-0.038647,-0.35036,1.291,298.213,1,1
28_A4,tier0_canopy_top,0,300,-1.0,2.05,0.8,1.0428,0.066345,-0.31613,1.0917,298.445,1,1
28_A4,tier0_canopy_top,0,300,-0.95,1.6,0.8,0.099283,-0.028376,-0.068021,0.12365,298.405,1,1
28_A4,tier0_canopy_top,0,300,-0.95,1.65,0.8,0.13714,-0.09284,-0.12239,0.20593,298.239,1,1
28_A4,tier0_canopy_top,0,300,-1.0,1.65,0.8,0.099737,-0.085488,-0.14617,0.19652,298.266,1,1
28_A4,tier0_canopy_top,0,300,-0.85,1.6,0.8,0.14544,-0.054777,-0.061495,0.16714,298.329,1,1
28_A4,tier0_canopy_top,0,300,-0.9,1.6,0.8,0.12354,-0.042668,-0.065029,0.14598,298.362,1,1
28_A4,tier0_canopy_top,0,300,-0.9,1.65,0.8,0.16383,-0.096568,-0.10395,0.21673,298.228,1,1
28_A4,tier0_canopy_top,0,300,-0.85,1.65,0.8,0.18611,-0.1004,-0.089433,0.2296,298.223,1,1
28_A4,tier0_canopy_top,0,300,-0.75,1.6,0.8,0.18682,-0.076232,-0.054493,0.209,298.285,1,1
28_A4,tier0_canopy_top,0,300,-0.8,1.6,0.8,0.16646,-0.066005,-0.057971,0.18822,298.304,1,1
28_A4,tier0_canopy_top,0,300,-0.8,1.65,0.8,0.20652,-0.10458,-0.077977,0.24427,298.222,1,1
28_A4,tier0_canopy_top,0,300,-0.75,1.65,0.8,0.22574,-0.1085,-0.0688,0.25974,298.224,1,1
28_A4,tier0_canopy_top,0,300,-0.65,1.6,0.8,0.22446,-0.092296,-0.047783,0.24735,298.265,1,1
28_A4,tier0_canopy_top,0,300,-0.7,1.6,0.8,0.20628,-0.085105,-0.051093,0.22892,298.273,1,1
28_A4,tier0_canopy_top,0,300,-0.7,1.65,0.8,0.24371,-0.11169,-0.061381,0.27502,298.229,1,1
28_A4,tier0_canopy_top,0,300,-0.65,1.65,0.8,0.26022,-0.11387,-0.05526,0.28937,298.237,1,1
28_A4,tier0_canopy_top,0,300,-0.55,1.6,0.8,0.25612,-0.10199,-0.041703,0.27881,298.263,1,1
28_A4,tier0_canopy_top,0,300,-0.6,1.6,0.8,0.24109,-0.097827,-0.044629,0.26398,298.262,1,1
28_A4,tier0_canopy_top,0,300,-0.6,1.65,0.8,0.27514,-0.11501,-0.050085,0.30238,298.246,1,1
28_A4,tier0_canopy_top,0,300,-0.55,1.65,0.8,0.28838,-0.11527,-0.045592,0.3139,298.258,1,1
28_A4,tier0_canopy_top,0,300,-0.45,1.6,0.8,0.28146,-0.10712,-0.036408,0.30335,298.274,1,1
28_A4,tier0_canopy_top,0,300,-0.5,1.6,0.8,0.26956,-0.10501,-0.03898,0.29191,298.267,1,1
28_A4,tier0_canopy_top,0,300,-0.5,1.65,0.8,0.3,-0.11489,-0.041575,0.32392,298.271,1,1
28_A4,tier0_canopy_top,0,300,-0.45,1.65,0.8,0.31006,-0.11406,-0.037879,0.33254,298.285,1,1
28_A4,tier0_canopy_top,0,300,-0.35,1.6,0.8,0.30093,-0.10919,-0.031578,0.32168,298.295,1,1
28_A4,tier0_canopy_top,0,300,-0.4,1.6,0.8,0.29189,-0.10847,-0.033951,0.31324,298.283,1,1
28_A4,tier0_canopy_top,0,300,-0.4,1.65,0.8,0.31865,-0.11296,-0.034419,0.33983,298.3,1,1
28_A4,tier0_canopy_top,0,300,-0.35,1.65,0.8,0.32589,-0.11164,-0.03116,0.34589,298.316,1,1
28_A4,tier0_canopy_top,0,300,-0.95,1.7,0.8,0.19442,-0.13944,-0.17926,0.29896,298.055,1,1
28_A4,tier0_canopy_top,0,300,-0.95,1.75,0.8,0.27016,-0.16672,-0.22621,0.38982,297.902,1,1
28_A4,tier0_canopy_top,0,300,-1.0,1.75,0.8,0.23799,-0.17057,-0.28094,0.40579,297.833,1,1
28_A4,tier0_canopy_top,0,300,-0.85,1.7,0.8,0.23846,-0.13321,-0.11953,0.29816,298.117,1,1
28_A4,tier0_canopy_top,0,300,-0.9,1.7,0.8,0.21895,-0.13571,-0.14511,0.29566,298.087,1,1
28_A4,tier0_canopy_top,0,300,-0.9,1.75,0.8,0.29222,-0.1604,-0.18201,0.3798,297.968,1,1
28_A4,tier0_canopy_top,0,300,-0.85,1.75,0.8,0.30747,-0.15435,-0.14863,0.37478,298.028,1,1
28_A4,tier0_canopy_top,0,300,-0.75,1.7,0.8,0.27267,-0.13075,-0.08631,0.31447,298.172,1,1
28_A4,tier0_canopy_top,0,300,-0.8,1.7,0.8,0.25603,-0.13186,-0.10057,0.30505,298.145,1,1
28_A4,tier0_canopy_top,0,300,-0.8,1.75,0.8,0.3199,-0.14889,-0.12418,0.37406,298.083,1,1
28_A4,tier0_canopy_top,0,300,-0.75,1.75,0.8,0.33144,-0.14332,-0.10609,0.37636,298.132,1,1
28_A4,tier0_canopy_top,0,300,-0.65,1.7,0.8,0.30222,-0.12676,-0.066661,0.33443,298.219,1,1
28_A4,tier0_canopy_top,0,300,-0.7,1.7,0.8,0.28815,-0.12914,-0.075365,0.32463,298.196,1,1
28_A4,tier0_canopy_top,0,300,-0.7,1.75,0.8,0.34215,-0.13716,-0.09234,0.38001,298.175,1,1
28_A4,tier0_canopy_top,0,300,-0.65,1.75,0.8,0.35185,-0.13051,-0.081312,0.38398,298.213,1,1
28_A4,tier0_canopy_top,0,300,-0.55,1.7,0.8,0.32562,-0.12042,-0.053192,0.35122,298.264,1,1
28_A4,tier0_canopy_top,0,300,-0.6,1.7,0.8,0.31471,-0.12376,-0.059443,0.34336,298.242,1,1
28_A4,tier0_canopy_top,0,300,-0.6,1.75,0.8,0.36035,-0.12383,-0.071976,0.38777,298.248,1,1
28_A4,tier0_canopy_top,0,300,-0.55,1.75,0.8,0.36758,-0.11756,-0.063721,0.39115,298.279,1,1
28_A4,tier0_canopy_top,0,300,-0.45,1.7,0.8,0.34283,-0.11382,-0.042417,0.36371,298.306,1,1
28_A4,tier0_canopy_top,0,300,-0.5,1.7,0.8,0.33497,-0.11704,-0.047576,0.358,298.285,1,1
28_A4,tier0_canopy_top,0,300,-0.5,1.75,0.8,0.37353,-0.11197,-0.056217,0.39398,298.307,1,1
28_A4,tier0_canopy_top,0,300,-0.45,1.75,0.8,0.37822,-0.10716,-0.049358,0.3962,298.332,1,1
28_A4,tier0_canopy_top,0,300,-0.35,1.7,0.8,0.35452,-0.1081,-0.03327,0.37213,298.343,1,1
28_A4,tier0_canopy_top,0,300,-0.4,1.7,0.8,0.3493,-0.11086,-0.037652,0.3684,298.325,1,1
28_A4,tier0_canopy_top,0,300,-0.4,1.75,0.8,0.38175,-0.10309,-0.043155,0.39777,298.355,1,1
28_A4,tier0_canopy_top,0,300,-0.35,1.75,0.8,0.38427,-0.09953,-0.037612,0.39873,298.375,1,1
28_A4,tier0_canopy_top,0,300,-0.95,1.8,0.8,0.38051,-0.18907,-0.2672,0.50192,297.8,1,1
28_A4,tier0_canopy_top,0,300,-1.0,1.8,0.8,0.35042,-0.19848,-0.32897,0.52001,297.709,1,1
28_A4,tier0_canopy_top,0,300,-0.95,1.85,0.8,0.55083,-0.20161,-0.30524,0.66124,297.754,1,1
28_A4,tier0_canopy_top,0,300,-0.85,1.8,0.8,0.40233,-0.16583,-0.17731,0.4699,297.968,1,1
28_A4,tier0_canopy_top,0,300,-0.9,1.8,0.8,0.39609,-0.17715,-0.21637,0.48486,297.887,1,1
28_A4,tier0_canopy_top,0,300,-0.9,1.85,0.8,0.54543,-0.18135,-0.24998,0.62679,297.85,1,1
28_A4,tier0_canopy_top,0,300,-0.85,1.85,0.8,0.53177,-0.16344,-0.20635,0.59336,297.941,1,1
28_A4,tier0_canopy_top,0,300,-0.75,1.8,0.8,0.40697,-0.14498,-0.12741,0.45042,298.108,1,1
28_A4,tier0_canopy_top,0,300,-0.8,1.8,0.8,0.4048,-0.15536,-0.14862,0.45836,298.042,1,1
28_A4,tier0_canopy_top,0,300,-0.8,1.85,0.8,0.51602,-0.14756,-0.17374,0.56412,298.027,1,1
28_A4,tier0_canopy_top,0,300,-0.75,1.85,0.8,0.50254,-0.13286,-0.14913,0.54077,298.104,1,1
28_A4,tier0_canopy_top,0,300,-0.65,1.8,0.8,0.41191,-0.1243,-0.09744,0.44115,298.217,1,1
28_A4,tier0_canopy_top,0,300,-0.7,1.8,0.8,0.40941,-0.13448,-0.11101,0.445,298.166,1,1
28_A4,tier0_canopy_top,0,300,-0.7,1.85,0.8,0.49194,-0.11932,-0.12948,0.5225,298.172,1,1
28_A4,tier0_canopy_top,0,300,-0.65,1.85,0.8,0.4835,-0.10744,-0.11279,0.50798,298.231,1,1
28_A4,tier0_canopy_top,0,300,-0.55,1.8,0.8,0.41568,-0.10707,-0.074988,0.43575,298.299,1,1
28_A4,tier0_canopy_top,0,300,-0.6,1.8,0.8,0.41408,-0.11504,-0.085601,0.4382,298.261,1,1
28_A4,tier0_canopy_top,0,300,-0.6,1.85,0.8,0.47639,-0.097558,-0.098112,0.49608,298.281,1,1
28_A4,tier0_canopy_top,0,300,-0.55,1.85,0.8,0.47002,-0.089632,-0.085093,0.486,298.325,1,1
28_A4,tier0_canopy_top,0,300,-0.45,1.8,0.8,0.41669,-0.095104,-0.056821,0.43117,298.361,1,1
28_A4,tier0_canopy_top,0,300,-0.5,1.8,0.8,0.41658,-0.10046,-0.065396,0.43348,298.333,1,1
28_A4,tier0_canopy_top,0,300,-0.5,1.85,0.8,0.46398,-0.0834,-0.073593,0.47713,298.361,1,1
28_A4,tier0_canopy_top,0,300,-0.45,1.85,0.8,0.45804,-0.078514,-0.063622,0.46905,298.391,1,1
28_A4,tier0_canopy_top,0,300,-0.35,1.8,0.8,0.41507,-0.087001,-0.042788,0.42625,298.406,1,1
28_A4,tier0_canopy_top,0,300,-0.4,1.8,0.8,0.41613,-0.090743,-0.049304,0.42875,298.385,1,1
28_A4,tier0_canopy_top,0,300,-0.4,1.85,0.8,0.45223,-0.074556,-0.055151,0.46164,298.417,1,1
28_A4,tier0_canopy_top,0,300,-0.35,1.85,0.8,0.44674,-0.071085,-0.047974,0.45489,298.438,1,1
28_A4,tier0_canopy_top,0,300,-0.95,1.9,0.8,0.78784,-0.18376,-0.33015,0.87376,297.787,1,1
28_A4,tier0_canopy_top,0,300,-1.0,1.9,0.8,0.83447,-0.21037,-0.39345,0.94625,297.703,1,1
28_A4,tier0_canopy_top,0,300,-0.95,1.95,0.8,1.0247,-0.12079,-0.33109,1.0836,297.945,1,1
28_A4,tier0_canopy_top,0,300,-0.85,1.9,0.8,0.693,-0.13832,-0.22975,0.74308,297.964,1,1
28_A4,tier0_canopy_top,0,300,-0.9,1.9,0.8,0.74026,-0.15936,-0.27508,0.80564,297.876,1,1
28_A4,tier0_canopy_top,0,300,-0.9,1.95,0.8,0.93042,-0.10165,-0.28192,0.97749,298.001,1,1
28_A4,tier0_canopy_top,0,300,-0.85,1.95,0.8,0.84791,-0.085773,-0.23855,0.88499,298.068,1,1
28_A4,tier0_canopy_top,0,300,-0.75,1.9,0.8,0.61457,-0.1042,-0.16666,0.64524,298.13,1,1
28_A4,tier0_canopy_top,0,300,-0.8,1.9,0.8,0.65003,-0.12004,-0.19444,0.68902,298.051,1,1
28_A4,tier0_canopy_top,0,300,-0.8,1.95,0.8,0.77787,-0.072231,-0.20263,0.80707,298.138,1,1
28_A4,tier0_canopy_top,0,300,-0.75,1.95,0.8,0.72062,-0.06121,-0.17319,0.74366,298.207,1,1
28_A4,tier0_canopy_top,0,300,-0.65,1.9,0.8,0.56322,-0.080639,-0.12416,0.58235,298.263,1,1
28_A4,tier0_canopy_top,0,300,-0.7,1.9,0.8,0.5862,-0.091027,-0.14378,0.6104,298.201,1,1
28_A4,tier0_canopy_top,0,300,-0.7,1.95,0.8,0.67424,-0.053031,-0.14861,0.69246,298.271,1,1
28_A4,tier0_canopy_top,0,300,-0.65,1.95,0.8,0.63642,-0.04737,-0.12771,0.65083,298.326,1,1
28_A4,tier0_canopy_top,0,300,-0.55,1.9,0.8,0.52767,-0.066715,-0.092371,0.53983,298.36,1,1
28_A4,tier0_canopy_top,0,300,-0.6,1.9,0.8,0.54408,-0.072715,-0.10714,0.55928,298.316,1,1
28_A4,tier0_canopy_top,0,300,-0.6,1.95,0.8,0.60512,-0.043467,-0.10986,0.61655,298.374,1,1
28_A4,tier0_canopy_top,0,300,-0.55,1.95,0.8,0.57874,-0.040597,-0.094613,0.58783,298.414,1,1
28_A4,tier0_canopy_top,0,300,-0.45,1.9,0.8,0.50002,-0.058431,-0.06888,0.50811,298.427,1,1
28_A4,tier0_canopy_top,0,300,-0.5,1.9,0.8,0.51315,-0.062097,-0.079645,0.523,298.397,1,1
28_A4,tier0_canopy_top,0,300,-0.5,1.95,0.8,0.55601,-0.038266,-0.081626,0.56327,298.447,1,1
28_A4,tier0_canopy_top,0,300,-0.45,1.95,0.8,0.53611,-0.036193,-0.070755,0.54197,298.474,1,1
28_A4,tier0_canopy_top,0,300,-0.35,1.9,0.8,0.47772,-0.052434,-0.052372,0.48344,298.473,1,1
28_A4,tier0_canopy_top,0,300,-0.4,1.9,0.8,0.48818,-0.055324,-0.059916,0.49495,298.452,1,1
28_A4,tier0_canopy_top,0,300,-0.4,1.95,0.8,0.51879,-0.034187,-0.06174,0.52357,298.496,1,1
28_A4,tier0_canopy_top,0,300,-0.35,1.95,0.8,0.50393,-0.032112,-0.054099,0.50784,298.514,1,1
28_A4,tier0_canopy_top,0,300,-0.95,2.0,0.8,1.1119,-0.023758,-0.30847,1.1541,298.207,1,1
28_A4,tier0_canopy_top,0,300,-0.95,2.05,0.8,0.94936,0.067774,-0.27749,0.9914,298.428,1,1
28_A4,tier0_canopy_top,0,300,-0.85,2.0,0.8,0.90607,-0.012185,-0.2264,0.934,298.257,1,1
28_A4,tier0_canopy_top,0,300,-0.9,2.0,0.8,1.0004,-0.016036,-0.26647,1.0354,298.224,1,1
28_A4,tier0_canopy_top,0,300,-0.9,2.05,0.8,0.86952,0.061273,-0.23723,0.90338,298.43,1,1
28_A4,tier0_canopy_top,0,300,-0.85,2.05,0.8,0.80258,0.05227,-0.19842,0.82839,298.446,1,1
28_A4,tier0_canopy_top,0,300,-0.75,2.0,0.8,0.76414,-0.0091824,-0.16302,0.78138,298.345,1,1
28_A4,tier0_canopy_top,0,300,-0.8,2.0,0.8,0.828,-0.010058,-0.19173,0.84997,298.3,1,1
28_A4,tier0_canopy_top,0,300,-0.8,2.05,0.8,0.74778,0.043288,-0.16545,0.76708,298.468,1,1
28_A4,tier0_canopy_top,0,300,-0.75,2.05,0.8,0.70265,0.035096,-0.13888,0.71711,298.493,1,1
28_A4,tier0_canopy_top,0,300,-0.65,2.0,0.8,0.66858,-0.010344,-0.11915,0.67919,298.428,1,1
28_A4,tier0_canopy_top,0,300,-0.7,2.0,0.8,0.71175,-0.0094245,-0.13919,0.72529,298.389,1,1
28_A4,tier0_canopy_top,0,300,-0.7,2.05,0.8,0.66495,0.027994,-0.11731,0.6758,298.516,1,1
28_A4,tier0_canopy_top,0,300,-0.65,2.05,0.8,0.63322,0.022142,-0.099471,0.64136,298.537,1,1
28_A4,tier0_canopy_top,0,300,-0.55,2.0,0.8,0.60247,-0.012123,-0.08784,0.60897,298.49,1,1
28_A4,tier0_canopy_top,0,300,-0.6,2.0,0.8,0.63271,-0.011377,-0.10221,0.64101,298.462,1,1
28_A4,tier0_canopy_top,0,300,-0.6,2.05,0.8,0.60622,0.017589,-0.084589,0.61235,298.556,1,1
28_A4,tier0_canopy_top,0,300,-0.55,2.05,0.8,0.58287,0.014298,-0.072114,0.58748,298.571,1,1
28_A4,tier0_canopy_top,0,300,-0.45,2.0,0.8,0.55403,-0.012198,-0.065531,0.55803,298.533,1,1
28_A4,tier0_canopy_top,0,300,-0.5,2.0,0.8,0.57654,-0.012402,-0.075673,0.58162,298.514,1,1
28_A4,tier0_canopy_top,0,300,-0.5,2.05,0.8,0.5623,0.012145,-0.061656,0.5658,298.584,1,1
28_A4,tier0_canopy_top,0,300,-0.45,2.05,0.8,0.54406,0.010939,-0.053,0.54675,298.595,1,1
28_A4,tier0_canopy_top,0,300,-0.35,2.0,0.8,0.51816,-0.010612,-0.049894,0.52067,298.563,1,1
28_A4,tier0_canopy_top,0,300,-0.4,2.0,0.8,0.53465,-0.011569,-0.057109,0.53782,298.549,1,1
28_A4,tier0_canopy_top,0,300,-0.4,2.05,0.8,0.52808,0.010441,-0.045806,0.53017,298.604,1,1
28_A4,tier0_canopy_top,0,300,-0.35,2.05,0.8,0.51428,0.010393,-0.039581,0.5159,298.611,1,1
28_A4,tier0_canopy_top,0,300,-0.3,1.6,0.8,0.30868,-0.10935,-0.029271,0.32878,298.307,1,1
28_A4,tier0_canopy_top,0,300,-0.3,1.65,0.8,0.33187,-0.11012,-0.028088,0.35079,298.331,1,1
28_A4,tier0_canopy_top,0,300,-0.25,1.6,0.8,0.31521,-0.10901,-0.027023,0.33462,298.32,1,1
28_A4,tier0_canopy_top,0,300,-0.3,1.65,0.8,0.33187,-0.11012,-0.028088,0.35079,298.331,1,1
28_A4,tier0_canopy_top,0,300,-0.25,1.65,0.8,0.33669,-0.10837,-0.025189,0.3546,298.346,1,1
28_A4,tier0_canopy_top,0,300,-0.15,1.6,0.8,0.3249,-0.10691,-0.022681,0.34279,298.347,1,1
28_A4,tier0_canopy_top,0,300,-0.2,1.6,0.8,0.3206,-0.10818,-0.024827,0.33927,298.333,1,1
28_A4,tier0_canopy_top,0,300,-0.2,1.65,0.8,0.34042,-0.10634,-0.022451,0.35735,298.361,1,1
28_A4,tier0_canopy_top,0,300,-0.15,1.65,0.8,0.34312,-0.10405,-0.019864,0.3591,298.375,1,1
28_A4,tier0_canopy_top,0,300,-0.05,1.6,0.8,0.33046,-0.10319,-0.018548,0.3467,298.373,1,1
28_A4,tier0_canopy_top,0,300,-0.1,1.6,0.8,0.32817,-0.10523,-0.020586,0.34524,298.36,1,1
28_A4,tier0_canopy_top,0,300,-0.1,1.65,0.8,0.34485,-0.1015,-0.017418,0.35989,298.388,1,1
28_A4,tier0_canopy_top,0,300,-0.05,1.65,0.8,0.34565,-0.098733,-0.015118,0.35979,298.401,1,1
28_A4,tier0_canopy_top,0,300,0.05,1.6,0.8,0.33237,-0.098302,-0.014672,0.34691,298.398,1,1
28_A4,tier0_canopy_top,0,300,0.0,1.6,0.8,0.33184,-0.10086,-0.016575,0.34722,298.386,1,1
28_A4,tier0_canopy_top,0,300,0.0,1.65,0.8,0.3456,-0.095804,-0.012953,0.35887,298.413,1,1
28_A4,tier0_canopy_top,0,300,0.05,1.65,0.8,0.34478,-0.092767,-0.010909,0.3572,298.425,1,1
28_A4,tier0_canopy_top,0,300,0.15,1.6,0.8,0.33118,-0.092681,-0.011125,0.34408,298.421,1,1
28_A4,tier0_canopy_top,0,300,0.1,1.6,0.8,0.33212,-0.095561,-0.01285,0.34583,298.41,1,1
28_A4,tier0_canopy_top,0,300,0.1,1.65,0.8,0.34326,-0.08967,-0.0089868,0.3549,298.436,1,1
28_A4,tier0_canopy_top,0,300,0.15,1.65,0.8,0.34116,-0.086555,-0.0072007,0.35204,298.446,1,1
28_A4,tier0_canopy_top,0,300,0.25,1.6,0.8,0.32751,-0.086585,-0.0079883,0.33885,298.443,1,1
28_A4,tier0_canopy_top,0,300,0.2,1.6,0.8,0.32962,-0.08969,-0.0095058,0.34174,298.432,1,1
28_A4,tier0_canopy_top,0,300,0.2,1.65,0.8,0.33855,-0.083437,-0.0055532,0.34872,298.456,1,1
28_A4,tier0_canopy_top,0,300,0.25,1.65,0.8,0.3355,-0.080293,-0.0040335,0.345,298.466,1,1
28_A4,tier0_canopy_top,0,300,0.35,1.6,0.8,0.32179,-0.079926,-0.005284,0.33161,298.462,1,1
28_A4,tier0_canopy_top,0,300,0.3,1.6,0.8,0.32489,-0.083342,-0.0065755,0.33547,298.453,1,1
28_A4,tier0_canopy_top,0,300,0.3,1.65,0.8,0.33205,-0.077085,-0.0026332,0.34089,298.475,1,1
28_A4,tier0_canopy_top,0,300,0.35,1.65,0.8,0.32823,-0.07376,-0.0013592,0.33642,298.484,1,1
28_A4,tier0_canopy_top,0,300,-0.25,1.7,0.8,0.36163,-0.10275,-0.025594,0.37681,298.376,1,1
28_A4,tier0_canopy_top,0,300,-0.3,1.7,0.8,0.3586,-0.10544,-0.02926,0.37492,298.36,1,1
28_A4,tier0_canopy_top,0,300,-0.3,1.75,0.8,0.38593,-0.096248,-0.032685,0.39909,298.392,1,1
28_A4,tier0_canopy_top,0,300,-0.25,1.75,0.8,0.38681,-0.093049,-0.028293,0.39885,298.408,1,1
28_A4,tier0_canopy_top,0,300,-0.15,1.7,0.8,0.36481,-0.097003,-0.019133,0.37797,298.405,1,1
28_A4,tier0_canopy_top,0,300,-0.2,1.7,0.8,0.36368,-0.09995,-0.022231,0.37782,298.391,1,1
28_A4,tier0_canopy_top,0,300,-0.2,1.75,0.8,0.38693,-0.08982,-0.024343,0.39797,298.422,1,1
28_A4,tier0_canopy_top,0,300,-0.15,1.75,0.8,0.38632,-0.086523,-0.020754,0.39644,298.435,1,1
28_A4,tier0_canopy_top,0,300,-0.05,1.7,0.8,0.36449,-0.090734,-0.013642,0.37586,298.429,1,1
28_A4,tier0_canopy_top,0,300,-0.1,1.7,0.8,0.36506,-0.093918,-0.016273,0.3773,298.417,1,1
28_A4,tier0_canopy_top,0,300,-0.1,1.75,0.8,0.385,-0.083183,-0.017468,0.39427,298.447,1,1
28_A4,tier0_canopy_top,0,300,-0.05,1.75,0.8,0.38301,-0.079849,-0.014456,0.39151,298.458,1,1
28_A4,tier0_canopy_top,0,300,0.05,1.7,0.8,0.36112,-0.084263,-0.0089574,0.37093,298.451,1,1
28_A4,tier0_canopy_top,0,300,0.0,1.7,0.8,0.36315,-0.0875,-0.011215,0.37371,298.441,1,1
28_A4,tier0_canopy_top,0,300,0.0,1.75,0.8,0.38039,-0.076565,-0.011692,0.3882,298.469,1,1
28_A4,tier0_canopy_top,0,300,0.05,1.75,0.8,0.37721,-0.073367,-0.0091456,0.38439,298.478,1,1
28_A4,tier0_canopy_top,0,300,0.15,1.7,0.8,0.35543,-0.077944,-0.004936,0.36391,298.471,1,1
28_A4,tier0_canopy_top,0,300,0.1,1.7,0.8,0.35851,-0.081067,-0.006862,0.36763,298.461,1,1
28_A4,tier0_canopy_top,0,300,0.1,1.75,0.8,0.37358,-0.070285,-0.006803,0.38019,298.487,1,1
28_A4,tier0_canopy_top,0,300,0.15,1.75,0.8,0.3696,-0.06733,-0.0046663,0.37571,298.495,1,1
28_A4,tier0_canopy_top,0,300,0.25,1.7,0.8,0.34814,-0.071863,-0.0015825,0.35548,298.488,1,1
28_A4,tier0_canopy_top,0,300,0.2,1.7,0.8,0.35196,-0.074887,-0.0031797,0.35985,298.48,1,1
28_A4,tier0_canopy_top,0,300,0.2,1.75,0.8,0.36534,-0.064484,-0.0027365,0.37099,298.503,1,1
28_A4,tier0_canopy_top,0,300,0.25,1.75,0.8,0.36083,-0.061709,-0.0010018,0.36607,298.511,1,1
28_A4,tier0_canopy_top,0,300,0.35,1.7,0.8,0.33961,-0.065709,0.0011806,0.34591,298.504,1,1
28_A4,tier0_canopy_top,0,300,0.3,1.7,0.8,0.34402,-0.068824,-0.00012857,0.35083,298.496,1,1
28_A4,tier0_canopy_top,0,300,0.3,1.75,0.8,0.35612,-0.058953,0.0005603,0.36097,298.518,1,1
28_A4,tier0_canopy_top,0,300,0.35,1.75,0.8,0.35123,-0.056152,0.0019502,0.3557,298.525,1,1
28_A4,tier0_canopy_top,0,300,-0.25,1.8,0.8,0.41186,-0.080193,-0.032157,0.42082,298.44,1,1
28_A4,tier0_canopy_top,0,300,-0.3,1.8,0.8,0.41364,-0.083553,-0.03713,0.42363,298.424,1,1
28_A4,tier0_canopy_top,0,300,-0.3,1.85,0.8,0.44157,-0.0678,-0.041807,0.4487,298.456,1,1
28_A4,tier0_canopy_top,0,300,-0.25,1.85,0.8,0.43664,-0.064555,-0.036398,0.44289,298.471,1,1
28_A4,tier0_canopy_top,0,300,-0.15,1.8,0.8,0.40706,-0.073451,-0.02371,0.41431,298.466,1,1
28_A4,tier0_canopy_top,0,300,-0.2,1.8,0.8,0.40968,-0.076827,-0.027725,0.41774,298.453,1,1
28_A4,tier0_canopy_top,0,300,-0.2,1.85,0.8,0.4318,-0.061317,-0.031574,0.43727,298.485,1,1
28_A4,tier0_canopy_top,0,300,-0.15,1.85,0.8,0.4269,-0.058127,-0.027179,0.4317,298.496,1,1
28_A4,tier0_canopy_top,0,300,-0.05,1.8,0.8,0.40042,-0.066883,-0.016609,0.40631,298.487,1,1
28_A4,tier0_canopy_top,0,300,-0.1,1.8,0.8,0.40397,-0.070118,-0.02002,0.41049,298.477,1,1
28_A4,tier0_canopy_top,0,300,-0.1,1.85,0.8,0.42186,-0.05507,-0.023089,0.42606,298.507,1,1
28_A4,tier0_canopy_top,0,300,-0.05,1.85,0.8,0.41665,-0.052193,-0.019266,0.42035,298.516,1,1
28_A4,tier0_canopy_top,0,300,0.05,1.8,0.8,0.39209,-0.060844,-0.010583,0.39693,298.505,1,1
28_A4,tier0_canopy_top,0,300,0.0,1.8,0.8,0.39645,-0.063784,-0.013465,0.40177,298.497,1,1
28_A4,tier0_canopy_top,0,300,0.0,1.85,0.8,0.41127,-0.049516,-0.015721,0.41454,298.525,1,1
28_A4,tier0_canopy_top,0,300,0.05,1.85,0.8,0.40572,-0.047048,-0.012464,0.40863,298.532,1,1
28_A4,tier0_canopy_top,0,300,0.15,1.8,0.8,0.38252,-0.055454,-0.0055726,0.38656,298.52,1,1
28_A4,tier0_canopy_top,0,300,0.1,1.8,0.8,0.38742,-0.058072,-0.0079539,0.39183,298.513,1,1
28_A4,tier0_canopy_top,0,300,0.1,1.85,0.8,0.40003,-0.044782,-0.0095045,0.40264,298.539,1,1
28_A4,tier0_canopy_top,0,300,0.15,1.85,0.8,0.39425,-0.04268,-0.0068519,0.39661,298.546,1,1
28_A4,tier0_canopy_top,0,300,0.25,1.8,0.8,0.37233,-0.050569,-0.0015403,0.37575,298.534,1,1
28_A4,tier0_canopy_top,0,300,0.2,1.8,0.8,0.37748,-0.052966,-0.0034391,0.38119,298.527,1,1
28_A4,tier0_canopy_top,0,300,0.2,1.85,0.8,0.38846,-0.0407,-0.0045031,0.39061,298.552,1,1
28_A4,tier0_canopy_top,0,300,0.25,1.85,0.8,0.38271,-0.038805,-0.0024352,0.38468,298.557,1,1
28_A4,tier0_canopy_top,0,300,0.35,1.8,0.8,0.36181,-0.045824,0.0016431,0.36471,298.546,1,1
28_A4,tier0_canopy_top,0,300,0.3,1.8,0.8,0.3671,-0.048211,0.00015117,0.37025,298.54,1,1
28_A4,tier0_canopy_top,0,300,0.3,1.85,0.8,0.37702,-0.036948,-0.00060929,0.37883,298.563,1,1
28_A4,tier0_canopy_top,0,300,0.35,1.85,0.8,0.37141,-0.035067,0.000994,0.37306,298.568,1,1
28_A4,tier0_canopy_top,0,300,-0.25,1.9,0.8,0.46019,-0.046738,-0.040118,0.4643,298.505,1,1
28_A4,tier0_canopy_top,0,300,-0.3,1.9,0.8,0.46848,-0.049585,-0.045864,0.47332,298.49,1,1
28_A4,tier0_canopy_top,0,300,-0.3,1.95,0.8,0.49116,-0.02996,-0.047424,0.49435,298.529,1,1
28_A4,tier0_canopy_top,0,300,-0.25,1.95,0.8,0.48002,-0.027793,-0.041466,0.48261,298.542,1,1
28_A4,tier0_canopy_top,0,300,-0.15,1.9,0.8,0.4453,-0.041217,-0.030235,0.44823,298.528,1,1
28_A4,tier0_canopy_top,0,300,-0.2,1.9,0.8,0.45256,-0.043924,-0.034975,0.45603,298.517,1,1
28_A4,tier0_canopy_top,0,300,-0.2,1.95,0.8,0.47006,-0.025691,-0.036097,0.47214,298.553,1,1
28_A4,tier0_canopy_top,0,300,-0.15,1.95,0.8,0.46088,-0.02373,-0.031099,0.46254,298.562,1,1
28_A4,tier0_canopy_top,0,300,-0.05,1.9,0.8,0.43145,-0.036425,-0.021468,0.43352,298.546,1,1
28_A4,tier0_canopy_top,0,300,-0.1,1.9,0.8,0.43829,-0.038705,-0.025725,0.44074,298.538,1,1
28_A4,tier0_canopy_top,0,300,-0.1,1.95,0.8,0.45229,-0.02196,-0.026278,0.45358,298.57,1,1
28_A4,tier0_canopy_top,0,300,-0.05,1.95,0.8,0.44418,-0.020416,-0.021703,0.44518,298.577,1,1
28_A4,tier0_canopy_top,0,300,0.05,1.9,0.8,0.41809,-0.032558,-0.013897,0.41959,298.56,1,1
28_A4,tier0_canopy_top,0,300,0.0,1.9,0.8,0.42474,-0.034377,-0.017527,0.42649,298.553,1,1
28_A4,tier0_canopy_top,0,300,0.0,1.95,0.8,0.43644,-0.019111,-0.017473,0.43721,298.583,1,1
28_A4,tier0_canopy_top,0,300,0.05,1.95,0.8,0.42897,-0.018039,-0.013571,0.42957,298.588,1,1
28_A4,tier0_canopy_top,0,300,0.15,1.9,0.8,0.40498,-0.029501,-0.0076587,0.40613,298.571,1,1
28_A4,tier0_canopy_top,0,300,0.1,1.9,0.8,0.4115,-0.03095,-0.010593,0.4128,298.566,1,1
28_A4,tier0_canopy_top,0,300,0.1,1.95,0.8,0.42175,-0.017169,-0.010012,0.42222,298.592,1,1
28_A4,tier0_canopy_top,0,300,0.15,1.95,0.8,0.41479,-0.016455,-0.0068749,0.41517,298.597,1,1
28_A4,tier0_canopy_top,0,300,0.25,1.9,0.8,0.39236,-0.026868,-0.0028844,0.39329,298.581,1,1
28_A4,tier0_canopy_top,0,300,0.2,1.9,0.8,0.39858,-0.028155,-0.0051039,0.39961,298.576,1,1
28_A4,tier0_canopy_top,0,300,0.2,1.95,0.8,0.40807,-0.015826,-0.0041945,0.4084,298.6,1,1
28_A4,tier0_canopy_top,0,300,0.25,1.95,0.8,0.40162,-0.015217,-0.001902,0.40191,298.604,1,1
28_A4,tier0_canopy_top,0,300,0.35,1.9,0.8,0.38047,-0.024302,0.00076823,0.38125,298.59,1,1
28_A4,tier0_canopy_top,0,300,0.3,1.9,0.8,0.38632,-0.0256,-0.00093728,0.38717,298.585,1,1
28_A4,tier0_canopy_top,0,300,0.3,1.95,0.8,0.39541,-0.01459,9.7904e-05,0.39568,298.608,1,1
28_A4,tier0_canopy_top,0,300,0.35,1.95,0.8,0.38942,-0.013917,0.0018463,0.38968,298.611,1,1
28_A4,tier0_canopy_top,0,300,-0.25,2.0,0.8,0.49186,-0.008255,-0.03772,0.49338,298.583,1,1
28_A4,tier0_canopy_top,0,300,-0.3,2.0,0.8,0.50408,-0.0094622,-0.043506,0.50604,298.574,1,1
28_A4,tier0_canopy_top,0,300,-0.3,2.05,0.8,0.50228,0.010575,-0.033988,0.50354,298.618,1,1
28_A4,tier0_canopy_top,0,300,-0.25,2.05,0.8,0.49168,0.010826,-0.028831,0.49265,298.623,1,1
28_A4,tier0_canopy_top,0,300,-0.15,2.0,0.8,0.47114,-0.0060836,-0.027475,0.47198,298.598,1,1
28_A4,tier0_canopy_top,0,300,-0.2,2.0,0.8,0.48102,-0.0071071,-0.032428,0.48216,298.591,1,1
28_A4,tier0_canopy_top,0,300,-0.2,2.05,0.8,0.48212,0.011028,-0.024023,0.48284,298.628,1,1
28_A4,tier0_canopy_top,0,300,-0.15,2.05,0.8,0.47328,0.011114,-0.01949,0.47381,298.632,1,1
28_A4,tier0_canopy_top,0,300,-0.05,2.0,0.8,0.45338,-0.0045066,-0.018207,0.45377,298.608,1,1
28_A4,tier0_canopy_top,0,300,-0.1,2.0,0.8,0.46197,-0.0052065,-0.022722,0.46256,298.604,1,1
28_A4,tier0_canopy_top,0,300,-0.1,2.05,0.8,0.46499,0.011059,-0.015166,0.46537,298.635,1,1
28_A4,tier0_canopy_top,0,300,-0.05,2.05,0.8,0.45712,0.010844,-0.011059,0.45738,298.637,1,1
28_A4,tier0_canopy_top,0,300,0.05,2.0,0.8,0.43755,-0.0037684,-0.010073,0.43768,298.616,1,1
28_A4,tier0_canopy_top,0,300,0.0,2.0,0.8,0.44527,-0.0040261,-0.013992,0.44551,298.612,1,1
28_A4,tier0_canopy_top,0,300,0.0,2.05,0.8,0.44965,0.010451,-0.0071907,0.44982,298.639,1,1
28_A4,tier0_canopy_top,0,300,0.05,2.05,0.8,0.44257,0.0098837,-0.003566,0.44269,298.641,1,1
28_A4,tier0_canopy_top,0,300,0.15,2.0,0.8,0.42332,-0.0037587,-0.0033534,0.42335,298.622,1,1
28_A4,tier0_canopy_top,0,300,0.1,2.0,0.8,0.43023,-0.0036947,-0.0064939,0.4303,298.619,1,1
28_A4,tier0_canopy_top,0,300,0.1,2.05,0.8,0.43587,0.0091834,-0.00026043,0.43597,298.643,1,1
28_A4,tier0_canopy_top,0,300,0.15,2.05,0.8,0.42951,0.0083984,0.0026177,0.4296,298.645,1,1
28_A4,tier0_canopy_top,0,300,0.25,2.0,0.8,0.41036,-0.0039747,0.0014645,0.41039,298.627,1,1
28_A4,tier0_canopy_top,0,300,0.2,2.0,0.8,0.41673,-0.0038796,-0.00071702,0.41675,298.624,1,1
28_A4,tier0_canopy_top,0,300,0.2,2.05,0.8,0.42334,0.0075816,0.0049771,0.42344,298.646,1,1
28_A4,tier0_canopy_top,0,300,0.25,2.05,0.8,0.41724,0.0067933,0.0068376,0.41735,298.648,1,1
28_A4,tier0_canopy_top,0,300,0.35,2.0,0.8,0.39808,-0.0039995,0.0049389,0.39813,298.632,1,1
28_A4,tier0_canopy_top,0,300,0.3,2.0,0.8,0.40414,-0.0040183,0.0033239,0.40418,298.63,1,1
28_A4,tier0_canopy_top,0,300,0.3,2.05,0.8,0.41113,0.0060657,0.008363,0.41126,298.65,1,1
28_A4,tier0_canopy_top,0,300,0.35,2.05,0.8,0.40508,0.0054129,0.0096694,0.40524,298.653,1,1
28_A4,tier0_canopy_top,0,300,-0.35,1.7,0.8,0.35452,-0.1081,-0.03327,0.37213,298.343,1,1
28_A4,tier0_canopy_top,0,300,-0.35,1.8,0.8,0.41507,-0.087001,-0.042788,0.42625,298.406,1,1
28_A4,tier0_canopy_top,0,300,-0.35,1.85,0.8,0.44674,-0.071085,-0.047974,0.45489,298.438,1,1
28_A4,tier0_canopy_top,0,300,-0.35,1.9,0.8,0.47772,-0.052434,-0.052372,0.48344,298.473,1,1
28_A4,tier0_canopy_top,0,300,-0.35,1.6,0.8,0.30093,-0.10919,-0.031578,0.32168,298.295,1,1
28_A4,tier0_canopy_top,0,300,0.45,1.6,0.8,0.31425,-0.072386,-0.0032156,0.3225,298.48,1,1
28_A4,tier0_canopy_top,0,300,0.4,1.6,0.8,0.31824,-0.076291,-0.0041485,0.32728,298.472,1,1
28_A4,tier0_canopy_top,0,300,0.4,1.65,0.8,0.32404,-0.07026,-0.00024358,0.33157,298.492,1,1
28_A4,tier0_canopy_top,0,300,0.45,1.65,0.8,0.31951,-0.066513,0.00066652,0.32636,298.5,1,1
28_A4,tier0_canopy_top,0,300,0.55,1.6,0.8,0.30498,-0.063479,-0.002166,0.31153,298.497,1,1
28_A4,tier0_canopy_top,0,300,0.5,1.6,0.8,0.30984,-0.068142,-0.0025368,0.31725,298.489,1,1
28_A4,tier0_canopy_top,0,300,0.5,1.65,0.8,0.31464,-0.062436,0.0013209,0.32077,298.508,1,1
28_A4,tier0_canopy_top,0,300,0.55,1.65,0.8,0.30941,-0.057934,0.0016661,0.31479,298.516,1,1
28_A4,tier0_canopy_top,0,300,0.65,1.6,0.8,0.29394,-0.052568,-0.0025748,0.29861,298.512,1,1
28_A4,tier0_canopy_top,0,300,0.6,1.6,0.8,0.29968,-0.058313,-0.0021581,0.30531,298.505,1,1
28_A4,tier0_canopy_top,0,300,0.6,1.65,0.8,0.30385,-0.0529,0.0016479,0.30843,298.523,1,1
28_A4,tier0_canopy_top,0,300,0.65,1.65,0.8,0.29797,-0.047197,0.0012082,0.30169,298.531,1,1
28_A4,tier0_canopy_top,0,300,0.75,1.6,0.8,0.28098,-0.039066,-0.0048621,0.28372,298.526,1,1
28_A4,tier0_canopy_top,0,300,0.7,1.6,0.8,0.28774,-0.046168,-0.0034719,0.29144,298.519,1,1
28_A4,tier0_canopy_top,0,300,0.7,1.65,0.8,0.29176,-0.040653,0.00029947,0.29458,298.538,1,1
28_A4,tier0_canopy_top,0,300,0.75,1.65,0.8,0.28509,-0.03304,-0.0010703,0.287,298.545,1,1
28_A4,tier0_canopy_top,0,300,0.85,1.6,0.8,0.26457,-0.023228,-0.0087828,0.26574,298.539,1,1
28_A4,tier0_canopy_top,0,300,0.8,1.6,0.8,0.27341,-0.031315,-0.0066915,0.27528,298.533,1,1
28_A4,tier0_canopy_top,0,300,0.8,1.65,0.8,0.27761,-0.024072,-0.0028051,0.27867,298.551,1,1
28_A4,tier0_canopy_top,0,300,0.85,1.65,0.8,0.26865,-0.013437,-0.00466,0.26903,298.558,1,1
28_A4,tier0_canopy_top,0,300,0.95,1.6,0.8,0.23867,-0.010771,-0.011415,0.23919,298.552,1,1
28_A4,tier0_canopy_top,0,300,0.9,1.6,0.8,0.25358,-0.015673,-0.010685,0.25429,298.545,1,1
28_A4,tier0_canopy_top,0,300,0.9,1.65,0.8,0.25671,-0.00088731,-0.0060343,0.25678,298.564,1,1
28_A4,tier0_canopy_top,0,300,0.95,1.65,0.8,0.23816,0.013438,-0.005574,0.2386,298.57,1,1
28_A4,tier0_canopy_top,0,300,0.45,1.7,0.8,0.32998,-0.058949,0.0032279,0.33522,298.519,1,1
28_A4,tier0_canopy_top,0,300,0.4,1.7,0.8,0.33493,-0.062445,0.0023139,0.34071,298.512,1,1
28_A4,tier0_canopy_top,0,300,0.4,1.75,0.8,0.34618,-0.053224,0.0031388,0.35026,298.532,1,1
28_A4,tier0_canopy_top,0,300,0.45,1.75,0.8,0.34097,-0.050081,0.0040884,0.34465,298.538,1,1
28_A4,tier0_canopy_top,0,300,0.55,1.7,0.8,0.31933,-0.050874,0.0041874,0.32339,298.534,1,1
28_A4,tier0_canopy_top,0,300,0.5,1.7,0.8,0.32477,-0.055127,0.0038725,0.32944,298.527,1,1
28_A4,tier0_canopy_top,0,300,0.5,1.75,0.8,0.33561,-0.046625,0.0047481,0.33887,298.545,1,1
28_A4,tier0_canopy_top,0,300,0.55,1.75,0.8,0.33016,-0.042742,0.0050486,0.33296,298.552,1,1
28_A4,tier0_canopy_top,0,300,0.65,1.7,0.8,0.30793,-0.0405,0.0035633,0.3106,298.548,1,1
28_A4,tier0_canopy_top,0,300,0.6,1.7,0.8,0.3137,-0.046059,0.0041063,0.31709,298.541,1,1
28_A4,tier0_canopy_top,0,300,0.6,1.75,0.8,0.32469,-0.038288,0.0049061,0.32698,298.558,1,1
28_A4,tier0_canopy_top,0,300,0.65,1.75,0.8,0.3193,-0.033058,0.0042335,0.32103,298.565,1,1
28_A4,tier0_canopy_top,0,300,0.75,1.7,0.8,0.29603,-0.02598,0.00092713,0.29717,298.562,1,1
28_A4,tier0_canopy_top,0,300,0.7,1.7,0.8,0.30205,-0.033937,0.0025066,0.30396,298.555,1,1
28_A4,tier0_canopy_top,0,300,0.7,1.75,0.8,0.3141,-0.026755,0.0029512,0.31525,298.572,1,1
28_A4,tier0_canopy_top,0,300,0.75,1.75,0.8,0.30921,-0.018923,0.0010039,0.30979,298.579,1,1
28_A4,tier0_canopy_top,0,300,0.85,1.7,0.8,0.28284,-0.0031956,-0.0033835,0.28288,298.575,1,1
28_A4,tier0_canopy_top,0,300,0.8,1.7,0.8,0.28972,-0.016034,-0.0011039,0.29016,298.568,1,1
28_A4,tier0_canopy_top,0,300,0.8,1.75,0.8,0.30479,-0.0088786,-0.0016129,0.30492,298.585,1,1
28_A4,tier0_canopy_top,0,300,0.85,1.75,0.8,0.30111,0.0043895,-0.0048008,0.30118,298.592,1,1
28_A4,tier0_canopy_top,0,300,0.95,1.7,0.8,0.26386,0.036709,-0.0056871,0.26646,298.586,1,1
28_A4,tier0_canopy_top,0,300,0.9,1.7,0.8,0.27474,0.013796,-0.0053447,0.27514,298.581,1,1
28_A4,tier0_canopy_top,0,300,0.9,1.75,0.8,0.29851,0.022256,-0.0081571,0.29945,298.598,1,1
28_A4,tier0_canopy_top,0,300,0.95,1.75,0.8,0.29768,0.046448,-0.010752,0.30148,298.603,1,1
28_A4,tier0_canopy_top,0,300,0.45,1.8,0.8,0.35112,-0.040633,0.0039162,0.35349,298.558,1,1
28_A4,tier0_canopy_top,0,300,0.4,1.8,0.8,0.35648,-0.043328,0.0029108,0.35911,298.552,1,1
28_A4,tier0_canopy_top,0,300,0.4,1.85,0.8,0.36588,-0.033088,0.0023547,0.36738,298.573,1,1
28_A4,tier0_canopy_top,0,300,0.45,1.85,0.8,0.36044,-0.030926,0.003431,0.36178,298.578,1,1
28_A4,tier0_canopy_top,0,300,0.55,1.8,0.8,0.34043,-0.034239,0.0048993,0.34219,298.57,1,1
28_A4,tier0_canopy_top,0,300,0.5,1.8,0.8,0.34576,-0.03764,0.0046053,0.34783,298.564,1,1
28_A4,tier0_canopy_top,0,300,0.5,1.85,0.8,0.35513,-0.02849,0.0041636,0.35629,298.584,1,1
28_A4,tier0_canopy_top,0,300,0.55,1.85,0.8,0.35,-0.025682,0.0044643,0.35097,298.589,1,1
28_A4,tier0_canopy_top,0,300,0.65,1.8,0.8,0.33038,-0.025581,0.0038806,0.3314,298.582,1,1
28_A4,tier0_canopy_top,0,300,0.6,1.8,0.8,0.33526,-0.030287,0.0046958,0.33666,298.576,1,1
28_A4,tier0_canopy_top,0,300,0.6,1.85,0.8,0.34518,-0.022371,0.004215,0.34593,298.594,1,1
28_A4,tier0_canopy_top,0,300,0.65,1.85,0.8,0.34086,-0.01838,0.0032772,0.34137,298.6,1,1
28_A4,tier0_canopy_top,0,300,0.75,1.8,0.8,0.32238,-0.012595,-5.3958e-05,0.32263,298.595,1,1
28_A4,tier0_canopy_top,0,300,0.7,1.8,0.8,0.326,-0.019828,0.002336,0.32661,298.589,1,1
28_A4,tier0_canopy_top,0,300,0.7,1.85,0.8,0.33731,-0.013455,0.0014964,0.33758,298.606,1,1
28_A4,tier0_canopy_top,0,300,0.75,1.85,0.8,0.33495,-0.0072325,-0.0013033,0.33503,298.612,1,1
28_A4,tier0_canopy_top,0,300,0.85,1.8,0.8,0.31929,0.0090653,-0.0076985,0.31951,298.609,1,1
28_A4,tier0_canopy_top,0,300,0.8,1.8,0.8,0.31995,-0.0032583,-0.0033903,0.31999,298.602,1,1
28_A4,tier0_canopy_top,0,300,0.8,1.85,0.8,0.33439,0.00081026,-0.0053249,0.33443,298.619,1,1
28_A4,tier0_canopy_top,0,300,0.85,1.85,0.8,0.33643,0.011425,-0.010759,0.33679,298.626,1,1
28_A4,tier0_canopy_top,0,300,0.95,1.8,0.8,0.32649,0.047566,-0.018304,0.33044,298.621,1,1
28_A4,tier0_canopy_top,0,300,0.9,1.8,0.8,0.32113,0.025575,-0.012818,0.3224,298.615,1,1
28_A4,tier0_canopy_top,0,300,0.9,1.85,0.8,0.3421,0.025675,-0.017736,0.34352,298.633,1,1
28_A4,tier0_canopy_top,0,300,0.95,1.85,0.8,0.35276,0.044879,-0.0263,0.35657,298.64,1,1
28_A4,tier0_canopy_top,0,300,0.45,1.9,0.8,0.36934,-0.021357,0.0033587,0.36997,298.598,1,1
28_A4,tier0_canopy_top,0,300,0.4,1.9,0.8,0.37481,-0.022912,0.0022148,0.37551,298.594,1,1
28_A4,tier0_canopy_top,0,300,0.4,1.95,0.8,0.38368,-0.013154,0.0033229,0.38392,298.615,1,1
28_A4,tier0_canopy_top,0,300,0.45,1.95,0.8,0.37818,-0.012252,0.0044825,0.3784,298.619,1,1
28_A4,tier0_canopy_top,0,300,0.55,1.9,0.8,0.35916,-0.017445,0.004451,0.35961,298.608,1,1
28_A4,tier0_canopy_top,0,300,0.5,1.9,0.8,0.3641,-0.019562,0.0041355,0.36465,298.603,1,1
28_A4,tier0_canopy_top,0,300,0.5,1.95,0.8,0.37296,-0.011156,0.0052609,0.37316,298.623,1,1
28_A4,tier0_canopy_top,0,300,0.55,1.95,0.8,0.36813,-0.0098079,0.0055669,0.3683,298.627,1,1
28_A4,tier0_canopy_top,0,300,0.65,1.9,0.8,0.35086,-0.011801,0.0031688,0.35108,298.618,1,1
28_A4,tier0_canopy_top,0,300,0.6,1.9,0.8,0.35467,-0.014904,0.0041795,0.355,298.613,1,1
28_A4,tier0_canopy_top,0,300,0.6,1.95,0.8,0.36388,-0.0081405,0.0052777,0.36401,298.631,1,1
28_A4,tier0_canopy_top,0,300,0.65,1.95,0.8,0.36047,-0.0060706,0.0042396,0.36055,298.636,1,1
28_A4,tier0_canopy_top,0,300,0.75,1.9,0.8,0.34686,-0.0030898,-0.0018321,0.34688,298.629,1,1
28_A4,tier0_canopy_top,0,300,0.7,1.9,0.8,0.34809,-0.0079503,0.0012394,0.34819,298.623,1,1
28_A4,tier0_canopy_top,0,300,0.7,1.95,0.8,0.35831,-0.0035,0.0022615,0.35833,298.641,1,1
28_A4,tier0_canopy_top,0,300,0.75,1.95,0.8,0.35794,-0.00029878,-0.0009103,0.35794,298.646,1,1
28_A4,tier0_canopy_top,0,300,0.85,1.9,0.8,0.35232,0.011418,-0.012675,0.35273,298.643,1,1
28_A4,tier0_canopy_top,0,300,0.8,1.9,0.8,0.34792,0.0031696,-0.0063454,0.348,298.636,1,1
28_A4,tier0_canopy_top,0,300,0.8,1.95,0.8,0.36022,0.0037467,-0.0056371,0.36029,298.652,1,1
28_A4,tier0_canopy_top,0,300,0.85,1.95,0.8,0.36641,0.0089777,-0.012421,0.36673,298.659,1,1
28_A4,tier0_canopy_top,0,300,0.95,1.9,0.8,0.37748,0.037858,-0.032643,0.38077,298.657,1,1
28_A4,tier0_canopy_top,0,300,0.9,1.9,0.8,0.36148,0.022544,-0.021259,0.36281,298.65,1,1
28_A4,tier0_canopy_top,0,300,0.9,1.95,0.8,0.37831,0.015921,-0.021941,0.37928,298.666,1,1
28_A4,tier0_canopy_top,0,300,0.95,1.95,0.8,0.39879,0.025432,-0.035168,0.40114,298.674,1,1
28_A4,tier0_canopy_top,0,300,0.45,2.0,0.8,0.38665,-0.0036743,0.0073332,0.38674,298.639,1,1
28_A4,tier0_canopy_top,0,300,0.4,2.0,0.8,0.39224,-0.0038933,0.0062918,0.39231,298.635,1,1
28_A4,tier0_canopy_top,0,300,0.4,2.05,0.8,0.39921,0.0048441,0.010745,0.39938,298.655,1,1
28_A4,tier0_canopy_top,0,300,0.45,2.05,0.8,0.39357,0.00436,0.011539,0.39377,298.658,1,1
28_A4,tier0_canopy_top,0,300,0.55,2.0,0.8,0.37656,-0.002798,0.0082188,0.37666,298.646,1,1
28_A4,tier0_canopy_top,0,300,0.5,2.0,0.8,0.38138,-0.0033181,0.008003,0.38148,298.642,1,1
28_A4,tier0_canopy_top,0,300,0.5,2.05,0.8,0.38826,0.0039553,0.011996,0.38847,298.661,1,1
28_A4,tier0_canopy_top,0,300,0.55,2.05,0.8,0.38342,0.0036187,0.012042,0.38362,298.665,1,1
28_A4,tier0_canopy_top,0,300,0.65,2.0,0.8,0.36919,-0.0011739,0.0067975,0.36926,298.654,1,1
28_A4,tier0_canopy_top,0,300,0.6,2.0,0.8,0.3724,-0.0020898,0.0078659,0.37249,298.65,1,1
28_A4,tier0_canopy_top,0,300,0.6,2.05,0.8,0.37923,0.003325,0.011575,0.37943,298.668,1,1
28_A4,tier0_canopy_top,0,300,0.65,2.05,0.8,0.37602,0.003023,0.010467,0.37617,298.672,1,1
28_A4,tier0_canopy_top,0,300,0.75,2.0,0.8,0.36746,0.0012756,0.0016998,0.36747,298.663,1,1
28_A4,tier0_canopy_top,0,300,0.7,2.0,0.8,0.36735,-4.568e-05,0.0048261,0.36738,298.658,1,1
28_A4,tier0_canopy_top,0,300,0.7,2.05,0.8,0.37418,0.0026193,0.0085506,0.37428,298.676,1,1
28_A4,tier0_canopy_top,0,300,0.75,2.05,0.8,0.3743,0.0019504,0.0056114,0.37434,298.68,1,1
28_A4,tier0_canopy_top,0,300,0.85,2.0,0.8,0.3775,0.0044159,-0.0096016,0.37764,298.675,1,1
28_A4,tier0_canopy_top,0,300,0.8,2.0,0.8,0.3704,0.0027655,-0.0029384,0.37042,298.669,1,1
28_A4,tier0_canopy_top,0,300,0.8,2.05,0.8,0.3772,0.00074646,0.0013524,0.3772,298.685,1,1
28_A4,tier0_canopy_top,0,300,0.85,2.05,0.8,0.38411,-0.0013956,-0.0046414,0.38414,298.691,1,1
28_A4,tier0_canopy_top,0,300,0.95,2.0,0.8,0.41346,0.0081382,-0.032314,0.4148,298.689,1,1
28_A4,tier0_canopy_top,0,300,0.9,2.0,0.8,0.39078,0.006217,-0.019027,0.39129,298.681,1,1
28_A4,tier0_canopy_top,0,300,0.9,2.05,0.8,0.39693,-0.005067,-0.012955,0.39718,298.697,1,1
28_A4,tier0_canopy_top,0,300,0.95,2.05,0.8,0.41864,-0.011201,-0.024462,0.41951,298.705,1,1
28_A4,tier0_canopy_top,0,300,0.35,1.6,0.8,0.32179,-0.079926,-0.005284,0.33161,298.462,1,1
28_A4,tier0_canopy_top,0,300,1.0,1.6,0.8,0.21762,-0.014035,-0.0092581,0.21827,298.561,1,1
28_A4,tier0_canopy_top,0,300,0.35,1.65,0.8,0.32823,-0.07376,-0.0013592,0.33642,298.484,1,1
28_A4,tier0_canopy_top,0,300,1.0,1.65,0.8,0.20657,0.028613,-0.00069994,0.20855,298.579,1,1
28_A4,tier0_canopy_top,0,300,1.0,1.7,0.8,0.24808,0.069379,-0.0021383,0.2576,298.594,1,1
28_A4,tier0_canopy_top,0,300,0.35,1.8,0.8,0.36181,-0.045824,0.0016431,0.36471,298.546,1,1
28_A4,tier0_canopy_top,0,300,1.0,1.75,0.8,0.3004,0.079197,-0.011155,0.31086,298.609,1,1
28_A4,tier0_canopy_top,0,300,1.0,1.8,0.8,0.33631,0.075805,-0.023493,0.34555,298.626,1,1
28_A4,tier0_canopy_top,0,300,1.0,1.85,0.8,0.3697,0.070437,-0.036478,0.37811,298.646,1,1
28_A4,tier0_canopy_top,0,300,1.0,1.9,0.8,0.4031,0.059307,-0.047611,0.41021,298.665,1,1
28_A4,tier0_canopy_top,0,300,0.35,1.95,0.8,0.38942,-0.013917,0.0018463,0.38968,298.611,1,1
28_A4,tier0_canopy_top,0,300,0.35,2.0,0.8,0.39808,-0.0039995,0.0049389,0.39813,298.632,1,1
28_A4,tier0_canopy_top,0,300,1.0,1.95,0.8,0.43237,0.038937,-0.053585,0.43741,298.682,1,1
28_A4,tier0_canopy_top,0,300,1.0,2.0,0.8,0.45082,0.010103,-0.051182,0.45383,298.698,1,1
28_A4,tier0_canopy_top,0,300,1.0,2.05,0.8,0.45394,-0.021378,-0.040562,0.45625,298.714,1,1
28_A4,tier0_canopy_top,0,300,1.05,1.6,0.8,0.19695,-0.046981,-0.0010604,0.20248,298.595,1,1
28_A4,tier0_canopy_top,0,300,1.05,1.65,0.8,0.16431,0.043194,0.015314,0.17058,298.624,1,1
28_A4,tier0_canopy_top,0,300,1.0,1.65,0.8,0.20657,0.028613,-0.00069994,0.20855,298.579,1,1
28_A4,tier0_canopy_top,0,300,1.2,1.6,0.8,1.9924e-17,1.2555e-17,-2.1945e-17,3.219e-17,302,1,1
28_A4,tier0_canopy_top,0,300,1.2,1.65,0.8,1.9924e-17,1.2555e-17,-2.1945e-17,3.219e-17,302,1,1
28_A4,tier0_canopy_top,0,300,1.05,1.7,0.8,0.23344,0.13271,0.0097613,0.26871,298.624,1,1
28_A4,tier0_canopy_top,0,300,1.0,1.7,0.8,0.24808,0.069379,-0.0021383,0.2576,298.594,1,1
28_A4,tier0_canopy_top,0,300,1.05,1.75,0.8,0.31361,0.12737,-0.0081663,0.33858,298.622,1,1
28_A4,tier0_canopy_top,0,300,1.1,1.7,0.8,7.4695e-17,3.0614e-17,-2.9204e-18,8.0778e-17,302,1,1
28_A4,tier0_canopy_top,0,300,1.1,1.75,0.8,0.3364,0.13787,-0.013152,0.36379,298.649,1,1
28_A4,tier0_canopy_top,0,300,1.15,1.7,0.8,0,0,0,0,302,1,1
28_A4,tier0_canopy_top,0,300,1.15,1.75,0.8,0.31716,0.11851,-0.030418,0.33995,298.689,1,1
28_A4,tier0_canopy_top,0,300,1.2,1.7,0.8,3.766e-17,3.4886e-17,-1.8142e-17,5.4447e-17,302,1,1
28_A4,tier0_canopy_top,0,300,1.2,1.75,0.8,0.24561,0.13162,-0.052461,0.28355,298.735,1,1
28_A4,tier0_canopy_top,0,300,1.05,1.8,0.8,0.35337,0.10987,-0.02844,0.37115,298.634,1,1
28_A4,tier0_canopy_top,0,300,1.0,1.8,0.8,0.33631,0.075805,-0.023493,0.34555,298.626,1,1
28_A4,tier0_canopy_top,0,300,1.05,1.85,0.8,0.39472,0.10423,-0.048937,0.41118,298.653,1,1
28_A4,tier0_canopy_top,0,300,1.15,1.8,0.8,0.37201,0.1578,-0.055602,0.4079,298.668,1,1
28_A4,tier0_canopy_top,0,300,1.1,1.8,0.8,0.37271,0.13167,-0.038075,0.39711,298.647,1,1
28_A4,tier0_canopy_top,0,300,1.1,1.85,0.8,0.42556,0.14675,-0.066723,0.45507,298.662,1,1
28_A4,tier0_canopy_top,0,300,1.15,1.85,0.8,0.45244,0.21627,-0.093413,0.5101,298.676,1,1
28_A4,tier0_canopy_top,0,300,1.2,1.8,0.8,0.33371,0.22406,-0.079853,0.40981,298.7,1,1
28_A4,tier0_canopy_top,0,300,1.2,1.85,0.8,0.44223,0.35949,-0.1326,0.58514,298.699,1,1
28_A4,tier0_canopy_top,0,300,1.05,1.9,0.8,0.44267,0.090411,-0.067728,0.45686,298.673,1,1
28_A4,tier0_canopy_top,0,300,1.0,1.9,0.8,0.4031,0.059307,-0.047611,0.41021,298.665,1,1
28_A4,tier0_canopy_top,0,300,1.05,1.95,0.8,0.48707,0.059142,-0.079821,0.4971,298.691,1,1
28_A4,tier0_canopy_top,0,300,1.15,1.9,0.8,0.60105,0.22555,-0.14268,0.65764,298.694,1,1
28_A4,tier0_canopy_top,0,300,1.1,1.9,0.8,0.50279,0.13824,-0.096926,0.53038,298.682,1,1
28_A4,tier0_canopy_top,0,300,1.1,1.95,0.8,0.57891,0.091854,-0.11985,0.59828,298.702,1,1
28_A4,tier0_canopy_top,0,300,1.15,1.95,0.8,0.75336,0.152,-0.18657,0.79086,298.714,1,1
28_A4,tier0_canopy_top,0,300,1.2,1.9,0.8,0.67125,0.41295,-0.22185,0.81873,298.711,1,1
28_A4,tier0_canopy_top,0,300,1.2,1.95,0.8,0.91821,0.2742,-0.31178,1.0077,298.729,1,1
28_A4,tier0_canopy_top,0,300,1.05,2.0,0.8,0.51241,0.011909,-0.078661,0.51855,298.708,1,1
28_A4,tier0_canopy_top,0,300,1.05,2.05,0.8,0.51101,-0.038628,-0.063779,0.51642,298.725,1,1
28_A4,tier0_canopy_top,0,300,1.0,2.05,0.8,0.45394,-0.021378,-0.040562,0.45625,298.714,1,1
28_A4,tier0_canopy_top,0,300,1.15,2.0,0.8,0.81616,0.012743,-0.19422,0.83904,298.735,1,1
28_A4,tier0_canopy_top,0,300,1.1,2.0,0.8,0.61695,0.013137,-0.12143,0.62892,298.72,1,1
28_A4,tier0_canopy_top,0,300,1.1,2.05,0.8,0.60575,-0.069335,-0.099661,0.6178,298.738,1,1
28_A4,tier0_canopy_top,0,300,1.15,2.05,0.8,0.7829,-0.1302,-0.16034,0.80968,298.754,1,1
28_A4,tier0_canopy_top,0,300,1.2,2.0,0.8,1.0135,0.0082304,-0.33288,1.0668,298.753,1,1
28_A4,tier0_canopy_top,0,300,1.2,2.05,0.8,0.94796,-0.26059,-0.27627,1.0212,298.774,1,1
28_A4,tier0_canopy_top,0,300,1.1,1.6,0.8,0,0,0,0,302,1,1
28_A4,tier0_canopy_top,0,300,1.15,1.6,0.8,0,0,0,0,302,1,1
28_A4,tier0_canopy_top,0,300,1.1,1.65,0.8,0,0,0,0,302,1,1
28_A4,tier0_canopy_top,0,300,-1.15,2.1,0.8,0.72855,0.050024,-0.41656,0.84072,298.684,1,1
28_A4,tier0_canopy_top,0,300,-1.2,2.1,0.8,0.75869,-0.07678,-0.44665,0.88374,298.779,1,1
28_A4,tier0_canopy_top,0,300,-1.2,2.15,0.8,0.015743,-0.068267,-0.2745,0.2833,298.798,1,1
28_A4,tier0_canopy_top,0,300,-1.15,2.15,0.8,0.12097,0.033953,-0.33183,0.35482,298.719,1,1
28_A4,tier0_canopy_top,0,300,-1.05,2.1,0.8,0.67589,0.12266,-0.32787,0.76117,298.577,1,1
28_A4,tier0_canopy_top,0,300,-1.1,2.1,0.8,0.69867,0.10351,-0.3747,0.79954,298.616,1,1
28_A4,tier0_canopy_top,0,300,-1.1,2.15,0.8,0.21214,0.079512,-0.30882,0.38301,298.679,1,1
28_A4,tier0_canopy_top,0,300,-1.05,2.15,0.8,0.28551,0.091558,-0.25981,0.39673,298.67,1,1
28_A4,tier0_canopy_top,0,300,-1.15,2.2,0.8,-0.043609,-0.05161,-0.21717,0.22744,298.855,1,1
28_A4,tier0_canopy_top,0,300,-1.2,2.2,0.8,-0.084481,-0.1612,-0.15479,0.23891,298.886,1,1
28_A4,tier0_canopy_top,0,300,-1.2,2.25,0.8,-0.050167,-0.13013,-0.079919,0.16074,298.972,1,1
28_A4,tier0_canopy_top,0,300,-1.15,2.25,0.8,-0.0665,-0.051875,-0.13567,0.15975,299.001,1,1
28_A4,tier0_canopy_top,0,300,-1.05,2.2,0.8,0.085058,-0.0099484,-0.15297,0.17531,298.785,1,1
28_A4,tier0_canopy_top,0,300,-1.1,2.2,0.8,0.012248,-0.015262,-0.19306,0.19405,298.816,1,1
28_A4,tier0_canopy_top,0,300,-1.1,2.25,0.8,-0.059613,-0.0769,-0.097085,0.13745,298.92,1,1
28_A4,tier0_canopy_top,0,300,-1.05,2.25,0.8,-0.0043598,-0.10148,-0.067667,0.12205,298.841,1,1
28_A4,tier0_canopy_top,0,300,-1.05,2.3,0.8,-0.011958,-0.15428,-0.025675,0.15686,298.847,1,1
28_A4,tier0_canopy_top,0,300,-1.1,2.3,0.8,0,0,0,0,302,1,1
28_A4,tier0_canopy_top,0,300,-1.05,2.35,0.8,0.0088064,-0.16888,-0.00916,0.16936,298.828,1,1
28_A4,tier0_canopy_top,0,300,-1.1,2.35,0.8,0,0,0,0,302,1,1
28_A4,tier0_canopy_top,0,300,-1.2,2.4,0.8,9.0304e-18,2.5749e-17,-4.7628e-18,2.77e-17,302,1,1
28_A4,tier0_canopy_top,0,300,-1.15,2.4,0.8,0,0,0,0,302,1,1
28_A4,tier0_canopy_top,0,300,-1.05,2.4,0.8,0.033404,-0.15835,0.00075736,0.16184,298.795,1,1
28_A4,tier0_canopy_top,0,300,-1.1,2.4,0.8,-1.1201e-17,2.3751e-17,-1.383e-18,2.6296e-17,302,1,1
28_A4,tier0_canopy_top,0,300,-1.15,2.05,0.8,1.4815,-0.073033,-0.46092,1.5533,298.651,1,1
28_A4,tier0_canopy_top,0,300,-1.0,2.1,0.8,0.66045,0.12065,-0.28233,0.72833,298.56,1,1
28_A4,tier0_canopy_top,0,300,-1.0,2.15,0.8,0.34153,0.08703,-0.21489,0.41279,298.667,1,1
28_A4,tier0_canopy_top,0,300,-1.0,2.2,0.8,0.15251,-0.0025426,-0.12467,0.197,298.762,1,1
28_A4,tier0_canopy_top,0,300,-1.2,2.3,0.8,1.1139e-17,2.8895e-17,1.7746e-17,3.5692e-17,302,1,1
28_A4,tier0_canopy_top,0,300,-1.15,2.3,0.8,0,0,0,0,302,1,1
28_A4,tier0_canopy_top,0,300,-1.0,2.25,0.8,0.052716,-0.089019,-0.054087,0.11674,298.796,1,1
28_A4,tier0_canopy_top,0,300,-1.0,2.3,0.8,0.017041,-0.14345,-0.015542,0.14529,298.79,1,1
28_A4,tier0_canopy_top,0,300,-1.2,2.35,0.8,0,0,0,0,302,1,1
28_A4,tier0_canopy_top,0,300,-1.0,2.35,0.8,0.012554,-0.1621,0.00092405,0.16259,298.774,1,1
28_A4,tier0_canopy_top,0,300,-1.0,2.4,0.8,0.019852,-0.15798,0.0079471,0.15942,298.759,1,1
28_A4,tier0_canopy_top,0,300,-0.95,2.1,0.8,0.6435,0.10724,-0.2394,0.69491,298.559,1,1
28_A4,tier0_canopy_top,0,300,-1.0,2.1,0.8,0.66045,0.12065,-0.28233,0.72833,298.56,1,1
28_A4,tier0_canopy_top,0,300,-0.95,2.15,0.8,0.37924,0.076093,-0.1768,0.42529,298.669,1,1
28_A4,tier0_canopy_top,0,300,-0.85,2.1,0.8,0.60597,0.076165,-0.16188,0.63183,298.578,1,1
28_A4,tier0_canopy_top,0,300,-0.9,2.1,0.8,0.62427,0.090947,-0.19842,0.66133,298.566,1,1
28_A4,tier0_canopy_top,0,300,-0.9,2.15,0.8,0.40403,0.064959,-0.14397,0.43381,298.672,1,1
28_A4,tier0_canopy_top,0,300,-0.85,2.15,0.8,0.42178,0.056397,-0.11664,0.44123,298.675,1,1
28_A4,tier0_canopy_top,0,300,-0.75,2.1,0.8,0.57569,0.053566,-0.10931,0.58842,298.602,1,1
28_A4,tier0_canopy_top,0,300,-0.8,2.1,0.8,0.58994,0.063751,-0.13236,0.60796,298.59,1,1
28_A4,tier0_canopy_top,0,300,-0.8,2.15,0.8,0.4353,0.050074,-0.095095,0.44837,298.678,1,1
28_A4,tier0_canopy_top,0,300,-0.75,2.15,0.8,0.44565,0.045363,-0.078238,0.45473,298.68,1,1
28_A4,tier0_canopy_top,0,300,-0.65,2.1,0.8,0.55097,0.039346,-0.076099,0.55759,298.622,1,1
28_A4,tier0_canopy_top,0,300,-0.7,2.1,0.8,0.56275,0.045497,-0.090997,0.57187,298.613,1,1
28_A4,tier0_canopy_top,0,300,-0.7,2.15,0.8,0.45338,0.041992,-0.064676,0.45989,298.682,1,1
28_A4,tier0_canopy_top,0,300,-0.65,2.15,0.8,0.45901,0.039779,-0.053445,0.46382,298.683,1,1
28_A4,tier0_canopy_top,0,300,-0.55,2.1,0.8,0.52982,0.031718,-0.053599,0.53347,298.636,1,1
28_A4,tier0_canopy_top,0,300,-0.6,2.1,0.8,0.54011,0.034842,-0.063814,0.54498,298.63,1,1
28_A4,tier0_canopy_top,0,300,-0.6,2.15,0.8,0.46282,0.038519,-0.044008,0.4665,298.684,1,1
28_A4,tier0_canopy_top,0,300,-0.55,2.15,0.8,0.46498,0.038007,-0.036035,0.46792,298.684,1,1
28_A4,tier0_canopy_top,0,300,-0.45,2.1,0.8,0.51037,0.02859,-0.038043,0.51258,298.645,1,1
28_A4,tier0_canopy_top,0,300,-0.5,2.1,0.8,0.5199,0.029721,-0.045084,0.52269,298.641,1,1
28_A4,tier0_canopy_top,0,300,-0.5,2.15,0.8,0.46567,0.038039,-0.029293,0.46813,298.684,1,1
28_A4,tier0_canopy_top,0,300,-0.45,2.15,0.8,0.46523,0.038412,-0.02363,0.46741,298.684,1,1
28_A4,tier0_canopy_top,0,300,-0.35,2.1,0.8,0.49347,0.027748,-0.026972,0.49498,298.652,1,1
28_A4,tier0_canopy_top,0,300,-0.4,2.1,0.8,0.5015,0.028029,-0.032147,0.50331,298.649,1,1
28_A4,tier0_canopy_top,0,300,-0.4,2.15,0.8,0.46413,0.038877,-0.01878,0.46613,298.685,1,1
28_A4,tier0_canopy_top,0,300,-0.35,2.15,0.8,0.46264,0.039197,-0.014421,0.46452,298.685,1,1
28_A4,tier0_canopy_top,0,300,-0.95,2.2,0.8,0.2064,0.0033545,-0.10373,0.23102,298.749,1,1
28_A4,tier0_canopy_top,0,300,-1.0,2.2,0.8,0.15251,-0.0025426,-0.12467,0.197,298.762,1,1
28_A4,tier0_canopy_top,0,300,-0.95,2.25,0.8,0.10425,-0.070816,-0.046194,0.13423,298.779,1,1
28_A4,tier0_canopy_top,0,300,-0.85,2.2,0.8,0.28343,0.011456,-0.071315,0.29249,298.737,1,1
28_A4,tier0_canopy_top,0,300,-0.9,2.2,0.8,0.24859,0.007336,-0.086204,0.26321,298.742,1,1
28_A4,tier0_canopy_top,0,300,-0.9,2.25,0.8,0.14791,-0.054791,-0.039887,0.1627,298.769,1,1
28_A4,tier0_canopy_top,0,300,-0.85,2.25,0.8,0.18798,-0.039636,-0.034048,0.19511,298.762,1,1
28_A4,tier0_canopy_top,0,300,-0.75,2.2,0.8,0.33761,0.019733,-0.048848,0.3417,298.729,1,1
28_A4,tier0_canopy_top,0,300,-0.8,2.2,0.8,0.31274,0.015653,-0.059043,0.31865,298.732,1,1
28_A4,tier0_canopy_top,0,300,-0.8,2.25,0.8,0.22389,-0.025725,-0.028593,0.22717,298.757,1,1
28_A4,tier0_canopy_top,0,300,-0.75,2.25,0.8,0.25576,-0.013331,-0.023267,0.25716,298.753,1,1
28_A4,tier0_canopy_top,0,300,-0.65,2.2,0.8,0.37602,0.027368,-0.032405,0.37841,298.723,1,1
28_A4,tier0_canopy_top,0,300,-0.7,2.2,0.8,0.35855,0.023636,-0.0401,0.36156,298.726,1,1
28_A4,tier0_canopy_top,0,300,-0.7,2.25,0.8,0.28366,-0.0024581,-0.018031,0.28425,298.749,1,1
28_A4,tier0_canopy_top,0,300,-0.65,2.25,0.8,0.30795,0.0070831,-0.012958,0.3083,298.746,1,1
28_A4,tier0_canopy_top,0,300,-0.55,2.2,0.8,0.40193,0.034247,-0.019622,0.40386,298.718,1,1
28_A4,tier0_canopy_top,0,300,-0.6,2.2,0.8,0.39039,0.030921,-0.025611,0.39245,298.72,1,1
28_A4,tier0_canopy_top,0,300,-0.6,2.25,0.8,0.32886,0.015463,-0.0081934,0.32933,298.743,1,1
28_A4,tier0_canopy_top,0,300,-0.55,2.25,0.8,0.34669,0.022803,-0.0037687,0.34746,298.74,1,1
28_A4,tier0_canopy_top,0,300,-0.45,2.2,0.8,0.41819,0.03998,-0.0097848,0.42021,298.713,1,1
28_A4,tier0_canopy_top,0,300,-0.5,2.2,0.8,0.41103,0.037282,-0.014354,0.41296,298.715,1,1
28_A4,tier0_canopy_top,0,300,-0.5,2.25,0.8,0.36177,0.029123,0.00033176,0.36294,298.737,1,1
28_A4,tier0_canopy_top,0,300,-0.45,2.25,0.8,0.3745,0.034454,0.0039977,0.37611,298.734,1,1
28_A4,tier0_canopy_top,0,300,-0.35,2.2,0.8,0.4285,0.043878,-0.0020228,0.43074,298.71,1,1
28_A4,tier0_canopy_top,0,300,-0.4,2.2,0.8,0.42394,0.042233,-0.0057532,0.42607,298.711,1,1
28_A4,tier0_canopy_top,0,300,-0.4,2.25,0.8,0.38531,0.038822,0.0072744,0.38733,298.732,1,1
28_A4,tier0_canopy_top,0,300,-0.35,2.25,0.8,0.39441,0.042186,0.010311,0.39679,298.73,1,1
28_A4,tier0_canopy_top,0,300,-0.95,2.3,0.8,0.054494,-0.12432,-0.010916,0.13618,298.775,1,1
28_A4,tier0_canopy_top,0,300,-1.0,2.3,0.8,0.017041,-0.14345,-0.015542,0.14529,298.79,1,1
28_A4,tier0_canopy_top,0,300,-0.95,2.35,0.8,0.034988,-0.14955,0.0065397,0.15373,298.761,1,1
28_A4,tier0_canopy_top,0,300,-0.85,2.3,0.8,0.12487,-0.085439,-0.0054869,0.1514,298.766,1,1
28_A4,tier0_canopy_top,0,300,-0.9,2.3,0.8,0.088625,-0.10508,-0.0080694,0.1377,298.769,1,1
28_A4,tier0_canopy_top,0,300,-0.9,2.35,0.8,0.057113,-0.134,0.010177,0.14602,298.757,1,1
28_A4,tier0_canopy_top,0,300,-0.85,2.35,0.8,0.085218,-0.11658,0.013309,0.14502,298.757,1,1
28_A4,tier0_canopy_top,0,300,-0.75,2.3,0.8,0.19414,-0.048159,-0.00039602,0.20002,298.762,1,1
28_A4,tier0_canopy_top,0,300,-0.8,2.3,0.8,0.16036,-0.066198,-0.0030459,0.17352,298.763,1,1
28_A4,tier0_canopy_top,0,300,-0.8,2.35,0.8,0.1158,-0.097836,0.015883,0.15243,298.759,1,1
28_A4,tier0_canopy_top,0,300,-0.75,2.35,0.8,0.1474,-0.078778,0.018176,0.16812,298.761,1,1
28_A4,tier0_canopy_top,0,300,-0.65,2.3,0.8,0.25345,-0.017356,0.0056524,0.25411,298.758,1,1
28_A4,tier0_canopy_top,0,300,-0.7,2.3,0.8,0.22537,-0.031787,0.0025026,0.22761,298.76,1,1
28_A4,tier0_canopy_top,0,300,-0.7,2.35,0.8,0.17855,-0.060282,0.020318,0.18954,298.763,1,1
28_A4,tier0_canopy_top,0,300,-0.65,2.35,0.8,0.20797,-0.043048,0.022423,0.21356,298.764,1,1
28_A4,tier0_canopy_top,0,300,-0.55,2.3,0.8,0.29993,0.0060909,0.011938,0.30023,298.755,1,1
28_A4,tier0_canopy_top,0,300,-0.6,2.3,0.8,0.27823,-0.0048203,0.0088439,0.27841,298.756,1,1
28_A4,tier0_canopy_top,0,300,-0.6,2.35,0.8,0.23495,-0.027477,0.024456,0.23781,298.765,1,1
28_A4,tier0_canopy_top,0,300,-0.55,2.35,0.8,0.25907,-0.013715,0.026414,0.26078,298.765,1,1
28_A4,tier0_canopy_top,0,300,-0.45,2.3,0.8,0.33513,0.023484,0.017551,0.33641,298.751,1,1
28_A4,tier0_canopy_top,0,300,-0.5,2.3,0.8,0.31881,0.015518,0.014885,0.31953,298.753,1,1
28_A4,tier0_canopy_top,0,300,-0.5,2.35,0.8,0.2804,-0.001708,0.028253,0.28183,298.765,1,1
28_A4,tier0_canopy_top,0,300,-0.45,2.35,0.8,0.29917,0.0086032,0.029893,0.30078,298.764,1,1
28_A4,tier0_canopy_top,0,300,-0.35,2.3,0.8,0.36112,0.035271,0.022098,0.36352,298.747,1,1
28_A4,tier0_canopy_top,0,300,-0.4,2.3,0.8,0.34916,0.030044,0.019931,0.35102,298.749,1,1
28_A4,tier0_canopy_top,0,300,-0.4,2.35,0.8,0.31557,0.017277,0.031339,0.31759,298.764,1,1
28_A4,tier0_canopy_top,0,300,-0.35,2.35,0.8,0.3298,0.024407,0.032627,0.3323,298.763,1,1
28_A4,tier0_canopy_top,0,300,-0.95,2.4,0.8,0.026,-0.15381,0.013925,0.15662,298.747,1,1
28_A4,tier0_canopy_top,0,300,-0.85,2.4,0.8,0.055485,-0.13341,0.02305,0.14631,298.744,1,1
28_A4,tier0_canopy_top,0,300,-0.9,2.4,0.8,0.036609,-0.1451,0.018703,0.15081,298.743,1,1
28_A4,tier0_canopy_top,0,300,-0.75,2.4,0.8,0.1078,-0.10222,0.030147,0.15158,298.753,1,1
28_A4,tier0_canopy_top,0,300,-0.8,2.4,0.8,0.079895,-0.11879,0.026829,0.14565,298.748,1,1
28_A4,tier0_canopy_top,0,300,-0.65,2.4,0.8,0.1667,-0.067371,0.035366,0.18324,298.764,1,1
28_A4,tier0_canopy_top,0,300,-0.7,2.4,0.8,0.1372,-0.084802,0.033005,0.16464,298.759,1,1
28_A4,tier0_canopy_top,0,300,-0.55,2.4,0.8,0.22173,-0.035003,0.038842,0.22781,298.771,1,1
28_A4,tier0_canopy_top,0,300,-0.6,2.4,0.8,0.19516,-0.050598,0.03728,0.20503,298.768,1,1
28_A4,tier0_canopy_top,0,300,-0.45,2.4,0.8,0.26763,-0.0085426,0.041156,0.27091,298.774,1,1
28_A4,tier0_canopy_top,0,300,-0.5,2.4,0.8,0.24595,-0.020912,0.040116,0.25007,298.773,1,1
28_A4,tier0_canopy_top,0,300,-0.35,2.4,0.8,0.30383,0.01106,0.04264,0.30701,298.776,1,1
28_A4,tier0_canopy_top,0,300,-0.4,2.4,0.8,0.28687,0.0020852,0.041989,0.28993,298.775,1,1
28_A4,tier0_canopy_top,0,300,-0.9,2.05,0.8,0.86952,0.061273,-0.23723,0.90338,298.43,1,1
28_A4,tier0_canopy_top,0,300,-0.6,2.05,0.8,0.60622,0.017589,-0.084589,0.61235,298.556,1,1
28_A4,tier0_canopy_top,0,300,-0.55,2.05,0.8,0.58287,0.014298,-0.072114,0.58748,298.571,1,1
28_A4,tier0_canopy_top,0,300,-0.45,2.05,0.8,0.54406,0.010939,-0.053,0.54675,298.595,1,1
28_A4,tier0_canopy_top,0,300,-0.25,2.1,0.8,0.47935,0.027234,-0.017795,0.48045,298.657,1,1
28_A4,tier0_canopy_top,0,300,-0.3,2.1,0.8,0.48615,0.027529,-0.022241,0.48743,298.655,1,1
28_A4,tier0_canopy_top,0,300,-0.3,2.15,0.8,0.46085,0.039245,-0.01036,0.46263,298.684,1,1
28_A4,tier0_canopy_top,0,300,-0.25,2.15,0.8,0.45878,0.038975,-0.0064772,0.46048,298.684,1,1
28_A4,tier0_canopy_top,0,300,-0.15,2.1,0.8,0.46669,0.026164,-0.0095774,0.46752,298.66,1,1
28_A4,tier0_canopy_top,0,300,-0.2,2.1,0.8,0.4729,0.026789,-0.013581,0.47386,298.659,1,1
28_A4,tier0_canopy_top,0,300,-0.2,2.15,0.8,0.45638,0.038376,-0.0027518,0.458,298.684,1,1
28_A4,tier0_canopy_top,0,300,-0.15,2.15,0.8,0.45359,0.037466,0.00078653,0.45514,298.684,1,1
28_A4,tier0_canopy_top,0,300,-0.05,2.1,0.8,0.45471,0.024384,-0.0021296,0.45536,298.662,1,1
28_A4,tier0_canopy_top,0,300,-0.1,2.1,0.8,0.46065,0.02536,-0.0057541,0.46138,298.661,1,1
28_A4,tier0_canopy_top,0,300,-0.1,2.15,0.8,0.45038,0.03629,0.0041162,0.45186,298.684,1,1
28_A4,tier0_canopy_top,0,300,-0.05,2.15,0.8,0.44676,0.034895,0.0072046,0.44817,298.684,1,1
28_A4,tier0_canopy_top,0,300,0.05,2.1,0.8,0.44307,0.022018,0.0043793,0.44364,298.664,1,1
28_A4,tier0_canopy_top,0,300,0.0,2.1,0.8,0.44885,0.02326,0.0012577,0.44945,298.663,1,1
28_A4,tier0_canopy_top,0,300,0.0,2.15,0.8,0.44275,0.033351,0.010008,0.44411,298.684,1,1
28_A4,tier0_canopy_top,0,300,0.05,2.15,0.8,0.4384,0.03171,0.012492,0.43972,298.684,1,1
28_A4,tier0_canopy_top,0,300,0.15,2.1,0.8,0.43174,0.019329,0.009523,0.43228,298.665,1,1
28_A4,tier0_canopy_top,0,300,0.1,2.1,0.8,0.43737,0.020693,0.0071633,0.43792,298.664,1,1
28_A4,tier0_canopy_top,0,300,0.1,2.15,0.8,0.4338,0.030006,0.014618,0.43509,298.684,1,1
28_A4,tier0_canopy_top,0,300,0.15,2.15,0.8,0.42905,0.028267,0.016353,0.43029,298.685,1,1
28_A4,tier0_canopy_top,0,300,0.25,2.1,0.8,0.42041,0.016563,0.012846,0.42094,298.668,1,1
28_A4,tier0_canopy_top,0,300,0.2,2.1,0.8,0.42612,0.017944,0.011402,0.42665,298.667,1,1
28_A4,tier0_canopy_top,0,300,0.2,2.15,0.8,0.42416,0.0265,0.017698,0.42536,298.686,1,1
28_A4,tier0_canopy_top,0,300,0.25,2.15,0.8,0.41912,0.024715,0.018724,0.42027,298.688,1,1
28_A4,tier0_canopy_top,0,300,0.35,2.1,0.8,0.40885,0.013967,0.014976,0.40936,298.672,1,1
28_A4,tier0_canopy_top,0,300,0.3,2.1,0.8,0.41463,0.015229,0.014006,0.41515,298.67,1,1
28_A4,tier0_canopy_top,0,300,0.3,2.15,0.8,0.41393,0.022948,0.019531,0.41503,298.689,1,1
28_A4,tier0_canopy_top,0,300,0.35,2.15,0.8,0.40866,0.021223,0.020167,0.40971,298.691,1,1
28_A4,tier0_canopy_top,0,300,-0.25,2.2,0.8,0.43424,0.04515,0.0048639,0.43661,298.707,1,1
28_A4,tier0_canopy_top,0,300,-0.3,2.2,0.8,0.43191,0.044834,0.0015025,0.43423,298.708,1,1
28_A4,tier0_canopy_top,0,300,-0.3,2.25,0.8,0.40177,0.044522,0.013162,0.40445,298.728,1,1
28_A4,tier0_canopy_top,0,300,-0.25,2.25,0.8,0.40747,0.045915,0.015832,0.41035,298.726,1,1
28_A4,tier0_canopy_top,0,300,-0.15,2.2,0.8,0.43588,0.044215,0.011032,0.43826,298.705,1,1
28_A4,tier0_canopy_top,0,300,-0.2,2.2,0.8,0.43556,0.044916,0.0080558,0.43794,298.706,1,1
28_A4,tier0_canopy_top,0,300,-0.2,2.25,0.8,0.41164,0.046522,0.018298,0.41466,298.725,1,1
28_A4,tier0_canopy_top,0,300,-0.15,2.25,0.8,0.41442,0.046491,0.020533,0.41752,298.724,1,1
28_A4,tier0_canopy_top,0,300,-0.05,2.2,0.8,0.43369,0.04176,0.016171,0.436,298.703,1,1
28_A4,tier0_canopy_top,0,300,-0.1,2.2,0.8,0.43522,0.043133,0.013748,0.43757,298.704,1,1
28_A4,tier0_canopy_top,0,300,-0.1,2.25,0.8,0.41596,0.045955,0.022509,0.41909,298.723,1,1
28_A4,tier0_canopy_top,0,300,-0.05,2.25,0.8,0.4164,0.045029,0.024208,0.41952,298.722,1,1
28_A4,tier0_canopy_top,0,300,0.05,2.2,0.8,0.42858,0.03849,0.020075,0.43077,298.703,1,1
28_A4,tier0_canopy_top,0,300,0.0,2.2,0.8,0.43143,0.040189,0.018283,0.43368,298.703,1,1
28_A4,tier0_canopy_top,0,300,0.0,2.25,0.8,0.4159,0.043809,0.02562,0.41899,298.722,1,1
28_A4,tier0_canopy_top,0,300,0.05,2.25,0.8,0.41463,0.042375,0.026746,0.41765,298.722,1,1
28_A4,tier0_canopy_top,0,300,0.15,2.2,0.8,0.42163,0.03485,0.022682,0.42367,298.704,1,1
28_A4,tier0_canopy_top,0,300,0.1,2.2,0.8,0.42527,0.036705,0.021541,0.4274,298.704,1,1
28_A4,tier0_canopy_top,0,300,0.1,2.25,0.8,0.41273,0.040782,0.027595,0.41566,298.723,1,1
28_A4,tier0_canopy_top,0,300,0.15,2.25,0.8,0.41034,0.039058,0.028184,0.41316,298.723,1,1
28_A4,tier0_canopy_top,0,300,0.25,2.2,0.8,0.41352,0.030958,0.024131,0.41538,298.707,1,1
28_A4,tier0_canopy_top,0,300,0.2,2.2,0.8,0.4177,0.032931,0.023525,0.41966,298.705,1,1
28_A4,tier0_canopy_top,0,300,0.2,2.25,0.8,0.40754,0.037217,0.028549,0.41023,298.724,1,1
28_A4,tier0_canopy_top,0,300,0.25,2.25,0.8,0.40438,0.035273,0.028738,0.40693,298.726,1,1
28_A4,tier0_canopy_top,0,300,0.35,2.2,0.8,0.40453,0.026957,0.024848,0.40618,298.71,1,1
28_A4,tier0_canopy_top,0,300,0.3,2.2,0.8,0.40911,0.028961,0.024562,0.41087,298.708,1,1
28_A4,tier0_canopy_top,0,300,0.3,2.25,0.8,0.40089,0.03325,0.028793,0.4033,298.728,1,1
28_A4,tier0_canopy_top,0,300,0.35,2.25,0.8,0.39714,0.031163,0.028735,0.39939,298.73,1,1
28_A4,tier0_canopy_top,0,300,-0.25,2.3,0.8,0.37939,0.042101,0.025887,0.3826,298.744,1,1
28_A4,tier0_canopy_top,0,300,-0.3,2.3,0.8,0.37117,0.039253,0.02408,0.37401,298.746,1,1
28_A4,tier0_canopy_top,0,300,-0.3,2.35,0.8,0.34202,0.030113,0.03376,0.345,298.762,1,1
28_A4,tier0_canopy_top,0,300,-0.25,2.35,0.8,0.35239,0.034538,0.034734,0.35578,298.761,1,1
28_A4,tier0_canopy_top,0,300,-0.15,2.3,0.8,0.39084,0.044994,0.028945,0.39449,298.742,1,1
28_A4,tier0_canopy_top,0,300,-0.2,2.3,0.8,0.3859,0.043961,0.027515,0.38937,298.743,1,1
28_A4,tier0_canopy_top,0,300,-0.2,2.35,0.8,0.36101,0.037831,0.035547,0.36473,298.761,1,1
28_A4,tier0_canopy_top,0,300,-0.15,2.35,0.8,0.36802,0.040149,0.036194,0.37197,298.76,1,1
28_A4,tier0_canopy_top,0,300,-0.05,2.3,0.8,0.3967,0.04519,0.031129,0.40048,298.741,1,1
28_A4,tier0_canopy_top,0,300,-0.1,2.3,0.8,0.39439,0.045357,0.030155,0.39813,298.741,1,1
28_A4,tier0_canopy_top,0,300,-0.1,2.35,0.8,0.37356,0.041647,0.036667,0.37766,298.76,1,1
28_A4,tier0_canopy_top,0,300,-0.05,2.35,0.8,0.37778,0.042471,0.036958,0.38195,298.76,1,1
28_A4,tier0_canopy_top,0,300,0.05,2.3,0.8,0.39831,0.043705,0.03236,0.402,298.741,1,1
28_A4,tier0_canopy_top,0,300,0.0,2.3,0.8,0.39796,0.044608,0.031862,0.40171,298.741,1,1
28_A4,tier0_canopy_top,0,300,0.0,2.35,0.8,0.38086,0.042752,0.037066,0.38504,298.76,1,1
28_A4,tier0_canopy_top,0,300,0.05,2.35,0.8,0.38295,0.042595,0.036996,0.38708,298.76,1,1
28_A4,tier0_canopy_top,0,300,0.15,2.3,0.8,0.39689,0.041181,0.03272,0.40036,298.743,1,1
28_A4,tier0_canopy_top,0,300,0.1,2.3,0.8,0.39791,0.042549,0.032638,0.40151,298.742,1,1
28_A4,tier0_canopy_top,0,300,0.1,2.35,0.8,0.38419,0.042079,0.036768,0.38823,298.761,1,1
28_A4,tier0_canopy_top,0,300,0.15,2.35,0.8,0.3847,0.041259,0.036404,0.38861,298.762,1,1
28_A4,tier0_canopy_top,0,300,0.25,2.3,0.8,0.39334,0.037909,0.032439,0.39649,298.745,1,1
28_A4,tier0_canopy_top,0,300,0.2,2.3,0.8,0.39534,0.039628,0.032641,0.39866,298.744,1,1
28_A4,tier0_canopy_top,0,300,0.2,2.35,0.8,0.38459,0.040172,0.035934,0.38834,298.763,1,1
28_A4,tier0_canopy_top,0,300,0.25,2.35,0.8,0.38392,0.038852,0.03539,0.3875,298.765,1,1
28_A4,tier0_canopy_top,0,300,0.35,2.3,0.8,0.38815,0.034069,0.031774,0.39093,298.749,1,1
28_A4,tier0_canopy_top,0,300,0.3,2.3,0.8,0.39092,0.03605,0.032145,0.39389,298.747,1,1
28_A4,tier0_canopy_top,0,300,0.3,2.35,0.8,0.38275,0.037326,0.034793,0.38614,298.767,1,1
28_A4,tier0_canopy_top,0,300,0.35,2.35,0.8,0.38115,0.035621,0.034156,0.38433,298.769,1,1
28_A4,tier0_canopy_top,0,300,-0.25,2.4,0.8,0.33157,0.024546,0.043458,0.3353,298.777,1,1
28_A4,tier0_canopy_top,0,300,-0.3,2.4,0.8,0.31868,0.018499,0.043128,0.32212,298.776,1,1
28_A4,tier0_canopy_top,0,300,-0.15,2.4,0.8,0.35206,0.033101,0.043634,0.3563,298.777,1,1
28_A4,tier0_canopy_top,0,300,-0.2,2.4,0.8,0.34265,0.029363,0.043627,0.34666,298.777,1,1
28_A4,tier0_canopy_top,0,300,-0.05,2.4,0.8,0.36642,0.037908,0.043185,0.3709,298.777,1,1
28_A4,tier0_canopy_top,0,300,-0.1,2.4,0.8,0.35994,0.035905,0.043484,0.36433,298.777,1,1
28_A4,tier0_canopy_top,0,300,0.05,2.4,0.8,0.37577,0.039992,0.042186,0.38024,298.779,1,1
28_A4,tier0_canopy_top,0,300,0.0,2.4,0.8,0.37165,0.039233,0.042748,0.37615,298.778,1,1
28_A4,tier0_canopy_top,0,300,0.15,2.4,0.8,0.38125,0.040153,0.040758,0.38552,298.781,1,1
28_A4,tier0_canopy_top,0,300,0.1,2.4,0.8,0.37893,0.040275,0.041514,0.38332,298.779,1,1
28_A4,tier0_canopy_top,0,300,0.25,2.4,0.8,0.38376,0.038888,0.039088,0.3877,298.783,1,1
28_A4,tier0_canopy_top,0,300,0.2,2.4,0.8,0.38283,0.039676,0.039941,0.38695,298.782,1,1
28_A4,tier0_canopy_top,0,300,0.35,2.4,0.8,0.38388,0.036526,0.037344,0.38742,298.787,1,1
28_A4,tier0_canopy_top,0,300,0.3,2.4,0.8,0.38409,0.037827,0.03822,0.38783,298.785,1,1
28_A4,tier0_canopy_top,0,300,-0.35,2.1,0.8,0.49347,0.027748,-0.026972,0.49498,298.652,1,1
28_A4,tier0_canopy_top,0,300,-0.2,2.05,0.8,0.48212,0.011028,-0.024023,0.48284,298.628,1,1
28_A4,tier0_canopy_top,0,300,-0.15,2.05,0.8,0.47328,0.011114,-0.01949,0.47381,298.632,1,1
28_A4,tier0_canopy_top,0,300,-0.1,2.05,0.8,0.46499,0.011059,-0.015166,0.46537,298.635,1,1
28_A4,tier0_canopy_top,0,300,-0.05,2.05,0.8,0.45712,0.010844,-0.011059,0.45738,298.637,1,1
28_A4,tier0_canopy_top,0,300,0.0,2.05,0.8,0.44965,0.010451,-0.0071907,0.44982,298.639,1,1
28_A4,tier0_canopy_top,0,300,0.15,2.05,0.8,0.42951,0.0083984,0.0026177,0.4296,298.645,1,1
28_A4,tier0_canopy_top,0,300,0.2,2.05,0.8,0.42334,0.0075816,0.0049771,0.42344,298.646,1,1
28_A4,tier0_canopy_top,0,300,-0.35,2.25,0.8,0.39441,0.042186,0.010311,0.39679,298.73,1,1
28_A4,tier0_canopy_top,0,300,-0.35,2.35,0.8,0.3298,0.024407,0.032627,0.3323,298.763,1,1
28_A4,tier0_canopy_top,0,300,-0.35,2.4,0.8,0.30383,0.01106,0.04264,0.30701,298.776,1,1
28_A4,tier0_canopy_top,0,300,0.45,2.1,0.8,0.39766,0.01163,0.016255,0.39816,298.677,1,1
28_A4,tier0_canopy_top,0,300,0.4,2.1,0.8,0.40317,0.012774,0.015741,0.40368,298.674,1,1
28_A4,tier0_canopy_top,0,300,0.4,2.15,0.8,0.40339,0.019533,0.02062,0.40439,298.693,1,1
28_A4,tier0_canopy_top,0,300,0.45,2.15,0.8,0.3982,0.017845,0.020856,0.39914,298.696,1,1
28_A4,tier0_canopy_top,0,300,0.55,2.1,0.8,0.3876,0.0093521,0.01633,0.38806,298.683,1,1
28_A4,tier0_canopy_top,0,300,0.5,2.1,0.8,0.39243,0.010504,0.016472,0.39292,298.68,1,1
28_A4,tier0_canopy_top,0,300,0.5,2.15,0.8,0.39319,0.016116,0.020837,0.39407,298.699,1,1
28_A4,tier0_canopy_top,0,300,0.55,2.15,0.8,0.38848,0.014274,0.020518,0.38928,298.702,1,1
28_A4,tier0_canopy_top,0,300,0.65,2.1,0.8,0.38001,0.0066281,0.01462,0.38035,298.69,1,1
28_A4,tier0_canopy_top,0,300,0.6,2.1,0.8,0.38338,0.0081,0.015747,0.38378,298.686,1,1
28_A4,tier0_canopy_top,0,300,0.6,2.15,0.8,0.38422,0.012208,0.019836,0.38493,298.705,1,1
28_A4,tier0_canopy_top,0,300,0.65,2.15,0.8,0.38065,0.0097456,0.018721,0.38123,298.709,1,1
28_A4,tier0_canopy_top,0,300,0.75,2.1,0.8,0.37752,0.0021581,0.010195,0.37767,298.698,1,1
28_A4,tier0_canopy_top,0,300,0.7,2.1,0.8,0.37789,0.0047461,0.012823,0.37814,298.694,1,1
28_A4,tier0_canopy_top,0,300,0.7,2.15,0.8,0.37804,0.0066189,0.017087,0.37849,298.712,1,1
28_A4,tier0_canopy_top,0,300,0.75,2.15,0.8,0.3768,0.0024237,0.01484,0.3771,298.717,1,1
28_A4,tier0_canopy_top,0,300,0.85,2.1,0.8,0.38522,-0.007214,0.0015741,0.38529,298.708,1,1
28_A4,tier0_canopy_top,0,300,0.8,2.1,0.8,0.37963,-0.0015941,0.0065323,0.37969,298.703,1,1
28_A4,tier0_canopy_top,0,300,0.8,2.15,0.8,0.37748,-0.0034438,0.011876,0.37768,298.721,1,1
28_A4,tier0_canopy_top,0,300,0.85,2.15,0.8,0.38082,-0.011865,0.0080954,0.38109,298.727,1,1
28_A4,tier0_canopy_top,0,300,0.95,2.1,0.8,0.41348,-0.028574,-0.013723,0.4147,298.722,1,1
28_A4,tier0_canopy_top,0,300,0.9,2.1,0.8,0.39577,-0.015729,-0.0050175,0.39611,298.714,1,1
28_A4,tier0_canopy_top,0,300,0.9,2.15,0.8,0.38788,-0.024079,0.003406,0.38865,298.733,1,1
28_A4,tier0_canopy_top,0,300,0.95,2.15,0.8,0.40014,-0.04164,-0.0022713,0.40231,298.74,1,1
28_A4,tier0_canopy_top,0,300,0.45,2.2,0.8,0.39512,0.022876,0.024934,0.39657,298.715,1,1
28_A4,tier0_canopy_top,0,300,0.4,2.2,0.8,0.39983,0.024939,0.024979,0.40139,298.712,1,1
28_A4,tier0_canopy_top,0,300,0.4,2.25,0.8,0.39318,0.02901,0.028559,0.39528,298.732,1,1
28_A4,tier0_canopy_top,0,300,0.45,2.25,0.8,0.38908,0.026767,0.028251,0.39102,298.734,1,1
28_A4,tier0_canopy_top,0,300,0.55,2.2,0.8,0.38597,0.018379,0.0242,0.38716,298.721,1,1
28_A4,tier0_canopy_top,0,300,0.5,2.2,0.8,0.39046,0.020717,0.024686,0.39179,298.718,1,1
28_A4,tier0_canopy_top,0,300,0.5,2.25,0.8,0.38492,0.024384,0.027791,0.38669,298.737,1,1
28_A4,tier0_canopy_top,0,300,0.55,2.25,0.8,0.38077,0.021781,0.027158,0.38236,298.74,1,1
28_A4,tier0_canopy_top,0,300,0.65,2.2,0.8,0.37796,0.012567,0.022354,0.37883,298.728,1,1
28_A4,tier0_canopy_top,0,300,0.6,2.2,0.8,0.38175,0.015731,0.023437,0.38279,298.724,1,1
28_A4,tier0_canopy_top,0,300,0.6,2.25,0.8,0.3767,0.018827,0.02633,0.37809,298.744,1,1
28_A4,tier0_canopy_top,0,300,0.65,2.25,0.8,0.37278,0.015316,0.025287,0.37395,298.747,1,1
28_A4,tier0_canopy_top,0,300,0.75,2.2,0.8,0.37245,0.003287,0.019053,0.37295,298.736,1,1
28_A4,tier0_canopy_top,0,300,0.7,2.2,0.8,0.37478,0.0085771,0.020904,0.37546,298.732,1,1
28_A4,tier0_canopy_top,0,300,0.7,2.25,0.8,0.36906,0.010936,0.024016,0.37,298.751,1,1
28_A4,tier0_canopy_top,0,300,0.75,2.25,0.8,0.36559,0.0052036,0.022529,0.36632,298.755,1,1
28_A4,tier0_canopy_top,0,300,0.85,2.2,0.8,0.37172,-0.014358,0.014143,0.37226,298.746,1,1
28_A4,tier0_canopy_top,0,300,0.8,2.2,0.8,0.37127,-0.0040139,0.016788,0.37167,298.741,1,1
28_A4,tier0_canopy_top,0,300,0.8,2.25,0.8,0.36238,-0.0026331,0.020876,0.36299,298.76,1,1
28_A4,tier0_canopy_top,0,300,0.85,2.25,0.8,0.35949,-0.013746,0.019186,0.36026,298.766,1,1
28_A4,tier0_canopy_top,0,300,0.95,2.2,0.8,0.38085,-0.050265,0.0084155,0.38425,298.76,1,1
28_A4,tier0_canopy_top,0,300,0.9,2.2,0.8,0.37453,-0.029195,0.011253,0.37583,298.752,1,1
28_A4,tier0_canopy_top,0,300,0.9,2.25,0.8,0.35709,-0.029919,0.017754,0.35878,298.772,1,1
28_A4,tier0_canopy_top,0,300,0.95,2.25,0.8,0.35598,-0.053669,0.017174,0.36042,298.78,1,1
28_A4,tier0_canopy_top,0,300,0.45,2.3,0.8,0.38177,0.029742,0.030785,0.38416,298.754,1,1
28_A4,tier0_canopy_top,0,300,0.4,2.3,0.8,0.38508,0.031972,0.031323,0.38767,298.752,1,1
28_A4,tier0_canopy_top,0,300,0.4,2.35,0.8,0.37916,0.033748,0.033479,0.38212,298.771,1,1
28_A4,tier0_canopy_top,0,300,0.45,2.35,0.8,0.37684,0.031706,0.032757,0.37958,298.774,1,1
28_A4,tier0_canopy_top,0,300,0.55,2.3,0.8,0.37465,0.024707,0.029397,0.37661,298.76,1,1
28_A4,tier0_canopy_top,0,300,0.5,2.3,0.8,0.37828,0.027343,0.030147,0.38046,298.757,1,1
28_A4,tier0_canopy_top,0,300,0.5,2.35,0.8,0.37423,0.029474,0.031984,0.37675,298.776,1,1
28_A4,tier0_canopy_top,0,300,0.55,2.35,0.8,0.37136,0.027011,0.031153,0.37364,298.779,1,1
28_A4,tier0_canopy_top,0,300,0.65,2.3,0.8,0.36705,0.018234,0.027526,0.36853,298.767,1,1
28_A4,tier0_canopy_top,0,300,0.6,2.3,0.8,0.37091,0.021727,0.028524,0.37264,298.763,1,1
28_A4,tier0_canopy_top,0,300,0.6,2.35,0.8,0.36823,0.024247,0.03026,0.37027,298.783,1,1
28_A4,tier0_canopy_top,0,300,0.65,2.35,0.8,0.36479,0.021082,0.029311,0.36657,298.786,1,1
28_A4,tier0_canopy_top,0,300,0.75,2.3,0.8,0.35863,0.0085469,0.025225,0.35962,298.775,1,1
28_A4,tier0_canopy_top,0,300,0.7,2.3,0.8,0.36301,0.013973,0.026414,0.36424,298.771,1,1
28_A4,tier0_canopy_top,0,300,0.7,2.35,0.8,0.36089,0.017372,0.028326,0.36241,298.79,1,1
28_A4,tier0_canopy_top,0,300,0.75,2.35,0.8,0.35624,0.012921,0.02735,0.35752,298.794,1,1
28_A4,tier0_canopy_top,0,300,0.85,2.3,0.8,0.34716,-0.0087062,0.023062,0.34804,298.785,1,1
28_A4,tier0_canopy_top,0,300,0.8,2.3,0.8,0.35355,0.0013327,0.024049,0.35437,298.78,1,1
28_A4,tier0_canopy_top,0,300,0.8,2.35,0.8,0.35026,0.0074631,0.026475,0.35134,298.798,1,1
28_A4,tier0_canopy_top,0,300,0.85,2.35,0.8,0.34186,0.00065408,0.02587,0.34284,298.803,1,1
28_A4,tier0_canopy_top,0,300,0.95,2.3,0.8,0.32493,-0.045214,0.023344,0.32889,298.799,1,1
28_A4,tier0_canopy_top,0,300,0.9,2.3,0.8,0.33833,-0.023291,0.022614,0.33988,298.791,1,1
28_A4,tier0_canopy_top,0,300,0.9,2.35,0.8,0.32883,-0.007946,0.025824,0.32994,298.809,1,1
28_A4,tier0_canopy_top,0,300,0.95,2.35,0.8,0.30626,-0.01873,0.026766,0.308,298.816,1,1
28_A4,tier0_canopy_top,0,300,0.45,2.4,0.8,0.38212,0.03328,0.035582,0.38521,298.792,1,1
28_A4,tier0_canopy_top,0,300,0.4,2.4,0.8,0.38321,0.035006,0.036466,0.38653,298.789,1,1
28_A4,tier0_canopy_top,0,300,0.55,2.4,0.8,0.37881,0.029195,0.033786,0.38143,298.797,1,1
28_A4,tier0_canopy_top,0,300,0.5,2.4,0.8,0.38064,0.031348,0.03469,0.3835,298.794,1,1
28_A4,tier0_canopy_top,0,300,0.65,2.4,0.8,0.37399,0.024124,0.031945,0.37612,298.803,1,1
28_A4,tier0_canopy_top,0,300,0.6,2.4,0.8,0.37661,0.026797,0.032869,0.37899,298.8,1,1
28_A4,tier0_canopy_top,0,300,0.75,2.4,0.8,0.36682,0.017883,0.030165,0.36849,298.81,1,1
28_A4,tier0_canopy_top,0,300,0.7,2.4,0.8,0.37081,0.02115,0.031031,0.37271,298.806,1,1
28_A4,tier0_canopy_top,0,300,0.85,2.4,0.8,0.35416,0.011175,0.028906,0.35552,298.818,1,1
28_A4,tier0_canopy_top,0,300,0.8,2.4,0.8,0.36154,0.014436,0.029416,0.36302,298.814,1,1
28_A4,tier0_canopy_top,0,300,0.95,2.4,0.8,0.3263,0.010204,0.029455,0.32778,298.828,1,1
28_A4,tier0_canopy_top,0,300,0.9,2.4,0.8,0.34328,0.0090404,0.028838,0.34461,298.823,1,1
28_A4,tier0_canopy_top,0,300,0.4,2.05,0.8,0.39921,0.0048441,0.010745,0.39938,298.655,1,1
28_A4,tier0_canopy_top,0,300,0.6,2.05,0.8,0.37923,0.003325,0.011575,0.37943,298.668,1,1
28_A4,tier0_canopy_top,0,300,0.65,2.05,0.8,0.37602,0.003023,0.010467,0.37617,298.672,1,1
28_A4,tier0_canopy_top,0,300,0.8,2.05,0.8,0.3772,0.00074646,0.0013524,0.3772,298.685,1,1
28_A4,tier0_canopy_top,0,300,0.95,2.05,0.8,0.41864,-0.011201,-0.024462,0.41951,298.705,1,1
28_A4,tier0_canopy_top,0,300,1.0,2.1,0.8,0.44142,-0.047843,-0.025312,0.44473,298.731,1,1
28_A4,tier0_canopy_top,0,300,0.35,2.15,0.8,0.40866,0.021223,0.020167,0.40971,298.691,1,1
28_A4,tier0_canopy_top,0,300,0.35,2.2,0.8,0.40453,0.026957,0.024848,0.40618,298.71,1,1
28_A4,tier0_canopy_top,0,300,1.0,2.15,0.8,0.41916,-0.066154,-0.0090737,0.42445,298.749,1,1
28_A4,tier0_canopy_top,0,300,1.0,2.2,0.8,0.39194,-0.078764,0.0059954,0.39982,298.769,1,1
28_A4,tier0_canopy_top,0,300,1.0,2.25,0.8,0.35836,-0.088206,0.018187,0.3695,298.791,1,1
28_A4,tier0_canopy_top,0,300,1.0,2.3,0.8,0.30391,-0.07988,0.025932,0.3153,298.81,1,1
28_A4,tier0_canopy_top,0,300,0.35,2.35,0.8,0.38115,0.035621,0.034156,0.38433,298.769,1,1
28_A4,tier0_canopy_top,0,300,0.35,2.4,0.8,0.38388,0.036526,0.037344,0.38742,298.787,1,1
28_A4,tier0_canopy_top,0,300,1.0,2.35,0.8,0.26503,-0.031539,0.028867,0.26846,298.826,1,1
28_A4,tier0_canopy_top,0,300,1.0,2.4,0.8,0.29974,0.020398,0.030535,0.30199,298.836,1,1
28_A4,tier0_canopy_top,0,300,1.05,2.1,0.8,0.48405,-0.077171,-0.04133,0.4919,298.741,1,1
28_A4,tier0_canopy_top,0,300,1.0,2.1,0.8,0.44142,-0.047843,-0.025312,0.44473,298.731,1,1
28_A4,tier0_canopy_top,0,300,1.05,2.15,0.8,0.44695,-0.099366,-0.017752,0.45821,298.76,1,1
28_A4,tier0_canopy_top,0,300,1.15,2.1,0.8,0.64774,-0.21068,-0.10443,0.6891,298.771,1,1
28_A4,tier0_canopy_top,0,300,1.1,2.1,0.8,0.54755,-0.1235,-0.065416,0.5651,298.754,1,1
28_A4,tier0_canopy_top,0,300,1.1,2.15,0.8,0.4806,-0.14039,-0.031044,0.50164,298.774,1,1
28_A4,tier0_canopy_top,0,300,1.15,2.15,0.8,0.50785,-0.20795,-0.052122,0.55125,298.791,1,1
28_A4,tier0_canopy_top,0,300,1.2,2.1,0.8,0.71608,-0.40367,-0.17307,0.84004,298.793,1,1
28_A4,tier0_canopy_top,0,300,1.2,2.15,0.8,0.49405,-0.35259,-0.082184,0.61251,298.815,1,1
28_A4,tier0_canopy_top,0,300,1.05,2.2,0.8,0.41091,-0.114,0.0036571,0.42644,298.783,1,1
28_A4,tier0_canopy_top,0,300,1.0,2.2,0.8,0.39194,-0.078764,0.0059954,0.39982,298.769,1,1
28_A4,tier0_canopy_top,0,300,1.05,2.25,0.8,0.37176,-0.14187,0.020852,0.39846,298.811,1,1
28_A4,tier0_canopy_top,0,300,1.15,2.2,0.8,0.43068,-0.15319,-0.014439,0.45734,298.819,1,1
28_A4,tier0_canopy_top,0,300,1.1,2.2,0.8,0.43225,-0.13301,-0.0022386,0.45226,298.8,1,1
28_A4,tier0_canopy_top,0,300,1.1,2.25,0.8,0.39658,-0.15113,0.019798,0.42486,298.839,1,1
28_A4,tier0_canopy_top,0,300,1.15,2.25,0.8,0.37541,-0.12252,0.011172,0.39506,298.87,1,1
28_A4,tier0_canopy_top,0,300,1.2,2.2,0.8,0.38701,-0.21709,-0.029952,0.44475,298.846,1,1
28_A4,tier0_canopy_top,0,300,1.2,2.25,0.8,0.29444,-0.13131,0.0010354,0.3224,298.9,1,1
28_A4,tier0_canopy_top,0,300,1.05,2.3,0.8,0.28272,-0.15257,0.030781,0.32273,298.844,1,1
28_A4,tier0_canopy_top,0,300,1.05,2.35,0.8,0.20975,-0.044512,0.0321,0.21681,298.867,1,1
28_A4,tier0_canopy_top,0,300,1.0,2.35,0.8,0.26503,-0.031539,0.028867,0.26846,298.826,1,1
28_A4,tier0_canopy_top,0,300,1.2,2.3,0.8,0,0,0,0,302,1,1
28_A4,tier0_canopy_top,0,300,1.2,2.35,0.8,0,0,0,0,302,1,1
28_A4,tier0_canopy_top,0,300,1.05,2.4,0.8,0.2711,0.066132,0.030317,0.28069,298.864,1,1
28_A4,tier0_canopy_top,0,300,1.1,2.4,0.8,8.6737e-17,5.03e-18,2.053e-18,8.6907e-17,302,1,1
28_A4,tier0_canopy_top,0,300,1.15,2.4,0.8,0,0,0,0,302,1,1
28_A4,tier0_canopy_top,0,300,1.2,2.4,0.8,-8.5762e-17,2.8909e-18,-1.0442e-18,8.5817e-17,302,1,1
28_A4,tier0_canopy_top,0,300,1.1,2.05,0.8,0.60575,-0.069335,-0.099661,0.6178,298.738,1,1
28_A4,tier0_canopy_top,0,300,1.15,2.05,0.8,0.7829,-0.1302,-0.16034,0.80968,298.754,1,1
28_A4,tier0_canopy_top,0,300,1.1,2.3,0.8,-8.8059e-17,3.3557e-17,-4.396e-18,9.4338e-17,302,1,1
28_A4,tier0_canopy_top,0,300,1.15,2.3,0.8,-8.3358e-17,2.7206e-17,-2.4807e-18,8.7721e-17,302,1,1
28_A4,tier0_canopy_top,0,300,1.1,2.35,0.8,0,0,0,0,302,1,1
28_A4,tier1_canopy_mid,1,300,-1.2,1.6,1.475,0,0,0,0,302,1,1
28_A4,tier1_canopy_mid,1,300,-1.15,1.6,1.475,0,0,0,0,302,1,1
28_A4,tier1_canopy_mid,1,300,-1.1,1.6,1.475,0,0,0,0,302,1,1
28_A4,tier1_canopy_mid,1,300,-1.05,1.6,1.475,0.10452,-0.18194,-0.1394,0.25191,298.526,1,1
28_A4,tier1_canopy_mid,1,300,-1.0,1.6,1.475,0.20029,-0.29141,-0.089752,0.36481,298.373,1,1
28_A4,tier1_canopy_mid,1,300,-1.2,1.65,1.475,0,0,0,0,302,1,1
28_A4,tier1_canopy_mid,1,300,-1.2,1.7,1.475,0,0,0,0,302,1,1
28_A4,tier1_canopy_mid,1,300,-1.05,1.65,1.475,0.21885,-0.2944,-0.13419,0.39061,298.336,1,1
28_A4,tier1_canopy_mid,1,300,-1.1,1.65,1.475,0,0,0,0,302,1,1
28_A4,tier1_canopy_mid,1,300,-1.0,1.65,1.475,0.31264,-0.36656,-0.072009,0.48713,298.209,1,1
28_A4,tier1_canopy_mid,1,300,-1.05,1.7,1.475,0.37918,-0.40627,-0.097125,0.56415,298.109,1,1
28_A4,tier1_canopy_mid,1,300,-1.1,1.7,1.475,0,0,0,0,302,1,1
28_A4,tier1_canopy_mid,1,300,-1.0,1.7,1.475,0.47125,-0.43821,-0.071174,0.64743,298.029,1,1
28_A4,tier1_canopy_mid,1,300,-1.2,1.75,1.475,-0.099222,-0.035702,-0.1478,0.18157,298.342,1,1
28_A4,tier1_canopy_mid,1,300,-1.2,1.8,1.475,0.10324,-0.11735,-0.33544,0.37006,298.111,1,1
28_A4,tier1_canopy_mid,1,300,-1.15,1.75,1.475,0.15021,-0.25873,-0.068669,0.30695,298.11,1,1
28_A4,tier1_canopy_mid,1,300,-1.15,1.7,1.475,0,0,0,0,302,1,1
28_A4,tier1_canopy_mid,1,300,-1.1,1.75,1.475,0.40557,-0.39849,-0.072197,0.57314,297.975,1,1
28_A4,tier1_canopy_mid,1,300,-1.15,1.8,1.475,0.39071,-0.38919,-0.27628,0.61681,297.879,1,1
28_A4,tier1_canopy_mid,1,300,-1.1,1.8,1.475,0.62901,-0.50527,-0.22146,0.83666,297.75,1,1
28_A4,tier1_canopy_mid,1,300,-1.05,1.75,1.475,0.55459,-0.47579,-0.10233,0.73785,297.904,1,1
28_A4,tier1_canopy_mid,1,300,-1.0,1.75,1.475,0.66506,-0.49903,-0.095849,0.83697,297.845,1,1
28_A4,tier1_canopy_mid,1,300,-1.05,1.8,1.475,0.80111,-0.55059,-0.18368,0.98927,297.678,1,1
28_A4,tier1_canopy_mid,1,300,-1.0,1.8,1.475,0.91887,-0.5531,-0.1512,1.0831,297.634,1,1
28_A4,tier1_canopy_mid,1,300,-1.2,1.85,1.475,0.57075,-0.37862,-0.53651,0.87002,297.641,1,1
28_A4,tier1_canopy_mid,1,300,-1.2,1.9,1.475,1.5461,-0.42943,-0.86013,1.8206,297.058,1,1
28_A4,tier1_canopy_mid,1,300,-1.15,1.85,1.475,0.85982,-0.58635,-0.44479,1.1318,297.484,1,1
28_A4,tier1_canopy_mid,1,300,-1.1,1.85,1.475,1.071,-0.62714,-0.35019,1.2896,297.415,1,1
28_A4,tier1_canopy_mid,1,300,-1.15,1.9,1.475,1.6623,-0.57106,-0.67242,1.8818,297.032,1,1
28_A4,tier1_canopy_mid,1,300,-1.1,1.9,1.475,1.7468,-0.58172,-0.51398,1.9115,297.042,1,1
28_A4,tier1_canopy_mid,1,300,-1.05,1.85,1.475,1.2063,-0.61141,-0.27835,1.3808,297.387,1,1
28_A4,tier1_canopy_mid,1,300,-1.0,1.85,1.475,1.2817,-0.57642,-0.22342,1.423,297.382,1,1
28_A4,tier1_canopy_mid,1,300,-1.05,1.9,1.475,1.7689,-0.54807,-0.40065,1.8947,297.072,1,1
28_A4,tier1_canopy_mid,1,300,-1.0,1.9,1.475,1.7487,-0.50297,-0.31748,1.8471,297.114,1,1
28_A4,tier1_canopy_mid,1,300,-1.2,1.95,1.475,2.4226,-0.27048,-1.1398,2.6909,296.604,1,1
28_A4,tier1_canopy_mid,1,300,-1.2,2.0,1.475,2.6025,-0.14561,-1.1625,2.854,296.737,1,1
28_A4,tier1_canopy_mid,1,300,-1.15,1.95,1.475,2.403,-0.35884,-0.86412,2.5788,296.667,1,1
28_A4,tier1_canopy_mid,1,300,-1.1,1.95,1.475,2.372,-0.37018,-0.65272,2.4879,296.738,1,1
28_A4,tier1_canopy_mid,1,300,-1.15,2.0,1.475,2.5895,-0.10666,-0.88841,2.7398,296.782,1,1
28_A4,tier1_canopy_mid,1,300,-1.1,2.0,1.475,2.5441,-0.086136,-0.67717,2.6341,296.843,1,1
28_A4,tier1_canopy_mid,1,300,-1.05,1.95,1.475,2.2859,-0.35102,-0.50902,2.3681,296.817,1,1
28_A4,tier1_canopy_mid,1,300,-1.0,1.95,1.475,2.1719,-0.32288,-0.40597,2.233,296.902,1,1
28_A4,tier1_canopy_mid,1,300,-1.05,2.0,1.475,2.432,-0.073845,-0.534,2.491,296.918,1,1
28_A4,tier1_canopy_mid,1,300,-1.0,2.0,1.475,2.288,-0.065049,-0.43043,2.329,297.003,1,1
28_A4,tier1_canopy_mid,1,300,-1.2,2.05,1.475,2.2526,-0.007592,-0.9924,2.4615,297.409,1,1
28_A4,tier1_canopy_mid,1,300,-1.15,2.05,1.475,2.2173,0.14491,-0.77582,2.3536,297.374,1,1
28_A4,tier1_canopy_mid,1,300,-1.1,2.05,1.475,2.1746,0.19503,-0.59297,2.2624,297.378,1,1
28_A4,tier1_canopy_mid,1,300,-1.05,2.05,1.475,2.0858,0.20053,-0.46262,2.1459,297.407,1,1
28_A4,tier1_canopy_mid,1,300,-1.0,2.05,1.475,1.9728,0.19056,-0.36634,2.0156,297.451,1,1
28_A4,tier1_canopy_mid,1,300,-0.95,1.6,1.475,0.29812,-0.34696,-0.066817,0.4623,298.272,1,1
28_A4,tier1_canopy_mid,1,300,-0.9,1.6,1.475,0.37587,-0.37475,-0.054278,0.53354,298.201,1,1
28_A4,tier1_canopy_mid,1,300,-0.85,1.6,1.475,0.43722,-0.3875,-0.045544,0.586,298.148,1,1
28_A4,tier1_canopy_mid,1,300,-0.8,1.6,1.475,0.48715,-0.39329,-0.037979,0.62724,298.106,1,1
28_A4,tier1_canopy_mid,1,300,-0.75,1.6,1.475,0.52864,-0.39425,-0.031617,0.66022,298.073,1,1
28_A4,tier1_canopy_mid,1,300,-0.7,1.6,1.475,0.56259,-0.39083,-0.026495,0.68554,298.046,1,1
28_A4,tier1_canopy_mid,1,300,-0.65,1.6,1.475,0.58944,-0.38419,-0.022351,0.70394,298.025,1,1
28_A4,tier1_canopy_mid,1,300,-0.6,1.6,1.475,0.60984,-0.3753,-0.018904,0.71632,298.01,1,1
28_A4,tier1_canopy_mid,1,300,-0.55,1.6,1.475,0.62453,-0.3648,-0.015984,0.72345,298,1,1
28_A4,tier1_canopy_mid,1,300,-0.5,1.6,1.475,0.6342,-0.35318,-0.013483,0.72604,297.994,1,1
28_A4,tier1_canopy_mid,1,300,-0.45,1.6,1.475,0.63952,-0.34086,-0.011307,0.72478,297.992,1,1
28_A4,tier1_canopy_mid,1,300,-0.4,1.6,1.475,0.64111,-0.32819,-0.0093605,0.72029,297.992,1,1
28_A4,tier1_canopy_mid,1,300,-0.35,1.6,1.475,0.63951,-0.3154,-0.007551,0.7131,297.995,1,1
28_A4,tier1_canopy_mid,1,300,-0.95,1.65,1.475,0.41738,-0.40344,-0.049871,0.58263,298.126,1,1
28_A4,tier1_canopy_mid,1,300,-0.9,1.65,1.475,0.49481,-0.41578,-0.042417,0.64769,298.068,1,1
28_A4,tier1_canopy_mid,1,300,-0.95,1.7,1.475,0.56944,-0.45512,-0.057755,0.73125,297.97,1,1
28_A4,tier1_canopy_mid,1,300,-0.9,1.7,1.475,0.64162,-0.45322,-0.057587,0.78766,297.927,1,1
28_A4,tier1_canopy_mid,1,300,-0.85,1.65,1.475,0.55027,-0.41575,-0.036842,0.69065,298.026,1,1
28_A4,tier1_canopy_mid,1,300,-0.8,1.65,1.475,0.59375,-0.41413,-0.029033,0.72449,297.993,1,1
28_A4,tier1_canopy_mid,1,300,-0.85,1.7,1.475,0.68618,-0.44102,-0.053472,0.81743,297.895,1,1
28_A4,tier1_canopy_mid,1,300,-0.8,1.7,1.475,0.71952,-0.43136,-0.039145,0.83983,297.872,1,1
28_A4,tier1_canopy_mid,1,300,-0.75,1.65,1.475,0.63028,-0.41015,-0.022219,0.75231,297.967,1,1
28_A4,tier1_canopy_mid,1,300,-0.7,1.65,1.475,0.65926,-0.40168,-0.017121,0.77218,297.947,1,1
28_A4,tier1_canopy_mid,1,300,-0.75,1.7,1.475,0.75036,-0.42194,-0.027899,0.86131,297.856,1,1
28_A4,tier1_canopy_mid,1,300,-0.7,1.7,1.475,0.77399,-0.40814,-0.020479,0.87525,297.846,1,1
28_A4,tier1_canopy_mid,1,300,-0.65,1.65,1.475,0.68026,-0.39005,-0.013171,0.78426,297.934,1,1
28_A4,tier1_canopy_mid,1,300,-0.6,1.65,1.475,0.69423,-0.37666,-0.0098534,0.78989,297.925,1,1
28_A4,tier1_canopy_mid,1,300,-0.65,1.7,1.475,0.78812,-0.39141,-0.015264,0.88009,297.84,1,1
28_A4,tier1_canopy_mid,1,300,-0.6,1.7,1.475,0.79432,-0.37345,-0.01103,0.8778,297.84,1,1
28_A4,tier1_canopy_mid,1,300,-0.55,1.65,1.475,0.70227,-0.36223,-0.0070213,0.79022,297.922,1,1
28_A4,tier1_canopy_mid,1,300,-0.5,1.65,1.475,0.7053,-0.34723,-0.0046436,0.78615,297.922,1,1
28_A4,tier1_canopy_mid,1,300,-0.55,1.7,1.475,0.79445,-0.35513,-0.0074625,0.87024,297.843,1,1
28_A4,tier1_canopy_mid,1,300,-0.5,1.7,1.475,0.78969,-0.33687,-0.0045151,0.85855,297.85,1,1
28_A4,tier1_canopy_mid,1,300,-0.45,1.65,1.475,0.70408,-0.33205,-0.0026591,0.77846,297.925,1,1
28_A4,tier1_canopy_mid,1,300,-0.4,1.65,1.475,0.69933,-0.31699,-0.00096078,0.76782,297.931,1,1
28_A4,tier1_canopy_mid,1,300,-0.45,1.7,1.475,0.78092,-0.31899,-0.0021014,0.84356,297.86,1,1
28_A4,tier1_canopy_mid,1,300,-0.4,1.7,1.475,0.76895,-0.3018,-7.243e-05,0.82605,297.872,1,1
28_A4,tier1_canopy_mid,1,300,-0.35,1.65,1.475,0.69163,-0.30227,0.00057403,0.7548,297.939,1,1
28_A4,tier1_canopy_mid,1,300,-0.35,1.7,1.475,0.75449,-0.28543,0.0017372,0.80668,297.887,1,1
28_A4,tier1_canopy_mid,1,300,-0.95,1.75,1.475,0.75711,-0.50198,-0.083648,0.91225,297.802,1,1
28_A4,tier1_canopy_mid,1,300,-0.9,1.75,1.475,0.82147,-0.48959,-0.084893,0.96006,297.773,1,1
28_A4,tier1_canopy_mid,1,300,-0.95,1.8,1.475,0.99843,-0.53608,-0.12477,1.1401,297.61,1,1
28_A4,tier1_canopy_mid,1,300,-0.9,1.8,1.475,1.0451,-0.50922,-0.11148,1.1679,297.601,1,1
28_A4,tier1_canopy_mid,1,300,-0.85,1.75,1.475,0.8538,-0.46835,-0.081184,0.9772,297.755,1,1
28_A4,tier1_canopy_mid,1,300,-0.8,1.75,1.475,0.87322,-0.44759,-0.060108,0.98309,297.745,1,1
28_A4,tier1_canopy_mid,1,300,-0.85,1.8,1.475,1.0613,-0.47839,-0.10007,1.1684,297.602,1,1
28_A4,tier1_canopy_mid,1,300,-0.8,1.8,1.475,1.0623,-0.44755,-0.078459,1.1554,297.611,1,1
28_A4,tier1_canopy_mid,1,300,-0.75,1.75,1.475,0.89234,-0.42782,-0.041745,0.99048,297.742,1,1
28_A4,tier1_canopy_mid,1,300,-0.7,1.75,1.475,0.90517,-0.40624,-0.030333,0.99261,297.743,1,1
28_A4,tier1_canopy_mid,1,300,-0.75,1.8,1.475,1.0601,-0.41769,-0.057622,1.1409,297.623,1,1
28_A4,tier1_canopy_mid,1,300,-0.7,1.8,1.475,1.0528,-0.38874,-0.043452,1.1231,297.639,1,1
28_A4,tier1_canopy_mid,1,300,-0.65,1.75,1.475,0.908,-0.38357,-0.022806,0.98596,297.748,1,1
28_A4,tier1_canopy_mid,1,300,-0.6,1.75,1.475,0.90282,-0.36091,-0.017006,0.97243,297.757,1,1
28_A4,tier1_canopy_mid,1,300,-0.65,1.8,1.475,1.0376,-0.3609,-0.033622,1.0991,297.658,1,1
28_A4,tier1_canopy_mid,1,300,-0.6,1.8,1.475,1.0164,-0.33464,-0.026016,1.0704,297.679,1,1
28_A4,tier1_canopy_mid,1,300,-0.55,1.75,1.475,0.89204,-0.3389,-0.012253,0.95433,297.77,1,1
28_A4,tier1_canopy_mid,1,300,-0.5,1.75,1.475,0.87707,-0.31777,-0.0083973,0.9329,297.785,1,1
28_A4,tier1_canopy_mid,1,300,-0.55,1.8,1.475,0.99131,-0.31015,-0.019824,1.0389,297.703,1,1
28_A4,tier1_canopy_mid,1,300,-0.5,1.8,1.475,0.96356,-0.28719,-0.014913,1.0056,297.728,1,1
28_A4,tier1_canopy_mid,1,300,-0.45,1.75,1.475,0.85875,-0.29771,-0.005282,0.90891,297.803,1,1
28_A4,tier1_canopy_mid,1,300,-0.4,1.75,1.475,0.83795,-0.27898,-0.0026537,0.88318,297.822,1,1
28_A4,tier1_canopy_mid,1,300,-0.45,1.8,1.475,0.93369,-0.26599,-0.010997,0.9709,297.754,1,1
28_A4,tier1_canopy_mid,1,300,-0.4,1.8,1.475,0.90253,-0.247,-0.0075711,0.93575,297.782,1,1
28_A4,tier1_canopy_mid,1,300,-0.35,1.75,1.475,0.8155,-0.26161,-0.00030964,0.85644,297.843,1,1
28_A4,tier1_canopy_mid,1,300,-0.35,1.8,1.475,0.87108,-0.22984,-0.0044692,0.9009,297.809,1,1
28_A4,tier1_canopy_mid,1,300,-0.95,1.85,1.475,1.3178,-0.53368,-0.18131,1.4333,297.391,1,1
28_A4,tier1_canopy_mid,1,300,-0.9,1.85,1.475,1.3229,-0.48547,-0.15255,1.4174,297.411,1,1
28_A4,tier1_canopy_mid,1,300,-0.95,1.9,1.475,1.7086,-0.45422,-0.25778,1.7866,297.164,1,1
28_A4,tier1_canopy_mid,1,300,-0.9,1.9,1.475,1.6471,-0.40014,-0.22686,1.7101,297.221,1,1
28_A4,tier1_canopy_mid,1,300,-0.85,1.85,1.475,1.3021,-0.44075,-0.12891,1.3807,297.44,1,1
28_A4,tier1_canopy_mid,1,300,-0.8,1.85,1.475,1.2706,-0.40633,-0.10246,1.3379,297.472,1,1
28_A4,tier1_canopy_mid,1,300,-0.85,1.9,1.475,1.56,-0.35161,-0.19461,1.6109,297.282,1,1
28_A4,tier1_canopy_mid,1,300,-0.8,1.9,1.475,1.4739,-0.31983,-0.14708,1.5154,297.343,1,1
28_A4,tier1_canopy_mid,1,300,-0.75,1.85,1.475,1.239,-0.37581,-0.078626,1.2971,297.505,1,1
28_A4,tier1_canopy_mid,1,300,-0.7,1.85,1.475,1.2056,-0.34535,-0.061162,1.2556,297.54,1,1
28_A4,tier1_canopy_mid,1,300,-0.75,1.9,1.475,1.4067,-0.2948,-0.10988,1.4414,297.402,1,1
28_A4,tier1_canopy_mid,1,300,-0.7,1.9,1.475,1.3464,-0.26882,-0.085001,1.3756,297.458,1,1
28_A4,tier1_canopy_mid,1,300,-0.65,1.85,1.475,1.1678,-0.31612,-0.048511,1.2108,297.575,1,1
28_A4,tier1_canopy_mid,1,300,-0.6,1.85,1.475,1.1271,-0.28928,-0.038574,1.1643,297.611,1,1
28_A4,tier1_canopy_mid,1,300,-0.65,1.9,1.475,1.2848,-0.24343,-0.067964,1.3094,297.512,1,1
28_A4,tier1_canopy_mid,1,300,-0.6,1.9,1.475,1.2232,-0.2203,-0.054862,1.2441,297.565,1,1
28_A4,tier1_canopy_mid,1,300,-0.55,1.85,1.475,1.0854,-0.26477,-0.030579,1.1176,297.647,1,1
28_A4,tier1_canopy_mid,1,300,-0.5,1.85,1.475,1.043,-0.24161,-0.024774,1.0709,297.684,1,1
28_A4,tier1_canopy_mid,1,300,-0.55,1.9,1.475,1.1644,-0.19938,-0.045039,1.1822,297.615,1,1
28_A4,tier1_canopy_mid,1,300,-0.5,1.9,1.475,1.1063,-0.17919,-0.04091,1.1215,297.663,1,1
28_A4,tier1_canopy_mid,1,300,-0.45,1.85,1.475,0.99958,-0.22059,-0.020063,1.0238,297.72,1,1
28_A4,tier1_canopy_mid,1,300,-0.4,1.85,1.475,0.95674,-0.20323,-0.015186,0.9782,297.756,1,1
28_A4,tier1_canopy_mid,1,300,-0.45,1.9,1.475,1.0466,-0.16097,-0.035336,1.0595,297.708,1,1
28_A4,tier1_canopy_mid,1,300,-0.4,1.9,1.475,0.99089,-0.14727,-0.025659,1.0021,297.751,1,1
28_A4,tier1_canopy_mid,1,300,-0.35,1.85,1.475,0.9161,-0.18817,-0.010767,0.93528,297.791,1,1
28_A4,tier1_canopy_mid,1,300,-0.35,1.9,1.475,0.94286,-0.13616,-0.019045,0.95283,297.793,1,1
28_A4,tier1_canopy_mid,1,300,-0.95,1.95,1.475,2.0552,-0.29251,-0.33327,2.1025,296.991,1,1
28_A4,tier1_canopy_mid,1,300,-1.0,1.95,1.475,2.1719,-0.32288,-0.40597,2.233,296.902,1,1
28_A4,tier1_canopy_mid,1,300,-0.9,1.95,1.475,1.9283,-0.26172,-0.30115,1.9691,297.082,1,1
28_A4,tier1_canopy_mid,1,300,-0.95,2.0,1.475,2.1403,-0.059569,-0.35377,2.1701,297.093,1,1
28_A4,tier1_canopy_mid,1,300,-0.9,2.0,1.475,1.9894,-0.061166,-0.30708,2.0139,297.188,1,1
28_A4,tier1_canopy_mid,1,300,-0.85,1.95,1.475,1.7782,-0.23234,-0.26339,1.8126,297.175,1,1
28_A4,tier1_canopy_mid,1,300,-0.8,1.95,1.475,1.6394,-0.20702,-0.19904,1.6643,297.265,1,1
28_A4,tier1_canopy_mid,1,300,-0.85,2.0,1.475,1.8296,-0.061271,-0.26392,1.8495,297.284,1,1
28_A4,tier1_canopy_mid,1,300,-0.8,2.0,1.475,1.6823,-0.050633,-0.20882,1.696,297.376,1,1
28_A4,tier1_canopy_mid,1,300,-0.75,1.95,1.475,1.536,-0.18553,-0.14925,1.5543,297.35,1,1
28_A4,tier1_canopy_mid,1,300,-0.7,1.95,1.475,1.4489,-0.16614,-0.11673,1.463,297.427,1,1
28_A4,tier1_canopy_mid,1,300,-0.75,2.0,1.475,1.5633,-0.038464,-0.16304,1.5722,297.461,1,1
28_A4,tier1_canopy_mid,1,300,-0.7,2.0,1.475,1.4612,-0.031155,-0.13066,1.4674,297.538,1,1
28_A4,tier1_canopy_mid,1,300,-0.65,1.95,1.475,1.3646,-0.14864,-0.094727,1.376,297.498,1,1
28_A4,tier1_canopy_mid,1,300,-0.6,1.95,1.475,1.2841,-0.13304,-0.07785,1.2933,297.564,1,1
28_A4,tier1_canopy_mid,1,300,-0.65,2.0,1.475,1.3664,-0.026761,-0.10746,1.3709,297.609,1,1
28_A4,tier1_canopy_mid,1,300,-0.6,2.0,1.475,1.2787,-0.02343,-0.089333,1.282,297.674,1,1
28_A4,tier1_canopy_mid,1,300,-0.55,1.95,1.475,1.2104,-0.11914,-0.065491,1.218,297.626,1,1
28_A4,tier1_canopy_mid,1,300,-0.5,1.95,1.475,1.1389,-0.10604,-0.062088,1.1455,297.683,1,1
28_A4,tier1_canopy_mid,1,300,-0.55,2.0,1.475,1.1998,-0.020822,-0.075885,1.2023,297.733,1,1
28_A4,tier1_canopy_mid,1,300,-0.5,2.0,1.475,1.1244,-0.018851,-0.071566,1.1269,297.787,1,1
28_A4,tier1_canopy_mid,1,300,-0.45,1.95,1.475,1.0657,-0.094566,-0.055025,1.0713,297.734,1,1
28_A4,tier1_canopy_mid,1,300,-0.4,1.95,1.475,1.0001,-0.086193,-0.040119,1.0046,297.783,1,1
28_A4,tier1_canopy_mid,1,300,-0.45,2.0,1.475,1.0483,-0.017999,-0.063129,1.0503,297.834,1,1
28_A4,tier1_canopy_mid,1,300,-0.4,2.0,1.475,0.98112,-0.017596,-0.04651,0.98238,297.878,1,1
28_A4,tier1_canopy_mid,1,300,-0.35,1.95,1.475,0.94726,-0.079583,-0.030572,0.95109,297.828,1,1
28_A4,tier1_canopy_mid,1,300,-0.35,2.0,1.475,0.92809,-0.016823,-0.035244,0.92891,297.919,1,1
28_A4,tier1_canopy_mid,1,300,-0.8,2.05,1.475,1.5176,0.11858,-0.15784,1.5304,297.676,1,1
28_A4,tier1_canopy_mid,1,300,-0.85,2.05,1.475,1.6246,0.12938,-0.19544,1.6415,297.619,1,1
28_A4,tier1_canopy_mid,1,300,-0.75,2.05,1.475,1.4233,0.11132,-0.12597,1.4332,297.729,1,1
28_A4,tier1_canopy_mid,1,300,-0.7,2.05,1.475,1.3393,0.10219,-0.10153,1.347,297.778,1,1
28_A4,tier1_canopy_mid,1,300,-0.65,2.05,1.475,1.2617,0.092707,-0.083417,1.2679,297.823,1,1
28_A4,tier1_canopy_mid,1,300,-0.6,2.05,1.475,1.1895,0.083884,-0.06937,1.1945,297.866,1,1
28_A4,tier1_canopy_mid,1,300,-0.55,2.05,1.475,1.1237,0.075227,-0.059353,1.1278,297.906,1,1
28_A4,tier1_canopy_mid,1,300,-0.5,2.05,1.475,1.0592,0.065511,-0.058353,1.0628,297.942,1,1
28_A4,tier1_canopy_mid,1,300,-0.45,2.05,1.475,0.99211,0.055257,-0.05084,0.99495,297.974,1,1
28_A4,tier1_canopy_mid,1,300,-0.4,2.05,1.475,0.93355,0.047796,-0.034155,0.9354,298.004,1,1
28_A4,tier1_canopy_mid,1,300,-0.35,2.05,1.475,0.88783,0.043037,-0.023987,0.8892,298.033,1,1
28_A4,tier1_canopy_mid,1,300,-0.3,1.6,1.475,0.63518,-0.30269,-0.0058023,0.70365,298,1,1
28_A4,tier1_canopy_mid,1,300,-0.25,1.6,1.475,0.62856,-0.29018,-0.0041047,0.69232,298.008,1,1
28_A4,tier1_canopy_mid,1,300,-0.2,1.6,1.475,0.61986,-0.27774,-0.0025687,0.67924,298.017,1,1
28_A4,tier1_canopy_mid,1,300,-0.15,1.6,1.475,0.60915,-0.26539,-0.0012138,0.66445,298.027,1,1
28_A4,tier1_canopy_mid,1,300,-0.1,1.6,1.475,0.59672,-0.25342,0.00010761,0.64831,298.039,1,1
28_A4,tier1_canopy_mid,1,300,-0.05,1.6,1.475,0.58303,-0.24194,0.0014754,0.63124,298.052,1,1
28_A4,tier1_canopy_mid,1,300,0.0,1.6,1.475,0.56836,-0.23084,0.0028764,0.61346,298.065,1,1
28_A4,tier1_canopy_mid,1,300,0.05,1.6,1.475,0.55286,-0.22009,0.0042474,0.59507,298.08,1,1
28_A4,tier1_canopy_mid,1,300,0.1,1.6,1.475,0.53659,-0.2096,0.0054109,0.5761,298.095,1,1
28_A4,tier1_canopy_mid,1,300,0.15,1.6,1.475,0.51945,-0.19917,0.0061084,0.55636,298.111,1,1
28_A4,tier1_canopy_mid,1,300,0.2,1.6,1.475,0.50126,-0.18879,0.0062258,0.53567,298.127,1,1
28_A4,tier1_canopy_mid,1,300,0.25,1.6,1.475,0.48199,-0.17861,0.0058878,0.51405,298.144,1,1
28_A4,tier1_canopy_mid,1,300,0.3,1.6,1.475,0.46193,-0.16871,0.0052509,0.4918,298.161,1,1
28_A4,tier1_canopy_mid,1,300,0.35,1.6,1.475,0.44161,-0.15884,0.0040713,0.46933,298.178,1,1
28_A4,tier1_canopy_mid,1,300,-0.3,1.65,1.475,0.68148,-0.28802,0.002044,0.73985,297.95,1,1
28_A4,tier1_canopy_mid,1,300,-0.35,1.65,1.475,0.69163,-0.30227,0.00057403,0.7548,297.939,1,1
28_A4,tier1_canopy_mid,1,300,-0.3,1.7,1.475,0.73807,-0.26992,0.0034576,0.78589,297.902,1,1
28_A4,tier1_canopy_mid,1,300,-0.25,1.65,1.475,0.66939,-0.27427,0.0033895,0.72341,297.962,1,1
28_A4,tier1_canopy_mid,1,300,-0.2,1.65,1.475,0.65534,-0.2606,0.0042402,0.70527,297.976,1,1
28_A4,tier1_canopy_mid,1,300,-0.25,1.7,1.475,0.7203,-0.25519,0.0047386,0.76419,297.92,1,1
28_A4,tier1_canopy_mid,1,300,-0.2,1.7,1.475,0.70025,-0.24062,0.0041878,0.74045,297.937,1,1
28_A4,tier1_canopy_mid,1,300,-0.15,1.65,1.475,0.63913,-0.24708,0.0048862,0.68525,297.99,1,1
28_A4,tier1_canopy_mid,1,300,-0.1,1.65,1.475,0.62156,-0.23459,0.0058205,0.66438,298.006,1,1
28_A4,tier1_canopy_mid,1,300,-0.15,1.7,1.475,0.67744,-0.22631,0.0044402,0.71425,297.955,1,1
28_A4,tier1_canopy_mid,1,300,-0.1,1.7,1.475,0.65456,-0.21367,0.0065565,0.68859,297.975,1,1
28_A4,tier1_canopy_mid,1,300,-0.05,1.65,1.475,0.60354,-0.22313,0.0069189,0.64351,298.023,1,1
28_A4,tier1_canopy_mid,1,300,0.0,1.65,1.475,0.58524,-0.21223,0.0081017,0.62259,298.04,1,1
28_A4,tier1_canopy_mid,1,300,-0.05,1.7,1.475,0.63298,-0.20262,0.0080777,0.66467,297.996,1,1
28_A4,tier1_canopy_mid,1,300,0.0,1.7,1.475,0.61179,-0.19222,0.0093887,0.64134,298.017,1,1
28_A4,tier1_canopy_mid,1,300,0.05,1.65,1.475,0.56661,-0.20182,0.0093082,0.60156,298.059,1,1
28_A4,tier1_canopy_mid,1,300,0.1,1.65,1.475,0.54756,-0.19169,0.010223,0.58023,298.077,1,1
28_A4,tier1_canopy_mid,1,300,0.05,1.7,1.475,0.59056,-0.18236,0.010579,0.61816,298.038,1,1
28_A4,tier1_canopy_mid,1,300,0.1,1.7,1.475,0.56875,-0.17262,0.01051,0.59446,298.06,1,1
28_A4,tier1_canopy_mid,1,300,0.15,1.65,1.475,0.52777,-0.18139,0.010494,0.55817,298.096,1,1
28_A4,tier1_canopy_mid,1,300,0.2,1.65,1.475,0.50692,-0.17095,0.010264,0.53507,298.115,1,1
28_A4,tier1_canopy_mid,1,300,0.15,1.7,1.475,0.54607,-0.16252,0.0094123,0.56982,298.08,1,1
28_A4,tier1_canopy_mid,1,300,0.2,1.7,1.475,0.52215,-0.15224,0.0084421,0.54395,298.1,1,1
28_A4,tier1_canopy_mid,1,300,0.25,1.65,1.475,0.48512,-0.16099,0.010186,0.51124,298.134,1,1
28_A4,tier1_canopy_mid,1,300,0.3,1.65,1.475,0.46315,-0.15181,0.010463,0.4875,298.153,1,1
28_A4,tier1_canopy_mid,1,300,0.25,1.7,1.475,0.49709,-0.14251,0.0092832,0.5172,298.12,1,1
28_A4,tier1_canopy_mid,1,300,0.3,1.7,1.475,0.47311,-0.13412,0.01123,0.49188,298.141,1,1
28_A4,tier1_canopy_mid,1,300,0.35,1.65,1.475,0.44188,-0.14297,0.010283,0.46455,298.172,1,1
28_A4,tier1_canopy_mid,1,300,0.35,1.7,1.475,0.45117,-0.12646,0.012003,0.46871,298.163,1,1
28_A4,tier1_canopy_mid,1,300,-0.3,1.75,1.475,0.79197,-0.2454,0.0018433,0.82912,297.864,1,1
28_A4,tier1_canopy_mid,1,300,-0.3,1.8,1.475,0.83972,-0.2138,-0.0018141,0.86651,297.837,1,1
28_A4,tier1_canopy_mid,1,300,-0.35,1.8,1.475,0.87108,-0.22984,-0.0044692,0.9009,297.809,1,1
28_A4,tier1_canopy_mid,1,300,-0.25,1.75,1.475,0.76785,-0.23022,0.0033147,0.80163,297.887,1,1
28_A4,tier1_canopy_mid,1,300,-0.2,1.75,1.475,0.74165,-0.21585,0.0018152,0.77242,297.909,1,1
28_A4,tier1_canopy_mid,1,300,-0.25,1.8,1.475,0.80849,-0.1989,0.00024042,0.8326,297.865,1,1
28_A4,tier1_canopy_mid,1,300,-0.2,1.8,1.475,0.77682,-0.18577,0.0005688,0.79872,297.892,1,1
28_A4,tier1_canopy_mid,1,300,-0.15,1.75,1.475,0.71296,-0.20228,0.0015195,0.7411,297.93,1,1
28_A4,tier1_canopy_mid,1,300,-0.1,1.75,1.475,0.68549,-0.19018,0.0046527,0.7114,297.954,1,1
28_A4,tier1_canopy_mid,1,300,-0.15,1.8,1.475,0.7447,-0.17422,0.00095243,0.76481,297.919,1,1
28_A4,tier1_canopy_mid,1,300,-0.1,1.8,1.475,0.71386,-0.16342,0.003165,0.73234,297.946,1,1
28_A4,tier1_canopy_mid,1,300,-0.05,1.75,1.475,0.66058,-0.17946,0.006975,0.68456,297.978,1,1
28_A4,tier1_canopy_mid,1,300,0.0,1.75,1.475,0.63655,-0.16951,0.0086138,0.65879,298.003,1,1
28_A4,tier1_canopy_mid,1,300,-0.05,1.8,1.475,0.68502,-0.15325,0.0053446,0.70198,297.974,1,1
28_A4,tier1_canopy_mid,1,300,0.0,1.8,1.475,0.65742,-0.14401,0.0070502,0.67305,298.001,1,1
28_A4,tier1_canopy_mid,1,300,0.05,1.75,1.475,0.61278,-0.16021,0.0099201,0.63346,298.028,1,1
28_A4,tier1_canopy_mid,1,300,0.1,1.75,1.475,0.58841,-0.15114,0.0089847,0.60758,298.051,1,1
28_A4,tier1_canopy_mid,1,300,0.05,1.8,1.475,0.63063,-0.13558,0.0085522,0.6451,298.027,1,1
28_A4,tier1_canopy_mid,1,300,0.1,1.8,1.475,0.60424,-0.12782,0.0088033,0.61767,298.053,1,1
28_A4,tier1_canopy_mid,1,300,0.15,1.75,1.475,0.56331,-0.14227,0.0068074,0.58104,298.073,1,1
28_A4,tier1_canopy_mid,1,300,0.2,1.75,1.475,0.53702,-0.13339,0.0052307,0.55336,298.094,1,1
28_A4,tier1_canopy_mid,1,300,0.15,1.8,1.475,0.5782,-0.12092,0.0079288,0.59077,298.078,1,1
28_A4,tier1_canopy_mid,1,300,0.2,1.8,1.475,0.55107,-0.11406,0.0055298,0.56278,298.101,1,1
28_A4,tier1_canopy_mid,1,300,0.25,1.75,1.475,0.50929,-0.12449,0.0065249,0.52432,298.115,1,1
28_A4,tier1_canopy_mid,1,300,0.3,1.75,1.475,0.48351,-0.11676,0.0098679,0.49751,298.137,1,1
28_A4,tier1_canopy_mid,1,300,0.25,1.8,1.475,0.5219,-0.10645,0.0049361,0.53267,298.122,1,1
28_A4,tier1_canopy_mid,1,300,0.3,1.8,1.475,0.49436,-0.099305,0.0077901,0.5043,298.145,1,1
28_A4,tier1_canopy_mid,1,300,0.35,1.75,1.475,0.46097,-0.10992,0.0116,0.47404,298.161,1,1
28_A4,tier1_canopy_mid,1,300,0.35,1.8,1.475,0.47065,-0.093024,0.0096947,0.47986,298.169,1,1
28_A4,tier1_canopy_mid,1,300,-0.3,1.85,1.475,0.87701,-0.17345,-0.0076888,0.89403,297.825,1,1
28_A4,tier1_canopy_mid,1,300,-0.3,1.9,1.475,0.89744,-0.1246,-0.017766,0.90622,297.832,1,1
28_A4,tier1_canopy_mid,1,300,-0.25,1.85,1.475,0.83832,-0.15964,-0.0053586,0.8534,297.858,1,1
28_A4,tier1_canopy_mid,1,300,-0.2,1.85,1.475,0.80073,-0.14847,-0.0028322,0.81438,297.89,1,1
28_A4,tier1_canopy_mid,1,300,-0.25,1.9,1.475,0.85072,-0.11339,-0.015962,0.85839,297.868,1,1
28_A4,tier1_canopy_mid,1,300,-0.2,1.9,1.475,0.80654,-0.10501,-0.010231,0.81341,297.904,1,1
28_A4,tier1_canopy_mid,1,300,-0.15,1.85,1.475,0.76515,-0.13934,-0.00052546,0.77773,297.921,1,1
28_A4,tier1_canopy_mid,1,300,-0.1,1.85,1.475,0.73145,-0.13059,0.0013921,0.74302,297.952,1,1
28_A4,tier1_canopy_mid,1,300,-0.15,1.9,1.475,0.76793,-0.098701,-0.0055458,0.77427,297.938,1,1
28_A4,tier1_canopy_mid,1,300,-0.1,1.9,1.475,0.73283,-0.092725,-0.0025224,0.73867,297.971,1,1
28_A4,tier1_canopy_mid,1,300,-0.05,1.85,1.475,0.69933,-0.12215,0.0031127,0.70993,297.981,1,1
28_A4,tier1_canopy_mid,1,300,0.0,1.85,1.475,0.66867,-0.11456,0.0047139,0.67843,298.01,1,1
28_A4,tier1_canopy_mid,1,300,-0.05,1.9,1.475,0.69944,-0.087035,-0.00038517,0.70484,298.002,1,1
28_A4,tier1_canopy_mid,1,300,0.0,1.9,1.475,0.66758,-0.081947,0.0014578,0.67259,298.032,1,1
28_A4,tier1_canopy_mid,1,300,0.05,1.85,1.475,0.63941,-0.10781,0.0063199,0.64846,298.038,1,1
28_A4,tier1_canopy_mid,1,300,0.1,1.85,1.475,0.61151,-0.10183,0.0079019,0.61998,298.065,1,1
28_A4,tier1_canopy_mid,1,300,0.05,1.9,1.475,0.6374,-0.077504,0.003255,0.6421,298.061,1,1
28_A4,tier1_canopy_mid,1,300,0.1,1.9,1.475,0.60891,-0.073626,0.0050916,0.61337,298.089,1,1
28_A4,tier1_canopy_mid,1,300,0.15,1.85,1.475,0.58504,-0.096644,0.0087138,0.59304,298.092,1,1
28_A4,tier1_canopy_mid,1,300,0.2,1.85,1.475,0.55783,-0.091554,0.0060076,0.56533,298.116,1,1
28_A4,tier1_canopy_mid,1,300,0.15,1.9,1.475,0.58223,-0.070231,0.0063815,0.58649,298.116,1,1
28_A4,tier1_canopy_mid,1,300,0.2,1.9,1.475,0.55545,-0.067009,0.0039987,0.55949,298.141,1,1
28_A4,tier1_canopy_mid,1,300,0.25,1.85,1.475,0.52825,-0.085626,0.0037155,0.53516,298.138,1,1
28_A4,tier1_canopy_mid,1,300,0.3,1.85,1.475,0.49958,-0.079532,0.0054923,0.5059,298.161,1,1
28_A4,tier1_canopy_mid,1,300,0.25,1.9,1.475,0.52668,-0.06326,0.00056153,0.53046,298.163,1,1
28_A4,tier1_canopy_mid,1,300,0.3,1.9,1.475,0.4974,-0.058908,0.00046358,0.50088,298.184,1,1
28_A4,tier1_canopy_mid,1,300,0.35,1.85,1.475,0.47461,-0.074379,0.007123,0.48046,298.186,1,1
28_A4,tier1_canopy_mid,1,300,0.35,1.9,1.475,0.47022,-0.055197,0.0032363,0.47346,298.207,1,1
28_A4,tier1_canopy_mid,1,300,-0.3,1.95,1.475,0.89819,-0.073311,-0.030024,0.90167,297.87,1,1
28_A4,tier1_canopy_mid,1,300,-0.3,2.0,1.475,0.88047,-0.017038,-0.030925,0.88118,297.956,1,1
28_A4,tier1_canopy_mid,1,300,-0.35,2.0,1.475,0.92809,-0.016823,-0.035244,0.92891,297.919,1,1
28_A4,tier1_canopy_mid,1,300,-0.25,1.95,1.475,0.84657,-0.067396,-0.028003,0.84971,297.907,1,1
28_A4,tier1_canopy_mid,1,300,-0.2,1.95,1.475,0.79872,-0.06229,-0.019076,0.80137,297.944,1,1
28_A4,tier1_canopy_mid,1,300,-0.25,2.0,1.475,0.83257,-0.017732,-0.027199,0.83321,297.99,1,1
28_A4,tier1_canopy_mid,1,300,-0.2,2.0,1.475,0.78775,-0.016957,-0.020114,0.78819,298.022,1,1
28_A4,tier1_canopy_mid,1,300,-0.15,1.95,1.475,0.75908,-0.058139,-0.012167,0.7614,297.979,1,1
28_A4,tier1_canopy_mid,1,300,-0.1,1.95,1.475,0.72398,-0.054645,-0.0079778,0.72608,298.011,1,1
28_A4,tier1_canopy_mid,1,300,-0.15,2.0,1.475,0.74898,-0.015503,-0.014071,0.74927,298.053,1,1
28_A4,tier1_canopy_mid,1,300,-0.1,2.0,1.475,0.71414,-0.014823,-0.0099531,0.71436,298.081,1,1
28_A4,tier1_canopy_mid,1,300,-0.05,1.95,1.475,0.69067,-0.051675,-0.0051419,0.69262,298.042,1,1
28_A4,tier1_canopy_mid,1,300,0.0,1.95,1.475,0.65884,-0.049182,-0.0028013,0.66068,298.072,1,1
28_A4,tier1_canopy_mid,1,300,-0.05,2.0,1.475,0.68122,-0.014862,-0.0069972,0.68141,298.109,1,1
28_A4,tier1_canopy_mid,1,300,0.0,2.0,1.475,0.64986,-0.01532,-0.0045067,0.65005,298.135,1,1
28_A4,tier1_canopy_mid,1,300,0.05,1.95,1.475,0.62878,-0.047128,-0.00057267,0.63054,298.1,1,1
28_A4,tier1_canopy_mid,1,300,0.1,1.95,1.475,0.60058,-0.045465,0.0016706,0.6023,298.128,1,1
28_A4,tier1_canopy_mid,1,300,0.05,2.0,1.475,0.62026,-0.016088,-0.0021109,0.62047,298.16,1,1
28_A4,tier1_canopy_mid,1,300,0.1,2.0,1.475,0.59256,-0.017125,0.00030094,0.59281,298.184,1,1
28_A4,tier1_canopy_mid,1,300,0.15,1.95,1.475,0.57437,-0.044122,0.0033652,0.57608,298.154,1,1
28_A4,tier1_canopy_mid,1,300,0.2,1.95,1.475,0.5485,-0.043084,0.0011858,0.55019,298.178,1,1
28_A4,tier1_canopy_mid,1,300,0.15,2.0,1.475,0.5669,-0.018298,0.002336,0.5672,298.207,1,1
28_A4,tier1_canopy_mid,1,300,0.2,2.0,1.475,0.54224,-0.019626,0.0019998,0.54259,298.229,1,1
28_A4,tier1_canopy_mid,1,300,0.25,1.95,1.475,0.52111,-0.042134,-0.0027709,0.52282,298.199,1,1
28_A4,tier1_canopy_mid,1,300,0.3,1.95,1.475,0.49232,-0.040672,-0.0037638,0.49401,298.219,1,1
28_A4,tier1_canopy_mid,1,300,0.25,2.0,1.475,0.5171,-0.0212,0.00038774,0.51754,298.249,1,1
28_A4,tier1_canopy_mid,1,300,0.3,2.0,1.475,0.49126,-0.02242,0.00018828,0.49177,298.269,1,1
28_A4,tier1_canopy_mid,1,300,0.35,1.95,1.475,0.46424,-0.038735,0.0003003,0.46585,298.238,1,1
28_A4,tier1_canopy_mid,1,300,0.35,2.0,1.475,0.46612,-0.022377,0.0022948,0.46666,298.288,1,1
28_A4,tier1_canopy_mid,1,300,-0.3,2.05,1.475,0.84708,0.037992,-0.017936,0.84812,298.06,1,1
28_A4,tier1_canopy_mid,1,300,-0.25,2.05,1.475,0.8075,0.032792,-0.013665,0.80828,298.086,1,1
28_A4,tier1_canopy_mid,1,300,-0.2,2.05,1.475,0.76958,0.029159,-0.0097609,0.77019,298.11,1,1
28_A4,tier1_canopy_mid,1,300,-0.15,2.05,1.475,0.73435,0.026831,-0.0063936,0.73487,298.134,1,1
28_A4,tier1_canopy_mid,1,300,-0.1,2.05,1.475,0.70137,0.024477,-0.0039684,0.7018,298.156,1,1
28_A4,tier1_canopy_mid,1,300,-0.05,2.05,1.475,0.66981,0.02174,-0.002161,0.67017,298.178,1,1
28_A4,tier1_canopy_mid,1,300,0.0,2.05,1.475,0.63955,0.018673,-0.00046978,0.63982,298.199,1,1
28_A4,tier1_canopy_mid,1,300,0.05,2.05,1.475,0.61078,0.015198,0.0014205,0.61097,298.22,1,1
28_A4,tier1_canopy_mid,1,300,0.1,2.05,1.475,0.58379,0.011197,0.0035968,0.58391,298.24,1,1
28_A4,tier1_canopy_mid,1,300,0.15,2.05,1.475,0.55894,0.0069308,0.0057437,0.55901,298.26,1,1
28_A4,tier1_canopy_mid,1,300,0.2,2.05,1.475,0.53576,0.0034005,0.0069026,0.53582,298.28,1,1
28_A4,tier1_canopy_mid,1,300,0.25,2.05,1.475,0.51286,0.00070332,0.0069719,0.51291,298.299,1,1
28_A4,tier1_canopy_mid,1,300,0.3,2.05,1.475,0.48978,-0.0016616,0.0069344,0.48983,298.318,1,1
28_A4,tier1_canopy_mid,1,300,0.35,2.05,1.475,0.46758,-0.0032841,0.0067234,0.46764,298.337,1,1
28_A4,tier1_canopy_mid,1,300,0.4,1.6,1.475,0.42022,-0.14819,0.00042731,0.44558,298.194,1,1
28_A4,tier1_canopy_mid,1,300,0.45,1.6,1.475,0.39628,-0.13704,-0.0041801,0.41933,298.208,1,1
28_A4,tier1_canopy_mid,1,300,0.5,1.6,1.475,0.37108,-0.127,-0.0068579,0.39227,298.225,1,1
28_A4,tier1_canopy_mid,1,300,0.55,1.6,1.475,0.34678,-0.11739,-0.0086224,0.36621,298.244,1,1
28_A4,tier1_canopy_mid,1,300,0.6,1.6,1.475,0.32327,-0.10629,-0.010315,0.34045,298.265,1,1
28_A4,tier1_canopy_mid,1,300,0.65,1.6,1.475,0.29962,-0.093234,-0.011941,0.31402,298.286,1,1
28_A4,tier1_canopy_mid,1,300,0.7,1.6,1.475,0.27565,-0.078034,-0.013232,0.28679,298.31,1,1
28_A4,tier1_canopy_mid,1,300,0.75,1.6,1.475,0.25155,-0.060255,-0.013864,0.25904,298.338,1,1
28_A4,tier1_canopy_mid,1,300,0.8,1.6,1.475,0.22767,-0.039352,-0.013832,0.23146,298.371,1,1
28_A4,tier1_canopy_mid,1,300,0.85,1.6,1.475,0.20465,-0.014601,-0.014062,0.20565,298.411,1,1
28_A4,tier1_canopy_mid,1,300,0.9,1.6,1.475,0.17827,0.015272,-0.019657,0.17999,298.458,1,1
28_A4,tier1_canopy_mid,1,300,0.95,1.6,1.475,0.14339,0.045188,-0.021857,0.15192,298.512,1,1
28_A4,tier1_canopy_mid,1,300,1.0,1.6,1.475,0.10611,0.067974,-0.011489,0.12654,298.584,1,1
28_A4,tier1_canopy_mid,1,300,0.4,1.65,1.475,0.41989,-0.13382,0.0063691,0.44075,298.19,1,1
28_A4,tier1_canopy_mid,1,300,0.4,1.7,1.475,0.42936,-0.11883,0.010312,0.44562,298.184,1,1
28_A4,tier1_canopy_mid,1,300,0.45,1.65,1.475,0.39506,-0.1245,0.0018417,0.41422,298.205,1,1
28_A4,tier1_canopy_mid,1,300,0.5,1.65,1.475,0.36956,-0.11534,0.0026247,0.38715,298.224,1,1
28_A4,tier1_canopy_mid,1,300,0.45,1.7,1.475,0.40579,-0.11121,0.0078586,0.42083,298.204,1,1
28_A4,tier1_canopy_mid,1,300,0.5,1.7,1.475,0.3817,-0.10255,0.0085453,0.39533,298.225,1,1
28_A4,tier1_canopy_mid,1,300,0.55,1.65,1.475,0.34673,-0.10578,0.0051036,0.36255,298.247,1,1
28_A4,tier1_canopy_mid,1,300,0.6,1.65,1.475,0.32593,-0.095035,0.0059045,0.33956,298.269,1,1
28_A4,tier1_canopy_mid,1,300,0.55,1.7,1.475,0.35966,-0.092525,0.010566,0.37152,298.248,1,1
28_A4,tier1_canopy_mid,1,300,0.6,1.7,1.475,0.33952,-0.081676,0.011389,0.3494,298.271,1,1
28_A4,tier1_canopy_mid,1,300,0.65,1.65,1.475,0.3052,-0.082658,0.0058369,0.31625,298.293,1,1
28_A4,tier1_canopy_mid,1,300,0.7,1.65,1.475,0.28432,-0.068256,0.0056131,0.29245,298.317,1,1
28_A4,tier1_canopy_mid,1,300,0.65,1.7,1.475,0.31993,-0.06959,0.011383,0.32761,298.294,1,1
28_A4,tier1_canopy_mid,1,300,0.7,1.7,1.475,0.30067,-0.05562,0.011022,0.30597,298.318,1,1
28_A4,tier1_canopy_mid,1,300,0.75,1.65,1.475,0.26364,-0.051357,0.0055453,0.26865,298.344,1,1
28_A4,tier1_canopy_mid,1,300,0.8,1.65,1.475,0.24366,-0.031454,0.0055997,0.24574,298.374,1,1
28_A4,tier1_canopy_mid,1,300,0.75,1.7,1.475,0.28198,-0.039373,0.010601,0.28491,298.342,1,1
28_A4,tier1_canopy_mid,1,300,0.8,1.7,1.475,0.26429,-0.020539,0.010284,0.26528,298.37,1,1
28_A4,tier1_canopy_mid,1,300,0.85,1.65,1.475,0.22543,-0.0080265,0.0047968,0.22562,298.411,1,1
28_A4,tier1_canopy_mid,1,300,0.9,1.65,1.475,0.20331,0.018832,-0.0039977,0.20421,298.449,1,1
28_A4,tier1_canopy_mid,1,300,0.85,1.7,1.475,0.2482,0.0014539,0.0097371,0.24839,298.401,1,1
28_A4,tier1_canopy_mid,1,300,0.9,1.7,1.475,0.23074,0.025885,0.005881,0.23226,298.437,1,1
28_A4,tier1_canopy_mid,1,300,0.95,1.65,1.475,0.16923,0.04858,-0.0078845,0.17624,298.492,1,1
28_A4,tier1_canopy_mid,1,300,1.0,1.65,1.475,0.13024,0.080214,0.0063671,0.15309,298.559,1,1
28_A4,tier1_canopy_mid,1,300,0.95,1.7,1.475,0.20721,0.055593,0.0052427,0.2146,298.478,1,1
28_A4,tier1_canopy_mid,1,300,1.0,1.7,1.475,0.18138,0.09505,0.014856,0.20531,298.535,1,1
28_A4,tier1_canopy_mid,1,300,0.4,1.75,1.475,0.4392,-0.10269,0.011862,0.4512,298.185,1,1
28_A4,tier1_canopy_mid,1,300,0.4,1.8,1.475,0.44769,-0.086254,0.0083072,0.456,298.192,1,1
28_A4,tier1_canopy_mid,1,300,0.45,1.75,1.475,0.41639,-0.09526,0.011453,0.4273,298.207,1,1
28_A4,tier1_canopy_mid,1,300,0.5,1.75,1.475,0.39322,-0.087591,0.011839,0.40303,298.23,1,1
28_A4,tier1_canopy_mid,1,300,0.45,1.8,1.475,0.42274,-0.079009,0.0071159,0.43012,298.213,1,1
28_A4,tier1_canopy_mid,1,300,0.5,1.8,1.475,0.39816,-0.072412,0.0091561,0.40479,298.236,1,1
28_A4,tier1_canopy_mid,1,300,0.55,1.75,1.475,0.37155,-0.079132,0.012804,0.3801,298.252,1,1
28_A4,tier1_canopy_mid,1,300,0.6,1.75,1.475,0.35165,-0.069653,0.013258,0.35872,298.275,1,1
28_A4,tier1_canopy_mid,1,300,0.55,1.8,1.475,0.37682,-0.065868,0.011378,0.3827,298.259,1,1
28_A4,tier1_canopy_mid,1,300,0.6,1.8,1.475,0.35811,-0.058168,0.01228,0.36301,298.282,1,1
28_A4,tier1_canopy_mid,1,300,0.65,1.75,1.475,0.33286,-0.058768,0.013014,0.33826,298.298,1,1
28_A4,tier1_canopy_mid,1,300,0.7,1.75,1.475,0.31483,-0.045672,0.012122,0.31835,298.32,1,1
28_A4,tier1_canopy_mid,1,300,0.65,1.8,1.475,0.34104,-0.048944,0.011775,0.34474,298.305,1,1
28_A4,tier1_canopy_mid,1,300,0.7,1.8,1.475,0.3244,-0.037397,0.0083859,0.32665,298.325,1,1
28_A4,tier1_canopy_mid,1,300,0.75,1.75,1.475,0.29753,-0.030424,0.011102,0.29928,298.343,1,1
28_A4,tier1_canopy_mid,1,300,0.8,1.75,1.475,0.28183,-0.013454,0.01058,0.28235,298.367,1,1
28_A4,tier1_canopy_mid,1,300,0.75,1.8,1.475,0.30728,-0.023693,0.0054789,0.30824,298.344,1,1
28_A4,tier1_canopy_mid,1,300,0.8,1.8,1.475,0.29267,-0.0086665,0.0060193,0.29286,298.365,1,1
28_A4,tier1_canopy_mid,1,300,0.85,1.75,1.475,0.26861,0.0066533,0.010267,0.26889,298.394,1,1
28_A4,tier1_canopy_mid,1,300,0.9,1.75,1.475,0.25711,0.031271,0.0097262,0.25919,298.427,1,1
28_A4,tier1_canopy_mid,1,300,0.85,1.8,1.475,0.28356,0.0092802,0.0064021,0.28379,298.39,1,1
28_A4,tier1_canopy_mid,1,300,0.9,1.8,1.475,0.27807,0.032573,0.0044433,0.28001,298.416,1,1
28_A4,tier1_canopy_mid,1,300,0.95,1.75,1.475,0.24589,0.061958,0.010462,0.25379,298.465,1,1
28_A4,tier1_canopy_mid,1,300,1.0,1.75,1.475,0.2362,0.10093,0.014449,0.25726,298.513,1,1
28_A4,tier1_canopy_mid,1,300,0.95,1.8,1.475,0.27444,0.061955,0.0042259,0.28138,298.447,1,1
28_A4,tier1_canopy_mid,1,300,1.0,1.8,1.475,0.27404,0.098593,0.0073289,0.29133,298.488,1,1
28_A4,tier1_canopy_mid,1,300,0.4,1.85,1.475,0.45054,-0.069951,0.0043272,0.45596,298.208,1,1
28_A4,tier1_canopy_mid,1,300,0.35,1.85,1.475,0.47461,-0.074379,0.007123,0.48046,298.186,1,1
28_A4,tier1_canopy_mid,1,300,0.4,1.9,1.475,0.44578,-0.053109,0.0045896,0.44896,298.229,1,1
28_A4,tier1_canopy_mid,1,300,0.45,1.85,1.475,0.42422,-0.065313,0.0023153,0.42923,298.227,1,1
28_A4,tier1_canopy_mid,1,300,0.5,1.85,1.475,0.39895,-0.060097,0.0057812,0.40349,298.249,1,1
28_A4,tier1_canopy_mid,1,300,0.45,1.9,1.475,0.4221,-0.051262,0.0045324,0.42522,298.251,1,1
28_A4,tier1_canopy_mid,1,300,0.5,1.9,1.475,0.39943,-0.047702,0.0069077,0.40232,298.274,1,1
28_A4,tier1_canopy_mid,1,300,0.55,1.85,1.475,0.37827,-0.054368,0.0093094,0.38228,298.273,1,1
28_A4,tier1_canopy_mid,1,300,0.6,1.85,1.475,0.36089,-0.047963,0.010708,0.36422,298.296,1,1
28_A4,tier1_canopy_mid,1,300,0.55,1.9,1.475,0.37982,-0.042883,0.0093639,0.38235,298.297,1,1
28_A4,tier1_canopy_mid,1,300,0.6,1.9,1.475,0.36288,-0.037809,0.010334,0.36499,298.32,1,1
28_A4,tier1_canopy_mid,1,300,0.65,1.85,1.475,0.3454,-0.040665,0.010124,0.34794,298.319,1,1
28_A4,tier1_canopy_mid,1,300,0.7,1.85,1.475,0.33007,-0.032184,0.0049361,0.33167,298.338,1,1
28_A4,tier1_canopy_mid,1,300,0.65,1.9,1.475,0.34778,-0.032427,0.0098488,0.34943,298.343,1,1
28_A4,tier1_canopy_mid,1,300,0.7,1.9,1.475,0.33365,-0.026856,0.0066646,0.33479,298.364,1,1
28_A4,tier1_canopy_mid,1,300,0.75,1.85,1.475,0.31354,-0.021865,0.00065149,0.31431,298.354,1,1
28_A4,tier1_canopy_mid,1,300,0.8,1.85,1.475,0.30025,-0.0089636,0.0019831,0.30039,298.374,1,1
28_A4,tier1_canopy_mid,1,300,0.75,1.9,1.475,0.32013,-0.019935,0.0035164,0.32077,298.382,1,1
28_A4,tier1_canopy_mid,1,300,0.8,1.9,1.475,0.31017,-0.009617,0.002965,0.31033,298.401,1,1
28_A4,tier1_canopy_mid,1,300,0.85,1.85,1.475,0.29447,0.007177,0.0029387,0.29458,298.396,1,1
28_A4,tier1_canopy_mid,1,300,0.9,1.85,1.475,0.29391,0.02758,0.00034515,0.2952,298.418,1,1
28_A4,tier1_canopy_mid,1,300,0.85,1.9,1.475,0.30688,0.0041666,0.0021509,0.30692,298.422,1,1
28_A4,tier1_canopy_mid,1,300,0.9,1.9,1.475,0.31014,0.021389,-0.00043596,0.31088,298.441,1,1
28_A4,tier1_canopy_mid,1,300,0.95,1.85,1.475,0.29636,0.05427,0.00016865,0.30129,298.445,1,1
28_A4,tier1_canopy_mid,1,300,1.0,1.85,1.475,0.30561,0.089942,0.0023153,0.31858,298.481,1,1
28_A4,tier1_canopy_mid,1,300,0.95,1.9,1.475,0.31973,0.04455,-0.0017912,0.32283,298.466,1,1
28_A4,tier1_canopy_mid,1,300,1.0,1.9,1.475,0.33959,0.076068,-0.0021715,0.34801,298.494,1,1
28_A4,tier1_canopy_mid,1,300,0.4,1.95,1.475,0.44021,-0.036903,0.0053998,0.44179,298.26,1,1
28_A4,tier1_canopy_mid,1,300,0.4,2.0,1.475,0.44291,-0.020859,0.0032882,0.44341,298.307,1,1
28_A4,tier1_canopy_mid,1,300,0.45,1.95,1.475,0.41925,-0.035118,0.0071738,0.42078,298.283,1,1
28_A4,tier1_canopy_mid,1,300,0.5,1.95,1.475,0.39913,-0.03293,0.0083732,0.40057,298.306,1,1
28_A4,tier1_canopy_mid,1,300,0.45,2.0,1.475,0.4204,-0.018999,0.0032119,0.42084,298.326,1,1
28_A4,tier1_canopy_mid,1,300,0.5,2.0,1.475,0.39902,-0.018042,0.0053291,0.39946,298.346,1,1
28_A4,tier1_canopy_mid,1,300,0.55,1.95,1.475,0.38056,-0.030217,0.0094818,0.38188,298.329,1,1
28_A4,tier1_canopy_mid,1,300,0.6,1.95,1.475,0.36393,-0.027066,0.0098748,0.36507,298.351,1,1
28_A4,tier1_canopy_mid,1,300,0.55,2.0,1.475,0.38053,-0.01737,0.0073283,0.38099,298.366,1,1
28_A4,tier1_canopy_mid,1,300,0.6,2.0,1.475,0.36445,-0.016048,0.0080406,0.36489,298.387,1,1
28_A4,tier1_canopy_mid,1,300,0.65,1.95,1.475,0.34905,-0.023486,0.009385,0.34997,298.373,1,1
28_A4,tier1_canopy_mid,1,300,0.7,1.95,1.475,0.33595,-0.019615,0.0080013,0.33662,298.394,1,1
28_A4,tier1_canopy_mid,1,300,0.65,2.0,1.475,0.34999,-0.014132,0.0076933,0.35036,298.407,1,1
28_A4,tier1_canopy_mid,1,300,0.7,2.0,1.475,0.33735,-0.011798,0.0065429,0.33762,298.428,1,1
28_A4,tier1_canopy_mid,1,300,0.75,1.95,1.475,0.32511,-0.014756,0.005974,0.3255,298.415,1,1
28_A4,tier1_canopy_mid,1,300,0.8,1.95,1.475,0.31804,-0.0076361,0.0036845,0.31815,298.435,1,1
28_A4,tier1_canopy_mid,1,300,0.75,2.0,1.475,0.32732,-0.0088988,0.004689,0.32747,298.447,1,1
28_A4,tier1_canopy_mid,1,300,0.8,2.0,1.475,0.32112,-0.0051182,0.0021583,0.32117,298.467,1,1
28_A4,tier1_canopy_mid,1,300,0.85,1.95,1.475,0.31676,0.0018939,0.00092978,0.31676,298.454,1,1
28_A4,tier1_canopy_mid,1,300,0.9,1.95,1.475,0.32305,0.014093,-0.0026097,0.32337,298.473,1,1
28_A4,tier1_canopy_mid,1,300,0.85,2.0,1.475,0.32048,-0.00037125,-0.0011365,0.32048,298.486,1,1
28_A4,tier1_canopy_mid,1,300,0.9,2.0,1.475,0.32771,0.0054917,-0.0053078,0.3278,298.505,1,1
28_A4,tier1_canopy_mid,1,300,0.95,1.95,1.475,0.33914,0.030623,-0.0062674,0.34058,298.493,1,1
28_A4,tier1_canopy_mid,1,300,1.0,1.95,1.475,0.36832,0.052829,-0.0083439,0.37218,298.514,1,1
28_A4,tier1_canopy_mid,1,300,0.95,2.0,1.475,0.346,0.012902,-0.0099419,0.34639,298.525,1,1
28_A4,tier1_canopy_mid,1,300,1.0,2.0,1.475,0.37944,0.022248,-0.013281,0.38032,298.545,1,1
28_A4,tier1_canopy_mid,1,300,0.4,2.05,1.475,0.4452,-0.004212,0.0033001,0.44523,298.354,1,1
28_A4,tier1_canopy_mid,1,300,0.45,2.05,1.475,0.42099,-0.0049236,0.0010752,0.42102,298.368,1,1
28_A4,tier1_canopy_mid,1,300,0.5,2.05,1.475,0.3982,-0.0053897,0.0038715,0.39826,298.385,1,1
28_A4,tier1_canopy_mid,1,300,0.55,2.05,1.475,0.3797,-0.0054416,0.0065432,0.37979,298.404,1,1
28_A4,tier1_canopy_mid,1,300,0.6,2.05,1.475,0.36406,-0.00514,0.0073808,0.36417,298.423,1,1
28_A4,tier1_canopy_mid,1,300,0.65,2.05,1.475,0.34988,-0.0045752,0.0069938,0.34998,298.442,1,1
28_A4,tier1_canopy_mid,1,300,0.7,2.05,1.475,0.33735,-0.0038224,0.0058197,0.33742,298.461,1,1
28_A4,tier1_canopy_mid,1,300,0.75,2.05,1.475,0.32734,-0.0029442,0.0039503,0.32738,298.48,1,1
28_A4,tier1_canopy_mid,1,300,0.8,2.05,1.475,0.32093,-0.0020426,0.0013192,0.32094,298.499,1,1
28_A4,tier1_canopy_mid,1,300,0.85,2.05,1.475,0.31958,-0.0014036,-0.0022081,0.31959,298.519,1,1
28_A4,tier1_canopy_mid,1,300,0.9,2.05,1.475,0.32547,-0.0015436,-0.0068013,0.32555,298.538,1,1
28_A4,tier1_canopy_mid,1,300,0.95,2.05,1.475,0.34175,-0.0032661,-0.012151,0.34198,298.559,1,1
28_A4,tier1_canopy_mid,1,300,1.0,2.05,1.475,0.37243,-0.0069437,-0.017224,0.37289,298.582,1,1
28_A4,tier1_canopy_mid,1,300,1.05,1.6,1.475,0.073706,0.082172,0.0016423,0.1104,298.682,1,1
28_A4,tier1_canopy_mid,1,300,1.1,1.6,1.475,0,0,0,0,302,1,1
28_A4,tier1_canopy_mid,1,300,1.15,1.6,1.475,0,0,0,0,302,1,1
28_A4,tier1_canopy_mid,1,300,1.2,1.6,1.475,0,0,0,0,302,1,1
28_A4,tier1_canopy_mid,1,300,1.05,1.65,1.475,0.096431,0.11316,0.026718,0.15105,298.673,1,1
28_A4,tier1_canopy_mid,1,300,1.1,1.65,1.475,0,0,0,0,302,1,1
28_A4,tier1_canopy_mid,1,300,1.05,1.7,1.475,0.16113,0.14675,0.028374,0.21978,298.632,1,1
28_A4,tier1_canopy_mid,1,300,1.1,1.7,1.475,-3.8217e-17,-3.1048e-17,-4.7155e-18,4.9464e-17,302,1,1
28_A4,tier1_canopy_mid,1,300,1.2,1.65,1.475,0,0,0,0,302,1,1
28_A4,tier1_canopy_mid,1,300,1.2,1.7,1.475,0,0,0,0,302,1,1
28_A4,tier1_canopy_mid,1,300,1.05,1.75,1.475,0.23152,0.14859,0.019106,0.27577,298.583,1,1
28_A4,tier1_canopy_mid,1,300,1.1,1.75,1.475,0.2286,0.16982,0.012411,0.28505,298.673,1,1
28_A4,tier1_canopy_mid,1,300,1.05,1.8,1.475,0.27651,0.14214,0.010488,0.31108,298.542,1,1
28_A4,tier1_canopy_mid,1,300,1.0,1.8,1.475,0.27404,0.098593,0.0073289,0.29133,298.488,1,1
28_A4,tier1_canopy_mid,1,300,1.1,1.8,1.475,0.27518,0.17955,0.010143,0.32873,298.609,1,1
28_A4,tier1_canopy_mid,1,300,1.15,1.75,1.475,0.19097,0.17743,0.00062919,0.26068,298.774,1,1
28_A4,tier1_canopy_mid,1,300,1.15,1.7,1.475,0,0,0,0,302,1,1
28_A4,tier1_canopy_mid,1,300,1.2,1.75,1.475,0.1124,0.24449,-0.024919,0.27024,298.858,1,1
28_A4,tier1_canopy_mid,1,300,1.15,1.8,1.475,0.25207,0.22356,0.010703,0.33709,298.694,1,1
28_A4,tier1_canopy_mid,1,300,1.2,1.8,1.475,0.19022,0.31813,0.0054805,0.3707,298.79,1,1
28_A4,tier1_canopy_mid,1,300,1.05,1.85,1.475,0.32076,0.13601,0.0041245,0.34843,298.522,1,1
28_A4,tier1_canopy_mid,1,300,1.1,1.85,1.475,0.33459,0.19223,0.009809,0.386,298.575,1,1
28_A4,tier1_canopy_mid,1,300,1.05,1.9,1.475,0.37096,0.11871,-8.5976e-05,0.3895,298.524,1,1
28_A4,tier1_canopy_mid,1,300,1.1,1.9,1.475,0.4132,0.17832,0.012567,0.45021,298.563,1,1
28_A4,tier1_canopy_mid,1,300,1.15,1.85,1.475,0.33791,0.27224,0.024834,0.43464,298.645,1,1
28_A4,tier1_canopy_mid,1,300,1.2,1.85,1.475,0.29808,0.42251,0.05184,0.51967,298.736,1,1
28_A4,tier1_canopy_mid,1,300,1.15,1.9,1.475,0.478,0.27092,0.049926,0.5517,298.617,1,1
28_A4,tier1_canopy_mid,1,300,1.2,1.9,1.475,0.49826,0.45309,0.1446,0.68881,298.701,1,1
28_A4,tier1_canopy_mid,1,300,1.05,1.95,1.475,0.41499,0.083036,-0.0045347,0.42324,298.538,1,1
28_A4,tier1_canopy_mid,1,300,1.1,1.95,1.475,0.487,0.12613,0.014418,0.50328,298.568,1,1
28_A4,tier1_canopy_mid,1,300,1.05,2.0,1.475,0.43396,0.033392,-0.010691,0.43538,298.567,1,1
28_A4,tier1_canopy_mid,1,300,1.1,2.0,1.475,0.51971,0.045247,0.0080096,0.52174,298.594,1,1
28_A4,tier1_canopy_mid,1,300,1.15,1.95,1.475,0.61821,0.1923,0.073642,0.65161,298.609,1,1
28_A4,tier1_canopy_mid,1,300,1.2,1.95,1.475,0.71061,0.31886,0.24233,0.81569,298.689,1,1
28_A4,tier1_canopy_mid,1,300,1.15,2.0,1.475,0.67568,0.057111,0.072087,0.68192,298.63,1,1
28_A4,tier1_canopy_mid,1,300,1.2,2.0,1.475,0.79959,0.076891,0.26525,0.84594,298.71,1,1
28_A4,tier1_canopy_mid,1,300,1.05,2.05,1.475,0.42281,-0.015394,-0.018305,0.42349,298.607,1,1
28_A4,tier1_canopy_mid,1,300,1.1,2.05,1.475,0.50237,-0.035646,-0.0063598,0.50367,298.635,1,1
28_A4,tier1_canopy_mid,1,300,1.15,2.05,1.475,0.64489,-0.078759,0.044507,0.6512,298.673,1,1
28_A4,tier1_canopy_mid,1,300,1.2,2.05,1.475,0.7578,-0.16828,0.20686,0.80335,298.751,1,1
28_A4,tier1_canopy_mid,1,300,-1.2,2.1,1.475,1.2415,0.22057,-0.64843,1.4179,298.082,1,1
28_A4,tier1_canopy_mid,1,300,-1.15,2.1,1.475,1.345,0.3745,-0.53617,1.4956,297.979,1,1
28_A4,tier1_canopy_mid,1,300,-1.1,2.1,1.475,1.4109,0.40218,-0.41525,1.5248,297.934,1,1
28_A4,tier1_canopy_mid,1,300,-1.05,2.05,1.475,2.0858,0.20053,-0.46262,2.1459,297.407,1,1
28_A4,tier1_canopy_mid,1,300,-1.05,2.1,1.475,1.4301,0.38394,-0.32157,1.5153,297.918,1,1
28_A4,tier1_canopy_mid,1,300,-1.0,2.1,1.475,1.4161,0.35303,-0.25042,1.4807,297.917,1,1
28_A4,tier1_canopy_mid,1,300,-1.2,2.15,1.475,0.29416,0.14956,-0.32812,0.46536,298.629,1,1
28_A4,tier1_canopy_mid,1,300,-1.2,2.2,1.475,0.014592,-0.10481,-0.18002,0.20882,298.99,1,1
28_A4,tier1_canopy_mid,1,300,-1.15,2.15,1.475,0.55709,0.34364,-0.29965,0.71988,298.468,1,1
28_A4,tier1_canopy_mid,1,300,-1.1,2.15,1.475,0.7353,0.39899,-0.2363,0.86931,298.374,1,1
28_A4,tier1_canopy_mid,1,300,-1.15,2.2,1.475,0.20979,0.12566,-0.16742,0.29636,298.817,1,1
28_A4,tier1_canopy_mid,1,300,-1.1,2.2,1.475,0.37802,0.24009,-0.13119,0.46664,298.685,1,1
28_A4,tier1_canopy_mid,1,300,-1.05,2.15,1.475,0.85881,0.39942,-0.18476,0.965,298.31,1,1
28_A4,tier1_canopy_mid,1,300,-1.0,2.15,1.475,0.93691,0.38103,-0.14553,1.0218,298.264,1,1
28_A4,tier1_canopy_mid,1,300,-1.05,2.2,1.475,0.51479,0.29384,-0.10357,0.60172,298.591,1,1
28_A4,tier1_canopy_mid,1,300,-1.0,2.2,1.475,0.62103,0.31481,-0.081823,0.70106,298.517,1,1
28_A4,tier1_canopy_mid,1,300,-1.2,2.25,1.475,-0.048953,-0.10735,-0.084955,0.14539,299.13,1,1
28_A4,tier1_canopy_mid,1,300,-1.2,2.3,1.475,0,0,0,0,302,1,1
28_A4,tier1_canopy_mid,1,300,-1.15,2.25,1.475,0.064303,0.060595,-0.043897,0.098659,298.98,1,1
28_A4,tier1_canopy_mid,1,300,-1.1,2.25,1.475,0.21115,0.15688,-0.036077,0.26551,298.849,1,1
28_A4,tier1_canopy_mid,1,300,-1.15,2.3,1.475,4.5522e-18,1.801e-17,1.1956e-17,2.2091e-17,302,1,1
28_A4,tier1_canopy_mid,1,300,-1.1,2.3,1.475,0,0,0,0,302,1,1
28_A4,tier1_canopy_mid,1,300,-1.05,2.25,1.475,0.32358,0.20945,-0.048696,0.38852,298.765,1,1
28_A4,tier1_canopy_mid,1,300,-1.0,2.25,1.475,0.42177,0.24308,-0.042485,0.48865,298.689,1,1
28_A4,tier1_canopy_mid,1,300,-1.05,2.3,1.475,0.20164,0.1282,-0.047087,0.24354,298.917,1,1
28_A4,tier1_canopy_mid,1,300,-1.0,2.3,1.475,0.28606,0.17252,-0.025465,0.33502,298.827,1,1
28_A4,tier1_canopy_mid,1,300,-1.2,2.35,1.475,0,0,0,0,302,1,1
28_A4,tier1_canopy_mid,1,300,-1.2,2.4,1.475,0,0,0,0,302,1,1
28_A4,tier1_canopy_mid,1,300,-1.05,2.35,1.475,0.10047,0.032796,-0.05764,0.12039,299.055,1,1
28_A4,tier1_canopy_mid,1,300,-1.1,2.35,1.475,0,0,0,0,302,1,1
28_A4,tier1_canopy_mid,1,300,-1.0,2.35,1.475,0.17588,0.09973,-0.01934,0.20311,298.952,1,1
28_A4,tier1_canopy_mid,1,300,-1.05,2.4,1.475,0.04033,-0.036753,-0.040686,0.068064,299.125,1,1
28_A4,tier1_canopy_mid,1,300,-1.1,2.4,1.475,0,0,0,0,302,1,1
28_A4,tier1_canopy_mid,1,300,-1.0,2.4,1.475,0.093873,0.03312,-0.026208,0.10294,299.047,1,1
28_A4,tier1_canopy_mid,1,300,-1.15,2.4,1.475,0,0,0,0,302,1,1
28_A4,tier1_canopy_mid,1,300,-0.95,2.05,1.475,1.8556,0.17379,-0.29306,1.8866,297.503,1,1
28_A4,tier1_canopy_mid,1,300,-0.9,2.05,1.475,1.7393,0.15058,-0.23838,1.762,297.561,1,1
28_A4,tier1_canopy_mid,1,300,-0.95,2.1,1.475,1.3844,0.31914,-0.19588,1.4342,297.924,1,1
28_A4,tier1_canopy_mid,1,300,-0.9,2.1,1.475,1.3429,0.28477,-0.15475,1.3815,297.937,1,1
28_A4,tier1_canopy_mid,1,300,-0.85,2.1,1.475,1.2949,0.25342,-0.12349,1.3252,297.953,1,1
28_A4,tier1_canopy_mid,1,300,-0.8,2.1,1.475,1.2445,0.22783,-0.098222,1.269,297.971,1,1
28_A4,tier1_canopy_mid,1,300,-0.75,2.1,1.475,1.1961,0.20628,-0.077574,1.2162,297.988,1,1
28_A4,tier1_canopy_mid,1,300,-0.7,2.1,1.475,1.1492,0.18704,-0.064846,1.1661,298.005,1,1
28_A4,tier1_canopy_mid,1,300,-0.65,2.1,1.475,1.1014,0.17004,-0.057919,1.1159,298.023,1,1
28_A4,tier1_canopy_mid,1,300,-0.6,2.1,1.475,1.0527,0.15459,-0.051622,1.0653,298.042,1,1
28_A4,tier1_canopy_mid,1,300,-0.55,2.1,1.475,1.0052,0.13946,-0.046001,1.0159,298.061,1,1
28_A4,tier1_canopy_mid,1,300,-0.5,2.05,1.475,1.0592,0.065511,-0.058353,1.0628,297.942,1,1
28_A4,tier1_canopy_mid,1,300,-0.5,2.1,1.475,0.95668,0.12255,-0.043498,0.96548,298.08,1,1
28_A4,tier1_canopy_mid,1,300,-0.45,2.1,1.475,0.90661,0.10611,-0.032,0.91336,298.097,1,1
28_A4,tier1_canopy_mid,1,300,-0.4,2.1,1.475,0.86442,0.095324,-0.01563,0.8698,298.114,1,1
28_A4,tier1_canopy_mid,1,300,-0.35,2.1,1.475,0.83115,0.088185,-0.0083429,0.83586,298.131,1,1
28_A4,tier1_canopy_mid,1,300,-0.95,2.15,1.475,0.98233,0.35597,-0.11506,1.0512,298.231,1,1
28_A4,tier1_canopy_mid,1,300,-1.0,2.15,1.475,0.93691,0.38103,-0.14553,1.0218,298.264,1,1
28_A4,tier1_canopy_mid,1,300,-0.9,2.15,1.475,1.0045,0.32895,-0.091938,1.061,298.21,1,1
28_A4,tier1_canopy_mid,1,300,-0.95,2.2,1.475,0.69899,0.31786,-0.065479,0.77065,298.46,1,1
28_A4,tier1_canopy_mid,1,300,-0.9,2.2,1.475,0.75198,0.31109,-0.057979,0.81585,298.417,1,1
28_A4,tier1_canopy_mid,1,300,-0.85,2.15,1.475,1.0094,0.30216,-0.073976,1.0563,298.196,1,1
28_A4,tier1_canopy_mid,1,300,-0.8,2.15,1.475,1.0035,0.27663,-0.058134,1.0426,298.187,1,1
28_A4,tier1_canopy_mid,1,300,-0.85,2.2,1.475,0.78306,0.29845,-0.051531,0.83959,298.383,1,1
28_A4,tier1_canopy_mid,1,300,-0.8,2.2,1.475,0.80196,0.28267,-0.038014,0.85117,298.357,1,1
28_A4,tier1_canopy_mid,1,300,-0.75,2.15,1.475,0.99229,0.25349,-0.045146,1.0252,298.181,1,1
28_A4,tier1_canopy_mid,1,300,-0.7,2.15,1.475,0.97506,0.23259,-0.042762,1.0033,298.179,1,1
28_A4,tier1_canopy_mid,1,300,-0.75,2.2,1.475,0.81607,0.26623,-0.026283,0.8588,298.337,1,1
28_A4,tier1_canopy_mid,1,300,-0.7,2.2,1.475,0.82054,0.24893,-0.028109,0.85793,298.322,1,1
28_A4,tier1_canopy_mid,1,300,-0.65,2.15,1.475,0.94908,0.21251,-0.046445,0.97369,298.18,1,1
28_A4,tier1_canopy_mid,1,300,-0.6,2.15,1.475,0.91673,0.19245,-0.045977,0.93784,298.185,1,1
28_A4,tier1_canopy_mid,1,300,-0.65,2.2,1.475,0.81028,0.2291,-0.033904,0.84272,298.311,1,1
28_A4,tier1_canopy_mid,1,300,-0.6,2.2,1.475,0.79203,0.20811,-0.030652,0.81949,298.306,1,1
28_A4,tier1_canopy_mid,1,300,-0.55,2.15,1.475,0.88226,0.1733,-0.041482,0.90008,298.191,1,1
28_A4,tier1_canopy_mid,1,300,-0.5,2.15,1.475,0.84706,0.1551,-0.032675,0.86176,298.198,1,1
28_A4,tier1_canopy_mid,1,300,-0.55,2.2,1.475,0.7731,0.18937,-0.023687,0.79631,298.304,1,1
28_A4,tier1_canopy_mid,1,300,-0.5,2.2,1.475,0.75368,0.17404,-0.015207,0.77366,298.302,1,1
28_A4,tier1_canopy_mid,1,300,-0.45,2.15,1.475,0.81367,0.1397,-0.014315,0.8257,298.203,1,1
28_A4,tier1_canopy_mid,1,300,-0.4,2.15,1.475,0.78785,0.12962,0.00088888,0.79844,298.21,1,1
28_A4,tier1_canopy_mid,1,300,-0.45,2.2,1.475,0.73454,0.16247,-0.0020373,0.7523,298.3,1,1
28_A4,tier1_canopy_mid,1,300,-0.4,2.2,1.475,0.7188,0.15352,0.0077793,0.73505,298.299,1,1
28_A4,tier1_canopy_mid,1,300,-0.35,2.15,1.475,0.76645,0.12172,0.0043155,0.77607,298.218,1,1
28_A4,tier1_canopy_mid,1,300,-0.35,2.2,1.475,0.7041,0.14458,0.010027,0.71886,298.3,1,1
28_A4,tier1_canopy_mid,1,300,-0.95,2.25,1.475,0.5046,0.26226,-0.035509,0.5698,298.627,1,1
28_A4,tier1_canopy_mid,1,300,-1.0,2.25,1.475,0.42177,0.24308,-0.042485,0.48865,298.689,1,1
28_A4,tier1_canopy_mid,1,300,-0.9,2.25,1.475,0.56622,0.26781,-0.038984,0.62758,298.575,1,1
28_A4,tier1_canopy_mid,1,300,-0.95,2.3,1.475,0.36706,0.20337,-0.017154,0.41998,298.758,1,1
28_A4,tier1_canopy_mid,1,300,-1.0,2.3,1.475,0.28606,0.17252,-0.025465,0.33502,298.827,1,1
28_A4,tier1_canopy_mid,1,300,-0.9,2.3,1.475,0.42963,0.21811,-0.018899,0.48219,298.701,1,1
28_A4,tier1_canopy_mid,1,300,-0.85,2.25,1.475,0.60556,0.26467,-0.038529,0.66199,298.531,1,1
28_A4,tier1_canopy_mid,1,300,-0.8,2.25,1.475,0.63629,0.26024,-0.024685,0.68789,298.496,1,1
28_A4,tier1_canopy_mid,1,300,-0.85,2.3,1.475,0.47349,0.22287,-0.0177,0.52362,298.654,1,1
28_A4,tier1_canopy_mid,1,300,-0.8,2.3,1.475,0.51062,0.22799,-0.0086213,0.55928,298.612,1,1
28_A4,tier1_canopy_mid,1,300,-0.75,2.25,1.475,0.6661,0.25447,-0.014353,0.7132,298.466,1,1
28_A4,tier1_canopy_mid,1,300,-0.7,2.25,1.475,0.68492,0.24316,-0.018222,0.72703,298.442,1,1
28_A4,tier1_canopy_mid,1,300,-0.75,2.3,1.475,0.54639,0.23126,-0.0027486,0.59332,298.577,1,1
28_A4,tier1_canopy_mid,1,300,-0.7,2.3,1.475,0.57228,0.22612,-0.004905,0.61535,298.547,1,1
28_A4,tier1_canopy_mid,1,300,-0.65,2.25,1.475,0.68615,0.22705,-0.021445,0.72306,298.424,1,1
28_A4,tier1_canopy_mid,1,300,-0.6,2.25,1.475,0.68091,0.2117,-0.012812,0.71318,298.41,1,1
28_A4,tier1_canopy_mid,1,300,-0.65,2.3,1.475,0.58373,0.21577,-0.0055546,0.62236,298.523,1,1
28_A4,tier1_canopy_mid,1,300,-0.6,2.3,1.475,0.58954,0.20763,0.0010196,0.62503,298.504,1,1
28_A4,tier1_canopy_mid,1,300,-0.55,2.25,1.475,0.67754,0.19905,-0.0046865,0.70619,298.401,1,1
28_A4,tier1_canopy_mid,1,300,-0.5,2.25,1.475,0.67276,0.18775,0.00032291,0.69847,298.394,1,1
28_A4,tier1_canopy_mid,1,300,-0.55,2.3,1.475,0.5953,0.20096,0.006187,0.62833,298.488,1,1
28_A4,tier1_canopy_mid,1,300,-0.5,2.3,1.475,0.59832,0.19301,0.0088664,0.62874,298.476,1,1
28_A4,tier1_canopy_mid,1,300,-0.45,2.25,1.475,0.66492,0.17801,0.0047082,0.68836,298.387,1,1
28_A4,tier1_canopy_mid,1,300,-0.4,2.25,1.475,0.65551,0.16884,0.0085188,0.67695,298.382,1,1
28_A4,tier1_canopy_mid,1,300,-0.45,2.3,1.475,0.59724,0.18439,0.010494,0.62514,298.467,1,1
28_A4,tier1_canopy_mid,1,300,-0.4,2.3,1.475,0.5931,0.17557,0.011895,0.61865,298.46,1,1
28_A4,tier1_canopy_mid,1,300,-0.35,2.25,1.475,0.64482,0.15917,0.011058,0.66426,298.38,1,1
28_A4,tier1_canopy_mid,1,300,-0.35,2.3,1.475,0.58678,0.16653,0.01309,0.6101,298.454,1,1
28_A4,tier1_canopy_mid,1,300,-0.95,2.35,1.475,0.25692,0.1455,-0.0083395,0.29538,298.874,1,1
28_A4,tier1_canopy_mid,1,300,-0.9,2.35,1.475,0.32065,0.17187,-0.0055633,0.36385,298.812,1,1
28_A4,tier1_canopy_mid,1,300,-0.95,2.4,1.475,0.16294,0.084801,-0.021478,0.18494,298.976,1,1
28_A4,tier1_canopy_mid,1,300,-1.0,2.4,1.475,0.093873,0.03312,-0.026208,0.10294,299.047,1,1
28_A4,tier1_canopy_mid,1,300,-0.9,2.4,1.475,0.22432,0.12102,-0.018608,0.25557,298.914,1,1
28_A4,tier1_canopy_mid,1,300,-0.85,2.35,1.475,0.36987,0.18651,-0.0037158,0.41425,298.761,1,1
28_A4,tier1_canopy_mid,1,300,-0.8,2.35,1.475,0.41106,0.19815,-0.00013825,0.45633,298.716,1,1
28_A4,tier1_canopy_mid,1,300,-0.85,2.4,1.475,0.27576,0.14488,-0.016909,0.31196,298.861,1,1
28_A4,tier1_canopy_mid,1,300,-0.8,2.4,1.475,0.31916,0.16188,-0.015379,0.3582,298.815,1,1
28_A4,tier1_canopy_mid,1,300,-0.75,2.35,1.475,0.44768,0.2065,0.0030038,0.49302,298.677,1,1
28_A4,tier1_canopy_mid,1,300,-0.7,2.35,1.475,0.47691,0.20771,0.0040105,0.5202,298.644,1,1
28_A4,tier1_canopy_mid,1,300,-0.75,2.4,1.475,0.35672,0.17416,-0.013867,0.39721,298.775,1,1
28_A4,tier1_canopy_mid,1,300,-0.7,2.4,1.475,0.38843,0.18121,-0.012885,0.42881,298.741,1,1
28_A4,tier1_canopy_mid,1,300,-0.65,2.35,1.475,0.49673,0.20413,0.0045587,0.53705,298.617,1,1
28_A4,tier1_canopy_mid,1,300,-0.6,2.35,1.475,0.51047,0.20078,0.0066187,0.54857,298.594,1,1
28_A4,tier1_canopy_mid,1,300,-0.65,2.4,1.475,0.41345,0.18383,-0.012412,0.45264,298.711,1,1
28_A4,tier1_canopy_mid,1,300,-0.6,2.4,1.475,0.43275,0.18432,-0.0118,0.47052,298.685,1,1
28_A4,tier1_canopy_mid,1,300,-0.55,2.35,1.475,0.52086,0.19705,0.0085458,0.55695,298.575,1,1
28_A4,tier1_canopy_mid,1,300,-0.5,2.35,1.475,0.52774,0.19151,0.0096163,0.5615,298.559,1,1
28_A4,tier1_canopy_mid,1,300,-0.55,2.4,1.475,0.44767,0.18317,-0.011161,0.48382,298.664,1,1
28_A4,tier1_canopy_mid,1,300,-0.5,2.4,1.475,0.45871,0.18025,-0.010736,0.49297,298.645,1,1
28_A4,tier1_canopy_mid,1,300,-0.45,2.35,1.475,0.53085,0.18475,0.010158,0.56217,298.547,1,1
28_A4,tier1_canopy_mid,1,300,-0.4,2.35,1.475,0.5308,0.17745,0.010506,0.55978,298.537,1,1
28_A4,tier1_canopy_mid,1,300,-0.45,2.4,1.475,0.46613,0.17596,-0.010536,0.49835,298.631,1,1
28_A4,tier1_canopy_mid,1,300,-0.4,2.4,1.475,0.47039,0.17077,-0.010485,0.50054,298.618,1,1
28_A4,tier1_canopy_mid,1,300,-0.35,2.35,1.475,0.52826,0.16984,0.010726,0.555,298.53,1,1
28_A4,tier1_canopy_mid,1,300,-0.35,2.4,1.475,0.47197,0.16496,-0.010535,0.50008,298.609,1,1
28_A4,tier1_canopy_mid,1,300,-0.3,2.05,1.475,0.84708,0.037992,-0.017936,0.84812,298.06,1,1
28_A4,tier1_canopy_mid,1,300,-0.3,2.1,1.475,0.79976,0.080915,-0.0039881,0.80385,298.148,1,1
28_A4,tier1_canopy_mid,1,300,-0.25,2.1,1.475,0.7685,0.073529,-0.00080675,0.77201,298.165,1,1
28_A4,tier1_canopy_mid,1,300,-0.2,2.1,1.475,0.73722,0.066959,6.8774e-05,0.74025,298.181,1,1
28_A4,tier1_canopy_mid,1,300,-0.15,2.1,1.475,0.70621,0.061555,-0.00061032,0.70889,298.197,1,1
28_A4,tier1_canopy_mid,1,300,-0.1,2.05,1.475,0.70137,0.024477,-0.0039684,0.7018,298.156,1,1
28_A4,tier1_canopy_mid,1,300,-0.1,2.1,1.475,0.67581,0.05677,-0.0012248,0.67819,298.214,1,1
28_A4,tier1_canopy_mid,1,300,-0.05,2.1,1.475,0.64583,0.051996,-0.001779,0.64792,298.23,1,1
28_A4,tier1_canopy_mid,1,300,0.0,2.1,1.475,0.6165,0.047013,-0.0015311,0.6183,298.247,1,1
28_A4,tier1_canopy_mid,1,300,0.05,2.1,1.475,0.58813,0.041613,0.00027371,0.5896,298.264,1,1
28_A4,tier1_canopy_mid,1,300,0.1,2.1,1.475,0.56135,0.035558,0.0044544,0.56249,298.28,1,1
28_A4,tier1_canopy_mid,1,300,0.15,2.1,1.475,0.5372,0.029041,0.011382,0.5381,298.297,1,1
28_A4,tier1_canopy_mid,1,300,0.2,2.1,1.475,0.51673,0.02406,0.014722,0.5175,298.315,1,1
28_A4,tier1_canopy_mid,1,300,0.25,2.1,1.475,0.49708,0.020843,0.013015,0.49769,298.333,1,1
28_A4,tier1_canopy_mid,1,300,0.3,2.05,1.475,0.48978,-0.0016616,0.0069344,0.48983,298.318,1,1
28_A4,tier1_canopy_mid,1,300,0.3,2.1,1.475,0.47606,0.017743,0.01184,0.47654,298.352,1,1
28_A4,tier1_canopy_mid,1,300,0.35,2.1,1.475,0.45564,0.014726,0.011183,0.45601,298.37,1,1
28_A4,tier1_canopy_mid,1,300,-0.3,2.15,1.475,0.74377,0.11325,0.0065414,0.75237,298.227,1,1
28_A4,tier1_canopy_mid,1,300,-0.3,2.2,1.475,0.68744,0.13528,0.011807,0.70073,298.303,1,1
28_A4,tier1_canopy_mid,1,300,-0.25,2.15,1.475,0.7204,0.10468,0.008294,0.72801,298.237,1,1
28_A4,tier1_canopy_mid,1,300,-0.2,2.15,1.475,0.69553,0.096237,0.0060229,0.70219,298.247,1,1
28_A4,tier1_canopy_mid,1,300,-0.25,2.2,1.475,0.66993,0.12625,0.013306,0.68185,298.308,1,1
28_A4,tier1_canopy_mid,1,300,-0.2,2.2,1.475,0.65105,0.11699,0.012122,0.66159,298.314,1,1
28_A4,tier1_canopy_mid,1,300,-0.15,2.15,1.475,0.6688,0.088015,0.0016266,0.67456,298.257,1,1
28_A4,tier1_canopy_mid,1,300,-0.1,2.15,1.475,0.64124,0.080185,-0.0013708,0.64623,298.268,1,1
28_A4,tier1_canopy_mid,1,300,-0.15,2.2,1.475,0.63006,0.1071,0.0092142,0.63917,298.32,1,1
28_A4,tier1_canopy_mid,1,300,-0.1,2.2,1.475,0.60746,0.097171,0.0068603,0.61522,298.328,1,1
28_A4,tier1_canopy_mid,1,300,-0.05,2.15,1.475,0.61322,0.072697,-0.003619,0.61752,298.28,1,1
28_A4,tier1_canopy_mid,1,300,0.0,2.15,1.475,0.58531,0.06556,-0.0041461,0.58899,298.292,1,1
28_A4,tier1_canopy_mid,1,300,-0.05,2.2,1.475,0.58381,0.087822,0.0050298,0.5904,298.337,1,1
28_A4,tier1_canopy_mid,1,300,0.0,2.2,1.475,0.55979,0.07944,0.0044548,0.56542,298.347,1,1
28_A4,tier1_canopy_mid,1,300,0.05,2.15,1.475,0.55788,0.058862,-0.0018235,0.56098,298.304,1,1
28_A4,tier1_canopy_mid,1,300,0.1,2.15,1.475,0.53186,0.052713,0.0048253,0.53449,298.316,1,1
28_A4,tier1_canopy_mid,1,300,0.05,2.2,1.475,0.53592,0.072378,0.0057929,0.54082,298.357,1,1
28_A4,tier1_canopy_mid,1,300,0.1,2.2,1.475,0.51308,0.06701,0.0098368,0.51753,298.367,1,1
28_A4,tier1_canopy_mid,1,300,0.15,2.15,1.475,0.50853,0.046947,0.016938,0.51098,298.331,1,1
28_A4,tier1_canopy_mid,1,300,0.2,2.15,1.475,0.49077,0.041973,0.022435,0.49307,298.348,1,1
28_A4,tier1_canopy_mid,1,300,0.15,2.2,1.475,0.4922,0.062918,0.017052,0.4965,298.378,1,1
28_A4,tier1_canopy_mid,1,300,0.2,2.2,1.475,0.47482,0.058167,0.01999,0.47879,298.392,1,1
28_A4,tier1_canopy_mid,1,300,0.25,2.15,1.475,0.47455,0.037664,0.018542,0.4764,298.365,1,1
28_A4,tier1_canopy_mid,1,300,0.3,2.15,1.475,0.45559,0.03345,0.01594,0.45709,298.383,1,1
28_A4,tier1_canopy_mid,1,300,0.25,2.2,1.475,0.45822,0.052367,0.017197,0.46153,298.407,1,1
28_A4,tier1_canopy_mid,1,300,0.3,2.2,1.475,0.43993,0.046973,0.015345,0.44269,298.423,1,1
28_A4,tier1_canopy_mid,1,300,0.35,2.15,1.475,0.43689,0.029518,0.014795,0.43813,298.401,1,1
28_A4,tier1_canopy_mid,1,300,0.35,2.2,1.475,0.42204,0.04234,0.014488,0.42441,298.439,1,1
28_A4,tier1_canopy_mid,1,300,-0.3,2.25,1.475,0.63267,0.14963,0.013149,0.65025,298.379,1,1
28_A4,tier1_canopy_mid,1,300,-0.3,2.3,1.475,0.57868,0.15762,0.01412,0.59992,298.451,1,1
28_A4,tier1_canopy_mid,1,300,-0.25,2.25,1.475,0.61949,0.14055,0.014855,0.6354,298.38,1,1
28_A4,tier1_canopy_mid,1,300,-0.2,2.25,1.475,0.6053,0.13145,0.01572,0.61961,298.382,1,1
28_A4,tier1_canopy_mid,1,300,-0.25,2.3,1.475,0.56914,0.149,0.014989,0.58851,298.45,1,1
28_A4,tier1_canopy_mid,1,300,-0.2,2.3,1.475,0.55841,0.14053,0.015588,0.57603,298.45,1,1
28_A4,tier1_canopy_mid,1,300,-0.15,2.25,1.475,0.58969,0.12193,0.015572,0.60236,298.386,1,1
28_A4,tier1_canopy_mid,1,300,-0.1,2.25,1.475,0.57255,0.11234,0.014838,0.58365,298.392,1,1
28_A4,tier1_canopy_mid,1,300,-0.15,2.3,1.475,0.5465,0.13203,0.015791,0.56245,298.452,1,1
28_A4,tier1_canopy_mid,1,300,-0.1,2.3,1.475,0.53338,0.1236,0.015616,0.54774,298.456,1,1
28_A4,tier1_canopy_mid,1,300,-0.05,2.25,1.475,0.55418,0.10325,0.013999,0.56389,298.399,1,1
28_A4,tier1_canopy_mid,1,300,0.0,2.25,1.475,0.53509,0.09502,0.013408,0.54363,298.407,1,1
28_A4,tier1_canopy_mid,1,300,-0.05,2.3,1.475,0.51915,0.11546,0.015206,0.53206,298.461,1,1
28_A4,tier1_canopy_mid,1,300,0.0,2.3,1.475,0.50406,0.1078,0.014726,0.51567,298.467,1,1
28_A4,tier1_canopy_mid,1,300,0.05,2.25,1.475,0.51574,0.087916,0.013263,0.52335,298.415,1,1
28_A4,tier1_canopy_mid,1,300,0.1,2.25,1.475,0.49674,0.082149,0.013678,0.50367,298.424,1,1
28_A4,tier1_canopy_mid,1,300,0.05,2.3,1.475,0.4884,0.10072,0.014278,0.49888,298.474,1,1
28_A4,tier1_canopy_mid,1,300,0.1,2.3,1.475,0.47255,0.094301,0.013896,0.48206,298.482,1,1
28_A4,tier1_canopy_mid,1,300,0.15,2.25,1.475,0.47868,0.077374,0.014516,0.48511,298.434,1,1
28_A4,tier1_canopy_mid,1,300,0.2,2.25,1.475,0.46151,0.071868,0.014557,0.4673,298.445,1,1
28_A4,tier1_canopy_mid,1,300,0.15,2.3,1.475,0.45683,0.088374,0.013509,0.46549,298.49,1,1
28_A4,tier1_canopy_mid,1,300,0.2,2.3,1.475,0.44131,0.082372,0.012888,0.44911,298.499,1,1
28_A4,tier1_canopy_mid,1,300,0.25,2.25,1.475,0.44431,0.065429,0.013646,0.44931,298.457,1,1
28_A4,tier1_canopy_mid,1,300,0.3,2.25,1.475,0.42683,0.059539,0.012913,0.43115,298.47,1,1
28_A4,tier1_canopy_mid,1,300,0.25,2.3,1.475,0.42573,0.076248,0.012018,0.43267,298.51,1,1
28_A4,tier1_canopy_mid,1,300,0.3,2.3,1.475,0.41002,0.070519,0.011163,0.41619,298.521,1,1
28_A4,tier1_canopy_mid,1,300,0.35,2.25,1.475,0.40973,0.05445,0.012436,0.41352,298.484,1,1
28_A4,tier1_canopy_mid,1,300,0.35,2.3,1.475,0.39442,0.065341,0.01043,0.39993,298.533,1,1
28_A4,tier1_canopy_mid,1,300,-0.3,2.35,1.475,0.52366,0.16211,0.010861,0.54829,298.525,1,1
28_A4,tier1_canopy_mid,1,300,-0.3,2.4,1.475,0.47128,0.15876,-0.010636,0.49742,298.602,1,1
28_A4,tier1_canopy_mid,1,300,-0.25,2.35,1.475,0.51735,0.15443,0.010961,0.54002,298.522,1,1
28_A4,tier1_canopy_mid,1,300,-0.2,2.35,1.475,0.50966,0.14685,0.011016,0.53051,298.521,1,1
28_A4,tier1_canopy_mid,1,300,-0.25,2.4,1.475,0.46866,0.15236,-0.010726,0.49292,298.596,1,1
28_A4,tier1_canopy_mid,1,300,-0.2,2.4,1.475,0.46444,0.14588,-0.010748,0.48693,298.592,1,1
28_A4,tier1_canopy_mid,1,300,-0.15,2.35,1.475,0.50078,0.13931,0.010964,0.51991,298.521,1,1
28_A4,tier1_canopy_mid,1,300,-0.1,2.35,1.475,0.4908,0.13186,0.010768,0.50832,298.523,1,1
28_A4,tier1_canopy_mid,1,300,-0.15,2.4,1.475,0.45888,0.13938,-0.010703,0.4797,298.59,1,1
28_A4,tier1_canopy_mid,1,300,-0.1,2.4,1.475,0.45219,0.1329,-0.010647,0.47144,298.59,1,1
28_A4,tier1_canopy_mid,1,300,-0.05,2.35,1.475,0.47982,0.12456,0.010451,0.49583,298.526,1,1
28_A4,tier1_canopy_mid,1,300,0.0,2.35,1.475,0.46798,0.11754,0.010072,0.48262,298.53,1,1
28_A4,tier1_canopy_mid,1,300,-0.05,2.4,1.475,0.44449,0.1265,-0.010619,0.46226,298.59,1,1
28_A4,tier1_canopy_mid,1,300,0.0,2.4,1.475,0.43592,0.12027,-0.010621,0.45233,298.592,1,1
28_A4,tier1_canopy_mid,1,300,0.05,2.35,1.475,0.4555,0.11085,0.0096671,0.46889,298.535,1,1
28_A4,tier1_canopy_mid,1,300,0.1,2.35,1.475,0.44259,0.10455,0.0092417,0.45486,298.541,1,1
28_A4,tier1_canopy_mid,1,300,0.05,2.4,1.475,0.42662,0.11424,-0.010642,0.44178,298.595,1,1
28_A4,tier1_canopy_mid,1,300,0.1,2.4,1.475,0.41674,0.10847,-0.010685,0.43076,298.598,1,1
28_A4,tier1_canopy_mid,1,300,0.15,2.35,1.475,0.42947,0.098586,0.0087534,0.44073,298.548,1,1
28_A4,tier1_canopy_mid,1,300,0.2,2.35,1.475,0.41623,0.092781,0.0081223,0.42653,298.556,1,1
28_A4,tier1_canopy_mid,1,300,0.15,2.4,1.475,0.40645,0.10295,-0.010775,0.41942,298.603,1,1
28_A4,tier1_canopy_mid,1,300,0.2,2.4,1.475,0.39582,0.0976,-0.010954,0.40782,298.608,1,1
28_A4,tier1_canopy_mid,1,300,0.25,2.35,1.475,0.40282,0.087085,0.0073469,0.4122,298.565,1,1
28_A4,tier1_canopy_mid,1,300,0.3,2.35,1.475,0.38922,0.081656,0.0065402,0.39775,298.574,1,1
28_A4,tier1_canopy_mid,1,300,0.25,2.4,1.475,0.38487,0.092406,-0.011232,0.39597,298.615,1,1
28_A4,tier1_canopy_mid,1,300,0.3,2.4,1.475,0.37364,0.087431,-0.011566,0.3839,298.622,1,1
28_A4,tier1_canopy_mid,1,300,0.35,2.35,1.475,0.37557,0.07661,0.0057785,0.38335,298.584,1,1
28_A4,tier1_canopy_mid,1,300,0.35,2.4,1.475,0.3622,0.082754,-0.011921,0.37172,298.629,1,1
28_A4,tier1_canopy_mid,1,300,0.4,2.05,1.475,0.4452,-0.004212,0.0033001,0.44523,298.354,1,1
28_A4,tier1_canopy_mid,1,300,0.4,2.1,1.475,0.43534,0.011446,0.0088232,0.43557,298.388,1,1
28_A4,tier1_canopy_mid,1,300,0.45,2.1,1.475,0.41397,0.0083046,0.0070471,0.41411,298.403,1,1
28_A4,tier1_canopy_mid,1,300,0.5,2.1,1.475,0.39353,0.0067194,0.0080834,0.39367,298.421,1,1
28_A4,tier1_canopy_mid,1,300,0.55,2.05,1.475,0.3797,-0.0054416,0.0065432,0.37979,298.404,1,1
28_A4,tier1_canopy_mid,1,300,0.55,2.1,1.475,0.37599,0.0062627,0.0091565,0.37615,298.439,1,1
28_A4,tier1_canopy_mid,1,300,0.6,2.05,1.475,0.36406,-0.00514,0.0073808,0.36417,298.423,1,1
28_A4,tier1_canopy_mid,1,300,0.6,2.1,1.475,0.36066,0.0057893,0.0091232,0.36082,298.457,1,1
28_A4,tier1_canopy_mid,1,300,0.65,2.1,1.475,0.34667,0.0052118,0.0082306,0.3468,298.476,1,1
28_A4,tier1_canopy_mid,1,300,0.7,2.05,1.475,0.33735,-0.0038224,0.0058197,0.33742,298.461,1,1
28_A4,tier1_canopy_mid,1,300,0.7,2.1,1.475,0.33423,0.0046097,0.0067251,0.33433,298.494,1,1
28_A4,tier1_canopy_mid,1,300,0.75,2.1,1.475,0.32404,0.0038582,0.0046285,0.3241,298.513,1,1
28_A4,tier1_canopy_mid,1,300,0.8,2.05,1.475,0.32093,-0.0020426,0.0013192,0.32094,298.499,1,1
28_A4,tier1_canopy_mid,1,300,0.8,2.1,1.475,0.31689,0.0026438,0.0018667,0.31691,298.532,1,1
28_A4,tier1_canopy_mid,1,300,0.85,2.1,1.475,0.3138,0.00033459,-0.0017154,0.3138,298.551,1,1
28_A4,tier1_canopy_mid,1,300,0.9,2.1,1.475,0.31612,-0.0039698,-0.0065671,0.31622,298.57,1,1
28_A4,tier1_canopy_mid,1,300,0.95,2.05,1.475,0.34175,-0.0032661,-0.012151,0.34198,298.559,1,1
28_A4,tier1_canopy_mid,1,300,0.95,2.1,1.475,0.32581,-0.01203,-0.010783,0.32621,298.596,1,1
28_A4,tier1_canopy_mid,1,300,1.0,2.1,1.475,0.34853,-0.025141,-0.016519,0.34983,298.623,1,1
28_A4,tier1_canopy_mid,1,300,0.4,2.15,1.475,0.41894,0.025601,0.013808,0.41995,298.419,1,1
28_A4,tier1_canopy_mid,1,300,0.35,2.15,1.475,0.43689,0.029518,0.014795,0.43813,298.401,1,1
28_A4,tier1_canopy_mid,1,300,0.4,2.2,1.475,0.40502,0.038167,0.013791,0.40705,298.456,1,1
28_A4,tier1_canopy_mid,1,300,0.35,2.2,1.475,0.42204,0.04234,0.014488,0.42441,298.439,1,1
28_A4,tier1_canopy_mid,1,300,0.45,2.15,1.475,0.40118,0.022007,0.012791,0.40198,298.437,1,1
28_A4,tier1_canopy_mid,1,300,0.5,2.15,1.475,0.38384,0.019632,0.012117,0.38454,298.455,1,1
28_A4,tier1_canopy_mid,1,300,0.45,2.2,1.475,0.38852,0.034426,0.013013,0.39026,298.473,1,1
28_A4,tier1_canopy_mid,1,300,0.5,2.2,1.475,0.37253,0.03134,0.01223,0.37405,298.49,1,1
28_A4,tier1_canopy_mid,1,300,0.55,2.15,1.475,0.36771,0.018109,0.011576,0.36834,298.473,1,1
28_A4,tier1_canopy_mid,1,300,0.6,2.15,1.475,0.35294,0.016609,0.010724,0.35349,298.491,1,1
28_A4,tier1_canopy_mid,1,300,0.55,2.2,1.475,0.35735,0.028797,0.011424,0.35869,298.507,1,1
28_A4,tier1_canopy_mid,1,300,0.6,2.2,1.475,0.34321,0.026475,0.010436,0.34439,298.525,1,1
28_A4,tier1_canopy_mid,1,300,0.65,2.15,1.475,0.33943,0.01502,0.0094246,0.33989,298.509,1,1
28_A4,tier1_canopy_mid,1,300,0.7,2.15,1.475,0.32735,0.013359,0.0076783,0.32771,298.527,1,1
28_A4,tier1_canopy_mid,1,300,0.65,2.2,1.475,0.3302,0.024205,0.0091326,0.33122,298.542,1,1
28_A4,tier1_canopy_mid,1,300,0.7,2.2,1.475,0.3185,0.021866,0.0074436,0.31934,298.56,1,1
28_A4,tier1_canopy_mid,1,300,0.75,2.15,1.475,0.31719,0.011459,0.0054317,0.31744,298.545,1,1
28_A4,tier1_canopy_mid,1,300,0.8,2.15,1.475,0.3094,0.0090393,0.0025505,0.30954,298.564,1,1
28_A4,tier1_canopy_mid,1,300,0.75,2.2,1.475,0.30848,0.019256,0.0051488,0.30912,298.577,1,1
28_A4,tier1_canopy_mid,1,300,0.8,2.2,1.475,0.29985,0.016183,0.0012476,0.30029,298.594,1,1
28_A4,tier1_canopy_mid,1,300,0.85,2.15,1.475,0.30468,0.0051332,-0.0011568,0.30473,298.583,1,1
28_A4,tier1_canopy_mid,1,300,0.9,2.15,1.475,0.30349,-0.0014031,-0.0067131,0.30357,298.601,1,1
28_A4,tier1_canopy_mid,1,300,0.85,2.2,1.475,0.29274,0.011331,-0.0025504,0.29297,298.61,1,1
28_A4,tier1_canopy_mid,1,300,0.9,2.2,1.475,0.28873,0.0030092,-0.0063783,0.28881,298.629,1,1
28_A4,tier1_canopy_mid,1,300,0.95,2.15,1.475,0.30686,-0.012066,-0.010234,0.30727,298.625,1,1
28_A4,tier1_canopy_mid,1,300,1.0,2.15,1.475,0.32089,-0.029736,-0.014941,0.32261,298.654,1,1
28_A4,tier1_canopy_mid,1,300,0.95,2.2,1.475,0.28941,-0.0094459,-0.0098832,0.28973,298.65,1,1
28_A4,tier1_canopy_mid,1,300,1.0,2.2,1.475,0.29707,-0.02889,-0.013582,0.29878,298.676,1,1
28_A4,tier1_canopy_mid,1,300,0.4,2.25,1.475,0.39328,0.049903,0.011956,0.39662,298.499,1,1
28_A4,tier1_canopy_mid,1,300,0.4,2.3,1.475,0.37916,0.060625,0.00975,0.3841,298.545,1,1
28_A4,tier1_canopy_mid,1,300,0.45,2.25,1.475,0.37739,0.045799,0.011371,0.38033,298.514,1,1
28_A4,tier1_canopy_mid,1,300,0.5,2.25,1.475,0.36206,0.04219,0.0107,0.36467,298.529,1,1
28_A4,tier1_canopy_mid,1,300,0.45,2.3,1.475,0.36429,0.056326,0.0090527,0.36873,298.559,1,1
28_A4,tier1_canopy_mid,1,300,0.5,2.3,1.475,0.34989,0.052454,0.0083097,0.3539,298.572,1,1
28_A4,tier1_canopy_mid,1,300,0.55,2.25,1.475,0.34744,0.039044,0.0099347,0.34977,298.545,1,1
28_A4,tier1_canopy_mid,1,300,0.6,2.25,1.475,0.3337,0.036195,0.0089998,0.33577,298.561,1,1
28_A4,tier1_canopy_mid,1,300,0.55,2.3,1.475,0.33606,0.048981,0.0074941,0.3397,298.587,1,1
28_A4,tier1_canopy_mid,1,300,0.6,2.3,1.475,0.32292,0.045793,0.0065577,0.32622,298.601,1,1
28_A4,tier1_canopy_mid,1,300,0.65,2.25,1.475,0.32095,0.033459,0.0078086,0.32279,298.578,1,1
28_A4,tier1_canopy_mid,1,300,0.7,2.25,1.475,0.30938,0.030642,0.0062869,0.31096,298.594,1,1
28_A4,tier1_canopy_mid,1,300,0.65,2.3,1.475,0.31059,0.042728,0.0054445,0.31356,298.616,1,1
28_A4,tier1_canopy_mid,1,300,0.7,2.3,1.475,0.29919,0.039583,0.0040967,0.30183,298.631,1,1
28_A4,tier1_canopy_mid,1,300,0.75,2.25,1.475,0.29937,0.027459,0.0040365,0.30065,298.611,1,1
28_A4,tier1_canopy_mid,1,300,0.8,2.25,1.475,0.28978,0.023449,-0.00089138,0.29073,298.625,1,1
28_A4,tier1_canopy_mid,1,300,0.75,2.3,1.475,0.28896,0.036011,0.0022738,0.2912,298.647,1,1
28_A4,tier1_canopy_mid,1,300,0.8,2.3,1.475,0.27901,0.031273,-0.0011666,0.28076,298.662,1,1
28_A4,tier1_canopy_mid,1,300,0.85,2.25,1.475,0.27985,0.017716,-0.0044181,0.28044,298.639,1,1
28_A4,tier1_canopy_mid,1,300,0.9,2.25,1.475,0.27248,0.0089968,-0.005117,0.27268,298.657,1,1
28_A4,tier1_canopy_mid,1,300,0.85,2.3,1.475,0.26857,0.025328,-0.0037739,0.26979,298.676,1,1
28_A4,tier1_canopy_mid,1,300,0.9,2.3,1.475,0.25821,0.018093,-0.0051738,0.25889,298.692,1,1
28_A4,tier1_canopy_mid,1,300,0.95,2.25,1.475,0.26965,-0.004611,-0.0066561,0.26977,298.68,1,1
28_A4,tier1_canopy_mid,1,300,1.0,2.25,1.475,0.27164,-0.026603,-0.0080272,0.27306,298.706,1,1
28_A4,tier1_canopy_mid,1,300,0.95,2.3,1.475,0.24718,0.006071,-0.0049441,0.2473,298.711,1,1
28_A4,tier1_canopy_mid,1,300,1.0,2.3,1.475,0.23381,-0.016101,-5.2973e-05,0.23436,298.736,1,1
28_A4,tier1_canopy_mid,1,300,0.4,2.35,1.475,0.36204,0.071957,0.0050474,0.36916,298.595,1,1
28_A4,tier1_canopy_mid,1,300,0.4,2.4,1.475,0.35068,0.078407,-0.012299,0.35955,298.637,1,1
28_A4,tier1_canopy_mid,1,300,0.45,2.35,1.475,0.34873,0.067682,0.0043107,0.35527,298.606,1,1
28_A4,tier1_canopy_mid,1,300,0.5,2.35,1.475,0.33572,0.063777,0.003545,0.34175,298.618,1,1
28_A4,tier1_canopy_mid,1,300,0.45,2.4,1.475,0.33918,0.074391,-0.012713,0.34747,298.646,1,1
28_A4,tier1_canopy_mid,1,300,0.5,2.4,1.475,0.32776,0.070695,-0.01317,0.33556,298.656,1,1
28_A4,tier1_canopy_mid,1,300,0.55,2.35,1.475,0.3231,0.060211,0.0027297,0.32868,298.63,1,1
28_A4,tier1_canopy_mid,1,300,0.6,2.35,1.475,0.31096,0.056899,0.0018399,0.31613,298.643,1,1
28_A4,tier1_canopy_mid,1,300,0.55,2.4,1.475,0.31651,0.067292,-0.013674,0.32387,298.666,1,1
28_A4,tier1_canopy_mid,1,300,0.6,2.4,1.475,0.3055,0.064125,-0.014227,0.31249,298.676,1,1
28_A4,tier1_canopy_mid,1,300,0.65,2.35,1.475,0.29938,0.053712,0.00084672,0.30417,298.656,1,1
28_A4,tier1_canopy_mid,1,300,0.7,2.35,1.475,0.28844,0.050472,-0.00027657,0.29282,298.67,1,1
28_A4,tier1_canopy_mid,1,300,0.65,2.4,1.475,0.29481,0.061096,-0.014826,0.30144,298.687,1,1
28_A4,tier1_canopy_mid,1,300,0.7,2.4,1.475,0.28449,0.058069,-0.015459,0.29077,298.699,1,1
28_A4,tier1_canopy_mid,1,300,0.75,2.35,1.475,0.27817,0.046903,-0.0015508,0.2821,298.684,1,1
28_A4,tier1_canopy_mid,1,300,0.8,2.35,1.475,0.26836,0.042478,-0.003066,0.27172,298.699,1,1
28_A4,tier1_canopy_mid,1,300,0.75,2.4,1.475,0.27458,0.054863,-0.016081,0.28047,298.711,1,1
28_A4,tier1_canopy_mid,1,300,0.8,2.4,1.475,0.26506,0.051239,-0.016619,0.27048,298.724,1,1
28_A4,tier1_canopy_mid,1,300,0.85,2.35,1.475,0.25876,0.037284,-0.0047148,0.26148,298.715,1,1
28_A4,tier1_canopy_mid,1,300,0.9,2.35,1.475,0.24721,0.031456,-0.0079707,0.24933,298.728,1,1
28_A4,tier1_canopy_mid,1,300,0.85,2.4,1.475,0.25589,0.047094,-0.017009,0.26074,298.738,1,1
28_A4,tier1_canopy_mid,1,300,0.9,2.4,1.475,0.24549,0.042276,-0.018191,0.24977,298.75,1,1
28_A4,tier1_canopy_mid,1,300,0.95,2.35,1.475,0.22997,0.023776,-0.0070061,0.2313,298.741,1,1
28_A4,tier1_canopy_mid,1,300,1.0,2.35,1.475,0.20391,0.013588,0.002887,0.20438,298.762,1,1
28_A4,tier1_canopy_mid,1,300,0.95,2.4,1.475,0.23167,0.03859,-0.016432,0.23544,298.762,1,1
28_A4,tier1_canopy_mid,1,300,1.0,2.4,1.475,0.21382,0.040334,-0.00985,0.21781,298.78,1,1
28_A4,tier1_canopy_mid,1,300,1.05,2.05,1.475,0.42281,-0.015394,-0.018305,0.42349,298.607,1,1
28_A4,tier1_canopy_mid,1,300,1.05,2.1,1.475,0.38679,-0.04685,-0.022763,0.39028,298.649,1,1
28_A4,tier1_canopy_mid,1,300,1.1,2.1,1.475,0.44193,-0.085269,-0.020176,0.45053,298.679,1,1
28_A4,tier1_canopy_mid,1,300,1.15,2.1,1.475,0.52772,-0.15627,0.0070891,0.55042,298.717,1,1
28_A4,tier1_canopy_mid,1,300,1.2,2.1,1.475,0.58221,-0.305,0.09764,0.66447,298.779,1,1
28_A4,tier1_canopy_mid,1,300,1.05,2.15,1.475,0.34597,-0.057076,-0.022979,0.35139,298.681,1,1
28_A4,tier1_canopy_mid,1,300,1.1,2.15,1.475,0.37642,-0.095991,-0.026837,0.38939,298.712,1,1
28_A4,tier1_canopy_mid,1,300,1.05,2.2,1.475,0.31258,-0.05705,-0.018944,0.31831,298.707,1,1
28_A4,tier1_canopy_mid,1,300,1.1,2.2,1.475,0.33156,-0.084766,-0.025492,0.34317,298.74,1,1
28_A4,tier1_canopy_mid,1,300,1.15,2.15,1.475,0.40683,-0.15821,-0.019829,0.43696,298.749,1,1
28_A4,tier1_canopy_mid,1,300,1.2,2.15,1.475,0.40843,-0.2772,0.008575,0.49369,298.797,1,1
28_A4,tier1_canopy_mid,1,300,1.15,2.2,1.475,0.34168,-0.12009,-0.029924,0.3634,298.779,1,1
28_A4,tier1_canopy_mid,1,300,1.2,2.2,1.475,0.32736,-0.18319,-0.028374,0.3762,298.822,1,1
28_A4,tier1_canopy_mid,1,300,1.05,2.25,1.475,0.28157,-0.062124,-0.0089779,0.28848,298.74,1,1
28_A4,tier1_canopy_mid,1,300,1.0,2.25,1.475,0.27164,-0.026603,-0.0080272,0.27306,298.706,1,1
28_A4,tier1_canopy_mid,1,300,1.1,2.25,1.475,0.29956,-0.082416,-0.020017,0.31134,298.781,1,1
28_A4,tier1_canopy_mid,1,300,1.05,2.3,1.475,0.22317,-0.062144,0.011068,0.23192,298.781,1,1
28_A4,tier1_canopy_mid,1,300,1.1,2.3,1.475,0,0,0,0,302,1,1
28_A4,tier1_canopy_mid,1,300,1.15,2.25,1.475,0.30069,-0.090394,-0.036086,0.31605,298.826,1,1
28_A4,tier1_canopy_mid,1,300,1.2,2.25,1.475,0.27159,-0.11651,-0.048143,0.29942,298.868,1,1
28_A4,tier1_canopy_mid,1,300,1.15,2.3,1.475,-6.5225e-17,2.2065e-17,1.1801e-17,6.986e-17,302,1,1
28_A4,tier1_canopy_mid,1,300,1.2,2.3,1.475,0,0,0,0,302,1,1
28_A4,tier1_canopy_mid,1,300,1.05,2.35,1.475,0.17458,0.00095324,0.023668,0.17617,298.815,1,1
28_A4,tier1_canopy_mid,1,300,1.1,2.35,1.475,0,0,0,0,302,1,1
28_A4,tier1_canopy_mid,1,300,1.05,2.4,1.475,0.1975,0.060629,0.0026322,0.20661,298.819,1,1
28_A4,tier1_canopy_mid,1,300,1.1,2.4,1.475,0,0,0,0,302,1,1
28_A4,tier1_canopy_mid,1,300,1.2,2.35,1.475,0,0,0,0,302,1,1
28_A4,tier1_canopy_mid,1,300,1.2,2.4,1.475,0,0,0,0,302,1,1
28_A4,tier1_canopy_mid,1,300,1.15,2.4,1.475,0,0,0,0,302,1,1
28_A4,tier1_canopy_top,1,300,-1.15,1.6,1.6,-0.15109,0.031907,-0.15282,0.21725,298.907,1,1
28_A4,tier1_canopy_top,1,300,-1.2,1.6,1.6,-0.16027,0.051184,-0.1694,0.23875,298.874,1,1
28_A4,tier1_canopy_top,1,300,-1.2,1.65,1.6,-0.17034,0.064917,-0.19008,0.26336,298.847,1,1
28_A4,tier1_canopy_top,1,300,-1.15,1.65,1.6,-0.15603,0.039172,-0.16202,0.22832,298.901,1,1
28_A4,tier1_canopy_top,1,300,-1.05,1.6,1.6,-0.13467,-0.00098503,-0.14786,0.2,298.915,1,1
28_A4,tier1_canopy_top,1,300,-1.1,1.6,1.6,-0.14071,0.016396,-0.15139,0.20733,298.919,1,1
28_A4,tier1_canopy_top,1,300,-1.1,1.65,1.6,-0.1385,0.014392,-0.15977,0.21193,298.922,1,1
28_A4,tier1_canopy_top,1,300,-1.05,1.65,1.6,-0.12859,-0.0090577,-0.15598,0.20235,298.92,1,1
28_A4,tier1_canopy_top,1,300,-1.15,1.7,1.6,-0.16631,0.057952,-0.17905,0.25115,298.872,1,1
28_A4,tier1_canopy_top,1,300,-1.2,1.7,1.6,-0.18466,0.0907,-0.21929,0.30069,298.795,1,1
28_A4,tier1_canopy_top,1,300,-1.2,1.75,1.6,-0.20157,0.11595,-0.27191,0.35779,298.716,1,1
28_A4,tier1_canopy_top,1,300,-1.15,1.75,1.6,-0.17735,0.074138,-0.22441,0.29548,298.819,1,1
28_A4,tier1_canopy_top,1,300,-1.05,1.7,1.6,-0.11655,-0.014091,-0.16107,0.19931,298.908,1,1
28_A4,tier1_canopy_top,1,300,-1.1,1.7,1.6,-0.13849,0.02058,-0.16668,0.21768,298.905,1,1
28_A4,tier1_canopy_top,1,300,-1.1,1.75,1.6,-0.13701,0.024302,-0.19727,0.24141,298.86,1,1
28_A4,tier1_canopy_top,1,300,-1.05,1.75,1.6,-0.095195,-0.024741,-0.17978,0.20493,298.865,1,1
28_A4,tier1_canopy_top,1,300,-1.15,1.8,1.6,-0.14666,0.052525,-0.30465,0.34217,298.68,1,1
28_A4,tier1_canopy_top,1,300,-1.2,1.8,1.6,-0.20106,0.13254,-0.35539,0.42929,298.57,1,1
28_A4,tier1_canopy_top,1,300,-1.2,1.85,1.6,-0.05431,-0.015044,-0.50719,0.51031,298.214,1,1
28_A4,tier1_canopy_top,1,300,-1.15,1.85,1.6,0.028706,-0.081882,-0.41285,0.42187,298.335,1,1
28_A4,tier1_canopy_top,1,300,-1.05,1.8,1.6,-0.031444,-0.067012,-0.2166,0.2289,298.751,1,1
28_A4,tier1_canopy_top,1,300,-1.1,1.8,1.6,-0.086901,-0.016337,-0.2579,0.27264,298.729,1,1
28_A4,tier1_canopy_top,1,300,-1.1,1.85,1.6,0.086951,-0.12095,-0.32615,0.35856,298.441,1,1
28_A4,tier1_canopy_top,1,300,-1.05,1.85,1.6,0.12687,-0.14266,-0.25792,0.32089,298.529,1,1
28_A4,tier1_canopy_top,1,300,-1.15,1.9,1.6,0.54245,-0.19231,-0.53065,0.78283,297.801,1,1
28_A4,tier1_canopy_top,1,300,-1.2,1.9,1.6,0.6088,-0.13034,-0.72646,0.95675,297.6,1,1
28_A4,tier1_canopy_top,1,300,-1.2,1.95,1.6,1.312,-0.13295,-0.8341,1.5604,297.067,1,1
28_A4,tier1_canopy_top,1,300,-1.15,1.95,1.6,1.0936,-0.19543,-0.57589,1.2513,297.353,1,1
28_A4,tier1_canopy_top,1,300,-1.05,1.9,1.6,0.41631,-0.20076,-0.29844,0.55017,298.212,1,1
28_A4,tier1_canopy_top,1,300,-1.1,1.9,1.6,0.47569,-0.20286,-0.3939,0.65007,298.019,1,1
28_A4,tier1_canopy_top,1,300,-1.1,1.95,1.6,0.88876,-0.20778,-0.42096,1.0051,297.66,1,1
28_A4,tier1_canopy_top,1,300,-1.05,1.95,1.6,0.71035,-0.20223,-0.3158,0.80326,297.949,1,1
28_A4,tier1_canopy_top,1,300,-1.15,2.0,1.6,1.2241,-0.18806,-0.55512,1.3572,297.305,1,1
28_A4,tier1_canopy_top,1,300,-1.2,2.0,1.6,1.4509,-0.19775,-0.81263,1.6747,296.995,1,1
28_A4,tier1_canopy_top,1,300,-1.2,2.05,1.6,1.1803,-0.21825,-0.7664,1.4241,297.356,1,1
28_A4,tier1_canopy_top,1,300,-1.15,2.05,1.6,0.93397,-0.15014,-0.51251,1.0759,297.684,1,1
28_A4,tier1_canopy_top,1,300,-1.05,2.0,1.6,0.76487,-0.16782,-0.30372,0.8399,297.986,1,1
28_A4,tier1_canopy_top,1,300,-1.1,2.0,1.6,0.98517,-0.17897,-0.40555,1.0803,297.651,1,1
28_A4,tier1_canopy_top,1,300,-1.1,2.05,1.6,0.70712,-0.13162,-0.35823,0.80353,298.056,1,1
28_A4,tier1_canopy_top,1,300,-1.05,2.05,1.6,0.5161,-0.12534,-0.25871,0.59076,298.383,1,1
28_A4,tier1_canopy_top,1,300,-1.0,1.6,1.6,-0.12309,-0.022246,-0.13592,0.18472,298.901,1,1
28_A4,tier1_canopy_top,1,300,-1.0,1.65,1.6,-0.11264,-0.032099,-0.13948,0.18213,298.905,1,1
28_A4,tier1_canopy_top,1,300,-1.0,1.7,1.6,-0.091804,-0.042274,-0.14521,0.17692,298.893,1,1
28_A4,tier1_canopy_top,1,300,-1.0,1.75,1.6,-0.055433,-0.060872,-0.15889,0.17895,298.853,1,1
28_A4,tier1_canopy_top,1,300,-1.0,1.8,1.6,0.015732,-0.098396,-0.1809,0.20653,298.76,1,1
28_A4,tier1_canopy_top,1,300,-1.0,1.85,1.6,0.15261,-0.15161,-0.20681,0.2984,298.594,1,1
28_A4,tier1_canopy_top,1,300,-1.0,1.9,1.6,0.36782,-0.19113,-0.23138,0.47472,298.368,1,1
28_A4,tier1_canopy_top,1,300,-1.0,1.95,1.6,0.57183,-0.18837,-0.24232,0.64899,298.196,1,1
28_A4,tier1_canopy_top,1,300,-1.0,2.0,1.6,0.59136,-0.15481,-0.23276,0.6541,298.267,1,1
28_A4,tier1_canopy_top,1,300,-1.0,2.05,1.6,0.38036,-0.12061,-0.19605,0.44458,298.613,1,1
28_A4,tier1_canopy_top,1,300,-0.95,1.6,1.6,-0.10271,-0.042272,-0.12397,0.16645,298.881,1,1
28_A4,tier1_canopy_top,1,300,-0.95,1.65,1.6,-0.086113,-0.053214,-0.12517,0.16098,298.881,1,1
28_A4,tier1_canopy_top,1,300,-1.0,1.65,1.6,-0.11264,-0.032099,-0.13948,0.18213,298.905,1,1
28_A4,tier1_canopy_top,1,300,-0.85,1.6,1.6,-0.051739,-0.076008,-0.1019,0.13725,298.828,1,1
28_A4,tier1_canopy_top,1,300,-0.9,1.6,1.6,-0.078229,-0.06021,-0.11242,0.14961,298.856,1,1
28_A4,tier1_canopy_top,1,300,-0.9,1.65,1.6,-0.056814,-0.071236,-0.11227,0.14459,298.854,1,1
28_A4,tier1_canopy_top,1,300,-0.85,1.65,1.6,-0.0275,-0.086012,-0.10078,0.13531,298.824,1,1
28_A4,tier1_canopy_top,1,300,-0.75,1.6,1.6,0.0015126,-0.10159,-0.083491,0.13151,298.772,1,1
28_A4,tier1_canopy_top,1,300,-0.8,1.6,1.6,-0.024833,-0.089834,-0.092242,0.13113,298.8,1,1
28_A4,tier1_canopy_top,1,300,-0.8,1.65,1.6,0.00070328,-0.09823,-0.090019,0.13324,298.795,1,1
28_A4,tier1_canopy_top,1,300,-0.75,1.65,1.6,0.027892,-0.10836,-0.080189,0.13766,298.766,1,1
28_A4,tier1_canopy_top,1,300,-0.65,1.6,1.6,0.050777,-0.1196,-0.068643,0.14695,298.717,1,1
28_A4,tier1_canopy_top,1,300,-0.7,1.6,1.6,0.026826,-0.11142,-0.075666,0.13733,298.744,1,1
28_A4,tier1_canopy_top,1,300,-0.7,1.65,1.6,0.053725,-0.11657,-0.071552,0.14695,298.737,1,1
28_A4,tier1_canopy_top,1,300,-0.65,1.65,1.6,0.077609,-0.12305,-0.063995,0.15893,298.71,1,1
28_A4,tier1_canopy_top,1,300,-0.55,1.6,1.6,0.093218,-0.13162,-0.056672,0.17095,298.668,1,1
28_A4,tier1_canopy_top,1,300,-0.6,1.6,1.6,0.073016,-0.12632,-0.062325,0.15866,298.692,1,1
28_A4,tier1_canopy_top,1,300,-0.6,1.65,1.6,0.099123,-0.12796,-0.057376,0.17173,298.685,1,1
28_A4,tier1_canopy_top,1,300,-0.55,1.65,1.6,0.11817,-0.13153,-0.051575,0.18418,298.661,1,1
28_A4,tier1_canopy_top,1,300,-0.45,1.6,1.6,0.12738,-0.1386,-0.04697,0.19402,298.626,1,1
28_A4,tier1_canopy_top,1,300,-0.5,1.6,1.6,0.1113,-0.13564,-0.051598,0.18289,298.646,1,1
28_A4,tier1_canopy_top,1,300,-0.5,1.65,1.6,0.13491,-0.13401,-0.046439,0.19574,298.64,1,1
28_A4,tier1_canopy_top,1,300,-0.45,1.65,1.6,0.1495,-0.13564,-0.041833,0.20615,298.621,1,1
28_A4,tier1_canopy_top,1,300,-0.35,1.6,1.6,0.15397,-0.14206,-0.038617,0.21302,298.59,1,1
28_A4,tier1_canopy_top,1,300,-0.4,1.6,1.6,0.14156,-0.1407,-0.042675,0.2041,298.607,1,1
28_A4,tier1_canopy_top,1,300,-0.4,1.65,1.6,0.16209,-0.1366,-0.037628,0.21529,298.603,1,1
28_A4,tier1_canopy_top,1,300,-0.35,1.65,1.6,0.17287,-0.13701,-0.03373,0.22315,298.587,1,1
28_A4,tier1_canopy_top,1,300,-0.95,1.7,1.6,-0.059067,-0.065943,-0.12961,0.15696,298.869,1,1
28_A4,tier1_canopy_top,1,300,-0.95,1.75,1.6,-0.016433,-0.085508,-0.13892,0.16395,298.834,1,1
28_A4,tier1_canopy_top,1,300,-1.0,1.75,1.6,-0.055433,-0.060872,-0.15889,0.17895,298.853,1,1
28_A4,tier1_canopy_top,1,300,-0.85,1.7,1.6,0.0046951,-0.096739,-0.1035,0.14175,298.814,1,1
28_A4,tier1_canopy_top,1,300,-0.9,1.7,1.6,-0.025879,-0.083817,-0.11578,0.14526,298.842,1,1
28_A4,tier1_canopy_top,1,300,-0.9,1.75,1.6,0.018641,-0.10108,-0.12241,0.15984,298.813,1,1
28_A4,tier1_canopy_top,1,300,-0.85,1.75,1.6,0.048459,-0.11058,-0.10845,0.16229,298.791,1,1
28_A4,tier1_canopy_top,1,300,-0.75,1.7,1.6,0.059827,-0.1143,-0.079853,0.15173,298.757,1,1
28_A4,tier1_canopy_top,1,300,-0.8,1.7,1.6,0.032927,-0.10656,-0.091296,0.14414,298.785,1,1
28_A4,tier1_canopy_top,1,300,-0.8,1.75,1.6,0.074514,-0.11658,-0.094694,0.16766,298.768,1,1
28_A4,tier1_canopy_top,1,300,-0.75,1.75,1.6,0.098532,-0.12044,-0.081803,0.1758,298.745,1,1
28_A4,tier1_canopy_top,1,300,-0.65,1.7,1.6,0.10759,-0.12422,-0.061969,0.17563,298.703,1,1
28_A4,tier1_canopy_top,1,300,-0.7,1.7,1.6,0.08499,-0.12013,-0.070117,0.16301,298.729,1,1
28_A4,tier1_canopy_top,1,300,-0.7,1.75,1.6,0.12049,-0.12265,-0.071163,0.18608,298.721,1,1
28_A4,tier1_canopy_top,1,300,-0.65,1.75,1.6,0.13972,-0.12352,-0.0626,0.19672,298.699,1,1
28_A4,tier1_canopy_top,1,300,-0.55,1.7,1.6,0.14454,-0.12845,-0.049014,0.19948,298.658,1,1
28_A4,tier1_canopy_top,1,300,-0.6,1.7,1.6,0.12737,-0.12687,-0.05503,0.18801,298.68,1,1
28_A4,tier1_canopy_top,1,300,-0.6,1.75,1.6,0.15622,-0.12347,-0.055442,0.2067,298.679,1,1
28_A4,tier1_canopy_top,1,300,-0.55,1.75,1.6,0.17031,-0.12284,-0.04928,0.21569,298.66,1,1
28_A4,tier1_canopy_top,1,300,-0.45,1.7,1.6,0.17196,-0.12948,-0.039077,0.21878,298.62,1,1
28_A4,tier1_canopy_top,1,300,-0.5,1.7,1.6,0.15934,-0.12925,-0.043746,0.20978,298.638,1,1
28_A4,tier1_canopy_top,1,300,-0.5,1.75,1.6,0.18222,-0.12183,-0.043924,0.22355,298.643,1,1
28_A4,tier1_canopy_top,1,300,-0.45,1.75,1.6,0.19215,-0.12061,-0.039198,0.23023,298.627,1,1
28_A4,tier1_canopy_top,1,300,-0.35,1.7,1.6,0.19154,-0.12882,-0.030978,0.2329,298.589,1,1
28_A4,tier1_canopy_top,1,300,-0.4,1.7,1.6,0.18262,-0.1293,-0.034854,0.22646,298.604,1,1
28_A4,tier1_canopy_top,1,300,-0.4,1.75,1.6,0.20035,-0.11933,-0.034904,0.23579,298.612,1,1
28_A4,tier1_canopy_top,1,300,-0.35,1.75,1.6,0.20707,-0.11804,-0.030947,0.24036,298.598,1,1
28_A4,tier1_canopy_top,1,300,-0.95,1.8,1.6,0.054185,-0.1154,-0.15246,0.19874,298.761,1,1
28_A4,tier1_canopy_top,1,300,-0.95,1.85,1.6,0.16922,-0.1517,-0.16918,0.28332,298.641,1,1
28_A4,tier1_canopy_top,1,300,-1.0,1.85,1.6,0.15261,-0.15161,-0.20681,0.2984,298.594,1,1
28_A4,tier1_canopy_top,1,300,-0.85,1.8,1.6,0.10814,-0.12628,-0.11385,0.2015,298.752,1,1
28_A4,tier1_canopy_top,1,300,-0.9,1.8,1.6,0.084623,-0.12343,-0.13088,0.19881,298.758,1,1
28_A4,tier1_canopy_top,1,300,-0.9,1.85,1.6,0.17931,-0.14672,-0.1422,0.27184,298.675,1,1
28_A4,tier1_canopy_top,1,300,-0.85,1.85,1.6,0.18469,-0.13966,-0.12195,0.2617,298.697,1,1
28_A4,tier1_canopy_top,1,300,-0.75,1.8,1.6,0.14395,-0.12522,-0.084918,0.20883,298.728,1,1
28_A4,tier1_canopy_top,1,300,-0.8,1.8,1.6,0.12711,-0.12645,-0.098524,0.20458,298.742,1,1
28_A4,tier1_canopy_top,1,300,-0.8,1.85,1.6,0.18813,-0.1325,-0.10465,0.25278,298.709,1,1
28_A4,tier1_canopy_top,1,300,-0.75,1.85,1.6,0.19215,-0.12586,-0.090013,0.24671,298.713,1,1
28_A4,tier1_canopy_top,1,300,-0.65,1.8,1.6,0.17249,-0.12041,-0.065292,0.22026,298.698,1,1
28_A4,tier1_canopy_top,1,300,-0.7,1.8,1.6,0.15919,-0.12308,-0.073963,0.21439,298.714,1,1
28_A4,tier1_canopy_top,1,300,-0.7,1.85,1.6,0.19706,-0.11962,-0.078721,0.2436,298.711,1,1
28_A4,tier1_canopy_top,1,300,-0.65,1.85,1.6,0.20204,-0.11381,-0.070027,0.24223,298.706,1,1
28_A4,tier1_canopy_top,1,300,-0.55,1.8,1.6,0.19346,-0.11473,-0.051899,0.23084,298.669,1,1
28_A4,tier1_canopy_top,1,300,-0.6,1.8,1.6,0.18384,-0.11756,-0.058088,0.22581,298.683,1,1
28_A4,tier1_canopy_top,1,300,-0.6,1.85,1.6,0.20667,-0.10858,-0.062858,0.24177,298.698,1,1
28_A4,tier1_canopy_top,1,300,-0.55,1.85,1.6,0.21088,-0.10396,-0.056702,0.24186,298.688,1,1
28_A4,tier1_canopy_top,1,300,-0.45,1.8,1.6,0.20808,-0.10948,-0.041767,0.2388,298.641,1,1
28_A4,tier1_canopy_top,1,300,-0.5,1.8,1.6,0.20151,-0.112,-0.046534,0.23519,298.655,1,1
28_A4,tier1_canopy_top,1,300,-0.5,1.85,1.6,0.21453,-0.099892,-0.051401,0.24216,298.678,1,1
28_A4,tier1_canopy_top,1,300,-0.45,1.85,1.6,0.21746,-0.096416,-0.046587,0.2424,298.667,1,1
28_A4,tier1_canopy_top,1,300,-0.35,1.8,1.6,0.21773,-0.10539,-0.033176,0.24416,298.617,1,1
28_A4,tier1_canopy_top,1,300,-0.4,1.8,1.6,0.2134,-0.10728,-0.037332,0.24174,298.629,1,1
28_A4,tier1_canopy_top,1,300,-0.4,1.85,1.6,0.21988,-0.093643,-0.041841,0.24262,298.656,1,1
28_A4,tier1_canopy_top,1,300,-0.35,1.85,1.6,0.22203,-0.091452,-0.037284,0.24301,298.645,1,1
28_A4,tier1_canopy_top,1,300,-0.95,1.9,1.6,0.32872,-0.17646,-0.18538,0.41661,298.49,1,1
28_A4,tier1_canopy_top,1,300,-1.0,1.9,1.6,0.36782,-0.19113,-0.23138,0.47472,298.368,1,1
28_A4,tier1_canopy_top,1,300,-0.95,1.95,1.6,0.4667,-0.17052,-0.19332,0.53316,298.39,1,1
28_A4,tier1_canopy_top,1,300,-0.85,1.9,1.6,0.2692,-0.14478,-0.13281,0.33327,298.643,1,1
28_A4,tier1_canopy_top,1,300,-0.9,1.9,1.6,0.29641,-0.16018,-0.15475,0.37076,298.579,1,1
28_A4,tier1_canopy_top,1,300,-0.9,1.95,1.6,0.38677,-0.15247,-0.16208,0.44621,298.533,1,1
28_A4,tier1_canopy_top,1,300,-0.85,1.95,1.6,0.3258,-0.1362,-0.14042,0.38001,298.633,1,1
28_A4,tier1_canopy_top,1,300,-0.75,1.9,1.6,0.23388,-0.12062,-0.09736,0.28059,298.711,1,1
28_A4,tier1_canopy_top,1,300,-0.8,1.9,1.6,0.2479,-0.13157,-0.1137,0.30281,298.686,1,1
28_A4,tier1_canopy_top,1,300,-0.8,1.95,1.6,0.28086,-0.1221,-0.12133,0.32941,298.7,1,1
28_A4,tier1_canopy_top,1,300,-0.75,1.95,1.6,0.25082,-0.11009,-0.10471,0.29325,298.742,1,1
28_A4,tier1_canopy_top,1,300,-0.65,1.9,1.6,0.2215,-0.10347,-0.076561,0.25619,298.728,1,1
28_A4,tier1_canopy_top,1,300,-0.7,1.9,1.6,0.22591,-0.11137,-0.085342,0.26594,298.724,1,1
28_A4,tier1_canopy_top,1,300,-0.7,1.95,1.6,0.23241,-0.10003,-0.092673,0.26946,298.765,1,1
28_A4,tier1_canopy_top,1,300,-0.65,1.95,1.6,0.22129,-0.091706,-0.084035,0.25386,298.776,1,1
28_A4,tier1_canopy_top,1,300,-0.55,1.9,1.6,0.21825,-0.091187,-0.063316,0.24486,298.722,1,1
28_A4,tier1_canopy_top,1,300,-0.6,1.9,1.6,0.21918,-0.096784,-0.069427,0.24945,298.727,1,1
28_A4,tier1_canopy_top,1,300,-0.6,1.95,1.6,0.21468,-0.084858,-0.076941,0.24333,298.778,1,1
28_A4,tier1_canopy_top,1,300,-0.55,1.95,1.6,0.21108,-0.079235,-0.070749,0.2363,298.774,1,1
28_A4,tier1_canopy_top,1,300,-0.45,1.9,1.6,0.21792,-0.082638,-0.053249,0.23906,298.706,1,1
28_A4,tier1_canopy_top,1,300,-0.5,1.9,1.6,0.21802,-0.086482,-0.05814,0.24164,298.715,1,1
28_A4,tier1_canopy_top,1,300,-0.5,1.95,1.6,0.20919,-0.07462,-0.065468,0.23154,298.767,1,1
28_A4,tier1_canopy_top,1,300,-0.45,1.95,1.6,0.20804,-0.070918,-0.060224,0.22789,298.757,1,1
28_A4,tier1_canopy_top,1,300,-0.35,1.9,1.6,0.21893,-0.077525,-0.04266,0.23614,298.685,1,1
28_A4,tier1_canopy_top,1,300,-0.4,1.9,1.6,0.21812,-0.079715,-0.047922,0.23712,298.696,1,1
28_A4,tier1_canopy_top,1,300,-0.4,1.95,1.6,0.20779,-0.068087,-0.054067,0.22524,298.746,1,1
28_A4,tier1_canopy_top,1,300,-0.35,1.95,1.6,0.20877,-0.065946,-0.047885,0.22411,298.733,1,1
28_A4,tier1_canopy_top,1,300,-0.65,2.0,1.6,0.19537,-0.083258,-0.087204,0.22958,298.851,1,1
28_A4,tier1_canopy_top,1,300,-0.7,2.0,1.6,0.20483,-0.090567,-0.095126,0.24333,298.845,1,1
28_A4,tier1_canopy_top,1,300,-0.65,2.05,1.6,0.1511,-0.080456,-0.081448,0.18957,298.938,1,1
28_A4,tier1_canopy_top,1,300,-0.7,2.05,1.6,0.15004,-0.087205,-0.088238,0.19469,298.946,1,1
28_A4,tier1_canopy_top,1,300,-0.55,2.0,1.6,0.18929,-0.071797,-0.074161,0.21561,298.841,1,1
28_A4,tier1_canopy_top,1,300,-0.6,2.0,1.6,0.19078,-0.077056,-0.080363,0.22089,298.849,1,1
28_A4,tier1_canopy_top,1,300,-0.6,2.05,1.6,0.15458,-0.074266,-0.075252,0.18728,298.925,1,1
28_A4,tier1_canopy_top,1,300,-0.55,2.05,1.6,0.15934,-0.068755,-0.069414,0.18691,298.909,1,1
28_A4,tier1_canopy_top,1,300,-0.45,2.0,1.6,0.19012,-0.063768,-0.063012,0.21019,298.817,1,1
28_A4,tier1_canopy_top,1,300,-0.5,2.0,1.6,0.1894,-0.06739,-0.068691,0.21244,298.83,1,1
28_A4,tier1_canopy_top,1,300,-0.5,2.05,1.6,0.16439,-0.064031,-0.064089,0.1877,298.891,1,1
28_A4,tier1_canopy_top,1,300,-0.45,2.05,1.6,0.1692,-0.060034,-0.058332,0.18878,298.873,1,1
28_A4,tier1_canopy_top,1,300,-0.35,2.0,1.6,0.19459,-0.058357,-0.04936,0.20906,298.786,1,1
28_A4,tier1_canopy_top,1,300,-0.4,2.0,1.6,0.19173,-0.060803,-0.056192,0.20884,298.802,1,1
28_A4,tier1_canopy_top,1,300,-0.4,2.05,1.6,0.17438,-0.056493,-0.051414,0.19037,298.854,1,1
28_A4,tier1_canopy_top,1,300,-0.35,2.05,1.6,0.18029,-0.05329,-0.044647,0.19323,298.834,1,1
28_A4,tier1_canopy_top,1,300,-0.95,2.0,1.6,0.46229,-0.1417,-0.18632,0.51818,298.478,1,1
28_A4,tier1_canopy_top,1,300,-0.9,2.0,1.6,0.36809,-0.12977,-0.15685,0.42063,298.625,1,1
28_A4,tier1_canopy_top,1,300,-0.85,2.0,1.6,0.30011,-0.119,-0.1366,0.35055,298.725,1,1
28_A4,tier1_canopy_top,1,300,-0.8,2.0,1.6,0.25268,-0.1088,-0.11975,0.30004,298.789,1,1
28_A4,tier1_canopy_top,1,300,-0.75,2.0,1.6,0.22236,-0.09914,-0.1056,0.26537,298.827,1,1
28_A4,tier1_canopy_top,1,300,-0.75,2.05,1.6,0.15377,-0.094307,-0.096412,0.20454,298.947,1,1
28_A4,tier1_canopy_top,1,300,-0.25,1.6,1.6,0.17392,-0.14291,-0.030954,0.22722,298.559,1,1
28_A4,tier1_canopy_top,1,300,-0.3,1.6,1.6,0.16472,-0.14278,-0.034726,0.22073,298.574,1,1
28_A4,tier1_canopy_top,1,300,-0.3,1.65,1.6,0.18199,-0.13697,-0.030085,0.22975,298.572,1,1
28_A4,tier1_canopy_top,1,300,-0.25,1.65,1.6,0.1896,-0.1365,-0.02664,0.23514,298.558,1,1
28_A4,tier1_canopy_top,1,300,-0.15,1.6,1.6,0.18804,-0.14146,-0.023701,0.23649,298.531,1,1
28_A4,tier1_canopy_top,1,300,-0.2,1.6,1.6,0.18167,-0.14247,-0.027291,0.23248,298.545,1,1
28_A4,tier1_canopy_top,1,300,-0.2,1.65,1.6,0.1958,-0.1356,-0.023382,0.23932,298.545,1,1
28_A4,tier1_canopy_top,1,300,-0.15,1.65,1.6,0.20066,-0.13431,-0.020243,0.24231,298.533,1,1
28_A4,tier1_canopy_top,1,300,-0.05,1.6,1.6,0.19705,-0.13787,-0.016304,0.24104,298.507,1,1
28_A4,tier1_canopy_top,1,300,-0.1,1.6,1.6,0.19312,-0.13993,-0.020069,0.23933,298.519,1,1
28_A4,tier1_canopy_top,1,300,-0.1,1.65,1.6,0.20434,-0.13269,-0.017047,0.24424,298.522,1,1
28_A4,tier1_canopy_top,1,300,-0.05,1.65,1.6,0.20702,-0.1307,-0.0137,0.24521,298.511,1,1
28_A4,tier1_canopy_top,1,300,0.05,1.6,1.6,0.20181,-0.13211,-0.0082596,0.24135,298.483,1,1
28_A4,tier1_canopy_top,1,300,0.0,1.6,1.6,0.19992,-0.13527,-0.012376,0.2417,298.495,1,1
28_A4,tier1_canopy_top,1,300,0.0,1.65,1.6,0.20886,-0.12832,-0.010181,0.24534,298.5,1,1
28_A4,tier1_canopy_top,1,300,0.05,1.65,1.6,0.20996,-0.12549,-0.0064564,0.24469,298.489,1,1
28_A4,tier1_canopy_top,1,300,0.15,1.6,1.6,0.20258,-0.1238,0.00059111,0.23741,298.459,1,1
28_A4,tier1_canopy_top,1,300,0.1,1.6,1.6,0.20272,-0.12834,-0.0039258,0.23996,298.471,1,1
28_A4,tier1_canopy_top,1,300,0.1,1.65,1.6,0.21027,-0.12211,-0.0025153,0.24317,298.478,1,1
28_A4,tier1_canopy_top,1,300,0.15,1.65,1.6,0.20961,-0.11798,0.0015971,0.24054,298.466,1,1
28_A4,tier1_canopy_top,1,300,0.25,1.6,1.6,0.19794,-0.11177,0.0095574,0.22751,298.435,1,1
28_A4,tier1_canopy_top,1,300,0.2,1.6,1.6,0.20106,-0.1183,0.0051397,0.23334,298.447,1,1
28_A4,tier1_canopy_top,1,300,0.2,1.65,1.6,0.20764,-0.11298,0.0057559,0.23646,298.455,1,1
28_A4,tier1_canopy_top,1,300,0.25,1.65,1.6,0.20419,-0.10704,0.0098829,0.23076,298.445,1,1
28_A4,tier1_canopy_top,1,300,0.35,1.6,1.6,0.18721,-0.095362,0.017533,0.21083,298.416,1,1
28_A4,tier1_canopy_top,1,300,0.3,1.6,1.6,0.19329,-0.10415,0.013737,0.22,298.425,1,1
28_A4,tier1_canopy_top,1,300,0.3,1.65,1.6,0.19941,-0.10016,0.013935,0.22359,298.435,1,1
28_A4,tier1_canopy_top,1,300,0.35,1.65,1.6,0.19347,-0.092216,0.017724,0.21505,298.425,1,1
28_A4,tier1_canopy_top,1,300,-0.25,1.7,1.6,0.20488,-0.12714,-0.024171,0.24233,298.562,1,1
28_A4,tier1_canopy_top,1,300,-0.3,1.7,1.6,0.19891,-0.1281,-0.027432,0.23817,298.575,1,1
28_A4,tier1_canopy_top,1,300,-0.3,1.75,1.6,0.21249,-0.11675,-0.027341,0.24399,298.586,1,1
28_A4,tier1_canopy_top,1,300,-0.25,1.75,1.6,0.21673,-0.11544,-0.024073,0.24673,298.574,1,1
28_A4,tier1_canopy_top,1,300,-0.15,1.7,1.6,0.21293,-0.12455,-0.018325,0.24736,298.54,1,1
28_A4,tier1_canopy_top,1,300,-0.2,1.7,1.6,0.20953,-0.12595,-0.021179,0.24539,298.551,1,1
28_A4,tier1_canopy_top,1,300,-0.2,1.75,1.6,0.21984,-0.11413,-0.021125,0.2486,298.564,1,1
28_A4,tier1_canopy_top,1,300,-0.15,1.75,1.6,0.22188,-0.11279,-0.018341,0.24958,298.554,1,1
28_A4,tier1_canopy_top,1,300,-0.05,1.7,1.6,0.21684,-0.12119,-0.012193,0.2487,298.52,1,1
28_A4,tier1_canopy_top,1,300,-0.1,1.7,1.6,0.21528,-0.12298,-0.015347,0.2484,298.53,1,1
28_A4,tier1_canopy_top,1,300,-0.1,1.75,1.6,0.22305,-0.11138,-0.015432,0.24979,298.544,1,1
28_A4,tier1_canopy_top,1,300,-0.05,1.75,1.6,0.22362,-0.10986,-0.012358,0.24946,298.535,1,1
28_A4,tier1_canopy_top,1,300,0.05,1.7,1.6,0.21822,-0.1167,-0.0054491,0.24753,298.5,1,1
28_A4,tier1_canopy_top,1,300,0.0,1.7,1.6,0.2178,-0.11913,-0.0089026,0.24841,298.51,1,1
28_A4,tier1_canopy_top,1,300,0.0,1.75,1.6,0.22377,-0.10815,-0.0091926,0.2487,298.526,1,1
28_A4,tier1_canopy_top,1,300,0.05,1.75,1.6,0.22352,-0.10617,-0.0059223,0.24752,298.517,1,1
28_A4,tier1_canopy_top,1,300,0.15,1.7,1.6,0.21679,-0.11019,0.0018703,0.2432,298.479,1,1
28_A4,tier1_canopy_top,1,300,0.1,1.7,1.6,0.21795,-0.11377,-0.0018457,0.24587,298.49,1,1
28_A4,tier1_canopy_top,1,300,0.1,1.75,1.6,0.22273,-0.1038,-0.0025695,0.24575,298.507,1,1
28_A4,tier1_canopy_top,1,300,0.15,1.75,1.6,0.22121,-0.1009,0.00084118,0.24314,298.498,1,1
28_A4,tier1_canopy_top,1,300,0.25,1.7,1.6,0.2108,-0.10058,0.0095337,0.23376,298.459,1,1
28_A4,tier1_canopy_top,1,300,0.2,1.7,1.6,0.21446,-0.10581,0.0056496,0.23921,298.469,1,1
28_A4,tier1_canopy_top,1,300,0.2,1.75,1.6,0.2187,-0.097289,0.0043157,0.2394,298.488,1,1
28_A4,tier1_canopy_top,1,300,0.25,1.75,1.6,0.21505,-0.092854,0.0079837,0.23437,298.479,1,1
28_A4,tier1_canopy_top,1,300,0.35,1.7,1.6,0.20033,-0.087434,0.017384,0.21927,298.44,1,1
28_A4,tier1_canopy_top,1,300,0.3,1.7,1.6,0.20602,-0.094486,0.01353,0.22706,298.449,1,1
28_A4,tier1_canopy_top,1,300,0.3,1.75,1.6,0.21043,-0.087577,0.011908,0.22824,298.469,1,1
28_A4,tier1_canopy_top,1,300,0.35,1.75,1.6,0.2051,-0.081406,0.015799,0.22123,298.46,1,1
28_A4,tier1_canopy_top,1,300,-0.25,1.8,1.6,0.2237,-0.10218,-0.025963,0.2473,298.594,1,1
28_A4,tier1_canopy_top,1,300,-0.3,1.8,1.6,0.22116,-0.1037,-0.029393,0.24603,298.605,1,1
28_A4,tier1_canopy_top,1,300,-0.3,1.85,1.6,0.22382,-0.089601,-0.033228,0.24337,298.634,1,1
28_A4,tier1_canopy_top,1,300,-0.25,1.85,1.6,0.22501,-0.088049,-0.029553,0.24342,298.624,1,1
28_A4,tier1_canopy_top,1,300,-0.15,1.8,1.6,0.22631,-0.099763,-0.019769,0.24812,298.575,1,1
28_A4,tier1_canopy_top,1,300,-0.2,1.8,1.6,0.22539,-0.10089,-0.022784,0.24799,298.584,1,1
28_A4,tier1_canopy_top,1,300,-0.2,1.85,1.6,0.22562,-0.086885,-0.025957,0.24316,298.614,1,1
28_A4,tier1_canopy_top,1,300,-0.15,1.85,1.6,0.22584,-0.08603,-0.022454,0.24271,298.604,1,1
28_A4,tier1_canopy_top,1,300,-0.05,1.8,1.6,0.22644,-0.097467,-0.013717,0.24691,298.558,1,1
28_A4,tier1_canopy_top,1,300,-0.1,1.8,1.6,0.22662,-0.098647,-0.016768,0.24772,298.566,1,1
28_A4,tier1_canopy_top,1,300,-0.1,1.85,1.6,0.2257,-0.085281,-0.019138,0.24203,298.595,1,1
28_A4,tier1_canopy_top,1,300,-0.05,1.85,1.6,0.22518,-0.084524,-0.015972,0.24105,298.586,1,1
28_A4,tier1_canopy_top,1,300,0.05,1.8,1.6,0.22504,-0.094697,-0.0074817,0.24427,298.54,1,1
28_A4,tier1_canopy_top,1,300,0.0,1.8,1.6,0.22589,-0.096178,-0.010634,0.24574,298.549,1,1
28_A4,tier1_canopy_top,1,300,0.0,1.85,1.6,0.22429,-0.083719,-0.012875,0.23975,298.578,1,1
28_A4,tier1_canopy_top,1,300,0.05,1.85,1.6,0.2231,-0.082783,-0.0097582,0.23816,298.569,1,1
28_A4,tier1_canopy_top,1,300,0.15,1.8,1.6,0.22215,-0.090764,-0.00099012,0.23998,298.522,1,1
28_A4,tier1_canopy_top,1,300,0.1,1.8,1.6,0.22386,-0.092935,-0.0042585,0.24242,298.531,1,1
28_A4,tier1_canopy_top,1,300,0.1,1.85,1.6,0.22167,-0.081622,-0.0065821,0.23631,298.56,1,1
28_A4,tier1_canopy_top,1,300,0.15,1.85,1.6,0.21996,-0.080125,-0.0033751,0.23412,298.551,1,1
28_A4,tier1_canopy_top,1,300,0.25,1.8,1.6,0.21625,-0.084395,0.0056999,0.23221,298.503,1,1
28_A4,tier1_canopy_top,1,300,0.2,1.8,1.6,0.21969,-0.087976,0.0022821,0.23666,298.513,1,1
28_A4,tier1_canopy_top,1,300,0.2,1.85,1.6,0.21768,-0.078118,-0.00025467,0.23127,298.542,1,1
28_A4,tier1_canopy_top,1,300,0.25,1.85,1.6,0.21458,-0.07542,0.002907,0.22747,298.533,1,1
28_A4,tier1_canopy_top,1,300,0.35,1.8,1.6,0.20705,-0.074741,0.013205,0.22052,298.485,1,1
28_A4,tier1_canopy_top,1,300,0.3,1.8,1.6,0.21195,-0.079985,0.0094268,0.22674,298.494,1,1
28_A4,tier1_canopy_top,1,300,0.3,1.85,1.6,0.21072,-0.071953,0.0063874,0.22276,298.523,1,1
28_A4,tier1_canopy_top,1,300,0.35,1.85,1.6,0.20634,-0.067739,0.010031,0.2174,298.514,1,1
28_A4,tier1_canopy_top,1,300,-0.25,1.9,1.6,0.22055,-0.074353,-0.034236,0.23525,298.662,1,1
28_A4,tier1_canopy_top,1,300,-0.3,1.9,1.6,0.21994,-0.075761,-0.038209,0.23574,298.673,1,1
28_A4,tier1_canopy_top,1,300,-0.3,1.95,1.6,0.21031,-0.064289,-0.042818,0.22405,298.72,1,1
28_A4,tier1_canopy_top,1,300,-0.25,1.95,1.6,0.21151,-0.063017,-0.038381,0.22401,298.707,1,1
28_A4,tier1_canopy_top,1,300,-0.15,1.9,1.6,0.22088,-0.072745,-0.025923,0.23399,298.641,1,1
28_A4,tier1_canopy_top,1,300,-0.2,1.9,1.6,0.22076,-0.073372,-0.03009,0.23458,298.651,1,1
28_A4,tier1_canopy_top,1,300,-0.2,1.95,1.6,0.21233,-0.062075,-0.033679,0.22376,298.694,1,1
28_A4,tier1_canopy_top,1,300,-0.15,1.95,1.6,0.2131,-0.061412,-0.028936,0.22365,298.682,1,1
28_A4,tier1_canopy_top,1,300,-0.05,1.9,1.6,0.22052,-0.071899,-0.018663,0.23269,298.621,1,1
28_A4,tier1_canopy_top,1,300,-0.1,1.9,1.6,0.22086,-0.072292,-0.022115,0.23344,298.63,1,1
28_A4,tier1_canopy_top,1,300,-0.1,1.95,1.6,0.21378,-0.060967,-0.024695,0.22367,298.669,1,1
28_A4,tier1_canopy_top,1,300,-0.05,1.95,1.6,0.21408,-0.060679,-0.020951,0.2235,298.658,1,1
28_A4,tier1_canopy_top,1,300,0.05,1.9,1.6,0.21868,-0.071075,-0.012219,0.23027,298.602,1,1
28_A4,tier1_canopy_top,1,300,0.0,1.9,1.6,0.21978,-0.071518,-0.015405,0.23164,298.611,1,1
28_A4,tier1_canopy_top,1,300,0.0,1.95,1.6,0.2139,-0.060489,-0.017494,0.22298,298.647,1,1
28_A4,tier1_canopy_top,1,300,0.05,1.95,1.6,0.21328,-0.060329,-0.014182,0.2221,298.637,1,1
28_A4,tier1_canopy_top,1,300,0.15,1.9,1.6,0.21574,-0.069583,-0.0058794,0.22676,298.583,1,1
28_A4,tier1_canopy_top,1,300,0.1,1.9,1.6,0.21731,-0.070466,-0.009041,0.22863,298.593,1,1
28_A4,tier1_canopy_top,1,300,0.1,1.95,1.6,0.21231,-0.060112,-0.010945,0.22093,298.627,1,1
28_A4,tier1_canopy_top,1,300,0.15,1.95,1.6,0.21109,-0.059738,-0.0077777,0.21952,298.617,1,1
28_A4,tier1_canopy_top,1,300,0.25,1.9,1.6,0.21106,-0.066482,5.2111e-05,0.22128,298.565,1,1
28_A4,tier1_canopy_top,1,300,0.2,1.9,1.6,0.21375,-0.068305,-0.0028783,0.22441,298.574,1,1
28_A4,tier1_canopy_top,1,300,0.2,1.95,1.6,0.20952,-0.059121,-0.0048176,0.21776,298.607,1,1
28_A4,tier1_canopy_top,1,300,0.25,1.95,1.6,0.20738,-0.058115,-0.0020161,0.21538,298.597,1,1
28_A4,tier1_canopy_top,1,300,0.35,1.9,1.6,0.20394,-0.0608,0.0068342,0.21292,298.545,1,1
28_A4,tier1_canopy_top,1,300,0.3,1.9,1.6,0.20771,-0.063987,0.0032716,0.21737,298.555,1,1
28_A4,tier1_canopy_top,1,300,0.3,1.95,1.6,0.20465,-0.056524,0.00098909,0.21232,298.587,1,1
28_A4,tier1_canopy_top,1,300,0.35,1.95,1.6,0.20157,-0.05422,0.0044067,0.20878,298.577,1,1
28_A4,tier1_canopy_top,1,300,-0.25,2.0,1.6,0.20091,-0.054877,-0.038838,0.21186,298.753,1,1
28_A4,tier1_canopy_top,1,300,-0.3,2.0,1.6,0.19797,-0.056405,-0.043719,0.21044,298.769,1,1
28_A4,tier1_canopy_top,1,300,-0.3,2.05,1.6,0.18625,-0.050559,-0.039041,0.1969,298.814,1,1
28_A4,tier1_canopy_top,1,300,-0.25,2.05,1.6,0.19147,-0.048324,-0.034217,0.20042,298.794,1,1
28_A4,tier1_canopy_top,1,300,-0.15,2.0,1.6,0.20531,-0.052567,-0.029209,0.21394,298.723,1,1
28_A4,tier1_canopy_top,1,300,-0.2,2.0,1.6,0.20326,-0.053611,-0.033961,0.21294,298.737,1,1
28_A4,tier1_canopy_top,1,300,-0.2,2.05,1.6,0.19579,-0.046434,-0.029691,0.2034,298.776,1,1
28_A4,tier1_canopy_top,1,300,-0.15,2.05,1.6,0.19934,-0.04484,-0.02548,0.2059,298.759,1,1
28_A4,tier1_canopy_top,1,300,-0.05,2.0,1.6,0.20814,-0.051308,-0.021244,0.21542,298.695,1,1
28_A4,tier1_canopy_top,1,300,-0.1,2.0,1.6,0.207,-0.0518,-0.024976,0.21484,298.708,1,1
28_A4,tier1_canopy_top,1,300,-0.1,2.05,1.6,0.20212,-0.043616,-0.021748,0.20791,298.743,1,1
28_A4,tier1_canopy_top,1,300,-0.05,2.05,1.6,0.20407,-0.042779,-0.018454,0.20932,298.728,1,1
28_A4,tier1_canopy_top,1,300,0.05,2.0,1.6,0.20864,-0.050895,-0.01452,0.21525,298.671,1,1
28_A4,tier1_canopy_top,1,300,0.0,2.0,1.6,0.20866,-0.05103,-0.017812,0.21555,298.683,1,1
28_A4,tier1_canopy_top,1,300,0.0,2.05,1.6,0.20524,-0.042277,-0.015406,0.21011,298.715,1,1
28_A4,tier1_canopy_top,1,300,0.05,2.05,1.6,0.20578,-0.042047,-0.012405,0.2104,298.702,1,1
28_A4,tier1_canopy_top,1,300,0.15,2.0,1.6,0.20756,-0.050797,-0.0081195,0.21384,298.649,1,1
28_A4,tier1_canopy_top,1,300,0.1,2.0,1.6,0.20824,-0.050839,-0.011291,0.21465,298.66,1,1
28_A4,tier1_canopy_top,1,300,0.1,2.05,1.6,0.20595,-0.042042,-0.0093319,0.2104,298.689,1,1
28_A4,tier1_canopy_top,1,300,0.15,2.05,1.6,0.20597,-0.042196,-0.0061871,0.21034,298.677,1,1
28_A4,tier1_canopy_top,1,300,0.25,2.0,1.6,0.20521,-0.050258,-0.0023124,0.21129,298.627,1,1
28_A4,tier1_canopy_top,1,300,0.2,2.0,1.6,0.20661,-0.050665,-0.0051215,0.2128,298.638,1,1
28_A4,tier1_canopy_top,1,300,0.2,2.05,1.6,0.20583,-0.042346,-0.0031859,0.21016,298.664,1,1
28_A4,tier1_canopy_top,1,300,0.25,2.05,1.6,0.20519,-0.042259,-0.00048493,0.2095,298.652,1,1
28_A4,tier1_canopy_top,1,300,0.35,2.0,1.6,0.20081,-0.047725,0.0035915,0.20643,298.606,1,1
28_A4,tier1_canopy_top,1,300,0.3,2.0,1.6,0.20323,-0.049342,0.00054329,0.20913,298.616,1,1
28_A4,tier1_canopy_top,1,300,0.3,2.05,1.6,0.20385,-0.041751,0.0020524,0.20809,298.641,1,1
28_A4,tier1_canopy_top,1,300,0.35,2.05,1.6,0.20184,-0.040668,0.0045128,0.20595,298.631,1,1
28_A4,tier1_canopy_top,1,300,-0.35,1.6,1.6,0.15397,-0.14206,-0.038617,0.21302,298.59,1,1
28_A4,tier1_canopy_top,1,300,-0.35,1.65,1.6,0.17287,-0.13701,-0.03373,0.22315,298.587,1,1
28_A4,tier1_canopy_top,1,300,-0.35,1.7,1.6,0.19154,-0.12882,-0.030978,0.2329,298.589,1,1
28_A4,tier1_canopy_top,1,300,-0.35,1.8,1.6,0.21773,-0.10539,-0.033176,0.24416,298.617,1,1
28_A4,tier1_canopy_top,1,300,-0.35,1.85,1.6,0.22203,-0.091452,-0.037284,0.24301,298.645,1,1
28_A4,tier1_canopy_top,1,300,-0.35,1.9,1.6,0.21893,-0.077525,-0.04266,0.23614,298.685,1,1
28_A4,tier1_canopy_top,1,300,-0.35,2.05,1.6,0.18029,-0.05329,-0.044647,0.19323,298.834,1,1
28_A4,tier1_canopy_top,1,300,0.45,1.6,1.6,0.1706,-0.073771,0.023454,0.18734,298.402,1,1
28_A4,tier1_canopy_top,1,300,0.4,1.6,1.6,0.17967,-0.08526,0.020751,0.19995,298.408,1,1
28_A4,tier1_canopy_top,1,300,0.4,1.65,1.6,0.1863,-0.083077,0.020988,0.20506,298.417,1,1
28_A4,tier1_canopy_top,1,300,0.45,1.65,1.6,0.17781,-0.07264,0.023828,0.19355,298.41,1,1
28_A4,tier1_canopy_top,1,300,0.55,1.6,1.6,0.1489,-0.046536,0.028549,0.15859,298.399,1,1
28_A4,tier1_canopy_top,1,300,0.5,1.6,1.6,0.1602,-0.060898,0.026005,0.17335,298.399,1,1
28_A4,tier1_canopy_top,1,300,0.5,1.65,1.6,0.16823,-0.060821,0.026693,0.18087,298.406,1,1
28_A4,tier1_canopy_top,1,300,0.55,1.65,1.6,0.15806,-0.047463,0.029632,0.16767,298.403,1,1
28_A4,tier1_canopy_top,1,300,0.65,1.6,1.6,0.12452,-0.012443,0.033194,0.12946,298.415,1,1
28_A4,tier1_canopy_top,1,300,0.6,1.6,1.6,0.13696,-0.030453,0.030966,0.14368,298.404,1,1
28_A4,tier1_canopy_top,1,300,0.6,1.65,1.6,0.14752,-0.032313,0.032355,0.15445,298.404,1,1
28_A4,tier1_canopy_top,1,300,0.65,1.65,1.6,0.13666,-0.015095,0.034744,0.14182,298.411,1,1
28_A4,tier1_canopy_top,1,300,0.75,1.6,1.6,0.098607,0.02952,0.036797,0.10931,298.465,1,1
28_A4,tier1_canopy_top,1,300,0.7,1.6,1.6,0.11168,0.0075675,0.035186,0.11734,298.435,1,1
28_A4,tier1_canopy_top,1,300,0.7,1.65,1.6,0.12554,0.0043929,0.036802,0.13089,298.425,1,1
28_A4,tier1_canopy_top,1,300,0.75,1.65,1.6,0.11426,0.026232,0.038438,0.12337,298.448,1,1
28_A4,tier1_canopy_top,1,300,0.85,1.6,1.6,0.071818,0.078091,0.037671,0.11258,298.557,1,1
28_A4,tier1_canopy_top,1,300,0.8,1.6,1.6,0.085352,0.053179,0.037745,0.10741,298.506,1,1
28_A4,tier1_canopy_top,1,300,0.8,1.65,1.6,0.10286,0.050322,0.039434,0.12111,298.482,1,1
28_A4,tier1_canopy_top,1,300,0.85,1.65,1.6,0.091234,0.076326,0.03947,0.12533,298.526,1,1
28_A4,tier1_canopy_top,1,300,0.95,1.6,1.6,0.042477,0.1286,0.034608,0.13978,298.677,1,1
28_A4,tier1_canopy_top,1,300,0.9,1.6,1.6,0.057576,0.10359,0.036374,0.12397,298.615,1,1
28_A4,tier1_canopy_top,1,300,0.9,1.65,1.6,0.078847,0.10364,0.038305,0.13574,298.58,1,1
28_A4,tier1_canopy_top,1,300,0.95,1.65,1.6,0.06534,0.13135,0.03684,0.15126,298.64,1,1
28_A4,tier1_canopy_top,1,300,0.45,1.7,1.6,0.18594,-0.0699,0.023843,0.20007,298.424,1,1
28_A4,tier1_canopy_top,1,300,0.4,1.7,1.6,0.19367,-0.079282,0.0208,0.2103,298.431,1,1
28_A4,tier1_canopy_top,1,300,0.4,1.75,1.6,0.19904,-0.074209,0.019321,0.2133,298.451,1,1
28_A4,tier1_canopy_top,1,300,0.45,1.75,1.6,0.19213,-0.065856,0.022501,0.20435,298.443,1,1
28_A4,tier1_canopy_top,1,300,0.55,1.7,1.6,0.16836,-0.046773,0.029847,0.17727,298.413,1,1
28_A4,tier1_canopy_top,1,300,0.5,1.7,1.6,0.17735,-0.05913,0.026858,0.18887,298.418,1,1
28_A4,tier1_canopy_top,1,300,0.5,1.75,1.6,0.1846,-0.0562,0.025579,0.19466,298.436,1,1
28_A4,tier1_canopy_top,1,300,0.55,1.75,1.6,0.17687,-0.045021,0.028496,0.18472,298.43,1,1
28_A4,tier1_canopy_top,1,300,0.65,1.7,1.6,0.14991,-0.016219,0.034727,0.15473,298.414,1,1
28_A4,tier1_canopy_top,1,300,0.6,1.7,1.6,0.15921,-0.032575,0.032515,0.16573,298.412,1,1
28_A4,tier1_canopy_top,1,300,0.6,1.75,1.6,0.16917,-0.032012,0.03096,0.17493,298.426,1,1
28_A4,tier1_canopy_top,1,300,0.65,1.75,1.6,0.16154,-0.01679,0.032811,0.16569,298.426,1,1
28_A4,tier1_canopy_top,1,300,0.75,1.7,1.6,0.13101,0.024139,0.03776,0.13846,298.439,1,1
28_A4,tier1_canopy_top,1,300,0.7,1.7,1.6,0.14048,0.0026159,0.036483,0.14516,298.423,1,1
28_A4,tier1_canopy_top,1,300,0.7,1.75,1.6,0.15399,0.0010683,0.034023,0.15771,298.43,1,1
28_A4,tier1_canopy_top,1,300,0.75,1.75,1.6,0.14661,0.0219,0.034652,0.15223,298.44,1,1
28_A4,tier1_canopy_top,1,300,0.85,1.7,1.6,0.11218,0.075264,0.038239,0.1404,298.503,1,1
28_A4,tier1_canopy_top,1,300,0.8,1.7,1.6,0.12158,0.048401,0.038435,0.13639,298.466,1,1
28_A4,tier1_canopy_top,1,300,0.8,1.75,1.6,0.13959,0.045908,0.034679,0.15098,298.46,1,1
28_A4,tier1_canopy_top,1,300,0.85,1.75,1.6,0.13309,0.073203,0.033824,0.15562,298.489,1,1
28_A4,tier1_canopy_top,1,300,0.95,1.7,1.6,0.091843,0.135,0.035014,0.16699,298.607,1,1
28_A4,tier1_canopy_top,1,300,0.9,1.7,1.6,0.10241,0.10432,0.036921,0.15078,298.551,1,1
28_A4,tier1_canopy_top,1,300,0.9,1.75,1.6,0.12689,0.1037,0.031748,0.16692,298.53,1,1
28_A4,tier1_canopy_top,1,300,0.95,1.75,1.6,0.1206,0.13715,0.02854,0.18485,298.58,1,1
28_A4,tier1_canopy_top,1,300,0.45,1.8,1.6,0.19541,-0.061326,0.019739,0.20576,298.467,1,1
28_A4,tier1_canopy_top,1,300,0.4,1.8,1.6,0.20157,-0.068568,0.01663,0.21356,298.476,1,1
28_A4,tier1_canopy_top,1,300,0.4,1.85,1.6,0.20151,-0.062735,0.013383,0.21147,298.505,1,1
28_A4,tier1_canopy_top,1,300,0.45,1.85,1.6,0.19615,-0.056764,0.016427,0.20486,298.496,1,1
28_A4,tier1_canopy_top,1,300,0.55,1.8,1.6,0.18232,-0.042993,0.02569,0.18907,298.453,1,1
28_A4,tier1_canopy_top,1,300,0.5,1.8,1.6,0.18884,-0.052875,0.022813,0.19743,298.46,1,1
28_A4,tier1_canopy_top,1,300,0.5,1.85,1.6,0.19054,-0.04961,0.019451,0.19785,298.487,1,1
28_A4,tier1_canopy_top,1,300,0.55,1.85,1.6,0.18515,-0.041063,0.022232,0.19095,298.48,1,1
28_A4,tier1_canopy_top,1,300,0.65,1.8,1.6,0.17017,-0.017517,0.029353,0.17357,298.444,1,1
28_A4,tier1_canopy_top,1,300,0.6,1.8,1.6,0.17608,-0.031348,0.027951,0.18102,298.447,1,1
28_A4,tier1_canopy_top,1,300,0.6,1.85,1.6,0.18024,-0.030858,0.024254,0.18446,298.474,1,1
28_A4,tier1_canopy_top,1,300,0.65,1.85,1.6,0.17588,-0.018621,0.025199,0.17865,298.469,1,1
28_A4,tier1_canopy_top,1,300,0.75,1.8,1.6,0.15948,0.018665,0.029526,0.16327,298.451,1,1
28_A4,tier1_canopy_top,1,300,0.7,1.8,1.6,0.1646,-0.0010014,0.02982,0.16728,298.445,1,1
28_A4,tier1_canopy_top,1,300,0.7,1.85,1.6,0.17215,-0.0038416,0.024932,0.17399,298.468,1,1
28_A4,tier1_canopy_top,1,300,0.75,1.85,1.6,0.1693,0.014085,0.02365,0.17152,298.47,1,1
28_A4,tier1_canopy_top,1,300,0.85,1.8,1.6,0.15229,0.068949,0.026664,0.16929,298.487,1,1
28_A4,tier1_canopy_top,1,300,0.8,1.8,1.6,0.15525,0.041858,0.028603,0.16331,298.464,1,1
28_A4,tier1_canopy_top,1,300,0.8,1.85,1.6,0.16799,0.035776,0.02153,0.1731,298.479,1,1
28_A4,tier1_canopy_top,1,300,0.85,1.85,1.6,0.16893,0.061824,0.018105,0.18079,298.495,1,1
28_A4,tier1_canopy_top,1,300,0.95,1.8,1.6,0.1499,0.13579,0.018026,0.20306,298.562,1,1
28_A4,tier1_canopy_top,1,300,0.9,1.8,1.6,0.15059,0.1002,0.023183,0.18236,298.519,1,1
28_A4,tier1_canopy_top,1,300,0.9,1.85,1.6,0.17245,0.09277,0.012703,0.19623,298.52,1,1
28_A4,tier1_canopy_top,1,300,0.95,1.85,1.6,0.17883,0.12929,0.0050143,0.22073,298.555,1,1
28_A4,tier1_canopy_top,1,300,0.45,1.9,1.6,0.19545,-0.052114,0.013462,0.20273,298.526,1,1
28_A4,tier1_canopy_top,1,300,0.4,1.9,1.6,0.19987,-0.0569,0.010317,0.20807,298.536,1,1
28_A4,tier1_canopy_top,1,300,0.4,1.95,1.6,0.19823,-0.051146,0.007878,0.20488,298.567,1,1
28_A4,tier1_canopy_top,1,300,0.45,1.95,1.6,0.19459,-0.047224,0.010974,0.20054,298.557,1,1
28_A4,tier1_canopy_top,1,300,0.55,1.9,1.6,0.18647,-0.038957,0.018893,0.19143,298.51,1,1
28_A4,tier1_canopy_top,1,300,0.5,1.9,1.6,0.19086,-0.046194,0.016379,0.19705,298.518,1,1
28_A4,tier1_canopy_top,1,300,0.5,1.95,1.6,0.19077,-0.042328,0.013667,0.19589,298.548,1,1
28_A4,tier1_canopy_top,1,300,0.55,1.95,1.6,0.1871,-0.036315,0.015828,0.19125,298.54,1,1
28_A4,tier1_canopy_top,1,300,0.65,1.9,1.6,0.17943,-0.019676,0.021076,0.18173,298.498,1,1
28_A4,tier1_canopy_top,1,300,0.6,1.9,1.6,0.1826,-0.030217,0.020566,0.18622,298.503,1,1
28_A4,tier1_canopy_top,1,300,0.6,1.95,1.6,0.18392,-0.029015,0.017106,0.18698,298.534,1,1
28_A4,tier1_canopy_top,1,300,0.65,1.95,1.6,0.18153,-0.020179,0.017191,0.18346,298.529,1,1
28_A4,tier1_canopy_top,1,300,0.75,1.9,1.6,0.1764,0.0088607,0.0181,0.17755,298.496,1,1
28_A4,tier1_canopy_top,1,300,0.7,1.9,1.6,0.17721,-0.0068713,0.020247,0.17849,298.495,1,1
28_A4,tier1_canopy_top,1,300,0.7,1.95,1.6,0.18034,-0.0094214,0.01586,0.18129,298.526,1,1
28_A4,tier1_canopy_top,1,300,0.75,1.95,1.6,0.18103,0.0038444,0.012931,0.18153,298.526,1,1
28_A4,tier1_canopy_top,1,300,0.85,1.9,1.6,0.18257,0.052184,0.0093361,0.19011,298.513,1,1
28_A4,tier1_canopy_top,1,300,0.8,1.9,1.6,0.17785,0.028303,0.014619,0.18068,298.501,1,1
28_A4,tier1_canopy_top,1,300,0.8,1.95,1.6,0.1846,0.02036,0.0081504,0.18589,298.529,1,1
28_A4,tier1_canopy_top,1,300,0.85,1.95,1.6,0.19232,0.040835,0.0010127,0.19661,298.538,1,1
28_A4,tier1_canopy_top,1,300,0.95,1.9,1.6,0.20589,0.11628,-0.0091465,0.23664,298.56,1,1
28_A4,tier1_canopy_top,1,300,0.9,1.9,1.6,0.19151,0.081187,0.0015841,0.20801,298.532,1,1
28_A4,tier1_canopy_top,1,300,0.9,1.95,1.6,0.20581,0.065874,-0.0091353,0.21629,298.553,1,1
28_A4,tier1_canopy_top,1,300,0.95,1.95,1.6,0.22742,0.096178,-0.022979,0.24798,298.576,1,1
28_A4,tier1_canopy_top,1,300,0.45,2.0,1.6,0.19463,-0.0421,0.0091146,0.19934,298.586,1,1
28_A4,tier1_canopy_top,1,300,0.4,2.0,1.6,0.19796,-0.04531,0.0065377,0.20319,298.596,1,1
28_A4,tier1_canopy_top,1,300,0.4,2.05,1.6,0.19916,-0.038919,0.0066884,0.20304,298.621,1,1
28_A4,tier1_canopy_top,1,300,0.45,2.05,1.6,0.1958,-0.036478,0.0085378,0.19935,298.613,1,1
28_A4,tier1_canopy_top,1,300,0.55,2.0,1.6,0.18767,-0.033148,0.013185,0.19103,298.571,1,1
28_A4,tier1_canopy_top,1,300,0.5,2.0,1.6,0.19106,-0.038078,0.011388,0.19515,298.578,1,1
28_A4,tier1_canopy_top,1,300,0.5,2.05,1.6,0.19213,-0.03329,0.010236,0.19526,298.605,1,1
28_A4,tier1_canopy_top,1,300,0.55,2.05,1.6,0.18865,-0.029292,0.011553,0.19126,298.599,1,1
28_A4,tier1_canopy_top,1,300,0.65,2.0,1.6,0.18275,-0.019936,0.013766,0.18435,298.56,1,1
28_A4,tier1_canopy_top,1,300,0.6,2.0,1.6,0.18479,-0.027163,0.014089,0.18731,298.564,1,1
28_A4,tier1_canopy_top,1,300,0.6,2.05,1.6,0.18569,-0.024433,0.012007,0.18767,298.593,1,1
28_A4,tier1_canopy_top,1,300,0.65,2.05,1.6,0.18354,-0.018636,0.011254,0.18482,298.59,1,1
28_A4,tier1_canopy_top,1,300,0.75,2.0,1.6,0.18341,-0.00050805,0.0083555,0.1836,298.557,1,1
28_A4,tier1_canopy_top,1,300,0.7,2.0,1.6,0.18203,-0.011194,0.011954,0.18276,298.557,1,1
28_A4,tier1_canopy_top,1,300,0.7,2.05,1.6,0.18269,-0.011756,0.0090114,0.18329,298.588,1,1
28_A4,tier1_canopy_top,1,300,0.75,2.05,1.6,0.18395,-0.0035359,0.0049248,0.18405,298.589,1,1
28_A4,tier1_canopy_top,1,300,0.85,2.0,1.6,0.19732,0.028899,-0.0060264,0.19952,298.568,1,1
28_A4,tier1_canopy_top,1,300,0.8,2.0,1.6,0.18801,0.012691,0.0025603,0.18846,298.56,1,1
28_A4,tier1_canopy_top,1,300,0.8,2.05,1.6,0.1884,0.006361,-0.0015159,0.18852,298.592,1,1
28_A4,tier1_canopy_top,1,300,0.85,2.05,1.6,0.1976,0.018072,-0.010974,0.19873,298.6,1,1
28_A4,tier1_canopy_top,1,300,0.95,2.0,1.6,0.23913,0.07088,-0.034444,0.25178,298.6,1,1
28_A4,tier1_canopy_top,1,300,0.9,2.0,1.6,0.21335,0.04832,-0.018089,0.2195,298.581,1,1
28_A4,tier1_canopy_top,1,300,0.9,2.05,1.6,0.21362,0.031223,-0.024145,0.21724,298.612,1,1
28_A4,tier1_canopy_top,1,300,0.95,2.05,1.6,0.23944,0.044802,-0.041885,0.24717,298.63,1,1
28_A4,tier1_canopy_top,1,300,0.35,1.6,1.6,0.18721,-0.095362,0.017533,0.21083,298.416,1,1
28_A4,tier1_canopy_top,1,300,1.0,1.6,1.6,0.027583,0.15232,0.03292,0.15826,298.737,1,1
28_A4,tier1_canopy_top,1,300,1.0,1.65,1.6,0.051616,0.15877,0.0358,0.17074,298.702,1,1
28_A4,tier1_canopy_top,1,300,1.0,1.7,1.6,0.080872,0.16693,0.032863,0.18838,298.668,1,1
28_A4,tier1_canopy_top,1,300,0.35,1.75,1.6,0.2051,-0.081406,0.015799,0.22123,298.46,1,1
28_A4,tier1_canopy_top,1,300,1.0,1.75,1.6,0.11413,0.17356,0.024094,0.20911,298.637,1,1
28_A4,tier1_canopy_top,1,300,1.0,1.8,1.6,0.15001,0.17636,0.010906,0.23179,298.614,1,1
28_A4,tier1_canopy_top,1,300,0.35,1.85,1.6,0.20634,-0.067739,0.010031,0.2174,298.514,1,1
28_A4,tier1_canopy_top,1,300,1.0,1.85,1.6,0.18843,0.17286,-0.0054547,0.25577,298.601,1,1
28_A4,tier1_canopy_top,1,300,1.0,1.9,1.6,0.22775,0.15936,-0.023698,0.27898,298.598,1,1
28_A4,tier1_canopy_top,1,300,0.35,2.0,1.6,0.20081,-0.047725,0.0035915,0.20643,298.606,1,1
28_A4,tier1_canopy_top,1,300,1.0,1.95,1.6,0.26117,0.1331,-0.041782,0.29609,298.607,1,1
28_A4,tier1_canopy_top,1,300,1.0,2.0,1.6,0.27985,0.09653,-0.056741,0.30141,298.626,1,1
28_A4,tier1_canopy_top,1,300,1.0,2.05,1.6,0.27995,0.057014,-0.065995,0.29322,298.654,1,1
28_A4,tier1_canopy_top,1,300,1.05,1.6,1.6,0.014782,0.17547,0.029355,0.17852,298.794,1,1
28_A4,tier1_canopy_top,1,300,1.05,1.65,1.6,0.039782,0.18646,0.032753,0.19345,298.764,1,1
28_A4,tier1_canopy_top,1,300,1.0,1.65,1.6,0.051616,0.15877,0.0358,0.17074,298.702,1,1
28_A4,tier1_canopy_top,1,300,1.15,1.6,1.6,-0.0098102,0.22875,-0.00010362,0.22896,298.879,1,1
28_A4,tier1_canopy_top,1,300,1.1,1.6,1.6,0.0029371,0.20124,0.018466,0.20211,298.843,1,1
28_A4,tier1_canopy_top,1,300,1.1,1.65,1.6,0.027564,0.21701,0.019499,0.21962,298.824,1,1
28_A4,tier1_canopy_top,1,300,1.15,1.65,1.6,0.011713,0.24876,-0.0031314,0.24906,298.872,1,1
28_A4,tier1_canopy_top,1,300,1.2,1.6,1.6,-0.027357,0.25366,-0.024506,0.25631,298.897,1,1
28_A4,tier1_canopy_top,1,300,1.2,1.65,1.6,-0.011213,0.27606,-0.031429,0.27807,298.897,1,1
28_A4,tier1_canopy_top,1,300,1.05,1.7,1.6,0.070887,0.20061,0.02816,0.21462,298.732,1,1
28_A4,tier1_canopy_top,1,300,1.05,1.75,1.6,0.10768,0.21376,0.016574,0.23992,298.701,1,1
28_A4,tier1_canopy_top,1,300,1.0,1.75,1.6,0.11413,0.17356,0.024094,0.20911,298.637,1,1
28_A4,tier1_canopy_top,1,300,1.15,1.7,1.6,0.039462,0.27487,-0.01056,0.27789,298.857,1,1
28_A4,tier1_canopy_top,1,300,1.1,1.7,1.6,0.058585,0.23718,0.013338,0.24468,298.799,1,1
28_A4,tier1_canopy_top,1,300,1.1,1.75,1.6,0.097524,0.25866,0.0009972,0.27643,298.77,1,1
28_A4,tier1_canopy_top,1,300,1.15,1.75,1.6,0.078482,0.30773,-0.022235,0.31836,298.834,1,1
28_A4,tier1_canopy_top,1,300,1.2,1.7,1.6,0.01012,0.30777,-0.039419,0.31044,298.892,1,1
28_A4,tier1_canopy_top,1,300,1.2,1.75,1.6,0.044596,0.35642,-0.050521,0.36274,298.881,1,1
28_A4,tier1_canopy_top,1,300,1.05,1.8,1.6,0.15054,0.22365,0.00046963,0.26959,298.674,1,1
28_A4,tier1_canopy_top,1,300,1.05,1.85,1.6,0.2017,0.22671,-0.019999,0.30411,298.655,1,1
28_A4,tier1_canopy_top,1,300,1.0,1.85,1.6,0.18843,0.17286,-0.0054547,0.25577,298.601,1,1
28_A4,tier1_canopy_top,1,300,1.15,1.8,1.6,0.13816,0.34975,-0.040538,0.37823,298.808,1,1
28_A4,tier1_canopy_top,1,300,1.1,1.8,1.6,0.14838,0.28026,-0.016378,0.31754,298.741,1,1
28_A4,tier1_canopy_top,1,300,1.1,1.85,1.6,0.21808,0.29712,-0.041276,0.37087,298.717,1,1
28_A4,tier1_canopy_top,1,300,1.15,1.85,1.6,0.236,0.39698,-0.072113,0.46742,298.782,1,1
28_A4,tier1_canopy_top,1,300,1.2,1.8,1.6,0.10571,0.43559,-0.072108,0.454,298.863,1,1
28_A4,tier1_canopy_top,1,300,1.2,1.85,1.6,0.22279,0.55796,-0.11706,0.61209,298.842,1,1
28_A4,tier1_canopy_top,1,300,1.05,1.9,1.6,0.26085,0.21462,-0.043985,0.34064,298.645,1,1
28_A4,tier1_canopy_top,1,300,1.0,1.9,1.6,0.22775,0.15936,-0.023698,0.27898,298.598,1,1
28_A4,tier1_canopy_top,1,300,1.05,1.95,1.6,0.31509,0.1798,-0.068546,0.3692,298.647,1,1
28_A4,tier1_canopy_top,1,300,1.15,1.9,1.6,0.40544,0.40768,-0.12147,0.58766,298.76,1,1
28_A4,tier1_canopy_top,1,300,1.1,1.9,1.6,0.313,0.29096,-0.074182,0.43374,298.7,1,1
28_A4,tier1_canopy_top,1,300,1.1,1.95,1.6,0.40647,0.24282,-0.10992,0.48606,298.694,1,1
28_A4,tier1_canopy_top,1,300,1.15,1.95,1.6,0.58266,0.33541,-0.17822,0.69553,298.747,1,1
28_A4,tier1_canopy_top,1,300,1.2,1.9,1.6,0.47267,0.61576,-0.20237,0.8022,298.82,1,1
28_A4,tier1_canopy_top,1,300,1.2,1.95,1.6,0.75486,0.48716,-0.30196,0.94779,298.803,1,1
28_A4,tier1_canopy_top,1,300,1.05,2.0,1.6,0.34571,0.12556,-0.08886,0.37838,298.66,1,1
28_A4,tier1_canopy_top,1,300,1.05,2.05,1.6,0.34464,0.064512,-0.1005,0.36475,298.684,1,1
28_A4,tier1_canopy_top,1,300,1.15,2.0,1.6,0.67093,0.19605,-0.22221,0.73345,298.749,1,1
28_A4,tier1_canopy_top,1,300,1.1,2.0,1.6,0.45783,0.15846,-0.13905,0.50404,298.701,1,1
28_A4,tier1_canopy_top,1,300,1.1,2.05,1.6,0.45325,0.060369,-0.15339,0.4823,298.722,1,1
28_A4,tier1_canopy_top,1,300,1.15,2.05,1.6,0.65437,0.030053,-0.23784,0.6969,298.767,1,1
28_A4,tier1_canopy_top,1,300,1.2,2.0,1.6,0.89627,0.23592,-0.36902,0.99757,298.8,1,1
28_A4,tier1_canopy_top,1,300,1.2,2.05,1.6,0.86574,-0.058832,-0.37898,0.94689,298.818,1,1
28_A4,tier1_canopy_top,1,300,-1.15,2.1,1.6,0.29115,-0.10747,-0.37436,0.48628,298.422,1,1
28_A4,tier1_canopy_top,1,300,-1.2,2.1,1.6,0.39167,-0.12972,-0.55027,0.68777,298.099,1,1
28_A4,tier1_canopy_top,1,300,-1.2,2.15,1.6,-0.15458,-0.15518,-0.29041,0.36374,298.737,1,1
28_A4,tier1_canopy_top,1,300,-1.15,2.15,1.6,-0.10723,-0.15928,-0.21562,0.28872,298.99,1,1
28_A4,tier1_canopy_top,1,300,-1.05,2.1,1.6,0.14045,-0.12232,-0.18405,0.26185,298.899,1,1
28_A4,tier1_canopy_top,1,300,-1.1,2.1,1.6,0.20564,-0.11791,-0.25577,0.34873,298.708,1,1
28_A4,tier1_canopy_top,1,300,-1.1,2.15,1.6,-0.080602,-0.16538,-0.15909,0.24322,299.135,1,1
28_A4,tier1_canopy_top,1,300,-1.05,2.15,1.6,-0.061013,-0.15968,-0.12573,0.2122,299.186,1,1
28_A4,tier1_canopy_top,1,300,-1.15,2.2,1.6,-0.10152,-0.20888,-0.15439,0.27888,299.141,1,1
28_A4,tier1_canopy_top,1,300,-1.2,2.2,1.6,-0.12549,-0.23666,-0.19983,0.3342,298.976,1,1
28_A4,tier1_canopy_top,1,300,-1.2,2.25,1.6,-0.098674,-0.20001,-0.15868,0.27372,299.121,1,1
28_A4,tier1_canopy_top,1,300,-1.15,2.25,1.6,-0.091589,-0.18787,-0.12245,0.24223,299.208,1,1
28_A4,tier1_canopy_top,1,300,-1.05,2.2,1.6,-0.08046,-0.1766,-0.10312,0.21976,299.24,1,1
28_A4,tier1_canopy_top,1,300,-1.1,2.2,1.6,-0.089966,-0.191,-0.12246,0.24407,299.219,1,1
28_A4,tier1_canopy_top,1,300,-1.1,2.25,1.6,-0.084443,-0.17894,-0.099917,0.22166,299.243,1,1
28_A4,tier1_canopy_top,1,300,-1.05,2.25,1.6,-0.079047,-0.17028,-0.087652,0.20718,299.25,1,1
28_A4,tier1_canopy_top,1,300,-1.15,2.3,1.6,-0.082084,-0.17377,-0.089826,0.21214,299.239,1,1
28_A4,tier1_canopy_top,1,300,-1.2,2.3,1.6,-0.08574,-0.18247,-0.11509,0.23215,299.205,1,1
28_A4,tier1_canopy_top,1,300,-1.2,2.35,1.6,-0.079699,-0.16204,-0.085602,0.19984,299.239,1,1
28_A4,tier1_canopy_top,1,300,-1.15,2.35,1.6,-0.076628,-0.15639,-0.069951,0.18768,299.249,1,1
28_A4,tier1_canopy_top,1,300,-1.05,2.3,1.6,-0.074878,-0.16071,-0.073706,0.19201,299.25,1,1
28_A4,tier1_canopy_top,1,300,-1.1,2.3,1.6,-0.076548,-0.16646,-0.078915,0.19949,299.25,1,1
28_A4,tier1_canopy_top,1,300,-1.1,2.35,1.6,-0.072519,-0.15281,-0.066208,0.18164,299.25,1,1
28_A4,tier1_canopy_top,1,300,-1.05,2.35,1.6,-0.073028,-0.15023,-0.063741,0.17879,299.247,1,1
28_A4,tier1_canopy_top,1,300,-1.15,2.4,1.6,-0.073639,-0.14248,-0.05662,0.17009,299.248,1,1
28_A4,tier1_canopy_top,1,300,-1.2,2.4,1.6,-0.075882,-0.14606,-0.065295,0.17707,299.247,1,1
28_A4,tier1_canopy_top,1,300,-1.05,2.4,1.6,-0.071913,-0.14091,-0.054944,0.16747,299.242,1,1
28_A4,tier1_canopy_top,1,300,-1.1,2.4,1.6,-0.070872,-0.14157,-0.055621,0.1678,299.246,1,1
28_A4,tier1_canopy_top,1,300,-1.2,2.05,1.6,1.1803,-0.21825,-0.7664,1.4241,297.356,1,1
28_A4,tier1_canopy_top,1,300,-1.0,2.1,1.6,0.10183,-0.12219,-0.14377,0.2144,298.997,1,1
28_A4,tier1_canopy_top,1,300,-1.0,2.15,1.6,-0.043447,-0.15092,-0.10696,0.19001,299.192,1,1
28_A4,tier1_canopy_top,1,300,-1.0,2.2,1.6,-0.068694,-0.16456,-0.09061,0.20003,299.235,1,1
28_A4,tier1_canopy_top,1,300,-1.0,2.25,1.6,-0.072609,-0.16253,-0.07818,0.19442,299.243,1,1
28_A4,tier1_canopy_top,1,300,-1.0,2.3,1.6,-0.072754,-0.15597,-0.066464,0.1845,299.243,1,1
28_A4,tier1_canopy_top,1,300,-1.0,2.35,1.6,-0.073287,-0.14746,-0.057531,0.17443,299.241,1,1
28_A4,tier1_canopy_top,1,300,-1.0,2.4,1.6,-0.073376,-0.13934,-0.051356,0.16565,299.237,1,1
28_A4,tier1_canopy_top,1,300,-0.95,2.05,1.6,0.28944,-0.11654,-0.15803,0.34976,298.758,1,1
28_A4,tier1_canopy_top,1,300,-0.9,2.0,1.6,0.36809,-0.12977,-0.15685,0.42063,298.625,1,1
28_A4,tier1_canopy_top,1,300,-0.9,2.05,1.6,0.22881,-0.11247,-0.13444,0.28824,298.849,1,1
28_A4,tier1_canopy_top,1,300,-0.85,2.05,1.6,0.18958,-0.10753,-0.11876,0.24821,298.905,1,1
28_A4,tier1_canopy_top,1,300,-0.8,2.0,1.6,0.25268,-0.1088,-0.11975,0.30004,298.789,1,1
28_A4,tier1_canopy_top,1,300,-0.8,2.05,1.6,0.16578,-0.10134,-0.10657,0.22161,298.935,1,1
28_A4,tier1_canopy_top,1,300,-0.95,2.1,1.6,0.082478,-0.12012,-0.12075,0.18924,299.041,1,1
28_A4,tier1_canopy_top,1,300,-0.95,2.15,1.6,-0.025739,-0.14172,-0.095206,0.17266,299.182,1,1
28_A4,tier1_canopy_top,1,300,-1.0,2.15,1.6,-0.043447,-0.15092,-0.10696,0.19001,299.192,1,1
28_A4,tier1_canopy_top,1,300,-0.85,2.1,1.6,0.07348,-0.11145,-0.0971,0.16507,299.065,1,1
28_A4,tier1_canopy_top,1,300,-0.9,2.1,1.6,0.074277,-0.1165,-0.10657,0.17449,299.061,1,1
28_A4,tier1_canopy_top,1,300,-0.9,2.15,1.6,-0.0079428,-0.13241,-0.087123,0.1587,299.166,1,1
28_A4,tier1_canopy_top,1,300,-0.85,2.15,1.6,0.0093369,-0.12319,-0.080849,0.14765,299.146,1,1
28_A4,tier1_canopy_top,1,300,-0.75,2.1,1.6,0.08616,-0.097745,-0.082254,0.15409,299.046,1,1
28_A4,tier1_canopy_top,1,300,-0.8,2.1,1.6,0.077831,-0.10506,-0.089367,0.15837,299.059,1,1
28_A4,tier1_canopy_top,1,300,-0.8,2.15,1.6,0.026522,-0.11395,-0.074769,0.13884,299.124,1,1
28_A4,tier1_canopy_top,1,300,-0.75,2.15,1.6,0.044222,-0.1046,-0.06876,0.13276,299.1,1,1
28_A4,tier1_canopy_top,1,300,-0.65,2.1,1.6,0.1086,-0.082235,-0.07083,0.15354,299.008,1,1
28_A4,tier1_canopy_top,1,300,-0.7,2.1,1.6,0.097001,-0.09001,-0.076081,0.15264,299.028,1,1
28_A4,tier1_canopy_top,1,300,-0.7,2.15,1.6,0.061838,-0.095312,-0.063856,0.13033,299.076,1,1
28_A4,tier1_canopy_top,1,300,-0.65,2.15,1.6,0.078273,-0.086327,-0.060025,0.13108,299.052,1,1
28_A4,tier1_canopy_top,1,300,-0.55,2.1,1.6,0.13043,-0.068302,-0.060639,0.15923,298.964,1,1
28_A4,tier1_canopy_top,1,300,-0.6,2.1,1.6,0.11984,-0.074883,-0.065799,0.15588,298.986,1,1
28_A4,tier1_canopy_top,1,300,-0.6,2.15,1.6,0.093258,-0.077909,-0.056008,0.1338,299.027,1,1
28_A4,tier1_canopy_top,1,300,-0.55,2.15,1.6,0.10705,-0.070235,-0.051296,0.13793,299.002,1,1
28_A4,tier1_canopy_top,1,300,-0.45,2.1,1.6,0.14921,-0.057717,-0.049462,0.16746,298.919,1,1
28_A4,tier1_canopy_top,1,300,-0.5,2.1,1.6,0.14018,-0.06264,-0.055425,0.16324,298.942,1,1
28_A4,tier1_canopy_top,1,300,-0.5,2.15,1.6,0.11981,-0.063326,-0.046025,0.14312,298.978,1,1
28_A4,tier1_canopy_top,1,300,-0.45,2.15,1.6,0.13196,-0.056931,-0.039892,0.14916,298.953,1,1
28_A4,tier1_canopy_top,1,300,-0.35,2.1,1.6,0.1674,-0.04884,-0.036487,0.17816,298.872,1,1
28_A4,tier1_canopy_top,1,300,-0.4,2.1,1.6,0.15824,-0.053132,-0.042682,0.1723,298.896,1,1
28_A4,tier1_canopy_top,1,300,-0.4,2.15,1.6,0.14406,-0.05083,-0.03349,0.15639,298.927,1,1
28_A4,tier1_canopy_top,1,300,-0.35,2.15,1.6,0.15585,-0.045211,-0.028016,0.16468,298.902,1,1
28_A4,tier1_canopy_top,1,300,-0.95,2.2,1.6,-0.053794,-0.15343,-0.0818,0.18201,299.22,1,1
28_A4,tier1_canopy_top,1,300,-0.95,2.25,1.6,-0.062762,-0.15468,-0.070892,0.18136,299.231,1,1
28_A4,tier1_canopy_top,1,300,-1.0,2.25,1.6,-0.072609,-0.16253,-0.07818,0.19442,299.243,1,1
28_A4,tier1_canopy_top,1,300,-0.85,2.2,1.6,-0.019676,-0.132,-0.07004,0.15072,299.179,1,1
28_A4,tier1_canopy_top,1,300,-0.9,2.2,1.6,-0.037085,-0.14266,-0.075385,0.16556,299.201,1,1
28_A4,tier1_canopy_top,1,300,-0.9,2.25,1.6,-0.050588,-0.1465,-0.065321,0.16819,299.215,1,1
28_A4,tier1_canopy_top,1,300,-0.85,2.25,1.6,-0.03661,-0.13754,-0.060523,0.15466,299.196,1,1
28_A4,tier1_canopy_top,1,300,-0.75,2.2,1.6,0.017909,-0.11088,-0.057952,0.12639,299.13,1,1
28_A4,tier1_canopy_top,1,300,-0.8,2.2,1.6,-0.0014599,-0.1214,-0.064054,0.13727,299.155,1,1
28_A4,tier1_canopy_top,1,300,-0.8,2.25,1.6,-0.020417,-0.12746,-0.054687,0.14019,299.173,1,1
28_A4,tier1_canopy_top,1,300,-0.75,2.25,1.6,-0.001907,-0.11679,-0.048586,0.12651,299.148,1,1
28_A4,tier1_canopy_top,1,300,-0.65,2.2,1.6,0.055154,-0.091248,-0.049899,0.11772,299.079,1,1
28_A4,tier1_canopy_top,1,300,-0.7,2.2,1.6,0.037273,-0.10073,-0.053365,0.11994,299.104,1,1
28_A4,tier1_canopy_top,1,300,-0.7,2.25,1.6,0.017152,-0.10648,-0.044029,0.11649,299.124,1,1
28_A4,tier1_canopy_top,1,300,-0.65,2.25,1.6,0.035162,-0.096808,-0.040331,0.11061,299.1,1,1
28_A4,tier1_canopy_top,1,300,-0.55,2.2,1.6,0.087593,-0.073739,-0.040789,0.12155,299.029,1,1
28_A4,tier1_canopy_top,1,300,-0.6,2.2,1.6,0.071712,-0.082318,-0.045757,0.11837,299.054,1,1
28_A4,tier1_canopy_top,1,300,-0.6,2.25,1.6,0.052427,-0.087367,-0.035705,0.10796,299.075,1,1
28_A4,tier1_canopy_top,1,300,-0.55,2.25,1.6,0.069712,-0.077859,-0.030535,0.10888,299.049,1,1
28_A4,tier1_canopy_top,1,300,-0.45,2.2,1.6,0.11716,-0.057592,-0.030215,0.134,298.977,1,1
28_A4,tier1_canopy_top,1,300,-0.5,2.2,1.6,0.10271,-0.065525,-0.035643,0.12693,299.003,1,1
28_A4,tier1_canopy_top,1,300,-0.5,2.25,1.6,0.086649,-0.068478,-0.025745,0.1134,299.023,1,1
28_A4,tier1_canopy_top,1,300,-0.45,2.25,1.6,0.10278,-0.059447,-0.021215,0.12061,298.997,1,1
28_A4,tier1_canopy_top,1,300,-0.35,2.2,1.6,0.14484,-0.043158,-0.020076,0.15246,298.925,1,1
28_A4,tier1_canopy_top,1,300,-0.4,2.2,1.6,0.13129,-0.050014,-0.024829,0.14267,298.951,1,1
28_A4,tier1_canopy_top,1,300,-0.4,2.25,1.6,0.11829,-0.050891,-0.016774,0.12986,298.971,1,1
28_A4,tier1_canopy_top,1,300,-0.35,2.25,1.6,0.13316,-0.043074,-0.012539,0.14051,298.945,1,1
28_A4,tier1_canopy_top,1,300,-0.95,2.3,1.6,-0.066904,-0.15104,-0.060294,0.17586,299.233,1,1
28_A4,tier1_canopy_top,1,300,-0.95,2.35,1.6,-0.070432,-0.14452,-0.052117,0.169,299.233,1,1
28_A4,tier1_canopy_top,1,300,-1.0,2.35,1.6,-0.073287,-0.14746,-0.057531,0.17443,299.241,1,1
28_A4,tier1_canopy_top,1,300,-0.85,2.3,1.6,-0.048235,-0.13919,-0.050366,0.15568,299.204,1,1
28_A4,tier1_canopy_top,1,300,-0.9,2.3,1.6,-0.058649,-0.14563,-0.054991,0.16635,299.22,1,1
28_A4,tier1_canopy_top,1,300,-0.9,2.35,1.6,-0.065373,-0.14104,-0.047049,0.16242,299.222,1,1
28_A4,tier1_canopy_top,1,300,-0.85,2.35,1.6,-0.058046,-0.13659,-0.042459,0.15436,299.21,1,1
28_A4,tier1_canopy_top,1,300,-0.75,2.3,1.6,-0.018799,-0.12119,-0.039706,0.12891,299.163,1,1
28_A4,tier1_canopy_top,1,300,-0.8,2.3,1.6,-0.035053,-0.1309,-0.045163,0.14284,299.185,1,1
28_A4,tier1_canopy_top,1,300,-0.8,2.35,1.6,-0.048195,-0.13051,-0.037787,0.14416,299.195,1,1
28_A4,tier1_canopy_top,1,300,-0.75,2.35,1.6,-0.035335,-0.1228,-0.032965,0.13197,299.177,1,1
28_A4,tier1_canopy_top,1,300,-0.65,2.3,1.6,0.016283,-0.10188,-0.031139,0.10777,299.117,1,1
28_A4,tier1_canopy_top,1,300,-0.7,2.3,1.6,-0.0011612,-0.1114,-0.035157,0.11682,299.14,1,1
28_A4,tier1_canopy_top,1,300,-0.7,2.35,1.6,-0.020114,-0.1142,-0.028389,0.11938,299.157,1,1
28_A4,tier1_canopy_top,1,300,-0.65,2.35,1.6,-0.0039665,-0.10526,-0.024145,0.10807,299.137,1,1
28_A4,tier1_canopy_top,1,300,-0.55,2.3,1.6,0.051328,-0.082195,-0.021834,0.099334,299.069,1,1
28_A4,tier1_canopy_top,1,300,-0.6,2.3,1.6,0.033644,-0.092173,-0.026588,0.10166,299.094,1,1
28_A4,tier1_canopy_top,1,300,-0.6,2.35,1.6,0.012644,-0.09592,-0.019914,0.098777,299.115,1,1
28_A4,tier1_canopy_top,1,300,-0.55,2.35,1.6,0.02971,-0.086264,-0.015699,0.092577,299.092,1,1
28_A4,tier1_canopy_top,1,300,-0.45,2.3,1.6,0.086332,-0.062483,-0.01334,0.1074,299.018,1,1
28_A4,tier1_canopy_top,1,300,-0.5,2.3,1.6,0.069066,-0.072201,-0.017445,0.10143,299.044,1,1
28_A4,tier1_canopy_top,1,300,-0.5,2.35,1.6,0.04708,-0.076442,-0.01172,0.090539,299.069,1,1
28_A4,tier1_canopy_top,1,300,-0.45,2.35,1.6,0.064512,-0.066573,-0.0079881,0.093046,299.044,1,1
28_A4,tier1_canopy_top,1,300,-0.35,2.3,1.6,0.1187,-0.044736,-0.0055697,0.12697,298.966,1,1
28_A4,tier1_canopy_top,1,300,-0.4,2.3,1.6,0.10291,-0.053277,-0.0093761,0.11626,298.992,1,1
28_A4,tier1_canopy_top,1,300,-0.4,2.35,1.6,0.081427,-0.057017,-0.0044821,0.099505,299.02,1,1
28_A4,tier1_canopy_top,1,300,-0.35,2.35,1.6,0.097444,-0.04803,-0.0012156,0.10864,298.996,1,1
28_A4,tier1_canopy_top,1,300,-0.95,2.4,1.6,-0.073065,-0.13773,-0.047508,0.16299,299.231,1,1
28_A4,tier1_canopy_top,1,300,-1.0,2.4,1.6,-0.073376,-0.13934,-0.051356,0.16565,299.237,1,1
28_A4,tier1_canopy_top,1,300,-0.85,2.4,1.6,-0.066868,-0.13281,-0.039182,0.15377,299.214,1,1
28_A4,tier1_canopy_top,1,300,-0.9,2.4,1.6,-0.071014,-0.13568,-0.043333,0.15915,299.223,1,1
28_A4,tier1_canopy_top,1,300,-0.75,2.4,1.6,-0.051578,-0.12324,-0.030606,0.13706,299.19,1,1
28_A4,tier1_canopy_top,1,300,-0.8,2.4,1.6,-0.060489,-0.12871,-0.034939,0.14644,299.203,1,1
28_A4,tier1_canopy_top,1,300,-0.65,2.4,1.6,-0.026814,-0.10895,-0.022309,0.1144,299.158,1,1
28_A4,tier1_canopy_top,1,300,-0.7,2.4,1.6,-0.040114,-0.11655,-0.026354,0.12604,299.175,1,1
28_A4,tier1_canopy_top,1,300,-0.55,2.4,1.6,0.0032193,-0.091829,-0.014489,0.093021,299.121,1,1
28_A4,tier1_canopy_top,1,300,-0.6,2.4,1.6,-0.012234,-0.10062,-0.018357,0.10301,299.14,1,1
28_A4,tier1_canopy_top,1,300,-0.45,2.4,1.6,0.035468,-0.073465,-0.0075612,0.081929,299.08,1,1
28_A4,tier1_canopy_top,1,300,-0.5,2.4,1.6,0.019185,-0.082757,-0.010882,0.085646,299.101,1,1
28_A4,tier1_canopy_top,1,300,-0.35,2.4,1.6,0.067259,-0.055236,-0.0017544,0.087051,299.037,1,1
28_A4,tier1_canopy_top,1,300,-0.4,2.4,1.6,0.051599,-0.064218,-0.0045177,0.082503,299.058,1,1
28_A4,tier1_canopy_top,1,300,-0.6,2.05,1.6,0.15458,-0.074266,-0.075252,0.18728,298.925,1,1
28_A4,tier1_canopy_top,1,300,-0.5,2.05,1.6,0.16439,-0.064031,-0.064089,0.1877,298.891,1,1
28_A4,tier1_canopy_top,1,300,-0.45,2.05,1.6,0.1692,-0.060034,-0.058332,0.18878,298.873,1,1
28_A4,tier1_canopy_top,1,300,-0.7,2.0,1.6,0.20483,-0.090567,-0.095126,0.24333,298.845,1,1
28_A4,tier1_canopy_top,1,300,-0.25,2.1,1.6,0.18352,-0.041956,-0.026991,0.19018,298.828,1,1
28_A4,tier1_canopy_top,1,300,-0.3,2.1,1.6,0.17601,-0.045087,-0.031401,0.18439,298.85,1,1
28_A4,tier1_canopy_top,1,300,-0.3,2.15,1.6,0.16669,-0.040339,-0.023442,0.17309,298.878,1,1
28_A4,tier1_canopy_top,1,300,-0.25,2.15,1.6,0.17624,-0.036274,-0.019369,0.18098,298.854,1,1
28_A4,tier1_canopy_top,1,300,-0.15,2.1,1.6,0.19489,-0.037217,-0.019525,0.19937,298.789,1,1
28_A4,tier1_canopy_top,1,300,-0.2,2.1,1.6,0.18981,-0.039351,-0.023015,0.19521,298.808,1,1
28_A4,tier1_canopy_top,1,300,-0.2,2.15,1.6,0.18441,-0.03297,-0.015818,0.188,298.833,1,1
28_A4,tier1_canopy_top,1,300,-0.15,2.15,1.6,0.19103,-0.030393,-0.012917,0.19387,298.813,1,1
28_A4,tier1_canopy_top,1,300,-0.05,2.1,1.6,0.20145,-0.034461,-0.013942,0.20485,298.756,1,1
28_A4,tier1_canopy_top,1,300,-0.1,2.1,1.6,0.19874,-0.035588,-0.016542,0.20258,298.772,1,1
28_A4,tier1_canopy_top,1,300,-0.1,2.15,1.6,0.19604,-0.028498,-0.010571,0.19838,298.794,1,1
28_A4,tier1_canopy_top,1,300,-0.05,2.15,1.6,0.19959,-0.027194,-0.0085556,0.20161,298.778,1,1
28_A4,tier1_canopy_top,1,300,0.05,2.1,1.6,0.20417,-0.033454,-0.0088745,0.20708,298.727,1,1
28_A4,tier1_canopy_top,1,300,0.0,2.1,1.6,0.20317,-0.033775,-0.011478,0.20627,298.741,1,1
28_A4,tier1_canopy_top,1,300,0.0,2.15,1.6,0.20195,-0.026364,-0.006577,0.20377,298.763,1,1
28_A4,tier1_canopy_top,1,300,0.05,2.15,1.6,0.20349,-0.025871,-0.0043113,0.20518,298.748,1,1
28_A4,tier1_canopy_top,1,300,0.15,2.1,1.6,0.20567,-0.033562,-0.0026087,0.2084,298.7,1,1
28_A4,tier1_canopy_top,1,300,0.1,2.1,1.6,0.20489,-0.033415,-0.0059122,0.20768,298.714,1,1
28_A4,tier1_canopy_top,1,300,0.1,2.15,1.6,0.20467,-0.025553,-0.0014868,0.20627,298.734,1,1
28_A4,tier1_canopy_top,1,300,0.15,2.15,1.6,0.20592,-0.02529,0.0018439,0.20747,298.719,1,1
28_A4,tier1_canopy_top,1,300,0.25,2.1,1.6,0.20638,-0.03373,0.0028874,0.20914,298.674,1,1
28_A4,tier1_canopy_top,1,300,0.2,2.1,1.6,0.20635,-0.033732,0.00047099,0.20909,298.686,1,1
28_A4,tier1_canopy_top,1,300,0.2,2.15,1.6,0.20705,-0.025059,0.00481,0.20862,298.705,1,1
28_A4,tier1_canopy_top,1,300,0.25,2.15,1.6,0.20737,-0.024839,0.0067703,0.20896,298.693,1,1
28_A4,tier1_canopy_top,1,300,0.35,2.1,1.6,0.2035,-0.032723,0.0066735,0.20623,298.653,1,1
28_A4,tier1_canopy_top,1,300,0.3,2.1,1.6,0.20541,-0.033431,0.0048779,0.20817,298.663,1,1
28_A4,tier1_canopy_top,1,300,0.3,2.15,1.6,0.20643,-0.024531,0.0081149,0.20804,298.683,1,1
28_A4,tier1_canopy_top,1,300,0.35,2.15,1.6,0.20439,-0.023992,0.0092315,0.206,298.674,1,1
28_A4,tier1_canopy_top,1,300,-0.25,2.2,1.6,0.16882,-0.032121,-0.011893,0.17226,298.876,1,1
28_A4,tier1_canopy_top,1,300,-0.3,2.2,1.6,0.15742,-0.037188,-0.015821,0.16253,298.9,1,1
28_A4,tier1_canopy_top,1,300,-0.3,2.25,1.6,0.14709,-0.036116,-0.008527,0.1517,298.92,1,1
28_A4,tier1_canopy_top,1,300,-0.25,2.25,1.6,0.15985,-0.030028,-0.0047645,0.16271,298.895,1,1
28_A4,tier1_canopy_top,1,300,-0.15,2.2,1.6,0.18695,-0.024862,-0.0057218,0.18868,298.832,1,1
28_A4,tier1_canopy_top,1,300,-0.2,2.2,1.6,0.17875,-0.028011,-0.0084729,0.18113,298.853,1,1
28_A4,tier1_canopy_top,1,300,-0.2,2.25,1.6,0.17109,-0.024915,-0.0014382,0.1729,298.871,1,1
28_A4,tier1_canopy_top,1,300,-0.15,2.25,1.6,0.18055,-0.02084,0.0012828,0.18176,298.85,1,1
28_A4,tier1_canopy_top,1,300,-0.05,2.2,1.6,0.19796,-0.020935,-0.0017328,0.19907,298.795,1,1
28_A4,tier1_canopy_top,1,300,-0.1,2.2,1.6,0.1933,-0.022562,-0.0035433,0.19464,298.813,1,1
28_A4,tier1_canopy_top,1,300,-0.1,2.25,1.6,0.18811,-0.017725,0.0034098,0.18897,298.831,1,1
28_A4,tier1_canopy_top,1,300,-0.05,2.25,1.6,0.19384,-0.015393,0.0050753,0.19452,298.813,1,1
28_A4,tier1_canopy_top,1,300,0.05,2.2,1.6,0.20337,-0.018959,0.001806,0.20426,298.765,1,1
28_A4,tier1_canopy_top,1,300,0.0,2.2,1.6,0.20121,-0.0198,-3.9647e-05,0.20218,298.78,1,1
28_A4,tier1_canopy_top,1,300,0.0,2.25,1.6,0.19795,-0.013648,0.0064566,0.19852,298.798,1,1
28_A4,tier1_canopy_top,1,300,0.05,2.25,1.6,0.20066,-0.012286,0.0077347,0.20118,298.784,1,1
28_A4,tier1_canopy_top,1,300,0.15,2.2,1.6,0.20599,-0.017396,0.0065173,0.20683,298.738,1,1
28_A4,tier1_canopy_top,1,300,0.1,2.2,1.6,0.20483,-0.018203,0.0040141,0.20568,298.751,1,1
28_A4,tier1_canopy_top,1,300,0.1,2.25,1.6,0.20229,-0.0111,0.0090373,0.2028,298.771,1,1
28_A4,tier1_canopy_top,1,300,0.15,2.25,1.6,0.20318,-0.0099469,0.010341,0.20369,298.759,1,1
28_A4,tier1_canopy_top,1,300,0.25,2.2,1.6,0.20669,-0.016086,0.0098819,0.20755,298.714,1,1
28_A4,tier1_canopy_top,1,300,0.2,2.2,1.6,0.20679,-0.016644,0.0086283,0.20763,298.725,1,1
28_A4,tier1_canopy_top,1,300,0.2,2.25,1.6,0.20341,-0.0089055,0.011353,0.20392,298.749,1,1
28_A4,tier1_canopy_top,1,300,0.25,2.25,1.6,0.20279,-0.0080974,0.011877,0.2033,298.739,1,1
28_A4,tier1_canopy_top,1,300,0.35,2.2,1.6,0.20313,-0.015084,0.011135,0.20399,298.697,1,1
28_A4,tier1_canopy_top,1,300,0.3,2.2,1.6,0.20543,-0.015625,0.010612,0.20629,298.705,1,1
28_A4,tier1_canopy_top,1,300,0.3,2.25,1.6,0.20122,-0.0074397,0.01207,0.20172,298.731,1,1
28_A4,tier1_canopy_top,1,300,0.35,2.25,1.6,0.19881,-0.0067778,0.012087,0.19929,298.724,1,1
28_A4,tier1_canopy_top,1,300,-0.25,2.3,1.6,0.14677,-0.030025,0.0013351,0.14982,298.918,1,1
28_A4,tier1_canopy_top,1,300,-0.3,2.3,1.6,0.1334,-0.036974,-0.001969,0.13844,298.942,1,1
28_A4,tier1_canopy_top,1,300,-0.3,2.35,1.6,0.11234,-0.039729,0.0017789,0.11917,298.973,1,1
28_A4,tier1_canopy_top,1,300,-0.25,2.35,1.6,0.12593,-0.03217,0.0044143,0.13004,298.951,1,1
28_A4,tier1_canopy_top,1,300,-0.15,2.3,1.6,0.16873,-0.018902,0.0065274,0.16991,298.874,1,1
28_A4,tier1_canopy_top,1,300,-0.2,2.3,1.6,0.15862,-0.023967,0.0042022,0.16048,298.895,1,1
28_A4,tier1_canopy_top,1,300,-0.2,2.35,1.6,0.13806,-0.025418,0.0066253,0.14054,298.93,1,1
28_A4,tier1_canopy_top,1,300,-0.15,2.35,1.6,0.1486,-0.019562,0.0083881,0.15011,298.91,1,1
28_A4,tier1_canopy_top,1,300,-0.05,2.3,1.6,0.18341,-0.011596,0.0095898,0.18402,298.839,1,1
28_A4,tier1_canopy_top,1,300,-0.1,2.3,1.6,0.17698,-0.01482,0.0082957,0.17779,298.856,1,1
28_A4,tier1_canopy_top,1,300,-0.1,2.35,1.6,0.15741,-0.014629,0.0096914,0.15839,298.893,1,1
28_A4,tier1_canopy_top,1,300,-0.05,2.35,1.6,0.16456,-0.010554,0.010583,0.16523,298.877,1,1
28_A4,tier1_canopy_top,1,300,0.05,2.3,1.6,0.19148,-0.0070179,0.011282,0.19194,298.811,1,1
28_A4,tier1_canopy_top,1,300,0.0,2.3,1.6,0.18818,-0.0090545,0.010544,0.18869,298.824,1,1
28_A4,tier1_canopy_top,1,300,0.0,2.35,1.6,0.17016,-0.0072005,0.011163,0.17068,298.863,1,1
28_A4,tier1_canopy_top,1,300,0.05,2.35,1.6,0.17438,-0.0044174,0.011516,0.17481,298.85,1,1
28_A4,tier1_canopy_top,1,300,0.15,2.3,1.6,0.19463,-0.0038056,0.012368,0.19506,298.789,1,1
28_A4,tier1_canopy_top,1,300,0.1,2.3,1.6,0.19354,-0.0053127,0.011888,0.19398,298.799,1,1
28_A4,tier1_canopy_top,1,300,0.1,2.35,1.6,0.17737,-0.0020636,0.011694,0.17777,298.839,1,1
28_A4,tier1_canopy_top,1,300,0.15,2.35,1.6,0.17932,-2.5632e-05,0.011711,0.1797,298.829,1,1
28_A4,tier1_canopy_top,1,300,0.25,2.3,1.6,0.19431,-0.0014021,0.012585,0.19472,298.771,1,1
28_A4,tier1_canopy_top,1,300,0.2,2.3,1.6,0.19489,-0.002491,0.012625,0.19531,298.779,1,1
28_A4,tier1_canopy_top,1,300,0.2,2.35,1.6,0.18034,0.0017428,0.011534,0.18072,298.82,1,1
28_A4,tier1_canopy_top,1,300,0.25,2.35,1.6,0.1805,0.0032606,0.01114,0.18087,298.812,1,1
28_A4,tier1_canopy_top,1,300,0.35,2.3,1.6,0.19071,0.00041418,0.011877,0.19108,298.758,1,1
28_A4,tier1_canopy_top,1,300,0.3,2.3,1.6,0.19289,-0.00047125,0.012308,0.19328,298.764,1,1
28_A4,tier1_canopy_top,1,300,0.3,2.35,1.6,0.17983,0.0045905,0.010561,0.1802,298.805,1,1
28_A4,tier1_canopy_top,1,300,0.35,2.35,1.6,0.17842,0.00582,0.0098446,0.17879,298.8,1,1
28_A4,tier1_canopy_top,1,300,-0.25,2.4,1.6,0.095841,-0.038846,0.0028113,0.10345,298.997,1,1
28_A4,tier1_canopy_top,1,300,-0.3,2.4,1.6,0.082097,-0.046734,0.00070454,0.09447,299.017,1,1
28_A4,tier1_canopy_top,1,300,-0.15,2.4,1.6,0.11959,-0.025147,0.0059516,0.12235,298.96,1,1
28_A4,tier1_canopy_top,1,300,-0.2,2.4,1.6,0.1084,-0.031615,0.0045657,0.11301,298.978,1,1
28_A4,tier1_canopy_top,1,300,-0.05,2.4,1.6,0.1377,-0.01456,0.0076544,0.13868,298.928,1,1
28_A4,tier1_canopy_top,1,300,-0.1,2.4,1.6,0.12934,-0.019474,0.0069678,0.13098,298.943,1,1
28_A4,tier1_canopy_top,1,300,0.05,2.4,1.6,0.15046,-0.0066657,0.0082632,0.15083,298.902,1,1
28_A4,tier1_canopy_top,1,300,0.0,2.4,1.6,0.14472,-0.010325,0.008069,0.14532,298.915,1,1
28_A4,tier1_canopy_top,1,300,0.15,2.4,1.6,0.15844,-0.00069215,0.0080953,0.15864,298.881,1,1
28_A4,tier1_canopy_top,1,300,0.1,2.4,1.6,0.15499,-0.0034848,0.0082676,0.15525,298.891,1,1
28_A4,tier1_canopy_top,1,300,0.25,2.4,1.6,0.16249,0.0039447,0.0072054,0.1627,298.864,1,1
28_A4,tier1_canopy_top,1,300,0.2,2.4,1.6,0.16091,0.0017706,0.0077415,0.16111,298.872,1,1
28_A4,tier1_canopy_top,1,300,-0.3,2.05,1.6,0.18625,-0.050559,-0.039041,0.1969,298.814,1,1
28_A4,tier1_canopy_top,1,300,-0.1,2.05,1.6,0.20212,-0.043616,-0.021748,0.20791,298.743,1,1
28_A4,tier1_canopy_top,1,300,0.0,2.05,1.6,0.20524,-0.042277,-0.015406,0.21011,298.715,1,1
28_A4,tier1_canopy_top,1,300,0.05,2.05,1.6,0.20578,-0.042047,-0.012405,0.2104,298.702,1,1
28_A4,tier1_canopy_top,1,300,0.15,2.05,1.6,0.20597,-0.042196,-0.0061871,0.21034,298.677,1,1
28_A4,tier1_canopy_top,1,300,-0.35,2.2,1.6,0.14484,-0.043158,-0.020076,0.15246,298.925,1,1
28_A4,tier1_canopy_top,1,300,-0.35,2.35,1.6,0.097444,-0.04803,-0.0012156,0.10864,298.996,1,1
28_A4,tier1_canopy_top,1,300,-0.35,2.4,1.6,0.067259,-0.055236,-0.0017544,0.087051,299.037,1,1
28_A4,tier1_canopy_top,1,300,0.3,2.4,1.6,0.16322,0.0058914,0.0065098,0.16346,298.856,1,1
28_A4,tier1_canopy_top,1,300,0.35,2.4,1.6,0.16319,0.0076828,0.0056856,0.16347,298.85,1,1
28_A4,tier1_canopy_top,1,300,0.45,2.1,1.6,0.19732,-0.029776,0.0094085,0.19978,298.637,1,1
28_A4,tier1_canopy_top,1,300,0.4,2.1,1.6,0.20077,-0.031532,0.0081867,0.20339,298.644,1,1
28_A4,tier1_canopy_top,1,300,0.4,2.15,1.6,0.20148,-0.023121,0.010131,0.20306,298.666,1,1
28_A4,tier1_canopy_top,1,300,0.45,2.15,1.6,0.19792,-0.021818,0.010767,0.19941,298.66,1,1
28_A4,tier1_canopy_top,1,300,0.55,2.1,1.6,0.18978,-0.024153,0.011096,0.19163,298.625,1,1
28_A4,tier1_canopy_top,1,300,0.5,2.1,1.6,0.19351,-0.027331,0.010445,0.19571,298.63,1,1
28_A4,tier1_canopy_top,1,300,0.5,2.15,1.6,0.19397,-0.01996,0.01114,0.19531,298.654,1,1
28_A4,tier1_canopy_top,1,300,0.55,2.15,1.6,0.18997,-0.017511,0.011118,0.1911,298.65,1,1
28_A4,tier1_canopy_top,1,300,0.65,2.1,1.6,0.18385,-0.01574,0.0097545,0.18479,298.618,1,1
28_A4,tier1_canopy_top,1,300,0.6,2.1,1.6,0.18646,-0.020283,0.010972,0.18788,298.621,1,1
28_A4,tier1_canopy_top,1,300,0.6,2.15,1.6,0.18624,-0.014527,0.01044,0.18709,298.647,1,1
28_A4,tier1_canopy_top,1,300,0.65,2.15,1.6,0.18308,-0.011073,0.0088285,0.18363,298.646,1,1
28_A4,tier1_canopy_top,1,300,0.75,2.1,1.6,0.18292,-0.0044296,0.0027765,0.183,298.619,1,1
28_A4,tier1_canopy_top,1,300,0.7,2.1,1.6,0.18244,-0.010489,0.0071504,0.18288,298.617,1,1
28_A4,tier1_canopy_top,1,300,0.7,2.15,1.6,0.18096,-0.0071891,0.0059933,0.1812,298.647,1,1
28_A4,tier1_canopy_top,1,300,0.75,2.15,1.6,0.18042,-0.0029,0.0015539,0.18045,298.65,1,1
28_A4,tier1_canopy_top,1,300,0.85,2.1,1.6,0.19404,0.010142,-0.013566,0.19478,298.633,1,1
28_A4,tier1_canopy_top,1,300,0.8,2.1,1.6,0.18631,0.0025242,-0.0039075,0.18637,298.624,1,1
28_A4,tier1_canopy_top,1,300,0.8,2.15,1.6,0.18238,0.0016641,-0.0050016,0.18245,298.656,1,1
28_A4,tier1_canopy_top,1,300,0.85,2.15,1.6,0.18802,0.0060179,-0.014259,0.18865,298.665,1,1
28_A4,tier1_canopy_top,1,300,0.95,2.1,1.6,0.22999,0.023213,-0.044485,0.2354,298.663,1,1
28_A4,tier1_canopy_top,1,300,0.9,2.1,1.6,0.20786,0.017598,-0.026846,0.21032,298.645,1,1
28_A4,tier1_canopy_top,1,300,0.9,2.15,1.6,0.19862,0.0091534,-0.026743,0.20062,298.679,1,1
28_A4,tier1_canopy_top,1,300,0.95,2.15,1.6,0.21556,0.0093097,-0.042943,0.21999,298.696,1,1
28_A4,tier1_canopy_top,1,300,0.45,2.2,1.6,0.1964,-0.013291,0.01158,0.19719,298.685,1,1
28_A4,tier1_canopy_top,1,300,0.4,2.2,1.6,0.20006,-0.014339,0.011475,0.2009,298.69,1,1
28_A4,tier1_canopy_top,1,300,0.4,2.25,1.6,0.19572,-0.0060036,0.011942,0.19617,298.719,1,1
28_A4,tier1_canopy_top,1,300,0.45,2.25,1.6,0.1921,-0.0050354,0.011598,0.19251,298.714,1,1
28_A4,tier1_canopy_top,1,300,0.55,2.2,1.6,0.18819,-0.0099605,0.010887,0.18877,298.677,1,1
28_A4,tier1_canopy_top,1,300,0.5,2.2,1.6,0.19236,-0.011843,0.011416,0.19306,298.68,1,1
28_A4,tier1_canopy_top,1,300,0.5,2.25,1.6,0.18811,-0.0037995,0.011014,0.18847,298.711,1,1
28_A4,tier1_canopy_top,1,300,0.55,2.25,1.6,0.18396,-0.0022654,0.010115,0.18425,298.708,1,1
28_A4,tier1_canopy_top,1,300,0.65,2.2,1.6,0.18061,-0.0050911,0.0079476,0.18086,298.675,1,1
28_A4,tier1_canopy_top,1,300,0.6,2.2,1.6,0.18418,-0.0076847,0.0098071,0.1846,298.675,1,1
28_A4,tier1_canopy_top,1,300,0.6,2.25,1.6,0.17988,-0.00046261,0.0087608,0.18009,298.707,1,1
28_A4,tier1_canopy_top,1,300,0.65,2.25,1.6,0.17613,0.0015266,0.0067721,0.17627,298.708,1,1
28_A4,tier1_canopy_top,1,300,0.75,2.2,1.6,0.17644,0.00064177,0.00074524,0.17644,298.681,1,1
28_A4,tier1_canopy_top,1,300,0.7,2.2,1.6,0.17787,-0.0022704,0.0050422,0.17796,298.677,1,1
28_A4,tier1_canopy_top,1,300,0.7,2.25,1.6,0.17304,0.0035685,0.0039303,0.17312,298.71,1,1
28_A4,tier1_canopy_top,1,300,0.75,2.25,1.6,0.171,0.0054442,-5.0838e-05,0.17108,298.715,1,1
28_A4,tier1_canopy_top,1,300,0.85,2.2,1.6,0.18063,0.0053049,-0.013764,0.18124,298.698,1,1
28_A4,tier1_canopy_top,1,300,0.8,2.2,1.6,0.17705,0.0033648,-0.0053889,0.17716,298.688,1,1
28_A4,tier1_canopy_top,1,300,0.8,2.25,1.6,0.17059,0.0067984,-0.0055236,0.17082,298.722,1,1
28_A4,tier1_canopy_top,1,300,0.85,2.25,1.6,0.17249,0.0070534,-0.012669,0.1731,298.732,1,1
28_A4,tier1_canopy_top,1,300,0.95,2.2,1.6,0.20041,0.002365,-0.038488,0.20409,298.73,1,1
28_A4,tier1_canopy_top,1,300,0.9,2.2,1.6,0.18813,0.0054685,-0.024701,0.18983,298.712,1,1
28_A4,tier1_canopy_top,1,300,0.9,2.25,1.6,0.17739,0.0053207,-0.021562,0.17878,298.745,1,1
28_A4,tier1_canopy_top,1,300,0.95,2.25,1.6,0.18589,0.00034848,-0.032315,0.18868,298.763,1,1
28_A4,tier1_canopy_top,1,300,0.45,2.3,1.6,0.18458,0.0023738,0.010583,0.1849,298.749,1,1
28_A4,tier1_canopy_top,1,300,0.4,2.3,1.6,0.1879,0.0013403,0.011309,0.18824,298.753,1,1
28_A4,tier1_canopy_top,1,300,0.4,2.35,1.6,0.17638,0.0070219,0.009009,0.17675,298.795,1,1
28_A4,tier1_canopy_top,1,300,0.45,2.35,1.6,0.17382,0.0082507,0.0080422,0.1742,298.791,1,1
28_A4,tier1_canopy_top,1,300,0.55,2.3,1.6,0.17703,0.0049481,0.0084849,0.17731,298.744,1,1
28_A4,tier1_canopy_top,1,300,0.5,2.3,1.6,0.1809,0.0035699,0.0096617,0.1812,298.746,1,1
28_A4,tier1_canopy_top,1,300,0.5,2.35,1.6,0.17086,0.0095449,0.0069191,0.17127,298.788,1,1
28_A4,tier1_canopy_top,1,300,0.55,2.35,1.6,0.16768,0.010914,0.005595,0.16813,298.786,1,1
28_A4,tier1_canopy_top,1,300,0.65,2.3,1.6,0.16957,0.0080674,0.0049319,0.16983,298.744,1,1
28_A4,tier1_canopy_top,1,300,0.6,2.3,1.6,0.17318,0.006476,0.0069522,0.17344,298.744,1,1
28_A4,tier1_canopy_top,1,300,0.6,2.35,1.6,0.16445,0.012323,0.0039997,0.16495,298.785,1,1
28_A4,tier1_canopy_top,1,300,0.65,2.35,1.6,0.16136,0.01369,0.0020435,0.16195,298.786,1,1
28_A4,tier1_canopy_top,1,300,0.75,2.3,1.6,0.16422,0.01072,-0.0012623,0.16457,298.751,1,1
28_A4,tier1_canopy_top,1,300,0.7,2.3,1.6,0.16647,0.0095657,0.0022631,0.16676,298.747,1,1
28_A4,tier1_canopy_top,1,300,0.7,2.35,1.6,0.15867,0.014867,-0.00038216,0.15936,298.788,1,1
28_A4,tier1_canopy_top,1,300,0.75,2.35,1.6,0.15665,0.015616,-0.0034089,0.15746,298.792,1,1
28_A4,tier1_canopy_top,1,300,0.85,2.3,1.6,0.16401,0.010434,-0.011625,0.16475,298.768,1,1
28_A4,tier1_canopy_top,1,300,0.8,2.3,1.6,0.16325,0.011172,-0.0058795,0.16374,298.758,1,1
28_A4,tier1_canopy_top,1,300,0.8,2.35,1.6,0.15561,0.015619,-0.0071591,0.15656,298.798,1,1
28_A4,tier1_canopy_top,1,300,0.85,2.35,1.6,0.15582,0.014505,-0.011602,0.15692,298.806,1,1
28_A4,tier1_canopy_top,1,300,0.95,2.3,1.6,0.17229,0.0022055,-0.025878,0.17424,298.797,1,1
28_A4,tier1_canopy_top,1,300,0.9,2.3,1.6,0.16689,0.0077879,-0.018369,0.16808,298.781,1,1
28_A4,tier1_canopy_top,1,300,0.9,2.35,1.6,0.15744,0.011787,-0.016508,0.15874,298.818,1,1
28_A4,tier1_canopy_top,1,300,0.95,2.35,1.6,0.16068,0.0068386,-0.021332,0.16224,298.833,1,1
28_A4,tier1_canopy_top,1,300,0.35,2.4,1.6,0.16319,0.0076828,0.0056856,0.16347,298.85,1,1
28_A4,tier1_canopy_top,1,300,0.3,2.4,1.6,0.16322,0.0058914,0.0065098,0.16346,298.856,1,1
28_A4,tier1_canopy_top,1,300,0.45,2.4,1.6,0.16121,0.011017,0.0036963,0.16163,298.84,1,1
28_A4,tier1_canopy_top,1,300,0.4,2.4,1.6,0.16249,0.0093787,0.004749,0.16283,298.845,1,1
28_A4,tier1_canopy_top,1,300,0.55,2.4,1.6,0.1574,0.014188,0.0011629,0.15804,298.834,1,1
28_A4,tier1_canopy_top,1,300,0.5,2.4,1.6,0.15947,0.01262,0.0025119,0.15999,298.837,1,1
28_A4,tier1_canopy_top,1,300,0.65,2.4,1.6,0.15293,0.017052,-0.0022389,0.1539,298.832,1,1
28_A4,tier1_canopy_top,1,300,0.6,2.4,1.6,0.15516,0.015692,-0.00040181,0.15595,298.833,1,1
28_A4,tier1_canopy_top,1,300,0.75,2.4,1.6,0.14948,0.01875,-0.0069919,0.15082,298.836,1,1
28_A4,tier1_canopy_top,1,300,0.7,2.4,1.6,0.15096,0.018138,-0.0044118,0.15211,298.833,1,1
28_A4,tier1_canopy_top,1,300,0.85,2.4,1.6,0.14888,0.01752,-0.013451,0.15051,298.849,1,1
28_A4,tier1_canopy_top,1,300,0.8,2.4,1.6,0.14872,0.018635,-0.010024,0.15022,298.841,1,1
28_A4,tier1_canopy_top,1,300,0.95,2.4,1.6,0.15257,0.011189,-0.020422,0.15434,298.872,1,1
28_A4,tier1_canopy_top,1,300,0.9,2.4,1.6,0.1501,0.01512,-0.017066,0.15182,298.859,1,1
28_A4,tier1_canopy_top,1,300,0.35,2.1,1.6,0.2035,-0.032723,0.0066735,0.20623,298.653,1,1
28_A4,tier1_canopy_top,1,300,0.45,2.05,1.6,0.1958,-0.036478,0.0085378,0.19935,298.613,1,1
28_A4,tier1_canopy_top,1,300,0.5,2.05,1.6,0.19213,-0.03329,0.010236,0.19526,298.605,1,1
28_A4,tier1_canopy_top,1,300,0.6,2.05,1.6,0.18569,-0.024433,0.012007,0.18767,298.593,1,1
28_A4,tier1_canopy_top,1,300,0.7,2.05,1.6,0.18269,-0.011756,0.0090114,0.18329,298.588,1,1
28_A4,tier1_canopy_top,1,300,0.95,2.05,1.6,0.23944,0.044802,-0.041885,0.24717,298.63,1,1
28_A4,tier1_canopy_top,1,300,1.0,2.1,1.6,0.26371,0.023988,-0.068058,0.27341,298.686,1,1
28_A4,tier1_canopy_top,1,300,0.35,2.2,1.6,0.20313,-0.015084,0.011135,0.20399,298.697,1,1
28_A4,tier1_canopy_top,1,300,1.0,2.15,1.6,0.24036,0.0035483,-0.063888,0.24874,298.719,1,1
28_A4,tier1_canopy_top,1,300,1.0,2.2,1.6,0.21808,-0.0062001,-0.055631,0.22515,298.752,1,1
28_A4,tier1_canopy_top,1,300,0.35,2.25,1.6,0.19881,-0.0067778,0.012087,0.19929,298.724,1,1
28_A4,tier1_canopy_top,1,300,1.0,2.25,1.6,0.19834,-0.0094492,-0.045151,0.20363,298.784,1,1
28_A4,tier1_canopy_top,1,300,1.0,2.3,1.6,0.18063,-0.0074651,-0.034095,0.18397,298.816,1,1
28_A4,tier1_canopy_top,1,300,1.0,2.35,1.6,0.16607,-0.00095456,-0.025795,0.16807,298.85,1,1
28_A4,tier1_canopy_top,1,300,1.0,2.4,1.6,0.15684,0.0055191,-0.023392,0.15867,298.888,1,1
28_A4,tier1_canopy_top,1,300,0.3,2.35,1.6,0.17983,0.0045905,0.010561,0.1802,298.805,1,1
28_A4,tier1_canopy_top,1,300,1.05,2.1,1.6,0.31452,0.014443,-0.10067,0.33056,298.716,1,1
28_A4,tier1_canopy_top,1,300,1.05,2.15,1.6,0.27445,-0.012881,-0.091273,0.28952,298.748,1,1
28_A4,tier1_canopy_top,1,300,1.0,2.15,1.6,0.24036,0.0035483,-0.063888,0.24874,298.719,1,1
28_A4,tier1_canopy_top,1,300,1.15,2.1,1.6,0.5215,-0.091534,-0.21508,0.57149,298.797,1,1
28_A4,tier1_canopy_top,1,300,1.1,2.1,1.6,0.39289,-0.01635,-0.14744,0.41996,298.752,1,1
28_A4,tier1_canopy_top,1,300,1.1,2.15,1.6,0.31858,-0.048203,-0.12723,0.34641,298.784,1,1
28_A4,tier1_canopy_top,1,300,1.15,2.15,1.6,0.37161,-0.11902,-0.17299,0.42683,298.826,1,1
28_A4,tier1_canopy_top,1,300,1.2,2.1,1.6,0.63953,-0.26367,-0.31507,0.76013,298.848,1,1
28_A4,tier1_canopy_top,1,300,1.2,2.15,1.6,0.40117,-0.26134,-0.22873,0.53061,298.875,1,1
28_A4,tier1_canopy_top,1,300,1.05,2.2,1.6,0.24104,-0.023158,-0.077022,0.2541,298.78,1,1
28_A4,tier1_canopy_top,1,300,1.05,2.25,1.6,0.21465,-0.025649,-0.06101,0.22462,298.811,1,1
28_A4,tier1_canopy_top,1,300,1.0,2.25,1.6,0.19834,-0.0094492,-0.045151,0.20363,298.784,1,1
28_A4,tier1_canopy_top,1,300,1.15,2.2,1.6,0.28928,-0.10081,-0.13608,0.33521,298.854,1,1
28_A4,tier1_canopy_top,1,300,1.1,2.2,1.6,0.26683,-0.052288,-0.10406,0.29114,298.814,1,1
28_A4,tier1_canopy_top,1,300,1.1,2.25,1.6,0.23155,-0.048989,-0.082523,0.25065,298.843,1,1
28_A4,tier1_canopy_top,1,300,1.15,2.25,1.6,0.24204,-0.082011,-0.10794,0.27741,298.881,1,1
28_A4,tier1_canopy_top,1,300,1.2,2.2,1.6,0.29166,-0.17906,-0.17013,0.38219,298.899,1,1
28_A4,tier1_canopy_top,1,300,1.2,2.25,1.6,0.23716,-0.1271,-0.13253,0.29994,298.924,1,1
28_A4,tier1_canopy_top,1,300,1.05,2.3,1.6,0.19279,-0.022077,-0.044346,0.19906,298.841,1,1
28_A4,tier1_canopy_top,1,300,1.0,2.3,1.6,0.18063,-0.0074651,-0.034095,0.18397,298.816,1,1
28_A4,tier1_canopy_top,1,300,1.05,2.35,1.6,0.17538,-0.012144,-0.031438,0.17859,298.873,1,1
28_A4,tier1_canopy_top,1,300,1.15,2.3,1.6,0.21277,-0.064949,-0.084408,0.23794,298.909,1,1
28_A4,tier1_canopy_top,1,300,1.1,2.3,1.6,0.2059,-0.041052,-0.06178,0.21885,298.872,1,1
28_A4,tier1_canopy_top,1,300,1.1,2.35,1.6,0.18645,-0.027623,-0.045057,0.1938,298.902,1,1
28_A4,tier1_canopy_top,1,300,1.15,2.35,1.6,0.19252,-0.047791,-0.065228,0.20881,298.937,1,1
28_A4,tier1_canopy_top,1,300,1.2,2.3,1.6,0.20731,-0.093983,-0.10702,0.25152,298.949,1,1
28_A4,tier1_canopy_top,1,300,1.2,2.35,1.6,0.1884,-0.071362,-0.087474,0.21963,298.975,1,1
28_A4,tier1_canopy_top,1,300,1.05,2.4,1.6,0.16427,-0.0025019,-0.027413,0.16656,298.908,1,1
28_A4,tier1_canopy_top,1,300,1.15,2.4,1.6,0.17744,-0.034342,-0.054215,0.18869,298.965,1,1
28_A4,tier1_canopy_top,1,300,1.1,2.4,1.6,0.17294,-0.015557,-0.03802,0.17775,298.934,1,1
28_A4,tier1_canopy_top,1,300,1.2,2.4,1.6,0.174,-0.056522,-0.07198,0.1966,298.999,1,1
28_A4,tier1_canopy_top,1,300,1.05,2.05,1.6,0.34464,0.064512,-0.1005,0.36475,298.684,1,1
