run_id,plane,tier,t_s,x_m,y_m,z_m,Ux,Uy,Uz,magU,T_K,in_bed,in_window
29_A5,tier0_canopy_mid,0,300,-1.2,1.6,0.675,0,0,0,0,302,1,1
29_A5,tier0_canopy_mid,0,300,-1.15,1.6,0.675,2.5408e-18,1.4422e-17,7.6145e-18,1.6505e-17,302,1,1
29_A5,tier0_canopy_mid,0,300,-1.1,1.6,0.675,0,0,0,0,302,1,1
29_A5,tier0_canopy_mid,0,300,-1.05,1.6,0.675,0.025712,0.14652,0.082092,0.16991,298.599,1,1
29_A5,tier0_canopy_mid,0,300,-1.0,1.6,0.675,0.037597,0.10569,0.081979,0.13894,298.613,1,1
29_A5,tier0_canopy_mid,0,300,-1.2,1.65,0.675,0,0,0,0,302,1,1
29_A5,tier0_canopy_mid,0,300,-1.2,1.7,0.675,0,0,0,0,302,1,1
29_A5,tier0_canopy_mid,0,300,-1.05,1.65,0.675,0.053215,0.11585,0.054305,0.13857,298.728,1,1
29_A5,tier0_canopy_mid,0,300,-1.1,1.65,0.675,0,0,0,0,302,1,1
29_A5,tier0_canopy_mid,0,300,-1.0,1.65,0.675,0.10968,0.044269,0.04979,0.12833,298.738,1,1
29_A5,tier0_canopy_mid,0,300,-1.05,1.7,0.675,0.13234,0.015041,0.013538,0.13388,298.808,1,1
29_A5,tier0_canopy_mid,0,300,-1.1,1.7,0.675,0,0,0,0,302,1,1
29_A5,tier0_canopy_mid,0,300,-1.0,1.7,0.675,0.22451,-0.055548,0.012846,0.23164,298.79,1,1
29_A5,tier0_canopy_mid,0,300,-1.2,1.75,0.675,0.079711,0.18039,-0.003271,0.19724,298.733,1,1
29_A5,tier0_canopy_mid,0,300,-1.2,1.8,0.675,0.13686,0.16882,-0.022693,0.21851,298.709,1,1
29_A5,tier0_canopy_mid,0,300,-1.15,1.75,0.675,0.10112,0.053568,-0.050615,0.12513,298.858,1,1
29_A5,tier0_canopy_mid,0,300,-1.15,1.7,0.675,0,0,0,0,302,1,1
29_A5,tier0_canopy_mid,0,300,-1.1,1.75,0.675,0.16169,-0.033125,-0.043593,0.17071,298.861,1,1
29_A5,tier0_canopy_mid,0,300,-1.15,1.8,0.675,0.27629,0.0063785,-0.087192,0.28979,298.772,1,1
29_A5,tier0_canopy_mid,0,300,-1.1,1.8,0.675,0.42265,-0.11974,-0.09756,0.44999,298.781,1,1
29_A5,tier0_canopy_mid,0,300,-1.05,1.75,0.675,0.2878,-0.097044,-0.034619,0.30568,298.806,1,1
29_A5,tier0_canopy_mid,0,300,-1.0,1.75,0.675,0.40479,-0.15912,-0.030772,0.43603,298.789,1,1
29_A5,tier0_canopy_mid,0,300,-1.05,1.8,0.675,0.56379,-0.19981,-0.089086,0.60475,298.77,1,1
29_A5,tier0_canopy_mid,0,300,-1.0,1.8,0.675,0.68178,-0.24801,-0.078281,0.7297,298.764,1,1
29_A5,tier0_canopy_mid,0,300,-1.2,1.85,0.675,0.43402,0.0038899,-0.098659,0.44511,298.662,1,1
29_A5,tier0_canopy_mid,0,300,-1.2,1.9,0.675,1.3647,-0.076576,-0.33946,1.4084,298.598,1,1
29_A5,tier0_canopy_mid,0,300,-1.15,1.85,0.675,0.67791,-0.15973,-0.16675,0.71615,298.695,1,1
29_A5,tier0_canopy_mid,0,300,-1.1,1.85,0.675,0.85715,-0.25193,-0.17381,0.91015,298.709,1,1
29_A5,tier0_canopy_mid,0,300,-1.15,1.9,0.675,1.5043,-0.23044,-0.35022,1.5616,298.624,1,1
29_A5,tier0_canopy_mid,0,300,-1.1,1.9,0.675,1.5806,-0.28517,-0.31277,1.6363,298.646,1,1
29_A5,tier0_canopy_mid,0,300,-1.05,1.85,0.675,0.98823,-0.29563,-0.15999,1.0438,298.717,1,1
29_A5,tier0_canopy_mid,0,300,-1.0,1.85,0.675,1.08,-0.31227,-0.14094,1.1331,298.724,1,1
29_A5,tier0_canopy_mid,0,300,-1.05,1.9,0.675,1.617,-0.29839,-0.26981,1.6662,298.663,1,1
29_A5,tier0_canopy_mid,0,300,-1.0,1.9,0.675,1.6253,-0.29368,-0.23042,1.6676,298.679,1,1
29_A5,tier0_canopy_mid,0,300,-1.2,1.95,0.675,2.3162,0.020044,-0.59588,2.3917,298.551,1,1
29_A5,tier0_canopy_mid,0,300,-1.2,2.0,0.675,2.6177,0.065249,-0.67004,2.7029,298.521,1,1
29_A5,tier0_canopy_mid,0,300,-1.15,1.95,0.675,2.3321,-0.098162,-0.5348,2.3946,298.577,1,1
29_A5,tier0_canopy_mid,0,300,-1.1,1.95,0.675,2.3116,-0.14698,-0.44932,2.3595,298.599,1,1
29_A5,tier0_canopy_mid,0,300,-1.15,2.0,0.675,2.6528,0.05008,-0.59617,2.7194,298.546,1,1
29_A5,tier0_canopy_mid,0,300,-1.1,2.0,0.675,2.6336,0.039771,-0.5009,2.6811,298.566,1,1
29_A5,tier0_canopy_mid,0,300,-1.05,1.95,0.675,2.2545,-0.16138,-0.37808,2.2916,298.619,1,1
29_A5,tier0_canopy_mid,0,300,-1.0,1.95,0.675,2.177,-0.15662,-0.32158,2.2062,298.637,1,1
29_A5,tier0_canopy_mid,0,300,-1.05,2.0,0.675,2.565,0.034394,-0.42738,2.6006,298.586,1,1
29_A5,tier0_canopy_mid,0,300,-1.0,2.0,0.675,2.4637,0.037553,-0.3823,2.4934,298.602,1,1
29_A5,tier0_canopy_mid,0,300,-1.2,2.05,0.675,2.4468,0.097555,-0.60416,2.5222,298.508,1,1
29_A5,tier0_canopy_mid,0,300,-1.15,2.05,0.675,2.472,0.19069,-0.54639,2.5388,298.53,1,1
29_A5,tier0_canopy_mid,0,300,-1.1,2.05,0.675,2.4592,0.22103,-0.46402,2.5123,298.55,1,1
29_A5,tier0_canopy_mid,0,300,-1.05,2.05,0.675,2.4118,0.22202,-0.40105,2.455,298.568,1,1
29_A5,tier0_canopy_mid,0,300,-1.0,2.05,0.675,2.3317,0.20985,-0.37406,2.3709,298.583,1,1
29_A5,tier0_canopy_mid,0,300,-0.95,1.6,0.675,0.087578,0.055454,0.083007,0.1328,298.659,1,1
29_A5,tier0_canopy_mid,0,300,-1.0,1.6,0.675,0.037597,0.10569,0.081979,0.13894,298.613,1,1
29_A5,tier0_canopy_mid,0,300,-0.9,1.6,0.675,0.1511,0.00053391,0.08206,0.17195,298.713,1,1
29_A5,tier0_canopy_mid,0,300,-0.85,1.6,0.675,0.21913,-0.050443,0.079635,0.23855,298.758,1,1
29_A5,tier0_canopy_mid,0,300,-0.8,1.6,0.675,0.28331,-0.09344,0.07563,0.30776,298.792,1,1
29_A5,tier0_canopy_mid,0,300,-0.75,1.6,0.675,0.33964,-0.12733,0.070663,0.36954,298.815,1,1
29_A5,tier0_canopy_mid,0,300,-0.7,1.6,0.675,0.38801,-0.15318,0.065464,0.42226,298.831,1,1
29_A5,tier0_canopy_mid,0,300,-0.65,1.6,0.675,0.42883,-0.1723,0.060427,0.46608,298.843,1,1
29_A5,tier0_canopy_mid,0,300,-0.6,1.6,0.675,0.46303,-0.18601,0.055664,0.50209,298.853,1,1
29_A5,tier0_canopy_mid,0,300,-0.55,1.6,0.675,0.49136,-0.19539,0.051202,0.53126,298.862,1,1
29_A5,tier0_canopy_mid,0,300,-0.5,1.6,0.675,0.51452,-0.20128,0.047032,0.55449,298.87,1,1
29_A5,tier0_canopy_mid,0,300,-0.45,1.6,0.675,0.5331,-0.20441,0.043139,0.57258,298.877,1,1
29_A5,tier0_canopy_mid,0,300,-0.4,1.6,0.675,0.54767,-0.20535,0.039501,0.58623,298.884,1,1
29_A5,tier0_canopy_mid,0,300,-0.35,1.6,0.675,0.5587,-0.20457,0.036091,0.59607,298.891,1,1
29_A5,tier0_canopy_mid,0,300,-0.3,1.6,0.675,0.56664,-0.20249,0.032878,0.60263,298.898,1,1
29_A5,tier0_canopy_mid,0,300,-0.95,1.65,0.675,0.19148,-0.023694,0.047651,0.19873,298.771,1,1
29_A5,tier0_canopy_mid,0,300,-0.9,1.65,0.675,0.26911,-0.081474,0.045065,0.28476,298.798,1,1
29_A5,tier0_canopy_mid,0,300,-0.95,1.7,0.675,0.3202,-0.11693,0.011669,0.34108,298.794,1,1
29_A5,tier0_canopy_mid,0,300,-0.9,1.7,0.675,0.40329,-0.16336,0.010685,0.43525,298.8,1,1
29_A5,tier0_canopy_mid,0,300,-0.85,1.65,0.675,0.33987,-0.12724,0.042275,0.36536,298.816,1,1
29_A5,tier0_canopy_mid,0,300,-0.8,1.65,0.675,0.40109,-0.16147,0.039539,0.43418,298.828,1,1
29_A5,tier0_canopy_mid,0,300,-0.85,1.7,0.675,0.47392,-0.19668,0.01041,0.51322,298.806,1,1
29_A5,tier0_canopy_mid,0,300,-0.8,1.7,0.675,0.53288,-0.21959,0.010503,0.57645,298.812,1,1
29_A5,tier0_canopy_mid,0,300,-0.75,1.65,0.675,0.45298,-0.1862,0.03692,0.49114,298.837,1,1
29_A5,tier0_canopy_mid,0,300,-0.7,1.65,0.675,0.49615,-0.20333,0.034548,0.53731,298.845,1,1
29_A5,tier0_canopy_mid,0,300,-0.75,1.7,0.675,0.58106,-0.23427,0.010768,0.6266,298.818,1,1
29_A5,tier0_canopy_mid,0,300,-0.7,1.7,0.675,0.61979,-0.24271,0.011012,0.66571,298.824,1,1
29_A5,tier0_canopy_mid,0,300,-0.65,1.65,0.675,0.53165,-0.21457,0.032352,0.57423,298.852,1,1
29_A5,tier0_canopy_mid,0,300,-0.6,1.65,0.675,0.56034,-0.22124,0.030305,0.6032,298.858,1,1
29_A5,tier0_canopy_mid,0,300,-0.65,1.7,0.675,0.65023,-0.2464,0.011218,0.69544,298.831,1,1
29_A5,tier0_canopy_mid,0,300,-0.6,1.7,0.675,0.67345,-0.24649,0.011383,0.71723,298.839,1,1
29_A5,tier0_canopy_mid,0,300,-0.55,1.65,0.675,0.58305,-0.22434,0.028384,0.62537,298.865,1,1
29_A5,tier0_canopy_mid,0,300,-0.5,1.65,0.675,0.60052,-0.22467,0.026574,0.64173,298.872,1,1
29_A5,tier0_canopy_mid,0,300,-0.55,1.7,0.675,0.69045,-0.24387,0.011491,0.73234,298.846,1,1
29_A5,tier0_canopy_mid,0,300,-0.5,1.7,0.675,0.70211,-0.23927,0.011537,0.74186,298.854,1,1
29_A5,tier0_canopy_mid,0,300,-0.45,1.65,0.675,0.61343,-0.2229,0.024871,0.65314,298.88,1,1
29_A5,tier0_canopy_mid,0,300,-0.4,1.65,0.675,0.62237,-0.21953,0.023267,0.66036,298.887,1,1
29_A5,tier0_canopy_mid,0,300,-0.45,1.7,0.675,0.70923,-0.23325,0.011527,0.74669,298.862,1,1
29_A5,tier0_canopy_mid,0,300,-0.4,1.7,0.675,0.71247,-0.22624,0.011466,0.74762,298.87,1,1
29_A5,tier0_canopy_mid,0,300,-0.35,1.65,0.675,0.62788,-0.21499,0.021752,0.66403,298.894,1,1
29_A5,tier0_canopy_mid,0,300,-0.3,1.65,0.675,0.63043,-0.20963,0.020312,0.66468,298.901,1,1
29_A5,tier0_canopy_mid,0,300,-0.35,1.7,0.675,0.71243,-0.2186,0.011357,0.7453,298.877,1,1
29_A5,tier0_canopy_mid,0,300,-0.3,1.7,0.675,0.70964,-0.21058,0.011208,0.74031,298.885,1,1
29_A5,tier0_canopy_mid,0,300,-0.95,1.75,0.675,0.50521,-0.20474,-0.026399,0.54576,298.785,1,1
29_A5,tier0_canopy_mid,0,300,-0.9,1.75,0.675,0.5874,-0.23547,-0.02227,0.63323,298.785,1,1
29_A5,tier0_canopy_mid,0,300,-0.95,1.8,0.675,0.77359,-0.27516,-0.06761,0.82385,298.763,1,1
29_A5,tier0_canopy_mid,0,300,-0.9,1.8,0.675,0.84226,-0.28892,-0.057645,0.8923,298.765,1,1
29_A5,tier0_canopy_mid,0,300,-0.85,1.75,0.675,0.65334,-0.25483,-0.018275,0.70152,298.788,1,1
29_A5,tier0_canopy_mid,0,300,-0.8,1.75,0.675,0.70532,-0.26562,-0.014593,0.75382,298.793,1,1
29_A5,tier0_canopy_mid,0,300,-0.85,1.8,0.675,0.89282,-0.29413,-0.0486,0.94128,298.769,1,1
29_A5,tier0_canopy_mid,0,300,-0.8,1.8,0.675,0.92897,-0.29324,-0.04067,0.975,298.775,1,1
29_A5,tier0_canopy_mid,0,300,-0.75,1.75,0.675,0.74546,-0.27002,-0.011364,0.79294,298.799,1,1
29_A5,tier0_canopy_mid,0,300,-0.7,1.75,0.675,0.77548,-0.26967,-0.0085652,0.82108,298.806,1,1
29_A5,tier0_canopy_mid,0,300,-0.75,1.8,0.675,0.95328,-0.28788,-0.033863,0.99637,298.781,1,1
29_A5,tier0_canopy_mid,0,300,-0.7,1.8,0.675,0.9678,-0.27948,-0.028029,1.0077,298.788,1,1
29_A5,tier0_canopy_mid,0,300,-0.65,1.75,0.675,0.79689,-0.2659,-0.0061121,0.8401,298.813,1,1
29_A5,tier0_canopy_mid,0,300,-0.6,1.75,0.675,0.81106,-0.2597,-0.0039469,0.85163,298.821,1,1
29_A5,tier0_canopy_mid,0,300,-0.65,1.8,0.675,0.97435,-0.26917,-0.022989,1.0111,298.796,1,1
29_A5,tier0_canopy_mid,0,300,-0.6,1.8,0.675,0.97449,-0.25772,-0.018609,1.0082,298.804,1,1
29_A5,tier0_canopy_mid,0,300,-0.55,1.75,0.675,0.81918,-0.25183,-0.002047,0.85702,298.829,1,1
29_A5,tier0_canopy_mid,0,300,-0.5,1.75,0.675,0.82227,-0.24285,-0.00039317,0.85739,298.837,1,1
29_A5,tier0_canopy_mid,0,300,-0.55,1.8,0.675,0.96949,-0.24569,-0.014804,1.0002,298.812,1,1
29_A5,tier0_canopy_mid,0,300,-0.5,1.8,0.675,0.96039,-0.23344,-0.011501,0.98843,298.82,1,1
29_A5,tier0_canopy_mid,0,300,-0.45,1.75,0.675,0.82119,-0.23321,0.0010385,0.85367,298.845,1,1
29_A5,tier0_canopy_mid,0,300,-0.4,1.75,0.675,0.81666,-0.22323,0.002267,0.84662,298.853,1,1
29_A5,tier0_canopy_mid,0,300,-0.45,1.8,0.675,0.94804,-0.22126,-0.008636,0.97355,298.828,1,1
29_A5,tier0_canopy_mid,0,300,-0.4,1.8,0.675,0.93312,-0.20934,-0.0061537,0.95633,298.837,1,1
29_A5,tier0_canopy_mid,0,300,-0.35,1.75,0.675,0.80929,-0.21316,0.003308,0.8369,298.861,1,1
29_A5,tier0_canopy_mid,0,300,-0.3,1.75,0.675,0.79962,-0.20316,0.0041985,0.82504,298.869,1,1
29_A5,tier0_canopy_mid,0,300,-0.35,1.8,0.675,0.91621,-0.19781,-0.0040004,0.93733,298.845,1,1
29_A5,tier0_canopy_mid,0,300,-0.95,1.85,0.675,1.14,-0.31473,-0.12164,1.1889,298.731,1,1
29_A5,tier0_canopy_mid,0,300,-1.0,1.85,0.675,1.08,-0.31227,-0.14094,1.1331,298.724,1,1
29_A5,tier0_canopy_mid,0,300,-0.9,1.85,0.675,1.1764,-0.31065,-0.10351,1.2211,298.738,1,1
29_A5,tier0_canopy_mid,0,300,-0.95,1.9,0.675,1.6132,-0.28273,-0.19539,1.6494,298.692,1,1
29_A5,tier0_canopy_mid,0,300,-1.0,1.9,0.675,1.6253,-0.29368,-0.23042,1.6676,298.679,1,1
29_A5,tier0_canopy_mid,0,300,-0.9,1.9,0.675,1.5885,-0.27211,-0.16406,1.6199,298.704,1,1
29_A5,tier0_canopy_mid,0,300,-0.85,1.85,0.675,1.1965,-0.30293,-0.087119,1.2373,298.745,1,1
29_A5,tier0_canopy_mid,0,300,-0.8,1.85,0.675,1.2046,-0.29213,-0.072916,1.2416,298.753,1,1
29_A5,tier0_canopy_mid,0,300,-0.85,1.9,0.675,1.5575,-0.2608,-0.13655,1.5851,298.715,1,1
29_A5,tier0_canopy_mid,0,300,-0.8,1.9,0.675,1.5226,-0.24696,-0.11343,1.5467,298.725,1,1
29_A5,tier0_canopy_mid,0,300,-0.75,1.85,0.675,1.2032,-0.27906,-0.060953,1.2366,298.761,1,1
29_A5,tier0_canopy_mid,0,300,-0.7,1.85,0.675,1.1941,-0.26481,-0.050907,1.2241,298.769,1,1
29_A5,tier0_canopy_mid,0,300,-0.75,1.9,0.675,1.4841,-0.23155,-0.094467,1.5051,298.736,1,1
29_A5,tier0_canopy_mid,0,300,-0.7,1.9,0.675,1.4426,-0.21604,-0.078831,1.4609,298.745,1,1
29_A5,tier0_canopy_mid,0,300,-0.65,1.85,0.675,1.1791,-0.25017,-0.042397,1.2061,298.777,1,1
29_A5,tier0_canopy_mid,0,300,-0.6,1.85,0.675,1.1597,-0.23558,-0.035147,1.1839,298.786,1,1
29_A5,tier0_canopy_mid,0,300,-0.65,1.9,0.675,1.3994,-0.20109,-0.065793,1.4153,298.755,1,1
29_A5,tier0_canopy_mid,0,300,-0.6,1.9,0.675,1.3552,-0.18688,-0.054858,1.3692,298.765,1,1
29_A5,tier0_canopy_mid,0,300,-0.55,1.85,0.675,1.137,-0.22133,-0.028959,1.1587,298.794,1,1
29_A5,tier0_canopy_mid,0,300,-0.5,1.85,0.675,1.112,-0.20759,-0.02367,1.1314,298.803,1,1
29_A5,tier0_canopy_mid,0,300,-0.55,1.9,0.675,1.311,-0.17347,-0.045664,1.3232,298.774,1,1
29_A5,tier0_canopy_mid,0,300,-0.5,1.9,0.675,1.267,-0.16091,-0.037902,1.2777,298.784,1,1
29_A5,tier0_canopy_mid,0,300,-0.45,1.85,0.675,1.0853,-0.19449,-0.019136,1.1027,298.811,1,1
29_A5,tier0_canopy_mid,0,300,-0.4,1.85,0.675,1.0575,-0.18208,-0.015227,1.0731,298.82,1,1
29_A5,tier0_canopy_mid,0,300,-0.45,1.9,0.675,1.2236,-0.14922,-0.031314,1.233,298.793,1,1
29_A5,tier0_canopy_mid,0,300,-0.4,1.9,0.675,1.181,-0.13839,-0.025672,1.1894,298.802,1,1
29_A5,tier0_canopy_mid,0,300,-0.35,1.85,0.675,1.0289,-0.17041,-0.011818,1.043,298.828,1,1
29_A5,tier0_canopy_mid,0,300,-0.35,1.9,0.675,1.1396,-0.12838,-0.020761,1.147,298.81,1,1
29_A5,tier0_canopy_mid,0,300,-0.95,1.95,0.675,2.0878,-0.14861,-0.27299,2.1108,298.653,1,1
29_A5,tier0_canopy_mid,0,300,-0.9,1.95,0.675,1.9971,-0.14951,-0.22761,2.0156,298.668,1,1
29_A5,tier0_canopy_mid,0,300,-0.95,2.0,0.675,2.3337,0.038421,-0.33568,2.3581,298.617,1,1
29_A5,tier0_canopy_mid,0,300,-0.9,2.0,0.675,2.2043,0.026026,-0.27303,2.2213,298.633,1,1
29_A5,tier0_canopy_mid,0,300,-0.85,1.95,0.675,1.9124,-0.15113,-0.18791,1.9275,298.682,1,1
29_A5,tier0_canopy_mid,0,300,-0.8,1.95,0.675,1.8325,-0.14656,-0.15598,1.8449,298.695,1,1
29_A5,tier0_canopy_mid,0,300,-0.85,2.0,0.675,2.0967,0.011833,-0.21981,2.1083,298.649,1,1
29_A5,tier0_canopy_mid,0,300,-0.8,2.0,0.675,2,0.0040368,-0.18082,2.0082,298.664,1,1
29_A5,tier0_canopy_mid,0,300,-0.75,1.95,0.675,1.7543,-0.13811,-0.13048,1.7646,298.707,1,1
29_A5,tier0_canopy_mid,0,300,-0.7,1.95,0.675,1.678,-0.12873,-0.10954,1.6865,298.719,1,1
29_A5,tier0_canopy_mid,0,300,-0.75,2.0,0.675,1.9043,0.00044769,-0.15154,1.9103,298.678,1,1
29_A5,tier0_canopy_mid,0,300,-0.7,2.0,0.675,1.8105,-0.001629,-0.12777,1.815,298.691,1,1
29_A5,tier0_canopy_mid,0,300,-0.65,1.95,0.675,1.6046,-0.11946,-0.09203,1.6116,298.73,1,1
29_A5,tier0_canopy_mid,0,300,-0.6,1.95,0.675,1.5346,-0.11051,-0.077344,1.5405,298.741,1,1
29_A5,tier0_canopy_mid,0,300,-0.65,2.0,0.675,1.7213,-0.0030018,-0.10782,1.7246,298.704,1,1
29_A5,tier0_canopy_mid,0,300,-0.6,2.0,0.675,1.6374,-0.0038104,-0.09104,1.64,298.716,1,1
29_A5,tier0_canopy_mid,0,300,-0.55,1.95,0.675,1.4681,-0.10197,-0.065004,1.4731,298.752,1,1
29_A5,tier0_canopy_mid,0,300,-0.5,1.95,0.675,1.405,-0.093932,-0.054593,1.4092,298.762,1,1
29_A5,tier0_canopy_mid,0,300,-0.55,2.0,0.675,1.5588,-0.0041688,-0.076917,1.5607,298.728,1,1
29_A5,tier0_canopy_mid,0,300,-0.5,2.0,0.675,1.4851,-0.0042051,-0.064968,1.4865,298.739,1,1
29_A5,tier0_canopy_mid,0,300,-0.45,1.95,0.675,1.3451,-0.086452,-0.045752,1.3486,298.772,1,1
29_A5,tier0_canopy_mid,0,300,-0.4,1.95,0.675,1.2883,-0.079529,-0.038179,1.2913,298.782,1,1
29_A5,tier0_canopy_mid,0,300,-0.45,2.0,0.675,1.416,-0.0040227,-0.054788,1.4171,298.75,1,1
29_A5,tier0_canopy_mid,0,300,-0.4,2.0,0.675,1.3512,-0.0036861,-0.046044,1.352,298.76,1,1
29_A5,tier0_canopy_mid,0,300,-0.35,1.95,0.675,1.2345,-0.073142,-0.031585,1.237,298.791,1,1
29_A5,tier0_canopy_mid,0,300,-0.35,2.0,0.675,1.2904,-0.0032213,-0.038441,1.291,298.77,1,1
29_A5,tier0_canopy_mid,0,300,-0.95,2.05,0.675,2.2106,0.19365,-0.33394,2.244,298.596,1,1
29_A5,tier0_canopy_mid,0,300,-0.9,2.05,0.675,2.0905,0.17991,-0.26231,2.1145,298.612,1,1
29_A5,tier0_canopy_mid,0,300,-0.85,2.05,0.675,2.0021,0.16762,-0.20561,2.0196,298.628,1,1
29_A5,tier0_canopy_mid,0,300,-0.8,2.05,0.675,1.9251,0.15446,-0.16675,1.9384,298.644,1,1
29_A5,tier0_canopy_mid,0,300,-0.75,2.05,0.675,1.8448,0.14119,-0.13894,1.8554,298.659,1,1
29_A5,tier0_canopy_mid,0,300,-0.7,2.05,0.675,1.7629,0.1286,-0.11667,1.7715,298.672,1,1
29_A5,tier0_canopy_mid,0,300,-0.65,2.05,0.675,1.6835,0.11703,-0.098018,1.6904,298.686,1,1
29_A5,tier0_canopy_mid,0,300,-0.6,2.05,0.675,1.6077,0.10657,-0.082386,1.6134,298.698,1,1
29_A5,tier0_canopy_mid,0,300,-0.55,2.05,0.675,1.5357,0.097213,-0.069278,1.5403,298.711,1,1
29_A5,tier0_canopy_mid,0,300,-0.5,2.05,0.675,1.4672,0.088893,-0.058221,1.4711,298.722,1,1
29_A5,tier0_canopy_mid,0,300,-0.45,2.05,0.675,1.4023,0.0815,-0.048811,1.4056,298.733,1,1
29_A5,tier0_canopy_mid,0,300,-0.4,2.05,0.675,1.341,0.074926,-0.040719,1.3437,298.744,1,1
29_A5,tier0_canopy_mid,0,300,-0.35,2.05,0.675,1.2829,0.069101,-0.033691,1.2852,298.755,1,1
29_A5,tier0_canopy_mid,0,300,-0.25,1.6,0.675,0.57187,-0.19941,0.029823,0.60637,298.905,1,1
29_A5,tier0_canopy_mid,0,300,-0.3,1.6,0.675,0.56664,-0.20249,0.032878,0.60263,298.898,1,1
29_A5,tier0_canopy_mid,0,300,-0.2,1.6,0.675,0.57473,-0.19561,0.026884,0.60771,298.912,1,1
29_A5,tier0_canopy_mid,0,300,-0.15,1.6,0.675,0.57554,-0.19129,0.024014,0.60697,298.918,1,1
29_A5,tier0_canopy_mid,0,300,-0.1,1.6,0.675,0.57453,-0.18663,0.021167,0.60445,298.925,1,1
29_A5,tier0_canopy_mid,0,300,-0.05,1.6,0.675,0.57193,-0.18177,0.018304,0.6004,298.931,1,1
29_A5,tier0_canopy_mid,0,300,0.0,1.6,0.675,0.56794,-0.17682,0.015391,0.59502,298.937,1,1
29_A5,tier0_canopy_mid,0,300,0.05,1.6,0.675,0.56272,-0.17186,0.012394,0.58851,298.943,1,1
29_A5,tier0_canopy_mid,0,300,0.1,1.6,0.675,0.55633,-0.16693,0.0092741,0.5809,298.949,1,1
29_A5,tier0_canopy_mid,0,300,0.15,1.6,0.675,0.54875,-0.16201,0.006016,0.5722,298.954,1,1
29_A5,tier0_canopy_mid,0,300,0.2,1.6,0.675,0.54008,-0.1571,0.0026025,0.56247,298.959,1,1
29_A5,tier0_canopy_mid,0,300,0.25,1.6,0.675,0.53042,-0.15213,-0.00093726,0.55181,298.963,1,1
29_A5,tier0_canopy_mid,0,300,0.3,1.6,0.675,0.51991,-0.14706,-0.0045502,0.54033,298.967,1,1
29_A5,tier0_canopy_mid,0,300,0.35,1.6,0.675,0.50864,-0.1419,-0.0082396,0.52812,298.971,1,1
29_A5,tier0_canopy_mid,0,300,-0.25,1.65,0.675,0.63044,-0.20369,0.01893,0.6628,298.909,1,1
29_A5,tier0_canopy_mid,0,300,-0.2,1.65,0.675,0.62825,-0.19739,0.017585,0.65876,298.916,1,1
29_A5,tier0_canopy_mid,0,300,-0.25,1.7,0.675,0.70452,-0.20239,0.011023,0.7331,298.893,1,1
29_A5,tier0_canopy_mid,0,300,-0.2,1.7,0.675,0.69744,-0.19415,0.010791,0.72404,298.9,1,1
29_A5,tier0_canopy_mid,0,300,-0.15,1.65,0.675,0.62417,-0.19086,0.016246,0.6529,298.923,1,1
29_A5,tier0_canopy_mid,0,300,-0.1,1.65,0.675,0.61845,-0.18424,0.014892,0.64548,298.93,1,1
29_A5,tier0_canopy_mid,0,300,-0.15,1.7,0.675,0.68871,-0.18594,0.010484,0.71345,298.908,1,1
29_A5,tier0_canopy_mid,0,300,-0.1,1.7,0.675,0.67858,-0.17785,0.010093,0.70157,298.915,1,1
29_A5,tier0_canopy_mid,0,300,-0.05,1.65,0.675,0.61131,-0.17764,0.013509,0.63674,298.937,1,1
29_A5,tier0_canopy_mid,0,300,0.0,1.65,0.675,0.60295,-0.17113,0.012091,0.62688,298.943,1,1
29_A5,tier0_canopy_mid,0,300,-0.05,1.7,0.675,0.66725,-0.16995,0.009628,0.68862,298.923,1,1
29_A5,tier0_canopy_mid,0,300,0.0,1.7,0.675,0.65493,-0.1623,0.0091051,0.6748,298.93,1,1
29_A5,tier0_canopy_mid,0,300,0.05,1.65,0.675,0.59353,-0.16476,0.010634,0.61607,298.95,1,1
29_A5,tier0_canopy_mid,0,300,0.1,1.65,0.675,0.5832,-0.15857,0.0091369,0.60444,298.956,1,1
29_A5,tier0_canopy_mid,0,300,0.05,1.7,0.675,0.6418,-0.15491,0.0085318,0.66028,298.937,1,1
29_A5,tier0_canopy_mid,0,300,0.1,1.7,0.675,0.62801,-0.14778,0.0079091,0.64521,298.943,1,1
29_A5,tier0_canopy_mid,0,300,0.15,1.65,0.675,0.57206,-0.15255,0.0075958,0.5921,298.962,1,1
29_A5,tier0_canopy_mid,0,300,0.2,1.65,0.675,0.56022,-0.14666,0.0060089,0.57913,298.967,1,1
29_A5,tier0_canopy_mid,0,300,0.15,1.7,0.675,0.61369,-0.14088,0.0072365,0.6297,298.95,1,1
29_A5,tier0_canopy_mid,0,300,0.2,1.7,0.675,0.59893,-0.13418,0.0065164,0.61381,298.956,1,1
29_A5,tier0_canopy_mid,0,300,0.25,1.65,0.675,0.54778,-0.14083,0.0043913,0.56561,298.973,1,1
29_A5,tier0_canopy_mid,0,300,0.3,1.65,0.675,0.5348,-0.13505,0.0027644,0.55159,298.978,1,1
29_A5,tier0_canopy_mid,0,300,0.25,1.7,0.675,0.58382,-0.12763,0.0057569,0.59763,298.963,1,1
29_A5,tier0_canopy_mid,0,300,0.3,1.7,0.675,0.56842,-0.12118,0.0049699,0.58122,298.969,1,1
29_A5,tier0_canopy_mid,0,300,0.35,1.65,0.675,0.52135,-0.12926,0.0011281,0.53714,298.983,1,1
29_A5,tier0_canopy_mid,0,300,0.35,1.7,0.675,0.55283,-0.11477,0.0041634,0.56464,298.975,1,1
29_A5,tier0_canopy_mid,0,300,-0.3,1.8,0.675,0.89781,-0.18674,-0.0021032,0.91703,298.853,1,1
29_A5,tier0_canopy_mid,0,300,-0.35,1.75,0.675,0.80929,-0.21316,0.003308,0.8369,298.861,1,1
29_A5,tier0_canopy_mid,0,300,-0.25,1.75,0.675,0.78809,-0.19336,0.0049742,0.81148,298.877,1,1
29_A5,tier0_canopy_mid,0,300,-0.2,1.75,0.675,0.77505,-0.1838,0.0056191,0.79656,298.884,1,1
29_A5,tier0_canopy_mid,0,300,-0.25,1.8,0.675,0.8783,-0.17619,-0.00040446,0.8958,298.861,1,1
29_A5,tier0_canopy_mid,0,300,-0.2,1.8,0.675,0.85801,-0.16609,0.001048,0.87394,298.869,1,1
29_A5,tier0_canopy_mid,0,300,-0.15,1.75,0.675,0.76076,-0.17449,0.0060893,0.78054,298.892,1,1
29_A5,tier0_canopy_mid,0,300,-0.1,1.75,0.675,0.74543,-0.16549,0.0063853,0.76361,298.9,1,1
29_A5,tier0_canopy_mid,0,300,-0.15,1.8,0.675,0.83706,-0.15635,0.0021704,0.85154,298.876,1,1
29_A5,tier0_canopy_mid,0,300,-0.1,1.8,0.675,0.81556,-0.14706,0.0030061,0.82872,298.884,1,1
29_A5,tier0_canopy_mid,0,300,-0.05,1.75,0.675,0.72924,-0.15685,0.0065582,0.74594,298.907,1,1
29_A5,tier0_canopy_mid,0,300,0.0,1.75,0.675,0.7124,-0.14861,0.0066539,0.72776,298.914,1,1
29_A5,tier0_canopy_mid,0,300,-0.05,1.8,0.675,0.79369,-0.13831,0.0036887,0.80565,298.891,1,1
29_A5,tier0_canopy_mid,0,300,0.0,1.8,0.675,0.77166,-0.13009,0.0043026,0.78256,298.899,1,1
29_A5,tier0_canopy_mid,0,300,0.05,1.75,0.675,0.6951,-0.14075,0.0066873,0.70924,298.921,1,1
29_A5,tier0_canopy_mid,0,300,0.1,1.75,0.675,0.67749,-0.13324,0.0066551,0.6905,298.928,1,1
29_A5,tier0_canopy_mid,0,300,0.05,1.8,0.675,0.74967,-0.12236,0.0048509,0.7596,298.906,1,1
29_A5,tier0_canopy_mid,0,300,0.1,1.8,0.675,0.72782,-0.11505,0.0053114,0.73688,298.913,1,1
29_A5,tier0_canopy_mid,0,300,0.15,1.75,0.675,0.65968,-0.12604,0.006553,0.67164,298.935,1,1
29_A5,tier0_canopy_mid,0,300,0.2,1.75,0.675,0.64175,-0.11909,0.0063815,0.65273,298.942,1,1
29_A5,tier0_canopy_mid,0,300,0.15,1.8,0.675,0.70621,-0.10809,0.005668,0.71446,298.92,1,1
29_A5,tier0_canopy_mid,0,300,0.2,1.8,0.675,0.68487,-0.10138,0.0059111,0.69236,298.927,1,1
29_A5,tier0_canopy_mid,0,300,0.25,1.75,0.675,0.62376,-0.11234,0.0061484,0.63382,298.949,1,1
29_A5,tier0_canopy_mid,0,300,0.3,1.75,0.675,0.60577,-0.10576,0.0058684,0.61496,298.956,1,1
29_A5,tier0_canopy_mid,0,300,0.25,1.8,0.675,0.66381,-0.094897,0.0060506,0.67059,298.934,1,1
29_A5,tier0_canopy_mid,0,300,0.3,1.8,0.675,0.64307,-0.088612,0.0061156,0.64918,298.941,1,1
29_A5,tier0_canopy_mid,0,300,0.35,1.75,0.675,0.58787,-0.099286,0.0055545,0.59622,298.962,1,1
29_A5,tier0_canopy_mid,0,300,0.35,1.8,0.675,0.62273,-0.082488,0.0061301,0.6282,298.948,1,1
29_A5,tier0_canopy_mid,0,300,-0.3,1.85,0.675,1.0001,-0.1595,-0.0087827,1.0127,298.836,1,1
29_A5,tier0_canopy_mid,0,300,-0.3,1.9,0.675,1.0992,-0.11919,-0.016346,1.1058,298.819,1,1
29_A5,tier0_canopy_mid,0,300,-0.35,1.9,0.675,1.1396,-0.12838,-0.020761,1.147,298.81,1,1
29_A5,tier0_canopy_mid,0,300,-0.25,1.85,0.675,0.97122,-0.14936,-0.0060519,0.98266,298.845,1,1
29_A5,tier0_canopy_mid,0,300,-0.2,1.85,0.675,0.94251,-0.13974,-0.0038065,0.95282,298.852,1,1
29_A5,tier0_canopy_mid,0,300,-0.25,1.9,0.675,1.0603,-0.11081,-0.01257,1.0661,298.827,1,1
29_A5,tier0_canopy_mid,0,300,-0.2,1.9,0.675,1.0219,-0.10282,-0.010278,1.0271,298.834,1,1
29_A5,tier0_canopy_mid,0,300,-0.15,1.85,0.675,0.91379,-0.13037,-0.0021111,0.92304,298.86,1,1
29_A5,tier0_canopy_mid,0,300,-0.1,1.85,0.675,0.88513,-0.12151,-0.0007831,0.89343,298.867,1,1
29_A5,tier0_canopy_mid,0,300,-0.15,1.9,0.675,0.98363,-0.094906,-0.0074957,0.98822,298.84,1,1
29_A5,tier0_canopy_mid,0,300,-0.1,1.9,0.675,0.9472,-0.087644,-0.0043857,0.95125,298.847,1,1
29_A5,tier0_canopy_mid,0,300,-0.05,1.85,0.675,0.85683,-0.1134,0.00040037,0.8643,298.874,1,1
29_A5,tier0_canopy_mid,0,300,0.0,1.85,0.675,0.82913,-0.10594,0.0015853,0.83587,298.882,1,1
29_A5,tier0_canopy_mid,0,300,-0.05,1.9,0.675,0.91285,-0.081261,-0.0026865,0.91646,298.855,1,1
29_A5,tier0_canopy_mid,0,300,0.0,1.9,0.675,0.87989,-0.075485,-0.0010979,0.88312,298.862,1,1
29_A5,tier0_canopy_mid,0,300,0.05,1.85,0.675,0.80213,-0.09902,0.0027042,0.80823,298.889,1,1
29_A5,tier0_canopy_mid,0,300,0.1,1.85,0.675,0.77589,-0.092565,0.0036875,0.7814,298.896,1,1
29_A5,tier0_canopy_mid,0,300,0.05,1.9,0.675,0.84833,-0.07024,0.000566,0.85124,298.87,1,1
29_A5,tier0_canopy_mid,0,300,0.1,1.9,0.675,0.81815,-0.065424,0.0021015,0.82076,298.878,1,1
29_A5,tier0_canopy_mid,0,300,0.15,1.85,0.675,0.75042,-0.08644,0.0044964,0.75539,298.904,1,1
29_A5,tier0_canopy_mid,0,300,0.2,1.85,0.675,0.72567,-0.080514,0.0051001,0.73014,298.911,1,1
29_A5,tier0_canopy_mid,0,300,0.15,1.9,0.675,0.78929,-0.060801,0.0033633,0.79163,298.886,1,1
29_A5,tier0_canopy_mid,0,300,0.2,1.9,0.675,0.76155,-0.056157,0.0042489,0.76363,298.894,1,1
29_A5,tier0_canopy_mid,0,300,0.25,1.85,0.675,0.70155,-0.074758,0.0055234,0.70554,298.918,1,1
29_A5,tier0_canopy_mid,0,300,0.3,1.85,0.675,0.67806,-0.06922,0.0058423,0.68161,298.926,1,1
29_A5,tier0_canopy_mid,0,300,0.25,1.9,0.675,0.7347,-0.051581,0.0048354,0.73652,298.902,1,1
29_A5,tier0_canopy_mid,0,300,0.3,1.9,0.675,0.70869,-0.047273,0.0053103,0.71028,298.91,1,1
29_A5,tier0_canopy_mid,0,300,0.35,1.85,0.675,0.65527,-0.063886,0.0061086,0.65841,298.933,1,1
29_A5,tier0_canopy_mid,0,300,0.35,1.9,0.675,0.68367,-0.043216,0.0057668,0.68506,298.918,1,1
29_A5,tier0_canopy_mid,0,300,-0.3,1.95,0.675,1.1834,-0.067262,-0.025649,1.1856,298.8,1,1
29_A5,tier0_canopy_mid,0,300,-0.3,2.0,0.675,1.2333,-0.0026202,-0.031688,1.2338,298.78,1,1
29_A5,tier0_canopy_mid,0,300,-0.25,1.95,0.675,1.1351,-0.061832,-0.020716,1.137,298.809,1,1
29_A5,tier0_canopy_mid,0,300,-0.2,1.95,0.675,1.0878,-0.05666,-0.018239,1.0894,298.815,1,1
29_A5,tier0_canopy_mid,0,300,-0.25,2.0,0.675,1.1798,-0.0018336,-0.02586,1.1801,298.789,1,1
29_A5,tier0_canopy_mid,0,300,-0.2,2.0,0.675,1.1287,-0.0011017,-0.021753,1.1289,298.797,1,1
29_A5,tier0_canopy_mid,0,300,-0.15,1.95,0.675,1.041,-0.051807,-0.014174,1.0424,298.82,1,1
29_A5,tier0_canopy_mid,0,300,-0.1,1.95,0.675,0.9979,-0.047564,-0.0089978,0.99908,298.827,1,1
29_A5,tier0_canopy_mid,0,300,-0.15,2.0,0.675,1.0795,-0.00079751,-0.017362,1.0797,298.804,1,1
29_A5,tier0_canopy_mid,0,300,-0.1,2.0,0.675,1.0336,-0.00066006,-0.012714,1.0337,298.813,1,1
29_A5,tier0_canopy_mid,0,300,-0.05,1.95,0.675,0.95854,-0.04385,-0.0065303,0.95956,298.835,1,1
29_A5,tier0_canopy_mid,0,300,0.0,1.95,0.675,0.92121,-0.040555,-0.0043905,0.92211,298.844,1,1
29_A5,tier0_canopy_mid,0,300,-0.05,2.0,0.675,0.99088,-0.00041633,-0.0095174,0.99093,298.821,1,1
29_A5,tier0_canopy_mid,0,300,0.0,2.0,0.675,0.95041,-0.00027364,-0.0063998,0.95043,298.83,1,1
29_A5,tier0_canopy_mid,0,300,0.05,1.95,0.675,0.88587,-0.037787,-0.0020064,0.88668,298.853,1,1
29_A5,tier0_canopy_mid,0,300,0.1,1.95,0.675,0.85248,-0.03547,0.00027815,0.85322,298.861,1,1
29_A5,tier0_canopy_mid,0,300,0.05,2.0,0.675,0.91211,-0.00048657,-0.0030882,0.91212,298.839,1,1
29_A5,tier0_canopy_mid,0,300,0.1,2.0,0.675,0.87521,-0.0010744,-0.00014849,0.87521,298.847,1,1
29_A5,tier0_canopy_mid,0,300,0.15,1.95,0.675,0.8209,-0.033025,0.0020471,0.82156,298.87,1,1
29_A5,tier0_canopy_mid,0,300,0.2,1.95,0.675,0.7907,-0.029893,0.0030543,0.79127,298.878,1,1
29_A5,tier0_canopy_mid,0,300,0.15,2.0,0.675,0.83989,-0.0013249,0.0028828,0.8399,298.854,1,1
29_A5,tier0_canopy_mid,0,300,0.2,2.0,0.675,0.80758,-0.00045714,0.0044537,0.80759,298.862,1,1
29_A5,tier0_canopy_mid,0,300,0.25,1.95,0.675,0.76142,-0.026562,0.0036489,0.7619,298.886,1,1
29_A5,tier0_canopy_mid,0,300,0.3,1.95,0.675,0.73311,-0.023704,0.0042955,0.73351,298.894,1,1
29_A5,tier0_canopy_mid,0,300,0.25,2.0,0.675,0.7769,0.00084789,0.0042059,0.77691,298.871,1,1
29_A5,tier0_canopy_mid,0,300,0.3,2.0,0.675,0.74687,0.0016825,0.0045132,0.74688,298.88,1,1
29_A5,tier0_canopy_mid,0,300,0.35,1.95,0.675,0.70613,-0.021221,0.0050299,0.70647,298.903,1,1
29_A5,tier0_canopy_mid,0,300,0.35,2.0,0.675,0.7186,0.0021929,0.0053485,0.71862,298.889,1,1
29_A5,tier0_canopy_mid,0,300,-0.3,2.05,0.675,1.2281,0.063974,-0.027518,1.2301,298.765,1,1
29_A5,tier0_canopy_mid,0,300,-0.25,2.05,0.675,1.1764,0.059497,-0.022041,1.1781,298.775,1,1
29_A5,tier0_canopy_mid,0,300,-0.2,2.05,0.675,1.1275,0.055393,-0.017277,1.129,298.785,1,1
29_A5,tier0_canopy_mid,0,300,-0.15,2.05,0.675,1.0811,0.05137,-0.01329,1.0824,298.794,1,1
29_A5,tier0_canopy_mid,0,300,-0.1,2.05,0.675,1.037,0.047626,-0.0098914,1.0381,298.803,1,1
29_A5,tier0_canopy_mid,0,300,-0.05,2.05,0.675,0.9948,0.044324,-0.0067018,0.99581,298.812,1,1
29_A5,tier0_canopy_mid,0,300,0.0,2.05,0.675,0.95452,0.041335,-0.0033312,0.95543,298.822,1,1
29_A5,tier0_canopy_mid,0,300,0.05,2.05,0.675,0.9161,0.038575,0.00011139,0.91691,298.831,1,1
29_A5,tier0_canopy_mid,0,300,0.1,2.05,0.675,0.87824,0.035937,0.0028691,0.87898,298.838,1,1
29_A5,tier0_canopy_mid,0,300,0.15,2.05,0.675,0.84132,0.03339,0.0066434,0.84201,298.844,1,1
29_A5,tier0_canopy_mid,0,300,0.2,2.05,0.675,0.80856,0.031075,0.0087189,0.80921,298.852,1,1
29_A5,tier0_canopy_mid,0,300,0.25,2.05,0.675,0.7781,0.028971,0.007633,0.77867,298.861,1,1
29_A5,tier0_canopy_mid,0,300,0.3,2.05,0.675,0.74792,0.026995,0.0074007,0.74844,298.871,1,1
29_A5,tier0_canopy_mid,0,300,0.35,2.05,0.675,0.71966,0.025182,0.0080334,0.72015,298.88,1,1
29_A5,tier0_canopy_mid,0,300,0.4,1.6,0.675,0.49664,-0.13657,-0.012,0.51522,298.975,1,1
29_A5,tier0_canopy_mid,0,300,0.45,1.6,0.675,0.48399,-0.13095,-0.015794,0.50164,298.978,1,1
29_A5,tier0_canopy_mid,0,300,0.5,1.6,0.675,0.47071,-0.12487,-0.019541,0.48738,298.981,1,1
29_A5,tier0_canopy_mid,0,300,0.55,1.6,0.675,0.45683,-0.11817,-0.023111,0.47243,298.983,1,1
29_A5,tier0_canopy_mid,0,300,0.6,1.6,0.675,0.44242,-0.11062,-0.026388,0.4568,298.985,1,1
29_A5,tier0_canopy_mid,0,300,0.65,1.6,0.675,0.42754,-0.102,-0.029305,0.44052,298.986,1,1
29_A5,tier0_canopy_mid,0,300,0.7,1.6,0.675,0.4122,-0.0921,-0.031777,0.42356,298.987,1,1
29_A5,tier0_canopy_mid,0,300,0.75,1.6,0.675,0.39629,-0.080757,-0.0337,0.40584,298.988,1,1
29_A5,tier0_canopy_mid,0,300,0.8,1.6,0.675,0.3795,-0.067928,-0.034968,0.38712,298.988,1,1
29_A5,tier0_canopy_mid,0,300,0.85,1.6,0.675,0.36114,-0.053867,-0.035459,0.36686,298.987,1,1
29_A5,tier0_canopy_mid,0,300,0.9,1.6,0.675,0.33986,-0.039551,-0.035036,0.34394,298.984,1,1
29_A5,tier0_canopy_mid,0,300,0.95,1.6,0.675,0.31313,-0.027339,-0.03376,0.31613,298.981,1,1
29_A5,tier0_canopy_mid,0,300,1.0,1.6,0.675,0.2769,-0.022824,-0.033446,0.27985,298.978,1,1
29_A5,tier0_canopy_mid,0,300,0.4,1.65,0.675,0.50752,-0.1234,-0.00052244,0.52231,298.988,1,1
29_A5,tier0_canopy_mid,0,300,0.4,1.7,0.675,0.53712,-0.10832,0.0033412,0.54795,298.98,1,1
29_A5,tier0_canopy_mid,0,300,0.35,1.7,0.675,0.55283,-0.11477,0.0041634,0.56464,298.975,1,1
29_A5,tier0_canopy_mid,0,300,0.45,1.65,0.675,0.49336,-0.11734,-0.0021733,0.50713,298.992,1,1
29_A5,tier0_canopy_mid,0,300,0.5,1.65,0.675,0.47891,-0.11093,-0.0037887,0.4916,298.997,1,1
29_A5,tier0_canopy_mid,0,300,0.45,1.7,0.675,0.52135,-0.10171,0.0025101,0.53119,298.986,1,1
29_A5,tier0_canopy_mid,0,300,0.5,1.7,0.675,0.50558,-0.094776,0.0016852,0.51439,298.992,1,1
29_A5,tier0_canopy_mid,0,300,0.55,1.65,0.675,0.46421,-0.10396,-0.0053304,0.47574,299.001,1,1
29_A5,tier0_canopy_mid,0,300,0.6,1.65,0.675,0.44932,-0.096201,-0.0067574,0.45956,299.004,1,1
29_A5,tier0_canopy_mid,0,300,0.55,1.7,0.675,0.48988,-0.087331,0.00087825,0.4976,298.997,1,1
29_A5,tier0_canopy_mid,0,300,0.6,1.7,0.675,0.47431,-0.079132,9.9921e-05,0.48087,299.002,1,1
29_A5,tier0_canopy_mid,0,300,0.65,1.65,0.675,0.43428,-0.087372,-0.0080236,0.44305,299.008,1,1
29_A5,tier0_canopy_mid,0,300,0.7,1.65,0.675,0.41902,-0.077175,-0.0090821,0.42617,299.011,1,1
29_A5,tier0_canopy_mid,0,300,0.65,1.7,0.675,0.45893,-0.069882,-0.00063085,0.46422,299.007,1,1
29_A5,tier0_canopy_mid,0,300,0.7,1.7,0.675,0.44374,-0.059201,-0.0012924,0.44767,299.012,1,1
29_A5,tier0_canopy_mid,0,300,0.75,1.65,0.675,0.40339,-0.06526,-0.0098803,0.40875,299.014,1,1
29_A5,tier0_canopy_mid,0,300,0.8,1.65,0.675,0.38692,-0.051208,-0.010349,0.39043,299.017,1,1
29_A5,tier0_canopy_mid,0,300,0.75,1.7,0.675,0.42866,-0.046573,-0.0018547,0.43118,299.017,1,1
29_A5,tier0_canopy_mid,0,300,0.8,1.7,0.675,0.41344,-0.031245,-0.0022655,0.41462,299.022,1,1
29_A5,tier0_canopy_mid,0,300,0.85,1.65,0.675,0.36856,-0.034516,-0.010393,0.37032,299.019,1,1
29_A5,tier0_canopy_mid,0,300,0.9,1.65,0.675,0.34622,-0.014508,-0.0098531,0.34667,299.021,1,1
29_A5,tier0_canopy_mid,0,300,0.85,1.7,0.675,0.39758,-0.012016,-0.0024384,0.39777,299.027,1,1
29_A5,tier0_canopy_mid,0,300,0.9,1.7,0.675,0.38014,0.013194,-0.002222,0.38038,299.031,1,1
29_A5,tier0_canopy_mid,0,300,0.95,1.65,0.675,0.31516,0.0093459,-0.0087852,0.31542,299.022,1,1
29_A5,tier0_canopy_mid,0,300,1.0,1.65,0.675,0.26521,0.03713,-0.0098997,0.26798,299.024,1,1
29_A5,tier0_canopy_mid,0,300,0.95,1.7,0.675,0.35922,0.047729,-0.0015186,0.36238,299.035,1,1
29_A5,tier0_canopy_mid,0,300,1.0,1.7,0.675,0.33201,0.097474,-0.0019611,0.34603,299.039,1,1
29_A5,tier0_canopy_mid,0,300,0.4,1.75,0.675,0.57013,-0.092829,0.0052115,0.57766,298.969,1,1
29_A5,tier0_canopy_mid,0,300,0.4,1.8,0.675,0.60287,-0.076435,0.0060981,0.60773,298.955,1,1
29_A5,tier0_canopy_mid,0,300,0.35,1.8,0.675,0.62273,-0.082488,0.0061301,0.6282,298.948,1,1
29_A5,tier0_canopy_mid,0,300,0.45,1.75,0.675,0.55264,-0.08627,0.0048394,0.55935,298.975,1,1
29_A5,tier0_canopy_mid,0,300,0.5,1.75,0.675,0.53546,-0.079452,0.0044393,0.54134,298.981,1,1
29_A5,tier0_canopy_mid,0,300,0.45,1.8,0.675,0.58357,-0.070325,0.0060123,0.58783,298.962,1,1
29_A5,tier0_canopy_mid,0,300,0.5,1.8,0.675,0.56493,-0.064007,0.005865,0.56857,298.969,1,1
29_A5,tier0_canopy_mid,0,300,0.55,1.75,0.675,0.51868,-0.072181,0.0040118,0.5237,298.987,1,1
29_A5,tier0_canopy_mid,0,300,0.6,1.75,0.675,0.50241,-0.06422,0.0035569,0.50651,298.994,1,1
29_A5,tier0_canopy_mid,0,300,0.55,1.8,0.675,0.54703,-0.057301,0.0056488,0.55005,298.976,1,1
29_A5,tier0_canopy_mid,0,300,0.6,1.8,0.675,0.53,-0.049978,0.0053542,0.53238,298.982,1,1
29_A5,tier0_canopy_mid,0,300,0.65,1.75,0.675,0.48673,-0.055258,0.0030756,0.48986,299,1,1
29_A5,tier0_canopy_mid,0,300,0.7,1.75,0.675,0.47175,-0.044881,0.0025719,0.47389,299.006,1,1
29_A5,tier0_canopy_mid,0,300,0.65,1.8,0.675,0.51402,-0.04174,0.0049693,0.51574,298.989,1,1
29_A5,tier0_canopy_mid,0,300,0.7,1.8,0.675,0.4993,-0.03219,0.0044821,0.50035,298.996,1,1
29_A5,tier0_canopy_mid,0,300,0.75,1.75,0.675,0.45759,-0.032514,0.0020598,0.45874,299.012,1,1
29_A5,tier0_canopy_mid,0,300,0.8,1.75,0.675,0.4443,-0.017327,0.0015747,0.44464,299.018,1,1
29_A5,tier0_canopy_mid,0,300,0.75,1.8,0.675,0.48608,-0.020783,0.0038861,0.48654,299.002,1,1
29_A5,tier0_canopy_mid,0,300,0.8,1.8,0.675,0.47478,-0.0067553,0.0031902,0.47484,299.009,1,1
29_A5,tier0_canopy_mid,0,300,0.85,1.75,0.675,0.43215,0.0019646,0.0012074,0.43215,299.023,1,1
29_A5,tier0_canopy_mid,0,300,0.9,1.75,0.675,0.42147,0.027297,0.001136,0.42235,299.029,1,1
29_A5,tier0_canopy_mid,0,300,0.85,1.8,0.675,0.46595,0.010957,0.0024597,0.46608,299.015,1,1
29_A5,tier0_canopy_mid,0,300,0.9,1.8,0.675,0.46036,0.033838,0.0019046,0.4616,299.022,1,1
29_A5,tier0_canopy_mid,0,300,0.95,1.75,0.675,0.41347,0.061652,0.0016203,0.41805,299.035,1,1
29_A5,tier0_canopy_mid,0,300,1.0,1.75,0.675,0.41208,0.10864,0.0023747,0.42616,299.041,1,1
29_A5,tier0_canopy_mid,0,300,0.95,1.8,0.675,0.45941,0.063633,0.0019188,0.4638,299.028,1,1
29_A5,tier0_canopy_mid,0,300,1.0,1.8,0.675,0.46499,0.10111,0.0029832,0.47587,299.035,1,1
29_A5,tier0_canopy_mid,0,300,0.4,1.85,0.675,0.63331,-0.05866,0.0063206,0.63605,298.941,1,1
29_A5,tier0_canopy_mid,0,300,0.4,1.9,0.675,0.65978,-0.039267,0.0061782,0.66098,298.926,1,1
29_A5,tier0_canopy_mid,0,300,0.35,1.9,0.675,0.68367,-0.043216,0.0057668,0.68506,298.918,1,1
29_A5,tier0_canopy_mid,0,300,0.45,1.85,0.675,0.61223,-0.053412,0.0064574,0.61459,298.948,1,1
29_A5,tier0_canopy_mid,0,300,0.5,1.85,0.675,0.59213,-0.048005,0.0065035,0.59411,298.955,1,1
29_A5,tier0_canopy_mid,0,300,0.45,1.9,0.675,0.6371,-0.035296,0.006501,0.63811,298.933,1,1
29_A5,tier0_canopy_mid,0,300,0.5,1.9,0.675,0.61567,-0.0312,0.0067122,0.6165,298.941,1,1
29_A5,tier0_canopy_mid,0,300,0.55,1.85,0.675,0.57312,-0.042282,0.0064463,0.57471,298.963,1,1
29_A5,tier0_canopy_mid,0,300,0.6,1.85,0.675,0.55534,-0.036041,0.00627,0.55654,298.97,1,1
29_A5,tier0_canopy_mid,0,300,0.55,1.9,0.675,0.59561,-0.026857,0.0067958,0.59625,298.949,1,1
29_A5,tier0_canopy_mid,0,300,0.6,1.9,0.675,0.57711,-0.022113,0.0067307,0.57757,298.957,1,1
29_A5,tier0_canopy_mid,0,300,0.65,1.85,0.675,0.53902,-0.029026,0.0059541,0.53983,298.977,1,1
29_A5,tier0_canopy_mid,0,300,0.7,1.85,0.675,0.52445,-0.020895,0.0054753,0.5249,298.984,1,1
29_A5,tier0_canopy_mid,0,300,0.65,1.9,0.675,0.56042,-0.01677,0.0064902,0.56071,298.964,1,1
29_A5,tier0_canopy_mid,0,300,0.7,1.9,0.675,0.5459,-0.010573,0.006044,0.54604,298.972,1,1
29_A5,tier0_canopy_mid,0,300,0.75,1.85,0.675,0.51205,-0.01119,0.0048122,0.51219,298.991,1,1
29_A5,tier0_canopy_mid,0,300,0.8,1.85,0.675,0.50239,0.00071934,0.0039636,0.50241,298.998,1,1
29_A5,tier0_canopy_mid,0,300,0.75,1.9,0.675,0.53408,-0.0031808,0.0053666,0.53411,298.979,1,1
29_A5,tier0_canopy_mid,0,300,0.8,1.9,0.675,0.52563,0.0058629,0.0044553,0.52568,298.986,1,1
29_A5,tier0_canopy_mid,0,300,0.85,1.85,0.675,0.4962,0.015686,0.0029956,0.49646,299.005,1,1
29_A5,tier0_canopy_mid,0,300,0.9,1.85,0.675,0.49445,0.034845,0.0021126,0.49568,299.011,1,1
29_A5,tier0_canopy_mid,0,300,0.85,1.9,0.675,0.52147,0.017198,0.0033726,0.52176,298.993,1,1
29_A5,tier0_canopy_mid,0,300,0.9,1.9,0.675,0.52287,0.031701,0.0023326,0.52383,299,1,1
29_A5,tier0_canopy_mid,0,300,0.95,1.85,0.675,0.49844,0.059483,0.0017884,0.50198,299.018,1,1
29_A5,tier0_canopy_mid,0,300,1.0,1.85,0.675,0.50928,0.090538,0.0029855,0.51727,299.025,1,1
29_A5,tier0_canopy_mid,0,300,0.95,1.9,0.675,0.53146,0.050513,0.0018984,0.53385,299.007,1,1
29_A5,tier0_canopy_mid,0,300,1.0,1.9,0.675,0.54898,0.075164,0.0033789,0.55411,299.014,1,1
29_A5,tier0_canopy_mid,0,300,0.4,1.95,0.675,0.68063,-0.018843,0.0057111,0.68092,298.911,1,1
29_A5,tier0_canopy_mid,0,300,0.4,2.0,0.675,0.6922,0.002658,0.0061884,0.69223,298.898,1,1
29_A5,tier0_canopy_mid,0,300,0.45,1.95,0.675,0.6566,-0.016435,0.0062671,0.65683,298.919,1,1
29_A5,tier0_canopy_mid,0,300,0.5,1.95,0.675,0.63406,-0.01393,0.0066828,0.63425,298.928,1,1
29_A5,tier0_canopy_mid,0,300,0.45,2.0,0.675,0.66747,0.0031813,0.0068863,0.66751,298.906,1,1
29_A5,tier0_canopy_mid,0,300,0.5,2.0,0.675,0.64436,0.0037905,0.007434,0.64442,298.915,1,1
29_A5,tier0_canopy_mid,0,300,0.55,1.95,0.675,0.61312,-0.011251,0.0069457,0.61326,298.936,1,1
29_A5,tier0_canopy_mid,0,300,0.6,1.95,0.675,0.59398,-0.0082992,0.0070331,0.59408,298.944,1,1
29_A5,tier0_canopy_mid,0,300,0.55,2.0,0.675,0.62299,0.0045151,0.0078199,0.62305,298.924,1,1
29_A5,tier0_canopy_mid,0,300,0.6,2.0,0.675,0.60354,0.0053892,0.008018,0.60362,298.932,1,1
29_A5,tier0_canopy_mid,0,300,0.65,1.95,0.675,0.57693,-0.0049569,0.0069176,0.57699,298.952,1,1
29_A5,tier0_canopy_mid,0,300,0.7,1.95,0.675,0.56234,-0.0010803,0.0065701,0.56237,298.96,1,1
29_A5,tier0_canopy_mid,0,300,0.65,2.0,0.675,0.58629,0.0064418,0.0080014,0.58638,298.941,1,1
29_A5,tier0_canopy_mid,0,300,0.7,2.0,0.675,0.57164,0.0076927,0.0077442,0.57174,298.949,1,1
29_A5,tier0_canopy_mid,0,300,0.75,1.95,0.675,0.55078,0.0035166,0.005965,0.55082,298.967,1,1
29_A5,tier0_canopy_mid,0,300,0.8,1.95,0.675,0.54303,0.0090895,0.0050974,0.54313,298.975,1,1
29_A5,tier0_canopy_mid,0,300,0.75,2.0,0.675,0.56015,0.0091546,0.0072226,0.56027,298.958,1,1
29_A5,tier0_canopy_mid,0,300,0.8,2.0,0.675,0.55265,0.010843,0.006433,0.55279,298.965,1,1
29_A5,tier0_canopy_mid,0,300,0.85,1.95,0.675,0.54019,0.016002,0.0040264,0.54044,298.982,1,1
29_A5,tier0_canopy_mid,0,300,0.9,1.95,0.675,0.54381,0.024757,0.0029843,0.54438,298.989,1,1
29_A5,tier0_canopy_mid,0,300,0.85,2.0,0.675,0.55032,0.012762,0.0054437,0.55049,298.973,1,1
29_A5,tier0_canopy_mid,0,300,0.9,2.0,0.675,0.55481,0.014902,0.0045122,0.55503,298.98,1,1
29_A5,tier0_canopy_mid,0,300,0.95,1.95,0.675,0.556,0.036099,0.0026179,0.55717,298.996,1,1
29_A5,tier0_canopy_mid,0,300,1.0,1.95,0.675,0.57959,0.051254,0.004502,0.58187,299.003,1,1
29_A5,tier0_canopy_mid,0,300,0.95,2.0,0.675,0.56843,0.017257,0.0043456,0.56871,298.987,1,1
29_A5,tier0_canopy_mid,0,300,1.0,2.0,0.675,0.59451,0.019842,0.006661,0.59488,298.995,1,1
29_A5,tier0_canopy_mid,0,300,0.4,2.05,0.675,0.6934,0.023522,0.0087509,0.69385,298.889,1,1
29_A5,tier0_canopy_mid,0,300,0.45,2.05,0.675,0.66882,0.021994,0.0093524,0.66924,298.898,1,1
29_A5,tier0_canopy_mid,0,300,0.5,2.05,0.675,0.64585,0.020582,0.0098264,0.64625,298.908,1,1
29_A5,tier0_canopy_mid,0,300,0.55,2.05,0.675,0.6246,0.019259,0.010157,0.62497,298.917,1,1
29_A5,tier0_canopy_mid,0,300,0.6,2.05,0.675,0.60525,0.017985,0.010314,0.6056,298.926,1,1
29_A5,tier0_canopy_mid,0,300,0.65,2.05,0.675,0.58805,0.016691,0.010272,0.58837,298.935,1,1
29_A5,tier0_canopy_mid,0,300,0.7,2.05,0.675,0.57338,0.015269,0.010008,0.57367,298.944,1,1
29_A5,tier0_canopy_mid,0,300,0.75,2.05,0.675,0.56178,0.013555,0.0095063,0.56202,298.952,1,1
29_A5,tier0_canopy_mid,0,300,0.8,2.05,0.675,0.55403,0.011294,0.0087785,0.55421,298.961,1,1
29_A5,tier0_canopy_mid,0,300,0.85,2.05,0.675,0.55121,0.0081054,0.0079127,0.55133,298.969,1,1
29_A5,tier0_canopy_mid,0,300,0.9,2.05,0.675,0.55485,0.0034227,0.0071939,0.55491,298.976,1,1
29_A5,tier0_canopy_mid,0,300,0.95,2.05,0.675,0.56703,-0.0035926,0.0073281,0.56709,298.984,1,1
29_A5,tier0_canopy_mid,0,300,1.0,2.05,0.675,0.59062,-0.014234,0.0099352,0.59087,298.993,1,1
29_A5,tier0_canopy_mid,0,300,1.05,1.6,0.675,0.23958,-0.047392,-0.037766,0.24713,298.993,1,1
29_A5,tier0_canopy_mid,0,300,1.0,1.6,0.675,0.2769,-0.022824,-0.033446,0.27985,298.978,1,1
29_A5,tier0_canopy_mid,0,300,1.1,1.6,0.675,0,0,0,0,302,1,1
29_A5,tier0_canopy_mid,0,300,1.15,1.6,0.675,0,0,0,0,302,1,1
29_A5,tier0_canopy_mid,0,300,1.2,1.6,0.675,0,0,0,0,302,1,1
29_A5,tier0_canopy_mid,0,300,1.05,1.65,0.675,0.20279,0.06895,-0.019877,0.21511,299.052,1,1
29_A5,tier0_canopy_mid,0,300,1.1,1.65,0.675,0,0,0,0,302,1,1
29_A5,tier0_canopy_mid,0,300,1.05,1.7,0.675,0.3066,0.1859,-0.0092,0.35868,299.059,1,1
29_A5,tier0_canopy_mid,0,300,1.1,1.7,0.675,0,0,0,0,302,1,1
29_A5,tier0_canopy_mid,0,300,1.2,1.65,0.675,3.0554e-17,3.9263e-17,-2.3757e-17,5.5132e-17,302,1,1
29_A5,tier0_canopy_mid,0,300,1.2,1.7,0.675,0,0,0,0,302,1,1
29_A5,tier0_canopy_mid,0,300,1.05,1.75,0.675,0.42466,0.17476,0.0009741,0.45922,299.052,1,1
29_A5,tier0_canopy_mid,0,300,1.0,1.75,0.675,0.41208,0.10864,0.0023747,0.42616,299.041,1,1
29_A5,tier0_canopy_mid,0,300,1.1,1.75,0.675,0.45289,0.1818,0.0024018,0.48803,299.074,1,1
29_A5,tier0_canopy_mid,0,300,1.05,1.8,0.675,0.47988,0.14318,0.0050741,0.50081,299.044,1,1
29_A5,tier0_canopy_mid,0,300,1.1,1.8,0.675,0.49682,0.15693,0.0093969,0.5211,299.056,1,1
29_A5,tier0_canopy_mid,0,300,1.15,1.75,0.675,0.42922,0.13592,0.010878,0.45036,299.104,1,1
29_A5,tier0_canopy_mid,0,300,1.15,1.7,0.675,0,0,0,0,302,1,1
29_A5,tier0_canopy_mid,0,300,1.2,1.75,0.675,0.3393,0.12301,0.012903,0.36114,299.094,1,1
29_A5,tier0_canopy_mid,0,300,1.15,1.8,0.675,0.48608,0.15618,0.023143,0.51108,299.069,1,1
29_A5,tier0_canopy_mid,0,300,1.2,1.8,0.675,0.43701,0.19321,0.042901,0.47974,299.068,1,1
29_A5,tier0_canopy_mid,0,300,1.05,1.85,0.675,0.52769,0.12788,0.0071033,0.54301,299.035,1,1
29_A5,tier0_canopy_mid,0,300,1.0,1.85,0.675,0.50928,0.090538,0.0029855,0.51727,299.025,1,1
29_A5,tier0_canopy_mid,0,300,1.1,1.85,0.675,0.54721,0.16467,0.016027,0.57167,299.044,1,1
29_A5,tier0_canopy_mid,0,300,1.05,1.9,0.675,0.57726,0.10793,0.0093718,0.58734,299.024,1,1
29_A5,tier0_canopy_mid,0,300,1.1,1.9,0.675,0.61615,0.15159,0.025256,0.63502,299.035,1,1
29_A5,tier0_canopy_mid,0,300,1.15,1.85,0.675,0.54905,0.2099,0.042928,0.58937,299.048,1,1
29_A5,tier0_canopy_mid,0,300,1.2,1.85,0.675,0.51599,0.3067,0.092022,0.60727,299.039,1,1
29_A5,tier0_canopy_mid,0,300,1.15,1.9,0.675,0.66812,0.21889,0.069868,0.70652,299.045,1,1
29_A5,tier0_canopy_mid,0,300,1.2,1.9,0.675,0.6788,0.35365,0.17761,0.78574,299.031,1,1
29_A5,tier0_canopy_mid,0,300,1.05,1.95,0.675,0.61882,0.072426,0.012232,0.62317,299.013,1,1
29_A5,tier0_canopy_mid,0,300,1.1,1.95,0.675,0.68058,0.10357,0.034225,0.68927,299.027,1,1
29_A5,tier0_canopy_mid,0,300,1.05,2.0,0.675,0.63828,0.022744,0.015473,0.63888,299.005,1,1
29_A5,tier0_canopy_mid,0,300,1.1,2.0,0.675,0.70853,0.026124,0.040471,0.71016,299.02,1,1
29_A5,tier0_canopy_mid,0,300,1.15,1.95,0.675,0.78992,0.15393,0.095891,0.81047,299.046,1,1
29_A5,tier0_canopy_mid,0,300,1.2,1.95,0.675,0.85355,0.24057,0.2682,0.92647,299.028,1,1
29_A5,tier0_canopy_mid,0,300,1.15,2.0,0.675,0.83674,0.029344,0.11012,0.84446,299.043,1,1
29_A5,tier0_canopy_mid,0,300,1.2,2.0,0.675,0.9186,0.017388,0.30339,0.96756,299.026,1,1
29_A5,tier0_canopy_mid,0,300,1.05,2.05,0.675,0.62995,-0.030692,0.018696,0.63098,299.003,1,1
29_A5,tier0_canopy_mid,0,300,1.1,2.05,0.675,0.69214,-0.056882,0.042283,0.69576,299.02,1,1
29_A5,tier0_canopy_mid,0,300,1.15,2.05,0.675,0.8047,-0.10366,0.10532,0.81816,299.045,1,1
29_A5,tier0_canopy_mid,0,300,1.2,2.05,0.675,0.86833,-0.21261,0.27194,0.93443,299.038,1,1
29_A5,tier0_canopy_mid,0,300,-1.2,2.1,0.675,1.5675,0.16289,-0.35392,1.6151,298.53,1,1
29_A5,tier0_canopy_mid,0,300,-1.15,2.1,0.675,1.7148,0.30848,-0.36876,1.7809,298.546,1,1
29_A5,tier0_canopy_mid,0,300,-1.1,2.1,0.675,1.7985,0.35284,-0.33546,1.8632,298.562,1,1
29_A5,tier0_canopy_mid,0,300,-1.05,2.1,0.675,1.839,0.35163,-0.29927,1.8961,298.577,1,1
29_A5,tier0_canopy_mid,0,300,-1.0,2.1,0.675,1.8388,0.32464,-0.27892,1.888,298.591,1,1
29_A5,tier0_canopy_mid,0,300,-1.2,2.15,0.675,0.59735,0.062108,-0.10478,0.60965,298.587,1,1
29_A5,tier0_canopy_mid,0,300,-1.2,2.2,0.675,0.20282,-0.12385,-0.015545,0.23815,298.652,1,1
29_A5,tier0_canopy_mid,0,300,-1.15,2.15,0.675,0.86186,0.23747,-0.18062,0.91204,298.594,1,1
29_A5,tier0_canopy_mid,0,300,-1.1,2.15,0.675,1.0535,0.32444,-0.19429,1.1194,298.601,1,1
29_A5,tier0_canopy_mid,0,300,-1.15,2.2,0.675,0.38093,0.051495,-0.092563,0.39539,298.667,1,1
29_A5,tier0_canopy_mid,0,300,-1.1,2.2,0.675,0.55892,0.1847,-0.1152,0.59982,298.664,1,1
29_A5,tier0_canopy_mid,0,300,-1.05,2.15,0.675,1.1888,0.35583,-0.18538,1.2547,298.61,1,1
29_A5,tier0_canopy_mid,0,300,-1.0,2.15,0.675,1.276,0.3533,-0.17195,1.3351,298.619,1,1
29_A5,tier0_canopy_mid,0,300,-1.05,2.2,0.675,0.71596,0.26501,-0.11392,0.77188,298.659,1,1
29_A5,tier0_canopy_mid,0,300,-1.0,2.2,0.675,0.84021,0.30491,-0.10566,0.90005,298.658,1,1
29_A5,tier0_canopy_mid,0,300,-1.2,2.25,0.675,0.088679,-0.15454,0.0081241,0.17836,298.696,1,1
29_A5,tier0_canopy_mid,0,300,-1.2,2.3,0.675,0,0,0,0,302,1,1
29_A5,tier0_canopy_mid,0,300,-1.15,2.25,0.675,0.13568,-0.029396,-0.057585,0.1503,298.776,1,1
29_A5,tier0_canopy_mid,0,300,-1.1,2.25,0.675,0.23962,0.080684,-0.070505,0.26248,298.768,1,1
29_A5,tier0_canopy_mid,0,300,-1.15,2.3,0.675,0,0,0,0,302,1,1
29_A5,tier0_canopy_mid,0,300,-1.1,2.3,0.675,0,0,0,0,302,1,1
29_A5,tier0_canopy_mid,0,300,-1.05,2.25,0.675,0.39161,0.16379,-0.068599,0.42999,298.718,1,1
29_A5,tier0_canopy_mid,0,300,-1.0,2.25,0.675,0.52223,0.2256,-0.063153,0.57237,298.699,1,1
29_A5,tier0_canopy_mid,0,300,-1.05,2.3,0.675,0.19452,0.048112,-0.031589,0.20285,298.758,1,1
29_A5,tier0_canopy_mid,0,300,-1.0,2.3,0.675,0.30603,0.12473,-0.026631,0.33154,298.729,1,1
29_A5,tier0_canopy_mid,0,300,-1.2,2.35,0.675,0,0,0,0,302,1,1
29_A5,tier0_canopy_mid,0,300,-1.2,2.4,0.675,0,0,0,0,302,1,1
29_A5,tier0_canopy_mid,0,300,-1.05,2.35,0.675,0.086204,-0.065816,0.013663,0.10931,298.727,1,1
29_A5,tier0_canopy_mid,0,300,-1.1,2.35,0.675,0,0,0,0,302,1,1
29_A5,tier0_canopy_mid,0,300,-1.0,2.35,0.675,0.16948,0.023089,0.013731,0.1716,298.729,1,1
29_A5,tier0_canopy_mid,0,300,-1.05,2.4,0.675,0.022575,-0.12355,0.057505,0.13813,298.62,1,1
29_A5,tier0_canopy_mid,0,300,-1.1,2.4,0.675,0,0,0,0,302,1,1
29_A5,tier0_canopy_mid,0,300,-1.0,2.4,0.675,0.070446,-0.056712,0.05675,0.10677,298.662,1,1
29_A5,tier0_canopy_mid,0,300,-1.15,2.4,0.675,0,0,0,0,302,1,1
29_A5,tier0_canopy_mid,0,300,-0.95,2.05,0.675,2.2106,0.19365,-0.33394,2.244,298.596,1,1
29_A5,tier0_canopy_mid,0,300,-0.95,2.1,0.675,1.7967,0.29633,-0.24806,1.8378,298.604,1,1
29_A5,tier0_canopy_mid,0,300,-0.9,2.1,0.675,1.746,0.28555,-0.19764,1.7802,298.617,1,1
29_A5,tier0_canopy_mid,0,300,-0.85,2.1,0.675,1.7086,0.27804,-0.15681,1.7382,298.631,1,1
29_A5,tier0_canopy_mid,0,300,-0.8,2.05,0.675,1.9251,0.15446,-0.16675,1.9384,298.644,1,1
29_A5,tier0_canopy_mid,0,300,-0.8,2.1,0.675,1.6719,0.26325,-0.12779,1.6973,298.645,1,1
29_A5,tier0_canopy_mid,0,300,-0.75,2.05,0.675,1.8448,0.14119,-0.13894,1.8554,298.659,1,1
29_A5,tier0_canopy_mid,0,300,-0.75,2.1,0.675,1.6271,0.24471,-0.1064,1.6488,298.658,1,1
29_A5,tier0_canopy_mid,0,300,-0.7,2.05,0.675,1.7629,0.1286,-0.11667,1.7715,298.672,1,1
29_A5,tier0_canopy_mid,0,300,-0.7,2.1,0.675,1.5766,0.22611,-0.088967,1.5952,298.671,1,1
29_A5,tier0_canopy_mid,0,300,-0.65,2.1,0.675,1.5241,0.20859,-0.07422,1.5401,298.683,1,1
29_A5,tier0_canopy_mid,0,300,-0.6,2.1,0.675,1.4712,0.19231,-0.061774,1.485,298.695,1,1
29_A5,tier0_canopy_mid,0,300,-0.55,2.05,0.675,1.5357,0.097213,-0.069278,1.5403,298.711,1,1
29_A5,tier0_canopy_mid,0,300,-0.55,2.1,0.675,1.4187,0.17736,-0.051348,1.4306,298.706,1,1
29_A5,tier0_canopy_mid,0,300,-0.5,2.1,0.675,1.3668,0.16374,-0.042609,1.3772,298.717,1,1
29_A5,tier0_canopy_mid,0,300,-0.45,2.1,0.675,1.3159,0.15129,-0.035173,1.3251,298.728,1,1
29_A5,tier0_canopy_mid,0,300,-0.4,2.05,0.675,1.341,0.074926,-0.040719,1.3437,298.744,1,1
29_A5,tier0_canopy_mid,0,300,-0.4,2.1,0.675,1.2665,0.13995,-0.028726,1.2745,298.739,1,1
29_A5,tier0_canopy_mid,0,300,-0.35,2.1,0.675,1.2186,0.12963,-0.023079,1.2257,298.749,1,1
29_A5,tier0_canopy_mid,0,300,-0.95,2.15,0.675,1.3226,0.342,-0.15435,1.3748,298.628,1,1
29_A5,tier0_canopy_mid,0,300,-0.9,2.15,0.675,1.3474,0.33934,-0.13089,1.3956,298.638,1,1
29_A5,tier0_canopy_mid,0,300,-0.95,2.2,0.675,0.93112,0.32337,-0.095194,0.99026,298.66,1,1
29_A5,tier0_canopy_mid,0,300,-1.0,2.2,0.675,0.84021,0.30491,-0.10566,0.90005,298.658,1,1
29_A5,tier0_canopy_mid,0,300,-0.9,2.2,0.675,0.99728,0.33422,-0.082924,1.0551,298.664,1,1
29_A5,tier0_canopy_mid,0,300,-0.85,2.15,0.675,1.3624,0.33531,-0.10829,1.4073,298.648,1,1
29_A5,tier0_canopy_mid,0,300,-0.8,2.15,0.675,1.367,0.32288,-0.089954,1.4074,298.658,1,1
29_A5,tier0_canopy_mid,0,300,-0.85,2.2,0.675,1.0463,0.33798,-0.070231,1.1018,298.669,1,1
29_A5,tier0_canopy_mid,0,300,-0.8,2.2,0.675,1.081,0.33368,-0.058656,1.1329,298.675,1,1
29_A5,tier0_canopy_mid,0,300,-0.75,2.15,0.675,1.3597,0.30563,-0.075171,1.3956,298.668,1,1
29_A5,tier0_canopy_mid,0,300,-0.7,2.15,0.675,1.343,0.28723,-0.062609,1.3748,298.678,1,1
29_A5,tier0_canopy_mid,0,300,-0.75,2.2,0.675,1.1024,0.32379,-0.048565,1.15,298.683,1,1
29_A5,tier0_canopy_mid,0,300,-0.7,2.2,0.675,1.1125,0.31098,-0.039609,1.1559,298.69,1,1
29_A5,tier0_canopy_mid,0,300,-0.65,2.15,0.675,1.32,0.26897,-0.051667,1.3481,298.689,1,1
29_A5,tier0_canopy_mid,0,300,-0.6,2.15,0.675,1.2927,0.2513,-0.042339,1.3175,298.699,1,1
29_A5,tier0_canopy_mid,0,300,-0.65,2.2,0.675,1.1138,0.29657,-0.03174,1.1531,298.699,1,1
29_A5,tier0_canopy_mid,0,300,-0.6,2.2,0.675,1.1076,0.28117,-0.026089,1.1431,298.706,1,1
29_A5,tier0_canopy_mid,0,300,-0.55,2.15,0.675,1.2622,0.23465,-0.034674,1.2843,298.709,1,1
29_A5,tier0_canopy_mid,0,300,-0.5,2.15,0.675,1.2294,0.21896,-0.028234,1.249,298.719,1,1
29_A5,tier0_canopy_mid,0,300,-0.55,2.2,0.675,1.0953,0.26566,-0.02094,1.1273,298.713,1,1
29_A5,tier0_canopy_mid,0,300,-0.5,2.2,0.675,1.0795,0.25075,-0.01528,1.1083,298.722,1,1
29_A5,tier0_canopy_mid,0,300,-0.45,2.15,0.675,1.1951,0.20408,-0.022583,1.2126,298.729,1,1
29_A5,tier0_canopy_mid,0,300,-0.4,2.15,0.675,1.16,0.19015,-0.01757,1.1756,298.738,1,1
29_A5,tier0_canopy_mid,0,300,-0.45,2.2,0.675,1.0611,0.23627,-0.010744,1.0871,298.732,1,1
29_A5,tier0_canopy_mid,0,300,-0.4,2.2,0.675,1.0402,0.22213,-0.0068696,1.0637,298.741,1,1
29_A5,tier0_canopy_mid,0,300,-0.35,2.15,0.675,1.1247,0.17719,-0.013103,1.1387,298.748,1,1
29_A5,tier0_canopy_mid,0,300,-0.35,2.2,0.675,1.0175,0.20852,-0.0032962,1.0387,298.751,1,1
29_A5,tier0_canopy_mid,0,300,-0.95,2.25,0.675,0.62974,0.26548,-0.056379,0.68573,298.692,1,1
29_A5,tier0_canopy_mid,0,300,-0.9,2.25,0.675,0.71526,0.29093,-0.048997,0.77372,298.69,1,1
29_A5,tier0_canopy_mid,0,300,-0.95,2.3,0.675,0.41249,0.18328,-0.023197,0.45197,298.72,1,1
29_A5,tier0_canopy_mid,0,300,-0.9,2.3,0.675,0.50234,0.22445,-0.019576,0.55055,298.717,1,1
29_A5,tier0_canopy_mid,0,300,-0.85,2.25,0.675,0.78341,0.30608,-0.041152,0.84208,298.692,1,1
29_A5,tier0_canopy_mid,0,300,-0.8,2.25,0.675,0.8369,0.31253,-0.033554,0.89398,298.695,1,1
29_A5,tier0_canopy_mid,0,300,-0.85,2.3,0.675,0.57784,0.25264,-0.015146,0.63084,298.717,1,1
29_A5,tier0_canopy_mid,0,300,-0.8,2.3,0.675,0.64031,0.27043,-0.010344,0.69516,298.718,1,1
29_A5,tier0_canopy_mid,0,300,-0.75,2.25,0.675,0.87716,0.31223,-0.026547,0.93145,298.7,1,1
29_A5,tier0_canopy_mid,0,300,-0.7,2.25,0.675,0.90577,0.30726,-0.019999,0.95668,298.706,1,1
29_A5,tier0_canopy_mid,0,300,-0.75,2.3,0.675,0.6909,0.28002,-0.0055841,0.74551,298.722,1,1
29_A5,tier0_canopy_mid,0,300,-0.7,2.3,0.675,0.73068,0.28343,-0.00092145,0.78373,298.726,1,1
29_A5,tier0_canopy_mid,0,300,-0.65,2.25,0.675,0.92476,0.29909,-0.014326,0.97203,298.712,1,1
29_A5,tier0_canopy_mid,0,300,-0.6,2.25,0.675,0.93432,0.28802,-0.011143,0.97777,298.718,1,1
29_A5,tier0_canopy_mid,0,300,-0.65,2.3,0.675,0.76113,0.28228,0.0032614,0.81179,298.731,1,1
29_A5,tier0_canopy_mid,0,300,-0.6,2.3,0.675,0.78243,0.27705,0.0061682,0.83005,298.736,1,1
29_A5,tier0_canopy_mid,0,300,-0.55,2.25,0.675,0.93573,0.2751,-0.0066857,0.97536,298.722,1,1
29_A5,tier0_canopy_mid,0,300,-0.5,2.25,0.675,0.9334,0.26241,-0.0011897,0.96958,298.729,1,1
29_A5,tier0_canopy_mid,0,300,-0.55,2.3,0.675,0.79543,0.26858,0.0099381,0.8396,298.74,1,1
29_A5,tier0_canopy_mid,0,300,-0.5,2.3,0.675,0.80328,0.25902,0.013562,0.84412,298.746,1,1
29_A5,tier0_canopy_mid,0,300,-0.45,2.25,0.675,0.92823,0.25004,0.0017815,0.96132,298.739,1,1
29_A5,tier0_canopy_mid,0,300,-0.4,2.25,0.675,0.91943,0.23735,0.0043868,0.94958,298.748,1,1
29_A5,tier0_canopy_mid,0,300,-0.45,2.3,0.675,0.80719,0.24904,0.01526,0.84487,298.754,1,1
29_A5,tier0_canopy_mid,0,300,-0.4,2.3,0.675,0.8071,0.23842,0.017016,0.84175,298.762,1,1
29_A5,tier0_canopy_mid,0,300,-0.35,2.25,0.675,0.90768,0.22464,0.0070491,0.93509,298.757,1,1
29_A5,tier0_canopy_mid,0,300,-0.35,2.3,0.675,0.80371,0.22738,0.018857,0.83546,298.77,1,1
29_A5,tier0_canopy_mid,0,300,-0.95,2.35,0.675,0.26415,0.09421,0.013966,0.2808,298.739,1,1
29_A5,tier0_canopy_mid,0,300,-0.9,2.35,0.675,0.3487,0.1478,0.014212,0.37899,298.744,1,1
29_A5,tier0_canopy_mid,0,300,-0.95,2.4,0.675,0.14974,0.011227,0.056416,0.16041,298.712,1,1
29_A5,tier0_canopy_mid,0,300,-0.9,2.4,0.675,0.22643,0.068336,0.05573,0.24299,298.74,1,1
29_A5,tier0_canopy_mid,0,300,-0.85,2.35,0.675,0.42326,0.18707,0.015458,0.46302,298.746,1,1
29_A5,tier0_canopy_mid,0,300,-0.8,2.35,0.675,0.48786,0.21487,0.017281,0.53337,298.748,1,1
29_A5,tier0_canopy_mid,0,300,-0.85,2.4,0.675,0.29895,0.11426,0.054658,0.32467,298.755,1,1
29_A5,tier0_canopy_mid,0,300,-0.8,2.4,0.675,0.36376,0.14929,0.053524,0.39683,298.763,1,1
29_A5,tier0_canopy_mid,0,300,-0.75,2.35,0.675,0.54242,0.23326,0.019554,0.59077,298.75,1,1
29_A5,tier0_canopy_mid,0,300,-0.7,2.35,0.675,0.58762,0.24434,0.022023,0.63678,298.753,1,1
29_A5,tier0_canopy_mid,0,300,-0.75,2.4,0.675,0.42065,0.17508,0.052653,0.45866,298.768,1,1
29_A5,tier0_canopy_mid,0,300,-0.7,2.4,0.675,0.46944,0.19316,0.052218,0.51031,298.772,1,1
29_A5,tier0_canopy_mid,0,300,-0.65,2.35,0.675,0.62442,0.24986,0.024436,0.673,298.757,1,1
29_A5,tier0_canopy_mid,0,300,-0.6,2.35,0.675,0.65338,0.25072,0.026455,0.70033,298.762,1,1
29_A5,tier0_canopy_mid,0,300,-0.65,2.4,0.675,0.51067,0.20505,0.052151,0.55276,298.776,1,1
29_A5,tier0_canopy_mid,0,300,-0.6,2.4,0.675,0.54496,0.2118,0.052189,0.587,298.779,1,1
29_A5,tier0_canopy_mid,0,300,-0.55,2.35,0.675,0.67498,0.24765,0.028257,0.71953,298.766,1,1
29_A5,tier0_canopy_mid,0,300,-0.5,2.35,0.675,0.6904,0.24202,0.029787,0.7322,298.771,1,1
29_A5,tier0_canopy_mid,0,300,-0.55,2.4,0.675,0.5727,0.21419,0.052208,0.61367,298.783,1,1
29_A5,tier0_canopy_mid,0,300,-0.5,2.4,0.675,0.59451,0.21326,0.052189,0.63375,298.787,1,1
29_A5,tier0_canopy_mid,0,300,-0.45,2.35,0.675,0.70088,0.23487,0.030969,0.73983,298.777,1,1
29_A5,tier0_canopy_mid,0,300,-0.4,2.35,0.675,0.70726,0.2267,0.032138,0.7434,298.783,1,1
29_A5,tier0_canopy_mid,0,300,-0.45,2.4,0.675,0.61118,0.20994,0.05214,0.64834,298.791,1,1
29_A5,tier0_canopy_mid,0,300,-0.4,2.4,0.675,0.62353,0.20494,0.052109,0.65841,298.797,1,1
29_A5,tier0_canopy_mid,0,300,-0.35,2.35,0.675,0.71017,0.21775,0.033218,0.74354,298.79,1,1
29_A5,tier0_canopy_mid,0,300,-0.35,2.4,0.675,0.63217,0.19868,0.052061,0.6647,298.802,1,1
29_A5,tier0_canopy_mid,0,300,-0.3,2.05,0.675,1.2281,0.063974,-0.027518,1.2301,298.765,1,1
29_A5,tier0_canopy_mid,0,300,-0.3,2.1,0.675,1.1724,0.12024,-0.0181,1.1787,298.759,1,1
29_A5,tier0_canopy_mid,0,300,-0.25,2.1,0.675,1.1281,0.1117,-0.013678,1.1337,298.769,1,1
29_A5,tier0_canopy_mid,0,300,-0.2,2.1,0.675,1.0855,0.10384,-0.0097585,1.0905,298.778,1,1
29_A5,tier0_canopy_mid,0,300,-0.15,2.1,0.675,1.0446,0.096522,-0.0063413,1.049,298.788,1,1
29_A5,tier0_canopy_mid,0,300,-0.1,2.1,0.675,1.0052,0.08973,-0.0033421,1.0092,298.798,1,1
29_A5,tier0_canopy_mid,0,300,-0.05,2.1,0.675,0.96717,0.083517,-0.00057108,0.97077,298.807,1,1
29_A5,tier0_canopy_mid,0,300,0.0,2.1,0.675,0.93056,0.077924,0.0022259,0.93381,298.817,1,1
29_A5,tier0_canopy_mid,0,300,0.05,2.1,0.675,0.89545,0.073057,0.005047,0.89844,298.826,1,1
29_A5,tier0_canopy_mid,0,300,0.1,2.1,0.675,0.86137,0.06878,0.0074049,0.86414,298.834,1,1
29_A5,tier0_canopy_mid,0,300,0.15,2.1,0.675,0.82834,0.064372,0.010011,0.8309,298.842,1,1
29_A5,tier0_canopy_mid,0,300,0.2,2.05,0.675,0.80856,0.031075,0.0087189,0.80921,298.852,1,1
29_A5,tier0_canopy_mid,0,300,0.2,2.1,0.675,0.79767,0.059254,0.011345,0.79995,298.851,1,1
29_A5,tier0_canopy_mid,0,300,0.25,2.1,0.675,0.76834,0.054048,0.01087,0.77031,298.86,1,1
29_A5,tier0_canopy_mid,0,300,0.3,2.1,0.675,0.73955,0.049529,0.010943,0.74129,298.87,1,1
29_A5,tier0_canopy_mid,0,300,0.35,2.1,0.675,0.71239,0.045599,0.011527,0.71394,298.879,1,1
29_A5,tier0_canopy_mid,0,300,-0.3,2.15,0.675,1.0895,0.16514,-0.0091248,1.102,298.758,1,1
29_A5,tier0_canopy_mid,0,300,-0.3,2.2,0.675,0.99339,0.19553,-9.8706e-05,1.0125,298.76,1,1
29_A5,tier0_canopy_mid,0,300,-0.25,2.15,0.675,1.0547,0.15393,-0.0055591,1.0658,298.767,1,1
29_A5,tier0_canopy_mid,0,300,-0.2,2.15,0.675,1.0203,0.14348,-0.0023563,1.0303,298.777,1,1
29_A5,tier0_canopy_mid,0,300,-0.25,2.2,0.675,0.9683,0.18318,0.0027735,0.98548,298.77,1,1
29_A5,tier0_canopy_mid,0,300,-0.2,2.2,0.675,0.94256,0.17145,0.0053693,0.95804,298.779,1,1
29_A5,tier0_canopy_mid,0,300,-0.15,2.15,0.675,0.98651,0.1337,0.00048666,0.99553,298.787,1,1
29_A5,tier0_canopy_mid,0,300,-0.1,2.15,0.675,0.95342,0.12456,0.0030262,0.96153,298.796,1,1
29_A5,tier0_canopy_mid,0,300,-0.15,2.2,0.675,0.91645,0.16033,0.0076864,0.9304,298.789,1,1
29_A5,tier0_canopy_mid,0,300,-0.1,2.2,0.675,0.89021,0.14981,0.0097485,0.90278,298.799,1,1
29_A5,tier0_canopy_mid,0,300,-0.05,2.15,0.675,0.92106,0.11608,0.0053517,0.92836,298.806,1,1
29_A5,tier0_canopy_mid,0,300,0.0,2.15,0.675,0.88955,0.10831,0.0075571,0.89615,298.816,1,1
29_A5,tier0_canopy_mid,0,300,-0.05,2.2,0.675,0.86401,0.13991,0.011607,0.87534,298.808,1,1
29_A5,tier0_canopy_mid,0,300,0.0,2.2,0.675,0.83802,0.13062,0.013308,0.84825,298.818,1,1
29_A5,tier0_canopy_mid,0,300,0.05,2.15,0.675,0.85907,0.10129,0.0097205,0.86508,298.825,1,1
29_A5,tier0_canopy_mid,0,300,0.1,2.15,0.675,0.82979,0.094898,0.011706,0.83528,298.835,1,1
29_A5,tier0_canopy_mid,0,300,0.05,2.2,0.675,0.81244,0.12195,0.014885,0.82168,298.828,1,1
29_A5,tier0_canopy_mid,0,300,0.1,2.2,0.675,0.78745,0.11379,0.0163,0.7958,298.838,1,1
29_A5,tier0_canopy_mid,0,300,0.15,2.15,0.675,0.80164,0.088522,0.013186,0.80662,298.844,1,1
29_A5,tier0_canopy_mid,0,300,0.2,2.15,0.675,0.77428,0.081661,0.013905,0.7787,298.854,1,1
29_A5,tier0_canopy_mid,0,300,0.15,2.2,0.675,0.76311,0.10585,0.017422,0.77062,298.848,1,1
29_A5,tier0_canopy_mid,0,300,0.2,2.2,0.675,0.7393,0.097933,0.018155,0.74597,298.858,1,1
29_A5,tier0_canopy_mid,0,300,0.25,2.15,0.675,0.74739,0.074812,0.014224,0.75126,298.863,1,1
29_A5,tier0_canopy_mid,0,300,0.3,2.15,0.675,0.72117,0.068629,0.014657,0.72457,298.873,1,1
29_A5,tier0_canopy_mid,0,300,0.25,2.2,0.675,0.71584,0.090205,0.018607,0.72174,298.868,1,1
29_A5,tier0_canopy_mid,0,300,0.3,2.2,0.675,0.69283,0.08292,0.01897,0.69803,298.878,1,1
29_A5,tier0_canopy_mid,0,300,0.35,2.15,0.675,0.69607,0.063024,0.015186,0.69908,298.882,1,1
29_A5,tier0_canopy_mid,0,300,0.35,2.2,0.675,0.67049,0.076064,0.019312,0.67507,298.887,1,1
29_A5,tier0_canopy_mid,0,300,-0.3,2.25,0.675,0.8935,0.2121,0.0094956,0.91838,298.767,1,1
29_A5,tier0_canopy_mid,0,300,-0.3,2.3,0.675,0.79747,0.21613,0.020561,0.82649,298.779,1,1
29_A5,tier0_canopy_mid,0,300,-0.35,2.3,0.675,0.80371,0.22738,0.018857,0.83546,298.77,1,1
29_A5,tier0_canopy_mid,0,300,-0.25,2.25,0.675,0.87741,0.19985,0.011707,0.89996,298.776,1,1
29_A5,tier0_canopy_mid,0,300,-0.2,2.25,0.675,0.85982,0.18796,0.013708,0.88024,298.786,1,1
29_A5,tier0_canopy_mid,0,300,-0.25,2.3,0.675,0.78882,0.20482,0.0221,0.81527,298.788,1,1
29_A5,tier0_canopy_mid,0,300,-0.2,2.3,0.675,0.77815,0.19357,0.023478,0.80221,298.798,1,1
29_A5,tier0_canopy_mid,0,300,-0.15,2.25,0.675,0.84109,0.17648,0.015497,0.85955,298.796,1,1
29_A5,tier0_canopy_mid,0,300,-0.1,2.25,0.675,0.82151,0.16544,0.017082,0.83818,298.805,1,1
29_A5,tier0_canopy_mid,0,300,-0.15,2.3,0.675,0.76583,0.18249,0.024694,0.78766,298.807,1,1
29_A5,tier0_canopy_mid,0,300,-0.1,2.3,0.675,0.75218,0.17164,0.025745,0.77194,298.817,1,1
29_A5,tier0_canopy_mid,0,300,-0.05,2.25,0.675,0.80133,0.15487,0.018485,0.81636,298.815,1,1
29_A5,tier0_canopy_mid,0,300,0.0,2.25,0.675,0.78078,0.14478,0.019729,0.79433,298.825,1,1
29_A5,tier0_canopy_mid,0,300,-0.05,2.3,0.675,0.73745,0.16109,0.026642,0.75531,298.827,1,1
29_A5,tier0_canopy_mid,0,300,0.0,2.3,0.675,0.72192,0.15086,0.027397,0.73802,298.836,1,1
29_A5,tier0_canopy_mid,0,300,0.05,2.25,0.675,0.76008,0.13517,0.020831,0.77229,298.835,1,1
29_A5,tier0_canopy_mid,0,300,0.1,2.25,0.675,0.73943,0.126,0.021786,0.7504,298.845,1,1
29_A5,tier0_canopy_mid,0,300,0.05,2.3,0.675,0.70579,0.14099,0.028022,0.72028,298.846,1,1
29_A5,tier0_canopy_mid,0,300,0.1,2.3,0.675,0.68929,0.13146,0.028521,0.7023,298.857,1,1
29_A5,tier0_canopy_mid,0,300,0.15,2.25,0.675,0.71895,0.11715,0.02255,0.72878,298.855,1,1
29_A5,tier0_canopy_mid,0,300,0.2,2.25,0.675,0.69866,0.10851,0.023084,0.70741,298.865,1,1
29_A5,tier0_canopy_mid,0,300,0.15,2.3,0.675,0.67256,0.12223,0.028885,0.68419,298.867,1,1
29_A5,tier0_canopy_mid,0,300,0.2,2.3,0.675,0.6557,0.11324,0.029105,0.66605,298.877,1,1
29_A5,tier0_canopy_mid,0,300,0.25,2.25,0.675,0.67854,0.10011,0.023424,0.68628,298.875,1,1
29_A5,tier0_canopy_mid,0,300,0.3,2.25,0.675,0.65864,0.092038,0.023655,0.66546,298.886,1,1
29_A5,tier0_canopy_mid,0,300,0.25,2.3,0.675,0.63877,0.10449,0.029201,0.64792,298.887,1,1
29_A5,tier0_canopy_mid,0,300,0.3,2.3,0.675,0.62185,0.096009,0.029209,0.6299,298.898,1,1
29_A5,tier0_canopy_mid,0,300,0.35,2.25,0.675,0.63912,0.084307,0.023828,0.64509,298.896,1,1
29_A5,tier0_canopy_mid,0,300,0.35,2.3,0.675,0.60506,0.087808,0.02916,0.61209,298.908,1,1
29_A5,tier0_canopy_mid,0,300,-0.3,2.35,0.675,0.71004,0.20826,0.034156,0.74074,298.798,1,1
29_A5,tier0_canopy_mid,0,300,-0.35,2.35,0.675,0.71017,0.21775,0.033218,0.74354,298.79,1,1
29_A5,tier0_canopy_mid,0,300,-0.3,2.4,0.675,0.6376,0.19148,0.05196,0.66775,298.808,1,1
29_A5,tier0_canopy_mid,0,300,-0.25,2.35,0.675,0.70729,0.19841,0.034956,0.73542,298.807,1,1
29_A5,tier0_canopy_mid,0,300,-0.2,2.35,0.675,0.70227,0.18837,0.035624,0.72796,298.815,1,1
29_A5,tier0_canopy_mid,0,300,-0.25,2.4,0.675,0.64023,0.18361,0.051791,0.66805,298.815,1,1
29_A5,tier0_canopy_mid,0,300,-0.2,2.4,0.675,0.64042,0.17528,0.051547,0.66597,298.822,1,1
29_A5,tier0_canopy_mid,0,300,-0.15,2.35,0.675,0.69531,0.17826,0.036163,0.71871,298.824,1,1
29_A5,tier0_canopy_mid,0,300,-0.1,2.35,0.675,0.68673,0.16818,0.036573,0.70796,298.833,1,1
29_A5,tier0_canopy_mid,0,300,-0.15,2.4,0.675,0.6385,0.16664,0.051222,0.66187,298.83,1,1
29_A5,tier0_canopy_mid,0,300,-0.1,2.4,0.675,0.63476,0.15782,0.050815,0.65606,298.837,1,1
29_A5,tier0_canopy_mid,0,300,-0.05,2.35,0.675,0.67678,0.15821,0.036863,0.696,298.842,1,1
29_A5,tier0_canopy_mid,0,300,0.0,2.35,0.675,0.66571,0.14842,0.03704,0.68306,298.852,1,1
29_A5,tier0_canopy_mid,0,300,-0.05,2.4,0.675,0.62947,0.14892,0.050332,0.6488,298.845,1,1
29_A5,tier0_canopy_mid,0,300,0.0,2.4,0.675,0.62287,0.14002,0.049779,0.64035,298.854,1,1
29_A5,tier0_canopy_mid,0,300,0.05,2.35,0.675,0.65376,0.13884,0.037114,0.66937,298.862,1,1
29_A5,tier0_canopy_mid,0,300,0.1,2.35,0.675,0.64112,0.1295,0.037094,0.65511,298.871,1,1
29_A5,tier0_canopy_mid,0,300,0.05,2.4,0.675,0.61517,0.13119,0.049167,0.63092,298.862,1,1
29_A5,tier0_canopy_mid,0,300,0.1,2.4,0.675,0.60658,0.12246,0.048507,0.62072,298.871,1,1
29_A5,tier0_canopy_mid,0,300,0.15,2.35,0.675,0.62795,0.12037,0.036984,0.64045,298.881,1,1
29_A5,tier0_canopy_mid,0,300,0.2,2.35,0.675,0.6144,0.11145,0.036789,0.62551,298.891,1,1
29_A5,tier0_canopy_mid,0,300,0.15,2.4,0.675,0.59727,0.11384,0.047809,0.6099,298.879,1,1
29_A5,tier0_canopy_mid,0,300,0.2,2.4,0.675,0.58738,0.10534,0.047086,0.5986,298.888,1,1
29_A5,tier0_canopy_mid,0,300,0.25,2.35,0.675,0.60056,0.10272,0.036522,0.61038,298.902,1,1
29_A5,tier0_canopy_mid,0,300,0.3,2.35,0.675,0.58654,0.094212,0.036203,0.59516,298.912,1,1
29_A5,tier0_canopy_mid,0,300,0.25,2.4,0.675,0.57704,0.096964,0.04635,0.58697,298.897,1,1
29_A5,tier0_canopy_mid,0,300,0.3,2.4,0.675,0.56638,0.088717,0.045611,0.5751,298.906,1,1
29_A5,tier0_canopy_mid,0,300,0.35,2.35,0.675,0.57244,0.08591,0.035851,0.57996,298.922,1,1
29_A5,tier0_canopy_mid,0,300,0.35,2.4,0.675,0.5555,0.080594,0.044884,0.56311,298.915,1,1
29_A5,tier0_canopy_mid,0,300,0.4,2.05,0.675,0.6934,0.023522,0.0087509,0.69385,298.889,1,1
29_A5,tier0_canopy_mid,0,300,0.4,2.1,0.675,0.68696,0.041984,0.012124,0.68834,298.888,1,1
29_A5,tier0_canopy_mid,0,300,0.45,2.1,0.675,0.66305,0.038563,0.012603,0.66429,298.898,1,1
29_A5,tier0_canopy_mid,0,300,0.5,2.05,0.675,0.64585,0.020582,0.0098264,0.64625,298.908,1,1
29_A5,tier0_canopy_mid,0,300,0.5,2.1,0.675,0.64065,0.03528,0.012958,0.64175,298.907,1,1
29_A5,tier0_canopy_mid,0,300,0.55,2.1,0.675,0.61984,0.032063,0.013182,0.62081,298.916,1,1
29_A5,tier0_canopy_mid,0,300,0.6,2.1,0.675,0.60079,0.028803,0.013255,0.60162,298.926,1,1
29_A5,tier0_canopy_mid,0,300,0.65,2.1,0.675,0.58371,0.025342,0.013159,0.5844,298.935,1,1
29_A5,tier0_canopy_mid,0,300,0.7,2.1,0.675,0.56891,0.021451,0.01288,0.56946,298.944,1,1
29_A5,tier0_canopy_mid,0,300,0.75,2.1,0.675,0.55687,0.016791,0.012417,0.55726,298.953,1,1
29_A5,tier0_canopy_mid,0,300,0.8,2.1,0.675,0.5482,0.010873,0.011798,0.54844,298.962,1,1
29_A5,tier0_canopy_mid,0,300,0.85,2.05,0.675,0.55121,0.0081054,0.0079127,0.55133,298.969,1,1
29_A5,tier0_canopy_mid,0,300,0.85,2.1,0.675,0.54381,0.0029921,0.011138,0.54393,298.97,1,1
29_A5,tier0_canopy_mid,0,300,0.9,2.1,0.675,0.54486,-0.0078476,0.010722,0.54502,298.979,1,1
29_A5,tier0_canopy_mid,0,300,0.95,2.05,0.675,0.56703,-0.0035926,0.0073281,0.56709,298.984,1,1
29_A5,tier0_canopy_mid,0,300,0.95,2.1,0.675,0.5529,-0.023002,0.011154,0.55349,298.988,1,1
29_A5,tier0_canopy_mid,0,300,1.0,2.1,0.675,0.56971,-0.044305,0.013705,0.5716,298.998,1,1
29_A5,tier0_canopy_mid,0,300,0.4,2.15,0.675,0.67225,0.057749,0.01566,0.67491,298.891,1,1
29_A5,tier0_canopy_mid,0,300,0.4,2.2,0.675,0.64898,0.069506,0.019601,0.65299,298.897,1,1
29_A5,tier0_canopy_mid,0,300,0.35,2.2,0.675,0.67049,0.076064,0.019312,0.67507,298.887,1,1
29_A5,tier0_canopy_mid,0,300,0.45,2.15,0.675,0.64967,0.052677,0.016022,0.652,298.901,1,1
29_A5,tier0_canopy_mid,0,300,0.5,2.15,0.675,0.62836,0.047734,0.016269,0.63038,298.911,1,1
29_A5,tier0_canopy_mid,0,300,0.45,2.2,0.675,0.62838,0.063148,0.019808,0.63186,298.907,1,1
29_A5,tier0_canopy_mid,0,300,0.5,2.2,0.675,0.60874,0.056904,0.019926,0.61172,298.917,1,1
29_A5,tier0_canopy_mid,0,300,0.55,2.15,0.675,0.60842,0.042822,0.016401,0.61014,298.92,1,1
29_A5,tier0_canopy_mid,0,300,0.6,2.15,0.675,0.58996,0.037785,0.016409,0.5914,298.93,1,1
29_A5,tier0_canopy_mid,0,300,0.55,2.2,0.675,0.59013,0.050654,0.019954,0.59264,298.927,1,1
29_A5,tier0_canopy_mid,0,300,0.6,2.2,0.675,0.57266,0.044224,0.019891,0.57471,298.937,1,1
29_A5,tier0_canopy_mid,0,300,0.65,2.15,0.675,0.57316,0.032403,0.016286,0.57431,298.939,1,1
29_A5,tier0_canopy_mid,0,300,0.7,2.15,0.675,0.55825,0.026355,0.016031,0.5591,298.949,1,1
29_A5,tier0_canopy_mid,0,300,0.65,2.2,0.675,0.55641,0.037359,0.019741,0.55802,298.947,1,1
29_A5,tier0_canopy_mid,0,300,0.7,2.2,0.675,0.54152,0.029688,0.019515,0.54269,298.957,1,1
29_A5,tier0_canopy_mid,0,300,0.75,2.15,0.675,0.54555,0.019175,0.015656,0.54611,298.958,1,1
29_A5,tier0_canopy_mid,0,300,0.8,2.15,0.675,0.5355,0.01018,0.015214,0.53581,298.967,1,1
29_A5,tier0_canopy_mid,0,300,0.75,2.2,0.675,0.52813,0.020663,0.019244,0.52889,298.967,1,1
29_A5,tier0_canopy_mid,0,300,0.8,2.2,0.675,0.51645,0.009466,0.018996,0.51688,298.977,1,1
29_A5,tier0_canopy_mid,0,300,0.85,2.15,0.675,0.52872,-0.0015925,0.014837,0.52893,298.977,1,1
29_A5,tier0_canopy_mid,0,300,0.9,2.15,0.675,0.52606,-0.017434,0.014786,0.52656,298.987,1,1
29_A5,tier0_canopy_mid,0,300,0.85,2.2,0.675,0.50677,-0.0051089,0.018917,0.50714,298.988,1,1
29_A5,tier0_canopy_mid,0,300,0.9,2.2,0.675,0.49967,-0.024773,0.01925,0.50065,298.999,1,1
29_A5,tier0_canopy_mid,0,300,0.95,2.15,0.675,0.52864,-0.038929,0.015538,0.5303,298.997,1,1
29_A5,tier0_canopy_mid,0,300,1.0,2.15,0.675,0.5375,-0.067639,0.018002,0.54204,299.009,1,1
29_A5,tier0_canopy_mid,0,300,0.95,2.2,0.675,0.49629,-0.051695,0.020402,0.49939,299.012,1,1
29_A5,tier0_canopy_mid,0,300,1.0,2.2,0.675,0.49824,-0.087505,0.022985,0.50639,299.026,1,1
29_A5,tier0_canopy_mid,0,300,0.4,2.25,0.675,0.6201,0.076851,0.023943,0.6253,298.906,1,1
29_A5,tier0_canopy_mid,0,300,0.4,2.3,0.675,0.5885,0.07984,0.029063,0.5946,298.919,1,1
29_A5,tier0_canopy_mid,0,300,0.45,2.25,0.675,0.60167,0.069585,0.023992,0.60615,298.916,1,1
29_A5,tier0_canopy_mid,0,300,0.5,2.25,0.675,0.58389,0.062416,0.023973,0.58771,298.927,1,1
29_A5,tier0_canopy_mid,0,300,0.45,2.3,0.675,0.57227,0.072037,0.02892,0.57751,298.929,1,1
29_A5,tier0_canopy_mid,0,300,0.5,2.3,0.675,0.55641,0.064311,0.028736,0.56085,298.94,1,1
29_A5,tier0_canopy_mid,0,300,0.55,2.25,0.675,0.56683,0.055221,0.023889,0.57001,298.937,1,1
29_A5,tier0_canopy_mid,0,300,0.6,2.25,0.675,0.55052,0.047826,0.023749,0.55311,298.948,1,1
29_A5,tier0_canopy_mid,0,300,0.55,2.3,0.675,0.54097,0.056557,0.028518,0.54467,298.951,1,1
29_A5,tier0_canopy_mid,0,300,0.6,2.3,0.675,0.52596,0.048627,0.028279,0.52896,298.962,1,1
29_A5,tier0_canopy_mid,0,300,0.65,2.25,0.675,0.535,0.039981,0.023565,0.53701,298.958,1,1
29_A5,tier0_canopy_mid,0,300,0.7,2.25,0.675,0.52025,0.031315,0.023356,0.52172,298.969,1,1
29_A5,tier0_canopy_mid,0,300,0.65,2.3,0.675,0.51133,0.040315,0.028034,0.51369,298.973,1,1
29_A5,tier0_canopy_mid,0,300,0.7,2.3,0.675,0.49695,0.031326,0.027808,0.49871,298.984,1,1
29_A5,tier0_canopy_mid,0,300,0.75,2.25,0.675,0.50621,0.02127,0.023166,0.50719,298.98,1,1
29_A5,tier0_canopy_mid,0,300,0.8,2.25,0.675,0.49275,0.0089762,0.023068,0.49337,298.991,1,1
29_A5,tier0_canopy_mid,0,300,0.75,2.3,0.675,0.48252,0.021214,0.027643,0.48378,298.996,1,1
29_A5,tier0_canopy_mid,0,300,0.8,2.3,0.675,0.4675,0.0092627,0.027598,0.46841,299.007,1,1
29_A5,tier0_canopy_mid,0,300,0.85,2.25,0.675,0.47968,-0.0069557,0.023197,0.48029,299.002,1,1
29_A5,tier0_canopy_mid,0,300,0.9,2.25,0.675,0.46702,-0.02878,0.023781,0.46851,299.015,1,1
29_A5,tier0_canopy_mid,0,300,0.85,2.3,0.675,0.45099,-0.0057563,0.027752,0.45188,299.02,1,1
29_A5,tier0_canopy_mid,0,300,0.9,2.3,0.675,0.43149,-0.026055,0.028223,0.4332,299.033,1,1
29_A5,tier0_canopy_mid,0,300,0.95,2.25,0.675,0.45572,-0.060062,0.025154,0.46035,299.029,1,1
29_A5,tier0_canopy_mid,0,300,1.0,2.25,0.675,0.44926,-0.10544,0.027446,0.46228,299.046,1,1
29_A5,tier0_canopy_mid,0,300,0.95,2.3,0.675,0.40664,-0.055764,0.029161,0.41148,299.047,1,1
29_A5,tier0_canopy_mid,0,300,1.0,2.3,0.675,0.3721,-0.10242,0.02949,0.38707,299.062,1,1
29_A5,tier0_canopy_mid,0,300,0.4,2.35,0.675,0.55836,0.077785,0.035477,0.56487,298.933,1,1
29_A5,tier0_canopy_mid,0,300,0.4,2.4,0.675,0.54451,0.072578,0.044184,0.55109,298.923,1,1
29_A5,tier0_canopy_mid,0,300,0.35,2.4,0.675,0.5555,0.080594,0.044884,0.56311,298.915,1,1
29_A5,tier0_canopy_mid,0,300,0.45,2.35,0.675,0.54439,0.069784,0.035088,0.54996,298.943,1,1
29_A5,tier0_canopy_mid,0,300,0.5,2.35,0.675,0.53058,0.061837,0.034693,0.53529,298.954,1,1
29_A5,tier0_canopy_mid,0,300,0.45,2.4,0.675,0.53347,0.064634,0.043526,0.53913,298.932,1,1
29_A5,tier0_canopy_mid,0,300,0.5,2.4,0.675,0.52247,0.056715,0.042925,0.52729,298.941,1,1
29_A5,tier0_canopy_mid,0,300,0.55,2.35,0.675,0.51697,0.053862,0.034301,0.52089,298.964,1,1
29_A5,tier0_canopy_mid,0,300,0.6,2.35,0.675,0.50354,0.045754,0.033924,0.50675,298.975,1,1
29_A5,tier0_canopy_mid,0,300,0.55,2.4,0.675,0.51153,0.048766,0.042391,0.5156,298.949,1,1
29_A5,tier0_canopy_mid,0,300,0.6,2.4,0.675,0.50067,0.040732,0.041929,0.50407,298.958,1,1
29_A5,tier0_canopy_mid,0,300,0.65,2.35,0.675,0.49023,0.037385,0.033572,0.4928,298.986,1,1
29_A5,tier0_canopy_mid,0,300,0.7,2.35,0.675,0.47683,0.028597,0.033258,0.47884,298.997,1,1
29_A5,tier0_canopy_mid,0,300,0.65,2.4,0.675,0.48983,0.032565,0.041536,0.49266,298.965,1,1
29_A5,tier0_canopy_mid,0,300,0.7,2.4,0.675,0.47885,0.024248,0.041192,0.48123,298.973,1,1
29_A5,tier0_canopy_mid,0,300,0.75,2.35,0.675,0.46292,0.019191,0.033001,0.46449,299.008,1,1
29_A5,tier0_canopy_mid,0,300,0.8,2.35,0.675,0.44773,0.0089232,0.032824,0.44902,299.019,1,1
29_A5,tier0_canopy_mid,0,300,0.75,2.4,0.675,0.46744,0.015835,0.040854,0.46949,298.98,1,1
29_A5,tier0_canopy_mid,0,300,0.8,2.4,0.675,0.45503,0.0075623,0.040431,0.45689,298.986,1,1
29_A5,tier0_canopy_mid,0,300,0.85,2.35,0.675,0.42979,-0.0025227,0.032728,0.43105,299.03,1,1
29_A5,tier0_canopy_mid,0,300,0.9,2.35,0.675,0.40633,-0.015624,0.032704,0.40795,299.041,1,1
29_A5,tier0_canopy_mid,0,300,0.85,2.4,0.675,0.44058,7.8908e-05,0.039758,0.44237,298.991,1,1
29_A5,tier0_canopy_mid,0,300,0.9,2.4,0.675,0.42225,-0.0051952,0.038645,0.42405,298.996,1,1
29_A5,tier0_canopy_mid,0,300,0.95,2.35,0.675,0.37157,-0.031196,0.032676,0.3743,299.052,1,1
29_A5,tier0_canopy_mid,0,300,1.0,2.35,0.675,0.31216,-0.05031,0.030399,0.31764,299.064,1,1
29_A5,tier0_canopy_mid,0,300,0.95,2.4,0.675,0.39681,-0.0053205,0.036925,0.39856,299,1,1
29_A5,tier0_canopy_mid,0,300,1.0,2.4,0.675,0.35865,0.0055476,0.03331,0.36023,299.007,1,1
29_A5,tier0_canopy_mid,0,300,1.05,2.1,0.675,0.59717,-0.074384,0.021046,0.60215,299.01,1,1
29_A5,tier0_canopy_mid,0,300,1.1,2.1,0.675,0.63558,-0.11646,0.038949,0.64734,299.028,1,1
29_A5,tier0_canopy_mid,0,300,1.15,2.1,0.675,0.68961,-0.18622,0.082135,0.71901,299.055,1,1
29_A5,tier0_canopy_mid,0,300,1.2,2.1,0.675,0.69149,-0.3413,0.18252,0.79244,299.06,1,1
29_A5,tier0_canopy_mid,0,300,1.05,2.15,0.675,0.55339,-0.1043,0.023679,0.56363,299.025,1,1
29_A5,tier0_canopy_mid,0,300,1.0,2.15,0.675,0.5375,-0.067639,0.018002,0.54204,299.009,1,1
29_A5,tier0_canopy_mid,0,300,1.1,2.15,0.675,0.57024,-0.14283,0.035594,0.58893,299.045,1,1
29_A5,tier0_canopy_mid,0,300,1.05,2.2,0.675,0.50782,-0.13025,0.027312,0.52497,299.045,1,1
29_A5,tier0_canopy_mid,0,300,1.1,2.2,0.675,0.51733,-0.14665,0.035655,0.53889,299.069,1,1
29_A5,tier0_canopy_mid,0,300,1.15,2.15,0.675,0.56963,-0.19542,0.060242,0.60523,299.072,1,1
29_A5,tier0_canopy_mid,0,300,1.2,2.15,0.675,0.51797,-0.30766,0.10444,0.61144,299.082,1,1
29_A5,tier0_canopy_mid,0,300,1.15,2.2,0.675,0.49522,-0.15205,0.052185,0.52066,299.099,1,1
29_A5,tier0_canopy_mid,0,300,1.2,2.2,0.675,0.41987,-0.1954,0.078178,0.46967,299.105,1,1
29_A5,tier0_canopy_mid,0,300,1.05,2.25,0.675,0.45418,-0.17273,0.028925,0.48677,299.07,1,1
29_A5,tier0_canopy_mid,0,300,1.0,2.25,0.675,0.44926,-0.10544,0.027446,0.46228,299.046,1,1
29_A5,tier0_canopy_mid,0,300,1.1,2.25,0.675,0.47154,-0.18098,0.035795,0.50635,299.102,1,1
29_A5,tier0_canopy_mid,0,300,1.05,2.3,0.675,0.33668,-0.19121,0.023622,0.38791,299.093,1,1
29_A5,tier0_canopy_mid,0,300,1.1,2.3,0.675,0,0,0,0,302,1,1
29_A5,tier0_canopy_mid,0,300,1.15,2.25,0.675,0.43014,-0.13554,0.05321,0.45412,299.143,1,1
29_A5,tier0_canopy_mid,0,300,1.2,2.25,0.675,0.30804,-0.12218,0.081755,0.34132,299.129,1,1
29_A5,tier0_canopy_mid,0,300,1.15,2.3,0.675,-9.7885e-17,3.107e-17,-1.3718e-17,1.0361e-16,302,1,1
29_A5,tier0_canopy_mid,0,300,1.2,2.3,0.675,0,0,0,0,302,1,1
29_A5,tier0_canopy_mid,0,300,1.05,2.35,0.675,0.23734,-0.07115,0.017486,0.24839,299.099,1,1
29_A5,tier0_canopy_mid,0,300,1.1,2.35,0.675,0,0,0,0,302,1,1
29_A5,tier0_canopy_mid,0,300,1.05,2.4,0.675,0.31588,0.052297,0.022807,0.32099,299.035,1,1
29_A5,tier0_canopy_mid,0,300,1.1,2.4,0.675,0,0,0,0,302,1,1
29_A5,tier0_canopy_mid,0,300,1.2,2.35,0.675,0,0,0,0,302,1,1
29_A5,tier0_canopy_mid,0,300,1.2,2.4,0.675,0,0,0,0,302,1,1
29_A5,tier0_canopy_mid,0,300,1.15,2.4,0.675,0,0,0,0,302,1,1
29_A5,tier0_canopy_top,0,300,-1.05,1.6,0.8,0.062997,0.16524,0.039745,0.18125,298.691,1,1
29_A5,tier0_canopy_top,0,300,-1.1,1.6,0.8,0,0,0,0,302,1,1
29_A5,tier0_canopy_top,0,300,-1.05,1.65,0.8,0.022204,0.1852,0.032565,0.18935,298.718,1,1
29_A5,tier0_canopy_top,0,300,-1.1,1.65,0.8,0,0,0,0,302,1,1
29_A5,tier0_canopy_top,0,300,-1.2,1.7,0.8,5.9839e-19,2.2995e-17,-2.6125e-17,3.4808e-17,302,1,1
29_A5,tier0_canopy_top,0,300,-1.2,1.75,0.8,0.060705,0.2048,-0.093845,0.23331,298.885,1,1
29_A5,tier0_canopy_top,0,300,-1.15,1.7,0.8,0,0,0,0,302,1,1
29_A5,tier0_canopy_top,0,300,-1.15,1.75,0.8,0.0026949,0.10356,-0.11765,0.15676,298.986,1,1
29_A5,tier0_canopy_top,0,300,-1.05,1.7,0.8,-0.0059059,0.17984,0.0091192,0.18017,298.744,1,1
29_A5,tier0_canopy_top,0,300,-1.1,1.7,0.8,0,0,0,0,302,1,1
29_A5,tier0_canopy_top,0,300,-1.1,1.75,0.8,-0.03199,0.11068,-0.075206,0.13759,298.912,1,1
29_A5,tier0_canopy_top,0,300,-1.05,1.75,0.8,0.0078339,0.15081,-0.032897,0.15455,298.784,1,1
29_A5,tier0_canopy_top,0,300,-1.15,1.8,0.8,0.080995,0.1278,-0.14227,0.20769,298.951,1,1
29_A5,tier0_canopy_top,0,300,-1.2,1.8,0.8,0.07217,0.22268,-0.11584,0.26118,298.871,1,1
29_A5,tier0_canopy_top,0,300,-1.2,1.85,0.8,0.25935,0.14619,-0.18849,0.35237,298.846,1,1
29_A5,tier0_canopy_top,0,300,-1.15,1.85,0.8,0.32963,0.074835,-0.20187,0.39372,298.901,1,1
29_A5,tier0_canopy_top,0,300,-1.05,1.8,0.8,0.12569,0.10363,-0.089432,0.18584,298.845,1,1
29_A5,tier0_canopy_top,0,300,-1.1,1.8,0.8,0.086471,0.1011,-0.12268,0.18097,298.922,1,1
29_A5,tier0_canopy_top,0,300,-1.1,1.85,0.8,0.37105,0.046095,-0.18701,0.41806,298.905,1,1
29_A5,tier0_canopy_top,0,300,-1.05,1.85,0.8,0.4119,0.030906,-0.15781,0.44217,298.877,1,1
29_A5,tier0_canopy_top,0,300,-1.15,1.9,0.8,1.0521,0.029472,-0.3119,1.0978,298.834,1,1
29_A5,tier0_canopy_top,0,300,-1.2,1.9,0.8,1.0787,0.11232,-0.37168,1.1465,298.8,1,1
29_A5,tier0_canopy_top,0,300,-1.2,1.95,0.8,2.0156,0.14245,-0.5217,2.0869,298.756,1,1
29_A5,tier0_canopy_top,0,300,-1.15,1.95,0.8,1.8802,0.06373,-0.39003,1.9213,298.776,1,1
29_A5,tier0_canopy_top,0,300,-1.05,1.9,0.8,0.96305,-0.018064,-0.22418,0.98897,298.855,1,1
29_A5,tier0_canopy_top,0,300,-1.1,1.9,0.8,1.0064,-0.00083486,-0.26602,1.041,298.852,1,1
29_A5,tier0_canopy_top,0,300,-1.1,1.95,0.8,1.7277,0.025984,-0.31553,1.7564,298.794,1,1
29_A5,tier0_canopy_top,0,300,-1.05,1.95,0.8,1.5824,0.0030591,-0.26279,1.604,298.808,1,1
29_A5,tier0_canopy_top,0,300,-1.15,2.0,0.8,2.2358,0.066871,-0.4051,2.2732,298.729,1,1
29_A5,tier0_canopy_top,0,300,-1.2,2.0,0.8,2.3573,0.082502,-0.54593,2.4211,298.714,1,1
29_A5,tier0_canopy_top,0,300,-1.2,2.05,0.8,2.1974,0.0092933,-0.52764,2.2599,298.662,1,1
29_A5,tier0_canopy_top,0,300,-1.15,2.05,0.8,2.073,0.062377,-0.39629,2.1114,298.68,1,1
29_A5,tier0_canopy_top,0,300,-1.05,2.0,0.8,1.9015,0.043793,-0.27377,1.9216,298.759,1,1
29_A5,tier0_canopy_top,0,300,-1.1,2.0,0.8,2.0726,0.05458,-0.32736,2.099,298.745,1,1
29_A5,tier0_canopy_top,0,300,-1.1,2.05,0.8,1.9228,0.078702,-0.32078,1.951,298.699,1,1
29_A5,tier0_canopy_top,0,300,-1.05,2.05,0.8,1.7726,0.082543,-0.26842,1.7947,298.717,1,1
29_A5,tier0_canopy_top,0,300,-1.2,1.6,0.8,0,0,0,0,302,1,1
29_A5,tier0_canopy_top,0,300,-1.15,1.6,0.8,0,0,0,0,302,1,1
29_A5,tier0_canopy_top,0,300,-1.0,1.6,0.8,0.042454,0.16089,0.039186,0.17094,298.652,1,1
29_A5,tier0_canopy_top,0,300,-1.2,1.65,0.8,0,0,0,0,302,1,1
29_A5,tier0_canopy_top,0,300,-1.0,1.65,0.8,0.019596,0.17728,0.027616,0.18048,298.665,1,1
29_A5,tier0_canopy_top,0,300,-1.0,1.7,0.8,0.012597,0.17384,0.006176,0.1744,298.689,1,1
29_A5,tier0_canopy_top,0,300,-1.0,1.75,0.8,0.047199,0.14374,-0.027704,0.15381,298.736,1,1
29_A5,tier0_canopy_top,0,300,-1.0,1.8,0.8,0.17656,0.089059,-0.074676,0.21138,298.803,1,1
29_A5,tier0_canopy_top,0,300,-1.0,1.85,0.8,0.45413,0.016467,-0.1332,0.47355,298.852,1,1
29_A5,tier0_canopy_top,0,300,-1.0,1.9,0.8,0.93098,-0.029455,-0.18863,0.95036,298.852,1,1
29_A5,tier0_canopy_top,0,300,-1.0,1.95,0.8,1.4612,-0.011884,-0.22174,1.478,298.817,1,1
29_A5,tier0_canopy_top,0,300,-1.0,2.0,0.8,1.749,0.034422,-0.23307,1.7647,298.772,1,1
29_A5,tier0_canopy_top,0,300,-1.0,2.05,0.8,1.6416,0.080586,-0.22926,1.6595,298.734,1,1
29_A5,tier0_canopy_top,0,300,-0.95,1.6,0.8,0.04326,0.1503,0.037788,0.1609,298.642,1,1
29_A5,tier0_canopy_top,0,300,-0.95,1.65,0.8,0.035594,0.1597,0.023465,0.1653,298.657,1,1
29_A5,tier0_canopy_top,0,300,-1.0,1.65,0.8,0.019596,0.17728,0.027616,0.18048,298.665,1,1
29_A5,tier0_canopy_top,0,300,-0.85,1.6,0.8,0.061328,0.11527,0.037306,0.1358,298.651,1,1
29_A5,tier0_canopy_top,0,300,-0.9,1.6,0.8,0.047998,0.13442,0.037053,0.14747,298.643,1,1
29_A5,tier0_canopy_top,0,300,-0.9,1.65,0.8,0.0508,0.13701,0.019851,0.14747,298.663,1,1
29_A5,tier0_canopy_top,0,300,-0.85,1.65,0.8,0.073668,0.11114,0.016955,0.13441,298.675,1,1
29_A5,tier0_canopy_top,0,300,-0.75,1.6,0.8,0.10982,0.068563,0.038484,0.13506,298.68,1,1
29_A5,tier0_canopy_top,0,300,-0.8,1.6,0.8,0.082607,0.093053,0.038034,0.13011,298.664,1,1
29_A5,tier0_canopy_top,0,300,-0.8,1.65,0.8,0.10213,0.083191,0.014583,0.13253,298.691,1,1
29_A5,tier0_canopy_top,0,300,-0.75,1.65,0.8,0.13406,0.054809,0.012538,0.14538,298.708,1,1
29_A5,tier0_canopy_top,0,300,-0.65,1.6,0.8,0.17138,0.018451,0.036165,0.17612,298.714,1,1
29_A5,tier0_canopy_top,0,300,-0.7,1.6,0.8,0.14024,0.043189,0.037958,0.15157,298.697,1,1
29_A5,tier0_canopy_top,0,300,-0.7,1.65,0.8,0.16731,0.027593,0.010513,0.16989,298.725,1,1
29_A5,tier0_canopy_top,0,300,-0.65,1.65,0.8,0.19991,0.0028533,0.0085455,0.20011,298.742,1,1
29_A5,tier0_canopy_top,0,300,-0.55,1.6,0.8,0.22891,-0.024622,0.029993,0.23217,298.746,1,1
29_A5,tier0_canopy_top,0,300,-0.6,1.6,0.8,0.20122,-0.0043837,0.033388,0.20402,298.731,1,1
29_A5,tier0_canopy_top,0,300,-0.6,1.65,0.8,0.23081,-0.018798,0.006731,0.23167,298.757,1,1
29_A5,tier0_canopy_top,0,300,-0.55,1.65,0.8,0.25961,-0.037251,0.0050553,0.26231,298.772,1,1
29_A5,tier0_canopy_top,0,300,-0.45,1.6,0.8,0.27745,-0.056622,0.022753,0.28408,298.773,1,1
29_A5,tier0_canopy_top,0,300,-0.5,1.6,0.8,0.25433,-0.042035,0.026327,0.25912,298.761,1,1
29_A5,tier0_canopy_top,0,300,-0.5,1.65,0.8,0.28598,-0.052557,0.0036298,0.29079,298.784,1,1
29_A5,tier0_canopy_top,0,300,-0.45,1.65,0.8,0.30985,-0.065024,0.0024912,0.31661,298.795,1,1
29_A5,tier0_canopy_top,0,300,-0.35,1.6,0.8,0.31738,-0.078467,0.016411,0.32735,298.794,1,1
29_A5,tier0_canopy_top,0,300,-0.4,1.6,0.8,0.29844,-0.068652,0.01942,0.30685,298.784,1,1
29_A5,tier0_canopy_top,0,300,-0.4,1.65,0.8,0.33126,-0.075078,0.0016202,0.33967,298.804,1,1
29_A5,tier0_canopy_top,0,300,-0.35,1.65,0.8,0.35028,-0.083105,0.00098888,0.36,298.81,1,1
29_A5,tier0_canopy_top,0,300,-0.95,1.7,0.8,0.041384,0.15037,0.0011313,0.15597,298.685,1,1
29_A5,tier0_canopy_top,0,300,-0.95,1.75,0.8,0.090033,0.11757,-0.02906,0.15091,298.731,1,1
29_A5,tier0_canopy_top,0,300,-1.0,1.75,0.8,0.047199,0.14374,-0.027704,0.15381,298.736,1,1
29_A5,tier0_canopy_top,0,300,-0.85,1.7,0.8,0.10288,0.091508,-0.0080827,0.13792,298.707,1,1
29_A5,tier0_canopy_top,0,300,-0.9,1.7,0.8,0.069273,0.12219,-0.0039318,0.14052,298.693,1,1
29_A5,tier0_canopy_top,0,300,-0.9,1.75,0.8,0.13204,0.087488,-0.03148,0.16149,298.738,1,1
29_A5,tier0_canopy_top,0,300,-0.85,1.75,0.8,0.17632,0.056385,-0.033516,0.18812,298.751,1,1
29_A5,tier0_canopy_top,0,300,-0.75,1.7,0.8,0.17819,0.031159,-0.013195,0.18137,298.741,1,1
29_A5,tier0_canopy_top,0,300,-0.8,1.7,0.8,0.13979,0.060474,-0.011222,0.15272,298.724,1,1
29_A5,tier0_canopy_top,0,300,-0.8,1.75,0.8,0.22055,0.026919,-0.034653,0.22487,298.766,1,1
29_A5,tier0_canopy_top,0,300,-0.75,1.75,0.8,0.26315,0.00082972,-0.034551,0.26541,298.781,1,1
29_A5,tier0_canopy_top,0,300,-0.65,1.7,0.8,0.2515,-0.01753,-0.014438,0.25253,298.773,1,1
29_A5,tier0_canopy_top,0,300,-0.7,1.7,0.8,0.21585,0.0049762,-0.014188,0.21637,298.758,1,1
29_A5,tier0_canopy_top,0,300,-0.7,1.75,0.8,0.30277,-0.021232,-0.033435,0.30535,298.795,1,1
29_A5,tier0_canopy_top,0,300,-0.65,1.75,0.8,0.33876,-0.039356,-0.031631,0.34251,298.808,1,1
29_A5,tier0_canopy_top,0,300,-0.55,1.7,0.8,0.31447,-0.051788,-0.013655,0.319,298.799,1,1
29_A5,tier0_canopy_top,0,300,-0.6,1.7,0.8,0.28454,-0.036388,-0.014221,0.28721,298.787,1,1
29_A5,tier0_canopy_top,0,300,-0.6,1.75,0.8,0.37063,-0.053852,-0.029377,0.37568,298.818,1,1
29_A5,tier0_canopy_top,0,300,-0.55,1.75,0.8,0.3983,-0.065194,-0.026822,0.40449,298.825,1,1
29_A5,tier0_canopy_top,0,300,-0.45,1.7,0.8,0.36475,-0.073883,-0.01173,0.37234,298.816,1,1
29_A5,tier0_canopy_top,0,300,-0.5,1.7,0.8,0.34117,-0.064112,-0.012791,0.34738,298.809,1,1
29_A5,tier0_canopy_top,0,300,-0.5,1.75,0.8,0.4221,-0.073988,-0.02412,0.42922,298.83,1,1
29_A5,tier0_canopy_top,0,300,-0.45,1.75,0.8,0.44235,-0.080748,-0.02138,0.45017,298.832,1,1
29_A5,tier0_canopy_top,0,300,-0.35,1.7,0.8,0.40315,-0.08751,-0.0092675,0.41264,298.824,1,1
29_A5,tier0_canopy_top,0,300,-0.4,1.7,0.8,0.38535,-0.081562,-0.010537,0.39403,298.821,1,1
29_A5,tier0_canopy_top,0,300,-0.4,1.75,0.8,0.45936,-0.085864,-0.018679,0.46769,298.833,1,1
29_A5,tier0_canopy_top,0,300,-0.35,1.75,0.8,0.47344,-0.089628,-0.01607,0.48212,298.833,1,1
29_A5,tier0_canopy_top,0,300,-0.95,1.8,0.8,0.22785,0.064521,-0.067656,0.24629,298.791,1,1
29_A5,tier0_canopy_top,0,300,-1.0,1.8,0.8,0.17656,0.089059,-0.074676,0.21138,298.803,1,1
29_A5,tier0_canopy_top,0,300,-0.95,1.85,0.8,0.4922,0.0015048,-0.1148,0.50541,298.839,1,1
29_A5,tier0_canopy_top,0,300,-0.85,1.8,0.8,0.32106,0.013155,-0.059749,0.32684,298.799,1,1
29_A5,tier0_canopy_top,0,300,-0.9,1.8,0.8,0.2758,0.038556,-0.063142,0.28555,298.792,1,1
29_A5,tier0_canopy_top,0,300,-0.9,1.85,0.8,0.52454,-0.013265,-0.10044,0.53424,298.834,1,1
29_A5,tier0_canopy_top,0,300,-0.85,1.85,0.8,0.55211,-0.027687,-0.089034,0.55992,298.835,1,1
29_A5,tier0_canopy_top,0,300,-0.75,1.8,0.8,0.40154,-0.029272,-0.053192,0.40611,298.819,1,1
29_A5,tier0_canopy_top,0,300,-0.8,1.8,0.8,0.36313,-0.0098135,-0.056629,0.36765,298.809,1,1
29_A5,tier0_canopy_top,0,300,-0.8,1.85,0.8,0.57619,-0.040878,-0.079777,0.58313,298.839,1,1
29_A5,tier0_canopy_top,0,300,-0.75,1.85,0.8,0.59712,-0.051931,-0.071721,0.60365,298.844,1,1
29_A5,tier0_canopy_top,0,300,-0.65,1.8,0.8,0.46497,-0.057425,-0.045254,0.47068,298.836,1,1
29_A5,tier0_canopy_top,0,300,-0.7,1.8,0.8,0.43562,-0.045055,-0.049389,0.44072,298.829,1,1
29_A5,tier0_canopy_top,0,300,-0.7,1.85,0.8,0.61433,-0.060574,-0.06435,0.62065,298.847,1,1
29_A5,tier0_canopy_top,0,300,-0.65,1.85,0.8,0.62782,-0.067083,-0.057418,0.634,298.849,1,1
29_A5,tier0_canopy_top,0,300,-0.55,1.8,0.8,0.50996,-0.074021,-0.036571,0.5166,298.842,1,1
29_A5,tier0_canopy_top,0,300,-0.6,1.8,0.8,0.4896,-0.066878,-0.040925,0.49584,298.84,1,1
29_A5,tier0_canopy_top,0,300,-0.6,1.85,0.8,0.63793,-0.071885,-0.050897,0.64398,298.849,1,1
29_A5,tier0_canopy_top,0,300,-0.55,1.85,0.8,0.64501,-0.075355,-0.044823,0.65094,298.847,1,1
29_A5,tier0_canopy_top,0,300,-0.45,1.8,0.8,0.53971,-0.083269,-0.028277,0.54683,298.841,1,1
29_A5,tier0_canopy_top,0,300,-0.5,1.8,0.8,0.52652,-0.07936,-0.032325,0.53345,298.842,1,1
29_A5,tier0_canopy_top,0,300,-0.5,1.85,0.8,0.64943,-0.077771,-0.039226,0.65525,298.844,1,1
29_A5,tier0_canopy_top,0,300,-0.45,1.85,0.8,0.65157,-0.079329,-0.034108,0.65727,298.84,1,1
29_A5,tier0_canopy_top,0,300,-0.35,1.8,0.8,0.55757,-0.087793,-0.02092,0.56483,298.835,1,1
29_A5,tier0_canopy_top,0,300,-0.4,1.8,0.8,0.54994,-0.086016,-0.02447,0.55716,298.838,1,1
29_A5,tier0_canopy_top,0,300,-0.4,1.85,0.8,0.65173,-0.080167,-0.029438,0.65731,298.836,1,1
29_A5,tier0_canopy_top,0,300,-0.35,1.85,0.8,0.65021,-0.080386,-0.025168,0.65564,298.831,1,1
29_A5,tier0_canopy_top,0,300,-0.95,1.9,0.8,0.9063,-0.03712,-0.16001,0.92106,298.848,1,1
29_A5,tier0_canopy_top,0,300,-1.0,1.9,0.8,0.93098,-0.029455,-0.18863,0.95036,298.852,1,1
29_A5,tier0_canopy_top,0,300,-0.95,1.95,0.8,1.3602,-0.021346,-0.18897,1.3735,298.822,1,1
29_A5,tier0_canopy_top,0,300,-0.85,1.9,0.8,0.86832,-0.048969,-0.1178,0.87764,298.845,1,1
29_A5,tier0_canopy_top,0,300,-0.9,1.9,0.8,0.8857,-0.043233,-0.13675,0.89724,298.845,1,1
29_A5,tier0_canopy_top,0,300,-0.9,1.95,0.8,1.2742,-0.027902,-0.16156,1.2847,298.826,1,1
29_A5,tier0_canopy_top,0,300,-0.85,1.95,0.8,1.2009,-0.032971,-0.13842,1.2093,298.829,1,1
29_A5,tier0_canopy_top,0,300,-0.75,1.9,0.8,0.84062,-0.058285,-0.089548,0.84739,298.847,1,1
29_A5,tier0_canopy_top,0,300,-0.8,1.9,0.8,0.8536,-0.054129,-0.1024,0.86142,298.846,1,1
29_A5,tier0_canopy_top,0,300,-0.8,1.95,0.8,1.1388,-0.036804,-0.11934,1.1457,298.831,1,1
29_A5,tier0_canopy_top,0,300,-0.75,1.95,0.8,1.0856,-0.039572,-0.10356,1.0913,298.832,1,1
29_A5,tier0_canopy_top,0,300,-0.65,1.9,0.8,0.8167,-0.063694,-0.068838,0.82207,298.846,1,1
29_A5,tier0_canopy_top,0,300,-0.7,1.9,0.8,0.82852,-0.061413,-0.07852,0.83449,298.847,1,1
29_A5,tier0_canopy_top,0,300,-0.7,1.95,0.8,1.0393,-0.041584,-0.090208,1.0441,298.832,1,1
29_A5,tier0_canopy_top,0,300,-0.65,1.95,0.8,0.99844,-0.043078,-0.078688,1.0025,298.83,1,1
29_A5,tier0_canopy_top,0,300,-0.55,1.9,0.8,0.79289,-0.066319,-0.052639,0.7974,298.84,1,1
29_A5,tier0_canopy_top,0,300,-0.6,1.9,0.8,0.80487,-0.065291,-0.060258,0.80976,298.844,1,1
29_A5,tier0_canopy_top,0,300,-0.6,1.95,0.8,0.96194,-0.044161,-0.06866,0.9654,298.827,1,1
29_A5,tier0_canopy_top,0,300,-0.55,1.95,0.8,0.929,-0.044888,-0.059887,0.93201,298.823,1,1
29_A5,tier0_canopy_top,0,300,-0.45,1.9,0.8,0.76827,-0.066987,-0.039821,0.77221,298.831,1,1
29_A5,tier0_canopy_top,0,300,-0.5,1.9,0.8,0.78068,-0.066864,-0.045863,0.78488,298.836,1,1
29_A5,tier0_canopy_top,0,300,-0.5,1.95,0.8,0.89894,-0.045299,-0.052174,0.9016,298.818,1,1
29_A5,tier0_canopy_top,0,300,-0.45,1.95,0.8,0.87129,-0.045419,-0.045346,0.87365,298.813,1,1
29_A5,tier0_canopy_top,0,300,-0.35,1.9,0.8,0.74293,-0.066107,-0.029485,0.74645,298.82,1,1
29_A5,tier0_canopy_top,0,300,-0.4,1.9,0.8,0.75567,-0.066725,-0.034398,0.75939,298.825,1,1
29_A5,tier0_canopy_top,0,300,-0.4,1.95,0.8,0.84566,-0.045261,-0.039241,0.84778,298.808,1,1
29_A5,tier0_canopy_top,0,300,-0.35,1.95,0.8,0.82176,-0.044836,-0.033712,0.82367,298.802,1,1
29_A5,tier0_canopy_top,0,300,-0.95,2.0,0.8,1.6152,0.02631,-0.20068,1.6278,298.783,1,1
29_A5,tier0_canopy_top,0,300,-0.95,2.05,0.8,1.5277,0.07506,-0.19802,1.5423,298.747,1,1
29_A5,tier0_canopy_top,0,300,-0.85,2.0,0.8,1.3957,0.012114,-0.14768,1.4035,298.798,1,1
29_A5,tier0_canopy_top,0,300,-0.9,2.0,0.8,1.4976,0.018901,-0.17249,1.5076,298.792,1,1
29_A5,tier0_canopy_top,0,300,-0.9,2.05,0.8,1.4275,0.067893,-0.16982,1.4392,298.758,1,1
29_A5,tier0_canopy_top,0,300,-0.85,2.05,0.8,1.3409,0.060348,-0.1443,1.3499,298.766,1,1
29_A5,tier0_canopy_top,0,300,-0.75,2.0,0.8,1.2325,0.0012301,-0.10996,1.2374,298.804,1,1
29_A5,tier0_canopy_top,0,300,-0.8,2.0,0.8,1.3082,0.0062206,-0.12698,1.3143,298.802,1,1
29_A5,tier0_canopy_top,0,300,-0.8,2.05,0.8,1.2661,0.052922,-0.12297,1.2732,298.771,1,1
29_A5,tier0_canopy_top,0,300,-0.75,2.05,0.8,1.2006,0.045796,-0.10557,1.2062,298.773,1,1
29_A5,tier0_canopy_top,0,300,-0.65,2.0,0.8,1.108,-0.0066865,-0.083225,1.1111,298.804,1,1
29_A5,tier0_canopy_top,0,300,-0.7,2.0,0.8,1.1663,-0.0030313,-0.095604,1.1702,298.805,1,1
29_A5,tier0_canopy_top,0,300,-0.7,2.05,0.8,1.1423,0.03914,-0.090975,1.1466,298.774,1,1
29_A5,tier0_canopy_top,0,300,-0.65,2.05,0.8,1.0899,0.033095,-0.078466,1.0932,298.773,1,1
29_A5,tier0_canopy_top,0,300,-0.55,2.0,0.8,1.0105,-0.012348,-0.063078,1.0125,298.798,1,1
29_A5,tier0_canopy_top,0,300,-0.6,2.0,0.8,1.0564,-0.0097823,-0.072466,1.0589,298.801,1,1
29_A5,tier0_canopy_top,0,300,-0.6,2.05,0.8,1.0427,0.027727,-0.067674,1.0453,298.771,1,1
29_A5,tier0_canopy_top,0,300,-0.55,2.05,0.8,0.99998,0.023051,-0.058336,1.0019,298.768,1,1
29_A5,tier0_canopy_top,0,300,-0.45,2.0,0.8,0.93202,-0.016037,-0.047561,0.93337,298.789,1,1
29_A5,tier0_canopy_top,0,300,-0.5,2.0,0.8,0.96925,-0.014421,-0.054843,0.9709,298.794,1,1
29_A5,tier0_canopy_top,0,300,-0.5,2.05,0.8,0.96109,0.019042,-0.050206,0.96259,298.764,1,1
29_A5,tier0_canopy_top,0,300,-0.45,2.05,0.8,0.92557,0.015652,-0.043057,0.9267,298.761,1,1
29_A5,tier0_canopy_top,0,300,-0.35,2.0,0.8,0.86732,-0.018047,-0.035138,0.86822,298.78,1,1
29_A5,tier0_canopy_top,0,300,-0.4,2.0,0.8,0.8982,-0.017233,-0.041048,0.8993,298.784,1,1
29_A5,tier0_canopy_top,0,300,-0.4,2.05,0.8,0.89303,0.012822,-0.036676,0.89387,298.757,1,1
29_A5,tier0_canopy_top,0,300,-0.35,2.05,0.8,0.86312,0.010483,-0.030877,0.86374,298.754,1,1
29_A5,tier0_canopy_top,0,300,-0.3,1.6,0.8,0.33431,-0.086389,0.013735,0.34557,298.801,1,1
29_A5,tier0_canopy_top,0,300,-0.3,1.65,0.8,0.36697,-0.089426,0.00055165,0.37771,298.816,1,1
29_A5,tier0_canopy_top,0,300,-0.25,1.6,0.8,0.3493,-0.092701,0.011363,0.36157,298.808,1,1
29_A5,tier0_canopy_top,0,300,-0.3,1.65,0.8,0.36697,-0.089426,0.00055165,0.37771,298.816,1,1
29_A5,tier0_canopy_top,0,300,-0.25,1.65,0.8,0.38145,-0.094316,0.00025478,0.39294,298.819,1,1
29_A5,tier0_canopy_top,0,300,-0.15,1.6,0.8,0.3737,-0.10139,0.0073105,0.38728,298.817,1,1
29_A5,tier0_canopy_top,0,300,-0.2,1.6,0.8,0.3624,-0.09764,0.0092412,0.37544,298.813,1,1
29_A5,tier0_canopy_top,0,300,-0.2,1.65,0.8,0.39383,-0.097997,4.4289e-05,0.40584,298.822,1,1
29_A5,tier0_canopy_top,0,300,-0.15,1.65,0.8,0.40423,-0.10064,-0.00013029,0.41657,298.824,1,1
29_A5,tier0_canopy_top,0,300,-0.05,1.6,0.8,0.39109,-0.10596,0.0037929,0.4052,298.823,1,1
29_A5,tier0_canopy_top,0,300,-0.1,1.6,0.8,0.38323,-0.10412,0.0055109,0.39716,298.82,1,1
29_A5,tier0_canopy_top,0,300,-0.1,1.65,0.8,0.41275,-0.10239,-0.00031196,0.42526,298.825,1,1
29_A5,tier0_canopy_top,0,300,-0.05,1.65,0.8,0.41952,-0.10336,-0.00053141,0.43206,298.826,1,1
29_A5,tier0_canopy_top,0,300,0.05,1.6,0.8,0.40211,-0.10738,0.00048987,0.4162,298.826,1,1
29_A5,tier0_canopy_top,0,300,0.0,1.6,0.8,0.39735,-0.10702,0.002126,0.41151,298.824,1,1
29_A5,tier0_canopy_top,0,300,0.0,1.65,0.8,0.42465,-0.10367,-0.00080387,0.43712,298.826,1,1
29_A5,tier0_canopy_top,0,300,0.05,1.65,0.8,0.42826,-0.10339,-0.0011372,0.44057,298.826,1,1
29_A5,tier0_canopy_top,0,300,0.15,1.6,0.8,0.40745,-0.1063,-0.0027191,0.4211,298.827,1,1
29_A5,tier0_canopy_top,0,300,0.1,1.6,0.8,0.40546,-0.10712,-0.0011244,0.41937,298.826,1,1
29_A5,tier0_canopy_top,0,300,0.1,1.65,0.8,0.43047,-0.10258,-0.0015351,0.44253,298.826,1,1
29_A5,tier0_canopy_top,0,300,0.15,1.65,0.8,0.43139,-0.10131,-0.0019944,0.44313,298.825,1,1
29_A5,tier0_canopy_top,0,300,0.25,1.6,0.8,0.40778,-0.10307,-0.0059059,0.42064,298.827,1,1
29_A5,tier0_canopy_top,0,300,0.2,1.6,0.8,0.40819,-0.10494,-0.0043018,0.42148,298.827,1,1
29_A5,tier0_canopy_top,0,300,0.2,1.65,0.8,0.4311,-0.099573,-0.0025113,0.44246,298.825,1,1
29_A5,tier0_canopy_top,0,300,0.25,1.65,0.8,0.42971,-0.097398,-0.0030868,0.44062,298.824,1,1
29_A5,tier0_canopy_top,0,300,0.35,1.6,0.8,0.40381,-0.097733,-0.009111,0.41556,298.826,1,1
29_A5,tier0_canopy_top,0,300,0.3,1.6,0.8,0.4063,-0.10068,-0.0075261,0.41866,298.826,1,1
29_A5,tier0_canopy_top,0,300,0.3,1.65,0.8,0.42732,-0.094775,-0.0037136,0.43772,298.823,1,1
29_A5,tier0_canopy_top,0,300,0.35,1.65,0.8,0.42401,-0.091679,-0.004372,0.43383,298.823,1,1
29_A5,tier0_canopy_top,0,300,-0.25,1.7,0.8,0.43105,-0.095314,-0.0067226,0.44151,298.827,1,1
29_A5,tier0_canopy_top,0,300,-0.3,1.7,0.8,0.41831,-0.092014,-0.0079798,0.42839,298.826,1,1
29_A5,tier0_canopy_top,0,300,-0.3,1.75,0.8,0.48486,-0.092265,-0.013602,0.49375,298.832,1,1
29_A5,tier0_canopy_top,0,300,-0.25,1.75,0.8,0.49389,-0.093953,-0.01131,0.50288,298.83,1,1
29_A5,tier0_canopy_top,0,300,-0.15,1.7,0.8,0.44999,-0.099011,-0.0044437,0.46077,298.827,1,1
29_A5,tier0_canopy_top,0,300,-0.2,1.7,0.8,0.44155,-0.0976,-0.0055332,0.45225,298.827,1,1
29_A5,tier0_canopy_top,0,300,-0.2,1.75,0.8,0.50078,-0.094835,-0.0092018,0.50976,298.828,1,1
29_A5,tier0_canopy_top,0,300,-0.15,1.75,0.8,0.50572,-0.095026,-0.0072868,0.51462,298.826,1,1
29_A5,tier0_canopy_top,0,300,-0.05,1.7,0.8,0.46127,-0.09971,-0.002643,0.47193,298.825,1,1
29_A5,tier0_canopy_top,0,300,-0.1,1.7,0.8,0.45651,-0.099677,-0.0034771,0.46727,298.826,1,1
29_A5,tier0_canopy_top,0,300,-0.1,1.75,0.8,0.50889,-0.09464,-0.0055702,0.51765,298.824,1,1
29_A5,tier0_canopy_top,0,300,-0.05,1.75,0.8,0.51051,-0.093768,-0.0040405,0.51907,298.821,1,1
29_A5,tier0_canopy_top,0,300,0.05,1.7,0.8,0.46615,-0.098196,-0.0013633,0.47638,298.823,1,1
29_A5,tier0_canopy_top,0,300,0.0,1.7,0.8,0.46443,-0.099193,-0.0019402,0.47491,298.824,1,1
29_A5,tier0_canopy_top,0,300,0.0,1.75,0.8,0.51073,-0.092483,-0.0026798,0.51904,298.819,1,1
29_A5,tier0_canopy_top,0,300,0.05,1.75,0.8,0.5097,-0.090842,-0.0014724,0.51773,298.817,1,1
29_A5,tier0_canopy_top,0,300,0.15,1.7,0.8,0.46574,-0.094967,-0.0005583,0.47532,298.821,1,1
29_A5,tier0_canopy_top,0,300,0.1,1.7,0.8,0.46654,-0.096774,-0.00090532,0.47647,298.822,1,1
29_A5,tier0_canopy_top,0,300,0.1,1.75,0.8,0.50756,-0.088886,-0.000406,0.51529,298.815,1,1
29_A5,tier0_canopy_top,0,300,0.15,1.75,0.8,0.50444,-0.086644,0.00052654,0.51183,298.814,1,1
29_A5,tier0_canopy_top,0,300,0.25,1.7,0.8,0.46099,-0.09027,-0.00016672,0.46975,298.819,1,1
29_A5,tier0_canopy_top,0,300,0.2,1.7,0.8,0.46385,-0.092798,-0.00031472,0.47304,298.82,1,1
29_A5,tier0_canopy_top,0,300,0.2,1.75,0.8,0.50045,-0.084131,0.0013293,0.50747,298.812,1,1
29_A5,tier0_canopy_top,0,300,0.25,1.75,0.8,0.49568,-0.08135,0.0020096,0.50231,298.811,1,1
29_A5,tier0_canopy_top,0,300,0.35,1.7,0.8,0.45272,-0.084087,-0.00011075,0.46047,298.817,1,1
29_A5,tier0_canopy_top,0,300,0.3,1.7,0.8,0.45725,-0.087373,-0.00010297,0.46552,298.818,1,1
29_A5,tier0_canopy_top,0,300,0.3,1.75,0.8,0.49023,-0.078291,0.0025791,0.49645,298.81,1,1
29_A5,tier0_canopy_top,0,300,0.35,1.75,0.8,0.48419,-0.074928,0.0030459,0.48997,298.81,1,1
29_A5,tier0_canopy_top,0,300,-0.25,1.8,0.8,0.56621,-0.089028,-0.014638,0.57335,298.828,1,1
29_A5,tier0_canopy_top,0,300,-0.3,1.8,0.8,0.5629,-0.088758,-0.017641,0.57013,298.832,1,1
29_A5,tier0_canopy_top,0,300,-0.3,1.85,0.8,0.64723,-0.080072,-0.021263,0.65251,298.826,1,1
29_A5,tier0_canopy_top,0,300,-0.25,1.85,0.8,0.64301,-0.079301,-0.017699,0.64812,298.821,1,1
29_A5,tier0_canopy_top,0,300,-0.15,1.8,0.8,0.56768,-0.087878,-0.0094295,0.57452,298.821,1,1
29_A5,tier0_canopy_top,0,300,-0.2,1.8,0.8,0.56773,-0.088704,-0.011903,0.57474,298.824,1,1
29_A5,tier0_canopy_top,0,300,-0.2,1.85,0.8,0.63772,-0.078135,-0.014463,0.64265,298.816,1,1
29_A5,tier0_canopy_top,0,300,-0.15,1.85,0.8,0.63151,-0.076647,-0.011537,0.63625,298.812,1,1
29_A5,tier0_canopy_top,0,300,-0.05,1.8,0.8,0.56363,-0.085063,-0.0051998,0.57004,298.814,1,1
29_A5,tier0_canopy_top,0,300,-0.1,1.8,0.8,0.56625,-0.086641,-0.0072069,0.57289,298.818,1,1
29_A5,tier0_canopy_top,0,300,-0.1,1.85,0.8,0.62452,-0.074912,-0.0088843,0.62906,298.808,1,1
29_A5,tier0_canopy_top,0,300,-0.05,1.85,0.8,0.61689,-0.072976,-0.0064604,0.62122,298.805,1,1
29_A5,tier0_canopy_top,0,300,0.05,1.8,0.8,0.55545,-0.081112,-0.0016984,0.56135,298.809,1,1
29_A5,tier0_canopy_top,0,300,0.0,1.8,0.8,0.55998,-0.083203,-0.0033716,0.56614,298.812,1,1
29_A5,tier0_canopy_top,0,300,0.0,1.85,0.8,0.60874,-0.070876,-0.0042229,0.61287,298.801,1,1
29_A5,tier0_canopy_top,0,300,0.05,1.85,0.8,0.60021,-0.06865,-0.0021367,0.60412,298.799,1,1
29_A5,tier0_canopy_top,0,300,0.15,1.8,0.8,0.54422,-0.076344,0.0012224,0.54955,298.805,1,1
29_A5,tier0_canopy_top,0,300,0.1,1.8,0.8,0.55017,-0.078821,-0.00016686,0.55578,298.807,1,1
29_A5,tier0_canopy_top,0,300,0.1,1.85,0.8,0.59139,-0.066324,-0.0001863,0.59509,298.796,1,1
29_A5,tier0_canopy_top,0,300,0.15,1.85,0.8,0.58234,-0.063903,0.0016144,0.58584,298.794,1,1
29_A5,tier0_canopy_top,0,300,0.25,1.8,0.8,0.5307,-0.070847,0.0035596,0.53541,298.802,1,1
29_A5,tier0_canopy_top,0,300,0.2,1.8,0.8,0.53771,-0.073687,0.0024638,0.54274,298.803,1,1
29_A5,tier0_canopy_top,0,300,0.2,1.85,0.8,0.5731,-0.061379,0.0032437,0.57639,298.793,1,1
29_A5,tier0_canopy_top,0,300,0.25,1.85,0.8,0.56368,-0.058746,0.0046956,0.56675,298.792,1,1
29_A5,tier0_canopy_top,0,300,0.35,1.8,0.8,0.51547,-0.064562,0.0053494,0.51953,298.801,1,1
29_A5,tier0_canopy_top,0,300,0.3,1.8,0.8,0.52326,-0.067815,0.0045196,0.52765,298.801,1,1
29_A5,tier0_canopy_top,0,300,0.3,1.85,0.8,0.55412,-0.055994,0.0059819,0.55697,298.791,1,1
29_A5,tier0_canopy_top,0,300,0.35,1.85,0.8,0.5445,-0.0531,0.007112,0.54713,298.79,1,1
29_A5,tier0_canopy_top,0,300,-0.25,1.9,0.8,0.71719,-0.063956,-0.02092,0.72034,298.809,1,1
29_A5,tier0_canopy_top,0,300,-0.3,1.9,0.8,0.73009,-0.065172,-0.025005,0.73342,298.814,1,1
29_A5,tier0_canopy_top,0,300,-0.3,1.95,0.8,0.79934,-0.044166,-0.02866,0.80108,298.797,1,1
29_A5,tier0_canopy_top,0,300,-0.25,1.95,0.8,0.77822,-0.043285,-0.024038,0.77979,298.792,1,1
29_A5,tier0_canopy_top,0,300,-0.15,1.9,0.8,0.69132,-0.060862,-0.013837,0.69413,298.8,1,1
29_A5,tier0_canopy_top,0,300,-0.2,1.9,0.8,0.70427,-0.0625,-0.017217,0.70724,298.804,1,1
29_A5,tier0_canopy_top,0,300,-0.2,1.95,0.8,0.75822,-0.042236,-0.019831,0.75965,298.788,1,1
29_A5,tier0_canopy_top,0,300,-0.15,1.95,0.8,0.73916,-0.041063,-0.01595,0.74048,298.783,1,1
29_A5,tier0_canopy_top,0,300,-0.05,1.9,0.8,0.66553,-0.057259,-0.0078212,0.66803,298.792,1,1
29_A5,tier0_canopy_top,0,300,-0.1,1.9,0.8,0.67838,-0.059104,-0.010709,0.68104,298.796,1,1
29_A5,tier0_canopy_top,0,300,-0.1,1.95,0.8,0.72098,-0.039814,-0.012299,0.72218,298.78,1,1
29_A5,tier0_canopy_top,0,300,-0.05,1.95,0.8,0.7036,-0.038529,-0.008893,0.70471,298.777,1,1
29_A5,tier0_canopy_top,0,300,0.05,1.9,0.8,0.64023,-0.053403,-0.0026073,0.64246,298.786,1,1
29_A5,tier0_canopy_top,0,300,0.0,1.9,0.8,0.6528,-0.055351,-0.0051409,0.65516,298.789,1,1
29_A5,tier0_canopy_top,0,300,0.0,1.95,0.8,0.68698,-0.037249,-0.0057038,0.68801,298.774,1,1
29_A5,tier0_canopy_top,0,300,0.05,1.95,0.8,0.67107,-0.035993,-0.0026531,0.67204,298.772,1,1
29_A5,tier0_canopy_top,0,300,0.15,1.9,0.8,0.61584,-0.049421,0.0020118,0.61782,298.782,1,1
29_A5,tier0_canopy_top,0,300,0.1,1.9,0.8,0.62791,-0.051428,-0.00020973,0.63001,298.784,1,1
29_A5,tier0_canopy_top,0,300,0.1,1.95,0.8,0.65589,-0.034759,0.00024782,0.65681,298.77,1,1
29_A5,tier0_canopy_top,0,300,0.15,1.95,0.8,0.64139,-0.033524,0.0029117,0.64227,298.769,1,1
29_A5,tier0_canopy_top,0,300,0.25,1.9,0.8,0.59226,-0.045239,0.0057862,0.59401,298.78,1,1
29_A5,tier0_canopy_top,0,300,0.2,1.9,0.8,0.60398,-0.047361,0.0040136,0.60584,298.781,1,1
29_A5,tier0_canopy_top,0,300,0.2,1.95,0.8,0.62743,-0.032255,0.0052632,0.62828,298.768,1,1
29_A5,tier0_canopy_top,0,300,0.25,1.95,0.8,0.61389,-0.030934,0.0073091,0.61471,298.767,1,1
29_A5,tier0_canopy_top,0,300,0.35,1.9,0.8,0.56937,-0.040793,0.0087535,0.57089,298.779,1,1
29_A5,tier0_canopy_top,0,300,0.3,1.9,0.8,0.5807,-0.043055,0.0073582,0.58234,298.779,1,1
29_A5,tier0_canopy_top,0,300,0.3,1.95,0.8,0.60076,-0.029576,0.0091249,0.60156,298.767,1,1
29_A5,tier0_canopy_top,0,300,0.35,1.95,0.8,0.58809,-0.028181,0.010759,0.58887,298.767,1,1
29_A5,tier0_canopy_top,0,300,-0.25,2.0,0.8,0.8128,-0.018739,-0.024728,0.81339,298.771,1,1
29_A5,tier0_canopy_top,0,300,-0.3,2.0,0.8,0.83897,-0.018529,-0.029718,0.8397,298.775,1,1
29_A5,tier0_canopy_top,0,300,-0.3,2.05,0.8,0.83553,0.0085645,-0.025533,0.83597,298.751,1,1
29_A5,tier0_canopy_top,0,300,-0.25,2.05,0.8,0.80999,0.0069874,-0.020563,0.81028,298.748,1,1
29_A5,tier0_canopy_top,0,300,-0.15,2.0,0.8,0.76586,-0.018601,-0.01586,0.76625,298.764,1,1
29_A5,tier0_canopy_top,0,300,-0.2,2.0,0.8,0.78852,-0.018745,-0.020133,0.789,298.768,1,1
29_A5,tier0_canopy_top,0,300,-0.2,2.05,0.8,0.78624,0.0056669,-0.015918,0.78643,298.746,1,1
29_A5,tier0_canopy_top,0,300,-0.15,2.05,0.8,0.76408,0.004532,-0.011548,0.76418,298.744,1,1
29_A5,tier0_canopy_top,0,300,-0.05,2.0,0.8,0.72467,-0.018051,-0.0080068,0.72494,298.759,1,1
29_A5,tier0_canopy_top,0,300,-0.1,2.0,0.8,0.74462,-0.018349,-0.011824,0.74494,298.761,1,1
29_A5,tier0_canopy_top,0,300,-0.1,2.05,0.8,0.7433,0.0035286,-0.0074041,0.74334,298.742,1,1
29_A5,tier0_canopy_top,0,300,-0.05,2.05,0.8,0.72377,0.002601,-0.0034423,0.72378,298.741,1,1
29_A5,tier0_canopy_top,0,300,0.05,2.0,0.8,0.68815,-0.017514,-0.00084789,0.68837,298.756,1,1
29_A5,tier0_canopy_top,0,300,0.0,2.0,0.8,0.70587,-0.017764,-0.0043671,0.70611,298.757,1,1
29_A5,tier0_canopy_top,0,300,0.0,2.05,0.8,0.70536,0.0016972,0.00036716,0.70536,298.74,1,1
29_A5,tier0_canopy_top,0,300,0.05,2.05,0.8,0.68799,0.00079492,0.0040366,0.688,298.74,1,1
29_A5,tier0_canopy_top,0,300,0.15,2.0,0.8,0.65567,-0.017087,0.0055223,0.65591,298.754,1,1
29_A5,tier0_canopy_top,0,300,0.1,2.0,0.8,0.67145,-0.017297,0.0024936,0.67168,298.755,1,1
29_A5,tier0_canopy_top,0,300,0.1,2.05,0.8,0.67161,-0.00010585,0.007498,0.67165,298.74,1,1
29_A5,tier0_canopy_top,0,300,0.15,2.05,0.8,0.65612,-0.0010027,0.010624,0.6562,298.74,1,1
29_A5,tier0_canopy_top,0,300,0.25,2.0,0.8,0.62618,-0.016564,0.01031,0.62648,298.754,1,1
29_A5,tier0_canopy_top,0,300,0.2,2.0,0.8,0.64063,-0.01685,0.0081233,0.64091,298.754,1,1
29_A5,tier0_canopy_top,0,300,0.2,2.05,0.8,0.64137,-0.0018903,0.013277,0.64151,298.741,1,1
29_A5,tier0_canopy_top,0,300,0.25,2.05,0.8,0.62717,-0.0027614,0.015454,0.62736,298.742,1,1
29_A5,tier0_canopy_top,0,300,0.35,2.0,0.8,0.59887,-0.015893,0.013999,0.59925,298.756,1,1
29_A5,tier0_canopy_top,0,300,0.3,2.0,0.8,0.61223,-0.016243,0.012238,0.61257,298.755,1,1
29_A5,tier0_canopy_top,0,300,0.3,2.05,0.8,0.61343,-0.0036052,0.017351,0.61369,298.743,1,1
29_A5,tier0_canopy_top,0,300,0.35,2.05,0.8,0.60025,-0.0044077,0.019092,0.60057,298.745,1,1
29_A5,tier0_canopy_top,0,300,-0.35,1.7,0.8,0.40315,-0.08751,-0.0092675,0.41264,298.824,1,1
29_A5,tier0_canopy_top,0,300,-0.35,1.8,0.8,0.55757,-0.087793,-0.02092,0.56483,298.835,1,1
29_A5,tier0_canopy_top,0,300,-0.35,1.85,0.8,0.65021,-0.080386,-0.025168,0.65564,298.831,1,1
29_A5,tier0_canopy_top,0,300,-0.35,1.9,0.8,0.74293,-0.066107,-0.029485,0.74645,298.82,1,1
29_A5,tier0_canopy_top,0,300,-0.35,1.6,0.8,0.31738,-0.078467,0.016411,0.32735,298.794,1,1
29_A5,tier0_canopy_top,0,300,0.45,1.6,0.8,0.39596,-0.08995,-0.012042,0.40623,298.825,1,1
29_A5,tier0_canopy_top,0,300,0.4,1.6,0.8,0.40033,-0.094176,-0.010626,0.4114,298.825,1,1
29_A5,tier0_canopy_top,0,300,0.4,1.65,0.8,0.41986,-0.088062,-0.0050389,0.42902,298.822,1,1
29_A5,tier0_canopy_top,0,300,0.45,1.65,0.8,0.41495,-0.083856,-0.0056942,0.42338,298.822,1,1
29_A5,tier0_canopy_top,0,300,0.55,1.6,0.8,0.38481,-0.079142,-0.014429,0.39313,298.824,1,1
29_A5,tier0_canopy_top,0,300,0.5,1.6,0.8,0.39076,-0.084972,-0.013324,0.40011,298.825,1,1
29_A5,tier0_canopy_top,0,300,0.5,1.65,0.8,0.40937,-0.078972,-0.0063256,0.41697,298.821,1,1
29_A5,tier0_canopy_top,0,300,0.55,1.65,0.8,0.40321,-0.073292,-0.0069104,0.40988,298.821,1,1
29_A5,tier0_canopy_top,0,300,0.65,1.6,0.8,0.37088,-0.064481,-0.015883,0.37678,298.824,1,1
29_A5,tier0_canopy_top,0,300,0.6,1.6,0.8,0.37817,-0.072351,-0.015302,0.38533,298.824,1,1
29_A5,tier0_canopy_top,0,300,0.6,1.65,0.8,0.39654,-0.066674,-0.0074166,0.40217,298.821,1,1
29_A5,tier0_canopy_top,0,300,0.65,1.65,0.8,0.38937,-0.058943,-0.0078162,0.39389,298.822,1,1
29_A5,tier0_canopy_top,0,300,0.75,1.6,0.8,0.3542,-0.045113,-0.015911,0.35741,298.825,1,1
29_A5,tier0_canopy_top,0,300,0.7,1.6,0.8,0.36293,-0.055425,-0.016112,0.36749,298.824,1,1
29_A5,tier0_canopy_top,0,300,0.7,1.65,0.8,0.3817,-0.049887,-0.0080771,0.38503,298.822,1,1
29_A5,tier0_canopy_top,0,300,0.75,1.65,0.8,0.37335,-0.039239,-0.0081544,0.3755,298.823,1,1
29_A5,tier0_canopy_top,0,300,0.85,1.6,0.8,0.33271,-0.021163,-0.013798,0.33367,298.825,1,1
29_A5,tier0_canopy_top,0,300,0.8,1.6,0.8,0.34436,-0.03358,-0.015184,0.34632,298.825,1,1
29_A5,tier0_canopy_top,0,300,0.8,1.65,0.8,0.3639,-0.026662,-0.0079716,0.36496,298.823,1,1
29_A5,tier0_canopy_top,0,300,0.85,1.65,0.8,0.35238,-0.011749,-0.0073843,0.35265,298.824,1,1
29_A5,tier0_canopy_top,0,300,0.95,1.6,0.8,0.29745,0.00068981,-0.008635,0.29757,298.823,1,1
29_A5,tier0_canopy_top,0,300,0.9,1.6,0.8,0.31798,-0.0088747,-0.011602,0.31831,298.825,1,1
29_A5,tier0_canopy_top,0,300,0.9,1.65,0.8,0.33675,0.0058835,-0.006184,0.33686,298.825,1,1
29_A5,tier0_canopy_top,0,300,0.95,1.65,0.8,0.31213,0.026206,-0.0043111,0.31326,298.827,1,1
29_A5,tier0_canopy_top,0,300,0.45,1.7,0.8,0.44172,-0.076118,-0.00031085,0.44823,298.816,1,1
29_A5,tier0_canopy_top,0,300,0.4,1.7,0.8,0.44751,-0.08036,-0.00018112,0.45467,298.817,1,1
29_A5,tier0_canopy_top,0,300,0.4,1.75,0.8,0.47768,-0.071207,0.0034088,0.48297,298.809,1,1
29_A5,tier0_canopy_top,0,300,0.45,1.75,0.8,0.47079,-0.06705,0.0036586,0.47555,298.809,1,1
29_A5,tier0_canopy_top,0,300,0.55,1.7,0.8,0.4288,-0.065663,-0.00075706,0.4338,298.816,1,1
29_A5,tier0_canopy_top,0,300,0.5,1.7,0.8,0.43545,-0.071263,-0.0005036,0.44124,298.816,1,1
29_A5,tier0_canopy_top,0,300,0.5,1.75,0.8,0.46364,-0.062352,0.0037804,0.46783,298.809,1,1
29_A5,tier0_canopy_top,0,300,0.55,1.75,0.8,0.45637,-0.056973,0.003758,0.45993,298.809,1,1
29_A5,tier0_canopy_top,0,300,0.65,1.7,0.8,0.41469,-0.051489,-0.0014277,0.41788,298.817,1,1
29_A5,tier0_canopy_top,0,300,0.6,1.7,0.8,0.42185,-0.059148,-0.0010646,0.42598,298.817,1,1
29_A5,tier0_canopy_top,0,300,0.6,1.75,0.8,0.4491,-0.050726,0.0035714,0.45197,298.81,1,1
29_A5,tier0_canopy_top,0,300,0.65,1.75,0.8,0.44197,-0.043358,0.0031913,0.4441,298.811,1,1
29_A5,tier0_canopy_top,0,300,0.75,1.7,0.8,0.39977,-0.031376,-0.0023338,0.40101,298.819,1,1
29_A5,tier0_canopy_top,0,300,0.7,1.7,0.8,0.40735,-0.042379,-0.0018507,0.40955,298.818,1,1
29_A5,tier0_canopy_top,0,300,0.7,1.75,0.8,0.43511,-0.034518,0.0025769,0.43648,298.812,1,1
29_A5,tier0_canopy_top,0,300,0.75,1.75,0.8,0.42866,-0.023702,0.0016774,0.42932,298.813,1,1
29_A5,tier0_canopy_top,0,300,0.85,1.7,0.8,0.38298,-0.00059789,-0.0033316,0.38299,298.821,1,1
29_A5,tier0_canopy_top,0,300,0.8,1.7,0.8,0.39176,-0.017811,-0.0028559,0.39218,298.82,1,1
29_A5,tier0_canopy_top,0,300,0.8,1.75,0.8,0.42279,-0.01016,0.00044913,0.42291,298.814,1,1
29_A5,tier0_canopy_top,0,300,0.85,1.75,0.8,0.41782,0.0072548,-0.0011149,0.41789,298.816,1,1
29_A5,tier0_canopy_top,0,300,0.95,1.7,0.8,0.3582,0.052156,-0.0036984,0.362,298.825,1,1
29_A5,tier0_canopy_top,0,300,0.9,1.7,0.8,0.37247,0.021917,-0.0036201,0.37313,298.823,1,1
29_A5,tier0_canopy_top,0,300,0.9,1.75,0.8,0.41423,0.03025,-0.0029925,0.41534,298.818,1,1
29_A5,tier0_canopy_top,0,300,0.95,1.75,0.8,0.41321,0.061028,-0.0052315,0.41773,298.82,1,1
29_A5,tier0_canopy_top,0,300,0.45,1.8,0.8,0.49933,-0.057155,0.0065774,0.50263,298.8,1,1
29_A5,tier0_canopy_top,0,300,0.4,1.8,0.8,0.50746,-0.061034,0.0060415,0.51115,298.8,1,1
29_A5,tier0_canopy_top,0,300,0.4,1.85,0.8,0.53493,-0.050011,0.0080772,0.53732,298.79,1,1
29_A5,tier0_canopy_top,0,300,0.45,1.85,0.8,0.52552,-0.046651,0.0088526,0.52766,298.791,1,1
29_A5,tier0_canopy_top,0,300,0.55,1.8,0.8,0.48326,-0.047878,0.0070732,0.48567,298.801,1,1
29_A5,tier0_canopy_top,0,300,0.5,1.8,0.8,0.49121,-0.052816,0.0069318,0.49409,298.801,1,1
29_A5,tier0_canopy_top,0,300,0.5,1.85,0.8,0.51641,-0.042919,0.0094036,0.51828,298.791,1,1
29_A5,tier0_canopy_top,0,300,0.55,1.85,0.8,0.50775,-0.038689,0.0096872,0.50932,298.792,1,1
29_A5,tier0_canopy_top,0,300,0.65,1.8,0.8,0.46853,-0.035403,0.0065432,0.46991,298.803,1,1
29_A5,tier0_canopy_top,0,300,0.6,1.8,0.8,0.47563,-0.042157,0.0069617,0.47755,298.802,1,1
29_A5,tier0_canopy_top,0,300,0.6,1.85,0.8,0.49975,-0.033796,0.0096485,0.50098,298.793,1,1
29_A5,tier0_canopy_top,0,300,0.65,1.85,0.8,0.49264,-0.028021,0.0092144,0.49352,298.794,1,1
29_A5,tier0_canopy_top,0,300,0.75,1.8,0.8,0.45692,-0.017299,0.0044649,0.45727,298.806,1,1
29_A5,tier0_canopy_top,0,300,0.7,1.8,0.8,0.46219,-0.027276,0.0057439,0.46303,298.804,1,1
29_A5,tier0_canopy_top,0,300,0.7,1.85,0.8,0.48676,-0.021071,0.0082859,0.48729,298.796,1,1
29_A5,tier0_canopy_top,0,300,0.75,1.85,0.8,0.48254,-0.012543,0.006729,0.48275,298.797,1,1
29_A5,tier0_canopy_top,0,300,0.85,1.8,0.8,0.45158,0.011171,1.0606e-05,0.45172,298.809,1,1
29_A5,tier0_canopy_top,0,300,0.8,1.8,0.8,0.45317,-0.0047974,0.0025937,0.45321,298.807,1,1
29_A5,tier0_canopy_top,0,300,0.8,1.85,0.8,0.48061,-0.0018822,0.0043671,0.48064,298.799,1,1
29_A5,tier0_canopy_top,0,300,0.85,1.85,0.8,0.48182,0.011657,0.0009618,0.48196,298.801,1,1
29_A5,tier0_canopy_top,0,300,0.95,1.8,0.8,0.45958,0.058625,-0.007851,0.46337,298.813,1,1
29_A5,tier0_canopy_top,0,300,0.9,1.8,0.8,0.45315,0.03188,-0.0034148,0.45429,298.811,1,1
29_A5,tier0_canopy_top,0,300,0.9,1.85,0.8,0.48743,0.029038,-0.0037871,0.48831,298.803,1,1
29_A5,tier0_canopy_top,0,300,0.95,1.85,0.8,0.4993,0.051302,-0.010258,0.50203,298.804,1,1
29_A5,tier0_canopy_top,0,300,0.45,1.9,0.8,0.54778,-0.035814,0.010957,0.54906,298.78,1,1
29_A5,tier0_canopy_top,0,300,0.4,1.9,0.8,0.55836,-0.038403,0.0099636,0.55977,298.779,1,1
29_A5,tier0_canopy_top,0,300,0.4,1.95,0.8,0.57598,-0.026708,0.012195,0.57673,298.768,1,1
29_A5,tier0_canopy_top,0,300,0.45,1.95,0.8,0.56451,-0.0251,0.013392,0.56522,298.769,1,1
29_A5,tier0_canopy_top,0,300,0.55,1.9,0.8,0.52845,-0.029685,0.012117,0.52942,298.782,1,1
29_A5,tier0_canopy_top,0,300,0.5,1.9,0.8,0.53775,-0.032942,0.011692,0.53889,298.781,1,1
29_A5,tier0_canopy_top,0,300,0.5,1.95,0.8,0.55379,-0.023293,0.014303,0.55446,298.77,1,1
29_A5,tier0_canopy_top,0,300,0.55,1.95,0.8,0.54398,-0.021221,0.014876,0.5446,298.772,1,1
29_A5,tier0_canopy_top,0,300,0.65,1.9,0.8,0.51292,-0.021464,0.011767,0.5135,298.785,1,1
29_A5,tier0_canopy_top,0,300,0.6,1.9,0.8,0.52007,-0.025915,0.012171,0.52086,298.783,1,1
29_A5,tier0_canopy_top,0,300,0.6,1.95,0.8,0.53531,-0.018804,0.015047,0.53585,298.774,1,1
29_A5,tier0_canopy_top,0,300,0.65,1.95,0.8,0.52809,-0.015945,0.014728,0.52854,298.776,1,1
29_A5,tier0_canopy_top,0,300,0.75,1.9,0.8,0.50398,-0.0095651,0.0090944,0.50415,298.788,1,1
29_A5,tier0_canopy_top,0,300,0.7,1.9,0.8,0.50737,-0.016113,0.010794,0.50774,298.787,1,1
29_A5,tier0_canopy_top,0,300,0.7,1.95,0.8,0.52274,-0.012522,0.013805,0.52307,298.778,1,1
29_A5,tier0_canopy_top,0,300,0.75,1.95,0.8,0.51987,-0.0083759,0.012115,0.52008,298.78,1,1
29_A5,tier0_canopy_top,0,300,0.85,1.9,0.8,0.50696,0.0088944,0.0025029,0.50704,298.792,1,1
29_A5,tier0_canopy_top,0,300,0.8,1.9,0.8,0.50349,-0.0014136,0.0064438,0.50353,298.79,1,1
29_A5,tier0_canopy_top,0,300,0.8,1.95,0.8,0.52033,-0.0032893,0.0094139,0.52043,298.782,1,1
29_A5,tier0_canopy_top,0,300,0.85,1.95,0.8,0.52537,0.00303,0.0053186,0.5254,298.784,1,1
29_A5,tier0_canopy_top,0,300,0.95,1.9,0.8,0.53284,0.039076,-0.011322,0.53439,298.796,1,1
29_A5,tier0_canopy_top,0,300,0.9,1.9,0.8,0.51596,0.022072,-0.0031987,0.51644,298.794,1,1
29_A5,tier0_canopy_top,0,300,0.9,1.95,0.8,0.53684,0.010951,-0.00074733,0.53695,298.786,1,1
29_A5,tier0_canopy_top,0,300,0.95,1.95,0.8,0.55765,0.021023,-0.009674,0.55813,298.788,1,1
29_A5,tier0_canopy_top,0,300,0.45,2.0,0.8,0.57427,-0.014999,0.016891,0.57471,298.758,1,1
29_A5,tier0_canopy_top,0,300,0.4,2.0,0.8,0.58619,-0.01549,0.01557,0.5866,298.757,1,1
29_A5,tier0_canopy_top,0,300,0.4,2.05,0.8,0.58773,-0.0051577,0.020647,0.58812,298.747,1,1
29_A5,tier0_canopy_top,0,300,0.45,2.05,0.8,0.57597,-0.0058499,0.021954,0.57642,298.749,1,1
29_A5,tier0_canopy_top,0,300,0.55,2.0,0.8,0.55316,-0.01363,0.01859,0.55364,298.762,1,1
29_A5,tier0_canopy_top,0,300,0.5,2.0,0.8,0.56321,-0.014387,0.017914,0.56368,298.76,1,1
29_A5,tier0_canopy_top,0,300,0.5,2.05,0.8,0.56505,-0.0064883,0.022969,0.56556,298.752,1,1
29_A5,tier0_canopy_top,0,300,0.55,2.05,0.8,0.55512,-0.0070906,0.023649,0.55567,298.754,1,1
29_A5,tier0_canopy_top,0,300,0.65,2.0,0.8,0.53707,-0.011593,0.018639,0.53752,298.767,1,1
29_A5,tier0_canopy_top,0,300,0.6,2.0,0.8,0.54435,-0.012704,0.018859,0.54482,298.765,1,1
29_A5,tier0_canopy_top,0,300,0.6,2.05,0.8,0.54639,-0.0076955,0.023941,0.54697,298.757,1,1
29_A5,tier0_canopy_top,0,300,0.65,2.05,0.8,0.53914,-0.0083723,0.023781,0.53973,298.76,1,1
29_A5,tier0_canopy_top,0,300,0.75,2.0,0.8,0.52907,-0.0088037,0.016266,0.5294,298.772,1,1
29_A5,tier0_canopy_top,0,300,0.7,2.0,0.8,0.53177,-0.010292,0.017825,0.53217,298.77,1,1
29_A5,tier0_canopy_top,0,300,0.7,2.05,0.8,0.53378,-0.0092337,0.023083,0.53436,298.764,1,1
29_A5,tier0_canopy_top,0,300,0.75,2.05,0.8,0.53089,-0.010454,0.021732,0.53143,298.767,1,1
29_A5,tier0_canopy_top,0,300,0.85,2.0,0.8,0.53544,-0.0053766,0.009902,0.53556,298.777,1,1
29_A5,tier0_canopy_top,0,300,0.8,2.0,0.8,0.52985,-0.0071487,0.013741,0.53008,298.775,1,1
29_A5,tier0_canopy_top,0,300,0.8,2.05,0.8,0.53129,-0.012299,0.019564,0.53179,298.77,1,1
29_A5,tier0_canopy_top,0,300,0.85,2.05,0.8,0.53622,-0.015169,0.016328,0.53669,298.773,1,1
29_A5,tier0_canopy_top,0,300,0.95,2.0,0.8,0.57011,-0.002035,-0.0042484,0.57013,298.782,1,1
29_A5,tier0_canopy_top,0,300,0.9,2.0,0.8,0.54782,-0.0035976,0.0042059,0.54785,298.78,1,1
29_A5,tier0_canopy_top,0,300,0.9,2.05,0.8,0.54754,-0.019674,0.011626,0.54802,298.776,1,1
29_A5,tier0_canopy_top,0,300,0.95,2.05,0.8,0.5681,-0.026805,0.0047678,0.56876,298.779,1,1
29_A5,tier0_canopy_top,0,300,0.35,1.6,0.8,0.40381,-0.097733,-0.009111,0.41556,298.826,1,1
29_A5,tier0_canopy_top,0,300,1.0,1.6,0.8,0.26803,0.00078991,-0.0054764,0.26808,298.823,1,1
29_A5,tier0_canopy_top,0,300,0.35,1.65,0.8,0.42401,-0.091679,-0.004372,0.43383,298.823,1,1
29_A5,tier0_canopy_top,0,300,1.0,1.65,0.8,0.27066,0.04837,-0.0025074,0.27496,298.831,1,1
29_A5,tier0_canopy_top,0,300,1.0,1.7,0.8,0.33807,0.095121,-0.004294,0.35122,298.83,1,1
29_A5,tier0_canopy_top,0,300,0.35,1.8,0.8,0.51547,-0.064562,0.0053494,0.51953,298.801,1,1
29_A5,tier0_canopy_top,0,300,1.0,1.75,0.8,0.41798,0.10227,-0.0083375,0.43039,298.824,1,1
29_A5,tier0_canopy_top,0,300,1.0,1.8,0.8,0.47281,0.091684,-0.013746,0.48182,298.816,1,1
29_A5,tier0_canopy_top,0,300,1.0,1.85,0.8,0.51941,0.079145,-0.019103,0.52576,298.807,1,1
29_A5,tier0_canopy_top,0,300,1.0,1.9,0.8,0.56076,0.061225,-0.022974,0.56456,298.797,1,1
29_A5,tier0_canopy_top,0,300,0.35,1.95,0.8,0.58809,-0.028181,0.010759,0.58887,298.767,1,1
29_A5,tier0_canopy_top,0,300,0.35,2.0,0.8,0.59887,-0.015893,0.013999,0.59925,298.756,1,1
29_A5,tier0_canopy_top,0,300,1.0,1.95,0.8,0.59245,0.034193,-0.023004,0.59388,298.789,1,1
29_A5,tier0_canopy_top,0,300,1.0,2.0,0.8,0.60753,-0.0010493,-0.017073,0.60777,298.783,1,1
29_A5,tier0_canopy_top,0,300,1.0,2.05,0.8,0.60244,-0.038213,-0.0055258,0.60367,298.781,1,1
29_A5,tier0_canopy_top,0,300,1.05,1.6,0.8,0.23702,-0.032468,-0.0024626,0.23924,298.84,1,1
29_A5,tier0_canopy_top,0,300,1.05,1.65,0.8,0.21474,0.072325,-0.0018117,0.2266,298.867,1,1
29_A5,tier0_canopy_top,0,300,1.0,1.65,0.8,0.27066,0.04837,-0.0025074,0.27496,298.831,1,1
29_A5,tier0_canopy_top,0,300,1.2,1.6,0.8,2.8526e-17,3.4643e-17,-2.803e-17,5.2911e-17,302,1,1
29_A5,tier0_canopy_top,0,300,1.2,1.65,0.8,2.8526e-17,3.4643e-17,-2.803e-17,5.2911e-17,302,1,1
29_A5,tier0_canopy_top,0,300,1.05,1.7,0.8,0.31917,0.17704,-0.0073003,0.36505,298.856,1,1
29_A5,tier0_canopy_top,0,300,1.0,1.7,0.8,0.33807,0.095121,-0.004294,0.35122,298.83,1,1
29_A5,tier0_canopy_top,0,300,1.05,1.75,0.8,0.4372,0.16181,-0.013803,0.46639,298.835,1,1
29_A5,tier0_canopy_top,0,300,1.1,1.7,0.8,1.0503e-16,3.7739e-17,-5.5457e-18,1.1174e-16,302,1,1
29_A5,tier0_canopy_top,0,300,1.1,1.75,0.8,0.47302,0.16996,-0.024976,0.50324,298.855,1,1
29_A5,tier0_canopy_top,0,300,1.15,1.7,0.8,0,0,0,0,302,1,1
29_A5,tier0_canopy_top,0,300,1.15,1.75,0.8,0.46216,0.13507,-0.041696,0.48329,298.877,1,1
29_A5,tier0_canopy_top,0,300,1.2,1.7,0.8,6.8565e-17,3.6438e-17,-2.2783e-17,8.0919e-17,302,1,1
29_A5,tier0_canopy_top,0,300,1.2,1.75,0.8,0.38841,0.135,-0.065841,0.41644,298.879,1,1
29_A5,tier0_canopy_top,0,300,1.05,1.8,0.8,0.49681,0.12858,-0.022312,0.51366,298.821,1,1
29_A5,tier0_canopy_top,0,300,1.0,1.8,0.8,0.47281,0.091684,-0.013746,0.48182,298.816,1,1
29_A5,tier0_canopy_top,0,300,1.05,1.85,0.8,0.55024,0.11285,-0.031699,0.56258,298.809,1,1
29_A5,tier0_canopy_top,0,300,1.15,1.8,0.8,0.53493,0.15958,-0.055256,0.56095,298.836,1,1
29_A5,tier0_canopy_top,0,300,1.1,1.8,0.8,0.52616,0.14462,-0.035744,0.54685,298.828,1,1
29_A5,tier0_canopy_top,0,300,1.1,1.85,0.8,0.58917,0.15036,-0.050608,0.61016,298.813,1,1
29_A5,tier0_canopy_top,0,300,1.15,1.85,0.8,0.62442,0.21041,-0.078965,0.66363,298.817,1,1
29_A5,tier0_canopy_top,0,300,1.2,1.8,0.8,0.50567,0.21794,-0.082934,0.55685,298.841,1,1
29_A5,tier0_canopy_top,0,300,1.2,1.85,0.8,0.62568,0.33873,-0.12135,0.72176,298.821,1,1
29_A5,tier0_canopy_top,0,300,1.05,1.9,0.8,0.60435,0.090871,-0.040288,0.61247,298.799,1,1
29_A5,tier0_canopy_top,0,300,1.0,1.9,0.8,0.56076,0.061225,-0.022974,0.56456,298.797,1,1
29_A5,tier0_canopy_top,0,300,1.05,1.95,0.8,0.64934,0.052343,-0.043697,0.65291,298.79,1,1
29_A5,tier0_canopy_top,0,300,1.15,1.9,0.8,0.7717,0.21076,-0.11222,0.80779,298.803,1,1
29_A5,tier0_canopy_top,0,300,1.1,1.9,0.8,0.67001,0.1334,-0.067486,0.68649,298.801,1,1
29_A5,tier0_canopy_top,0,300,1.1,1.95,0.8,0.74402,0.079981,-0.077914,0.75235,298.791,1,1
29_A5,tier0_canopy_top,0,300,1.15,1.95,0.8,0.91615,0.13052,-0.13849,0.93571,298.792,1,1
29_A5,tier0_canopy_top,0,300,1.2,1.9,0.8,0.8523,0.3785,-0.19074,0.95187,298.805,1,1
29_A5,tier0_canopy_top,0,300,1.2,1.95,0.8,1.0872,0.23462,-0.25483,1.141,298.793,1,1
29_A5,tier0_canopy_top,0,300,1.05,2.0,0.8,0.66952,-0.0012323,-0.037387,0.67056,298.785,1,1
29_A5,tier0_canopy_top,0,300,1.05,2.05,0.8,0.65853,-0.05689,-0.021828,0.66134,298.784,1,1
29_A5,tier0_canopy_top,0,300,1.0,2.05,0.8,0.60244,-0.038213,-0.0055258,0.60367,298.781,1,1
29_A5,tier0_canopy_top,0,300,1.15,2.0,0.8,0.96776,-0.01096,-0.13435,0.97711,298.787,1,1
29_A5,tier0_canopy_top,0,300,1.1,2.0,0.8,0.77437,-0.0036868,-0.071801,0.7777,298.786,1,1
29_A5,tier0_canopy_top,0,300,1.1,2.05,0.8,0.75172,-0.089134,-0.049676,0.75861,298.787,1,1
29_A5,tier0_canopy_top,0,300,1.15,2.05,0.8,0.9211,-0.15255,-0.10044,0.93903,298.791,1,1
29_A5,tier0_canopy_top,0,300,1.2,2.0,0.8,1.1651,-0.026718,-0.257,1.1934,298.788,1,1
29_A5,tier0_canopy_top,0,300,1.2,2.05,0.8,1.0817,-0.28546,-0.20087,1.1367,298.797,1,1
29_A5,tier0_canopy_top,0,300,1.1,1.6,0.8,0,0,0,0,302,1,1
29_A5,tier0_canopy_top,0,300,1.15,1.6,0.8,0,0,0,0,302,1,1
29_A5,tier0_canopy_top,0,300,1.1,1.65,0.8,0,0,0,0,302,1,1
29_A5,tier0_canopy_top,0,300,-1.15,2.1,0.8,1.3251,0.075278,-0.32658,1.3669,298.654,1,1
29_A5,tier0_canopy_top,0,300,-1.2,2.1,0.8,1.3279,0.00063674,-0.39106,1.3843,298.629,1,1
29_A5,tier0_canopy_top,0,300,-1.2,2.15,0.8,0.43813,-0.073335,-0.20692,0.49005,298.627,1,1
29_A5,tier0_canopy_top,0,300,-1.15,2.15,0.8,0.5419,-0.0021491,-0.21768,0.58399,298.662,1,1
29_A5,tier0_canopy_top,0,300,-1.05,2.1,0.8,1.2456,0.10276,-0.23925,1.2726,298.698,1,1
29_A5,tier0_canopy_top,0,300,-1.1,2.1,0.8,1.2901,0.095889,-0.27857,1.3234,298.678,1,1
29_A5,tier0_canopy_top,0,300,-1.1,2.15,0.8,0.61237,0.032605,-0.20896,0.64786,298.687,1,1
29_A5,tier0_canopy_top,0,300,-1.05,2.15,0.8,0.66646,0.053733,-0.18878,0.69476,298.701,1,1
29_A5,tier0_canopy_top,0,300,-1.15,2.2,0.8,0.1846,-0.093803,-0.15729,0.26003,298.696,1,1
29_A5,tier0_canopy_top,0,300,-1.2,2.2,0.8,0.14621,-0.17402,-0.1215,0.25773,298.641,1,1
29_A5,tier0_canopy_top,0,300,-1.2,2.25,0.8,0.083335,-0.16805,-0.090617,0.20832,298.67,1,1
29_A5,tier0_canopy_top,0,300,-1.15,2.25,0.8,0.040626,-0.089726,-0.13803,0.16957,298.763,1,1
29_A5,tier0_canopy_top,0,300,-1.05,2.2,0.8,0.28343,-0.02585,-0.14021,0.31727,298.704,1,1
29_A5,tier0_canopy_top,0,300,-1.1,2.2,0.8,0.22292,-0.049567,-0.15989,0.27878,298.716,1,1
29_A5,tier0_canopy_top,0,300,-1.1,2.25,0.8,0.018242,-0.079709,-0.12479,0.1492,298.757,1,1
29_A5,tier0_canopy_top,0,300,-1.05,2.25,0.8,0.073262,-0.092894,-0.087085,0.1469,298.681,1,1
29_A5,tier0_canopy_top,0,300,-1.05,2.3,0.8,0.0093613,-0.1489,-0.029541,0.15209,298.645,1,1
29_A5,tier0_canopy_top,0,300,-1.1,2.3,0.8,0,0,0,0,302,1,1
29_A5,tier0_canopy_top,0,300,-1.05,2.35,0.8,0.014447,-0.17059,0.012047,0.17162,298.614,1,1
29_A5,tier0_canopy_top,0,300,-1.1,2.35,0.8,0,0,0,0,302,1,1
29_A5,tier0_canopy_top,0,300,-1.2,2.4,0.8,7.2399e-18,2.0445e-17,-7.755e-18,2.3034e-17,302,1,1
29_A5,tier0_canopy_top,0,300,-1.15,2.4,0.8,0,0,0,0,302,1,1
29_A5,tier0_canopy_top,0,300,-1.05,2.4,0.8,0.031028,-0.16257,0.036234,0.16943,298.585,1,1
29_A5,tier0_canopy_top,0,300,-1.1,2.4,0.8,-9.7312e-18,2.3263e-17,-1.0652e-17,2.7374e-17,302,1,1
29_A5,tier0_canopy_top,0,300,-1.15,2.05,0.8,2.073,0.062377,-0.39629,2.1114,298.68,1,1
29_A5,tier0_canopy_top,0,300,-1.0,2.1,0.8,1.2032,0.103,-0.20684,1.2252,298.714,1,1
29_A5,tier0_canopy_top,0,300,-1.0,2.15,0.8,0.70975,0.066216,-0.16667,0.73206,298.708,1,1
29_A5,tier0_canopy_top,0,300,-1.0,2.2,0.8,0.35169,-0.0056262,-0.12192,0.37227,298.69,1,1
29_A5,tier0_canopy_top,0,300,-1.2,2.3,0.8,-1.8504e-17,3.7315e-17,2.0121e-17,4.6257e-17,302,1,1
29_A5,tier0_canopy_top,0,300,-1.15,2.3,0.8,0,0,0,0,302,1,1
29_A5,tier0_canopy_top,0,300,-1.0,2.25,0.8,0.13531,-0.079753,-0.073438,0.17338,298.646,1,1
29_A5,tier0_canopy_top,0,300,-1.0,2.3,0.8,0.041555,-0.14071,-0.026405,0.14908,298.6,1,1
29_A5,tier0_canopy_top,0,300,-1.2,2.35,0.8,0,0,0,0,302,1,1
29_A5,tier0_canopy_top,0,300,-1.0,2.35,0.8,0.017738,-0.16702,0.0082763,0.16816,298.576,1,1
29_A5,tier0_canopy_top,0,300,-1.0,2.4,0.8,0.017258,-0.16688,0.03324,0.17103,298.567,1,1
29_A5,tier0_canopy_top,0,300,-0.95,2.1,0.8,1.1623,0.098791,-0.17903,1.1802,298.727,1,1
29_A5,tier0_canopy_top,0,300,-1.0,2.1,0.8,1.2032,0.103,-0.20684,1.2252,298.714,1,1
29_A5,tier0_canopy_top,0,300,-0.95,2.15,0.8,0.74145,0.07241,-0.14542,0.75904,298.712,1,1
29_A5,tier0_canopy_top,0,300,-0.85,2.1,0.8,1.0865,0.086672,-0.12927,1.0976,298.74,1,1
29_A5,tier0_canopy_top,0,300,-0.9,2.1,0.8,1.1229,0.092886,-0.15303,1.1371,298.735,1,1
29_A5,tier0_canopy_top,0,300,-0.9,2.15,0.8,0.76324,0.075354,-0.12494,0.77706,298.713,1,1
29_A5,tier0_canopy_top,0,300,-0.85,2.15,0.8,0.77794,0.076598,-0.10595,0.78885,298.713,1,1
29_A5,tier0_canopy_top,0,300,-0.75,2.1,0.8,1.0215,0.073528,-0.092714,1.0283,298.743,1,1
29_A5,tier0_canopy_top,0,300,-0.8,2.1,0.8,1.0531,0.080197,-0.10922,1.0617,298.743,1,1
29_A5,tier0_canopy_top,0,300,-0.8,2.15,0.8,0.78709,0.076313,-0.089467,0.79582,298.713,1,1
29_A5,tier0_canopy_top,0,300,-0.75,2.15,0.8,0.79124,0.074732,-0.07549,0.79834,298.712,1,1
29_A5,tier0_canopy_top,0,300,-0.65,2.1,0.8,0.96192,0.060904,-0.067042,0.96618,298.741,1,1
29_A5,tier0_canopy_top,0,300,-0.7,2.1,0.8,0.99115,0.067005,-0.07886,0.99653,298.743,1,1
29_A5,tier0_canopy_top,0,300,-0.7,2.15,0.8,0.79114,0.072354,-0.063545,0.79698,298.711,1,1
29_A5,tier0_canopy_top,0,300,-0.65,2.15,0.8,0.78775,0.069593,-0.053251,0.79261,298.71,1,1
29_A5,tier0_canopy_top,0,300,-0.55,2.1,0.8,0.90708,0.050325,-0.048229,0.90975,298.737,1,1
29_A5,tier0_canopy_top,0,300,-0.6,2.1,0.8,0.9339,0.055335,-0.056921,0.93727,298.739,1,1
29_A5,tier0_canopy_top,0,300,-0.6,2.15,0.8,0.78187,0.066671,-0.044366,0.78596,298.708,1,1
29_A5,tier0_canopy_top,0,300,-0.55,2.15,0.8,0.7741,0.063704,-0.03667,0.77758,298.708,1,1
29_A5,tier0_canopy_top,0,300,-0.45,2.1,0.8,0.85704,0.041892,-0.034092,0.85874,298.732,1,1
29_A5,tier0_canopy_top,0,300,-0.5,2.1,0.8,0.88145,0.045857,-0.040702,0.88358,298.734,1,1
29_A5,tier0_canopy_top,0,300,-0.5,2.15,0.8,0.76494,0.06075,-0.029922,0.76793,298.707,1,1
29_A5,tier0_canopy_top,0,300,-0.45,2.15,0.8,0.7548,0.057838,-0.0239,0.75739,298.706,1,1
29_A5,tier0_canopy_top,0,300,-0.35,2.1,0.8,0.81192,0.035246,-0.022747,0.813,298.728,1,1
29_A5,tier0_canopy_top,0,300,-0.4,2.1,0.8,0.83387,0.038374,-0.028173,0.83523,298.73,1,1
29_A5,tier0_canopy_top,0,300,-0.4,2.15,0.8,0.74404,0.054974,-0.018405,0.7463,298.706,1,1
29_A5,tier0_canopy_top,0,300,-0.35,2.15,0.8,0.7329,0.052149,-0.013264,0.73488,298.706,1,1
29_A5,tier0_canopy_top,0,300,-0.95,2.2,0.8,0.41345,0.011797,-0.10655,0.42713,298.683,1,1
29_A5,tier0_canopy_top,0,300,-1.0,2.2,0.8,0.35169,-0.0056262,-0.12192,0.37227,298.69,1,1
29_A5,tier0_canopy_top,0,300,-0.95,2.25,0.8,0.1965,-0.058693,-0.065788,0.21537,298.639,1,1
29_A5,tier0_canopy_top,0,300,-0.85,2.2,0.8,0.50876,0.037291,-0.078903,0.51619,298.678,1,1
29_A5,tier0_canopy_top,0,300,-0.9,2.2,0.8,0.46551,0.02594,-0.092269,0.47527,298.68,1,1
29_A5,tier0_canopy_top,0,300,-0.9,2.25,0.8,0.25295,-0.037308,-0.058719,0.26234,298.639,1,1
29_A5,tier0_canopy_top,0,300,-0.85,2.25,0.8,0.30551,-0.017148,-0.05151,0.31029,298.641,1,1
29_A5,tier0_canopy_top,0,300,-0.75,2.2,0.8,0.57295,0.052401,-0.056296,0.57809,298.678,1,1
29_A5,tier0_canopy_top,0,300,-0.8,2.2,0.8,0.5443,0.045999,-0.066894,0.55032,298.678,1,1
29_A5,tier0_canopy_top,0,300,-0.8,2.25,0.8,0.3527,0.00047488,-0.044173,0.35546,298.645,1,1
29_A5,tier0_canopy_top,0,300,-0.75,2.25,0.8,0.39407,0.015212,-0.036894,0.39608,298.649,1,1
29_A5,tier0_canopy_top,0,300,-0.65,2.2,0.8,0.61277,0.060042,-0.038549,0.61691,298.68,1,1
29_A5,tier0_canopy_top,0,300,-0.7,2.2,0.8,0.59549,0.056956,-0.046911,0.60005,298.679,1,1
29_A5,tier0_canopy_top,0,300,-0.7,2.25,0.8,0.42979,0.027237,-0.029806,0.43168,298.653,1,1
29_A5,tier0_canopy_top,0,300,-0.65,2.25,0.8,0.46026,0.036838,-0.022984,0.4623,298.657,1,1
29_A5,tier0_canopy_top,0,300,-0.55,2.2,0.8,0.63453,0.062874,-0.024448,0.63811,298.682,1,1
29_A5,tier0_canopy_top,0,300,-0.6,2.2,0.8,0.62557,0.061947,-0.031109,0.6294,298.681,1,1
29_A5,tier0_canopy_top,0,300,-0.6,2.25,0.8,0.48594,0.044309,-0.016553,0.48823,298.66,1,1
29_A5,tier0_canopy_top,0,300,-0.55,2.25,0.8,0.50731,0.049926,-0.010535,0.50987,298.664,1,1
29_A5,tier0_canopy_top,0,300,-0.45,2.2,0.8,0.64359,0.062395,-0.012741,0.64673,298.685,1,1
29_A5,tier0_canopy_top,0,300,-0.5,2.2,0.8,0.64032,0.062976,-0.018367,0.64368,298.683,1,1
29_A5,tier0_canopy_top,0,300,-0.5,2.25,0.8,0.5249,0.053931,-0.0048314,0.52769,298.667,1,1
29_A5,tier0_canopy_top,0,300,-0.45,2.25,0.8,0.53911,0.056487,0.00056883,0.54206,298.67,1,1
29_A5,tier0_canopy_top,0,300,-0.35,2.2,0.8,0.64443,0.059678,-0.0024352,0.64719,298.688,1,1
29_A5,tier0_canopy_top,0,300,-0.4,2.2,0.8,0.64484,0.061265,-0.007465,0.64778,298.686,1,1
29_A5,tier0_canopy_top,0,300,-0.4,2.25,0.8,0.55028,0.057776,0.0056804,0.55333,298.673,1,1
29_A5,tier0_canopy_top,0,300,-0.35,2.25,0.8,0.5588,0.05803,0.01056,0.5619,298.676,1,1
29_A5,tier0_canopy_top,0,300,-0.95,2.3,0.8,0.083645,-0.12107,-0.02685,0.14958,298.6,1,1
29_A5,tier0_canopy_top,0,300,-1.0,2.3,0.8,0.041555,-0.14071,-0.026405,0.14908,298.6,1,1
29_A5,tier0_canopy_top,0,300,-0.95,2.35,0.8,0.040005,-0.15581,0.005194,0.16095,298.581,1,1
29_A5,tier0_canopy_top,0,300,-0.85,2.3,0.8,0.17294,-0.074269,-0.023392,0.18966,298.616,1,1
29_A5,tier0_canopy_top,0,300,-0.9,2.3,0.8,0.12636,-0.098373,-0.02597,0.16223,298.607,1,1
29_A5,tier0_canopy_top,0,300,-0.9,2.35,0.8,0.065184,-0.13926,0.0048823,0.15384,298.593,1,1
29_A5,tier0_canopy_top,0,300,-0.85,2.35,0.8,0.099275,-0.11866,0.0068418,0.15486,298.607,1,1
29_A5,tier0_canopy_top,0,300,-0.75,2.3,0.8,0.26416,-0.029285,-0.014746,0.26619,298.633,1,1
29_A5,tier0_canopy_top,0,300,-0.8,2.3,0.8,0.21956,-0.050783,-0.019483,0.2262,298.625,1,1
29_A5,tier0_canopy_top,0,300,-0.8,2.35,0.8,0.13824,-0.09557,0.010169,0.16837,298.619,1,1
29_A5,tier0_canopy_top,0,300,-0.75,2.35,0.8,0.17934,-0.072089,0.014226,0.19381,298.63,1,1
29_A5,tier0_canopy_top,0,300,-0.65,2.3,0.8,0.3423,0.0051673,-0.003598,0.34236,298.645,1,1
29_A5,tier0_canopy_top,0,300,-0.7,2.3,0.8,0.30532,-0.010532,-0.0093765,0.30564,298.639,1,1
29_A5,tier0_canopy_top,0,300,-0.7,2.35,0.8,0.22014,-0.049909,0.018659,0.2265,298.638,1,1
29_A5,tier0_canopy_top,0,300,-0.65,2.35,0.8,0.25892,-0.030096,0.023224,0.2617,298.646,1,1
29_A5,tier0_canopy_top,0,300,-0.55,2.3,0.8,0.40368,0.027962,0.0077146,0.40472,298.656,1,1
29_A5,tier0_canopy_top,0,300,-0.6,2.3,0.8,0.375,0.017878,0.0021735,0.37543,298.651,1,1
29_A5,tier0_canopy_top,0,300,-0.6,2.35,0.8,0.29456,-0.013291,0.027744,0.29616,298.652,1,1
29_A5,tier0_canopy_top,0,300,-0.55,2.35,0.8,0.32657,0.00045937,0.03216,0.32815,298.658,1,1
29_A5,tier0_canopy_top,0,300,-0.45,2.3,0.8,0.44999,0.041645,0.017934,0.45227,298.664,1,1
29_A5,tier0_canopy_top,0,300,-0.5,2.3,0.8,0.42862,0.035808,0.012989,0.43031,298.66,1,1
29_A5,tier0_canopy_top,0,300,-0.5,2.35,0.8,0.35498,0.011494,0.03636,0.35703,298.663,1,1
29_A5,tier0_canopy_top,0,300,-0.45,2.35,0.8,0.38001,0.020149,0.040252,0.38267,298.668,1,1
29_A5,tier0_canopy_top,0,300,-0.35,2.3,0.8,0.48291,0.048167,0.026877,0.48605,298.672,1,1
29_A5,tier0_canopy_top,0,300,-0.4,2.3,0.8,0.468,0.045672,0.022543,0.47076,298.668,1,1
29_A5,tier0_canopy_top,0,300,-0.4,2.35,0.8,0.40184,0.026711,0.043831,0.40511,298.672,1,1
29_A5,tier0_canopy_top,0,300,-0.35,2.35,0.8,0.42065,0.031461,0.047133,0.42445,298.676,1,1
29_A5,tier0_canopy_top,0,300,-0.95,2.4,0.8,0.022872,-0.1652,0.031786,0.16978,298.574,1,1
29_A5,tier0_canopy_top,0,300,-0.85,2.4,0.8,0.058445,-0.14319,0.03772,0.15919,298.604,1,1
29_A5,tier0_canopy_top,0,300,-0.9,2.4,0.8,0.03507,-0.15685,0.033712,0.16422,298.588,1,1
29_A5,tier0_canopy_top,0,300,-0.75,2.4,0.8,0.12504,-0.10453,0.047555,0.16977,298.632,1,1
29_A5,tier0_canopy_top,0,300,-0.8,2.4,0.8,0.089456,-0.12509,0.042571,0.15957,298.619,1,1
29_A5,tier0_canopy_top,0,300,-0.65,2.4,0.8,0.2003,-0.063178,0.056152,0.2174,298.652,1,1
29_A5,tier0_canopy_top,0,300,-0.7,2.4,0.8,0.16262,-0.083418,0.052165,0.19007,298.643,1,1
29_A5,tier0_canopy_top,0,300,-0.55,2.4,0.8,0.27041,-0.028889,0.062528,0.27904,298.666,1,1
29_A5,tier0_canopy_top,0,300,-0.6,2.4,0.8,0.23657,-0.044832,0.059568,0.24804,298.66,1,1
29_A5,tier0_canopy_top,0,300,-0.45,2.4,0.8,0.32894,-0.0045227,0.067509,0.33583,298.677,1,1
29_A5,tier0_canopy_top,0,300,-0.5,2.4,0.8,0.30127,-0.01547,0.065141,0.30862,298.672,1,1
29_A5,tier0_canopy_top,0,300,-0.35,2.4,0.8,0.37513,0.010863,0.071555,0.38205,298.686,1,1
29_A5,tier0_canopy_top,0,300,-0.4,2.4,0.8,0.3535,0.0041593,0.069651,0.36032,298.682,1,1
29_A5,tier0_canopy_top,0,300,-0.9,2.05,0.8,1.4275,0.067893,-0.16982,1.4392,298.758,1,1
29_A5,tier0_canopy_top,0,300,-0.6,2.05,0.8,1.0427,0.027727,-0.067674,1.0453,298.771,1,1
29_A5,tier0_canopy_top,0,300,-0.55,2.05,0.8,0.99998,0.023051,-0.058336,1.0019,298.768,1,1
29_A5,tier0_canopy_top,0,300,-0.45,2.05,0.8,0.92557,0.015652,-0.043057,0.9267,298.761,1,1
29_A5,tier0_canopy_top,0,300,-0.25,2.1,0.8,0.77135,0.02991,-0.012908,0.77204,298.725,1,1
29_A5,tier0_canopy_top,0,300,-0.3,2.1,0.8,0.7911,0.032448,-0.017685,0.79196,298.727,1,1
29_A5,tier0_canopy_top,0,300,-0.3,2.15,0.8,0.72153,0.049348,-0.0083736,0.72326,298.706,1,1
29_A5,tier0_canopy_top,0,300,-0.25,2.15,0.8,0.71004,0.046568,-0.003693,0.71157,298.706,1,1
29_A5,tier0_canopy_top,0,300,-0.15,2.1,0.8,0.73474,0.025352,-0.0040516,0.73519,298.724,1,1
29_A5,tier0_canopy_top,0,300,-0.2,2.1,0.8,0.75259,0.027562,-0.0083725,0.75314,298.725,1,1
29_A5,tier0_canopy_top,0,300,-0.2,2.15,0.8,0.69848,0.043783,0.00077456,0.69985,298.707,1,1
29_A5,tier0_canopy_top,0,300,-0.15,2.15,0.8,0.68688,0.040981,0.0050221,0.68812,298.708,1,1
29_A5,tier0_canopy_top,0,300,-0.05,2.1,0.8,0.70137,0.021171,0.0039562,0.7017,298.724,1,1
29_A5,tier0_canopy_top,0,300,-0.1,2.1,0.8,0.71769,0.023232,5.4587e-05,0.71807,298.724,1,1
29_A5,tier0_canopy_top,0,300,-0.1,2.15,0.8,0.67525,0.038165,0.0090269,0.67639,298.709,1,1
29_A5,tier0_canopy_top,0,300,-0.05,2.15,0.8,0.66363,0.035341,0.01278,0.66469,298.71,1,1
29_A5,tier0_canopy_top,0,300,0.05,2.1,0.8,0.67072,0.017172,0.011195,0.67103,298.725,1,1
29_A5,tier0_canopy_top,0,300,0.0,2.1,0.8,0.68571,0.019153,0.0076712,0.68603,298.724,1,1
29_A5,tier0_canopy_top,0,300,0.0,2.15,0.8,0.65206,0.032528,0.016299,0.65307,298.712,1,1
29_A5,tier0_canopy_top,0,300,0.05,2.15,0.8,0.64062,0.029738,0.019586,0.6416,298.714,1,1
29_A5,tier0_canopy_top,0,300,0.15,2.1,0.8,0.64265,0.013285,0.017451,0.64303,298.728,1,1
29_A5,tier0_canopy_top,0,300,0.1,2.1,0.8,0.65638,0.015222,0.014485,0.65671,298.726,1,1
29_A5,tier0_canopy_top,0,300,0.1,2.15,0.8,0.62936,0.026964,0.02261,0.63034,298.716,1,1
29_A5,tier0_canopy_top,0,300,0.15,2.15,0.8,0.61831,0.024184,0.025314,0.6193,298.719,1,1
29_A5,tier0_canopy_top,0,300,0.25,2.1,0.8,0.61661,0.009357,0.022086,0.61707,298.732,1,1
29_A5,tier0_canopy_top,0,300,0.2,2.1,0.8,0.62945,0.011332,0.019982,0.62986,298.73,1,1
29_A5,tier0_canopy_top,0,300,0.2,2.15,0.8,0.60744,0.02137,0.027642,0.60844,298.721,1,1
29_A5,tier0_canopy_top,0,300,0.25,2.15,0.8,0.59668,0.018523,0.029617,0.59771,298.724,1,1
29_A5,tier0_canopy_top,0,300,0.35,2.1,0.8,0.59199,0.0054967,0.025565,0.59256,298.737,1,1
29_A5,tier0_canopy_top,0,300,0.3,2.1,0.8,0.60409,0.0074002,0.023916,0.60461,298.734,1,1
29_A5,tier0_canopy_top,0,300,0.3,2.15,0.8,0.58604,0.015688,0.03133,0.58709,298.727,1,1
29_A5,tier0_canopy_top,0,300,0.35,2.15,0.8,0.5756,0.012899,0.032829,0.57668,298.731,1,1
29_A5,tier0_canopy_top,0,300,-0.25,2.2,0.8,0.63947,0.055341,0.0069971,0.6419,298.691,1,1
29_A5,tier0_canopy_top,0,300,-0.3,2.2,0.8,0.64257,0.057678,0.0023879,0.64516,298.689,1,1
29_A5,tier0_canopy_top,0,300,-0.3,2.25,0.8,0.56496,0.05742,0.015201,0.56807,298.679,1,1
29_A5,tier0_canopy_top,0,300,-0.25,2.25,0.8,0.56902,0.056102,0.019578,0.57211,298.682,1,1
29_A5,tier0_canopy_top,0,300,-0.15,2.2,0.8,0.63018,0.049913,0.015452,0.63234,298.696,1,1
29_A5,tier0_canopy_top,0,300,-0.2,2.2,0.8,0.6353,0.052738,0.011359,0.63759,298.693,1,1
29_A5,tier0_canopy_top,0,300,-0.2,2.25,0.8,0.57125,0.05423,0.023669,0.5743,298.686,1,1
29_A5,tier0_canopy_top,0,300,-0.15,2.25,0.8,0.57186,0.051921,0.027459,0.57487,298.689,1,1
29_A5,tier0_canopy_top,0,300,-0.05,2.2,0.8,0.61765,0.043825,0.022797,0.61962,298.701,1,1
29_A5,tier0_canopy_top,0,300,-0.1,2.2,0.8,0.62425,0.046926,0.019266,0.62631,298.698,1,1
29_A5,tier0_canopy_top,0,300,-0.1,2.25,0.8,0.57108,0.049271,0.030936,0.57404,298.692,1,1
29_A5,tier0_canopy_top,0,300,-0.05,2.25,0.8,0.5691,0.046359,0.034096,0.572,298.696,1,1
29_A5,tier0_canopy_top,0,300,0.05,2.2,0.8,0.60298,0.037428,0.029023,0.60484,298.706,1,1
29_A5,tier0_canopy_top,0,300,0.0,2.2,0.8,0.61052,0.040649,0.026049,0.61243,298.703,1,1
29_A5,tier0_canopy_top,0,300,0.0,2.25,0.8,0.5661,0.043252,0.036942,0.56895,298.699,1,1
29_A5,tier0_canopy_top,0,300,0.05,2.25,0.8,0.56225,0.040002,0.039482,0.56506,298.703,1,1
29_A5,tier0_canopy_top,0,300,0.15,2.2,0.8,0.58711,0.030866,0.034081,0.5889,298.713,1,1
29_A5,tier0_canopy_top,0,300,0.1,2.2,0.8,0.59515,0.034169,0.031708,0.59697,298.71,1,1
29_A5,tier0_canopy_top,0,300,0.1,2.25,0.8,0.55772,0.036637,0.041722,0.56047,298.707,1,1
29_A5,tier0_canopy_top,0,300,0.15,2.25,0.8,0.55261,0.033171,0.043663,0.55532,298.712,1,1
29_A5,tier0_canopy_top,0,300,0.25,2.2,0.8,0.5705,0.024107,0.03787,0.57226,298.72,1,1
29_A5,tier0_canopy_top,0,300,0.2,2.2,0.8,0.57888,0.027508,0.036127,0.58066,298.717,1,1
29_A5,tier0_canopy_top,0,300,0.2,2.25,0.8,0.54701,0.029612,0.045313,0.54968,298.716,1,1
29_A5,tier0_canopy_top,0,300,0.25,2.25,0.8,0.54099,0.025975,0.046696,0.54362,298.72,1,1
29_A5,tier0_canopy_top,0,300,0.35,2.2,0.8,0.55343,0.017298,0.040623,0.55519,298.729,1,1
29_A5,tier0_canopy_top,0,300,0.3,2.2,0.8,0.56198,0.020697,0.039358,0.56374,298.724,1,1
29_A5,tier0_canopy_top,0,300,0.3,2.25,0.8,0.53461,0.022289,0.047844,0.53721,298.725,1,1
29_A5,tier0_canopy_top,0,300,0.35,2.25,0.8,0.52797,0.018568,0.048787,0.53054,298.73,1,1
29_A5,tier0_canopy_top,0,300,-0.25,2.3,0.8,0.50454,0.049568,0.034735,0.50816,298.68,1,1
29_A5,tier0_canopy_top,0,300,-0.3,2.3,0.8,0.495,0.049392,0.030943,0.49842,298.676,1,1
29_A5,tier0_canopy_top,0,300,-0.3,2.35,0.8,0.43661,0.034662,0.050172,0.44085,298.681,1,1
29_A5,tier0_canopy_top,0,300,-0.25,2.35,0.8,0.44995,0.036556,0.052946,0.45452,298.685,1,1
29_A5,tier0_canopy_top,0,300,-0.15,2.3,0.8,0.51701,0.047534,0.041434,0.52084,298.688,1,1
29_A5,tier0_canopy_top,0,300,-0.2,2.3,0.8,0.51179,0.048891,0.038239,0.51554,298.684,1,1
29_A5,tier0_canopy_top,0,300,-0.2,2.35,0.8,0.46087,0.037362,0.055447,0.4657,298.689,1,1
29_A5,tier0_canopy_top,0,300,-0.15,2.35,0.8,0.46962,0.037273,0.057667,0.47461,298.694,1,1
29_A5,tier0_canopy_top,0,300,-0.05,2.3,0.8,0.52232,0.043316,0.046862,0.52621,298.696,1,1
29_A5,tier0_canopy_top,0,300,-0.1,2.3,0.8,0.52045,0.045637,0.044309,0.52432,298.692,1,1
29_A5,tier0_canopy_top,0,300,-0.1,2.35,0.8,0.4764,0.036457,0.059603,0.4815,298.698,1,1
29_A5,tier0_canopy_top,0,300,-0.05,2.35,0.8,0.48144,0.035054,0.061257,0.48659,298.703,1,1
29_A5,tier0_canopy_top,0,300,0.05,2.3,0.8,0.52223,0.037757,0.051032,0.52608,298.705,1,1
29_A5,tier0_canopy_top,0,300,0.0,2.3,0.8,0.52285,0.040665,0.049098,0.52673,298.701,1,1
29_A5,tier0_canopy_top,0,300,0.0,2.35,0.8,0.48495,0.033179,0.062638,0.49011,298.707,1,1
29_A5,tier0_canopy_top,0,300,0.05,2.35,0.8,0.48712,0.030924,0.063762,0.49225,298.712,1,1
29_A5,tier0_canopy_top,0,300,0.15,2.3,0.8,0.51818,0.031351,0.054055,0.52194,298.715,1,1
29_A5,tier0_canopy_top,0,300,0.1,2.3,0.8,0.52063,0.034641,0.052679,0.52443,298.71,1,1
29_A5,tier0_canopy_top,0,300,0.1,2.35,0.8,0.48812,0.028356,0.064646,0.4932,298.717,1,1
29_A5,tier0_canopy_top,0,300,0.15,2.35,0.8,0.4881,0.025528,0.065312,0.49311,298.722,1,1
29_A5,tier0_canopy_top,0,300,0.25,2.3,0.8,0.51121,0.024338,0.056083,0.51485,298.725,1,1
29_A5,tier0_canopy_top,0,300,0.2,2.3,0.8,0.51501,0.02791,0.055181,0.51871,298.72,1,1
29_A5,tier0_canopy_top,0,300,0.2,2.35,0.8,0.48719,0.022477,0.065782,0.49213,298.727,1,1
29_A5,tier0_canopy_top,0,300,0.25,2.35,0.8,0.48551,0.019231,0.066082,0.49036,298.733,1,1
29_A5,tier0_canopy_top,0,300,0.35,2.3,0.8,0.50205,0.016893,0.057326,0.5056,298.736,1,1
29_A5,tier0_canopy_top,0,300,0.3,2.3,0.8,0.50685,0.020661,0.056791,0.51044,298.73,1,1
29_A5,tier0_canopy_top,0,300,0.3,2.35,0.8,0.48315,0.015816,0.066233,0.48792,298.738,1,1
29_A5,tier0_canopy_top,0,300,0.35,2.35,0.8,0.48021,0.012252,0.066255,0.48492,298.744,1,1
29_A5,tier0_canopy_top,0,300,-0.25,2.4,0.8,0.41029,0.0194,0.074676,0.41748,298.695,1,1
29_A5,tier0_canopy_top,0,300,-0.3,2.4,0.8,0.39399,0.015856,0.073232,0.40105,298.69,1,1
29_A5,tier0_canopy_top,0,300,-0.15,2.4,0.8,0.43594,0.023023,0.076846,0.44326,298.703,1,1
29_A5,tier0_canopy_top,0,300,-0.2,2.4,0.8,0.42421,0.021727,0.075878,0.43149,298.699,1,1
29_A5,tier0_canopy_top,0,300,-0.05,2.4,0.8,0.45359,0.023168,0.078112,0.46085,298.712,1,1
29_A5,tier0_canopy_top,0,300,-0.1,2.4,0.8,0.44567,0.023455,0.077589,0.45298,298.708,1,1
29_A5,tier0_canopy_top,0,300,0.05,2.4,0.8,0.46473,0.020904,0.07855,0.47178,298.722,1,1
29_A5,tier0_canopy_top,0,300,0.0,2.4,0.8,0.45988,0.022284,0.078427,0.46705,298.717,1,1
29_A5,tier0_canopy_top,0,300,0.15,2.4,0.8,0.47072,0.016958,0.078294,0.47749,298.732,1,1
29_A5,tier0_canopy_top,0,300,0.1,2.4,0.8,0.46829,0.019108,0.078498,0.47521,298.727,1,1
29_A5,tier0_canopy_top,0,300,0.25,2.4,0.8,0.47268,0.011787,0.077512,0.47914,298.742,1,1
29_A5,tier0_canopy_top,0,300,0.2,2.4,0.8,0.47214,0.014504,0.07796,0.47876,298.737,1,1
29_A5,tier0_canopy_top,0,300,0.35,2.4,0.8,0.47151,0.0056845,0.076353,0.47768,298.753,1,1
29_A5,tier0_canopy_top,0,300,0.3,2.4,0.8,0.47244,0.0088399,0.07697,0.47875,298.748,1,1
29_A5,tier0_canopy_top,0,300,-0.35,2.1,0.8,0.81192,0.035246,-0.022747,0.813,298.728,1,1
29_A5,tier0_canopy_top,0,300,-0.2,2.05,0.8,0.78624,0.0056669,-0.015918,0.78643,298.746,1,1
29_A5,tier0_canopy_top,0,300,-0.15,2.05,0.8,0.76408,0.004532,-0.011548,0.76418,298.744,1,1
29_A5,tier0_canopy_top,0,300,-0.1,2.05,0.8,0.7433,0.0035286,-0.0074041,0.74334,298.742,1,1
29_A5,tier0_canopy_top,0,300,-0.05,2.05,0.8,0.72377,0.002601,-0.0034423,0.72378,298.741,1,1
29_A5,tier0_canopy_top,0,300,0.0,2.05,0.8,0.70536,0.0016972,0.00036716,0.70536,298.74,1,1
29_A5,tier0_canopy_top,0,300,0.15,2.05,0.8,0.65612,-0.0010027,0.010624,0.6562,298.74,1,1
29_A5,tier0_canopy_top,0,300,0.2,2.05,0.8,0.64137,-0.0018903,0.013277,0.64151,298.741,1,1
29_A5,tier0_canopy_top,0,300,-0.35,2.25,0.8,0.5588,0.05803,0.01056,0.5619,298.676,1,1
29_A5,tier0_canopy_top,0,300,-0.35,2.35,0.8,0.42065,0.031461,0.047133,0.42445,298.676,1,1
29_A5,tier0_canopy_top,0,300,-0.35,2.4,0.8,0.37513,0.010863,0.071555,0.38205,298.686,1,1
29_A5,tier0_canopy_top,0,300,0.45,2.1,0.8,0.56943,0.0018242,0.028214,0.57013,298.742,1,1
29_A5,tier0_canopy_top,0,300,0.4,2.1,0.8,0.5804,0.0036457,0.027013,0.58104,298.739,1,1
29_A5,tier0_canopy_top,0,300,0.4,2.15,0.8,0.56546,0.010141,0.034108,0.56658,298.734,1,1
29_A5,tier0_canopy_top,0,300,0.45,2.15,0.8,0.5557,0.0073761,0.035145,0.55686,298.738,1,1
29_A5,tier0_canopy_top,0,300,0.55,2.1,0.8,0.54972,-0.0018958,0.029746,0.55053,298.749,1,1
29_A5,tier0_canopy_top,0,300,0.5,2.1,0.8,0.55915,-3.7714e-06,0.029135,0.55991,298.746,1,1
29_A5,tier0_canopy_top,0,300,0.5,2.15,0.8,0.54643,0.0045451,0.035926,0.54763,298.742,1,1
29_A5,tier0_canopy_top,0,300,0.55,2.15,0.8,0.53777,0.0015614,0.036435,0.53901,298.746,1,1
29_A5,tier0_canopy_top,0,300,0.65,2.1,0.8,0.5342,-0.0062995,0.029889,0.53507,298.756,1,1
29_A5,tier0_canopy_top,0,300,0.6,2.1,0.8,0.54132,-0.0039456,0.030012,0.54217,298.753,1,1
29_A5,tier0_canopy_top,0,300,0.6,2.15,0.8,0.52988,-0.0017093,0.036655,0.53115,298.751,1,1
29_A5,tier0_canopy_top,0,300,0.65,2.15,0.8,0.52295,-0.0054698,0.036567,0.52425,298.755,1,1
29_A5,tier0_canopy_top,0,300,0.75,2.1,0.8,0.52529,-0.012905,0.028251,0.52621,298.764,1,1
29_A5,tier0_canopy_top,0,300,0.7,2.1,0.8,0.5287,-0.0091774,0.029323,0.52959,298.76,1,1
29_A5,tier0_canopy_top,0,300,0.7,2.15,0.8,0.51723,-0.010022,0.036155,0.51859,298.76,1,1
29_A5,tier0_canopy_top,0,300,0.75,2.15,0.8,0.51307,-0.015809,0.035405,0.51454,298.765,1,1
29_A5,tier0_canopy_top,0,300,0.85,2.1,0.8,0.52789,-0.025028,0.024183,0.52904,298.772,1,1
29_A5,tier0_canopy_top,0,300,0.8,2.1,0.8,0.52469,-0.017959,0.026582,0.52567,298.768,1,1
29_A5,tier0_canopy_top,0,300,0.8,2.15,0.8,0.51097,-0.023475,0.034301,0.51266,298.769,1,1
29_A5,tier0_canopy_top,0,300,0.85,2.15,0.8,0.51168,-0.033936,0.032827,0.51386,298.774,1,1
29_A5,tier0_canopy_top,0,300,0.95,2.1,0.8,0.55242,-0.049557,0.016181,0.55488,298.78,1,1
29_A5,tier0_canopy_top,0,300,0.9,2.1,0.8,0.53641,-0.035096,0.02084,0.53796,298.776,1,1
29_A5,tier0_canopy_top,0,300,0.9,2.15,0.8,0.51632,-0.048439,0.030957,0.51951,298.78,1,1
29_A5,tier0_canopy_top,0,300,0.95,2.15,0.8,0.52649,-0.068492,0.028632,0.5317,298.786,1,1
29_A5,tier0_canopy_top,0,300,0.45,2.2,0.8,0.5366,0.010441,0.042494,0.53838,298.738,1,1
29_A5,tier0_canopy_top,0,300,0.4,2.2,0.8,0.54494,0.013894,0.041669,0.54671,298.733,1,1
29_A5,tier0_canopy_top,0,300,0.4,2.25,0.8,0.52115,0.014797,0.049538,0.52371,298.735,1,1
29_A5,tier0_canopy_top,0,300,0.45,2.25,0.8,0.51427,0.010935,0.050097,0.51682,298.74,1,1
29_A5,tier0_canopy_top,0,300,0.55,2.2,0.8,0.52075,0.0030778,0.043468,0.52257,298.747,1,1
29_A5,tier0_canopy_top,0,300,0.5,2.2,0.8,0.5285,0.0068699,0.043094,0.5303,298.742,1,1
29_A5,tier0_canopy_top,0,300,0.5,2.25,0.8,0.50741,0.0069153,0.05047,0.50996,298.746,1,1
29_A5,tier0_canopy_top,0,300,0.55,2.25,0.8,0.50064,0.0026344,0.050667,0.50321,298.751,1,1
29_A5,tier0_canopy_top,0,300,0.65,2.2,0.8,0.50676,-0.0058661,0.043544,0.50867,298.758,1,1
29_A5,tier0_canopy_top,0,300,0.6,2.2,0.8,0.51347,-0.0010902,0.043616,0.51532,298.752,1,1
29_A5,tier0_canopy_top,0,300,0.6,2.25,0.8,0.49403,-0.0020592,0.050702,0.49663,298.757,1,1
29_A5,tier0_canopy_top,0,300,0.65,2.25,0.8,0.48763,-0.0073925,0.050596,0.4903,298.763,1,1
29_A5,tier0_canopy_top,0,300,0.75,2.2,0.8,0.4957,-0.018805,0.04281,0.4979,298.768,1,1
29_A5,tier0_canopy_top,0,300,0.7,2.2,0.8,0.50078,-0.011598,0.043266,0.50278,298.763,1,1
29_A5,tier0_canopy_top,0,300,0.7,2.25,0.8,0.48143,-0.013708,0.050388,0.48425,298.769,1,1
29_A5,tier0_canopy_top,0,300,0.75,2.25,0.8,0.47542,-0.021535,0.050129,0.47854,298.776,1,1
29_A5,tier0_canopy_top,0,300,0.85,2.2,0.8,0.48948,-0.041098,0.041602,0.49296,298.781,1,1
29_A5,tier0_canopy_top,0,300,0.8,2.2,0.8,0.49179,-0.028257,0.042227,0.4944,298.774,1,1
29_A5,tier0_canopy_top,0,300,0.8,2.25,0.8,0.46954,-0.031701,0.049906,0.47325,298.782,1,1
29_A5,tier0_canopy_top,0,300,0.85,2.25,0.8,0.46375,-0.045542,0.049871,0.46864,298.79,1,1
29_A5,tier0_canopy_top,0,300,0.95,2.2,0.8,0.49356,-0.083664,0.040826,0.50226,298.795,1,1
29_A5,tier0_canopy_top,0,300,0.9,2.2,0.8,0.48958,-0.058936,0.041073,0.49483,298.787,1,1
29_A5,tier0_canopy_top,0,300,0.9,2.25,0.8,0.45823,-0.065199,0.050263,0.46557,298.797,1,1
29_A5,tier0_canopy_top,0,300,0.95,2.25,0.8,0.45406,-0.093809,0.051392,0.46649,298.806,1,1
29_A5,tier0_canopy_top,0,300,0.45,2.3,0.8,0.49151,0.0090271,0.057924,0.495,298.747,1,1
29_A5,tier0_canopy_top,0,300,0.4,2.3,0.8,0.4969,0.013025,0.057701,0.50041,298.741,1,1
29_A5,tier0_canopy_top,0,300,0.4,2.35,0.8,0.4768,0.0085389,0.066162,0.48145,298.75,1,1
29_A5,tier0_canopy_top,0,300,0.45,2.35,0.8,0.47299,0.0046592,0.065969,0.4776,298.756,1,1
29_A5,tier0_canopy_top,0,300,0.55,2.3,0.8,0.48025,0.00038877,0.057969,0.48373,298.759,1,1
29_A5,tier0_canopy_top,0,300,0.5,2.3,0.8,0.48594,0.0048429,0.058008,0.48942,298.753,1,1
29_A5,tier0_canopy_top,0,300,0.5,2.35,0.8,0.46885,0.00057734,0.06569,0.47343,298.762,1,1
29_A5,tier0_canopy_top,0,300,0.55,2.35,0.8,0.46442,-0.0037637,0.065342,0.46901,298.768,1,1
29_A5,tier0_canopy_top,0,300,0.65,2.3,0.8,0.46852,-0.0098862,0.057619,0.47215,298.772,1,1
29_A5,tier0_canopy_top,0,300,0.6,2.3,0.8,0.47445,-0.0044591,0.057829,0.47798,298.765,1,1
29_A5,tier0_canopy_top,0,300,0.6,2.35,0.8,0.45969,-0.0084458,0.064947,0.46433,298.775,1,1
29_A5,tier0_canopy_top,0,300,0.65,2.35,0.8,0.45461,-0.013579,0.064535,0.45937,298.781,1,1
29_A5,tier0_canopy_top,0,300,0.75,2.3,0.8,0.45573,-0.023717,0.057161,0.45992,298.785,1,1
29_A5,tier0_canopy_top,0,300,0.7,2.3,0.8,0.46236,-0.016166,0.057378,0.46619,298.778,1,1
29_A5,tier0_canopy_top,0,300,0.7,2.35,0.8,0.44904,-0.019302,0.064134,0.45401,298.788,1,1
29_A5,tier0_canopy_top,0,300,0.75,2.35,0.8,0.44259,-0.025794,0.063778,0.4479,298.795,1,1
29_A5,tier0_canopy_top,0,300,0.85,2.3,0.8,0.43882,-0.045816,0.057216,0.4449,298.8,1,1
29_A5,tier0_canopy_top,0,300,0.8,2.3,0.8,0.44817,-0.033215,0.057056,0.45301,298.793,1,1
29_A5,tier0_canopy_top,0,300,0.8,2.35,0.8,0.4345,-0.033288,0.063538,0.44038,298.801,1,1
29_A5,tier0_canopy_top,0,300,0.85,2.35,0.8,0.42334,-0.042101,0.063531,0.43015,298.808,1,1
29_A5,tier0_canopy_top,0,300,0.95,2.3,0.8,0.40774,-0.090162,0.059303,0.42178,298.817,1,1
29_A5,tier0_canopy_top,0,300,0.9,2.3,0.8,0.4262,-0.063591,0.057883,0.43479,298.808,1,1
29_A5,tier0_canopy_top,0,300,0.9,2.35,0.8,0.40626,-0.052679,0.063943,0.41462,298.816,1,1
29_A5,tier0_canopy_top,0,300,0.95,2.35,0.8,0.37694,-0.065599,0.064871,0.38807,298.823,1,1
29_A5,tier0_canopy_top,0,300,0.45,2.4,0.8,0.46791,-0.0012226,0.074956,0.47388,298.764,1,1
29_A5,tier0_canopy_top,0,300,0.4,2.4,0.8,0.46997,0.0023315,0.075677,0.47603,298.759,1,1
29_A5,tier0_canopy_top,0,300,0.55,2.4,0.8,0.4624,-0.0089974,0.073426,0.46828,298.776,1,1
29_A5,tier0_canopy_top,0,300,0.5,2.4,0.8,0.46538,-0.0049908,0.074201,0.47128,298.77,1,1
29_A5,tier0_canopy_top,0,300,0.65,2.4,0.8,0.45496,-0.017858,0.071862,0.46094,298.787,1,1
29_A5,tier0_canopy_top,0,300,0.6,2.4,0.8,0.45895,-0.013278,0.072643,0.46485,298.781,1,1
29_A5,tier0_canopy_top,0,300,0.75,2.4,0.8,0.44453,-0.027844,0.070356,0.45092,298.798,1,1
29_A5,tier0_canopy_top,0,300,0.7,2.4,0.8,0.45026,-0.022734,0.071092,0.45641,298.793,1,1
29_A5,tier0_canopy_top,0,300,0.85,2.4,0.8,0.42716,-0.037604,0.069142,0.43435,298.809,1,1
29_A5,tier0_canopy_top,0,300,0.8,2.4,0.8,0.43717,-0.032981,0.069688,0.44391,298.804,1,1
29_A5,tier0_canopy_top,0,300,0.95,2.4,0.8,0.39079,-0.038679,0.068696,0.39866,298.82,1,1
29_A5,tier0_canopy_top,0,300,0.9,2.4,0.8,0.41277,-0.040454,0.068804,0.42042,298.814,1,1
29_A5,tier0_canopy_top,0,300,0.4,2.05,0.8,0.58773,-0.0051577,0.020647,0.58812,298.747,1,1
29_A5,tier0_canopy_top,0,300,0.6,2.05,0.8,0.54639,-0.0076955,0.023941,0.54697,298.757,1,1
29_A5,tier0_canopy_top,0,300,0.65,2.05,0.8,0.53914,-0.0083723,0.023781,0.53973,298.76,1,1
29_A5,tier0_canopy_top,0,300,0.8,2.05,0.8,0.53129,-0.012299,0.019564,0.53179,298.77,1,1
29_A5,tier0_canopy_top,0,300,0.95,2.05,0.8,0.5681,-0.026805,0.0047678,0.56876,298.779,1,1
29_A5,tier0_canopy_top,0,300,1.0,2.1,0.8,0.57895,-0.070396,0.0094698,0.58329,298.785,1,1
29_A5,tier0_canopy_top,0,300,0.35,2.15,0.8,0.5756,0.012899,0.032829,0.57668,298.731,1,1
29_A5,tier0_canopy_top,0,300,0.35,2.2,0.8,0.55343,0.017298,0.040623,0.55519,298.729,1,1
29_A5,tier0_canopy_top,0,300,1.0,2.15,0.8,0.544,-0.095433,0.025603,0.5529,298.793,1,1
29_A5,tier0_canopy_top,0,300,1.0,2.2,0.8,0.50325,-0.11625,0.040889,0.51811,298.804,1,1
29_A5,tier0_canopy_top,0,300,1.0,2.25,0.8,0.45448,-0.13504,0.053298,0.4771,298.817,1,1
29_A5,tier0_canopy_top,0,300,1.0,2.3,0.8,0.37983,-0.13197,0.060987,0.4067,298.829,1,1
29_A5,tier0_canopy_top,0,300,0.35,2.35,0.8,0.48021,0.012252,0.066255,0.48492,298.744,1,1
29_A5,tier0_canopy_top,0,300,0.35,2.4,0.8,0.47151,0.0056845,0.076353,0.47768,298.753,1,1
29_A5,tier0_canopy_top,0,300,1.0,2.35,0.8,0.32366,-0.081131,0.065232,0.33999,298.834,1,1
29_A5,tier0_canopy_top,0,300,1.0,2.4,0.8,0.35658,-0.025422,0.068169,0.36392,298.827,1,1
29_A5,tier0_canopy_top,0,300,1.05,2.1,0.8,0.62035,-0.10085,-0.00094854,0.6285,298.79,1,1
29_A5,tier0_canopy_top,0,300,1.0,2.1,0.8,0.57895,-0.070396,0.0094698,0.58329,298.785,1,1
29_A5,tier0_canopy_top,0,300,1.05,2.15,0.8,0.57094,-0.13002,0.020944,0.58593,298.801,1,1
29_A5,tier0_canopy_top,0,300,1.15,2.1,0.8,0.77585,-0.23339,-0.050435,0.81177,298.805,1,1
29_A5,tier0_canopy_top,0,300,1.1,2.1,0.8,0.68207,-0.14699,-0.018759,0.69798,298.796,1,1
29_A5,tier0_canopy_top,0,300,1.1,2.15,0.8,0.6033,-0.16892,0.01227,0.62662,298.811,1,1
29_A5,tier0_canopy_top,0,300,1.15,2.15,0.8,0.6255,-0.23228,-0.0031412,0.66724,298.824,1,1
29_A5,tier0_canopy_top,0,300,1.2,2.1,0.8,0.83787,-0.42357,-0.10873,0.94512,298.817,1,1
29_A5,tier0_canopy_top,0,300,1.2,2.15,0.8,0.60311,-0.37225,-0.026157,0.70922,298.842,1,1
29_A5,tier0_canopy_top,0,300,1.05,2.2,0.8,0.52192,-0.15419,0.040554,0.54573,298.817,1,1
29_A5,tier0_canopy_top,0,300,1.0,2.2,0.8,0.50325,-0.11625,0.040889,0.51811,298.804,1,1
29_A5,tier0_canopy_top,0,300,1.05,2.25,0.8,0.4675,-0.19701,0.054993,0.51028,298.837,1,1
29_A5,tier0_canopy_top,0,300,1.15,2.2,0.8,0.53391,-0.17519,0.031093,0.56278,298.851,1,1
29_A5,tier0_canopy_top,0,300,1.1,2.2,0.8,0.54241,-0.16669,0.037825,0.56871,298.832,1,1
29_A5,tier0_canopy_top,0,300,1.1,2.25,0.8,0.49414,-0.19917,0.056384,0.53575,298.864,1,1
29_A5,tier0_canopy_top,0,300,1.15,2.25,0.8,0.46225,-0.15021,0.055783,0.48923,298.896,1,1
29_A5,tier0_canopy_top,0,300,1.2,2.2,0.8,0.4769,-0.23207,0.022096,0.53083,298.874,1,1
29_A5,tier0_canopy_top,0,300,1.2,2.25,0.8,0.35648,-0.1441,0.053638,0.38823,298.925,1,1
29_A5,tier0_canopy_top,0,300,1.05,2.3,0.8,0.35093,-0.21563,0.060383,0.41628,298.86,1,1
29_A5,tier0_canopy_top,0,300,1.05,2.35,0.8,0.25271,-0.097279,0.061011,0.27757,298.873,1,1
29_A5,tier0_canopy_top,0,300,1.0,2.35,0.8,0.32366,-0.081131,0.065232,0.33999,298.834,1,1
29_A5,tier0_canopy_top,0,300,1.2,2.3,0.8,0,0,0,0,302,1,1
29_A5,tier0_canopy_top,0,300,1.2,2.35,0.8,0,0,0,0,302,1,1
29_A5,tier0_canopy_top,0,300,1.05,2.4,0.8,0.31788,0.026265,0.064022,0.32532,298.853,1,1
29_A5,tier0_canopy_top,0,300,1.1,2.4,0.8,9.7256e-17,-3.5265e-18,1.0773e-17,9.7914e-17,302,1,1
29_A5,tier0_canopy_top,0,300,1.15,2.4,0.8,0,0,0,0,302,1,1
29_A5,tier0_canopy_top,0,300,1.2,2.4,0.8,-9.8113e-17,1.5772e-17,-9.5274e-18,9.9828e-17,302,1,1
29_A5,tier0_canopy_top,0,300,1.1,2.05,0.8,0.75172,-0.089134,-0.049676,0.75861,298.787,1,1
29_A5,tier0_canopy_top,0,300,1.15,2.05,0.8,0.9211,-0.15255,-0.10044,0.93903,298.791,1,1
29_A5,tier0_canopy_top,0,300,1.1,2.3,0.8,-1.0972e-16,4.4225e-17,-1.252e-17,1.1896e-16,302,1,1
29_A5,tier0_canopy_top,0,300,1.15,2.3,0.8,-1.0264e-16,3.3354e-17,-1.2386e-17,1.0863e-16,302,1,1
29_A5,tier0_canopy_top,0,300,1.1,2.35,0.8,0,0,0,0,302,1,1
29_A5,tier1_canopy_mid,1,300,-1.2,1.6,1.475,0,0,0,0,302,1,1
29_A5,tier1_canopy_mid,1,300,-1.15,1.6,1.475,0,0,0,0,302,1,1
29_A5,tier1_canopy_mid,1,300,-1.1,1.6,1.475,0,0,0,0,302,1,1
29_A5,tier1_canopy_mid,1,300,-1.05,1.6,1.475,0.10269,-0.16496,-0.16488,0.25484,299.147,1,1
29_A5,tier1_canopy_mid,1,300,-1.0,1.6,1.475,0.18081,-0.24144,-0.12854,0.32789,299.128,1,1
29_A5,tier1_canopy_mid,1,300,-1.2,1.65,1.475,0,0,0,0,302,1,1
29_A5,tier1_canopy_mid,1,300,-1.2,1.7,1.475,0,0,0,0,302,1,1
29_A5,tier1_canopy_mid,1,300,-1.05,1.65,1.475,0.19114,-0.21842,-0.14054,0.32248,299.152,1,1
29_A5,tier1_canopy_mid,1,300,-1.1,1.65,1.475,0,0,0,0,302,1,1
29_A5,tier1_canopy_mid,1,300,-1.0,1.65,1.475,0.2757,-0.27986,-0.10117,0.40567,299.122,1,1
29_A5,tier1_canopy_mid,1,300,-1.05,1.7,1.475,0.32053,-0.27825,-0.12393,0.44217,299.117,1,1
29_A5,tier1_canopy_mid,1,300,-1.1,1.7,1.475,0,0,0,0,302,1,1
29_A5,tier1_canopy_mid,1,300,-1.0,1.7,1.475,0.4192,-0.32212,-0.10125,0.53828,299.094,1,1
29_A5,tier1_canopy_mid,1,300,-1.2,1.75,1.475,-0.040529,0.047738,-0.19226,0.2022,299.113,1,1
29_A5,tier1_canopy_mid,1,300,-1.2,1.8,1.475,0.16226,0.0034593,-0.29129,0.33345,299.057,1,1
29_A5,tier1_canopy_mid,1,300,-1.15,1.75,1.475,0.14141,-0.10615,-0.14133,0.22636,299.12,1,1
29_A5,tier1_canopy_mid,1,300,-1.15,1.7,1.475,0,0,0,0,302,1,1
29_A5,tier1_canopy_mid,1,300,-1.1,1.75,1.475,0.353,-0.24086,-0.13343,0.44769,299.095,1,1
29_A5,tier1_canopy_mid,1,300,-1.15,1.8,1.475,0.39929,-0.20028,-0.26194,0.51784,299.051,1,1
29_A5,tier1_canopy_mid,1,300,-1.1,1.8,1.475,0.60827,-0.31657,-0.22869,0.72285,299.041,1,1
29_A5,tier1_canopy_mid,1,300,-1.05,1.75,1.475,0.50016,-0.32699,-0.13666,0.61299,299.072,1,1
29_A5,tier1_canopy_mid,1,300,-1.0,1.75,1.475,0.6169,-0.36579,-0.12291,0.72765,299.06,1,1
29_A5,tier1_canopy_mid,1,300,-1.05,1.8,1.475,0.76761,-0.37764,-0.19816,0.87813,299.034,1,1
29_A5,tier1_canopy_mid,1,300,-1.0,1.8,1.475,0.88545,-0.40098,-0.16948,0.98667,299.029,1,1
29_A5,tier1_canopy_mid,1,300,-1.2,1.85,1.475,0.60128,-0.13528,-0.42637,0.74942,299.024,1,1
29_A5,tier1_canopy_mid,1,300,-1.2,1.9,1.475,1.5086,-0.1533,-0.67393,1.6594,298.997,1,1
29_A5,tier1_canopy_mid,1,300,-1.15,1.85,1.475,0.85425,-0.32259,-0.3913,0.99344,299.018,1,1
29_A5,tier1_canopy_mid,1,300,-1.1,1.85,1.475,1.0437,-0.39193,-0.33401,1.1638,299.013,1,1
29_A5,tier1_canopy_mid,1,300,-1.15,1.9,1.475,1.6245,-0.30927,-0.5789,1.7521,298.994,1,1
29_A5,tier1_canopy_mid,1,300,-1.1,1.9,1.475,1.7,-0.35302,-0.47283,1.7995,298.99,1,1
29_A5,tier1_canopy_mid,1,300,-1.05,1.85,1.475,1.1733,-0.4113,-0.28045,1.2745,299.008,1,1
29_A5,tier1_canopy_mid,1,300,-1.0,1.85,1.475,1.2554,-0.40714,-0.23459,1.3405,299.005,1,1
29_A5,tier1_canopy_mid,1,300,-1.05,1.9,1.475,1.7287,-0.35446,-0.38575,1.8063,298.987,1,1
29_A5,tier1_canopy_mid,1,300,-1.0,1.9,1.475,1.7261,-0.33953,-0.31644,1.7874,298.984,1,1
29_A5,tier1_canopy_mid,1,300,-1.2,1.95,1.475,2.3506,-0.006952,-0.8433,2.4973,298.97,1,1
29_A5,tier1_canopy_mid,1,300,-1.2,2.0,1.475,2.5946,0.11013,-0.75171,2.7035,298.94,1,1
29_A5,tier1_canopy_mid,1,300,-1.15,1.95,1.475,2.3493,-0.11758,-0.70095,2.4544,298.968,1,1
29_A5,tier1_canopy_mid,1,300,-1.1,1.95,1.475,2.3193,-0.15958,-0.56115,2.3915,298.966,1,1
29_A5,tier1_canopy_mid,1,300,-1.15,2.0,1.475,2.5975,0.090836,-0.6361,2.6758,298.939,1,1
29_A5,tier1_canopy_mid,1,300,-1.1,2.0,1.475,2.5519,0.074406,-0.514,2.6042,298.939,1,1
29_A5,tier1_canopy_mid,1,300,-1.05,1.95,1.475,2.2504,-0.17185,-0.45353,2.3021,298.964,1,1
29_A5,tier1_canopy_mid,1,300,-1.0,1.95,1.475,2.1644,-0.1713,-0.37045,2.2026,298.962,1,1
29_A5,tier1_canopy_mid,1,300,-1.05,2.0,1.475,2.4577,0.05925,-0.41878,2.4939,298.939,1,1
29_A5,tier1_canopy_mid,1,300,-1.0,2.0,1.475,2.3441,0.046003,-0.34405,2.3697,298.939,1,1
29_A5,tier1_canopy_mid,1,300,-1.2,2.05,1.475,2.3967,0.18992,-0.52113,2.4601,298.911,1,1
29_A5,tier1_canopy_mid,1,300,-1.15,2.05,1.475,2.3909,0.25787,-0.46265,2.4489,298.914,1,1
29_A5,tier1_canopy_mid,1,300,-1.1,2.05,1.475,2.349,0.2708,-0.38144,2.3952,298.916,1,1
29_A5,tier1_canopy_mid,1,300,-1.05,2.05,1.475,2.271,0.25954,-0.31335,2.3071,298.919,1,1
29_A5,tier1_canopy_mid,1,300,-1.0,2.05,1.475,2.1779,0.23973,-0.25777,2.2062,298.922,1,1
29_A5,tier1_canopy_mid,1,300,-0.95,1.6,1.475,0.26353,-0.28614,-0.10616,0.40323,299.118,1,1
29_A5,tier1_canopy_mid,1,300,-0.9,1.6,1.475,0.33397,-0.3116,-0.090108,0.46556,299.11,1,1
29_A5,tier1_canopy_mid,1,300,-0.85,1.6,1.475,0.39303,-0.32644,-0.077073,0.5167,299.104,1,1
29_A5,tier1_canopy_mid,1,300,-0.8,1.6,1.475,0.44383,-0.3368,-0.06508,0.56094,299.099,1,1
29_A5,tier1_canopy_mid,1,300,-0.75,1.6,1.475,0.48843,-0.34312,-0.05436,0.59938,299.095,1,1
29_A5,tier1_canopy_mid,1,300,-0.7,1.6,1.475,0.52686,-0.34481,-0.045171,0.63128,299.093,1,1
29_A5,tier1_canopy_mid,1,300,-0.65,1.6,1.475,0.55884,-0.34275,-0.037371,0.65664,299.092,1,1
29_A5,tier1_canopy_mid,1,300,-0.6,1.6,1.475,0.58465,-0.33796,-0.030695,0.676,299.092,1,1
29_A5,tier1_canopy_mid,1,300,-0.55,1.6,1.475,0.60484,-0.33114,-0.024931,0.69,299.093,1,1
29_A5,tier1_canopy_mid,1,300,-0.5,1.6,1.475,0.61997,-0.3228,-0.019911,0.69925,299.095,1,1
29_A5,tier1_canopy_mid,1,300,-0.45,1.6,1.475,0.63061,-0.31337,-0.01549,0.70435,299.097,1,1
29_A5,tier1_canopy_mid,1,300,-0.4,1.6,1.475,0.63729,-0.30321,-0.01155,0.70584,299.1,1,1
29_A5,tier1_canopy_mid,1,300,-0.35,1.6,1.475,0.64055,-0.29261,-0.0080249,0.70426,299.103,1,1
29_A5,tier1_canopy_mid,1,300,-0.95,1.65,1.475,0.37107,-0.31705,-0.081977,0.49491,299.108,1,1
29_A5,tier1_canopy_mid,1,300,-0.9,1.65,1.475,0.44696,-0.33397,-0.072166,0.5626,299.098,1,1
29_A5,tier1_canopy_mid,1,300,-0.95,1.7,1.475,0.51942,-0.34907,-0.087438,0.6319,299.082,1,1
29_A5,tier1_canopy_mid,1,300,-0.9,1.7,1.475,0.59625,-0.35697,-0.085001,0.70012,299.072,1,1
29_A5,tier1_canopy_mid,1,300,-0.85,1.65,1.475,0.5045,-0.34105,-0.063738,0.61229,299.09,1,1
29_A5,tier1_canopy_mid,1,300,-0.8,1.65,1.475,0.55188,-0.34812,-0.053186,0.65467,299.084,1,1
29_A5,tier1_canopy_mid,1,300,-0.85,1.7,1.475,0.64624,-0.35564,-0.078486,0.74179,299.063,1,1
29_A5,tier1_canopy_mid,1,300,-0.8,1.7,1.475,0.6853,-0.35766,-0.061978,0.7755,299.059,1,1
29_A5,tier1_canopy_mid,1,300,-0.75,1.65,1.475,0.59374,-0.35256,-0.043622,0.6919,299.082,1,1
29_A5,tier1_canopy_mid,1,300,-0.7,1.65,1.475,0.62879,-0.35128,-0.035953,0.72115,299.08,1,1
29_A5,tier1_canopy_mid,1,300,-0.75,1.7,1.475,0.72294,-0.35882,-0.048666,0.80856,299.059,1,1
29_A5,tier1_canopy_mid,1,300,-0.7,1.7,1.475,0.75382,-0.35371,-0.039355,0.83361,299.059,1,1
29_A5,tier1_canopy_mid,1,300,-0.65,1.65,1.475,0.65595,-0.34572,-0.029701,0.74207,299.081,1,1
29_A5,tier1_canopy_mid,1,300,-0.6,1.65,1.475,0.67593,-0.33758,-0.024351,0.75593,299.082,1,1
29_A5,tier1_canopy_mid,1,300,-0.65,1.7,1.475,0.77491,-0.34424,-0.032401,0.84855,299.061,1,1
29_A5,tier1_canopy_mid,1,300,-0.6,1.7,1.475,0.78763,-0.33255,-0.026617,0.85537,299.063,1,1
29_A5,tier1_canopy_mid,1,300,-0.55,1.65,1.475,0.68979,-0.32778,-0.019707,0.76397,299.084,1,1
29_A5,tier1_canopy_mid,1,300,-0.5,1.65,1.475,0.69839,-0.31686,-0.015665,0.76707,299.086,1,1
29_A5,tier1_canopy_mid,1,300,-0.55,1.7,1.475,0.79389,-0.3197,-0.021654,0.85612,299.066,1,1
29_A5,tier1_canopy_mid,1,300,-0.5,1.7,1.475,0.7949,-0.30625,-0.017403,0.85204,299.069,1,1
29_A5,tier1_canopy_mid,1,300,-0.45,1.65,1.475,0.70244,-0.30525,-0.012117,0.76599,299.089,1,1
29_A5,tier1_canopy_mid,1,300,-0.4,1.65,1.475,0.70262,-0.29329,-0.0089536,0.76143,299.092,1,1
29_A5,tier1_canopy_mid,1,300,-0.45,1.7,1.475,0.79155,-0.2926,-0.01374,0.84401,299.072,1,1
29_A5,tier1_canopy_mid,1,300,-0.4,1.7,1.475,0.78461,-0.27905,-0.010519,0.83282,299.076,1,1
29_A5,tier1_canopy_mid,1,300,-0.35,1.65,1.475,0.69955,-0.28125,-0.0060947,0.754,299.096,1,1
29_A5,tier1_canopy_mid,1,300,-0.35,1.7,1.475,0.77478,-0.26583,-0.0075968,0.81916,299.08,1,1
29_A5,tier1_canopy_mid,1,300,-0.95,1.75,1.475,0.71593,-0.38321,-0.10965,0.81941,299.052,1,1
29_A5,tier1_canopy_mid,1,300,-0.9,1.75,1.475,0.78783,-0.38457,-0.11035,0.8836,299.045,1,1
29_A5,tier1_canopy_mid,1,300,-0.95,1.8,1.475,0.9714,-0.40392,-0.14578,1.0621,299.025,1,1
29_A5,tier1_canopy_mid,1,300,-0.9,1.8,1.475,1.0268,-0.39571,-0.13392,1.1085,299.022,1,1
29_A5,tier1_canopy_mid,1,300,-0.85,1.75,1.475,0.82701,-0.37706,-0.10518,0.91498,299.038,1,1
29_A5,tier1_canopy_mid,1,300,-0.8,1.75,1.475,0.85313,-0.36929,-0.082138,0.93325,299.036,1,1
29_A5,tier1_canopy_mid,1,300,-0.85,1.8,1.475,1.0518,-0.38174,-0.12227,1.1256,299.019,1,1
29_A5,tier1_canopy_mid,1,300,-0.8,1.8,1.475,1.0617,-0.36497,-0.099611,1.1271,299.018,1,1
29_A5,tier1_canopy_mid,1,300,-0.75,1.75,1.475,0.88011,-0.36077,-0.062155,0.95321,299.037,1,1
29_A5,tier1_canopy_mid,1,300,-0.7,1.75,1.475,0.90114,-0.34866,-0.049235,0.9675,299.039,1,1
29_A5,tier1_canopy_mid,1,300,-0.75,1.8,1.475,1.0688,-0.34695,-0.077708,1.1264,299.019,1,1
29_A5,tier1_canopy_mid,1,300,-0.7,1.8,1.475,1.0707,-0.32833,-0.06221,1.1216,299.021,1,1
29_A5,tier1_canopy_mid,1,300,-0.65,1.75,1.475,0.9117,-0.33411,-0.040183,0.97183,299.041,1,1
29_A5,tier1_canopy_mid,1,300,-0.6,1.75,1.475,0.91359,-0.31849,-0.032973,0.96808,299.044,1,1
29_A5,tier1_canopy_mid,1,300,-0.65,1.8,1.475,1.0642,-0.30949,-0.050875,1.1095,299.023,1,1
29_A5,tier1_canopy_mid,1,300,-0.6,1.8,1.475,1.0507,-0.29102,-0.041823,1.0911,299.026,1,1
29_A5,tier1_canopy_mid,1,300,-0.55,1.75,1.475,0.90933,-0.30264,-0.026936,0.95875,299.047,1,1
29_A5,tier1_canopy_mid,1,300,-0.5,1.75,1.475,0.90042,-0.28691,-0.021878,0.94528,299.051,1,1
29_A5,tier1_canopy_mid,1,300,-0.55,1.8,1.475,1.0326,-0.27332,-0.034295,1.0687,299.029,1,1
29_A5,tier1_canopy_mid,1,300,-0.5,1.8,1.475,1.0112,-0.25638,-0.02809,1.0435,299.033,1,1
29_A5,tier1_canopy_mid,1,300,-0.45,1.75,1.475,0.88776,-0.27159,-0.017625,0.92854,299.055,1,1
29_A5,tier1_canopy_mid,1,300,-0.4,1.75,1.475,0.87217,-0.25693,-0.013947,0.90934,299.059,1,1
29_A5,tier1_canopy_mid,1,300,-0.45,1.8,1.475,0.98715,-0.24039,-0.022974,1.0163,299.037,1,1
29_A5,tier1_canopy_mid,1,300,-0.4,1.8,1.475,0.96129,-0.2257,-0.018565,0.9876,299.042,1,1
29_A5,tier1_canopy_mid,1,300,-0.35,1.75,1.475,0.85441,-0.24301,-0.010631,0.88836,299.063,1,1
29_A5,tier1_canopy_mid,1,300,-0.35,1.8,1.475,0.93444,-0.21214,-0.014614,0.95833,299.046,1,1
29_A5,tier1_canopy_mid,1,300,-0.95,1.85,1.475,1.3031,-0.3902,-0.19722,1.3745,299.003,1,1
29_A5,tier1_canopy_mid,1,300,-0.9,1.85,1.475,1.3214,-0.36469,-0.16992,1.3813,299.001,1,1
29_A5,tier1_canopy_mid,1,300,-0.95,1.9,1.475,1.7058,-0.31593,-0.26401,1.7548,298.982,1,1
29_A5,tier1_canopy_mid,1,300,-0.9,1.9,1.475,1.6647,-0.28387,-0.23347,1.7048,298.98,1,1
29_A5,tier1_canopy_mid,1,300,-0.85,1.85,1.475,1.3145,-0.33939,-0.14653,1.3655,299,1,1
29_A5,tier1_canopy_mid,1,300,-0.8,1.85,1.475,1.2958,-0.32028,-0.12078,1.3403,299,1,1
29_A5,tier1_canopy_mid,1,300,-0.85,1.9,1.475,1.599,-0.25448,-0.20089,1.6315,298.977,1,1
29_A5,tier1_canopy_mid,1,300,-0.8,1.9,1.475,1.5319,-0.23797,-0.15689,1.5582,298.977,1,1
29_A5,tier1_canopy_mid,1,300,-0.75,1.85,1.475,1.2756,-0.30248,-0.096958,1.3145,299,1,1
29_A5,tier1_canopy_mid,1,300,-0.7,1.85,1.475,1.2527,-0.28321,-0.078482,1.2867,299.002,1,1
29_A5,tier1_canopy_mid,1,300,-0.75,1.9,1.475,1.479,-0.22529,-0.12222,1.501,298.978,1,1
29_A5,tier1_canopy_mid,1,300,-0.7,1.9,1.475,1.4304,-0.2101,-0.097588,1.4491,298.981,1,1
29_A5,tier1_canopy_mid,1,300,-0.65,1.85,1.475,1.2245,-0.26372,-0.064353,1.2542,299.004,1,1
29_A5,tier1_canopy_mid,1,300,-0.6,1.85,1.475,1.1921,-0.24523,-0.052923,1.2182,299.007,1,1
29_A5,tier1_canopy_mid,1,300,-0.65,1.9,1.475,1.3794,-0.19417,-0.07953,1.3952,298.984,1,1
29_A5,tier1_canopy_mid,1,300,-0.6,1.9,1.475,1.3267,-0.1792,-0.065138,1.3404,298.988,1,1
29_A5,tier1_canopy_mid,1,300,-0.55,1.85,1.475,1.1576,-0.22805,-0.043461,1.1806,299.011,1,1
29_A5,tier1_canopy_mid,1,300,-0.5,1.85,1.475,1.1217,-0.21161,-0.036003,1.142,299.015,1,1
29_A5,tier1_canopy_mid,1,300,-0.55,1.9,1.475,1.2751,-0.16548,-0.053803,1.2869,298.993,1,1
29_A5,tier1_canopy_mid,1,300,-0.5,1.9,1.475,1.2232,-0.15205,-0.046884,1.2335,298.996,1,1
29_A5,tier1_canopy_mid,1,300,-0.45,1.85,1.475,1.0844,-0.19634,-0.029873,1.1024,299.019,1,1
29_A5,tier1_canopy_mid,1,300,-0.4,1.85,1.475,1.0468,-0.18324,-0.024277,1.063,299.024,1,1
29_A5,tier1_canopy_mid,1,300,-0.45,1.9,1.475,1.1699,-0.13964,-0.039116,1.1789,298.999,1,1
29_A5,tier1_canopy_mid,1,300,-0.4,1.9,1.475,1.1195,-0.12991,-0.02972,1.1274,299.003,1,1
29_A5,tier1_canopy_mid,1,300,-0.35,1.85,1.475,1.0102,-0.17165,-0.0193,1.0248,299.029,1,1
29_A5,tier1_canopy_mid,1,300,-0.35,1.9,1.475,1.0741,-0.12175,-0.023579,1.0812,299.009,1,1
29_A5,tier1_canopy_mid,1,300,-0.95,1.95,1.475,2.0765,-0.16413,-0.30931,2.1058,298.961,1,1
29_A5,tier1_canopy_mid,1,300,-1.0,1.95,1.475,2.1644,-0.1713,-0.37045,2.2026,298.962,1,1
29_A5,tier1_canopy_mid,1,300,-0.9,1.95,1.475,1.9774,-0.15343,-0.279,2.0029,298.958,1,1
29_A5,tier1_canopy_mid,1,300,-0.95,2.0,1.475,2.2282,0.033669,-0.28645,2.2468,298.94,1,1
29_A5,tier1_canopy_mid,1,300,-0.9,2.0,1.475,2.107,0.018136,-0.25028,2.1219,298.941,1,1
29_A5,tier1_canopy_mid,1,300,-0.85,1.95,1.475,1.8558,-0.14203,-0.24132,1.8768,298.955,1,1
29_A5,tier1_canopy_mid,1,300,-0.8,1.95,1.475,1.7423,-0.13167,-0.18373,1.7569,298.955,1,1
29_A5,tier1_canopy_mid,1,300,-0.85,2.0,1.475,1.9749,0.0061158,-0.21393,1.9865,298.94,1,1
29_A5,tier1_canopy_mid,1,300,-0.8,2.0,1.475,1.8513,0.0055313,-0.16818,1.8589,298.942,1,1
29_A5,tier1_canopy_mid,1,300,-0.75,1.95,1.475,1.6572,-0.12178,-0.1409,1.6676,298.958,1,1
29_A5,tier1_canopy_mid,1,300,-0.7,1.95,1.475,1.5834,-0.11203,-0.11171,1.5913,298.962,1,1
29_A5,tier1_canopy_mid,1,300,-0.75,2.0,1.475,1.7494,0.0084799,-0.13156,1.7544,298.946,1,1
29_A5,tier1_canopy_mid,1,300,-0.7,2.0,1.475,1.6595,0.0088016,-0.10497,1.6629,298.95,1,1
29_A5,tier1_canopy_mid,1,300,-0.65,1.95,1.475,1.5106,-0.10292,-0.090707,1.5168,298.966,1,1
29_A5,tier1_canopy_mid,1,300,-0.6,1.95,1.475,1.4393,-0.09465,-0.074062,1.4443,298.971,1,1
29_A5,tier1_canopy_mid,1,300,-0.65,2.0,1.475,1.5742,0.0074966,-0.085066,1.5765,298.955,1,1
29_A5,tier1_canopy_mid,1,300,-0.6,2.0,1.475,1.4931,0.005931,-0.069092,1.4947,298.961,1,1
29_A5,tier1_canopy_mid,1,300,-0.55,1.95,1.475,1.3721,-0.087221,-0.061371,1.3762,298.977,1,1
29_A5,tier1_canopy_mid,1,300,-0.5,1.95,1.475,1.3058,-0.080039,-0.055442,1.3094,298.979,1,1
29_A5,tier1_canopy_mid,1,300,-0.55,2.0,1.475,1.418,0.0043234,-0.056943,1.4191,298.966,1,1
29_A5,tier1_canopy_mid,1,300,-0.5,2.0,1.475,1.3449,0.0025671,-0.051645,1.3459,298.97,1,1
29_A5,tier1_canopy_mid,1,300,-0.45,1.95,1.475,1.2382,-0.073746,-0.046447,1.2412,298.981,1,1
29_A5,tier1_canopy_mid,1,300,-0.4,1.95,1.475,1.1767,-0.069113,-0.033515,1.1792,298.985,1,1
29_A5,tier1_canopy_mid,1,300,-0.45,2.0,1.475,1.2712,0.0001752,-0.04277,1.272,298.971,1,1
29_A5,tier1_canopy_mid,1,300,-0.4,2.0,1.475,1.2052,-0.0018952,-0.029756,1.2056,298.975,1,1
29_A5,tier1_canopy_mid,1,300,-0.35,1.95,1.475,1.1241,-0.065062,-0.026471,1.1263,298.992,1,1
29_A5,tier1_canopy_mid,1,300,-0.35,2.0,1.475,1.1492,-0.0028795,-0.022791,1.1494,298.982,1,1
29_A5,tier1_canopy_mid,1,300,-0.8,2.05,1.475,1.7797,0.15035,-0.11963,1.79,298.936,1,1
29_A5,tier1_canopy_mid,1,300,-0.85,2.05,1.475,1.8785,0.16487,-0.14726,1.8914,298.932,1,1
29_A5,tier1_canopy_mid,1,300,-0.75,2.05,1.475,1.6895,0.13942,-0.095372,1.6979,298.94,1,1
29_A5,tier1_canopy_mid,1,300,-0.7,2.05,1.475,1.6065,0.1274,-0.075975,1.6134,298.945,1,1
29_A5,tier1_canopy_mid,1,300,-0.65,2.05,1.475,1.5282,0.11533,-0.060843,1.5337,298.951,1,1
29_A5,tier1_canopy_mid,1,300,-0.6,2.05,1.475,1.4538,0.1042,-0.048642,1.4583,298.957,1,1
29_A5,tier1_canopy_mid,1,300,-0.55,2.05,1.475,1.3843,0.093672,-0.039637,1.388,298.963,1,1
29_A5,tier1_canopy_mid,1,300,-0.5,2.05,1.475,1.3159,0.082589,-0.036977,1.319,298.966,1,1
29_A5,tier1_canopy_mid,1,300,-0.45,2.05,1.475,1.2464,0.071284,-0.029003,1.2488,298.967,1,1
29_A5,tier1_canopy_mid,1,300,-0.4,2.05,1.475,1.1846,0.062831,-0.016714,1.1864,298.972,1,1
29_A5,tier1_canopy_mid,1,300,-0.35,2.05,1.475,1.1321,0.057022,-0.011273,1.1335,298.979,1,1
29_A5,tier1_canopy_mid,1,300,-0.3,1.6,1.475,0.64083,-0.28178,-0.0048916,0.70006,299.106,1,1
29_A5,tier1_canopy_mid,1,300,-0.25,1.6,1.475,0.6386,-0.27083,-0.0021082,0.69366,299.11,1,1
29_A5,tier1_canopy_mid,1,300,-0.2,1.6,1.475,0.63421,-0.25973,0.00030645,0.68533,299.115,1,1
29_A5,tier1_canopy_mid,1,300,-0.15,1.6,1.475,0.62783,-0.24844,0.0023441,0.67521,299.119,1,1
29_A5,tier1_canopy_mid,1,300,-0.1,1.6,1.475,0.61967,-0.23711,0.0040862,0.6635,299.124,1,1
29_A5,tier1_canopy_mid,1,300,-0.05,1.6,1.475,0.61005,-0.22601,0.0056165,0.6506,299.129,1,1
29_A5,tier1_canopy_mid,1,300,0.0,1.6,1.475,0.59933,-0.21528,0.0069976,0.63686,299.134,1,1
29_A5,tier1_canopy_mid,1,300,0.05,1.6,1.475,0.58781,-0.20497,0.0082628,0.62258,299.139,1,1
29_A5,tier1_canopy_mid,1,300,0.1,1.6,1.475,0.57566,-0.19498,0.0093783,0.60786,299.144,1,1
29_A5,tier1_canopy_mid,1,300,0.15,1.6,1.475,0.56296,-0.18509,0.010257,0.59269,299.149,1,1
29_A5,tier1_canopy_mid,1,300,0.2,1.6,1.475,0.54968,-0.17515,0.010892,0.57702,299.155,1,1
29_A5,tier1_canopy_mid,1,300,0.25,1.6,1.475,0.53584,-0.1651,0.011397,0.56082,299.16,1,1
29_A5,tier1_canopy_mid,1,300,0.3,1.6,1.475,0.52145,-0.15489,0.011953,0.5441,299.165,1,1
29_A5,tier1_canopy_mid,1,300,0.35,1.6,1.475,0.50671,-0.14471,0.01276,0.52712,299.17,1,1
29_A5,tier1_canopy_mid,1,300,-0.3,1.65,1.475,0.6938,-0.2693,-0.0034997,0.74424,299.1,1,1
29_A5,tier1_canopy_mid,1,300,-0.35,1.65,1.475,0.69955,-0.28125,-0.0060947,0.754,299.096,1,1
29_A5,tier1_canopy_mid,1,300,-0.3,1.7,1.475,0.76266,-0.25301,-0.0048472,0.80355,299.085,1,1
29_A5,tier1_canopy_mid,1,300,-0.25,1.65,1.475,0.68592,-0.25753,-0.0011658,0.73268,299.105,1,1
29_A5,tier1_canopy_mid,1,300,-0.2,1.65,1.475,0.67614,-0.2458,0.00075327,0.71944,299.109,1,1
29_A5,tier1_canopy_mid,1,300,-0.25,1.7,1.475,0.74882,-0.24062,-0.0024656,0.78654,299.09,1,1
29_A5,tier1_canopy_mid,1,300,-0.2,1.7,1.475,0.73291,-0.22829,-0.001105,0.76764,299.094,1,1
29_A5,tier1_canopy_mid,1,300,-0.15,1.65,1.475,0.66448,-0.2339,0.0023183,0.70445,299.114,1,1
29_A5,tier1_canopy_mid,1,300,-0.1,1.65,1.475,0.65131,-0.22215,0.0036518,0.68816,299.118,1,1
29_A5,tier1_canopy_mid,1,300,-0.15,1.7,1.475,0.71503,-0.21589,0.0007593,0.74692,299.097,1,1
29_A5,tier1_canopy_mid,1,300,-0.1,1.7,1.475,0.69689,-0.20418,0.0027689,0.72619,299.102,1,1
29_A5,tier1_canopy_mid,1,300,-0.05,1.65,1.475,0.63709,-0.21092,0.0048842,0.67112,299.123,1,1
29_A5,tier1_canopy_mid,1,300,0.0,1.65,1.475,0.62222,-0.20034,0.0062448,0.65371,299.129,1,1
29_A5,tier1_canopy_mid,1,300,-0.05,1.7,1.475,0.67874,-0.19337,0.003741,0.70576,299.108,1,1
29_A5,tier1_canopy_mid,1,300,0.0,1.7,1.475,0.66016,-0.18322,0.0050572,0.68513,299.114,1,1
29_A5,tier1_canopy_mid,1,300,0.05,1.65,1.475,0.607,-0.19043,0.0077214,0.63621,299.135,1,1
29_A5,tier1_canopy_mid,1,300,0.1,1.65,1.475,0.59147,-0.18098,0.009089,0.61861,299.14,1,1
29_A5,tier1_canopy_mid,1,300,0.05,1.7,1.475,0.64149,-0.17369,0.006747,0.66462,299.12,1,1
29_A5,tier1_canopy_mid,1,300,0.1,1.7,1.475,0.6221,-0.16433,0.0079811,0.64349,299.125,1,1
29_A5,tier1_canopy_mid,1,300,0.15,1.65,1.475,0.57558,-0.17156,0.010092,0.60069,299.146,1,1
29_A5,tier1_canopy_mid,1,300,0.2,1.65,1.475,0.55934,-0.16201,0.010736,0.58243,299.151,1,1
29_A5,tier1_canopy_mid,1,300,0.15,1.7,1.475,0.60221,-0.15501,0.0091224,0.6219,299.129,1,1
29_A5,tier1_canopy_mid,1,300,0.2,1.7,1.475,0.5826,-0.14592,0.010464,0.60068,299.132,1,1
29_A5,tier1_canopy_mid,1,300,0.25,1.65,1.475,0.54274,-0.15226,0.011261,0.56381,299.156,1,1
29_A5,tier1_canopy_mid,1,300,0.3,1.65,1.475,0.52589,-0.14201,0.011657,0.54485,299.161,1,1
29_A5,tier1_canopy_mid,1,300,0.25,1.7,1.475,0.56289,-0.13673,0.012177,0.57939,299.137,1,1
29_A5,tier1_canopy_mid,1,300,0.3,1.7,1.475,0.54446,-0.12732,0.012724,0.55929,299.143,1,1
29_A5,tier1_canopy_mid,1,300,0.35,1.65,1.475,0.50898,-0.13157,0.012091,0.52585,299.167,1,1
29_A5,tier1_canopy_mid,1,300,0.35,1.7,1.475,0.52703,-0.11792,0.011988,0.54019,299.15,1,1
29_A5,tier1_canopy_mid,1,300,-0.3,1.75,1.475,0.83505,-0.22975,-0.0074962,0.86611,299.068,1,1
29_A5,tier1_canopy_mid,1,300,-0.3,1.8,1.475,0.90708,-0.19928,-0.011037,0.92877,299.051,1,1
29_A5,tier1_canopy_mid,1,300,-0.35,1.8,1.475,0.93444,-0.21214,-0.014614,0.95833,299.046,1,1
29_A5,tier1_canopy_mid,1,300,-0.25,1.75,1.475,0.81458,-0.21703,-0.0048964,0.84301,299.073,1,1
29_A5,tier1_canopy_mid,1,300,-0.2,1.75,1.475,0.79217,-0.20455,-0.004128,0.81816,299.077,1,1
29_A5,tier1_canopy_mid,1,300,-0.25,1.8,1.475,0.87942,-0.18698,-0.0079931,0.89911,299.057,1,1
29_A5,tier1_canopy_mid,1,300,-0.2,1.8,1.475,0.85114,-0.17543,-0.0062936,0.86906,299.061,1,1
29_A5,tier1_canopy_mid,1,300,-0.15,1.75,1.475,0.76811,-0.19248,-0.0022169,0.79186,299.08,1,1
29_A5,tier1_canopy_mid,1,300,-0.1,1.75,1.475,0.74514,-0.18161,0.00072179,0.76696,299.085,1,1
29_A5,tier1_canopy_mid,1,300,-0.15,1.8,1.475,0.82251,-0.16491,-0.0044702,0.8389,299.066,1,1
29_A5,tier1_canopy_mid,1,300,-0.1,1.8,1.475,0.79489,-0.15539,-0.0020398,0.80994,299.071,1,1
29_A5,tier1_canopy_mid,1,300,-0.05,1.75,1.475,0.72319,-0.17166,0.0019819,0.74329,299.092,1,1
29_A5,tier1_canopy_mid,1,300,0.0,1.75,1.475,0.70107,-0.16214,0.0034305,0.71958,299.098,1,1
29_A5,tier1_canopy_mid,1,300,-0.05,1.8,1.475,0.76825,-0.14642,-0.00027486,0.78208,299.078,1,1
29_A5,tier1_canopy_mid,1,300,0.0,1.8,1.475,0.74204,-0.1378,0.0015589,0.75473,299.085,1,1
29_A5,tier1_canopy_mid,1,300,0.05,1.75,1.475,0.67913,-0.15299,0.0052246,0.69617,299.105,1,1
29_A5,tier1_canopy_mid,1,300,0.1,1.75,1.475,0.65636,-0.14379,0.0057634,0.67195,299.11,1,1
29_A5,tier1_canopy_mid,1,300,0.05,1.8,1.475,0.71653,-0.12953,0.0036119,0.72815,299.092,1,1
29_A5,tier1_canopy_mid,1,300,0.1,1.8,1.475,0.69129,-0.12159,0.0049047,0.70192,299.098,1,1
29_A5,tier1_canopy_mid,1,300,0.15,1.75,1.475,0.63301,-0.13487,0.0066657,0.64726,299.112,1,1
29_A5,tier1_canopy_mid,1,300,0.2,1.75,1.475,0.61033,-0.12658,0.0089267,0.62338,299.115,1,1
29_A5,tier1_canopy_mid,1,300,0.15,1.8,1.475,0.66631,-0.11424,0.0063219,0.67606,299.103,1,1
29_A5,tier1_canopy_mid,1,300,0.2,1.8,1.475,0.64164,-0.1072,0.0080742,0.65058,299.107,1,1
29_A5,tier1_canopy_mid,1,300,0.25,1.75,1.475,0.58816,-0.1183,0.012037,0.60006,299.119,1,1
29_A5,tier1_canopy_mid,1,300,0.3,1.75,1.475,0.56846,-0.11053,0.013328,0.57926,299.126,1,1
29_A5,tier1_canopy_mid,1,300,0.25,1.8,1.475,0.61756,-0.10003,0.010707,0.6257,299.11,1,1
29_A5,tier1_canopy_mid,1,300,0.3,1.8,1.475,0.5957,-0.093658,0.012585,0.60315,299.116,1,1
29_A5,tier1_canopy_mid,1,300,0.35,1.75,1.475,0.55032,-0.10344,0.012256,0.5601,299.135,1,1
29_A5,tier1_canopy_mid,1,300,0.35,1.8,1.475,0.57508,-0.088194,0.012457,0.58194,299.125,1,1
29_A5,tier1_canopy_mid,1,300,-0.3,1.85,1.475,0.97441,-0.16041,-0.015198,0.98764,299.034,1,1
29_A5,tier1_canopy_mid,1,300,-0.3,1.9,1.475,1.0302,-0.11337,-0.020549,1.0366,299.014,1,1
29_A5,tier1_canopy_mid,1,300,-0.25,1.85,1.475,0.93906,-0.14953,-0.0118,0.95097,299.039,1,1
29_A5,tier1_canopy_mid,1,300,-0.2,1.85,1.475,0.9044,-0.13986,-0.0087881,0.91519,299.045,1,1
29_A5,tier1_canopy_mid,1,300,-0.25,1.9,1.475,0.98619,-0.1051,-0.016911,0.99192,299.019,1,1
29_A5,tier1_canopy_mid,1,300,-0.2,1.9,1.475,0.94457,-0.098277,-0.011854,0.94975,299.025,1,1
29_A5,tier1_canopy_mid,1,300,-0.15,1.85,1.475,0.87096,-0.1315,-0.0062605,0.88086,299.051,1,1
29_A5,tier1_canopy_mid,1,300,-0.1,1.85,1.475,0.83875,-0.12378,-0.004098,0.84785,299.057,1,1
29_A5,tier1_canopy_mid,1,300,-0.15,1.9,1.475,0.90654,-0.092643,-0.0083652,0.9113,299.032,1,1
29_A5,tier1_canopy_mid,1,300,-0.1,1.9,1.475,0.87078,-0.087406,-0.005635,0.87517,299.039,1,1
29_A5,tier1_canopy_mid,1,300,-0.05,1.85,1.475,0.80759,-0.11641,-0.0020553,0.81594,299.063,1,1
29_A5,tier1_canopy_mid,1,300,0.0,1.85,1.475,0.77746,-0.10942,5.328e-05,0.78512,299.07,1,1
29_A5,tier1_canopy_mid,1,300,-0.05,1.9,1.475,0.83661,-0.082451,-0.0031894,0.84066,299.047,1,1
29_A5,tier1_canopy_mid,1,300,0.0,1.9,1.475,0.80383,-0.077804,-0.0008337,0.80759,299.054,1,1
29_A5,tier1_canopy_mid,1,300,0.05,1.85,1.475,0.74848,-0.10282,0.0023531,0.75551,299.078,1,1
29_A5,tier1_canopy_mid,1,300,0.1,1.85,1.475,0.72065,-0.096722,0.004882,0.72713,299.085,1,1
29_A5,tier1_canopy_mid,1,300,0.05,1.9,1.475,0.7725,-0.073458,0.0015965,0.77599,299.063,1,1
29_A5,tier1_canopy_mid,1,300,0.1,1.9,1.475,0.74262,-0.069392,0.0042575,0.74587,299.071,1,1
29_A5,tier1_canopy_mid,1,300,0.15,1.85,1.475,0.69406,-0.0911,0.0073033,0.70006,299.093,1,1
29_A5,tier1_canopy_mid,1,300,0.2,1.85,1.475,0.66781,-0.085538,0.0084322,0.67332,299.098,1,1
29_A5,tier1_canopy_mid,1,300,0.15,1.9,1.475,0.7143,-0.065528,0.0069014,0.71734,299.08,1,1
29_A5,tier1_canopy_mid,1,300,0.2,1.9,1.475,0.68651,-0.061648,0.0081247,0.68932,299.086,1,1
29_A5,tier1_canopy_mid,1,300,0.25,1.85,1.475,0.64186,-0.079896,0.010315,0.64689,299.101,1,1
29_A5,tier1_canopy_mid,1,300,0.3,1.85,1.475,0.61789,-0.075004,0.012451,0.62255,299.107,1,1
29_A5,tier1_canopy_mid,1,300,0.25,1.9,1.475,0.65895,-0.057857,0.0096714,0.66156,299.09,1,1
29_A5,tier1_canopy_mid,1,300,0.3,1.9,1.475,0.63283,-0.054702,0.012043,0.6353,299.095,1,1
29_A5,tier1_canopy_mid,1,300,0.35,1.85,1.475,0.59526,-0.070686,0.012981,0.59958,299.116,1,1
29_A5,tier1_canopy_mid,1,300,0.35,1.9,1.475,0.60778,-0.051745,0.014547,0.61016,299.103,1,1
29_A5,tier1_canopy_mid,1,300,-0.3,1.95,1.475,1.0736,-0.060906,-0.02478,1.0756,298.997,1,1
29_A5,tier1_canopy_mid,1,300,-0.3,2.0,1.475,1.0966,-0.0041485,-0.019796,1.0967,298.989,1,1
29_A5,tier1_canopy_mid,1,300,-0.35,2.0,1.475,1.1492,-0.0028795,-0.022791,1.1494,298.982,1,1
29_A5,tier1_canopy_mid,1,300,-0.25,1.95,1.475,1.0223,-0.057138,-0.020753,1.0241,299.001,1,1
29_A5,tier1_canopy_mid,1,300,-0.2,1.95,1.475,0.97509,-0.054109,-0.01337,0.97668,299.007,1,1
29_A5,tier1_canopy_mid,1,300,-0.25,2.0,1.475,1.0447,-0.0059432,-0.015823,1.0448,298.995,1,1
29_A5,tier1_canopy_mid,1,300,-0.2,2.0,1.475,0.99643,-0.0072678,-0.010017,0.9965,299.002,1,1
29_A5,tier1_canopy_mid,1,300,-0.15,1.95,1.475,0.93372,-0.051488,-0.0090115,0.93519,299.016,1,1
29_A5,tier1_canopy_mid,1,300,-0.1,1.95,1.475,0.89537,-0.049089,-0.0058961,0.89673,299.024,1,1
29_A5,tier1_canopy_mid,1,300,-0.15,2.0,1.475,0.95303,-0.0080541,-0.0059076,0.95309,299.011,1,1
29_A5,tier1_canopy_mid,1,300,-0.1,2.0,1.475,0.9127,-0.0088717,-0.0026961,0.91275,299.02,1,1
29_A5,tier1_canopy_mid,1,300,-0.05,1.95,1.475,0.85897,-0.046917,-0.0031308,0.86025,299.033,1,1
29_A5,tier1_canopy_mid,1,300,0.0,1.95,1.475,0.82422,-0.044958,-0.00054057,0.82545,299.042,1,1
29_A5,tier1_canopy_mid,1,300,-0.05,2.0,1.475,0.87454,-0.0098464,9.8424e-05,0.87459,299.028,1,1
29_A5,tier1_canopy_mid,1,300,0.0,2.0,1.475,0.83829,-0.010939,0.0026603,0.83837,299.038,1,1
29_A5,tier1_canopy_mid,1,300,0.05,1.95,1.475,0.79115,-0.043159,0.0020434,0.79233,299.051,1,1
29_A5,tier1_canopy_mid,1,300,0.1,1.95,1.475,0.7598,-0.041419,0.0047702,0.76094,299.06,1,1
29_A5,tier1_canopy_mid,1,300,0.05,2.0,1.475,0.80398,-0.012077,0.0051663,0.80409,299.047,1,1
29_A5,tier1_canopy_mid,1,300,0.1,2.0,1.475,0.7717,-0.01313,0.0077152,0.77185,299.056,1,1
29_A5,tier1_canopy_mid,1,300,0.15,1.95,1.475,0.73022,-0.03956,0.0073722,0.73133,299.07,1,1
29_A5,tier1_canopy_mid,1,300,0.2,1.95,1.475,0.70121,-0.03742,0.0083954,0.70225,299.077,1,1
29_A5,tier1_canopy_mid,1,300,0.15,2.0,1.475,0.74152,-0.013738,0.010097,0.74172,299.066,1,1
29_A5,tier1_canopy_mid,1,300,0.2,2.0,1.475,0.7126,-0.013499,0.011375,0.71282,299.075,1,1
29_A5,tier1_canopy_mid,1,300,0.25,1.95,1.475,0.67227,-0.035258,0.0096556,0.67326,299.081,1,1
29_A5,tier1_canopy_mid,1,300,0.3,1.95,1.475,0.64431,-0.033535,0.01248,0.64531,299.087,1,1
29_A5,tier1_canopy_mid,1,300,0.25,2.0,1.475,0.68418,-0.01279,0.012585,0.68442,299.083,1,1
29_A5,tier1_canopy_mid,1,300,0.3,2.0,1.475,0.65653,-0.012344,0.01476,0.65681,299.09,1,1
29_A5,tier1_canopy_mid,1,300,0.35,1.95,1.475,0.61717,-0.032129,0.016986,0.61824,299.096,1,1
29_A5,tier1_canopy_mid,1,300,0.35,2.0,1.475,0.62978,-0.012394,0.017945,0.63016,299.1,1,1
29_A5,tier1_canopy_mid,1,300,-0.3,2.05,1.475,1.0827,0.051009,-0.0075838,1.0839,298.987,1,1
29_A5,tier1_canopy_mid,1,300,-0.25,2.05,1.475,1.0354,0.044693,-0.0040825,1.0363,298.996,1,1
29_A5,tier1_canopy_mid,1,300,-0.2,2.05,1.475,0.99053,0.039112,-0.00065376,0.9913,299.004,1,1
29_A5,tier1_canopy_mid,1,300,-0.15,2.05,1.475,0.94853,0.034456,0.0023671,0.94916,299.012,1,1
29_A5,tier1_canopy_mid,1,300,-0.1,2.05,1.475,0.90886,0.030261,0.0048375,0.90938,299.021,1,1
29_A5,tier1_canopy_mid,1,300,-0.05,2.05,1.475,0.87101,0.026169,0.0069576,0.87143,299.03,1,1
29_A5,tier1_canopy_mid,1,300,0.0,2.05,1.475,0.83494,0.022051,0.0090063,0.83528,299.039,1,1
29_A5,tier1_canopy_mid,1,300,0.05,2.05,1.475,0.80078,0.017844,0.011173,0.80106,299.048,1,1
29_A5,tier1_canopy_mid,1,300,0.1,2.05,1.475,0.76881,0.013498,0.013511,0.76905,299.057,1,1
29_A5,tier1_canopy_mid,1,300,0.15,2.05,1.475,0.73938,0.0095946,0.015728,0.73961,299.067,1,1
29_A5,tier1_canopy_mid,1,300,0.2,2.05,1.475,0.71195,0.0077687,0.016868,0.7122,299.076,1,1
29_A5,tier1_canopy_mid,1,300,0.25,2.05,1.475,0.68505,0.0074767,0.017133,0.6853,299.086,1,1
29_A5,tier1_canopy_mid,1,300,0.3,2.05,1.475,0.65834,0.0067684,0.017797,0.65861,299.096,1,1
29_A5,tier1_canopy_mid,1,300,0.35,2.05,1.475,0.63283,0.0055746,0.018968,0.63314,299.106,1,1
29_A5,tier1_canopy_mid,1,300,0.4,1.6,1.475,0.49148,-0.13445,0.013639,0.50972,299.174,1,1
29_A5,tier1_canopy_mid,1,300,0.45,1.6,1.475,0.47636,-0.12373,0.01474,0.49239,299.178,1,1
29_A5,tier1_canopy_mid,1,300,0.5,1.6,1.475,0.46268,-0.11269,0.01476,0.47643,299.183,1,1
29_A5,tier1_canopy_mid,1,300,0.55,1.6,1.475,0.4495,-0.10166,0.013695,0.46105,299.189,1,1
29_A5,tier1_canopy_mid,1,300,0.6,1.6,1.475,0.4363,-0.090795,0.013385,0.44585,299.195,1,1
29_A5,tier1_canopy_mid,1,300,0.65,1.6,1.475,0.42404,-0.080007,0.013684,0.43174,299.202,1,1
29_A5,tier1_canopy_mid,1,300,0.7,1.6,1.475,0.41271,-0.06909,0.014289,0.4187,299.208,1,1
29_A5,tier1_canopy_mid,1,300,0.75,1.6,1.475,0.40202,-0.057929,0.015206,0.40645,299.215,1,1
29_A5,tier1_canopy_mid,1,300,0.8,1.6,1.475,0.39153,-0.046606,0.016642,0.39465,299.222,1,1
29_A5,tier1_canopy_mid,1,300,0.85,1.6,1.475,0.38075,-0.035672,0.01903,0.38289,299.23,1,1
29_A5,tier1_canopy_mid,1,300,0.9,1.6,1.475,0.36865,-0.026069,0.022891,0.37027,299.236,1,1
29_A5,tier1_canopy_mid,1,300,0.95,1.6,1.475,0.35392,-0.018653,0.02905,0.3556,299.241,1,1
29_A5,tier1_canopy_mid,1,300,1.0,1.6,1.475,0.33458,-0.01444,0.035105,0.33673,299.249,1,1
29_A5,tier1_canopy_mid,1,300,0.4,1.65,1.475,0.4917,-0.12118,0.01244,0.50656,299.171,1,1
29_A5,tier1_canopy_mid,1,300,0.4,1.7,1.475,0.50944,-0.10861,0.011918,0.52102,299.157,1,1
29_A5,tier1_canopy_mid,1,300,0.45,1.65,1.475,0.47515,-0.1109,0.013484,0.48811,299.175,1,1
29_A5,tier1_canopy_mid,1,300,0.5,1.65,1.475,0.46099,-0.10119,0.013718,0.47216,299.182,1,1
29_A5,tier1_canopy_mid,1,300,0.45,1.7,1.475,0.4931,-0.099601,0.012411,0.50321,299.164,1,1
29_A5,tier1_canopy_mid,1,300,0.5,1.7,1.475,0.4783,-0.091113,0.012318,0.48706,299.171,1,1
29_A5,tier1_canopy_mid,1,300,0.55,1.65,1.475,0.44752,-0.09173,0.012364,0.45699,299.189,1,1
29_A5,tier1_canopy_mid,1,300,0.6,1.65,1.475,0.43385,-0.08207,0.011715,0.4417,299.197,1,1
29_A5,tier1_canopy_mid,1,300,0.55,1.7,1.475,0.46373,-0.082716,0.01137,0.47119,299.18,1,1
29_A5,tier1_canopy_mid,1,300,0.6,1.7,1.475,0.44916,-0.074063,0.010902,0.45536,299.188,1,1
29_A5,tier1_canopy_mid,1,300,0.65,1.65,1.475,0.42113,-0.072228,0.01177,0.42744,299.205,1,1
29_A5,tier1_canopy_mid,1,300,0.7,1.65,1.475,0.40944,-0.062071,0.012134,0.4143,299.213,1,1
29_A5,tier1_canopy_mid,1,300,0.65,1.7,1.475,0.43554,-0.065233,0.011007,0.44054,299.196,1,1
29_A5,tier1_canopy_mid,1,300,0.7,1.7,1.475,0.4232,-0.056042,0.011414,0.42705,299.205,1,1
29_A5,tier1_canopy_mid,1,300,0.75,1.65,1.475,0.39842,-0.051282,0.012771,0.40191,299.222,1,1
29_A5,tier1_canopy_mid,1,300,0.8,1.65,1.475,0.38732,-0.039504,0.01396,0.38958,299.231,1,1
29_A5,tier1_canopy_mid,1,300,0.75,1.7,1.475,0.41203,-0.045758,0.01196,0.41473,299.214,1,1
29_A5,tier1_canopy_mid,1,300,0.8,1.7,1.475,0.40133,-0.033319,0.012658,0.40291,299.224,1,1
29_A5,tier1_canopy_mid,1,300,0.85,1.65,1.475,0.37507,-0.026667,0.016472,0.37637,299.241,1,1
29_A5,tier1_canopy_mid,1,300,0.9,1.65,1.475,0.35957,-0.012802,0.02166,0.36045,299.25,1,1
29_A5,tier1_canopy_mid,1,300,0.85,1.7,1.475,0.39016,-0.018152,0.014226,0.39084,299.234,1,1
29_A5,tier1_canopy_mid,1,300,0.9,1.7,1.475,0.37761,0.00038538,0.018148,0.37805,299.245,1,1
29_A5,tier1_canopy_mid,1,300,0.95,1.65,1.475,0.33822,0.0024328,0.031077,0.33965,299.26,1,1
29_A5,tier1_canopy_mid,1,300,1.0,1.65,1.475,0.30651,0.020563,0.039901,0.30978,299.274,1,1
29_A5,tier1_canopy_mid,1,300,0.95,1.7,1.475,0.36305,0.023795,0.025125,0.36469,299.259,1,1
29_A5,tier1_canopy_mid,1,300,1.0,1.7,1.475,0.34518,0.055667,0.031028,0.35102,299.274,1,1
29_A5,tier1_canopy_mid,1,300,0.4,1.75,1.475,0.5322,-0.096329,0.012222,0.54099,299.143,1,1
29_A5,tier1_canopy_mid,1,300,0.4,1.8,1.475,0.55422,-0.082523,0.012847,0.56048,299.133,1,1
29_A5,tier1_canopy_mid,1,300,0.45,1.75,1.475,0.51541,-0.088937,0.012434,0.52317,299.152,1,1
29_A5,tier1_canopy_mid,1,300,0.5,1.75,1.475,0.49934,-0.080951,0.011854,0.506,299.161,1,1
29_A5,tier1_canopy_mid,1,300,0.45,1.8,1.475,0.5343,-0.076114,0.013923,0.53988,299.143,1,1
29_A5,tier1_canopy_mid,1,300,0.5,1.8,1.475,0.5165,-0.068829,0.013511,0.52124,299.153,1,1
29_A5,tier1_canopy_mid,1,300,0.55,1.75,1.475,0.48315,-0.072717,0.010976,0.48871,299.17,1,1
29_A5,tier1_canopy_mid,1,300,0.6,1.75,1.475,0.46717,-0.064766,0.010691,0.47176,299.178,1,1
29_A5,tier1_canopy_mid,1,300,0.55,1.8,1.475,0.49924,-0.061339,0.011711,0.50313,299.161,1,1
29_A5,tier1_canopy_mid,1,300,0.6,1.8,1.475,0.48172,-0.054316,0.011187,0.4849,299.17,1,1
29_A5,tier1_canopy_mid,1,300,0.65,1.75,1.475,0.45239,-0.057184,0.011074,0.45612,299.187,1,1
29_A5,tier1_canopy_mid,1,300,0.7,1.75,1.475,0.43944,-0.049779,0.011863,0.44241,299.196,1,1
29_A5,tier1_canopy_mid,1,300,0.65,1.8,1.475,0.4654,-0.047808,0.01208,0.46801,299.18,1,1
29_A5,tier1_canopy_mid,1,300,0.7,1.8,1.475,0.45045,-0.041703,0.01417,0.4526,299.189,1,1
29_A5,tier1_canopy_mid,1,300,0.75,1.75,1.475,0.4285,-0.041202,0.012531,0.43066,299.206,1,1
29_A5,tier1_canopy_mid,1,300,0.8,1.75,1.475,0.419,-0.028902,0.01232,0.42017,299.216,1,1
29_A5,tier1_canopy_mid,1,300,0.75,1.8,1.475,0.43704,-0.034718,0.017406,0.43876,299.2,1,1
29_A5,tier1_canopy_mid,1,300,0.8,1.8,1.475,0.42801,-0.023792,0.016974,0.42901,299.212,1,1
29_A5,tier1_canopy_mid,1,300,0.85,1.75,1.475,0.40999,-0.013154,0.012071,0.41038,299.226,1,1
29_A5,tier1_canopy_mid,1,300,0.9,1.75,1.475,0.40236,0.0046567,0.013404,0.40261,299.237,1,1
29_A5,tier1_canopy_mid,1,300,0.85,1.8,1.475,0.42059,-0.0094941,0.013957,0.42093,299.222,1,1
29_A5,tier1_canopy_mid,1,300,0.9,1.8,1.475,0.41283,0.005441,0.015055,0.41314,299.232,1,1
29_A5,tier1_canopy_mid,1,300,0.95,1.75,1.475,0.39838,0.027057,0.01597,0.39962,299.248,1,1
29_A5,tier1_canopy_mid,1,300,1.0,1.75,1.475,0.39806,0.060151,0.01731,0.40295,299.261,1,1
29_A5,tier1_canopy_mid,1,300,0.95,1.8,1.475,0.41044,0.023468,0.020832,0.41164,299.242,1,1
29_A5,tier1_canopy_mid,1,300,1.0,1.8,1.475,0.41902,0.053365,0.019169,0.42284,299.253,1,1
29_A5,tier1_canopy_mid,1,300,0.4,1.85,1.475,0.57222,-0.065395,0.013431,0.5761,299.124,1,1
29_A5,tier1_canopy_mid,1,300,0.35,1.85,1.475,0.59526,-0.070686,0.012981,0.59958,299.116,1,1
29_A5,tier1_canopy_mid,1,300,0.4,1.9,1.475,0.58478,-0.047484,0.015841,0.58691,299.113,1,1
29_A5,tier1_canopy_mid,1,300,0.45,1.85,1.475,0.54976,-0.059306,0.015057,0.55315,299.134,1,1
29_A5,tier1_canopy_mid,1,300,0.5,1.85,1.475,0.53063,-0.053693,0.015015,0.53355,299.144,1,1
29_A5,tier1_canopy_mid,1,300,0.45,1.9,1.475,0.56381,-0.042574,0.0157,0.56563,299.123,1,1
29_A5,tier1_canopy_mid,1,300,0.5,1.9,1.475,0.5444,-0.038871,0.014869,0.54599,299.134,1,1
29_A5,tier1_canopy_mid,1,300,0.55,1.85,1.475,0.51294,-0.048428,0.012606,0.51537,299.153,1,1
29_A5,tier1_canopy_mid,1,300,0.6,1.85,1.475,0.49468,-0.042895,0.01182,0.49668,299.162,1,1
29_A5,tier1_canopy_mid,1,300,0.55,1.9,1.475,0.52611,-0.035738,0.013085,0.52748,299.144,1,1
29_A5,tier1_canopy_mid,1,300,0.6,1.9,1.475,0.50817,-0.031857,0.012391,0.50932,299.153,1,1
29_A5,tier1_canopy_mid,1,300,0.65,1.85,1.475,0.47762,-0.036862,0.012811,0.47921,299.172,1,1
29_A5,tier1_canopy_mid,1,300,0.7,1.85,1.475,0.46166,-0.029986,0.015511,0.46289,299.181,1,1
29_A5,tier1_canopy_mid,1,300,0.65,1.9,1.475,0.49188,-0.026797,0.012834,0.49278,299.163,1,1
29_A5,tier1_canopy_mid,1,300,0.7,1.9,1.475,0.47785,-0.020092,0.014256,0.47849,299.172,1,1
29_A5,tier1_canopy_mid,1,300,0.75,1.85,1.475,0.44633,-0.022092,0.020943,0.44736,299.194,1,1
29_A5,tier1_canopy_mid,1,300,0.8,1.85,1.475,0.43762,-0.013258,0.021057,0.43833,299.208,1,1
29_A5,tier1_canopy_mid,1,300,0.75,1.9,1.475,0.46591,-0.012248,0.017104,0.46638,299.184,1,1
29_A5,tier1_canopy_mid,1,300,0.8,1.9,1.475,0.45892,-0.0057628,0.016925,0.45927,299.197,1,1
29_A5,tier1_canopy_mid,1,300,0.85,1.85,1.475,0.43211,-0.0024479,0.016332,0.43242,299.218,1,1
29_A5,tier1_canopy_mid,1,300,0.9,1.85,1.475,0.42473,0.011742,0.017949,0.42527,299.227,1,1
29_A5,tier1_canopy_mid,1,300,0.85,1.9,1.475,0.45533,0.0013337,0.013946,0.45555,299.207,1,1
29_A5,tier1_canopy_mid,1,300,0.9,1.9,1.475,0.45366,0.014011,0.014639,0.45412,299.217,1,1
29_A5,tier1_canopy_mid,1,300,0.95,1.85,1.475,0.42153,0.029464,0.028598,0.42353,299.237,1,1
29_A5,tier1_canopy_mid,1,300,1.0,1.85,1.475,0.43545,0.054041,0.026984,0.43962,299.249,1,1
29_A5,tier1_canopy_mid,1,300,0.95,1.9,1.475,0.45781,0.031668,0.020614,0.45937,299.228,1,1
29_A5,tier1_canopy_mid,1,300,1.0,1.9,1.475,0.47563,0.050494,0.019848,0.47872,299.239,1,1
29_A5,tier1_canopy_mid,1,300,0.4,1.95,1.475,0.59432,-0.030807,0.019183,0.59542,299.107,1,1
29_A5,tier1_canopy_mid,1,300,0.4,2.0,1.475,0.60536,-0.013675,0.019746,0.60583,299.11,1,1
29_A5,tier1_canopy_mid,1,300,0.45,1.95,1.475,0.57505,-0.029337,0.017292,0.57605,299.117,1,1
29_A5,tier1_canopy_mid,1,300,0.5,1.95,1.475,0.55559,-0.02734,0.015416,0.55647,299.128,1,1
29_A5,tier1_canopy_mid,1,300,0.45,2.0,1.475,0.58293,-0.015413,0.019842,0.58348,299.122,1,1
29_A5,tier1_canopy_mid,1,300,0.5,2.0,1.475,0.56259,-0.015545,0.018603,0.56311,299.133,1,1
29_A5,tier1_canopy_mid,1,300,0.55,1.95,1.475,0.53676,-0.024955,0.01399,0.53752,299.138,1,1
29_A5,tier1_canopy_mid,1,300,0.6,1.95,1.475,0.51907,-0.022357,0.013285,0.51972,299.149,1,1
29_A5,tier1_canopy_mid,1,300,0.55,2.0,1.475,0.54374,-0.014607,0.015958,0.54417,299.143,1,1
29_A5,tier1_canopy_mid,1,300,0.6,2.0,1.475,0.52539,-0.013806,0.014537,0.52577,299.153,1,1
29_A5,tier1_canopy_mid,1,300,0.65,1.95,1.475,0.50344,-0.019232,0.01321,0.50398,299.159,1,1
29_A5,tier1_canopy_mid,1,300,0.7,1.95,1.475,0.49069,-0.015189,0.013468,0.49111,299.169,1,1
29_A5,tier1_canopy_mid,1,300,0.65,2.0,1.475,0.50945,-0.013037,0.014131,0.50981,299.162,1,1
29_A5,tier1_canopy_mid,1,300,0.7,2.0,1.475,0.49662,-0.012047,0.014022,0.49697,299.172,1,1
29_A5,tier1_canopy_mid,1,300,0.75,1.95,1.475,0.48149,-0.010528,0.013644,0.4818,299.179,1,1
29_A5,tier1_canopy_mid,1,300,0.8,1.95,1.475,0.47609,-0.0066998,0.012956,0.47631,299.189,1,1
29_A5,tier1_canopy_mid,1,300,0.75,2.0,1.475,0.48728,-0.011012,0.013823,0.4876,299.182,1,1
29_A5,tier1_canopy_mid,1,300,0.8,2.0,1.475,0.48186,-0.010426,0.01329,0.48216,299.192,1,1
29_A5,tier1_canopy_mid,1,300,0.85,1.95,1.475,0.47441,-0.0025167,0.011724,0.47456,299.199,1,1
29_A5,tier1_canopy_mid,1,300,0.9,1.95,1.475,0.47822,0.0052138,0.011162,0.47838,299.209,1,1
29_A5,tier1_canopy_mid,1,300,0.85,2.0,1.475,0.4811,-0.010073,0.012539,0.48137,299.202,1,1
29_A5,tier1_canopy_mid,1,300,0.9,2.0,1.475,0.48685,-0.0090983,0.011983,0.48708,299.211,1,1
29_A5,tier1_canopy_mid,1,300,0.95,1.95,1.475,0.49081,0.016614,0.011318,0.49122,299.219,1,1
29_A5,tier1_canopy_mid,1,300,1.0,1.95,1.475,0.51447,0.028763,0.01113,0.51539,299.229,1,1
29_A5,tier1_canopy_mid,1,300,0.95,2.0,1.475,0.50192,-0.0072311,0.011783,0.50211,299.221,1,1
29_A5,tier1_canopy_mid,1,300,1.0,2.0,1.475,0.52877,-0.0047862,0.012483,0.52893,299.231,1,1
29_A5,tier1_canopy_mid,1,300,0.4,2.05,1.475,0.60805,0.0037965,0.019772,0.60838,299.115,1,1
29_A5,tier1_canopy_mid,1,300,0.45,2.05,1.475,0.58371,0.0013947,0.021631,0.58411,299.125,1,1
29_A5,tier1_canopy_mid,1,300,0.5,2.05,1.475,0.56299,-0.0011837,0.021558,0.5634,299.136,1,1
29_A5,tier1_canopy_mid,1,300,0.55,2.05,1.475,0.54441,-0.0036258,0.01843,0.54473,299.146,1,1
29_A5,tier1_canopy_mid,1,300,0.6,2.05,1.475,0.52584,-0.0057075,0.016663,0.52614,299.156,1,1
29_A5,tier1_canopy_mid,1,300,0.65,2.05,1.475,0.50973,-0.0075136,0.016135,0.51004,299.166,1,1
29_A5,tier1_canopy_mid,1,300,0.7,2.05,1.475,0.49666,-0.0093062,0.015913,0.497,299.177,1,1
29_A5,tier1_canopy_mid,1,300,0.75,2.05,1.475,0.48675,-0.011495,0.015703,0.48714,299.187,1,1
29_A5,tier1_canopy_mid,1,300,0.8,2.05,1.475,0.48048,-0.014641,0.015515,0.48095,299.197,1,1
29_A5,tier1_canopy_mid,1,300,0.85,2.05,1.475,0.47887,-0.019299,0.015508,0.47951,299.208,1,1
29_A5,tier1_canopy_mid,1,300,0.9,2.05,1.475,0.48375,-0.025965,0.015886,0.48471,299.218,1,1
29_A5,tier1_canopy_mid,1,300,0.95,2.05,1.475,0.49722,-0.034064,0.016626,0.49866,299.23,1,1
29_A5,tier1_canopy_mid,1,300,1.0,2.05,1.475,0.52116,-0.041642,0.01719,0.5231,299.241,1,1
29_A5,tier1_canopy_mid,1,300,1.05,1.6,1.475,0.31197,-0.028991,0.046342,0.31673,299.274,1,1
29_A5,tier1_canopy_mid,1,300,1.1,1.6,1.475,0,0,0,0,302,1,1
29_A5,tier1_canopy_mid,1,300,1.15,1.6,1.475,0,0,0,0,302,1,1
29_A5,tier1_canopy_mid,1,300,1.2,1.6,1.475,0,0,0,0,302,1,1
29_A5,tier1_canopy_mid,1,300,1.05,1.65,1.475,0.26453,0.041398,0.057406,0.27383,299.312,1,1
29_A5,tier1_canopy_mid,1,300,1.1,1.65,1.475,0,0,0,0,302,1,1
29_A5,tier1_canopy_mid,1,300,1.05,1.7,1.475,0.32457,0.11268,0.040021,0.3459,299.304,1,1
29_A5,tier1_canopy_mid,1,300,1.1,1.7,1.475,-6.5907e-17,-2.9385e-17,-6.6742e-18,7.2469e-17,302,1,1
29_A5,tier1_canopy_mid,1,300,1.2,1.65,1.475,0,0,0,0,302,1,1
29_A5,tier1_canopy_mid,1,300,1.2,1.7,1.475,0,0,0,0,302,1,1
29_A5,tier1_canopy_mid,1,300,1.05,1.75,1.475,0.40054,0.10925,0.017106,0.41553,299.279,1,1
29_A5,tier1_canopy_mid,1,300,1.1,1.75,1.475,0.40554,0.1302,0.0064854,0.42598,299.297,1,1
29_A5,tier1_canopy_mid,1,300,1.05,1.8,1.475,0.43122,0.094083,0.010464,0.44148,299.264,1,1
29_A5,tier1_canopy_mid,1,300,1.0,1.8,1.475,0.41902,0.053365,0.019169,0.42284,299.253,1,1
29_A5,tier1_canopy_mid,1,300,1.1,1.8,1.475,0.43618,0.12369,0.0042007,0.4534,299.274,1,1
29_A5,tier1_canopy_mid,1,300,1.15,1.75,1.475,0.37924,0.12348,-0.00078282,0.39884,299.308,1,1
29_A5,tier1_canopy_mid,1,300,1.15,1.7,1.475,0,0,0,0,302,1,1
29_A5,tier1_canopy_mid,1,300,1.2,1.75,1.475,0.32028,0.1314,0.0050321,0.34622,299.305,1,1
29_A5,tier1_canopy_mid,1,300,1.15,1.8,1.475,0.42226,0.15192,0.0066249,0.44881,299.284,1,1
29_A5,tier1_canopy_mid,1,300,1.2,1.8,1.475,0.37972,0.20276,0.020421,0.43094,299.29,1,1
29_A5,tier1_canopy_mid,1,300,1.05,1.85,1.475,0.45745,0.088814,0.013484,0.46619,299.258,1,1
29_A5,tier1_canopy_mid,1,300,1.1,1.85,1.475,0.47206,0.13156,0.011147,0.49017,299.267,1,1
29_A5,tier1_canopy_mid,1,300,1.05,1.9,1.475,0.50376,0.076264,0.014306,0.5097,299.248,1,1
29_A5,tier1_canopy_mid,1,300,1.1,1.9,1.475,0.53775,0.12004,0.021906,0.55143,299.26,1,1
29_A5,tier1_canopy_mid,1,300,1.15,1.85,1.475,0.47774,0.19317,0.024218,0.51588,299.279,1,1
29_A5,tier1_canopy_mid,1,300,1.2,1.85,1.475,0.4476,0.30616,0.059409,0.54553,299.288,1,1
29_A5,tier1_canopy_mid,1,300,1.15,1.9,1.475,0.59188,0.19549,0.056482,0.62589,299.277,1,1
29_A5,tier1_canopy_mid,1,300,1.2,1.9,1.475,0.60344,0.34304,0.15463,0.71115,299.288,1,1
29_A5,tier1_canopy_mid,1,300,1.05,1.95,1.475,0.55089,0.045476,0.0145,0.55295,299.239,1,1
29_A5,tier1_canopy_mid,1,300,1.1,1.95,1.475,0.60758,0.076395,0.032503,0.61322,299.253,1,1
29_A5,tier1_canopy_mid,1,300,1.05,2.0,1.475,0.57092,-0.0017645,0.018265,0.57121,299.242,1,1
29_A5,tier1_canopy_mid,1,300,1.1,2.0,1.475,0.63778,0.0027201,0.040243,0.63905,299.258,1,1
29_A5,tier1_canopy_mid,1,300,1.15,1.95,1.475,0.71598,0.1314,0.090102,0.7335,299.276,1,1
29_A5,tier1_canopy_mid,1,300,1.2,1.95,1.475,0.77973,0.22379,0.25962,0.85174,299.286,1,1
29_A5,tier1_canopy_mid,1,300,1.15,2.0,1.475,0.76664,0.0092014,0.10711,0.77414,299.283,1,1
29_A5,tier1_canopy_mid,1,300,1.2,2.0,1.475,0.84879,-0.0028655,0.30001,0.90025,299.294,1,1
29_A5,tier1_canopy_mid,1,300,1.05,2.05,1.475,0.55791,-0.053051,0.021826,0.56085,299.254,1,1
29_A5,tier1_canopy_mid,1,300,1.1,2.05,1.475,0.61559,-0.076624,0.041744,0.62174,299.272,1,1
29_A5,tier1_canopy_mid,1,300,1.15,2.05,1.475,0.72892,-0.12184,0.10142,0.74596,299.299,1,1
29_A5,tier1_canopy_mid,1,300,1.2,2.05,1.475,0.79223,-0.23375,0.26653,0.86793,299.312,1,1
29_A5,tier1_canopy_mid,1,300,-1.2,2.1,1.475,1.6245,0.24518,-0.19905,1.6549,298.891,1,1
29_A5,tier1_canopy_mid,1,300,-1.15,2.1,1.475,1.7163,0.35702,-0.23107,1.7682,298.899,1,1
29_A5,tier1_canopy_mid,1,300,-1.1,2.1,1.475,1.7606,0.38455,-0.21346,1.8147,298.905,1,1
29_A5,tier1_canopy_mid,1,300,-1.05,2.05,1.475,2.271,0.25954,-0.31335,2.3071,298.919,1,1
29_A5,tier1_canopy_mid,1,300,-1.05,2.1,1.475,1.7669,0.37736,-0.18479,1.8162,298.91,1,1
29_A5,tier1_canopy_mid,1,300,-1.0,2.1,1.475,1.7498,0.35716,-0.15557,1.7926,298.914,1,1
29_A5,tier1_canopy_mid,1,300,-1.2,2.15,1.475,0.76419,0.14102,0.065843,0.77988,298.889,1,1
29_A5,tier1_canopy_mid,1,300,-1.2,2.2,1.475,0.35218,-0.04184,0.16309,0.39035,298.899,1,1
29_A5,tier1_canopy_mid,1,300,-1.15,2.15,1.475,0.95788,0.27103,-0.036412,0.99615,298.902,1,1
29_A5,tier1_canopy_mid,1,300,-1.1,2.15,1.475,1.0991,0.3329,-0.071134,1.1506,298.909,1,1
29_A5,tier1_canopy_mid,1,300,-1.15,2.2,1.475,0.49567,0.07929,0.046639,0.50413,298.921,1,1
29_A5,tier1_canopy_mid,1,300,-1.1,2.2,1.475,0.63392,0.17733,-0.0019242,0.65826,298.927,1,1
29_A5,tier1_canopy_mid,1,300,-1.05,2.15,1.475,1.199,0.35646,-0.075509,1.2531,298.914,1,1
29_A5,tier1_canopy_mid,1,300,-1.0,2.15,1.475,1.2644,0.35983,-0.068943,1.3164,298.918,1,1
29_A5,tier1_canopy_mid,1,300,-1.05,2.2,1.475,0.75989,0.2425,-0.015626,0.7978,298.929,1,1
29_A5,tier1_canopy_mid,1,300,-1.0,2.2,1.475,0.86325,0.28156,-0.016425,0.90815,298.932,1,1
29_A5,tier1_canopy_mid,1,300,-1.2,2.25,1.475,0.18994,-0.113,0.17639,0.28277,298.918,1,1
29_A5,tier1_canopy_mid,1,300,-1.2,2.3,1.475,0,0,0,0,302,1,1
29_A5,tier1_canopy_mid,1,300,-1.15,2.25,1.475,0.23956,-0.034935,0.057454,0.24882,298.971,1,1
29_A5,tier1_canopy_mid,1,300,-1.1,2.25,1.475,0.31554,0.048103,0.01282,0.31944,298.973,1,1
29_A5,tier1_canopy_mid,1,300,-1.15,2.3,1.475,-4.4159e-17,2.3711e-17,-8.781e-18,5.0886e-17,302,1,1
29_A5,tier1_canopy_mid,1,300,-1.1,2.3,1.475,0,0,0,0,302,1,1
29_A5,tier1_canopy_mid,1,300,-1.05,2.25,1.475,0.43323,0.12006,0.0044922,0.44958,298.955,1,1
29_A5,tier1_canopy_mid,1,300,-1.0,2.25,1.475,0.54912,0.17935,0.0086863,0.57773,298.953,1,1
29_A5,tier1_canopy_mid,1,300,-1.05,2.3,1.475,0.20645,-0.00040273,0.014673,0.20698,298.958,1,1
29_A5,tier1_canopy_mid,1,300,-1.0,2.3,1.475,0.31024,0.067729,0.029616,0.31893,298.962,1,1
29_A5,tier1_canopy_mid,1,300,-1.2,2.35,1.475,0,0,0,0,302,1,1
29_A5,tier1_canopy_mid,1,300,-1.2,2.4,1.475,0,0,0,0,302,1,1
29_A5,tier1_canopy_mid,1,300,-1.05,2.35,1.475,0.075421,-0.11601,0.053842,0.14848,298.877,1,1
29_A5,tier1_canopy_mid,1,300,-1.1,2.35,1.475,0,0,0,0,302,1,1
29_A5,tier1_canopy_mid,1,300,-1.0,2.35,1.475,0.14211,-0.046174,0.063271,0.16226,298.909,1,1
29_A5,tier1_canopy_mid,1,300,-1.05,2.4,1.475,0.039696,-0.15655,0.11228,0.1967,298.749,1,1
29_A5,tier1_canopy_mid,1,300,-1.1,2.4,1.475,0,0,0,0,302,1,1
29_A5,tier1_canopy_mid,1,300,-1.0,2.4,1.475,0.051982,-0.11935,0.10764,0.16892,298.773,1,1
29_A5,tier1_canopy_mid,1,300,-1.15,2.4,1.475,0,0,0,0,302,1,1
29_A5,tier1_canopy_mid,1,300,-0.95,2.05,1.475,2.0806,0.21616,-0.21243,2.1025,298.925,1,1
29_A5,tier1_canopy_mid,1,300,-0.9,2.05,1.475,1.9807,0.18892,-0.17691,1.9975,298.928,1,1
29_A5,tier1_canopy_mid,1,300,-0.95,2.1,1.475,1.7171,0.33125,-0.1289,1.7535,298.919,1,1
29_A5,tier1_canopy_mid,1,300,-0.9,2.1,1.475,1.6731,0.30262,-0.10611,1.7036,298.924,1,1
29_A5,tier1_canopy_mid,1,300,-0.85,2.1,1.475,1.6209,0.27533,-0.086841,1.6464,298.929,1,1
29_A5,tier1_canopy_mid,1,300,-0.8,2.1,1.475,1.5643,0.2524,-0.069819,1.5861,298.934,1,1
29_A5,tier1_canopy_mid,1,300,-0.75,2.1,1.475,1.5073,0.23212,-0.054973,1.5261,298.94,1,1
29_A5,tier1_canopy_mid,1,300,-0.7,2.1,1.475,1.4504,0.21253,-0.044738,1.4665,298.944,1,1
29_A5,tier1_canopy_mid,1,300,-0.65,2.1,1.475,1.393,0.19415,-0.037328,1.4069,298.948,1,1
29_A5,tier1_canopy_mid,1,300,-0.6,2.1,1.475,1.3358,0.1773,-0.03006,1.3479,298.952,1,1
29_A5,tier1_canopy_mid,1,300,-0.55,2.1,1.475,1.2801,0.16105,-0.023991,1.2904,298.957,1,1
29_A5,tier1_canopy_mid,1,300,-0.5,2.05,1.475,1.3159,0.082589,-0.036977,1.319,298.966,1,1
29_A5,tier1_canopy_mid,1,300,-0.5,2.1,1.475,1.224,0.14355,-0.020337,1.2326,298.96,1,1
29_A5,tier1_canopy_mid,1,300,-0.45,2.1,1.475,1.1676,0.12638,-0.010271,1.1744,298.963,1,1
29_A5,tier1_canopy_mid,1,300,-0.4,2.1,1.475,1.1182,0.11422,0.00045494,1.124,298.969,1,1
29_A5,tier1_canopy_mid,1,300,-0.35,2.1,1.475,1.0751,0.10546,0.0027616,1.0802,298.978,1,1
29_A5,tier1_canopy_mid,1,300,-0.95,2.15,1.475,1.3016,0.35115,-0.058638,1.3494,298.923,1,1
29_A5,tier1_canopy_mid,1,300,-1.0,2.15,1.475,1.2644,0.35983,-0.068943,1.3164,298.918,1,1
29_A5,tier1_canopy_mid,1,300,-0.9,2.15,1.475,1.317,0.33523,-0.0478,1.3598,298.928,1,1
29_A5,tier1_canopy_mid,1,300,-0.95,2.2,1.475,0.94052,0.30113,-0.012656,0.98763,298.936,1,1
29_A5,tier1_canopy_mid,1,300,-0.9,2.2,1.475,0.99382,0.3063,-0.008298,1.04,298.939,1,1
29_A5,tier1_canopy_mid,1,300,-0.85,2.15,1.475,1.316,0.31627,-0.037885,1.354,298.934,1,1
29_A5,tier1_canopy_mid,1,300,-0.8,2.15,1.475,1.3033,0.2973,-0.028728,1.3371,298.939,1,1
29_A5,tier1_canopy_mid,1,300,-0.85,2.2,1.475,1.028,0.30272,-0.0033718,1.0717,298.943,1,1
29_A5,tier1_canopy_mid,1,300,-0.8,2.2,1.475,1.0486,0.29541,0.0020921,1.0894,298.949,1,1
29_A5,tier1_canopy_mid,1,300,-0.75,2.15,1.475,1.2829,0.27858,-0.020785,1.313,298.945,1,1
29_A5,tier1_canopy_mid,1,300,-0.7,2.15,1.475,1.2555,0.25906,-0.018539,1.2821,298.949,1,1
29_A5,tier1_canopy_mid,1,300,-0.75,2.2,1.475,1.0583,0.28525,0.0058828,1.0961,298.956,1,1
29_A5,tier1_canopy_mid,1,300,-0.7,2.2,1.475,1.0567,0.27106,0.004118,1.0909,298.959,1,1
29_A5,tier1_canopy_mid,1,300,-0.65,2.15,1.475,1.2215,0.23912,-0.018458,1.2448,298.949,1,1
29_A5,tier1_canopy_mid,1,300,-0.6,2.15,1.475,1.1833,0.21967,-0.015359,1.2037,298.951,1,1
29_A5,tier1_canopy_mid,1,300,-0.65,2.2,1.475,1.0441,0.25358,0.0017638,1.0744,298.959,1,1
29_A5,tier1_canopy_mid,1,300,-0.6,2.2,1.475,1.0252,0.2355,0.0040926,1.052,298.96,1,1
29_A5,tier1_canopy_mid,1,300,-0.55,2.15,1.475,1.143,0.20089,-0.010605,1.1606,298.953,1,1
29_A5,tier1_canopy_mid,1,300,-0.5,2.15,1.475,1.1015,0.18231,-0.0033548,1.1165,298.956,1,1
29_A5,tier1_canopy_mid,1,300,-0.55,2.2,1.475,1.0034,0.21855,0.0077771,1.027,298.964,1,1
29_A5,tier1_canopy_mid,1,300,-0.5,2.2,1.475,0.97919,0.20311,0.013137,1.0001,298.968,1,1
29_A5,tier1_canopy_mid,1,300,-0.45,2.15,1.475,1.06,0.165,0.010212,1.0729,298.961,1,1
29_A5,tier1_canopy_mid,1,300,-0.4,2.15,1.475,1.0251,0.15168,0.01845,1.0364,298.969,1,1
29_A5,tier1_canopy_mid,1,300,-0.45,2.2,1.475,0.95341,0.18919,0.022056,0.97225,298.974,1,1
29_A5,tier1_canopy_mid,1,300,-0.4,2.2,1.475,0.92983,0.17587,0.026538,0.94669,298.982,1,1
29_A5,tier1_canopy_mid,1,300,-0.35,2.15,1.475,0.99363,0.14061,0.016603,1.0037,298.979,1,1
29_A5,tier1_canopy_mid,1,300,-0.35,2.2,1.475,0.90678,0.16245,0.024553,0.92154,298.991,1,1
29_A5,tier1_canopy_mid,1,300,-0.95,2.25,1.475,0.6452,0.22066,0.013981,0.68203,298.956,1,1
29_A5,tier1_canopy_mid,1,300,-1.0,2.25,1.475,0.54912,0.17935,0.0086863,0.57773,298.953,1,1
29_A5,tier1_canopy_mid,1,300,-0.9,2.25,1.475,0.7198,0.24499,0.017731,0.76056,298.958,1,1
29_A5,tier1_canopy_mid,1,300,-0.95,2.3,1.475,0.41301,0.12479,0.036387,0.43299,298.973,1,1
29_A5,tier1_canopy_mid,1,300,-1.0,2.3,1.475,0.31024,0.067729,0.029616,0.31893,298.962,1,1
29_A5,tier1_canopy_mid,1,300,-0.9,2.3,1.475,0.49871,0.16558,0.040809,0.52706,298.982,1,1
29_A5,tier1_canopy_mid,1,300,-0.85,2.25,1.475,0.77555,0.25661,0.022716,0.81722,298.961,1,1
29_A5,tier1_canopy_mid,1,300,-0.8,2.25,1.475,0.81863,0.26172,0.0269,0.85987,298.967,1,1
29_A5,tier1_canopy_mid,1,300,-0.85,2.3,1.475,0.56755,0.19156,0.045476,0.60073,298.988,1,1
29_A5,tier1_canopy_mid,1,300,-0.8,2.3,1.475,0.62403,0.20759,0.047561,0.65937,298.994,1,1
29_A5,tier1_canopy_mid,1,300,-0.75,2.25,1.475,0.85074,0.26176,0.026991,0.89051,298.974,1,1
29_A5,tier1_canopy_mid,1,300,-0.7,2.25,1.475,0.86891,0.25497,0.022573,0.90583,298.977,1,1
29_A5,tier1_canopy_mid,1,300,-0.75,2.3,1.475,0.66939,0.21654,0.04597,0.70504,299.001,1,1
29_A5,tier1_canopy_mid,1,300,-0.7,2.3,1.475,0.70159,0.2179,0.042286,0.73586,299.005,1,1
29_A5,tier1_canopy_mid,1,300,-0.65,2.25,1.475,0.87364,0.24301,0.020634,0.90704,298.976,1,1
29_A5,tier1_canopy_mid,1,300,-0.6,2.25,1.475,0.87219,0.23055,0.024041,0.90247,298.98,1,1
29_A5,tier1_canopy_mid,1,300,-0.65,2.3,1.475,0.72114,0.21362,0.040758,0.75322,299.006,1,1
29_A5,tier1_canopy_mid,1,300,-0.6,2.3,1.475,0.73348,0.20828,0.042197,0.76365,299.01,1,1
29_A5,tier1_canopy_mid,1,300,-0.55,2.25,1.475,0.86832,0.21902,0.026045,0.8959,298.986,1,1
29_A5,tier1_canopy_mid,1,300,-0.5,2.25,1.475,0.86078,0.20773,0.027458,0.88592,298.991,1,1
29_A5,tier1_canopy_mid,1,300,-0.55,2.3,1.475,0.74188,0.20251,0.042125,0.77017,299.015,1,1
29_A5,tier1_canopy_mid,1,300,-0.5,2.3,1.475,0.74567,0.1953,0.041492,0.77194,299.021,1,1
29_A5,tier1_canopy_mid,1,300,-0.45,2.25,1.475,0.84987,0.19667,0.029254,0.87282,298.997,1,1
29_A5,tier1_canopy_mid,1,300,-0.4,2.25,1.475,0.83638,0.18436,0.030135,0.85698,299.004,1,1
29_A5,tier1_canopy_mid,1,300,-0.45,2.3,1.475,0.74507,0.18688,0.04077,0.76923,299.027,1,1
29_A5,tier1_canopy_mid,1,300,-0.4,2.3,1.475,0.74074,0.17712,0.039866,0.76266,299.033,1,1
29_A5,tier1_canopy_mid,1,300,-0.35,2.25,1.475,0.82043,0.17094,0.029882,0.83858,299.012,1,1
29_A5,tier1_canopy_mid,1,300,-0.35,2.3,1.475,0.73318,0.16638,0.038821,0.75282,299.04,1,1
29_A5,tier1_canopy_mid,1,300,-0.95,2.35,1.475,0.23344,0.017935,0.066218,0.24331,298.949,1,1
29_A5,tier1_canopy_mid,1,300,-0.9,2.35,1.475,0.31886,0.070566,0.068438,0.33367,298.98,1,1
29_A5,tier1_canopy_mid,1,300,-0.95,2.4,1.475,0.10169,-0.075208,0.10328,0.16329,298.819,1,1
29_A5,tier1_canopy_mid,1,300,-1.0,2.4,1.475,0.051982,-0.11935,0.10764,0.16892,298.773,1,1
29_A5,tier1_canopy_mid,1,300,-0.9,2.4,1.475,0.16527,-0.027356,0.099686,0.19493,298.874,1,1
29_A5,tier1_canopy_mid,1,300,-0.85,2.35,1.475,0.3948,0.10985,0.069651,0.41567,299.002,1,1
29_A5,tier1_canopy_mid,1,300,-0.8,2.35,1.475,0.45863,0.13662,0.069278,0.48353,299.017,1,1
29_A5,tier1_canopy_mid,1,300,-0.85,2.4,1.475,0.23384,0.015834,0.096838,0.25359,298.922,1,1
29_A5,tier1_canopy_mid,1,300,-0.8,2.4,1.475,0.29939,0.050701,0.093767,0.3178,298.96,1,1
29_A5,tier1_canopy_mid,1,300,-0.75,2.35,1.475,0.51134,0.1545,0.067522,0.53842,299.028,1,1
29_A5,tier1_canopy_mid,1,300,-0.7,2.35,1.475,0.55353,0.1651,0.065027,0.58128,299.035,1,1
29_A5,tier1_canopy_mid,1,300,-0.75,2.4,1.475,0.35889,0.077983,0.090067,0.37815,298.989,1,1
29_A5,tier1_canopy_mid,1,300,-0.7,2.4,1.475,0.41019,0.098216,0.085847,0.43043,299.011,1,1
29_A5,tier1_canopy_mid,1,300,-0.65,2.35,1.475,0.58526,0.16984,0.062491,0.6126,299.041,1,1
29_A5,tier1_canopy_mid,1,300,-0.6,2.35,1.475,0.60859,0.17164,0.060366,0.63521,299.045,1,1
29_A5,tier1_canopy_mid,1,300,-0.65,2.4,1.475,0.45244,0.11203,0.081316,0.47315,299.027,1,1
29_A5,tier1_canopy_mid,1,300,-0.6,2.4,1.475,0.4867,0.12118,0.076773,0.5074,299.038,1,1
29_A5,tier1_canopy_mid,1,300,-0.55,2.35,1.475,0.62578,0.17122,0.058081,0.65138,299.05,1,1
29_A5,tier1_canopy_mid,1,300,-0.5,2.35,1.475,0.6377,0.16847,0.055729,0.66193,299.054,1,1
29_A5,tier1_canopy_mid,1,300,-0.55,2.4,1.475,0.51414,0.12674,0.072279,0.53444,299.048,1,1
29_A5,tier1_canopy_mid,1,300,-0.5,2.4,1.475,0.53559,0.12932,0.067895,0.55515,299.056,1,1
29_A5,tier1_canopy_mid,1,300,-0.45,2.35,1.475,0.64497,0.16386,0.053361,0.6676,299.059,1,1
29_A5,tier1_canopy_mid,1,300,-0.4,2.35,1.475,0.64821,0.15772,0.050998,0.66907,299.065,1,1
29_A5,tier1_canopy_mid,1,300,-0.45,2.4,1.475,0.55185,0.12949,0.063684,0.5704,299.063,1,1
29_A5,tier1_canopy_mid,1,300,-0.4,2.4,1.475,0.56364,0.12771,0.059695,0.581,299.069,1,1
29_A5,tier1_canopy_mid,1,300,-0.35,2.35,1.475,0.64791,0.1504,0.048696,0.66692,299.071,1,1
29_A5,tier1_canopy_mid,1,300,-0.35,2.4,1.475,0.57152,0.12433,0.055964,0.58756,299.075,1,1
29_A5,tier1_canopy_mid,1,300,-0.3,2.05,1.475,1.0827,0.051009,-0.0075838,1.0839,298.987,1,1
29_A5,tier1_canopy_mid,1,300,-0.3,2.1,1.475,1.0325,0.096436,0.0047843,1.037,298.987,1,1
29_A5,tier1_canopy_mid,1,300,-0.25,2.1,1.475,0.99129,0.087311,0.0074325,0.99515,298.996,1,1
29_A5,tier1_canopy_mid,1,300,-0.2,2.1,1.475,0.95108,0.078806,0.0089012,0.95438,299.003,1,1
29_A5,tier1_canopy_mid,1,300,-0.15,2.1,1.475,0.91213,0.071221,0.0097894,0.91496,299.01,1,1
29_A5,tier1_canopy_mid,1,300,-0.1,2.05,1.475,0.90886,0.030261,0.0048375,0.90938,299.021,1,1
29_A5,tier1_canopy_mid,1,300,-0.1,2.1,1.475,0.87506,0.064291,0.010998,0.87749,299.016,1,1
29_A5,tier1_canopy_mid,1,300,-0.05,2.1,1.475,0.83924,0.057593,0.012045,0.8413,299.022,1,1
29_A5,tier1_canopy_mid,1,300,0.0,2.1,1.475,0.80464,0.050928,0.013567,0.80636,299.029,1,1
29_A5,tier1_canopy_mid,1,300,0.05,2.1,1.475,0.77143,0.044156,0.016017,0.77286,299.037,1,1
29_A5,tier1_canopy_mid,1,300,0.1,2.1,1.475,0.73999,0.037048,0.019904,0.74119,299.045,1,1
29_A5,tier1_canopy_mid,1,300,0.15,2.1,1.475,0.71067,0.029957,0.025361,0.71175,299.055,1,1
29_A5,tier1_canopy_mid,1,300,0.2,2.1,1.475,0.68573,0.025811,0.026472,0.68672,299.067,1,1
29_A5,tier1_canopy_mid,1,300,0.25,2.1,1.475,0.66215,0.024199,0.023149,0.663,299.078,1,1
29_A5,tier1_canopy_mid,1,300,0.3,2.05,1.475,0.65834,0.0067684,0.017797,0.65861,299.096,1,1
29_A5,tier1_canopy_mid,1,300,0.3,2.1,1.475,0.63696,0.021996,0.02173,0.63771,299.09,1,1
29_A5,tier1_canopy_mid,1,300,0.35,2.1,1.475,0.61332,0.019408,0.021889,0.61402,299.101,1,1
29_A5,tier1_canopy_mid,1,300,-0.3,2.15,1.475,0.95988,0.12945,0.016294,0.9687,298.989,1,1
29_A5,tier1_canopy_mid,1,300,-0.3,2.2,1.475,0.88118,0.14971,0.023988,0.89413,299,1,1
29_A5,tier1_canopy_mid,1,300,-0.25,2.15,1.475,0.92678,0.11881,0.017257,0.93452,298.999,1,1
29_A5,tier1_canopy_mid,1,300,-0.2,2.15,1.475,0.89338,0.1088,0.015476,0.90011,299.005,1,1
29_A5,tier1_canopy_mid,1,300,-0.25,2.2,1.475,0.85583,0.13813,0.024377,0.86725,299.01,1,1
29_A5,tier1_canopy_mid,1,300,-0.2,2.2,1.475,0.8303,0.12698,0.022835,0.84026,299.017,1,1
29_A5,tier1_canopy_mid,1,300,-0.15,2.15,1.475,0.85919,0.099199,0.013357,0.865,299.008,1,1
29_A5,tier1_canopy_mid,1,300,-0.1,2.15,1.475,0.82571,0.089903,0.013477,0.8307,299.012,1,1
29_A5,tier1_canopy_mid,1,300,-0.15,2.2,1.475,0.80347,0.11577,0.020902,0.81204,299.022,1,1
29_A5,tier1_canopy_mid,1,300,-0.1,2.2,1.475,0.77598,0.10485,0.020541,0.78331,299.027,1,1
29_A5,tier1_canopy_mid,1,300,-0.05,2.15,1.475,0.7929,0.080983,0.013937,0.79715,299.016,1,1
29_A5,tier1_canopy_mid,1,300,0.0,2.15,1.475,0.76084,0.072535,0.015478,0.76445,299.021,1,1
29_A5,tier1_canopy_mid,1,300,-0.05,2.2,1.475,0.74845,0.094698,0.020644,0.7547,299.032,1,1
29_A5,tier1_canopy_mid,1,300,0.0,2.2,1.475,0.72125,0.085609,0.021617,0.72664,299.038,1,1
29_A5,tier1_canopy_mid,1,300,0.05,2.15,1.475,0.72968,0.064618,0.018794,0.73278,299.026,1,1
29_A5,tier1_canopy_mid,1,300,0.1,2.15,1.475,0.69982,0.057217,0.024792,0.7026,299.034,1,1
29_A5,tier1_canopy_mid,1,300,0.05,2.2,1.475,0.69466,0.077783,0.023857,0.6994,299.044,1,1
29_A5,tier1_canopy_mid,1,300,0.1,2.2,1.475,0.66926,0.071386,0.027785,0.67362,299.051,1,1
29_A5,tier1_canopy_mid,1,300,0.15,2.15,1.475,0.6712,0.049797,0.034134,0.67391,299.045,1,1
29_A5,tier1_canopy_mid,1,300,0.2,2.15,1.475,0.64886,0.043292,0.035811,0.65129,299.059,1,1
29_A5,tier1_canopy_mid,1,300,0.15,2.2,1.475,0.64513,0.06538,0.033446,0.6493,299.06,1,1
29_A5,tier1_canopy_mid,1,300,0.2,2.2,1.475,0.62447,0.057472,0.034017,0.62803,299.072,1,1
29_A5,tier1_canopy_mid,1,300,0.25,2.15,1.475,0.62893,0.037997,0.029248,0.63076,299.072,1,1
29_A5,tier1_canopy_mid,1,300,0.3,2.15,1.475,0.60574,0.032968,0.025863,0.60718,299.085,1,1
29_A5,tier1_canopy_mid,1,300,0.25,2.2,1.475,0.60456,0.048381,0.029506,0.60721,299.083,1,1
29_A5,tier1_canopy_mid,1,300,0.3,2.2,1.475,0.58264,0.040562,0.027131,0.58468,299.095,1,1
29_A5,tier1_canopy_mid,1,300,0.35,2.15,1.475,0.58418,0.028395,0.02509,0.58541,299.097,1,1
29_A5,tier1_canopy_mid,1,300,0.35,2.2,1.475,0.56213,0.03409,0.026518,0.56378,299.107,1,1
29_A5,tier1_canopy_mid,1,300,-0.3,2.25,1.475,0.8025,0.15827,0.029964,0.81851,299.02,1,1
29_A5,tier1_canopy_mid,1,300,-0.3,2.3,1.475,0.723,0.15563,0.037955,0.74053,299.047,1,1
29_A5,tier1_canopy_mid,1,300,-0.25,2.25,1.475,0.78384,0.1466,0.030379,0.79801,299.029,1,1
29_A5,tier1_canopy_mid,1,300,-0.2,2.25,1.475,0.76472,0.13521,0.030509,0.77718,299.037,1,1
29_A5,tier1_canopy_mid,1,300,-0.25,2.3,1.475,0.711,0.14518,0.037355,0.72663,299.055,1,1
29_A5,tier1_canopy_mid,1,300,-0.2,2.3,1.475,0.69771,0.13484,0.036871,0.71158,299.063,1,1
29_A5,tier1_canopy_mid,1,300,-0.15,2.25,1.475,0.74474,0.12383,0.030243,0.75557,299.045,1,1
29_A5,tier1_canopy_mid,1,300,-0.1,2.25,1.475,0.72393,0.11289,0.029898,0.73328,299.053,1,1
29_A5,tier1_canopy_mid,1,300,-0.15,2.3,1.475,0.68332,0.12457,0.036366,0.69554,299.071,1,1
29_A5,tier1_canopy_mid,1,300,-0.1,2.3,1.475,0.66794,0.11456,0.035823,0.67864,299.079,1,1
29_A5,tier1_canopy_mid,1,300,-0.05,2.25,1.475,0.70259,0.10273,0.029639,0.71068,299.06,1,1
29_A5,tier1_canopy_mid,1,300,0.0,2.25,1.475,0.68111,0.093549,0.029625,0.68814,299.068,1,1
29_A5,tier1_canopy_mid,1,300,-0.05,2.3,1.475,0.65177,0.10495,0.035291,0.66111,299.088,1,1
29_A5,tier1_canopy_mid,1,300,0.0,2.3,1.475,0.63509,0.095879,0.034835,0.64323,299.096,1,1
29_A5,tier1_canopy_mid,1,300,0.05,2.25,1.475,0.65984,0.085472,0.029938,0.66602,299.075,1,1
29_A5,tier1_canopy_mid,1,300,0.1,2.25,1.475,0.63931,0.078515,0.030563,0.64484,299.083,1,1
29_A5,tier1_canopy_mid,1,300,0.05,2.3,1.475,0.61822,0.08738,0.034484,0.62531,299.104,1,1
29_A5,tier1_canopy_mid,1,300,0.1,2.3,1.475,0.60149,0.079393,0.034202,0.60767,299.113,1,1
29_A5,tier1_canopy_mid,1,300,0.15,2.25,1.475,0.61988,0.071878,0.031153,0.62481,299.091,1,1
29_A5,tier1_canopy_mid,1,300,0.2,2.25,1.475,0.60111,0.063397,0.030539,0.60521,299.1,1,1
29_A5,tier1_canopy_mid,1,300,0.15,2.3,1.475,0.58515,0.071494,0.033837,0.59047,299.121,1,1
29_A5,tier1_canopy_mid,1,300,0.2,2.3,1.475,0.56902,0.062954,0.033143,0.57345,299.13,1,1
29_A5,tier1_canopy_mid,1,300,0.25,2.25,1.475,0.58185,0.053617,0.029046,0.58504,299.11,1,1
29_A5,tier1_canopy_mid,1,300,0.3,2.25,1.475,0.56214,0.044929,0.028138,0.56463,299.12,1,1
29_A5,tier1_canopy_mid,1,300,0.25,2.3,1.475,0.55263,0.053993,0.032205,0.55619,299.14,1,1
29_A5,tier1_canopy_mid,1,300,0.3,2.3,1.475,0.53594,0.045475,0.031414,0.53878,299.15,1,1
29_A5,tier1_canopy_mid,1,300,0.35,2.25,1.475,0.54319,0.037411,0.027837,0.54519,299.131,1,1
29_A5,tier1_canopy_mid,1,300,0.35,2.3,1.475,0.51944,0.03754,0.030919,0.52171,299.16,1,1
29_A5,tier1_canopy_mid,1,300,-0.3,2.35,1.475,0.64457,0.14239,0.0466,0.66175,299.077,1,1
29_A5,tier1_canopy_mid,1,300,-0.3,2.4,1.475,0.57598,0.11974,0.052553,0.59064,299.081,1,1
29_A5,tier1_canopy_mid,1,300,-0.25,2.35,1.475,0.6388,0.13404,0.044797,0.65424,299.083,1,1
29_A5,tier1_canopy_mid,1,300,-0.2,2.35,1.475,0.63114,0.12549,0.043262,0.64494,299.09,1,1
29_A5,tier1_canopy_mid,1,300,-0.25,2.4,1.475,0.57759,0.1143,0.049502,0.59087,299.087,1,1
29_A5,tier1_canopy_mid,1,300,-0.2,2.4,1.475,0.57676,0.10822,0.046811,0.58869,299.093,1,1
29_A5,tier1_canopy_mid,1,300,-0.15,2.35,1.475,0.62194,0.1168,0.041926,0.6342,299.098,1,1
29_A5,tier1_canopy_mid,1,300,-0.1,2.35,1.475,0.61145,0.10808,0.040745,0.62227,299.105,1,1
29_A5,tier1_canopy_mid,1,300,-0.15,2.4,1.475,0.57384,0.10162,0.044476,0.58446,299.1,1,1
29_A5,tier1_canopy_mid,1,300,-0.1,2.4,1.475,0.56917,0.094653,0.042495,0.57855,299.106,1,1
29_A5,tier1_canopy_mid,1,300,-0.05,2.35,1.475,0.59992,0.099441,0.039711,0.6094,299.113,1,1
29_A5,tier1_canopy_mid,1,300,0.0,2.35,1.475,0.58759,0.090982,0.038829,0.59586,299.122,1,1
29_A5,tier1_canopy_mid,1,300,-0.05,2.4,1.475,0.56308,0.087461,0.040863,0.5713,299.112,1,1
29_A5,tier1_canopy_mid,1,300,0.0,2.4,1.475,0.55587,0.080154,0.039558,0.56301,299.119,1,1
29_A5,tier1_canopy_mid,1,300,0.05,2.35,1.475,0.57476,0.082754,0.038087,0.58193,299.13,1,1
29_A5,tier1_canopy_mid,1,300,0.1,2.35,1.475,0.56166,0.074731,0.037447,0.56785,299.138,1,1
29_A5,tier1_canopy_mid,1,300,0.05,2.4,1.475,0.54781,0.072799,0.038548,0.55396,299.126,1,1
29_A5,tier1_canopy_mid,1,300,0.1,2.4,1.475,0.53913,0.065414,0.037791,0.5444,299.133,1,1
29_A5,tier1_canopy_mid,1,300,0.15,2.35,1.475,0.54851,0.066746,0.03683,0.55378,299.147,1,1
29_A5,tier1_canopy_mid,1,300,0.2,2.35,1.475,0.53529,0.058546,0.036139,0.5397,299.156,1,1
29_A5,tier1_canopy_mid,1,300,0.15,2.4,1.475,0.53005,0.057945,0.037233,0.5345,299.139,1,1
29_A5,tier1_canopy_mid,1,300,0.2,2.4,1.475,0.52063,0.0503,0.036819,0.52435,299.146,1,1
29_A5,tier1_canopy_mid,1,300,0.25,2.35,1.475,0.52184,0.050139,0.035392,0.52543,299.165,1,1
29_A5,tier1_canopy_mid,1,300,0.3,2.35,1.475,0.50811,0.041802,0.034737,0.51101,299.174,1,1
29_A5,tier1_canopy_mid,1,300,0.25,2.4,1.475,0.51087,0.042466,0.036534,0.51393,299.153,1,1
29_A5,tier1_canopy_mid,1,300,0.3,2.4,1.475,0.50078,0.034551,0.036412,0.50329,299.16,1,1
29_A5,tier1_canopy_mid,1,300,0.35,2.35,1.475,0.49435,0.033689,0.034279,0.49668,299.184,1,1
29_A5,tier1_canopy_mid,1,300,0.35,2.4,1.475,0.49047,0.026642,0.036483,0.49255,299.166,1,1
29_A5,tier1_canopy_mid,1,300,0.4,2.05,1.475,0.60805,0.0037965,0.019772,0.60838,299.115,1,1
29_A5,tier1_canopy_mid,1,300,0.4,2.1,1.475,0.59154,0.016897,0.022055,0.5922,299.112,1,1
29_A5,tier1_canopy_mid,1,300,0.45,2.1,1.475,0.5708,0.013935,0.022763,0.57143,299.122,1,1
29_A5,tier1_canopy_mid,1,300,0.5,2.1,1.475,0.55189,0.0096043,0.02256,0.55244,299.134,1,1
29_A5,tier1_canopy_mid,1,300,0.55,2.05,1.475,0.54441,-0.0036258,0.01843,0.54473,299.146,1,1
29_A5,tier1_canopy_mid,1,300,0.55,2.1,1.475,0.53415,0.004633,0.020759,0.53457,299.145,1,1
29_A5,tier1_canopy_mid,1,300,0.6,2.05,1.475,0.52584,-0.0057075,0.016663,0.52614,299.156,1,1
29_A5,tier1_canopy_mid,1,300,0.6,2.1,1.475,0.51689,0.0002894,0.019639,0.51727,299.156,1,1
29_A5,tier1_canopy_mid,1,300,0.65,2.1,1.475,0.50153,-0.0036205,0.019211,0.50191,299.167,1,1
29_A5,tier1_canopy_mid,1,300,0.7,2.05,1.475,0.49666,-0.0093062,0.015913,0.497,299.177,1,1
29_A5,tier1_canopy_mid,1,300,0.7,2.1,1.475,0.4885,-0.0077173,0.019041,0.48893,299.179,1,1
29_A5,tier1_canopy_mid,1,300,0.75,2.1,1.475,0.47792,-0.012567,0.019104,0.47847,299.19,1,1
29_A5,tier1_canopy_mid,1,300,0.8,2.05,1.475,0.48048,-0.014641,0.015515,0.48095,299.197,1,1
29_A5,tier1_canopy_mid,1,300,0.8,2.1,1.475,0.47009,-0.018754,0.019667,0.47087,299.202,1,1
29_A5,tier1_canopy_mid,1,300,0.85,2.1,1.475,0.4656,-0.026929,0.021223,0.46687,299.215,1,1
29_A5,tier1_canopy_mid,1,300,0.9,2.1,1.475,0.46516,-0.037864,0.024659,0.46735,299.227,1,1
29_A5,tier1_canopy_mid,1,300,0.95,2.05,1.475,0.49722,-0.034064,0.016626,0.49866,299.23,1,1
29_A5,tier1_canopy_mid,1,300,0.95,2.1,1.475,0.46982,-0.051913,0.031598,0.47374,299.242,1,1
29_A5,tier1_canopy_mid,1,300,1.0,2.1,1.475,0.48746,-0.06803,0.031506,0.49319,299.257,1,1
29_A5,tier1_canopy_mid,1,300,0.4,2.15,1.475,0.565,0.02412,0.024985,0.56606,299.11,1,1
29_A5,tier1_canopy_mid,1,300,0.35,2.15,1.475,0.58418,0.028395,0.02509,0.58541,299.097,1,1
29_A5,tier1_canopy_mid,1,300,0.4,2.2,1.475,0.54361,0.028197,0.02636,0.54497,299.119,1,1
29_A5,tier1_canopy_mid,1,300,0.35,2.2,1.475,0.56213,0.03409,0.026518,0.56378,299.107,1,1
29_A5,tier1_canopy_mid,1,300,0.45,2.15,1.475,0.54739,0.019656,0.02479,0.5483,299.122,1,1
29_A5,tier1_canopy_mid,1,300,0.5,2.15,1.475,0.53068,0.014391,0.024168,0.53143,299.135,1,1
29_A5,tier1_canopy_mid,1,300,0.45,2.2,1.475,0.52651,0.022377,0.026162,0.52764,299.132,1,1
29_A5,tier1_canopy_mid,1,300,0.5,2.2,1.475,0.51039,0.016334,0.025805,0.5113,299.144,1,1
29_A5,tier1_canopy_mid,1,300,0.55,2.15,1.475,0.51449,0.0086785,0.023294,0.51509,299.147,1,1
29_A5,tier1_canopy_mid,1,300,0.6,2.15,1.475,0.499,0.0032471,0.022649,0.49952,299.159,1,1
29_A5,tier1_canopy_mid,1,300,0.55,2.2,1.475,0.49499,0.010102,0.025346,0.49574,299.157,1,1
29_A5,tier1_canopy_mid,1,300,0.6,2.2,1.475,0.48033,0.0038499,0.024964,0.48099,299.17,1,1
29_A5,tier1_canopy_mid,1,300,0.65,2.15,1.475,0.48478,-0.0020946,0.022313,0.48529,299.171,1,1
29_A5,tier1_canopy_mid,1,300,0.7,2.15,1.475,0.47216,-0.0079033,0.022264,0.47275,299.184,1,1
29_A5,tier1_canopy_mid,1,300,0.65,2.2,1.475,0.46657,-0.002553,0.02482,0.46723,299.183,1,1
29_A5,tier1_canopy_mid,1,300,0.7,2.2,1.475,0.45379,-0.0095048,0.025106,0.45459,299.197,1,1
29_A5,tier1_canopy_mid,1,300,0.75,2.15,1.475,0.46135,-0.014794,0.022663,0.46214,299.197,1,1
29_A5,tier1_canopy_mid,1,300,0.8,2.15,1.475,0.45264,-0.023345,0.02384,0.45387,299.211,1,1
29_A5,tier1_canopy_mid,1,300,0.75,2.2,1.475,0.4421,-0.017547,0.026139,0.44322,299.211,1,1
29_A5,tier1_canopy_mid,1,300,0.8,2.2,1.475,0.43146,-0.027205,0.028363,0.43325,299.226,1,1
29_A5,tier1_canopy_mid,1,300,0.85,2.15,1.475,0.44635,-0.033241,0.026061,0.44834,299.226,1,1
29_A5,tier1_canopy_mid,1,300,0.9,2.15,1.475,0.44241,-0.043181,0.029746,0.4455,299.24,1,1
29_A5,tier1_canopy_mid,1,300,0.85,2.2,1.475,0.4223,-0.038398,0.03238,0.42528,299.245,1,1
29_A5,tier1_canopy_mid,1,300,0.9,2.2,1.475,0.41874,-0.050094,0.033942,0.42309,299.264,1,1
29_A5,tier1_canopy_mid,1,300,0.95,2.15,1.475,0.44018,-0.05579,0.03897,0.44541,299.257,1,1
29_A5,tier1_canopy_mid,1,300,1.0,2.15,1.475,0.45099,-0.078275,0.038986,0.45939,299.276,1,1
29_A5,tier1_canopy_mid,1,300,0.95,2.2,1.475,0.41919,-0.064894,0.035144,0.42564,299.28,1,1
29_A5,tier1_canopy_mid,1,300,1.0,2.2,1.475,0.42465,-0.091842,0.034203,0.43582,299.296,1,1
29_A5,tier1_canopy_mid,1,300,0.4,2.25,1.475,0.52545,0.030416,0.027729,0.52706,299.142,1,1
29_A5,tier1_canopy_mid,1,300,0.4,2.3,1.475,0.5035,0.029933,0.030621,0.50532,299.171,1,1
29_A5,tier1_canopy_mid,1,300,0.45,2.25,1.475,0.50878,0.02357,0.027608,0.51008,299.154,1,1
29_A5,tier1_canopy_mid,1,300,0.5,2.25,1.475,0.49299,0.016704,0.027425,0.49404,299.166,1,1
29_A5,tier1_canopy_mid,1,300,0.45,2.3,1.475,0.48821,0.022451,0.030415,0.48967,299.182,1,1
29_A5,tier1_canopy_mid,1,300,0.5,2.3,1.475,0.47352,0.015002,0.030255,0.47473,299.194,1,1
29_A5,tier1_canopy_mid,1,300,0.55,2.25,1.475,0.47797,0.0097488,0.027208,0.47884,299.178,1,1
29_A5,tier1_canopy_mid,1,300,0.6,2.25,1.475,0.46366,0.0026975,0.02705,0.46446,299.191,1,1
29_A5,tier1_canopy_mid,1,300,0.55,2.3,1.475,0.45944,0.0075278,0.030149,0.46049,299.206,1,1
29_A5,tier1_canopy_mid,1,300,0.6,2.3,1.475,0.44596,-4.4763e-05,0.030155,0.44698,299.219,1,1
29_A5,tier1_canopy_mid,1,300,0.65,2.25,1.475,0.45007,-0.0045106,0.027087,0.45091,299.205,1,1
29_A5,tier1_canopy_mid,1,300,0.7,2.25,1.475,0.43715,-0.012061,0.027568,0.43818,299.219,1,1
29_A5,tier1_canopy_mid,1,300,0.65,2.3,1.475,0.43313,-0.0078181,0.030314,0.43426,299.232,1,1
29_A5,tier1_canopy_mid,1,300,0.7,2.3,1.475,0.42092,-0.015884,0.030732,0.42234,299.245,1,1
29_A5,tier1_canopy_mid,1,300,0.75,2.25,1.475,0.42491,-0.020204,0.02872,0.42636,299.234,1,1
29_A5,tier1_canopy_mid,1,300,0.8,2.25,1.475,0.41289,-0.029282,0.030635,0.41506,299.248,1,1
29_A5,tier1_canopy_mid,1,300,0.75,2.3,1.475,0.40927,-0.024348,0.031558,0.4112,299.257,1,1
29_A5,tier1_canopy_mid,1,300,0.8,2.3,1.475,0.39772,-0.033555,0.032827,0.40048,299.268,1,1
29_A5,tier1_canopy_mid,1,300,0.85,2.25,1.475,0.40106,-0.040865,0.035591,0.40471,299.266,1,1
29_A5,tier1_canopy_mid,1,300,0.9,2.25,1.475,0.39492,-0.057903,0.038423,0.40098,299.285,1,1
29_A5,tier1_canopy_mid,1,300,0.85,2.3,1.475,0.38574,-0.044987,0.036621,0.39008,299.279,1,1
29_A5,tier1_canopy_mid,1,300,0.9,2.3,1.475,0.37309,-0.061908,0.042154,0.38053,299.289,1,1
29_A5,tier1_canopy_mid,1,300,0.95,2.25,1.475,0.39315,-0.081252,0.037881,0.40324,299.298,1,1
29_A5,tier1_canopy_mid,1,300,1.0,2.25,1.475,0.39231,-0.11324,0.038221,0.41011,299.306,1,1
29_A5,tier1_canopy_mid,1,300,0.95,2.3,1.475,0.3584,-0.086247,0.049217,0.3719,299.292,1,1
29_A5,tier1_canopy_mid,1,300,1.0,2.3,1.475,0.34019,-0.11909,0.054556,0.36453,299.29,1,1
29_A5,tier1_canopy_mid,1,300,0.4,2.35,1.475,0.48081,0.025747,0.034004,0.4827,299.194,1,1
29_A5,tier1_canopy_mid,1,300,0.4,2.4,1.475,0.48007,0.018738,0.03675,0.48184,299.173,1,1
29_A5,tier1_canopy_mid,1,300,0.45,2.35,1.475,0.46765,0.017855,0.033854,0.46922,299.204,1,1
29_A5,tier1_canopy_mid,1,300,0.5,2.35,1.475,0.45491,0.0099161,0.033782,0.45627,299.215,1,1
29_A5,tier1_canopy_mid,1,300,0.45,2.4,1.475,0.46962,0.010791,0.037185,0.47121,299.178,1,1
29_A5,tier1_canopy_mid,1,300,0.5,2.4,1.475,0.45908,0.0027277,0.037746,0.46063,299.183,1,1
29_A5,tier1_canopy_mid,1,300,0.55,2.35,1.475,0.44262,0.0018872,0.033771,0.44391,299.225,1,1
29_A5,tier1_canopy_mid,1,300,0.6,2.35,1.475,0.43086,-0.006278,0.033873,0.43224,299.235,1,1
29_A5,tier1_canopy_mid,1,300,0.55,2.4,1.475,0.44834,-0.0054912,0.038374,0.45001,299.187,1,1
29_A5,tier1_canopy_mid,1,300,0.6,2.4,1.475,0.43732,-0.013815,0.039032,0.43927,299.189,1,1
29_A5,tier1_canopy_mid,1,300,0.65,2.35,1.475,0.41966,-0.014667,0.03414,0.4213,299.243,1,1
29_A5,tier1_canopy_mid,1,300,0.7,2.35,1.475,0.40889,-0.023321,0.034605,0.41101,299.25,1,1
29_A5,tier1_canopy_mid,1,300,0.65,2.4,1.475,0.42596,-0.022183,0.039764,0.42839,299.189,1,1
29_A5,tier1_canopy_mid,1,300,0.7,2.4,1.475,0.4142,-0.030552,0.040616,0.41731,299.186,1,1
29_A5,tier1_canopy_mid,1,300,0.75,2.35,1.475,0.39821,-0.032235,0.035446,0.40108,299.254,1,1
29_A5,tier1_canopy_mid,1,300,0.8,2.35,1.475,0.38703,-0.041482,0.037073,0.39101,299.256,1,1
29_A5,tier1_canopy_mid,1,300,0.75,2.4,1.475,0.40191,-0.038823,0.041646,0.40592,299.182,1,1
29_A5,tier1_canopy_mid,1,300,0.8,2.4,1.475,0.38886,-0.046779,0.04301,0.39402,299.176,1,1
29_A5,tier1_canopy_mid,1,300,0.85,2.35,1.475,0.37465,-0.051113,0.04019,0.38025,299.257,1,1
29_A5,tier1_canopy_mid,1,300,0.9,2.35,1.475,0.35867,-0.061718,0.045054,0.36672,299.253,1,1
29_A5,tier1_canopy_mid,1,300,0.85,2.4,1.475,0.37479,-0.054002,0.044874,0.38131,299.169,1,1
29_A5,tier1_canopy_mid,1,300,0.9,2.4,1.475,0.35902,-0.060129,0.046669,0.367,299.159,1,1
29_A5,tier1_canopy_mid,1,300,0.95,2.35,1.475,0.33642,-0.07569,0.055093,0.3492,299.244,1,1
29_A5,tier1_canopy_mid,1,300,1.0,2.35,1.475,0.30334,-0.095391,0.064593,0.32448,299.234,1,1
29_A5,tier1_canopy_mid,1,300,0.95,2.4,1.475,0.33955,-0.06514,0.052028,0.34964,299.146,1,1
29_A5,tier1_canopy_mid,1,300,1.0,2.4,1.475,0.31363,-0.069173,0.060385,0.3268,299.136,1,1
29_A5,tier1_canopy_mid,1,300,1.05,2.05,1.475,0.55791,-0.053051,0.021826,0.56085,299.254,1,1
29_A5,tier1_canopy_mid,1,300,1.05,2.1,1.475,0.51513,-0.091411,0.027247,0.52389,299.272,1,1
29_A5,tier1_canopy_mid,1,300,1.1,2.1,1.475,0.54866,-0.13092,0.0369,0.56527,299.29,1,1
29_A5,tier1_canopy_mid,1,300,1.15,2.1,1.475,0.60355,-0.20061,0.073407,0.64023,299.314,1,1
29_A5,tier1_canopy_mid,1,300,1.2,2.1,1.475,0.60944,-0.35879,0.16785,0.72686,299.326,1,1
29_A5,tier1_canopy_mid,1,300,1.05,2.15,1.475,0.46959,-0.1124,0.029659,0.48376,299.292,1,1
29_A5,tier1_canopy_mid,1,300,1.1,2.15,1.475,0.48209,-0.15244,0.029865,0.5065,299.307,1,1
29_A5,tier1_canopy_mid,1,300,1.05,2.2,1.475,0.43357,-0.13018,0.029999,0.45368,299.308,1,1
29_A5,tier1_canopy_mid,1,300,1.1,2.2,1.475,0.43712,-0.15302,0.026083,0.46386,299.319,1,1
29_A5,tier1_canopy_mid,1,300,1.15,2.15,1.475,0.48425,-0.20898,0.043578,0.52921,299.324,1,1
29_A5,tier1_canopy_mid,1,300,1.2,2.15,1.475,0.44562,-0.32488,0.076249,0.55672,299.332,1,1
29_A5,tier1_canopy_mid,1,300,1.15,2.2,1.475,0.41966,-0.17212,0.025353,0.45429,299.331,1,1
29_A5,tier1_canopy_mid,1,300,1.2,2.2,1.475,0.36689,-0.22395,0.03141,0.43099,299.331,1,1
29_A5,tier1_canopy_mid,1,300,1.05,2.25,1.475,0.39424,-0.16082,0.039637,0.42763,299.311,1,1
29_A5,tier1_canopy_mid,1,300,1.0,2.25,1.475,0.39231,-0.11324,0.038221,0.41011,299.306,1,1
29_A5,tier1_canopy_mid,1,300,1.1,2.25,1.475,0.39956,-0.17119,0.02593,0.43546,299.321,1,1
29_A5,tier1_canopy_mid,1,300,1.05,2.3,1.475,0.31758,-0.1758,0.066092,0.36896,299.294,1,1
29_A5,tier1_canopy_mid,1,300,1.1,2.3,1.475,0,0,0,0,302,1,1
29_A5,tier1_canopy_mid,1,300,1.15,2.25,1.475,0.36654,-0.15115,0.0062001,0.39653,299.336,1,1
29_A5,tier1_canopy_mid,1,300,1.2,2.25,1.475,0.28828,-0.15952,-0.0022435,0.32948,299.32,1,1
29_A5,tier1_canopy_mid,1,300,1.15,2.3,1.475,-8.5884e-17,3.6125e-17,-5.2431e-19,9.3174e-17,302,1,1
29_A5,tier1_canopy_mid,1,300,1.2,2.3,1.475,0,0,0,0,302,1,1
29_A5,tier1_canopy_mid,1,300,1.05,2.35,1.475,0.25715,-0.12025,0.087049,0.29692,299.245,1,1
29_A5,tier1_canopy_mid,1,300,1.1,2.35,1.475,0,0,0,0,302,1,1
29_A5,tier1_canopy_mid,1,300,1.05,2.4,1.475,0.28403,-0.057478,0.077329,0.29993,299.141,1,1
29_A5,tier1_canopy_mid,1,300,1.1,2.4,1.475,0,0,0,0,302,1,1
29_A5,tier1_canopy_mid,1,300,1.2,2.35,1.475,0,0,0,0,302,1,1
29_A5,tier1_canopy_mid,1,300,1.2,2.4,1.475,0,0,0,0,302,1,1
29_A5,tier1_canopy_mid,1,300,1.15,2.4,1.475,0,0,0,0,302,1,1
29_A5,tier1_canopy_top,1,300,-1.15,1.6,1.6,-0.067458,-0.041414,-0.24006,0.25278,299.047,1,1
29_A5,tier1_canopy_top,1,300,-1.2,1.6,1.6,-0.08392,-0.011315,-0.24931,0.2633,299.032,1,1
29_A5,tier1_canopy_top,1,300,-1.2,1.65,1.6,-0.084212,0.01046,-0.26669,0.27986,299.051,1,1
29_A5,tier1_canopy_top,1,300,-1.15,1.65,1.6,-0.061433,-0.02275,-0.24725,0.25578,299.061,1,1
29_A5,tier1_canopy_top,1,300,-1.05,1.6,1.6,-0.025229,-0.096744,-0.24167,0.26154,299.063,1,1
29_A5,tier1_canopy_top,1,300,-1.1,1.6,1.6,-0.045909,-0.067463,-0.2441,0.25738,299.058,1,1
29_A5,tier1_canopy_top,1,300,-1.1,1.65,1.6,-0.026219,-0.060382,-0.25147,0.25995,299.063,1,1
29_A5,tier1_canopy_top,1,300,-1.05,1.65,1.6,0.0091475,-0.10191,-0.24883,0.26904,299.059,1,1
29_A5,tier1_canopy_top,1,300,-1.15,1.7,1.6,-0.043655,-0.0024538,-0.2808,0.28418,299.06,1,1
29_A5,tier1_canopy_top,1,300,-1.2,1.7,1.6,-0.075598,0.040622,-0.30252,0.31446,299.058,1,1
29_A5,tier1_canopy_top,1,300,-1.2,1.75,1.6,-0.042725,0.059583,-0.35998,0.36737,299.05,1,1
29_A5,tier1_canopy_top,1,300,-1.15,1.75,1.6,0.018307,-0.0095788,-0.33582,0.33646,299.04,1,1
29_A5,tier1_canopy_top,1,300,-1.05,1.7,1.6,0.06984,-0.11551,-0.25967,0.29266,299.041,1,1
29_A5,tier1_canopy_top,1,300,-1.1,1.7,1.6,0.01145,-0.059246,-0.27342,0.28,299.053,1,1
29_A5,tier1_canopy_top,1,300,-1.1,1.75,1.6,0.10191,-0.084834,-0.30975,0.33694,299.025,1,1
29_A5,tier1_canopy_top,1,300,-1.05,1.75,1.6,0.1816,-0.1467,-0.27867,0.36353,299.012,1,1
29_A5,tier1_canopy_top,1,300,-1.15,1.8,1.6,0.1911,-0.069759,-0.40333,0.45173,299.005,1,1
29_A5,tier1_canopy_top,1,300,-1.2,1.8,1.6,0.078563,0.033031,-0.44045,0.44862,299.023,1,1
29_A5,tier1_canopy_top,1,300,-1.2,1.85,1.6,0.43719,-0.10721,-0.54741,0.70873,298.985,1,1
29_A5,tier1_canopy_top,1,300,-1.15,1.85,1.6,0.56071,-0.20076,-0.47498,0.76178,298.967,1,1
29_A5,tier1_canopy_top,1,300,-1.05,1.8,1.6,0.37822,-0.20064,-0.30682,0.52673,298.977,1,1
29_A5,tier1_canopy_top,1,300,-1.1,1.8,1.6,0.29356,-0.14753,-0.35541,0.484,298.989,1,1
29_A5,tier1_canopy_top,1,300,-1.1,1.85,1.6,0.63889,-0.24617,-0.40092,0.79343,298.954,1,1
29_A5,tier1_canopy_top,1,300,-1.05,1.85,1.6,0.69089,-0.27219,-0.33552,0.81486,298.943,1,1
29_A5,tier1_canopy_top,1,300,-1.15,1.9,1.6,1.2114,-0.29612,-0.53481,1.3569,298.935,1,1
29_A5,tier1_canopy_top,1,300,-1.2,1.9,1.6,1.2307,-0.21959,-0.67792,1.4221,298.95,1,1
29_A5,tier1_canopy_top,1,300,-1.2,1.95,1.6,1.9716,-0.25926,-0.70012,2.1082,298.91,1,1
29_A5,tier1_canopy_top,1,300,-1.15,1.95,1.6,1.8216,-0.31047,-0.51852,1.9192,298.899,1,1
29_A5,tier1_canopy_top,1,300,-1.05,1.9,1.6,1.1192,-0.31962,-0.34997,1.2154,298.913,1,1
29_A5,tier1_canopy_top,1,300,-1.1,1.9,1.6,1.1682,-0.31617,-0.43042,1.2845,298.923,1,1
29_A5,tier1_canopy_top,1,300,-1.1,1.95,1.6,1.6581,-0.31925,-0.40626,1.7367,298.89,1,1
29_A5,tier1_canopy_top,1,300,-1.05,1.95,1.6,1.5056,-0.31267,-0.3262,1.5719,298.882,1,1
29_A5,tier1_canopy_top,1,300,-1.15,2.0,1.6,2.0213,-0.30057,-0.41662,2.0856,298.859,1,1
29_A5,tier1_canopy_top,1,300,-1.2,2.0,1.6,2.181,-0.31157,-0.57642,2.2773,298.865,1,1
29_A5,tier1_canopy_top,1,300,-1.2,2.05,1.6,1.948,-0.31636,-0.41394,2.0165,298.827,1,1
29_A5,tier1_canopy_top,1,300,-1.15,2.05,1.6,1.7875,-0.25304,-0.28786,1.8281,298.824,1,1
29_A5,tier1_canopy_top,1,300,-1.05,2.0,1.6,1.6401,-0.26678,-0.26172,1.6822,298.85,1,1
29_A5,tier1_canopy_top,1,300,-1.1,2.0,1.6,1.8282,-0.28508,-0.32521,1.8786,298.854,1,1
29_A5,tier1_canopy_top,1,300,-1.1,2.05,1.6,1.6103,-0.22114,-0.22152,1.6404,298.822,1,1
29_A5,tier1_canopy_top,1,300,-1.05,2.05,1.6,1.4452,-0.19789,-0.17783,1.4695,298.82,1,1
29_A5,tier1_canopy_top,1,300,-1.0,1.6,1.6,0.0046623,-0.13051,-0.22431,0.25955,299.063,1,1
29_A5,tier1_canopy_top,1,300,-1.0,1.65,1.6,0.051681,-0.14125,-0.22589,0.27138,299.053,1,1
29_A5,tier1_canopy_top,1,300,-1.0,1.7,1.6,0.12891,-0.15927,-0.2321,0.30961,299.031,1,1
29_A5,tier1_canopy_top,1,300,-1.0,1.75,1.6,0.25341,-0.18997,-0.24465,0.4002,299,1,1
29_A5,tier1_canopy_top,1,300,-1.0,1.8,1.6,0.44676,-0.23432,-0.26276,0.5688,298.967,1,1
29_A5,tier1_canopy_top,1,300,-1.0,1.85,1.6,0.72508,-0.28486,-0.28083,0.8281,298.935,1,1
29_A5,tier1_canopy_top,1,300,-1.0,1.9,1.6,1.074,-0.31381,-0.28738,1.1553,298.905,1,1
29_A5,tier1_canopy_top,1,300,-1.0,1.95,1.6,1.3783,-0.29852,-0.26621,1.4351,298.876,1,1
29_A5,tier1_canopy_top,1,300,-1.0,2.0,1.6,1.4803,-0.24735,-0.21442,1.5161,298.847,1,1
29_A5,tier1_canopy_top,1,300,-1.0,2.05,1.6,1.3091,-0.17872,-0.14623,1.3293,298.82,1,1
29_A5,tier1_canopy_top,1,300,-0.95,1.6,1.6,0.044605,-0.16166,-0.20412,0.26418,299.061,1,1
29_A5,tier1_canopy_top,1,300,-0.95,1.65,1.6,0.10183,-0.17421,-0.20197,0.28551,299.045,1,1
29_A5,tier1_canopy_top,1,300,-1.0,1.65,1.6,0.051681,-0.14125,-0.22589,0.27138,299.053,1,1
29_A5,tier1_canopy_top,1,300,-0.85,1.6,1.6,0.12949,-0.20902,-0.16502,0.29612,299.051,1,1
29_A5,tier1_canopy_top,1,300,-0.9,1.6,1.6,0.087192,-0.18776,-0.18404,0.277,299.056,1,1
29_A5,tier1_canopy_top,1,300,-0.9,1.65,1.6,0.15153,-0.20008,-0.17999,0.30885,299.038,1,1
29_A5,tier1_canopy_top,1,300,-0.85,1.65,1.6,0.19796,-0.22004,-0.15984,0.33638,299.032,1,1
29_A5,tier1_canopy_top,1,300,-0.75,1.6,1.6,0.20829,-0.23965,-0.13045,0.34327,299.041,1,1
29_A5,tier1_canopy_top,1,300,-0.8,1.6,1.6,0.17009,-0.2262,-0.14708,0.31895,299.046,1,1
29_A5,tier1_canopy_top,1,300,-0.8,1.65,1.6,0.24043,-0.23539,-0.14091,0.36479,299.025,1,1
29_A5,tier1_canopy_top,1,300,-0.75,1.65,1.6,0.27891,-0.24675,-0.12353,0.39235,299.02,1,1
29_A5,tier1_canopy_top,1,300,-0.65,1.6,1.6,0.27522,-0.25651,-0.10193,0.38979,299.033,1,1
29_A5,tier1_canopy_top,1,300,-0.7,1.6,1.6,0.24348,-0.24962,-0.1154,0.3673,299.037,1,1
29_A5,tier1_canopy_top,1,300,-0.7,1.65,1.6,0.31313,-0.25443,-0.10815,0.41771,299.015,1,1
29_A5,tier1_canopy_top,1,300,-0.65,1.65,1.6,0.34284,-0.25895,-0.094702,0.43995,299.011,1,1
29_A5,tier1_canopy_top,1,300,-0.55,1.6,1.6,0.32788,-0.26293,-0.079192,0.42767,299.026,1,1
29_A5,tier1_canopy_top,1,300,-0.6,1.6,1.6,0.30334,-0.26081,-0.089911,0.41002,299.029,1,1
29_A5,tier1_canopy_top,1,300,-0.6,1.65,1.6,0.36812,-0.26093,-0.082931,0.45877,299.008,1,1
29_A5,tier1_canopy_top,1,300,-0.55,1.65,1.6,0.38929,-0.2609,-0.072592,0.47422,299.006,1,1
29_A5,tier1_canopy_top,1,300,-0.45,1.6,1.6,0.36691,-0.26209,-0.061015,0.45501,299.021,1,1
29_A5,tier1_canopy_top,1,300,-0.5,1.6,1.6,0.34899,-0.26325,-0.069611,0.44266,299.023,1,1
29_A5,tier1_canopy_top,1,300,-0.5,1.65,1.6,0.40669,-0.25929,-0.06348,0.48648,299.003,1,1
29_A5,tier1_canopy_top,1,300,-0.45,1.65,1.6,0.42072,-0.25644,-0.055407,0.49582,299.002,1,1
29_A5,tier1_canopy_top,1,300,-0.35,1.6,1.6,0.39415,-0.25633,-0.046235,0.47244,299.018,1,1
29_A5,tier1_canopy_top,1,300,-0.4,1.6,1.6,0.38187,-0.25971,-0.053265,0.46488,299.019,1,1
29_A5,tier1_canopy_top,1,300,-0.4,1.65,1.6,0.43174,-0.25261,-0.048202,0.50253,299.001,1,1
29_A5,tier1_canopy_top,1,300,-0.35,1.65,1.6,0.44013,-0.24802,-0.041718,0.50692,299,1,1
29_A5,tier1_canopy_top,1,300,-0.95,1.7,1.6,0.18847,-0.19249,-0.20502,0.33854,299.021,1,1
29_A5,tier1_canopy_top,1,300,-0.95,1.75,1.6,0.31701,-0.21968,-0.21326,0.44072,298.991,1,1
29_A5,tier1_canopy_top,1,300,-1.0,1.75,1.6,0.25341,-0.18997,-0.24465,0.4002,299,1,1
29_A5,tier1_canopy_top,1,300,-0.85,1.7,1.6,0.29089,-0.23388,-0.15967,0.40597,299.006,1,1
29_A5,tier1_canopy_top,1,300,-0.9,1.7,1.6,0.24314,-0.21669,-0.18115,0.37268,299.013,1,1
29_A5,tier1_canopy_top,1,300,-0.9,1.75,1.6,0.37061,-0.23912,-0.18641,0.47883,298.984,1,1
29_A5,tier1_canopy_top,1,300,-0.85,1.75,1.6,0.41391,-0.25105,-0.16287,0.51075,298.978,1,1
29_A5,tier1_canopy_top,1,300,-0.75,1.7,1.6,0.36796,-0.25387,-0.12054,0.463,298.996,1,1
29_A5,tier1_canopy_top,1,300,-0.8,1.7,1.6,0.33216,-0.24594,-0.13926,0.43613,299,1,1
29_A5,tier1_canopy_top,1,300,-0.8,1.75,1.6,0.4486,-0.25767,-0.14077,0.53614,298.973,1,1
29_A5,tier1_canopy_top,1,300,-0.75,1.75,1.6,0.47679,-0.26038,-0.12058,0.55647,298.969,1,1
29_A5,tier1_canopy_top,1,300,-0.65,1.7,1.6,0.42388,-0.25958,-0.090477,0.50522,298.988,1,1
29_A5,tier1_canopy_top,1,300,-0.7,1.7,1.6,0.39853,-0.2582,-0.10432,0.48619,298.991,1,1
29_A5,tier1_canopy_top,1,300,-0.7,1.75,1.6,0.49943,-0.26003,-0.10333,0.57247,298.966,1,1
29_A5,tier1_canopy_top,1,300,-0.65,1.75,1.6,0.5168,-0.25739,-0.088887,0.58416,298.964,1,1
29_A5,tier1_canopy_top,1,300,-0.55,1.7,1.6,0.46042,-0.2562,-0.068314,0.53131,298.984,1,1
29_A5,tier1_canopy_top,1,300,-0.6,1.7,1.6,0.44433,-0.25872,-0.078593,0.52013,298.986,1,1
29_A5,tier1_canopy_top,1,300,-0.6,1.75,1.6,0.52945,-0.25314,-0.0767,0.59184,298.963,1,1
29_A5,tier1_canopy_top,1,300,-0.55,1.75,1.6,0.53807,-0.24781,-0.066308,0.59609,298.962,1,1
29_A5,tier1_canopy_top,1,300,-0.45,1.7,1.6,0.48174,-0.2478,-0.05156,0.54418,298.982,1,1
29_A5,tier1_canopy_top,1,300,-0.5,1.7,1.6,0.47272,-0.25245,-0.05938,0.53919,298.983,1,1
29_A5,tier1_canopy_top,1,300,-0.5,1.75,1.6,0.54334,-0.24178,-0.057389,0.59747,298.961,1,1
29_A5,tier1_canopy_top,1,300,-0.45,1.75,1.6,0.54583,-0.23533,-0.049667,0.59647,298.961,1,1
29_A5,tier1_canopy_top,1,300,-0.35,1.7,1.6,0.49175,-0.23676,-0.038478,0.54713,298.982,1,1
29_A5,tier1_canopy_top,1,300,-0.4,1.7,1.6,0.48793,-0.24252,-0.044649,0.5467,298.982,1,1
29_A5,tier1_canopy_top,1,300,-0.4,1.75,1.6,0.54604,-0.22865,-0.042892,0.59353,298.962,1,1
29_A5,tier1_canopy_top,1,300,-0.35,1.75,1.6,0.54441,-0.22188,-0.03688,0.58904,298.963,1,1
29_A5,tier1_canopy_top,1,300,-0.95,1.8,1.6,0.50068,-0.25404,-0.22496,0.60484,298.959,1,1
29_A5,tier1_canopy_top,1,300,-0.95,1.85,1.6,0.74555,-0.28763,-0.23639,0.83334,298.928,1,1
29_A5,tier1_canopy_top,1,300,-1.0,1.85,1.6,0.72508,-0.28486,-0.28083,0.8281,298.935,1,1
29_A5,tier1_canopy_top,1,300,-0.85,1.8,1.6,0.57031,-0.26758,-0.16707,0.65174,298.948,1,1
29_A5,tier1_canopy_top,1,300,-0.9,1.8,1.6,0.54132,-0.26406,-0.19364,0.63265,298.953,1,1
29_A5,tier1_canopy_top,1,300,-0.9,1.85,1.6,0.75497,-0.28396,-0.20077,0.83122,298.924,1,1
29_A5,tier1_canopy_top,1,300,-0.85,1.85,1.6,0.75572,-0.27665,-0.17133,0.8228,298.92,1,1
29_A5,tier1_canopy_top,1,300,-0.75,1.8,1.6,0.60433,-0.26315,-0.1218,0.6703,298.942,1,1
29_A5,tier1_canopy_top,1,300,-0.8,1.8,1.6,0.59039,-0.26682,-0.14315,0.6635,298.945,1,1
29_A5,tier1_canopy_top,1,300,-0.8,1.85,1.6,0.75079,-0.26755,-0.14555,0.81022,298.918,1,1
29_A5,tier1_canopy_top,1,300,-0.75,1.85,1.6,0.74291,-0.25747,-0.12305,0.79584,298.916,1,1
29_A5,tier1_canopy_top,1,300,-0.65,1.8,1.6,0.61862,-0.25044,-0.088751,0.67327,298.94,1,1
29_A5,tier1_canopy_top,1,300,-0.7,1.8,1.6,0.61357,-0.25745,-0.10373,0.67343,298.941,1,1
29_A5,tier1_canopy_top,1,300,-0.7,1.85,1.6,0.73323,-0.24681,-0.1043,0.78066,298.916,1,1
29_A5,tier1_canopy_top,1,300,-0.65,1.85,1.6,0.72196,-0.236,-0.088937,0.76474,298.916,1,1
29_A5,tier1_canopy_top,1,300,-0.55,1.8,1.6,0.61865,-0.23466,-0.065687,0.66491,298.939,1,1
29_A5,tier1_canopy_top,1,300,-0.6,1.8,1.6,0.62007,-0.24271,-0.076244,0.67023,298.939,1,1
29_A5,tier1_canopy_top,1,300,-0.6,1.85,1.6,0.70938,-0.22543,-0.076209,0.74823,298.917,1,1
29_A5,tier1_canopy_top,1,300,-0.55,1.85,1.6,0.69594,-0.21532,-0.065552,0.73143,298.918,1,1
29_A5,tier1_canopy_top,1,300,-0.45,1.8,1.6,0.60946,-0.21856,-0.049013,0.64932,298.941,1,1
29_A5,tier1_canopy_top,1,300,-0.5,1.8,1.6,0.61495,-0.22655,-0.056719,0.6578,298.94,1,1
29_A5,tier1_canopy_top,1,300,-0.5,1.85,1.6,0.68197,-0.20577,-0.056584,0.71458,298.919,1,1
29_A5,tier1_canopy_top,1,300,-0.45,1.85,1.6,0.66769,-0.19687,-0.048889,0.69782,298.921,1,1
29_A5,tier1_canopy_top,1,300,-0.35,1.8,1.6,0.59485,-0.20336,-0.036299,0.6297,298.944,1,1
29_A5,tier1_canopy_top,1,300,-0.4,1.8,1.6,0.60264,-0.21083,-0.042267,0.63985,298.942,1,1
29_A5,tier1_canopy_top,1,300,-0.4,1.85,1.6,0.65338,-0.18865,-0.042094,0.68137,298.923,1,1
29_A5,tier1_canopy_top,1,300,-0.35,1.85,1.6,0.6393,-0.18103,-0.036082,0.66541,298.926,1,1
29_A5,tier1_canopy_top,1,300,-0.95,1.9,1.6,1.0315,-0.30171,-0.23919,1.101,298.9,1,1
29_A5,tier1_canopy_top,1,300,-1.0,1.9,1.6,1.074,-0.31381,-0.28738,1.1553,298.905,1,1
29_A5,tier1_canopy_top,1,300,-0.95,1.95,1.6,1.2713,-0.28029,-0.22142,1.3206,298.872,1,1
29_A5,tier1_canopy_top,1,300,-0.85,1.9,1.6,0.94884,-0.2701,-0.17203,1.0014,298.894,1,1
29_A5,tier1_canopy_top,1,300,-0.9,1.9,1.6,0.98984,-0.28635,-0.20214,1.0501,298.896,1,1
29_A5,tier1_canopy_top,1,300,-0.9,1.95,1.6,1.1789,-0.26077,-0.18784,1.2219,298.87,1,1
29_A5,tier1_canopy_top,1,300,-0.85,1.95,1.6,1.0978,-0.24164,-0.16065,1.1355,298.868,1,1
29_A5,tier1_canopy_top,1,300,-0.75,1.9,1.6,0.87452,-0.23936,-0.12214,0.91487,298.892,1,1
29_A5,tier1_canopy_top,1,300,-0.8,1.9,1.6,0.90989,-0.2543,-0.14539,0.95588,298.892,1,1
29_A5,tier1_canopy_top,1,300,-0.8,1.95,1.6,1.0274,-0.22365,-0.13609,1.0602,298.868,1,1
29_A5,tier1_canopy_top,1,300,-0.75,1.95,1.6,0.96755,-0.20712,-0.11433,0.99606,298.869,1,1
29_A5,tier1_canopy_top,1,300,-0.65,1.9,1.6,0.81326,-0.21214,-0.087693,0.84504,298.893,1,1
29_A5,tier1_canopy_top,1,300,-0.7,1.9,1.6,0.84263,-0.22528,-0.10307,0.87829,298.892,1,1
29_A5,tier1_canopy_top,1,300,-0.7,1.95,1.6,0.91666,-0.19224,-0.096547,0.94156,298.87,1,1
29_A5,tier1_canopy_top,1,300,-0.65,1.95,1.6,0.87248,-0.17902,-0.082291,0.89445,298.872,1,1
29_A5,tier1_canopy_top,1,300,-0.55,1.9,1.6,0.76026,-0.18915,-0.064599,0.7861,298.897,1,1
29_A5,tier1_canopy_top,1,300,-0.6,1.9,1.6,0.78585,-0.2001,-0.075081,0.8144,298.895,1,1
29_A5,tier1_canopy_top,1,300,-0.6,1.95,1.6,0.83348,-0.16738,-0.070592,0.85305,298.875,1,1
29_A5,tier1_canopy_top,1,300,-0.55,1.95,1.6,0.79881,-0.15716,-0.060851,0.8164,298.878,1,1
29_A5,tier1_canopy_top,1,300,-0.45,1.9,1.6,0.71372,-0.17038,-0.048303,0.73537,298.902,1,1
29_A5,tier1_canopy_top,1,300,-0.5,1.9,1.6,0.73628,-0.17925,-0.055859,0.75985,298.9,1,1
29_A5,tier1_canopy_top,1,300,-0.5,1.95,1.6,0.7677,-0.14821,-0.052727,0.78365,298.881,1,1
29_A5,tier1_canopy_top,1,300,-0.45,1.95,1.6,0.7395,-0.14041,-0.045571,0.75409,298.885,1,1
29_A5,tier1_canopy_top,1,300,-0.35,1.9,1.6,0.67307,-0.15534,-0.035351,0.69167,298.909,1,1
29_A5,tier1_canopy_top,1,300,-0.4,1.9,1.6,0.69263,-0.16247,-0.041447,0.71263,298.905,1,1
29_A5,tier1_canopy_top,1,300,-0.4,1.95,1.6,0.71403,-0.13359,-0.038845,0.72746,298.889,1,1
29_A5,tier1_canopy_top,1,300,-0.35,1.95,1.6,0.69115,-0.12757,-0.032808,0.70359,298.893,1,1
29_A5,tier1_canopy_top,1,300,-0.65,2.0,1.6,0.87805,-0.13942,-0.069732,0.89178,298.854,1,1
29_A5,tier1_canopy_top,1,300,-0.7,2.0,1.6,0.92692,-0.15043,-0.081318,0.94256,298.85,1,1
29_A5,tier1_canopy_top,1,300,-0.65,2.05,1.6,0.81925,-0.099257,-0.050714,0.8268,298.838,1,1
29_A5,tier1_canopy_top,1,300,-0.7,2.05,1.6,0.85854,-0.10706,-0.058861,0.86719,298.833,1,1
29_A5,tier1_canopy_top,1,300,-0.55,2.0,1.6,0.7991,-0.12184,-0.051839,0.81,298.861,1,1
29_A5,tier1_canopy_top,1,300,-0.6,2.0,1.6,0.83586,-0.12996,-0.06005,0.84804,298.857,1,1
29_A5,tier1_canopy_top,1,300,-0.6,2.05,1.6,0.78528,-0.092624,-0.04366,0.79193,298.842,1,1
29_A5,tier1_canopy_top,1,300,-0.55,2.05,1.6,0.7556,-0.087043,-0.037445,0.76152,298.847,1,1
29_A5,tier1_canopy_top,1,300,-0.45,2.0,1.6,0.73781,-0.10897,-0.0385,0.74681,298.87,1,1
29_A5,tier1_canopy_top,1,300,-0.5,2.0,1.6,0.7667,-0.1149,-0.044862,0.77656,298.865,1,1
29_A5,tier1_canopy_top,1,300,-0.5,2.05,1.6,0.72934,-0.082405,-0.031932,0.73467,298.852,1,1
29_A5,tier1_canopy_top,1,300,-0.45,2.05,1.6,0.70587,-0.078544,-0.026601,0.71072,298.858,1,1
29_A5,tier1_canopy_top,1,300,-0.35,2.0,1.6,0.68942,-0.099349,-0.026663,0.69705,298.879,1,1
29_A5,tier1_canopy_top,1,300,-0.4,2.0,1.6,0.71213,-0.10384,-0.032302,0.72039,298.874,1,1
29_A5,tier1_canopy_top,1,300,-0.4,2.05,1.6,0.68504,-0.075237,-0.021198,0.68949,298.863,1,1
29_A5,tier1_canopy_top,1,300,-0.35,2.05,1.6,0.66662,-0.072372,-0.016241,0.67073,298.868,1,1
29_A5,tier1_canopy_top,1,300,-0.95,2.0,1.6,1.3463,-0.22815,-0.17938,1.3772,298.845,1,1
29_A5,tier1_canopy_top,1,300,-0.9,2.0,1.6,1.2325,-0.21006,-0.15313,1.2596,298.844,1,1
29_A5,tier1_canopy_top,1,300,-0.85,2.0,1.6,1.1353,-0.19328,-0.13184,1.1592,298.844,1,1
29_A5,tier1_canopy_top,1,300,-0.8,2.0,1.6,1.0531,-0.17759,-0.11263,1.0739,298.846,1,1
29_A5,tier1_canopy_top,1,300,-0.75,2.0,1.6,0.98438,-0.16317,-0.09552,1.0024,298.848,1,1
29_A5,tier1_canopy_top,1,300,-0.75,2.05,1.6,0.90467,-0.11616,-0.06849,0.91467,298.829,1,1
29_A5,tier1_canopy_top,1,300,-0.25,1.6,1.6,0.41179,-0.24722,-0.033942,0.48149,299.016,1,1
29_A5,tier1_canopy_top,1,300,-0.3,1.6,1.6,0.40404,-0.25212,-0.039819,0.47791,299.017,1,1
29_A5,tier1_canopy_top,1,300,-0.3,1.65,1.6,0.44622,-0.24281,-0.035837,0.50927,299,1,1
29_A5,tier1_canopy_top,1,300,-0.25,1.65,1.6,0.45035,-0.23711,-0.030481,0.50987,299,1,1
29_A5,tier1_canopy_top,1,300,-0.15,1.6,1.6,0.42186,-0.23572,-0.023709,0.48383,299.016,1,1
29_A5,tier1_canopy_top,1,300,-0.2,1.6,1.6,0.41766,-0.24172,-0.02857,0.48341,299.016,1,1
29_A5,tier1_canopy_top,1,300,-0.2,1.65,1.6,0.45278,-0.231,-0.025617,0.50895,299,1,1
29_A5,tier1_canopy_top,1,300,-0.15,1.65,1.6,0.45373,-0.22457,-0.021224,0.50671,299.001,1,1
29_A5,tier1_canopy_top,1,300,-0.05,1.6,1.6,0.42596,-0.22252,-0.015334,0.48083,299.017,1,1
29_A5,tier1_canopy_top,1,300,-0.1,1.6,1.6,0.42457,-0.2293,-0.019329,0.48292,299.016,1,1
29_A5,tier1_canopy_top,1,300,-0.1,1.65,1.6,0.4534,-0.21788,-0.017254,0.50332,299.001,1,1
29_A5,tier1_canopy_top,1,300,-0.05,1.65,1.6,0.45197,-0.21096,-0.013614,0.49897,299.002,1,1
29_A5,tier1_canopy_top,1,300,0.05,1.6,1.6,0.42558,-0.20803,-0.0081866,0.47378,299.019,1,1
29_A5,tier1_canopy_top,1,300,0.0,1.6,1.6,0.42623,-0.21542,-0.011634,0.47772,299.018,1,1
29_A5,tier1_canopy_top,1,300,0.0,1.65,1.6,0.44965,-0.20385,-0.0102,0.49381,299.004,1,1
29_A5,tier1_canopy_top,1,300,0.05,1.65,1.6,0.44665,-0.19657,-0.0069568,0.48804,299.005,1,1
29_A5,tier1_canopy_top,1,300,0.15,1.6,1.6,0.42227,-0.19245,-0.0020132,0.46406,299.022,1,1
29_A5,tier1_canopy_top,1,300,0.1,1.6,1.6,0.42423,-0.20038,-0.0049796,0.46919,299.02,1,1
29_A5,tier1_canopy_top,1,300,0.1,1.65,1.6,0.44316,-0.18911,-0.0038879,0.48184,299.007,1,1
29_A5,tier1_canopy_top,1,300,0.15,1.65,1.6,0.43929,-0.18148,-0.0010133,0.4753,299.009,1,1
29_A5,tier1_canopy_top,1,300,0.25,1.6,1.6,0.41682,-0.17582,0.0032386,0.4524,299.025,1,1
29_A5,tier1_canopy_top,1,300,0.2,1.6,1.6,0.41977,-0.18427,0.00072477,0.45844,299.023,1,1
29_A5,tier1_canopy_top,1,300,0.2,1.65,1.6,0.43508,-0.17366,0.0016595,0.46846,299.011,1,1
29_A5,tier1_canopy_top,1,300,0.25,1.65,1.6,0.4306,-0.16566,0.0041186,0.46139,299.013,1,1
29_A5,tier1_canopy_top,1,300,0.35,1.6,1.6,0.40978,-0.15815,0.0075793,0.43931,299.03,1,1
29_A5,tier1_canopy_top,1,300,0.3,1.6,1.6,0.41347,-0.16711,0.0055188,0.446,299.027,1,1
29_A5,tier1_canopy_top,1,300,0.3,1.65,1.6,0.42589,-0.15745,0.0063316,0.45411,299.015,1,1
29_A5,tier1_canopy_top,1,300,0.35,1.65,1.6,0.42097,-0.14902,0.0083087,0.44664,299.018,1,1
29_A5,tier1_canopy_top,1,300,-0.25,1.7,1.6,0.49372,-0.2243,-0.027899,0.543,298.983,1,1
29_A5,tier1_canopy_top,1,300,-0.3,1.7,1.6,0.49357,-0.23067,-0.032923,0.5458,298.982,1,1
29_A5,tier1_canopy_top,1,300,-0.3,1.75,1.6,0.54131,-0.21505,-0.03151,0.58331,298.964,1,1
29_A5,tier1_canopy_top,1,300,-0.25,1.75,1.6,0.53704,-0.20821,-0.026692,0.57661,298.965,1,1
29_A5,tier1_canopy_top,1,300,-0.15,1.7,1.6,0.49004,-0.21105,-0.019277,0.5339,298.985,1,1
29_A5,tier1_canopy_top,1,300,-0.2,1.7,1.6,0.49247,-0.21774,-0.023369,0.53897,298.984,1,1
29_A5,tier1_canopy_top,1,300,-0.2,1.75,1.6,0.53182,-0.20141,-0.022371,0.56912,298.967,1,1
29_A5,tier1_canopy_top,1,300,-0.15,1.75,1.6,0.52584,-0.19466,-0.018459,0.56101,298.969,1,1
29_A5,tier1_canopy_top,1,300,-0.05,1.7,1.6,0.4824,-0.19737,-0.012135,0.52136,298.988,1,1
29_A5,tier1_canopy_top,1,300,-0.1,1.7,1.6,0.48662,-0.20425,-0.015557,0.52798,298.986,1,1
29_A5,tier1_canopy_top,1,300,-0.1,1.75,1.6,0.51926,-0.18796,-0.01487,0.55244,298.97,1,1
29_A5,tier1_canopy_top,1,300,-0.05,1.75,1.6,0.51227,-0.1813,-0.011548,0.54352,298.973,1,1
29_A5,tier1_canopy_top,1,300,0.05,1.7,1.6,0.47233,-0.18336,-0.0057658,0.5067,298.991,1,1
29_A5,tier1_canopy_top,1,300,0.0,1.7,1.6,0.47757,-0.1904,-0.0088967,0.5142,298.989,1,1
29_A5,tier1_canopy_top,1,300,0.0,1.75,1.6,0.50498,-0.17466,-0.0083906,0.5344,298.975,1,1
29_A5,tier1_canopy_top,1,300,0.05,1.75,1.6,0.4976,-0.16804,-0.0053092,0.52523,298.977,1,1
29_A5,tier1_canopy_top,1,300,0.15,1.7,1.6,0.46121,-0.16902,0.00012785,0.49121,298.995,1,1
29_A5,tier1_canopy_top,1,300,0.1,1.7,1.6,0.46685,-0.17624,-0.0027496,0.49901,298.993,1,1
29_A5,tier1_canopy_top,1,300,0.1,1.75,1.6,0.49026,-0.16141,-0.0023035,0.51615,298.979,1,1
29_A5,tier1_canopy_top,1,300,0.15,1.75,1.6,0.48302,-0.15477,0.00062565,0.50721,298.982,1,1
29_A5,tier1_canopy_top,1,300,0.25,1.7,1.6,0.44968,-0.15429,0.005357,0.47544,299,1,1
29_A5,tier1_canopy_top,1,300,0.2,1.7,1.6,0.45547,-0.16171,0.0028442,0.48334,298.998,1,1
29_A5,tier1_canopy_top,1,300,0.2,1.75,1.6,0.47591,-0.14811,0.0034582,0.49844,298.985,1,1
29_A5,tier1_canopy_top,1,300,0.25,1.75,1.6,0.46897,-0.14138,0.0061177,0.48986,298.988,1,1
29_A5,tier1_canopy_top,1,300,0.35,1.7,1.6,0.43789,-0.139,0.0094969,0.45952,299.006,1,1
29_A5,tier1_canopy_top,1,300,0.3,1.7,1.6,0.44383,-0.14673,0.0075779,0.46751,299.003,1,1
29_A5,tier1_canopy_top,1,300,0.3,1.75,1.6,0.46216,-0.1346,0.0084707,0.48144,298.991,1,1
29_A5,tier1_canopy_top,1,300,0.35,1.75,1.6,0.4554,-0.12774,0.010476,0.47309,298.994,1,1
29_A5,tier1_canopy_top,1,300,-0.25,1.8,1.6,0.57741,-0.18911,-0.026307,0.60816,298.948,1,1
29_A5,tier1_canopy_top,1,300,-0.3,1.8,1.6,0.58639,-0.19612,-0.031014,0.61909,298.946,1,1
29_A5,tier1_canopy_top,1,300,-0.3,1.85,1.6,0.62551,-0.17385,-0.030825,0.64995,298.928,1,1
29_A5,tier1_canopy_top,1,300,-0.25,1.85,1.6,0.61199,-0.16709,-0.026169,0.63493,298.931,1,1
29_A5,tier1_canopy_top,1,300,-0.15,1.8,1.6,0.55854,-0.17584,-0.018226,0.58585,298.953,1,1
29_A5,tier1_canopy_top,1,300,-0.2,1.8,1.6,0.56808,-0.18236,-0.022075,0.59704,298.95,1,1
29_A5,tier1_canopy_top,1,300,-0.2,1.85,1.6,0.59879,-0.16076,-0.021928,0.62038,298.934,1,1
29_A5,tier1_canopy_top,1,300,-0.15,1.85,1.6,0.586,-0.1548,-0.018031,0.60637,298.937,1,1
29_A5,tier1_canopy_top,1,300,-0.05,1.8,1.6,0.53925,-0.16329,-0.01137,0.56354,298.958,1,1
29_A5,tier1_canopy_top,1,300,-0.1,1.8,1.6,0.5489,-0.16949,-0.01468,0.57466,298.955,1,1
29_A5,tier1_canopy_top,1,300,-0.1,1.85,1.6,0.57364,-0.1491,-0.014438,0.59288,298.94,1,1
29_A5,tier1_canopy_top,1,300,-0.05,1.85,1.6,0.56173,-0.14362,-0.011064,0.5799,298.943,1,1
29_A5,tier1_canopy_top,1,300,0.05,1.8,1.6,0.52035,-0.1512,-0.005103,0.5419,298.963,1,1
29_A5,tier1_canopy_top,1,300,0.0,1.8,1.6,0.52969,-0.1572,-0.008206,0.55259,298.96,1,1
29_A5,tier1_canopy_top,1,300,0.0,1.85,1.6,0.55027,-0.13832,-0.0078153,0.56744,298.946,1,1
29_A5,tier1_canopy_top,1,300,0.05,1.85,1.6,0.53934,-0.13316,-0.0046066,0.55556,298.949,1,1
29_A5,tier1_canopy_top,1,300,0.15,1.8,1.6,0.50273,-0.13938,0.0010182,0.52169,298.969,1,1
29_A5,tier1_canopy_top,1,300,0.1,1.8,1.6,0.51135,-0.14527,-0.0020303,0.53159,298.966,1,1
29_A5,tier1_canopy_top,1,300,0.1,1.85,1.6,0.52904,-0.1281,-0.0013829,0.54433,298.953,1,1
29_A5,tier1_canopy_top,1,300,0.15,1.85,1.6,0.51936,-0.12312,0.0018449,0.53375,298.956,1,1
29_A5,tier1_canopy_top,1,300,0.25,1.8,1.6,0.48657,-0.1276,0.0068074,0.50307,298.975,1,1
29_A5,tier1_canopy_top,1,300,0.2,1.8,1.6,0.49448,-0.1335,0.0039938,0.5122,298.972,1,1
29_A5,tier1_canopy_top,1,300,0.2,1.85,1.6,0.51025,-0.11818,0.0049811,0.52378,298.959,1,1
29_A5,tier1_canopy_top,1,300,0.25,1.85,1.6,0.50159,-0.11324,0.0079431,0.51428,298.963,1,1
29_A5,tier1_canopy_top,1,300,0.35,1.8,1.6,0.4715,-0.1158,0.011557,0.48565,298.982,1,1
29_A5,tier1_canopy_top,1,300,0.3,1.8,1.6,0.47894,-0.12171,0.0093465,0.49425,298.979,1,1
29_A5,tier1_canopy_top,1,300,0.3,1.85,1.6,0.4933,-0.10834,0.010665,0.50517,298.967,1,1
29_A5,tier1_canopy_top,1,300,0.35,1.85,1.6,0.48534,-0.10347,0.013086,0.49642,298.971,1,1
29_A5,tier1_canopy_top,1,300,-0.25,1.9,1.6,0.63762,-0.14277,-0.025524,0.6539,298.915,1,1
29_A5,tier1_canopy_top,1,300,-0.3,1.9,1.6,0.65483,-0.14879,-0.030134,0.6722,298.912,1,1
29_A5,tier1_canopy_top,1,300,-0.3,1.95,1.6,0.67038,-0.12217,-0.027714,0.68199,298.897,1,1
29_A5,tier1_canopy_top,1,300,-0.25,1.95,1.6,0.65119,-0.11732,-0.02319,0.66208,298.901,1,1
29_A5,tier1_canopy_top,1,300,-0.15,1.9,1.6,0.60612,-0.13217,-0.017184,0.6206,298.922,1,1
29_A5,tier1_canopy_top,1,300,-0.2,1.9,1.6,0.62137,-0.13725,-0.021212,0.6367,298.919,1,1
29_A5,tier1_canopy_top,1,300,-0.2,1.95,1.6,0.63341,-0.11295,-0.018834,0.64368,298.905,1,1
29_A5,tier1_canopy_top,1,300,-0.15,1.95,1.6,0.61705,-0.10898,-0.014693,0.62677,298.909,1,1
29_A5,tier1_canopy_top,1,300,-0.05,1.9,1.6,0.57831,-0.12289,-0.0099723,0.5913,298.929,1,1
29_A5,tier1_canopy_top,1,300,-0.1,1.9,1.6,0.5918,-0.1274,-0.01347,0.60551,298.926,1,1
29_A5,tier1_canopy_top,1,300,-0.1,1.95,1.6,0.60194,-0.10534,-0.010859,0.61118,298.913,1,1
29_A5,tier1_canopy_top,1,300,-0.05,1.95,1.6,0.58789,-0.10199,-0.0072217,0.59672,298.917,1,1
29_A5,tier1_canopy_top,1,300,0.05,1.9,1.6,0.55367,-0.11448,-0.003201,0.56539,298.936,1,1
29_A5,tier1_canopy_top,1,300,0.0,1.9,1.6,0.56559,-0.1186,-0.006576,0.57793,298.933,1,1
29_A5,tier1_canopy_top,1,300,0.0,1.95,1.6,0.57482,-0.098874,-0.0036652,0.58328,298.921,1,1
29_A5,tier1_canopy_top,1,300,0.05,1.95,1.6,0.56269,-0.095932,-0.00012153,0.57081,298.925,1,1
29_A5,tier1_canopy_top,1,300,0.15,1.9,1.6,0.53228,-0.10654,0.0035964,0.54284,298.944,1,1
29_A5,tier1_canopy_top,1,300,0.1,1.9,1.6,0.54258,-0.11047,0.00019996,0.55372,298.94,1,1
29_A5,tier1_canopy_top,1,300,0.1,1.95,1.6,0.55145,-0.093097,0.003433,0.55926,298.929,1,1
29_A5,tier1_canopy_top,1,300,0.15,1.95,1.6,0.54098,-0.090318,0.0069338,0.54851,298.934,1,1
29_A5,tier1_canopy_top,1,300,0.25,1.9,1.6,0.51346,-0.09878,0.009957,0.52297,298.952,1,1
29_A5,tier1_canopy_top,1,300,0.2,1.9,1.6,0.52262,-0.10265,0.0068713,0.53265,298.948,1,1
29_A5,tier1_canopy_top,1,300,0.2,1.95,1.6,0.53112,-0.087553,0.01025,0.53839,298.938,1,1
29_A5,tier1_canopy_top,1,300,0.25,1.95,1.6,0.52172,-0.084785,0.013343,0.52874,298.943,1,1
29_A5,tier1_canopy_top,1,300,0.35,1.9,1.6,0.4964,-0.091162,0.015437,0.50493,298.961,1,1
29_A5,tier1_canopy_top,1,300,0.3,1.9,1.6,0.5047,-0.094957,0.01283,0.51372,298.956,1,1
29_A5,tier1_canopy_top,1,300,0.3,1.95,1.6,0.51273,-0.082032,0.016244,0.5195,298.948,1,1
29_A5,tier1_canopy_top,1,300,0.35,1.95,1.6,0.50421,-0.0793,0.01892,0.51076,298.953,1,1
29_A5,tier1_canopy_top,1,300,-0.25,2.0,1.6,0.65039,-0.092027,-0.017535,0.65711,298.888,1,1
29_A5,tier1_canopy_top,1,300,-0.3,2.0,1.6,0.66904,-0.095438,-0.021861,0.67616,298.884,1,1
29_A5,tier1_canopy_top,1,300,-0.3,2.05,1.6,0.65001,-0.06998,-0.011931,0.65388,298.873,1,1
29_A5,tier1_canopy_top,1,300,-0.25,2.05,1.6,0.63476,-0.068015,-0.0079565,0.63844,298.878,1,1
29_A5,tier1_canopy_top,1,300,-0.15,2.0,1.6,0.61759,-0.086313,-0.0092867,0.62366,298.897,1,1
29_A5,tier1_canopy_top,1,300,-0.2,2.0,1.6,0.63327,-0.089006,-0.013334,0.63964,298.893,1,1
29_A5,tier1_canopy_top,1,300,-0.2,2.05,1.6,0.62067,-0.066363,-0.0040982,0.62422,298.884,1,1
29_A5,tier1_canopy_top,1,300,-0.15,2.05,1.6,0.60759,-0.064977,-0.00037304,0.61106,298.889,1,1
29_A5,tier1_canopy_top,1,300,-0.05,2.0,1.6,0.58985,-0.081818,-0.0018154,0.5955,298.907,1,1
29_A5,tier1_canopy_top,1,300,-0.1,2.0,1.6,0.60319,-0.083927,-0.0054752,0.60902,298.902,1,1
29_A5,tier1_canopy_top,1,300,-0.1,2.05,1.6,0.59537,-0.063848,0.0031797,0.5988,298.894,1,1
29_A5,tier1_canopy_top,1,300,-0.05,2.05,1.6,0.58381,-0.062966,0.0066161,0.58723,298.899,1,1
29_A5,tier1_canopy_top,1,300,0.05,2.0,1.6,0.56586,-0.078218,0.0053856,0.57126,298.916,1,1
29_A5,tier1_canopy_top,1,300,0.0,2.0,1.6,0.57744,-0.079936,0.0017918,0.58295,298.911,1,1
29_A5,tier1_canopy_top,1,300,0.0,2.05,1.6,0.57278,-0.062296,0.010022,0.57624,298.904,1,1
29_A5,tier1_canopy_top,1,300,0.05,2.05,1.6,0.56225,-0.061777,0.013436,0.56579,298.91,1,1
29_A5,tier1_canopy_top,1,300,0.15,2.0,1.6,0.54479,-0.075012,0.012403,0.55007,298.926,1,1
29_A5,tier1_canopy_top,1,300,0.1,2.0,1.6,0.555,-0.076601,0.0089544,0.56033,298.921,1,1
29_A5,tier1_canopy_top,1,300,0.1,2.05,1.6,0.55222,-0.061353,0.016827,0.55588,298.915,1,1
29_A5,tier1_canopy_top,1,300,0.15,2.05,1.6,0.54273,-0.060939,0.020063,0.5465,298.921,1,1
29_A5,tier1_canopy_top,1,300,0.25,2.0,1.6,0.52579,-0.071681,0.018467,0.53098,298.936,1,1
29_A5,tier1_canopy_top,1,300,0.2,2.0,1.6,0.53511,-0.073381,0.015583,0.54034,298.931,1,1
29_A5,tier1_canopy_top,1,300,0.2,2.05,1.6,0.53364,-0.060417,0.022913,0.53754,298.926,1,1
29_A5,tier1_canopy_top,1,300,0.25,2.05,1.6,0.52474,-0.059744,0.02533,0.52873,298.932,1,1
29_A5,tier1_canopy_top,1,300,0.35,2.0,1.6,0.50817,-0.06824,0.023639,0.51327,298.947,1,1
29_A5,tier1_canopy_top,1,300,0.3,2.0,1.6,0.51678,-0.069952,0.021147,0.52192,298.941,1,1
29_A5,tier1_canopy_top,1,300,0.3,2.05,1.6,0.51592,-0.059007,0.027514,0.52001,298.938,1,1
29_A5,tier1_canopy_top,1,300,0.35,2.05,1.6,0.50735,-0.058294,0.029569,0.51154,298.944,1,1
29_A5,tier1_canopy_top,1,300,-0.35,1.6,1.6,0.39415,-0.25633,-0.046235,0.47244,299.018,1,1
29_A5,tier1_canopy_top,1,300,-0.35,1.65,1.6,0.44013,-0.24802,-0.041718,0.50692,299,1,1
29_A5,tier1_canopy_top,1,300,-0.35,1.7,1.6,0.49175,-0.23676,-0.038478,0.54713,298.982,1,1
29_A5,tier1_canopy_top,1,300,-0.35,1.8,1.6,0.59485,-0.20336,-0.036299,0.6297,298.944,1,1
29_A5,tier1_canopy_top,1,300,-0.35,1.85,1.6,0.6393,-0.18103,-0.036082,0.66541,298.926,1,1
29_A5,tier1_canopy_top,1,300,-0.35,1.9,1.6,0.67307,-0.15534,-0.035351,0.69167,298.909,1,1
29_A5,tier1_canopy_top,1,300,-0.35,2.05,1.6,0.66662,-0.072372,-0.016241,0.67073,298.868,1,1
29_A5,tier1_canopy_top,1,300,0.45,1.6,1.6,0.40195,-0.13956,0.010959,0.42563,299.035,1,1
29_A5,tier1_canopy_top,1,300,0.4,1.6,1.6,0.4059,-0.14897,0.0094174,0.43247,299.032,1,1
29_A5,tier1_canopy_top,1,300,0.4,1.65,1.6,0.41595,-0.14041,0.010072,0.43913,299.021,1,1
29_A5,tier1_canopy_top,1,300,0.45,1.65,1.6,0.41098,-0.13163,0.011549,0.4317,299.024,1,1
29_A5,tier1_canopy_top,1,300,0.55,1.6,1.6,0.394,-0.12003,0.012967,0.41208,299.041,1,1
29_A5,tier1_canopy_top,1,300,0.5,1.6,1.6,0.39798,-0.12991,0.012122,0.41883,299.038,1,1
29_A5,tier1_canopy_top,1,300,0.5,1.65,1.6,0.40608,-0.12267,0.012635,0.42439,299.027,1,1
29_A5,tier1_canopy_top,1,300,0.55,1.65,1.6,0.40123,-0.11352,0.01337,0.4172,299.03,1,1
29_A5,tier1_canopy_top,1,300,0.65,1.6,1.6,0.38646,-0.099619,0.014263,0.39935,299.048,1,1
29_A5,tier1_canopy_top,1,300,0.6,1.6,1.6,0.3901,-0.10994,0.013653,0.40552,299.044,1,1
29_A5,tier1_canopy_top,1,300,0.6,1.65,1.6,0.39652,-0.10416,0.013913,0.41021,299.033,1,1
29_A5,tier1_canopy_top,1,300,0.65,1.65,1.6,0.39214,-0.094543,0.014346,0.40363,299.037,1,1
29_A5,tier1_canopy_top,1,300,0.75,1.6,1.6,0.38057,-0.078119,0.015271,0.3888,299.055,1,1
29_A5,tier1_canopy_top,1,300,0.7,1.6,1.6,0.38325,-0.089034,0.014799,0.39373,299.051,1,1
29_A5,tier1_canopy_top,1,300,0.7,1.65,1.6,0.38827,-0.084583,0.014649,0.39764,299.041,1,1
29_A5,tier1_canopy_top,1,300,0.75,1.65,1.6,0.38499,-0.074137,0.014796,0.39235,299.045,1,1
29_A5,tier1_canopy_top,1,300,0.85,1.6,1.6,0.37711,-0.05506,0.016296,0.38145,299.064,1,1
29_A5,tier1_canopy_top,1,300,0.8,1.6,1.6,0.37849,-0.066807,0.015731,0.38466,299.059,1,1
29_A5,tier1_canopy_top,1,300,0.8,1.65,1.6,0.38238,-0.063027,0.014817,0.38782,299.049,1,1
29_A5,tier1_canopy_top,1,300,0.85,1.65,1.6,0.38047,-0.051072,0.014849,0.38417,299.054,1,1
29_A5,tier1_canopy_top,1,300,0.95,1.6,1.6,0.37732,-0.030176,0.018116,0.37896,299.074,1,1
29_A5,tier1_canopy_top,1,300,0.9,1.6,1.6,0.37661,-0.042862,0.017095,0.37942,299.068,1,1
29_A5,tier1_canopy_top,1,300,0.9,1.65,1.6,0.37946,-0.038076,0.015098,0.38167,299.059,1,1
29_A5,tier1_canopy_top,1,300,0.95,1.65,1.6,0.37972,-0.023781,0.015605,0.38078,299.065,1,1
29_A5,tier1_canopy_top,1,300,0.45,1.7,1.6,0.42614,-0.1231,0.012625,0.44374,299.012,1,1
29_A5,tier1_canopy_top,1,300,0.4,1.7,1.6,0.43195,-0.13112,0.011194,0.45155,299.009,1,1
29_A5,tier1_canopy_top,1,300,0.4,1.75,1.6,0.44875,-0.12077,0.012228,0.46487,298.997,1,1
29_A5,tier1_canopy_top,1,300,0.45,1.75,1.6,0.44232,-0.11365,0.01369,0.45689,299.001,1,1
29_A5,tier1_canopy_top,1,300,0.55,1.7,1.6,0.41499,-0.10655,0.014374,0.4287,299.019,1,1
29_A5,tier1_canopy_top,1,300,0.5,1.7,1.6,0.42049,-0.11492,0.013678,0.43613,299.016,1,1
29_A5,tier1_canopy_top,1,300,0.5,1.75,1.6,0.43614,-0.10636,0.014745,0.44917,299.004,1,1
29_A5,tier1_canopy_top,1,300,0.55,1.75,1.6,0.43017,-0.098883,0.015419,0.44166,299.008,1,1
29_A5,tier1_canopy_top,1,300,0.65,1.7,1.6,0.40487,-0.089124,0.015159,0.41484,299.026,1,1
29_A5,tier1_canopy_top,1,300,0.6,1.7,1.6,0.40972,-0.097982,0.014847,0.42153,299.023,1,1
29_A5,tier1_canopy_top,1,300,0.6,1.75,1.6,0.42451,-0.091188,0.015856,0.43448,299.012,1,1
29_A5,tier1_canopy_top,1,300,0.65,1.75,1.6,0.41941,-0.0832,0.016112,0.42789,299.016,1,1
29_A5,tier1_canopy_top,1,300,0.75,1.7,1.6,0.39729,-0.069908,0.01505,0.40367,299.034,1,1
29_A5,tier1_canopy_top,1,300,0.7,1.7,1.6,0.40068,-0.079842,0.015259,0.40884,299.03,1,1
29_A5,tier1_canopy_top,1,300,0.7,1.75,1.6,0.41518,-0.074756,0.01609,0.42217,299.02,1,1
29_A5,tier1_canopy_top,1,300,0.75,1.75,1.6,0.41206,-0.065566,0.015571,0.41754,299.024,1,1
29_A5,tier1_canopy_top,1,300,0.85,1.7,1.6,0.39321,-0.04681,0.013508,0.39622,299.044,1,1
29_A5,tier1_canopy_top,1,300,0.8,1.7,1.6,0.39477,-0.059009,0.014452,0.39942,299.039,1,1
29_A5,tier1_canopy_top,1,300,0.8,1.75,1.6,0.41017,-0.055218,0.014292,0.41412,299.029,1,1
29_A5,tier1_canopy_top,1,300,0.85,1.75,1.6,0.40964,-0.043284,0.01216,0.4121,299.034,1,1
29_A5,tier1_canopy_top,1,300,0.95,1.7,1.6,0.39427,-0.016863,0.010659,0.39478,299.055,1,1
29_A5,tier1_canopy_top,1,300,0.9,1.7,1.6,0.39288,-0.032928,0.012308,0.39445,299.049,1,1
29_A5,tier1_canopy_top,1,300,0.9,1.75,1.6,0.41086,-0.029311,0.0091363,0.41201,299.038,1,1
29_A5,tier1_canopy_top,1,300,0.95,1.75,1.6,0.4145,-0.012665,0.0047155,0.41472,299.044,1,1
29_A5,tier1_canopy_top,1,300,0.45,1.8,1.6,0.45745,-0.10369,0.015052,0.4693,298.99,1,1
29_A5,tier1_canopy_top,1,300,0.4,1.8,1.6,0.46431,-0.10981,0.01348,0.47731,298.986,1,1
29_A5,tier1_canopy_top,1,300,0.4,1.85,1.6,0.47776,-0.098519,0.015171,0.48805,298.975,1,1
29_A5,tier1_canopy_top,1,300,0.45,1.85,1.6,0.47058,-0.093431,0.016827,0.48006,298.979,1,1
29_A5,tier1_canopy_top,1,300,0.55,1.8,1.6,0.4446,-0.090903,0.016759,0.45411,298.998,1,1
29_A5,tier1_canopy_top,1,300,0.5,1.8,1.6,0.4509,-0.09739,0.016131,0.46158,298.994,1,1
29_A5,tier1_canopy_top,1,300,0.5,1.85,1.6,0.46376,-0.088204,0.017924,0.47241,298.984,1,1
29_A5,tier1_canopy_top,1,300,0.55,1.85,1.6,0.45723,-0.082826,0.018519,0.46504,298.988,1,1
29_A5,tier1_canopy_top,1,300,0.65,1.8,1.6,0.43343,-0.077177,0.017388,0.44059,299.006,1,1
29_A5,tier1_canopy_top,1,300,0.6,1.8,1.6,0.43867,-0.084193,0.01715,0.447,299.002,1,1
29_A5,tier1_canopy_top,1,300,0.6,1.85,1.6,0.45115,-0.077225,0.018853,0.4581,298.992,1,1
29_A5,tier1_canopy_top,1,300,0.65,1.85,1.6,0.44589,-0.071286,0.019026,0.45196,298.997,1,1
29_A5,tier1_canopy_top,1,300,0.75,1.8,1.6,0.42665,-0.061447,0.016681,0.43137,299.015,1,1
29_A5,tier1_canopy_top,1,300,0.7,1.8,1.6,0.4293,-0.069688,0.017348,0.43527,299.01,1,1
29_A5,tier1_canopy_top,1,300,0.7,1.85,1.6,0.44195,-0.06485,0.018898,0.44708,299.002,1,1
29_A5,tier1_canopy_top,1,300,0.75,1.85,1.6,0.43982,-0.057705,0.018067,0.44395,299.007,1,1
29_A5,tier1_canopy_top,1,300,0.85,1.8,1.6,0.42652,-0.040961,0.011692,0.42865,299.024,1,1
29_A5,tier1_canopy_top,1,300,0.8,1.8,1.6,0.42568,-0.052031,0.014858,0.4291,299.02,1,1
29_A5,tier1_canopy_top,1,300,0.8,1.85,1.6,0.43983,-0.049545,0.015845,0.4429,299.011,1,1
29_A5,tier1_canopy_top,1,300,0.85,1.85,1.6,0.44229,-0.039875,0.011931,0.44424,299.016,1,1
29_A5,tier1_canopy_top,1,300,0.95,1.8,1.6,0.43644,-0.011397,0.00057395,0.43659,299.034,1,1
29_A5,tier1_canopy_top,1,300,0.9,1.8,1.6,0.42978,-0.02769,0.0071893,0.43073,299.029,1,1
29_A5,tier1_canopy_top,1,300,0.9,1.85,1.6,0.44805,-0.027957,0.006315,0.44896,299.021,1,1
29_A5,tier1_canopy_top,1,300,0.95,1.85,1.6,0.45865,-0.01275,-0.0020131,0.45883,299.025,1,1
29_A5,tier1_canopy_top,1,300,0.45,1.9,1.6,0.48117,-0.083345,0.019268,0.48872,298.97,1,1
29_A5,tier1_canopy_top,1,300,0.4,1.9,1.6,0.48857,-0.087312,0.017631,0.49662,298.965,1,1
29_A5,tier1_canopy_top,1,300,0.4,1.95,1.6,0.49623,-0.076566,0.021146,0.50255,298.958,1,1
29_A5,tier1_canopy_top,1,300,0.45,1.95,1.6,0.4887,-0.0738,0.02272,0.49477,298.963,1,1
29_A5,tier1_canopy_top,1,300,0.55,1.9,1.6,0.46746,-0.075088,0.020891,0.47391,298.98,1,1
29_A5,tier1_canopy_top,1,300,0.5,1.9,1.6,0.47414,-0.079272,0.02032,0.48115,298.975,1,1
29_A5,tier1_canopy_top,1,300,0.5,1.95,1.6,0.48153,-0.07097,0.023681,0.48731,298.968,1,1
29_A5,tier1_canopy_top,1,300,0.55,1.95,1.6,0.47473,-0.068045,0.024174,0.48019,298.973,1,1
29_A5,tier1_canopy_top,1,300,0.65,1.9,1.6,0.45614,-0.066022,0.021171,0.46138,298.989,1,1
29_A5,tier1_canopy_top,1,300,0.6,1.9,1.6,0.46132,-0.07071,0.021161,0.46719,298.985,1,1
29_A5,tier1_canopy_top,1,300,0.6,1.95,1.6,0.46854,-0.064985,0.024337,0.47365,298.979,1,1
29_A5,tier1_canopy_top,1,300,0.65,1.95,1.6,0.46338,-0.061738,0.024167,0.4681,298.984,1,1
29_A5,tier1_canopy_top,1,300,0.75,1.9,1.6,0.45075,-0.055198,0.019562,0.45454,299,1,1
29_A5,tier1_canopy_top,1,300,0.7,1.9,1.6,0.45243,-0.060894,0.020762,0.45698,298.995,1,1
29_A5,tier1_canopy_top,1,300,0.7,1.95,1.6,0.45979,-0.058243,0.023489,0.46406,298.99,1,1
29_A5,tier1_canopy_top,1,300,0.75,1.95,1.6,0.45836,-0.054459,0.021976,0.4621,298.995,1,1
29_A5,tier1_canopy_top,1,300,0.85,1.9,1.6,0.45571,-0.041187,0.012588,0.45774,299.01,1,1
29_A5,tier1_canopy_top,1,300,0.8,1.9,1.6,0.45164,-0.04877,0.016972,0.45458,299.005,1,1
29_A5,tier1_canopy_top,1,300,0.8,1.95,1.6,0.45977,-0.050337,0.019171,0.46292,299,1,1
29_A5,tier1_canopy_top,1,300,0.85,1.95,1.6,0.465,-0.045647,0.014607,0.46747,299.005,1,1
29_A5,tier1_canopy_top,1,300,0.95,1.9,1.6,0.47945,-0.019212,-0.0037564,0.47985,299.018,1,1
29_A5,tier1_canopy_top,1,300,0.9,1.9,1.6,0.46424,-0.031676,0.0060866,0.46536,299.014,1,1
29_A5,tier1_canopy_top,1,300,0.9,1.95,1.6,0.47573,-0.039926,0.0076613,0.47747,299.01,1,1
29_A5,tier1_canopy_top,1,300,0.95,1.95,1.6,0.49475,-0.032677,-0.0030084,0.49584,299.014,1,1
29_A5,tier1_canopy_top,1,300,0.45,2.0,1.6,0.49244,-0.064987,0.027304,0.49746,298.958,1,1
29_A5,tier1_canopy_top,1,300,0.4,2.0,1.6,0.50006,-0.066581,0.025761,0.50513,298.952,1,1
29_A5,tier1_canopy_top,1,300,0.4,2.05,1.6,0.49918,-0.057654,0.031383,0.50348,298.95,1,1
29_A5,tier1_canopy_top,1,300,0.45,2.05,1.6,0.49148,-0.057121,0.032776,0.49587,298.956,1,1
29_A5,tier1_canopy_top,1,300,0.55,2.0,1.6,0.47832,-0.061794,0.02855,0.48314,298.97,1,1
29_A5,tier1_canopy_top,1,300,0.5,2.0,1.6,0.4852,-0.063407,0.028203,0.49013,298.964,1,1
29_A5,tier1_canopy_top,1,300,0.5,2.05,1.6,0.48418,-0.056704,0.033582,0.48865,298.962,1,1
29_A5,tier1_canopy_top,1,300,0.55,2.05,1.6,0.47725,-0.056389,0.033816,0.48176,298.969,1,1
29_A5,tier1_canopy_top,1,300,0.65,2.0,1.6,0.46676,-0.058458,0.028216,0.47125,298.981,1,1
29_A5,tier1_canopy_top,1,300,0.6,2.0,1.6,0.47203,-0.06014,0.028542,0.4767,298.976,1,1
29_A5,tier1_canopy_top,1,300,0.6,2.05,1.6,0.47084,-0.056163,0.033695,0.47537,298.975,1,1
29_A5,tier1_canopy_top,1,300,0.65,2.05,1.6,0.46537,-0.056059,0.033295,0.46992,298.982,1,1
29_A5,tier1_canopy_top,1,300,0.75,2.0,1.6,0.46152,-0.055146,0.025811,0.46552,298.993,1,1
29_A5,tier1_canopy_top,1,300,0.7,2.0,1.6,0.46305,-0.056773,0.027402,0.46732,298.987,1,1
29_A5,tier1_canopy_top,1,300,0.7,2.05,1.6,0.46137,-0.056175,0.032475,0.46591,298.988,1,1
29_A5,tier1_canopy_top,1,300,0.75,2.05,1.6,0.45941,-0.056686,0.030996,0.46393,298.995,1,1
29_A5,tier1_canopy_top,1,300,0.85,2.0,1.6,0.4684,-0.052404,0.018689,0.47169,299.005,1,1
29_A5,tier1_canopy_top,1,300,0.8,2.0,1.6,0.46293,-0.053672,0.023064,0.4666,298.999,1,1
29_A5,tier1_canopy_top,1,300,0.8,2.05,1.6,0.46022,-0.057845,0.028557,0.46472,299.001,1,1
29_A5,tier1_canopy_top,1,300,0.85,2.05,1.6,0.4649,-0.059988,0.024741,0.4694,299.008,1,1
29_A5,tier1_canopy_top,1,300,0.95,2.0,1.6,0.50002,-0.050946,0.0016256,0.50261,299.015,1,1
29_A5,tier1_canopy_top,1,300,0.9,2.0,1.6,0.47977,-0.05139,0.011977,0.48266,299.01,1,1
29_A5,tier1_canopy_top,1,300,0.9,2.05,1.6,0.47513,-0.063636,0.018875,0.47974,299.015,1,1
29_A5,tier1_canopy_top,1,300,0.95,2.05,1.6,0.49354,-0.069809,0.0097645,0.49855,299.021,1,1
29_A5,tier1_canopy_top,1,300,0.35,1.6,1.6,0.40978,-0.15815,0.0075793,0.43931,299.03,1,1
29_A5,tier1_canopy_top,1,300,1.0,1.6,1.6,0.3797,-0.01689,0.018855,0.38054,299.08,1,1
29_A5,tier1_canopy_top,1,300,1.0,1.65,1.6,0.38176,-0.0079217,0.015804,0.38217,299.072,1,1
29_A5,tier1_canopy_top,1,300,1.0,1.7,1.6,0.3979,0.0018273,0.0076561,0.39798,299.061,1,1
29_A5,tier1_canopy_top,1,300,0.35,1.75,1.6,0.4554,-0.12774,0.010476,0.47309,298.994,1,1
29_A5,tier1_canopy_top,1,300,1.0,1.75,1.6,0.42096,0.0073803,-0.0023432,0.42103,299.049,1,1
29_A5,tier1_canopy_top,1,300,1.0,1.8,1.6,0.44698,0.0091776,-0.009975,0.44718,299.038,1,1
29_A5,tier1_canopy_top,1,300,0.35,1.85,1.6,0.48534,-0.10347,0.013086,0.49642,298.971,1,1
29_A5,tier1_canopy_top,1,300,1.0,1.85,1.6,0.47529,0.0074445,-0.015508,0.4756,299.029,1,1
29_A5,tier1_canopy_top,1,300,1.0,1.9,1.6,0.50409,-0.0020444,-0.019505,0.50447,299.022,1,1
29_A5,tier1_canopy_top,1,300,0.35,2.0,1.6,0.50817,-0.06824,0.023639,0.51327,298.947,1,1
29_A5,tier1_canopy_top,1,300,1.0,1.95,1.6,0.5265,-0.022987,-0.01979,0.52737,299.018,1,1
29_A5,tier1_canopy_top,1,300,1.0,2.0,1.6,0.53416,-0.051746,-0.014582,0.53685,299.02,1,1
29_A5,tier1_canopy_top,1,300,1.0,2.05,1.6,0.52424,-0.08056,-0.0046116,0.53042,299.027,1,1
29_A5,tier1_canopy_top,1,300,1.05,1.6,1.6,0.38492,-0.0027672,0.017555,0.38533,299.086,1,1
29_A5,tier1_canopy_top,1,300,1.05,1.65,1.6,0.38723,0.0094804,0.013568,0.38759,299.08,1,1
29_A5,tier1_canopy_top,1,300,1.0,1.65,1.6,0.38176,-0.0079217,0.015804,0.38217,299.072,1,1
29_A5,tier1_canopy_top,1,300,1.15,1.6,1.6,0.39515,0.033315,-0.011055,0.3967,299.09,1,1
29_A5,tier1_canopy_top,1,300,1.1,1.6,1.6,0.39184,0.014109,0.0069144,0.39216,299.091,1,1
29_A5,tier1_canopy_top,1,300,1.1,1.65,1.6,0.39502,0.027835,-0.0015042,0.396,299.086,1,1
29_A5,tier1_canopy_top,1,300,1.15,1.65,1.6,0.398,0.0464,-0.025634,0.40151,299.088,1,1
29_A5,tier1_canopy_top,1,300,1.2,1.6,1.6,0.39225,0.051287,-0.02887,0.39664,299.085,1,1
29_A5,tier1_canopy_top,1,300,1.2,1.65,1.6,0.39319,0.063992,-0.047386,0.40117,299.087,1,1
29_A5,tier1_canopy_top,1,300,1.05,1.7,1.6,0.40469,0.023035,0.0011454,0.40535,299.068,1,1
29_A5,tier1_canopy_top,1,300,1.05,1.75,1.6,0.43011,0.031062,-0.013846,0.43146,299.055,1,1
29_A5,tier1_canopy_top,1,300,1.0,1.75,1.6,0.42096,0.0073803,-0.0023432,0.42103,299.049,1,1
29_A5,tier1_canopy_top,1,300,1.15,1.7,1.6,0.41344,0.064949,-0.041301,0.42054,299.077,1,1
29_A5,tier1_canopy_top,1,300,1.1,1.7,1.6,0.41234,0.044277,-0.016345,0.41503,299.074,1,1
29_A5,tier1_canopy_top,1,300,1.1,1.75,1.6,0.43889,0.057146,-0.033204,0.44384,299.06,1,1
29_A5,tier1_canopy_top,1,300,1.15,1.75,1.6,0.44052,0.086791,-0.058364,0.45277,299.064,1,1
29_A5,tier1_canopy_top,1,300,1.2,1.7,1.6,0.40489,0.086351,-0.064187,0.41895,299.079,1,1
29_A5,tier1_canopy_top,1,300,1.2,1.75,1.6,0.42971,0.12262,-0.083724,0.45464,299.068,1,1
29_A5,tier1_canopy_top,1,300,1.05,1.8,1.6,0.46078,0.035461,-0.025944,0.46287,299.043,1,1
29_A5,tier1_canopy_top,1,300,1.05,1.85,1.6,0.49831,0.035711,-0.036006,0.50088,299.033,1,1
29_A5,tier1_canopy_top,1,300,1.0,1.85,1.6,0.47529,0.0074445,-0.015508,0.4756,299.029,1,1
29_A5,tier1_canopy_top,1,300,1.15,1.8,1.6,0.48459,0.11504,-0.077555,0.50406,299.052,1,1
29_A5,tier1_canopy_top,1,300,1.1,1.8,1.6,0.47529,0.069071,-0.048612,0.48274,299.048,1,1
29_A5,tier1_canopy_top,1,300,1.1,1.85,1.6,0.52758,0.07808,-0.06464,0.53723,299.038,1,1
29_A5,tier1_canopy_top,1,300,1.15,1.85,1.6,0.56076,0.14855,-0.10314,0.5892,299.043,1,1
29_A5,tier1_canopy_top,1,300,1.2,1.8,1.6,0.47634,0.1816,-0.11051,0.52162,299.058,1,1
29_A5,tier1_canopy_top,1,300,1.2,1.85,1.6,0.57001,0.28069,-0.15389,0.65374,299.049,1,1
29_A5,tier1_canopy_top,1,300,1.05,1.9,1.6,0.54216,0.023734,-0.043848,0.54445,299.026,1,1
29_A5,tier1_canopy_top,1,300,1.0,1.9,1.6,0.50409,-0.0020444,-0.019505,0.50447,299.022,1,1
29_A5,tier1_canopy_top,1,300,1.05,1.95,1.6,0.57919,-0.008451,-0.046095,0.58108,299.022,1,1
29_A5,tier1_canopy_top,1,300,1.15,1.9,1.6,0.7044,0.14671,-0.13603,0.73227,299.034,1,1
29_A5,tier1_canopy_top,1,300,1.1,1.9,1.6,0.60217,0.066764,-0.080243,0.61115,299.03,1,1
29_A5,tier1_canopy_top,1,300,1.1,1.95,1.6,0.6703,0.016339,-0.088119,0.67626,299.025,1,1
29_A5,tier1_canopy_top,1,300,1.15,1.95,1.6,0.84514,0.062846,-0.15946,0.86234,299.029,1,1
29_A5,tier1_canopy_top,1,300,1.2,1.9,1.6,0.7894,0.31459,-0.22764,0.87974,299.041,1,1
29_A5,tier1_canopy_top,1,300,1.2,1.95,1.6,1.0165,0.15977,-0.29237,1.0697,299.035,1,1
29_A5,tier1_canopy_top,1,300,1.05,2.0,1.6,0.59177,-0.054678,-0.040074,0.59564,299.024,1,1
29_A5,tier1_canopy_top,1,300,1.05,2.05,1.6,0.57508,-0.099824,-0.027119,0.58431,299.033,1,1
29_A5,tier1_canopy_top,1,300,1.15,2.0,1.6,0.8871,-0.074712,-0.15383,0.90343,299.033,1,1
29_A5,tier1_canopy_top,1,300,1.1,2.0,1.6,0.69247,-0.061217,-0.081533,0.69994,299.028,1,1
29_A5,tier1_canopy_top,1,300,1.1,2.05,1.6,0.66265,-0.13526,-0.063,0.67924,299.039,1,1
29_A5,tier1_canopy_top,1,300,1.15,2.05,1.6,0.83127,-0.2033,-0.12388,0.86469,299.045,1,1
29_A5,tier1_canopy_top,1,300,1.2,2.0,1.6,1.0781,-0.099747,-0.29345,1.1218,299.039,1,1
29_A5,tier1_canopy_top,1,300,1.2,2.05,1.6,0.98304,-0.3422,-0.24028,1.0683,299.052,1,1
29_A5,tier1_canopy_top,1,300,-1.15,2.1,1.6,1.1033,-0.18519,-0.13831,1.1273,298.796,1,1
29_A5,tier1_canopy_top,1,300,-1.2,2.1,1.6,1.1502,-0.25183,-0.18951,1.1926,298.797,1,1
29_A5,tier1_canopy_top,1,300,-1.2,2.15,1.6,0.39569,-0.24926,0.0068281,0.46771,298.776,1,1
29_A5,tier1_canopy_top,1,300,-1.15,2.15,1.6,0.4536,-0.2004,-0.013153,0.49607,298.775,1,1
29_A5,tier1_canopy_top,1,300,-1.05,2.1,1.6,0.97227,-0.14562,-0.094011,0.9876,298.795,1,1
29_A5,tier1_canopy_top,1,300,-1.1,2.1,1.6,1.0372,-0.16243,-0.11217,1.0558,298.796,1,1
29_A5,tier1_canopy_top,1,300,-1.1,2.15,1.6,0.48572,-0.17873,-0.026089,0.51822,298.773,1,1
29_A5,tier1_canopy_top,1,300,-1.05,2.15,1.6,0.50733,-0.15725,-0.031314,0.53206,298.773,1,1
29_A5,tier1_canopy_top,1,300,-1.15,2.2,1.6,0.18422,-0.25026,0.036439,0.31289,298.756,1,1
29_A5,tier1_canopy_top,1,300,-1.2,2.2,1.6,0.15493,-0.2934,0.078421,0.34093,298.76,1,1
29_A5,tier1_canopy_top,1,300,-1.2,2.25,1.6,0.094318,-0.26594,0.094737,0.29765,298.742,1,1
29_A5,tier1_canopy_top,1,300,-1.15,2.25,1.6,0.090346,-0.24151,0.043973,0.26158,298.735,1,1
29_A5,tier1_canopy_top,1,300,-1.05,2.2,1.6,0.23377,-0.19245,-0.0047021,0.30283,298.747,1,1
29_A5,tier1_canopy_top,1,300,-1.1,2.2,1.6,0.2072,-0.2204,0.0090066,0.30264,298.75,1,1
29_A5,tier1_canopy_top,1,300,-1.1,2.25,1.6,0.08515,-0.22471,0.014703,0.24076,298.723,1,1
29_A5,tier1_canopy_top,1,300,-1.05,2.25,1.6,0.093383,-0.20762,0.0021709,0.22766,298.719,1,1
29_A5,tier1_canopy_top,1,300,-1.15,2.3,1.6,0.069506,-0.2199,0.04791,0.23555,298.713,1,1
29_A5,tier1_canopy_top,1,300,-1.2,2.3,1.6,0.08561,-0.22681,0.098281,0.26159,298.722,1,1
29_A5,tier1_canopy_top,1,300,-1.2,2.35,1.6,0.085375,-0.19328,0.10064,0.23403,298.699,1,1
29_A5,tier1_canopy_top,1,300,-1.15,2.35,1.6,0.069284,-0.19766,0.059394,0.21771,298.694,1,1
29_A5,tier1_canopy_top,1,300,-1.05,2.3,1.6,0.042855,-0.21072,0.014858,0.21555,298.695,1,1
29_A5,tier1_canopy_top,1,300,-1.1,2.3,1.6,0.049521,-0.21652,0.023205,0.22332,298.701,1,1
29_A5,tier1_canopy_top,1,300,-1.1,2.35,1.6,0.048628,-0.20104,0.042512,0.21116,298.685,1,1
29_A5,tier1_canopy_top,1,300,-1.05,2.35,1.6,0.03718,-0.20089,0.038197,0.20784,298.68,1,1
29_A5,tier1_canopy_top,1,300,-1.15,2.4,1.6,0.071849,-0.17309,0.084391,0.20554,298.677,1,1
29_A5,tier1_canopy_top,1,300,-1.2,2.4,1.6,0.082987,-0.16465,0.10891,0.21414,298.679,1,1
29_A5,tier1_canopy_top,1,300,-1.05,2.4,1.6,0.047207,-0.18011,0.064491,0.19705,298.668,1,1
29_A5,tier1_canopy_top,1,300,-1.1,2.4,1.6,0.057981,-0.17828,0.071267,0.20056,298.672,1,1
29_A5,tier1_canopy_top,1,300,-1.2,2.05,1.6,1.948,-0.31636,-0.41394,2.0165,298.827,1,1
29_A5,tier1_canopy_top,1,300,-1.0,2.1,1.6,0.91895,-0.13073,-0.080197,0.93167,298.796,1,1
29_A5,tier1_canopy_top,1,300,-1.0,2.15,1.6,0.52575,-0.13641,-0.032277,0.54412,298.774,1,1
29_A5,tier1_canopy_top,1,300,-1.0,2.2,1.6,0.26607,-0.16584,-0.01058,0.3137,298.751,1,1
29_A5,tier1_canopy_top,1,300,-1.0,2.25,1.6,0.11615,-0.18793,-0.0018384,0.22094,298.724,1,1
29_A5,tier1_canopy_top,1,300,-1.0,2.3,1.6,0.050942,-0.19969,0.013649,0.20654,298.701,1,1
29_A5,tier1_canopy_top,1,300,-1.0,2.35,1.6,0.035699,-0.1953,0.037439,0.20203,298.683,1,1
29_A5,tier1_canopy_top,1,300,-1.0,2.4,1.6,0.041299,-0.1774,0.060415,0.1919,298.668,1,1
29_A5,tier1_canopy_top,1,300,-0.95,2.05,1.6,1.1974,-0.16289,-0.12329,1.2147,298.82,1,1
29_A5,tier1_canopy_top,1,300,-0.9,2.0,1.6,1.2325,-0.21006,-0.15313,1.2596,298.844,1,1
29_A5,tier1_canopy_top,1,300,-0.9,2.05,1.6,1.1041,-0.1495,-0.10614,1.1193,298.821,1,1
29_A5,tier1_canopy_top,1,300,-0.85,2.05,1.6,1.0256,-0.13757,-0.092175,1.0389,298.823,1,1
29_A5,tier1_canopy_top,1,300,-0.8,2.0,1.6,1.0531,-0.17759,-0.11263,1.0739,298.846,1,1
29_A5,tier1_canopy_top,1,300,-0.8,2.05,1.6,0.9597,-0.12644,-0.079704,0.97127,298.826,1,1
29_A5,tier1_canopy_top,1,300,-0.95,2.1,1.6,0.8748,-0.11825,-0.069776,0.88551,298.798,1,1
29_A5,tier1_canopy_top,1,300,-0.95,2.15,1.6,0.54131,-0.11808,-0.031279,0.55492,298.778,1,1
29_A5,tier1_canopy_top,1,300,-1.0,2.15,1.6,0.52575,-0.13641,-0.032277,0.54412,298.774,1,1
29_A5,tier1_canopy_top,1,300,-0.85,2.1,1.6,0.80398,-0.097952,-0.054434,0.81175,298.805,1,1
29_A5,tier1_canopy_top,1,300,-0.9,2.1,1.6,0.83692,-0.10756,-0.061556,0.84604,298.801,1,1
29_A5,tier1_canopy_top,1,300,-0.9,2.15,1.6,0.55384,-0.10229,-0.029193,0.56396,298.783,1,1
29_A5,tier1_canopy_top,1,300,-0.85,2.15,1.6,0.56363,-0.088607,-0.026341,0.57116,298.79,1,1
29_A5,tier1_canopy_top,1,300,-0.75,2.1,1.6,0.7507,-0.080885,-0.041287,0.75618,298.814,1,1
29_A5,tier1_canopy_top,1,300,-0.8,2.1,1.6,0.77539,-0.089041,-0.047702,0.78194,298.809,1,1
29_A5,tier1_canopy_top,1,300,-0.8,2.15,1.6,0.57117,-0.076722,-0.022864,0.57675,298.796,1,1
29_A5,tier1_canopy_top,1,300,-0.75,2.15,1.6,0.57688,-0.066516,-0.019046,0.58102,298.803,1,1
29_A5,tier1_canopy_top,1,300,-0.65,2.1,1.6,0.71022,-0.067654,-0.030358,0.71408,298.826,1,1
29_A5,tier1_canopy_top,1,300,-0.7,2.1,1.6,0.72926,-0.073726,-0.035489,0.73384,298.82,1,1
29_A5,tier1_canopy_top,1,300,-0.7,2.15,1.6,0.58101,-0.057959,-0.015373,0.5841,298.811,1,1
29_A5,tier1_canopy_top,1,300,-0.65,2.15,1.6,0.58352,-0.050978,-0.011979,0.58586,298.818,1,1
29_A5,tier1_canopy_top,1,300,-0.55,2.1,1.6,0.67722,-0.058566,-0.02106,0.68008,298.837,1,1
29_A5,tier1_canopy_top,1,300,-0.6,2.1,1.6,0.69298,-0.062623,-0.025624,0.69627,298.831,1,1
29_A5,tier1_canopy_top,1,300,-0.6,2.15,1.6,0.58444,-0.045424,-0.0085422,0.58627,298.825,1,1
29_A5,tier1_canopy_top,1,300,-0.55,2.15,1.6,0.58415,-0.041102,-0.0047726,0.58561,298.832,1,1
29_A5,tier1_canopy_top,1,300,-0.45,2.1,1.6,0.64946,-0.05289,-0.011841,0.65172,298.849,1,1
29_A5,tier1_canopy_top,1,300,-0.5,2.1,1.6,0.66272,-0.055396,-0.016564,0.66523,298.843,1,1
29_A5,tier1_canopy_top,1,300,-0.5,2.15,1.6,0.58297,-0.037801,-0.00058068,0.58419,298.839,1,1
29_A5,tier1_canopy_top,1,300,-0.45,2.15,1.6,0.58138,-0.035211,0.0040573,0.58246,298.845,1,1
29_A5,tier1_canopy_top,1,300,-0.35,2.1,1.6,0.62686,-0.049071,-0.0027447,0.62878,298.861,1,1
29_A5,tier1_canopy_top,1,300,-0.4,2.1,1.6,0.63762,-0.050791,-0.0070298,0.63968,298.855,1,1
29_A5,tier1_canopy_top,1,300,-0.4,2.15,1.6,0.57961,-0.033178,0.0085577,0.58062,298.852,1,1
29_A5,tier1_canopy_top,1,300,-0.35,2.15,1.6,0.57725,-0.031791,0.012257,0.57826,298.858,1,1
29_A5,tier1_canopy_top,1,300,-0.95,2.2,1.6,0.30098,-0.14142,-0.012192,0.33277,298.758,1,1
29_A5,tier1_canopy_top,1,300,-0.95,2.25,1.6,0.14902,-0.16611,-0.0017533,0.22316,298.735,1,1
29_A5,tier1_canopy_top,1,300,-1.0,2.25,1.6,0.11615,-0.18793,-0.0018384,0.22094,298.724,1,1
29_A5,tier1_canopy_top,1,300,-0.85,2.2,1.6,0.36838,-0.10027,-0.008842,0.38188,298.777,1,1
29_A5,tier1_canopy_top,1,300,-0.9,2.2,1.6,0.33566,-0.11953,-0.011263,0.35648,298.767,1,1
29_A5,tier1_canopy_top,1,300,-0.9,2.25,1.6,0.18749,-0.14354,0.00098059,0.23613,298.75,1,1
29_A5,tier1_canopy_top,1,300,-0.85,2.25,1.6,0.22814,-0.12159,0.0052846,0.25857,298.765,1,1
29_A5,tier1_canopy_top,1,300,-0.75,2.2,1.6,0.42452,-0.069467,-0.0017771,0.43017,298.797,1,1
29_A5,tier1_canopy_top,1,300,-0.8,2.2,1.6,0.39815,-0.08359,-0.0055038,0.40687,298.787,1,1
29_A5,tier1_canopy_top,1,300,-0.8,2.25,1.6,0.26811,-0.10138,0.010252,0.28682,298.779,1,1
29_A5,tier1_canopy_top,1,300,-0.75,2.25,1.6,0.3054,-0.083674,0.015088,0.31702,298.793,1,1
29_A5,tier1_canopy_top,1,300,-0.65,2.2,1.6,0.46625,-0.048398,0.0049535,0.46878,298.815,1,1
29_A5,tier1_canopy_top,1,300,-0.7,2.2,1.6,0.44725,-0.057808,0.0017326,0.45097,298.806,1,1
29_A5,tier1_canopy_top,1,300,-0.7,2.25,1.6,0.33877,-0.068831,0.019241,0.34623,298.805,1,1
29_A5,tier1_canopy_top,1,300,-0.65,2.25,1.6,0.36775,-0.056694,0.022868,0.37279,298.816,1,1
29_A5,tier1_canopy_top,1,300,-0.55,2.2,1.6,0.4943,-0.035018,0.012033,0.49569,298.831,1,1
29_A5,tier1_canopy_top,1,300,-0.6,2.2,1.6,0.48178,-0.040913,0.0083219,0.48359,298.823,1,1
29_A5,tier1_canopy_top,1,300,-0.6,2.25,1.6,0.39263,-0.046785,0.026494,0.39629,298.827,1,1
29_A5,tier1_canopy_top,1,300,-0.55,2.25,1.6,0.41381,-0.038708,0.030109,0.41671,298.836,1,1
29_A5,tier1_canopy_top,1,300,-0.45,2.2,1.6,0.51239,-0.026694,0.020262,0.51348,298.847,1,1
29_A5,tier1_canopy_top,1,300,-0.5,2.2,1.6,0.50431,-0.030389,0.01604,0.50548,298.839,1,1
29_A5,tier1_canopy_top,1,300,-0.5,2.25,1.6,0.43162,-0.032193,0.033545,0.43412,298.845,1,1
29_A5,tier1_canopy_top,1,300,-0.45,2.25,1.6,0.44646,-0.026982,0.036801,0.44878,298.853,1,1
29_A5,tier1_canopy_top,1,300,-0.35,2.2,1.6,0.52328,-0.022117,0.027201,0.52445,298.861,1,1
29_A5,tier1_canopy_top,1,300,-0.4,2.2,1.6,0.51878,-0.02389,0.024141,0.51989,298.854,1,1
29_A5,tier1_canopy_top,1,300,-0.4,2.25,1.6,0.45865,-0.023012,0.039665,0.46094,298.861,1,1
29_A5,tier1_canopy_top,1,300,-0.35,2.25,1.6,0.4683,-0.020319,0.041963,0.47062,298.868,1,1
29_A5,tier1_canopy_top,1,300,-0.95,2.3,1.6,0.071487,-0.18403,0.014911,0.19799,298.714,1,1
29_A5,tier1_canopy_top,1,300,-0.95,2.35,1.6,0.043632,-0.18563,0.037619,0.19436,298.693,1,1
29_A5,tier1_canopy_top,1,300,-1.0,2.35,1.6,0.035699,-0.1953,0.037439,0.20203,298.683,1,1
29_A5,tier1_canopy_top,1,300,-0.85,2.3,1.6,0.13752,-0.14404,0.023832,0.20057,298.752,1,1
29_A5,tier1_canopy_top,1,300,-0.9,2.3,1.6,0.10123,-0.16496,0.018562,0.19443,298.732,1,1
29_A5,tier1_canopy_top,1,300,-0.9,2.35,1.6,0.059988,-0.17235,0.040196,0.18687,298.71,1,1
29_A5,tier1_canopy_top,1,300,-0.85,2.35,1.6,0.084618,-0.15615,0.044841,0.18318,298.732,1,1
29_A5,tier1_canopy_top,1,300,-0.75,2.3,1.6,0.21616,-0.10349,0.035047,0.2422,298.789,1,1
29_A5,tier1_canopy_top,1,300,-0.8,2.3,1.6,0.1769,-0.12303,0.029635,0.2175,298.771,1,1
29_A5,tier1_canopy_top,1,300,-0.8,2.35,1.6,0.11546,-0.13829,0.050384,0.18707,298.754,1,1
29_A5,tier1_canopy_top,1,300,-0.75,2.35,1.6,0.14964,-0.12026,0.055629,0.19987,298.776,1,1
29_A5,tier1_canopy_top,1,300,-0.65,2.3,1.6,0.28633,-0.071962,0.043268,0.29839,298.819,1,1
29_A5,tier1_canopy_top,1,300,-0.7,2.3,1.6,0.25302,-0.086401,0.039544,0.27027,298.805,1,1
29_A5,tier1_canopy_top,1,300,-0.7,2.35,1.6,0.18443,-0.10332,0.060001,0.21975,298.796,1,1
29_A5,tier1_canopy_top,1,300,-0.65,2.35,1.6,0.21782,-0.088133,0.063509,0.24341,298.814,1,1
29_A5,tier1_canopy_top,1,300,-0.55,2.3,1.6,0.34196,-0.049568,0.049612,0.34908,298.843,1,1
29_A5,tier1_canopy_top,1,300,-0.6,2.3,1.6,0.31592,-0.059792,0.04664,0.32489,298.832,1,1
29_A5,tier1_canopy_top,1,300,-0.6,2.35,1.6,0.24878,-0.074802,0.066303,0.26811,298.83,1,1
29_A5,tier1_canopy_top,1,300,-0.55,2.35,1.6,0.27686,-0.063311,0.068393,0.29213,298.844,1,1
29_A5,tier1_canopy_top,1,300,-0.45,2.3,1.6,0.38394,-0.034263,0.054192,0.38926,298.862,1,1
29_A5,tier1_canopy_top,1,300,-0.5,2.3,1.6,0.36458,-0.041116,0.0521,0.37057,298.853,1,1
29_A5,tier1_canopy_top,1,300,-0.5,2.35,1.6,0.3019,-0.053614,0.069855,0.31448,298.856,1,1
29_A5,tier1_canopy_top,1,300,-0.45,2.35,1.6,0.32392,-0.045575,0.070813,0.33469,298.867,1,1
29_A5,tier1_canopy_top,1,300,-0.35,2.3,1.6,0.4138,-0.024981,0.057188,0.41848,298.878,1,1
29_A5,tier1_canopy_top,1,300,-0.4,2.3,1.6,0.4003,-0.028908,0.055892,0.40521,298.87,1,1
29_A5,tier1_canopy_top,1,300,-0.4,2.35,1.6,0.34302,-0.039076,0.071348,0.35253,298.877,1,1
29_A5,tier1_canopy_top,1,300,-0.35,2.35,1.6,0.35929,-0.034016,0.071527,0.36791,298.886,1,1
29_A5,tier1_canopy_top,1,300,-0.95,2.4,1.6,0.040898,-0.17178,0.057496,0.1857,298.674,1,1
29_A5,tier1_canopy_top,1,300,-1.0,2.4,1.6,0.041299,-0.1774,0.060415,0.1919,298.668,1,1
29_A5,tier1_canopy_top,1,300,-0.85,2.4,1.6,0.057733,-0.15293,0.059847,0.17408,298.703,1,1
29_A5,tier1_canopy_top,1,300,-0.9,2.4,1.6,0.045936,-0.16356,0.057293,0.17929,298.686,1,1
29_A5,tier1_canopy_top,1,300,-0.75,2.4,1.6,0.1003,-0.12665,0.068522,0.17549,298.744,1,1
29_A5,tier1_canopy_top,1,300,-0.8,2.4,1.6,0.076275,-0.14036,0.064004,0.17209,298.723,1,1
29_A5,tier1_canopy_top,1,300,-0.65,2.4,1.6,0.15697,-0.099251,0.07608,0.2007,298.787,1,1
29_A5,tier1_canopy_top,1,300,-0.7,2.4,1.6,0.12787,-0.1127,0.07267,0.18529,298.766,1,1
29_A5,tier1_canopy_top,1,300,-0.55,2.4,1.6,0.21402,-0.07548,0.080435,0.24077,298.824,1,1
29_A5,tier1_canopy_top,1,300,-0.6,2.4,1.6,0.18606,-0.086741,0.078648,0.21983,298.806,1,1
29_A5,tier1_canopy_top,1,300,-0.45,2.4,1.6,0.26388,-0.057211,0.082035,0.2822,298.853,1,1
29_A5,tier1_canopy_top,1,300,-0.5,2.4,1.6,0.24011,-0.065624,0.081539,0.26193,298.839,1,1
29_A5,tier1_canopy_top,1,300,-0.35,2.4,1.6,0.3039,-0.044529,0.081538,0.31778,298.877,1,1
29_A5,tier1_canopy_top,1,300,-0.4,2.4,1.6,0.28515,-0.050203,0.081996,0.30093,298.866,1,1
29_A5,tier1_canopy_top,1,300,-0.6,2.05,1.6,0.78528,-0.092624,-0.04366,0.79193,298.842,1,1
29_A5,tier1_canopy_top,1,300,-0.5,2.05,1.6,0.72934,-0.082405,-0.031932,0.73467,298.852,1,1
29_A5,tier1_canopy_top,1,300,-0.45,2.05,1.6,0.70587,-0.078544,-0.026601,0.71072,298.858,1,1
29_A5,tier1_canopy_top,1,300,-0.7,2.0,1.6,0.92692,-0.15043,-0.081318,0.94256,298.85,1,1
29_A5,tier1_canopy_top,1,300,-0.25,2.1,1.6,0.60684,-0.046962,0.0045115,0.60868,298.873,1,1
29_A5,tier1_canopy_top,1,300,-0.3,2.1,1.6,0.61668,-0.047807,0.00099741,0.61854,298.867,1,1
29_A5,tier1_canopy_top,1,300,-0.3,2.15,1.6,0.57398,-0.031056,0.015384,0.57503,298.865,1,1
29_A5,tier1_canopy_top,1,300,-0.25,2.15,1.6,0.56986,-0.030843,0.018283,0.57098,298.871,1,1
29_A5,tier1_canopy_top,1,300,-0.15,2.1,1.6,0.58786,-0.046153,0.011048,0.58978,298.884,1,1
29_A5,tier1_canopy_top,1,300,-0.2,2.1,1.6,0.59727,-0.046428,0.0078744,0.59912,298.878,1,1
29_A5,tier1_canopy_top,1,300,-0.2,2.15,1.6,0.56501,-0.031032,0.020927,0.56625,298.877,1,1
29_A5,tier1_canopy_top,1,300,-0.15,2.15,1.6,0.55948,-0.031554,0.023311,0.56085,298.884,1,1
29_A5,tier1_canopy_top,1,300,-0.05,2.1,1.6,0.56929,-0.046305,0.016995,0.57142,298.895,1,1
29_A5,tier1_canopy_top,1,300,-0.1,2.1,1.6,0.57856,-0.046117,0.014062,0.58057,298.89,1,1
29_A5,tier1_canopy_top,1,300,-0.1,2.15,1.6,0.55333,-0.032349,0.025584,0.55486,298.89,1,1
29_A5,tier1_canopy_top,1,300,-0.05,2.15,1.6,0.54666,-0.033344,0.027869,0.54838,298.896,1,1
29_A5,tier1_canopy_top,1,300,0.05,2.1,1.6,0.55099,-0.047189,0.023022,0.55348,298.907,1,1
29_A5,tier1_canopy_top,1,300,0.0,2.1,1.6,0.56006,-0.046684,0.019956,0.56235,298.901,1,1
29_A5,tier1_canopy_top,1,300,0.0,2.15,1.6,0.53962,-0.034466,0.030283,0.54157,298.902,1,1
29_A5,tier1_canopy_top,1,300,0.05,2.15,1.6,0.53239,-0.035639,0.032919,0.5346,298.908,1,1
29_A5,tier1_canopy_top,1,300,0.15,2.1,1.6,0.53385,-0.048344,0.029236,0.53684,298.919,1,1
29_A5,tier1_canopy_top,1,300,0.1,2.1,1.6,0.54221,-0.047766,0.026183,0.54494,298.913,1,1
29_A5,tier1_canopy_top,1,300,0.1,2.15,1.6,0.5252,-0.036803,0.035774,0.5277,298.914,1,1
29_A5,tier1_canopy_top,1,300,0.15,2.15,1.6,0.51827,-0.037934,0.038586,0.52109,298.921,1,1
29_A5,tier1_canopy_top,1,300,0.25,2.1,1.6,0.51766,-0.049143,0.033466,0.52106,298.931,1,1
29_A5,tier1_canopy_top,1,300,0.2,2.1,1.6,0.5258,-0.048816,0.031705,0.52901,298.925,1,1
29_A5,tier1_canopy_top,1,300,0.2,2.15,1.6,0.51149,-0.039074,0.040671,0.51459,298.927,1,1
29_A5,tier1_canopy_top,1,300,0.25,2.15,1.6,0.50438,-0.040266,0.041826,0.50771,298.934,1,1
29_A5,tier1_canopy_top,1,300,0.35,2.1,1.6,0.50093,-0.049705,0.036405,0.50471,298.944,1,1
29_A5,tier1_canopy_top,1,300,0.3,2.1,1.6,0.50929,-0.049412,0.034948,0.51287,298.937,1,1
29_A5,tier1_canopy_top,1,300,0.3,2.15,1.6,0.49675,-0.041505,0.042657,0.5003,298.94,1,1
29_A5,tier1_canopy_top,1,300,0.35,2.15,1.6,0.48888,-0.042769,0.043539,0.49268,298.947,1,1
29_A5,tier1_canopy_top,1,300,-0.25,2.2,1.6,0.52674,-0.021115,0.032029,0.52813,298.875,1,1
29_A5,tier1_canopy_top,1,300,-0.3,2.2,1.6,0.52584,-0.021267,0.029733,0.52711,298.868,1,1
29_A5,tier1_canopy_top,1,300,-0.3,2.25,1.6,0.47552,-0.01874,0.04387,0.4779,298.875,1,1
29_A5,tier1_canopy_top,1,300,-0.25,2.25,1.6,0.4806,-0.018034,0.045555,0.48309,298.882,1,1
29_A5,tier1_canopy_top,1,300,-0.15,2.2,1.6,0.52448,-0.022378,0.035803,0.52618,298.888,1,1
29_A5,tier1_canopy_top,1,300,-0.2,2.2,1.6,0.52624,-0.021517,0.034045,0.52778,298.881,1,1
29_A5,tier1_canopy_top,1,300,-0.2,2.25,1.6,0.48384,-0.018047,0.047017,0.48645,298.889,1,1
29_A5,tier1_canopy_top,1,300,-0.15,2.25,1.6,0.48542,-0.018658,0.048273,0.48817,298.896,1,1
29_A5,tier1_canopy_top,1,300,-0.05,2.2,1.6,0.51773,-0.024987,0.039169,0.51981,298.901,1,1
29_A5,tier1_canopy_top,1,300,-0.1,2.2,1.6,0.52158,-0.02358,0.037471,0.52345,298.894,1,1
29_A5,tier1_canopy_top,1,300,-0.1,2.25,1.6,0.48553,-0.019711,0.049416,0.48844,298.903,1,1
29_A5,tier1_canopy_top,1,300,-0.05,2.25,1.6,0.48438,-0.021049,0.050529,0.48746,298.91,1,1
29_A5,tier1_canopy_top,1,300,0.05,2.2,1.6,0.50802,-0.027963,0.042976,0.5106,298.914,1,1
29_A5,tier1_canopy_top,1,300,0.0,2.2,1.6,0.51314,-0.02648,0.040984,0.51545,298.907,1,1
29_A5,tier1_canopy_top,1,300,0.0,2.25,1.6,0.4822,-0.02254,0.05167,0.48548,298.917,1,1
29_A5,tier1_canopy_top,1,300,0.05,2.25,1.6,0.47921,-0.024081,0.052868,0.48272,298.923,1,1
29_A5,tier1_canopy_top,1,300,0.15,2.2,1.6,0.4972,-0.030751,0.047197,0.50038,298.927,1,1
29_A5,tier1_canopy_top,1,300,0.1,2.2,1.6,0.50264,-0.029375,0.045124,0.50551,298.92,1,1
29_A5,tier1_canopy_top,1,300,0.1,2.25,1.6,0.47563,-0.025624,0.054097,0.47938,298.93,1,1
29_A5,tier1_canopy_top,1,300,0.15,2.25,1.6,0.47165,-0.027217,0.055212,0.47565,298.937,1,1
29_A5,tier1_canopy_top,1,300,0.25,2.2,1.6,0.4856,-0.034083,0.049371,0.48929,298.941,1,1
29_A5,tier1_canopy_top,1,300,0.2,2.2,1.6,0.49165,-0.03228,0.048657,0.4951,298.934,1,1
29_A5,tier1_canopy_top,1,300,0.2,2.25,1.6,0.46727,-0.029044,0.055964,0.47151,298.944,1,1
29_A5,tier1_canopy_top,1,300,0.25,2.25,1.6,0.46232,-0.031196,0.056318,0.46678,298.952,1,1
29_A5,tier1_canopy_top,1,300,0.35,2.2,1.6,0.47185,-0.038066,0.050334,0.47605,298.955,1,1
29_A5,tier1_canopy_top,1,300,0.3,2.2,1.6,0.47891,-0.036052,0.049829,0.48285,298.948,1,1
29_A5,tier1_canopy_top,1,300,0.3,2.25,1.6,0.45673,-0.033549,0.056523,0.46143,298.959,1,1
29_A5,tier1_canopy_top,1,300,0.35,2.25,1.6,0.45069,-0.035981,0.05674,0.45567,298.966,1,1
29_A5,tier1_canopy_top,1,300,-0.25,2.3,1.6,0.43302,-0.020641,0.058984,0.43751,298.893,1,1
29_A5,tier1_canopy_top,1,300,-0.3,2.3,1.6,0.42462,-0.022298,0.058184,0.42916,298.886,1,1
29_A5,tier1_canopy_top,1,300,-0.3,2.35,1.6,0.37289,-0.03024,0.071448,0.38087,298.894,1,1
29_A5,tier1_canopy_top,1,300,-0.25,2.35,1.6,0.38403,-0.027572,0.071209,0.39154,298.902,1,1
29_A5,tier1_canopy_top,1,300,-0.15,2.3,1.6,0.44373,-0.019776,0.060128,0.44822,298.908,1,1
29_A5,tier1_canopy_top,1,300,-0.2,2.3,1.6,0.43932,-0.019848,0.059623,0.44379,298.901,1,1
29_A5,tier1_canopy_top,1,300,-0.2,2.35,1.6,0.39294,-0.025862,0.070878,0.40012,298.91,1,1
29_A5,tier1_canopy_top,1,300,-0.15,2.35,1.6,0.39986,-0.024966,0.070496,0.40679,298.917,1,1
29_A5,tier1_canopy_top,1,300,-0.05,2.3,1.6,0.44771,-0.021181,0.060958,0.45234,298.922,1,1
29_A5,tier1_canopy_top,1,300,-0.1,2.3,1.6,0.44645,-0.020271,0.060555,0.451,298.915,1,1
29_A5,tier1_canopy_top,1,300,-0.1,2.35,1.6,0.40499,-0.024737,0.070104,0.41176,298.924,1,1
29_A5,tier1_canopy_top,1,300,-0.05,2.35,1.6,0.40854,-0.025034,0.069741,0.41521,298.931,1,1
29_A5,tier1_canopy_top,1,300,0.05,2.3,1.6,0.44669,-0.023762,0.061822,0.45157,298.935,1,1
29_A5,tier1_canopy_top,1,300,0.0,2.3,1.6,0.44771,-0.022377,0.061377,0.45246,298.928,1,1
29_A5,tier1_canopy_top,1,300,0.0,2.35,1.6,0.41073,-0.025739,0.069432,0.41735,298.938,1,1
29_A5,tier1_canopy_top,1,300,0.05,2.35,1.6,0.41175,-0.026761,0.06918,0.41838,298.945,1,1
29_A5,tier1_canopy_top,1,300,0.15,2.3,1.6,0.44238,-0.026974,0.062644,0.44761,298.95,1,1
29_A5,tier1_canopy_top,1,300,0.1,2.3,1.6,0.44486,-0.025286,0.062269,0.4499,298.943,1,1
29_A5,tier1_canopy_top,1,300,0.1,2.35,1.6,0.41182,-0.028046,0.06897,0.4185,298.952,1,1
29_A5,tier1_canopy_top,1,300,0.15,2.35,1.6,0.41107,-0.029583,0.068764,0.41783,298.959,1,1
29_A5,tier1_canopy_top,1,300,0.25,2.3,1.6,0.43562,-0.031168,0.062854,0.44123,298.964,1,1
29_A5,tier1_canopy_top,1,300,0.2,2.3,1.6,0.43932,-0.028922,0.062844,0.44473,298.957,1,1
29_A5,tier1_canopy_top,1,300,0.2,2.35,1.6,0.4096,-0.031406,0.068513,0.41648,298.966,1,1
29_A5,tier1_canopy_top,1,300,0.25,2.35,1.6,0.40742,-0.03352,0.068208,0.41445,298.973,1,1
29_A5,tier1_canopy_top,1,300,0.35,2.3,1.6,0.42645,-0.036214,0.062713,0.43255,298.979,1,1
29_A5,tier1_canopy_top,1,300,0.3,2.3,1.6,0.43129,-0.033626,0.06278,0.43713,298.971,1,1
29_A5,tier1_canopy_top,1,300,0.3,2.35,1.6,0.40458,-0.035875,0.067893,0.4118,298.98,1,1
29_A5,tier1_canopy_top,1,300,0.35,2.35,1.6,0.40116,-0.038415,0.067613,0.40863,298.987,1,1
29_A5,tier1_canopy_top,1,300,-0.25,2.4,1.6,0.33409,-0.036692,0.079851,0.34546,298.896,1,1
29_A5,tier1_canopy_top,1,300,-0.3,2.4,1.6,0.32017,-0.040072,0.080783,0.33263,298.887,1,1
29_A5,tier1_canopy_top,1,300,-0.15,2.4,1.6,0.35549,-0.032654,0.077787,0.36536,298.913,1,1
29_A5,tier1_canopy_top,1,300,-0.2,2.4,1.6,0.34581,-0.034261,0.078831,0.35633,298.905,1,1
29_A5,tier1_canopy_top,1,300,-0.05,2.4,1.6,0.36948,-0.031423,0.075814,0.37849,298.927,1,1
29_A5,tier1_canopy_top,1,300,-0.1,2.4,1.6,0.36332,-0.031747,0.076769,0.37269,298.92,1,1
29_A5,tier1_canopy_top,1,300,0.05,2.4,1.6,0.37759,-0.032122,0.074184,0.38614,298.941,1,1
29_A5,tier1_canopy_top,1,300,0.0,2.4,1.6,0.37418,-0.031576,0.074949,0.38292,298.934,1,1
29_A5,tier1_canopy_top,1,300,0.15,2.4,1.6,0.38116,-0.0342,0.072918,0.38957,298.955,1,1
29_A5,tier1_canopy_top,1,300,0.1,2.4,1.6,0.37987,-0.033007,0.073514,0.38832,298.948,1,1
29_A5,tier1_canopy_top,1,300,0.25,2.4,1.6,0.38111,-0.037485,0.07186,0.38963,298.968,1,1
29_A5,tier1_canopy_top,1,300,0.2,2.4,1.6,0.38155,-0.035697,0.072369,0.38999,298.961,1,1
29_A5,tier1_canopy_top,1,300,-0.3,2.05,1.6,0.65001,-0.06998,-0.011931,0.65388,298.873,1,1
29_A5,tier1_canopy_top,1,300,-0.1,2.05,1.6,0.59537,-0.063848,0.0031797,0.5988,298.894,1,1
29_A5,tier1_canopy_top,1,300,0.0,2.05,1.6,0.57278,-0.062296,0.010022,0.57624,298.904,1,1
29_A5,tier1_canopy_top,1,300,0.05,2.05,1.6,0.56225,-0.061777,0.013436,0.56579,298.91,1,1
29_A5,tier1_canopy_top,1,300,0.15,2.05,1.6,0.54273,-0.060939,0.020063,0.5465,298.921,1,1
29_A5,tier1_canopy_top,1,300,-0.35,2.2,1.6,0.52328,-0.022117,0.027201,0.52445,298.861,1,1
29_A5,tier1_canopy_top,1,300,-0.35,2.35,1.6,0.35929,-0.034016,0.071527,0.36791,298.886,1,1
29_A5,tier1_canopy_top,1,300,-0.35,2.4,1.6,0.3039,-0.044529,0.081538,0.31778,298.877,1,1
29_A5,tier1_canopy_top,1,300,0.3,2.4,1.6,0.37988,-0.039524,0.071409,0.38855,298.974,1,1
29_A5,tier1_canopy_top,1,300,0.35,2.4,1.6,0.37794,-0.041776,0.071021,0.38682,298.981,1,1
29_A5,tier1_canopy_top,1,300,0.45,2.1,1.6,0.48517,-0.050542,0.038798,0.48933,298.957,1,1
29_A5,tier1_canopy_top,1,300,0.4,2.1,1.6,0.49286,-0.050066,0.037745,0.49683,298.95,1,1
29_A5,tier1_canopy_top,1,300,0.4,2.15,1.6,0.48113,-0.044083,0.044405,0.48519,298.954,1,1
29_A5,tier1_canopy_top,1,300,0.45,2.15,1.6,0.47364,-0.045506,0.045092,0.47795,298.961,1,1
29_A5,tier1_canopy_top,1,300,0.55,2.1,1.6,0.47086,-0.052058,0.039604,0.47538,298.971,1,1
29_A5,tier1_canopy_top,1,300,0.5,2.1,1.6,0.47784,-0.051195,0.039421,0.48219,298.964,1,1
29_A5,tier1_canopy_top,1,300,0.5,2.15,1.6,0.46642,-0.047118,0.045498,0.471,298.969,1,1
29_A5,tier1_canopy_top,1,300,0.55,2.15,1.6,0.45949,-0.048973,0.045609,0.46434,298.976,1,1
29_A5,tier1_canopy_top,1,300,0.65,2.1,1.6,0.45871,-0.054439,0.03911,0.46359,298.985,1,1
29_A5,tier1_canopy_top,1,300,0.6,2.1,1.6,0.46437,-0.053123,0.039483,0.46907,298.978,1,1
29_A5,tier1_canopy_top,1,300,0.6,2.15,1.6,0.45299,-0.051099,0.045489,0.45813,298.984,1,1
29_A5,tier1_canopy_top,1,300,0.65,2.15,1.6,0.44716,-0.05358,0.04516,0.45262,298.992,1,1
29_A5,tier1_canopy_top,1,300,0.75,2.1,1.6,0.45169,-0.058549,0.037171,0.45698,299,1,1
29_A5,tier1_canopy_top,1,300,0.7,2.1,1.6,0.45432,-0.056162,0.038392,0.45939,298.992,1,1
29_A5,tier1_canopy_top,1,300,0.7,2.15,1.6,0.44235,-0.056605,0.044581,0.44818,299,1,1
29_A5,tier1_canopy_top,1,300,0.75,2.15,1.6,0.43896,-0.060463,0.043664,0.44525,299.008,1,1
29_A5,tier1_canopy_top,1,300,0.85,2.1,1.6,0.45454,-0.066897,0.032275,0.46057,299.015,1,1
29_A5,tier1_canopy_top,1,300,0.8,2.1,1.6,0.45146,-0.061958,0.035239,0.45705,299.007,1,1
29_A5,tier1_canopy_top,1,300,0.8,2.15,1.6,0.43752,-0.065552,0.042269,0.44442,299.017,1,1
29_A5,tier1_canopy_top,1,300,0.85,2.15,1.6,0.43871,-0.072415,0.04013,0.44646,299.026,1,1
29_A5,tier1_canopy_top,1,300,0.95,2.1,1.6,0.47645,-0.08515,0.020511,0.48443,299.031,1,1
29_A5,tier1_canopy_top,1,300,0.9,2.1,1.6,0.46224,-0.074156,0.027719,0.46897,299.023,1,1
29_A5,tier1_canopy_top,1,300,0.9,2.15,1.6,0.44342,-0.081863,0.036747,0.4524,299.035,1,1
29_A5,tier1_canopy_top,1,300,0.95,2.15,1.6,0.45267,-0.095312,0.031283,0.46365,299.045,1,1
29_A5,tier1_canopy_top,1,300,0.45,2.2,1.6,0.45768,-0.0423,0.051233,0.46248,298.97,1,1
29_A5,tier1_canopy_top,1,300,0.4,2.2,1.6,0.46472,-0.040126,0.050841,0.46922,298.962,1,1
29_A5,tier1_canopy_top,1,300,0.4,2.25,1.6,0.44443,-0.038493,0.056954,0.44971,298.974,1,1
29_A5,tier1_canopy_top,1,300,0.45,2.25,1.6,0.43808,-0.041144,0.057098,0.44369,298.982,1,1
29_A5,tier1_canopy_top,1,300,0.55,2.2,1.6,0.44405,-0.047283,0.05147,0.44951,298.986,1,1
29_A5,tier1_canopy_top,1,300,0.5,2.2,1.6,0.45077,-0.044665,0.051446,0.45589,298.978,1,1
29_A5,tier1_canopy_top,1,300,0.5,2.25,1.6,0.43171,-0.043999,0.057136,0.43769,298.99,1,1
29_A5,tier1_canopy_top,1,300,0.55,2.25,1.6,0.4254,-0.047121,0.057059,0.43179,298.998,1,1
29_A5,tier1_canopy_top,1,300,0.65,2.2,1.6,0.4317,-0.053567,0.051049,0.43799,299.002,1,1
29_A5,tier1_canopy_top,1,300,0.6,2.2,1.6,0.43763,-0.050215,0.051331,0.44348,298.994,1,1
29_A5,tier1_canopy_top,1,300,0.6,2.25,1.6,0.41924,-0.050581,0.05688,0.4261,299.007,1,1
29_A5,tier1_canopy_top,1,300,0.65,2.25,1.6,0.41339,-0.054486,0.056619,0.42079,299.016,1,1
29_A5,tier1_canopy_top,1,300,0.75,2.2,1.6,0.4224,-0.062399,0.050019,0.42991,299.02,1,1
29_A5,tier1_canopy_top,1,300,0.7,2.2,1.6,0.42652,-0.057532,0.050622,0.43335,299.011,1,1
29_A5,tier1_canopy_top,1,300,0.7,2.25,1.6,0.40803,-0.059011,0.056292,0.4161,299.025,1,1
29_A5,tier1_canopy_top,1,300,0.75,2.25,1.6,0.40338,-0.064416,0.055905,0.4123,299.034,1,1
29_A5,tier1_canopy_top,1,300,0.85,2.2,1.6,0.41919,-0.076581,0.047774,0.42879,299.04,1,1
29_A5,tier1_canopy_top,1,300,0.8,2.2,1.6,0.41978,-0.068565,0.049155,0.42818,299.03,1,1
29_A5,tier1_canopy_top,1,300,0.8,2.25,1.6,0.39976,-0.071079,0.055428,0.4098,299.043,1,1
29_A5,tier1_canopy_top,1,300,0.85,2.25,1.6,0.39754,-0.079552,0.054718,0.4091,299.053,1,1
29_A5,tier1_canopy_top,1,300,0.95,2.2,1.6,0.42603,-0.10165,0.041143,0.43992,299.06,1,1
29_A5,tier1_canopy_top,1,300,0.9,2.2,1.6,0.42114,-0.087223,0.045312,0.43246,299.05,1,1
29_A5,tier1_canopy_top,1,300,0.9,2.25,1.6,0.39704,-0.090609,0.053339,0.41073,299.063,1,1
29_A5,tier1_canopy_top,1,300,0.95,2.25,1.6,0.39841,-0.10517,0.05083,0.41518,299.072,1,1
29_A5,tier1_canopy_top,1,300,0.45,2.3,1.6,0.41584,-0.041815,0.062583,0.4226,298.995,1,1
29_A5,tier1_canopy_top,1,300,0.4,2.3,1.6,0.42126,-0.03893,0.062658,0.42767,298.987,1,1
29_A5,tier1_canopy_top,1,300,0.4,2.35,1.6,0.39729,-0.041124,0.067369,0.40505,298.994,1,1
29_A5,tier1_canopy_top,1,300,0.45,2.35,1.6,0.39306,-0.044028,0.067139,0.40118,299.001,1,1
29_A5,tier1_canopy_top,1,300,0.55,2.3,1.6,0.40464,-0.048302,0.062278,0.41225,299.011,1,1
29_A5,tier1_canopy_top,1,300,0.5,2.3,1.6,0.41028,-0.044921,0.062459,0.41743,299.003,1,1
29_A5,tier1_canopy_top,1,300,0.5,2.35,1.6,0.38856,-0.047163,0.066897,0.39709,299.009,1,1
29_A5,tier1_canopy_top,1,300,0.55,2.35,1.6,0.38384,-0.050575,0.06663,0.39285,299.016,1,1
29_A5,tier1_canopy_top,1,300,0.65,2.3,1.6,0.39353,-0.056195,0.061768,0.40229,299.027,1,1
29_A5,tier1_canopy_top,1,300,0.6,2.3,1.6,0.39903,-0.052028,0.062044,0.40716,299.019,1,1
29_A5,tier1_canopy_top,1,300,0.6,2.35,1.6,0.37897,-0.054314,0.066338,0.38855,299.023,1,1
29_A5,tier1_canopy_top,1,300,0.65,2.35,1.6,0.374,-0.058456,0.066024,0.38426,299.03,1,1
29_A5,tier1_canopy_top,1,300,0.75,2.3,1.6,0.38339,-0.066501,0.061164,0.3939,299.044,1,1
29_A5,tier1_canopy_top,1,300,0.7,2.3,1.6,0.38827,-0.060948,0.061465,0.3978,299.036,1,1
29_A5,tier1_canopy_top,1,300,0.7,2.35,1.6,0.369,-0.063105,0.065701,0.38008,299.037,1,1
29_A5,tier1_canopy_top,1,300,0.75,2.35,1.6,0.36401,-0.068406,0.065403,0.37612,299.044,1,1
29_A5,tier1_canopy_top,1,300,0.85,2.3,1.6,0.37544,-0.081388,0.060693,0.38892,299.061,1,1
29_A5,tier1_canopy_top,1,300,0.8,2.3,1.6,0.37905,-0.073164,0.060895,0.39082,299.053,1,1
29_A5,tier1_canopy_top,1,300,0.8,2.35,1.6,0.35911,-0.074557,0.065194,0.37251,299.05,1,1
29_A5,tier1_canopy_top,1,300,0.85,2.35,1.6,0.35436,-0.081825,0.065177,0.36947,299.056,1,1
29_A5,tier1_canopy_top,1,300,0.95,2.3,1.6,0.37112,-0.10518,0.060063,0.39039,299.076,1,1
29_A5,tier1_canopy_top,1,300,0.9,2.3,1.6,0.37274,-0.091816,0.060472,0.38862,299.069,1,1
29_A5,tier1_canopy_top,1,300,0.9,2.35,1.6,0.34986,-0.090586,0.065462,0.36728,299.061,1,1
29_A5,tier1_canopy_top,1,300,0.95,2.35,1.6,0.34582,-0.1013,0.066178,0.36638,299.066,1,1
29_A5,tier1_canopy_top,1,300,0.35,2.4,1.6,0.37794,-0.041776,0.071021,0.38682,298.981,1,1
29_A5,tier1_canopy_top,1,300,0.3,2.4,1.6,0.37988,-0.039524,0.071409,0.38855,298.974,1,1
29_A5,tier1_canopy_top,1,300,0.45,2.4,1.6,0.37227,-0.046875,0.070367,0.38175,298.993,1,1
29_A5,tier1_canopy_top,1,300,0.4,2.4,1.6,0.37538,-0.044224,0.07068,0.38453,298.987,1,1
29_A5,tier1_canopy_top,1,300,0.55,2.4,1.6,0.36463,-0.05288,0.069748,0.37499,299.006,1,1
29_A5,tier1_canopy_top,1,300,0.5,2.4,1.6,0.36867,-0.049751,0.070064,0.37856,299,1,1
29_A5,tier1_canopy_top,1,300,0.65,2.4,1.6,0.35534,-0.060056,0.069018,0.36693,299.017,1,1
29_A5,tier1_canopy_top,1,300,0.6,2.4,1.6,0.36018,-0.056298,0.069402,0.3711,299.012,1,1
29_A5,tier1_canopy_top,1,300,0.75,2.4,1.6,0.34469,-0.068885,0.068147,0.35805,299.028,1,1
29_A5,tier1_canopy_top,1,300,0.7,2.4,1.6,0.35017,-0.064222,0.068595,0.36256,299.023,1,1
29_A5,tier1_canopy_top,1,300,0.85,2.4,1.6,0.33304,-0.080177,0.067336,0.34911,299.036,1,1
29_A5,tier1_canopy_top,1,300,0.8,2.4,1.6,0.33895,-0.074157,0.067707,0.35351,299.032,1,1
29_A5,tier1_canopy_top,1,300,0.95,2.4,1.6,0.32138,-0.095239,0.067187,0.34186,299.043,1,1
29_A5,tier1_canopy_top,1,300,0.9,2.4,1.6,0.32709,-0.08713,0.067118,0.34509,299.04,1,1
29_A5,tier1_canopy_top,1,300,0.35,2.1,1.6,0.50093,-0.049705,0.036405,0.50471,298.944,1,1
29_A5,tier1_canopy_top,1,300,0.45,2.05,1.6,0.49148,-0.057121,0.032776,0.49587,298.956,1,1
29_A5,tier1_canopy_top,1,300,0.5,2.05,1.6,0.48418,-0.056704,0.033582,0.48865,298.962,1,1
29_A5,tier1_canopy_top,1,300,0.6,2.05,1.6,0.47084,-0.056163,0.033695,0.47537,298.975,1,1
29_A5,tier1_canopy_top,1,300,0.7,2.05,1.6,0.46137,-0.056175,0.032475,0.46591,298.988,1,1
29_A5,tier1_canopy_top,1,300,0.95,2.05,1.6,0.49354,-0.069809,0.0097645,0.49855,299.021,1,1
29_A5,tier1_canopy_top,1,300,1.0,2.1,1.6,0.49949,-0.10252,0.0087213,0.50998,299.039,1,1
29_A5,tier1_canopy_top,1,300,0.35,2.2,1.6,0.47185,-0.038066,0.050334,0.47605,298.955,1,1
29_A5,tier1_canopy_top,1,300,1.0,2.15,1.6,0.46724,-0.1152,0.022158,0.48174,299.054,1,1
29_A5,tier1_canopy_top,1,300,1.0,2.2,1.6,0.43388,-0.12158,0.034345,0.4519,299.07,1,1
29_A5,tier1_canopy_top,1,300,0.35,2.25,1.6,0.45069,-0.035981,0.05674,0.45567,298.966,1,1
29_A5,tier1_canopy_top,1,300,1.0,2.25,1.6,0.40156,-0.12419,0.046528,0.42289,299.081,1,1
29_A5,tier1_canopy_top,1,300,1.0,2.3,1.6,0.37065,-0.12208,0.058867,0.39465,299.083,1,1
29_A5,tier1_canopy_top,1,300,1.0,2.35,1.6,0.3425,-0.11442,0.067014,0.36727,299.07,1,1
29_A5,tier1_canopy_top,1,300,1.0,2.4,1.6,0.31637,-0.10482,0.067341,0.34002,299.046,1,1
29_A5,tier1_canopy_top,1,300,0.3,2.35,1.6,0.40458,-0.035875,0.067893,0.4118,298.98,1,1
29_A5,tier1_canopy_top,1,300,1.05,2.1,1.6,0.53491,-0.1313,-0.0097178,0.55088,299.047,1,1
29_A5,tier1_canopy_top,1,300,1.05,2.15,1.6,0.48722,-0.14544,0.0079511,0.50853,299.063,1,1
29_A5,tier1_canopy_top,1,300,1.0,2.15,1.6,0.46724,-0.1152,0.022158,0.48174,299.054,1,1
29_A5,tier1_canopy_top,1,300,1.15,2.1,1.6,0.68243,-0.27419,-0.081028,0.73991,299.061,1,1
29_A5,tier1_canopy_top,1,300,1.1,2.1,1.6,0.59,-0.18125,-0.037658,0.61836,299.054,1,1
29_A5,tier1_canopy_top,1,300,1.1,2.15,1.6,0.51152,-0.19259,-0.01285,0.54672,299.071,1,1
29_A5,tier1_canopy_top,1,300,1.15,2.15,1.6,0.53512,-0.27132,-0.041913,0.60143,299.076,1,1
29_A5,tier1_canopy_top,1,300,1.2,2.1,1.6,0.74276,-0.46962,-0.15444,0.89223,299.067,1,1
29_A5,tier1_canopy_top,1,300,1.2,2.15,1.6,0.52632,-0.41894,-0.080491,0.6775,299.08,1,1
29_A5,tier1_canopy_top,1,300,1.05,2.2,1.6,0.44402,-0.14901,0.023755,0.46896,299.079,1,1
29_A5,tier1_canopy_top,1,300,1.05,2.25,1.6,0.40638,-0.14839,0.038972,0.43438,299.089,1,1
29_A5,tier1_canopy_top,1,300,1.0,2.25,1.6,0.40156,-0.12419,0.046528,0.42289,299.081,1,1
29_A5,tier1_canopy_top,1,300,1.15,2.2,1.6,0.45349,-0.23721,-0.01613,0.51204,299.088,1,1
29_A5,tier1_canopy_top,1,300,1.1,2.2,1.6,0.45322,-0.1858,0.0069563,0.48988,299.085,1,1
29_A5,tier1_canopy_top,1,300,1.1,2.25,1.6,0.40934,-0.17669,0.022785,0.44643,299.094,1,1
29_A5,tier1_canopy_top,1,300,1.15,2.25,1.6,0.40176,-0.2104,-0.00021854,0.45352,299.093,1,1
29_A5,tier1_canopy_top,1,300,1.2,2.2,1.6,0.43147,-0.31178,-0.042269,0.534,299.089,1,1
29_A5,tier1_canopy_top,1,300,1.2,2.25,1.6,0.37809,-0.25209,-0.022255,0.45497,299.09,1,1
29_A5,tier1_canopy_top,1,300,1.05,2.3,1.6,0.37228,-0.14293,0.055343,0.4026,299.089,1,1
29_A5,tier1_canopy_top,1,300,1.0,2.3,1.6,0.37065,-0.12208,0.058867,0.39465,299.083,1,1
29_A5,tier1_canopy_top,1,300,1.05,2.35,1.6,0.34171,-0.1302,0.066712,0.37171,299.075,1,1
29_A5,tier1_canopy_top,1,300,1.15,2.3,1.6,0.36485,-0.19075,0.012049,0.41188,299.089,1,1
29_A5,tier1_canopy_top,1,300,1.1,2.3,1.6,0.37338,-0.16598,0.038442,0.41041,299.092,1,1
29_A5,tier1_canopy_top,1,300,1.1,2.35,1.6,0.34193,-0.14982,0.050617,0.37673,299.077,1,1
29_A5,tier1_canopy_top,1,300,1.15,2.35,1.6,0.33464,-0.17248,0.023455,0.3772,299.073,1,1
29_A5,tier1_canopy_top,1,300,1.2,2.3,1.6,0.34349,-0.21773,-0.010091,0.40681,299.083,1,1
29_A5,tier1_canopy_top,1,300,1.2,2.35,1.6,0.31693,-0.19512,0.0017446,0.37219,299.068,1,1
29_A5,tier1_canopy_top,1,300,1.05,2.4,1.6,0.31364,-0.11616,0.066457,0.341,299.05,1,1
29_A5,tier1_canopy_top,1,300,1.15,2.4,1.6,0.30556,-0.1545,0.036373,0.34433,299.052,1,1
29_A5,tier1_canopy_top,1,300,1.1,2.4,1.6,0.31195,-0.13294,0.055399,0.34359,299.052,1,1
29_A5,tier1_canopy_top,1,300,1.2,2.4,1.6,0.29174,-0.17544,0.018319,0.34092,299.052,1,1
29_A5,tier1_canopy_top,1,300,1.05,2.05,1.6,0.57508,-0.099824,-0.027119,0.58431,299.033,1,1
